ISO-10303-21;
HEADER;
FILE_DESCRIPTION(('FreeCAD Model'),'2;1');
FILE_NAME('Open CASCADE Shape Model','2026-08-17T23:11:58',(''),(''),
  'Open CASCADE STEP processor 7.8','FreeCAD','Unknown');
FILE_SCHEMA(('AUTOMOTIVE_DESIGN { 1 0 10303 214 1 1 1 1 }'));
ENDSEC;
DATA;
#1 = APPLICATION_PROTOCOL_DEFINITION('international standard',
  'automotive_design',2000,#2);
#2 = APPLICATION_CONTEXT(
  'core data for automotive mechanical design processes');
#3 = SHAPE_DEFINITION_REPRESENTATION(#4,#10);
#4 = PRODUCT_DEFINITION_SHAPE('','',#5);
#5 = PRODUCT_DEFINITION('design','',#6,#9);
#6 = PRODUCT_DEFINITION_FORMATION('','',#7);
#7 = PRODUCT('Fusion','Fusion','',(#8));
#8 = PRODUCT_CONTEXT('',#2,'mechanical');
#9 = PRODUCT_DEFINITION_CONTEXT('part definition',#2,'design');
#10 = ADVANCED_BREP_SHAPE_REPRESENTATION('',(#11,#15),#3777);
#11 = AXIS2_PLACEMENT_3D('',#12,#13,#14);
#12 = CARTESIAN_POINT('',(0.,0.,0.));
#13 = DIRECTION('',(0.,0.,1.));
#14 = DIRECTION('',(1.,0.,-0.));
#15 = MANIFOLD_SOLID_BREP('',#16);
#16 = CLOSED_SHELL('',(#17,#286,#318,#353,#378,#403,#428,#446,#471,#496,
    #521,#564,#607,#632,#675,#718,#761,#804,#829,#872,#915,#940,#1177,
    #1203,#1219,#1245,#1261,#1278,#1303,#1320,#1345,#1362,#1387,#1404,
    #1429,#1455,#1471,#1497,#1513,#1544,#1705,#1729,#1883,#1900,#1917,
    #1948,#2109,#2133,#2287,#2304,#2321,#2352,#2513,#2537,#2691,#2708,
    #2725,#2782,#2821,#2848,#2875,#2902,#2929,#2956,#2983,#3010,#3037,
    #3059,#3076,#3093,#3105,#3117,#3129,#3146,#3163,#3180,#3197,#3214,
    #3231,#3254,#3276,#3293,#3310,#3327,#3345,#3357,#3369,#3386,#3403,
    #3420,#3437,#3454,#3471,#3483,#3505,#3522,#3539,#3556,#3574,#3597,
    #3609,#3626,#3643,#3660,#3677,#3694,#3711,#3728,#3745,#3761));
#17 = ADVANCED_FACE('',(#18,#83,#94,#105,#116,#127,#138,#149,#160,#171,
    #182,#193,#204,#215,#226,#237,#248,#259,#270),#281,.F.);
#18 = FACE_BOUND('',#19,.F.);
#19 = EDGE_LOOP('',(#20,#31,#40,#49,#58,#67,#76));
#20 = ORIENTED_EDGE('',*,*,#21,.F.);
#21 = EDGE_CURVE('',#22,#24,#26,.T.);
#22 = VERTEX_POINT('',#23);
#23 = CARTESIAN_POINT('',(28.19871073051,-85.46831408853,0.));
#24 = VERTEX_POINT('',#25);
#25 = CARTESIAN_POINT('',(-28.19871073051,-85.46831408853,0.));
#26 = CIRCLE('',#27,35.5);
#27 = AXIS2_PLACEMENT_3D('',#28,#29,#30);
#28 = CARTESIAN_POINT('',(0.,-107.034090521,0.));
#29 = DIRECTION('',(0.,0.,1.));
#30 = DIRECTION('',(1.,0.,0.));
#31 = ORIENTED_EDGE('',*,*,#32,.T.);
#32 = EDGE_CURVE('',#22,#33,#35,.T.);
#33 = VERTEX_POINT('',#34);
#34 = CARTESIAN_POINT('',(90.,0.,0.));
#35 = CIRCLE('',#36,90.);
#36 = AXIS2_PLACEMENT_3D('',#37,#38,#39);
#37 = CARTESIAN_POINT('',(0.,0.,0.));
#38 = DIRECTION('',(0.,0.,1.));
#39 = DIRECTION('',(1.,0.,0.));
#40 = ORIENTED_EDGE('',*,*,#41,.T.);
#41 = EDGE_CURVE('',#33,#42,#44,.T.);
#42 = VERTEX_POINT('',#43);
#43 = CARTESIAN_POINT('',(88.117086584556,18.313357197679,0.));
#44 = CIRCLE('',#45,90.);
#45 = AXIS2_PLACEMENT_3D('',#46,#47,#48);
#46 = CARTESIAN_POINT('',(0.,0.,0.));
#47 = DIRECTION('',(0.,0.,1.));
#48 = DIRECTION('',(1.,0.,0.));
#49 = ORIENTED_EDGE('',*,*,#50,.F.);
#50 = EDGE_CURVE('',#51,#42,#53,.T.);
#51 = VERTEX_POINT('',#52);
#52 = CARTESIAN_POINT('',(59.918375854047,67.154956890859,0.));
#53 = CIRCLE('',#54,35.5);
#54 = AXIS2_PLACEMENT_3D('',#55,#56,#57);
#55 = CARTESIAN_POINT('',(92.694241462192,53.517045260525,0.));
#56 = DIRECTION('',(0.,0.,1.));
#57 = DIRECTION('',(-0.5,0.866025403784,0.));
#58 = ORIENTED_EDGE('',*,*,#59,.T.);
#59 = EDGE_CURVE('',#51,#60,#62,.T.);
#60 = VERTEX_POINT('',#61);
#61 = CARTESIAN_POINT('',(-59.91837585404,67.154956890859,0.));
#62 = CIRCLE('',#63,90.);
#63 = AXIS2_PLACEMENT_3D('',#64,#65,#66);
#64 = CARTESIAN_POINT('',(0.,0.,0.));
#65 = DIRECTION('',(0.,0.,1.));
#66 = DIRECTION('',(1.,0.,0.));
#67 = ORIENTED_EDGE('',*,*,#68,.F.);
#68 = EDGE_CURVE('',#69,#60,#71,.T.);
#69 = VERTEX_POINT('',#70);
#70 = CARTESIAN_POINT('',(-88.11708658455,18.313357197679,0.));
#71 = CIRCLE('',#72,35.5);
#72 = AXIS2_PLACEMENT_3D('',#73,#74,#75);
#73 = CARTESIAN_POINT('',(-92.69424146219,53.517045260525,0.));
#74 = DIRECTION('',(0.,0.,1.));
#75 = DIRECTION('',(-0.5,-0.866025403784,0.));
#76 = ORIENTED_EDGE('',*,*,#77,.T.);
#77 = EDGE_CURVE('',#69,#24,#78,.T.);
#78 = CIRCLE('',#79,90.);
#79 = AXIS2_PLACEMENT_3D('',#80,#81,#82);
#80 = CARTESIAN_POINT('',(0.,0.,0.));
#81 = DIRECTION('',(0.,0.,1.));
#82 = DIRECTION('',(1.,0.,0.));
#83 = FACE_BOUND('',#84,.F.);
#84 = EDGE_LOOP('',(#85));
#85 = ORIENTED_EDGE('',*,*,#86,.T.);
#86 = EDGE_CURVE('',#87,#87,#89,.T.);
#87 = VERTEX_POINT('',#88);
#88 = CARTESIAN_POINT('',(-28.3,-70.,0.));
#89 = CIRCLE('',#90,1.7);
#90 = AXIS2_PLACEMENT_3D('',#91,#92,#93);
#91 = CARTESIAN_POINT('',(-30.,-70.,0.));
#92 = DIRECTION('',(0.,0.,-1.));
#93 = DIRECTION('',(1.,0.,0.));
#94 = FACE_BOUND('',#95,.F.);
#95 = EDGE_LOOP('',(#96));
#96 = ORIENTED_EDGE('',*,*,#97,.T.);
#97 = EDGE_CURVE('',#98,#98,#100,.T.);
#98 = VERTEX_POINT('',#99);
#99 = CARTESIAN_POINT('',(-27.3,-43.5,0.));
#100 = CIRCLE('',#101,1.7);
#101 = AXIS2_PLACEMENT_3D('',#102,#103,#104);
#102 = CARTESIAN_POINT('',(-29.,-43.5,0.));
#103 = DIRECTION('',(0.,0.,-1.));
#104 = DIRECTION('',(1.,0.,0.));
#105 = FACE_BOUND('',#106,.F.);
#106 = EDGE_LOOP('',(#107));
#107 = ORIENTED_EDGE('',*,*,#108,.T.);
#108 = EDGE_CURVE('',#109,#109,#111,.T.);
#109 = VERTEX_POINT('',#110);
#110 = CARTESIAN_POINT('',(-20.3,-43.5,0.));
#111 = CIRCLE('',#112,1.7);
#112 = AXIS2_PLACEMENT_3D('',#113,#114,#115);
#113 = CARTESIAN_POINT('',(-22.,-43.5,0.));
#114 = DIRECTION('',(0.,0.,-1.));
#115 = DIRECTION('',(1.,0.,0.));
#116 = FACE_BOUND('',#117,.F.);
#117 = EDGE_LOOP('',(#118));
#118 = ORIENTED_EDGE('',*,*,#119,.T.);
#119 = EDGE_CURVE('',#120,#120,#122,.T.);
#120 = VERTEX_POINT('',#121);
#121 = CARTESIAN_POINT('',(31.7,-70.,0.));
#122 = CIRCLE('',#123,1.7);
#123 = AXIS2_PLACEMENT_3D('',#124,#125,#126);
#124 = CARTESIAN_POINT('',(30.,-70.,0.));
#125 = DIRECTION('',(0.,0.,-1.));
#126 = DIRECTION('',(1.,0.,0.));
#127 = FACE_BOUND('',#128,.F.);
#128 = EDGE_LOOP('',(#129));
#129 = ORIENTED_EDGE('',*,*,#130,.T.);
#130 = EDGE_CURVE('',#131,#131,#133,.T.);
#131 = VERTEX_POINT('',#132);
#132 = CARTESIAN_POINT('',(23.7,-43.5,0.));
#133 = CIRCLE('',#134,1.7);
#134 = AXIS2_PLACEMENT_3D('',#135,#136,#137);
#135 = CARTESIAN_POINT('',(22.,-43.5,0.));
#136 = DIRECTION('',(0.,0.,-1.));
#137 = DIRECTION('',(1.,0.,0.));
#138 = FACE_BOUND('',#139,.F.);
#139 = EDGE_LOOP('',(#140));
#140 = ORIENTED_EDGE('',*,*,#141,.T.);
#141 = EDGE_CURVE('',#142,#142,#144,.T.);
#142 = VERTEX_POINT('',#143);
#143 = CARTESIAN_POINT('',(30.7,-43.5,0.));
#144 = CIRCLE('',#145,1.7);
#145 = AXIS2_PLACEMENT_3D('',#146,#147,#148);
#146 = CARTESIAN_POINT('',(29.,-43.5,0.));
#147 = DIRECTION('',(0.,0.,-1.));
#148 = DIRECTION('',(1.,0.,0.));
#149 = FACE_BOUND('',#150,.F.);
#150 = EDGE_LOOP('',(#151));
#151 = ORIENTED_EDGE('',*,*,#152,.T.);
#152 = EDGE_CURVE('',#153,#153,#155,.T.);
#153 = VERTEX_POINT('',#154);
#154 = CARTESIAN_POINT('',(-76.47177826491,7.546994700033,0.));
#155 = CIRCLE('',#156,1.7);
#156 = AXIS2_PLACEMENT_3D('',#157,#158,#159);
#157 = CARTESIAN_POINT('',(-75.62177826491,9.019237886467,0.));
#158 = DIRECTION('',(0.,0.,-1.));
#159 = DIRECTION('',(-0.5,-0.866025403784,-0.));
#160 = FACE_BOUND('',#161,.F.);
#161 = EDGE_LOOP('',(#162));
#162 = ORIENTED_EDGE('',*,*,#163,.T.);
#163 = EDGE_CURVE('',#164,#164,#166,.T.);
#164 = VERTEX_POINT('',#165);
#165 = CARTESIAN_POINT('',(-53.02210506462,-4.836979896182,0.));
#166 = CIRCLE('',#167,1.7);
#167 = AXIS2_PLACEMENT_3D('',#168,#169,#170);
#168 = CARTESIAN_POINT('',(-52.17210506462,-3.364736709749,0.));
#169 = DIRECTION('',(0.,0.,-1.));
#170 = DIRECTION('',(-0.5,-0.866025403784,-0.));
#171 = FACE_BOUND('',#172,.F.);
#172 = EDGE_LOOP('',(#173));
#173 = ORIENTED_EDGE('',*,*,#174,.T.);
#174 = EDGE_CURVE('',#175,#175,#177,.T.);
#175 = VERTEX_POINT('',#176);
#176 = CARTESIAN_POINT('',(-49.52210506462,1.225197930309,0.));
#177 = CIRCLE('',#178,1.7);
#178 = AXIS2_PLACEMENT_3D('',#179,#180,#181);
#179 = CARTESIAN_POINT('',(-48.67210506462,2.697441116742,0.));
#180 = DIRECTION('',(0.,0.,-1.));
#181 = DIRECTION('',(-0.5,-0.866025403784,-0.));
#182 = FACE_BOUND('',#183,.F.);
#183 = EDGE_LOOP('',(#184));
#184 = ORIENTED_EDGE('',*,*,#185,.T.);
#185 = EDGE_CURVE('',#186,#186,#188,.T.);
#186 = VERTEX_POINT('',#187);
#187 = CARTESIAN_POINT('',(-46.47177826491,59.5085189271,0.));
#188 = CIRCLE('',#189,1.7);
#189 = AXIS2_PLACEMENT_3D('',#190,#191,#192);
#190 = CARTESIAN_POINT('',(-45.62177826491,60.980762113533,0.));
#191 = DIRECTION('',(0.,0.,-1.));
#192 = DIRECTION('',(-0.5,-0.866025403784,-0.));
#193 = FACE_BOUND('',#194,.F.);
#194 = EDGE_LOOP('',(#195));
#195 = ORIENTED_EDGE('',*,*,#196,.T.);
#196 = EDGE_CURVE('',#197,#197,#199,.T.);
#197 = VERTEX_POINT('',#198);
#198 = CARTESIAN_POINT('',(-27.52210506462,39.330315696824,0.));
#199 = CIRCLE('',#200,1.7);
#200 = AXIS2_PLACEMENT_3D('',#201,#202,#203);
#201 = CARTESIAN_POINT('',(-26.67210506462,40.802558883258,0.));
#202 = DIRECTION('',(0.,0.,-1.));
#203 = DIRECTION('',(-0.5,-0.866025403784,-0.));
#204 = FACE_BOUND('',#205,.F.);
#205 = EDGE_LOOP('',(#206));
#206 = ORIENTED_EDGE('',*,*,#207,.T.);
#207 = EDGE_CURVE('',#208,#208,#210,.T.);
#208 = VERTEX_POINT('',#209);
#209 = CARTESIAN_POINT('',(-24.02210506462,45.392493523315,0.));
#210 = CIRCLE('',#211,1.7);
#211 = AXIS2_PLACEMENT_3D('',#212,#213,#214);
#212 = CARTESIAN_POINT('',(-23.17210506462,46.864736709749,0.));
#213 = DIRECTION('',(0.,0.,-1.));
#214 = DIRECTION('',(-0.5,-0.866025403784,-0.));
#215 = FACE_BOUND('',#216,.F.);
#216 = EDGE_LOOP('',(#217));
#217 = ORIENTED_EDGE('',*,*,#218,.T.);
#218 = EDGE_CURVE('',#219,#219,#221,.T.);
#219 = VERTEX_POINT('',#220);
#220 = CARTESIAN_POINT('',(51.322105064623,-1.892493523315,0.));
#221 = CIRCLE('',#222,1.7);
#222 = AXIS2_PLACEMENT_3D('',#223,#224,#225);
#223 = CARTESIAN_POINT('',(52.172105064623,-3.364736709749,0.));
#224 = DIRECTION('',(0.,0.,-1.));
#225 = DIRECTION('',(-0.5,0.866025403784,0.));
#226 = FACE_BOUND('',#227,.F.);
#227 = EDGE_LOOP('',(#228));
#228 = ORIENTED_EDGE('',*,*,#229,.T.);
#229 = EDGE_CURVE('',#230,#230,#232,.T.);
#230 = VERTEX_POINT('',#231);
#231 = CARTESIAN_POINT('',(47.822105064623,4.169684303176,0.));
#232 = CIRCLE('',#233,1.7);
#233 = AXIS2_PLACEMENT_3D('',#234,#235,#236);
#234 = CARTESIAN_POINT('',(48.672105064623,2.697441116742,0.));
#235 = DIRECTION('',(0.,0.,-1.));
#236 = DIRECTION('',(-0.5,0.866025403784,0.));
#237 = FACE_BOUND('',#238,.F.);
#238 = EDGE_LOOP('',(#239));
#239 = ORIENTED_EDGE('',*,*,#240,.T.);
#240 = EDGE_CURVE('',#241,#241,#243,.T.);
#241 = VERTEX_POINT('',#242);
#242 = CARTESIAN_POINT('',(74.771778264911,10.4914810729,0.));
#243 = CIRCLE('',#244,1.7);
#244 = AXIS2_PLACEMENT_3D('',#245,#246,#247);
#245 = CARTESIAN_POINT('',(75.621778264911,9.019237886467,0.));
#246 = DIRECTION('',(0.,0.,-1.));
#247 = DIRECTION('',(-0.5,0.866025403784,0.));
#248 = FACE_BOUND('',#249,.F.);
#249 = EDGE_LOOP('',(#250));
#250 = ORIENTED_EDGE('',*,*,#251,.T.);
#251 = EDGE_CURVE('',#252,#252,#254,.T.);
#252 = VERTEX_POINT('',#253);
#253 = CARTESIAN_POINT('',(25.822105064623,42.274802069691,0.));
#254 = CIRCLE('',#255,1.7);
#255 = AXIS2_PLACEMENT_3D('',#256,#257,#258);
#256 = CARTESIAN_POINT('',(26.672105064623,40.802558883258,0.));
#257 = DIRECTION('',(0.,0.,-1.));
#258 = DIRECTION('',(-0.5,0.866025403784,0.));
#259 = FACE_BOUND('',#260,.F.);
#260 = EDGE_LOOP('',(#261));
#261 = ORIENTED_EDGE('',*,*,#262,.T.);
#262 = EDGE_CURVE('',#263,#263,#265,.T.);
#263 = VERTEX_POINT('',#264);
#264 = CARTESIAN_POINT('',(22.322105064623,48.336979896182,0.));
#265 = CIRCLE('',#266,1.7);
#266 = AXIS2_PLACEMENT_3D('',#267,#268,#269);
#267 = CARTESIAN_POINT('',(23.172105064623,46.864736709749,0.));
#268 = DIRECTION('',(0.,0.,-1.));
#269 = DIRECTION('',(-0.5,0.866025403784,0.));
#270 = FACE_BOUND('',#271,.F.);
#271 = EDGE_LOOP('',(#272));
#272 = ORIENTED_EDGE('',*,*,#273,.T.);
#273 = EDGE_CURVE('',#274,#274,#276,.T.);
#274 = VERTEX_POINT('',#275);
#275 = CARTESIAN_POINT('',(44.771778264911,62.453005299967,0.));
#276 = CIRCLE('',#277,1.7);
#277 = AXIS2_PLACEMENT_3D('',#278,#279,#280);
#278 = CARTESIAN_POINT('',(45.621778264911,60.980762113533,0.));
#279 = DIRECTION('',(0.,0.,-1.));
#280 = DIRECTION('',(-0.5,0.866025403784,0.));
#281 = PLANE('',#282);
#282 = AXIS2_PLACEMENT_3D('',#283,#284,#285);
#283 = CARTESIAN_POINT('',(-3.889607488112E-15,2.156670906701E-16,0.));
#284 = DIRECTION('',(0.,0.,1.));
#285 = DIRECTION('',(1.,0.,0.));
#286 = ADVANCED_FACE('',(#287),#313,.F.);
#287 = FACE_BOUND('',#288,.F.);
#288 = EDGE_LOOP('',(#289,#300,#306,#307));
#289 = ORIENTED_EDGE('',*,*,#290,.F.);
#290 = EDGE_CURVE('',#291,#293,#295,.T.);
#291 = VERTEX_POINT('',#292);
#292 = CARTESIAN_POINT('',(28.198710730508,-85.46831408853,3.5));
#293 = VERTEX_POINT('',#294);
#294 = CARTESIAN_POINT('',(-28.1987107305,-85.46831408853,3.5));
#295 = CIRCLE('',#296,35.5);
#296 = AXIS2_PLACEMENT_3D('',#297,#298,#299);
#297 = CARTESIAN_POINT('',(0.,-107.034090521,3.5));
#298 = DIRECTION('',(0.,0.,1.));
#299 = DIRECTION('',(1.,0.,0.));
#300 = ORIENTED_EDGE('',*,*,#301,.T.);
#301 = EDGE_CURVE('',#291,#22,#302,.T.);
#302 = LINE('',#303,#304);
#303 = CARTESIAN_POINT('',(28.19871073051,-85.46831408853,0.));
#304 = VECTOR('',#305,1.);
#305 = DIRECTION('',(-0.,-0.,-1.));
#306 = ORIENTED_EDGE('',*,*,#21,.T.);
#307 = ORIENTED_EDGE('',*,*,#308,.F.);
#308 = EDGE_CURVE('',#293,#24,#309,.T.);
#309 = LINE('',#310,#311);
#310 = CARTESIAN_POINT('',(-28.19871073051,-85.46831408853,0.));
#311 = VECTOR('',#312,1.);
#312 = DIRECTION('',(-0.,-0.,-1.));
#313 = CYLINDRICAL_SURFACE('',#314,35.5);
#314 = AXIS2_PLACEMENT_3D('',#315,#316,#317);
#315 = CARTESIAN_POINT('',(0.,-107.034090521,3.5));
#316 = DIRECTION('',(0.,0.,1.));
#317 = DIRECTION('',(1.,0.,0.));
#318 = ADVANCED_FACE('',(#319),#348,.T.);
#319 = FACE_BOUND('',#320,.T.);
#320 = EDGE_LOOP('',(#321,#322,#323,#331,#340,#347));
#321 = ORIENTED_EDGE('',*,*,#32,.T.);
#322 = ORIENTED_EDGE('',*,*,#41,.T.);
#323 = ORIENTED_EDGE('',*,*,#324,.F.);
#324 = EDGE_CURVE('',#325,#42,#327,.T.);
#325 = VERTEX_POINT('',#326);
#326 = CARTESIAN_POINT('',(88.117086584557,18.313357197679,3.5));
#327 = LINE('',#328,#329);
#328 = CARTESIAN_POINT('',(88.117086584556,18.313357197679,0.));
#329 = VECTOR('',#330,1.);
#330 = DIRECTION('',(-0.,-0.,-1.));
#331 = ORIENTED_EDGE('',*,*,#332,.F.);
#332 = EDGE_CURVE('',#333,#325,#335,.T.);
#333 = VERTEX_POINT('',#334);
#334 = CARTESIAN_POINT('',(90.,0.,3.5));
#335 = CIRCLE('',#336,90.);
#336 = AXIS2_PLACEMENT_3D('',#337,#338,#339);
#337 = CARTESIAN_POINT('',(0.,0.,3.5));
#338 = DIRECTION('',(0.,0.,1.));
#339 = DIRECTION('',(1.,0.,0.));
#340 = ORIENTED_EDGE('',*,*,#341,.F.);
#341 = EDGE_CURVE('',#291,#333,#342,.T.);
#342 = CIRCLE('',#343,90.);
#343 = AXIS2_PLACEMENT_3D('',#344,#345,#346);
#344 = CARTESIAN_POINT('',(0.,0.,3.5));
#345 = DIRECTION('',(0.,0.,1.));
#346 = DIRECTION('',(1.,0.,0.));
#347 = ORIENTED_EDGE('',*,*,#301,.T.);
#348 = CYLINDRICAL_SURFACE('',#349,90.);
#349 = AXIS2_PLACEMENT_3D('',#350,#351,#352);
#350 = CARTESIAN_POINT('',(0.,0.,0.));
#351 = DIRECTION('',(-0.,-0.,-1.));
#352 = DIRECTION('',(1.,0.,0.));
#353 = ADVANCED_FACE('',(#354),#373,.F.);
#354 = FACE_BOUND('',#355,.F.);
#355 = EDGE_LOOP('',(#356,#365,#371,#372));
#356 = ORIENTED_EDGE('',*,*,#357,.F.);
#357 = EDGE_CURVE('',#358,#325,#360,.T.);
#358 = VERTEX_POINT('',#359);
#359 = CARTESIAN_POINT('',(59.918375854046,67.154956890861,3.5));
#360 = CIRCLE('',#361,35.5);
#361 = AXIS2_PLACEMENT_3D('',#362,#363,#364);
#362 = CARTESIAN_POINT('',(92.694241462192,53.517045260525,3.5));
#363 = DIRECTION('',(0.,0.,1.));
#364 = DIRECTION('',(-0.5,0.866025403784,0.));
#365 = ORIENTED_EDGE('',*,*,#366,.T.);
#366 = EDGE_CURVE('',#358,#51,#367,.T.);
#367 = LINE('',#368,#369);
#368 = CARTESIAN_POINT('',(59.918375854047,67.154956890859,0.));
#369 = VECTOR('',#370,1.);
#370 = DIRECTION('',(-0.,-0.,-1.));
#371 = ORIENTED_EDGE('',*,*,#50,.T.);
#372 = ORIENTED_EDGE('',*,*,#324,.F.);
#373 = CYLINDRICAL_SURFACE('',#374,35.5);
#374 = AXIS2_PLACEMENT_3D('',#375,#376,#377);
#375 = CARTESIAN_POINT('',(92.694241462192,53.517045260525,3.5));
#376 = DIRECTION('',(0.,0.,1.));
#377 = DIRECTION('',(-0.5,0.866025403784,0.));
#378 = ADVANCED_FACE('',(#379),#398,.T.);
#379 = FACE_BOUND('',#380,.T.);
#380 = EDGE_LOOP('',(#381,#382,#390,#397));
#381 = ORIENTED_EDGE('',*,*,#59,.T.);
#382 = ORIENTED_EDGE('',*,*,#383,.F.);
#383 = EDGE_CURVE('',#384,#60,#386,.T.);
#384 = VERTEX_POINT('',#385);
#385 = CARTESIAN_POINT('',(-59.91837585404,67.154956890862,3.5));
#386 = LINE('',#387,#388);
#387 = CARTESIAN_POINT('',(-59.91837585404,67.154956890859,0.));
#388 = VECTOR('',#389,1.);
#389 = DIRECTION('',(-0.,-0.,-1.));
#390 = ORIENTED_EDGE('',*,*,#391,.F.);
#391 = EDGE_CURVE('',#358,#384,#392,.T.);
#392 = CIRCLE('',#393,90.);
#393 = AXIS2_PLACEMENT_3D('',#394,#395,#396);
#394 = CARTESIAN_POINT('',(0.,0.,3.5));
#395 = DIRECTION('',(0.,0.,1.));
#396 = DIRECTION('',(1.,0.,0.));
#397 = ORIENTED_EDGE('',*,*,#366,.T.);
#398 = CYLINDRICAL_SURFACE('',#399,90.);
#399 = AXIS2_PLACEMENT_3D('',#400,#401,#402);
#400 = CARTESIAN_POINT('',(0.,0.,0.));
#401 = DIRECTION('',(-0.,-0.,-1.));
#402 = DIRECTION('',(1.,0.,0.));
#403 = ADVANCED_FACE('',(#404),#423,.F.);
#404 = FACE_BOUND('',#405,.F.);
#405 = EDGE_LOOP('',(#406,#415,#421,#422));
#406 = ORIENTED_EDGE('',*,*,#407,.F.);
#407 = EDGE_CURVE('',#408,#384,#410,.T.);
#408 = VERTEX_POINT('',#409);
#409 = CARTESIAN_POINT('',(-88.11708658455,18.313357197678,3.5));
#410 = CIRCLE('',#411,35.5);
#411 = AXIS2_PLACEMENT_3D('',#412,#413,#414);
#412 = CARTESIAN_POINT('',(-92.69424146219,53.517045260525,3.5));
#413 = DIRECTION('',(0.,0.,1.));
#414 = DIRECTION('',(-0.5,-0.866025403784,0.));
#415 = ORIENTED_EDGE('',*,*,#416,.T.);
#416 = EDGE_CURVE('',#408,#69,#417,.T.);
#417 = LINE('',#418,#419);
#418 = CARTESIAN_POINT('',(-88.11708658455,18.313357197679,0.));
#419 = VECTOR('',#420,1.);
#420 = DIRECTION('',(-0.,-0.,-1.));
#421 = ORIENTED_EDGE('',*,*,#68,.T.);
#422 = ORIENTED_EDGE('',*,*,#383,.F.);
#423 = CYLINDRICAL_SURFACE('',#424,35.5);
#424 = AXIS2_PLACEMENT_3D('',#425,#426,#427);
#425 = CARTESIAN_POINT('',(-92.69424146219,53.517045260525,3.5));
#426 = DIRECTION('',(0.,0.,1.));
#427 = DIRECTION('',(-0.5,-0.866025403784,0.));
#428 = ADVANCED_FACE('',(#429),#441,.T.);
#429 = FACE_BOUND('',#430,.T.);
#430 = EDGE_LOOP('',(#431,#432,#433,#440));
#431 = ORIENTED_EDGE('',*,*,#77,.T.);
#432 = ORIENTED_EDGE('',*,*,#308,.F.);
#433 = ORIENTED_EDGE('',*,*,#434,.F.);
#434 = EDGE_CURVE('',#408,#293,#435,.T.);
#435 = CIRCLE('',#436,90.);
#436 = AXIS2_PLACEMENT_3D('',#437,#438,#439);
#437 = CARTESIAN_POINT('',(0.,0.,3.5));
#438 = DIRECTION('',(0.,0.,1.));
#439 = DIRECTION('',(1.,0.,0.));
#440 = ORIENTED_EDGE('',*,*,#416,.T.);
#441 = CYLINDRICAL_SURFACE('',#442,90.);
#442 = AXIS2_PLACEMENT_3D('',#443,#444,#445);
#443 = CARTESIAN_POINT('',(0.,0.,0.));
#444 = DIRECTION('',(-0.,-0.,-1.));
#445 = DIRECTION('',(1.,0.,0.));
#446 = ADVANCED_FACE('',(#447),#466,.F.);
#447 = FACE_BOUND('',#448,.F.);
#448 = EDGE_LOOP('',(#449,#450,#458,#465));
#449 = ORIENTED_EDGE('',*,*,#86,.F.);
#450 = ORIENTED_EDGE('',*,*,#451,.F.);
#451 = EDGE_CURVE('',#452,#87,#454,.T.);
#452 = VERTEX_POINT('',#453);
#453 = CARTESIAN_POINT('',(-28.3,-70.,3.5));
#454 = LINE('',#455,#456);
#455 = CARTESIAN_POINT('',(-28.3,-70.,3.5));
#456 = VECTOR('',#457,1.);
#457 = DIRECTION('',(-4.440892098501E-17,0.,-1.));
#458 = ORIENTED_EDGE('',*,*,#459,.F.);
#459 = EDGE_CURVE('',#452,#452,#460,.T.);
#460 = CIRCLE('',#461,1.7);
#461 = AXIS2_PLACEMENT_3D('',#462,#463,#464);
#462 = CARTESIAN_POINT('',(-30.,-70.,3.5));
#463 = DIRECTION('',(0.,0.,1.));
#464 = DIRECTION('',(1.,0.,0.));
#465 = ORIENTED_EDGE('',*,*,#451,.T.);
#466 = CYLINDRICAL_SURFACE('',#467,1.7);
#467 = AXIS2_PLACEMENT_3D('',#468,#469,#470);
#468 = CARTESIAN_POINT('',(-30.,-70.,3.5));
#469 = DIRECTION('',(-0.,-0.,-1.));
#470 = DIRECTION('',(1.,0.,0.));
#471 = ADVANCED_FACE('',(#472),#491,.F.);
#472 = FACE_BOUND('',#473,.F.);
#473 = EDGE_LOOP('',(#474,#475,#483,#490));
#474 = ORIENTED_EDGE('',*,*,#119,.F.);
#475 = ORIENTED_EDGE('',*,*,#476,.F.);
#476 = EDGE_CURVE('',#477,#120,#479,.T.);
#477 = VERTEX_POINT('',#478);
#478 = CARTESIAN_POINT('',(31.7,-70.,3.5));
#479 = LINE('',#480,#481);
#480 = CARTESIAN_POINT('',(31.7,-70.,3.5));
#481 = VECTOR('',#482,1.);
#482 = DIRECTION('',(-4.440892098501E-17,0.,-1.));
#483 = ORIENTED_EDGE('',*,*,#484,.F.);
#484 = EDGE_CURVE('',#477,#477,#485,.T.);
#485 = CIRCLE('',#486,1.7);
#486 = AXIS2_PLACEMENT_3D('',#487,#488,#489);
#487 = CARTESIAN_POINT('',(30.,-70.,3.5));
#488 = DIRECTION('',(0.,0.,1.));
#489 = DIRECTION('',(1.,0.,0.));
#490 = ORIENTED_EDGE('',*,*,#476,.T.);
#491 = CYLINDRICAL_SURFACE('',#492,1.7);
#492 = AXIS2_PLACEMENT_3D('',#493,#494,#495);
#493 = CARTESIAN_POINT('',(30.,-70.,3.5));
#494 = DIRECTION('',(-0.,-0.,-1.));
#495 = DIRECTION('',(1.,0.,0.));
#496 = ADVANCED_FACE('',(#497),#516,.F.);
#497 = FACE_BOUND('',#498,.F.);
#498 = EDGE_LOOP('',(#499,#500,#508,#515));
#499 = ORIENTED_EDGE('',*,*,#152,.F.);
#500 = ORIENTED_EDGE('',*,*,#501,.F.);
#501 = EDGE_CURVE('',#502,#153,#504,.T.);
#502 = VERTEX_POINT('',#503);
#503 = CARTESIAN_POINT('',(-76.47177826491,7.546994700033,3.5));
#504 = LINE('',#505,#506);
#505 = CARTESIAN_POINT('',(-76.47177826491,7.546994700033,3.5));
#506 = VECTOR('',#507,1.);
#507 = DIRECTION('',(2.22044604925E-17,3.845925372767E-17,-1.));
#508 = ORIENTED_EDGE('',*,*,#509,.F.);
#509 = EDGE_CURVE('',#502,#502,#510,.T.);
#510 = CIRCLE('',#511,1.7);
#511 = AXIS2_PLACEMENT_3D('',#512,#513,#514);
#512 = CARTESIAN_POINT('',(-75.62177826491,9.019237886467,3.5));
#513 = DIRECTION('',(0.,0.,1.));
#514 = DIRECTION('',(-0.5,-0.866025403784,0.));
#515 = ORIENTED_EDGE('',*,*,#501,.T.);
#516 = CYLINDRICAL_SURFACE('',#517,1.7);
#517 = AXIS2_PLACEMENT_3D('',#518,#519,#520);
#518 = CARTESIAN_POINT('',(-75.62177826491,9.019237886467,3.5));
#519 = DIRECTION('',(0.,0.,-1.));
#520 = DIRECTION('',(-0.5,-0.866025403784,-0.));
#521 = ADVANCED_FACE('',(#522),#559,.F.);
#522 = FACE_BOUND('',#523,.F.);
#523 = EDGE_LOOP('',(#524,#532,#533,#534,#543,#552));
#524 = ORIENTED_EDGE('',*,*,#525,.T.);
#525 = EDGE_CURVE('',#526,#164,#528,.T.);
#526 = VERTEX_POINT('',#527);
#527 = CARTESIAN_POINT('',(-53.02210506462,-4.836979896182,3.5));
#528 = LINE('',#529,#530);
#529 = CARTESIAN_POINT('',(-53.02210506462,-4.836979896182,3.5));
#530 = VECTOR('',#531,1.);
#531 = DIRECTION('',(2.22044604925E-17,3.845925372767E-17,-1.));
#532 = ORIENTED_EDGE('',*,*,#163,.F.);
#533 = ORIENTED_EDGE('',*,*,#525,.F.);
#534 = ORIENTED_EDGE('',*,*,#535,.F.);
#535 = EDGE_CURVE('',#536,#526,#538,.T.);
#536 = VERTEX_POINT('',#537);
#537 = CARTESIAN_POINT('',(-53.83128841956,-2.994452231727,3.5));
#538 = CIRCLE('',#539,1.7);
#539 = AXIS2_PLACEMENT_3D('',#540,#541,#542);
#540 = CARTESIAN_POINT('',(-52.17210506462,-3.364736709749,3.5));
#541 = DIRECTION('',(0.,0.,1.));
#542 = DIRECTION('',(-0.5,-0.866025403784,0.));
#543 = ORIENTED_EDGE('',*,*,#544,.F.);
#544 = EDGE_CURVE('',#545,#536,#547,.T.);
#545 = VERTEX_POINT('',#546);
#546 = CARTESIAN_POINT('',(-50.5017057775,-3.680594623407,3.5));
#547 = CIRCLE('',#548,1.7);
#548 = AXIS2_PLACEMENT_3D('',#549,#550,#551);
#549 = CARTESIAN_POINT('',(-52.17210506462,-3.364736709749,3.5));
#550 = DIRECTION('',(0.,0.,1.));
#551 = DIRECTION('',(-0.5,-0.866025403784,0.));
#552 = ORIENTED_EDGE('',*,*,#553,.F.);
#553 = EDGE_CURVE('',#526,#545,#554,.T.);
#554 = CIRCLE('',#555,1.7);
#555 = AXIS2_PLACEMENT_3D('',#556,#557,#558);
#556 = CARTESIAN_POINT('',(-52.17210506462,-3.364736709749,3.5));
#557 = DIRECTION('',(0.,0.,1.));
#558 = DIRECTION('',(-0.5,-0.866025403784,0.));
#559 = CYLINDRICAL_SURFACE('',#560,1.7);
#560 = AXIS2_PLACEMENT_3D('',#561,#562,#563);
#561 = CARTESIAN_POINT('',(-52.17210506462,-3.364736709749,3.5));
#562 = DIRECTION('',(0.,0.,-1.));
#563 = DIRECTION('',(-0.5,-0.866025403784,-0.));
#564 = ADVANCED_FACE('',(#565),#602,.F.);
#565 = FACE_BOUND('',#566,.F.);
#566 = EDGE_LOOP('',(#567,#575,#576,#577,#586,#595));
#567 = ORIENTED_EDGE('',*,*,#568,.T.);
#568 = EDGE_CURVE('',#569,#175,#571,.T.);
#569 = VERTEX_POINT('',#570);
#570 = CARTESIAN_POINT('',(-49.52210506462,1.225197930309,3.5));
#571 = LINE('',#572,#573);
#572 = CARTESIAN_POINT('',(-49.52210506462,1.225197930309,3.5));
#573 = VECTOR('',#574,1.);
#574 = DIRECTION('',(2.22044604925E-17,3.845925372767E-17,-1.));
#575 = ORIENTED_EDGE('',*,*,#174,.F.);
#576 = ORIENTED_EDGE('',*,*,#568,.F.);
#577 = ORIENTED_EDGE('',*,*,#578,.F.);
#578 = EDGE_CURVE('',#579,#569,#581,.T.);
#579 = VERTEX_POINT('',#580);
#580 = CARTESIAN_POINT('',(-50.33128841955,3.067725594807,3.5));
#581 = CIRCLE('',#582,1.7);
#582 = AXIS2_PLACEMENT_3D('',#583,#584,#585);
#583 = CARTESIAN_POINT('',(-48.67210506462,2.697441116742,3.5));
#584 = DIRECTION('',(0.,0.,1.));
#585 = DIRECTION('',(-0.5,-0.866025403784,0.));
#586 = ORIENTED_EDGE('',*,*,#587,.F.);
#587 = EDGE_CURVE('',#588,#579,#590,.T.);
#588 = VERTEX_POINT('',#589);
#589 = CARTESIAN_POINT('',(-47.00170577751,2.381583203041,3.5));
#590 = CIRCLE('',#591,1.7);
#591 = AXIS2_PLACEMENT_3D('',#592,#593,#594);
#592 = CARTESIAN_POINT('',(-48.67210506462,2.697441116742,3.5));
#593 = DIRECTION('',(0.,0.,1.));
#594 = DIRECTION('',(-0.5,-0.866025403784,0.));
#595 = ORIENTED_EDGE('',*,*,#596,.F.);
#596 = EDGE_CURVE('',#569,#588,#597,.T.);
#597 = CIRCLE('',#598,1.7);
#598 = AXIS2_PLACEMENT_3D('',#599,#600,#601);
#599 = CARTESIAN_POINT('',(-48.67210506462,2.697441116742,3.5));
#600 = DIRECTION('',(0.,0.,1.));
#601 = DIRECTION('',(-0.5,-0.866025403784,0.));
#602 = CYLINDRICAL_SURFACE('',#603,1.7);
#603 = AXIS2_PLACEMENT_3D('',#604,#605,#606);
#604 = CARTESIAN_POINT('',(-48.67210506462,2.697441116742,3.5));
#605 = DIRECTION('',(0.,0.,-1.));
#606 = DIRECTION('',(-0.5,-0.866025403784,-0.));
#607 = ADVANCED_FACE('',(#608),#627,.F.);
#608 = FACE_BOUND('',#609,.F.);
#609 = EDGE_LOOP('',(#610,#611,#619,#626));
#610 = ORIENTED_EDGE('',*,*,#185,.F.);
#611 = ORIENTED_EDGE('',*,*,#612,.F.);
#612 = EDGE_CURVE('',#613,#186,#615,.T.);
#613 = VERTEX_POINT('',#614);
#614 = CARTESIAN_POINT('',(-46.47177826491,59.5085189271,3.5));
#615 = LINE('',#616,#617);
#616 = CARTESIAN_POINT('',(-46.47177826491,59.5085189271,3.5));
#617 = VECTOR('',#618,1.);
#618 = DIRECTION('',(2.22044604925E-17,3.845925372767E-17,-1.));
#619 = ORIENTED_EDGE('',*,*,#620,.F.);
#620 = EDGE_CURVE('',#613,#613,#621,.T.);
#621 = CIRCLE('',#622,1.7);
#622 = AXIS2_PLACEMENT_3D('',#623,#624,#625);
#623 = CARTESIAN_POINT('',(-45.62177826491,60.980762113533,3.5));
#624 = DIRECTION('',(0.,0.,1.));
#625 = DIRECTION('',(-0.5,-0.866025403784,0.));
#626 = ORIENTED_EDGE('',*,*,#612,.T.);
#627 = CYLINDRICAL_SURFACE('',#628,1.7);
#628 = AXIS2_PLACEMENT_3D('',#629,#630,#631);
#629 = CARTESIAN_POINT('',(-45.62177826491,60.980762113533,3.5));
#630 = DIRECTION('',(0.,0.,-1.));
#631 = DIRECTION('',(-0.5,-0.866025403784,-0.));
#632 = ADVANCED_FACE('',(#633),#670,.F.);
#633 = FACE_BOUND('',#634,.F.);
#634 = EDGE_LOOP('',(#635,#643,#644,#645,#654,#663));
#635 = ORIENTED_EDGE('',*,*,#636,.T.);
#636 = EDGE_CURVE('',#637,#197,#639,.T.);
#637 = VERTEX_POINT('',#638);
#638 = CARTESIAN_POINT('',(-27.52210506462,39.330315696824,3.5));
#639 = LINE('',#640,#641);
#640 = CARTESIAN_POINT('',(-27.52210506462,39.330315696824,3.5));
#641 = VECTOR('',#642,1.);
#642 = DIRECTION('',(2.22044604925E-17,3.845925372767E-17,-1.));
#643 = ORIENTED_EDGE('',*,*,#196,.F.);
#644 = ORIENTED_EDGE('',*,*,#636,.F.);
#645 = ORIENTED_EDGE('',*,*,#646,.F.);
#646 = EDGE_CURVE('',#647,#637,#649,.T.);
#647 = VERTEX_POINT('',#648);
#648 = CARTESIAN_POINT('',(-28.33128841949,41.172843361599,3.5));
#649 = CIRCLE('',#650,1.7);
#650 = AXIS2_PLACEMENT_3D('',#651,#652,#653);
#651 = CARTESIAN_POINT('',(-26.67210506462,40.802558883258,3.5));
#652 = DIRECTION('',(0.,0.,1.));
#653 = DIRECTION('',(-0.5,-0.866025403784,0.));
#654 = ORIENTED_EDGE('',*,*,#655,.F.);
#655 = EDGE_CURVE('',#656,#647,#658,.T.);
#656 = VERTEX_POINT('',#657);
#657 = CARTESIAN_POINT('',(-25.00170577757,40.486700969275,3.5));
#658 = CIRCLE('',#659,1.7);
#659 = AXIS2_PLACEMENT_3D('',#660,#661,#662);
#660 = CARTESIAN_POINT('',(-26.67210506462,40.802558883258,3.5));
#661 = DIRECTION('',(0.,0.,1.));
#662 = DIRECTION('',(-0.5,-0.866025403784,0.));
#663 = ORIENTED_EDGE('',*,*,#664,.F.);
#664 = EDGE_CURVE('',#637,#656,#665,.T.);
#665 = CIRCLE('',#666,1.7);
#666 = AXIS2_PLACEMENT_3D('',#667,#668,#669);
#667 = CARTESIAN_POINT('',(-26.67210506462,40.802558883258,3.5));
#668 = DIRECTION('',(0.,0.,1.));
#669 = DIRECTION('',(-0.5,-0.866025403784,0.));
#670 = CYLINDRICAL_SURFACE('',#671,1.7);
#671 = AXIS2_PLACEMENT_3D('',#672,#673,#674);
#672 = CARTESIAN_POINT('',(-26.67210506462,40.802558883258,3.5));
#673 = DIRECTION('',(0.,0.,-1.));
#674 = DIRECTION('',(-0.5,-0.866025403784,-0.));
#675 = ADVANCED_FACE('',(#676),#713,.F.);
#676 = FACE_BOUND('',#677,.F.);
#677 = EDGE_LOOP('',(#678,#686,#687,#688,#697,#706));
#678 = ORIENTED_EDGE('',*,*,#679,.T.);
#679 = EDGE_CURVE('',#680,#208,#682,.T.);
#680 = VERTEX_POINT('',#681);
#681 = CARTESIAN_POINT('',(-24.02210506462,45.392493523315,3.5));
#682 = LINE('',#683,#684);
#683 = CARTESIAN_POINT('',(-24.02210506462,45.392493523315,3.5));
#684 = VECTOR('',#685,1.);
#685 = DIRECTION('',(2.22044604925E-17,3.845925372767E-17,-1.));
#686 = ORIENTED_EDGE('',*,*,#207,.F.);
#687 = ORIENTED_EDGE('',*,*,#679,.F.);
#688 = ORIENTED_EDGE('',*,*,#689,.F.);
#689 = EDGE_CURVE('',#690,#680,#692,.T.);
#690 = VERTEX_POINT('',#691);
#691 = CARTESIAN_POINT('',(-24.83128841948,47.235021188133,3.5));
#692 = CIRCLE('',#693,1.7);
#693 = AXIS2_PLACEMENT_3D('',#694,#695,#696);
#694 = CARTESIAN_POINT('',(-23.17210506462,46.864736709749,3.5));
#695 = DIRECTION('',(0.,0.,1.));
#696 = DIRECTION('',(-0.5,-0.866025403784,0.));
#697 = ORIENTED_EDGE('',*,*,#698,.F.);
#698 = EDGE_CURVE('',#699,#690,#701,.T.);
#699 = VERTEX_POINT('',#700);
#700 = CARTESIAN_POINT('',(-21.50170577757,46.548878795722,3.5));
#701 = CIRCLE('',#702,1.7);
#702 = AXIS2_PLACEMENT_3D('',#703,#704,#705);
#703 = CARTESIAN_POINT('',(-23.17210506462,46.864736709749,3.5));
#704 = DIRECTION('',(0.,0.,1.));
#705 = DIRECTION('',(-0.5,-0.866025403784,0.));
#706 = ORIENTED_EDGE('',*,*,#707,.F.);
#707 = EDGE_CURVE('',#680,#699,#708,.T.);
#708 = CIRCLE('',#709,1.7);
#709 = AXIS2_PLACEMENT_3D('',#710,#711,#712);
#710 = CARTESIAN_POINT('',(-23.17210506462,46.864736709749,3.5));
#711 = DIRECTION('',(0.,0.,1.));
#712 = DIRECTION('',(-0.5,-0.866025403784,0.));
#713 = CYLINDRICAL_SURFACE('',#714,1.7);
#714 = AXIS2_PLACEMENT_3D('',#715,#716,#717);
#715 = CARTESIAN_POINT('',(-23.17210506462,46.864736709749,3.5));
#716 = DIRECTION('',(0.,0.,-1.));
#717 = DIRECTION('',(-0.5,-0.866025403784,-0.));
#718 = ADVANCED_FACE('',(#719),#756,.F.);
#719 = FACE_BOUND('',#720,.F.);
#720 = EDGE_LOOP('',(#721,#729,#730,#731,#740,#749));
#721 = ORIENTED_EDGE('',*,*,#722,.T.);
#722 = EDGE_CURVE('',#723,#219,#725,.T.);
#723 = VERTEX_POINT('',#724);
#724 = CARTESIAN_POINT('',(51.322105064623,-1.892493523315,3.5));
#725 = LINE('',#726,#727);
#726 = CARTESIAN_POINT('',(51.322105064623,-1.892493523315,3.5));
#727 = VECTOR('',#728,1.);
#728 = DIRECTION('',(2.22044604925E-17,-3.845925372767E-17,-1.));
#729 = ORIENTED_EDGE('',*,*,#218,.F.);
#730 = ORIENTED_EDGE('',*,*,#722,.F.);
#731 = ORIENTED_EDGE('',*,*,#732,.F.);
#732 = EDGE_CURVE('',#733,#723,#735,.T.);
#733 = VERTEX_POINT('',#734);
#734 = CARTESIAN_POINT('',(53.872056712671,-3.377558343793,3.5));
#735 = CIRCLE('',#736,1.7);
#736 = AXIS2_PLACEMENT_3D('',#737,#738,#739);
#737 = CARTESIAN_POINT('',(52.172105064623,-3.364736709749,3.5));
#738 = DIRECTION('',(0.,0.,1.));
#739 = DIRECTION('',(-0.5,0.866025403784,0.));
#740 = ORIENTED_EDGE('',*,*,#741,.F.);
#741 = EDGE_CURVE('',#742,#733,#744,.T.);
#742 = VERTEX_POINT('',#743);
#743 = CARTESIAN_POINT('',(50.473442110621,-3.432147159255,3.5));
#744 = CIRCLE('',#745,1.7);
#745 = AXIS2_PLACEMENT_3D('',#746,#747,#748);
#746 = CARTESIAN_POINT('',(52.172105064623,-3.364736709749,3.5));
#747 = DIRECTION('',(0.,0.,1.));
#748 = DIRECTION('',(-0.5,0.866025403784,0.));
#749 = ORIENTED_EDGE('',*,*,#750,.F.);
#750 = EDGE_CURVE('',#723,#742,#751,.T.);
#751 = CIRCLE('',#752,1.7);
#752 = AXIS2_PLACEMENT_3D('',#753,#754,#755);
#753 = CARTESIAN_POINT('',(52.172105064623,-3.364736709749,3.5));
#754 = DIRECTION('',(0.,0.,1.));
#755 = DIRECTION('',(-0.5,0.866025403784,0.));
#756 = CYLINDRICAL_SURFACE('',#757,1.7);
#757 = AXIS2_PLACEMENT_3D('',#758,#759,#760);
#758 = CARTESIAN_POINT('',(52.172105064623,-3.364736709749,3.5));
#759 = DIRECTION('',(0.,0.,-1.));
#760 = DIRECTION('',(-0.5,0.866025403784,0.));
#761 = ADVANCED_FACE('',(#762),#799,.F.);
#762 = FACE_BOUND('',#763,.F.);
#763 = EDGE_LOOP('',(#764,#772,#773,#774,#783,#792));
#764 = ORIENTED_EDGE('',*,*,#765,.T.);
#765 = EDGE_CURVE('',#766,#230,#768,.T.);
#766 = VERTEX_POINT('',#767);
#767 = CARTESIAN_POINT('',(47.822105064623,4.169684303176,3.5));
#768 = LINE('',#769,#770);
#769 = CARTESIAN_POINT('',(47.822105064623,4.169684303176,3.5));
#770 = VECTOR('',#771,1.);
#771 = DIRECTION('',(2.22044604925E-17,-3.845925372767E-17,-1.));
#772 = ORIENTED_EDGE('',*,*,#229,.F.);
#773 = ORIENTED_EDGE('',*,*,#765,.F.);
#774 = ORIENTED_EDGE('',*,*,#775,.F.);
#775 = EDGE_CURVE('',#776,#766,#778,.T.);
#776 = VERTEX_POINT('',#777);
#777 = CARTESIAN_POINT('',(50.372056712671,2.684619482669,3.5));
#778 = CIRCLE('',#779,1.7);
#779 = AXIS2_PLACEMENT_3D('',#780,#781,#782);
#780 = CARTESIAN_POINT('',(48.672105064623,2.697441116742,3.5));
#781 = DIRECTION('',(0.,0.,1.));
#782 = DIRECTION('',(-0.5,0.866025403784,0.));
#783 = ORIENTED_EDGE('',*,*,#784,.F.);
#784 = EDGE_CURVE('',#785,#776,#787,.T.);
#785 = VERTEX_POINT('',#786);
#786 = CARTESIAN_POINT('',(46.97344211062,2.630030667264,3.5));
#787 = CIRCLE('',#788,1.7);
#788 = AXIS2_PLACEMENT_3D('',#789,#790,#791);
#789 = CARTESIAN_POINT('',(48.672105064623,2.697441116742,3.5));
#790 = DIRECTION('',(0.,0.,1.));
#791 = DIRECTION('',(-0.5,0.866025403784,0.));
#792 = ORIENTED_EDGE('',*,*,#793,.F.);
#793 = EDGE_CURVE('',#766,#785,#794,.T.);
#794 = CIRCLE('',#795,1.7);
#795 = AXIS2_PLACEMENT_3D('',#796,#797,#798);
#796 = CARTESIAN_POINT('',(48.672105064623,2.697441116742,3.5));
#797 = DIRECTION('',(0.,0.,1.));
#798 = DIRECTION('',(-0.5,0.866025403784,0.));
#799 = CYLINDRICAL_SURFACE('',#800,1.7);
#800 = AXIS2_PLACEMENT_3D('',#801,#802,#803);
#801 = CARTESIAN_POINT('',(48.672105064623,2.697441116742,3.5));
#802 = DIRECTION('',(0.,0.,-1.));
#803 = DIRECTION('',(-0.5,0.866025403784,0.));
#804 = ADVANCED_FACE('',(#805),#824,.F.);
#805 = FACE_BOUND('',#806,.F.);
#806 = EDGE_LOOP('',(#807,#808,#816,#823));
#807 = ORIENTED_EDGE('',*,*,#240,.F.);
#808 = ORIENTED_EDGE('',*,*,#809,.F.);
#809 = EDGE_CURVE('',#810,#241,#812,.T.);
#810 = VERTEX_POINT('',#811);
#811 = CARTESIAN_POINT('',(74.771778264911,10.4914810729,3.5));
#812 = LINE('',#813,#814);
#813 = CARTESIAN_POINT('',(74.771778264911,10.4914810729,3.5));
#814 = VECTOR('',#815,1.);
#815 = DIRECTION('',(2.22044604925E-17,-3.845925372767E-17,-1.));
#816 = ORIENTED_EDGE('',*,*,#817,.F.);
#817 = EDGE_CURVE('',#810,#810,#818,.T.);
#818 = CIRCLE('',#819,1.7);
#819 = AXIS2_PLACEMENT_3D('',#820,#821,#822);
#820 = CARTESIAN_POINT('',(75.621778264911,9.019237886467,3.5));
#821 = DIRECTION('',(0.,0.,1.));
#822 = DIRECTION('',(-0.5,0.866025403784,0.));
#823 = ORIENTED_EDGE('',*,*,#809,.T.);
#824 = CYLINDRICAL_SURFACE('',#825,1.7);
#825 = AXIS2_PLACEMENT_3D('',#826,#827,#828);
#826 = CARTESIAN_POINT('',(75.621778264911,9.019237886467,3.5));
#827 = DIRECTION('',(0.,0.,-1.));
#828 = DIRECTION('',(-0.5,0.866025403784,0.));
#829 = ADVANCED_FACE('',(#830),#867,.F.);
#830 = FACE_BOUND('',#831,.F.);
#831 = EDGE_LOOP('',(#832,#840,#841,#842,#851,#860));
#832 = ORIENTED_EDGE('',*,*,#833,.T.);
#833 = EDGE_CURVE('',#834,#252,#836,.T.);
#834 = VERTEX_POINT('',#835);
#835 = CARTESIAN_POINT('',(25.822105064623,42.274802069691,3.5));
#836 = LINE('',#837,#838);
#837 = CARTESIAN_POINT('',(25.822105064623,42.274802069691,3.5));
#838 = VECTOR('',#839,1.);
#839 = DIRECTION('',(2.22044604925E-17,-3.845925372767E-17,-1.));
#840 = ORIENTED_EDGE('',*,*,#251,.F.);
#841 = ORIENTED_EDGE('',*,*,#833,.F.);
#842 = ORIENTED_EDGE('',*,*,#843,.F.);
#843 = EDGE_CURVE('',#844,#834,#846,.T.);
#844 = VERTEX_POINT('',#845);
#845 = CARTESIAN_POINT('',(28.372056712669,40.789737249004,3.5));
#846 = CIRCLE('',#847,1.7);
#847 = AXIS2_PLACEMENT_3D('',#848,#849,#850);
#848 = CARTESIAN_POINT('',(26.672105064623,40.802558883258,3.5));
#849 = DIRECTION('',(0.,0.,1.));
#850 = DIRECTION('',(-0.5,0.866025403784,0.));
#851 = ORIENTED_EDGE('',*,*,#852,.F.);
#852 = EDGE_CURVE('',#853,#844,#855,.T.);
#853 = VERTEX_POINT('',#854);
#854 = CARTESIAN_POINT('',(24.973442110613,40.735148433956,3.5));
#855 = CIRCLE('',#856,1.7);
#856 = AXIS2_PLACEMENT_3D('',#857,#858,#859);
#857 = CARTESIAN_POINT('',(26.672105064623,40.802558883258,3.5));
#858 = DIRECTION('',(0.,0.,1.));
#859 = DIRECTION('',(-0.5,0.866025403784,0.));
#860 = ORIENTED_EDGE('',*,*,#861,.F.);
#861 = EDGE_CURVE('',#834,#853,#862,.T.);
#862 = CIRCLE('',#863,1.7);
#863 = AXIS2_PLACEMENT_3D('',#864,#865,#866);
#864 = CARTESIAN_POINT('',(26.672105064623,40.802558883258,3.5));
#865 = DIRECTION('',(0.,0.,1.));
#866 = DIRECTION('',(-0.5,0.866025403784,0.));
#867 = CYLINDRICAL_SURFACE('',#868,1.7);
#868 = AXIS2_PLACEMENT_3D('',#869,#870,#871);
#869 = CARTESIAN_POINT('',(26.672105064623,40.802558883258,3.5));
#870 = DIRECTION('',(0.,0.,-1.));
#871 = DIRECTION('',(-0.5,0.866025403784,0.));
#872 = ADVANCED_FACE('',(#873),#910,.F.);
#873 = FACE_BOUND('',#874,.F.);
#874 = EDGE_LOOP('',(#875,#883,#884,#885,#894,#903));
#875 = ORIENTED_EDGE('',*,*,#876,.T.);
#876 = EDGE_CURVE('',#877,#263,#879,.T.);
#877 = VERTEX_POINT('',#878);
#878 = CARTESIAN_POINT('',(22.322105064623,48.336979896182,3.5));
#879 = LINE('',#880,#881);
#880 = CARTESIAN_POINT('',(22.322105064623,48.336979896182,3.5));
#881 = VECTOR('',#882,1.);
#882 = DIRECTION('',(2.22044604925E-17,-3.845925372767E-17,-1.));
#883 = ORIENTED_EDGE('',*,*,#262,.F.);
#884 = ORIENTED_EDGE('',*,*,#876,.F.);
#885 = ORIENTED_EDGE('',*,*,#886,.F.);
#886 = EDGE_CURVE('',#887,#877,#889,.T.);
#887 = VERTEX_POINT('',#888);
#888 = CARTESIAN_POINT('',(24.872056712669,46.851915075466,3.5));
#889 = CIRCLE('',#890,1.7);
#890 = AXIS2_PLACEMENT_3D('',#891,#892,#893);
#891 = CARTESIAN_POINT('',(23.172105064623,46.864736709749,3.5));
#892 = DIRECTION('',(0.,0.,1.));
#893 = DIRECTION('',(-0.5,0.866025403784,0.));
#894 = ORIENTED_EDGE('',*,*,#895,.F.);
#895 = EDGE_CURVE('',#896,#887,#898,.T.);
#896 = VERTEX_POINT('',#897);
#897 = CARTESIAN_POINT('',(21.473442110612,46.797326260476,3.5));
#898 = CIRCLE('',#899,1.7);
#899 = AXIS2_PLACEMENT_3D('',#900,#901,#902);
#900 = CARTESIAN_POINT('',(23.172105064623,46.864736709749,3.5));
#901 = DIRECTION('',(0.,0.,1.));
#902 = DIRECTION('',(-0.5,0.866025403784,0.));
#903 = ORIENTED_EDGE('',*,*,#904,.F.);
#904 = EDGE_CURVE('',#877,#896,#905,.T.);
#905 = CIRCLE('',#906,1.7);
#906 = AXIS2_PLACEMENT_3D('',#907,#908,#909);
#907 = CARTESIAN_POINT('',(23.172105064623,46.864736709749,3.5));
#908 = DIRECTION('',(0.,0.,1.));
#909 = DIRECTION('',(-0.5,0.866025403784,0.));
#910 = CYLINDRICAL_SURFACE('',#911,1.7);
#911 = AXIS2_PLACEMENT_3D('',#912,#913,#914);
#912 = CARTESIAN_POINT('',(23.172105064623,46.864736709749,3.5));
#913 = DIRECTION('',(0.,0.,-1.));
#914 = DIRECTION('',(-0.5,0.866025403784,0.));
#915 = ADVANCED_FACE('',(#916),#935,.F.);
#916 = FACE_BOUND('',#917,.F.);
#917 = EDGE_LOOP('',(#918,#919,#927,#934));
#918 = ORIENTED_EDGE('',*,*,#273,.F.);
#919 = ORIENTED_EDGE('',*,*,#920,.F.);
#920 = EDGE_CURVE('',#921,#274,#923,.T.);
#921 = VERTEX_POINT('',#922);
#922 = CARTESIAN_POINT('',(44.771778264911,62.453005299967,3.5));
#923 = LINE('',#924,#925);
#924 = CARTESIAN_POINT('',(44.771778264911,62.453005299967,3.5));
#925 = VECTOR('',#926,1.);
#926 = DIRECTION('',(2.22044604925E-17,-3.845925372767E-17,-1.));
#927 = ORIENTED_EDGE('',*,*,#928,.F.);
#928 = EDGE_CURVE('',#921,#921,#929,.T.);
#929 = CIRCLE('',#930,1.7);
#930 = AXIS2_PLACEMENT_3D('',#931,#932,#933);
#931 = CARTESIAN_POINT('',(45.621778264911,60.980762113533,3.5));
#932 = DIRECTION('',(0.,0.,1.));
#933 = DIRECTION('',(-0.5,0.866025403784,0.));
#934 = ORIENTED_EDGE('',*,*,#920,.T.);
#935 = CYLINDRICAL_SURFACE('',#936,1.7);
#936 = AXIS2_PLACEMENT_3D('',#937,#938,#939);
#937 = CARTESIAN_POINT('',(45.621778264911,60.980762113533,3.5));
#938 = DIRECTION('',(0.,0.,-1.));
#939 = DIRECTION('',(-0.5,0.866025403784,0.));
#940 = ADVANCED_FACE('',(#941,#950,#953,#987,#990,#1024,#1027,#1061,
    #1064,#1098,#1132,#1135,#1169),#1172,.T.);
#941 = FACE_BOUND('',#942,.T.);
#942 = EDGE_LOOP('',(#943,#944,#945,#946,#947,#948,#949));
#943 = ORIENTED_EDGE('',*,*,#290,.F.);
#944 = ORIENTED_EDGE('',*,*,#341,.T.);
#945 = ORIENTED_EDGE('',*,*,#332,.T.);
#946 = ORIENTED_EDGE('',*,*,#357,.F.);
#947 = ORIENTED_EDGE('',*,*,#391,.T.);
#948 = ORIENTED_EDGE('',*,*,#407,.F.);
#949 = ORIENTED_EDGE('',*,*,#434,.T.);
#950 = FACE_BOUND('',#951,.T.);
#951 = EDGE_LOOP('',(#952));
#952 = ORIENTED_EDGE('',*,*,#459,.F.);
#953 = FACE_BOUND('',#954,.T.);
#954 = EDGE_LOOP('',(#955,#965,#973,#981));
#955 = ORIENTED_EDGE('',*,*,#956,.F.);
#956 = EDGE_CURVE('',#957,#959,#961,.T.);
#957 = VERTEX_POINT('',#958);
#958 = CARTESIAN_POINT('',(-32.7,-41.,3.5));
#959 = VERTEX_POINT('',#960);
#960 = CARTESIAN_POINT('',(-32.7,-46.,3.5));
#961 = LINE('',#962,#963);
#962 = CARTESIAN_POINT('',(-32.7,-41.,3.5));
#963 = VECTOR('',#964,1.);
#964 = DIRECTION('',(1.5E-16,-1.,-2.2E-16));
#965 = ORIENTED_EDGE('',*,*,#966,.T.);
#966 = EDGE_CURVE('',#957,#967,#969,.T.);
#967 = VERTEX_POINT('',#968);
#968 = CARTESIAN_POINT('',(-12.7,-41.,3.5));
#969 = LINE('',#970,#971);
#970 = CARTESIAN_POINT('',(-32.7,-41.,3.5));
#971 = VECTOR('',#972,1.);
#972 = DIRECTION('',(1.,1.5E-16,3.E-17));
#973 = ORIENTED_EDGE('',*,*,#974,.T.);
#974 = EDGE_CURVE('',#967,#975,#977,.T.);
#975 = VERTEX_POINT('',#976);
#976 = CARTESIAN_POINT('',(-12.7,-46.,3.5));
#977 = LINE('',#978,#979);
#978 = CARTESIAN_POINT('',(-12.7,-41.,3.5));
#979 = VECTOR('',#980,1.);
#980 = DIRECTION('',(1.5E-16,-1.,-2.2E-16));
#981 = ORIENTED_EDGE('',*,*,#982,.F.);
#982 = EDGE_CURVE('',#959,#975,#983,.T.);
#983 = LINE('',#984,#985);
#984 = CARTESIAN_POINT('',(-32.7,-46.,3.5));
#985 = VECTOR('',#986,1.);
#986 = DIRECTION('',(1.,1.5E-16,3.E-17));
#987 = FACE_BOUND('',#988,.T.);
#988 = EDGE_LOOP('',(#989));
#989 = ORIENTED_EDGE('',*,*,#484,.F.);
#990 = FACE_BOUND('',#991,.T.);
#991 = EDGE_LOOP('',(#992,#1002,#1010,#1018));
#992 = ORIENTED_EDGE('',*,*,#993,.F.);
#993 = EDGE_CURVE('',#994,#996,#998,.T.);
#994 = VERTEX_POINT('',#995);
#995 = CARTESIAN_POINT('',(12.7,-41.,3.5));
#996 = VERTEX_POINT('',#997);
#997 = CARTESIAN_POINT('',(12.7,-46.,3.5));
#998 = LINE('',#999,#1000);
#999 = CARTESIAN_POINT('',(12.7,-41.,3.5));
#1000 = VECTOR('',#1001,1.);
#1001 = DIRECTION('',(1.5E-16,-1.,-2.2E-16));
#1002 = ORIENTED_EDGE('',*,*,#1003,.T.);
#1003 = EDGE_CURVE('',#994,#1004,#1006,.T.);
#1004 = VERTEX_POINT('',#1005);
#1005 = CARTESIAN_POINT('',(32.7,-41.,3.5));
#1006 = LINE('',#1007,#1008);
#1007 = CARTESIAN_POINT('',(12.7,-41.,3.5));
#1008 = VECTOR('',#1009,1.);
#1009 = DIRECTION('',(1.,1.5E-16,3.E-17));
#1010 = ORIENTED_EDGE('',*,*,#1011,.T.);
#1011 = EDGE_CURVE('',#1004,#1012,#1014,.T.);
#1012 = VERTEX_POINT('',#1013);
#1013 = CARTESIAN_POINT('',(32.7,-46.,3.5));
#1014 = LINE('',#1015,#1016);
#1015 = CARTESIAN_POINT('',(32.7,-41.,3.5));
#1016 = VECTOR('',#1017,1.);
#1017 = DIRECTION('',(1.5E-16,-1.,-2.2E-16));
#1018 = ORIENTED_EDGE('',*,*,#1019,.F.);
#1019 = EDGE_CURVE('',#996,#1012,#1020,.T.);
#1020 = LINE('',#1021,#1022);
#1021 = CARTESIAN_POINT('',(12.7,-46.,3.5));
#1022 = VECTOR('',#1023,1.);
#1023 = DIRECTION('',(1.,1.5E-16,3.E-17));
#1024 = FACE_BOUND('',#1025,.T.);
#1025 = EDGE_LOOP('',(#1026));
#1026 = ORIENTED_EDGE('',*,*,#509,.F.);
#1027 = FACE_BOUND('',#1028,.T.);
#1028 = EDGE_LOOP('',(#1029,#1039,#1047,#1055));
#1029 = ORIENTED_EDGE('',*,*,#1030,.F.);
#1030 = EDGE_CURVE('',#1031,#1033,#1035,.T.);
#1031 = VERTEX_POINT('',#1032);
#1032 = CARTESIAN_POINT('',(-56.17595264191,-5.264604139386,3.5));
#1033 = VERTEX_POINT('',#1034);
#1034 = CARTESIAN_POINT('',(-51.84582562299,-7.764604139387,3.5));
#1035 = LINE('',#1036,#1037);
#1036 = CARTESIAN_POINT('',(-56.17595264191,-5.264604139386,3.5));
#1037 = VECTOR('',#1038,1.);
#1038 = DIRECTION('',(0.866025403784,-0.5,-2.2E-16));
#1039 = ORIENTED_EDGE('',*,*,#1040,.T.);
#1040 = EDGE_CURVE('',#1031,#1041,#1043,.T.);
#1041 = VERTEX_POINT('',#1042);
#1042 = CARTESIAN_POINT('',(-46.17595264191,12.0559039363,3.5));
#1043 = LINE('',#1044,#1045);
#1044 = CARTESIAN_POINT('',(-56.17595264191,-5.264604139386,3.5));
#1045 = VECTOR('',#1046,1.);
#1046 = DIRECTION('',(0.5,0.866025403784,3.E-17));
#1047 = ORIENTED_EDGE('',*,*,#1048,.T.);
#1048 = EDGE_CURVE('',#1041,#1049,#1051,.T.);
#1049 = VERTEX_POINT('',#1050);
#1050 = CARTESIAN_POINT('',(-41.84582562299,9.555903936299,3.5));
#1051 = LINE('',#1052,#1053);
#1052 = CARTESIAN_POINT('',(-46.17595264191,12.0559039363,3.5));
#1053 = VECTOR('',#1054,1.);
#1054 = DIRECTION('',(0.866025403784,-0.5,-2.2E-16));
#1055 = ORIENTED_EDGE('',*,*,#1056,.F.);
#1056 = EDGE_CURVE('',#1033,#1049,#1057,.T.);
#1057 = LINE('',#1058,#1059);
#1058 = CARTESIAN_POINT('',(-51.84582562299,-7.764604139387,3.5));
#1059 = VECTOR('',#1060,1.);
#1060 = DIRECTION('',(0.5,0.866025403784,3.E-17));
#1061 = FACE_BOUND('',#1062,.T.);
#1062 = EDGE_LOOP('',(#1063));
#1063 = ORIENTED_EDGE('',*,*,#620,.F.);
#1064 = FACE_BOUND('',#1065,.T.);
#1065 = EDGE_LOOP('',(#1066,#1076,#1084,#1092));
#1066 = ORIENTED_EDGE('',*,*,#1067,.F.);
#1067 = EDGE_CURVE('',#1068,#1070,#1072,.T.);
#1068 = VERTEX_POINT('',#1069);
#1069 = CARTESIAN_POINT('',(-33.47595264191,34.052949192422,3.5));
#1070 = VERTEX_POINT('',#1071);
#1071 = CARTESIAN_POINT('',(-29.14582562298,31.552949192421,3.5));
#1072 = LINE('',#1073,#1074);
#1073 = CARTESIAN_POINT('',(-33.47595264191,34.052949192422,3.5));
#1074 = VECTOR('',#1075,1.);
#1075 = DIRECTION('',(0.866025403784,-0.5,-2.2E-16));
#1076 = ORIENTED_EDGE('',*,*,#1077,.T.);
#1077 = EDGE_CURVE('',#1068,#1078,#1080,.T.);
#1078 = VERTEX_POINT('',#1079);
#1079 = CARTESIAN_POINT('',(-23.4759526419,51.373457268109,3.5));
#1080 = LINE('',#1081,#1082);
#1081 = CARTESIAN_POINT('',(-33.47595264191,34.052949192422,3.5));
#1082 = VECTOR('',#1083,1.);
#1083 = DIRECTION('',(0.5,0.866025403784,3.E-17));
#1084 = ORIENTED_EDGE('',*,*,#1085,.T.);
#1085 = EDGE_CURVE('',#1078,#1086,#1088,.T.);
#1086 = VERTEX_POINT('',#1087);
#1087 = CARTESIAN_POINT('',(-19.14582562298,48.873457268108,3.5));
#1088 = LINE('',#1089,#1090);
#1089 = CARTESIAN_POINT('',(-23.4759526419,51.373457268109,3.5));
#1090 = VECTOR('',#1091,1.);
#1091 = DIRECTION('',(0.866025403784,-0.5,-2.2E-16));
#1092 = ORIENTED_EDGE('',*,*,#1093,.F.);
#1093 = EDGE_CURVE('',#1070,#1086,#1094,.T.);
#1094 = LINE('',#1095,#1096);
#1095 = CARTESIAN_POINT('',(-29.14582562298,31.552949192421,3.5));
#1096 = VECTOR('',#1097,1.);
#1097 = DIRECTION('',(0.5,0.866025403784,3.E-17));
#1098 = FACE_BOUND('',#1099,.T.);
#1099 = EDGE_LOOP('',(#1100,#1110,#1118,#1126));
#1100 = ORIENTED_EDGE('',*,*,#1101,.F.);
#1101 = EDGE_CURVE('',#1102,#1104,#1106,.T.);
#1102 = VERTEX_POINT('',#1103);
#1103 = CARTESIAN_POINT('',(46.188457268127,11.921245288386,3.5));
#1104 = VERTEX_POINT('',#1105);
#1105 = CARTESIAN_POINT('',(41.858330249205,9.421245288385,3.5));
#1106 = LINE('',#1107,#1108);
#1107 = CARTESIAN_POINT('',(46.188457268127,11.921245288386,3.5));
#1108 = VECTOR('',#1109,1.);
#1109 = DIRECTION('',(-0.866025403784,-0.5,-2.2E-16));
#1110 = ORIENTED_EDGE('',*,*,#1111,.T.);
#1111 = EDGE_CURVE('',#1102,#1112,#1114,.T.);
#1112 = VERTEX_POINT('',#1113);
#1113 = CARTESIAN_POINT('',(56.188457268131,-5.3992627873,3.5));
#1114 = LINE('',#1115,#1116);
#1115 = CARTESIAN_POINT('',(46.188457268127,11.921245288386,3.5));
#1116 = VECTOR('',#1117,1.);
#1117 = DIRECTION('',(0.5,-0.866025403784,3.E-17));
#1118 = ORIENTED_EDGE('',*,*,#1119,.T.);
#1119 = EDGE_CURVE('',#1112,#1120,#1122,.T.);
#1120 = VERTEX_POINT('',#1121);
#1121 = CARTESIAN_POINT('',(51.858330249209,-7.899262787301,3.5));
#1122 = LINE('',#1123,#1124);
#1123 = CARTESIAN_POINT('',(56.188457268131,-5.3992627873,3.5));
#1124 = VECTOR('',#1125,1.);
#1125 = DIRECTION('',(-0.866025403784,-0.5,-2.2E-16));
#1126 = ORIENTED_EDGE('',*,*,#1127,.F.);
#1127 = EDGE_CURVE('',#1104,#1120,#1128,.T.);
#1128 = LINE('',#1129,#1130);
#1129 = CARTESIAN_POINT('',(41.858330249205,9.421245288385,3.5));
#1130 = VECTOR('',#1131,1.);
#1131 = DIRECTION('',(0.5,-0.866025403784,3.E-17));
#1132 = FACE_BOUND('',#1133,.T.);
#1133 = EDGE_LOOP('',(#1134));
#1134 = ORIENTED_EDGE('',*,*,#817,.F.);
#1135 = FACE_BOUND('',#1136,.T.);
#1136 = EDGE_LOOP('',(#1137,#1147,#1155,#1163));
#1137 = ORIENTED_EDGE('',*,*,#1138,.F.);
#1138 = EDGE_CURVE('',#1139,#1141,#1143,.T.);
#1139 = VERTEX_POINT('',#1140);
#1140 = CARTESIAN_POINT('',(23.488457268118,51.238798620195,3.5));
#1141 = VERTEX_POINT('',#1142);
#1142 = CARTESIAN_POINT('',(19.158330249197,48.738798620194,3.5));
#1143 = LINE('',#1144,#1145);
#1144 = CARTESIAN_POINT('',(23.488457268118,51.238798620195,3.5));
#1145 = VECTOR('',#1146,1.);
#1146 = DIRECTION('',(-0.866025403784,-0.5,-2.2E-16));
#1147 = ORIENTED_EDGE('',*,*,#1148,.T.);
#1148 = EDGE_CURVE('',#1139,#1149,#1151,.T.);
#1149 = VERTEX_POINT('',#1150);
#1150 = CARTESIAN_POINT('',(33.488457268122,33.918290544508,3.5));
#1151 = LINE('',#1152,#1153);
#1152 = CARTESIAN_POINT('',(23.488457268118,51.238798620195,3.5));
#1153 = VECTOR('',#1154,1.);
#1154 = DIRECTION('',(0.5,-0.866025403784,3.E-17));
#1155 = ORIENTED_EDGE('',*,*,#1156,.T.);
#1156 = EDGE_CURVE('',#1149,#1157,#1159,.T.);
#1157 = VERTEX_POINT('',#1158);
#1158 = CARTESIAN_POINT('',(29.1583302492,31.418290544507,3.5));
#1159 = LINE('',#1160,#1161);
#1160 = CARTESIAN_POINT('',(33.488457268122,33.918290544508,3.5));
#1161 = VECTOR('',#1162,1.);
#1162 = DIRECTION('',(-0.866025403784,-0.5,-2.2E-16));
#1163 = ORIENTED_EDGE('',*,*,#1164,.F.);
#1164 = EDGE_CURVE('',#1141,#1157,#1165,.T.);
#1165 = LINE('',#1166,#1167);
#1166 = CARTESIAN_POINT('',(19.158330249197,48.738798620194,3.5));
#1167 = VECTOR('',#1168,1.);
#1168 = DIRECTION('',(0.5,-0.866025403784,3.E-17));
#1169 = FACE_BOUND('',#1170,.T.);
#1170 = EDGE_LOOP('',(#1171));
#1171 = ORIENTED_EDGE('',*,*,#928,.F.);
#1172 = PLANE('',#1173);
#1173 = AXIS2_PLACEMENT_3D('',#1174,#1175,#1176);
#1174 = CARTESIAN_POINT('',(-3.889607488112E-15,2.156670906701E-16,3.5)
  );
#1175 = DIRECTION('',(0.,0.,1.));
#1176 = DIRECTION('',(1.,0.,0.));
#1177 = ADVANCED_FACE('',(#1178),#1198,.F.);
#1178 = FACE_BOUND('',#1179,.F.);
#1179 = EDGE_LOOP('',(#1180,#1189,#1196,#1197));
#1180 = ORIENTED_EDGE('',*,*,#1181,.T.);
#1181 = EDGE_CURVE('',#545,#1182,#1184,.T.);
#1182 = VERTEX_POINT('',#1183);
#1183 = CARTESIAN_POINT('',(-53.01088913245,-4.782553331818,3.5));
#1184 = CIRCLE('',#1185,1.7);
#1185 = AXIS2_PLACEMENT_3D('',#1186,#1187,#1188);
#1186 = CARTESIAN_POINT('',(-52.16088913245,-3.310310145385,3.5));
#1187 = DIRECTION('',(-3.660511776651E-16,2.459807621136E-16,-1.));
#1188 = DIRECTION('',(-0.5,-0.866025403784,-3.E-17));
#1189 = ORIENTED_EDGE('',*,*,#1190,.T.);
#1190 = EDGE_CURVE('',#1182,#536,#1191,.T.);
#1191 = CIRCLE('',#1192,1.7);
#1192 = AXIS2_PLACEMENT_3D('',#1193,#1194,#1195);
#1193 = CARTESIAN_POINT('',(-52.16088913245,-3.310310145385,3.5));
#1194 = DIRECTION('',(-3.660511776651E-16,2.459807621136E-16,-1.));
#1195 = DIRECTION('',(-0.5,-0.866025403784,-3.E-17));
#1196 = ORIENTED_EDGE('',*,*,#535,.T.);
#1197 = ORIENTED_EDGE('',*,*,#553,.T.);
#1198 = PLANE('',#1199);
#1199 = AXIS2_PLACEMENT_3D('',#1200,#1201,#1202);
#1200 = CARTESIAN_POINT('',(-56.17595264191,-5.264604139386,3.5));
#1201 = DIRECTION('',(1.755255888325E-16,-1.359807621136E-16,1.));
#1202 = DIRECTION('',(0.5,0.866025403784,3.E-17));
#1203 = ADVANCED_FACE('',(#1204),#1214,.T.);
#1204 = FACE_BOUND('',#1205,.T.);
#1205 = EDGE_LOOP('',(#1206,#1207));
#1206 = ORIENTED_EDGE('',*,*,#544,.F.);
#1207 = ORIENTED_EDGE('',*,*,#1208,.F.);
#1208 = EDGE_CURVE('',#536,#545,#1209,.T.);
#1209 = CIRCLE('',#1210,1.7);
#1210 = AXIS2_PLACEMENT_3D('',#1211,#1212,#1213);
#1211 = CARTESIAN_POINT('',(-52.16088913245,-3.310310145385,3.5));
#1212 = DIRECTION('',(-3.660511776651E-16,2.459807621136E-16,-1.));
#1213 = DIRECTION('',(-0.5,-0.866025403784,-3.E-17));
#1214 = PLANE('',#1215);
#1215 = AXIS2_PLACEMENT_3D('',#1216,#1217,#1218);
#1216 = CARTESIAN_POINT('',(-3.889607488112E-15,2.156670906701E-16,3.5)
  );
#1217 = DIRECTION('',(0.,0.,1.));
#1218 = DIRECTION('',(1.,0.,0.));
#1219 = ADVANCED_FACE('',(#1220),#1240,.F.);
#1220 = FACE_BOUND('',#1221,.F.);
#1221 = EDGE_LOOP('',(#1222,#1231,#1238,#1239));
#1222 = ORIENTED_EDGE('',*,*,#1223,.T.);
#1223 = EDGE_CURVE('',#588,#1224,#1226,.T.);
#1224 = VERTEX_POINT('',#1225);
#1225 = CARTESIAN_POINT('',(-49.51088913245,1.279624494672,3.5));
#1226 = CIRCLE('',#1227,1.7);
#1227 = AXIS2_PLACEMENT_3D('',#1228,#1229,#1230);
#1228 = CARTESIAN_POINT('',(-48.66088913245,2.751867681106,3.5));
#1229 = DIRECTION('',(-3.660511776651E-16,2.459807621136E-16,-1.));
#1230 = DIRECTION('',(-0.5,-0.866025403784,-3.E-17));
#1231 = ORIENTED_EDGE('',*,*,#1232,.T.);
#1232 = EDGE_CURVE('',#1224,#579,#1233,.T.);
#1233 = CIRCLE('',#1234,1.7);
#1234 = AXIS2_PLACEMENT_3D('',#1235,#1236,#1237);
#1235 = CARTESIAN_POINT('',(-48.66088913245,2.751867681106,3.5));
#1236 = DIRECTION('',(-3.660511776651E-16,2.459807621136E-16,-1.));
#1237 = DIRECTION('',(-0.5,-0.866025403784,-3.E-17));
#1238 = ORIENTED_EDGE('',*,*,#578,.T.);
#1239 = ORIENTED_EDGE('',*,*,#596,.T.);
#1240 = PLANE('',#1241);
#1241 = AXIS2_PLACEMENT_3D('',#1242,#1243,#1244);
#1242 = CARTESIAN_POINT('',(-56.17595264191,-5.264604139386,3.5));
#1243 = DIRECTION('',(1.755255888325E-16,-1.359807621136E-16,1.));
#1244 = DIRECTION('',(0.5,0.866025403784,3.E-17));
#1245 = ADVANCED_FACE('',(#1246),#1256,.T.);
#1246 = FACE_BOUND('',#1247,.T.);
#1247 = EDGE_LOOP('',(#1248,#1249));
#1248 = ORIENTED_EDGE('',*,*,#587,.F.);
#1249 = ORIENTED_EDGE('',*,*,#1250,.F.);
#1250 = EDGE_CURVE('',#579,#588,#1251,.T.);
#1251 = CIRCLE('',#1252,1.7);
#1252 = AXIS2_PLACEMENT_3D('',#1253,#1254,#1255);
#1253 = CARTESIAN_POINT('',(-48.66088913245,2.751867681106,3.5));
#1254 = DIRECTION('',(-3.660511776651E-16,2.459807621136E-16,-1.));
#1255 = DIRECTION('',(-0.5,-0.866025403784,-3.E-17));
#1256 = PLANE('',#1257);
#1257 = AXIS2_PLACEMENT_3D('',#1258,#1259,#1260);
#1258 = CARTESIAN_POINT('',(-3.889607488112E-15,2.156670906701E-16,3.5)
  );
#1259 = DIRECTION('',(0.,0.,1.));
#1260 = DIRECTION('',(1.,0.,0.));
#1261 = ADVANCED_FACE('',(#1262),#1273,.F.);
#1262 = FACE_BOUND('',#1263,.F.);
#1263 = EDGE_LOOP('',(#1264,#1271,#1272));
#1264 = ORIENTED_EDGE('',*,*,#1265,.F.);
#1265 = EDGE_CURVE('',#647,#656,#1266,.T.);
#1266 = CIRCLE('',#1267,1.7);
#1267 = AXIS2_PLACEMENT_3D('',#1268,#1269,#1270);
#1268 = CARTESIAN_POINT('',(-26.66088913244,40.856985447616,3.5));
#1269 = DIRECTION('',(3.660511776651E-16,-2.459807621136E-16,1.));
#1270 = DIRECTION('',(0.5,0.866025403784,3.E-17));
#1271 = ORIENTED_EDGE('',*,*,#646,.T.);
#1272 = ORIENTED_EDGE('',*,*,#664,.T.);
#1273 = PLANE('',#1274);
#1274 = AXIS2_PLACEMENT_3D('',#1275,#1276,#1277);
#1275 = CARTESIAN_POINT('',(-33.47595264191,34.052949192422,3.5));
#1276 = DIRECTION('',(1.755255888325E-16,-1.359807621136E-16,1.));
#1277 = DIRECTION('',(0.5,0.866025403784,3.E-17));
#1278 = ADVANCED_FACE('',(#1279),#1298,.T.);
#1279 = FACE_BOUND('',#1280,.T.);
#1280 = EDGE_LOOP('',(#1281,#1282,#1291));
#1281 = ORIENTED_EDGE('',*,*,#655,.F.);
#1282 = ORIENTED_EDGE('',*,*,#1283,.T.);
#1283 = EDGE_CURVE('',#656,#1284,#1286,.T.);
#1284 = VERTEX_POINT('',#1285);
#1285 = CARTESIAN_POINT('',(-25.81088913244,42.329228634049,3.5));
#1286 = CIRCLE('',#1287,1.7);
#1287 = AXIS2_PLACEMENT_3D('',#1288,#1289,#1290);
#1288 = CARTESIAN_POINT('',(-26.66088913244,40.856985447616,3.5));
#1289 = DIRECTION('',(3.660511776651E-16,-2.459807621136E-16,1.));
#1290 = DIRECTION('',(0.5,0.866025403784,3.E-17));
#1291 = ORIENTED_EDGE('',*,*,#1292,.T.);
#1292 = EDGE_CURVE('',#1284,#647,#1293,.T.);
#1293 = CIRCLE('',#1294,1.7);
#1294 = AXIS2_PLACEMENT_3D('',#1295,#1296,#1297);
#1295 = CARTESIAN_POINT('',(-26.66088913244,40.856985447616,3.5));
#1296 = DIRECTION('',(3.660511776651E-16,-2.459807621136E-16,1.));
#1297 = DIRECTION('',(0.5,0.866025403784,3.E-17));
#1298 = PLANE('',#1299);
#1299 = AXIS2_PLACEMENT_3D('',#1300,#1301,#1302);
#1300 = CARTESIAN_POINT('',(-3.889607488112E-15,2.156670906701E-16,3.5)
  );
#1301 = DIRECTION('',(0.,0.,1.));
#1302 = DIRECTION('',(1.,0.,0.));
#1303 = ADVANCED_FACE('',(#1304),#1315,.F.);
#1304 = FACE_BOUND('',#1305,.F.);
#1305 = EDGE_LOOP('',(#1306,#1313,#1314));
#1306 = ORIENTED_EDGE('',*,*,#1307,.F.);
#1307 = EDGE_CURVE('',#690,#699,#1308,.T.);
#1308 = CIRCLE('',#1309,1.7);
#1309 = AXIS2_PLACEMENT_3D('',#1310,#1311,#1312);
#1310 = CARTESIAN_POINT('',(-23.16088913244,46.919163274106,3.5));
#1311 = DIRECTION('',(3.660511776651E-16,-2.459807621136E-16,1.));
#1312 = DIRECTION('',(0.5,0.866025403784,3.E-17));
#1313 = ORIENTED_EDGE('',*,*,#689,.T.);
#1314 = ORIENTED_EDGE('',*,*,#707,.T.);
#1315 = PLANE('',#1316);
#1316 = AXIS2_PLACEMENT_3D('',#1317,#1318,#1319);
#1317 = CARTESIAN_POINT('',(-33.47595264191,34.052949192422,3.5));
#1318 = DIRECTION('',(1.755255888325E-16,-1.359807621136E-16,1.));
#1319 = DIRECTION('',(0.5,0.866025403784,3.E-17));
#1320 = ADVANCED_FACE('',(#1321),#1340,.T.);
#1321 = FACE_BOUND('',#1322,.T.);
#1322 = EDGE_LOOP('',(#1323,#1324,#1333));
#1323 = ORIENTED_EDGE('',*,*,#698,.F.);
#1324 = ORIENTED_EDGE('',*,*,#1325,.T.);
#1325 = EDGE_CURVE('',#699,#1326,#1328,.T.);
#1326 = VERTEX_POINT('',#1327);
#1327 = CARTESIAN_POINT('',(-22.31088913244,48.39140646054,3.5));
#1328 = CIRCLE('',#1329,1.7);
#1329 = AXIS2_PLACEMENT_3D('',#1330,#1331,#1332);
#1330 = CARTESIAN_POINT('',(-23.16088913244,46.919163274106,3.5));
#1331 = DIRECTION('',(3.660511776651E-16,-2.459807621136E-16,1.));
#1332 = DIRECTION('',(0.5,0.866025403784,3.E-17));
#1333 = ORIENTED_EDGE('',*,*,#1334,.T.);
#1334 = EDGE_CURVE('',#1326,#690,#1335,.T.);
#1335 = CIRCLE('',#1336,1.7);
#1336 = AXIS2_PLACEMENT_3D('',#1337,#1338,#1339);
#1337 = CARTESIAN_POINT('',(-23.16088913244,46.919163274106,3.5));
#1338 = DIRECTION('',(3.660511776651E-16,-2.459807621136E-16,1.));
#1339 = DIRECTION('',(0.5,0.866025403784,3.E-17));
#1340 = PLANE('',#1341);
#1341 = AXIS2_PLACEMENT_3D('',#1342,#1343,#1344);
#1342 = CARTESIAN_POINT('',(-3.889607488112E-15,2.156670906701E-16,3.5)
  );
#1343 = DIRECTION('',(0.,0.,1.));
#1344 = DIRECTION('',(1.,0.,0.));
#1345 = ADVANCED_FACE('',(#1346),#1357,.F.);
#1346 = FACE_BOUND('',#1347,.F.);
#1347 = EDGE_LOOP('',(#1348,#1355,#1356));
#1348 = ORIENTED_EDGE('',*,*,#1349,.F.);
#1349 = EDGE_CURVE('',#733,#742,#1350,.T.);
#1350 = CIRCLE('',#1351,1.7);
#1351 = AXIS2_PLACEMENT_3D('',#1352,#1353,#1354);
#1352 = CARTESIAN_POINT('',(52.173393758669,-3.444968793299,3.5));
#1353 = DIRECTION('',(-3.960511776651E-16,-1.940192378866E-16,1.));
#1354 = DIRECTION('',(0.5,-0.866025403784,3.E-17));
#1355 = ORIENTED_EDGE('',*,*,#732,.T.);
#1356 = ORIENTED_EDGE('',*,*,#750,.T.);
#1357 = PLANE('',#1358);
#1358 = AXIS2_PLACEMENT_3D('',#1359,#1360,#1361);
#1359 = CARTESIAN_POINT('',(46.188457268127,11.921245288386,3.5));
#1360 = DIRECTION('',(-2.055255888326E-16,-8.401923788651E-17,1.));
#1361 = DIRECTION('',(0.5,-0.866025403784,3.E-17));
#1362 = ADVANCED_FACE('',(#1363),#1382,.T.);
#1363 = FACE_BOUND('',#1364,.T.);
#1364 = EDGE_LOOP('',(#1365,#1366,#1375));
#1365 = ORIENTED_EDGE('',*,*,#741,.F.);
#1366 = ORIENTED_EDGE('',*,*,#1367,.T.);
#1367 = EDGE_CURVE('',#742,#1368,#1370,.T.);
#1368 = VERTEX_POINT('',#1369);
#1369 = CARTESIAN_POINT('',(53.02339375867,-4.917211979732,3.5));
#1370 = CIRCLE('',#1371,1.7);
#1371 = AXIS2_PLACEMENT_3D('',#1372,#1373,#1374);
#1372 = CARTESIAN_POINT('',(52.173393758669,-3.444968793299,3.5));
#1373 = DIRECTION('',(-3.960511776651E-16,-1.940192378866E-16,1.));
#1374 = DIRECTION('',(0.5,-0.866025403784,3.E-17));
#1375 = ORIENTED_EDGE('',*,*,#1376,.T.);
#1376 = EDGE_CURVE('',#1368,#733,#1377,.T.);
#1377 = CIRCLE('',#1378,1.7);
#1378 = AXIS2_PLACEMENT_3D('',#1379,#1380,#1381);
#1379 = CARTESIAN_POINT('',(52.173393758669,-3.444968793299,3.5));
#1380 = DIRECTION('',(-3.960511776651E-16,-1.940192378866E-16,1.));
#1381 = DIRECTION('',(0.5,-0.866025403784,3.E-17));
#1382 = PLANE('',#1383);
#1383 = AXIS2_PLACEMENT_3D('',#1384,#1385,#1386);
#1384 = CARTESIAN_POINT('',(-3.889607488112E-15,2.156670906701E-16,3.5)
  );
#1385 = DIRECTION('',(0.,0.,1.));
#1386 = DIRECTION('',(1.,0.,0.));
#1387 = ADVANCED_FACE('',(#1388),#1399,.F.);
#1388 = FACE_BOUND('',#1389,.F.);
#1389 = EDGE_LOOP('',(#1390,#1397,#1398));
#1390 = ORIENTED_EDGE('',*,*,#1391,.F.);
#1391 = EDGE_CURVE('',#776,#785,#1392,.T.);
#1392 = CIRCLE('',#1393,1.7);
#1393 = AXIS2_PLACEMENT_3D('',#1394,#1395,#1396);
#1394 = CARTESIAN_POINT('',(48.673393758668,2.617209033192,3.5));
#1395 = DIRECTION('',(-3.960511776651E-16,-1.940192378866E-16,1.));
#1396 = DIRECTION('',(0.5,-0.866025403784,3.E-17));
#1397 = ORIENTED_EDGE('',*,*,#775,.T.);
#1398 = ORIENTED_EDGE('',*,*,#793,.T.);
#1399 = PLANE('',#1400);
#1400 = AXIS2_PLACEMENT_3D('',#1401,#1402,#1403);
#1401 = CARTESIAN_POINT('',(46.188457268127,11.921245288386,3.5));
#1402 = DIRECTION('',(-2.055255888326E-16,-8.401923788651E-17,1.));
#1403 = DIRECTION('',(0.5,-0.866025403784,3.E-17));
#1404 = ADVANCED_FACE('',(#1405),#1424,.T.);
#1405 = FACE_BOUND('',#1406,.T.);
#1406 = EDGE_LOOP('',(#1407,#1408,#1417));
#1407 = ORIENTED_EDGE('',*,*,#784,.F.);
#1408 = ORIENTED_EDGE('',*,*,#1409,.T.);
#1409 = EDGE_CURVE('',#785,#1410,#1412,.T.);
#1410 = VERTEX_POINT('',#1411);
#1411 = CARTESIAN_POINT('',(49.523393758668,1.144965846758,3.5));
#1412 = CIRCLE('',#1413,1.7);
#1413 = AXIS2_PLACEMENT_3D('',#1414,#1415,#1416);
#1414 = CARTESIAN_POINT('',(48.673393758668,2.617209033192,3.5));
#1415 = DIRECTION('',(-3.960511776651E-16,-1.940192378866E-16,1.));
#1416 = DIRECTION('',(0.5,-0.866025403784,3.E-17));
#1417 = ORIENTED_EDGE('',*,*,#1418,.T.);
#1418 = EDGE_CURVE('',#1410,#776,#1419,.T.);
#1419 = CIRCLE('',#1420,1.7);
#1420 = AXIS2_PLACEMENT_3D('',#1421,#1422,#1423);
#1421 = CARTESIAN_POINT('',(48.673393758668,2.617209033192,3.5));
#1422 = DIRECTION('',(-3.960511776651E-16,-1.940192378866E-16,1.));
#1423 = DIRECTION('',(0.5,-0.866025403784,3.E-17));
#1424 = PLANE('',#1425);
#1425 = AXIS2_PLACEMENT_3D('',#1426,#1427,#1428);
#1426 = CARTESIAN_POINT('',(-3.889607488112E-15,2.156670906701E-16,3.5)
  );
#1427 = DIRECTION('',(0.,0.,1.));
#1428 = DIRECTION('',(1.,0.,0.));
#1429 = ADVANCED_FACE('',(#1430),#1450,.F.);
#1430 = FACE_BOUND('',#1431,.F.);
#1431 = EDGE_LOOP('',(#1432,#1441,#1448,#1449));
#1432 = ORIENTED_EDGE('',*,*,#1433,.T.);
#1433 = EDGE_CURVE('',#853,#1434,#1436,.T.);
#1434 = VERTEX_POINT('',#1435);
#1435 = CARTESIAN_POINT('',(25.823393758659,42.194569986135,3.5));
#1436 = CIRCLE('',#1437,1.7);
#1437 = AXIS2_PLACEMENT_3D('',#1438,#1439,#1440);
#1438 = CARTESIAN_POINT('',(26.67339375866,40.722326799702,3.5));
#1439 = DIRECTION('',(3.960511776651E-16,1.940192378866E-16,-1.));
#1440 = DIRECTION('',(-0.5,0.866025403784,-3.E-17));
#1441 = ORIENTED_EDGE('',*,*,#1442,.T.);
#1442 = EDGE_CURVE('',#1434,#844,#1443,.T.);
#1443 = CIRCLE('',#1444,1.7);
#1444 = AXIS2_PLACEMENT_3D('',#1445,#1446,#1447);
#1445 = CARTESIAN_POINT('',(26.67339375866,40.722326799702,3.5));
#1446 = DIRECTION('',(3.960511776651E-16,1.940192378866E-16,-1.));
#1447 = DIRECTION('',(-0.5,0.866025403784,-3.E-17));
#1448 = ORIENTED_EDGE('',*,*,#843,.T.);
#1449 = ORIENTED_EDGE('',*,*,#861,.T.);
#1450 = PLANE('',#1451);
#1451 = AXIS2_PLACEMENT_3D('',#1452,#1453,#1454);
#1452 = CARTESIAN_POINT('',(23.488457268118,51.238798620195,3.5));
#1453 = DIRECTION('',(-2.055255888326E-16,-8.401923788651E-17,1.));
#1454 = DIRECTION('',(0.5,-0.866025403784,3.E-17));
#1455 = ADVANCED_FACE('',(#1456),#1466,.T.);
#1456 = FACE_BOUND('',#1457,.T.);
#1457 = EDGE_LOOP('',(#1458,#1459));
#1458 = ORIENTED_EDGE('',*,*,#852,.F.);
#1459 = ORIENTED_EDGE('',*,*,#1460,.F.);
#1460 = EDGE_CURVE('',#844,#853,#1461,.T.);
#1461 = CIRCLE('',#1462,1.7);
#1462 = AXIS2_PLACEMENT_3D('',#1463,#1464,#1465);
#1463 = CARTESIAN_POINT('',(26.67339375866,40.722326799702,3.5));
#1464 = DIRECTION('',(3.960511776651E-16,1.940192378866E-16,-1.));
#1465 = DIRECTION('',(-0.5,0.866025403784,-3.E-17));
#1466 = PLANE('',#1467);
#1467 = AXIS2_PLACEMENT_3D('',#1468,#1469,#1470);
#1468 = CARTESIAN_POINT('',(-3.889607488112E-15,2.156670906701E-16,3.5)
  );
#1469 = DIRECTION('',(0.,0.,1.));
#1470 = DIRECTION('',(1.,0.,0.));
#1471 = ADVANCED_FACE('',(#1472),#1492,.F.);
#1472 = FACE_BOUND('',#1473,.F.);
#1473 = EDGE_LOOP('',(#1474,#1483,#1490,#1491));
#1474 = ORIENTED_EDGE('',*,*,#1475,.T.);
#1475 = EDGE_CURVE('',#896,#1476,#1478,.T.);
#1476 = VERTEX_POINT('',#1477);
#1477 = CARTESIAN_POINT('',(22.323393758658,48.256747812626,3.5));
#1478 = CIRCLE('',#1479,1.7);
#1479 = AXIS2_PLACEMENT_3D('',#1480,#1481,#1482);
#1480 = CARTESIAN_POINT('',(23.173393758658,46.784504626192,3.5));
#1481 = DIRECTION('',(3.960511776651E-16,1.940192378866E-16,-1.));
#1482 = DIRECTION('',(-0.5,0.866025403784,-3.E-17));
#1483 = ORIENTED_EDGE('',*,*,#1484,.T.);
#1484 = EDGE_CURVE('',#1476,#887,#1485,.T.);
#1485 = CIRCLE('',#1486,1.7);
#1486 = AXIS2_PLACEMENT_3D('',#1487,#1488,#1489);
#1487 = CARTESIAN_POINT('',(23.173393758658,46.784504626192,3.5));
#1488 = DIRECTION('',(3.960511776651E-16,1.940192378866E-16,-1.));
#1489 = DIRECTION('',(-0.5,0.866025403784,-3.E-17));
#1490 = ORIENTED_EDGE('',*,*,#886,.T.);
#1491 = ORIENTED_EDGE('',*,*,#904,.T.);
#1492 = PLANE('',#1493);
#1493 = AXIS2_PLACEMENT_3D('',#1494,#1495,#1496);
#1494 = CARTESIAN_POINT('',(23.488457268118,51.238798620195,3.5));
#1495 = DIRECTION('',(-2.055255888326E-16,-8.401923788651E-17,1.));
#1496 = DIRECTION('',(0.5,-0.866025403784,3.E-17));
#1497 = ADVANCED_FACE('',(#1498),#1508,.T.);
#1498 = FACE_BOUND('',#1499,.T.);
#1499 = EDGE_LOOP('',(#1500,#1501));
#1500 = ORIENTED_EDGE('',*,*,#895,.F.);
#1501 = ORIENTED_EDGE('',*,*,#1502,.F.);
#1502 = EDGE_CURVE('',#887,#896,#1503,.T.);
#1503 = CIRCLE('',#1504,1.7);
#1504 = AXIS2_PLACEMENT_3D('',#1505,#1506,#1507);
#1505 = CARTESIAN_POINT('',(23.173393758658,46.784504626192,3.5));
#1506 = DIRECTION('',(3.960511776651E-16,1.940192378866E-16,-1.));
#1507 = DIRECTION('',(-0.5,0.866025403784,-3.E-17));
#1508 = PLANE('',#1509);
#1509 = AXIS2_PLACEMENT_3D('',#1510,#1511,#1512);
#1510 = CARTESIAN_POINT('',(-3.889607488112E-15,2.156670906701E-16,3.5)
  );
#1511 = DIRECTION('',(0.,0.,1.));
#1512 = DIRECTION('',(1.,0.,0.));
#1513 = ADVANCED_FACE('',(#1514),#1539,.F.);
#1514 = FACE_BOUND('',#1515,.F.);
#1515 = EDGE_LOOP('',(#1516,#1526,#1532,#1533));
#1516 = ORIENTED_EDGE('',*,*,#1517,.T.);
#1517 = EDGE_CURVE('',#1518,#1520,#1522,.T.);
#1518 = VERTEX_POINT('',#1519);
#1519 = CARTESIAN_POINT('',(-32.7,-41.,8.5));
#1520 = VERTEX_POINT('',#1521);
#1521 = CARTESIAN_POINT('',(-32.7,-46.,8.5));
#1522 = LINE('',#1523,#1524);
#1523 = CARTESIAN_POINT('',(-32.7,-41.,8.5));
#1524 = VECTOR('',#1525,1.);
#1525 = DIRECTION('',(1.5E-16,-1.,-2.2E-16));
#1526 = ORIENTED_EDGE('',*,*,#1527,.T.);
#1527 = EDGE_CURVE('',#1520,#959,#1528,.T.);
#1528 = LINE('',#1529,#1530);
#1529 = CARTESIAN_POINT('',(-32.7,-46.,8.5));
#1530 = VECTOR('',#1531,1.);
#1531 = DIRECTION('',(3.E-17,2.2E-16,-1.));
#1532 = ORIENTED_EDGE('',*,*,#956,.F.);
#1533 = ORIENTED_EDGE('',*,*,#1534,.F.);
#1534 = EDGE_CURVE('',#1518,#957,#1535,.T.);
#1535 = LINE('',#1536,#1537);
#1536 = CARTESIAN_POINT('',(-32.7,-41.,8.5));
#1537 = VECTOR('',#1538,1.);
#1538 = DIRECTION('',(3.E-17,2.2E-16,-1.));
#1539 = PLANE('',#1540);
#1540 = AXIS2_PLACEMENT_3D('',#1541,#1542,#1543);
#1541 = CARTESIAN_POINT('',(-32.7,-41.,8.5));
#1542 = DIRECTION('',(1.,1.5E-16,3.E-17));
#1543 = DIRECTION('',(3.E-17,2.2E-16,-1.));
#1544 = ADVANCED_FACE('',(#1545,#1634,#1645,#1656,#1667,#1678,#1689),
  #1700,.T.);
#1545 = FACE_BOUND('',#1546,.F.);
#1546 = EDGE_LOOP('',(#1547,#1557,#1565,#1573,#1581,#1589,#1595,#1596,
    #1604,#1612,#1618,#1619,#1620,#1628));
#1547 = ORIENTED_EDGE('',*,*,#1548,.T.);
#1548 = EDGE_CURVE('',#1549,#1551,#1553,.T.);
#1549 = VERTEX_POINT('',#1550);
#1550 = CARTESIAN_POINT('',(-17.7,-46.,48.1));
#1551 = VERTEX_POINT('',#1552);
#1552 = CARTESIAN_POINT('',(-12.70197055831,-46.,54.09));
#1553 = LINE('',#1554,#1555);
#1554 = CARTESIAN_POINT('',(-17.7,-46.,48.1));
#1555 = VECTOR('',#1556,1.);
#1556 = DIRECTION('',(0.640665613874,-8.000000000001E-17,0.767820012242)
  );
#1557 = ORIENTED_EDGE('',*,*,#1558,.T.);
#1558 = EDGE_CURVE('',#1551,#1559,#1561,.T.);
#1559 = VERTEX_POINT('',#1560);
#1560 = CARTESIAN_POINT('',(12.671545137988,-46.,54.11));
#1561 = LINE('',#1562,#1563);
#1562 = CARTESIAN_POINT('',(-12.70197055831,-46.,54.09));
#1563 = VECTOR('',#1564,1.);
#1564 = DIRECTION('',(0.999999689352,1.5E-16,7.882232019568E-04));
#1565 = ORIENTED_EDGE('',*,*,#1566,.T.);
#1566 = EDGE_CURVE('',#1559,#1567,#1569,.T.);
#1567 = VERTEX_POINT('',#1568);
#1568 = CARTESIAN_POINT('',(17.7,-46.,48.1));
#1569 = LINE('',#1570,#1571);
#1570 = CARTESIAN_POINT('',(12.671545137988,-46.,54.11));
#1571 = VECTOR('',#1572,1.);
#1572 = DIRECTION('',(0.64169856411,2.7E-16,-0.766956943263));
#1573 = ORIENTED_EDGE('',*,*,#1574,.T.);
#1574 = EDGE_CURVE('',#1567,#1575,#1577,.T.);
#1575 = VERTEX_POINT('',#1576);
#1576 = CARTESIAN_POINT('',(17.7,-46.,8.5));
#1577 = LINE('',#1578,#1579);
#1578 = CARTESIAN_POINT('',(17.7,-46.,48.1));
#1579 = VECTOR('',#1580,1.);
#1580 = DIRECTION('',(3.E-17,2.2E-16,-1.));
#1581 = ORIENTED_EDGE('',*,*,#1582,.F.);
#1582 = EDGE_CURVE('',#1583,#1575,#1585,.T.);
#1583 = VERTEX_POINT('',#1584);
#1584 = CARTESIAN_POINT('',(32.7,-46.,8.5));
#1585 = LINE('',#1586,#1587);
#1586 = CARTESIAN_POINT('',(32.7,-46.,8.5));
#1587 = VECTOR('',#1588,1.);
#1588 = DIRECTION('',(-1.,-1.5E-16,-3.E-17));
#1589 = ORIENTED_EDGE('',*,*,#1590,.F.);
#1590 = EDGE_CURVE('',#1012,#1583,#1591,.T.);
#1591 = LINE('',#1592,#1593);
#1592 = CARTESIAN_POINT('',(32.7,-46.,3.5));
#1593 = VECTOR('',#1594,1.);
#1594 = DIRECTION('',(-3.E-17,-2.2E-16,1.));
#1595 = ORIENTED_EDGE('',*,*,#1019,.F.);
#1596 = ORIENTED_EDGE('',*,*,#1597,.F.);
#1597 = EDGE_CURVE('',#1598,#996,#1600,.T.);
#1598 = VERTEX_POINT('',#1599);
#1599 = CARTESIAN_POINT('',(12.7,-46.,49.09));
#1600 = LINE('',#1601,#1602);
#1601 = CARTESIAN_POINT('',(12.7,-46.,49.09));
#1602 = VECTOR('',#1603,1.);
#1603 = DIRECTION('',(3.E-17,2.2E-16,-1.));
#1604 = ORIENTED_EDGE('',*,*,#1605,.F.);
#1605 = EDGE_CURVE('',#1606,#1598,#1608,.T.);
#1606 = VERTEX_POINT('',#1607);
#1607 = CARTESIAN_POINT('',(-12.7,-46.,49.09));
#1608 = LINE('',#1609,#1610);
#1609 = CARTESIAN_POINT('',(-12.7,-46.,49.09));
#1610 = VECTOR('',#1611,1.);
#1611 = DIRECTION('',(1.,1.5E-16,3.E-17));
#1612 = ORIENTED_EDGE('',*,*,#1613,.F.);
#1613 = EDGE_CURVE('',#975,#1606,#1614,.T.);
#1614 = LINE('',#1615,#1616);
#1615 = CARTESIAN_POINT('',(-12.7,-46.,3.5));
#1616 = VECTOR('',#1617,1.);
#1617 = DIRECTION('',(-3.E-17,-2.2E-16,1.));
#1618 = ORIENTED_EDGE('',*,*,#982,.F.);
#1619 = ORIENTED_EDGE('',*,*,#1527,.F.);
#1620 = ORIENTED_EDGE('',*,*,#1621,.F.);
#1621 = EDGE_CURVE('',#1622,#1520,#1624,.T.);
#1622 = VERTEX_POINT('',#1623);
#1623 = CARTESIAN_POINT('',(-17.7,-46.,8.5));
#1624 = LINE('',#1625,#1626);
#1625 = CARTESIAN_POINT('',(-17.7,-46.,8.5));
#1626 = VECTOR('',#1627,1.);
#1627 = DIRECTION('',(-1.,-1.5E-16,-3.E-17));
#1628 = ORIENTED_EDGE('',*,*,#1629,.F.);
#1629 = EDGE_CURVE('',#1549,#1622,#1630,.T.);
#1630 = LINE('',#1631,#1632);
#1631 = CARTESIAN_POINT('',(-17.7,-46.,48.1));
#1632 = VECTOR('',#1633,1.);
#1633 = DIRECTION('',(3.E-17,2.2E-16,-1.));
#1634 = FACE_BOUND('',#1635,.F.);
#1635 = EDGE_LOOP('',(#1636));
#1636 = ORIENTED_EDGE('',*,*,#1637,.T.);
#1637 = EDGE_CURVE('',#1638,#1638,#1640,.T.);
#1638 = VERTEX_POINT('',#1639);
#1639 = CARTESIAN_POINT('',(7.15,-46.,51.3));
#1640 = CIRCLE('',#1641,1.35);
#1641 = AXIS2_PLACEMENT_3D('',#1642,#1643,#1644);
#1642 = CARTESIAN_POINT('',(8.5,-46.,51.3));
#1643 = DIRECTION('',(1.5E-16,-1.,-2.2E-16));
#1644 = DIRECTION('',(-1.,-1.5E-16,-3.E-17));
#1645 = FACE_BOUND('',#1646,.F.);
#1646 = EDGE_LOOP('',(#1647));
#1647 = ORIENTED_EDGE('',*,*,#1648,.T.);
#1648 = EDGE_CURVE('',#1649,#1649,#1651,.T.);
#1649 = VERTEX_POINT('',#1650);
#1650 = CARTESIAN_POINT('',(-9.85,-46.,51.3));
#1651 = CIRCLE('',#1652,1.35);
#1652 = AXIS2_PLACEMENT_3D('',#1653,#1654,#1655);
#1653 = CARTESIAN_POINT('',(-8.5,-46.,51.3));
#1654 = DIRECTION('',(1.5E-16,-1.,-2.2E-16));
#1655 = DIRECTION('',(-1.,-1.5E-16,-3.E-17));
#1656 = FACE_BOUND('',#1657,.F.);
#1657 = EDGE_LOOP('',(#1658));
#1658 = ORIENTED_EDGE('',*,*,#1659,.T.);
#1659 = EDGE_CURVE('',#1660,#1660,#1662,.T.);
#1660 = VERTEX_POINT('',#1661);
#1661 = CARTESIAN_POINT('',(13.65,-46.,45.));
#1662 = CIRCLE('',#1663,1.35);
#1663 = AXIS2_PLACEMENT_3D('',#1664,#1665,#1666);
#1664 = CARTESIAN_POINT('',(15.,-46.,45.));
#1665 = DIRECTION('',(1.5E-16,-1.,-2.2E-16));
#1666 = DIRECTION('',(-1.,-1.5E-16,-3.E-17));
#1667 = FACE_BOUND('',#1668,.F.);
#1668 = EDGE_LOOP('',(#1669));
#1669 = ORIENTED_EDGE('',*,*,#1670,.T.);
#1670 = EDGE_CURVE('',#1671,#1671,#1673,.T.);
#1671 = VERTEX_POINT('',#1672);
#1672 = CARTESIAN_POINT('',(-16.35,-46.,45.));
#1673 = CIRCLE('',#1674,1.35);
#1674 = AXIS2_PLACEMENT_3D('',#1675,#1676,#1677);
#1675 = CARTESIAN_POINT('',(-15.,-46.,45.));
#1676 = DIRECTION('',(1.5E-16,-1.,-2.2E-16));
#1677 = DIRECTION('',(-1.,-1.5E-16,-3.E-17));
#1678 = FACE_BOUND('',#1679,.F.);
#1679 = EDGE_LOOP('',(#1680));
#1680 = ORIENTED_EDGE('',*,*,#1681,.T.);
#1681 = EDGE_CURVE('',#1682,#1682,#1684,.T.);
#1682 = VERTEX_POINT('',#1683);
#1683 = CARTESIAN_POINT('',(-16.35,-46.,28.));
#1684 = CIRCLE('',#1685,1.35);
#1685 = AXIS2_PLACEMENT_3D('',#1686,#1687,#1688);
#1686 = CARTESIAN_POINT('',(-15.,-46.,28.));
#1687 = DIRECTION('',(1.5E-16,-1.,-2.2E-16));
#1688 = DIRECTION('',(-1.,-1.5E-16,-3.E-17));
#1689 = FACE_BOUND('',#1690,.F.);
#1690 = EDGE_LOOP('',(#1691));
#1691 = ORIENTED_EDGE('',*,*,#1692,.T.);
#1692 = EDGE_CURVE('',#1693,#1693,#1695,.T.);
#1693 = VERTEX_POINT('',#1694);
#1694 = CARTESIAN_POINT('',(13.65,-46.,28.));
#1695 = CIRCLE('',#1696,1.35);
#1696 = AXIS2_PLACEMENT_3D('',#1697,#1698,#1699);
#1697 = CARTESIAN_POINT('',(15.,-46.,28.));
#1698 = DIRECTION('',(1.5E-16,-1.,-2.2E-16));
#1699 = DIRECTION('',(-1.,-1.5E-16,-3.E-17));
#1700 = PLANE('',#1701);
#1701 = AXIS2_PLACEMENT_3D('',#1702,#1703,#1704);
#1702 = CARTESIAN_POINT('',(6.864833153065E-05,-46.,28.579169257359));
#1703 = DIRECTION('',(1.5E-16,-1.,-2.2E-16));
#1704 = DIRECTION('',(-1.,-1.5E-16,-3.E-17));
#1705 = ADVANCED_FACE('',(#1706),#1724,.F.);
#1706 = FACE_BOUND('',#1707,.F.);
#1707 = EDGE_LOOP('',(#1708,#1709,#1710,#1718));
#1708 = ORIENTED_EDGE('',*,*,#974,.T.);
#1709 = ORIENTED_EDGE('',*,*,#1613,.T.);
#1710 = ORIENTED_EDGE('',*,*,#1711,.F.);
#1711 = EDGE_CURVE('',#1712,#1606,#1714,.T.);
#1712 = VERTEX_POINT('',#1713);
#1713 = CARTESIAN_POINT('',(-12.7,-41.,49.09));
#1714 = LINE('',#1715,#1716);
#1715 = CARTESIAN_POINT('',(-12.7,-41.,49.09));
#1716 = VECTOR('',#1717,1.);
#1717 = DIRECTION('',(1.5E-16,-1.,-2.2E-16));
#1718 = ORIENTED_EDGE('',*,*,#1719,.F.);
#1719 = EDGE_CURVE('',#967,#1712,#1720,.T.);
#1720 = LINE('',#1721,#1722);
#1721 = CARTESIAN_POINT('',(-12.7,-41.,3.5));
#1722 = VECTOR('',#1723,1.);
#1723 = DIRECTION('',(-3.E-17,-2.2E-16,1.));
#1724 = PLANE('',#1725);
#1725 = AXIS2_PLACEMENT_3D('',#1726,#1727,#1728);
#1726 = CARTESIAN_POINT('',(-12.7,-41.,3.5));
#1727 = DIRECTION('',(-1.,-1.5E-16,-3.E-17));
#1728 = DIRECTION('',(-3.E-17,-2.2E-16,1.));
#1729 = ADVANCED_FACE('',(#1730,#1812,#1823,#1834,#1845,#1856,#1867),
  #1878,.F.);
#1730 = FACE_BOUND('',#1731,.T.);
#1731 = EDGE_LOOP('',(#1732,#1742,#1750,#1758,#1766,#1774,#1780,#1781,
    #1789,#1795,#1796,#1797,#1798,#1806));
#1732 = ORIENTED_EDGE('',*,*,#1733,.T.);
#1733 = EDGE_CURVE('',#1734,#1736,#1738,.T.);
#1734 = VERTEX_POINT('',#1735);
#1735 = CARTESIAN_POINT('',(-17.7,-41.,48.1));
#1736 = VERTEX_POINT('',#1737);
#1737 = CARTESIAN_POINT('',(-12.70197055831,-41.,54.09));
#1738 = LINE('',#1739,#1740);
#1739 = CARTESIAN_POINT('',(-17.7,-41.,48.1));
#1740 = VECTOR('',#1741,1.);
#1741 = DIRECTION('',(0.640665613874,-8.000000000001E-17,0.767820012242)
  );
#1742 = ORIENTED_EDGE('',*,*,#1743,.T.);
#1743 = EDGE_CURVE('',#1736,#1744,#1746,.T.);
#1744 = VERTEX_POINT('',#1745);
#1745 = CARTESIAN_POINT('',(12.671545137988,-41.,54.11));
#1746 = LINE('',#1747,#1748);
#1747 = CARTESIAN_POINT('',(-12.70197055831,-41.,54.09));
#1748 = VECTOR('',#1749,1.);
#1749 = DIRECTION('',(0.999999689352,1.5E-16,7.882232019568E-04));
#1750 = ORIENTED_EDGE('',*,*,#1751,.T.);
#1751 = EDGE_CURVE('',#1744,#1752,#1754,.T.);
#1752 = VERTEX_POINT('',#1753);
#1753 = CARTESIAN_POINT('',(17.7,-41.,48.1));
#1754 = LINE('',#1755,#1756);
#1755 = CARTESIAN_POINT('',(12.671545137988,-41.,54.11));
#1756 = VECTOR('',#1757,1.);
#1757 = DIRECTION('',(0.64169856411,2.7E-16,-0.766956943263));
#1758 = ORIENTED_EDGE('',*,*,#1759,.T.);
#1759 = EDGE_CURVE('',#1752,#1760,#1762,.T.);
#1760 = VERTEX_POINT('',#1761);
#1761 = CARTESIAN_POINT('',(17.7,-41.,8.5));
#1762 = LINE('',#1763,#1764);
#1763 = CARTESIAN_POINT('',(17.7,-41.,48.1));
#1764 = VECTOR('',#1765,1.);
#1765 = DIRECTION('',(3.E-17,2.2E-16,-1.));
#1766 = ORIENTED_EDGE('',*,*,#1767,.F.);
#1767 = EDGE_CURVE('',#1768,#1760,#1770,.T.);
#1768 = VERTEX_POINT('',#1769);
#1769 = CARTESIAN_POINT('',(32.7,-41.,8.5));
#1770 = LINE('',#1771,#1772);
#1771 = CARTESIAN_POINT('',(32.7,-41.,8.5));
#1772 = VECTOR('',#1773,1.);
#1773 = DIRECTION('',(-1.,-1.5E-16,-3.E-17));
#1774 = ORIENTED_EDGE('',*,*,#1775,.F.);
#1775 = EDGE_CURVE('',#1004,#1768,#1776,.T.);
#1776 = LINE('',#1777,#1778);
#1777 = CARTESIAN_POINT('',(32.7,-41.,3.5));
#1778 = VECTOR('',#1779,1.);
#1779 = DIRECTION('',(-3.E-17,-2.2E-16,1.));
#1780 = ORIENTED_EDGE('',*,*,#1003,.F.);
#1781 = ORIENTED_EDGE('',*,*,#1782,.F.);
#1782 = EDGE_CURVE('',#1783,#994,#1785,.T.);
#1783 = VERTEX_POINT('',#1784);
#1784 = CARTESIAN_POINT('',(12.7,-41.,49.09));
#1785 = LINE('',#1786,#1787);
#1786 = CARTESIAN_POINT('',(12.7,-41.,49.09));
#1787 = VECTOR('',#1788,1.);
#1788 = DIRECTION('',(3.E-17,2.2E-16,-1.));
#1789 = ORIENTED_EDGE('',*,*,#1790,.F.);
#1790 = EDGE_CURVE('',#1712,#1783,#1791,.T.);
#1791 = LINE('',#1792,#1793);
#1792 = CARTESIAN_POINT('',(-12.7,-41.,49.09));
#1793 = VECTOR('',#1794,1.);
#1794 = DIRECTION('',(1.,1.5E-16,3.E-17));
#1795 = ORIENTED_EDGE('',*,*,#1719,.F.);
#1796 = ORIENTED_EDGE('',*,*,#966,.F.);
#1797 = ORIENTED_EDGE('',*,*,#1534,.F.);
#1798 = ORIENTED_EDGE('',*,*,#1799,.F.);
#1799 = EDGE_CURVE('',#1800,#1518,#1802,.T.);
#1800 = VERTEX_POINT('',#1801);
#1801 = CARTESIAN_POINT('',(-17.7,-41.,8.5));
#1802 = LINE('',#1803,#1804);
#1803 = CARTESIAN_POINT('',(-17.7,-41.,8.5));
#1804 = VECTOR('',#1805,1.);
#1805 = DIRECTION('',(-1.,-1.5E-16,-3.E-17));
#1806 = ORIENTED_EDGE('',*,*,#1807,.F.);
#1807 = EDGE_CURVE('',#1734,#1800,#1808,.T.);
#1808 = LINE('',#1809,#1810);
#1809 = CARTESIAN_POINT('',(-17.7,-41.,48.1));
#1810 = VECTOR('',#1811,1.);
#1811 = DIRECTION('',(3.E-17,2.2E-16,-1.));
#1812 = FACE_BOUND('',#1813,.T.);
#1813 = EDGE_LOOP('',(#1814));
#1814 = ORIENTED_EDGE('',*,*,#1815,.T.);
#1815 = EDGE_CURVE('',#1816,#1816,#1818,.T.);
#1816 = VERTEX_POINT('',#1817);
#1817 = CARTESIAN_POINT('',(7.15,-41.,51.3));
#1818 = CIRCLE('',#1819,1.35);
#1819 = AXIS2_PLACEMENT_3D('',#1820,#1821,#1822);
#1820 = CARTESIAN_POINT('',(8.5,-41.,51.3));
#1821 = DIRECTION('',(1.5E-16,-1.,-2.2E-16));
#1822 = DIRECTION('',(-1.,-1.5E-16,-3.E-17));
#1823 = FACE_BOUND('',#1824,.T.);
#1824 = EDGE_LOOP('',(#1825));
#1825 = ORIENTED_EDGE('',*,*,#1826,.T.);
#1826 = EDGE_CURVE('',#1827,#1827,#1829,.T.);
#1827 = VERTEX_POINT('',#1828);
#1828 = CARTESIAN_POINT('',(-9.85,-41.,51.3));
#1829 = CIRCLE('',#1830,1.35);
#1830 = AXIS2_PLACEMENT_3D('',#1831,#1832,#1833);
#1831 = CARTESIAN_POINT('',(-8.5,-41.,51.3));
#1832 = DIRECTION('',(1.5E-16,-1.,-2.2E-16));
#1833 = DIRECTION('',(-1.,-1.5E-16,-3.E-17));
#1834 = FACE_BOUND('',#1835,.T.);
#1835 = EDGE_LOOP('',(#1836));
#1836 = ORIENTED_EDGE('',*,*,#1837,.T.);
#1837 = EDGE_CURVE('',#1838,#1838,#1840,.T.);
#1838 = VERTEX_POINT('',#1839);
#1839 = CARTESIAN_POINT('',(13.65,-41.,45.));
#1840 = CIRCLE('',#1841,1.35);
#1841 = AXIS2_PLACEMENT_3D('',#1842,#1843,#1844);
#1842 = CARTESIAN_POINT('',(15.,-41.,45.));
#1843 = DIRECTION('',(1.5E-16,-1.,-2.2E-16));
#1844 = DIRECTION('',(-1.,-1.5E-16,-3.E-17));
#1845 = FACE_BOUND('',#1846,.T.);
#1846 = EDGE_LOOP('',(#1847));
#1847 = ORIENTED_EDGE('',*,*,#1848,.T.);
#1848 = EDGE_CURVE('',#1849,#1849,#1851,.T.);
#1849 = VERTEX_POINT('',#1850);
#1850 = CARTESIAN_POINT('',(-16.35,-41.,45.));
#1851 = CIRCLE('',#1852,1.35);
#1852 = AXIS2_PLACEMENT_3D('',#1853,#1854,#1855);
#1853 = CARTESIAN_POINT('',(-15.,-41.,45.));
#1854 = DIRECTION('',(1.5E-16,-1.,-2.2E-16));
#1855 = DIRECTION('',(-1.,-1.5E-16,-3.E-17));
#1856 = FACE_BOUND('',#1857,.T.);
#1857 = EDGE_LOOP('',(#1858));
#1858 = ORIENTED_EDGE('',*,*,#1859,.T.);
#1859 = EDGE_CURVE('',#1860,#1860,#1862,.T.);
#1860 = VERTEX_POINT('',#1861);
#1861 = CARTESIAN_POINT('',(-16.35,-41.,28.));
#1862 = CIRCLE('',#1863,1.35);
#1863 = AXIS2_PLACEMENT_3D('',#1864,#1865,#1866);
#1864 = CARTESIAN_POINT('',(-15.,-41.,28.));
#1865 = DIRECTION('',(1.5E-16,-1.,-2.2E-16));
#1866 = DIRECTION('',(-1.,-1.5E-16,-3.E-17));
#1867 = FACE_BOUND('',#1868,.T.);
#1868 = EDGE_LOOP('',(#1869));
#1869 = ORIENTED_EDGE('',*,*,#1870,.T.);
#1870 = EDGE_CURVE('',#1871,#1871,#1873,.T.);
#1871 = VERTEX_POINT('',#1872);
#1872 = CARTESIAN_POINT('',(13.65,-41.,28.));
#1873 = CIRCLE('',#1874,1.35);
#1874 = AXIS2_PLACEMENT_3D('',#1875,#1876,#1877);
#1875 = CARTESIAN_POINT('',(15.,-41.,28.));
#1876 = DIRECTION('',(1.5E-16,-1.,-2.2E-16));
#1877 = DIRECTION('',(-1.,-1.5E-16,-3.E-17));
#1878 = PLANE('',#1879);
#1879 = AXIS2_PLACEMENT_3D('',#1880,#1881,#1882);
#1880 = CARTESIAN_POINT('',(6.864833152991E-05,-41.,28.579169257359));
#1881 = DIRECTION('',(1.5E-16,-1.,-2.2E-16));
#1882 = DIRECTION('',(-1.,-1.5E-16,-3.E-17));
#1883 = ADVANCED_FACE('',(#1884),#1895,.F.);
#1884 = FACE_BOUND('',#1885,.F.);
#1885 = EDGE_LOOP('',(#1886,#1892,#1893,#1894));
#1886 = ORIENTED_EDGE('',*,*,#1887,.T.);
#1887 = EDGE_CURVE('',#1783,#1598,#1888,.T.);
#1888 = LINE('',#1889,#1890);
#1889 = CARTESIAN_POINT('',(12.7,-41.,49.09));
#1890 = VECTOR('',#1891,1.);
#1891 = DIRECTION('',(1.5E-16,-1.,-2.2E-16));
#1892 = ORIENTED_EDGE('',*,*,#1597,.T.);
#1893 = ORIENTED_EDGE('',*,*,#993,.F.);
#1894 = ORIENTED_EDGE('',*,*,#1782,.F.);
#1895 = PLANE('',#1896);
#1896 = AXIS2_PLACEMENT_3D('',#1897,#1898,#1899);
#1897 = CARTESIAN_POINT('',(12.7,-41.,49.09));
#1898 = DIRECTION('',(1.,1.5E-16,3.E-17));
#1899 = DIRECTION('',(3.E-17,2.2E-16,-1.));
#1900 = ADVANCED_FACE('',(#1901),#1912,.F.);
#1901 = FACE_BOUND('',#1902,.F.);
#1902 = EDGE_LOOP('',(#1903,#1904,#1905,#1911));
#1903 = ORIENTED_EDGE('',*,*,#1011,.T.);
#1904 = ORIENTED_EDGE('',*,*,#1590,.T.);
#1905 = ORIENTED_EDGE('',*,*,#1906,.F.);
#1906 = EDGE_CURVE('',#1768,#1583,#1907,.T.);
#1907 = LINE('',#1908,#1909);
#1908 = CARTESIAN_POINT('',(32.7,-41.,8.5));
#1909 = VECTOR('',#1910,1.);
#1910 = DIRECTION('',(1.5E-16,-1.,-2.2E-16));
#1911 = ORIENTED_EDGE('',*,*,#1775,.F.);
#1912 = PLANE('',#1913);
#1913 = AXIS2_PLACEMENT_3D('',#1914,#1915,#1916);
#1914 = CARTESIAN_POINT('',(32.7,-41.,3.5));
#1915 = DIRECTION('',(-1.,-1.5E-16,-3.E-17));
#1916 = DIRECTION('',(-3.E-17,-2.2E-16,1.));
#1917 = ADVANCED_FACE('',(#1918),#1943,.F.);
#1918 = FACE_BOUND('',#1919,.F.);
#1919 = EDGE_LOOP('',(#1920,#1930,#1936,#1937));
#1920 = ORIENTED_EDGE('',*,*,#1921,.T.);
#1921 = EDGE_CURVE('',#1922,#1924,#1926,.T.);
#1922 = VERTEX_POINT('',#1923);
#1923 = CARTESIAN_POINT('',(-56.17595264191,-5.264604139386,8.5));
#1924 = VERTEX_POINT('',#1925);
#1925 = CARTESIAN_POINT('',(-51.84582562299,-7.764604139387,8.5));
#1926 = LINE('',#1927,#1928);
#1927 = CARTESIAN_POINT('',(-56.17595264191,-5.264604139386,8.5));
#1928 = VECTOR('',#1929,1.);
#1929 = DIRECTION('',(0.866025403784,-0.5,-2.2E-16));
#1930 = ORIENTED_EDGE('',*,*,#1931,.T.);
#1931 = EDGE_CURVE('',#1924,#1033,#1932,.T.);
#1932 = LINE('',#1933,#1934);
#1933 = CARTESIAN_POINT('',(-51.84582562299,-7.764604139387,8.5));
#1934 = VECTOR('',#1935,1.);
#1935 = DIRECTION('',(-1.755255888325E-16,1.359807621136E-16,-1.));
#1936 = ORIENTED_EDGE('',*,*,#1030,.F.);
#1937 = ORIENTED_EDGE('',*,*,#1938,.F.);
#1938 = EDGE_CURVE('',#1922,#1031,#1939,.T.);
#1939 = LINE('',#1940,#1941);
#1940 = CARTESIAN_POINT('',(-56.17595264191,-5.264604139386,8.5));
#1941 = VECTOR('',#1942,1.);
#1942 = DIRECTION('',(-1.755255888325E-16,1.359807621136E-16,-1.));
#1943 = PLANE('',#1944);
#1944 = AXIS2_PLACEMENT_3D('',#1945,#1946,#1947);
#1945 = CARTESIAN_POINT('',(-56.17595264191,-5.264604139386,8.5));
#1946 = DIRECTION('',(0.5,0.866025403784,3.E-17));
#1947 = DIRECTION('',(-1.755255888325E-16,1.359807621136E-16,-1.));
#1948 = ADVANCED_FACE('',(#1949,#2038,#2049,#2060,#2071,#2082,#2093),
  #2104,.T.);
#1949 = FACE_BOUND('',#1950,.F.);
#1950 = EDGE_LOOP('',(#1951,#1961,#1969,#1977,#1985,#1993,#1999,#2000,
    #2008,#2016,#2022,#2023,#2024,#2032));
#1951 = ORIENTED_EDGE('',*,*,#1952,.T.);
#1952 = EDGE_CURVE('',#1953,#1955,#1957,.T.);
#1953 = VERTEX_POINT('',#1954);
#1954 = CARTESIAN_POINT('',(-44.34582562299,5.225776917378,48.1));
#1955 = VERTEX_POINT('',#1956);
#1956 = CARTESIAN_POINT('',(-41.84681090214,9.554197382743,54.09));
#1957 = LINE('',#1958,#1959);
#1958 = CARTESIAN_POINT('',(-44.34582562299,5.225776917378,48.1));
#1959 = VECTOR('',#1960,1.);
#1960 = DIRECTION('',(0.320332806937,0.554832696946,0.767820012242));
#1961 = ORIENTED_EDGE('',*,*,#1962,.T.);
#1962 = EDGE_CURVE('',#1955,#1963,#1965,.T.);
#1963 = VERTEX_POINT('',#1964);
#1964 = CARTESIAN_POINT('',(-29.16005305399,31.528306559058,54.11));
#1965 = LINE('',#1966,#1967);
#1966 = CARTESIAN_POINT('',(-41.84681090214,9.554197382743,54.09));
#1967 = VECTOR('',#1968,1.);
#1968 = DIRECTION('',(0.499999844676,0.866025134755,7.882232019568E-04)
  );
#1969 = ORIENTED_EDGE('',*,*,#1970,.T.);
#1970 = EDGE_CURVE('',#1963,#1971,#1973,.T.);
#1971 = VERTEX_POINT('',#1972);
#1972 = CARTESIAN_POINT('',(-26.64582562298,35.883076211343,48.1));
#1973 = LINE('',#1974,#1975);
#1974 = CARTESIAN_POINT('',(-29.16005305399,31.528306559058,54.11));
#1975 = VECTOR('',#1976,1.);
#1976 = DIRECTION('',(0.320849282055,0.555727258091,-0.766956943263));
#1977 = ORIENTED_EDGE('',*,*,#1978,.T.);
#1978 = EDGE_CURVE('',#1971,#1979,#1981,.T.);
#1979 = VERTEX_POINT('',#1980);
#1980 = CARTESIAN_POINT('',(-26.64582562298,35.883076211343,8.5));
#1981 = LINE('',#1982,#1983);
#1982 = CARTESIAN_POINT('',(-26.64582562298,35.883076211343,48.1));
#1983 = VECTOR('',#1984,1.);
#1984 = DIRECTION('',(-1.755255888325E-16,1.359807621136E-16,-1.));
#1985 = ORIENTED_EDGE('',*,*,#1986,.F.);
#1986 = EDGE_CURVE('',#1987,#1979,#1989,.T.);
#1987 = VERTEX_POINT('',#1988);
#1988 = CARTESIAN_POINT('',(-19.14582562298,48.873457268108,8.5));
#1989 = LINE('',#1990,#1991);
#1990 = CARTESIAN_POINT('',(-19.14582562298,48.873457268108,8.5));
#1991 = VECTOR('',#1992,1.);
#1992 = DIRECTION('',(-0.5,-0.866025403784,-3.E-17));
#1993 = ORIENTED_EDGE('',*,*,#1994,.F.);
#1994 = EDGE_CURVE('',#1086,#1987,#1995,.T.);
#1995 = LINE('',#1996,#1997);
#1996 = CARTESIAN_POINT('',(-19.14582562298,48.873457268108,3.5));
#1997 = VECTOR('',#1998,1.);
#1998 = DIRECTION('',(1.755255888325E-16,-1.359807621136E-16,1.));
#1999 = ORIENTED_EDGE('',*,*,#1093,.F.);
#2000 = ORIENTED_EDGE('',*,*,#2001,.F.);
#2001 = EDGE_CURVE('',#2002,#1070,#2004,.T.);
#2002 = VERTEX_POINT('',#2003);
#2003 = CARTESIAN_POINT('',(-29.14582562298,31.552949192421,49.09));
#2004 = LINE('',#2005,#2006);
#2005 = CARTESIAN_POINT('',(-29.14582562298,31.552949192421,49.09));
#2006 = VECTOR('',#2007,1.);
#2007 = DIRECTION('',(-1.755255888325E-16,1.359807621136E-16,-1.));
#2008 = ORIENTED_EDGE('',*,*,#2009,.F.);
#2009 = EDGE_CURVE('',#2010,#2002,#2012,.T.);
#2010 = VERTEX_POINT('',#2011);
#2011 = CARTESIAN_POINT('',(-41.84582562299,9.555903936299,49.09));
#2012 = LINE('',#2013,#2014);
#2013 = CARTESIAN_POINT('',(-41.84582562299,9.555903936299,49.09));
#2014 = VECTOR('',#2015,1.);
#2015 = DIRECTION('',(0.5,0.866025403784,3.E-17));
#2016 = ORIENTED_EDGE('',*,*,#2017,.F.);
#2017 = EDGE_CURVE('',#1049,#2010,#2018,.T.);
#2018 = LINE('',#2019,#2020);
#2019 = CARTESIAN_POINT('',(-41.84582562299,9.555903936299,3.5));
#2020 = VECTOR('',#2021,1.);
#2021 = DIRECTION('',(1.755255888325E-16,-1.359807621136E-16,1.));
#2022 = ORIENTED_EDGE('',*,*,#1056,.F.);
#2023 = ORIENTED_EDGE('',*,*,#1931,.F.);
#2024 = ORIENTED_EDGE('',*,*,#2025,.F.);
#2025 = EDGE_CURVE('',#2026,#1924,#2028,.T.);
#2026 = VERTEX_POINT('',#2027);
#2027 = CARTESIAN_POINT('',(-44.34582562299,5.225776917378,8.5));
#2028 = LINE('',#2029,#2030);
#2029 = CARTESIAN_POINT('',(-44.34582562299,5.225776917378,8.5));
#2030 = VECTOR('',#2031,1.);
#2031 = DIRECTION('',(-0.5,-0.866025403784,-3.E-17));
#2032 = ORIENTED_EDGE('',*,*,#2033,.F.);
#2033 = EDGE_CURVE('',#1953,#2026,#2034,.T.);
#2034 = LINE('',#2035,#2036);
#2035 = CARTESIAN_POINT('',(-44.34582562299,5.225776917378,48.1));
#2036 = VECTOR('',#2037,1.);
#2037 = DIRECTION('',(-1.755255888325E-16,1.359807621136E-16,-1.));
#2038 = FACE_BOUND('',#2039,.F.);
#2039 = EDGE_LOOP('',(#2040));
#2040 = ORIENTED_EDGE('',*,*,#2041,.T.);
#2041 = EDGE_CURVE('',#2042,#2042,#2044,.T.);
#2042 = VERTEX_POINT('',#2043);
#2043 = CARTESIAN_POINT('',(-31.92082562299,26.746508201418,51.3));
#2044 = CIRCLE('',#2045,1.35);
#2045 = AXIS2_PLACEMENT_3D('',#2046,#2047,#2048);
#2046 = CARTESIAN_POINT('',(-31.24582562298,27.915642496527,51.3));
#2047 = DIRECTION('',(0.866025403784,-0.5,-2.2E-16));
#2048 = DIRECTION('',(-0.5,-0.866025403784,-3.E-17));
#2049 = FACE_BOUND('',#2050,.F.);
#2050 = EDGE_LOOP('',(#2051));
#2051 = ORIENTED_EDGE('',*,*,#2052,.T.);
#2052 = EDGE_CURVE('',#2053,#2053,#2055,.T.);
#2053 = VERTEX_POINT('',#2054);
#2054 = CARTESIAN_POINT('',(-40.42082562299,12.024076337085,51.3));
#2055 = CIRCLE('',#2056,1.35);
#2056 = AXIS2_PLACEMENT_3D('',#2057,#2058,#2059);
#2057 = CARTESIAN_POINT('',(-39.74582562299,13.193210632193,51.3));
#2058 = DIRECTION('',(0.866025403784,-0.5,-2.2E-16));
#2059 = DIRECTION('',(-0.5,-0.866025403784,-3.E-17));
#2060 = FACE_BOUND('',#2061,.F.);
#2061 = EDGE_LOOP('',(#2062));
#2062 = ORIENTED_EDGE('',*,*,#2063,.T.);
#2063 = EDGE_CURVE('',#2064,#2064,#2066,.T.);
#2064 = VERTEX_POINT('',#2065);
#2065 = CARTESIAN_POINT('',(-28.67082562298,32.375673326016,45.));
#2066 = CIRCLE('',#2067,1.35);
#2067 = AXIS2_PLACEMENT_3D('',#2068,#2069,#2070);
#2068 = CARTESIAN_POINT('',(-27.99582562298,33.544807621125,45.));
#2069 = DIRECTION('',(0.866025403784,-0.5,-2.2E-16));
#2070 = DIRECTION('',(-0.5,-0.866025403784,-3.E-17));
#2071 = FACE_BOUND('',#2072,.F.);
#2072 = EDGE_LOOP('',(#2073));
#2073 = ORIENTED_EDGE('',*,*,#2074,.T.);
#2074 = EDGE_CURVE('',#2075,#2075,#2077,.T.);
#2075 = VERTEX_POINT('',#2076);
#2076 = CARTESIAN_POINT('',(-43.67082562299,6.394911212486,45.));
#2077 = CIRCLE('',#2078,1.35);
#2078 = AXIS2_PLACEMENT_3D('',#2079,#2080,#2081);
#2079 = CARTESIAN_POINT('',(-42.99582562299,7.564045507595,45.));
#2080 = DIRECTION('',(0.866025403784,-0.5,-2.2E-16));
#2081 = DIRECTION('',(-0.5,-0.866025403784,-3.E-17));
#2082 = FACE_BOUND('',#2083,.F.);
#2083 = EDGE_LOOP('',(#2084));
#2084 = ORIENTED_EDGE('',*,*,#2085,.T.);
#2085 = EDGE_CURVE('',#2086,#2086,#2088,.T.);
#2086 = VERTEX_POINT('',#2087);
#2087 = CARTESIAN_POINT('',(-43.67082562299,6.394911212486,28.));
#2088 = CIRCLE('',#2089,1.35);
#2089 = AXIS2_PLACEMENT_3D('',#2090,#2091,#2092);
#2090 = CARTESIAN_POINT('',(-42.99582562299,7.564045507595,28.));
#2091 = DIRECTION('',(0.866025403784,-0.5,-2.2E-16));
#2092 = DIRECTION('',(-0.5,-0.866025403784,-3.E-17));
#2093 = FACE_BOUND('',#2094,.F.);
#2094 = EDGE_LOOP('',(#2095));
#2095 = ORIENTED_EDGE('',*,*,#2096,.T.);
#2096 = EDGE_CURVE('',#2097,#2097,#2099,.T.);
#2097 = VERTEX_POINT('',#2098);
#2098 = CARTESIAN_POINT('',(-28.67082562298,32.375673326016,28.));
#2099 = CIRCLE('',#2100,1.35);
#2100 = AXIS2_PLACEMENT_3D('',#2101,#2102,#2103);
#2101 = CARTESIAN_POINT('',(-27.99582562298,33.544807621125,28.));
#2102 = DIRECTION('',(0.866025403784,-0.5,-2.2E-16));
#2103 = DIRECTION('',(-0.5,-0.866025403784,-3.E-17));
#2104 = PLANE('',#2105);
#2105 = AXIS2_PLACEMENT_3D('',#2106,#2107,#2108);
#2106 = CARTESIAN_POINT('',(-35.49579129882,20.554486015559,
    28.579169257359));
#2107 = DIRECTION('',(0.866025403784,-0.5,-2.2E-16));
#2108 = DIRECTION('',(-0.5,-0.866025403784,-3.E-17));
#2109 = ADVANCED_FACE('',(#2110),#2128,.F.);
#2110 = FACE_BOUND('',#2111,.F.);
#2111 = EDGE_LOOP('',(#2112,#2113,#2114,#2122));
#2112 = ORIENTED_EDGE('',*,*,#1048,.T.);
#2113 = ORIENTED_EDGE('',*,*,#2017,.T.);
#2114 = ORIENTED_EDGE('',*,*,#2115,.F.);
#2115 = EDGE_CURVE('',#2116,#2010,#2118,.T.);
#2116 = VERTEX_POINT('',#2117);
#2117 = CARTESIAN_POINT('',(-46.17595264191,12.0559039363,49.09));
#2118 = LINE('',#2119,#2120);
#2119 = CARTESIAN_POINT('',(-46.17595264191,12.0559039363,49.09));
#2120 = VECTOR('',#2121,1.);
#2121 = DIRECTION('',(0.866025403784,-0.5,-2.2E-16));
#2122 = ORIENTED_EDGE('',*,*,#2123,.F.);
#2123 = EDGE_CURVE('',#1041,#2116,#2124,.T.);
#2124 = LINE('',#2125,#2126);
#2125 = CARTESIAN_POINT('',(-46.17595264191,12.0559039363,3.5));
#2126 = VECTOR('',#2127,1.);
#2127 = DIRECTION('',(1.755255888325E-16,-1.359807621136E-16,1.));
#2128 = PLANE('',#2129);
#2129 = AXIS2_PLACEMENT_3D('',#2130,#2131,#2132);
#2130 = CARTESIAN_POINT('',(-46.17595264191,12.0559039363,3.5));
#2131 = DIRECTION('',(-0.5,-0.866025403784,-3.E-17));
#2132 = DIRECTION('',(1.755255888325E-16,-1.359807621136E-16,1.));
#2133 = ADVANCED_FACE('',(#2134,#2216,#2227,#2238,#2249,#2260,#2271),
  #2282,.F.);
#2134 = FACE_BOUND('',#2135,.T.);
#2135 = EDGE_LOOP('',(#2136,#2146,#2154,#2162,#2170,#2178,#2184,#2185,
    #2193,#2199,#2200,#2201,#2202,#2210));
#2136 = ORIENTED_EDGE('',*,*,#2137,.T.);
#2137 = EDGE_CURVE('',#2138,#2140,#2142,.T.);
#2138 = VERTEX_POINT('',#2139);
#2139 = CARTESIAN_POINT('',(-48.67595264191,7.725776917379,48.1));
#2140 = VERTEX_POINT('',#2141);
#2141 = CARTESIAN_POINT('',(-46.17693792107,12.054197382744,54.09));
#2142 = LINE('',#2143,#2144);
#2143 = CARTESIAN_POINT('',(-48.67595264191,7.725776917379,48.1));
#2144 = VECTOR('',#2145,1.);
#2145 = DIRECTION('',(0.320332806937,0.554832696946,0.767820012242));
#2146 = ORIENTED_EDGE('',*,*,#2147,.T.);
#2147 = EDGE_CURVE('',#2140,#2148,#2150,.T.);
#2148 = VERTEX_POINT('',#2149);
#2149 = CARTESIAN_POINT('',(-33.49018007291,34.028306559059,54.11));
#2150 = LINE('',#2151,#2152);
#2151 = CARTESIAN_POINT('',(-46.17693792107,12.054197382744,54.09));
#2152 = VECTOR('',#2153,1.);
#2153 = DIRECTION('',(0.499999844676,0.866025134755,7.882232019568E-04)
  );
#2154 = ORIENTED_EDGE('',*,*,#2155,.T.);
#2155 = EDGE_CURVE('',#2148,#2156,#2158,.T.);
#2156 = VERTEX_POINT('',#2157);
#2157 = CARTESIAN_POINT('',(-30.9759526419,38.383076211344,48.1));
#2158 = LINE('',#2159,#2160);
#2159 = CARTESIAN_POINT('',(-33.49018007291,34.028306559059,54.11));
#2160 = VECTOR('',#2161,1.);
#2161 = DIRECTION('',(0.320849282055,0.555727258091,-0.766956943263));
#2162 = ORIENTED_EDGE('',*,*,#2163,.T.);
#2163 = EDGE_CURVE('',#2156,#2164,#2166,.T.);
#2164 = VERTEX_POINT('',#2165);
#2165 = CARTESIAN_POINT('',(-30.9759526419,38.383076211344,8.5));
#2166 = LINE('',#2167,#2168);
#2167 = CARTESIAN_POINT('',(-30.9759526419,38.383076211344,48.1));
#2168 = VECTOR('',#2169,1.);
#2169 = DIRECTION('',(-1.755255888325E-16,1.359807621136E-16,-1.));
#2170 = ORIENTED_EDGE('',*,*,#2171,.F.);
#2171 = EDGE_CURVE('',#2172,#2164,#2174,.T.);
#2172 = VERTEX_POINT('',#2173);
#2173 = CARTESIAN_POINT('',(-23.4759526419,51.373457268109,8.5));
#2174 = LINE('',#2175,#2176);
#2175 = CARTESIAN_POINT('',(-23.4759526419,51.373457268109,8.5));
#2176 = VECTOR('',#2177,1.);
#2177 = DIRECTION('',(-0.5,-0.866025403784,-3.E-17));
#2178 = ORIENTED_EDGE('',*,*,#2179,.F.);
#2179 = EDGE_CURVE('',#1078,#2172,#2180,.T.);
#2180 = LINE('',#2181,#2182);
#2181 = CARTESIAN_POINT('',(-23.4759526419,51.373457268109,3.5));
#2182 = VECTOR('',#2183,1.);
#2183 = DIRECTION('',(1.755255888325E-16,-1.359807621136E-16,1.));
#2184 = ORIENTED_EDGE('',*,*,#1077,.F.);
#2185 = ORIENTED_EDGE('',*,*,#2186,.F.);
#2186 = EDGE_CURVE('',#2187,#1068,#2189,.T.);
#2187 = VERTEX_POINT('',#2188);
#2188 = CARTESIAN_POINT('',(-33.47595264191,34.052949192422,49.09));
#2189 = LINE('',#2190,#2191);
#2190 = CARTESIAN_POINT('',(-33.47595264191,34.052949192422,49.09));
#2191 = VECTOR('',#2192,1.);
#2192 = DIRECTION('',(-1.755255888325E-16,1.359807621136E-16,-1.));
#2193 = ORIENTED_EDGE('',*,*,#2194,.F.);
#2194 = EDGE_CURVE('',#2116,#2187,#2195,.T.);
#2195 = LINE('',#2196,#2197);
#2196 = CARTESIAN_POINT('',(-46.17595264191,12.0559039363,49.09));
#2197 = VECTOR('',#2198,1.);
#2198 = DIRECTION('',(0.5,0.866025403784,3.E-17));
#2199 = ORIENTED_EDGE('',*,*,#2123,.F.);
#2200 = ORIENTED_EDGE('',*,*,#1040,.F.);
#2201 = ORIENTED_EDGE('',*,*,#1938,.F.);
#2202 = ORIENTED_EDGE('',*,*,#2203,.F.);
#2203 = EDGE_CURVE('',#2204,#1922,#2206,.T.);
#2204 = VERTEX_POINT('',#2205);
#2205 = CARTESIAN_POINT('',(-48.67595264191,7.725776917379,8.5));
#2206 = LINE('',#2207,#2208);
#2207 = CARTESIAN_POINT('',(-48.67595264191,7.725776917379,8.5));
#2208 = VECTOR('',#2209,1.);
#2209 = DIRECTION('',(-0.5,-0.866025403784,-3.E-17));
#2210 = ORIENTED_EDGE('',*,*,#2211,.F.);
#2211 = EDGE_CURVE('',#2138,#2204,#2212,.T.);
#2212 = LINE('',#2213,#2214);
#2213 = CARTESIAN_POINT('',(-48.67595264191,7.725776917379,48.1));
#2214 = VECTOR('',#2215,1.);
#2215 = DIRECTION('',(-1.755255888325E-16,1.359807621136E-16,-1.));
#2216 = FACE_BOUND('',#2217,.T.);
#2217 = EDGE_LOOP('',(#2218));
#2218 = ORIENTED_EDGE('',*,*,#2219,.T.);
#2219 = EDGE_CURVE('',#2220,#2220,#2222,.T.);
#2220 = VERTEX_POINT('',#2221);
#2221 = CARTESIAN_POINT('',(-36.25095264191,29.246508201419,51.3));
#2222 = CIRCLE('',#2223,1.35);
#2223 = AXIS2_PLACEMENT_3D('',#2224,#2225,#2226);
#2224 = CARTESIAN_POINT('',(-35.57595264191,30.415642496528,51.3));
#2225 = DIRECTION('',(0.866025403784,-0.5,-2.2E-16));
#2226 = DIRECTION('',(-0.5,-0.866025403784,-3.E-17));
#2227 = FACE_BOUND('',#2228,.T.);
#2228 = EDGE_LOOP('',(#2229));
#2229 = ORIENTED_EDGE('',*,*,#2230,.T.);
#2230 = EDGE_CURVE('',#2231,#2231,#2233,.T.);
#2231 = VERTEX_POINT('',#2232);
#2232 = CARTESIAN_POINT('',(-44.75095264191,14.524076337086,51.3));
#2233 = CIRCLE('',#2234,1.35);
#2234 = AXIS2_PLACEMENT_3D('',#2235,#2236,#2237);
#2235 = CARTESIAN_POINT('',(-44.07595264191,15.693210632194,51.3));
#2236 = DIRECTION('',(0.866025403784,-0.5,-2.2E-16));
#2237 = DIRECTION('',(-0.5,-0.866025403784,-3.E-17));
#2238 = FACE_BOUND('',#2239,.T.);
#2239 = EDGE_LOOP('',(#2240));
#2240 = ORIENTED_EDGE('',*,*,#2241,.T.);
#2241 = EDGE_CURVE('',#2242,#2242,#2244,.T.);
#2242 = VERTEX_POINT('',#2243);
#2243 = CARTESIAN_POINT('',(-33.00095264191,34.875673326017,45.));
#2244 = CIRCLE('',#2245,1.35);
#2245 = AXIS2_PLACEMENT_3D('',#2246,#2247,#2248);
#2246 = CARTESIAN_POINT('',(-32.32595264191,36.044807621126,45.));
#2247 = DIRECTION('',(0.866025403784,-0.5,-2.2E-16));
#2248 = DIRECTION('',(-0.5,-0.866025403784,-3.E-17));
#2249 = FACE_BOUND('',#2250,.T.);
#2250 = EDGE_LOOP('',(#2251));
#2251 = ORIENTED_EDGE('',*,*,#2252,.T.);
#2252 = EDGE_CURVE('',#2253,#2253,#2255,.T.);
#2253 = VERTEX_POINT('',#2254);
#2254 = CARTESIAN_POINT('',(-48.00095264191,8.894911212487,45.));
#2255 = CIRCLE('',#2256,1.35);
#2256 = AXIS2_PLACEMENT_3D('',#2257,#2258,#2259);
#2257 = CARTESIAN_POINT('',(-47.32595264191,10.064045507596,45.));
#2258 = DIRECTION('',(0.866025403784,-0.5,-2.2E-16));
#2259 = DIRECTION('',(-0.5,-0.866025403784,-3.E-17));
#2260 = FACE_BOUND('',#2261,.T.);
#2261 = EDGE_LOOP('',(#2262));
#2262 = ORIENTED_EDGE('',*,*,#2263,.T.);
#2263 = EDGE_CURVE('',#2264,#2264,#2266,.T.);
#2264 = VERTEX_POINT('',#2265);
#2265 = CARTESIAN_POINT('',(-48.00095264191,8.894911212487,28.));
#2266 = CIRCLE('',#2267,1.35);
#2267 = AXIS2_PLACEMENT_3D('',#2268,#2269,#2270);
#2268 = CARTESIAN_POINT('',(-47.32595264191,10.064045507596,28.));
#2269 = DIRECTION('',(0.866025403784,-0.5,-2.2E-16));
#2270 = DIRECTION('',(-0.5,-0.866025403784,-3.E-17));
#2271 = FACE_BOUND('',#2272,.T.);
#2272 = EDGE_LOOP('',(#2273));
#2273 = ORIENTED_EDGE('',*,*,#2274,.T.);
#2274 = EDGE_CURVE('',#2275,#2275,#2277,.T.);
#2275 = VERTEX_POINT('',#2276);
#2276 = CARTESIAN_POINT('',(-33.00095264191,34.875673326017,28.));
#2277 = CIRCLE('',#2278,1.35);
#2278 = AXIS2_PLACEMENT_3D('',#2279,#2280,#2281);
#2279 = CARTESIAN_POINT('',(-32.32595264191,36.044807621126,28.));
#2280 = DIRECTION('',(0.866025403784,-0.5,-2.2E-16));
#2281 = DIRECTION('',(-0.5,-0.866025403784,-3.E-17));
#2282 = PLANE('',#2283);
#2283 = AXIS2_PLACEMENT_3D('',#2284,#2285,#2286);
#2284 = CARTESIAN_POINT('',(-39.82591831774,23.05448601556,
    28.579169257359));
#2285 = DIRECTION('',(0.866025403784,-0.5,-2.2E-16));
#2286 = DIRECTION('',(-0.5,-0.866025403784,-3.E-17));
#2287 = ADVANCED_FACE('',(#2288),#2299,.F.);
#2288 = FACE_BOUND('',#2289,.F.);
#2289 = EDGE_LOOP('',(#2290,#2296,#2297,#2298));
#2290 = ORIENTED_EDGE('',*,*,#2291,.T.);
#2291 = EDGE_CURVE('',#2187,#2002,#2292,.T.);
#2292 = LINE('',#2293,#2294);
#2293 = CARTESIAN_POINT('',(-33.47595264191,34.052949192422,49.09));
#2294 = VECTOR('',#2295,1.);
#2295 = DIRECTION('',(0.866025403784,-0.5,-2.2E-16));
#2296 = ORIENTED_EDGE('',*,*,#2001,.T.);
#2297 = ORIENTED_EDGE('',*,*,#1067,.F.);
#2298 = ORIENTED_EDGE('',*,*,#2186,.F.);
#2299 = PLANE('',#2300);
#2300 = AXIS2_PLACEMENT_3D('',#2301,#2302,#2303);
#2301 = CARTESIAN_POINT('',(-33.47595264191,34.052949192422,49.09));
#2302 = DIRECTION('',(0.5,0.866025403784,3.E-17));
#2303 = DIRECTION('',(-1.755255888325E-16,1.359807621136E-16,-1.));
#2304 = ADVANCED_FACE('',(#2305),#2316,.F.);
#2305 = FACE_BOUND('',#2306,.F.);
#2306 = EDGE_LOOP('',(#2307,#2308,#2309,#2315));
#2307 = ORIENTED_EDGE('',*,*,#1085,.T.);
#2308 = ORIENTED_EDGE('',*,*,#1994,.T.);
#2309 = ORIENTED_EDGE('',*,*,#2310,.F.);
#2310 = EDGE_CURVE('',#2172,#1987,#2311,.T.);
#2311 = LINE('',#2312,#2313);
#2312 = CARTESIAN_POINT('',(-23.4759526419,51.373457268109,8.5));
#2313 = VECTOR('',#2314,1.);
#2314 = DIRECTION('',(0.866025403784,-0.5,-2.2E-16));
#2315 = ORIENTED_EDGE('',*,*,#2179,.F.);
#2316 = PLANE('',#2317);
#2317 = AXIS2_PLACEMENT_3D('',#2318,#2319,#2320);
#2318 = CARTESIAN_POINT('',(-23.4759526419,51.373457268109,3.5));
#2319 = DIRECTION('',(-0.5,-0.866025403784,-3.E-17));
#2320 = DIRECTION('',(1.755255888325E-16,-1.359807621136E-16,1.));
#2321 = ADVANCED_FACE('',(#2322),#2347,.F.);
#2322 = FACE_BOUND('',#2323,.F.);
#2323 = EDGE_LOOP('',(#2324,#2334,#2340,#2341));
#2324 = ORIENTED_EDGE('',*,*,#2325,.T.);
#2325 = EDGE_CURVE('',#2326,#2328,#2330,.T.);
#2326 = VERTEX_POINT('',#2327);
#2327 = CARTESIAN_POINT('',(46.188457268127,11.921245288386,49.09));
#2328 = VERTEX_POINT('',#2329);
#2329 = CARTESIAN_POINT('',(41.858330249205,9.421245288385,49.09));
#2330 = LINE('',#2331,#2332);
#2331 = CARTESIAN_POINT('',(46.188457268127,11.921245288386,49.09));
#2332 = VECTOR('',#2333,1.);
#2333 = DIRECTION('',(-0.866025403784,-0.5,-2.2E-16));
#2334 = ORIENTED_EDGE('',*,*,#2335,.T.);
#2335 = EDGE_CURVE('',#2328,#1104,#2336,.T.);
#2336 = LINE('',#2337,#2338);
#2337 = CARTESIAN_POINT('',(41.858330249205,9.421245288385,49.09));
#2338 = VECTOR('',#2339,1.);
#2339 = DIRECTION('',(2.055255888326E-16,8.401923788651E-17,-1.));
#2340 = ORIENTED_EDGE('',*,*,#1101,.F.);
#2341 = ORIENTED_EDGE('',*,*,#2342,.F.);
#2342 = EDGE_CURVE('',#2326,#1102,#2343,.T.);
#2343 = LINE('',#2344,#2345);
#2344 = CARTESIAN_POINT('',(46.188457268127,11.921245288386,49.09));
#2345 = VECTOR('',#2346,1.);
#2346 = DIRECTION('',(2.055255888326E-16,8.401923788651E-17,-1.));
#2347 = PLANE('',#2348);
#2348 = AXIS2_PLACEMENT_3D('',#2349,#2350,#2351);
#2349 = CARTESIAN_POINT('',(46.188457268127,11.921245288386,49.09));
#2350 = DIRECTION('',(0.5,-0.866025403784,3.E-17));
#2351 = DIRECTION('',(2.055255888326E-16,8.401923788651E-17,-1.));
#2352 = ADVANCED_FACE('',(#2353,#2442,#2453,#2464,#2475,#2486,#2497),
  #2508,.T.);
#2353 = FACE_BOUND('',#2354,.F.);
#2354 = EDGE_LOOP('',(#2355,#2365,#2373,#2381,#2389,#2397,#2403,#2404,
    #2405,#2413,#2419,#2420,#2428,#2436));
#2355 = ORIENTED_EDGE('',*,*,#2356,.T.);
#2356 = EDGE_CURVE('',#2357,#2359,#2361,.T.);
#2357 = VERTEX_POINT('',#2358);
#2358 = CARTESIAN_POINT('',(26.6583302492,35.748417563429,48.1));
#2359 = VERTEX_POINT('',#2360);
#2360 = CARTESIAN_POINT('',(29.157344970045,31.419997098063,54.09));
#2361 = LINE('',#2362,#2363);
#2362 = CARTESIAN_POINT('',(26.6583302492,35.748417563429,48.1));
#2363 = VECTOR('',#2364,1.);
#2364 = DIRECTION('',(0.320332806937,-0.554832696946,0.767820012242));
#2365 = ORIENTED_EDGE('',*,*,#2366,.T.);
#2366 = EDGE_CURVE('',#2359,#2367,#2369,.T.);
#2367 = VERTEX_POINT('',#2368);
#2368 = CARTESIAN_POINT('',(41.844102818199,9.445887921749,54.11));
#2369 = LINE('',#2370,#2371);
#2370 = CARTESIAN_POINT('',(29.157344970045,31.419997098063,54.09));
#2371 = VECTOR('',#2372,1.);
#2372 = DIRECTION('',(0.499999844676,-0.866025134755,7.882232019568E-04)
  );
#2373 = ORIENTED_EDGE('',*,*,#2374,.T.);
#2374 = EDGE_CURVE('',#2367,#2375,#2377,.T.);
#2375 = VERTEX_POINT('',#2376);
#2376 = CARTESIAN_POINT('',(44.358330249206,5.091118269464,48.1));
#2377 = LINE('',#2378,#2379);
#2378 = CARTESIAN_POINT('',(41.844102818199,9.445887921749,54.11));
#2379 = VECTOR('',#2380,1.);
#2380 = DIRECTION('',(0.320849282055,-0.555727258091,-0.766956943263));
#2381 = ORIENTED_EDGE('',*,*,#2382,.T.);
#2382 = EDGE_CURVE('',#2375,#2383,#2385,.T.);
#2383 = VERTEX_POINT('',#2384);
#2384 = CARTESIAN_POINT('',(44.358330249206,5.091118269464,8.5));
#2385 = LINE('',#2386,#2387);
#2386 = CARTESIAN_POINT('',(44.358330249206,5.091118269464,48.1));
#2387 = VECTOR('',#2388,1.);
#2388 = DIRECTION('',(2.055255888326E-16,8.401923788651E-17,-1.));
#2389 = ORIENTED_EDGE('',*,*,#2390,.F.);
#2390 = EDGE_CURVE('',#2391,#2383,#2393,.T.);
#2391 = VERTEX_POINT('',#2392);
#2392 = CARTESIAN_POINT('',(51.858330249209,-7.899262787301,8.5));
#2393 = LINE('',#2394,#2395);
#2394 = CARTESIAN_POINT('',(51.858330249209,-7.899262787301,8.5));
#2395 = VECTOR('',#2396,1.);
#2396 = DIRECTION('',(-0.5,0.866025403784,-3.E-17));
#2397 = ORIENTED_EDGE('',*,*,#2398,.F.);
#2398 = EDGE_CURVE('',#1120,#2391,#2399,.T.);
#2399 = LINE('',#2400,#2401);
#2400 = CARTESIAN_POINT('',(51.858330249209,-7.899262787301,3.5));
#2401 = VECTOR('',#2402,1.);
#2402 = DIRECTION('',(-2.055255888326E-16,-8.401923788651E-17,1.));
#2403 = ORIENTED_EDGE('',*,*,#1127,.F.);
#2404 = ORIENTED_EDGE('',*,*,#2335,.F.);
#2405 = ORIENTED_EDGE('',*,*,#2406,.F.);
#2406 = EDGE_CURVE('',#2407,#2328,#2409,.T.);
#2407 = VERTEX_POINT('',#2408);
#2408 = CARTESIAN_POINT('',(29.1583302492,31.418290544507,49.09));
#2409 = LINE('',#2410,#2411);
#2410 = CARTESIAN_POINT('',(29.1583302492,31.418290544507,49.09));
#2411 = VECTOR('',#2412,1.);
#2412 = DIRECTION('',(0.5,-0.866025403784,3.E-17));
#2413 = ORIENTED_EDGE('',*,*,#2414,.F.);
#2414 = EDGE_CURVE('',#1157,#2407,#2415,.T.);
#2415 = LINE('',#2416,#2417);
#2416 = CARTESIAN_POINT('',(29.1583302492,31.418290544507,3.5));
#2417 = VECTOR('',#2418,1.);
#2418 = DIRECTION('',(-2.055255888326E-16,-8.401923788651E-17,1.));
#2419 = ORIENTED_EDGE('',*,*,#1164,.F.);
#2420 = ORIENTED_EDGE('',*,*,#2421,.F.);
#2421 = EDGE_CURVE('',#2422,#1141,#2424,.T.);
#2422 = VERTEX_POINT('',#2423);
#2423 = CARTESIAN_POINT('',(19.158330249197,48.738798620194,8.5));
#2424 = LINE('',#2425,#2426);
#2425 = CARTESIAN_POINT('',(19.158330249197,48.738798620194,8.5));
#2426 = VECTOR('',#2427,1.);
#2427 = DIRECTION('',(2.055255888326E-16,8.401923788651E-17,-1.));
#2428 = ORIENTED_EDGE('',*,*,#2429,.F.);
#2429 = EDGE_CURVE('',#2430,#2422,#2432,.T.);
#2430 = VERTEX_POINT('',#2431);
#2431 = CARTESIAN_POINT('',(26.6583302492,35.748417563429,8.5));
#2432 = LINE('',#2433,#2434);
#2433 = CARTESIAN_POINT('',(26.6583302492,35.748417563429,8.5));
#2434 = VECTOR('',#2435,1.);
#2435 = DIRECTION('',(-0.5,0.866025403784,-3.E-17));
#2436 = ORIENTED_EDGE('',*,*,#2437,.F.);
#2437 = EDGE_CURVE('',#2357,#2430,#2438,.T.);
#2438 = LINE('',#2439,#2440);
#2439 = CARTESIAN_POINT('',(26.6583302492,35.748417563429,48.1));
#2440 = VECTOR('',#2441,1.);
#2441 = DIRECTION('',(2.055255888326E-16,8.401923788651E-17,-1.));
#2442 = FACE_BOUND('',#2443,.F.);
#2443 = EDGE_LOOP('',(#2444));
#2444 = ORIENTED_EDGE('',*,*,#2445,.T.);
#2445 = EDGE_CURVE('',#2446,#2446,#2448,.T.);
#2446 = VERTEX_POINT('',#2447);
#2447 = CARTESIAN_POINT('',(39.083330249204,14.227686279388,51.3));
#2448 = CIRCLE('',#2449,1.35);
#2449 = AXIS2_PLACEMENT_3D('',#2450,#2451,#2452);
#2450 = CARTESIAN_POINT('',(39.758330249204,13.058551984279,51.3));
#2451 = DIRECTION('',(-0.866025403784,-0.5,-2.2E-16));
#2452 = DIRECTION('',(-0.5,0.866025403784,-3.E-17));
#2453 = FACE_BOUND('',#2454,.F.);
#2454 = EDGE_LOOP('',(#2455));
#2455 = ORIENTED_EDGE('',*,*,#2456,.T.);
#2456 = EDGE_CURVE('',#2457,#2457,#2459,.T.);
#2457 = VERTEX_POINT('',#2458);
#2458 = CARTESIAN_POINT('',(30.583330249201,28.950118143722,51.3));
#2459 = CIRCLE('',#2460,1.35);
#2460 = AXIS2_PLACEMENT_3D('',#2461,#2462,#2463);
#2461 = CARTESIAN_POINT('',(31.258330249201,27.780983848613,51.3));
#2462 = DIRECTION('',(-0.866025403784,-0.5,-2.2E-16));
#2463 = DIRECTION('',(-0.5,0.866025403784,-3.E-17));
#2464 = FACE_BOUND('',#2465,.F.);
#2465 = EDGE_LOOP('',(#2466));
#2466 = ORIENTED_EDGE('',*,*,#2467,.T.);
#2467 = EDGE_CURVE('',#2468,#2468,#2470,.T.);
#2468 = VERTEX_POINT('',#2469);
#2469 = CARTESIAN_POINT('',(42.333330249205,8.59852115479,45.));
#2470 = CIRCLE('',#2471,1.35);
#2471 = AXIS2_PLACEMENT_3D('',#2472,#2473,#2474);
#2472 = CARTESIAN_POINT('',(43.008330249206,7.429386859681,45.));
#2473 = DIRECTION('',(-0.866025403784,-0.5,-2.2E-16));
#2474 = DIRECTION('',(-0.5,0.866025403784,-3.E-17));
#2475 = FACE_BOUND('',#2476,.F.);
#2476 = EDGE_LOOP('',(#2477));
#2477 = ORIENTED_EDGE('',*,*,#2478,.T.);
#2478 = EDGE_CURVE('',#2479,#2479,#2481,.T.);
#2479 = VERTEX_POINT('',#2480);
#2480 = CARTESIAN_POINT('',(27.3333302492,34.57928326832,45.));
#2481 = CIRCLE('',#2482,1.35);
#2482 = AXIS2_PLACEMENT_3D('',#2483,#2484,#2485);
#2483 = CARTESIAN_POINT('',(28.0083302492,33.410148973211,45.));
#2484 = DIRECTION('',(-0.866025403784,-0.5,-2.2E-16));
#2485 = DIRECTION('',(-0.5,0.866025403784,-3.E-17));
#2486 = FACE_BOUND('',#2487,.F.);
#2487 = EDGE_LOOP('',(#2488));
#2488 = ORIENTED_EDGE('',*,*,#2489,.T.);
#2489 = EDGE_CURVE('',#2490,#2490,#2492,.T.);
#2490 = VERTEX_POINT('',#2491);
#2491 = CARTESIAN_POINT('',(27.3333302492,34.57928326832,28.));
#2492 = CIRCLE('',#2493,1.35);
#2493 = AXIS2_PLACEMENT_3D('',#2494,#2495,#2496);
#2494 = CARTESIAN_POINT('',(28.0083302492,33.410148973211,28.));
#2495 = DIRECTION('',(-0.866025403784,-0.5,-2.2E-16));
#2496 = DIRECTION('',(-0.5,0.866025403784,-3.E-17));
#2497 = FACE_BOUND('',#2498,.F.);
#2498 = EDGE_LOOP('',(#2499));
#2499 = ORIENTED_EDGE('',*,*,#2500,.T.);
#2500 = EDGE_CURVE('',#2501,#2501,#2503,.T.);
#2501 = VERTEX_POINT('',#2502);
#2502 = CARTESIAN_POINT('',(42.333330249205,8.59852115479,28.));
#2503 = CIRCLE('',#2504,1.35);
#2504 = AXIS2_PLACEMENT_3D('',#2505,#2506,#2507);
#2505 = CARTESIAN_POINT('',(43.008330249206,7.429386859681,28.));
#2506 = DIRECTION('',(-0.866025403784,-0.5,-2.2E-16));
#2507 = DIRECTION('',(-0.5,0.866025403784,-3.E-17));
#2508 = PLANE('',#2509);
#2509 = AXIS2_PLACEMENT_3D('',#2510,#2511,#2512);
#2510 = CARTESIAN_POINT('',(35.508364573369,20.419708465247,
    28.579169257359));
#2511 = DIRECTION('',(-0.866025403784,-0.5,-2.2E-16));
#2512 = DIRECTION('',(-0.5,0.866025403784,-3.E-17));
#2513 = ADVANCED_FACE('',(#2514),#2532,.F.);
#2514 = FACE_BOUND('',#2515,.F.);
#2515 = EDGE_LOOP('',(#2516,#2517,#2518,#2526));
#2516 = ORIENTED_EDGE('',*,*,#1119,.T.);
#2517 = ORIENTED_EDGE('',*,*,#2398,.T.);
#2518 = ORIENTED_EDGE('',*,*,#2519,.F.);
#2519 = EDGE_CURVE('',#2520,#2391,#2522,.T.);
#2520 = VERTEX_POINT('',#2521);
#2521 = CARTESIAN_POINT('',(56.188457268131,-5.3992627873,8.5));
#2522 = LINE('',#2523,#2524);
#2523 = CARTESIAN_POINT('',(56.188457268131,-5.3992627873,8.5));
#2524 = VECTOR('',#2525,1.);
#2525 = DIRECTION('',(-0.866025403784,-0.5,-2.2E-16));
#2526 = ORIENTED_EDGE('',*,*,#2527,.F.);
#2527 = EDGE_CURVE('',#1112,#2520,#2528,.T.);
#2528 = LINE('',#2529,#2530);
#2529 = CARTESIAN_POINT('',(56.188457268131,-5.3992627873,3.5));
#2530 = VECTOR('',#2531,1.);
#2531 = DIRECTION('',(-2.055255888326E-16,-8.401923788651E-17,1.));
#2532 = PLANE('',#2533);
#2533 = AXIS2_PLACEMENT_3D('',#2534,#2535,#2536);
#2534 = CARTESIAN_POINT('',(56.188457268131,-5.3992627873,3.5));
#2535 = DIRECTION('',(-0.5,0.866025403784,-3.E-17));
#2536 = DIRECTION('',(-2.055255888326E-16,-8.401923788651E-17,1.));
#2537 = ADVANCED_FACE('',(#2538,#2620,#2631,#2642,#2653,#2664,#2675),
  #2686,.F.);
#2538 = FACE_BOUND('',#2539,.T.);
#2539 = EDGE_LOOP('',(#2540,#2550,#2558,#2566,#2574,#2580,#2581,#2582,
    #2583,#2591,#2597,#2598,#2606,#2614));
#2540 = ORIENTED_EDGE('',*,*,#2541,.T.);
#2541 = EDGE_CURVE('',#2542,#2544,#2546,.T.);
#2542 = VERTEX_POINT('',#2543);
#2543 = CARTESIAN_POINT('',(30.988457268121,38.24841756343,48.1));
#2544 = VERTEX_POINT('',#2545);
#2545 = CARTESIAN_POINT('',(33.487471988967,33.919997098064,54.09));
#2546 = LINE('',#2547,#2548);
#2547 = CARTESIAN_POINT('',(30.988457268121,38.24841756343,48.1));
#2548 = VECTOR('',#2549,1.);
#2549 = DIRECTION('',(0.320332806937,-0.554832696946,0.767820012242));
#2550 = ORIENTED_EDGE('',*,*,#2551,.T.);
#2551 = EDGE_CURVE('',#2544,#2552,#2554,.T.);
#2552 = VERTEX_POINT('',#2553);
#2553 = CARTESIAN_POINT('',(46.174229837121,11.94588792175,54.11));
#2554 = LINE('',#2555,#2556);
#2555 = CARTESIAN_POINT('',(33.487471988967,33.919997098064,54.09));
#2556 = VECTOR('',#2557,1.);
#2557 = DIRECTION('',(0.499999844676,-0.866025134755,7.882232019568E-04)
  );
#2558 = ORIENTED_EDGE('',*,*,#2559,.T.);
#2559 = EDGE_CURVE('',#2552,#2560,#2562,.T.);
#2560 = VERTEX_POINT('',#2561);
#2561 = CARTESIAN_POINT('',(48.688457268128,7.591118269465,48.1));
#2562 = LINE('',#2563,#2564);
#2563 = CARTESIAN_POINT('',(46.174229837121,11.94588792175,54.11));
#2564 = VECTOR('',#2565,1.);
#2565 = DIRECTION('',(0.320849282055,-0.555727258091,-0.766956943263));
#2566 = ORIENTED_EDGE('',*,*,#2567,.T.);
#2567 = EDGE_CURVE('',#2560,#2568,#2570,.T.);
#2568 = VERTEX_POINT('',#2569);
#2569 = CARTESIAN_POINT('',(48.688457268128,7.591118269465,8.5));
#2570 = LINE('',#2571,#2572);
#2571 = CARTESIAN_POINT('',(48.688457268128,7.591118269465,48.1));
#2572 = VECTOR('',#2573,1.);
#2573 = DIRECTION('',(2.055255888326E-16,8.401923788651E-17,-1.));
#2574 = ORIENTED_EDGE('',*,*,#2575,.F.);
#2575 = EDGE_CURVE('',#2520,#2568,#2576,.T.);
#2576 = LINE('',#2577,#2578);
#2577 = CARTESIAN_POINT('',(56.188457268131,-5.3992627873,8.5));
#2578 = VECTOR('',#2579,1.);
#2579 = DIRECTION('',(-0.5,0.866025403784,-3.E-17));
#2580 = ORIENTED_EDGE('',*,*,#2527,.F.);
#2581 = ORIENTED_EDGE('',*,*,#1111,.F.);
#2582 = ORIENTED_EDGE('',*,*,#2342,.F.);
#2583 = ORIENTED_EDGE('',*,*,#2584,.F.);
#2584 = EDGE_CURVE('',#2585,#2326,#2587,.T.);
#2585 = VERTEX_POINT('',#2586);
#2586 = CARTESIAN_POINT('',(33.488457268122,33.918290544508,49.09));
#2587 = LINE('',#2588,#2589);
#2588 = CARTESIAN_POINT('',(33.488457268122,33.918290544508,49.09));
#2589 = VECTOR('',#2590,1.);
#2590 = DIRECTION('',(0.5,-0.866025403784,3.E-17));
#2591 = ORIENTED_EDGE('',*,*,#2592,.F.);
#2592 = EDGE_CURVE('',#1149,#2585,#2593,.T.);
#2593 = LINE('',#2594,#2595);
#2594 = CARTESIAN_POINT('',(33.488457268122,33.918290544508,3.5));
#2595 = VECTOR('',#2596,1.);
#2596 = DIRECTION('',(-2.055255888326E-16,-8.401923788651E-17,1.));
#2597 = ORIENTED_EDGE('',*,*,#1148,.F.);
#2598 = ORIENTED_EDGE('',*,*,#2599,.F.);
#2599 = EDGE_CURVE('',#2600,#1139,#2602,.T.);
#2600 = VERTEX_POINT('',#2601);
#2601 = CARTESIAN_POINT('',(23.488457268118,51.238798620195,8.5));
#2602 = LINE('',#2603,#2604);
#2603 = CARTESIAN_POINT('',(23.488457268118,51.238798620195,8.5));
#2604 = VECTOR('',#2605,1.);
#2605 = DIRECTION('',(2.055255888326E-16,8.401923788651E-17,-1.));
#2606 = ORIENTED_EDGE('',*,*,#2607,.F.);
#2607 = EDGE_CURVE('',#2608,#2600,#2610,.T.);
#2608 = VERTEX_POINT('',#2609);
#2609 = CARTESIAN_POINT('',(30.988457268121,38.24841756343,8.5));
#2610 = LINE('',#2611,#2612);
#2611 = CARTESIAN_POINT('',(30.988457268121,38.24841756343,8.5));
#2612 = VECTOR('',#2613,1.);
#2613 = DIRECTION('',(-0.5,0.866025403784,-3.E-17));
#2614 = ORIENTED_EDGE('',*,*,#2615,.F.);
#2615 = EDGE_CURVE('',#2542,#2608,#2616,.T.);
#2616 = LINE('',#2617,#2618);
#2617 = CARTESIAN_POINT('',(30.988457268121,38.24841756343,48.1));
#2618 = VECTOR('',#2619,1.);
#2619 = DIRECTION('',(2.055255888326E-16,8.401923788651E-17,-1.));
#2620 = FACE_BOUND('',#2621,.T.);
#2621 = EDGE_LOOP('',(#2622));
#2622 = ORIENTED_EDGE('',*,*,#2623,.T.);
#2623 = EDGE_CURVE('',#2624,#2624,#2626,.T.);
#2624 = VERTEX_POINT('',#2625);
#2625 = CARTESIAN_POINT('',(43.413457268126,16.727686279389,51.3));
#2626 = CIRCLE('',#2627,1.35);
#2627 = AXIS2_PLACEMENT_3D('',#2628,#2629,#2630);
#2628 = CARTESIAN_POINT('',(44.088457268126,15.55855198428,51.3));
#2629 = DIRECTION('',(-0.866025403784,-0.5,-2.2E-16));
#2630 = DIRECTION('',(-0.5,0.866025403784,-3.E-17));
#2631 = FACE_BOUND('',#2632,.T.);
#2632 = EDGE_LOOP('',(#2633));
#2633 = ORIENTED_EDGE('',*,*,#2634,.T.);
#2634 = EDGE_CURVE('',#2635,#2635,#2637,.T.);
#2635 = VERTEX_POINT('',#2636);
#2636 = CARTESIAN_POINT('',(34.913457268123,31.450118143723,51.3));
#2637 = CIRCLE('',#2638,1.35);
#2638 = AXIS2_PLACEMENT_3D('',#2639,#2640,#2641);
#2639 = CARTESIAN_POINT('',(35.588457268123,30.280983848614,51.3));
#2640 = DIRECTION('',(-0.866025403784,-0.5,-2.2E-16));
#2641 = DIRECTION('',(-0.5,0.866025403784,-3.E-17));
#2642 = FACE_BOUND('',#2643,.T.);
#2643 = EDGE_LOOP('',(#2644));
#2644 = ORIENTED_EDGE('',*,*,#2645,.T.);
#2645 = EDGE_CURVE('',#2646,#2646,#2648,.T.);
#2646 = VERTEX_POINT('',#2647);
#2647 = CARTESIAN_POINT('',(46.663457268127,11.098521154791,45.));
#2648 = CIRCLE('',#2649,1.35);
#2649 = AXIS2_PLACEMENT_3D('',#2650,#2651,#2652);
#2650 = CARTESIAN_POINT('',(47.338457268127,9.929386859682,45.));
#2651 = DIRECTION('',(-0.866025403784,-0.5,-2.2E-16));
#2652 = DIRECTION('',(-0.5,0.866025403784,-3.E-17));
#2653 = FACE_BOUND('',#2654,.T.);
#2654 = EDGE_LOOP('',(#2655));
#2655 = ORIENTED_EDGE('',*,*,#2656,.T.);
#2656 = EDGE_CURVE('',#2657,#2657,#2659,.T.);
#2657 = VERTEX_POINT('',#2658);
#2658 = CARTESIAN_POINT('',(31.663457268121,37.079283268321,45.));
#2659 = CIRCLE('',#2660,1.35);
#2660 = AXIS2_PLACEMENT_3D('',#2661,#2662,#2663);
#2661 = CARTESIAN_POINT('',(32.338457268122,35.910148973212,45.));
#2662 = DIRECTION('',(-0.866025403784,-0.5,-2.2E-16));
#2663 = DIRECTION('',(-0.5,0.866025403784,-3.E-17));
#2664 = FACE_BOUND('',#2665,.T.);
#2665 = EDGE_LOOP('',(#2666));
#2666 = ORIENTED_EDGE('',*,*,#2667,.T.);
#2667 = EDGE_CURVE('',#2668,#2668,#2670,.T.);
#2668 = VERTEX_POINT('',#2669);
#2669 = CARTESIAN_POINT('',(31.663457268121,37.079283268321,28.));
#2670 = CIRCLE('',#2671,1.35);
#2671 = AXIS2_PLACEMENT_3D('',#2672,#2673,#2674);
#2672 = CARTESIAN_POINT('',(32.338457268122,35.910148973212,28.));
#2673 = DIRECTION('',(-0.866025403784,-0.5,-2.2E-16));
#2674 = DIRECTION('',(-0.5,0.866025403784,-3.E-17));
#2675 = FACE_BOUND('',#2676,.T.);
#2676 = EDGE_LOOP('',(#2677));
#2677 = ORIENTED_EDGE('',*,*,#2678,.T.);
#2678 = EDGE_CURVE('',#2679,#2679,#2681,.T.);
#2679 = VERTEX_POINT('',#2680);
#2680 = CARTESIAN_POINT('',(46.663457268127,11.098521154791,28.));
#2681 = CIRCLE('',#2682,1.35);
#2682 = AXIS2_PLACEMENT_3D('',#2683,#2684,#2685);
#2683 = CARTESIAN_POINT('',(47.338457268127,9.929386859682,28.));
#2684 = DIRECTION('',(-0.866025403784,-0.5,-2.2E-16));
#2685 = DIRECTION('',(-0.5,0.866025403784,-3.E-17));
#2686 = PLANE('',#2687);
#2687 = AXIS2_PLACEMENT_3D('',#2688,#2689,#2690);
#2688 = CARTESIAN_POINT('',(39.83849159229,22.919708465248,
    28.579169257359));
#2689 = DIRECTION('',(-0.866025403784,-0.5,-2.2E-16));
#2690 = DIRECTION('',(-0.5,0.866025403784,-3.E-17));
#2691 = ADVANCED_FACE('',(#2692),#2703,.F.);
#2692 = FACE_BOUND('',#2693,.F.);
#2693 = EDGE_LOOP('',(#2694,#2700,#2701,#2702));
#2694 = ORIENTED_EDGE('',*,*,#2695,.T.);
#2695 = EDGE_CURVE('',#2600,#2422,#2696,.T.);
#2696 = LINE('',#2697,#2698);
#2697 = CARTESIAN_POINT('',(23.488457268118,51.238798620195,8.5));
#2698 = VECTOR('',#2699,1.);
#2699 = DIRECTION('',(-0.866025403784,-0.5,-2.2E-16));
#2700 = ORIENTED_EDGE('',*,*,#2421,.T.);
#2701 = ORIENTED_EDGE('',*,*,#1138,.F.);
#2702 = ORIENTED_EDGE('',*,*,#2599,.F.);
#2703 = PLANE('',#2704);
#2704 = AXIS2_PLACEMENT_3D('',#2705,#2706,#2707);
#2705 = CARTESIAN_POINT('',(23.488457268118,51.238798620195,8.5));
#2706 = DIRECTION('',(0.5,-0.866025403784,3.E-17));
#2707 = DIRECTION('',(2.055255888326E-16,8.401923788651E-17,-1.));
#2708 = ADVANCED_FACE('',(#2709),#2720,.F.);
#2709 = FACE_BOUND('',#2710,.F.);
#2710 = EDGE_LOOP('',(#2711,#2712,#2713,#2719));
#2711 = ORIENTED_EDGE('',*,*,#1156,.T.);
#2712 = ORIENTED_EDGE('',*,*,#2414,.T.);
#2713 = ORIENTED_EDGE('',*,*,#2714,.F.);
#2714 = EDGE_CURVE('',#2585,#2407,#2715,.T.);
#2715 = LINE('',#2716,#2717);
#2716 = CARTESIAN_POINT('',(33.488457268122,33.918290544508,49.09));
#2717 = VECTOR('',#2718,1.);
#2718 = DIRECTION('',(-0.866025403784,-0.5,-2.2E-16));
#2719 = ORIENTED_EDGE('',*,*,#2592,.F.);
#2720 = PLANE('',#2721);
#2721 = AXIS2_PLACEMENT_3D('',#2722,#2723,#2724);
#2722 = CARTESIAN_POINT('',(33.488457268122,33.918290544508,3.5));
#2723 = DIRECTION('',(-0.5,0.866025403784,-3.E-17));
#2724 = DIRECTION('',(-2.055255888326E-16,-8.401923788651E-17,1.));
#2725 = ADVANCED_FACE('',(#2726,#2737,#2757),#2777,.F.);
#2726 = FACE_BOUND('',#2727,.F.);
#2727 = EDGE_LOOP('',(#2728,#2734,#2735,#2736));
#2728 = ORIENTED_EDGE('',*,*,#2729,.T.);
#2729 = EDGE_CURVE('',#1800,#1622,#2730,.T.);
#2730 = LINE('',#2731,#2732);
#2731 = CARTESIAN_POINT('',(-17.7,-41.,8.5));
#2732 = VECTOR('',#2733,1.);
#2733 = DIRECTION('',(1.5E-16,-1.,-2.2E-16));
#2734 = ORIENTED_EDGE('',*,*,#1621,.T.);
#2735 = ORIENTED_EDGE('',*,*,#1517,.F.);
#2736 = ORIENTED_EDGE('',*,*,#1799,.F.);
#2737 = FACE_BOUND('',#2738,.F.);
#2738 = EDGE_LOOP('',(#2739,#2750));
#2739 = ORIENTED_EDGE('',*,*,#2740,.F.);
#2740 = EDGE_CURVE('',#2741,#2743,#2745,.T.);
#2741 = VERTEX_POINT('',#2742);
#2742 = CARTESIAN_POINT('',(-23.7,-43.5,8.5));
#2743 = VERTEX_POINT('',#2744);
#2744 = CARTESIAN_POINT('',(-20.3,-43.5,8.5));
#2745 = CIRCLE('',#2746,1.7);
#2746 = AXIS2_PLACEMENT_3D('',#2747,#2748,#2749);
#2747 = CARTESIAN_POINT('',(-22.,-43.5,8.5));
#2748 = DIRECTION('',(3.E-17,4.4E-16,-1.));
#2749 = DIRECTION('',(-1.,-1.5E-16,-3.E-17));
#2750 = ORIENTED_EDGE('',*,*,#2751,.F.);
#2751 = EDGE_CURVE('',#2743,#2741,#2752,.T.);
#2752 = CIRCLE('',#2753,1.7);
#2753 = AXIS2_PLACEMENT_3D('',#2754,#2755,#2756);
#2754 = CARTESIAN_POINT('',(-22.,-43.5,8.5));
#2755 = DIRECTION('',(3.E-17,4.4E-16,-1.));
#2756 = DIRECTION('',(-1.,-1.5E-16,-3.E-17));
#2757 = FACE_BOUND('',#2758,.F.);
#2758 = EDGE_LOOP('',(#2759,#2770));
#2759 = ORIENTED_EDGE('',*,*,#2760,.F.);
#2760 = EDGE_CURVE('',#2761,#2763,#2765,.T.);
#2761 = VERTEX_POINT('',#2762);
#2762 = CARTESIAN_POINT('',(-30.7,-43.5,8.5));
#2763 = VERTEX_POINT('',#2764);
#2764 = CARTESIAN_POINT('',(-27.3,-43.5,8.5));
#2765 = CIRCLE('',#2766,1.7);
#2766 = AXIS2_PLACEMENT_3D('',#2767,#2768,#2769);
#2767 = CARTESIAN_POINT('',(-29.,-43.5,8.5));
#2768 = DIRECTION('',(3.E-17,4.4E-16,-1.));
#2769 = DIRECTION('',(-1.,-1.5E-16,-3.E-17));
#2770 = ORIENTED_EDGE('',*,*,#2771,.F.);
#2771 = EDGE_CURVE('',#2763,#2761,#2772,.T.);
#2772 = CIRCLE('',#2773,1.7);
#2773 = AXIS2_PLACEMENT_3D('',#2774,#2775,#2776);
#2774 = CARTESIAN_POINT('',(-29.,-43.5,8.5));
#2775 = DIRECTION('',(3.E-17,4.4E-16,-1.));
#2776 = DIRECTION('',(-1.,-1.5E-16,-3.E-17));
#2777 = PLANE('',#2778);
#2778 = AXIS2_PLACEMENT_3D('',#2779,#2780,#2781);
#2779 = CARTESIAN_POINT('',(-17.7,-41.,8.5));
#2780 = DIRECTION('',(3.E-17,2.2E-16,-1.));
#2781 = DIRECTION('',(-1.,-1.5E-16,-3.E-17));
#2782 = ADVANCED_FACE('',(#2783,#2794,#2805),#2816,.F.);
#2783 = FACE_BOUND('',#2784,.F.);
#2784 = EDGE_LOOP('',(#2785,#2786,#2787,#2793));
#2785 = ORIENTED_EDGE('',*,*,#1906,.T.);
#2786 = ORIENTED_EDGE('',*,*,#1582,.T.);
#2787 = ORIENTED_EDGE('',*,*,#2788,.F.);
#2788 = EDGE_CURVE('',#1760,#1575,#2789,.T.);
#2789 = LINE('',#2790,#2791);
#2790 = CARTESIAN_POINT('',(17.7,-41.,8.5));
#2791 = VECTOR('',#2792,1.);
#2792 = DIRECTION('',(1.5E-16,-1.,-2.2E-16));
#2793 = ORIENTED_EDGE('',*,*,#1767,.F.);
#2794 = FACE_BOUND('',#2795,.F.);
#2795 = EDGE_LOOP('',(#2796));
#2796 = ORIENTED_EDGE('',*,*,#2797,.T.);
#2797 = EDGE_CURVE('',#2798,#2798,#2800,.T.);
#2798 = VERTEX_POINT('',#2799);
#2799 = CARTESIAN_POINT('',(23.7,-43.5,8.5));
#2800 = CIRCLE('',#2801,1.7);
#2801 = AXIS2_PLACEMENT_3D('',#2802,#2803,#2804);
#2802 = CARTESIAN_POINT('',(22.,-43.5,8.5));
#2803 = DIRECTION('',(-3.E-17,-4.4E-16,1.));
#2804 = DIRECTION('',(1.,1.5E-16,3.E-17));
#2805 = FACE_BOUND('',#2806,.F.);
#2806 = EDGE_LOOP('',(#2807));
#2807 = ORIENTED_EDGE('',*,*,#2808,.T.);
#2808 = EDGE_CURVE('',#2809,#2809,#2811,.T.);
#2809 = VERTEX_POINT('',#2810);
#2810 = CARTESIAN_POINT('',(30.7,-43.5,8.5));
#2811 = CIRCLE('',#2812,1.7);
#2812 = AXIS2_PLACEMENT_3D('',#2813,#2814,#2815);
#2813 = CARTESIAN_POINT('',(29.,-43.5,8.5));
#2814 = DIRECTION('',(-3.E-17,-4.4E-16,1.));
#2815 = DIRECTION('',(1.,1.5E-16,3.E-17));
#2816 = PLANE('',#2817);
#2817 = AXIS2_PLACEMENT_3D('',#2818,#2819,#2820);
#2818 = CARTESIAN_POINT('',(32.7,-41.,8.5));
#2819 = DIRECTION('',(3.E-17,2.2E-16,-1.));
#2820 = DIRECTION('',(-1.,-1.5E-16,-3.E-17));
#2821 = ADVANCED_FACE('',(#2822),#2843,.F.);
#2822 = FACE_BOUND('',#2823,.F.);
#2823 = EDGE_LOOP('',(#2824,#2833,#2839,#2840,#2841,#2842));
#2824 = ORIENTED_EDGE('',*,*,#2825,.T.);
#2825 = EDGE_CURVE('',#2826,#2826,#2828,.T.);
#2826 = VERTEX_POINT('',#2827);
#2827 = CARTESIAN_POINT('',(-53.01088913245,-4.782553331818,8.5));
#2828 = CIRCLE('',#2829,1.7);
#2829 = AXIS2_PLACEMENT_3D('',#2830,#2831,#2832);
#2830 = CARTESIAN_POINT('',(-52.16088913245,-3.310310145385,8.5));
#2831 = DIRECTION('',(-3.660511776651E-16,2.459807621136E-16,-1.));
#2832 = DIRECTION('',(-0.5,-0.866025403784,-3.E-17));
#2833 = ORIENTED_EDGE('',*,*,#2834,.T.);
#2834 = EDGE_CURVE('',#2826,#1182,#2835,.T.);
#2835 = LINE('',#2836,#2837);
#2836 = CARTESIAN_POINT('',(-53.01088913245,-4.782553331818,8.5));
#2837 = VECTOR('',#2838,1.);
#2838 = DIRECTION('',(-3.460511776651E-16,2.80621778265E-16,-1.));
#2839 = ORIENTED_EDGE('',*,*,#1181,.F.);
#2840 = ORIENTED_EDGE('',*,*,#1208,.F.);
#2841 = ORIENTED_EDGE('',*,*,#1190,.F.);
#2842 = ORIENTED_EDGE('',*,*,#2834,.F.);
#2843 = CYLINDRICAL_SURFACE('',#2844,1.7);
#2844 = AXIS2_PLACEMENT_3D('',#2845,#2846,#2847);
#2845 = CARTESIAN_POINT('',(-52.16088913245,-3.310310145385,8.5));
#2846 = DIRECTION('',(-3.660511776651E-16,2.459807621136E-16,-1.));
#2847 = DIRECTION('',(-0.5,-0.866025403784,-3.E-17));
#2848 = ADVANCED_FACE('',(#2849),#2870,.F.);
#2849 = FACE_BOUND('',#2850,.F.);
#2850 = EDGE_LOOP('',(#2851,#2860,#2866,#2867,#2868,#2869));
#2851 = ORIENTED_EDGE('',*,*,#2852,.T.);
#2852 = EDGE_CURVE('',#2853,#2853,#2855,.T.);
#2853 = VERTEX_POINT('',#2854);
#2854 = CARTESIAN_POINT('',(-49.51088913245,1.279624494672,8.5));
#2855 = CIRCLE('',#2856,1.7);
#2856 = AXIS2_PLACEMENT_3D('',#2857,#2858,#2859);
#2857 = CARTESIAN_POINT('',(-48.66088913245,2.751867681106,8.5));
#2858 = DIRECTION('',(-3.660511776651E-16,2.459807621136E-16,-1.));
#2859 = DIRECTION('',(-0.5,-0.866025403784,-3.E-17));
#2860 = ORIENTED_EDGE('',*,*,#2861,.T.);
#2861 = EDGE_CURVE('',#2853,#1224,#2862,.T.);
#2862 = LINE('',#2863,#2864);
#2863 = CARTESIAN_POINT('',(-49.51088913245,1.279624494672,8.5));
#2864 = VECTOR('',#2865,1.);
#2865 = DIRECTION('',(-3.460511776651E-16,2.80621778265E-16,-1.));
#2866 = ORIENTED_EDGE('',*,*,#1223,.F.);
#2867 = ORIENTED_EDGE('',*,*,#1250,.F.);
#2868 = ORIENTED_EDGE('',*,*,#1232,.F.);
#2869 = ORIENTED_EDGE('',*,*,#2861,.F.);
#2870 = CYLINDRICAL_SURFACE('',#2871,1.7);
#2871 = AXIS2_PLACEMENT_3D('',#2872,#2873,#2874);
#2872 = CARTESIAN_POINT('',(-48.66088913245,2.751867681106,8.5));
#2873 = DIRECTION('',(-3.660511776651E-16,2.459807621136E-16,-1.));
#2874 = DIRECTION('',(-0.5,-0.866025403784,-3.E-17));
#2875 = ADVANCED_FACE('',(#2876),#2897,.F.);
#2876 = FACE_BOUND('',#2877,.F.);
#2877 = EDGE_LOOP('',(#2878,#2886,#2887,#2888,#2889,#2890));
#2878 = ORIENTED_EDGE('',*,*,#2879,.T.);
#2879 = EDGE_CURVE('',#2880,#1284,#2882,.T.);
#2880 = VERTEX_POINT('',#2881);
#2881 = CARTESIAN_POINT('',(-25.81088913244,42.329228634049,8.5));
#2882 = LINE('',#2883,#2884);
#2883 = CARTESIAN_POINT('',(-25.81088913244,42.329228634049,8.5));
#2884 = VECTOR('',#2885,1.);
#2885 = DIRECTION('',(-3.910511776651E-16,2.026794919244E-16,-1.));
#2886 = ORIENTED_EDGE('',*,*,#1292,.T.);
#2887 = ORIENTED_EDGE('',*,*,#1265,.T.);
#2888 = ORIENTED_EDGE('',*,*,#1283,.T.);
#2889 = ORIENTED_EDGE('',*,*,#2879,.F.);
#2890 = ORIENTED_EDGE('',*,*,#2891,.F.);
#2891 = EDGE_CURVE('',#2880,#2880,#2892,.T.);
#2892 = CIRCLE('',#2893,1.7);
#2893 = AXIS2_PLACEMENT_3D('',#2894,#2895,#2896);
#2894 = CARTESIAN_POINT('',(-26.66088913244,40.856985447616,8.5));
#2895 = DIRECTION('',(3.660511776651E-16,-2.459807621136E-16,1.));
#2896 = DIRECTION('',(0.5,0.866025403784,3.E-17));
#2897 = CYLINDRICAL_SURFACE('',#2898,1.7);
#2898 = AXIS2_PLACEMENT_3D('',#2899,#2900,#2901);
#2899 = CARTESIAN_POINT('',(-26.66088913244,40.856985447616,8.5));
#2900 = DIRECTION('',(-3.660511776651E-16,2.459807621136E-16,-1.));
#2901 = DIRECTION('',(0.5,0.866025403784,3.E-17));
#2902 = ADVANCED_FACE('',(#2903),#2924,.F.);
#2903 = FACE_BOUND('',#2904,.F.);
#2904 = EDGE_LOOP('',(#2905,#2913,#2914,#2915,#2916,#2917));
#2905 = ORIENTED_EDGE('',*,*,#2906,.T.);
#2906 = EDGE_CURVE('',#2907,#1326,#2909,.T.);
#2907 = VERTEX_POINT('',#2908);
#2908 = CARTESIAN_POINT('',(-22.31088913244,48.39140646054,8.5));
#2909 = LINE('',#2910,#2911);
#2910 = CARTESIAN_POINT('',(-22.31088913244,48.39140646054,8.5));
#2911 = VECTOR('',#2912,1.);
#2912 = DIRECTION('',(-3.910511776651E-16,2.026794919244E-16,-1.));
#2913 = ORIENTED_EDGE('',*,*,#1334,.T.);
#2914 = ORIENTED_EDGE('',*,*,#1307,.T.);
#2915 = ORIENTED_EDGE('',*,*,#1325,.T.);
#2916 = ORIENTED_EDGE('',*,*,#2906,.F.);
#2917 = ORIENTED_EDGE('',*,*,#2918,.F.);
#2918 = EDGE_CURVE('',#2907,#2907,#2919,.T.);
#2919 = CIRCLE('',#2920,1.7);
#2920 = AXIS2_PLACEMENT_3D('',#2921,#2922,#2923);
#2921 = CARTESIAN_POINT('',(-23.16088913244,46.919163274106,8.5));
#2922 = DIRECTION('',(3.660511776651E-16,-2.459807621136E-16,1.));
#2923 = DIRECTION('',(0.5,0.866025403784,3.E-17));
#2924 = CYLINDRICAL_SURFACE('',#2925,1.7);
#2925 = AXIS2_PLACEMENT_3D('',#2926,#2927,#2928);
#2926 = CARTESIAN_POINT('',(-23.16088913244,46.919163274106,8.5));
#2927 = DIRECTION('',(-3.660511776651E-16,2.459807621136E-16,-1.));
#2928 = DIRECTION('',(0.5,0.866025403784,3.E-17));
#2929 = ADVANCED_FACE('',(#2930),#2951,.F.);
#2930 = FACE_BOUND('',#2931,.F.);
#2931 = EDGE_LOOP('',(#2932,#2940,#2941,#2942,#2943,#2944));
#2932 = ORIENTED_EDGE('',*,*,#2933,.T.);
#2933 = EDGE_CURVE('',#2934,#1368,#2936,.T.);
#2934 = VERTEX_POINT('',#2935);
#2935 = CARTESIAN_POINT('',(53.02339375867,-4.917211979732,8.5));
#2936 = LINE('',#2937,#2938);
#2937 = CARTESIAN_POINT('',(53.02339375867,-4.917211979732,8.5));
#2938 = VECTOR('',#2939,1.);
#2939 = DIRECTION('',(3.710511776651E-16,2.373205080758E-16,-1.));
#2940 = ORIENTED_EDGE('',*,*,#1376,.T.);
#2941 = ORIENTED_EDGE('',*,*,#1349,.T.);
#2942 = ORIENTED_EDGE('',*,*,#1367,.T.);
#2943 = ORIENTED_EDGE('',*,*,#2933,.F.);
#2944 = ORIENTED_EDGE('',*,*,#2945,.F.);
#2945 = EDGE_CURVE('',#2934,#2934,#2946,.T.);
#2946 = CIRCLE('',#2947,1.7);
#2947 = AXIS2_PLACEMENT_3D('',#2948,#2949,#2950);
#2948 = CARTESIAN_POINT('',(52.173393758669,-3.444968793299,8.5));
#2949 = DIRECTION('',(-3.960511776651E-16,-1.940192378866E-16,1.));
#2950 = DIRECTION('',(0.5,-0.866025403784,3.E-17));
#2951 = CYLINDRICAL_SURFACE('',#2952,1.7);
#2952 = AXIS2_PLACEMENT_3D('',#2953,#2954,#2955);
#2953 = CARTESIAN_POINT('',(52.173393758669,-3.444968793299,8.5));
#2954 = DIRECTION('',(3.960511776651E-16,1.940192378866E-16,-1.));
#2955 = DIRECTION('',(0.5,-0.866025403784,3.E-17));
#2956 = ADVANCED_FACE('',(#2957),#2978,.F.);
#2957 = FACE_BOUND('',#2958,.F.);
#2958 = EDGE_LOOP('',(#2959,#2967,#2968,#2969,#2970,#2971));
#2959 = ORIENTED_EDGE('',*,*,#2960,.T.);
#2960 = EDGE_CURVE('',#2961,#1410,#2963,.T.);
#2961 = VERTEX_POINT('',#2962);
#2962 = CARTESIAN_POINT('',(49.523393758668,1.144965846758,8.5));
#2963 = LINE('',#2964,#2965);
#2964 = CARTESIAN_POINT('',(49.523393758668,1.144965846758,8.5));
#2965 = VECTOR('',#2966,1.);
#2966 = DIRECTION('',(3.710511776651E-16,2.373205080758E-16,-1.));
#2967 = ORIENTED_EDGE('',*,*,#1418,.T.);
#2968 = ORIENTED_EDGE('',*,*,#1391,.T.);
#2969 = ORIENTED_EDGE('',*,*,#1409,.T.);
#2970 = ORIENTED_EDGE('',*,*,#2960,.F.);
#2971 = ORIENTED_EDGE('',*,*,#2972,.F.);
#2972 = EDGE_CURVE('',#2961,#2961,#2973,.T.);
#2973 = CIRCLE('',#2974,1.7);
#2974 = AXIS2_PLACEMENT_3D('',#2975,#2976,#2977);
#2975 = CARTESIAN_POINT('',(48.673393758668,2.617209033192,8.5));
#2976 = DIRECTION('',(-3.960511776651E-16,-1.940192378866E-16,1.));
#2977 = DIRECTION('',(0.5,-0.866025403784,3.E-17));
#2978 = CYLINDRICAL_SURFACE('',#2979,1.7);
#2979 = AXIS2_PLACEMENT_3D('',#2980,#2981,#2982);
#2980 = CARTESIAN_POINT('',(48.673393758668,2.617209033192,8.5));
#2981 = DIRECTION('',(3.960511776651E-16,1.940192378866E-16,-1.));
#2982 = DIRECTION('',(0.5,-0.866025403784,3.E-17));
#2983 = ADVANCED_FACE('',(#2984),#3005,.F.);
#2984 = FACE_BOUND('',#2985,.F.);
#2985 = EDGE_LOOP('',(#2986,#2995,#3001,#3002,#3003,#3004));
#2986 = ORIENTED_EDGE('',*,*,#2987,.T.);
#2987 = EDGE_CURVE('',#2988,#2988,#2990,.T.);
#2988 = VERTEX_POINT('',#2989);
#2989 = CARTESIAN_POINT('',(25.823393758659,42.194569986135,8.5));
#2990 = CIRCLE('',#2991,1.7);
#2991 = AXIS2_PLACEMENT_3D('',#2992,#2993,#2994);
#2992 = CARTESIAN_POINT('',(26.67339375866,40.722326799702,8.5));
#2993 = DIRECTION('',(3.960511776651E-16,1.940192378866E-16,-1.));
#2994 = DIRECTION('',(-0.5,0.866025403784,-3.E-17));
#2995 = ORIENTED_EDGE('',*,*,#2996,.T.);
#2996 = EDGE_CURVE('',#2988,#1434,#2997,.T.);
#2997 = LINE('',#2998,#2999);
#2998 = CARTESIAN_POINT('',(25.823393758659,42.194569986135,8.5));
#2999 = VECTOR('',#3000,1.);
#3000 = DIRECTION('',(4.160511776651E-16,1.593782217352E-16,-1.));
#3001 = ORIENTED_EDGE('',*,*,#1433,.F.);
#3002 = ORIENTED_EDGE('',*,*,#1460,.F.);
#3003 = ORIENTED_EDGE('',*,*,#1442,.F.);
#3004 = ORIENTED_EDGE('',*,*,#2996,.F.);
#3005 = CYLINDRICAL_SURFACE('',#3006,1.7);
#3006 = AXIS2_PLACEMENT_3D('',#3007,#3008,#3009);
#3007 = CARTESIAN_POINT('',(26.67339375866,40.722326799702,8.5));
#3008 = DIRECTION('',(3.960511776651E-16,1.940192378866E-16,-1.));
#3009 = DIRECTION('',(-0.5,0.866025403784,-3.E-17));
#3010 = ADVANCED_FACE('',(#3011),#3032,.F.);
#3011 = FACE_BOUND('',#3012,.F.);
#3012 = EDGE_LOOP('',(#3013,#3022,#3028,#3029,#3030,#3031));
#3013 = ORIENTED_EDGE('',*,*,#3014,.T.);
#3014 = EDGE_CURVE('',#3015,#3015,#3017,.T.);
#3015 = VERTEX_POINT('',#3016);
#3016 = CARTESIAN_POINT('',(22.323393758658,48.256747812626,8.5));
#3017 = CIRCLE('',#3018,1.7);
#3018 = AXIS2_PLACEMENT_3D('',#3019,#3020,#3021);
#3019 = CARTESIAN_POINT('',(23.173393758658,46.784504626192,8.5));
#3020 = DIRECTION('',(3.960511776651E-16,1.940192378866E-16,-1.));
#3021 = DIRECTION('',(-0.5,0.866025403784,-3.E-17));
#3022 = ORIENTED_EDGE('',*,*,#3023,.T.);
#3023 = EDGE_CURVE('',#3015,#1476,#3024,.T.);
#3024 = LINE('',#3025,#3026);
#3025 = CARTESIAN_POINT('',(22.323393758658,48.256747812626,8.5));
#3026 = VECTOR('',#3027,1.);
#3027 = DIRECTION('',(4.160511776651E-16,1.593782217352E-16,-1.));
#3028 = ORIENTED_EDGE('',*,*,#1475,.F.);
#3029 = ORIENTED_EDGE('',*,*,#1502,.F.);
#3030 = ORIENTED_EDGE('',*,*,#1484,.F.);
#3031 = ORIENTED_EDGE('',*,*,#3023,.F.);
#3032 = CYLINDRICAL_SURFACE('',#3033,1.7);
#3033 = AXIS2_PLACEMENT_3D('',#3034,#3035,#3036);
#3034 = CARTESIAN_POINT('',(23.173393758658,46.784504626192,8.5));
#3035 = DIRECTION('',(3.960511776651E-16,1.940192378866E-16,-1.));
#3036 = DIRECTION('',(-0.5,0.866025403784,-3.E-17));
#3037 = ADVANCED_FACE('',(#3038),#3054,.T.);
#3038 = FACE_BOUND('',#3039,.T.);
#3039 = EDGE_LOOP('',(#3040,#3046,#3047,#3053));
#3040 = ORIENTED_EDGE('',*,*,#3041,.T.);
#3041 = EDGE_CURVE('',#1734,#1549,#3042,.T.);
#3042 = LINE('',#3043,#3044);
#3043 = CARTESIAN_POINT('',(-17.7,-41.,48.1));
#3044 = VECTOR('',#3045,1.);
#3045 = DIRECTION('',(1.5E-16,-1.,-2.2E-16));
#3046 = ORIENTED_EDGE('',*,*,#1548,.T.);
#3047 = ORIENTED_EDGE('',*,*,#3048,.F.);
#3048 = EDGE_CURVE('',#1736,#1551,#3049,.T.);
#3049 = LINE('',#3050,#3051);
#3050 = CARTESIAN_POINT('',(-12.70197055831,-41.,54.09));
#3051 = VECTOR('',#3052,1.);
#3052 = DIRECTION('',(1.5E-16,-1.,-2.2E-16));
#3053 = ORIENTED_EDGE('',*,*,#1733,.F.);
#3054 = PLANE('',#3055);
#3055 = AXIS2_PLACEMENT_3D('',#3056,#3057,#3058);
#3056 = CARTESIAN_POINT('',(-17.7,-41.,48.1));
#3057 = DIRECTION('',(-0.767820012242,-2.6E-16,0.640665613874));
#3058 = DIRECTION('',(0.640665613874,-8.000000000001E-17,0.767820012242)
  );
#3059 = ADVANCED_FACE('',(#3060),#3071,.T.);
#3060 = FACE_BOUND('',#3061,.T.);
#3061 = EDGE_LOOP('',(#3062,#3063,#3064,#3070));
#3062 = ORIENTED_EDGE('',*,*,#3048,.T.);
#3063 = ORIENTED_EDGE('',*,*,#1558,.T.);
#3064 = ORIENTED_EDGE('',*,*,#3065,.F.);
#3065 = EDGE_CURVE('',#1744,#1559,#3066,.T.);
#3066 = LINE('',#3067,#3068);
#3067 = CARTESIAN_POINT('',(12.671545137988,-41.,54.11));
#3068 = VECTOR('',#3069,1.);
#3069 = DIRECTION('',(1.5E-16,-1.,-2.2E-16));
#3070 = ORIENTED_EDGE('',*,*,#1743,.F.);
#3071 = PLANE('',#3072);
#3072 = AXIS2_PLACEMENT_3D('',#3073,#3074,#3075);
#3073 = CARTESIAN_POINT('',(-12.70197055831,-41.,54.09));
#3074 = DIRECTION('',(-7.882232019568E-04,-2.2E-16,0.999999689352));
#3075 = DIRECTION('',(0.999999689352,1.5E-16,7.882232019568E-04));
#3076 = ADVANCED_FACE('',(#3077),#3088,.T.);
#3077 = FACE_BOUND('',#3078,.T.);
#3078 = EDGE_LOOP('',(#3079,#3080,#3081,#3087));
#3079 = ORIENTED_EDGE('',*,*,#3065,.T.);
#3080 = ORIENTED_EDGE('',*,*,#1566,.T.);
#3081 = ORIENTED_EDGE('',*,*,#3082,.F.);
#3082 = EDGE_CURVE('',#1752,#1567,#3083,.T.);
#3083 = LINE('',#3084,#3085);
#3084 = CARTESIAN_POINT('',(17.7,-41.,48.1));
#3085 = VECTOR('',#3086,1.);
#3086 = DIRECTION('',(1.5E-16,-1.,-2.2E-16));
#3087 = ORIENTED_EDGE('',*,*,#1751,.F.);
#3088 = PLANE('',#3089);
#3089 = AXIS2_PLACEMENT_3D('',#3090,#3091,#3092);
#3090 = CARTESIAN_POINT('',(12.671545137988,-41.,54.11));
#3091 = DIRECTION('',(0.766956943263,-3.E-17,0.64169856411));
#3092 = DIRECTION('',(0.64169856411,2.7E-16,-0.766956943263));
#3093 = ADVANCED_FACE('',(#3094),#3100,.T.);
#3094 = FACE_BOUND('',#3095,.T.);
#3095 = EDGE_LOOP('',(#3096,#3097,#3098,#3099));
#3096 = ORIENTED_EDGE('',*,*,#3082,.T.);
#3097 = ORIENTED_EDGE('',*,*,#1574,.T.);
#3098 = ORIENTED_EDGE('',*,*,#2788,.F.);
#3099 = ORIENTED_EDGE('',*,*,#1759,.F.);
#3100 = PLANE('',#3101);
#3101 = AXIS2_PLACEMENT_3D('',#3102,#3103,#3104);
#3102 = CARTESIAN_POINT('',(17.7,-41.,48.1));
#3103 = DIRECTION('',(1.,1.5E-16,3.E-17));
#3104 = DIRECTION('',(3.E-17,2.2E-16,-1.));
#3105 = ADVANCED_FACE('',(#3106),#3112,.F.);
#3106 = FACE_BOUND('',#3107,.F.);
#3107 = EDGE_LOOP('',(#3108,#3109,#3110,#3111));
#3108 = ORIENTED_EDGE('',*,*,#1711,.T.);
#3109 = ORIENTED_EDGE('',*,*,#1605,.T.);
#3110 = ORIENTED_EDGE('',*,*,#1887,.F.);
#3111 = ORIENTED_EDGE('',*,*,#1790,.F.);
#3112 = PLANE('',#3113);
#3113 = AXIS2_PLACEMENT_3D('',#3114,#3115,#3116);
#3114 = CARTESIAN_POINT('',(-12.7,-41.,49.09));
#3115 = DIRECTION('',(-3.E-17,-2.2E-16,1.));
#3116 = DIRECTION('',(1.,1.5E-16,3.E-17));
#3117 = ADVANCED_FACE('',(#3118),#3124,.F.);
#3118 = FACE_BOUND('',#3119,.F.);
#3119 = EDGE_LOOP('',(#3120,#3121,#3122,#3123));
#3120 = ORIENTED_EDGE('',*,*,#3041,.T.);
#3121 = ORIENTED_EDGE('',*,*,#1629,.T.);
#3122 = ORIENTED_EDGE('',*,*,#2729,.F.);
#3123 = ORIENTED_EDGE('',*,*,#1807,.F.);
#3124 = PLANE('',#3125);
#3125 = AXIS2_PLACEMENT_3D('',#3126,#3127,#3128);
#3126 = CARTESIAN_POINT('',(-17.7,-41.,48.1));
#3127 = DIRECTION('',(1.,1.5E-16,3.E-17));
#3128 = DIRECTION('',(3.E-17,2.2E-16,-1.));
#3129 = ADVANCED_FACE('',(#3130),#3141,.F.);
#3130 = FACE_BOUND('',#3131,.F.);
#3131 = EDGE_LOOP('',(#3132,#3133,#3139,#3140));
#3132 = ORIENTED_EDGE('',*,*,#1815,.T.);
#3133 = ORIENTED_EDGE('',*,*,#3134,.T.);
#3134 = EDGE_CURVE('',#1816,#1638,#3135,.T.);
#3135 = LINE('',#3136,#3137);
#3136 = CARTESIAN_POINT('',(7.15,-41.,51.3));
#3137 = VECTOR('',#3138,1.);
#3138 = DIRECTION('',(1.5E-16,-1.,-2.2E-16));
#3139 = ORIENTED_EDGE('',*,*,#1637,.F.);
#3140 = ORIENTED_EDGE('',*,*,#3134,.F.);
#3141 = CYLINDRICAL_SURFACE('',#3142,1.35);
#3142 = AXIS2_PLACEMENT_3D('',#3143,#3144,#3145);
#3143 = CARTESIAN_POINT('',(8.5,-41.,51.3));
#3144 = DIRECTION('',(-1.5E-16,1.,2.2E-16));
#3145 = DIRECTION('',(-1.,-1.5E-16,-3.E-17));
#3146 = ADVANCED_FACE('',(#3147),#3158,.F.);
#3147 = FACE_BOUND('',#3148,.F.);
#3148 = EDGE_LOOP('',(#3149,#3150,#3156,#3157));
#3149 = ORIENTED_EDGE('',*,*,#1826,.T.);
#3150 = ORIENTED_EDGE('',*,*,#3151,.T.);
#3151 = EDGE_CURVE('',#1827,#1649,#3152,.T.);
#3152 = LINE('',#3153,#3154);
#3153 = CARTESIAN_POINT('',(-9.85,-41.,51.3));
#3154 = VECTOR('',#3155,1.);
#3155 = DIRECTION('',(1.5E-16,-1.,-2.2E-16));
#3156 = ORIENTED_EDGE('',*,*,#1648,.F.);
#3157 = ORIENTED_EDGE('',*,*,#3151,.F.);
#3158 = CYLINDRICAL_SURFACE('',#3159,1.35);
#3159 = AXIS2_PLACEMENT_3D('',#3160,#3161,#3162);
#3160 = CARTESIAN_POINT('',(-8.5,-41.,51.3));
#3161 = DIRECTION('',(-1.5E-16,1.,2.2E-16));
#3162 = DIRECTION('',(-1.,-1.5E-16,-3.E-17));
#3163 = ADVANCED_FACE('',(#3164),#3175,.F.);
#3164 = FACE_BOUND('',#3165,.F.);
#3165 = EDGE_LOOP('',(#3166,#3167,#3173,#3174));
#3166 = ORIENTED_EDGE('',*,*,#1837,.T.);
#3167 = ORIENTED_EDGE('',*,*,#3168,.T.);
#3168 = EDGE_CURVE('',#1838,#1660,#3169,.T.);
#3169 = LINE('',#3170,#3171);
#3170 = CARTESIAN_POINT('',(13.65,-41.,45.));
#3171 = VECTOR('',#3172,1.);
#3172 = DIRECTION('',(1.5E-16,-1.,-2.2E-16));
#3173 = ORIENTED_EDGE('',*,*,#1659,.F.);
#3174 = ORIENTED_EDGE('',*,*,#3168,.F.);
#3175 = CYLINDRICAL_SURFACE('',#3176,1.35);
#3176 = AXIS2_PLACEMENT_3D('',#3177,#3178,#3179);
#3177 = CARTESIAN_POINT('',(15.,-41.,45.));
#3178 = DIRECTION('',(-1.5E-16,1.,2.2E-16));
#3179 = DIRECTION('',(-1.,-1.5E-16,-3.E-17));
#3180 = ADVANCED_FACE('',(#3181),#3192,.F.);
#3181 = FACE_BOUND('',#3182,.F.);
#3182 = EDGE_LOOP('',(#3183,#3184,#3190,#3191));
#3183 = ORIENTED_EDGE('',*,*,#1848,.T.);
#3184 = ORIENTED_EDGE('',*,*,#3185,.T.);
#3185 = EDGE_CURVE('',#1849,#1671,#3186,.T.);
#3186 = LINE('',#3187,#3188);
#3187 = CARTESIAN_POINT('',(-16.35,-41.,45.));
#3188 = VECTOR('',#3189,1.);
#3189 = DIRECTION('',(1.5E-16,-1.,-2.2E-16));
#3190 = ORIENTED_EDGE('',*,*,#1670,.F.);
#3191 = ORIENTED_EDGE('',*,*,#3185,.F.);
#3192 = CYLINDRICAL_SURFACE('',#3193,1.35);
#3193 = AXIS2_PLACEMENT_3D('',#3194,#3195,#3196);
#3194 = CARTESIAN_POINT('',(-15.,-41.,45.));
#3195 = DIRECTION('',(-1.5E-16,1.,2.2E-16));
#3196 = DIRECTION('',(-1.,-1.5E-16,-3.E-17));
#3197 = ADVANCED_FACE('',(#3198),#3209,.F.);
#3198 = FACE_BOUND('',#3199,.F.);
#3199 = EDGE_LOOP('',(#3200,#3201,#3207,#3208));
#3200 = ORIENTED_EDGE('',*,*,#1859,.T.);
#3201 = ORIENTED_EDGE('',*,*,#3202,.T.);
#3202 = EDGE_CURVE('',#1860,#1682,#3203,.T.);
#3203 = LINE('',#3204,#3205);
#3204 = CARTESIAN_POINT('',(-16.35,-41.,28.));
#3205 = VECTOR('',#3206,1.);
#3206 = DIRECTION('',(1.5E-16,-1.,-2.2E-16));
#3207 = ORIENTED_EDGE('',*,*,#1681,.F.);
#3208 = ORIENTED_EDGE('',*,*,#3202,.F.);
#3209 = CYLINDRICAL_SURFACE('',#3210,1.35);
#3210 = AXIS2_PLACEMENT_3D('',#3211,#3212,#3213);
#3211 = CARTESIAN_POINT('',(-15.,-41.,28.));
#3212 = DIRECTION('',(-1.5E-16,1.,2.2E-16));
#3213 = DIRECTION('',(-1.,-1.5E-16,-3.E-17));
#3214 = ADVANCED_FACE('',(#3215),#3226,.F.);
#3215 = FACE_BOUND('',#3216,.F.);
#3216 = EDGE_LOOP('',(#3217,#3218,#3224,#3225));
#3217 = ORIENTED_EDGE('',*,*,#1870,.T.);
#3218 = ORIENTED_EDGE('',*,*,#3219,.T.);
#3219 = EDGE_CURVE('',#1871,#1693,#3220,.T.);
#3220 = LINE('',#3221,#3222);
#3221 = CARTESIAN_POINT('',(13.65,-41.,28.));
#3222 = VECTOR('',#3223,1.);
#3223 = DIRECTION('',(1.5E-16,-1.,-2.2E-16));
#3224 = ORIENTED_EDGE('',*,*,#1692,.F.);
#3225 = ORIENTED_EDGE('',*,*,#3219,.F.);
#3226 = CYLINDRICAL_SURFACE('',#3227,1.35);
#3227 = AXIS2_PLACEMENT_3D('',#3228,#3229,#3230);
#3228 = CARTESIAN_POINT('',(15.,-41.,28.));
#3229 = DIRECTION('',(-1.5E-16,1.,2.2E-16));
#3230 = DIRECTION('',(-1.,-1.5E-16,-3.E-17));
#3231 = ADVANCED_FACE('',(#3232,#3243,#3246),#3249,.F.);
#3232 = FACE_BOUND('',#3233,.F.);
#3233 = EDGE_LOOP('',(#3234,#3240,#3241,#3242));
#3234 = ORIENTED_EDGE('',*,*,#3235,.T.);
#3235 = EDGE_CURVE('',#2204,#2026,#3236,.T.);
#3236 = LINE('',#3237,#3238);
#3237 = CARTESIAN_POINT('',(-48.67595264191,7.725776917379,8.5));
#3238 = VECTOR('',#3239,1.);
#3239 = DIRECTION('',(0.866025403784,-0.5,-2.2E-16));
#3240 = ORIENTED_EDGE('',*,*,#2025,.T.);
#3241 = ORIENTED_EDGE('',*,*,#1921,.F.);
#3242 = ORIENTED_EDGE('',*,*,#2203,.F.);
#3243 = FACE_BOUND('',#3244,.F.);
#3244 = EDGE_LOOP('',(#3245));
#3245 = ORIENTED_EDGE('',*,*,#2852,.F.);
#3246 = FACE_BOUND('',#3247,.F.);
#3247 = EDGE_LOOP('',(#3248));
#3248 = ORIENTED_EDGE('',*,*,#2825,.F.);
#3249 = PLANE('',#3250);
#3250 = AXIS2_PLACEMENT_3D('',#3251,#3252,#3253);
#3251 = CARTESIAN_POINT('',(-48.67595264191,7.725776917379,8.5));
#3252 = DIRECTION('',(-1.755255888325E-16,1.359807621136E-16,-1.));
#3253 = DIRECTION('',(-0.5,-0.866025403784,-3.E-17));
#3254 = ADVANCED_FACE('',(#3255),#3271,.T.);
#3255 = FACE_BOUND('',#3256,.T.);
#3256 = EDGE_LOOP('',(#3257,#3263,#3264,#3270));
#3257 = ORIENTED_EDGE('',*,*,#3258,.T.);
#3258 = EDGE_CURVE('',#2138,#1953,#3259,.T.);
#3259 = LINE('',#3260,#3261);
#3260 = CARTESIAN_POINT('',(-48.67595264191,7.725776917379,48.1));
#3261 = VECTOR('',#3262,1.);
#3262 = DIRECTION('',(0.866025403784,-0.5,-2.2E-16));
#3263 = ORIENTED_EDGE('',*,*,#1952,.T.);
#3264 = ORIENTED_EDGE('',*,*,#3265,.F.);
#3265 = EDGE_CURVE('',#2140,#1955,#3266,.T.);
#3266 = LINE('',#3267,#3268);
#3267 = CARTESIAN_POINT('',(-46.17693792107,12.054197382744,54.09));
#3268 = VECTOR('',#3269,1.);
#3269 = DIRECTION('',(0.866025403784,-0.5,-2.2E-16));
#3270 = ORIENTED_EDGE('',*,*,#2137,.F.);
#3271 = PLANE('',#3272);
#3272 = AXIS2_PLACEMENT_3D('',#3273,#3274,#3275);
#3273 = CARTESIAN_POINT('',(-48.67595264191,7.725776917379,48.1));
#3274 = DIRECTION('',(-0.383910006121,-0.664951636136,0.640665613874));
#3275 = DIRECTION('',(0.320332806937,0.554832696946,0.767820012242));
#3276 = ADVANCED_FACE('',(#3277),#3288,.T.);
#3277 = FACE_BOUND('',#3278,.T.);
#3278 = EDGE_LOOP('',(#3279,#3280,#3281,#3287));
#3279 = ORIENTED_EDGE('',*,*,#3265,.T.);
#3280 = ORIENTED_EDGE('',*,*,#1962,.T.);
#3281 = ORIENTED_EDGE('',*,*,#3282,.F.);
#3282 = EDGE_CURVE('',#2148,#1963,#3283,.T.);
#3283 = LINE('',#3284,#3285);
#3284 = CARTESIAN_POINT('',(-33.49018007291,34.028306559059,54.11));
#3285 = VECTOR('',#3286,1.);
#3286 = DIRECTION('',(0.866025403784,-0.5,-2.2E-16));
#3287 = ORIENTED_EDGE('',*,*,#2147,.F.);
#3288 = PLANE('',#3289);
#3289 = AXIS2_PLACEMENT_3D('',#3290,#3291,#3292);
#3290 = CARTESIAN_POINT('',(-46.17693792107,12.054197382744,54.09));
#3291 = DIRECTION('',(-3.941116009784E-04,-6.82621316747E-04,
    0.999999689352));
#3292 = DIRECTION('',(0.499999844676,0.866025134755,7.882232019568E-04)
  );
#3293 = ADVANCED_FACE('',(#3294),#3305,.T.);
#3294 = FACE_BOUND('',#3295,.T.);
#3295 = EDGE_LOOP('',(#3296,#3297,#3298,#3304));
#3296 = ORIENTED_EDGE('',*,*,#3282,.T.);
#3297 = ORIENTED_EDGE('',*,*,#1970,.T.);
#3298 = ORIENTED_EDGE('',*,*,#3299,.F.);
#3299 = EDGE_CURVE('',#2156,#1971,#3300,.T.);
#3300 = LINE('',#3301,#3302);
#3301 = CARTESIAN_POINT('',(-30.9759526419,38.383076211344,48.1));
#3302 = VECTOR('',#3303,1.);
#3303 = DIRECTION('',(0.866025403784,-0.5,-2.2E-16));
#3304 = ORIENTED_EDGE('',*,*,#2155,.F.);
#3305 = PLANE('',#3306);
#3306 = AXIS2_PLACEMENT_3D('',#3307,#3308,#3309);
#3307 = CARTESIAN_POINT('',(-33.49018007291,34.028306559059,54.11));
#3308 = DIRECTION('',(0.383478471632,0.664204196474,0.64169856411));
#3309 = DIRECTION('',(0.320849282055,0.555727258091,-0.766956943263));
#3310 = ADVANCED_FACE('',(#3311),#3322,.T.);
#3311 = FACE_BOUND('',#3312,.T.);
#3312 = EDGE_LOOP('',(#3313,#3314,#3315,#3321));
#3313 = ORIENTED_EDGE('',*,*,#3299,.T.);
#3314 = ORIENTED_EDGE('',*,*,#1978,.T.);
#3315 = ORIENTED_EDGE('',*,*,#3316,.F.);
#3316 = EDGE_CURVE('',#2164,#1979,#3317,.T.);
#3317 = LINE('',#3318,#3319);
#3318 = CARTESIAN_POINT('',(-30.9759526419,38.383076211344,8.5));
#3319 = VECTOR('',#3320,1.);
#3320 = DIRECTION('',(0.866025403784,-0.5,-2.2E-16));
#3321 = ORIENTED_EDGE('',*,*,#2163,.F.);
#3322 = PLANE('',#3323);
#3323 = AXIS2_PLACEMENT_3D('',#3324,#3325,#3326);
#3324 = CARTESIAN_POINT('',(-30.9759526419,38.383076211344,48.1));
#3325 = DIRECTION('',(0.5,0.866025403784,3.E-17));
#3326 = DIRECTION('',(-1.755255888325E-16,1.359807621136E-16,-1.));
#3327 = ADVANCED_FACE('',(#3328,#3334,#3337),#3340,.F.);
#3328 = FACE_BOUND('',#3329,.F.);
#3329 = EDGE_LOOP('',(#3330,#3331,#3332,#3333));
#3330 = ORIENTED_EDGE('',*,*,#2310,.T.);
#3331 = ORIENTED_EDGE('',*,*,#1986,.T.);
#3332 = ORIENTED_EDGE('',*,*,#3316,.F.);
#3333 = ORIENTED_EDGE('',*,*,#2171,.F.);
#3334 = FACE_BOUND('',#3335,.F.);
#3335 = EDGE_LOOP('',(#3336));
#3336 = ORIENTED_EDGE('',*,*,#2891,.T.);
#3337 = FACE_BOUND('',#3338,.F.);
#3338 = EDGE_LOOP('',(#3339));
#3339 = ORIENTED_EDGE('',*,*,#2918,.T.);
#3340 = PLANE('',#3341);
#3341 = AXIS2_PLACEMENT_3D('',#3342,#3343,#3344);
#3342 = CARTESIAN_POINT('',(-23.4759526419,51.373457268109,8.5));
#3343 = DIRECTION('',(-1.755255888325E-16,1.359807621136E-16,-1.));
#3344 = DIRECTION('',(-0.5,-0.866025403784,-3.E-17));
#3345 = ADVANCED_FACE('',(#3346),#3352,.F.);
#3346 = FACE_BOUND('',#3347,.F.);
#3347 = EDGE_LOOP('',(#3348,#3349,#3350,#3351));
#3348 = ORIENTED_EDGE('',*,*,#2115,.T.);
#3349 = ORIENTED_EDGE('',*,*,#2009,.T.);
#3350 = ORIENTED_EDGE('',*,*,#2291,.F.);
#3351 = ORIENTED_EDGE('',*,*,#2194,.F.);
#3352 = PLANE('',#3353);
#3353 = AXIS2_PLACEMENT_3D('',#3354,#3355,#3356);
#3354 = CARTESIAN_POINT('',(-46.17595264191,12.0559039363,49.09));
#3355 = DIRECTION('',(1.755255888325E-16,-1.359807621136E-16,1.));
#3356 = DIRECTION('',(0.5,0.866025403784,3.E-17));
#3357 = ADVANCED_FACE('',(#3358),#3364,.F.);
#3358 = FACE_BOUND('',#3359,.F.);
#3359 = EDGE_LOOP('',(#3360,#3361,#3362,#3363));
#3360 = ORIENTED_EDGE('',*,*,#3258,.T.);
#3361 = ORIENTED_EDGE('',*,*,#2033,.T.);
#3362 = ORIENTED_EDGE('',*,*,#3235,.F.);
#3363 = ORIENTED_EDGE('',*,*,#2211,.F.);
#3364 = PLANE('',#3365);
#3365 = AXIS2_PLACEMENT_3D('',#3366,#3367,#3368);
#3366 = CARTESIAN_POINT('',(-48.67595264191,7.725776917379,48.1));
#3367 = DIRECTION('',(0.5,0.866025403784,3.E-17));
#3368 = DIRECTION('',(-1.755255888325E-16,1.359807621136E-16,-1.));
#3369 = ADVANCED_FACE('',(#3370),#3381,.F.);
#3370 = FACE_BOUND('',#3371,.F.);
#3371 = EDGE_LOOP('',(#3372,#3373,#3379,#3380));
#3372 = ORIENTED_EDGE('',*,*,#2219,.T.);
#3373 = ORIENTED_EDGE('',*,*,#3374,.T.);
#3374 = EDGE_CURVE('',#2220,#2042,#3375,.T.);
#3375 = LINE('',#3376,#3377);
#3376 = CARTESIAN_POINT('',(-36.25095264191,29.246508201419,51.3));
#3377 = VECTOR('',#3378,1.);
#3378 = DIRECTION('',(0.866025403784,-0.5,-2.2E-16));
#3379 = ORIENTED_EDGE('',*,*,#2041,.F.);
#3380 = ORIENTED_EDGE('',*,*,#3374,.F.);
#3381 = CYLINDRICAL_SURFACE('',#3382,1.35);
#3382 = AXIS2_PLACEMENT_3D('',#3383,#3384,#3385);
#3383 = CARTESIAN_POINT('',(-35.57595264191,30.415642496528,51.3));
#3384 = DIRECTION('',(-0.866025403784,0.5,2.2E-16));
#3385 = DIRECTION('',(-0.5,-0.866025403784,-3.E-17));
#3386 = ADVANCED_FACE('',(#3387),#3398,.F.);
#3387 = FACE_BOUND('',#3388,.F.);
#3388 = EDGE_LOOP('',(#3389,#3390,#3396,#3397));
#3389 = ORIENTED_EDGE('',*,*,#2230,.T.);
#3390 = ORIENTED_EDGE('',*,*,#3391,.T.);
#3391 = EDGE_CURVE('',#2231,#2053,#3392,.T.);
#3392 = LINE('',#3393,#3394);
#3393 = CARTESIAN_POINT('',(-44.75095264191,14.524076337086,51.3));
#3394 = VECTOR('',#3395,1.);
#3395 = DIRECTION('',(0.866025403784,-0.5,-2.2E-16));
#3396 = ORIENTED_EDGE('',*,*,#2052,.F.);
#3397 = ORIENTED_EDGE('',*,*,#3391,.F.);
#3398 = CYLINDRICAL_SURFACE('',#3399,1.35);
#3399 = AXIS2_PLACEMENT_3D('',#3400,#3401,#3402);
#3400 = CARTESIAN_POINT('',(-44.07595264191,15.693210632194,51.3));
#3401 = DIRECTION('',(-0.866025403784,0.5,2.2E-16));
#3402 = DIRECTION('',(-0.5,-0.866025403784,-3.E-17));
#3403 = ADVANCED_FACE('',(#3404),#3415,.F.);
#3404 = FACE_BOUND('',#3405,.F.);
#3405 = EDGE_LOOP('',(#3406,#3407,#3413,#3414));
#3406 = ORIENTED_EDGE('',*,*,#2241,.T.);
#3407 = ORIENTED_EDGE('',*,*,#3408,.T.);
#3408 = EDGE_CURVE('',#2242,#2064,#3409,.T.);
#3409 = LINE('',#3410,#3411);
#3410 = CARTESIAN_POINT('',(-33.00095264191,34.875673326017,45.));
#3411 = VECTOR('',#3412,1.);
#3412 = DIRECTION('',(0.866025403784,-0.5,-2.2E-16));
#3413 = ORIENTED_EDGE('',*,*,#2063,.F.);
#3414 = ORIENTED_EDGE('',*,*,#3408,.F.);
#3415 = CYLINDRICAL_SURFACE('',#3416,1.35);
#3416 = AXIS2_PLACEMENT_3D('',#3417,#3418,#3419);
#3417 = CARTESIAN_POINT('',(-32.32595264191,36.044807621126,45.));
#3418 = DIRECTION('',(-0.866025403784,0.5,2.2E-16));
#3419 = DIRECTION('',(-0.5,-0.866025403784,-3.E-17));
#3420 = ADVANCED_FACE('',(#3421),#3432,.F.);
#3421 = FACE_BOUND('',#3422,.F.);
#3422 = EDGE_LOOP('',(#3423,#3424,#3430,#3431));
#3423 = ORIENTED_EDGE('',*,*,#2252,.T.);
#3424 = ORIENTED_EDGE('',*,*,#3425,.T.);
#3425 = EDGE_CURVE('',#2253,#2075,#3426,.T.);
#3426 = LINE('',#3427,#3428);
#3427 = CARTESIAN_POINT('',(-48.00095264191,8.894911212487,45.));
#3428 = VECTOR('',#3429,1.);
#3429 = DIRECTION('',(0.866025403784,-0.5,-2.2E-16));
#3430 = ORIENTED_EDGE('',*,*,#2074,.F.);
#3431 = ORIENTED_EDGE('',*,*,#3425,.F.);
#3432 = CYLINDRICAL_SURFACE('',#3433,1.35);
#3433 = AXIS2_PLACEMENT_3D('',#3434,#3435,#3436);
#3434 = CARTESIAN_POINT('',(-47.32595264191,10.064045507596,45.));
#3435 = DIRECTION('',(-0.866025403784,0.5,2.2E-16));
#3436 = DIRECTION('',(-0.5,-0.866025403784,-3.E-17));
#3437 = ADVANCED_FACE('',(#3438),#3449,.F.);
#3438 = FACE_BOUND('',#3439,.F.);
#3439 = EDGE_LOOP('',(#3440,#3441,#3447,#3448));
#3440 = ORIENTED_EDGE('',*,*,#2263,.T.);
#3441 = ORIENTED_EDGE('',*,*,#3442,.T.);
#3442 = EDGE_CURVE('',#2264,#2086,#3443,.T.);
#3443 = LINE('',#3444,#3445);
#3444 = CARTESIAN_POINT('',(-48.00095264191,8.894911212487,28.));
#3445 = VECTOR('',#3446,1.);
#3446 = DIRECTION('',(0.866025403784,-0.5,-2.2E-16));
#3447 = ORIENTED_EDGE('',*,*,#2085,.F.);
#3448 = ORIENTED_EDGE('',*,*,#3442,.F.);
#3449 = CYLINDRICAL_SURFACE('',#3450,1.35);
#3450 = AXIS2_PLACEMENT_3D('',#3451,#3452,#3453);
#3451 = CARTESIAN_POINT('',(-47.32595264191,10.064045507596,28.));
#3452 = DIRECTION('',(-0.866025403784,0.5,2.2E-16));
#3453 = DIRECTION('',(-0.5,-0.866025403784,-3.E-17));
#3454 = ADVANCED_FACE('',(#3455),#3466,.F.);
#3455 = FACE_BOUND('',#3456,.F.);
#3456 = EDGE_LOOP('',(#3457,#3458,#3464,#3465));
#3457 = ORIENTED_EDGE('',*,*,#2274,.T.);
#3458 = ORIENTED_EDGE('',*,*,#3459,.T.);
#3459 = EDGE_CURVE('',#2275,#2097,#3460,.T.);
#3460 = LINE('',#3461,#3462);
#3461 = CARTESIAN_POINT('',(-33.00095264191,34.875673326017,28.));
#3462 = VECTOR('',#3463,1.);
#3463 = DIRECTION('',(0.866025403784,-0.5,-2.2E-16));
#3464 = ORIENTED_EDGE('',*,*,#2096,.F.);
#3465 = ORIENTED_EDGE('',*,*,#3459,.F.);
#3466 = CYLINDRICAL_SURFACE('',#3467,1.35);
#3467 = AXIS2_PLACEMENT_3D('',#3468,#3469,#3470);
#3468 = CARTESIAN_POINT('',(-32.32595264191,36.044807621126,28.));
#3469 = DIRECTION('',(-0.866025403784,0.5,2.2E-16));
#3470 = DIRECTION('',(-0.5,-0.866025403784,-3.E-17));
#3471 = ADVANCED_FACE('',(#3472),#3478,.F.);
#3472 = FACE_BOUND('',#3473,.F.);
#3473 = EDGE_LOOP('',(#3474,#3475,#3476,#3477));
#3474 = ORIENTED_EDGE('',*,*,#2714,.T.);
#3475 = ORIENTED_EDGE('',*,*,#2406,.T.);
#3476 = ORIENTED_EDGE('',*,*,#2325,.F.);
#3477 = ORIENTED_EDGE('',*,*,#2584,.F.);
#3478 = PLANE('',#3479);
#3479 = AXIS2_PLACEMENT_3D('',#3480,#3481,#3482);
#3480 = CARTESIAN_POINT('',(33.488457268122,33.918290544508,49.09));
#3481 = DIRECTION('',(-2.055255888326E-16,-8.401923788651E-17,1.));
#3482 = DIRECTION('',(0.5,-0.866025403784,3.E-17));
#3483 = ADVANCED_FACE('',(#3484),#3500,.T.);
#3484 = FACE_BOUND('',#3485,.T.);
#3485 = EDGE_LOOP('',(#3486,#3492,#3493,#3499));
#3486 = ORIENTED_EDGE('',*,*,#3487,.T.);
#3487 = EDGE_CURVE('',#2542,#2357,#3488,.T.);
#3488 = LINE('',#3489,#3490);
#3489 = CARTESIAN_POINT('',(30.988457268121,38.24841756343,48.1));
#3490 = VECTOR('',#3491,1.);
#3491 = DIRECTION('',(-0.866025403784,-0.5,-2.2E-16));
#3492 = ORIENTED_EDGE('',*,*,#2356,.T.);
#3493 = ORIENTED_EDGE('',*,*,#3494,.F.);
#3494 = EDGE_CURVE('',#2544,#2359,#3495,.T.);
#3495 = LINE('',#3496,#3497);
#3496 = CARTESIAN_POINT('',(33.487471988967,33.919997098064,54.09));
#3497 = VECTOR('',#3498,1.);
#3498 = DIRECTION('',(-0.866025403784,-0.5,-2.2E-16));
#3499 = ORIENTED_EDGE('',*,*,#2541,.F.);
#3500 = PLANE('',#3501);
#3501 = AXIS2_PLACEMENT_3D('',#3502,#3503,#3504);
#3502 = CARTESIAN_POINT('',(30.988457268121,38.24841756343,48.1));
#3503 = DIRECTION('',(-0.383910006121,0.664951636136,0.640665613874));
#3504 = DIRECTION('',(0.320332806937,-0.554832696946,0.767820012242));
#3505 = ADVANCED_FACE('',(#3506),#3517,.T.);
#3506 = FACE_BOUND('',#3507,.T.);
#3507 = EDGE_LOOP('',(#3508,#3509,#3510,#3516));
#3508 = ORIENTED_EDGE('',*,*,#3494,.T.);
#3509 = ORIENTED_EDGE('',*,*,#2366,.T.);
#3510 = ORIENTED_EDGE('',*,*,#3511,.F.);
#3511 = EDGE_CURVE('',#2552,#2367,#3512,.T.);
#3512 = LINE('',#3513,#3514);
#3513 = CARTESIAN_POINT('',(46.174229837121,11.94588792175,54.11));
#3514 = VECTOR('',#3515,1.);
#3515 = DIRECTION('',(-0.866025403784,-0.5,-2.2E-16));
#3516 = ORIENTED_EDGE('',*,*,#2551,.F.);
#3517 = PLANE('',#3518);
#3518 = AXIS2_PLACEMENT_3D('',#3519,#3520,#3521);
#3519 = CARTESIAN_POINT('',(33.487471988967,33.919997098064,54.09));
#3520 = DIRECTION('',(-3.941116009788E-04,6.826213167467E-04,
    0.999999689352));
#3521 = DIRECTION('',(0.499999844676,-0.866025134755,7.882232019568E-04)
  );
#3522 = ADVANCED_FACE('',(#3523),#3534,.T.);
#3523 = FACE_BOUND('',#3524,.T.);
#3524 = EDGE_LOOP('',(#3525,#3526,#3527,#3533));
#3525 = ORIENTED_EDGE('',*,*,#3511,.T.);
#3526 = ORIENTED_EDGE('',*,*,#2374,.T.);
#3527 = ORIENTED_EDGE('',*,*,#3528,.F.);
#3528 = EDGE_CURVE('',#2560,#2375,#3529,.T.);
#3529 = LINE('',#3530,#3531);
#3530 = CARTESIAN_POINT('',(48.688457268128,7.591118269465,48.1));
#3531 = VECTOR('',#3532,1.);
#3532 = DIRECTION('',(-0.866025403784,-0.5,-2.2E-16));
#3533 = ORIENTED_EDGE('',*,*,#2559,.F.);
#3534 = PLANE('',#3535);
#3535 = AXIS2_PLACEMENT_3D('',#3536,#3537,#3538);
#3536 = CARTESIAN_POINT('',(46.174229837121,11.94588792175,54.11));
#3537 = DIRECTION('',(0.383478471632,-0.664204196474,0.64169856411));
#3538 = DIRECTION('',(0.320849282055,-0.555727258091,-0.766956943263));
#3539 = ADVANCED_FACE('',(#3540),#3551,.T.);
#3540 = FACE_BOUND('',#3541,.T.);
#3541 = EDGE_LOOP('',(#3542,#3543,#3544,#3550));
#3542 = ORIENTED_EDGE('',*,*,#3528,.T.);
#3543 = ORIENTED_EDGE('',*,*,#2382,.T.);
#3544 = ORIENTED_EDGE('',*,*,#3545,.F.);
#3545 = EDGE_CURVE('',#2568,#2383,#3546,.T.);
#3546 = LINE('',#3547,#3548);
#3547 = CARTESIAN_POINT('',(48.688457268128,7.591118269465,8.5));
#3548 = VECTOR('',#3549,1.);
#3549 = DIRECTION('',(-0.866025403784,-0.5,-2.2E-16));
#3550 = ORIENTED_EDGE('',*,*,#2567,.F.);
#3551 = PLANE('',#3552);
#3552 = AXIS2_PLACEMENT_3D('',#3553,#3554,#3555);
#3553 = CARTESIAN_POINT('',(48.688457268128,7.591118269465,48.1));
#3554 = DIRECTION('',(0.5,-0.866025403784,3.E-17));
#3555 = DIRECTION('',(2.055255888326E-16,8.401923788651E-17,-1.));
#3556 = ADVANCED_FACE('',(#3557,#3563,#3566),#3569,.F.);
#3557 = FACE_BOUND('',#3558,.F.);
#3558 = EDGE_LOOP('',(#3559,#3560,#3561,#3562));
#3559 = ORIENTED_EDGE('',*,*,#2519,.T.);
#3560 = ORIENTED_EDGE('',*,*,#2390,.T.);
#3561 = ORIENTED_EDGE('',*,*,#3545,.F.);
#3562 = ORIENTED_EDGE('',*,*,#2575,.F.);
#3563 = FACE_BOUND('',#3564,.F.);
#3564 = EDGE_LOOP('',(#3565));
#3565 = ORIENTED_EDGE('',*,*,#2972,.T.);
#3566 = FACE_BOUND('',#3567,.F.);
#3567 = EDGE_LOOP('',(#3568));
#3568 = ORIENTED_EDGE('',*,*,#2945,.T.);
#3569 = PLANE('',#3570);
#3570 = AXIS2_PLACEMENT_3D('',#3571,#3572,#3573);
#3571 = CARTESIAN_POINT('',(56.188457268131,-5.3992627873,8.5));
#3572 = DIRECTION('',(2.055255888326E-16,8.401923788651E-17,-1.));
#3573 = DIRECTION('',(-0.5,0.866025403784,-3.E-17));
#3574 = ADVANCED_FACE('',(#3575,#3586,#3589),#3592,.F.);
#3575 = FACE_BOUND('',#3576,.F.);
#3576 = EDGE_LOOP('',(#3577,#3583,#3584,#3585));
#3577 = ORIENTED_EDGE('',*,*,#3578,.T.);
#3578 = EDGE_CURVE('',#2608,#2430,#3579,.T.);
#3579 = LINE('',#3580,#3581);
#3580 = CARTESIAN_POINT('',(30.988457268121,38.24841756343,8.5));
#3581 = VECTOR('',#3582,1.);
#3582 = DIRECTION('',(-0.866025403784,-0.5,-2.2E-16));
#3583 = ORIENTED_EDGE('',*,*,#2429,.T.);
#3584 = ORIENTED_EDGE('',*,*,#2695,.F.);
#3585 = ORIENTED_EDGE('',*,*,#2607,.F.);
#3586 = FACE_BOUND('',#3587,.F.);
#3587 = EDGE_LOOP('',(#3588));
#3588 = ORIENTED_EDGE('',*,*,#2987,.F.);
#3589 = FACE_BOUND('',#3590,.F.);
#3590 = EDGE_LOOP('',(#3591));
#3591 = ORIENTED_EDGE('',*,*,#3014,.F.);
#3592 = PLANE('',#3593);
#3593 = AXIS2_PLACEMENT_3D('',#3594,#3595,#3596);
#3594 = CARTESIAN_POINT('',(30.988457268121,38.24841756343,8.5));
#3595 = DIRECTION('',(2.055255888326E-16,8.401923788651E-17,-1.));
#3596 = DIRECTION('',(-0.5,0.866025403784,-3.E-17));
#3597 = ADVANCED_FACE('',(#3598),#3604,.F.);
#3598 = FACE_BOUND('',#3599,.F.);
#3599 = EDGE_LOOP('',(#3600,#3601,#3602,#3603));
#3600 = ORIENTED_EDGE('',*,*,#3487,.T.);
#3601 = ORIENTED_EDGE('',*,*,#2437,.T.);
#3602 = ORIENTED_EDGE('',*,*,#3578,.F.);
#3603 = ORIENTED_EDGE('',*,*,#2615,.F.);
#3604 = PLANE('',#3605);
#3605 = AXIS2_PLACEMENT_3D('',#3606,#3607,#3608);
#3606 = CARTESIAN_POINT('',(30.988457268121,38.24841756343,48.1));
#3607 = DIRECTION('',(0.5,-0.866025403784,3.E-17));
#3608 = DIRECTION('',(2.055255888326E-16,8.401923788651E-17,-1.));
#3609 = ADVANCED_FACE('',(#3610),#3621,.F.);
#3610 = FACE_BOUND('',#3611,.F.);
#3611 = EDGE_LOOP('',(#3612,#3613,#3619,#3620));
#3612 = ORIENTED_EDGE('',*,*,#2623,.T.);
#3613 = ORIENTED_EDGE('',*,*,#3614,.T.);
#3614 = EDGE_CURVE('',#2624,#2446,#3615,.T.);
#3615 = LINE('',#3616,#3617);
#3616 = CARTESIAN_POINT('',(43.413457268126,16.727686279389,51.3));
#3617 = VECTOR('',#3618,1.);
#3618 = DIRECTION('',(-0.866025403784,-0.5,-2.2E-16));
#3619 = ORIENTED_EDGE('',*,*,#2445,.F.);
#3620 = ORIENTED_EDGE('',*,*,#3614,.F.);
#3621 = CYLINDRICAL_SURFACE('',#3622,1.35);
#3622 = AXIS2_PLACEMENT_3D('',#3623,#3624,#3625);
#3623 = CARTESIAN_POINT('',(44.088457268126,15.55855198428,51.3));
#3624 = DIRECTION('',(0.866025403784,0.5,2.2E-16));
#3625 = DIRECTION('',(-0.5,0.866025403784,-3.E-17));
#3626 = ADVANCED_FACE('',(#3627),#3638,.F.);
#3627 = FACE_BOUND('',#3628,.F.);
#3628 = EDGE_LOOP('',(#3629,#3630,#3636,#3637));
#3629 = ORIENTED_EDGE('',*,*,#2634,.T.);
#3630 = ORIENTED_EDGE('',*,*,#3631,.T.);
#3631 = EDGE_CURVE('',#2635,#2457,#3632,.T.);
#3632 = LINE('',#3633,#3634);
#3633 = CARTESIAN_POINT('',(34.913457268123,31.450118143723,51.3));
#3634 = VECTOR('',#3635,1.);
#3635 = DIRECTION('',(-0.866025403784,-0.5,-2.2E-16));
#3636 = ORIENTED_EDGE('',*,*,#2456,.F.);
#3637 = ORIENTED_EDGE('',*,*,#3631,.F.);
#3638 = CYLINDRICAL_SURFACE('',#3639,1.35);
#3639 = AXIS2_PLACEMENT_3D('',#3640,#3641,#3642);
#3640 = CARTESIAN_POINT('',(35.588457268123,30.280983848614,51.3));
#3641 = DIRECTION('',(0.866025403784,0.5,2.2E-16));
#3642 = DIRECTION('',(-0.5,0.866025403784,-3.E-17));
#3643 = ADVANCED_FACE('',(#3644),#3655,.F.);
#3644 = FACE_BOUND('',#3645,.F.);
#3645 = EDGE_LOOP('',(#3646,#3647,#3653,#3654));
#3646 = ORIENTED_EDGE('',*,*,#2645,.T.);
#3647 = ORIENTED_EDGE('',*,*,#3648,.T.);
#3648 = EDGE_CURVE('',#2646,#2468,#3649,.T.);
#3649 = LINE('',#3650,#3651);
#3650 = CARTESIAN_POINT('',(46.663457268127,11.098521154791,45.));
#3651 = VECTOR('',#3652,1.);
#3652 = DIRECTION('',(-0.866025403784,-0.5,-2.2E-16));
#3653 = ORIENTED_EDGE('',*,*,#2467,.F.);
#3654 = ORIENTED_EDGE('',*,*,#3648,.F.);
#3655 = CYLINDRICAL_SURFACE('',#3656,1.35);
#3656 = AXIS2_PLACEMENT_3D('',#3657,#3658,#3659);
#3657 = CARTESIAN_POINT('',(47.338457268127,9.929386859682,45.));
#3658 = DIRECTION('',(0.866025403784,0.5,2.2E-16));
#3659 = DIRECTION('',(-0.5,0.866025403784,-3.E-17));
#3660 = ADVANCED_FACE('',(#3661),#3672,.F.);
#3661 = FACE_BOUND('',#3662,.F.);
#3662 = EDGE_LOOP('',(#3663,#3664,#3670,#3671));
#3663 = ORIENTED_EDGE('',*,*,#2656,.T.);
#3664 = ORIENTED_EDGE('',*,*,#3665,.T.);
#3665 = EDGE_CURVE('',#2657,#2479,#3666,.T.);
#3666 = LINE('',#3667,#3668);
#3667 = CARTESIAN_POINT('',(31.663457268121,37.079283268321,45.));
#3668 = VECTOR('',#3669,1.);
#3669 = DIRECTION('',(-0.866025403784,-0.5,-2.2E-16));
#3670 = ORIENTED_EDGE('',*,*,#2478,.F.);
#3671 = ORIENTED_EDGE('',*,*,#3665,.F.);
#3672 = CYLINDRICAL_SURFACE('',#3673,1.35);
#3673 = AXIS2_PLACEMENT_3D('',#3674,#3675,#3676);
#3674 = CARTESIAN_POINT('',(32.338457268122,35.910148973212,45.));
#3675 = DIRECTION('',(0.866025403784,0.5,2.2E-16));
#3676 = DIRECTION('',(-0.5,0.866025403784,-3.E-17));
#3677 = ADVANCED_FACE('',(#3678),#3689,.F.);
#3678 = FACE_BOUND('',#3679,.F.);
#3679 = EDGE_LOOP('',(#3680,#3681,#3687,#3688));
#3680 = ORIENTED_EDGE('',*,*,#2667,.T.);
#3681 = ORIENTED_EDGE('',*,*,#3682,.T.);
#3682 = EDGE_CURVE('',#2668,#2490,#3683,.T.);
#3683 = LINE('',#3684,#3685);
#3684 = CARTESIAN_POINT('',(31.663457268121,37.079283268321,28.));
#3685 = VECTOR('',#3686,1.);
#3686 = DIRECTION('',(-0.866025403784,-0.5,-2.2E-16));
#3687 = ORIENTED_EDGE('',*,*,#2489,.F.);
#3688 = ORIENTED_EDGE('',*,*,#3682,.F.);
#3689 = CYLINDRICAL_SURFACE('',#3690,1.35);
#3690 = AXIS2_PLACEMENT_3D('',#3691,#3692,#3693);
#3691 = CARTESIAN_POINT('',(32.338457268122,35.910148973212,28.));
#3692 = DIRECTION('',(0.866025403784,0.5,2.2E-16));
#3693 = DIRECTION('',(-0.5,0.866025403784,-3.E-17));
#3694 = ADVANCED_FACE('',(#3695),#3706,.F.);
#3695 = FACE_BOUND('',#3696,.F.);
#3696 = EDGE_LOOP('',(#3697,#3698,#3704,#3705));
#3697 = ORIENTED_EDGE('',*,*,#2678,.T.);
#3698 = ORIENTED_EDGE('',*,*,#3699,.T.);
#3699 = EDGE_CURVE('',#2679,#2501,#3700,.T.);
#3700 = LINE('',#3701,#3702);
#3701 = CARTESIAN_POINT('',(46.663457268127,11.098521154791,28.));
#3702 = VECTOR('',#3703,1.);
#3703 = DIRECTION('',(-0.866025403784,-0.5,-2.2E-16));
#3704 = ORIENTED_EDGE('',*,*,#2500,.F.);
#3705 = ORIENTED_EDGE('',*,*,#3699,.F.);
#3706 = CYLINDRICAL_SURFACE('',#3707,1.35);
#3707 = AXIS2_PLACEMENT_3D('',#3708,#3709,#3710);
#3708 = CARTESIAN_POINT('',(47.338457268127,9.929386859682,28.));
#3709 = DIRECTION('',(0.866025403784,0.5,2.2E-16));
#3710 = DIRECTION('',(-0.5,0.866025403784,-3.E-17));
#3711 = ADVANCED_FACE('',(#3712),#3723,.F.);
#3712 = FACE_BOUND('',#3713,.F.);
#3713 = EDGE_LOOP('',(#3714,#3715,#3720,#3721,#3722));
#3714 = ORIENTED_EDGE('',*,*,#97,.F.);
#3715 = ORIENTED_EDGE('',*,*,#3716,.F.);
#3716 = EDGE_CURVE('',#2763,#98,#3717,.T.);
#3717 = B_SPLINE_CURVE_WITH_KNOTS('',1,(#3718,#3719),.UNSPECIFIED.,.F.,
  .F.,(2,2),(-5.,3.5),.PIECEWISE_BEZIER_KNOTS.);
#3718 = CARTESIAN_POINT('',(-27.3,-43.5,8.5));
#3719 = CARTESIAN_POINT('',(-27.3,-43.5,0.));
#3720 = ORIENTED_EDGE('',*,*,#2771,.T.);
#3721 = ORIENTED_EDGE('',*,*,#2760,.T.);
#3722 = ORIENTED_EDGE('',*,*,#3716,.T.);
#3723 = CYLINDRICAL_SURFACE('',#3724,1.7);
#3724 = AXIS2_PLACEMENT_3D('',#3725,#3726,#3727);
#3725 = CARTESIAN_POINT('',(-29.,-43.5,3.5));
#3726 = DIRECTION('',(-0.,-0.,-1.));
#3727 = DIRECTION('',(1.,0.,0.));
#3728 = ADVANCED_FACE('',(#3729),#3740,.F.);
#3729 = FACE_BOUND('',#3730,.F.);
#3730 = EDGE_LOOP('',(#3731,#3732,#3737,#3738,#3739));
#3731 = ORIENTED_EDGE('',*,*,#108,.F.);
#3732 = ORIENTED_EDGE('',*,*,#3733,.F.);
#3733 = EDGE_CURVE('',#2743,#109,#3734,.T.);
#3734 = B_SPLINE_CURVE_WITH_KNOTS('',1,(#3735,#3736),.UNSPECIFIED.,.F.,
  .F.,(2,2),(-5.,3.5),.PIECEWISE_BEZIER_KNOTS.);
#3735 = CARTESIAN_POINT('',(-20.3,-43.5,8.5));
#3736 = CARTESIAN_POINT('',(-20.3,-43.5,0.));
#3737 = ORIENTED_EDGE('',*,*,#2751,.T.);
#3738 = ORIENTED_EDGE('',*,*,#2740,.T.);
#3739 = ORIENTED_EDGE('',*,*,#3733,.T.);
#3740 = CYLINDRICAL_SURFACE('',#3741,1.7);
#3741 = AXIS2_PLACEMENT_3D('',#3742,#3743,#3744);
#3742 = CARTESIAN_POINT('',(-22.,-43.5,3.5));
#3743 = DIRECTION('',(-0.,-0.,-1.));
#3744 = DIRECTION('',(1.,0.,0.));
#3745 = ADVANCED_FACE('',(#3746),#3756,.F.);
#3746 = FACE_BOUND('',#3747,.F.);
#3747 = EDGE_LOOP('',(#3748,#3749,#3754,#3755));
#3748 = ORIENTED_EDGE('',*,*,#130,.F.);
#3749 = ORIENTED_EDGE('',*,*,#3750,.F.);
#3750 = EDGE_CURVE('',#2798,#131,#3751,.T.);
#3751 = B_SPLINE_CURVE_WITH_KNOTS('',1,(#3752,#3753),.UNSPECIFIED.,.F.,
  .F.,(2,2),(-5.,3.5),.PIECEWISE_BEZIER_KNOTS.);
#3752 = CARTESIAN_POINT('',(23.7,-43.5,8.5));
#3753 = CARTESIAN_POINT('',(23.7,-43.5,0.));
#3754 = ORIENTED_EDGE('',*,*,#2797,.F.);
#3755 = ORIENTED_EDGE('',*,*,#3750,.T.);
#3756 = CYLINDRICAL_SURFACE('',#3757,1.7);
#3757 = AXIS2_PLACEMENT_3D('',#3758,#3759,#3760);
#3758 = CARTESIAN_POINT('',(22.,-43.5,3.5));
#3759 = DIRECTION('',(-0.,-0.,-1.));
#3760 = DIRECTION('',(1.,0.,0.));
#3761 = ADVANCED_FACE('',(#3762),#3772,.F.);
#3762 = FACE_BOUND('',#3763,.F.);
#3763 = EDGE_LOOP('',(#3764,#3765,#3770,#3771));
#3764 = ORIENTED_EDGE('',*,*,#141,.F.);
#3765 = ORIENTED_EDGE('',*,*,#3766,.F.);
#3766 = EDGE_CURVE('',#2809,#142,#3767,.T.);
#3767 = B_SPLINE_CURVE_WITH_KNOTS('',1,(#3768,#3769),.UNSPECIFIED.,.F.,
  .F.,(2,2),(-5.,3.5),.PIECEWISE_BEZIER_KNOTS.);
#3768 = CARTESIAN_POINT('',(30.7,-43.5,8.5));
#3769 = CARTESIAN_POINT('',(30.7,-43.5,0.));
#3770 = ORIENTED_EDGE('',*,*,#2808,.F.);
#3771 = ORIENTED_EDGE('',*,*,#3766,.T.);
#3772 = CYLINDRICAL_SURFACE('',#3773,1.7);
#3773 = AXIS2_PLACEMENT_3D('',#3774,#3775,#3776);
#3774 = CARTESIAN_POINT('',(29.,-43.5,3.5));
#3775 = DIRECTION('',(-0.,-0.,-1.));
#3776 = DIRECTION('',(1.,0.,0.));
#3777 = ( GEOMETRIC_REPRESENTATION_CONTEXT(3) 
GLOBAL_UNCERTAINTY_ASSIGNED_CONTEXT((#3781)) 
GLOBAL_UNIT_ASSIGNED_CONTEXT((#3778,#3779,#3780)) REPRESENTATION_CONTEXT
('Context #1','3D Context with UNIT and UNCERTAINTY') );
#3778 = ( LENGTH_UNIT() NAMED_UNIT(*) SI_UNIT(.MILLI.,.METRE.) );
#3779 = ( NAMED_UNIT(*) PLANE_ANGLE_UNIT() SI_UNIT($,.RADIAN.) );
#3780 = ( NAMED_UNIT(*) SI_UNIT($,.STERADIAN.) SOLID_ANGLE_UNIT() );
#3781 = UNCERTAINTY_MEASURE_WITH_UNIT(LENGTH_MEASURE(5.E-07),#3778,
  'distance_accuracy_value','confusion accuracy');
#3782 = PRODUCT_RELATED_PRODUCT_CATEGORY('part',$,(#7));
#3783 = MECHANICAL_DESIGN_GEOMETRIC_PRESENTATION_REPRESENTATION('',(
    #3784),#3777);
#3784 = STYLED_ITEM('color',(#3785),#15);
#3785 = PRESENTATION_STYLE_ASSIGNMENT((#3786,#3792));
#3786 = SURFACE_STYLE_USAGE(.BOTH.,#3787);
#3787 = SURFACE_SIDE_STYLE('',(#3788));
#3788 = SURFACE_STYLE_FILL_AREA(#3789);
#3789 = FILL_AREA_STYLE('',(#3790));
#3790 = FILL_AREA_STYLE_COLOUR('',#3791);
#3791 = COLOUR_RGB('',0.678431390124,0.709803936702,0.741176476869);
#3792 = CURVE_STYLE('',#3793,POSITIVE_LENGTH_MEASURE(0.1),#3794);
#3793 = DRAUGHTING_PRE_DEFINED_CURVE_FONT('continuous');
#3794 = COLOUR_RGB('',9.803921802644E-02,9.803921802644E-02,
  9.803921802644E-02);
ENDSEC;
END-ISO-10303-21;
