<COLLADA xmlns="http://www.collada.org/2005/11/COLLADASchema" version="1.4.1">
  <asset>
    <contributor/>
    <created>2026-08-28T17:00:31.958333</created>
    <modified>2026-08-28T17:00:31.958336</modified>
    <unit name="meter" meter="1.0"/>
    <up_axis>Z_UP</up_axis>
  </asset>
  <library_effects>
    <effect id="effect_Body_shape" name="effect_Body_shape">
      <profile_COMMON>
        <technique sid="common">
          <phong>
            <emission>
              <color>0.0 0.0 0.0 1.0</color>
            </emission>
            <ambient>
              <color>0.0 0.0 0.0 1.0</color>
            </ambient>
            <diffuse>
              <color>0.6784313917160034 0.7098039388656616 0.7411764860153198 1.0</color>
            </diffuse>
            <specular>
              <color>1 1 1 1.0</color>
            </specular>
            <shininess>
              <float>0.0</float>
            </shininess>
            <reflective>
              <color>0.0 0.0 0.0 1.0</color>
            </reflective>
            <reflectivity>
              <float>0.0</float>
            </reflectivity>
            <transparent>
              <color>0.0 0.0 0.0 1.0</color>
            </transparent>
            <transparency>
              <float>1.0</float>
            </transparency>
          </phong>
        </technique>
        <extra>
          <technique profile="GOOGLEEARTH">
            <double_sided>0</double_sided>
          </technique>
        </extra>
      </profile_COMMON>
    </effect>
  </library_effects>
  <library_geometries>
    <geometry id="geometry0" name="Body_shape">
      <mesh>
        <source id="cubeverts-array0">
          <float_array count="5160" id="cubeverts-array0-array">-0.08 -0.06 0 0.08 -0.06 0.004 -0.08 -0.06 0.004 0.08 -0.06 0 -0.08 0.06 0 -0.08 0.06 0.004 0.08 0.06 0 0.08 0.06 0.004 -0.07726223 -0.05713876 0 -0.07719322 -0.05721087 0 -0.07712011 -0.05727881 0 -0.07732689 -0.05706272 0 -0.07704312 -0.05734235 0 -0.07738697 -0.05698301 0 -0.07696255 -0.05740125 0 -0.07744227 -0.05689992 0 -0.07687865 -0.05745533 0 -0.0774926 -0.05681373 0 -0.07679173 -0.05750438 0 -0.07753778 -0.05672473 0 -0.07670207 -0.05754825 0 -0.07757766 -0.05663323 0 -0.07661 -0.05758679 0 -0.07761211 -0.05653955 0 -0.07651582 -0.05761985 0 -0.07764099 -0.05644401 0 -0.07641987 -0.05764734 0 -0.07766422 -0.05634694 0 -0.07632247 -0.05766914 0 -0.07768172 -0.05624867 0 -0.07622395 -0.05768518 0 -0.07769341 -0.05614955 0 -0.07612467 -0.05769542 0 -0.07769926 -0.05604991 0 -0.07602496 -0.05769982 0 -0.07769926 -0.05595009 0 -0.07592516 -0.05769835 0 -0.07769341 -0.05585045 0 -0.07582561 -0.05769103 0 -0.07768172 -0.05575133 0 -0.07572667 -0.05767788 0 -0.07766422 -0.05565306 0 -0.07562867 -0.05765895 0 -0.07764099 -0.05555599 0 -0.07553195 -0.0576343 0 -0.07761211 -0.05546045 0 -0.07543684 -0.05760401 0 -0.07757766 -0.05536677 0 -0.07534368 -0.0575682 0 -0.07753778 -0.05527527 0 -0.07525278 -0.05752698 0 -0.07719322 -0.05478913 0 -0.07719322 -0.001210873 0 -0.07712011 -0.05472119 0 -0.07726223 -0.001138758 0 -0.07726223 -0.05486124 0 -0.07712011 -0.001278813 0 -0.07704312 -0.05465765 0 -0.07738697 -0.05501699 0 -0.07732689 -0.001062718 0 -0.07732689 -0.05493728 0 -0.07704312 -0.001342345 0 -0.07738697 -0.0009830142 0 -0.07744227 -0.05510008 0 -0.07696255 -0.00140125 0 -0.07696255 -0.05459875 0 -0.07744227 -0.0008999219 0 -0.07687865 -0.001455325 0 -0.07687865 -0.05454467 0 -0.0774926 -0.05518627 0 -0.0774926 -0.0008137274 0 -0.07679173 -0.001504382 0 -0.07679173 -0.05449562 0 -0.07670207 -0.05445175 0 -0.07753778 -0.0007247279 0 -0.07670207 -0.001548254 0 -0.07757766 -0.0006332301 0 -0.07661 -0.001586788 0 -0.07661 -0.05441321 0 -0.07761211 -0.0005395494 0 -0.07651582 -0.001619853 0 -0.07651582 -0.05438015 0 -0.07764099 -0.0004440088 0 -0.07641987 -0.001647334 0 -0.07641987 -0.05435266 0 -0.07766422 -0.0003469375 0 -0.07632247 -0.001669135 0 -0.07632247 -0.05433086 0 -0.07622395 -0.05431482 0 -0.07768172 -0.0002486703 0 -0.07622395 -0.001685184 0 -0.07612467 -0.05430458 0 -0.07612467 -0.001695422 0 -0.07602496 -0.001699817 0 -0.07602496 -0.05430018 0 -0.07592516 -0.05430165 0 -0.07592516 -0.001698352 0 -0.07582561 -0.05430897 0 -0.07582561 -0.001691032 0 -0.07572667 -0.001677883 0 -0.07572667 -0.05432212 0 -0.07562867 -0.001658949 0 -0.07562867 -0.05434105 0 -0.07553195 -0.001634298 0 -0.07553195 -0.0543657 0 -0.07543684 -0.001604012 0 -0.07543684 -0.05439599 0 -0.07534368 -0.001568197 0 -0.07534368 -0.0544318 0 -0.07525278 -0.001526976 0 -0.07525278 -0.05447302 0 -0.07516445 -0.001480491 0 -0.07516445 -0.05451951 0 -0.075079 -0.0545711 0 -0.075079 -0.001428903 0 -0.07499673 -0.001372389 0 -0.07499673 -0.05462761 0 -0.07491792 -0.001311144 0 -0.07491792 -0.05468885 0 -0.07484283 -0.00124538 0 -0.07484283 -0.05475462 0 -0.07477174 -0.001175322 0 -0.07477174 -0.05482468 0 -0.07470488 -0.001101212 0 -0.07470488 -0.05489879 0 -0.07464249 -0.05497669 0 -0.07464249 -0.001023307 0 -0.07477174 -0.05717532 0 -0.001193226 -0.05721087 0 -0.07484283 -0.05724538 0 -0.07470488 -0.05710121 0 -0.001262232 -0.05713876 0 -0.001120106 -0.05727881 0 -0.07491792 -0.05731115 0 -0.07464249 -0.05702331 0 -0.001326888 -0.05706272 0 -0.001043125 -0.05734235 0 -0.07499673 -0.05737239 0 -0.07458477 -0.05694188 0 -0.001386969 -0.05698301 0 -0.0009625478 -0.05740125 0 -0.075079 -0.0574289 0 -0.07453194 -0.05685719 0 -0.001442269 -0.05689992 0 -0.0008786527 -0.05745533 0 -0.07516445 -0.05748049 0 -0.001492598 -0.05681373 0 -0.07448415 -0.05676956 0 -0.0007917287 -0.05750438 0 -0.0744416 -0.05667927 0 -0.001537781 -0.05672473 0 -0.0007020755 -0.05754825 0 -0.001577663 -0.05663323 0 -0.07440443 -0.05658664 0 -0.0006100021 -0.05758679 0 -0.07437275 -0.05649199 0 -0.001612106 -0.05653955 0 -0.0005158259 -0.05761985 0 -0.07434668 -0.05639565 0 -0.001640992 -0.05644401 0 -0.0004198714 -0.05764734 0 -0.07432631 -0.05629793 0 -0.001664222 -0.05634694 0 -0.0003224697 -0.05766914 0 -0.07431171 -0.0561992 0 -0.001681714 -0.05624867 0 -0.0002239563 -0.05768518 0 -0.07430293 -0.05609977 0 -0.00169341 -0.05614955 0 -0.0001246709 -0.05769542 0 -0.0743 -0.056 0 -0.001699267 -0.05604991 0 -0.07430293 -0.05590023 0 -0.001699267 -0.05595009 0 -0.07431171 -0.0558008 0 -0.00169341 -0.05585045 0 -0.07432631 -0.05570207 0 -0.001681714 -0.05575133 0 -0.07434668 -0.05560435 0 -0.001664222 -0.05565306 0 -0.07437275 -0.05550801 0 -0.001640992 -0.05555599 0 -0.07440443 -0.05541336 0 -0.001612106 -0.05546045 0 -0.0744416 -0.05532073 0 -0.001577663 -0.05536677 0 -0.07448415 -0.05523044 0 -0.001537781 -0.05527527 0 -0.07453194 -0.05514281 0 -0.001492598 -0.05518627 0 -0.07458477 -0.05505812 0 -0.001442269 -0.05510008 0 -0.001386969 -0.05501699 0 -0.07458477 -0.000941874 0 -0.001326888 -0.05493728 0 -0.07453194 -0.0008571941 0 -0.001262232 -0.05486124 0 -0.001193226 -0.05478913 0 -0.07448415 -0.0007695594 0 -0.0744416 -0.0006792718 0 -0.001120106 -0.05472119 0 -0.001043125 -0.05465765 0 -0.07440443 -0.0005866426 0 -0.0009625478 -0.05459875 0 -0.07437275 -0.0004919911 0 -0.07434668 -0.0003956437 0 -0.0008786527 -0.05454467 0 -0.07432631 -0.0002979323 0 -0.0007917287 -0.05449562 0 -0.07431171 -0.000199194 0 -0.0007020755 -0.05445175 0 -0.0006100021 -0.05441321 0 -0.07430293 -9.976895e-05 0 -0.0743 0 0 -0.0005158259 -0.05438015 0 -0.07719322 0.001210873 0 -0.07726223 0.05486124 0 -0.07719322 0.05478913 0 -0.07726223 0.001138758 0 -0.07712011 0.05472119 0 -0.07712011 0.001278813 0 -0.07704312 0.001342345 0 -0.07738697 0.0009830142 0 -0.07732689 0.05493728 0 -0.07732689 0.001062718 0 -0.07704312 0.05465765 0 -0.07738697 0.05501699 0 -0.07696255 0.05459875 0 -0.07696255 0.00140125 0 -0.07744227 0.05510008 0 -0.07744227 0.0008999219 0 -0.07687865 0.05454467 0 -0.07687865 0.001455325 0 -0.0774926 0.05518627 0 -0.0774926 0.0008137274 0 -0.07679173 0.05449562 0 -0.07679173 0.001504382 0 -0.07670207 0.001548254 0 -0.07753778 0.05527527 0 -0.07753778 0.0007247279 0 -0.07670207 0.05445175 0 -0.07661 0.05441321 0 -0.07661 0.001586788 0 -0.07651582 0.001619853 0 -0.07651582 0.05438015 0 -0.07641987 0.05435266 0 -0.07641987 0.001647334 0 -0.07632247 0.05433086 0 -0.07632247 0.001669135 0 -0.07622395 0.001685184 0 -0.07622395 0.05431482 0 -0.07612467 0.001695422 0 -0.07612467 0.05430458 0 -0.07602496 0.05430018 0 -0.07602496 0.001699817 0 -0.07592516 0.001698352 0 -0.07592516 0.05430165 0 -0.07582561 0.001691032 0 -0.07582561 0.05430897 0 -0.07572667 0.05432212 0 -0.07572667 0.001677883 0 -0.07562867 0.05434105 0 -0.07562867 0.001658949 0 -0.07553195 0.0543657 0 -0.07553195 0.001634298 0 -0.07543684 0.05439599 0 -0.07543684 0.001604012 0 -0.07534368 0.0544318 0 -0.07534368 0.001568197 0 -0.07525278 0.05447302 0 -0.07525278 0.001526976 0 -0.07516445 0.05451951 0 -0.07516445 0.001480491 0 -0.075079 0.001428903 0 -0.075079 0.0545711 0 -0.07499673 0.05462761 0 -0.07499673 0.001372389 0 -0.07491792 0.05468885 0 -0.07491792 0.001311144 0 -0.07484283 0.05475462 0 -0.07484283 0.00124538 0 -0.07757766 0.05536677 0 -0.07761211 0.05546045 0 -0.07764099 0.05555599 0 -0.07769341 0.0001495459 0 -0.07768172 0.0002486703 0 -0.07766422 0.05565306 0 -0.07768172 0.05575133 0 -0.07766422 0.0003469375 0 -0.07764099 0.0004440088 0 -0.07769341 0.05585045 0 -0.07761211 0.0005395494 0 -0.07769926 0.05595009 0 -0.07757766 0.0006332301 0 -0.07769926 0.05604991 0 -0.07769341 0.05614955 0 -0.07768172 0.05624867 0 -0.07766422 0.05634694 0 -0.07764099 0.05644401 0 -0.07761211 0.05653955 0 -0.07757766 0.05663323 0 -0.07753778 0.05672473 0 -0.0774926 0.05681373 0 -0.07744227 0.05689992 0 -0.07738697 0.05698301 0 -0.07732689 0.05706272 0 -0.07726223 0.05713876 0 -0.07719322 0.05721087 0 -0.07477174 0.05482468 0 -0.07477174 0.001175322 0 -0.07712011 0.05727881 0 -0.07470488 0.05489879 0 -0.07470488 0.001101212 0 -0.07704312 0.05734235 0 -0.07464249 0.05497669 0 -0.07464249 0.001023307 0 -0.07696255 0.05740125 0 -0.07687865 0.05745533 0 -0.07679173 0.05750438 0 -0.07670207 0.05754825 0 -0.07661 0.05758679 0 -0.07651582 0.05761985 0 -0.07641987 0.05764734 0 -0.07632247 0.05766914 0 -0.07622395 0.05768518 0 -0.07612467 0.05769542 0 -0.07602496 0.05769982 0 -0.07592516 0.05769835 0 -0.07582561 0.05769103 0 -0.07572667 0.05767788 0 -0.07562867 0.05765895 0 -0.07553195 0.0576343 0 -0.07543684 0.05760401 0 -0.07534368 0.0575682 0 -0.07525278 0.05752698 0 0.001228258 -0.05717532 0 0.07480678 -0.05721087 0 0.001157165 -0.05724538 0 0.07473777 -0.05713876 0 0.001295118 -0.05710121 0 0.07487989 -0.05727881 0 0.001082082 -0.05731115 0 0.001357513 -0.05702331 0 0.07467311 -0.05706272 0 0.07495688 -0.05734235 0 0.001003269 -0.05737239 0 0.001415229 -0.05694188 0 0.07461303 -0.05698301 0 0.07503745 -0.05740125 0 0.0009209972 -0.0574289 0 0.001468066 -0.05685719 0 0.07455773 -0.05689992 0 0.07512135 -0.05745533 0 0.0008355508 -0.05748049 0 0.0745074 -0.05681373 0 0.001515842 -0.05676956 0 0.07520827 -0.05750438 0 0.0007472242 -0.05752698 0 0.001558393 -0.05667927 0 0.07446222 -0.05672473 0 0.07529793 -0.05754825 0 0.001595572 -0.05658664 0 0.07442234 -0.05663323 0 0.001627251 -0.05649199 0 0.07438789 -0.05653955 0 0.00165332 -0.05639565 0 0.07435901 -0.05644401 0 0.001673689 -0.05629793 0 0.07433578 -0.05634694 0 0.00168829 -0.0561992 0 0.07431828 -0.05624867 0 0.00169707 -0.05609977 0 0.07430659 -0.05614955 0 0.0017 -0.056 0 0.07430074 -0.05604991 0 0.07430074 -0.05595009 0 0.00169707 -0.05590023 0 0.00168829 -0.0558008 0 0.07430659 -0.05585045 0 0.001673689 -0.05570207 0 0.07431828 -0.05575133 0 0.00165332 -0.05560435 0 0.07433578 -0.05565306 0 0.001627251 -0.05550801 0 0.07435901 -0.05555599 0 0.001595572 -0.05541336 0 0.07438789 -0.05546045 0 0.001558393 -0.05532073 0 0.07442234 -0.05536677 0 0.001515842 -0.05523044 0 0.07446222 -0.05527527 0 0.001468066 -0.05514281 0 0.0745074 -0.05518627 0 0.001415229 -0.05505812 0 0.07455773 -0.05510008 0 0.001357513 -0.05497669 0 0.07461303 -0.05501699 0 0.0006563216 -0.0575682 0 0.0005631567 -0.05760401 0 0.07715717 -0.05724538 0 0.07708208 -0.05731115 0 0.0004680504 -0.0576343 0 0.07700327 -0.05737239 0 0.0003713306 -0.05765895 0 0.076921 -0.0574289 0 0.0002733308 -0.05767788 0 0.07683555 -0.05748049 0 0.0001743887 -0.05769103 0 0.07674722 -0.05752698 0 7.484553e-05 -0.05769835 0 0.07665632 -0.0575682 0 0.07656316 -0.05760401 0 0.07646805 -0.0576343 0 0.07637133 -0.05765895 0 0.07627333 -0.05767788 0 0.07617439 -0.05769103 0 0.07607484 -0.05769835 0 0.07597504 -0.05769982 0 0.07587533 -0.05769542 0 0.07577605 -0.05768518 0 0.07567753 -0.05766914 0 0.07558013 -0.05764734 0 0.07548418 -0.05761985 0 0.07539 -0.05758679 0 0.07722826 -0.05717532 0 0.07729512 -0.05710121 0 0.07735751 -0.05702331 0 0.07741523 -0.05694188 0 0.07746806 -0.05685719 0 0.07751585 -0.05676956 0 0.0775584 -0.05667927 0 0.07759557 -0.05658664 0 0.07762725 -0.05649199 0 0.07765332 -0.05639565 0 0.07767369 -0.05629793 0 0.07768829 -0.0561992 0 0.07769707 -0.05609977 0 0.0777 -0.056 0 0.07769707 -0.05590023 0 0.07768829 -0.0558008 0 0.07767369 -0.05570207 0 0.07765332 -0.05560435 0 0.07762725 -0.05550801 0 0.07759557 -0.05541336 0 0.0775584 -0.05532073 0 -0.07453194 0.0008571941 0 -0.001193226 0.05478913 0 -0.07448415 0.0007695594 0 -0.07458477 0.000941874 0 -0.001262232 0.05486124 0 -0.001120106 0.05472119 0 -0.0744416 0.0006792718 0 -0.001326888 0.05493728 0 -0.001043125 0.05465765 0 -0.07440443 0.0005866426 0 -0.001386969 0.05501699 0 -0.07458477 0.05505812 0 -0.0009625478 0.05459875 0 -0.07437275 0.0004919911 0 -0.001442269 0.05510008 0 -0.07453194 0.05514281 0 -0.0008786527 0.05454467 0 -0.07434668 0.0003956437 0 -0.07448415 0.05523044 0 -0.001492598 0.05518627 0 -0.0007917287 0.05449562 0 -0.07432631 0.0002979323 0 -0.0744416 0.05532073 0 -0.001537781 0.05527527 0 -0.0007020755 0.05445175 0 -0.07431171 0.000199194 0 -0.001577663 0.05536677 0 -0.07440443 0.05541336 0 -0.0006100021 0.05441321 0 -0.07430293 9.976895e-05 0 -0.07437275 0.05550801 0 -0.001612106 0.05546045 0 -0.0005158259 0.05438015 0 -0.001640992 0.05555599 0 -0.07434668 0.05560435 0 -0.0004198714 0.05435266 0 -0.0004198714 -0.05435266 0 -0.07432631 0.05570207 0 -0.001664222 0.05565306 0 -0.0003224697 0.05433086 0 -0.0003224697 -0.05433086 0 -0.07431171 0.0558008 0 -0.001681714 0.05575133 0 -0.0002239563 0.05431482 0 -0.0002239563 -0.05431482 0 -0.0001246709 -0.05430458 0 -0.07430293 0.05590023 0 -0.00169341 0.05585045 0 -0.0001246709 0.05430458 0 -0.0743 0.056 0 -0.001699267 0.05595009 0 -2.495568e-05 0.05430018 0 -2.495568e-05 -0.05430018 0 -0.001699267 0.05604991 0 -0.07430293 0.05609977 0 7.484553e-05 0.05430165 0 7.484553e-05 -0.05430165 0 0.0001743887 -0.05430897 0 -0.00169341 0.05614955 0 -0.07431171 0.0561992 0 0.0001743887 0.05430897 0 0.0002733308 -0.05432212 0 -0.07432631 0.05629793 0 -0.001681714 0.05624867 0 0.0002733308 0.05432212 0 0.0003713306 -0.05434105 0 -0.07434668 0.05639565 0 -0.001664222 0.05634694 0 0.0003713306 0.05434105 0 0.0004680504 -0.0543657 0 -0.07437275 0.05649199 0 -0.001640992 0.05644401 0 0.0004680504 0.0543657 0 -0.07440443 0.05658664 0 -0.001612106 0.05653955 0 -0.0744416 0.05667927 0 -0.001577663 0.05663323 0 -0.07448415 0.05676956 0 -0.001537781 0.05672473 0 -0.07453194 0.05685719 0 -0.001492598 0.05681373 0 -0.07458477 0.05694188 0 -0.001442269 0.05689992 0 -0.001386969 0.05698301 0 -0.07464249 0.05702331 0 -0.07470488 0.05710121 0 -0.001326888 0.05706272 0 -0.001262232 0.05713876 0 -0.07477174 0.05717532 0 -0.07484283 0.05724538 0 -0.001193226 0.05721087 0 -0.001120106 0.05727881 0 -0.07491792 0.05731115 0 -0.07499673 0.05737239 0 -0.001043125 0.05734235 0 -0.075079 0.0574289 0 -0.0009625478 0.05740125 0 -0.0008786527 0.05745533 0 -0.07516445 0.05748049 0 -0.0007917287 0.05750438 0 -0.0007020755 0.05754825 0 0.07480678 -0.05478913 0 0.07480678 -0.001210873 0 0.07487989 -0.05472119 0 0.07473777 -0.05486124 0 0.07473777 -0.001138758 0 0.07487989 -0.001278813 0 0.07467311 -0.05493728 0 0.07467311 -0.001062718 0 0.07495688 -0.001342345 0 0.07495688 -0.05465765 0 0.001295118 -0.05489879 0 0.07461303 -0.0009830142 0 0.07503745 -0.00140125 0 0.07503745 -0.05459875 0 0.001228258 -0.05482468 0 0.07455773 -0.0008999219 0 0.07512135 -0.001455325 0 0.07512135 -0.05454467 0 0.001157165 -0.05475462 0 0.0745074 -0.0008137274 0 0.07520827 -0.001504382 0 0.07520827 -0.05449562 0 0.001082082 -0.05468885 0 0.07446222 -0.0007247279 0 0.07529793 -0.001548254 0 0.07529793 -0.05445175 0 0.07539 -0.05441321 0 0.001003269 -0.05462761 0 0.07442234 -0.0006332301 0 0.07539 -0.001586788 0 0.07548418 -0.05438015 0 0.0009209972 -0.0545711 0 0.07438789 -0.0005395494 0 0.07548418 -0.001619853 0 0.07558013 -0.05435266 0 0.07435901 -0.0004440088 0 0.0008355508 -0.05451951 0 0.07558013 -0.001647334 0 0.07567753 -0.05433086 0 0.07433578 -0.0003469375 0 0.0007472242 -0.05447302 0 0.07567753 -0.001669135 0 0.07577605 -0.05431482 0 0.07431828 -0.0002486703 0 0.0006563216 -0.0544318 0 0.07577605 -0.001685184 0 0.07587533 -0.05430458 0 0.07430659 -0.0001495459 0 0.0005631567 -0.05439599 0 0.07587533 -0.001695422 0 0.07430074 -4.990598e-05 0 0.07597504 -0.001699817 0 0.07597504 -0.05430018 0 0.0005631567 0.05439599 0 0.07430074 4.990598e-05 0 0.07607484 -0.001698352 0 0.07607484 -0.05430165 0 0.07430659 0.0001495459 0 0.0006563216 0.0544318 0 0.07617439 -0.001691032 0 0.07617439 -0.05430897 0 0.07627333 -0.05432212 0 0.0007472242 0.05447302 0 0.07431828 0.0002486703 0 0.07627333 -0.001677883 0 0.0008355508 0.05451951 0 0.07433578 0.0003469375 0 0.07637133 -0.05434105 0 0.07637133 -0.001658949 0 0.07646805 -0.0543657 0 0.07435901 0.0004440088 0 0.0009209972 0.0545711 0 0.07646805 -0.001634298 0 0.07438789 0.0005395494 0 0.001003269 0.05462761 0 0.07656316 -0.001604012 0 0.07656316 -0.05439599 0 0.07665632 -0.0544318 0 0.07442234 0.0006332301 0 0.001082082 0.05468885 0 0.07665632 -0.001568197 0 0.07446222 0.0007247279 0 0.001157165 0.05475462 0 0.07674722 -0.001526976 0 0.07674722 -0.05447302 0 0.0745074 0.0008137274 0 0.001228258 0.05482468 0 0.07683555 -0.001480491 0 0.07683555 -0.05451951 0 0.07455773 0.0008999219 0 0.001295118 0.05489879 0 0.076921 -0.001428903 0 0.076921 -0.0545711 0 0.07461303 0.0009830142 0 0.001357513 0.05497669 0 0.07700327 -0.001372389 0 0.07700327 -0.05462761 0 0.07708208 -0.05468885 0 0.07708208 -0.001311144 0 0.07715717 -0.05475462 0 0.07715717 -0.00124538 0 0.07722826 -0.001175322 0 0.07722826 -0.05482468 0 0.07729512 -0.001101212 0 0.07729512 -0.05489879 0 0.07735751 -0.001023307 0 0.07735751 -0.05497669 0 0.07741523 -0.000941874 0 0.07741523 -0.05505812 0 0.07746806 -0.0008571941 0 0.07746806 -0.05514281 0 0.07751585 -0.0007695594 0 0.07751585 -0.05523044 0 0.0775584 -0.0006792718 0 0.07759557 -0.0005866426 0 0.07762725 -0.0004919911 0 0.07765332 -0.0003956437 0 0.07767369 -0.0002979323 0 0.07768829 -0.000199194 0 0.07473777 0.001138758 0 0.07473777 0.05486124 0 0.07480678 0.001210873 0 0.07480678 0.05478913 0 0.07487989 0.05472119 0 0.07487989 0.001278813 0 0.07467311 0.05493728 0 0.07467311 0.001062718 0 0.07495688 0.05465765 0 0.07495688 0.001342345 0 0.07461303 0.05501699 0 0.001415229 0.05505812 0 0.07503745 0.05459875 0 0.07503745 0.00140125 0 0.001468066 0.05514281 0 0.07455773 0.05510008 0 0.07512135 0.05454467 0 0.07512135 0.001455325 0 0.001515842 0.05523044 0 0.0745074 0.05518627 0 0.07520827 0.05449562 0 0.07520827 0.001504382 0 0.07529793 0.001548254 0 0.07446222 0.05527527 0 0.001558393 0.05532073 0 0.07529793 0.05445175 0 0.07539 0.001586788 0 0.001595572 0.05541336 0 0.07442234 0.05536677 0 0.07539 0.05441321 0 0.07438789 0.05546045 0 0.001627251 0.05550801 0 0.07548418 0.05438015 0 0.07548418 0.001619853 0 0.07558013 0.001647334 0 0.00165332 0.05560435 0 0.07435901 0.05555599 0 0.07558013 0.05435266 0 0.07567753 0.001669135 0 0.07433578 0.05565306 0 0.001673689 0.05570207 0 0.07567753 0.05433086 0 0.07577605 0.001685184 0 0.07431828 0.05575133 0 0.00168829 0.0558008 0 0.07577605 0.05431482 0 0.07587533 0.001695422 0 0.00169707 0.05590023 0 0.07430659 0.05585045 0 0.07587533 0.05430458 0 0.0017 0.056 0 0.07430074 0.05595009 0 0.07597504 0.05430018 0 0.07597504 0.001699817 0 0.07430074 0.05604991 0 0.00169707 0.05609977 0 0.07607484 0.05430165 0 0.07607484 0.001698352 0 0.07430659 0.05614955 0 0.00168829 0.0561992 0 0.07617439 0.05430897 0 0.07617439 0.001691032 0 0.07627333 0.001677883 0 0.07431828 0.05624867 0 0.001673689 0.05629793 0 0.07627333 0.05432212 0 0.07433578 0.05634694 0 0.00165332 0.05639565 0 0.07637133 0.05434105 0 0.07637133 0.001658949 0 0.07435901 0.05644401 0 0.001627251 0.05649199 0 0.07646805 0.0543657 0 0.07646805 0.001634298 0 0.07438789 0.05653955 0 0.001595572 0.05658664 0 0.07656316 0.05439599 0 0.07656316 0.001604012 0 0.07665632 0.001568197 0 0.07442234 0.05663323 0 0.001558393 0.05667927 0 0.07665632 0.0544318 0 0.07674722 0.001526976 0 0.07446222 0.05672473 0 0.001515842 0.05676956 0 0.07674722 0.05447302 0 0.0745074 0.05681373 0 0.001468066 0.05685719 0 0.07683555 0.05451951 0 0.07683555 0.001480491 0 0.07455773 0.05689992 0 0.001415229 0.05694188 0 0.076921 0.0545711 0 0.076921 0.001428903 0 0.001357513 0.05702331 0 0.07461303 0.05698301 0 0.07700327 0.05462761 0 0.07700327 0.001372389 0 0.001295118 0.05710121 0 0.07467311 0.05706272 0 0.07708208 0.05468885 0 0.07708208 0.001311144 0 0.07715717 0.00124538 0 0.07473777 0.05713876 0 0.001228258 0.05717532 0 0.07715717 0.05475462 0 0.001157165 0.05724538 0 0.07480678 0.05721087 0 0.07722826 0.05482468 0 0.07722826 0.001175322 0 0.07487989 0.05727881 0 0.001082082 0.05731115 0 0.07729512 0.05489879 0 0.07729512 0.001101212 0 0.001003269 0.05737239 0 0.07495688 0.05734235 0 0.07735751 0.05497669 0 0.07735751 0.001023307 0 0.0009209972 0.0574289 0 0.07503745 0.05740125 0 0.07741523 0.05505812 0 0.07741523 0.000941874 0 0.0008355508 0.05748049 0 0.07512135 0.05745533 0 0.07746806 0.05514281 0 0.07746806 0.0008571941 0 0.07520827 0.05750438 0 0.0007472242 0.05752698 0 0.07751585 0.05523044 0 0.07751585 0.0007695594 0 0.0775584 0.0006792718 0 0.07529793 0.05754825 0 0.0775584 0.05532073 0 0.07539 0.05758679 0 0.07548418 0.05761985 0 0.07558013 0.05764734 0 0.07567753 0.05766914 0 0.07577605 0.05768518 0 0.07587533 0.05769542 0 0.07597504 0.05769982 0 0.07607484 0.05769835 0 0.07617439 0.05769103 0 0.07627333 0.05767788 0 0.07637133 0.05765895 0 0.07646805 0.0576343 0 0.07656316 0.05760401 0 0.07665632 0.0575682 0 0.07674722 0.05752698 0 0.07759557 0.0005866426 0 0.07683555 0.05748049 0 0.07762725 0.0004919911 0 0.076921 0.0574289 0 0.07765332 0.0003956437 0 0.07700327 0.05737239 0 0.07767369 0.0002979323 0 0.07708208 0.05731115 0 0.07768829 0.000199194 0 0.07715717 0.05724538 0 0.07722826 0.05717532 0 0.07729512 0.05710121 0 0.07735751 0.05702331 0 0.07741523 0.05694188 0 0.07746806 0.05685719 0 0.07751585 0.05676956 0 0.0775584 0.05667927 0 0.07759557 0.05658664 0 0.0777 0.056 0 0.07769707 0.05590023 0 0.07762725 0.05649199 0 0.07768829 0.0558008 0 0.07765332 0.05639565 0 0.07767369 0.05570207 0 0.07767369 0.05629793 0 0.07765332 0.05560435 0 0.07768829 0.0561992 0 0.07762725 0.05550801 0 0.07769707 0.05609977 0 0.07759557 0.05541336 0 -2.495568e-05 -0.05769982 0 0.0777 0 0 0.07769707 9.976895e-05 0 0.07769707 -9.976895e-05 0 -2.495568e-05 0.05769982 0 -0.0001246709 0.05769542 0 -0.0002239563 0.05768518 0 -0.0003224697 0.05766914 0 -0.0004198714 0.05764734 0 -0.0005158259 0.05761985 0 -0.0006100021 0.05758679 0 7.484553e-05 0.05769835 0 0.0001743887 0.05769103 0 0.0002733308 0.05767788 0 0.0003713306 0.05765895 0 0.0004680504 0.0576343 0 0.0005631567 0.05760401 0 0.0006563216 0.0575682 0 -0.07769926 -4.990598e-05 0 -0.07769341 -0.0001495459 0 -0.07769926 4.990598e-05 0 -0.07726223 -0.05713876 0.004 -0.07719322 -0.05721087 0.004 -0.07712011 -0.05727881 0.004 -0.07732689 -0.05706272 0.004 -0.07704312 -0.05734235 0.004 -0.07738697 -0.05698301 0.004 -0.07696255 -0.05740125 0.004 -0.07744227 -0.05689992 0.004 -0.07687865 -0.05745533 0.004 -0.0774926 -0.05681373 0.004 -0.07679173 -0.05750438 0.004 -0.07753778 -0.05672473 0.004 -0.07670207 -0.05754825 0.004 -0.07757766 -0.05663323 0.004 -0.07661 -0.05758679 0.004 -0.07761211 -0.05653955 0.004 -0.07651582 -0.05761985 0.004 -0.07764099 -0.05644401 0.004 -0.07641987 -0.05764734 0.004 -0.07766422 -0.05634694 0.004 -0.07632247 -0.05766914 0.004 -0.07768172 -0.05624867 0.004 -0.07622395 -0.05768518 0.004 -0.07769341 -0.05614955 0.004 -0.07612467 -0.05769542 0.004 -0.07769926 -0.05604991 0.004 -0.07602496 -0.05769982 0.004 -0.07769926 -0.05595009 0.004 -0.07592516 -0.05769835 0.004 -0.07769341 -0.05585045 0.004 -0.07582561 -0.05769103 0.004 -0.07768172 -0.05575133 0.004 -0.07572667 -0.05767788 0.004 -0.07766422 -0.05565306 0.004 -0.07562867 -0.05765895 0.004 -0.07764099 -0.05555599 0.004 -0.07553195 -0.0576343 0.004 -0.07761211 -0.05546045 0.004 -0.07543684 -0.05760401 0.004 -0.07757766 -0.05536677 0.004 -0.07534368 -0.0575682 0.004 -0.07753778 -0.05527527 0.004 -0.07525278 -0.05752698 0.004 -0.07719322 -0.001210873 0.004 -0.07719322 -0.05478913 0.004 -0.07712011 -0.05472119 0.004 -0.07726223 -0.001138758 0.004 -0.07726223 -0.05486124 0.004 -0.07712011 -0.001278813 0.004 -0.07732689 -0.001062718 0.004 -0.07732689 -0.05493728 0.004 -0.07738697 -0.05501699 0.004 -0.07704312 -0.001342345 0.004 -0.07704312 -0.05465765 0.004 -0.07738697 -0.0009830142 0.004 -0.07696255 -0.00140125 0.004 -0.07696255 -0.05459875 0.004 -0.07744227 -0.0008999219 0.004 -0.07744227 -0.05510008 0.004 -0.0774926 -0.05518627 0.004 -0.07687865 -0.001455325 0.004 -0.07687865 -0.05454467 0.004 -0.0774926 -0.0008137274 0.004 -0.07679173 -0.001504382 0.004 -0.07679173 -0.05449562 0.004 -0.07753778 -0.0007247279 0.004 -0.07670207 -0.001548254 0.004 -0.07670207 -0.05445175 0.004 -0.07757766 -0.0006332301 0.004 -0.07661 -0.001586788 0.004 -0.07661 -0.05441321 0.004 -0.07761211 -0.0005395494 0.004 -0.07651582 -0.001619853 0.004 -0.07651582 -0.05438015 0.004 -0.07764099 -0.0004440088 0.004 -0.07641987 -0.001647334 0.004 -0.07641987 -0.05435266 0.004 -0.07766422 -0.0003469375 0.004 -0.07632247 -0.001669135 0.004 -0.07632247 -0.05433086 0.004 -0.07768172 -0.0002486703 0.004 -0.07622395 -0.001685184 0.004 -0.07622395 -0.05431482 0.004 -0.07612467 -0.001695422 0.004 -0.07612467 -0.05430458 0.004 -0.07602496 -0.001699817 0.004 -0.07602496 -0.05430018 0.004 -0.07592516 -0.05430165 0.004 -0.07592516 -0.001698352 0.004 -0.07582561 -0.001691032 0.004 -0.07582561 -0.05430897 0.004 -0.07572667 -0.001677883 0.004 -0.07572667 -0.05432212 0.004 -0.07562867 -0.001658949 0.004 -0.07562867 -0.05434105 0.004 -0.07553195 -0.001634298 0.004 -0.07553195 -0.0543657 0.004 -0.07543684 -0.001604012 0.004 -0.07543684 -0.05439599 0.004 -0.07534368 -0.0544318 0.004 -0.07534368 -0.001568197 0.004 -0.07525278 -0.001526976 0.004 -0.07525278 -0.05447302 0.004 -0.07516445 -0.001480491 0.004 -0.07516445 -0.05451951 0.004 -0.075079 -0.001428903 0.004 -0.075079 -0.0545711 0.004 -0.07499673 -0.001372389 0.004 -0.07499673 -0.05462761 0.004 -0.07491792 -0.001311144 0.004 -0.07491792 -0.05468885 0.004 -0.07484283 -0.00124538 0.004 -0.07484283 -0.05475462 0.004 -0.07477174 -0.05482468 0.004 -0.07477174 -0.001175322 0.004 -0.07470488 -0.001101212 0.004 -0.07470488 -0.05489879 0.004 -0.07464249 -0.05497669 0.004 -0.07464249 -0.001023307 0.004 -0.001193226 -0.05721087 0.004 -0.07477174 -0.05717532 0.004 -0.07484283 -0.05724538 0.004 -0.001262232 -0.05713876 0.004 -0.07470488 -0.05710121 0.004 -0.001120106 -0.05727881 0.004 -0.07491792 -0.05731115 0.004 -0.001326888 -0.05706272 0.004 -0.07464249 -0.05702331 0.004 -0.001043125 -0.05734235 0.004 -0.07499673 -0.05737239 0.004 -0.001386969 -0.05698301 0.004 -0.07458477 -0.05694188 0.004 -0.0009625478 -0.05740125 0.004 -0.075079 -0.0574289 0.004 -0.001442269 -0.05689992 0.004 -0.07453194 -0.05685719 0.004 -0.0008786527 -0.05745533 0.004 -0.07516445 -0.05748049 0.004 -0.001492598 -0.05681373 0.004 -0.07448415 -0.05676956 0.004 -0.0007917287 -0.05750438 0.004 -0.001537781 -0.05672473 0.004 -0.0744416 -0.05667927 0.004 -0.0007020755 -0.05754825 0.004 -0.001577663 -0.05663323 0.004 -0.07440443 -0.05658664 0.004 -0.0006100021 -0.05758679 0.004 -0.001612106 -0.05653955 0.004 -0.07437275 -0.05649199 0.004 -0.0005158259 -0.05761985 0.004 -0.001640992 -0.05644401 0.004 -0.07434668 -0.05639565 0.004 -0.0004198714 -0.05764734 0.004 -0.001664222 -0.05634694 0.004 -0.07432631 -0.05629793 0.004 -0.0003224697 -0.05766914 0.004 -0.001681714 -0.05624867 0.004 -0.07431171 -0.0561992 0.004 -0.0002239563 -0.05768518 0.004 -0.00169341 -0.05614955 0.004 -0.07430293 -0.05609977 0.004 -0.0001246709 -0.05769542 0.004 -0.001699267 -0.05604991 0.004 -0.0743 -0.056 0.004 -0.001699267 -0.05595009 0.004 -0.07430293 -0.05590023 0.004 -0.00169341 -0.05585045 0.004 -0.07431171 -0.0558008 0.004 -0.001681714 -0.05575133 0.004 -0.07432631 -0.05570207 0.004 -0.001664222 -0.05565306 0.004 -0.07434668 -0.05560435 0.004 -0.001640992 -0.05555599 0.004 -0.07437275 -0.05550801 0.004 -0.001612106 -0.05546045 0.004 -0.07440443 -0.05541336 0.004 -0.001577663 -0.05536677 0.004 -0.0744416 -0.05532073 0.004 -0.001537781 -0.05527527 0.004 -0.07448415 -0.05523044 0.004 -0.001492598 -0.05518627 0.004 -0.07453194 -0.05514281 0.004 -0.001442269 -0.05510008 0.004 -0.07458477 -0.05505812 0.004 -0.001386969 -0.05501699 0.004 -0.001326888 -0.05493728 0.004 -0.07458477 -0.000941874 0.004 -0.001262232 -0.05486124 0.004 -0.07453194 -0.0008571941 0.004 -0.001193226 -0.05478913 0.004 -0.07448415 -0.0007695594 0.004 -0.001120106 -0.05472119 0.004 -0.0744416 -0.0006792718 0.004 -0.001043125 -0.05465765 0.004 -0.07440443 -0.0005866426 0.004 -0.0009625478 -0.05459875 0.004 -0.07437275 -0.0004919911 0.004 -0.0008786527 -0.05454467 0.004 -0.07434668 -0.0003956437 0.004 -0.0007917287 -0.05449562 0.004 -0.07432631 -0.0002979323 0.004 -0.0007020755 -0.05445175 0.004 -0.07431171 -0.000199194 0.004 -0.0006100021 -0.05441321 0.004 -0.07430293 -9.976895e-05 0.004 -0.0005158259 -0.05438015 0.004 -0.0743 0 0.004 -0.07726223 0.05486124 0.004 -0.07726223 0.001138758 0.004 -0.07719322 0.001210873 0.004 -0.07719322 0.05478913 0.004 -0.07712011 0.05472119 0.004 -0.07712011 0.001278813 0.004 -0.07732689 0.05493728 0.004 -0.07732689 0.001062718 0.004 -0.07738697 0.0009830142 0.004 -0.07704312 0.05465765 0.004 -0.07704312 0.001342345 0.004 -0.07738697 0.05501699 0.004 -0.07696255 0.05459875 0.004 -0.07696255 0.00140125 0.004 -0.07744227 0.05510008 0.004 -0.07744227 0.0008999219 0.004 -0.07687865 0.05454467 0.004 -0.07687865 0.001455325 0.004 -0.0774926 0.05518627 0.004 -0.0774926 0.0008137274 0.004 -0.07679173 0.05449562 0.004 -0.07679173 0.001504382 0.004 -0.07753778 0.05527527 0.004 -0.07753778 0.0007247279 0.004 -0.07670207 0.05445175 0.004 -0.07670207 0.001548254 0.004 -0.07661 0.05441321 0.004 -0.07661 0.001586788 0.004 -0.07651582 0.001619853 0.004 -0.07651582 0.05438015 0.004 -0.07641987 0.05435266 0.004 -0.07641987 0.001647334 0.004 -0.07632247 0.001669135 0.004 -0.07632247 0.05433086 0.004 -0.07622395 0.05431482 0.004 -0.07622395 0.001685184 0.004 -0.07612467 0.05430458 0.004 -0.07612467 0.001695422 0.004 -0.07602496 0.05430018 0.004 -0.07602496 0.001699817 0.004 -0.07592516 0.001698352 0.004 -0.07592516 0.05430165 0.004 -0.07582561 0.05430897 0.004 -0.07582561 0.001691032 0.004 -0.07572667 0.05432212 0.004 -0.07572667 0.001677883 0.004 -0.07562867 0.05434105 0.004 -0.07562867 0.001658949 0.004 -0.07553195 0.0543657 0.004 -0.07553195 0.001634298 0.004 -0.07543684 0.05439599 0.004 -0.07543684 0.001604012 0.004 -0.07534368 0.0544318 0.004 -0.07534368 0.001568197 0.004 -0.07525278 0.05447302 0.004 -0.07525278 0.001526976 0.004 -0.07516445 0.001480491 0.004 -0.07516445 0.05451951 0.004 -0.075079 0.0545711 0.004 -0.075079 0.001428903 0.004 -0.07499673 0.05462761 0.004 -0.07499673 0.001372389 0.004 -0.07491792 0.05468885 0.004 -0.07491792 0.001311144 0.004 -0.07484283 0.05475462 0.004 -0.07484283 0.00124538 0.004 -0.07477174 0.001175322 0.004 -0.07757766 0.0006332301 0.004 -0.07761211 0.0005395494 0.004 -0.07732689 0.05706272 0.004 -0.07726223 0.05713876 0.004 -0.07764099 0.0004440088 0.004 -0.07738697 0.05698301 0.004 -0.07766422 0.0003469375 0.004 -0.07744227 0.05689992 0.004 -0.07768172 0.0002486703 0.004 -0.0774926 0.05681373 0.004 -0.07769341 0.0001495459 0.004 -0.07753778 0.05672473 0.004 -0.07757766 0.05663323 0.004 -0.07761211 0.05653955 0.004 -0.07764099 0.05644401 0.004 -0.07766422 0.05634694 0.004 -0.07768172 0.05624867 0.004 -0.07769341 0.05614955 0.004 -0.07769926 0.05604991 0.004 -0.07769926 0.05595009 0.004 -0.07769341 0.05585045 0.004 -0.07768172 0.05575133 0.004 -0.07766422 0.05565306 0.004 -0.07764099 0.05555599 0.004 -0.07761211 0.05546045 0.004 -0.07757766 0.05536677 0.004 -0.07719322 0.05721087 0.004 -0.07477174 0.05482468 0.004 -0.07712011 0.05727881 0.004 -0.07470488 0.05489879 0.004 -0.07470488 0.001101212 0.004 -0.07464249 0.001023307 0.004 -0.07704312 0.05734235 0.004 -0.07464249 0.05497669 0.004 -0.07696255 0.05740125 0.004 -0.07687865 0.05745533 0.004 -0.07679173 0.05750438 0.004 -0.07670207 0.05754825 0.004 -0.07661 0.05758679 0.004 -0.07651582 0.05761985 0.004 -0.07641987 0.05764734 0.004 -0.07632247 0.05766914 0.004 -0.07622395 0.05768518 0.004 -0.07612467 0.05769542 0.004 -0.07602496 0.05769982 0.004 -0.07592516 0.05769835 0.004 -0.07582561 0.05769103 0.004 -0.07572667 0.05767788 0.004 -0.07562867 0.05765895 0.004 -0.07553195 0.0576343 0.004 -0.07543684 0.05760401 0.004 -0.07534368 0.0575682 0.004 -0.07525278 0.05752698 0.004 0.07480678 -0.05721087 0.004 0.001228258 -0.05717532 0.004 0.001157165 -0.05724538 0.004 0.07473777 -0.05713876 0.004 0.001295118 -0.05710121 0.004 0.07487989 -0.05727881 0.004 0.001082082 -0.05731115 0.004 0.07467311 -0.05706272 0.004 0.001357513 -0.05702331 0.004 0.07495688 -0.05734235 0.004 0.001003269 -0.05737239 0.004 0.07461303 -0.05698301 0.004 0.001415229 -0.05694188 0.004 0.07503745 -0.05740125 0.004 0.0009209972 -0.0574289 0.004 0.07455773 -0.05689992 0.004 0.001468066 -0.05685719 0.004 0.07512135 -0.05745533 0.004 0.0008355508 -0.05748049 0.004 0.0745074 -0.05681373 0.004 0.001515842 -0.05676956 0.004 0.07520827 -0.05750438 0.004 0.0007472242 -0.05752698 0.004 0.07446222 -0.05672473 0.004 0.001558393 -0.05667927 0.004 0.07529793 -0.05754825 0.004 0.07442234 -0.05663323 0.004 0.001595572 -0.05658664 0.004 0.07438789 -0.05653955 0.004 0.001627251 -0.05649199 0.004 0.07435901 -0.05644401 0.004 0.00165332 -0.05639565 0.004 0.07433578 -0.05634694 0.004 0.001673689 -0.05629793 0.004 0.07431828 -0.05624867 0.004 0.00168829 -0.0561992 0.004 0.07430659 -0.05614955 0.004 0.00169707 -0.05609977 0.004 0.07430074 -0.05604991 0.004 0.0017 -0.056 0.004 0.07430074 -0.05595009 0.004 0.00169707 -0.05590023 0.004 0.07430659 -0.05585045 0.004 0.00168829 -0.0558008 0.004 0.07431828 -0.05575133 0.004 0.001673689 -0.05570207 0.004 0.07433578 -0.05565306 0.004 0.00165332 -0.05560435 0.004 0.07435901 -0.05555599 0.004 0.001627251 -0.05550801 0.004 0.07438789 -0.05546045 0.004 0.001595572 -0.05541336 0.004 0.07442234 -0.05536677 0.004 0.001558393 -0.05532073 0.004 0.07446222 -0.05527527 0.004 0.001515842 -0.05523044 0.004 0.0745074 -0.05518627 0.004 0.001468066 -0.05514281 0.004 0.07455773 -0.05510008 0.004 0.001415229 -0.05505812 0.004 0.07461303 -0.05501699 0.004 0.001357513 -0.05497669 0.004 0.07646805 -0.0576343 0.004 0.07637133 -0.05765895 0.004 0.07656316 -0.05760401 0.004 0.07665632 -0.0575682 0.004 0.07674722 -0.05752698 0.004 0.07683555 -0.05748049 0.004 0.076921 -0.0574289 0.004 0.07700327 -0.05737239 0.004 0.07708208 -0.05731115 0.004 0.07715717 -0.05724538 0.004 0.07539 -0.05758679 0.004 0.07548418 -0.05761985 0.004 0.0001743887 -0.05769103 0.004 7.484553e-05 -0.05769835 0.004 0.07558013 -0.05764734 0.004 0.07567753 -0.05766914 0.004 0.0002733308 -0.05767788 0.004 0.0003713306 -0.05765895 0.004 0.07577605 -0.05768518 0.004 0.0004680504 -0.0576343 0.004 0.07587533 -0.05769542 0.004 0.0005631567 -0.05760401 0.004 0.07597504 -0.05769982 0.004 0.0006563216 -0.0575682 0.004 0.07607484 -0.05769835 0.004 0.07617439 -0.05769103 0.004 0.07627333 -0.05767788 0.004 0.07722826 -0.05717532 0.004 0.07729512 -0.05710121 0.004 0.07735751 -0.05702331 0.004 0.07741523 -0.05694188 0.004 0.07746806 -0.05685719 0.004 0.07751585 -0.05676956 0.004 0.0775584 -0.05667927 0.004 0.07759557 -0.05658664 0.004 0.07762725 -0.05649199 0.004 0.07765332 -0.05639565 0.004 0.07767369 -0.05629793 0.004 0.07768829 -0.0561992 0.004 0.07769707 -0.05609977 0.004 0.0777 -0.056 0.004 0.07769707 -0.05590023 0.004 0.07768829 -0.0558008 0.004 0.07767369 -0.05570207 0.004 0.07765332 -0.05560435 0.004 0.07762725 -0.05550801 0.004 0.07759557 -0.05541336 0.004 0.0775584 -0.05532073 0.004 -0.001193226 0.05478913 0.004 -0.07453194 0.0008571941 0.004 -0.07448415 0.0007695594 0.004 -0.001262232 0.05486124 0.004 -0.07458477 0.000941874 0.004 -0.001120106 0.05472119 0.004 -0.0744416 0.0006792718 0.004 -0.001326888 0.05493728 0.004 -0.001043125 0.05465765 0.004 -0.07440443 0.0005866426 0.004 -0.001386969 0.05501699 0.004 -0.07458477 0.05505812 0.004 -0.0009625478 0.05459875 0.004 -0.07437275 0.0004919911 0.004 -0.001442269 0.05510008 0.004 -0.07453194 0.05514281 0.004 -0.0008786527 0.05454467 0.004 -0.07434668 0.0003956437 0.004 -0.001492598 0.05518627 0.004 -0.07448415 0.05523044 0.004 -0.0007917287 0.05449562 0.004 -0.07432631 0.0002979323 0.004 -0.001537781 0.05527527 0.004 -0.0744416 0.05532073 0.004 -0.0007020755 0.05445175 0.004 -0.07431171 0.000199194 0.004 -0.001577663 0.05536677 0.004 -0.07440443 0.05541336 0.004 -0.0006100021 0.05441321 0.004 -0.07430293 9.976895e-05 0.004 -0.001612106 0.05546045 0.004 -0.07437275 0.05550801 0.004 -0.0005158259 0.05438015 0.004 -0.001640992 0.05555599 0.004 -0.07434668 0.05560435 0.004 -0.0004198714 0.05435266 0.004 -0.0004198714 -0.05435266 0.004 -0.001664222 0.05565306 0.004 -0.07432631 0.05570207 0.004 -0.0003224697 0.05433086 0.004 -0.0003224697 -0.05433086 0.004 -0.0002239563 -0.05431482 0.004 -0.001681714 0.05575133 0.004 -0.07431171 0.0558008 0.004 -0.0002239563 0.05431482 0.004 -0.00169341 0.05585045 0.004 -0.07430293 0.05590023 0.004 -0.0001246709 0.05430458 0.004 -0.0001246709 -0.05430458 0.004 -0.001699267 0.05595009 0.004 -0.0743 0.056 0.004 -2.495568e-05 0.05430018 0.004 -2.495568e-05 -0.05430018 0.004 -0.001699267 0.05604991 0.004 -0.07430293 0.05609977 0.004 7.484553e-05 0.05430165 0.004 7.484553e-05 -0.05430165 0.004 0.0001743887 -0.05430897 0.004 -0.00169341 0.05614955 0.004 -0.07431171 0.0561992 0.004 0.0001743887 0.05430897 0.004 -0.001681714 0.05624867 0.004 -0.07432631 0.05629793 0.004 0.0002733308 0.05432212 0.004 0.0002733308 -0.05432212 0.004 -0.001664222 0.05634694 0.004 -0.07434668 0.05639565 0.004 0.0003713306 0.05434105 0.004 0.0003713306 -0.05434105 0.004 -0.001640992 0.05644401 0.004 -0.07437275 0.05649199 0.004 0.0004680504 0.0543657 0.004 0.0004680504 -0.0543657 0.004 -0.001612106 0.05653955 0.004 -0.07440443 0.05658664 0.004 -0.001577663 0.05663323 0.004 -0.0744416 0.05667927 0.004 -0.001537781 0.05672473 0.004 -0.07448415 0.05676956 0.004 -0.001492598 0.05681373 0.004 -0.07453194 0.05685719 0.004 -0.001442269 0.05689992 0.004 -0.07458477 0.05694188 0.004 -0.001386969 0.05698301 0.004 -0.07464249 0.05702331 0.004 -0.001326888 0.05706272 0.004 -0.07470488 0.05710121 0.004 -0.001262232 0.05713876 0.004 -0.07477174 0.05717532 0.004 -0.001193226 0.05721087 0.004 -0.07484283 0.05724538 0.004 -0.001120106 0.05727881 0.004 -0.07491792 0.05731115 0.004 -0.001043125 0.05734235 0.004 -0.07499673 0.05737239 0.004 -0.0009625478 0.05740125 0.004 -0.075079 0.0574289 0.004 -0.0008786527 0.05745533 0.004 -0.07516445 0.05748049 0.004 -0.0007917287 0.05750438 0.004 -0.0007020755 0.05754825 0.004 0.07480678 -0.001210873 0.004 0.07480678 -0.05478913 0.004 0.07487989 -0.05472119 0.004 0.07473777 -0.001138758 0.004 0.07473777 -0.05486124 0.004 0.07487989 -0.001278813 0.004 0.07467311 -0.001062718 0.004 0.07467311 -0.05493728 0.004 0.07495688 -0.001342345 0.004 0.07495688 -0.05465765 0.004 0.07461303 -0.0009830142 0.004 0.001295118 -0.05489879 0.004 0.07503745 -0.00140125 0.004 0.07503745 -0.05459875 0.004 0.07455773 -0.0008999219 0.004 0.001228258 -0.05482468 0.004 0.07512135 -0.001455325 0.004 0.07512135 -0.05454467 0.004 0.0745074 -0.0008137274 0.004 0.001157165 -0.05475462 0.004 0.07520827 -0.001504382 0.004 0.07520827 -0.05449562 0.004 0.07529793 -0.05445175 0.004 0.07446222 -0.0007247279 0.004 0.001082082 -0.05468885 0.004 0.07529793 -0.001548254 0.004 0.07539 -0.05441321 0.004 0.07442234 -0.0006332301 0.004 0.001003269 -0.05462761 0.004 0.07539 -0.001586788 0.004 0.07548418 -0.05438015 0.004 0.07438789 -0.0005395494 0.004 0.0009209972 -0.0545711 0.004 0.07548418 -0.001619853 0.004 0.07558013 -0.05435266 0.004 0.07435901 -0.0004440088 0.004 0.0008355508 -0.05451951 0.004 0.07558013 -0.001647334 0.004 0.07567753 -0.05433086 0.004 0.07433578 -0.0003469375 0.004 0.0007472242 -0.05447302 0.004 0.07567753 -0.001669135 0.004 0.07577605 -0.05431482 0.004 0.07431828 -0.0002486703 0.004 0.0006563216 -0.0544318 0.004 0.07577605 -0.001685184 0.004 0.07587533 -0.05430458 0.004 0.07430659 -0.0001495459 0.004 0.0005631567 -0.05439599 0.004 0.07587533 -0.001695422 0.004 0.07430074 -4.990598e-05 0.004 0.07597504 -0.001699817 0.004 0.07597504 -0.05430018 0.004 0.07430074 4.990598e-05 0.004 0.0005631567 0.05439599 0.004 0.07607484 -0.001698352 0.004 0.07607484 -0.05430165 0.004 0.07617439 -0.05430897 0.004 0.07430659 0.0001495459 0.004 0.0006563216 0.0544318 0.004 0.07617439 -0.001691032 0.004 0.07431828 0.0002486703 0.004 0.0007472242 0.05447302 0.004 0.07627333 -0.001677883 0.004 0.07627333 -0.05432212 0.004 0.07433578 0.0003469375 0.004 0.0008355508 0.05451951 0.004 0.07637133 -0.001658949 0.004 0.07637133 -0.05434105 0.004 0.07646805 -0.0543657 0.004 0.07435901 0.0004440088 0.004 0.0009209972 0.0545711 0.004 0.07646805 -0.001634298 0.004 0.07438789 0.0005395494 0.004 0.001003269 0.05462761 0.004 0.07656316 -0.001604012 0.004 0.07656316 -0.05439599 0.004 0.07665632 -0.0544318 0.004 0.07442234 0.0006332301 0.004 0.001082082 0.05468885 0.004 0.07665632 -0.001568197 0.004 0.07674722 -0.05447302 0.004 0.07446222 0.0007247279 0.004 0.001157165 0.05475462 0.004 0.07674722 -0.001526976 0.004 0.07683555 -0.05451951 0.004 0.0745074 0.0008137274 0.004 0.001228258 0.05482468 0.004 0.07683555 -0.001480491 0.004 0.076921 -0.0545711 0.004 0.07455773 0.0008999219 0.004 0.001295118 0.05489879 0.004 0.076921 -0.001428903 0.004 0.07700327 -0.05462761 0.004 0.07461303 0.0009830142 0.004 0.001357513 0.05497669 0.004 0.07700327 -0.001372389 0.004 0.07708208 -0.05468885 0.004 0.07708208 -0.001311144 0.004 0.07715717 -0.05475462 0.004 0.07715717 -0.00124538 0.004 0.07722826 -0.001175322 0.004 0.07722826 -0.05482468 0.004 0.07729512 -0.001101212 0.004 0.07729512 -0.05489879 0.004 0.07735751 -0.001023307 0.004 0.07735751 -0.05497669 0.004 0.07741523 -0.05505812 0.004 0.07741523 -0.000941874 0.004 0.07746806 -0.05514281 0.004 0.07746806 -0.0008571941 0.004 0.07751585 -0.0007695594 0.004 0.07751585 -0.05523044 0.004 0.0775584 -0.0006792718 0.004 0.07759557 -0.0005866426 0.004 0.07762725 -0.0004919911 0.004 0.07765332 -0.0003956437 0.004 0.07767369 -0.0002979323 0.004 0.07768829 -0.000199194 0.004 0.07473777 0.05486124 0.004 0.07480678 0.001210873 0.004 0.07480678 0.05478913 0.004 0.07473777 0.001138758 0.004 0.07487989 0.05472119 0.004 0.07487989 0.001278813 0.004 0.07467311 0.05493728 0.004 0.07467311 0.001062718 0.004 0.07495688 0.05465765 0.004 0.07495688 0.001342345 0.004 0.07461303 0.05501699 0.004 0.001415229 0.05505812 0.004 0.07503745 0.05459875 0.004 0.07503745 0.00140125 0.004 0.07455773 0.05510008 0.004 0.001468066 0.05514281 0.004 0.07512135 0.05454467 0.004 0.07512135 0.001455325 0.004 0.0745074 0.05518627 0.004 0.001515842 0.05523044 0.004 0.07520827 0.05449562 0.004 0.07520827 0.001504382 0.004 0.07529793 0.001548254 0.004 0.07446222 0.05527527 0.004 0.001558393 0.05532073 0.004 0.07529793 0.05445175 0.004 0.07539 0.001586788 0.004 0.07442234 0.05536677 0.004 0.001595572 0.05541336 0.004 0.07539 0.05441321 0.004 0.07438789 0.05546045 0.004 0.001627251 0.05550801 0.004 0.07548418 0.05438015 0.004 0.07548418 0.001619853 0.004 0.07558013 0.001647334 0.004 0.07435901 0.05555599 0.004 0.00165332 0.05560435 0.004 0.07558013 0.05435266 0.004 0.07567753 0.001669135 0.004 0.07433578 0.05565306 0.004 0.001673689 0.05570207 0.004 0.07567753 0.05433086 0.004 0.07577605 0.001685184 0.004 0.07431828 0.05575133 0.004 0.00168829 0.0558008 0.004 0.07577605 0.05431482 0.004 0.07587533 0.001695422 0.004 0.07430659 0.05585045 0.004 0.00169707 0.05590023 0.004 0.07587533 0.05430458 0.004 0.07430074 0.05595009 0.004 0.0017 0.056 0.004 0.07597504 0.05430018 0.004 0.07597504 0.001699817 0.004 0.07430074 0.05604991 0.004 0.00169707 0.05609977 0.004 0.07607484 0.05430165 0.004 0.07607484 0.001698352 0.004 0.07617439 0.001691032 0.004 0.07430659 0.05614955 0.004 0.00168829 0.0561992 0.004 0.07617439 0.05430897 0.004 0.07431828 0.05624867 0.004 0.001673689 0.05629793 0.004 0.07627333 0.05432212 0.004 0.07627333 0.001677883 0.004 0.07433578 0.05634694 0.004 0.00165332 0.05639565 0.004 0.07637133 0.05434105 0.004 0.07637133 0.001658949 0.004 0.07435901 0.05644401 0.004 0.001627251 0.05649199 0.004 0.07646805 0.0543657 0.004 0.07646805 0.001634298 0.004 0.07438789 0.05653955 0.004 0.001595572 0.05658664 0.004 0.07656316 0.05439599 0.004 0.07656316 0.001604012 0.004 0.07665632 0.001568197 0.004 0.07442234 0.05663323 0.004 0.001558393 0.05667927 0.004 0.07665632 0.0544318 0.004 0.07674722 0.001526976 0.004 0.07446222 0.05672473 0.004 0.001515842 0.05676956 0.004 0.07674722 0.05447302 0.004 0.07683555 0.001480491 0.004 0.0745074 0.05681373 0.004 0.001468066 0.05685719 0.004 0.07683555 0.05451951 0.004 0.076921 0.001428903 0.004 0.07455773 0.05689992 0.004 0.001415229 0.05694188 0.004 0.076921 0.0545711 0.004 0.07700327 0.001372389 0.004 0.07461303 0.05698301 0.004 0.001357513 0.05702331 0.004 0.07700327 0.05462761 0.004 0.07708208 0.001311144 0.004 0.07467311 0.05706272 0.004 0.001295118 0.05710121 0.004 0.07708208 0.05468885 0.004 0.07715717 0.00124538 0.004 0.07473777 0.05713876 0.004 0.001228258 0.05717532 0.004 0.07715717 0.05475462 0.004 0.07480678 0.05721087 0.004 0.001157165 0.05724538 0.004 0.07722826 0.05482468 0.004 0.07722826 0.001175322 0.004 0.07487989 0.05727881 0.004 0.001082082 0.05731115 0.004 0.07729512 0.05489879 0.004 0.07729512 0.001101212 0.004 0.07495688 0.05734235 0.004 0.001003269 0.05737239 0.004 0.07735751 0.05497669 0.004 0.07735751 0.001023307 0.004 0.07741523 0.000941874 0.004 0.07503745 0.05740125 0.004 0.0009209972 0.0574289 0.004 0.07741523 0.05505812 0.004 0.07746806 0.0008571941 0.004 0.07512135 0.05745533 0.004 0.0008355508 0.05748049 0.004 0.07746806 0.05514281 0.004 0.07751585 0.0007695594 0.004 0.07520827 0.05750438 0.004 0.0007472242 0.05752698 0.004 0.07751585 0.05523044 0.004 0.0775584 0.0006792718 0.004 0.07529793 0.05754825 0.004 0.0775584 0.05532073 0.004 0.07767369 0.0002979323 0.004 0.07768829 0.000199194 0.004 0.07765332 0.0003956437 0.004 0.07762725 0.0004919911 0.004 0.07759557 0.0005866426 0.004 0.07759557 0.05541336 0.004 0.07762725 0.05550801 0.004 0.07769707 0.05609977 0.004 0.0777 0.056 0.004 0.07765332 0.05560435 0.004 0.07768829 0.0561992 0.004 0.07767369 0.05570207 0.004 0.07767369 0.05629793 0.004 0.07768829 0.0558008 0.004 0.07765332 0.05639565 0.004 0.07769707 0.05590023 0.004 0.07762725 0.05649199 0.004 0.07759557 0.05658664 0.004 0.0775584 0.05667927 0.004 0.07751585 0.05676956 0.004 0.07746806 0.05685719 0.004 0.07741523 0.05694188 0.004 0.07735751 0.05702331 0.004 0.07729512 0.05710121 0.004 0.07722826 0.05717532 0.004 0.07715717 0.05724538 0.004 0.07708208 0.05731115 0.004 0.07700327 0.05737239 0.004 0.076921 0.0574289 0.004 0.07683555 0.05748049 0.004 0.07674722 0.05752698 0.004 0.07665632 0.0575682 0.004 0.07656316 0.05760401 0.004 0.07646805 0.0576343 0.004 0.07637133 0.05765895 0.004 0.07627333 0.05767788 0.004 0.07617439 0.05769103 0.004 0.07607484 0.05769835 0.004 0.07597504 0.05769982 0.004 0.07587533 0.05769542 0.004 0.07577605 0.05768518 0.004 0.07567753 0.05766914 0.004 0.07558013 0.05764734 0.004 0.07548418 0.05761985 0.004 0.07539 0.05758679 0.004 -2.495568e-05 -0.05769982 0.004 0.0777 0 0.004 0.07769707 9.976895e-05 0.004 0.07769707 -9.976895e-05 0.004 -2.495568e-05 0.05769982 0.004 -0.0001246709 0.05769542 0.004 -0.0002239563 0.05768518 0.004 -0.0003224697 0.05766914 0.004 -0.0004198714 0.05764734 0.004 -0.0005158259 0.05761985 0.004 -0.0006100021 0.05758679 0.004 7.484553e-05 0.05769835 0.004 0.0001743887 0.05769103 0.004 0.0002733308 0.05767788 0.004 0.0003713306 0.05765895 0.004 0.0004680504 0.0576343 0.004 0.0005631567 0.05760401 0.004 0.0006563216 0.0575682 0.004 -0.07769926 -4.990598e-05 0.004 -0.07769341 -0.0001495459 0.004 -0.07769926 4.990598e-05 0.004</float_array>
          <technique_common>
            <accessor count="1720" source="#cubeverts-array0-array" stride="3">
              <param type="float" name="X"/>
              <param type="float" name="Y"/>
              <param type="float" name="Z"/>
            </accessor>
          </technique_common>
        </source>
        <source id="cubenormals-array0">
          <float_array count="10404" id="cubenormals-array0-array">0 -1 0 0 -1 0 -1 0 0 -1 -0 0 1 0 0 1 -0 0 0 0 -1 0 -0 -1 0 0 -1 0 -0 -1 0 0 -1 0 -0 -1 0 0 -1 0 -0 -1 0 0 -1 0 -0 -1 0 0 -1 0 -0 -1 0 0 -1 0 -0 -1 0 0 -1 0 -0 -1 0 0 -1 0 -0 -1 0 0 -1 0 -0 -1 0 0 -1 0 -0 -1 0 0 -1 0 -0 -1 0 0 -1 0 -0 -1 0 0 -1 0 -0 -1 0 0 -1 0 -0 -1 0 0 -1 0 -0 -1 0 0 -1 0 -0 -1 0 0 -1 0 -0 -1 0 0 -1 0 -0 -1 0 0 -1 0 -0 -1 0 0 -1 0 -0 -1 0 0 -1 0 0 -1 0 0 -1 0 0 -1 0 0 -1 0 0 -1 0 0 -1 0 0 -1 0 0 -1 0 0 -1 0 0 -1 0 0 -1 0 0 -1 0 0 -1 0 0 -1 0 0 -1 0 0 -1 0 0 -1 0 0 -1 0 0 -1 0 0 -1 0 0 -1 0 0 -1 0 0 -1 0 0 -1 0 0 -1 0 0 -1 0 0 -1 0 0 -1 0 0 -1 0 0 -1 0 0 -1 0 0 -1 0 0 -1 0 0 -1 0 0 -1 0 0 -1 0 0 -1 0 0 -1 0 0 -1 0 0 -1 0 0 -1 0 0 -1 0 0 -1 0 0 -1 0 0 -1 0 0 -1 0 0 -1 0 0 -1 0 0 -1 0 0 -1 0 0 -1 0 0 -1 0 0 -1 0 0 -1 0 0 -1 0 0 -1 0 0 -1 0 0 -1 0 0 -1 0 0 -1 0 0 -1 0 0 -1 0 0 -1 0 0 -1 0 0 -1 0 0 -1 0 0 -1 0 0 -1 0 0 -1 0 0 -1 0 0 -1 0 0 -1 0 0 -1 0 0 -1 0 0 -1 0 -0 -1 0 -0 -1 0 0 -1 0 -0 -1 0 -0 -1 0 -0 -1 0 0 -1 0 -0 -1 0 -0 -1 0 -0 -1 0 0 -1 0 -0 -1 0 -0 -1 0 -0 -1 0 0 -1 0 -0 -1 0 -0 -1 0 0 -1 0 -0 -1 0 -0 -1 0 -0 -1 0 -0 -1 0 0 -1 0 -0 -1 0 -0 -1 0 0 -1 0 -0 -1 0 -0 -1 0 -0 -1 0 0 -1 0 -0 -1 0 -0 -1 0 0 -1 0 -0 -1 0 -0 -1 0 0 -1 0 -0 -1 0 -0 -1 0 0 -1 0 -0 -1 0 -0 -1 0 0 -1 0 -0 -1 0 -0 -1 0 0 -1 0 0 -1 0 0 -1 0 0 -1 0 0 -1 0 0 -1 0 0 -1 0 0 -1 0 0 -1 0 0 -1 0 0 -1 0 0 -1 0 0 -1 0 0 -1 0 0 -1 0 0 -1 0 0 -1 0 0 -1 0 0 -1 0 0 -1 0 0 -1 0 0 -1 0 0 -1 0 0 -1 0 -0 -1 0 0 -1 0 -0 -1 0 0 -1 0 0 -1 0 -0 -1 0 -0 -1 0 0 -1 0 0 -1 0 -0 -1 0 0 -1 0 -0 -1 0 -0 -1 0 0 -1 0 -0 -1 0 0 -1 0 -0 -1 0 0 -1 0 0 -1 0 -0 -1 0 -0 -1 0 0 -1 0 0 -1 0 0 -1 0 0 -1 0 0 -1 0 0 -1 0 0 -1 0 0 -1 0 0 -1 0 0 -1 0 0 -1 0 0 -1 0 0 -1 0 0 -1 0 0 -1 0 0 -1 0 0 -1 0 0 -1 0 0 -1 0 0 -1 0 0 -1 0 0 -1 0 0 -1 0 0 -1 0 0 -1 0 0 -1 0 0 -1 0 0 -1 0 0 -1 0 0 -1 0 0 -1 0 0 -1 0 0 -1 0 0 -1 0 0 -1 0 0 -1 0 0 -1 0 0 -1 0 0 -1 0 0 -1 0 0 -1 0 0 -1 0 0 -1 0 0 -1 0 0 -1 0 0 -1 0 0 -1 0 0 -1 0 0 -1 0 0 -1 0 0 -1 0 0 -1 0 0 -1 0 0 -1 0 0 -1 0 0 -1 0 0 -1 0 0 -1 0 0 -1 0 0 -1 0 0 -1 0 0 -1 0 0 -1 0 0 -1 0 0 -1 0 0 -1 0 0 -1 0 0 -1 0 0 -1 0 0 -1 0 0 -1 0 0 -1 0 0 -1 0 0 -1 0 0 -1 0 0 -1 0 0 -1 0 0 -1 0 0 -1 0 0 -1 0 0 -1 0 0 -1 0 0 -1 0 0 -1 0 0 -1 0 0 -1 0 0 -1 0 0 -1 0 0 -1 0 0 -1 0 0 -1 0 0 -1 0 0 -1 0 0 -1 0 0 -1 0 0 -1 0 0 -1 0 0 -1 0 0 -1 0 0 -1 0 0 -1 0 0 -1 0 0 -1 0 0 -1 0 0 -1 0 0 -1 0 0 -1 0 0 -1 0 0 -1 0 0 -1 0 0 -1 0 0 -1 0 0 -1 0 0 -1 0 0 -1 0 0 -1 0 0 -1 0 0 -1 0 0 -1 0 0 -1 0 -0 -1 0 0 -1 0 -0 -1 0 -0 -1 0 -0 -1 0 -0 -1 0 0 -1 0 -0 -1 0 -0 -1 0 -0 -1 0 0 -1 0 -0 -1 0 -0 -1 0 -0 -1 0 0 -1 0 -0 -1 0 -0 -1 0 0 -1 0 -0 -1 0 -0 -1 0 -0 -1 0 -0 -1 0 0 -1 0 -0 -1 0 -0 -1 0 0 -1 0 -0 -1 0 0 -1 0 -0 -1 0 0 -1 0 -0 -1 0 0 -1 0 -0 -1 0 0 -1 0 -0 -1 0 0 -1 0 -0 -1 0 0 -1 0 0 -1 0 0 -1 0 0 -1 0 0 -1 0 0 -1 0 0 -1 0 0 -1 0 0 -1 0 0 -1 0 0 -1 0 0 -1 0 0 -1 0 0 -1 0 0 -1 0 0 -1 0 0 -1 0 0 -1 0 0 -1 0 0 -1 0 0 -1 0 0 -1 0 0 -1 0 -0 -1 0 -0 -1 0 -0 -1 0 -0 -1 0 -0 -1 0 -0 -1 0 -0 -1 0 -0 -1 0 -0 -1 0 -0 -1 0 -0 -1 0 -0 -1 0 -0 -1 0 -0 -1 0 -0 -1 0 -0 -1 0 -0 -1 0 -0 -1 0 -0 -1 0 -0 -1 -0 -0 -1 -0 -0 -1 -0 -0 -1 -0 -0 -1 -0 -0 -1 -0 -0 -1 -0 -0 -1 -0 -0 -1 0 0 -1 0 0 -1 0 0 -1 0 0 -1 0 0 -1 0 0 -1 0 0 -1 0 0 -1 0 0 -1 0 0 -1 0 0 -1 0 0 -1 0 0 -1 0 0 -1 0 0 -1 0 0 -1 0 0 -1 0 0 -1 0 0 -1 0 0 -1 0 0 -1 0 0 -1 0 0 -1 0 0 -1 0 0 -1 0 -0 -1 0 0 -1 0 0 -1 0 0 -1 0 -0 -1 0 0 -1 0 -0 -1 0 0 -1 0 -0 -1 0 0 -1 0 0 -1 0 -0 -1 0 0 -1 0 -0 -1 0 -0 -1 0 0 -1 0 0 -1 0 -0 -1 0 -0 -1 0 0 -1 0 0 -1 0 -0 -1 0 0 -1 0 -0 -1 0 0 -1 0 -0 -1 0 -0 -1 0 0 -1 0 0 -1 0 -0 -1 0 0 -1 0 0 -1 0 -0 -1 0 0 -1 0 0 -1 0 -0 -1 0 0 -1 0 0 -1 0 0 -1 0 -0 -1 0 0 -1 0 0 -1 0 0 -1 0 0 -1 0 -0 -1 0 0 -1 0 0 -1 0 -0 -1 0 0 -1 0 0 -1 0 0 -1 0 0 -1 0 0 -1 0 0 -1 0 0 -1 0 0 -1 0 0 -1 0 0 -1 0 0 -1 0 0 -1 0 0 -1 0 0 -1 0 0 -1 0 0 -1 0 0 -1 0 0 -1 0 0 -1 0 0 -1 0 0 -1 0 0 -1 0 0 -1 0 0 -1 0 0 -1 0 0 -1 0 0 -1 0 0 -1 0 0 -1 0 0 -1 0 0 -1 0 0 -1 0 0 -1 0 0 -1 0 0 -1 0 0 -1 0 0 -1 0 0 -1 0 0 -1 0 0 -1 0 0 -1 0 0 -1 0 0 -1 0 0 -1 0 0 -1 0 0 -1 0 0 -1 0 0 -1 0 0 -1 0 0 -1 0 0 -1 0 0 -1 0 0 -1 0 0 -1 0 0 -1 0 0 -1 0 0 -1 0 0 -1 0 0 -1 0 0 -1 0 0 -1 0 0 -1 0 0 -1 0 0 -1 0 0 -1 0 0 -1 0 0 -1 0 0 -1 0 0 -1 0 0 -1 0 0 -1 0 0 -1 0 0 -1 0 0 -1 0 0 -1 0 0 -1 0 0 -1 0 0 -1 0 0 -1 0 0 -1 0 0 -1 0 0 -1 0 0 -1 0 0 -1 0 0 -1 0 0 -1 0 0 -1 0 0 -1 0 0 -1 0 0 -1 0 0 -1 0 0 -1 0 0 -1 0 0 -1 0 0 -1 0 0 -1 0 0 -1 0 0 -1 0 0 -1 0 0 -1 0 0 -1 0 0 -1 0 0 -1 0 0 -1 0 0 -1 0 0 -1 0 0 -1 0 -0 -1 0 0 -1 0 0 -1 0 0 -1 0 0 -1 0 0 -1 0 -0 -1 0 0 -1 0 0 -1 0 0 -1 0 -0 -1 0 0 -1 0 0 -1 0 -0 -1 0 0 -1 0 0 -1 0 0 -1 0 0 -1 0 0 -1 0 -0 -1 0 0 -1 0 0 -1 0 -0 -1 0 0 -1 0 0 -1 0 0 -1 0 0 -1 0 -0 -1 0 0 -1 0 0 -1 0 -0 -1 0 0 -1 0 0 -1 0 0 -1 0 -0 -1 0 0 -1 0 0 -1 0 0 -1 0 -0 -1 0 0 -1 0 0 -1 0 0 -1 0 -0 -1 0 0 -1 0 0 -1 0 0 -1 0 0 -1 0 0 -1 0 0 -1 0 0 -1 0 0 -1 0 0 -1 0 0 -1 0 0 -1 0 0 -1 0 0 -1 0 0 -1 0 0 -1 0 0 -1 0 0 -1 0 0 -1 0 0 -1 0 0 -1 0 0 -1 0 0 -1 0 0 -1 0 0 -1 0 0 -1 0 0 -1 0 0 -1 0 0 -1 0 0 -1 0 0 -1 0 0 -1 0 0 -1 0 0 -1 0 0 -1 0 0 -1 0 0 -1 0 0 -1 0 -0 -1 0 0 -1 0 0 -1 0 -0 -1 0 0 -1 0 0 -1 0 0 -1 0 -0 -1 0 0 -1 0 0 -1 0 0 -1 0 0 -1 0 0 -1 0 -0 -1 0 0 -1 0 0 -1 0 -0 -1 0 0 -1 0 0 -1 0 0 -1 0 -0 -1 0 0 -1 0 0 -1 0 0 -1 0 -0 -1 0 0 -1 0 0 -1 0 0 -1 0 0 -1 0 -0 -1 0 0 -1 0 0 -1 0 0 -1 0 -0 -1 0 0 -1 0 0 -1 0 -0 -1 0 0 -1 0 0 -1 0 -0 -1 0 0 -1 0 0 -1 0 0 -1 0 0 -1 0 0 -1 0 0 -1 0 0 -1 0 0 -1 0 0 -1 0 0 -1 0 0 -1 0 0 -1 0 0 -1 0 0 -1 0 0 -1 0 0 -1 0 0 -1 0 0 -1 0 0 -1 0 0 -1 0 0 -1 0 0 -1 0 0 -1 0 0 -1 0 0 -1 0 0 -1 0 0 -1 0 0 -1 0 0 -1 0 0 -1 0 0 -1 0 0 -1 0 0 -1 0 0 -1 0 0 -1 0 0 -1 0 0 -1 0 0 -1 0 0 -1 0 0 -1 0 0 -1 0 0 -1 0 0 -1 0 0 -1 0 0 -1 0 0 -1 0 0 -1 0 0 -1 0 0 -1 0 0 -1 0 0 -1 0 0 -1 0 0 -1 0 0 -1 0 0 -1 0 0 -1 0 0 -1 0 0 -1 0 0 -1 0 0 -1 0 0 -1 0 0 -1 0 0 -1 0 0 -1 0 0 -1 0 0 -1 0 0 -1 0 0 -1 0 0 -1 0 0 -1 0 0 -1 0 0 -1 0 0 -1 0 0 -1 0 0 -1 0 0 -1 0 0 -1 0 0 -1 0 0 -1 0 0 -1 0 0 -1 0 0 -1 0 0 -1 0 0 -1 0 0 -1 0 0 -1 0 0 -1 0 0 -1 0 0 -1 0 0 -1 0 0 -1 0 0 -1 0 0 -1 0 0 -1 0 0 -1 0 0 -1 0 0 -1 0 0 -1 0 0 -1 0 0 -1 0 0 -1 0 0 -1 0 0 -1 0 0 -1 0 0 -1 0 0 -1 0 0 -1 0 0 -1 0 0 -1 0 0 -1 0 0 -1 0 0 -1 0 0 -1 0 0 -1 0 0 -1 0 -0 -1 0 0 -1 0 -0 -1 0 0 -1 0 -0 -1 0 0 -1 0 -0 -1 0 0 -1 0 -0 -1 0 0 -1 0 -0 -1 0 0 -1 0 -0 -1 0 0 -1 0 0 -1 0 0 -1 0 0 -1 -0 0 -1 0 -0 -1 0 0 -1 0 0 -1 0 -0 -1 0 -0 -1 0 0 -1 0 0 -1 0 0 -1 0 0 -1 0 0 -1 0 0 -1 0 0 -1 0 0 -1 0 0 -1 0 0 -1 0 0 -1 0 0 -1 0 0 -1 0 0 -1 0 0 -1 0 0 -1 0 0 -1 0 0 -1 0 0 -1 0 0 -1 0 0 -1 0 0 1 0 0 1 0 0 1 0 0 1 0 0 1 0 0 1 0 0 1 0 0 1 0 0 1 0 0 1 0 0 1 0 0 1 0 0 1 0 0 1 0 0 1 0 0 1 0 0 1 0 0 1 0 0 1 0 0 1 0 0 1 0 0 1 0 0 1 0 0 1 0 0 1 0 0 1 0 0 1 0 0 1 0 0 1 0 0 1 0 0 1 0 0 1 0 0 1 0 0 1 0 0 1 0 0 1 0 0 1 0 0 1 0 0 1 0 0 1 0 0 1 0 0 1 0 0 1 0 0 1 0 0 1 0 0 1 0 0 1 0 0 1 0 0 1 0 0 1 0 0 1 0 0 1 0 0 1 0 0 1 0 0 1 0 0 1 0 0 1 0 0 1 0 0 1 0 0 1 0 0 1 0 0 1 0 0 1 0 0 1 0 0 1 0 0 1 0 0 1 0 0 1 0 0 1 0 0 1 0 0 1 0 0 1 0 0 1 0 0 1 0 0 1 0 0 1 0 0 1 0 0 1 0 0 1 0 0 1 0 0 1 0 0 1 0 0 1 0 0 1 0 0 1 0 0 1 0 0 1 0 0 1 0 0 1 0 0 1 0 0 1 0 0 1 0 0 1 0 0 1 0 0 1 0 0 1 0 0 1 0 0 1 0 0 1 0 0 1 0 0 1 0 0 1 0 0 1 0 0 1 0 0 1 0 0 1 0 0 1 0 0 1 0 0 1 0 0 1 0 0 1 0 0 1 0 0 1 0 0 1 0 0 1 0 0 1 0 0 1 0 0 1 0 0 1 0 0 1 0 0 1 0 0 1 0 0 1 0 0 1 0 0 1 0 0 1 0 0 1 0 0 1 0 0 1 0 0 1 0 0 1 0 0 1 0 0 1 0 0 1 0 0 1 0 0 1 0 0 1 0 0 1 0 0 1 0 0 1 0 0 1 0 0 1 0 0 1 0 0 1 0 0 1 0 0 1 0 0 1 0 0 1 0 0 1 0 0 1 0 0 1 0 0 1 0 0 1 0 0 1 0 0 1 0 0 1 0 0 1 0 0 1 0 0 1 0 0 1 0 0 1 0 0 1 0 0 1 0 0 1 0 0 1 0 0 1 0 0 1 0 0 1 0 0 1 0 0 1 0 0 1 0 0 1 0 0 1 0 0 1 0 0 1 0 0 1 0 0 1 0 0 1 0 0 1 0 0 1 0 0 1 0 0 1 0 0 1 0 0 1 0 0 1 0 0 1 0 0 1 0 0 1 0 0 1 0 0 1 0 0 1 0 0 1 0 0 1 0 0 1 0 0 1 0 0 1 0 0 1 0 0 1 0 0 1 0 0 1 0 0 1 0 0 1 0 0 1 0 0 1 0 0 1 0 0 1 0 0 1 0 0 1 0 0 1 0 0 1 0 0 1 0 0 1 0 0 1 0 0 1 0 0 1 0 0 1 0 0 1 0 0 1 0 0 1 0 0 1 0 0 1 0 0 1 0 0 1 0 0 1 0 0 1 0 0 1 0 0 1 0 0 1 0 0 1 0 0 1 0 0 1 0 0 1 0 0 1 0 0 1 0 0 1 0 0 1 0 0 1 0 0 1 0 0 1 0 0 1 0 0 1 0 0 1 0 0 1 0 0 1 0 0 1 0 0 1 0 0 1 0 0 1 0 0 1 0 0 1 0 0 1 0 0 1 0 0 1 0 0 1 0 0 1 0 0 1 0 0 1 0 0 1 0 0 1 0 0 1 0 0 1 0 0 1 0 0 1 0 0 1 0 0 1 0 0 1 0 0 1 0 0 1 0 0 1 0 0 1 0 0 1 0 0 1 0 0 1 0 0 1 0 0 1 0 0 1 0 0 1 0 0 1 0 0 1 0 0 1 0 0 1 0 0 1 0 0 1 0 0 1 0 0 1 0 0 1 0 0 1 0 0 1 0 0 1 0 0 1 0 0 1 0 0 1 0 0 1 0 0 1 0 0 1 0 0 1 0 0 1 0 0 1 0 0 1 0 0 1 0 0 1 0 0 1 0 0 1 0 0 1 0 0 1 0 0 1 0 0 1 0 0 1 0 0 1 0 0 1 0 0 1 0 0 1 0 0 1 0 0 1 0 0 1 0 0 1 0 0 1 0 0 1 0 0 1 0 0 1 0 0 1 0 0 1 0 0 1 0 0 1 0 0 1 0 0 1 0 0 1 0 0 1 0 0 1 0 0 1 0 0 1 0 0 1 0 0 1 0 0 1 0 0 1 0 0 1 0 0 1 0 0 1 0 0 1 0 0 1 0 0 1 0 0 1 0 0 1 0 0 1 0 0 1 0 0 1 0 0 1 0 0 1 0 0 1 0 0 1 0 0 1 0 0 1 0 0 1 0 0 1 0 0 1 0 0 1 0 0 1 0 0 1 0 0 1 0 0 1 0 0 1 0 0 1 0 0 1 0 0 1 0 0 1 0 0 1 0 0 1 0 0 1 0 0 1 0 0 1 0 0 1 0 0 1 0 0 1 0 0 1 0 0 1 0 0 1 0 0 1 0 0 1 0 0 1 0 0 1 0 0 1 0 0 1 0 0 1 0 0 1 0 0 1 0 0 1 0 0 1 0 0 1 0 0 1 0 0 1 0 0 1 0 0 1 0 0 1 0 0 1 0 0 1 0 0 1 0 0 1 0 0 1 0 0 1 0 0 1 0 0 1 0 0 1 0 0 1 0 0 1 0 0 1 0 0 1 0 0 1 0 0 1 0 0 1 0 0 1 0 0 1 0 0 1 0 0 1 0 0 1 0 0 1 0 0 1 0 0 1 0 0 1 0 0 1 0 0 1 0 0 1 0 0 1 0 0 1 0 0 1 0 0 1 0 0 1 0 0 1 0 0 1 0 0 1 0 0 1 0 0 1 0 0 1 0 0 1 0 0 1 0 0 1 0 0 1 0 0 1 0 0 1 0 0 1 0 0 1 0 0 1 0 0 1 0 0 1 0 0 1 0 0 1 0 0 1 0 0 1 0 0 1 0 0 1 0 0 1 0 0 1 0 0 1 0 0 1 0 0 1 0 0 1 0 0 1 0 0 1 0 0 1 0 0 1 0 0 1 0 0 1 0 0 1 0 0 1 0 0 1 0 0 1 0 0 1 0 0 1 0 0 1 0 0 1 0 0 1 0 0 1 0 0 1 0 0 1 0 0 1 0 0 1 0 0 1 0 0 1 0 0 1 0 0 1 0 0 1 0 0 1 0 0 1 0 0 1 0 0 1 0 0 1 0 0 1 0 0 1 0 0 1 0 0 1 0 0 1 0 0 1 0 0 1 0 0 1 0 0 1 0 0 1 0 0 1 0 0 1 0 0 1 0 0 1 0 0 1 0 0 1 0 0 1 0 0 1 0 0 1 0 0 1 0 0 1 0 0 1 0 0 1 0 0 1 0 0 1 0 0 1 0 0 1 0 0 1 0 0 1 0 0 1 0 0 1 0 0 1 0 0 1 0 0 1 0 0 1 0 0 1 0 0 1 0 0 1 0 0 1 0 0 1 0 0 1 0 0 1 0 0 1 0 0 1 0 0 1 0 0 1 0 0 1 0 0 1 0 0 1 0 0 1 0 0 1 0 0 1 0 0 1 0 0 1 0 0 1 0 0 1 0 0 1 0 0 1 0 0 1 0 0 1 0 0 1 0 0 1 0 0 1 0 0 1 0 0 1 0 0 1 0 0 1 0 0 1 0 0 1 0 0 1 0 0 1 0 0 1 0 0 1 0 0 1 0 0 1 0 0 1 0 0 1 0 0 1 0 0 1 0 0 1 0 0 1 0 0 1 0 0 1 0 0 1 0 0 1 0 0 1 0 0 1 0 0 1 0 0 1 0 0 1 0 0 1 0 0 1 0 0 1 0 0 1 0 0 1 0 0 1 0 0 1 0 0 1 0 0 1 0 0 1 0 0 1 0 0 1 0 0 1 0 0 1 0 0 1 0 0 1 0 0 1 0 0 1 0 0 1 0 0 1 0 0 1 0 0 1 0 0 1 0 0 1 0 0 1 0 0 1 0 0 1 0 0 1 0 0 1 0 0 1 0 0 1 0 0 1 0 0 1 0 0 1 0 0 1 0 0 1 0 0 1 0 0 1 0 0 1 0 0 1 0 0 1 0 0 1 0 0 1 0 0 1 0 0 1 0 0 1 0 0 1 0 0 1 0 0 1 0 0 1 0 0 1 0 0 1 0 0 1 0 0 1 0 0 1 0 0 1 0 0 1 0 0 1 0 0 1 0 0 1 0 0 1 0 0 1 0 0 1 0 0 1 0 0 1 0 0 1 0 0 1 0 0 1 0 0 1 0 0 1 0 0 1 0 0 1 0 0 1 0 0 1 0 0 1 0 0 1 0 0 1 0 0 1 0 0 1 0 0 1 0 0 1 0 0 1 0 0 1 0 0 1 0 0 1 0 0 1 0 0 1 0 0 1 0 0 1 0 0 1 0 0 1 0 0 1 0 0 1 0 0 1 0 0 1 0 0 1 0 0 1 0 0 1 0 0 1 0 0 1 0 0 1 0 0 1 0 0 1 0 0 1 0 0 1 0 0 1 0 0 1 0 0 1 0 0 1 0 0 1 0 0 1 0 0 1 0 0 1 0 0 1 0 0 1 0 0 1 0 0 1 0 0 1 0 0 1 0 0 1 0 0 1 0 0 1 0 0 1 0 0 1 0 0 1 0 0 1 0 0 1 0 0 1 0 0 1 0 0 1 0 0 1 0 0 1 0 0 1 0 0 1 0 0 1 0 0 1 0 0 1 0 0 1 0 0 1 0 0 1 0 0 1 0 0 1 0 0 1 0 0 1 0 0 1 0 0 1 0 0 1 0 0 1 0 0 1 0 0 1 0 0 1 0 0 1 0 0 1 0 0 1 0 0 1 0 0 1 0 0 1 0 0 1 0 0 1 0 0 1 0 0 1 0 0 1 0 0 1 0 0 1 0 0 1 0 0 1 0 0 1 0 0 1 0 0 1 0 0 1 0 0 1 0 0 1 0 0 1 0 0 1 0 0 1 0 0 1 0 0 1 0 0 1 0 0 1 0 0 1 0 0 1 0 0 1 0 0 1 0 0 1 0 0 1 0 0 1 0 0 1 0 0 1 0 0 1 0 0 1 0 0 1 0 0 1 0 0 1 0 0 1 0 0 1 0 0 1 0 0 1 0 0 1 0 0 1 0 0 1 0 0 1 0 0 1 0 0 1 0 0 1 0 0 1 0 0 1 0 0 1 0 0 1 0 0 1 0 0 1 0 0 1 0 0 1 0 0 1 0 0 1 0 0 1 0 0 1 0 0 1 0 0 1 0 0 1 0 0 1 0 0 1 0 0 1 0 0 1 0 0 1 0 0 1 0 0 1 0 0 1 0 0 1 0 0 1 0 0 1 0 0 1 0 0 1 0 0 1 0 0 1 0 0 1 0 0 1 0 0 1 0 0 1 0 0 1 0 0 1 0 0 1 0 0 1 0 0 1 0 0 1 0 0 1 0 0 1 0 0 1 0 0 1 0 0 1 0 0 1 0 0 1 0 0 1 0 0 1 0 0 1 0 0 1 0 0 1 0 0 1 0 0 1 0 0 1 0 0 1 0 0 1 0 0 1 0 0 1 0 0 1 0 0 1 0 0 1 0 0 1 0 0 1 0 0 1 0 0 1 0 0 1 -0 0 1 0 0 1 0 -0 1 0 -0 1 0 -0 1 0 0 1 0 0 1 0 0 1 0 0 1 0 0 1 0 0 1 0 0 1 0 0 1 0 0 1 0 0 1 0 0 1 0 0 1 0 0 1 0 0 1 0 0 1 0 0 1 0 0 1 0 0 1 0 0 1 0 0 1 0 0 1 0 0 1 0 0 1 0 1 -0 0 1 0 -0.9995691 -0.02935188 0 -0.9961224 -0.08797858 0 -0.9995691 -0.02935188 0 -0.9892506 -0.1462301 0 -0.9961224 -0.08797858 0 -0.9789534 -0.204084 0 -0.9892506 -0.1462301 0 -0.9652885 -0.2611862 0 -0.9789534 -0.204084 0 -0.9483004 -0.3173741 0 -0.9652885 -0.2611862 0 -0.9280385 -0.3724843 0 -0.9483004 -0.3173741 0 -0.9045812 -0.4263013 0 -0.9280385 -0.3724843 0 -0.8779715 -0.4787129 0 -0.9045812 -0.4263013 0 -0.8484167 -0.5293288 0 -0.8779715 -0.4787129 0 -0.8158584 -0.5782517 0 -0.8484167 -0.5293288 0 -0.7805256 -0.6251237 0 -0.8158584 -0.5782517 0 -0.7424803 -0.6698679 0 -0.7805256 -0.6251237 0 -0.701909 -0.7122666 0 -0.7424803 -0.6698679 0 -0.6588995 -0.7522309 0 -0.701909 -0.7122666 0 -0.6135728 -0.7896382 0 -0.6588995 -0.7522309 0 -0.5662012 -0.8242671 0 -0.6135728 -0.7896382 0 -0.5168543 -0.8560734 0 -0.5662012 -0.8242671 0 -0.465737 -0.8849232 0 -0.5168543 -0.8560734 0 -0.4129533 -0.9107522 0 -0.465737 -0.8849232 0 -0.3588433 -0.9333977 0 -0.4129533 -0.9107522 0 -0.3588433 -0.9333977 0 -0.303415 -0.9528585 0 -0.303415 -0.9528585 0 -0.2470115 -0.9690126 0 -0.2470115 -0.9690126 0 -0.1896808 -0.9818457 0 -0.1896808 -0.9818457 0 -0.1317356 -0.9912849 0 -0.1317356 -0.9912849 0 -0.07334374 -0.9973067 0 -0.07334374 -0.9973067 0 -0.0146762 -0.9998923 0 -0.0146762 -0.9998923 0 0.04402766 -0.9990304 0 0.1025836 -0.9947244 0 0.04402766 -0.9990304 0 0.1607786 -0.9869905 0 0.1025836 -0.9947244 0 0.1607786 -0.9869905 0 0.2184316 -0.9758523 0 0.2184316 -0.9758523 0 0.2753268 -0.9613507 0 0.3312764 -0.9435338 0 0.2753268 -0.9613507 0 0.3860912 -0.9224606 0 0.3312764 -0.9435338 0 0.4395227 -0.8982315 0 0.3860912 -0.9224606 0 0.4914728 -0.8708929 0 0.4395227 -0.8982315 0 0.4914728 -0.8708929 0 0.5417926 -0.8405123 0 0.5417926 -0.8405123 0 0.5901584 -0.8072875 0 0.5901584 -0.8072875 0 0.6364932 -0.7712823 0 0.6364932 -0.7712823 0 0.6807178 -0.7325457 0 0.6807178 -0.7325457 0 0.7224908 -0.6913806 0 0.7224908 -0.6913806 0 0.7618243 -0.6477837 0 0.7618243 -0.6477837 0 0.7985392 -0.6019428 0 0.7985392 -0.6019428 0 0.8324969 -0.5540297 0 0.8635528 -0.5042583 0 0.8324969 -0.5540297 0 0.8635528 -0.5042583 0 0.8916817 -0.4526629 0 0.8916817 -0.4526629 0 0.9167161 -0.3995393 0 0.9167161 -0.3995393 0 0.9385577 -0.3451226 0 0.9385577 -0.3451226 0 0.9572119 -0.2893879 0 0.9572119 -0.2893879 0 0.9725348 -0.2327571 0 0.9725348 -0.2327571 0 0.9845212 -0.1752655 0 0.9845212 -0.1752655 0 0.9931104 -0.1171827 0 0.9931104 -0.1171827 0 0.9982799 -0.05862793 0 0.9982799 -0.05862793 0 1 0 0 1 0 0 0.9982799 0.05862793 0 0.9982799 0.05862793 -0 0.9931104 0.1171827 0 0.9931104 0.1171827 -0 0.9845212 0.1752655 0 0.9845212 0.1752655 -0 0.9725348 0.2327571 -0 0.9725348 0.2327571 -0 0.9572119 0.2893879 0 0.9572119 0.2893879 -0 0.9385577 0.3451226 0 0.9385577 0.3451226 -0 0.9167161 0.3995393 -0 0.9167161 0.3995393 0 0.8916817 0.4526629 -0 0.8635528 0.5042583 -0 0.8916817 0.4526629 0 0.8635528 0.5042583 -0 0.8324969 0.5540297 -0 0.7985392 0.6019428 -0 0.8324969 0.5540297 0 0.7985392 0.6019428 -0 0.7618243 0.6477837 -0 0.7224908 0.6913806 -0 0.7618243 0.6477837 0 0.7224908 0.6913806 -0 0.6807178 0.7325457 -0 0.6364932 0.7712823 -0 0.6807178 0.7325457 0 0.6364932 0.7712823 -0 0.5901584 0.8072875 -0 0.5417926 0.8405123 -0 0.5901584 0.8072875 0 0.5417926 0.8405123 -0 0.4914728 0.8708929 0 0.4914728 0.8708929 -0 0.4395227 0.8982315 0 0.4395227 0.8982315 -0 0.3860912 0.9224606 0 0.3860912 0.9224606 -0 0.3312764 0.9435338 -0 0.3312764 0.9435338 -0 0.2753268 0.9613507 0 0.2753268 0.9613507 -0 0.2184316 0.9758523 -0 0.2184316 0.9758523 -0 0.1607786 0.9869905 0 0.1607786 0.9869905 -0 0.1025836 0.9947244 -0 0.1025836 0.9947244 -0 0.04402766 0.9990304 0 0.04402766 0.9990304 -0 -0.0146762 0.9998923 0 -0.0146762 0.9998923 0 -0.07334374 0.9973067 0 -0.07334374 0.9973067 0 -0.1317356 0.9912849 0 -0.1317356 0.9912849 0 -0.1896808 0.9818457 0 -0.1896808 0.9818457 0 -0.2470115 0.9690126 0 -0.2470115 0.9690126 0 -0.303415 0.9528585 0 -0.303415 0.9528585 0 -0.3588433 0.9333977 0 -0.3588433 0.9333977 0 -0.4129533 0.9107522 0 -0.4129533 0.9107522 0 -0.465737 0.8849232 0 -0.465737 0.8849232 0 -0.5168543 0.8560734 0 -0.5168543 0.8560734 0 -0.5662012 0.8242671 0 -0.5662012 0.8242671 0 -0.6135728 0.7896382 0 -0.6135728 0.7896382 0 -0.6588995 0.7522309 0 -0.6588995 0.7522309 0 -0.701909 0.7122666 0 -0.701909 0.7122666 0 -0.7424803 0.6698679 0 -0.7424803 0.6698679 0 -0.7805256 0.6251237 0 -0.7805256 0.6251237 0 -0.8158584 0.5782517 0 -0.8158584 0.5782517 0 -0.8484167 0.5293288 0 -0.8484167 0.5293288 0 -0.8779715 0.4787129 0 -0.8779715 0.4787129 0 -0.9045812 0.4263013 0 -0.9280385 0.3724843 0 -0.9045812 0.4263013 0 -0.9483004 0.3173741 0 -0.9280385 0.3724843 0 -0.9652885 0.2611862 0 -0.9483004 0.3173741 0 -0.9652885 0.2611862 0 -0.9789534 0.204084 0 -0.9892506 0.1462301 0 -0.9789534 0.204084 0 -0.9892506 0.1462301 0 -0.9961224 0.08797858 0 -0.9961224 0.08797858 0 -0.9995691 0.02935188 0 -0.9995691 0.02935188 0 -0.999569 -0.02935665 0 -0.9961234 -0.08796673 0 -0.999569 -0.02935665 0 -0.9892432 -0.1462803 0 -0.9961234 -0.08796673 0 -0.9789548 -0.2040771 0 -0.9892432 -0.1462803 0 -0.96529 -0.2611807 0 -0.9789548 -0.2040771 0 -0.9482965 -0.3173859 0 -0.96529 -0.2611807 0 -0.928036 -0.3724904 0 -0.9482965 -0.3173859 0 -0.9045743 -0.426316 0 -0.928036 -0.3724904 0 -0.8779991 -0.4786623 0 -0.9045743 -0.426316 0 -0.8484012 -0.5293538 0 -0.8779991 -0.4786623 0 -0.8158619 -0.5782469 0 -0.8484012 -0.5293538 0 -0.7805158 -0.6251361 0 -0.8158619 -0.5782469 0 -0.7425011 -0.6698449 0 -0.7805158 -0.6251361 0 -0.7018934 -0.7122819 0 -0.7425011 -0.6698449 0 -0.6588895 -0.7522397 0 -0.7018934 -0.7122819 0 -0.6136035 -0.7896143 0 -0.6588895 -0.7522397 0 -0.5661836 -0.8242792 0 -0.6136035 -0.7896143 0 -0.516867 -0.8560657 0 -0.5661836 -0.8242792 0 -0.465732 -0.8849258 0 -0.516867 -0.8560657 0 -0.4129598 -0.9107492 0 -0.465732 -0.8849258 0 -0.3588351 -0.933401 0 -0.4129598 -0.9107492 0 -0.3588351 -0.933401 0 -0.3034201 -0.952857 0 -0.3034201 -0.952857 0 -0.2470069 -0.9690138 0 -0.2470069 -0.9690138 0 -0.1896803 -0.9818459 0 -0.1896803 -0.9818459 0 -0.1317403 -0.9912843 0 -0.1317403 -0.9912843 0 -0.07334191 -0.9973068 0 -0.07334191 -0.9973068 0 -0.01467603 -0.9998923 0 -0.01467603 -0.9998923 0 0.0440281 -0.9990303 0 0.1025794 -0.9947248 0 0.0440281 -0.9990303 0 0.1607865 -0.9869892 0 0.1025794 -0.9947248 0 0.1607865 -0.9869892 0 0.2184211 -0.9758546 0 0.2184211 -0.9758546 0 0.2753281 -0.9613504 0 0.3312795 -0.9435326 0 0.2753281 -0.9613504 0 0.3860846 -0.9224634 0 0.3312795 -0.9435326 0 0.4395218 -0.898232 0 0.3860846 -0.9224634 0 0.4914958 -0.8708799 0 0.4395218 -0.898232 0 0.4914958 -0.8708799 0 0.5417822 -0.8405189 0 0.5417822 -0.8405189 0 0.5901442 -0.8072978 0 0.5901442 -0.8072978 0 0.6365284 -0.7712533 0 0.6365284 -0.7712533 0 0.6806809 -0.7325799 0 0.6806809 -0.7325799 0 0.7224973 -0.6913737 0 0.7224973 -0.6913737 0 0.7618425 -0.6477623 0 0.7618425 -0.6477623 0 0.7985398 -0.6019421 0 0.7985398 -0.6019421 0 0.8324865 -0.5540454 0 0.8635648 -0.5042378 0 0.8324865 -0.5540454 0 0.8635648 -0.5042378 0 0.8916745 -0.4526771 0 0.8916745 -0.4526771 0 0.9167042 -0.3995664 0 0.9167042 -0.3995664 0 0.9385681 -0.3450942 0 0.9385681 -0.3450942 0 0.9572082 -0.2893999 0 0.9572082 -0.2893999 0 0.9725395 -0.2327379 0 0.9725395 -0.2327379 0 0.9845243 -0.1752481 0 0.9845243 -0.1752481 0 0.9931111 -0.1171769 0 0.9931111 -0.1171769 0 0.9982764 -0.05868744 0 0.9982764 -0.05868744 0 1 0 0 1 0 0 0.9982764 0.05868744 0 0.9982764 0.05868744 -0 0.9931111 0.1171769 0 0.9931111 0.1171769 -0 0.9845243 0.1752481 0 0.9845243 0.1752481 -0 0.9725395 0.2327379 -0 0.9725395 0.2327379 -0 0.9572082 0.2893999 0 0.9572082 0.2893999 -0 0.9385681 0.3450942 0 0.9385681 0.3450942 -0 0.9167042 0.3995664 -0 0.9167042 0.3995664 0 0.8916745 0.4526771 -0 0.8635648 0.5042378 -0 0.8916745 0.4526771 0 0.8635648 0.5042378 -0 0.8324865 0.5540454 -0 0.7985398 0.6019421 -0 0.8324865 0.5540454 0 0.7985398 0.6019421 -0 0.7618425 0.6477623 -0 0.7224973 0.6913737 -0 0.7618425 0.6477623 0 0.7224973 0.6913737 -0 0.6806809 0.7325799 -0 0.6365284 0.7712533 -0 0.6806809 0.7325799 0 0.6365284 0.7712533 -0 0.5901442 0.8072978 -0 0.5417822 0.8405189 -0 0.5901442 0.8072978 0 0.5417822 0.8405189 -0 0.4914958 0.8708799 0 0.4914958 0.8708799 -0 0.4395218 0.898232 0 0.4395218 0.898232 -0 0.3860846 0.9224634 0 0.3860846 0.9224634 -0 0.3312795 0.9435326 -0 0.3312795 0.9435326 -0 0.2753281 0.9613504 0 0.2753281 0.9613504 -0 0.2184211 0.9758546 -0 0.2184211 0.9758546 -0 0.1607865 0.9869892 0 0.1607865 0.9869892 -0 0.1025794 0.9947248 -0 0.1025794 0.9947248 -0 0.0440281 0.9990303 0 0.0440281 0.9990303 -0 -0.01467603 0.9998923 0 -0.01467603 0.9998923 0 -0.07334191 0.9973068 0 -0.07334191 0.9973068 0 -0.1317403 0.9912843 0 -0.1317403 0.9912843 0 -0.1896803 0.9818459 0 -0.1896803 0.9818459 0 -0.2470069 0.9690138 0 -0.2470069 0.9690138 0 -0.3034201 0.952857 0 -0.3034201 0.952857 0 -0.3588351 0.933401 0 -0.3588351 0.933401 0 -0.4129598 0.9107492 0 -0.4129598 0.9107492 0 -0.465732 0.8849258 0 -0.465732 0.8849258 0 -0.516867 0.8560657 0 -0.516867 0.8560657 0 -0.5661836 0.8242792 0 -0.5661836 0.8242792 0 -0.6136035 0.7896143 0 -0.6136035 0.7896143 0 -0.6588895 0.7522397 0 -0.6588895 0.7522397 0 -0.7018934 0.7122819 0 -0.7018934 0.7122819 0 -0.7425011 0.6698449 0 -0.7425011 0.6698449 0 -0.7805158 0.6251361 0 -0.7805158 0.6251361 0 -0.8158619 0.5782469 0 -0.8158619 0.5782469 0 -0.8484012 0.5293538 0 -0.8484012 0.5293538 0 -0.8779991 0.4786623 0 -0.8779991 0.4786623 0 -0.9045743 0.426316 0 -0.928036 0.3724904 0 -0.9045743 0.426316 0 -0.9482965 0.3173859 0 -0.928036 0.3724904 0 -0.96529 0.2611807 0 -0.9482965 0.3173859 0 -0.96529 0.2611807 0 -0.9789548 0.2040771 0 -0.9892432 0.1462803 0 -0.9789548 0.2040771 0 -0.9892432 0.1462803 0 -0.9961234 0.08796673 0 -0.9961234 0.08796673 0 -0.999569 0.02935665 0 -0.999569 0.02935665 0 -0.9995691 -0.02935188 0 -0.9961224 -0.08797858 0 -0.9995691 -0.02935188 0 -0.9892506 -0.1462301 0 -0.9961224 -0.08797858 0 -0.9789534 -0.204084 0 -0.9892506 -0.1462301 0 -0.9652885 -0.2611862 0 -0.9789534 -0.204084 0 -0.9483004 -0.3173741 0 -0.9652885 -0.2611862 0 -0.9280385 -0.3724843 0 -0.9483004 -0.3173741 0 -0.9045812 -0.4263013 0 -0.9280385 -0.3724843 0 -0.8779715 -0.4787129 0 -0.9045812 -0.4263013 0 -0.8484167 -0.5293288 0 -0.8779715 -0.4787129 0 -0.8158584 -0.5782517 0 -0.8484167 -0.5293288 0 -0.7805256 -0.6251237 0 -0.8158584 -0.5782517 0 -0.7424803 -0.6698679 0 -0.7805256 -0.6251237 0 -0.701909 -0.7122666 0 -0.7424803 -0.6698679 0 -0.6588995 -0.7522309 0 -0.701909 -0.7122666 0 -0.6135728 -0.7896382 0 -0.6588995 -0.7522309 0 -0.5662012 -0.8242671 0 -0.6135728 -0.7896382 0 -0.5168543 -0.8560734 0 -0.5662012 -0.8242671 0 -0.465737 -0.8849232 0 -0.5168543 -0.8560734 0 -0.4129533 -0.9107522 0 -0.465737 -0.8849232 0 -0.3588433 -0.9333977 0 -0.4129533 -0.9107522 0 -0.3588433 -0.9333977 0 -0.303415 -0.9528585 0 -0.303415 -0.9528585 0 -0.2470115 -0.9690126 0 -0.2470115 -0.9690126 0 -0.1896808 -0.9818457 0 -0.1896808 -0.9818457 0 -0.1317356 -0.9912849 0 -0.1317356 -0.9912849 0 -0.07334374 -0.9973067 0 -0.07334374 -0.9973067 0 -0.0146762 -0.9998923 0 -0.0146762 -0.9998923 0 0.04402766 -0.9990304 0 0.1025836 -0.9947244 0 0.04402766 -0.9990304 0 0.1607786 -0.9869905 0 0.1025836 -0.9947244 0 0.1607786 -0.9869905 0 0.2184316 -0.9758523 0 0.2184316 -0.9758523 0 0.2753268 -0.9613507 0 0.3312764 -0.9435338 0 0.2753268 -0.9613507 0 0.3860912 -0.9224606 0 0.3312764 -0.9435338 0 0.4395227 -0.8982315 0 0.3860912 -0.9224606 0 0.4914728 -0.8708929 0 0.4395227 -0.8982315 0 0.4914728 -0.8708929 0 0.5417926 -0.8405123 0 0.5417926 -0.8405123 0 0.5901584 -0.8072875 0 0.5901584 -0.8072875 0 0.6364932 -0.7712823 0 0.6364932 -0.7712823 0 0.6807178 -0.7325457 0 0.6807178 -0.7325457 0 0.7224908 -0.6913806 0 0.7224908 -0.6913806 0 0.7618243 -0.6477837 0 0.7618243 -0.6477837 0 0.7985392 -0.6019428 0 0.7985392 -0.6019428 0 0.8324969 -0.5540297 0 0.8635528 -0.5042583 0 0.8324969 -0.5540297 0 0.8635528 -0.5042583 0 0.8916817 -0.4526629 0 0.8916817 -0.4526629 0 0.9167161 -0.3995393 0 0.9167161 -0.3995393 0 0.9385577 -0.3451226 0 0.9385577 -0.3451226 0 0.9572119 -0.2893879 0 0.9572119 -0.2893879 0 0.9725348 -0.2327571 0 0.9725348 -0.2327571 0 0.9845212 -0.1752655 0 0.9845212 -0.1752655 0 0.9931104 -0.1171827 0 0.9931104 -0.1171827 0 0.9982799 -0.05862793 0 0.9982799 -0.05862793 0 1 0 0 1 0 0 0.9982799 0.05862793 0 0.9982799 0.05862793 -0 0.9931104 0.1171827 0 0.9931104 0.1171827 -0 0.9845212 0.1752655 0 0.9845212 0.1752655 -0 0.9725348 0.2327571 -0 0.9725348 0.2327571 -0 0.9572119 0.2893879 0 0.9572119 0.2893879 -0 0.9385577 0.3451226 0 0.9385577 0.3451226 -0 0.9167161 0.3995393 -0 0.9167161 0.3995393 0 0.8916817 0.4526629 -0 0.8635528 0.5042583 -0 0.8916817 0.4526629 0 0.8635528 0.5042583 -0 0.8324969 0.5540297 -0 0.7985392 0.6019428 -0 0.8324969 0.5540297 0 0.7985392 0.6019428 -0 0.7618243 0.6477837 -0 0.7224908 0.6913806 -0 0.7618243 0.6477837 0 0.7224908 0.6913806 -0 0.6807178 0.7325457 -0 0.6364932 0.7712823 -0 0.6807178 0.7325457 0 0.6364932 0.7712823 -0 0.5901584 0.8072875 -0 0.5417926 0.8405123 -0 0.5901584 0.8072875 0 0.5417926 0.8405123 -0 0.4914728 0.8708929 0 0.4914728 0.8708929 -0 0.4395227 0.8982315 0 0.4395227 0.8982315 -0 0.3860912 0.9224606 0 0.3860912 0.9224606 -0 0.3312764 0.9435338 -0 0.3312764 0.9435338 -0 0.2753268 0.9613507 0 0.2753268 0.9613507 -0 0.2184316 0.9758523 -0 0.2184316 0.9758523 -0 0.1607786 0.9869905 0 0.1607786 0.9869905 -0 0.1025836 0.9947244 -0 0.1025836 0.9947244 -0 0.04402766 0.9990304 0 0.04402766 0.9990304 -0 -0.0146762 0.9998923 0 -0.0146762 0.9998923 0 -0.07334374 0.9973067 0 -0.07334374 0.9973067 0 -0.1317356 0.9912849 0 -0.1317356 0.9912849 0 -0.1896808 0.9818457 0 -0.1896808 0.9818457 0 -0.2470115 0.9690126 0 -0.2470115 0.9690126 0 -0.303415 0.9528585 0 -0.303415 0.9528585 0 -0.3588433 0.9333977 0 -0.3588433 0.9333977 0 -0.4129533 0.9107522 0 -0.4129533 0.9107522 0 -0.465737 0.8849232 0 -0.465737 0.8849232 0 -0.5168543 0.8560734 0 -0.5168543 0.8560734 0 -0.5662012 0.8242671 0 -0.5662012 0.8242671 0 -0.6135728 0.7896382 0 -0.6135728 0.7896382 0 -0.6588995 0.7522309 0 -0.6588995 0.7522309 0 -0.701909 0.7122666 0 -0.701909 0.7122666 0 -0.7424803 0.6698679 0 -0.7424803 0.6698679 0 -0.7805256 0.6251237 0 -0.7805256 0.6251237 0 -0.8158584 0.5782517 0 -0.8158584 0.5782517 0 -0.8484167 0.5293288 0 -0.8484167 0.5293288 0 -0.8779715 0.4787129 0 -0.8779715 0.4787129 0 -0.9045812 0.4263013 0 -0.9280385 0.3724843 0 -0.9045812 0.4263013 0 -0.9483004 0.3173741 0 -0.9280385 0.3724843 0 -0.9652885 0.2611862 0 -0.9483004 0.3173741 0 -0.9652885 0.2611862 0 -0.9789534 0.204084 0 -0.9892506 0.1462301 0 -0.9789534 0.204084 0 -0.9892506 0.1462301 0 -0.9961224 0.08797858 0 -0.9961224 0.08797858 0 -0.9995691 0.02935188 0 -0.9995691 0.02935188 0 -0.9995691 -0.02935207 0 -0.9961223 -0.08797968 0 -0.9995691 -0.02935207 0 -0.9892512 -0.1462264 0 -0.9961223 -0.08797968 0 -0.9789525 -0.2040883 0 -0.9892512 -0.1462264 0 -0.9652882 -0.2611871 0 -0.9789525 -0.2040883 0 -0.9483016 -0.3173706 0 -0.9652882 -0.2611871 0 -0.9280395 -0.3724818 0 -0.9483016 -0.3173706 0 -0.9045838 -0.426296 0 -0.9280395 -0.3724818 0 -0.8779709 -0.4787142 0 -0.9045838 -0.426296 0 -0.8484094 -0.5293407 0 -0.8779709 -0.4787142 0 -0.8158606 -0.5782486 0 -0.8484094 -0.5293407 0 -0.7805322 -0.6251156 0 -0.8158606 -0.5782486 0 -0.742469 -0.6698804 0 -0.7805322 -0.6251156 0 -0.7019132 -0.7122625 0 -0.742469 -0.6698804 0 -0.6588955 -0.7522345 0 -0.7019132 -0.7122625 0 -0.6135728 -0.7896382 0 -0.6588955 -0.7522345 0 -0.5662214 -0.8242532 0 -0.6135728 -0.7896382 0 -0.5168421 -0.8560808 0 -0.5662214 -0.8242532 0 -0.4657277 -0.8849282 0 -0.5168421 -0.8560808 0 -0.4129791 -0.9107405 0 -0.4657277 -0.8849282 0 -0.3588329 -0.9334018 0 -0.4129791 -0.9107405 0 -0.3588329 -0.9334018 0 -0.3034215 -0.9528564 0 -0.3034215 -0.9528564 0 -0.2469879 -0.9690185 0 -0.2469879 -0.9690185 0 -0.1896889 -0.9818442 0 -0.1896889 -0.9818442 0 -0.1317345 -0.9912851 0 -0.1317345 -0.9912851 0 -0.0733378 -0.9973071 0 -0.0733378 -0.9973071 0 -0.01467978 -0.9998923 0 -0.01467978 -0.9998923 0 0.04402646 -0.9990304 0 0.1025859 -0.9947242 0 0.04402646 -0.9990304 0 0.1607751 -0.9869911 0 0.1025859 -0.9947242 0 0.1607751 -0.9869911 0 0.2184396 -0.9758505 0 0.2184396 -0.9758505 0 0.2753224 -0.961352 0 0.3312657 -0.9435375 0 0.2753224 -0.961352 0 0.386078 -0.9224662 0 0.3312657 -0.9435375 0 0.4395448 -0.8982206 0 0.386078 -0.9224662 0 0.4914774 -0.8708904 0 0.4395448 -0.8982206 0 0.4914774 -0.8708904 0 0.5417731 -0.8405248 0 0.5417731 -0.8405248 0 0.5901724 -0.8072772 0 0.5901724 -0.8072772 0 0.636484 -0.7712899 0 0.636484 -0.7712899 0 0.6807217 -0.7325421 0 0.6807217 -0.7325421 0 0.7224982 -0.6913729 0 0.7224982 -0.6913729 0 0.7618163 -0.6477932 0 0.7618163 -0.6477932 0 0.7985364 -0.6019465 0 0.7985364 -0.6019465 0 0.8324986 -0.5540272 0 0.8635563 -0.5042523 0 0.8324986 -0.5540272 0 0.8635563 -0.5042523 0 0.8916793 -0.4526677 0 0.8916793 -0.4526677 0 0.9167137 -0.3995448 0 0.9167137 -0.3995448 0 0.9385614 -0.3451123 0 0.9385614 -0.3451123 0 0.9572101 -0.2893942 0 0.9572101 -0.2893942 0 0.9725361 -0.2327516 0 0.9725361 -0.2327516 0 0.9845202 -0.175271 0 0.9845202 -0.175271 0 0.9931108 -0.1171789 0 0.9931108 -0.1171789 0 0.9982799 -0.05862791 0 0.9982799 -0.05862791 0 1 0 0 1 0 0 0.9982799 0.05862791 0 0.9982799 0.05862791 -0 0.9931108 0.1171789 0 0.9931108 0.1171789 -0 0.9845202 0.175271 0 0.9845202 0.175271 -0 0.9725361 0.2327516 -0 0.9725361 0.2327516 -0 0.9572101 0.2893942 0 0.9572101 0.2893942 -0 0.9385614 0.3451123 0 0.9385614 0.3451123 -0 0.9167137 0.3995448 -0 0.9167137 0.3995448 0 0.8916793 0.4526677 -0 0.8635563 0.5042523 -0 0.8916793 0.4526677 0 0.8635563 0.5042523 -0 0.8324986 0.5540272 -0 0.7985364 0.6019465 -0 0.8324986 0.5540272 0 0.7985364 0.6019465 -0 0.7618163 0.6477932 -0 0.7224982 0.6913729 -0 0.7618163 0.6477932 0 0.7224982 0.6913729 -0 0.6807217 0.7325421 -0 0.636484 0.7712899 -0 0.6807217 0.7325421 0 0.636484 0.7712899 -0 0.5901724 0.8072772 -0 0.5417731 0.8405248 -0 0.5901724 0.8072772 0 0.5417731 0.8405248 -0 0.4914774 0.8708904 0 0.4914774 0.8708904 -0 0.4395448 0.8982206 0 0.4395448 0.8982206 -0 0.386078 0.9224662 0 0.386078 0.9224662 -0 0.3312657 0.9435375 -0 0.3312657 0.9435375 -0 0.2753224 0.961352 0 0.2753224 0.961352 -0 0.2184396 0.9758505 -0 0.2184396 0.9758505 -0 0.1607751 0.9869911 0 0.1607751 0.9869911 -0 0.1025859 0.9947242 -0 0.1025859 0.9947242 -0 0.04402646 0.9990304 0 0.04402646 0.9990304 -0 -0.01467978 0.9998923 0 -0.01467978 0.9998923 0 -0.0733378 0.9973071 0 -0.0733378 0.9973071 0 -0.1317345 0.9912851 0 -0.1317345 0.9912851 0 -0.1896889 0.9818442 0 -0.1896889 0.9818442 0 -0.2469879 0.9690185 0 -0.2469879 0.9690185 0 -0.3034215 0.9528564 0 -0.3034215 0.9528564 0 -0.3588329 0.9334018 0 -0.3588329 0.9334018 0 -0.4129791 0.9107405 0 -0.4129791 0.9107405 0 -0.4657277 0.8849282 0 -0.4657277 0.8849282 0 -0.5168421 0.8560808 0 -0.5168421 0.8560808 0 -0.5662214 0.8242532 0 -0.5662214 0.8242532 0 -0.6135728 0.7896382 0 -0.6135728 0.7896382 0 -0.6588955 0.7522345 0 -0.6588955 0.7522345 0 -0.7019132 0.7122625 0 -0.7019132 0.7122625 0 -0.742469 0.6698804 0 -0.742469 0.6698804 0 -0.7805322 0.6251156 0 -0.7805322 0.6251156 0 -0.8158606 0.5782486 0 -0.8158606 0.5782486 0 -0.8484094 0.5293407 0 -0.8484094 0.5293407 0 -0.8779709 0.4787142 0 -0.8779709 0.4787142 0 -0.9045838 0.426296 0 -0.9280395 0.3724818 0 -0.9045838 0.426296 0 -0.9483016 0.3173706 0 -0.9280395 0.3724818 0 -0.9652882 0.2611871 0 -0.9483016 0.3173706 0 -0.9652882 0.2611871 0 -0.9789525 0.2040883 0 -0.9892512 0.1462264 0 -0.9789525 0.2040883 0 -0.9892512 0.1462264 0 -0.9961223 0.08797968 0 -0.9961223 0.08797968 0 -0.9995691 0.02935207 0 -0.9995691 0.02935207 0 -0.9995691 -0.02935188 0 -0.9961224 -0.08797858 0 -0.9995691 -0.02935188 0 -0.9892506 -0.1462301 0 -0.9961224 -0.08797858 0 -0.9789534 -0.204084 0 -0.9892506 -0.1462301 0 -0.9652885 -0.2611862 0 -0.9789534 -0.204084 0 -0.9483004 -0.3173741 0 -0.9652885 -0.2611862 0 -0.9280385 -0.3724843 0 -0.9483004 -0.3173741 0 -0.9045812 -0.4263013 0 -0.9280385 -0.3724843 0 -0.8779715 -0.4787129 0 -0.9045812 -0.4263013 0 -0.8484167 -0.5293288 0 -0.8779715 -0.4787129 0 -0.8158584 -0.5782517 0 -0.8484167 -0.5293288 0 -0.7805256 -0.6251237 0 -0.8158584 -0.5782517 0 -0.7424803 -0.6698679 0 -0.7805256 -0.6251237 0 -0.701909 -0.7122666 0 -0.7424803 -0.6698679 0 -0.6588995 -0.7522309 0 -0.701909 -0.7122666 0 -0.6135728 -0.7896382 0 -0.6588995 -0.7522309 0 -0.5662012 -0.8242671 0 -0.6135728 -0.7896382 0 -0.5168543 -0.8560734 0 -0.5662012 -0.8242671 0 -0.465737 -0.8849232 0 -0.5168543 -0.8560734 0 -0.4129533 -0.9107522 0 -0.465737 -0.8849232 0 -0.3588433 -0.9333977 0 -0.4129533 -0.9107522 0 -0.3588433 -0.9333977 0 -0.303415 -0.9528585 0 -0.303415 -0.9528585 0 -0.2470115 -0.9690126 0 -0.2470115 -0.9690126 0 -0.1896808 -0.9818457 0 -0.1896808 -0.9818457 0 -0.1317356 -0.9912849 0 -0.1317356 -0.9912849 0 -0.07334374 -0.9973067 0 -0.07334374 -0.9973067 0 -0.0146762 -0.9998923 0 -0.0146762 -0.9998923 0 0.04402766 -0.9990304 0 0.1025836 -0.9947244 0 0.04402766 -0.9990304 0 0.1607786 -0.9869905 0 0.1025836 -0.9947244 0 0.1607786 -0.9869905 0 0.2184316 -0.9758523 0 0.2184316 -0.9758523 0 0.2753268 -0.9613507 0 0.3312764 -0.9435338 0 0.2753268 -0.9613507 0 0.3860912 -0.9224606 0 0.3312764 -0.9435338 0 0.4395227 -0.8982315 0 0.3860912 -0.9224606 0 0.4914728 -0.8708929 0 0.4395227 -0.8982315 0 0.4914728 -0.8708929 0 0.5417926 -0.8405123 0 0.5417926 -0.8405123 0 0.5901584 -0.8072875 0 0.5901584 -0.8072875 0 0.6364932 -0.7712823 0 0.6364932 -0.7712823 0 0.6807178 -0.7325457 0 0.6807178 -0.7325457 0 0.7224908 -0.6913806 0 0.7224908 -0.6913806 0 0.7618243 -0.6477837 0 0.7618243 -0.6477837 0 0.7985392 -0.6019428 0 0.7985392 -0.6019428 0 0.8324969 -0.5540297 0 0.8635528 -0.5042583 0 0.8324969 -0.5540297 0 0.8635528 -0.5042583 0 0.8916817 -0.4526629 0 0.8916817 -0.4526629 0 0.9167161 -0.3995393 0 0.9167161 -0.3995393 0 0.9385577 -0.3451226 0 0.9385577 -0.3451226 0 0.9572119 -0.2893879 0 0.9572119 -0.2893879 0 0.9725348 -0.2327571 0 0.9725348 -0.2327571 0 0.9845212 -0.1752655 0 0.9845212 -0.1752655 0 0.9931104 -0.1171827 0 0.9931104 -0.1171827 0 0.9982799 -0.05862793 0 0.9982799 -0.05862793 0 1 0 0 1 0 0 0.9982799 0.05862793 0 0.9982799 0.05862793 -0 0.9931104 0.1171827 0 0.9931104 0.1171827 -0 0.9845212 0.1752655 0 0.9845212 0.1752655 -0 0.9725348 0.2327571 -0 0.9725348 0.2327571 -0 0.9572119 0.2893879 0 0.9572119 0.2893879 -0 0.9385577 0.3451226 0 0.9385577 0.3451226 -0 0.9167161 0.3995393 -0 0.9167161 0.3995393 0 0.8916817 0.4526629 -0 0.8635528 0.5042583 -0 0.8916817 0.4526629 0 0.8635528 0.5042583 -0 0.8324969 0.5540297 -0 0.7985392 0.6019428 -0 0.8324969 0.5540297 0 0.7985392 0.6019428 -0 0.7618243 0.6477837 -0 0.7224908 0.6913806 -0 0.7618243 0.6477837 0 0.7224908 0.6913806 -0 0.6807178 0.7325457 -0 0.6364932 0.7712823 -0 0.6807178 0.7325457 0 0.6364932 0.7712823 -0 0.5901584 0.8072875 -0 0.5417926 0.8405123 -0 0.5901584 0.8072875 0 0.5417926 0.8405123 -0 0.4914728 0.8708929 0 0.4914728 0.8708929 -0 0.4395227 0.8982315 0 0.4395227 0.8982315 -0 0.3860912 0.9224606 0 0.3860912 0.9224606 -0 0.3312764 0.9435338 -0 0.3312764 0.9435338 -0 0.2753268 0.9613507 0 0.2753268 0.9613507 -0 0.2184316 0.9758523 -0 0.2184316 0.9758523 -0 0.1607786 0.9869905 0 0.1607786 0.9869905 -0 0.1025836 0.9947244 -0 0.1025836 0.9947244 -0 0.04402766 0.9990304 0 0.04402766 0.9990304 -0 -0.0146762 0.9998923 0 -0.0146762 0.9998923 0 -0.07334374 0.9973067 0 -0.07334374 0.9973067 0 -0.1317356 0.9912849 0 -0.1317356 0.9912849 0 -0.1896808 0.9818457 0 -0.1896808 0.9818457 0 -0.2470115 0.9690126 0 -0.2470115 0.9690126 0 -0.303415 0.9528585 0 -0.303415 0.9528585 0 -0.3588433 0.9333977 0 -0.3588433 0.9333977 0 -0.4129533 0.9107522 0 -0.4129533 0.9107522 0 -0.465737 0.8849232 0 -0.465737 0.8849232 0 -0.5168543 0.8560734 0 -0.5168543 0.8560734 0 -0.5662012 0.8242671 0 -0.5662012 0.8242671 0 -0.6135728 0.7896382 0 -0.6135728 0.7896382 0 -0.6588995 0.7522309 0 -0.6588995 0.7522309 0 -0.701909 0.7122666 0 -0.701909 0.7122666 0 -0.7424803 0.6698679 0 -0.7424803 0.6698679 0 -0.7805256 0.6251237 0 -0.7805256 0.6251237 0 -0.8158584 0.5782517 0 -0.8158584 0.5782517 0 -0.8484167 0.5293288 0 -0.8484167 0.5293288 0 -0.8779715 0.4787129 0 -0.8779715 0.4787129 0 -0.9045812 0.4263013 0 -0.9280385 0.3724843 0 -0.9045812 0.4263013 0 -0.9483004 0.3173741 0 -0.9280385 0.3724843 0 -0.9652885 0.2611862 0 -0.9483004 0.3173741 0 -0.9652885 0.2611862 0 -0.9789534 0.204084 0 -0.9892506 0.1462301 0 -0.9789534 0.204084 0 -0.9892506 0.1462301 0 -0.9961224 0.08797858 0 -0.9961224 0.08797858 0 -0.9995691 0.02935188 0 -0.9995691 0.02935188 0 -0.9995691 -0.02935207 0 -0.9961223 -0.08797968 0 -0.9995691 -0.02935207 0 -0.9892512 -0.1462264 0 -0.9961223 -0.08797968 0 -0.9789525 -0.2040883 0 -0.9892512 -0.1462264 0 -0.9652882 -0.2611871 0 -0.9789525 -0.2040883 0 -0.9483016 -0.3173706 0 -0.9652882 -0.2611871 0 -0.9280395 -0.3724818 0 -0.9483016 -0.3173706 0 -0.9045838 -0.426296 0 -0.9280395 -0.3724818 0 -0.8779709 -0.4787142 0 -0.9045838 -0.426296 0 -0.8484094 -0.5293407 0 -0.8779709 -0.4787142 0 -0.8158606 -0.5782486 0 -0.8484094 -0.5293407 0 -0.7805322 -0.6251156 0 -0.8158606 -0.5782486 0 -0.742469 -0.6698804 0 -0.7805322 -0.6251156 0 -0.7019132 -0.7122625 0 -0.742469 -0.6698804 0 -0.6588955 -0.7522345 0 -0.7019132 -0.7122625 0 -0.6135728 -0.7896382 0 -0.6588955 -0.7522345 0 -0.5662214 -0.8242532 0 -0.6135728 -0.7896382 0 -0.5168421 -0.8560808 0 -0.5662214 -0.8242532 0 -0.4657277 -0.8849282 0 -0.5168421 -0.8560808 0 -0.4129791 -0.9107405 0 -0.4657277 -0.8849282 0 -0.3588329 -0.9334018 0 -0.4129791 -0.9107405 0 -0.3588329 -0.9334018 0 -0.3034215 -0.9528564 0 -0.3034215 -0.9528564 0 -0.2469879 -0.9690185 0 -0.2469879 -0.9690185 0 -0.1896889 -0.9818442 0 -0.1896889 -0.9818442 0 -0.1317345 -0.9912851 0 -0.1317345 -0.9912851 0 -0.0733378 -0.9973071 0 -0.0733378 -0.9973071 0 -0.01467978 -0.9998923 0 -0.01467978 -0.9998923 0 0.04402646 -0.9990304 0 0.1025859 -0.9947242 0 0.04402646 -0.9990304 0 0.1607751 -0.9869911 0 0.1025859 -0.9947242 0 0.1607751 -0.9869911 0 0.2184396 -0.9758505 0 0.2184396 -0.9758505 0 0.2753224 -0.961352 0 0.3312657 -0.9435375 0 0.2753224 -0.961352 0 0.386078 -0.9224662 0 0.3312657 -0.9435375 0 0.4395448 -0.8982206 0 0.386078 -0.9224662 0 0.4914774 -0.8708904 0 0.4395448 -0.8982206 0 0.4914774 -0.8708904 0 0.5417731 -0.8405248 0 0.5417731 -0.8405248 0 0.5901724 -0.8072772 0 0.5901724 -0.8072772 0 0.636484 -0.7712899 0 0.636484 -0.7712899 0 0.6807217 -0.7325421 0 0.6807217 -0.7325421 0 0.7224982 -0.6913729 0 0.7224982 -0.6913729 0 0.7618163 -0.6477932 0 0.7618163 -0.6477932 0 0.7985364 -0.6019465 0 0.7985364 -0.6019465 0 0.8324986 -0.5540272 0 0.8635563 -0.5042523 0 0.8324986 -0.5540272 0 0.8635563 -0.5042523 0 0.8916793 -0.4526677 0 0.8916793 -0.4526677 0 0.9167137 -0.3995448 0 0.9167137 -0.3995448 0 0.9385614 -0.3451123 0 0.9385614 -0.3451123 0 0.9572101 -0.2893942 0 0.9572101 -0.2893942 0 0.9725361 -0.2327516 0 0.9725361 -0.2327516 0 0.9845202 -0.175271 0 0.9845202 -0.175271 0 0.9931108 -0.1171789 0 0.9931108 -0.1171789 0 0.9982799 -0.05862791 0 0.9982799 -0.05862791 0 1 0 0 1 0 0 0.9982799 0.05862791 0 0.9982799 0.05862791 -0 0.9931108 0.1171789 0 0.9931108 0.1171789 -0 0.9845202 0.175271 0 0.9845202 0.175271 -0 0.9725361 0.2327516 -0 0.9725361 0.2327516 -0 0.9572101 0.2893942 0 0.9572101 0.2893942 -0 0.9385614 0.3451123 0 0.9385614 0.3451123 -0 0.9167137 0.3995448 -0 0.9167137 0.3995448 0 0.8916793 0.4526677 -0 0.8635563 0.5042523 -0 0.8916793 0.4526677 0 0.8635563 0.5042523 -0 0.8324986 0.5540272 -0 0.7985364 0.6019465 -0 0.8324986 0.5540272 0 0.7985364 0.6019465 -0 0.7618163 0.6477932 -0 0.7224982 0.6913729 -0 0.7618163 0.6477932 0 0.7224982 0.6913729 -0 0.6807217 0.7325421 -0 0.636484 0.7712899 -0 0.6807217 0.7325421 0 0.636484 0.7712899 -0 0.5901724 0.8072772 -0 0.5417731 0.8405248 -0 0.5901724 0.8072772 0 0.5417731 0.8405248 -0 0.4914774 0.8708904 0 0.4914774 0.8708904 -0 0.4395448 0.8982206 0 0.4395448 0.8982206 -0 0.386078 0.9224662 0 0.386078 0.9224662 -0 0.3312657 0.9435375 -0 0.3312657 0.9435375 -0 0.2753224 0.961352 0 0.2753224 0.961352 -0 0.2184396 0.9758505 -0 0.2184396 0.9758505 -0 0.1607751 0.9869911 0 0.1607751 0.9869911 -0 0.1025859 0.9947242 -0 0.1025859 0.9947242 -0 0.04402646 0.9990304 0 0.04402646 0.9990304 -0 -0.01467978 0.9998923 0 -0.01467978 0.9998923 0 -0.0733378 0.9973071 0 -0.0733378 0.9973071 0 -0.1317345 0.9912851 0 -0.1317345 0.9912851 0 -0.1896889 0.9818442 0 -0.1896889 0.9818442 0 -0.2469879 0.9690185 0 -0.2469879 0.9690185 0 -0.3034215 0.9528564 0 -0.3034215 0.9528564 0 -0.3588329 0.9334018 0 -0.3588329 0.9334018 0 -0.4129791 0.9107405 0 -0.4129791 0.9107405 0 -0.4657277 0.8849282 0 -0.4657277 0.8849282 0 -0.5168421 0.8560808 0 -0.5168421 0.8560808 0 -0.5662214 0.8242532 0 -0.5662214 0.8242532 0 -0.6135728 0.7896382 0 -0.6135728 0.7896382 0 -0.6588955 0.7522345 0 -0.6588955 0.7522345 0 -0.7019132 0.7122625 0 -0.7019132 0.7122625 0 -0.742469 0.6698804 0 -0.742469 0.6698804 0 -0.7805322 0.6251156 0 -0.7805322 0.6251156 0 -0.8158606 0.5782486 0 -0.8158606 0.5782486 0 -0.8484094 0.5293407 0 -0.8484094 0.5293407 0 -0.8779709 0.4787142 0 -0.8779709 0.4787142 0 -0.9045838 0.426296 0 -0.9280395 0.3724818 0 -0.9045838 0.426296 0 -0.9483016 0.3173706 0 -0.9280395 0.3724818 0 -0.9652882 0.2611871 0 -0.9483016 0.3173706 0 -0.9652882 0.2611871 0 -0.9789525 0.2040883 0 -0.9892512 0.1462264 0 -0.9789525 0.2040883 0 -0.9892512 0.1462264 0 -0.9961223 0.08797968 0 -0.9961223 0.08797968 0 -0.9995691 0.02935207 0 -0.9995691 0.02935207 0 -0.999569 -0.02935665 0 -0.9961234 -0.08796673 0 -0.999569 -0.02935665 0 -0.9892432 -0.1462803 0 -0.9961234 -0.08796673 0 -0.9789548 -0.2040771 0 -0.9892432 -0.1462803 0 -0.96529 -0.2611807 0 -0.9789548 -0.2040771 0 -0.9482965 -0.3173859 0 -0.96529 -0.2611807 0 -0.928036 -0.3724904 0 -0.9482965 -0.3173859 0 -0.9045743 -0.426316 0 -0.928036 -0.3724904 0 -0.8779991 -0.4786623 0 -0.9045743 -0.426316 0 -0.8484012 -0.5293538 0 -0.8779991 -0.4786623 0 -0.8158619 -0.5782469 0 -0.8484012 -0.5293538 0 -0.7805158 -0.6251361 0 -0.8158619 -0.5782469 0 -0.7425011 -0.6698449 0 -0.7805158 -0.6251361 0 -0.7018934 -0.7122819 0 -0.7425011 -0.6698449 0 -0.6588895 -0.7522397 0 -0.7018934 -0.7122819 0 -0.6136035 -0.7896143 0 -0.6588895 -0.7522397 0 -0.5661836 -0.8242792 0 -0.6136035 -0.7896143 0 -0.516867 -0.8560657 0 -0.5661836 -0.8242792 0 -0.465732 -0.8849258 0 -0.516867 -0.8560657 0 -0.4129598 -0.9107492 0 -0.465732 -0.8849258 0 -0.3588351 -0.933401 0 -0.4129598 -0.9107492 0 -0.3588351 -0.933401 0 -0.3034201 -0.952857 0 -0.3034201 -0.952857 0 -0.2470069 -0.9690138 0 -0.2470069 -0.9690138 0 -0.1896803 -0.9818459 0 -0.1896803 -0.9818459 0 -0.1317403 -0.9912843 0 -0.1317403 -0.9912843 0 -0.07334191 -0.9973068 0 -0.07334191 -0.9973068 0 -0.01467603 -0.9998923 0 -0.01467603 -0.9998923 0 0.0440281 -0.9990303 0 0.1025794 -0.9947248 0 0.0440281 -0.9990303 0 0.1607865 -0.9869892 0 0.1025794 -0.9947248 0 0.1607865 -0.9869892 0 0.2184211 -0.9758546 0 0.2184211 -0.9758546 0 0.2753281 -0.9613504 0 0.3312795 -0.9435326 0 0.2753281 -0.9613504 0 0.3860846 -0.9224634 0 0.3312795 -0.9435326 0 0.4395218 -0.898232 0 0.3860846 -0.9224634 0 0.4914958 -0.8708799 0 0.4395218 -0.898232 0 0.4914958 -0.8708799 0 0.5417822 -0.8405189 0 0.5417822 -0.8405189 0 0.5901442 -0.8072978 0 0.5901442 -0.8072978 0 0.6365284 -0.7712533 0 0.6365284 -0.7712533 0 0.6806809 -0.7325799 0 0.6806809 -0.7325799 0 0.7224973 -0.6913737 0 0.7224973 -0.6913737 0 0.7618425 -0.6477623 0 0.7618425 -0.6477623 0 0.7985398 -0.6019421 0 0.7985398 -0.6019421 0 0.8324865 -0.5540454 0 0.8635648 -0.5042378 0 0.8324865 -0.5540454 0 0.8635648 -0.5042378 0 0.8916745 -0.4526771 0 0.8916745 -0.4526771 0 0.9167042 -0.3995664 0 0.9167042 -0.3995664 0 0.9385681 -0.3450942 0 0.9385681 -0.3450942 0 0.9572082 -0.2893999 0 0.9572082 -0.2893999 0 0.9725395 -0.2327379 0 0.9725395 -0.2327379 0 0.9845243 -0.1752481 0 0.9845243 -0.1752481 0 0.9931111 -0.1171769 0 0.9931111 -0.1171769 0 0.9982764 -0.05868744 0 0.9982764 -0.05868744 0 1 0 0 1 0 0 0.9982764 0.05868744 0 0.9982764 0.05868744 -0 0.9931111 0.1171769 0 0.9931111 0.1171769 -0 0.9845243 0.1752481 0 0.9845243 0.1752481 -0 0.9725395 0.2327379 -0 0.9725395 0.2327379 -0 0.9572082 0.2893999 0 0.9572082 0.2893999 -0 0.9385681 0.3450942 0 0.9385681 0.3450942 -0 0.9167042 0.3995664 -0 0.9167042 0.3995664 0 0.8916745 0.4526771 -0 0.8635648 0.5042378 -0 0.8916745 0.4526771 0 0.8635648 0.5042378 -0 0.8324865 0.5540454 -0 0.7985398 0.6019421 -0 0.8324865 0.5540454 0 0.7985398 0.6019421 -0 0.7618425 0.6477623 -0 0.7224973 0.6913737 -0 0.7618425 0.6477623 0 0.7224973 0.6913737 -0 0.6806809 0.7325799 -0 0.6365284 0.7712533 -0 0.6806809 0.7325799 0 0.6365284 0.7712533 -0 0.5901442 0.8072978 -0 0.5417822 0.8405189 -0 0.5901442 0.8072978 0 0.5417822 0.8405189 -0 0.4914958 0.8708799 0 0.4914958 0.8708799 -0 0.4395218 0.898232 0 0.4395218 0.898232 -0 0.3860846 0.9224634 0 0.3860846 0.9224634 -0 0.3312795 0.9435326 -0 0.3312795 0.9435326 -0 0.2753281 0.9613504 0 0.2753281 0.9613504 -0 0.2184211 0.9758546 -0 0.2184211 0.9758546 -0 0.1607865 0.9869892 0 0.1607865 0.9869892 -0 0.1025794 0.9947248 -0 0.1025794 0.9947248 -0 0.0440281 0.9990303 0 0.0440281 0.9990303 -0 -0.01467603 0.9998923 0 -0.01467603 0.9998923 0 -0.07334191 0.9973068 0 -0.07334191 0.9973068 0 -0.1317403 0.9912843 0 -0.1317403 0.9912843 0 -0.1896803 0.9818459 0 -0.1896803 0.9818459 0 -0.2470069 0.9690138 0 -0.2470069 0.9690138 0 -0.3034201 0.952857 0 -0.3034201 0.952857 0 -0.3588351 0.933401 0 -0.3588351 0.933401 0 -0.4129598 0.9107492 0 -0.4129598 0.9107492 0 -0.465732 0.8849258 0 -0.465732 0.8849258 0 -0.516867 0.8560657 0 -0.516867 0.8560657 0 -0.5661836 0.8242792 0 -0.5661836 0.8242792 0 -0.6136035 0.7896143 0 -0.6136035 0.7896143 0 -0.6588895 0.7522397 0 -0.6588895 0.7522397 0 -0.7018934 0.7122819 0 -0.7018934 0.7122819 0 -0.7425011 0.6698449 0 -0.7425011 0.6698449 0 -0.7805158 0.6251361 0 -0.7805158 0.6251361 0 -0.8158619 0.5782469 0 -0.8158619 0.5782469 0 -0.8484012 0.5293538 0 -0.8484012 0.5293538 0 -0.8779991 0.4786623 0 -0.8779991 0.4786623 0 -0.9045743 0.426316 0 -0.928036 0.3724904 0 -0.9045743 0.426316 0 -0.9482965 0.3173859 0 -0.928036 0.3724904 0 -0.96529 0.2611807 0 -0.9482965 0.3173859 0 -0.96529 0.2611807 0 -0.9789548 0.2040771 0 -0.9892432 0.1462803 0 -0.9789548 0.2040771 0 -0.9892432 0.1462803 0 -0.9961234 0.08796673 0 -0.9961234 0.08796673 0 -0.999569 0.02935665 0 -0.999569 0.02935665 0 -0.9995691 -0.02935188 0 -0.9961224 -0.08797858 0 -0.9995691 -0.02935188 0 -0.9892506 -0.1462301 0 -0.9961224 -0.08797858 0 -0.9789534 -0.204084 0 -0.9892506 -0.1462301 0 -0.9652885 -0.2611862 0 -0.9789534 -0.204084 0 -0.9483004 -0.3173741 0 -0.9652885 -0.2611862 0 -0.9280385 -0.3724843 0 -0.9483004 -0.3173741 0 -0.9045812 -0.4263013 0 -0.9280385 -0.3724843 0 -0.8779715 -0.4787129 0 -0.9045812 -0.4263013 0 -0.8484167 -0.5293288 0 -0.8779715 -0.4787129 0 -0.8158584 -0.5782517 0 -0.8484167 -0.5293288 0 -0.7805256 -0.6251237 0 -0.8158584 -0.5782517 0 -0.7424803 -0.6698679 0 -0.7805256 -0.6251237 0 -0.701909 -0.7122666 0 -0.7424803 -0.6698679 0 -0.6588995 -0.7522309 0 -0.701909 -0.7122666 0 -0.6135728 -0.7896382 0 -0.6588995 -0.7522309 0 -0.5662012 -0.8242671 0 -0.6135728 -0.7896382 0 -0.5168543 -0.8560734 0 -0.5662012 -0.8242671 0 -0.465737 -0.8849232 0 -0.5168543 -0.8560734 0 -0.4129533 -0.9107522 0 -0.465737 -0.8849232 0 -0.3588433 -0.9333977 0 -0.4129533 -0.9107522 0 -0.3588433 -0.9333977 0 -0.303415 -0.9528585 0 -0.303415 -0.9528585 0 -0.2470115 -0.9690126 0 -0.2470115 -0.9690126 0 -0.1896808 -0.9818457 0 -0.1896808 -0.9818457 0 -0.1317356 -0.9912849 0 -0.1317356 -0.9912849 0 -0.07334374 -0.9973067 0 -0.07334374 -0.9973067 0 -0.0146762 -0.9998923 0 -0.0146762 -0.9998923 0 0.04402766 -0.9990304 0 0.1025836 -0.9947244 0 0.04402766 -0.9990304 0 0.1607786 -0.9869905 0 0.1025836 -0.9947244 0 0.1607786 -0.9869905 0 0.2184316 -0.9758523 0 0.2184316 -0.9758523 0 0.2753268 -0.9613507 0 0.3312764 -0.9435338 0 0.2753268 -0.9613507 0 0.3860912 -0.9224606 0 0.3312764 -0.9435338 0 0.4395227 -0.8982315 0 0.3860912 -0.9224606 0 0.4914728 -0.8708929 0 0.4395227 -0.8982315 0 0.4914728 -0.8708929 0 0.5417926 -0.8405123 0 0.5417926 -0.8405123 0 0.5901584 -0.8072875 0 0.5901584 -0.8072875 0 0.6364932 -0.7712823 0 0.6364932 -0.7712823 0 0.6807178 -0.7325457 0 0.6807178 -0.7325457 0 0.7224908 -0.6913806 0 0.7224908 -0.6913806 0 0.7618243 -0.6477837 0 0.7618243 -0.6477837 0 0.7985392 -0.6019428 0 0.7985392 -0.6019428 0 0.8324969 -0.5540297 0 0.8635528 -0.5042583 0 0.8324969 -0.5540297 0 0.8635528 -0.5042583 0 0.8916817 -0.4526629 0 0.8916817 -0.4526629 0 0.9167161 -0.3995393 0 0.9167161 -0.3995393 0 0.9385577 -0.3451226 0 0.9385577 -0.3451226 0 0.9572119 -0.2893879 0 0.9572119 -0.2893879 0 0.9725348 -0.2327571 0 0.9725348 -0.2327571 0 0.9845212 -0.1752655 0 0.9845212 -0.1752655 0 0.9931104 -0.1171827 0 0.9931104 -0.1171827 0 0.9982799 -0.05862793 0 0.9982799 -0.05862793 0 1 0 0 1 0 0 0.9982799 0.05862793 0 0.9982799 0.05862793 -0 0.9931104 0.1171827 0 0.9931104 0.1171827 -0 0.9845212 0.1752655 0 0.9845212 0.1752655 -0 0.9725348 0.2327571 -0 0.9725348 0.2327571 -0 0.9572119 0.2893879 0 0.9572119 0.2893879 -0 0.9385577 0.3451226 0 0.9385577 0.3451226 -0 0.9167161 0.3995393 -0 0.9167161 0.3995393 0 0.8916817 0.4526629 -0 0.8635528 0.5042583 -0 0.8916817 0.4526629 0 0.8635528 0.5042583 -0 0.8324969 0.5540297 -0 0.7985392 0.6019428 -0 0.8324969 0.5540297 0 0.7985392 0.6019428 -0 0.7618243 0.6477837 -0 0.7224908 0.6913806 -0 0.7618243 0.6477837 0 0.7224908 0.6913806 -0 0.6807178 0.7325457 -0 0.6364932 0.7712823 -0 0.6807178 0.7325457 0 0.6364932 0.7712823 -0 0.5901584 0.8072875 -0 0.5417926 0.8405123 -0 0.5901584 0.8072875 0 0.5417926 0.8405123 -0 0.4914728 0.8708929 0 0.4914728 0.8708929 -0 0.4395227 0.8982315 0 0.4395227 0.8982315 -0 0.3860912 0.9224606 0 0.3860912 0.9224606 -0 0.3312764 0.9435338 -0 0.3312764 0.9435338 -0 0.2753268 0.9613507 0 0.2753268 0.9613507 -0 0.2184316 0.9758523 -0 0.2184316 0.9758523 -0 0.1607786 0.9869905 0 0.1607786 0.9869905 -0 0.1025836 0.9947244 -0 0.1025836 0.9947244 -0 0.04402766 0.9990304 0 0.04402766 0.9990304 -0 -0.0146762 0.9998923 0 -0.0146762 0.9998923 0 -0.07334374 0.9973067 0 -0.07334374 0.9973067 0 -0.1317356 0.9912849 0 -0.1317356 0.9912849 0 -0.1896808 0.9818457 0 -0.1896808 0.9818457 0 -0.2470115 0.9690126 0 -0.2470115 0.9690126 0 -0.303415 0.9528585 0 -0.303415 0.9528585 0 -0.3588433 0.9333977 0 -0.3588433 0.9333977 0 -0.4129533 0.9107522 0 -0.4129533 0.9107522 0 -0.465737 0.8849232 0 -0.465737 0.8849232 0 -0.5168543 0.8560734 0 -0.5168543 0.8560734 0 -0.5662012 0.8242671 0 -0.5662012 0.8242671 0 -0.6135728 0.7896382 0 -0.6135728 0.7896382 0 -0.6588995 0.7522309 0 -0.6588995 0.7522309 0 -0.701909 0.7122666 0 -0.701909 0.7122666 0 -0.7424803 0.6698679 0 -0.7424803 0.6698679 0 -0.7805256 0.6251237 0 -0.7805256 0.6251237 0 -0.8158584 0.5782517 0 -0.8158584 0.5782517 0 -0.8484167 0.5293288 0 -0.8484167 0.5293288 0 -0.8779715 0.4787129 0 -0.8779715 0.4787129 0 -0.9045812 0.4263013 0 -0.9280385 0.3724843 0 -0.9045812 0.4263013 0 -0.9483004 0.3173741 0 -0.9280385 0.3724843 0 -0.9652885 0.2611862 0 -0.9483004 0.3173741 0 -0.9652885 0.2611862 0 -0.9789534 0.204084 0 -0.9892506 0.1462301 0 -0.9789534 0.204084 0 -0.9892506 0.1462301 0 -0.9961224 0.08797858 0 -0.9961224 0.08797858 0 -0.9995691 0.02935188 0 -0.9995691 0.02935188 0</float_array>
          <technique_common>
            <accessor count="3468" source="#cubenormals-array0-array" stride="3">
              <param type="float" name="X"/>
              <param type="float" name="Y"/>
              <param type="float" name="Z"/>
            </accessor>
          </technique_common>
        </source>
        <vertices id="cubeverts-array0-vertices">
          <input semantic="POSITION" source="#cubeverts-array0"/>
        </vertices>
        <triangles count="3468" material="ref_Body_shape">
          <input offset="0" semantic="VERTEX" source="#cubeverts-array0-vertices"/>
          <input offset="1" semantic="NORMAL" source="#cubenormals-array0"/>
          <p>0 0 1 0 2 0 0 1 3 1 1 1 4 2 0 2 5 2 5 3 0 3 2 3 3 4 6 4 1 4 1 5 6 5 7 5 0 6 8 6 9 6 9 7 10 7 0 7 0 8 11 8 8 8 10 9 12 9 0 9 0 10 13 10 11 10 12 11 14 11 0 11 0 12 15 12 13 12 14 13 16 13 0 13 0 14 17 14 15 14 16 15 18 15 0 15 0 16 19 16 17 16 18 17 20 17 0 17 0 18 21 18 19 18 20 19 22 19 0 19 0 20 23 20 21 20 22 21 24 21 0 21 0 22 25 22 23 22 24 23 26 23 0 23 0 24 27 24 25 24 26 25 28 25 0 25 0 26 29 26 27 26 28 27 30 27 0 27 0 28 31 28 29 28 30 29 32 29 0 29 0 30 33 30 31 30 32 31 34 31 0 31 0 32 35 32 33 32 34 33 36 33 0 33 0 34 37 34 35 34 36 35 38 35 0 35 0 36 39 36 37 36 38 37 40 37 0 37 0 38 41 38 39 38 40 39 42 39 0 39 0 40 43 40 41 40 42 41 44 41 0 41 0 42 45 42 43 42 44 43 46 43 0 43 0 44 47 44 45 44 46 45 48 45 0 45 0 46 49 46 47 46 48 47 50 47 0 47 51 48 52 48 53 48 51 49 54 49 52 49 55 50 54 50 51 50 52 51 56 51 53 51 53 52 56 52 57 52 58 53 59 53 60 53 60 54 59 54 55 54 55 55 59 55 54 55 56 56 61 56 57 56 58 57 62 57 59 57 63 58 62 58 58 58 57 59 64 59 65 59 61 60 64 60 57 60 63 61 66 61 62 61 64 62 67 62 65 62 65 63 67 63 68 63 69 64 70 64 63 64 63 65 70 65 66 65 67 66 71 66 68 66 68 67 71 67 72 67 72 68 71 68 73 68 69 69 74 69 70 69 0 70 74 70 49 70 49 71 74 71 69 71 71 72 75 72 73 72 0 73 76 73 74 73 75 74 77 74 73 74 73 75 77 75 78 75 0 76 79 76 76 76 77 77 80 77 78 77 78 78 80 78 81 78 0 79 82 79 79 79 81 80 83 80 84 80 80 81 83 81 81 81 0 82 85 82 82 82 83 83 86 83 84 83 84 84 86 84 87 84 87 85 86 85 88 85 0 86 89 86 85 86 86 87 90 87 88 87 88 88 90 88 91 88 90 89 92 89 91 89 92 90 93 90 91 90 91 91 93 91 94 91 94 92 93 92 95 92 95 93 96 93 97 93 93 94 96 94 95 94 96 95 98 95 97 95 98 96 99 96 97 96 97 97 99 97 100 97 99 98 101 98 100 98 100 99 101 99 102 99 101 100 103 100 102 100 102 101 103 101 104 101 103 102 105 102 104 102 104 103 105 103 106 103 105 104 107 104 106 104 106 105 107 105 108 105 107 106 109 106 108 106 108 107 109 107 110 107 109 108 111 108 110 108 110 109 111 109 112 109 112 110 111 110 113 110 111 111 114 111 113 111 114 112 115 112 113 112 113 113 115 113 116 113 115 114 117 114 116 114 116 115 117 115 118 115 117 116 119 116 118 116 118 117 119 117 120 117 119 118 121 118 120 118 120 119 121 119 122 119 121 120 123 120 122 120 122 121 123 121 124 121 124 122 123 122 125 122 123 123 126 123 125 123 127 124 128 124 129 124 130 125 131 125 127 125 127 126 131 126 128 126 129 127 132 127 133 127 128 128 132 128 129 128 134 129 135 129 130 129 130 130 135 130 131 130 133 131 136 131 137 131 132 132 136 132 133 132 138 133 139 133 134 133 134 134 139 134 135 134 137 135 140 135 141 135 136 136 140 136 137 136 142 137 143 137 138 137 138 138 143 138 139 138 141 139 144 139 145 139 140 140 144 140 141 140 142 141 146 141 143 141 147 142 146 142 142 142 145 143 148 143 50 143 144 144 148 144 145 144 149 145 150 145 147 145 147 146 150 146 146 146 148 147 151 147 50 147 50 148 151 148 0 148 149 149 152 149 150 149 153 150 152 150 149 150 151 151 154 151 0 151 155 152 156 152 153 152 153 153 156 153 152 153 154 154 157 154 0 154 158 155 159 155 155 155 155 156 159 156 156 156 157 157 160 157 0 157 161 158 162 158 158 158 158 159 162 159 159 159 160 160 163 160 0 160 164 161 165 161 161 161 161 162 165 162 162 162 163 163 166 163 0 163 167 164 168 164 164 164 164 165 168 165 165 165 166 166 169 166 0 166 170 167 171 167 167 167 167 168 171 168 168 168 172 169 173 169 170 169 170 170 173 170 171 170 174 171 175 171 172 171 172 172 175 172 173 172 176 173 177 173 174 173 174 174 177 174 175 174 178 175 179 175 176 175 176 176 179 176 177 176 180 177 181 177 178 177 178 178 181 178 179 178 182 179 183 179 180 179 180 180 183 180 181 180 184 181 185 181 182 181 182 182 185 182 183 182 186 183 187 183 184 183 184 184 187 184 185 184 188 185 189 185 186 185 186 186 189 186 187 186 190 187 191 187 188 187 188 188 191 188 189 188 125 189 192 189 190 189 190 190 192 190 191 190 126 191 192 191 125 191 193 192 194 192 126 192 126 193 194 193 192 193 195 194 196 194 193 194 193 195 196 195 194 195 195 196 197 196 196 196 198 197 197 197 195 197 199 198 200 198 198 198 198 199 200 199 197 199 199 200 201 200 200 200 202 201 201 201 199 201 202 202 203 202 201 202 204 203 203 203 202 203 205 204 206 204 204 204 204 205 206 205 203 205 207 206 208 206 205 206 205 207 208 207 206 207 209 208 210 208 207 208 207 209 210 209 208 209 209 210 211 210 210 210 212 211 211 211 209 211 213 212 214 212 212 212 212 213 214 213 211 213 215 214 216 214 217 214 218 215 216 215 215 215 217 216 219 216 215 216 215 217 219 217 220 217 220 218 219 218 221 218 222 219 223 219 224 219 224 220 223 220 218 220 218 221 223 221 216 221 219 222 225 222 221 222 222 223 226 223 223 223 225 224 227 224 221 224 221 225 227 225 228 225 222 226 229 226 226 226 230 227 229 227 222 227 227 228 231 228 228 228 228 229 231 229 232 229 230 230 233 230 229 230 234 231 233 231 230 231 231 232 235 232 232 232 232 233 235 233 236 233 236 234 235 234 237 234 234 235 238 235 233 235 239 236 238 236 234 236 235 237 240 237 237 237 240 238 241 238 237 238 237 239 241 239 242 239 242 240 241 240 243 240 241 241 244 241 243 241 244 242 245 242 243 242 243 243 245 243 246 243 245 244 247 244 246 244 246 245 247 245 248 245 249 246 250 246 251 246 247 247 250 247 248 247 248 248 250 248 249 248 250 249 252 249 251 249 251 250 253 250 254 250 254 251 253 251 255 251 252 252 253 252 251 252 255 253 256 253 257 253 253 254 256 254 255 254 256 255 258 255 257 255 257 256 259 256 260 256 258 257 259 257 257 257 260 258 261 258 262 258 259 259 261 259 260 259 262 260 263 260 264 260 261 261 263 261 262 261 264 262 265 262 266 262 263 263 265 263 264 263 266 264 267 264 268 264 265 265 267 265 266 265 267 266 269 266 268 266 268 267 269 267 270 267 270 268 271 268 272 268 272 269 271 269 273 269 269 270 271 270 270 270 271 271 274 271 273 271 273 272 275 272 276 272 274 273 275 273 273 273 276 274 277 274 278 274 275 275 277 275 276 275 278 276 279 276 280 276 277 277 279 277 278 277 239 278 4 278 238 278 238 279 4 279 281 279 281 280 4 280 282 280 282 281 4 281 283 281 284 282 4 282 285 282 283 283 4 283 286 283 286 284 4 284 287 284 285 285 4 285 288 285 288 286 4 286 289 286 287 287 4 287 290 287 289 288 4 288 291 288 290 289 4 289 292 289 291 290 4 290 293 290 292 291 4 291 294 291 293 292 4 292 239 292 294 293 4 293 295 293 295 294 4 294 296 294 296 295 4 295 297 295 297 296 4 296 298 296 298 297 4 297 299 297 299 298 4 298 300 298 300 299 4 299 301 299 301 300 4 300 302 300 302 301 4 301 303 301 303 302 4 302 304 302 304 303 4 303 305 303 305 304 4 304 306 304 4 305 307 305 306 305 280 306 308 306 309 306 279 307 308 307 280 307 4 308 310 308 307 308 309 309 311 309 312 309 308 310 311 310 309 310 4 311 313 311 310 311 311 312 314 312 312 312 312 313 314 313 315 313 4 314 316 314 313 314 4 315 317 315 316 315 4 316 318 316 317 316 4 317 319 317 318 317 4 318 320 318 319 318 4 319 321 319 320 319 4 320 322 320 321 320 4 321 323 321 322 321 4 322 324 322 323 322 4 323 325 323 324 323 4 324 326 324 325 324 4 325 327 325 326 325 4 326 328 326 327 326 4 327 329 327 328 327 4 328 330 328 329 328 4 329 331 329 330 329 4 330 332 330 331 330 4 331 333 331 332 331 4 332 334 332 333 332 335 333 336 333 337 333 335 334 338 334 336 334 339 335 338 335 335 335 336 336 340 336 337 336 337 337 340 337 341 337 342 338 343 338 339 338 339 339 343 339 338 339 341 340 344 340 345 340 340 341 344 341 341 341 346 342 347 342 342 342 342 343 347 343 343 343 344 344 348 344 345 344 345 345 348 345 349 345 350 346 351 346 346 346 346 347 351 347 347 347 349 348 352 348 353 348 348 349 352 349 349 349 350 350 354 350 351 350 355 351 354 351 350 351 352 352 356 352 353 352 353 353 356 353 357 353 358 354 359 354 355 354 355 355 359 355 354 355 356 356 360 356 357 356 361 357 362 357 358 357 358 358 362 358 359 358 363 359 364 359 361 359 361 360 364 360 362 360 365 361 366 361 363 361 363 362 366 362 364 362 367 363 368 363 365 363 365 364 368 364 366 364 369 365 370 365 367 365 367 366 370 366 368 366 371 367 372 367 369 367 369 368 372 368 370 368 373 369 374 369 371 369 371 370 374 370 372 370 373 371 375 371 374 371 376 372 375 372 373 372 377 373 378 373 376 373 376 374 378 374 375 374 379 375 380 375 377 375 377 376 380 376 378 376 381 377 382 377 379 377 379 378 382 378 380 378 383 379 384 379 381 379 381 380 384 380 382 380 385 381 386 381 383 381 383 382 386 382 384 382 387 383 388 383 385 383 385 384 388 384 386 384 389 385 390 385 387 385 387 386 390 386 388 386 391 387 392 387 389 387 389 388 392 388 390 388 393 389 394 389 391 389 391 390 394 390 392 390 395 391 396 391 393 391 393 392 396 392 394 392 357 393 3 393 397 393 397 394 3 394 398 394 399 395 3 395 400 395 398 396 3 396 401 396 400 397 3 397 402 397 401 398 3 398 403 398 402 399 3 399 404 399 403 400 3 400 405 400 404 401 3 401 406 401 405 402 3 402 407 402 406 403 3 403 408 403 407 404 3 404 409 404 408 405 3 405 410 405 410 406 3 406 411 406 411 407 3 407 412 407 412 408 3 408 413 408 413 409 3 409 414 409 414 410 3 410 415 410 415 411 3 411 416 411 416 412 3 412 417 412 417 413 3 413 418 413 418 414 3 414 419 414 419 415 3 415 420 415 420 416 3 416 421 416 421 417 3 417 422 417 422 418 3 418 423 418 423 419 3 419 360 419 360 420 3 420 357 420 399 421 424 421 3 421 424 422 425 422 3 422 425 423 426 423 3 423 426 424 427 424 3 424 427 425 428 425 3 425 428 426 429 426 3 426 429 427 430 427 3 427 430 428 431 428 3 428 431 429 432 429 3 429 432 430 433 430 3 430 433 431 434 431 3 431 434 432 435 432 3 432 435 433 436 433 3 433 436 434 437 434 3 434 437 435 438 435 3 435 438 436 439 436 3 436 439 437 440 437 3 437 440 438 441 438 3 438 441 439 442 439 3 439 442 440 443 440 3 440 443 441 444 441 3 441 445 442 446 442 447 442 448 443 449 443 445 443 445 444 449 444 446 444 447 445 450 445 451 445 446 446 450 446 447 446 315 447 452 447 448 447 448 448 452 448 449 448 451 449 453 449 454 449 450 450 453 450 451 450 315 451 455 451 452 451 456 452 455 452 314 452 314 453 455 453 315 453 453 454 457 454 454 454 454 455 457 455 458 455 456 456 459 456 455 456 460 457 459 457 456 457 458 458 461 458 462 458 457 459 461 459 458 459 463 460 464 460 460 460 460 461 464 461 459 461 462 462 465 462 466 462 461 463 465 463 462 463 467 464 468 464 463 464 463 465 468 465 464 465 466 466 469 466 470 466 465 467 469 467 466 467 467 468 471 468 468 468 472 469 471 469 467 469 470 470 473 470 474 470 469 471 473 471 470 471 475 472 476 472 472 472 472 473 476 473 471 473 474 474 477 474 213 474 473 475 477 475 474 475 213 476 477 476 214 476 475 477 478 477 476 477 479 478 478 478 475 478 477 479 480 479 214 479 214 480 480 480 481 480 482 481 483 481 479 481 479 482 483 482 478 482 480 483 484 483 481 483 481 484 484 484 485 484 486 485 487 485 482 485 482 486 487 486 483 486 484 487 488 487 485 487 485 488 488 488 489 488 489 489 488 489 490 489 491 490 492 490 486 490 486 491 492 491 487 491 488 492 493 492 490 492 494 493 495 493 491 493 491 494 495 494 492 494 493 495 496 495 490 495 490 496 496 496 497 496 494 497 498 497 495 497 499 498 498 498 494 498 496 499 500 499 497 499 497 500 500 500 501 500 501 501 500 501 502 501 499 502 503 502 498 502 504 503 503 503 499 503 500 504 505 504 502 504 502 505 505 505 506 505 507 506 508 506 504 506 504 507 508 507 503 507 505 508 509 508 506 508 506 509 509 509 510 509 511 510 512 510 507 510 507 511 512 511 508 511 509 512 513 512 510 512 510 513 513 513 514 513 515 514 516 514 511 514 511 515 516 515 512 515 513 516 517 516 514 516 518 517 519 517 515 517 515 518 519 518 516 518 520 519 521 519 518 519 518 520 521 520 519 520 522 521 523 521 520 521 520 522 523 522 521 522 524 523 525 523 522 523 522 524 525 524 523 524 526 525 527 525 524 525 524 526 527 526 525 526 526 527 528 527 527 527 529 528 528 528 526 528 530 529 531 529 529 529 529 530 531 530 528 530 530 531 532 531 531 531 533 532 532 532 530 532 534 533 535 533 533 533 533 534 535 534 532 534 534 535 536 535 535 535 537 536 536 536 534 536 538 537 539 537 537 537 537 538 539 538 536 538 540 539 541 539 538 539 538 540 541 540 539 540 540 541 542 541 541 541 543 542 542 542 540 542 334 543 544 543 543 543 543 544 544 544 542 544 334 545 545 545 544 545 4 546 545 546 334 546 546 547 547 547 548 547 549 548 550 548 546 548 546 549 550 549 547 549 547 550 551 550 548 550 552 551 553 551 549 551 549 552 553 552 550 552 548 553 554 553 555 553 551 554 554 554 548 554 556 555 557 555 395 555 552 556 557 556 553 556 396 557 557 557 552 557 395 558 557 558 396 558 554 559 558 559 555 559 555 560 558 560 559 560 560 561 561 561 556 561 556 562 561 562 557 562 559 563 562 563 563 563 558 564 562 564 559 564 564 565 565 565 560 565 560 566 565 566 561 566 562 567 566 567 563 567 563 568 566 568 567 568 568 569 569 569 564 569 564 570 569 570 565 570 567 571 570 571 571 571 571 572 570 572 572 572 566 573 570 573 567 573 573 574 574 574 568 574 568 575 574 575 569 575 570 576 575 576 572 576 572 577 575 577 576 577 577 578 578 578 573 578 573 579 578 579 574 579 575 580 579 580 576 580 576 581 579 581 580 581 577 582 581 582 578 582 582 583 581 583 577 583 579 584 583 584 580 584 580 585 583 585 584 585 582 586 585 586 581 586 586 587 585 587 582 587 584 588 587 588 588 588 583 589 587 589 584 589 586 590 589 590 585 590 590 591 589 591 586 591 587 592 591 592 588 592 588 593 591 593 592 593 590 594 593 594 589 594 594 595 593 595 590 595 591 596 595 596 592 596 594 597 596 597 593 597 514 598 596 598 594 598 595 599 597 599 592 599 592 600 597 600 598 600 599 601 600 601 517 601 514 602 600 602 596 602 517 603 600 603 514 603 597 604 601 604 598 604 598 605 601 605 602 605 599 606 603 606 600 606 604 607 603 607 599 607 601 608 605 608 602 608 602 609 605 609 606 609 606 610 605 610 607 610 608 611 609 611 604 611 604 612 609 612 603 612 605 613 610 613 607 613 611 614 612 614 608 614 608 615 612 615 609 615 613 616 614 616 615 616 610 617 614 617 607 617 607 618 614 618 613 618 611 619 616 619 612 619 617 620 616 620 611 620 614 621 618 621 615 621 617 622 619 622 616 622 620 623 619 623 617 623 615 624 621 624 622 624 622 625 621 625 623 625 618 626 621 626 615 626 620 627 624 627 619 627 625 628 624 628 620 628 621 629 626 629 623 629 625 630 627 630 624 630 628 631 627 631 625 631 623 632 629 632 630 632 626 633 629 633 623 633 628 634 631 634 627 634 632 635 631 635 628 635 630 636 633 636 634 636 629 637 633 637 630 637 632 638 635 638 631 638 636 639 635 639 632 639 634 640 637 640 638 640 633 641 637 641 634 641 636 642 639 642 635 642 640 643 639 643 636 643 638 644 641 644 642 644 642 645 641 645 643 645 637 646 641 646 638 646 643 647 644 647 645 647 641 648 644 648 643 648 644 649 646 649 645 649 645 650 647 650 648 650 646 651 647 651 645 651 648 652 649 652 650 652 647 653 649 653 648 653 650 654 651 654 652 654 649 655 651 655 650 655 652 656 653 656 654 656 651 657 653 657 652 657 654 658 655 658 656 658 653 659 655 659 654 659 656 660 657 660 658 660 658 661 657 661 444 661 655 662 657 662 656 662 444 663 659 663 3 663 657 664 659 664 444 664 659 665 660 665 3 665 660 666 661 666 3 666 661 667 662 667 3 667 662 668 663 668 3 668 663 669 664 669 3 669 665 670 666 670 667 670 667 671 666 671 668 671 667 672 669 672 670 672 668 673 669 673 667 673 665 674 671 674 666 674 639 675 671 675 672 675 672 676 671 676 665 676 670 677 673 677 674 677 669 678 673 678 670 678 640 679 675 679 639 679 639 680 675 680 671 680 676 681 675 681 640 681 674 682 677 682 678 682 673 683 677 683 674 683 679 684 680 684 676 684 676 685 680 685 675 685 678 686 681 686 682 686 677 687 681 687 678 687 683 688 684 688 679 688 679 689 684 689 680 689 682 690 685 690 686 690 686 691 685 691 687 691 681 692 685 692 682 692 683 693 688 693 684 693 689 694 688 694 683 694 687 695 690 695 691 695 685 696 690 696 687 696 692 697 693 697 689 697 689 698 693 698 688 698 690 699 694 699 691 699 692 700 695 700 693 700 696 701 695 701 692 701 691 702 697 702 698 702 698 703 697 703 699 703 694 704 697 704 691 704 700 705 701 705 696 705 696 706 701 706 695 706 699 707 702 707 703 707 697 708 702 708 699 708 700 709 704 709 701 709 705 710 704 710 700 710 703 711 706 711 707 711 702 712 706 712 703 712 705 713 708 713 704 713 709 714 708 714 705 714 707 715 710 715 711 715 706 716 710 716 707 716 712 717 713 717 709 717 709 718 713 718 708 718 710 719 714 719 711 719 715 720 716 720 712 720 712 721 716 721 713 721 711 722 717 722 718 722 714 723 717 723 711 723 715 724 719 724 716 724 720 725 719 725 715 725 718 726 721 726 722 726 717 727 721 727 718 727 720 728 723 728 719 728 724 729 723 729 720 729 721 730 725 730 722 730 722 731 725 731 726 731 726 732 725 732 727 732 724 733 728 733 723 733 729 734 728 734 724 734 725 735 730 735 727 735 729 736 731 736 728 736 732 737 731 737 729 737 730 738 733 738 727 738 727 739 733 739 734 739 732 740 735 740 731 740 736 741 735 741 732 741 734 742 737 742 738 742 733 743 737 743 734 743 736 744 739 744 735 744 740 745 739 745 736 745 737 746 741 746 738 746 738 747 741 747 742 747 742 748 741 748 743 748 740 749 744 749 739 749 745 750 744 750 740 750 743 751 746 751 747 751 741 752 746 752 743 752 745 753 748 753 744 753 749 754 748 754 745 754 746 755 750 755 747 755 749 756 751 756 748 756 752 757 751 757 749 757 750 758 753 758 747 758 747 759 753 759 754 759 752 760 755 760 751 760 756 761 755 761 752 761 754 762 757 762 758 762 753 763 757 763 754 763 759 764 760 764 756 764 756 765 760 765 755 765 758 766 761 766 762 766 757 767 761 767 758 767 763 768 764 768 759 768 759 769 764 769 760 769 762 770 765 770 766 770 766 771 765 771 767 771 761 772 765 772 762 772 763 773 768 773 764 773 769 774 768 774 763 774 765 775 770 775 767 775 771 776 772 776 769 776 769 777 772 777 768 777 770 778 773 778 767 778 767 779 773 779 774 779 771 780 775 780 772 780 776 781 775 781 771 781 774 782 777 782 778 782 773 783 777 783 774 783 779 784 780 784 776 784 776 785 780 785 775 785 778 786 781 786 782 786 777 787 781 787 778 787 783 788 784 788 779 788 779 789 784 789 780 789 782 790 785 790 786 790 781 791 785 791 782 791 787 792 788 792 783 792 783 793 788 793 784 793 786 794 789 794 790 794 785 795 789 795 786 795 787 796 791 796 788 796 792 797 791 797 787 797 789 798 793 798 790 798 790 799 793 799 794 799 794 800 793 800 795 800 792 801 796 801 791 801 793 802 797 802 795 802 796 803 6 803 798 803 798 804 6 804 799 804 799 805 6 805 800 805 800 806 6 806 801 806 801 807 6 807 802 807 802 808 6 808 803 808 803 809 6 809 804 809 804 810 6 810 805 810 805 811 6 811 806 811 806 812 6 812 807 812 807 813 6 813 808 813 808 814 6 814 809 814 809 815 6 815 810 815 810 816 6 816 811 816 811 817 6 817 812 817 795 818 6 818 813 818 812 819 6 819 814 819 813 820 6 820 815 820 814 821 6 821 816 821 815 822 6 822 817 822 816 823 6 823 818 823 817 824 6 824 819 824 818 825 6 825 820 825 819 826 6 826 821 826 820 827 6 827 822 827 822 828 6 828 823 828 823 829 6 829 824 829 824 830 6 830 825 830 825 831 6 831 826 831 826 832 6 832 827 832 827 833 6 833 828 833 828 834 6 834 829 834 829 835 6 835 830 835 831 836 6 836 832 836 830 837 6 837 833 837 832 838 6 838 834 838 833 839 6 839 835 839 834 840 6 840 836 840 835 841 6 841 837 841 836 842 6 842 838 842 837 843 6 843 839 843 838 844 6 844 840 844 839 845 6 845 841 845 840 846 6 846 842 846 841 847 6 847 831 847 842 848 6 848 797 848 792 849 6 849 796 849 797 850 6 850 795 850 3 851 0 851 843 851 3 852 843 852 409 852 843 853 0 853 169 853 6 854 3 854 844 854 6 855 844 855 845 855 6 856 845 856 821 856 844 857 3 857 846 857 846 858 3 858 664 858 4 859 6 859 847 859 4 860 847 860 848 860 4 861 848 861 849 861 4 862 849 862 850 862 4 863 850 863 851 863 4 864 851 864 852 864 4 865 852 865 853 865 4 866 853 866 545 866 847 867 6 867 854 867 854 868 6 868 855 868 855 869 6 869 856 869 856 870 6 870 857 870 857 871 6 871 858 871 858 872 6 872 859 872 859 873 6 873 860 873 860 874 6 874 792 874 0 875 4 875 861 875 0 876 861 876 862 876 0 877 862 877 89 877 861 878 4 878 863 878 863 879 4 879 284 879 864 880 2 880 865 880 866 881 865 881 2 881 867 882 2 882 864 882 868 883 866 883 2 883 869 884 2 884 867 884 870 885 868 885 2 885 871 886 2 886 869 886 872 887 870 887 2 887 873 888 2 888 871 888 874 889 872 889 2 889 875 890 2 890 873 890 876 891 874 891 2 891 877 892 2 892 875 892 878 893 876 893 2 893 879 894 2 894 877 894 880 895 878 895 2 895 881 896 2 896 879 896 882 897 880 897 2 897 883 898 2 898 881 898 884 899 882 899 2 899 885 900 2 900 883 900 886 901 884 901 2 901 887 902 2 902 885 902 888 903 886 903 2 903 889 904 2 904 887 904 890 905 888 905 2 905 891 906 2 906 889 906 892 907 890 907 2 907 893 908 2 908 891 908 894 909 892 909 2 909 895 910 2 910 893 910 896 911 894 911 2 911 897 912 2 912 895 912 898 913 896 913 2 913 899 914 2 914 897 914 900 915 898 915 2 915 901 916 2 916 899 916 902 917 900 917 2 917 903 918 2 918 901 918 904 919 902 919 2 919 905 920 2 920 903 920 906 921 904 921 2 921 907 922 908 922 909 922 910 923 911 923 908 923 910 924 908 924 907 924 912 925 907 925 909 925 913 926 914 926 911 926 913 927 915 927 914 927 913 928 911 928 910 928 916 929 909 929 917 929 916 930 912 930 909 930 918 931 915 931 913 931 919 932 917 932 920 932 919 933 916 933 917 933 921 934 922 934 915 934 921 935 923 935 922 935 921 936 915 936 918 936 924 937 920 937 925 937 924 938 919 938 920 938 926 939 923 939 921 939 927 940 925 940 928 940 927 941 924 941 925 941 929 942 2 942 905 942 929 943 905 943 923 943 929 944 923 944 926 944 930 945 928 945 931 945 930 946 927 946 928 946 932 947 2 947 929 947 933 948 931 948 934 948 933 949 930 949 931 949 935 950 2 950 932 950 936 951 933 951 934 951 936 952 934 952 937 952 938 953 2 953 935 953 939 954 937 954 940 954 939 955 936 955 937 955 941 956 2 956 938 956 942 957 939 957 940 957 942 958 940 958 943 958 944 959 2 959 941 959 945 960 942 960 943 960 945 961 943 961 946 961 947 962 945 962 946 962 947 963 946 963 948 963 949 964 947 964 948 964 949 965 950 965 951 965 949 966 948 966 950 966 952 967 949 967 951 967 953 968 951 968 954 968 953 969 952 969 951 969 955 970 954 970 956 970 955 971 953 971 954 971 957 972 956 972 958 972 957 973 955 973 956 973 959 974 958 974 960 974 959 975 957 975 958 975 961 976 962 976 963 976 961 977 960 977 962 977 961 978 959 978 960 978 964 979 961 979 963 979 965 980 963 980 966 980 965 981 964 981 963 981 967 982 966 982 968 982 967 983 965 983 966 983 969 984 968 984 970 984 969 985 967 985 968 985 971 986 970 986 972 986 971 987 969 987 970 987 973 988 972 988 974 988 973 989 971 989 972 989 975 990 976 990 977 990 975 991 974 991 976 991 975 992 973 992 974 992 978 993 975 993 977 993 979 994 980 994 981 994 979 995 977 995 980 995 979 996 978 996 977 996 982 997 979 997 981 997 983 998 984 998 985 998 986 999 984 999 983 999 986 1000 987 1000 984 1000 988 1001 983 1001 985 1001 988 1002 985 1002 989 1002 990 1003 987 1003 986 1003 990 1004 991 1004 987 1004 992 1005 988 1005 989 1005 992 1006 989 1006 993 1006 994 1007 995 1007 991 1007 994 1008 991 1008 990 1008 996 1009 992 1009 993 1009 996 1010 993 1010 997 1010 998 1011 999 1011 995 1011 998 1012 995 1012 994 1012 1000 1013 997 1013 1001 1013 1000 1014 996 1014 997 1014 1002 1015 1003 1015 999 1015 1002 1016 999 1016 998 1016 1004 1017 1000 1017 1001 1017 1004 1018 1001 1018 906 1018 1005 1019 1006 1019 1003 1019 1005 1020 1003 1020 1002 1020 1007 1021 906 1021 2 1021 1007 1022 1004 1022 906 1022 1008 1023 1006 1023 1005 1023 1008 1024 1009 1024 1006 1024 1010 1025 1007 1025 2 1025 1011 1026 1012 1026 1009 1026 1011 1027 1009 1027 1008 1027 1013 1028 1010 1028 2 1028 1014 1029 1012 1029 1011 1029 1014 1030 1015 1030 1012 1030 1016 1031 1013 1031 2 1031 1017 1032 1018 1032 1015 1032 1017 1033 1015 1033 1014 1033 1019 1034 1016 1034 2 1034 1020 1035 1021 1035 1018 1035 1020 1036 1018 1036 1017 1036 1022 1037 1019 1037 2 1037 1023 1038 1024 1038 1021 1038 1023 1039 1021 1039 1020 1039 1025 1040 1022 1040 2 1040 1026 1041 1027 1041 1024 1041 1026 1042 1024 1042 1023 1042 1028 1043 1029 1043 1027 1043 1028 1044 1027 1044 1026 1044 1030 1045 1031 1045 1029 1045 1030 1046 1029 1046 1028 1046 1032 1047 1033 1047 1031 1047 1032 1048 1031 1048 1030 1048 1034 1049 1035 1049 1033 1049 1034 1050 1033 1050 1032 1050 1036 1051 1037 1051 1035 1051 1036 1052 1035 1052 1034 1052 1038 1053 1039 1053 1037 1053 1038 1054 1037 1054 1036 1054 1040 1055 1041 1055 1039 1055 1040 1056 1039 1056 1038 1056 1042 1057 1043 1057 1041 1057 1042 1058 1041 1058 1040 1058 1044 1059 1045 1059 1043 1059 1044 1060 1043 1060 1042 1060 1046 1061 1047 1061 1045 1061 1046 1062 1045 1062 1044 1062 1048 1063 981 1063 1047 1063 1048 1064 982 1064 981 1064 1048 1065 1047 1065 1046 1065 1049 1066 1050 1066 982 1066 1049 1067 982 1067 1048 1067 1051 1068 1052 1068 1050 1068 1051 1069 1050 1069 1049 1069 1053 1070 1054 1070 1052 1070 1053 1071 1052 1071 1051 1071 1055 1072 1056 1072 1054 1072 1055 1073 1054 1073 1053 1073 1057 1074 1058 1074 1056 1074 1057 1075 1056 1075 1055 1075 1059 1076 1060 1076 1058 1076 1059 1077 1058 1077 1057 1077 1061 1078 1062 1078 1060 1078 1061 1079 1060 1079 1059 1079 1063 1080 1062 1080 1061 1080 1063 1081 1064 1081 1062 1081 1065 1082 1064 1082 1063 1082 1065 1083 1066 1083 1064 1083 1067 1084 1068 1084 1066 1084 1067 1085 1066 1085 1065 1085 1069 1086 1068 1086 1067 1086 1069 1087 1070 1087 1068 1087 1071 1088 1072 1088 1073 1088 1071 1089 1073 1089 1074 1089 1075 1090 1073 1090 1076 1090 1075 1091 1074 1091 1073 1091 1077 1092 1078 1092 1072 1092 1077 1093 1079 1093 1078 1093 1077 1094 1072 1094 1071 1094 1080 1095 1075 1095 1076 1095 1080 1096 1076 1096 1081 1096 1082 1097 1079 1097 1077 1097 1083 1098 1080 1098 1081 1098 1083 1099 1081 1099 1084 1099 1085 1100 1079 1100 1082 1100 1085 1101 1086 1101 1079 1101 1087 1102 1083 1102 1084 1102 1087 1103 1084 1103 1088 1103 1089 1104 1086 1104 1085 1104 1089 1105 1090 1105 1086 1105 1091 1106 1087 1106 1088 1106 1091 1107 1088 1107 1092 1107 1093 1108 1090 1108 1089 1108 1093 1109 1094 1109 1090 1109 1095 1110 1092 1110 1096 1110 1095 1111 1091 1111 1092 1111 1097 1112 1095 1112 1096 1112 1097 1113 1098 1113 1099 1113 1097 1114 1096 1114 1098 1114 1100 1115 1097 1115 1099 1115 1101 1116 1100 1116 1099 1116 1101 1117 1102 1117 1103 1117 1101 1118 1099 1118 1102 1118 1104 1119 1101 1119 1103 1119 1105 1120 1103 1120 1106 1120 1105 1121 1104 1121 1103 1121 1107 1122 1105 1122 1106 1122 1107 1123 1106 1123 1108 1123 1109 1124 1107 1124 1108 1124 1109 1125 1110 1125 1111 1125 1109 1126 1108 1126 1110 1126 1112 1127 1109 1127 1111 1127 1113 1128 1112 1128 1111 1128 1113 1129 1111 1129 1114 1129 1115 1130 1113 1130 1114 1130 1115 1131 1114 1131 1116 1131 1117 1132 1116 1132 1118 1132 1117 1133 1115 1133 1116 1133 1119 1134 1118 1134 1120 1134 1119 1135 1117 1135 1118 1135 1121 1136 1120 1136 1122 1136 1121 1137 1119 1137 1120 1137 1123 1138 1122 1138 1124 1138 1123 1139 1121 1139 1122 1139 1125 1140 1126 1140 1127 1140 1125 1141 1124 1141 1126 1141 1125 1142 1123 1142 1124 1142 1128 1143 1125 1143 1127 1143 1129 1144 1127 1144 1130 1144 1129 1145 1128 1145 1127 1145 1131 1146 1130 1146 1132 1146 1131 1147 1129 1147 1130 1147 1133 1148 1132 1148 1134 1148 1133 1149 1131 1149 1132 1149 1135 1150 1136 1150 1137 1150 1135 1151 1134 1151 1136 1151 1135 1152 1133 1152 1134 1152 5 1153 1094 1153 1093 1153 5 1154 1138 1154 1094 1154 5 1155 1139 1155 1138 1155 5 1156 1140 1156 1141 1156 5 1157 1142 1157 1139 1157 5 1158 1143 1158 1140 1158 5 1159 1144 1159 1142 1159 5 1160 1145 1160 1143 1160 5 1161 1146 1161 1144 1161 5 1162 1147 1162 1145 1162 5 1163 1148 1163 1146 1163 5 1164 1149 1164 1147 1164 5 1165 1150 1165 1149 1165 5 1166 1151 1166 1150 1166 5 1167 1152 1167 1151 1167 5 1168 1153 1168 1152 1168 5 1169 1154 1169 1153 1169 5 1170 1155 1170 1154 1170 5 1171 1156 1171 1155 1171 5 1172 1157 1172 1156 1172 5 1173 1158 1173 1157 1173 5 1174 1159 1174 1158 1174 5 1175 1160 1175 1159 1175 5 1176 1161 1176 1160 1176 5 1177 1162 1177 1161 1177 5 1178 1163 1178 1162 1178 5 1179 1093 1179 1163 1179 1164 1180 5 1180 1141 1180 1165 1181 1135 1181 1137 1181 1166 1182 5 1182 1164 1182 1167 1183 1168 1183 1169 1183 1167 1184 1137 1184 1168 1184 1167 1185 1165 1185 1137 1185 1170 1186 5 1186 1166 1186 1171 1187 1167 1187 1169 1187 1172 1188 5 1188 1170 1188 1173 1189 5 1189 1172 1189 1174 1190 5 1190 1173 1190 1175 1191 5 1191 1174 1191 1176 1192 5 1192 1175 1192 1177 1193 5 1193 1176 1193 1178 1194 5 1194 1177 1194 1179 1195 5 1195 1178 1195 1180 1196 5 1196 1179 1196 1181 1197 5 1197 1180 1197 1182 1198 5 1198 1181 1198 1183 1199 5 1199 1182 1199 1184 1200 5 1200 1183 1200 1185 1201 5 1201 1184 1201 1186 1202 5 1202 1185 1202 1187 1203 5 1203 1186 1203 1188 1204 5 1204 1187 1204 1189 1205 5 1205 1188 1205 1190 1206 5 1206 1189 1206 1191 1207 1192 1207 1193 1207 1194 1208 1195 1208 1192 1208 1194 1209 1192 1209 1191 1209 1196 1210 1193 1210 1197 1210 1196 1211 1191 1211 1193 1211 1198 1212 1199 1212 1195 1212 1198 1213 1195 1213 1194 1213 1200 1214 1197 1214 1201 1214 1200 1215 1196 1215 1197 1215 1202 1216 1203 1216 1199 1216 1202 1217 1199 1217 1198 1217 1204 1218 1201 1218 1205 1218 1204 1219 1200 1219 1201 1219 1206 1220 1207 1220 1203 1220 1206 1221 1203 1221 1202 1221 1208 1222 1204 1222 1205 1222 1208 1223 1205 1223 1209 1223 1210 1224 1211 1224 1207 1224 1210 1225 1207 1225 1206 1225 1212 1226 1208 1226 1209 1226 1212 1227 1209 1227 1213 1227 1214 1228 1215 1228 1211 1228 1214 1229 1211 1229 1210 1229 1216 1230 1212 1230 1213 1230 1217 1231 1218 1231 1215 1231 1217 1232 1215 1232 1214 1232 1219 1233 1220 1233 1218 1233 1219 1234 1218 1234 1217 1234 1221 1235 1222 1235 1220 1235 1221 1236 1220 1236 1219 1236 1223 1237 1224 1237 1222 1237 1223 1238 1222 1238 1221 1238 1225 1239 1224 1239 1223 1239 1225 1240 1226 1240 1224 1240 1227 1241 1228 1241 1226 1241 1227 1242 1226 1242 1225 1242 1229 1243 1230 1243 1228 1243 1229 1244 1228 1244 1227 1244 1231 1245 1232 1245 1230 1245 1231 1246 1230 1246 1229 1246 1233 1247 1234 1247 1232 1247 1233 1248 1232 1248 1231 1248 1235 1249 1236 1249 1234 1249 1235 1250 1234 1250 1233 1250 1237 1251 1238 1251 1236 1251 1237 1252 1236 1252 1235 1252 1239 1253 1240 1253 1238 1253 1239 1254 1238 1254 1237 1254 1241 1255 1242 1255 1240 1255 1241 1256 1240 1256 1239 1256 1243 1257 1244 1257 1242 1257 1243 1258 1242 1258 1241 1258 1245 1259 1246 1259 1244 1259 1245 1260 1244 1260 1243 1260 1247 1261 1248 1261 1246 1261 1247 1262 1246 1262 1245 1262 1249 1263 1250 1263 1248 1263 1249 1264 1248 1264 1247 1264 1251 1265 1252 1265 1250 1265 1251 1266 1250 1266 1249 1266 1 1267 1253 1267 1254 1267 1 1268 1255 1268 1253 1268 1 1269 1256 1269 1255 1269 1 1270 1257 1270 1256 1270 1 1271 1258 1271 1257 1271 1 1272 1259 1272 1258 1272 1 1273 1260 1273 1259 1273 1 1274 1261 1274 1260 1274 1 1275 1262 1275 1261 1275 1 1276 1216 1276 1213 1276 1 1277 1263 1277 1216 1277 1 1278 1264 1278 1263 1278 1 1279 1265 1279 1266 1279 1 1280 1267 1280 1264 1280 1 1281 1268 1281 1267 1281 1 1282 1269 1282 1265 1282 1 1283 1270 1283 1269 1283 1 1284 1271 1284 1268 1284 1 1285 1272 1285 1270 1285 1 1286 1273 1286 1271 1286 1 1287 1274 1287 1272 1287 1 1288 1275 1288 1273 1288 1 1289 1276 1289 1274 1289 1 1290 1277 1290 1275 1290 1 1291 1213 1291 1276 1291 1 1292 1278 1292 1277 1292 1 1293 1279 1293 1278 1293 1 1294 1254 1294 1279 1294 1280 1295 1262 1295 1 1295 1281 1296 1280 1296 1 1296 1282 1297 1281 1297 1 1297 1283 1298 1282 1298 1 1298 1284 1299 1283 1299 1 1299 1285 1300 1284 1300 1 1300 1286 1301 1285 1301 1 1301 1287 1302 1286 1302 1 1302 1288 1303 1287 1303 1 1303 1289 1304 1288 1304 1 1304 1290 1305 1289 1305 1 1305 1291 1306 1290 1306 1 1306 1292 1307 1291 1307 1 1307 1293 1308 1292 1308 1 1308 1294 1309 1293 1309 1 1309 1295 1310 1294 1310 1 1310 1296 1311 1295 1311 1 1311 1297 1312 1296 1312 1 1312 1298 1313 1297 1313 1 1313 1299 1314 1298 1314 1 1314 1300 1315 1299 1315 1 1315 1301 1316 1302 1316 1303 1316 1304 1317 1302 1317 1301 1317 1304 1318 1305 1318 1302 1318 1306 1319 1303 1319 1307 1319 1306 1320 1301 1320 1303 1320 1308 1321 1305 1321 1304 1321 1308 1322 1169 1322 1305 1322 1309 1323 1307 1323 1310 1323 1309 1324 1306 1324 1307 1324 1311 1325 1169 1325 1308 1325 1311 1326 1312 1326 1171 1326 1311 1327 1171 1327 1169 1327 1313 1328 1310 1328 1314 1328 1313 1329 1309 1329 1310 1329 1315 1330 1312 1330 1311 1330 1315 1331 1316 1331 1312 1331 1317 1332 1314 1332 1318 1332 1317 1333 1313 1333 1314 1333 1319 1334 1320 1334 1316 1334 1319 1335 1316 1335 1315 1335 1321 1336 1318 1336 1322 1336 1321 1337 1317 1337 1318 1337 1323 1338 1324 1338 1320 1338 1323 1339 1320 1339 1319 1339 1325 1340 1322 1340 1326 1340 1325 1341 1321 1341 1322 1341 1327 1342 1328 1342 1324 1342 1327 1343 1324 1343 1323 1343 1329 1344 1326 1344 1330 1344 1329 1345 1325 1345 1326 1345 1331 1346 1328 1346 1327 1346 1331 1347 1332 1347 1328 1347 1333 1348 1330 1348 1070 1348 1333 1349 1329 1349 1330 1349 1333 1350 1070 1350 1069 1350 1334 1351 1335 1351 1332 1351 1334 1352 1332 1352 1331 1352 1336 1353 1069 1353 1337 1353 1336 1354 1333 1354 1069 1354 1338 1355 1339 1355 1335 1355 1338 1356 1335 1356 1334 1356 1340 1357 1341 1357 1342 1357 1340 1358 1337 1358 1341 1358 1340 1359 1336 1359 1337 1359 1343 1360 1344 1360 1339 1360 1343 1361 1339 1361 1338 1361 1345 1362 1340 1362 1342 1362 1346 1363 1347 1363 1344 1363 1346 1364 1344 1364 1343 1364 1348 1365 1345 1365 1342 1365 1348 1366 1342 1366 1349 1366 1350 1367 1351 1367 1347 1367 1350 1368 1347 1368 1346 1368 1352 1369 1349 1369 1353 1369 1352 1370 1348 1370 1349 1370 1354 1371 1351 1371 1350 1371 1354 1372 1355 1372 1351 1372 1356 1373 1357 1373 1358 1373 1356 1374 1353 1374 1357 1374 1356 1375 1352 1375 1353 1375 1359 1376 1360 1376 1355 1376 1359 1377 1355 1377 1354 1377 1361 1378 1356 1378 1358 1378 1362 1379 1360 1379 1359 1379 1362 1380 1363 1380 1360 1380 1364 1381 1361 1381 1358 1381 1364 1382 1358 1382 1365 1382 1366 1383 1363 1383 1362 1383 1366 1384 1367 1384 1363 1384 1368 1385 1365 1385 1369 1385 1368 1386 1364 1386 1365 1386 1370 1387 1371 1387 1367 1387 1370 1388 1367 1388 1366 1388 1372 1389 1369 1389 1373 1389 1372 1390 1368 1390 1369 1390 1374 1391 1371 1391 1370 1391 1374 1392 1375 1392 1371 1392 1376 1393 1377 1393 1375 1393 1376 1394 1375 1394 1374 1394 1378 1395 1379 1395 1377 1395 1378 1396 1377 1396 1376 1396 1380 1397 1381 1397 1379 1397 1380 1398 1379 1398 1378 1398 1382 1399 1381 1399 1380 1399 1382 1400 1383 1400 1381 1400 1384 1401 1383 1401 1382 1401 1384 1402 1385 1402 1383 1402 1386 1403 1385 1403 1384 1403 1386 1404 1387 1404 1385 1404 1388 1405 1389 1405 1387 1405 1388 1406 1387 1406 1386 1406 1390 1407 1389 1407 1388 1407 1390 1408 1391 1408 1389 1408 1392 1409 1391 1409 1390 1409 1392 1410 1393 1410 1391 1410 1394 1411 1395 1411 1393 1411 1394 1412 1393 1412 1392 1412 1396 1413 1397 1413 1395 1413 1396 1414 1395 1414 1394 1414 1398 1415 1399 1415 1397 1415 1398 1416 1397 1416 1396 1416 1400 1417 1399 1417 1398 1417 1400 1418 1190 1418 1399 1418 1401 1419 1190 1419 1400 1419 1401 1420 5 1420 1190 1420 1402 1421 1403 1421 1404 1421 1405 1422 1406 1422 1403 1422 1405 1423 1403 1423 1402 1423 1407 1424 1402 1424 1404 1424 1408 1425 1406 1425 1405 1425 1408 1426 1409 1426 1406 1426 1410 1427 1407 1427 1404 1427 1410 1428 1404 1428 1411 1428 1412 1429 1413 1429 1252 1429 1412 1430 1409 1430 1408 1430 1412 1431 1251 1431 1409 1431 1412 1432 1252 1432 1251 1432 1414 1433 1410 1433 1411 1433 1414 1434 1411 1434 1415 1434 1416 1435 1417 1435 1413 1435 1416 1436 1413 1436 1412 1436 1418 1437 1414 1437 1415 1437 1418 1438 1415 1438 1419 1438 1420 1439 1417 1439 1416 1439 1420 1440 1421 1440 1417 1440 1422 1441 1423 1441 1424 1441 1422 1442 1419 1442 1423 1442 1422 1443 1418 1443 1419 1443 1425 1444 1426 1444 1421 1444 1425 1445 1421 1445 1420 1445 1427 1446 1422 1446 1424 1446 1427 1447 1424 1447 1428 1447 1429 1448 1430 1448 1426 1448 1429 1449 1426 1449 1425 1449 1431 1450 1427 1450 1428 1450 1431 1451 1428 1451 1432 1451 1433 1452 1430 1452 1429 1452 1433 1453 1434 1453 1430 1453 1435 1454 1432 1454 1436 1454 1435 1455 1431 1455 1432 1455 1437 1456 1438 1456 1434 1456 1437 1457 1434 1457 1433 1457 1439 1458 1435 1458 1436 1458 1439 1459 1436 1459 1440 1459 1441 1460 1442 1460 1438 1460 1441 1461 1438 1461 1437 1461 1443 1462 1440 1462 1444 1462 1443 1463 1439 1463 1440 1463 1445 1464 1446 1464 1442 1464 1445 1465 1442 1465 1441 1465 1447 1466 1444 1466 1448 1466 1447 1467 1443 1467 1444 1467 1449 1468 1446 1468 1445 1468 1449 1469 1450 1469 1446 1469 1451 1470 1447 1470 1448 1470 1452 1471 1450 1471 1449 1471 1452 1472 1373 1472 1450 1472 1453 1473 1448 1473 1454 1473 1453 1474 1451 1474 1448 1474 1455 1475 1456 1475 1372 1475 1455 1476 1373 1476 1452 1476 1455 1477 1372 1477 1373 1477 1457 1478 1458 1478 1459 1478 1457 1479 1454 1479 1458 1479 1457 1480 1453 1480 1454 1480 1460 1481 1461 1481 1456 1481 1460 1482 1456 1482 1455 1482 1462 1483 1457 1483 1459 1483 1463 1484 1461 1484 1460 1484 1463 1485 1464 1485 1461 1485 1465 1486 1459 1486 1466 1486 1465 1487 1462 1487 1459 1487 1467 1488 1468 1488 1464 1488 1467 1489 1464 1489 1463 1489 1469 1490 1470 1490 1471 1490 1469 1491 1466 1491 1470 1491 1469 1492 1465 1492 1466 1492 1472 1493 1473 1493 1468 1493 1472 1494 1468 1494 1467 1494 1474 1495 1469 1495 1471 1495 1475 1496 1473 1496 1472 1496 1475 1497 1476 1497 1473 1497 1477 1498 1478 1498 1479 1498 1477 1499 1471 1499 1478 1499 1477 1500 1474 1500 1471 1500 1480 1501 1476 1501 1475 1501 1480 1502 1481 1502 1476 1502 1482 1503 1479 1503 1483 1503 1482 1504 1477 1504 1479 1504 1484 1505 1485 1505 1481 1505 1484 1506 1481 1506 1480 1506 1486 1507 1482 1507 1483 1507 1486 1508 1483 1508 1487 1508 1488 1509 1489 1509 1485 1509 1488 1510 1485 1510 1484 1510 1490 1511 1486 1511 1487 1511 1490 1512 1487 1512 1491 1512 1492 1513 1489 1513 1488 1513 1492 1514 1493 1514 1489 1514 1494 1515 1490 1515 1491 1515 1494 1516 1491 1516 1495 1516 1496 1517 1493 1517 1492 1517 1496 1518 1497 1518 1493 1518 1498 1519 1494 1519 1495 1519 1498 1520 1495 1520 1499 1520 1500 1521 1499 1521 1501 1521 1500 1522 1498 1522 1499 1522 1502 1523 1500 1523 1501 1523 1503 1524 1501 1524 1504 1524 1503 1525 1502 1525 1501 1525 1505 1526 1504 1526 1506 1526 1505 1527 1503 1527 1504 1527 1507 1528 1508 1528 1509 1528 1507 1529 1506 1529 1508 1529 1507 1530 1505 1530 1506 1530 1510 1531 1509 1531 1511 1531 1510 1532 1507 1532 1509 1532 1512 1533 1510 1533 1511 1533 1513 1534 1511 1534 1514 1534 1513 1535 1512 1535 1511 1535 1515 1536 1514 1536 1300 1536 1515 1537 1513 1537 1514 1537 1515 1538 1300 1538 1 1538 1516 1539 1515 1539 1 1539 1517 1540 1516 1540 1 1540 1518 1541 1517 1541 1 1541 1519 1542 1518 1542 1 1542 1520 1543 1519 1543 1 1543 1521 1544 1522 1544 1523 1544 1521 1545 1524 1545 1522 1545 1525 1546 1523 1546 1522 1546 1525 1547 1522 1547 1526 1547 1527 1548 1524 1548 1521 1548 1527 1549 1528 1549 1524 1549 1527 1550 1496 1550 1528 1550 1529 1551 1525 1551 1526 1551 1529 1552 1526 1552 1530 1552 1531 1553 1532 1553 1497 1553 1531 1554 1496 1554 1527 1554 1531 1555 1497 1555 1496 1555 1533 1556 1529 1556 1530 1556 1533 1557 1530 1557 1534 1557 1535 1558 1536 1558 1532 1558 1535 1559 1532 1559 1531 1559 1537 1560 1533 1560 1534 1560 1537 1561 1534 1561 1538 1561 1539 1562 1540 1562 1536 1562 1539 1563 1536 1563 1535 1563 1541 1564 1537 1564 1538 1564 1541 1565 1542 1565 1543 1565 1541 1566 1538 1566 1542 1566 1544 1567 1540 1567 1539 1567 1544 1568 1545 1568 1540 1568 1546 1569 1543 1569 1547 1569 1546 1570 1541 1570 1543 1570 1548 1571 1549 1571 1545 1571 1548 1572 1545 1572 1544 1572 1550 1573 1546 1573 1547 1573 1551 1574 1552 1574 1549 1574 1551 1575 1549 1575 1548 1575 1553 1576 1554 1576 1555 1576 1553 1577 1547 1577 1554 1577 1553 1578 1550 1578 1547 1578 1556 1579 1557 1579 1552 1579 1556 1580 1552 1580 1551 1580 1558 1581 1555 1581 1559 1581 1558 1582 1553 1582 1555 1582 1560 1583 1561 1583 1557 1583 1560 1584 1557 1584 1556 1584 1562 1585 1559 1585 1563 1585 1562 1586 1558 1586 1559 1586 1564 1587 1561 1587 1560 1587 1564 1588 1565 1588 1561 1588 1566 1589 1563 1589 1567 1589 1566 1590 1562 1590 1563 1590 1568 1591 1569 1591 1565 1591 1568 1592 1565 1592 1564 1592 1570 1593 1566 1593 1567 1593 1571 1594 1572 1594 1569 1594 1571 1595 1569 1595 1568 1595 1573 1596 1570 1596 1567 1596 1573 1597 1567 1597 1574 1597 1575 1598 1576 1598 1572 1598 1575 1599 1572 1599 1571 1599 1577 1600 1573 1600 1574 1600 1577 1601 1578 1601 1579 1601 1577 1602 1574 1602 1578 1602 1580 1603 1581 1603 1576 1603 1580 1604 1576 1604 1575 1604 1582 1605 1577 1605 1579 1605 1583 1606 1584 1606 1581 1606 1583 1607 1581 1607 1580 1607 1585 1608 1579 1608 1586 1608 1585 1609 1582 1609 1579 1609 1587 1610 1584 1610 1583 1610 1587 1611 1588 1611 1584 1611 1589 1612 1585 1612 1586 1612 1589 1613 1586 1613 1590 1613 1591 1614 1588 1614 1587 1614 1591 1615 1592 1615 1588 1615 1593 1616 1589 1616 1590 1616 1593 1617 1590 1617 1594 1617 1595 1618 1592 1618 1591 1618 1595 1619 1596 1619 1592 1619 1597 1620 1593 1620 1594 1620 1597 1621 1598 1621 1599 1621 1597 1622 1594 1622 1598 1622 1600 1623 1601 1623 1596 1623 1600 1624 1596 1624 1595 1624 1602 1625 1597 1625 1599 1625 1602 1626 1599 1626 1603 1626 1604 1627 1601 1627 1600 1627 1604 1628 1605 1628 1601 1628 1606 1629 1602 1629 1603 1629 1606 1630 1603 1630 1607 1630 1608 1631 1609 1631 1605 1631 1608 1632 1605 1632 1604 1632 1610 1633 1606 1633 1607 1633 1610 1634 1607 1634 1611 1634 1612 1635 1609 1635 1608 1635 1612 1636 1613 1636 1609 1636 1614 1637 1610 1637 1611 1637 1614 1638 1611 1638 1615 1638 1616 1639 1613 1639 1612 1639 1616 1640 1617 1640 1613 1640 1618 1641 1614 1641 1615 1641 1618 1642 1615 1642 1619 1642 1620 1643 1617 1643 1616 1643 1620 1644 1621 1644 1617 1644 1622 1645 1618 1645 1619 1645 1622 1646 1619 1646 1623 1646 1624 1647 1625 1647 1621 1647 1624 1648 1621 1648 1620 1648 1626 1649 1622 1649 1623 1649 1627 1650 1625 1650 1624 1650 1627 1651 1628 1651 1625 1651 1629 1652 1623 1652 1630 1652 1629 1653 1626 1653 1623 1653 1631 1654 1628 1654 1627 1654 1631 1655 1632 1655 1628 1655 1633 1656 1630 1656 1634 1656 1633 1657 1629 1657 1630 1657 1635 1658 1632 1658 1631 1658 1635 1659 1636 1659 1632 1659 1637 1660 1638 1660 1639 1660 1637 1661 1634 1661 1638 1661 1637 1662 1633 1662 1634 1662 1640 1663 1636 1663 1635 1663 1640 1664 1641 1664 1636 1664 1642 1665 1637 1665 1639 1665 1642 1666 1639 1666 1643 1666 1644 1667 1645 1667 1641 1667 1644 1668 1641 1668 1640 1668 1646 1669 1642 1669 1643 1669 1646 1670 1643 1670 1647 1670 1648 1671 1645 1671 1644 1671 1648 1672 1649 1672 1645 1672 1650 1673 1646 1673 1647 1673 1650 1674 1647 1674 1651 1674 1652 1675 1649 1675 1648 1675 1653 1676 1650 1676 1651 1676 7 1677 1654 1677 1655 1677 7 1678 1656 1678 1654 1678 7 1679 1657 1679 1656 1679 7 1680 1658 1680 1657 1680 7 1681 1651 1681 1658 1681 7 1682 1659 1682 1653 1682 7 1683 1660 1683 1659 1683 7 1684 1661 1684 1662 1684 7 1685 1663 1685 1660 1685 7 1686 1664 1686 1661 1686 7 1687 1665 1687 1663 1687 7 1688 1666 1688 1664 1688 7 1689 1667 1689 1665 1689 7 1690 1668 1690 1666 1690 7 1691 1669 1691 1667 1691 7 1692 1670 1692 1668 1692 7 1693 1662 1693 1669 1693 7 1694 1671 1694 1670 1694 7 1695 1672 1695 1671 1695 7 1696 1673 1696 1672 1696 7 1697 1674 1697 1673 1697 7 1698 1675 1698 1674 1698 7 1699 1676 1699 1675 1699 7 1700 1677 1700 1676 1700 7 1701 1678 1701 1677 1701 7 1702 1679 1702 1678 1702 7 1703 1680 1703 1679 1703 7 1704 1681 1704 1680 1704 7 1705 1682 1705 1681 1705 7 1706 1683 1706 1682 1706 7 1707 1684 1707 1683 1707 7 1708 1685 1708 1684 1708 7 1709 1686 1709 1685 1709 7 1710 1687 1710 1686 1710 7 1711 1688 1711 1687 1711 7 1712 1689 1712 1688 1712 7 1713 1690 1713 1689 1713 7 1714 1691 1714 1690 1714 7 1715 1692 1715 1691 1715 7 1716 1693 1716 1692 1716 7 1717 1694 1717 1693 1717 7 1718 1695 1718 1694 1718 7 1719 1653 1719 1651 1719 7 1720 1696 1720 1695 1720 7 1721 1649 1721 1652 1721 7 1722 1697 1722 1696 1722 7 1723 1698 1723 1697 1723 7 1724 1652 1724 1698 1724 2 1725 1 1725 1699 1725 1699 1726 1 1726 1266 1726 2 1727 1699 1727 1025 1727 1 1728 7 1728 1700 1728 1700 1729 7 1729 1701 1729 1701 1730 7 1730 1655 1730 1 1731 1700 1731 1702 1731 1 1732 1702 1732 1520 1732 7 1733 5 1733 1703 1733 1703 1734 5 1734 1704 1734 1704 1735 5 1735 1705 1735 1705 1736 5 1736 1706 1736 1706 1737 5 1737 1707 1737 1707 1738 5 1738 1708 1738 1708 1739 5 1739 1709 1739 1709 1740 5 1740 1401 1740 7 1741 1703 1741 1710 1741 7 1742 1710 1742 1711 1742 7 1743 1711 1743 1712 1743 7 1744 1712 1744 1713 1744 7 1745 1713 1745 1714 1745 7 1746 1714 1746 1715 1746 7 1747 1715 1747 1716 1747 7 1748 1716 1748 1649 1748 5 1749 2 1749 1717 1749 1717 1750 2 1750 1718 1750 1718 1751 2 1751 944 1751 5 1752 1717 1752 1719 1752 5 1753 1719 1753 1148 1753 6 1754 5 1754 7 1754 6 1755 4 1755 5 1755 170 1756 1027 1756 1029 1756 172 1757 1029 1757 1031 1757 172 1758 170 1758 1029 1758 174 1759 1031 1759 1033 1759 174 1760 172 1760 1031 1760 176 1761 1033 1761 1035 1761 176 1762 174 1762 1033 1762 178 1763 1035 1763 1037 1763 178 1764 176 1764 1035 1764 180 1765 1037 1765 1039 1765 180 1766 178 1766 1037 1766 182 1767 1039 1767 1041 1767 182 1768 180 1768 1039 1768 184 1769 1041 1769 1043 1769 184 1770 182 1770 1041 1770 186 1771 1043 1771 1045 1771 186 1772 184 1772 1043 1772 188 1773 1045 1773 1047 1773 188 1774 186 1774 1045 1774 190 1775 1047 1775 981 1775 190 1776 188 1776 1047 1776 125 1777 981 1777 980 1777 125 1778 190 1778 981 1778 124 1779 980 1779 977 1779 124 1780 125 1780 980 1780 122 1781 977 1781 976 1781 122 1782 124 1782 977 1782 120 1783 976 1783 974 1783 120 1784 122 1784 976 1784 118 1785 974 1785 972 1785 118 1786 120 1786 974 1786 116 1787 972 1787 970 1787 116 1788 118 1788 972 1788 113 1789 970 1789 968 1789 113 1790 116 1790 970 1790 112 1791 968 1791 966 1791 112 1792 113 1792 968 1792 110 1793 966 1793 963 1793 110 1794 112 1794 966 1794 108 1795 963 1795 962 1795 108 1796 110 1796 963 1796 106 1797 108 1797 962 1797 106 1798 962 1798 960 1798 104 1799 106 1799 960 1799 104 1800 960 1800 958 1800 102 1801 104 1801 958 1801 102 1802 958 1802 956 1802 100 1803 102 1803 956 1803 100 1804 956 1804 954 1804 97 1805 100 1805 954 1805 97 1806 954 1806 951 1806 95 1807 97 1807 951 1807 95 1808 951 1808 950 1808 94 1809 95 1809 950 1809 94 1810 950 1810 948 1810 91 1811 948 1811 946 1811 91 1812 94 1812 948 1812 88 1813 946 1813 943 1813 88 1814 91 1814 946 1814 87 1815 88 1815 943 1815 84 1816 943 1816 940 1816 84 1817 87 1817 943 1817 81 1818 940 1818 937 1818 81 1819 937 1819 934 1819 81 1820 84 1820 940 1820 78 1821 934 1821 931 1821 78 1822 81 1822 934 1822 73 1823 931 1823 928 1823 73 1824 78 1824 931 1824 72 1825 928 1825 925 1825 72 1826 73 1826 928 1826 68 1827 72 1827 925 1827 65 1828 925 1828 920 1828 65 1829 68 1829 925 1829 57 1830 920 1830 917 1830 57 1831 65 1831 920 1831 53 1832 917 1832 909 1832 53 1833 57 1833 917 1833 51 1834 909 1834 908 1834 51 1835 53 1835 909 1835 55 1836 908 1836 911 1836 55 1837 51 1837 908 1837 60 1838 911 1838 914 1838 60 1839 55 1839 911 1839 58 1840 914 1840 915 1840 58 1841 60 1841 914 1841 63 1842 915 1842 922 1842 63 1843 922 1843 923 1843 63 1844 58 1844 915 1844 69 1845 63 1845 923 1845 49 1846 69 1846 923 1846 49 1847 923 1847 905 1847 49 1848 905 1848 903 1848 47 1849 49 1849 903 1849 45 1850 47 1850 903 1850 45 1851 903 1851 901 1851 45 1852 901 1852 899 1852 43 1853 45 1853 899 1853 41 1854 43 1854 899 1854 41 1855 899 1855 897 1855 39 1856 41 1856 897 1856 39 1857 897 1857 895 1857 37 1858 39 1858 895 1858 37 1859 895 1859 893 1859 35 1860 37 1860 893 1860 35 1861 893 1861 891 1861 33 1862 35 1862 891 1862 33 1863 891 1863 889 1863 31 1864 33 1864 889 1864 31 1865 889 1865 887 1865 29 1866 31 1866 887 1866 29 1867 887 1867 885 1867 27 1868 29 1868 885 1868 27 1869 885 1869 883 1869 27 1870 883 1870 881 1870 25 1871 27 1871 881 1871 23 1872 25 1872 881 1872 23 1873 881 1873 879 1873 21 1874 23 1874 879 1874 21 1875 879 1875 877 1875 19 1876 877 1876 875 1876 19 1877 21 1877 877 1877 17 1878 875 1878 873 1878 17 1879 873 1879 871 1879 17 1880 19 1880 875 1880 15 1881 17 1881 871 1881 13 1882 871 1882 869 1882 13 1883 869 1883 867 1883 13 1884 15 1884 871 1884 11 1885 13 1885 867 1885 8 1886 867 1886 864 1886 8 1887 864 1887 865 1887 8 1888 11 1888 867 1888 9 1889 8 1889 865 1889 10 1890 865 1890 866 1890 10 1891 866 1891 868 1891 10 1892 9 1892 865 1892 12 1893 10 1893 868 1893 14 1894 868 1894 870 1894 14 1895 870 1895 872 1895 14 1896 12 1896 868 1896 16 1897 14 1897 872 1897 18 1898 16 1898 872 1898 18 1899 872 1899 874 1899 20 1900 18 1900 874 1900 20 1901 874 1901 876 1901 22 1902 20 1902 876 1902 22 1903 876 1903 878 1903 22 1904 878 1904 880 1904 24 1905 22 1905 880 1905 26 1906 24 1906 880 1906 26 1907 880 1907 882 1907 26 1908 882 1908 884 1908 28 1909 26 1909 884 1909 30 1910 28 1910 884 1910 30 1911 884 1911 886 1911 30 1912 886 1912 888 1912 32 1913 30 1913 888 1913 34 1914 32 1914 888 1914 34 1915 888 1915 890 1915 34 1916 890 1916 892 1916 36 1917 34 1917 892 1917 38 1918 36 1918 892 1918 38 1919 892 1919 894 1919 38 1920 894 1920 896 1920 40 1921 38 1921 896 1921 40 1922 896 1922 898 1922 42 1923 40 1923 898 1923 44 1924 42 1924 898 1924 44 1925 898 1925 900 1925 44 1926 900 1926 902 1926 46 1927 44 1927 902 1927 48 1928 46 1928 902 1928 48 1929 902 1929 904 1929 48 1930 904 1930 906 1930 50 1931 48 1931 906 1931 145 1932 50 1932 906 1932 145 1933 906 1933 1001 1933 141 1934 145 1934 1001 1934 141 1935 1001 1935 997 1935 141 1936 997 1936 993 1936 137 1937 141 1937 993 1937 133 1938 137 1938 993 1938 133 1939 993 1939 989 1939 129 1940 133 1940 989 1940 129 1941 989 1941 985 1941 127 1942 129 1942 985 1942 127 1943 985 1943 984 1943 127 1944 984 1944 987 1944 130 1945 127 1945 987 1945 134 1946 987 1946 991 1946 134 1947 130 1947 987 1947 138 1948 134 1948 991 1948 138 1949 991 1949 995 1949 138 1950 995 1950 999 1950 142 1951 138 1951 999 1951 142 1952 999 1952 1003 1952 147 1953 142 1953 1003 1953 149 1954 1003 1954 1006 1954 149 1955 1006 1955 1009 1955 149 1956 147 1956 1003 1956 153 1957 1009 1957 1012 1957 153 1958 149 1958 1009 1958 155 1959 1012 1959 1015 1959 155 1960 153 1960 1012 1960 158 1961 155 1961 1015 1961 161 1962 1015 1962 1018 1962 161 1963 1018 1963 1021 1963 161 1964 158 1964 1015 1964 164 1965 161 1965 1021 1965 167 1966 1021 1966 1024 1966 167 1967 164 1967 1021 1967 170 1968 1024 1968 1027 1968 170 1969 167 1969 1024 1969 373 1970 1230 1970 1232 1970 376 1971 1232 1971 1234 1971 376 1972 373 1972 1232 1972 377 1973 1234 1973 1236 1973 377 1974 376 1974 1234 1974 379 1975 1236 1975 1238 1975 379 1976 377 1976 1236 1976 381 1977 1238 1977 1240 1977 381 1978 379 1978 1238 1978 383 1979 1240 1979 1242 1979 383 1980 381 1980 1240 1980 385 1981 1242 1981 1244 1981 385 1982 383 1982 1242 1982 387 1983 1244 1983 1246 1983 387 1984 385 1984 1244 1984 389 1985 1246 1985 1248 1985 389 1986 387 1986 1246 1986 391 1987 1248 1987 1250 1987 391 1988 389 1988 1248 1988 393 1989 1250 1989 1252 1989 393 1990 391 1990 1250 1990 395 1991 1252 1991 1413 1991 395 1992 393 1992 1252 1992 556 1993 1413 1993 1417 1993 556 1994 395 1994 1413 1994 560 1995 1417 1995 1421 1995 560 1996 556 1996 1417 1996 564 1997 1421 1997 1426 1997 564 1998 560 1998 1421 1998 568 1999 1426 1999 1430 1999 568 2000 564 2000 1426 2000 573 2001 1430 2001 1434 2001 573 2002 568 2002 1430 2002 577 2003 1434 2003 1438 2003 577 2004 573 2004 1434 2004 582 2005 1438 2005 1442 2005 582 2006 577 2006 1438 2006 586 2007 1442 2007 1446 2007 586 2008 582 2008 1442 2008 590 2009 1446 2009 1450 2009 590 2010 586 2010 1446 2010 594 2011 590 2011 1450 2011 594 2012 1450 2012 1373 2012 514 2013 594 2013 1373 2013 514 2014 1373 2014 1369 2014 510 2015 514 2015 1369 2015 510 2016 1369 2016 1365 2016 506 2017 510 2017 1365 2017 506 2018 1365 2018 1358 2018 502 2019 506 2019 1358 2019 502 2020 1358 2020 1357 2020 501 2021 502 2021 1357 2021 501 2022 1357 2022 1353 2022 497 2023 501 2023 1353 2023 497 2024 1353 2024 1349 2024 490 2025 1349 2025 1342 2025 490 2026 497 2026 1349 2026 489 2027 1342 2027 1341 2027 489 2028 490 2028 1342 2028 485 2029 489 2029 1341 2029 481 2030 1341 2030 1337 2030 481 2031 485 2031 1341 2031 214 2032 1337 2032 1069 2032 214 2033 1069 2033 1067 2033 214 2034 481 2034 1337 2034 211 2035 1067 2035 1065 2035 211 2036 214 2036 1067 2036 210 2037 1065 2037 1063 2037 210 2038 211 2038 1065 2038 208 2039 1063 2039 1061 2039 208 2040 210 2040 1063 2040 206 2041 208 2041 1061 2041 203 2042 1061 2042 1059 2042 203 2043 206 2043 1061 2043 201 2044 1059 2044 1057 2044 201 2045 203 2045 1059 2045 200 2046 1057 2046 1055 2046 200 2047 201 2047 1057 2047 197 2048 1055 2048 1053 2048 197 2049 200 2049 1055 2049 196 2050 1053 2050 1051 2050 196 2051 197 2051 1053 2051 194 2052 1051 2052 1049 2052 194 2053 196 2053 1051 2053 192 2054 1049 2054 1048 2054 192 2055 194 2055 1049 2055 191 2056 1048 2056 1046 2056 191 2057 1046 2057 1044 2057 191 2058 192 2058 1048 2058 189 2059 191 2059 1044 2059 187 2060 189 2060 1044 2060 187 2061 1044 2061 1042 2061 187 2062 1042 2062 1040 2062 185 2063 187 2063 1040 2063 183 2064 185 2064 1040 2064 183 2065 1040 2065 1038 2065 183 2066 1038 2066 1036 2066 181 2067 183 2067 1036 2067 179 2068 181 2068 1036 2068 179 2069 1036 2069 1034 2069 177 2070 179 2070 1034 2070 177 2071 1034 2071 1032 2071 175 2072 177 2072 1032 2072 175 2073 1032 2073 1030 2073 173 2074 175 2074 1030 2074 173 2075 1030 2075 1028 2075 171 2076 173 2076 1028 2076 171 2077 1028 2077 1026 2077 168 2078 171 2078 1026 2078 168 2079 1026 2079 1023 2079 165 2080 168 2080 1023 2080 165 2081 1023 2081 1020 2081 162 2082 165 2082 1020 2082 162 2083 1020 2083 1017 2083 162 2084 1017 2084 1014 2084 159 2085 162 2085 1014 2085 156 2086 159 2086 1014 2086 156 2087 1014 2087 1011 2087 152 2088 156 2088 1011 2088 152 2089 1011 2089 1008 2089 150 2090 1008 2090 1005 2090 150 2091 152 2091 1008 2091 146 2092 1005 2092 1002 2092 146 2093 1002 2093 998 2093 146 2094 150 2094 1005 2094 143 2095 146 2095 998 2095 139 2096 998 2096 994 2096 139 2097 994 2097 990 2097 139 2098 143 2098 998 2098 135 2099 139 2099 990 2099 131 2100 990 2100 986 2100 131 2101 986 2101 983 2101 131 2102 135 2102 990 2102 128 2103 131 2103 983 2103 132 2104 983 2104 988 2104 132 2105 988 2105 992 2105 132 2106 128 2106 983 2106 136 2107 132 2107 992 2107 140 2108 992 2108 996 2108 140 2109 996 2109 1000 2109 140 2110 136 2110 992 2110 144 2111 140 2111 1000 2111 148 2112 144 2112 1000 2112 148 2113 1000 2113 1004 2113 151 2114 148 2114 1004 2114 151 2115 1004 2115 1007 2115 154 2116 151 2116 1007 2116 154 2117 1007 2117 1010 2117 154 2118 1010 2118 1013 2118 157 2119 154 2119 1013 2119 160 2120 157 2120 1013 2120 160 2121 1013 2121 1016 2121 160 2122 1016 2122 1019 2122 163 2123 160 2123 1019 2123 166 2124 163 2124 1019 2124 166 2125 1019 2125 1022 2125 166 2126 1022 2126 1025 2126 169 2127 166 2127 1025 2127 843 2128 169 2128 1025 2128 843 2129 1025 2129 1699 2129 843 2130 1699 2130 1266 2130 409 2131 843 2131 1266 2131 407 2132 409 2132 1266 2132 407 2133 1266 2133 1265 2133 407 2134 1265 2134 1269 2134 405 2135 407 2135 1269 2135 405 2136 1269 2136 1270 2136 403 2137 405 2137 1270 2137 401 2138 403 2138 1270 2138 401 2139 1270 2139 1272 2139 401 2140 1272 2140 1274 2140 398 2141 401 2141 1274 2141 397 2142 398 2142 1274 2142 397 2143 1274 2143 1276 2143 397 2144 1276 2144 1213 2144 357 2145 397 2145 1213 2145 353 2146 357 2146 1213 2146 353 2147 1213 2147 1209 2147 349 2148 353 2148 1209 2148 349 2149 1209 2149 1205 2149 349 2150 1205 2150 1201 2150 345 2151 349 2151 1201 2151 341 2152 345 2152 1201 2152 341 2153 1201 2153 1197 2153 337 2154 341 2154 1197 2154 337 2155 1197 2155 1193 2155 335 2156 337 2156 1193 2156 335 2157 1193 2157 1192 2157 335 2158 1192 2158 1195 2158 339 2159 335 2159 1195 2159 342 2160 1195 2160 1199 2160 342 2161 339 2161 1195 2161 346 2162 342 2162 1199 2162 346 2163 1199 2163 1203 2163 346 2164 1203 2164 1207 2164 350 2165 346 2165 1207 2165 350 2166 1207 2166 1211 2166 355 2167 350 2167 1211 2167 358 2168 1211 2168 1215 2168 358 2169 1215 2169 1218 2169 358 2170 355 2170 1211 2170 361 2171 1218 2171 1220 2171 361 2172 358 2172 1218 2172 363 2173 1220 2173 1222 2173 363 2174 361 2174 1220 2174 365 2175 363 2175 1222 2175 367 2176 1222 2176 1224 2176 367 2177 1224 2177 1226 2177 367 2178 365 2178 1222 2178 369 2179 367 2179 1226 2179 371 2180 1226 2180 1228 2180 371 2181 369 2181 1226 2181 373 2182 1228 2182 1230 2182 373 2183 371 2183 1228 2183 437 2184 1293 2184 1294 2184 438 2185 1294 2185 1295 2185 438 2186 437 2186 1294 2186 439 2187 1295 2187 1296 2187 439 2188 438 2188 1295 2188 440 2189 1296 2189 1297 2189 440 2190 439 2190 1296 2190 441 2191 1297 2191 1298 2191 441 2192 440 2192 1297 2192 442 2193 1298 2193 1299 2193 442 2194 441 2194 1298 2194 443 2195 1299 2195 1300 2195 443 2196 442 2196 1299 2196 444 2197 1300 2197 1514 2197 444 2198 443 2198 1300 2198 658 2199 1514 2199 1511 2199 658 2200 444 2200 1514 2200 656 2201 1511 2201 1509 2201 656 2202 658 2202 1511 2202 654 2203 1509 2203 1508 2203 654 2204 656 2204 1509 2204 652 2205 1508 2205 1506 2205 652 2206 654 2206 1508 2206 650 2207 1506 2207 1504 2207 650 2208 652 2208 1506 2208 648 2209 1504 2209 1501 2209 648 2210 650 2210 1504 2210 645 2211 1501 2211 1499 2211 645 2212 648 2212 1501 2212 643 2213 1499 2213 1495 2213 643 2214 645 2214 1499 2214 642 2215 1495 2215 1491 2215 642 2216 643 2216 1495 2216 638 2217 1491 2217 1487 2217 638 2218 642 2218 1491 2218 634 2219 1487 2219 1483 2219 634 2220 638 2220 1487 2220 630 2221 1483 2221 1479 2221 630 2222 634 2222 1483 2222 623 2223 1479 2223 1478 2223 623 2224 630 2224 1479 2224 622 2225 623 2225 1478 2225 622 2226 1478 2226 1471 2226 615 2227 622 2227 1471 2227 615 2228 1471 2228 1470 2228 613 2229 615 2229 1470 2229 613 2230 1470 2230 1466 2230 607 2231 613 2231 1466 2231 607 2232 1466 2232 1459 2232 606 2233 607 2233 1459 2233 606 2234 1459 2234 1458 2234 602 2235 606 2235 1458 2235 602 2236 1458 2236 1454 2236 598 2237 602 2237 1454 2237 598 2238 1454 2238 1448 2238 592 2239 1448 2239 1444 2239 592 2240 598 2240 1448 2240 588 2241 1444 2241 1440 2241 588 2242 592 2242 1444 2242 584 2243 588 2243 1440 2243 580 2244 1440 2244 1436 2244 580 2245 584 2245 1440 2245 576 2246 1436 2246 1432 2246 576 2247 1432 2247 1428 2247 576 2248 580 2248 1436 2248 572 2249 1428 2249 1424 2249 572 2250 576 2250 1428 2250 571 2251 1424 2251 1423 2251 571 2252 572 2252 1424 2252 567 2253 1423 2253 1419 2253 567 2254 571 2254 1423 2254 563 2255 567 2255 1419 2255 559 2256 1419 2256 1415 2256 559 2257 563 2257 1419 2257 555 2258 1415 2258 1411 2258 555 2259 559 2259 1415 2259 548 2260 1411 2260 1404 2260 548 2261 555 2261 1411 2261 546 2262 1404 2262 1403 2262 546 2263 548 2263 1404 2263 549 2264 1403 2264 1406 2264 549 2265 546 2265 1403 2265 552 2266 1406 2266 1409 2266 552 2267 549 2267 1406 2267 396 2268 1409 2268 1251 2268 396 2269 552 2269 1409 2269 394 2270 1251 2270 1249 2270 394 2271 1249 2271 1247 2271 394 2272 396 2272 1251 2272 392 2273 394 2273 1247 2273 390 2274 392 2274 1247 2274 390 2275 1247 2275 1245 2275 390 2276 1245 2276 1243 2276 388 2277 390 2277 1243 2277 386 2278 388 2278 1243 2278 386 2279 1243 2279 1241 2279 386 2280 1241 2280 1239 2280 384 2281 386 2281 1239 2281 382 2282 384 2282 1239 2282 382 2283 1239 2283 1237 2283 380 2284 382 2284 1237 2284 380 2285 1237 2285 1235 2285 378 2286 380 2286 1235 2286 378 2287 1235 2287 1233 2287 375 2288 378 2288 1233 2288 375 2289 1233 2289 1231 2289 374 2290 375 2290 1231 2290 374 2291 1231 2291 1229 2291 372 2292 374 2292 1229 2292 372 2293 1229 2293 1227 2293 370 2294 372 2294 1227 2294 370 2295 1227 2295 1225 2295 368 2296 370 2296 1225 2296 368 2297 1225 2297 1223 2297 368 2298 1223 2298 1221 2298 366 2299 368 2299 1221 2299 364 2300 366 2300 1221 2300 364 2301 1221 2301 1219 2301 362 2302 364 2302 1219 2302 362 2303 1219 2303 1217 2303 359 2304 1217 2304 1214 2304 359 2305 362 2305 1217 2305 354 2306 1214 2306 1210 2306 354 2307 1210 2307 1206 2307 354 2308 359 2308 1214 2308 351 2309 354 2309 1206 2309 347 2310 1206 2310 1202 2310 347 2311 1202 2311 1198 2311 347 2312 351 2312 1206 2312 343 2313 347 2313 1198 2313 338 2314 1198 2314 1194 2314 338 2315 1194 2315 1191 2315 338 2316 343 2316 1198 2316 336 2317 338 2317 1191 2317 340 2318 1191 2318 1196 2318 340 2319 1196 2319 1200 2319 340 2320 336 2320 1191 2320 344 2321 340 2321 1200 2321 348 2322 1200 2322 1204 2322 348 2323 1204 2323 1208 2323 348 2324 344 2324 1200 2324 352 2325 348 2325 1208 2325 356 2326 352 2326 1208 2326 356 2327 1208 2327 1212 2327 360 2328 356 2328 1212 2328 360 2329 1212 2329 1216 2329 423 2330 360 2330 1216 2330 423 2331 1216 2331 1263 2331 423 2332 1263 2332 1264 2332 422 2333 423 2333 1264 2333 421 2334 422 2334 1264 2334 421 2335 1264 2335 1267 2335 421 2336 1267 2336 1268 2336 420 2337 421 2337 1268 2337 419 2338 420 2338 1268 2338 419 2339 1268 2339 1271 2339 419 2340 1271 2340 1273 2340 418 2341 419 2341 1273 2341 417 2342 418 2342 1273 2342 417 2343 1273 2343 1275 2343 417 2344 1275 2344 1277 2344 416 2345 417 2345 1277 2345 415 2346 416 2346 1277 2346 415 2347 1277 2347 1278 2347 415 2348 1278 2348 1279 2348 414 2349 415 2349 1279 2349 414 2350 1279 2350 1254 2350 413 2351 414 2351 1254 2351 412 2352 413 2352 1254 2352 412 2353 1254 2353 1253 2353 412 2354 1253 2354 1255 2354 411 2355 412 2355 1255 2355 410 2356 411 2356 1255 2356 410 2357 1255 2357 1256 2357 410 2358 1256 2358 1257 2358 408 2359 410 2359 1257 2359 406 2360 408 2360 1257 2360 406 2361 1257 2361 1258 2361 404 2362 406 2362 1258 2362 404 2363 1258 2363 1259 2363 404 2364 1259 2364 1260 2364 402 2365 404 2365 1260 2365 400 2366 402 2366 1260 2366 400 2367 1260 2367 1261 2367 399 2368 400 2368 1261 2368 399 2369 1261 2369 1262 2369 424 2370 399 2370 1262 2370 424 2371 1262 2371 1280 2371 424 2372 1280 2372 1281 2372 425 2373 424 2373 1281 2373 426 2374 1281 2374 1282 2374 426 2375 425 2375 1281 2375 427 2376 426 2376 1282 2376 427 2377 1282 2377 1283 2377 427 2378 1283 2378 1284 2378 428 2379 427 2379 1284 2379 428 2380 1284 2380 1285 2380 429 2381 428 2381 1285 2381 430 2382 1285 2382 1286 2382 430 2383 1286 2383 1287 2383 430 2384 429 2384 1285 2384 431 2385 1287 2385 1288 2385 431 2386 430 2386 1287 2386 432 2387 1288 2387 1289 2387 432 2388 431 2388 1288 2388 433 2389 432 2389 1289 2389 434 2390 1289 2390 1290 2390 434 2391 1290 2391 1291 2391 434 2392 433 2392 1289 2392 435 2393 434 2393 1291 2393 436 2394 1291 2394 1292 2394 436 2395 435 2395 1291 2395 437 2396 1292 2396 1293 2396 437 2397 436 2397 1292 2397 213 2398 1070 2398 1330 2398 474 2399 1330 2399 1326 2399 474 2400 213 2400 1330 2400 470 2401 1326 2401 1322 2401 470 2402 474 2402 1326 2402 466 2403 1322 2403 1318 2403 466 2404 470 2404 1322 2404 462 2405 1318 2405 1314 2405 462 2406 466 2406 1318 2406 458 2407 1314 2407 1310 2407 458 2408 462 2408 1314 2408 454 2409 1310 2409 1307 2409 454 2410 458 2410 1310 2410 451 2411 1307 2411 1303 2411 451 2412 454 2412 1307 2412 447 2413 1303 2413 1302 2413 447 2414 451 2414 1303 2414 445 2415 1302 2415 1305 2415 445 2416 447 2416 1302 2416 448 2417 1305 2417 1169 2417 448 2418 445 2418 1305 2418 315 2419 1169 2419 1168 2419 315 2420 448 2420 1169 2420 312 2421 1168 2421 1137 2421 312 2422 315 2422 1168 2422 309 2423 1137 2423 1136 2423 309 2424 312 2424 1137 2424 280 2425 1136 2425 1134 2425 280 2426 309 2426 1136 2426 278 2427 1134 2427 1132 2427 278 2428 280 2428 1134 2428 276 2429 1132 2429 1130 2429 276 2430 278 2430 1132 2430 273 2431 1130 2431 1127 2431 273 2432 276 2432 1130 2432 272 2433 1127 2433 1126 2433 272 2434 273 2434 1127 2434 270 2435 1126 2435 1124 2435 270 2436 272 2436 1126 2436 268 2437 1124 2437 1122 2437 268 2438 270 2438 1124 2438 266 2439 268 2439 1122 2439 266 2440 1122 2440 1120 2440 264 2441 266 2441 1120 2441 264 2442 1120 2442 1118 2442 262 2443 264 2443 1118 2443 262 2444 1118 2444 1116 2444 260 2445 262 2445 1116 2445 260 2446 1116 2446 1114 2446 257 2447 260 2447 1114 2447 257 2448 1114 2448 1111 2448 255 2449 257 2449 1111 2449 255 2450 1111 2450 1110 2450 254 2451 255 2451 1110 2451 254 2452 1110 2452 1108 2452 251 2453 1108 2453 1106 2453 251 2454 254 2454 1108 2454 249 2455 1106 2455 1103 2455 249 2456 251 2456 1106 2456 248 2457 249 2457 1103 2457 246 2458 1103 2458 1102 2458 246 2459 248 2459 1103 2459 243 2460 1102 2460 1099 2460 243 2461 1099 2461 1098 2461 243 2462 246 2462 1102 2462 242 2463 1098 2463 1096 2463 242 2464 243 2464 1098 2464 237 2465 1096 2465 1092 2465 237 2466 242 2466 1096 2466 236 2467 1092 2467 1088 2467 236 2468 237 2468 1092 2468 232 2469 236 2469 1088 2469 228 2470 1088 2470 1084 2470 228 2471 232 2471 1088 2471 221 2472 1084 2472 1081 2472 221 2473 228 2473 1084 2473 220 2474 1081 2474 1076 2474 220 2475 221 2475 1081 2475 215 2476 1076 2476 1073 2476 215 2477 220 2477 1076 2477 218 2478 1073 2478 1072 2478 218 2479 215 2479 1073 2479 224 2480 1072 2480 1078 2480 224 2481 218 2481 1072 2481 222 2482 1078 2482 1079 2482 222 2483 224 2483 1078 2483 230 2484 1079 2484 1086 2484 230 2485 1086 2485 1090 2485 230 2486 222 2486 1079 2486 234 2487 230 2487 1090 2487 239 2488 234 2488 1090 2488 239 2489 1090 2489 1094 2489 239 2490 1094 2490 1138 2490 293 2491 239 2491 1138 2491 291 2492 293 2492 1138 2492 291 2493 1138 2493 1139 2493 291 2494 1139 2494 1142 2494 289 2495 291 2495 1142 2495 288 2496 289 2496 1142 2496 288 2497 1142 2497 1144 2497 285 2498 288 2498 1144 2498 285 2499 1144 2499 1146 2499 284 2500 285 2500 1146 2500 284 2501 1146 2501 1148 2501 863 2502 284 2502 1148 2502 863 2503 1148 2503 1719 2503 861 2504 863 2504 1719 2504 861 2505 1719 2505 1717 2505 862 2506 861 2506 1717 2506 862 2507 1717 2507 1718 2507 89 2508 862 2508 1718 2508 89 2509 1718 2509 944 2509 85 2510 89 2510 944 2510 85 2511 944 2511 941 2511 85 2512 941 2512 938 2512 82 2513 85 2513 938 2513 79 2514 82 2514 938 2514 79 2515 938 2515 935 2515 76 2516 79 2516 935 2516 76 2517 935 2517 932 2517 74 2518 932 2518 929 2518 74 2519 76 2519 932 2519 70 2520 929 2520 926 2520 70 2521 926 2521 921 2521 70 2522 74 2522 929 2522 66 2523 70 2523 921 2523 62 2524 921 2524 918 2524 62 2525 918 2525 913 2525 62 2526 66 2526 921 2526 59 2527 62 2527 913 2527 54 2528 913 2528 910 2528 54 2529 910 2529 907 2529 54 2530 59 2530 913 2530 52 2531 54 2531 907 2531 56 2532 907 2532 912 2532 56 2533 912 2533 916 2533 56 2534 52 2534 907 2534 61 2535 56 2535 916 2535 64 2536 916 2536 919 2536 64 2537 919 2537 924 2537 64 2538 61 2538 916 2538 67 2539 64 2539 924 2539 71 2540 67 2540 924 2540 71 2541 924 2541 927 2541 75 2542 71 2542 927 2542 75 2543 927 2543 930 2543 77 2544 75 2544 930 2544 77 2545 930 2545 933 2545 77 2546 933 2546 936 2546 80 2547 77 2547 936 2547 83 2548 80 2548 936 2548 83 2549 936 2549 939 2549 83 2550 939 2550 942 2550 86 2551 83 2551 942 2551 90 2552 86 2552 942 2552 90 2553 942 2553 945 2553 90 2554 945 2554 947 2554 92 2555 90 2555 947 2555 93 2556 92 2556 947 2556 93 2557 947 2557 949 2557 93 2558 949 2558 952 2558 96 2559 93 2559 952 2559 98 2560 96 2560 952 2560 98 2561 952 2561 953 2561 98 2562 953 2562 955 2562 99 2563 98 2563 955 2563 99 2564 955 2564 957 2564 101 2565 99 2565 957 2565 103 2566 101 2566 957 2566 103 2567 957 2567 959 2567 103 2568 959 2568 961 2568 105 2569 103 2569 961 2569 107 2570 105 2570 961 2570 107 2571 961 2571 964 2571 107 2572 964 2572 965 2572 109 2573 107 2573 965 2573 111 2574 109 2574 965 2574 111 2575 965 2575 967 2575 114 2576 111 2576 967 2576 114 2577 967 2577 969 2577 114 2578 969 2578 971 2578 115 2579 114 2579 971 2579 117 2580 115 2580 971 2580 117 2581 971 2581 973 2581 119 2582 117 2582 973 2582 119 2583 973 2583 975 2583 121 2584 119 2584 975 2584 121 2585 975 2585 978 2585 121 2586 978 2586 979 2586 123 2587 121 2587 979 2587 126 2588 979 2588 982 2588 126 2589 123 2589 979 2589 193 2590 126 2590 982 2590 193 2591 982 2591 1050 2591 193 2592 1050 2592 1052 2592 195 2593 193 2593 1052 2593 195 2594 1052 2594 1054 2594 198 2595 195 2595 1054 2595 199 2596 1054 2596 1056 2596 199 2597 1056 2597 1058 2597 199 2598 198 2598 1054 2598 202 2599 1058 2599 1060 2599 202 2600 199 2600 1058 2600 204 2601 1060 2601 1062 2601 204 2602 202 2602 1060 2602 205 2603 204 2603 1062 2603 207 2604 1062 2604 1064 2604 207 2605 1064 2605 1066 2605 207 2606 205 2606 1062 2606 209 2607 207 2607 1066 2607 212 2608 1066 2608 1068 2608 212 2609 209 2609 1066 2609 213 2610 1068 2610 1070 2610 213 2611 212 2611 1068 2611 494 2612 1351 2612 1355 2612 499 2613 1355 2613 1360 2613 499 2614 494 2614 1355 2614 504 2615 1360 2615 1363 2615 504 2616 499 2616 1360 2616 507 2617 1363 2617 1367 2617 507 2618 504 2618 1363 2618 511 2619 1367 2619 1371 2619 511 2620 507 2620 1367 2620 515 2621 1371 2621 1375 2621 515 2622 511 2622 1371 2622 518 2623 1375 2623 1377 2623 518 2624 515 2624 1375 2624 520 2625 1377 2625 1379 2625 520 2626 518 2626 1377 2626 522 2627 1379 2627 1381 2627 522 2628 520 2628 1379 2628 524 2629 1381 2629 1383 2629 524 2630 522 2630 1381 2630 526 2631 1383 2631 1385 2631 526 2632 524 2632 1383 2632 529 2633 1385 2633 1387 2633 529 2634 526 2634 1385 2634 530 2635 1387 2635 1389 2635 530 2636 529 2636 1387 2636 533 2637 1389 2637 1391 2637 533 2638 530 2638 1389 2638 534 2639 1391 2639 1393 2639 534 2640 533 2640 1391 2640 537 2641 1393 2641 1395 2641 537 2642 534 2642 1393 2642 538 2643 1395 2643 1397 2643 538 2644 537 2644 1395 2644 540 2645 1397 2645 1399 2645 540 2646 538 2646 1397 2646 543 2647 1399 2647 1190 2647 543 2648 540 2648 1399 2648 334 2649 1190 2649 1189 2649 334 2650 543 2650 1190 2650 333 2651 1189 2651 1188 2651 333 2652 334 2652 1189 2652 332 2653 333 2653 1188 2653 332 2654 1188 2654 1187 2654 331 2655 332 2655 1187 2655 331 2656 1187 2656 1186 2656 330 2657 331 2657 1186 2657 330 2658 1186 2658 1185 2658 329 2659 330 2659 1185 2659 329 2660 1185 2660 1184 2660 328 2661 329 2661 1184 2661 328 2662 1184 2662 1183 2662 327 2663 328 2663 1183 2663 327 2664 1183 2664 1182 2664 326 2665 327 2665 1182 2665 326 2666 1182 2666 1181 2666 325 2667 1181 2667 1180 2667 325 2668 326 2668 1181 2668 324 2669 1180 2669 1179 2669 324 2670 325 2670 1180 2670 323 2671 324 2671 1179 2671 322 2672 1179 2672 1178 2672 322 2673 323 2673 1179 2673 321 2674 1178 2674 1177 2674 321 2675 1177 2675 1176 2675 321 2676 322 2676 1178 2676 320 2677 1176 2677 1175 2677 320 2678 321 2678 1176 2678 319 2679 1175 2679 1174 2679 319 2680 320 2680 1175 2680 318 2681 1174 2681 1173 2681 318 2682 319 2682 1174 2682 317 2683 318 2683 1173 2683 316 2684 1173 2684 1172 2684 316 2685 317 2685 1173 2685 313 2686 1172 2686 1170 2686 313 2687 316 2687 1172 2687 310 2688 1170 2688 1166 2688 310 2689 313 2689 1170 2689 307 2690 1166 2690 1164 2690 307 2691 310 2691 1166 2691 306 2692 1164 2692 1141 2692 306 2693 307 2693 1164 2693 305 2694 1141 2694 1140 2694 305 2695 306 2695 1141 2695 304 2696 1140 2696 1143 2696 304 2697 305 2697 1140 2697 303 2698 1143 2698 1145 2698 303 2699 1145 2699 1147 2699 303 2700 304 2700 1143 2700 302 2701 303 2701 1147 2701 301 2702 302 2702 1147 2702 301 2703 1147 2703 1149 2703 301 2704 1149 2704 1150 2704 300 2705 301 2705 1150 2705 299 2706 300 2706 1150 2706 299 2707 1150 2707 1151 2707 299 2708 1151 2708 1152 2708 298 2709 299 2709 1152 2709 297 2710 298 2710 1152 2710 297 2711 1152 2711 1153 2711 296 2712 297 2712 1153 2712 296 2713 1153 2713 1154 2713 295 2714 296 2714 1154 2714 295 2715 1154 2715 1155 2715 294 2716 295 2716 1155 2716 294 2717 1155 2717 1156 2717 292 2718 294 2718 1156 2718 292 2719 1156 2719 1157 2719 290 2720 292 2720 1157 2720 290 2721 1157 2721 1158 2721 287 2722 290 2722 1158 2722 287 2723 1158 2723 1159 2723 286 2724 287 2724 1159 2724 286 2725 1159 2725 1160 2725 286 2726 1160 2726 1161 2726 283 2727 286 2727 1161 2727 282 2728 283 2728 1161 2728 282 2729 1161 2729 1162 2729 281 2730 282 2730 1162 2730 281 2731 1162 2731 1163 2731 238 2732 1163 2732 1093 2732 238 2733 281 2733 1163 2733 233 2734 1093 2734 1089 2734 233 2735 1089 2735 1085 2735 233 2736 238 2736 1093 2736 229 2737 233 2737 1085 2737 226 2738 1085 2738 1082 2738 226 2739 1082 2739 1077 2739 226 2740 229 2740 1085 2740 223 2741 226 2741 1077 2741 216 2742 1077 2742 1071 2742 216 2743 1071 2743 1074 2743 216 2744 223 2744 1077 2744 217 2745 216 2745 1074 2745 219 2746 1074 2746 1075 2746 219 2747 1075 2747 1080 2747 219 2748 217 2748 1074 2748 225 2749 219 2749 1080 2749 227 2750 1080 2750 1083 2750 227 2751 1083 2751 1087 2751 227 2752 225 2752 1080 2752 231 2753 227 2753 1087 2753 235 2754 231 2754 1087 2754 235 2755 1087 2755 1091 2755 240 2756 235 2756 1091 2756 240 2757 1091 2757 1095 2757 241 2758 240 2758 1095 2758 241 2759 1095 2759 1097 2759 241 2760 1097 2760 1100 2760 244 2761 241 2761 1100 2761 245 2762 244 2762 1100 2762 245 2763 1100 2763 1101 2763 245 2764 1101 2764 1104 2764 247 2765 245 2765 1104 2765 250 2766 247 2766 1104 2766 250 2767 1104 2767 1105 2767 250 2768 1105 2768 1107 2768 252 2769 250 2769 1107 2769 253 2770 252 2770 1107 2770 253 2771 1107 2771 1109 2771 253 2772 1109 2772 1112 2772 256 2773 253 2773 1112 2773 258 2774 256 2774 1112 2774 258 2775 1112 2775 1113 2775 258 2776 1113 2776 1115 2776 259 2777 258 2777 1115 2777 259 2778 1115 2778 1117 2778 261 2779 259 2779 1117 2779 263 2780 261 2780 1117 2780 263 2781 1117 2781 1119 2781 263 2782 1119 2782 1121 2782 265 2783 263 2783 1121 2783 267 2784 265 2784 1121 2784 267 2785 1121 2785 1123 2785 267 2786 1123 2786 1125 2786 269 2787 267 2787 1125 2787 271 2788 269 2788 1125 2788 271 2789 1125 2789 1128 2789 274 2790 271 2790 1128 2790 274 2791 1128 2791 1129 2791 274 2792 1129 2792 1131 2792 275 2793 274 2793 1131 2793 277 2794 275 2794 1131 2794 277 2795 1131 2795 1133 2795 279 2796 277 2796 1133 2796 279 2797 1133 2797 1135 2797 308 2798 279 2798 1135 2798 308 2799 1135 2799 1165 2799 308 2800 1165 2800 1167 2800 311 2801 308 2801 1167 2801 314 2802 1167 2802 1171 2802 314 2803 311 2803 1167 2803 456 2804 314 2804 1171 2804 456 2805 1171 2805 1312 2805 456 2806 1312 2806 1316 2806 460 2807 456 2807 1316 2807 460 2808 1316 2808 1320 2808 463 2809 460 2809 1320 2809 467 2810 1320 2810 1324 2810 467 2811 1324 2811 1328 2811 467 2812 463 2812 1320 2812 472 2813 1328 2813 1332 2813 472 2814 467 2814 1328 2814 475 2815 1332 2815 1335 2815 475 2816 472 2816 1332 2816 479 2817 475 2817 1335 2817 482 2818 1335 2818 1339 2818 482 2819 1339 2819 1344 2819 482 2820 479 2820 1335 2820 486 2821 482 2821 1344 2821 491 2822 1344 2822 1347 2822 491 2823 486 2823 1344 2823 494 2824 1347 2824 1351 2824 494 2825 491 2825 1347 2825 844 2826 1700 2826 1701 2826 845 2827 1701 2827 1655 2827 845 2828 844 2828 1701 2828 821 2829 1655 2829 1654 2829 821 2830 845 2830 1655 2830 819 2831 1654 2831 1656 2831 819 2832 821 2832 1654 2832 817 2833 1656 2833 1657 2833 817 2834 819 2834 1656 2834 815 2835 1657 2835 1658 2835 815 2836 817 2836 1657 2836 813 2837 1658 2837 1651 2837 813 2838 815 2838 1658 2838 795 2839 1651 2839 1647 2839 795 2840 813 2840 1651 2840 794 2841 1647 2841 1643 2841 794 2842 795 2842 1647 2842 790 2843 1643 2843 1639 2843 790 2844 794 2844 1643 2844 786 2845 1639 2845 1638 2845 786 2846 790 2846 1639 2846 782 2847 1638 2847 1634 2847 782 2848 786 2848 1638 2848 778 2849 1634 2849 1630 2849 778 2850 782 2850 1634 2850 774 2851 1630 2851 1623 2851 774 2852 778 2852 1630 2852 767 2853 1623 2853 1619 2853 767 2854 774 2854 1623 2854 766 2855 1619 2855 1615 2855 766 2856 767 2856 1619 2856 762 2857 1615 2857 1611 2857 762 2858 766 2858 1615 2858 758 2859 1611 2859 1607 2859 758 2860 762 2860 1611 2860 754 2861 1607 2861 1603 2861 754 2862 758 2862 1607 2862 747 2863 1603 2863 1599 2863 747 2864 754 2864 1603 2864 743 2865 1599 2865 1598 2865 743 2866 747 2866 1599 2866 742 2867 743 2867 1598 2867 742 2868 1598 2868 1594 2868 738 2869 742 2869 1594 2869 738 2870 1594 2870 1590 2870 734 2871 738 2871 1590 2871 734 2872 1590 2872 1586 2872 727 2873 734 2873 1586 2873 727 2874 1586 2874 1579 2874 726 2875 727 2875 1579 2875 726 2876 1579 2876 1578 2876 722 2877 726 2877 1578 2877 722 2878 1578 2878 1574 2878 718 2879 722 2879 1574 2879 718 2880 1574 2880 1567 2880 711 2881 1567 2881 1563 2881 711 2882 718 2882 1567 2882 707 2883 1563 2883 1559 2883 707 2884 711 2884 1563 2884 703 2885 707 2885 1559 2885 699 2886 1559 2886 1555 2886 699 2887 703 2887 1559 2887 698 2888 1555 2888 1554 2888 698 2889 1554 2889 1547 2889 698 2890 699 2890 1555 2890 691 2891 1547 2891 1543 2891 691 2892 698 2892 1547 2892 687 2893 1543 2893 1542 2893 687 2894 691 2894 1543 2894 686 2895 1542 2895 1538 2895 686 2896 687 2896 1542 2896 682 2897 686 2897 1538 2897 678 2898 1538 2898 1534 2898 678 2899 682 2899 1538 2899 674 2900 1534 2900 1530 2900 674 2901 678 2901 1534 2901 670 2902 1530 2902 1526 2902 670 2903 674 2903 1530 2903 667 2904 1526 2904 1522 2904 667 2905 670 2905 1526 2905 665 2906 1522 2906 1524 2906 665 2907 667 2907 1522 2907 672 2908 1524 2908 1528 2908 672 2909 665 2909 1524 2909 639 2910 1528 2910 1496 2910 639 2911 672 2911 1528 2911 635 2912 1496 2912 1492 2912 635 2913 1492 2913 1488 2913 635 2914 639 2914 1496 2914 631 2915 635 2915 1488 2915 627 2916 631 2916 1488 2916 627 2917 1488 2917 1484 2917 627 2918 1484 2918 1480 2918 624 2919 627 2919 1480 2919 619 2920 624 2920 1480 2920 619 2921 1480 2921 1475 2921 619 2922 1475 2922 1472 2922 616 2923 619 2923 1472 2923 612 2924 616 2924 1472 2924 612 2925 1472 2925 1467 2925 609 2926 612 2926 1467 2926 609 2927 1467 2927 1463 2927 603 2928 609 2928 1463 2928 603 2929 1463 2929 1460 2929 600 2930 603 2930 1460 2930 600 2931 1460 2931 1455 2931 596 2932 600 2932 1455 2932 596 2933 1455 2933 1452 2933 593 2934 596 2934 1452 2934 593 2935 1452 2935 1449 2935 589 2936 593 2936 1449 2936 589 2937 1449 2937 1445 2937 585 2938 589 2938 1445 2938 585 2939 1445 2939 1441 2939 585 2940 1441 2940 1437 2940 581 2941 585 2941 1437 2941 578 2942 581 2942 1437 2942 578 2943 1437 2943 1433 2943 574 2944 578 2944 1433 2944 574 2945 1433 2945 1429 2945 569 2946 1429 2946 1425 2946 569 2947 574 2947 1429 2947 565 2948 1425 2948 1420 2948 565 2949 1420 2949 1416 2949 565 2950 569 2950 1425 2950 561 2951 565 2951 1416 2951 557 2952 1416 2952 1412 2952 557 2953 1412 2953 1408 2953 557 2954 561 2954 1416 2954 553 2955 557 2955 1408 2955 550 2956 1408 2956 1405 2956 550 2957 1405 2957 1402 2957 550 2958 553 2958 1408 2958 547 2959 550 2959 1402 2959 551 2960 1402 2960 1407 2960 551 2961 1407 2961 1410 2961 551 2962 547 2962 1402 2962 554 2963 551 2963 1410 2963 558 2964 1410 2964 1414 2964 558 2965 1414 2965 1418 2965 558 2966 554 2966 1410 2966 562 2967 558 2967 1418 2967 566 2968 562 2968 1418 2968 566 2969 1418 2969 1422 2969 570 2970 566 2970 1422 2970 570 2971 1422 2971 1427 2971 575 2972 570 2972 1427 2972 575 2973 1427 2973 1431 2973 575 2974 1431 2974 1435 2974 579 2975 575 2975 1435 2975 583 2976 579 2976 1435 2976 583 2977 1435 2977 1439 2977 583 2978 1439 2978 1443 2978 587 2979 583 2979 1443 2979 591 2980 587 2980 1443 2980 591 2981 1443 2981 1447 2981 591 2982 1447 2982 1451 2982 595 2983 591 2983 1451 2983 597 2984 595 2984 1451 2984 597 2985 1451 2985 1453 2985 597 2986 1453 2986 1457 2986 601 2987 597 2987 1457 2987 605 2988 601 2988 1457 2988 605 2989 1457 2989 1462 2989 605 2990 1462 2990 1465 2990 610 2991 605 2991 1465 2991 610 2992 1465 2992 1469 2992 614 2993 610 2993 1469 2993 618 2994 614 2994 1469 2994 618 2995 1469 2995 1474 2995 618 2996 1474 2996 1477 2996 621 2997 618 2997 1477 2997 626 2998 621 2998 1477 2998 626 2999 1477 2999 1482 2999 626 3000 1482 3000 1486 3000 629 3001 626 3001 1486 3001 633 3002 629 3002 1486 3002 633 3003 1486 3003 1490 3003 637 3004 633 3004 1490 3004 637 3005 1490 3005 1494 3005 637 3006 1494 3006 1498 3006 641 3007 637 3007 1498 3007 644 3008 641 3008 1498 3008 644 3009 1498 3009 1500 3009 646 3010 644 3010 1500 3010 646 3011 1500 3011 1502 3011 647 3012 646 3012 1502 3012 647 3013 1502 3013 1503 3013 647 3014 1503 3014 1505 3014 649 3015 647 3015 1505 3015 651 3016 1505 3016 1507 3016 651 3017 649 3017 1505 3017 653 3018 651 3018 1507 3018 653 3019 1507 3019 1510 3019 653 3020 1510 3020 1512 3020 655 3021 653 3021 1512 3021 655 3022 1512 3022 1513 3022 657 3023 655 3023 1513 3023 659 3024 1513 3024 1515 3024 659 3025 1515 3025 1516 3025 659 3026 657 3026 1513 3026 660 3027 1516 3027 1517 3027 660 3028 659 3028 1516 3028 661 3029 1517 3029 1518 3029 661 3030 660 3030 1517 3030 662 3031 661 3031 1518 3031 663 3032 1518 3032 1519 3032 663 3033 1519 3033 1520 3033 663 3034 662 3034 1518 3034 664 3035 663 3035 1520 3035 846 3036 1520 3036 1702 3036 846 3037 664 3037 1520 3037 844 3038 1702 3038 1700 3038 844 3039 846 3039 1702 3039 715 3040 1572 3040 1576 3040 720 3041 1576 3041 1581 3041 720 3042 715 3042 1576 3042 724 3043 1581 3043 1584 3043 724 3044 720 3044 1581 3044 729 3045 1584 3045 1588 3045 729 3046 724 3046 1584 3046 732 3047 1588 3047 1592 3047 732 3048 729 3048 1588 3048 736 3049 1592 3049 1596 3049 736 3050 732 3050 1592 3050 740 3051 1596 3051 1601 3051 740 3052 736 3052 1596 3052 745 3053 1601 3053 1605 3053 745 3054 740 3054 1601 3054 749 3055 1605 3055 1609 3055 749 3056 745 3056 1605 3056 752 3057 1609 3057 1613 3057 752 3058 749 3058 1609 3058 756 3059 1613 3059 1617 3059 756 3060 752 3060 1613 3060 759 3061 1617 3061 1621 3061 759 3062 756 3062 1617 3062 763 3063 1621 3063 1625 3063 763 3064 759 3064 1621 3064 769 3065 1625 3065 1628 3065 769 3066 763 3066 1625 3066 771 3067 1628 3067 1632 3067 771 3068 769 3068 1628 3068 776 3069 1632 3069 1636 3069 776 3070 771 3070 1632 3070 779 3071 1636 3071 1641 3071 779 3072 776 3072 1636 3072 783 3073 1641 3073 1645 3073 783 3074 779 3074 1641 3074 787 3075 1645 3075 1649 3075 787 3076 783 3076 1645 3076 792 3077 1649 3077 1716 3077 792 3078 787 3078 1649 3078 860 3079 1716 3079 1715 3079 860 3080 792 3080 1716 3080 859 3081 860 3081 1715 3081 859 3082 1715 3082 1714 3082 858 3083 859 3083 1714 3083 858 3084 1714 3084 1713 3084 857 3085 858 3085 1713 3085 857 3086 1713 3086 1712 3086 856 3087 857 3087 1712 3087 856 3088 1712 3088 1711 3088 855 3089 856 3089 1711 3089 855 3090 1711 3090 1710 3090 854 3091 855 3091 1710 3091 854 3092 1710 3092 1703 3092 847 3093 854 3093 1703 3093 847 3094 1703 3094 1704 3094 848 3095 1704 3095 1705 3095 848 3096 847 3096 1704 3096 849 3097 1705 3097 1706 3097 849 3098 848 3098 1705 3098 850 3099 849 3099 1706 3099 851 3100 1706 3100 1707 3100 851 3101 850 3101 1706 3101 852 3102 1707 3102 1708 3102 852 3103 1708 3103 1709 3103 852 3104 851 3104 1707 3104 853 3105 1709 3105 1401 3105 853 3106 852 3106 1709 3106 545 3107 1401 3107 1400 3107 545 3108 853 3108 1401 3108 544 3109 1400 3109 1398 3109 544 3110 545 3110 1400 3110 542 3111 544 3111 1398 3111 541 3112 1398 3112 1396 3112 541 3113 542 3113 1398 3113 539 3114 1396 3114 1394 3114 539 3115 541 3115 1396 3115 536 3116 1394 3116 1392 3116 536 3117 539 3117 1394 3117 535 3118 1392 3118 1390 3118 535 3119 536 3119 1392 3119 532 3120 1390 3120 1388 3120 532 3121 535 3121 1390 3121 531 3122 1388 3122 1386 3122 531 3123 532 3123 1388 3123 528 3124 1386 3124 1384 3124 528 3125 531 3125 1386 3125 527 3126 1384 3126 1382 3126 527 3127 1382 3127 1380 3127 527 3128 528 3128 1384 3128 525 3129 527 3129 1380 3129 523 3130 525 3130 1380 3130 523 3131 1380 3131 1378 3131 523 3132 1378 3132 1376 3132 521 3133 523 3133 1376 3133 519 3134 521 3134 1376 3134 519 3135 1376 3135 1374 3135 519 3136 1374 3136 1370 3136 516 3137 519 3137 1370 3137 512 3138 516 3138 1370 3138 512 3139 1370 3139 1366 3139 508 3140 512 3140 1366 3140 508 3141 1366 3141 1362 3141 503 3142 508 3142 1362 3142 503 3143 1362 3143 1359 3143 498 3144 503 3144 1359 3144 498 3145 1359 3145 1354 3145 495 3146 498 3146 1354 3146 495 3147 1354 3147 1350 3147 492 3148 495 3148 1350 3148 492 3149 1350 3149 1346 3149 487 3150 492 3150 1346 3150 487 3151 1346 3151 1343 3151 483 3152 487 3152 1343 3152 483 3153 1343 3153 1338 3153 483 3154 1338 3154 1334 3154 478 3155 483 3155 1334 3155 476 3156 478 3156 1334 3156 476 3157 1334 3157 1331 3157 471 3158 476 3158 1331 3158 471 3159 1331 3159 1327 3159 468 3160 1327 3160 1323 3160 468 3161 471 3161 1327 3161 464 3162 1323 3162 1319 3162 464 3163 1319 3163 1315 3163 464 3164 468 3164 1323 3164 459 3165 464 3165 1315 3165 455 3166 1315 3166 1311 3166 455 3167 1311 3167 1308 3167 455 3168 459 3168 1315 3168 452 3169 455 3169 1308 3169 449 3170 1308 3170 1304 3170 449 3171 1304 3171 1301 3171 449 3172 452 3172 1308 3172 446 3173 449 3173 1301 3173 450 3174 1301 3174 1306 3174 450 3175 1306 3175 1309 3175 450 3176 446 3176 1301 3176 453 3177 450 3177 1309 3177 457 3178 1309 3178 1313 3178 457 3179 1313 3179 1317 3179 457 3180 453 3180 1309 3180 461 3181 457 3181 1317 3181 465 3182 461 3182 1317 3182 465 3183 1317 3183 1321 3183 469 3184 465 3184 1321 3184 469 3185 1321 3185 1325 3185 473 3186 469 3186 1325 3186 473 3187 1325 3187 1329 3187 473 3188 1329 3188 1333 3188 477 3189 473 3189 1333 3189 480 3190 477 3190 1333 3190 480 3191 1333 3191 1336 3191 480 3192 1336 3192 1340 3192 484 3193 480 3193 1340 3193 488 3194 484 3194 1340 3194 488 3195 1340 3195 1345 3195 488 3196 1345 3196 1348 3196 493 3197 488 3197 1348 3197 496 3198 493 3198 1348 3198 496 3199 1348 3199 1352 3199 496 3200 1352 3200 1356 3200 500 3201 496 3201 1356 3201 505 3202 500 3202 1356 3202 505 3203 1356 3203 1361 3203 505 3204 1361 3204 1364 3204 509 3205 505 3205 1364 3205 509 3206 1364 3206 1368 3206 513 3207 509 3207 1368 3207 517 3208 513 3208 1368 3208 517 3209 1368 3209 1372 3209 517 3210 1372 3210 1456 3210 599 3211 517 3211 1456 3211 604 3212 599 3212 1456 3212 604 3213 1456 3213 1461 3213 604 3214 1461 3214 1464 3214 608 3215 604 3215 1464 3215 611 3216 608 3216 1464 3216 611 3217 1464 3217 1468 3217 617 3218 611 3218 1468 3218 617 3219 1468 3219 1473 3219 617 3220 1473 3220 1476 3220 620 3221 617 3221 1476 3221 625 3222 620 3222 1476 3222 625 3223 1476 3223 1481 3223 628 3224 625 3224 1481 3224 628 3225 1481 3225 1485 3225 632 3226 628 3226 1485 3226 632 3227 1485 3227 1489 3227 632 3228 1489 3228 1493 3228 636 3229 632 3229 1493 3229 640 3230 1493 3230 1497 3230 640 3231 636 3231 1493 3231 676 3232 640 3232 1497 3232 676 3233 1497 3233 1532 3233 676 3234 1532 3234 1536 3234 679 3235 676 3235 1536 3235 679 3236 1536 3236 1540 3236 683 3237 679 3237 1540 3237 689 3238 1540 3238 1545 3238 689 3239 1545 3239 1549 3239 689 3240 683 3240 1540 3240 692 3241 1549 3241 1552 3241 692 3242 689 3242 1549 3242 696 3243 1552 3243 1557 3243 696 3244 692 3244 1552 3244 700 3245 696 3245 1557 3245 705 3246 1557 3246 1561 3246 705 3247 1561 3247 1565 3247 705 3248 700 3248 1557 3248 709 3249 705 3249 1565 3249 712 3250 1565 3250 1569 3250 712 3251 709 3251 1565 3251 715 3252 1569 3252 1572 3252 715 3253 712 3253 1569 3253 831 3254 1662 3254 1661 3254 841 3255 1661 3255 1664 3255 841 3256 831 3256 1661 3256 839 3257 1664 3257 1666 3257 839 3258 841 3258 1664 3258 837 3259 1666 3259 1668 3259 837 3260 839 3260 1666 3260 835 3261 1668 3261 1670 3261 835 3262 837 3262 1668 3262 833 3263 1670 3263 1671 3263 833 3264 835 3264 1670 3264 830 3265 1671 3265 1672 3265 830 3266 833 3266 1671 3266 829 3267 1672 3267 1673 3267 829 3268 830 3268 1672 3268 828 3269 1673 3269 1674 3269 828 3270 829 3270 1673 3270 827 3271 1674 3271 1675 3271 827 3272 828 3272 1674 3272 826 3273 1675 3273 1676 3273 826 3274 827 3274 1675 3274 825 3275 1676 3275 1677 3275 825 3276 826 3276 1676 3276 824 3277 1677 3277 1678 3277 824 3278 825 3278 1677 3278 823 3279 1678 3279 1679 3279 823 3280 824 3280 1678 3280 822 3281 1679 3281 1680 3281 822 3282 823 3282 1679 3282 820 3283 1680 3283 1681 3283 820 3284 822 3284 1680 3284 818 3285 1681 3285 1682 3285 818 3286 820 3286 1681 3286 816 3287 1682 3287 1683 3287 816 3288 818 3288 1682 3288 814 3289 1683 3289 1684 3289 814 3290 816 3290 1683 3290 812 3291 1684 3291 1685 3291 812 3292 814 3292 1684 3292 811 3293 1685 3293 1686 3293 811 3294 812 3294 1685 3294 810 3295 811 3295 1686 3295 810 3296 1686 3296 1687 3296 809 3297 810 3297 1687 3297 809 3298 1687 3298 1688 3298 808 3299 809 3299 1688 3299 808 3300 1688 3300 1689 3300 807 3301 808 3301 1689 3301 807 3302 1689 3302 1690 3302 806 3303 807 3303 1690 3303 806 3304 1690 3304 1691 3304 805 3305 806 3305 1691 3305 805 3306 1691 3306 1692 3306 804 3307 805 3307 1692 3307 804 3308 1692 3308 1693 3308 803 3309 1693 3309 1694 3309 803 3310 804 3310 1693 3310 802 3311 1694 3311 1695 3311 802 3312 803 3312 1694 3312 801 3313 802 3313 1695 3313 800 3314 1695 3314 1696 3314 800 3315 801 3315 1695 3315 799 3316 1696 3316 1697 3316 799 3317 1697 3317 1698 3317 799 3318 800 3318 1696 3318 798 3319 1698 3319 1652 3319 798 3320 799 3320 1698 3320 796 3321 1652 3321 1648 3321 796 3322 798 3322 1652 3322 791 3323 1648 3323 1644 3323 791 3324 796 3324 1648 3324 788 3325 791 3325 1644 3325 784 3326 1644 3326 1640 3326 784 3327 788 3327 1644 3327 780 3328 1640 3328 1635 3328 780 3329 784 3329 1640 3329 775 3330 1635 3330 1631 3330 775 3331 780 3331 1635 3331 772 3332 1631 3332 1627 3332 772 3333 775 3333 1631 3333 768 3334 1627 3334 1624 3334 768 3335 772 3335 1627 3335 764 3336 1624 3336 1620 3336 764 3337 768 3337 1624 3337 760 3338 1620 3338 1616 3338 760 3339 764 3339 1620 3339 755 3340 1616 3340 1612 3340 755 3341 1612 3341 1608 3341 755 3342 760 3342 1616 3342 751 3343 755 3343 1608 3343 748 3344 751 3344 1608 3344 748 3345 1608 3345 1604 3345 748 3346 1604 3346 1600 3346 744 3347 748 3347 1600 3347 739 3348 744 3348 1600 3348 739 3349 1600 3349 1595 3349 739 3350 1595 3350 1591 3350 735 3351 739 3351 1591 3351 731 3352 735 3352 1591 3352 731 3353 1591 3353 1587 3353 728 3354 731 3354 1587 3354 728 3355 1587 3355 1583 3355 723 3356 728 3356 1583 3356 723 3357 1583 3357 1580 3357 719 3358 723 3358 1580 3358 719 3359 1580 3359 1575 3359 716 3360 719 3360 1575 3360 716 3361 1575 3361 1571 3361 713 3362 716 3362 1571 3362 713 3363 1571 3363 1568 3363 708 3364 713 3364 1568 3364 708 3365 1568 3365 1564 3365 704 3366 708 3366 1564 3366 704 3367 1564 3367 1560 3367 704 3368 1560 3368 1556 3368 701 3369 704 3369 1556 3369 695 3370 701 3370 1556 3370 695 3371 1556 3371 1551 3371 693 3372 695 3372 1551 3372 693 3373 1551 3373 1548 3373 688 3374 1548 3374 1544 3374 688 3375 693 3375 1548 3375 684 3376 1544 3376 1539 3376 684 3377 1539 3377 1535 3377 684 3378 688 3378 1544 3378 680 3379 684 3379 1535 3379 675 3380 1535 3380 1531 3380 675 3381 1531 3381 1527 3381 675 3382 680 3382 1535 3382 671 3383 675 3383 1527 3383 666 3384 1527 3384 1521 3384 666 3385 1521 3385 1523 3385 666 3386 671 3386 1527 3386 668 3387 666 3387 1523 3387 669 3388 1523 3388 1525 3388 669 3389 1525 3389 1529 3389 669 3390 668 3390 1523 3390 673 3391 669 3391 1529 3391 677 3392 1529 3392 1533 3392 677 3393 1533 3393 1537 3393 677 3394 673 3394 1529 3394 681 3395 677 3395 1537 3395 685 3396 681 3396 1537 3396 685 3397 1537 3397 1541 3397 690 3398 685 3398 1541 3398 690 3399 1541 3399 1546 3399 694 3400 690 3400 1546 3400 694 3401 1546 3401 1550 3401 694 3402 1550 3402 1553 3402 697 3403 694 3403 1553 3403 702 3404 697 3404 1553 3404 702 3405 1553 3405 1558 3405 702 3406 1558 3406 1562 3406 706 3407 702 3407 1562 3407 710 3408 706 3408 1562 3408 710 3409 1562 3409 1566 3409 710 3410 1566 3410 1570 3410 714 3411 710 3411 1570 3411 717 3412 714 3412 1570 3412 717 3413 1570 3413 1573 3413 717 3414 1573 3414 1577 3414 721 3415 717 3415 1577 3415 725 3416 721 3416 1577 3416 725 3417 1577 3417 1582 3417 725 3418 1582 3418 1585 3418 730 3419 725 3419 1585 3419 730 3420 1585 3420 1589 3420 733 3421 730 3421 1589 3421 737 3422 733 3422 1589 3422 737 3423 1589 3423 1593 3423 737 3424 1593 3424 1597 3424 741 3425 737 3425 1597 3425 746 3426 741 3426 1597 3426 746 3427 1597 3427 1602 3427 746 3428 1602 3428 1606 3428 750 3429 746 3429 1606 3429 753 3430 750 3430 1606 3430 753 3431 1606 3431 1610 3431 757 3432 753 3432 1610 3432 757 3433 1610 3433 1614 3433 757 3434 1614 3434 1618 3434 761 3435 757 3435 1618 3435 765 3436 761 3436 1618 3436 765 3437 1618 3437 1622 3437 770 3438 765 3438 1622 3438 770 3439 1622 3439 1626 3439 773 3440 770 3440 1626 3440 773 3441 1626 3441 1629 3441 773 3442 1629 3442 1633 3442 777 3443 773 3443 1633 3443 781 3444 1633 3444 1637 3444 781 3445 777 3445 1633 3445 785 3446 781 3446 1637 3446 785 3447 1637 3447 1642 3447 785 3448 1642 3448 1646 3448 789 3449 785 3449 1646 3449 789 3450 1646 3450 1650 3450 793 3451 789 3451 1650 3451 797 3452 1650 3452 1653 3452 797 3453 1653 3453 1659 3453 797 3454 793 3454 1650 3454 842 3455 1659 3455 1660 3455 842 3456 797 3456 1659 3456 840 3457 1660 3457 1663 3457 840 3458 842 3458 1660 3458 838 3459 840 3459 1663 3459 836 3460 1663 3460 1665 3460 836 3461 1665 3461 1667 3461 836 3462 838 3462 1663 3462 834 3463 836 3463 1667 3463 832 3464 1667 3464 1669 3464 832 3465 834 3465 1667 3465 831 3466 1669 3466 1662 3466 831 3467 832 3467 1669 3467</p>
        </triangles>
      </mesh>
    </geometry>
  </library_geometries>
  <library_materials>
    <material id="mat_Body_shape" name="Body_shape">
      <instance_effect url="#effect_Body_shape"/>
    </material>
  </library_materials>
  <library_visual_scenes>
    <visual_scene id="myscene">
      <node id="node0" name="node0">
        <instance_geometry url="#geometry0">
          <bind_material>
            <technique_common>
              <instance_material symbol="ref_Body_shape" target="#mat_Body_shape"/>
            </technique_common>
          </bind_material>
        </instance_geometry>
      </node>
    </visual_scene>
  </library_visual_scenes>
  <scene>
    <instance_visual_scene url="#myscene"/>
  </scene>
</COLLADA>
