<COLLADA xmlns="http://www.collada.org/2005/11/COLLADASchema" version="1.4.1">
  <asset>
    <contributor/>
    <created>2026-08-30T15:22:37.573433</created>
    <modified>2026-08-30T15:22:37.573438</modified>
    <unit name="meter" meter="1.0"/>
    <up_axis>Z_UP</up_axis>
  </asset>
  <library_effects>
    <effect id="effect_Fusion" name="effect_Fusion">
      <profile_COMMON>
        <technique sid="common">
          <phong>
            <emission>
              <color>0.0 0.0 0.0 1.0</color>
            </emission>
            <ambient>
              <color>0.0 0.0 0.0 1.0</color>
            </ambient>
            <diffuse>
              <color>0.6784313917160034 0.7098039388656616 0.7411764860153198 1.0</color>
            </diffuse>
            <specular>
              <color>1 1 1 1.0</color>
            </specular>
            <shininess>
              <float>0.0</float>
            </shininess>
            <reflective>
              <color>0.0 0.0 0.0 1.0</color>
            </reflective>
            <reflectivity>
              <float>0.0</float>
            </reflectivity>
            <transparent>
              <color>0.0 0.0 0.0 1.0</color>
            </transparent>
            <transparency>
              <float>1.0</float>
            </transparency>
          </phong>
        </technique>
        <extra>
          <technique profile="GOOGLEEARTH">
            <double_sided>0</double_sided>
          </technique>
        </extra>
      </profile_COMMON>
    </effect>
  </library_effects>
  <library_geometries>
    <geometry id="geometry0" name="Fusion">
      <mesh>
        <source id="cubeverts-array0">
          <float_array count="18705" id="cubeverts-array0-array">0.072 0.007476022 0.02343945 0.072 0.00806941 0.02297822 0.072 0.00754259 0.02351269 0.072 0.007613192 0.02358204 0.072 0.008140702 0.02304802 0.072 0.007687602 0.02364729 0.072 0.007355825 0.02328228 0.072 0.008005429 0.02290166 0.072 0.007413701 0.02336257 0.072 0.008218595 0.02311036 0.072 0.007765581 0.02370824 0.072 0.007846881 0.02376468 0.072 0.007254137 0.02311255 0.072 0.007949395 0.02281911 0.072 0.00730258 0.02319886 0.072 0.008302312 0.02316464 0.072 0.007931242 0.02381643 0.072 0.008018393 0.02386333 0.072 0.007172258 0.02293243 0.072 0.007901865 0.02273139 0.072 0.00721065 0.02302365 0.072 0.008391022 0.0232103 0.072 0.008108056 0.02390522 0.072 0.008199944 0.02394199 0.072 0.007139085 0.02283919 0.072 0.007863314 0.02263936 0.072 0.008483839 0.0232469 0.072 0.008293763 0.02397349 0.072 0.007088799 0.02264783 0.072 0.007834124 0.02254396 0.072 0.007111235 0.02274422 0.072 0.008579842 0.02327407 0.072 0.008389215 0.02399965 0.072 0.008485991 0.02402036 0.072 0.007060436 0.02245201 0.072 0.007814587 0.02244612 0.072 0.007071848 0.02255032 0.072 0.008678074 0.02329153 0.072 0.008583784 0.02403558 0.072 0.008682281 0.02404524 0.072 0.007804896 0.02234682 0.072 0.007054359 0.02225425 0.072 0.0070546 0.02235321 0.072 0.008777557 0.02329912 0.072 0.008781165 0.02404931 0.072 0.008880123 0.02404779 0.072 0.007059712 0.02215542 0.072 0.00780515 0.02224704 0.072 0.008877301 0.02329675 0.072 0.008978836 0.02404068 0.072 0.007087119 0.02195947 0.072 0.007815343 0.02214779 0.072 0.007070644 0.02205706 0.072 0.008976314 0.02328446 0.072 0.009076989 0.024028 0.072 0.009174269 0.02400979 0.072 0.007109085 0.02186297 0.072 0.007835376 0.02205005 0.072 0.009073608 0.02326237 0.072 0.009270363 0.02398611 0.072 0.009364965 0.02395704 0.072 0.007865049 0.0219548 0.072 0.009168217 0.02323069 0.072 0.009457773 0.02392266 0.072 0.009548489 0.0238831 0.072 0.007904067 0.02186297 0.072 0.009259197 0.02318974 0.072 0.009636823 0.02383846 0.072 0.009345645 0.02313992 0.072 0.009722491 0.02378891 0.072 0.009805223 0.02373459 0.072 0.009426698 0.02308174 0.072 0.009884751 0.02367568 0.072 0.009960822 0.02361237 0.072 0.009501551 0.02301578 0.072 0.01003319 0.02354486 0.072 0.01010163 0.02347337 0.072 0.009569457 0.02294268 0.072 0.01016592 0.02339813 0.072 0.009629742 0.02286318 0.072 0.01022585 0.02331937 0.072 0.009681804 0.02277807 0.072 0.01028123 0.02323734 0.072 0.01033189 0.02315232 0.072 0.009725126 0.02268819 0.072 0.01037766 0.02306457 0.072 0.01041839 0.02297437 0.072 0.009759276 0.02259445 0.072 0.01045396 0.02288202 0.072 0.01048426 0.0227878 0.072 0.009783916 0.02249776 0.072 0.01050918 0.02269202 0.072 0.009798798 0.02239911 0.072 0.01052864 0.02259498 0.072 0.01054259 0.022497 0.072 0.009803775 0.02229946 0.072 0.01055098 0.02239839 0.072 0.01055377 0.02229946 0.072 0.01055155 0.02221127 0.072 0.009799697 0.02220924 0.072 0.01054489 0.0221233 0.072 0.0105338 0.02203578 0.072 0.009787497 0.02211976 0.072 0.01051831 0.02194893 0.072 0.009767274 0.02203175 0.072 0.01049846 0.02186297 0.072 0.009739193 0.02194592 0.072 0.009703483 0.02186297 0.0725 0.005803775 0.02379946 0.07249518 0.005803775 0.02360319 0.07248074 0.005803775 0.02340739 0.07246132 0.02520204 0.02325115 0.0724567 0.005803775 0.02321254 0.07243159 0.02520386 0.0230687 0.07242314 0.005803775 0.0230191 0.0723936 0.02520618 0.02288741 0.07238013 0.005803775 0.02282754 0.07232776 0.005803775 0.02263832 0.07229386 0.02521225 0.02253306 0.07226617 0.005803775 0.0224519 0.07219552 0.005803775 0.02226873 0.07202769 0.005803775 0.02191387 0.07211596 0.005803775 0.02208924 0.07193092 0.005803775 0.02174305 0.07195211 0.007949994 0.02177883 0.07190492 0.007159544 0.02170029 0.07182588 0.005803775 0.02157718 0.07185396 0.009537294 0.02161979 0.07181598 0.008127904 0.02156244 0.07185944 0.008062502 0.02162826 0.07192191 0.01045787 0.02172809 0.07180656 0.007223079 0.02154853 0.07171283 0.005803775 0.02141666 0.07188137 0.02523701 0.02166449 0.07186845 0.01042568 0.02164226 0.07180421 0.01038284 0.0215451 0.07172185 0.009295778 0.02142887 0.07167814 0.009174163 0.02137058 0.07169888 0.008370997 0.02139796 0.07166128 0.008493914 0.02134868 0.07170624 0.007297973 0.0214078 0.07164558 0.007347795 0.02132857 0.07159204 0.005803775 0.02126189 0.07164819 0.009056341 0.02133188 0.07163045 0.008944592 0.02130943 0.07163211 0.008648956 0.02131152 0.07162303 0.008840343 0.02130013 0.07173732 0.0103338 0.02145004 0.07148577 0.007495067 0.02113766 0.07146381 0.005803775 0.02111322 0.07157275 0.007412022 0.02123855 0.07166245 0.02524994 0.02135157 0.0716681 0.01027864 0.0213575 0.07159699 0.01021744 0.02126793 0.07138295 0.007602777 0.02102663 0.07132843 0.005803775 0.02097103 0.071328 0.00766507 0.02097061 0.07152457 0.0101504 0.02118184 0.07145155 0.01007783 0.02109976 0.07126929 0.007735817 0.02091311 0.07118623 0.005803775 0.02083566 0.07120708 0.007816291 0.02085468 0.07137875 0.01000014 0.02102227 0.07107498 0.008012638 0.0207385 0.07103757 0.005803775 0.02070742 0.07114195 0.00790798 0.02079611 0.07128203 0.02527206 0.02092542 0.07130717 0.009917912 0.02094994 0.0712379 0.009831896 0.02088332 0.07100802 0.008132327 0.0206834 0.0709441 0.008269489 0.02063301 0.0708828 0.005803775 0.02058663 0.07088812 0.008426618 0.02059059 0.07114468 0.02527993 0.02079895 0.07117204 0.009742987 0.02082285 0.07111064 0.009652154 0.02076886 0.07105458 0.009560344 0.02072145 0.07084933 0.008594031 0.02056207 0.07083256 0.00876139 0.02054997 0.07072228 0.005803775 0.02047358 0.07100451 0.009468386 0.02068057 0.0709608 0.009376918 0.02064598 0.07087582 0.02529517 0.02058268 0.07092364 0.0092864 0.02061733 0.070868 0.009105744 0.02057571 0.07083831 0.008931213 0.02055411 0.07055641 0.005803775 0.02036855 0.07038559 0.005803775 0.02027178 0.07024091 0.02533027 0.02019846 0.07021022 0.005803775 0.0201835 0.07007238 0.02533938 0.02012148 0.07003073 0.005803775 0.02010394 0.06990054 0.02534857 0.02005278 0.06984756 0.005803775 0.02003329 0.06966114 0.005803775 0.0199717 0.06953309 0.0253679 0.01993604 0.06947192 0.005803775 0.01991934 0.06934432 0.02537768 0.01989067 0.06928036 0.005803775 0.01987632 0.06908692 0.005803775 0.01984275 0.06895538 0.02539747 0.01982623 0.06889207 0.005803775 0.01981872 0.06876958 0.02540677 0.01980892 0.06869627 0.005803775 0.01980428 0.06863416 0.02541348 0.01980182 0.0685 0.005803775 0.01979946 0.0685 0.02542006 0.01979946 0.07192619 0.00962937 0.0217352 0.07190504 0.008003009 0.02170048 0.07178037 0.009418266 0.02151054 0.07173805 0.008274431 0.02145105 0.0725 0.005803775 0.02479946 0.061 0.005803775 0.02379946 0.061 0.005803775 0.02079946 0.0275 0.005803775 0.02479946 0.039 0.005803775 0.02379946 0.0315 0.005803775 0.01979946 0.0275 0.005803775 0.02379946 0.039 0.005803775 0.02079946 0.03130373 0.005803775 0.01980428 0.03091308 0.005803775 0.01984275 0.03110793 0.005803775 0.01981872 0.02750482 0.005803775 0.02360319 0.02751926 0.005803775 0.02340739 0.02754329 0.005803775 0.02321254 0.02757686 0.005803775 0.0230191 0.02767224 0.005803775 0.02263832 0.02761987 0.005803775 0.02282754 0.02773382 0.005803775 0.0224519 0.03071964 0.005803775 0.01987632 0.02996927 0.005803775 0.02010394 0.03052808 0.005803775 0.01991934 0.03033886 0.005803775 0.0199717 0.03015244 0.005803775 0.02003329 0.02780448 0.005803775 0.02226873 0.02788404 0.005803775 0.02208924 0.02978978 0.005803775 0.0201835 0.02797231 0.005803775 0.02191387 0.02817412 0.005803775 0.02157718 0.02806909 0.005803775 0.02174305 0.02944359 0.005803775 0.02036855 0.02927772 0.005803775 0.02047358 0.02961441 0.005803775 0.02027178 0.02896243 0.005803775 0.02070742 0.0291172 0.005803775 0.02058663 0.02828717 0.005803775 0.02141666 0.0285362 0.005803775 0.02111322 0.02840796 0.005803775 0.02126189 0.02867157 0.005803775 0.02097103 0.02881376 0.005803775 0.02083566 0.06553814 0.02175377 0.04029946 0.06553814 0.01745378 0.04029946 0.07191113 0.01745378 0.04029946 0.06553814 0.02605377 0.04029946 0.05178819 0.03675334 0.04029946 0.05170116 0.03666411 0.04029946 0.05160978 0.03657932 0.04029946 0.05187067 0.03684681 0.04029946 0.05151429 0.0364992 0.04029946 0.05194839 0.03694426 0.04029946 0.05141492 0.03642393 0.04029946 0.05202116 0.03704548 0.04029946 0.05131193 0.03635371 0.04029946 0.05208879 0.03715019 0.04029946 0.05120556 0.03628871 0.04029946 0.05215112 0.03725814 0.04029946 0.05109609 0.0362291 0.04029946 0.05220798 0.03736906 0.04029946 0.05098378 0.03617501 0.04029946 0.05225925 0.03748269 0.04029946 0.05086892 0.03612659 0.04029946 0.05230479 0.03759872 0.04029946 0.05075178 0.03608396 0.04029946 0.05234449 0.03771689 0.04029946 0.05063266 0.03604721 0.04029946 0.05237826 0.03783688 0.04029946 0.05051186 0.03601646 0.04029946 0.05240599 0.03795841 0.04029946 0.05242764 0.03808117 0.04029946 0.05244314 0.03820486 0.04029946 0.05245245 0.03832916 0.04029946 0.05245556 0.03845377 0.04029946 0.05245245 0.03857839 0.04029946 0.05244314 0.03870269 0.04029946 0.05242764 0.03882638 0.04029946 0.05240599 0.03894914 0.04029946 0.05237826 0.03907067 0.04029946 0.05234449 0.03919066 0.04029946 0.028 0.01745378 0.04029946 0.03437294 0.01745378 0.04029946 0.03437294 0.02175377 0.04029946 0.03437294 0.02605377 0.04029946 0.04753287 0.03907067 0.04029946 0.04756663 0.03919066 0.04029946 0.04750513 0.03894914 0.04029946 0.04748349 0.03882638 0.04029946 0.04746799 0.03870269 0.04029946 0.04745867 0.03857839 0.04029946 0.04745556 0.03845377 0.04029946 0.04745867 0.03832916 0.04029946 0.04746799 0.03820486 0.04029946 0.04748349 0.03808117 0.04029946 0.04750513 0.03795841 0.04029946 0.04753287 0.03783688 0.04029946 0.04756663 0.03771689 0.04029946 0.04760633 0.03759872 0.04029946 0.04765187 0.03748269 0.04029946 0.04770314 0.03736906 0.04029946 0.04776001 0.03725814 0.04029946 0.04782233 0.03715019 0.04029946 0.04788997 0.03704548 0.04029946 0.04796273 0.03694426 0.04029946 0.04804045 0.03684681 0.04029946 0.04812293 0.03675334 0.04029946 0.04820997 0.03666411 0.04029946 0.04830135 0.03657932 0.04029946 0.04839684 0.0364992 0.04029946 0.0484962 0.03642393 0.04029946 0.0485992 0.03635371 0.04029946 0.04870556 0.03628871 0.04029946 0.04881504 0.0362291 0.04029946 0.04892735 0.03617501 0.04029946 0.04904221 0.03612659 0.04029946 0.04915935 0.03608396 0.04029946 0.04927846 0.03604721 0.04029946 0.04939926 0.03601646 0.04029946 0.07191113 0.06630377 0.04029946 0.05230479 0.03930883 0.04029946 0.05225925 0.03942486 0.04029946 0.05220798 0.03953848 0.04029946 0.05215112 0.03964941 0.04029946 0.05208879 0.03975736 0.04029946 0.05202116 0.03986208 0.04029946 0.05194839 0.03996329 0.04029946 0.05187067 0.04006075 0.04029946 0.05178819 0.04015421 0.04029946 0.05170116 0.04024344 0.04029946 0.05160978 0.04032823 0.04029946 0.05151429 0.04040835 0.04029946 0.05141492 0.04048362 0.04029946 0.05131193 0.04055384 0.04029946 0.05120556 0.04061884 0.04029946 0.05109609 0.04067846 0.04029946 0.05098378 0.04073254 0.04029946 0.05086892 0.04078096 0.04029946 0.05075178 0.04082359 0.04029946 0.05063266 0.04086034 0.04029946 0.05051186 0.04089109 0.04029946 0.05038968 0.04091579 0.04029946 0.05026642 0.04093437 0.04029946 0.05014239 0.04094678 0.04029946 0.05001789 0.040953 0.04029946 0.04989324 0.040953 0.04029946 0.028 0.06630377 0.04029946 0.04976874 0.04094678 0.04029946 0.0496447 0.04093437 0.04029946 0.04952144 0.04091579 0.04029946 0.04939926 0.04089109 0.04029946 0.04927846 0.04086034 0.04029946 0.04915935 0.04082359 0.04029946 0.04904221 0.04078096 0.04029946 0.04892735 0.04073254 0.04029946 0.04881504 0.04067846 0.04029946 0.04870556 0.04061884 0.04029946 0.0485992 0.04055384 0.04029946 0.0484962 0.04048362 0.04029946 0.04839684 0.04040835 0.04029946 0.04830135 0.04032823 0.04029946 0.04820997 0.04024344 0.04029946 0.04812293 0.04015421 0.04029946 0.04804045 0.04006075 0.04029946 0.04796273 0.03996329 0.04029946 0.04788997 0.03986208 0.04029946 0.04782233 0.03975736 0.04029946 0.04776001 0.03964941 0.04029946 0.04770314 0.03953848 0.04029946 0.04765187 0.03942486 0.04029946 0.04760633 0.03930883 0.04029946 0.05001789 0.03595455 0.04029946 0.05014239 0.03596077 0.04029946 0.05026642 0.03597318 0.04029946 0.05038968 0.03599176 0.04029946 0.04989324 0.03595455 0.04029946 0.04976874 0.03596077 0.04029946 0.0496447 0.03597318 0.04029946 0.04952144 0.03599176 0.04029946 0.028 0.01754216 0.03600204 0.028 0.01750356 0.0362245 0.028 0.01747593 0.03644858 0.028 0.01765185 0.03556415 0.028 0.01759163 0.03578175 0.028 0.01780393 0.03513912 0.028 0.01745932 0.03667375 0.028 0.01772267 0.03534977 0.028 0.01799694 0.03473104 0.028 0.01789542 0.0349327 0.028 0.01822902 0.03434384 0.028 0.01810822 0.03453459 0.028 0.01835902 0.03415924 0.028 0.01880108 0.03364677 0.028 0.01849793 0.03398125 0.028 0.0186454 0.03381029 0.028 0.01913556 0.03334361 0.028 0.0189646 0.03349109 0.028 0.01949815 0.0330747 0.028 0.01931356 0.0332047 0.028 0.0196889 0.03295391 0.028 0.02008702 0.03274111 0.028 0.01988535 0.03284262 0.028 0.02029343 0.03264962 0.028 0.02115636 0.03238785 0.028 0.02071847 0.03249754 0.028 0.02050408 0.03256836 0.028 0.02093607 0.03243732 0.028 0.02137881 0.03234925 0.028 0.02182806 0.032305 0.028 0.0216029 0.03232161 0.028 0.02205377 0.03229946 0.028 0.01745378 0.03689946 0.02800001 0.03110375 0.03229946 0.02800003 0.03124605 0.03229597 0.02800003 0.031388 0.0322855 0.02800003 0.03152927 0.03226807 0.02800003 0.03166952 0.03224374 0.02800003 0.0318084 0.03221255 0.02800003 0.03194558 0.03217459 0.02800003 0.0338789 0.03024129 0.02800003 0.03383425 0.03037645 0.02800003 0.03378302 0.03050925 0.02800003 0.03372534 0.03063938 0.02800003 0.03366134 0.03076652 0.02800003 0.03359118 0.03089037 0.02800003 0.03351503 0.03101062 0.02800003 0.03343307 0.031127 0.02800003 0.0333455 0.03123921 0.02800003 0.03325253 0.03134699 0.02800003 0.03315438 0.03145008 0.02800003 0.03305129 0.03154823 0.02800003 0.0329435 0.0316412 0.02800003 0.03283129 0.03172877 0.02800003 0.03271492 0.03181073 0.02800003 0.03259466 0.03188688 0.02800003 0.03247081 0.03195704 0.02800003 0.03234367 0.03202104 0.02800003 0.03221354 0.03207872 0.02800003 0.03208074 0.03212994 0.028 0.06630377 0.02939946 0.02800001 0.03400378 0.02939946 0.02800003 0.03400028 0.02954176 0.02800003 0.03398981 0.02968371 0.02800003 0.03397239 0.02982498 0.02800003 0.03394805 0.02996523 0.02800003 0.03391687 0.03010411 0.02800003 0.01614377 0.02939946 0.02800003 0.01334377 0.03229946 0.02800003 0.01334377 0.03136004 0.061 0.01030377 0.02329946 0.061 0.01130377 0.02329946 0.06695557 0.01030377 0.02329946 0.039 0.01030377 0.02329946 0.03295556 0.01030377 0.02329946 0.039 0.01130377 0.02329946 0.03295556 0.06630377 0.02329946 0.07061044 0.03753392 0.02465704 0.07073637 0.01030377 0.02477094 0.07052786 0.01030377 0.02458896 0.07093562 0.01030377 0.02496301 0.07112513 0.01030377 0.02516471 0.07130442 0.01030377 0.02537553 0.07147307 0.01030377 0.02559496 0.07031061 0.01030377 0.02441751 0.07008514 0.01030377 0.02425702 0.06943179 0.05303326 0.02387712 0.06936506 0.01030377 0.02384509 0.06911243 0.01030377 0.02373208 0.06961179 0.01030377 0.02397046 0.06985201 0.01030377 0.02410789 0.06881969 0.05872338 0.02361924 0.06885452 0.01030377 0.0236317 0.06859196 0.01030377 0.02354421 0.06852932 0.06088678 0.02352522 0.06832539 0.01030377 0.02346981 0.06822754 0.06275013 0.02344601 0.06805547 0.01030377 0.02340868 0.06797681 0.0640087 0.02339343 0.06778286 0.01030377 0.02336098 0.06777803 0.06481287 0.02336022 0.06769167 0.06510871 0.02334808 0.06750822 0.01030377 0.02332683 0.06757637 0.06545282 0.02333401 0.06749678 0.06565686 0.0233257 0.06741638 0.06583447 0.02331847 0.06736319 0.06593651 0.02331433 0.06723223 0.01030377 0.02330631 0.0672749 0.06607897 0.02330856 0.06718816 0.0661842 0.02330429 0.06710652 0.06625326 0.0233015 0.07191113 0.01030377 0.02629946 0.07177679 0.01030377 0.0260575 0.07163065 0.01030377 0.02582247 0.06739575 0.06630377 0.02333193 0.0676845 0.06630377 0.02338937 0.06782642 0.06630377 0.02342864 0.06810361 0.06630377 0.02352782 0.06823823 0.06630377 0.02358749 0.06813133 0.0642297 0.02346091 0.06840389 0.0642297 0.02358982 0.06866251 0.0642297 0.02374483 0.06862228 0.06630377 0.02380505 0.06890469 0.0642297 0.02392444 0.06885874 0.06630377 0.02398043 0.06897024 0.06630377 0.02407661 0.0691281 0.0642297 0.02412693 0.06907688 0.06630377 0.02417814 0.06917841 0.06630377 0.02428478 0.06933058 0.0642297 0.02435033 0.0692746 0.06630377 0.02439628 0.06936519 0.06630377 0.02451236 0.06951019 0.0642297 0.02459251 0.06944997 0.06630377 0.02463275 0.06952875 0.06630377 0.02475715 0.0696652 0.0642297 0.02485113 0.06960133 0.06630377 0.02488527 0.06870275 0.06215563 0.02368461 0.06979411 0.0642297 0.02512369 0.06895064 0.06215563 0.02386845 0.06989569 0.0642297 0.02540758 0.06917931 0.06215563 0.02407571 0.06996896 0.0642297 0.02570006 0.06989792 0.06630377 0.02571419 0.0699231 0.06630377 0.02585927 0.06938657 0.06215563 0.02430438 0.0700132 0.0642297 0.02599831 0.06994112 0.06630377 0.02600541 0.06995195 0.06630377 0.02615226 0.06957042 0.06215563 0.02455227 0.06972908 0.06215563 0.02481699 0.06986103 0.06215563 0.02509598 0.06899659 0.06008155 0.02381247 0.069965 0.06215563 0.02538656 0.06923053 0.06008155 0.0240245 0.07003999 0.06215563 0.02568593 0.06944256 0.06008155 0.02425844 0.07008527 0.06215563 0.02599121 0.06963064 0.06008155 0.02451203 0.06979295 0.06008155 0.02478284 0.06992795 0.06008155 0.02506826 0.07003431 0.06008155 0.02536553 0.07011103 0.06008155 0.0256718 0.07015736 0.06008155 0.02598411 0.06969086 0.05800748 0.02447179 0.06985683 0.05800748 0.0247487 0.06999487 0.05800748 0.02504054 0.07010362 0.05800748 0.02534451 0.07018207 0.05800748 0.02565767 0.06955453 0.0559334 0.02416654 0.07022944 0.05800748 0.02597701 0.06975108 0.0559334 0.02443155 0.06992071 0.0559334 0.02471456 0.07006178 0.0559334 0.02501283 0.07017294 0.0559334 0.02532348 0.07025311 0.0559334 0.02564354 0.06961052 0.05385933 0.02412059 0.07030151 0.0559334 0.02596991 0.0698113 0.05385933 0.02439132 0.06998458 0.05385933 0.02468042 0.07012869 0.05385933 0.02498511 0.07024224 0.05385933 0.02530246 0.07032413 0.05385933 0.02562941 0.0703736 0.05385933 0.02596281 0.07019561 0.05178526 0.02495739 0.07031155 0.05178526 0.02528143 0.07039517 0.05178526 0.02561528 0.07044567 0.05178526 0.02595572 0.07011234 0.04971118 0.02461213 0.07026252 0.04971118 0.02492967 0.07038086 0.04971118 0.02526041 0.07046621 0.04971118 0.02560115 0.07051775 0.04971118 0.02594862 0.07017621 0.04763711 0.02457799 0.07032944 0.04763711 0.02490196 0.07045017 0.04763711 0.02523938 0.07053725 0.04763711 0.02558702 0.07058984 0.04763711 0.02594152 0.07024009 0.04556303 0.02454385 0.07039635 0.04556303 0.02487424 0.07051948 0.04556303 0.02521836 0.07060828 0.04556303 0.02557289 0.07066191 0.04556303 0.02593442 0.07030396 0.04348896 0.0245097 0.07046326 0.04348896 0.02484652 0.07058879 0.04348896 0.02519733 0.07067932 0.04348896 0.02555876 0.07073399 0.04348896 0.02592732 0.07053018 0.04141489 0.02481881 0.0706581 0.04141489 0.02517631 0.07075036 0.04141489 0.02554463 0.07080607 0.04141489 0.02592022 0.0705971 0.03934081 0.02479109 0.07072741 0.03934081 0.02515528 0.0708214 0.03934081 0.0255305 0.07087815 0.03934081 0.02591312 0.07089243 0.03726674 0.02551637 0.07095023 0.03726674 0.02590602 0.07096347 0.03519267 0.02550224 0.07102231 0.03519267 0.02589892 0.07103451 0.03311859 0.02548811 0.07109439 0.03311859 0.02589182 0.07110554 0.03104452 0.02547398 0.07116647 0.03104452 0.02588472 0.07117657 0.02897044 0.02545985 0.07123855 0.02897044 0.02587762 0.07124761 0.02689637 0.02544572 0.07131063 0.02689637 0.02587052 0.07131865 0.02482229 0.02543159 0.07138271 0.02482229 0.02586342 0.07145479 0.02274822 0.02585633 0.07152686 0.02067414 0.02584923 0.07159895 0.01860007 0.02584213 0.07170719 0.01614377 0.02939946 0.06995557 0.06630377 0.02629946 0.06995557 0.06630377 0.02939946 0.07191113 0.01030377 0.02320085 0.061 0.01030377 0.02320085 0.061 0.01006559 0.02351203 0.061 0.01130377 0.02520085 0.061 0.009995614 0.02358087 0.061 0.01013159 0.02343937 0.061 0.00992189 0.02364568 0.061 0.01019342 0.02336313 0.061 0.009844647 0.02370626 0.061 0.01025087 0.02328354 0.061 0.009764131 0.02376241 0.061 0.009680592 0.02381396 0.061 0.009594294 0.02386073 0.061 0.009505508 0.02390261 0.061 0.009414515 0.02393943 0.061 0.009321601 0.02397109 0.061 0.009227057 0.0239975 0.061 0.009131182 0.02401856 0.061 0.009034276 0.02403421 0.061 0.008936645 0.02404441 0.061 0.007303775 0.02520085 0.061 0.008838596 0.02404911 0.061 0.008740438 0.02404831 0.061 0.008642478 0.02404201 0.061 0.008545026 0.02403023 0.061 0.008448388 0.02401299 0.061 0.008352869 0.02399037 0.061 0.008258768 0.02396243 0.061 0.008166382 0.02392925 0.061 0.008076001 0.02389095 0.061 0.007987911 0.02384764 0.061 0.007303775 0.02379946 0.061 0.007902387 0.02379946 0.039 0.01130377 0.02520085 0.039 0.007902387 0.02379946 0.039 0.007987911 0.02384764 0.039 0.007303775 0.02379946 0.039 0.007303775 0.02520085 0.039 0.008076001 0.02389095 0.039 0.008166382 0.02392925 0.039 0.008258768 0.02396243 0.039 0.008352869 0.02399037 0.039 0.008448388 0.02401299 0.039 0.008545026 0.02403023 0.039 0.008642478 0.02404201 0.039 0.008740438 0.02404831 0.039 0.008838596 0.02404911 0.039 0.008936645 0.02404441 0.039 0.009034276 0.02403421 0.039 0.009764131 0.02376241 0.039 0.009680592 0.02381396 0.039 0.009594294 0.02386073 0.039 0.009505508 0.02390261 0.039 0.009414515 0.02393943 0.039 0.009321601 0.02397109 0.039 0.009227057 0.0239975 0.039 0.009131182 0.02401856 0.039 0.009844647 0.02370626 0.039 0.00992189 0.02364568 0.039 0.009995614 0.02358087 0.039 0.01006559 0.02351203 0.039 0.01025087 0.02328354 0.039 0.01019342 0.02336313 0.039 0.01013159 0.02343937 0.039 0.01030377 0.02320085 0.02813433 0.01030377 0.0260575 0.028 0.01030377 0.02320085 0.02828047 0.01030377 0.02582247 0.0286067 0.01030377 0.02537553 0.028786 0.01030377 0.02516471 0.0289755 0.01030377 0.02496301 0.02917475 0.01030377 0.02477094 0.02938326 0.01030377 0.02458896 0.02960052 0.01030377 0.02441751 0.02982598 0.01030377 0.02425702 0.03005912 0.01030377 0.02410789 0.03029934 0.01030377 0.02397046 0.03054607 0.01030377 0.02384509 0.0307987 0.01030377 0.02373208 0.03105661 0.01030377 0.0236317 0.03131916 0.01030377 0.02354421 0.03158573 0.01030377 0.02346981 0.03267889 0.01030377 0.02330631 0.0324029 0.01030377 0.02332683 0.03212826 0.01030377 0.02336098 0.03185565 0.01030377 0.02340868 0.0328102 0.06625707 0.02330135 0.03272945 0.06619068 0.02330403 0.03264245 0.06608701 0.02330823 0.03255054 0.0659411 0.02331414 0.03249064 0.06582722 0.02331877 0.03241197 0.06565486 0.02332578 0.03233841 0.06546746 0.02333342 0.03223848 0.06517036 0.02334556 0.03213866 0.064832 0.02335943 0.03194935 0.0640741 0.02339071 0.03171328 0.06292278 0.02343876 0.03141305 0.06110823 0.02351574 0.03108315 0.05865669 0.02362218 0.03045236 0.05273952 0.02389077 0.02925527 0.03675922 0.02469843 0.02843806 0.01030377 0.02559496 0.028 0.01030377 0.02629946 0.03266151 0.06630377 0.02331391 0.03208471 0.06630377 0.02342864 0.03180751 0.06630377 0.02352782 0.03154137 0.06630377 0.0236537 0.02989793 0.0642297 0.02599831 0.02998803 0.06630377 0.02585927 0.02994217 0.0642297 0.02570006 0.03001543 0.0642297 0.02540758 0.03011701 0.0642297 0.02512369 0.03018392 0.06630377 0.02515141 0.0302436 0.06630377 0.0250168 0.03024592 0.0642297 0.02485113 0.03040093 0.0642297 0.02459251 0.03046115 0.06630377 0.02463275 0.03054594 0.06630377 0.02451236 0.02982585 0.06215563 0.02599121 0.03058054 0.0642297 0.02435033 0.03073271 0.06630377 0.02428478 0.02987113 0.06215563 0.02568593 0.03078303 0.0642297 0.02412693 0.03083424 0.06630377 0.02417814 0.02994612 0.06215563 0.02538656 0.03100644 0.0642297 0.02392444 0.03005009 0.06215563 0.02509598 0.03124861 0.0642297 0.02374483 0.03128885 0.06630377 0.02380505 0.03018205 0.06215563 0.02481699 0.03150723 0.0642297 0.02358982 0.03034071 0.06215563 0.02455227 0.02975377 0.06008155 0.02598411 0.0317798 0.0642297 0.02346091 0.03052456 0.06215563 0.02430438 0.0298001 0.06008155 0.0256718 0.03073181 0.06215563 0.02407571 0.02987681 0.06008155 0.02536553 0.03096049 0.06215563 0.02386845 0.02998318 0.06008155 0.02506826 0.03120837 0.06215563 0.02368461 0.03011817 0.06008155 0.02478284 0.03028049 0.06008155 0.02451203 0.02968169 0.05800748 0.02597701 0.03046857 0.06008155 0.02425844 0.02972906 0.05800748 0.02565767 0.0306806 0.06008155 0.0240245 0.0298075 0.05800748 0.02534451 0.03091454 0.06008155 0.02381247 0.02991627 0.05800748 0.02504054 0.03005429 0.05800748 0.0247487 0.03022027 0.05800748 0.02447179 0.02960961 0.0559334 0.02596991 0.03041258 0.05800748 0.02421249 0.02965802 0.0559334 0.02564354 0.03062938 0.05800748 0.02397328 0.02973819 0.0559334 0.02532348 0.02984935 0.0559334 0.02501283 0.02999042 0.0559334 0.02471456 0.03016005 0.0559334 0.02443155 0.02953753 0.05385933 0.02596281 0.03035659 0.0559334 0.02416654 0.02958699 0.05385933 0.02562941 0.02966888 0.05385933 0.02530246 0.02978243 0.05385933 0.02498511 0.02992654 0.05385933 0.02468042 0.03009982 0.05385933 0.02439132 0.02946545 0.05178526 0.02595572 0.03030061 0.05385933 0.02412059 0.02951595 0.05178526 0.02561528 0.02959958 0.05178526 0.02528143 0.02971552 0.05178526 0.02495739 0.02986267 0.05178526 0.02464627 0.0300396 0.05178526 0.02435108 0.02939337 0.04971118 0.02594862 0.02944491 0.04971118 0.02560115 0.02953027 0.04971118 0.02526041 0.02964861 0.04971118 0.02492967 0.02979879 0.04971118 0.02461213 0.02997938 0.04971118 0.02431084 0.02932129 0.04763711 0.02594152 0.02937388 0.04763711 0.02558702 0.02946096 0.04763711 0.02523938 0.02958169 0.04763711 0.02490196 0.02973491 0.04763711 0.02457799 0.02991916 0.04763711 0.0242706 0.02924921 0.04556303 0.02593442 0.02930284 0.04556303 0.02557289 0.02939165 0.04556303 0.02521836 0.02951477 0.04556303 0.02487424 0.02967104 0.04556303 0.02454385 0.02917713 0.04348896 0.02592732 0.02923181 0.04348896 0.02555876 0.02932234 0.04348896 0.02519733 0.02944786 0.04348896 0.02484652 0.02960716 0.04348896 0.0245097 0.02910505 0.04141489 0.02592022 0.02916077 0.04141489 0.02554463 0.02925303 0.04141489 0.02517631 0.02938095 0.04141489 0.02481881 0.02903298 0.03934081 0.02591312 0.02908973 0.03934081 0.0255305 0.02918372 0.03934081 0.02515528 0.02931403 0.03934081 0.02479109 0.0289609 0.03726674 0.02590602 0.0290187 0.03726674 0.02551637 0.02911441 0.03726674 0.02513426 0.02924711 0.03726674 0.02476337 0.02888882 0.03519267 0.02589892 0.02894766 0.03519267 0.02550224 0.0290451 0.03519267 0.02511323 0.02881674 0.03311859 0.02589182 0.02887662 0.03311859 0.02548811 0.02874466 0.03104452 0.02588472 0.02880559 0.03104452 0.02547398 0.02867258 0.02897044 0.02587762 0.02873455 0.02897044 0.02545985 0.0286005 0.02689637 0.02587052 0.02866351 0.02689637 0.02544572 0.02852842 0.02482229 0.02586342 0.02859248 0.02482229 0.02543159 0.02845634 0.02274822 0.02585633 0.02838426 0.02067414 0.02584923 0.02831218 0.01860007 0.02584213 0.02820394 0.01614377 0.02939946 0.028 0.01030377 0.02939946 0.02995556 0.06630377 0.02629946 0.02995556 0.06630377 0.02939946 0.028 0.008770365 0.03538665 0.028 0.009569457 0.02294268 0.028 0.009501551 0.02301578 0.028 0.009426698 0.02308174 0.028 0.009629742 0.02286318 0.028 0.009345645 0.02313992 0.028 0.009681804 0.02277807 0.028 0.01035241 0.02311446 0.028 0.01039608 0.02302546 0.028 0.009259197 0.02318974 0.028 0.01043463 0.02293413 0.028 0.009725126 0.02268819 0.028 0.009168217 0.02323069 0.028 0.009759276 0.02259445 0.028 0.01046795 0.02284077 0.028 0.01049593 0.02274566 0.028 0.009073608 0.02326237 0.028 0.01051849 0.02264913 0.028 0.009783916 0.02249776 0.028 0.01053553 0.02255147 0.028 0.008976314 0.02328446 0.028 0.009798798 0.02239911 0.028 0.01054703 0.022453 0.028 0.01055292 0.02235404 0.028 0.008877301 0.02329675 0.028 0.009803775 0.02229946 0.028 0.01055321 0.02225491 0.028 0.008777557 0.02329912 0.028 0.009799697 0.02220924 0.028 0.01054788 0.02215592 0.028 0.01053695 0.02205739 0.028 0.008678074 0.02329153 0.028 0.009787497 0.02211976 0.028 0.01052046 0.02195963 0.028 0.01049846 0.02186297 0.028 0.008579842 0.02327407 0.028 0.009767274 0.02203175 0.028 0.008483839 0.0232469 0.028 0.009739193 0.02194592 0.028 0.009703483 0.02186297 0.028 0.007949395 0.02281911 0.028 0.007303775 0.02320085 0.028 0.008005429 0.02290166 0.028 0.00806941 0.02297822 0.028 0.008140702 0.02304802 0.028 0.008218595 0.02311036 0.028 0.008302312 0.02316464 0.028 0.008391022 0.0232103 0.028 0.007901865 0.02273139 0.028 0.00725514 0.02311446 0.028 0.007211474 0.02302546 0.028 0.007863314 0.02263936 0.028 0.007172919 0.02293413 0.028 0.007834124 0.02254396 0.028 0.007139597 0.02284077 0.028 0.007111615 0.02274566 0.028 0.007089064 0.02264913 0.028 0.007814587 0.02244612 0.028 0.007072015 0.02255147 0.028 0.007804896 0.02234682 0.028 0.007060524 0.022453 0.028 0.007054626 0.02235404 0.028 0.007054342 0.02225491 0.028 0.00780515 0.02224704 0.028 0.007815343 0.02214779 0.028 0.007059672 0.02215592 0.028 0.007070599 0.02205739 0.028 0.007087087 0.02195963 0.028 0.007835376 0.02205005 0.028 0.007904067 0.02186297 0.028 0.007109085 0.02186297 0.028 0.007865049 0.0219548 0.07191113 0.007303775 0.03681467 0.07191113 0.01030377 0.02939946 0.07191113 0.01030377 0.03681467 0.07191113 0.007609115 0.02357825 0.07191113 0.007413193 0.0233619 0.07191113 0.007758568 0.02370304 0.07191113 0.007356242 0.0232829 0.07191113 0.007838268 0.02375901 0.07191113 0.007920959 0.02381047 0.07191113 0.008276382 0.0239681 0.07191113 0.00856105 0.02403255 0.07191113 0.008657839 0.02404337 0.07191113 0.008949711 0.02404337 0.07191113 0.009046499 0.02403255 0.07191113 0.009142535 0.02401636 0.07191113 0.009423178 0.02393618 0.07191113 0.00951327 0.02389919 0.07191113 0.009601165 0.02385724 0.07191113 0.00968659 0.02381047 0.07191113 0.00976928 0.02375901 0.07191113 0.009848982 0.02370304 0.07191113 0.01006772 0.0235098 0.07191113 0.0101331 0.02343762 0.07191113 0.007303775 0.02320085 0.06957901 0.007303775 0.041563 0.07001775 0.007303775 0.0411891 0.06910641 0.007303775 0.04189308 0.06934667 0.007303775 0.04173372 0.07135863 0.007303775 0.03932958 0.07123152 0.007303775 0.03958836 0.07060363 0.007303775 0.04055371 0.07166343 0.007303775 0.03852084 0.07157483 0.007303775 0.0387952 0.07188343 0.007303775 0.03739046 0.07184888 0.007303775 0.0376767 0.06860431 0.007303775 0.04217627 0.06834364 0.007303775 0.04229946 0.061 0.007303775 0.02320085 0.03393016 0.007303775 0.04229946 0.03334019 0.007303775 0.04227039 0.033047 0.007303775 0.04223411 0.03190265 0.007303775 0.04194651 0.03246773 0.007303775 0.04211851 0.03218307 0.007303775 0.04203947 0.03109352 0.007303775 0.04158656 0.03083671 0.007303775 0.04144053 0.02947377 0.007303775 0.040317 0.0287737 0.007303775 0.03936718 0.02796226 0.007303775 0.03567966 0.039 0.007303775 0.02320085 0.02793425 0.008768068 0.03652088 0.02794022 0.008768276 0.03595221 0.02793049 0.008767937 0.03623647 0.02795148 0.00876867 0.03680479 0.0279634 0.008769087 0.03566872 0.02798214 0.008769741 0.03708757 0.02802618 0.008771278 0.03736857 0.02808348 0.008773279 0.03764717 0.02815392 0.00877574 0.03792274 0.02823734 0.008778652 0.03819467 0.02833356 0.008782012 0.03846233 0.02844235 0.008785811 0.03872514 0.02856347 0.008790041 0.03898249 0.02869666 0.008794692 0.03923382 0.0288416 0.008799754 0.03947855 0.02899798 0.008805215 0.03971613 0.02916545 0.008811063 0.03994604 0.02934362 0.008817285 0.04016776 0.0295321 0.008823867 0.04038077 0.02973047 0.008830793 0.04058462 0.02993827 0.00883805 0.04077884 0.03015504 0.00884562 0.04096299 0.0303803 0.008853486 0.04113666 0.03061353 0.008861631 0.04129946 0.028 0.008770365 0.02939946 0.0719005 0.0103034 0.0371717 0.07190847 0.01030368 0.03699327 0.07187764 0.01030261 0.03744769 0.07184208 0.01030136 0.03772232 0.07179388 0.01029968 0.03799502 0.07173315 0.01029756 0.03826521 0.07166002 0.01029501 0.0385323 0.07157464 0.01029202 0.03879574 0.0714772 0.01028862 0.03905496 0.0713679 0.0102848 0.0393094 0.07124697 0.01028058 0.03955853 0.07111468 0.01027596 0.03980182 0.07097131 0.01027096 0.04003874 0.07081715 0.01026557 0.0402688 0.07065254 0.01025982 0.04049149 0.07047784 0.01025372 0.04070635 0.06989693 0.01023344 0.04129946 0.0702934 0.01024728 0.04091293 0.07009963 0.01024052 0.04111077 0.07191113 0.01614377 0.02939946 0.07191113 0.01334377 0.03136004 0.03095195 0.0253928 0.0198381 0.03076934 0.02538351 0.01986785 0.03058789 0.02537418 0.01990587 0.03006218 0.02534658 0.02006688 0.02987823 0.02533672 0.02014304 0.02969859 0.02532698 0.02022849 0.02916744 0.00876139 0.02054997 0.02915067 0.008594031 0.02056207 0.02911188 0.008426618 0.02059059 0.02936413 0.02530858 0.02041866 0.0290559 0.008269491 0.02063301 0.02899198 0.008132329 0.0206834 0.02916169 0.008931214 0.02055411 0.029132 0.009105744 0.02057571 0.02892502 0.008012641 0.0207385 0.02885805 0.007907985 0.02079611 0.0290392 0.009376918 0.02064598 0.02899549 0.009468386 0.02068057 0.02907636 0.0092864 0.02061733 0.02879292 0.007816297 0.02085468 0.02873071 0.007735824 0.02091311 0.028672 0.007665077 0.0209706 0.02888936 0.009652154 0.02076886 0.02890906 0.025283 0.02075264 0.02882796 0.009742987 0.02082285 0.02894542 0.009560345 0.02072145 0.02861706 0.007602783 0.02102662 0.0287621 0.009831896 0.02088332 0.02869282 0.009917912 0.02094994 0.02851424 0.007495072 0.02113765 0.02842726 0.007412026 0.02123855 0.02862572 0.02526674 0.02101768 0.02862125 0.01000014 0.02102227 0.02854846 0.01007783 0.02109976 0.02837697 0.008840343 0.02130013 0.02836955 0.008944592 0.02130943 0.02836789 0.008648956 0.02131152 0.02835182 0.009056341 0.02133188 0.02835442 0.007347798 0.02132857 0.02829377 0.007297976 0.02140779 0.02832186 0.009174163 0.02137058 0.02830113 0.008370997 0.02139796 0.02833872 0.008493914 0.02134868 0.02847543 0.0101504 0.02118184 0.02827815 0.009295778 0.02142887 0.02819345 0.007223082 0.02154852 0.02840301 0.01021744 0.02126793 0.02838549 0.02525275 0.02129063 0.0283319 0.01027863 0.0213575 0.02818402 0.008127904 0.02156244 0.02814604 0.009537294 0.02161979 0.02814055 0.008062502 0.02162826 0.02809508 0.007159545 0.02170029 0.02828324 0.02524675 0.02142361 0.02826268 0.0103338 0.02145004 0.02819171 0.02524134 0.021553 0.02819578 0.01038284 0.0215451 0.02813154 0.01042568 0.02164226 0.02804789 0.007949994 0.02177883 0.0280854 0.02523503 0.02171794 0.0280781 0.01045787 0.02172809 0.02798473 0.02522903 0.02189216 0.02759125 0.02520526 0.02295493 0.02755474 0.02520303 0.0231463 0.02752678 0.02520131 0.02334396 0.02750237 0.02519981 0.02366526 0.0275 0.02519966 0.02379946 0.0280738 0.00962937 0.0217352 0.02809496 0.008003009 0.02170048 0.02821963 0.009418266 0.02151054 0.02826195 0.008274431 0.02145105 0.028 0.007303775 0.03538665 0.02793898 0.007303775 0.03597417 0.02793023 0.007303775 0.03626948 0.02793603 0.007303775 0.03656485 0.02795636 0.007303775 0.03685958 0.02799117 0.007303775 0.03715295 0.02804038 0.007303775 0.03744426 0.02810388 0.007303775 0.03773279 0.02818149 0.007303775 0.03801784 0.02827305 0.007303775 0.03829873 0.02837831 0.007303775 0.03857477 0.02849704 0.007303775 0.03884529 0.02862894 0.007303775 0.03910965 0.02893095 0.007303775 0.03961728 0.02910033 0.007303775 0.03985934 0.02928141 0.007303775 0.04009277 0.02967693 0.007303775 0.04053149 0.0298904 0.007303775 0.04073572 0.03011367 0.007303775 0.04092919 0.03034619 0.007303775 0.04111144 0.03058739 0.007303775 0.04128202 0.03086142 0.01030377 0.04145532 0.03061353 0.01030377 0.04129946 0.03111662 0.01030377 0.0415989 0.03135721 0.007303775 0.04171978 0.03137852 0.01030377 0.04172985 0.03162713 0.007303775 0.04183987 0.03164649 0.01030377 0.04184787 0.03191991 0.01030377 0.04195268 0.03219811 0.01030377 0.04204402 0.03248043 0.01030377 0.04212169 0.03275594 0.007303775 0.04218344 0.03276621 0.01030377 0.04218548 0.03305477 0.01030377 0.04223526 0.0333454 0.01030377 0.0422709 0.03363482 0.007303775 0.04229219 0.03363743 0.01030377 0.04229232 0.03393016 0.01030377 0.04229946 0.07191113 0.01745378 0.03689946 0.06553814 0.01745378 0.03689946 0.06553814 0.01745928 0.03667453 0.07191113 0.01745932 0.03667375 0.06553814 0.01747577 0.03645015 0.07191113 0.01747593 0.03644858 0.06553814 0.01750322 0.03622684 0.07191113 0.01750356 0.0362245 0.06553814 0.01754155 0.03600513 0.07191113 0.01754216 0.03600204 0.06553814 0.01759068 0.03578557 0.07191113 0.01759163 0.03578175 0.06553814 0.01765048 0.03556867 0.07191113 0.01765185 0.03556415 0.06553814 0.01772082 0.03535496 0.07191113 0.01772267 0.03534977 0.06553814 0.01780152 0.03514494 0.07191113 0.01780393 0.03513912 0.06553814 0.0178924 0.03493911 0.07191113 0.01789542 0.0349327 0.06553814 0.01799323 0.03473798 0.07191113 0.01799694 0.03473104 0.06553814 0.01810378 0.03454202 0.07191113 0.01810822 0.03453459 0.06553814 0.01822377 0.0343517 0.07191113 0.01822902 0.03434384 0.06553814 0.01835368 0.03416646 0.07191113 0.01835902 0.03415924 0.06553814 0.01849254 0.03398783 0.07191113 0.01849793 0.03398125 0.06553814 0.01864001 0.03381624 0.07191113 0.0186454 0.03381029 0.06553814 0.01879574 0.03365212 0.07191113 0.01880108 0.03364677 0.06553814 0.01895936 0.03349585 0.07191113 0.0189646 0.03349109 0.06553814 0.01913046 0.03334781 0.07191113 0.01913556 0.03334361 0.06553814 0.01930863 0.03320837 0.07191113 0.01931356 0.0332047 0.06553814 0.01949344 0.03307785 0.07191113 0.01949815 0.0330747 0.06553814 0.01968445 0.03295658 0.07191113 0.0196889 0.03295391 0.06553814 0.01988119 0.03284485 0.07191113 0.01988535 0.03284262 0.06553814 0.02008318 0.03274293 0.07191113 0.02008702 0.03274111 0.06553814 0.02028994 0.03265106 0.07191113 0.02029343 0.03264962 0.06553814 0.02050097 0.03256947 0.07191113 0.02050408 0.03256836 0.06553814 0.02071575 0.03249836 0.07191113 0.02071847 0.03249754 0.06553814 0.02093377 0.03243789 0.07191113 0.02093607 0.03243732 0.06553814 0.02115451 0.03238822 0.07191113 0.02115636 0.03238785 0.06553814 0.02137741 0.03234946 0.07191113 0.02137881 0.03234925 0.06553814 0.02160196 0.0323217 0.07191113 0.0216029 0.03232161 0.06553814 0.02182759 0.03230502 0.07191113 0.02182806 0.032305 0.06553814 0.02205377 0.03229946 0.07191113 0.02205377 0.03229946 0.03437294 0.01745378 0.03689946 0.03437294 0.01822377 0.03676946 0.03437294 0.01745928 0.03667453 0.03437294 0.01747577 0.03645015 0.03437294 0.01750322 0.03622684 0.03437294 0.01754155 0.03600513 0.03437294 0.01759068 0.03578557 0.03437294 0.01765048 0.03556867 0.03437294 0.01772082 0.03535496 0.03437294 0.01780152 0.03514494 0.03437294 0.0178924 0.03493911 0.03437294 0.01799323 0.03473798 0.03437294 0.01810378 0.03454202 0.03437294 0.01822377 0.0343517 0.03437294 0.01822803 0.03694267 0.03437294 0.01824077 0.03711546 0.03437294 0.01826198 0.03728742 0.03437294 0.0182916 0.03745813 0.03437294 0.01832957 0.03762718 0.03437294 0.01837578 0.03779417 0.03437294 0.01843012 0.03795868 0.03437294 0.01872599 0.03858424 0.03437294 0.01881869 0.03873063 0.03437294 0.01864059 0.03843349 0.03437294 0.01856269 0.03827873 0.03437294 0.01849248 0.03812033 0.03437294 0.01891845 0.03887228 0.03437294 0.01902505 0.03900887 0.03437294 0.01913822 0.03914006 0.03437294 0.01925769 0.03926555 0.03437294 0.01938317 0.03938502 0.03437294 0.01951437 0.03949819 0.03437294 0.01965096 0.03960478 0.03437294 0.01979261 0.03970455 0.03437294 0.01993899 0.03979724 0.03437294 0.02008974 0.03988264 0.03437294 0.0202445 0.03996054 0.03437294 0.0204029 0.04003075 0.03437294 0.02158057 0.04029521 0.03437294 0.02140777 0.04028246 0.03437294 0.02123582 0.04026125 0.03437294 0.02106511 0.04023163 0.03437294 0.02089606 0.04019367 0.03437294 0.02072907 0.04014746 0.03437294 0.02056455 0.04009311 0.03437294 0.02528378 0.03676946 0.03437294 0.02528378 0.03229946 0.03437294 0.02605377 0.03229946 0.03437294 0.02527952 0.03694267 0.03437294 0.02526678 0.03711546 0.03437294 0.02524557 0.03728742 0.03437294 0.02521595 0.03745813 0.03437294 0.02517798 0.03762718 0.03437294 0.02513177 0.03779417 0.03437294 0.02507743 0.03795868 0.03437294 0.02501507 0.03812033 0.03437294 0.02494486 0.03827873 0.03437294 0.02486696 0.03843349 0.03437294 0.02478156 0.03858424 0.03437294 0.02468886 0.03873063 0.03437294 0.0245891 0.03887228 0.03437294 0.0244825 0.03900887 0.03437294 0.02436933 0.03914006 0.03437294 0.02424986 0.03926555 0.03437294 0.02412438 0.03938502 0.03437294 0.02399318 0.03949819 0.03437294 0.02385659 0.03960478 0.03437294 0.02371494 0.03970455 0.03437294 0.02356856 0.03979724 0.03437294 0.0234178 0.03988264 0.03437294 0.02326304 0.03996054 0.03437294 0.02310465 0.04003075 0.03437294 0.022943 0.04009311 0.03437294 0.02192698 0.04029521 0.03437294 0.02209978 0.04028246 0.03437294 0.02227173 0.04026125 0.03437294 0.02244244 0.04023163 0.03437294 0.02261149 0.04019367 0.03437294 0.02277848 0.04014746 0.06553814 0.02605377 0.03229946 0.06553814 0.02528378 0.03676946 0.06553814 0.02528378 0.03229946 0.06553814 0.02527952 0.03694267 0.06553814 0.02526678 0.03711546 0.06553814 0.02524557 0.03728742 0.06553814 0.02521595 0.03745813 0.06553814 0.02517798 0.03762718 0.06553814 0.02513177 0.03779417 0.06553814 0.02507743 0.03795868 0.06553814 0.02501507 0.03812033 0.06553814 0.02494486 0.03827873 0.06553814 0.02486696 0.03843349 0.06553814 0.02478156 0.03858424 0.06553814 0.02468886 0.03873063 0.06553814 0.0245891 0.03887228 0.06553814 0.0244825 0.03900887 0.06553814 0.02436933 0.03914006 0.06553814 0.02424986 0.03926555 0.06553814 0.02412438 0.03938502 0.06553814 0.02399318 0.03949819 0.06553814 0.02385659 0.03960478 0.06553814 0.02371494 0.03970455 0.06553814 0.02356856 0.03979724 0.06553814 0.0234178 0.03988264 0.06553814 0.02326304 0.03996054 0.06553814 0.02310465 0.04003075 0.06553814 0.022943 0.04009311 0.06553814 0.02192698 0.04029521 0.06553814 0.02209978 0.04028246 0.06553814 0.02227173 0.04026125 0.06553814 0.02244244 0.04023163 0.06553814 0.02261149 0.04019367 0.06553814 0.02277848 0.04014746 0.06553814 0.01822377 0.03676946 0.06553814 0.01837578 0.03779417 0.06553814 0.01832957 0.03762718 0.06553814 0.0182916 0.03745813 0.06553814 0.01826198 0.03728742 0.06553814 0.01824077 0.03711546 0.06553814 0.01822803 0.03694267 0.06553814 0.01843012 0.03795868 0.06553814 0.0204029 0.04003075 0.06553814 0.0202445 0.03996054 0.06553814 0.02008974 0.03988264 0.06553814 0.01993899 0.03979724 0.06553814 0.01979261 0.03970455 0.06553814 0.01965096 0.03960478 0.06553814 0.01951437 0.03949819 0.06553814 0.01938317 0.03938502 0.06553814 0.01925769 0.03926555 0.06553814 0.01913822 0.03914006 0.06553814 0.01902505 0.03900887 0.06553814 0.01891845 0.03887228 0.06553814 0.01881869 0.03873063 0.06553814 0.01872599 0.03858424 0.06553814 0.01864059 0.03843349 0.06553814 0.01856269 0.03827873 0.06553814 0.01849248 0.03812033 0.06553814 0.02158057 0.04029521 0.06553814 0.02140777 0.04028246 0.06553814 0.02123582 0.04026125 0.06553814 0.02106511 0.04023163 0.06553814 0.02089606 0.04019367 0.06553814 0.02072907 0.04014746 0.06553814 0.02056455 0.04009311 0.05245556 0.03845377 0.02939946 0.05245245 0.03857839 0.02939946 0.05244314 0.03870269 0.02939946 0.05242764 0.03882638 0.02939946 0.05240599 0.03894914 0.02939946 0.05237826 0.03907067 0.02939946 0.05234449 0.03919066 0.02939946 0.05230479 0.03930883 0.02939946 0.05225925 0.03942486 0.02939946 0.05220798 0.03953848 0.02939946 0.05215112 0.03964941 0.02939946 0.05208879 0.03975736 0.02939946 0.05202116 0.03986208 0.02939946 0.05194839 0.03996329 0.02939946 0.05187067 0.04006075 0.02939946 0.05178819 0.04015421 0.02939946 0.05170116 0.04024344 0.02939946 0.05160978 0.04032823 0.02939946 0.05151429 0.04040835 0.02939946 0.05141492 0.04048362 0.02939946 0.05131193 0.04055384 0.02939946 0.05120556 0.04061884 0.02939946 0.05109609 0.04067846 0.02939946 0.05098378 0.04073254 0.02939946 0.05086892 0.04078096 0.02939946 0.05075178 0.04082359 0.02939946 0.05063266 0.04086034 0.02939946 0.05051186 0.04089109 0.02939946 0.05038968 0.04091579 0.02939946 0.05026642 0.04093437 0.02939946 0.05014239 0.04094678 0.02939946 0.05001789 0.040953 0.02939946 0.04989324 0.040953 0.02939946 0.04976874 0.04094678 0.02939946 0.0496447 0.04093437 0.02939946 0.04952144 0.04091579 0.02939946 0.04939926 0.04089109 0.02939946 0.04927846 0.04086034 0.02939946 0.04915935 0.04082359 0.02939946 0.04904221 0.04078096 0.02939946 0.04892735 0.04073254 0.02939946 0.04881504 0.04067846 0.02939946 0.04870556 0.04061884 0.02939946 0.0485992 0.04055384 0.02939946 0.0484962 0.04048362 0.02939946 0.04839684 0.04040835 0.02939946 0.04830135 0.04032823 0.02939946 0.04820997 0.04024344 0.02939946 0.04812293 0.04015421 0.02939946 0.04804045 0.04006075 0.02939946 0.04796273 0.03996329 0.02939946 0.04788997 0.03986208 0.02939946 0.04782233 0.03975736 0.02939946 0.04776001 0.03964941 0.02939946 0.04770314 0.03953848 0.02939946 0.04765187 0.03942486 0.02939946 0.04760633 0.03930883 0.02939946 0.04756663 0.03919066 0.02939946 0.04753287 0.03907067 0.02939946 0.04750513 0.03894914 0.02939946 0.04748349 0.03882638 0.02939946 0.04746799 0.03870269 0.02939946 0.04745867 0.03857839 0.02939946 0.04745556 0.03845377 0.02939946 0.04745867 0.03832916 0.02939946 0.04746799 0.03820486 0.02939946 0.04748349 0.03808117 0.02939946 0.04750513 0.03795841 0.02939946 0.04753287 0.03783688 0.02939946 0.04756663 0.03771689 0.02939946 0.04760633 0.03759872 0.02939946 0.04765187 0.03748269 0.02939946 0.04770314 0.03736906 0.02939946 0.04776001 0.03725814 0.02939946 0.04782233 0.03715019 0.02939946 0.04788997 0.03704548 0.02939946 0.04796273 0.03694426 0.02939946 0.04804045 0.03684681 0.02939946 0.04812293 0.03675334 0.02939946 0.04820997 0.03666411 0.02939946 0.04830135 0.03657932 0.02939946 0.04839684 0.0364992 0.02939946 0.0484962 0.03642393 0.02939946 0.0485992 0.03635371 0.02939946 0.04870556 0.03628871 0.02939946 0.04881504 0.0362291 0.02939946 0.04892735 0.03617501 0.02939946 0.04904221 0.03612659 0.02939946 0.04915935 0.03608396 0.02939946 0.04927846 0.03604721 0.02939946 0.04939926 0.03601646 0.02939946 0.04952144 0.03599176 0.02939946 0.0496447 0.03597318 0.02939946 0.04976874 0.03596077 0.02939946 0.04989324 0.03595455 0.02939946 0.05001789 0.03595455 0.02939946 0.05014239 0.03596077 0.02939946 0.05026642 0.03597318 0.02939946 0.05038968 0.03599176 0.02939946 0.05051186 0.03601646 0.02939946 0.05063266 0.03604721 0.02939946 0.05075178 0.03608396 0.02939946 0.05086892 0.03612659 0.02939946 0.05098378 0.03617501 0.02939946 0.05109609 0.0362291 0.02939946 0.05120556 0.03628871 0.02939946 0.05131193 0.03635371 0.02939946 0.05141492 0.03642393 0.02939946 0.05151429 0.0364992 0.02939946 0.05160978 0.03657932 0.02939946 0.05170116 0.03666411 0.02939946 0.05178819 0.03675334 0.02939946 0.05187067 0.03684681 0.02939946 0.05194839 0.03694426 0.02939946 0.05202116 0.03704548 0.02939946 0.05208879 0.03715019 0.02939946 0.05215112 0.03725814 0.02939946 0.05220798 0.03736906 0.02939946 0.05225925 0.03748269 0.02939946 0.05230479 0.03759872 0.02939946 0.05234449 0.03771689 0.02939946 0.05237826 0.03783688 0.02939946 0.05240599 0.03795841 0.02939946 0.05242764 0.03808117 0.02939946 0.05244314 0.03820486 0.02939946 0.05245245 0.03832916 0.02939946 0.03437294 0.01835368 0.03416646 0.03437294 0.01849254 0.03398783 0.03437294 0.01864001 0.03381624 0.03437294 0.01879574 0.03365212 0.03437294 0.01895936 0.03349585 0.03437294 0.01913046 0.03334781 0.03437294 0.01930863 0.03320837 0.03437294 0.01949344 0.03307785 0.03437294 0.01968445 0.03295658 0.03437294 0.01988119 0.03284485 0.03437294 0.02008318 0.03274293 0.03437294 0.02028994 0.03265106 0.03437294 0.02050097 0.03256947 0.03437294 0.02071575 0.03249836 0.03437294 0.02093377 0.03243789 0.03437294 0.02115451 0.03238822 0.03437294 0.02137741 0.03234946 0.03437294 0.02160196 0.0323217 0.03437294 0.02182759 0.03230502 0.03437294 0.02205377 0.03229946 0.0685834 0.01030377 0.04218673 0.06834364 0.01030377 0.04229946 0.06881795 0.01030377 0.04206352 0.06885876 0.007303775 0.04204071 0.06904683 0.01030377 0.04193008 0.0692696 0.01030377 0.04178666 0.06948582 0.01030377 0.04163355 0.06969507 0.01030377 0.04147105 0.06980288 0.007303775 0.04138132 0.06989693 0.01030377 0.04129946 0.07022315 0.007303775 0.04098677 0.07041859 0.007303775 0.04077481 0.07077783 0.007303775 0.04032397 0.07094079 0.007303775 0.04008614 0.07109214 0.007303775 0.03984074 0.07147314 0.007303775 0.03906499 0.07173875 0.007303775 0.03824254 0.07180061 0.007303775 0.03796094 0.0719042 0.007303775 0.0371029 0.061 0.007255593 0.02311532 0.061 0.007212283 0.02302723 0.061 0.00717398 0.02293685 0.061 0.007140805 0.02284447 0.061 0.007112863 0.02275037 0.061 0.00709024 0.02265485 0.061 0.007073009 0.02255821 0.061 0.007061224 0.02246076 0.061 0.007054921 0.0223628 0.061 0.007054121 0.02226464 0.061 0.007058826 0.02216659 0.061 0.007069021 0.02206896 0.061 0.007084675 0.02197205 0.061 0.007105737 0.02187618 0.061 0.007132142 0.02178163 0.061 0.007163806 0.02168872 0.061 0.007200631 0.02159773 0.061 0.0072425 0.02150894 0.061 0.00728928 0.02142264 0.061 0.007340827 0.02133911 0.061 0.007396976 0.02125859 0.061 0.007457551 0.02118134 0.061 0.007522362 0.02110762 0.061 0.007591205 0.02103765 0.061 0.007663863 0.02097164 0.061 0.007740108 0.02090981 0.061 0.007819699 0.02085236 0.061 0.007902387 0.02079946 0.039 0.007902387 0.02079946 0.039 0.007255593 0.02311532 0.039 0.007073009 0.02255821 0.039 0.00709024 0.02265485 0.039 0.007112863 0.02275037 0.039 0.007140805 0.02284447 0.039 0.00717398 0.02293685 0.039 0.007212283 0.02302723 0.039 0.007061224 0.02246076 0.039 0.007054921 0.0223628 0.039 0.007054121 0.02226464 0.039 0.007819699 0.02085236 0.039 0.007740108 0.02090981 0.039 0.007663863 0.02097164 0.039 0.007591205 0.02103765 0.039 0.007522362 0.02110762 0.039 0.007457551 0.02118134 0.039 0.007396976 0.02125859 0.039 0.007340827 0.02133911 0.039 0.00728928 0.02142264 0.039 0.0072425 0.02150894 0.039 0.007200631 0.02159773 0.039 0.007163806 0.02168872 0.039 0.007132142 0.02178163 0.039 0.007105737 0.02187618 0.039 0.007084675 0.02197205 0.039 0.007069021 0.02206896 0.039 0.007058826 0.02216659 0.07191113 0.01334377 0.03229946 0.03673603 0.02563322 0.01979946 0.0315 0.02542006 0.01979946 0.04197483 0.02576113 0.01979946 0.04721503 0.02580377 0.01979946 0.05278497 0.02580377 0.01979946 0.05802517 0.02576113 0.01979946 0.06326397 0.02563322 0.01979946 0.0255 0.02507073 0.02479946 0.02616658 0.02511509 0.02479946 0.02683324 0.02515807 0.02479946 0.0275 0.02519966 0.02479946 0.02750947 0.02520025 0.0235298 0.02763664 0.02520802 0.02276614 0.02768936 0.02521123 0.02258486 0.02775341 0.02521511 0.02239866 0.02782213 0.02521926 0.02222683 0.0255 0.02507073 0.01679946 0.03131567 0.025411 0.01980391 0.03113445 0.02540198 0.01981678 0.03040882 0.02536488 0.01995193 0.03023326 0.02535566 0.02000572 0.02953862 0.02531822 0.02031421 0.02920825 0.02529989 0.02052236 0.02905137 0.02529106 0.02063759 0.02876649 0.02527485 0.02087935 0.02849936 0.02525941 0.02115493 0.02789911 0.0252239 0.02205833 0.0255078 0.02507126 0.01647649 0.02553125 0.02507286 0.01614978 0.0255704 0.02507551 0.01582077 0.02562532 0.02507921 0.01549091 0.02569606 0.02508395 0.01516164 0.0257827 0.02508973 0.01483439 0.02588528 0.02509655 0.01451062 0.02599129 0.02510356 0.01422339 0.02609781 0.02511058 0.01396915 0.02621453 0.02511823 0.0137196 0.0325 0.02546737 0.00979946 0.0278238 0.02521936 0.01159112 0.02763155 0.02520771 0.0117698 0.02802492 0.02523142 0.01141806 0.02823438 0.02524385 0.0112512 0.02845168 0.0252566 0.01109109 0.0286763 0.02526963 0.0109383 0.02890771 0.0252829 0.01079339 0.02914542 0.02529635 0.01065693 0.02938889 0.02530995 0.01052947 0.02963762 0.02532365 0.01041158 0.02989109 0.02533741 0.01030383 0.03014869 0.02535118 0.01020656 0.03040969 0.0253649 0.01011979 0.03067332 0.02537855 0.01004348 0.03093881 0.02539209 0.009977609 0.0312054 0.02540546 0.009922129 0.03147234 0.02541865 0.009877013 0.03173885 0.0254316 0.009842228 0.03200418 0.02544428 0.009817739 0.03225328 0.02545598 0.009804026 0.03740311 0.02565425 0.00979946 0.0263409 0.02512646 0.01347527 0.02647634 0.02513522 0.01323666 0.0266203 0.02514448 0.0130043 0.02677221 0.02515418 0.0127787 0.02693149 0.02516427 0.01256038 0.02709759 0.02517472 0.01234987 0.02726993 0.02518546 0.01214767 0.02744794 0.02519647 0.0119543 0.0423085 0.02576639 0.00979946 0.04721503 0.02580377 0.00979946 0.06553814 0.01822377 0.03229946 0.03437294 0.01822377 0.03229946 0.0725 0.02519966 0.02479946 0.0725 0.02519966 0.02379946 0.07316676 0.02515807 0.02479946 0.07383342 0.02511509 0.02479946 0.0745 0.02507073 0.02479946 0.07249554 0.02519994 0.02361491 0.07248264 0.02520073 0.02343348 0.07234759 0.02520898 0.02270849 0.07223277 0.02521595 0.02236211 0.07215669 0.02522054 0.0221783 0.0576915 0.02576639 0.00979946 0.05278497 0.02580377 0.00979946 0.0745 0.02507073 0.01679946 0.07207134 0.02522567 0.02199879 0.07198571 0.02523079 0.0218389 0.07177778 0.02524315 0.02150869 0.07154729 0.02525669 0.02120906 0.07142046 0.02526406 0.02106633 0.07100888 0.02528765 0.020685 0.07074638 0.02530243 0.02049112 0.07058138 0.0253116 0.02038477 0.07040711 0.0253212 0.02028409 0.06971436 0.02535842 0.01998874 0.06915298 0.02538747 0.01985416 0.07449649 0.02507097 0.01658326 0.07448595 0.02507169 0.01636517 0.07446382 0.02507319 0.01609995 0.07443139 0.02507539 0.01583336 0.0743886 0.02507827 0.01556618 0.07433545 0.02508184 0.01529917 0.06259689 0.02565425 0.00979946 0.07427189 0.02508609 0.0150331 0.07419789 0.02509102 0.01476873 0.07411341 0.02509664 0.01450683 0.07401843 0.02510292 0.01424816 0.07391293 0.02510987 0.0139935 0.07379716 0.02511746 0.01374347 0.07367171 0.02512564 0.01349861 0.07353711 0.02513436 0.01325943 0.07339395 0.02514357 0.01302644 0.07324278 0.02515322 0.01280017 0.07308419 0.02516328 0.01258113 0.07291873 0.02517369 0.01236983 0.07274696 0.02518441 0.01216681 0.07256947 0.02519539 0.01197257 0.06814899 0.02543699 0.00983064 0.06782263 0.02545243 0.009807245 0.0675 0.02546737 0.00979946 0.07238652 0.0252066 0.01178733 0.07219515 0.02521821 0.01160813 0.06847765 0.02542109 0.009869708 0.07199487 0.02523024 0.0114345 0.06880717 0.02540484 0.009924512 0.07178619 0.02524263 0.01126702 0.06913613 0.02538829 0.009995113 0.07156963 0.02525536 0.01110623 0.06946307 0.02537152 0.01008158 0.07134569 0.02526836 0.01095271 0.07111491 0.02528161 0.01080702 0.06978657 0.0253546 0.01018396 0.07087778 0.02529505 0.01066972 0.07010519 0.02533761 0.01030233 0.07063485 0.02530864 0.01054137 0.0703866 0.02532233 0.01042253 0.027 0.003803775 0.02479946 0.0269019 0.003806986 0.02479946 0.02680421 0.003816607 0.02479946 0.02670737 0.003832597 0.02479946 0.02661177 0.003854886 0.02479946 0.02651784 0.003883379 0.02479946 0.02642598 0.003917955 0.02479946 0.02633657 0.003958466 0.02479946 0.02625 0.004004736 0.02479946 0.02616665 0.00405657 0.02479946 0.02608686 0.004113745 0.02479946 0.02601098 0.004176015 0.02479946 0.02593934 0.004243114 0.02479946 0.02587224 0.004314756 0.02479946 0.02580997 0.004390633 0.02479946 0.0257528 0.004470419 0.02479946 0.02570096 0.004553775 0.02479946 0.02565469 0.004640342 0.02479946 0.02561418 0.00472975 0.02479946 0.02557961 0.004821616 0.02479946 0.02555111 0.004915546 0.02479946 0.02552882 0.005011139 0.02479946 0.02551283 0.005107985 0.02479946 0.02550321 0.00520567 0.02479946 0.0255 0.005303775 0.02479946 0.07398902 0.004176015 0.02479946 0.07391314 0.004113745 0.02479946 0.07383336 0.00405657 0.02479946 0.07375 0.004004736 0.02479946 0.07366343 0.003958466 0.02479946 0.07357403 0.003917955 0.02479946 0.07348216 0.003883379 0.02479946 0.07338823 0.003854886 0.02479946 0.07329263 0.003832597 0.02479946 0.07319579 0.003816607 0.02479946 0.07309811 0.003806986 0.02479946 0.073 0.003803775 0.02479946 0.07406066 0.004243114 0.02479946 0.07412776 0.004314756 0.02479946 0.07419003 0.004390633 0.02479946 0.07424721 0.004470419 0.02479946 0.07429904 0.004553775 0.02479946 0.07434531 0.004640342 0.02479946 0.07438582 0.00472975 0.02479946 0.07442039 0.004821616 0.02479946 0.07444889 0.004915546 0.02479946 0.07447118 0.005011139 0.02479946 0.07448717 0.005107985 0.02479946 0.07449679 0.00520567 0.02479946 0.0745 0.005303775 0.02479946 0.0325 0.02480377 0.00979946 0.0675 0.02480377 0.00979946 0.03215652 0.02480377 0.009807893 0.03181388 0.02480377 0.009833168 0.03147289 0.02480377 0.009875225 0.03113437 0.02480377 0.009933964 0.03079914 0.02480377 0.01000924 0.03046801 0.02480377 0.01010088 0.03014177 0.02480377 0.01020865 0.02982122 0.02480377 0.0103323 0.02950711 0.02480377 0.01047154 0.02920022 0.02480377 0.01062601 0.02890128 0.02480377 0.01079536 0.02861101 0.02480377 0.01097917 0.0283301 0.02480377 0.01117701 0.02805925 0.02480377 0.01138839 0.02779909 0.02480377 0.0116128 0.02755025 0.02480377 0.01184971 0.02731334 0.02480377 0.01209855 0.02708893 0.02480377 0.01235871 0.02687755 0.02480377 0.01262957 0.02667971 0.02480377 0.01291047 0.0264959 0.02480377 0.01320074 0.02632655 0.02480377 0.01349968 0.02617208 0.02480377 0.01380657 0.02603284 0.02480377 0.01412068 0.02590919 0.02480377 0.01444123 0.02580142 0.02480377 0.01476747 0.02570978 0.02480377 0.0150986 0.0256345 0.02480377 0.01543383 0.02557576 0.02480377 0.01577235 0.02553371 0.02480377 0.01611334 0.02550843 0.02480377 0.01645599 0.0255 0.02480377 0.01679946 0.0255 0.02480377 0.02429946 0.0255 0.005303775 0.02429946 0.0745 0.005303775 0.02429946 0.0745 0.02480377 0.02429946 0.0745 0.02480377 0.01679946 0.07449157 0.02480377 0.01645599 0.07446629 0.02480377 0.01611334 0.07442423 0.02480377 0.01577235 0.07436549 0.02480377 0.01543383 0.07429022 0.02480377 0.0150986 0.07419859 0.02480377 0.01476747 0.07409081 0.02480377 0.01444123 0.07396716 0.02480377 0.01412068 0.07382793 0.02480377 0.01380657 0.07367345 0.02480377 0.01349968 0.0735041 0.02480377 0.01320074 0.07332029 0.02480377 0.01291047 0.07312245 0.02480377 0.01262957 0.07291107 0.02480377 0.01235871 0.07268666 0.02480377 0.01209855 0.07244975 0.02480377 0.01184971 0.07220091 0.02480377 0.0116128 0.07194075 0.02480377 0.01138839 0.07166989 0.02480377 0.01117701 0.07138899 0.02480377 0.01097917 0.07109872 0.02480377 0.01079536 0.07079977 0.02480377 0.01062601 0.07049289 0.02480377 0.01047154 0.07017879 0.02480377 0.0103323 0.06985823 0.02480377 0.01020865 0.06953199 0.02480377 0.01010088 0.06920086 0.02480377 0.01000924 0.06886563 0.02480377 0.009933964 0.06852711 0.02480377 0.009875225 0.06818612 0.02480377 0.009833168 0.06784348 0.02480377 0.009807893 0.02550321 0.00520567 0.02429946 0.02551283 0.005107985 0.02429946 0.02552882 0.005011139 0.02429946 0.02555111 0.004915546 0.02429946 0.02557961 0.004821616 0.02429946 0.02561418 0.00472975 0.02429946 0.02565469 0.004640342 0.02429946 0.02570096 0.004553775 0.02429946 0.0257528 0.004470419 0.02429946 0.02580997 0.004390633 0.02429946 0.02587224 0.004314756 0.02429946 0.02593934 0.004243114 0.02429946 0.02601098 0.004176015 0.02429946 0.02608686 0.004113745 0.02429946 0.02616665 0.00405657 0.02429946 0.02625 0.004004736 0.02429946 0.02633657 0.003958466 0.02429946 0.02642598 0.003917955 0.02429946 0.02651784 0.003883379 0.02429946 0.02661177 0.003854886 0.02429946 0.02670737 0.003832597 0.02429946 0.02680421 0.003816607 0.02429946 0.0269019 0.003806986 0.02429946 0.027 0.003803775 0.02429946 0.073 0.003803775 0.02429946 0.07309811 0.003806986 0.02429946 0.07319579 0.003816607 0.02429946 0.07329263 0.003832597 0.02429946 0.07338823 0.003854886 0.02429946 0.07348216 0.003883379 0.02429946 0.07357403 0.003917955 0.02429946 0.07366343 0.003958466 0.02429946 0.07375 0.004004736 0.02429946 0.07383336 0.00405657 0.02429946 0.07391314 0.004113745 0.02429946 0.07398902 0.004176015 0.02429946 0.07406066 0.004243114 0.02429946 0.07412776 0.004314756 0.02429946 0.07419003 0.004390633 0.02429946 0.07424721 0.004470419 0.02429946 0.07429904 0.004553775 0.02429946 0.07434531 0.004640342 0.02429946 0.07438582 0.00472975 0.02429946 0.07442039 0.004821616 0.02429946 0.07444889 0.004915546 0.02429946 0.07447118 0.005011139 0.02429946 0.07448717 0.005107985 0.02429946 0.07449679 0.00520567 0.02429946 0.075 0.02480377 0.02429946 0.075 0.02480377 0.01679946 0.07499097 0.02480377 0.01643145 0.07496388 0.02480377 0.01606433 0.07491882 0.02480377 0.01569898 0.07485589 0.02480377 0.01533628 0.07477524 0.02480377 0.01497711 0.07467706 0.02480377 0.01462233 0.07456158 0.02480377 0.01427279 0.0744291 0.02480377 0.01392933 0.07427992 0.02480377 0.0135928 0.07411441 0.02480377 0.01326398 0.07393297 0.02480377 0.01294369 0.07373602 0.02480377 0.01263268 0.07352406 0.02480377 0.01233172 0.07329758 0.02480377 0.01204151 0.07305714 0.02480377 0.01176277 0.0728033 0.02480377 0.01149616 0.07253669 0.02480377 0.01124233 0.07225795 0.02480377 0.01100188 0.07196774 0.02480377 0.0107754 0.07166678 0.02480377 0.01056344 0.07135577 0.02480377 0.0103665 0.07103548 0.02480377 0.01018505 0.07070667 0.02480377 0.01001954 0.07037012 0.02480377 0.009870364 0.07002667 0.02480377 0.00973788 0.06967713 0.02480377 0.009622408 0.06932235 0.02480377 0.009524226 0.06896318 0.02480377 0.009443571 0.06860048 0.02480377 0.009380637 0.06823513 0.02480377 0.009335575 0.067868 0.02480377 0.009308495 0.0675 0.02480377 0.00929946 0.0325 0.02480377 0.00929946 0.025 0.02480377 0.01679946 0.025 0.02480377 0.02429946 0.03213199 0.02480377 0.009308495 0.02500903 0.02480377 0.01643145 0.03176487 0.02480377 0.009335575 0.02503611 0.02480377 0.01606433 0.03139952 0.02480377 0.009380637 0.02508118 0.02480377 0.01569898 0.03103682 0.02480377 0.009443571 0.02514411 0.02480377 0.01533628 0.03067765 0.02480377 0.009524226 0.02522477 0.02480377 0.01497711 0.03032286 0.02480377 0.009622408 0.02532295 0.02480377 0.01462233 0.02997333 0.02480377 0.00973788 0.02543842 0.02480377 0.01427279 0.02962988 0.02480377 0.009870364 0.0255709 0.02480377 0.01392933 0.02929334 0.02480377 0.01001954 0.02572008 0.02480377 0.0135928 0.02896453 0.02480377 0.01018505 0.02588559 0.02480377 0.01326398 0.02864423 0.02480377 0.0103665 0.02606704 0.02480377 0.01294369 0.02833322 0.02480377 0.01056344 0.02626398 0.02480377 0.01263268 0.02803226 0.02480377 0.0107754 0.02647594 0.02480377 0.01233172 0.02774205 0.02480377 0.01100188 0.02670242 0.02480377 0.01204151 0.02694287 0.02480377 0.01176277 0.02746331 0.02480377 0.01124233 0.0271967 0.02480377 0.01149616 0.025 0.005303775 0.02429946 0.02500241 0.005205639 0.02429946 0.02500963 0.00510774 0.02429946 0.02502165 0.005010314 0.02429946 0.02503843 0.004913594 0.02429946 0.02505994 0.004817814 0.02429946 0.02508612 0.004723206 0.02429946 0.02511691 0.004629995 0.02429946 0.02515224 0.004538408 0.02429946 0.02519202 0.004448665 0.02429946 0.02523616 0.004360981 0.02429946 0.02528454 0.004275569 0.02429946 0.02533706 0.004192634 0.02429946 0.02539359 0.004112376 0.02429946 0.02545398 0.004034988 0.02429946 0.0255181 0.003960657 0.02429946 0.02558579 0.003889561 0.02429946 0.02565688 0.003821872 0.02429946 0.02573121 0.003757754 0.02429946 0.0258086 0.00369736 0.02429946 0.02588886 0.003640836 0.02429946 0.02597179 0.003588317 0.02429946 0.02605721 0.003539932 0.02429946 0.02614489 0.003495796 0.02429946 0.02623463 0.003456016 0.02429946 0.02632622 0.003420686 0.02429946 0.02641943 0.003389894 0.02429946 0.02651404 0.003363712 0.02429946 0.02660982 0.003342204 0.02429946 0.02670654 0.003325422 0.02429946 0.02680397 0.003313405 0.02429946 0.02690187 0.003306184 0.02429946 0.027 0.003303775 0.02429946 0.073 0.003303775 0.02429946 0.075 0.005303775 0.02429946 0.07309814 0.003306184 0.02429946 0.07499759 0.005205639 0.02429946 0.07499037 0.00510774 0.02429946 0.07319604 0.003313405 0.02429946 0.07329346 0.003325422 0.02429946 0.07497836 0.005010314 0.02429946 0.07496157 0.004913594 0.02429946 0.07339018 0.003342204 0.02429946 0.07494006 0.004817814 0.02429946 0.07348596 0.003363712 0.02429946 0.07358057 0.003389894 0.02429946 0.07491388 0.004723206 0.02429946 0.07367378 0.003420686 0.02429946 0.07488309 0.004629995 0.02429946 0.07376537 0.003456016 0.02429946 0.07484776 0.004538408 0.02429946 0.07385511 0.003495796 0.02429946 0.07480798 0.004448665 0.02429946 0.07394279 0.003539932 0.02429946 0.07476384 0.004360981 0.02429946 0.07402821 0.003588317 0.02429946 0.07471545 0.004275569 0.02429946 0.07411114 0.003640836 0.02429946 0.07466294 0.004192634 0.02429946 0.0741914 0.00369736 0.02429946 0.07460641 0.004112376 0.02429946 0.07426878 0.003757754 0.02429946 0.07454602 0.004034988 0.02429946 0.07434312 0.003821872 0.02429946 0.0744819 0.003960657 0.02429946 0.07441422 0.003889561 0.02429946 0.075 0.02503654 0.02479946 0.075 0.02503654 0.01679946 0.075 0.005303775 0.02479946 0.07499164 0.02503713 0.01645341 0.07496652 0.02503888 0.01610336 0.07492457 0.02504178 0.01575085 0.07486573 0.02504584 0.01539742 0.07478992 0.02505103 0.01504462 0.07469711 0.02505737 0.014694 0.07458719 0.02506483 0.0143471 0.0744736 0.02507252 0.01403936 0.07435948 0.0250802 0.01376695 0.07423442 0.02508857 0.01349958 0.07409902 0.02509757 0.01323779 0.0739539 0.02510716 0.01298214 0.07379966 0.02511729 0.01273318 0.0736369 0.02512789 0.01249148 0.07346624 0.02513892 0.01225757 0.07328828 0.02515033 0.01203202 0.07310364 0.02516206 0.01181538 0.0729129 0.02517407 0.0116082 0.07271619 0.02518633 0.01141053 0.0725102 0.02519903 0.01121908 0.07229472 0.02521217 0.01103367 0.0720703 0.02522571 0.01085489 0.07183749 0.02523959 0.01068335 0.07159682 0.02525376 0.01051965 0.07134888 0.02526818 0.01036439 0.0710942 0.02528279 0.01021818 0.07083334 0.02529755 0.01008162 0.07056685 0.02531241 0.009955311 0.07029528 0.02532732 0.009839857 0.07001927 0.02534222 0.009735643 0.06973963 0.02535706 0.009642676 0.06945718 0.02537181 0.009560919 0.06917272 0.02538641 0.009490337 0.06888708 0.02540084 0.009430894 0.06860107 0.02541504 0.009382555 0.06831553 0.02542897 0.009345284 0.06803124 0.0254426 0.009319046 0.06776434 0.02545516 0.009304352 0.0675 0.02546737 0.00929946 0.03740311 0.02565425 0.00929946 0.0325 0.02546737 0.00929946 0.06259689 0.02565425 0.00929946 0.0423085 0.02576639 0.00929946 0.04721503 0.02580377 0.00929946 0.05278497 0.02580377 0.00929946 0.0576915 0.02576639 0.00929946 0.03215432 0.02545135 0.009307801 0.03180464 0.02543476 0.009332869 0.0314525 0.02541767 0.009374727 0.03109944 0.02540016 0.009433447 0.03074699 0.02538231 0.009509092 0.03039669 0.02536421 0.009601731 0.03005009 0.02534592 0.009711431 0.02970872 0.02532754 0.009838256 0.0294072 0.02531097 0.00996704 0.02914123 0.02529612 0.01009436 0.02888094 0.02528137 0.01023188 0.02862688 0.02526678 0.01037899 0.02837962 0.02525238 0.01053509 0.02813969 0.02523824 0.01069957 0.02790766 0.02522439 0.01087184 0.02768408 0.02521089 0.01105129 0.02746949 0.02519778 0.01123731 0.02726445 0.02518513 0.01142931 0.02706844 0.0251729 0.01162777 0.02687827 0.02516092 0.01183589 0.02669424 0.02514921 0.01205341 0.02651696 0.02513784 0.01227979 0.02634703 0.02512685 0.01251448 0.02618507 0.02511629 0.01275691 0.02603168 0.02510621 0.01300654 0.02588747 0.02509668 0.0132628 0.02575305 0.02508773 0.01352516 0.02562902 0.02507943 0.01379304 0.02551598 0.02507181 0.01406589 0.02541421 0.02506493 0.01434303 0.0253237 0.02505878 0.01462364 0.02524441 0.02505338 0.0149069 0.02517631 0.02504872 0.01519198 0.02511935 0.02504481 0.01547807 0.02507352 0.02504165 0.01576434 0.02503876 0.02503924 0.01604997 0.02501506 0.0250376 0.01633414 0.02500376 0.02503681 0.01656781 0.025 0.02503654 0.01679946 0.025 0.005303775 0.02479946 0.025 0.02503654 0.02479946 0.02500241 0.005205639 0.02479946 0.02500963 0.00510774 0.02479946 0.02502165 0.005010314 0.02479946 0.02503843 0.004913594 0.02479946 0.02505994 0.004817814 0.02479946 0.02508612 0.004723206 0.02479946 0.02511691 0.004629995 0.02479946 0.02515224 0.004538408 0.02479946 0.02519202 0.004448665 0.02479946 0.02523616 0.004360981 0.02479946 0.02528454 0.004275569 0.02479946 0.02533706 0.004192634 0.02479946 0.02539359 0.004112376 0.02479946 0.02545398 0.004034988 0.02479946 0.0255181 0.003960657 0.02479946 0.02558579 0.003889561 0.02479946 0.02565688 0.003821872 0.02479946 0.02573121 0.003757754 0.02479946 0.0258086 0.00369736 0.02479946 0.02588886 0.003640836 0.02479946 0.02597179 0.003588317 0.02479946 0.02605721 0.003539932 0.02479946 0.02614489 0.003495796 0.02479946 0.02623463 0.003456016 0.02479946 0.02632622 0.003420686 0.02479946 0.02641943 0.003389894 0.02479946 0.02651404 0.003363712 0.02479946 0.02660982 0.003342204 0.02479946 0.02670654 0.003325422 0.02479946 0.02680397 0.003313405 0.02479946 0.02690187 0.003306184 0.02479946 0.027 0.003303775 0.02479946 0.073 0.003303775 0.02479946 0.07309814 0.003306184 0.02479946 0.07319604 0.003313405 0.02479946 0.07329346 0.003325422 0.02479946 0.07339018 0.003342204 0.02479946 0.07348596 0.003363712 0.02479946 0.07358057 0.003389894 0.02479946 0.07367378 0.003420686 0.02479946 0.07376537 0.003456016 0.02479946 0.07385511 0.003495796 0.02479946 0.07394279 0.003539932 0.02479946 0.07402821 0.003588317 0.02479946 0.07411114 0.003640836 0.02479946 0.0741914 0.00369736 0.02479946 0.07426878 0.003757754 0.02479946 0.07434312 0.003821872 0.02479946 0.07441422 0.003889561 0.02479946 0.0744819 0.003960657 0.02479946 0.07454602 0.004034988 0.02479946 0.07460641 0.004112376 0.02479946 0.07466294 0.004192634 0.02479946 0.07471545 0.004275569 0.02479946 0.07476384 0.004360981 0.02479946 0.07480798 0.004448665 0.02479946 0.07484776 0.004538408 0.02479946 0.07488309 0.004629995 0.02479946 0.07491388 0.004723206 0.02479946 0.07494006 0.004817814 0.02479946 0.07496157 0.004913594 0.02479946 0.07497836 0.005010314 0.02479946 0.07499037 0.00510774 0.02479946 0.07499759 0.005205639 0.02479946 0.07991816 0.02465856 0.02479946 0.08482996 0.02420527 0.02479946 0.05278497 0.02580377 -0.002200539 0.08973422 0.0236768 0.02479946 0.06512556 0.02556721 -0.002200539 0.07744801 0.02485787 -0.002200539 0.08973422 0.0236768 -0.002200539 0.005527682 0.009615853 0.02479946 0.005825238 0.009343908 0.02479946 0.00524385 0.009902094 0.02479946 0.004974427 0.01020194 0.02479946 0.006135799 0.009086915 0.02479946 0.006458615 0.008845494 0.02479946 0.004481381 0.0108395 0.02479946 0.004720067 0.01051466 0.02479946 0.007492652 0.008220308 0.02479946 0.007856418 0.008046617 0.02479946 0.007137863 0.008411667 0.02479946 0.006792906 0.008620231 0.02479946 0.004258948 0.01117568 0.02479946 0.003694337 0.012244 0.02479946 0.004053306 0.01152239 0.02479946 0.00386495 0.01187878 0.02479946 0.008228279 0.007891011 0.02479946 0.003541879 0.01261716 0.02479946 0.003407944 0.01299737 0.02479946 0.003196891 0.01377521 0.02479946 0.003292855 0.01338369 0.02479946 0.003025834 0.01497138 0.02479946 0.003032421 0.01617971 0.02479946 0.003008218 0.0153741 0.02479946 0.003010416 0.0157772 0.02479946 0.00321651 0.01737395 0.02479946 0.00343603 0.01814944 0.02479946 0.003316736 0.01776439 0.02479946 0.01582757 0.005580143 0.02479946 0.01684797 0.004945377 0.02479946 0.01570018 0.005677341 0.02479946 0.01595304 0.005477035 0.02479946 0.003730621 0.01889964 0.02479946 0.003574103 0.01852816 0.02479946 0.004097435 0.0196173 0.02479946 0.003905205 0.01926298 0.02479946 0.004775143 0.0206177 0.02479946 0.004306846 0.01996174 0.02479946 0.00453293 0.02029548 0.02479946 0.005032898 0.02092763 0.02479946 0.005305573 0.02122451 0.02479946 0.006206358 0.02202992 0.02479946 0.00559251 0.02150764 0.02479946 0.005893013 0.02177633 0.02479946 0.02098707 0.001803775 0.02479946 0.02020689 0.002493057 0.02479946 0.01552897 0.005797091 0.02479946 0.01535453 0.005907502 0.02479946 0.01772143 0.004380515 0.02479946 0.01857347 0.003782525 0.02479946 0.01940245 0.003152807 0.02479946 0.008941763 0.007630244 0.02479946 0.01026577 0.0236768 0.02479946 0.009654181 0.007404121 0.02479946 0.01015307 0.00726617 0.02479946 0.01067937 0.007139628 0.02479946 0.01119912 0.007032498 0.02479946 0.01286995 0.006738626 0.02479946 0.003120284 0.01417097 0.02479946 0.003063219 0.01457002 0.02479946 0.00307418 0.01658064 0.02479946 0.003135592 0.01697904 0.02479946 0.006531787 0.02226781 0.02479946 0.006868514 0.02248941 0.02479946 0.007215724 0.0226942 0.02479946 0.007572578 0.02288168 0.02479946 0.007938216 0.0230514 0.02479946 0.008311752 0.02320294 0.02479946 0.008692284 0.02333594 0.02479946 0.009078893 0.02345008 0.02479946 0.009470643 0.02354508 0.02479946 0.00986659 0.02362072 0.02479946 0.01340777 0.006629877 0.02479946 0.01517005 0.02420527 0.02479946 0.01384499 0.006523352 0.02479946 0.01419059 0.006422412 0.02479946 0.01449783 0.006316476 0.02479946 0.01474849 0.006216207 0.02479946 0.01497602 0.006112422 0.02479946 0.02008184 0.02465856 0.02479946 0.01517694 0.006009128 0.02479946 0.07901293 0.001803775 0.02479946 0.08005048 0.002709568 0.02479946 0.08112351 0.003558005 0.02479946 0.08223204 0.004349086 0.02479946 0.08312852 0.004930788 0.02479946 0.08421503 0.005613457 0.02479946 0.08404696 0.005477035 0.02479946 0.08438653 0.005739471 0.02479946 0.08456137 0.005855652 0.02479946 0.09354138 0.008845494 0.02479946 0.0938642 0.009086915 0.02479946 0.09320709 0.008620231 0.02479946 0.09286214 0.008411667 0.02479946 0.09447232 0.009615853 0.02479946 0.09417476 0.009343908 0.02479946 0.09250735 0.008220308 0.02479946 0.09214359 0.008046617 0.02479946 0.08473948 0.005962575 0.02479946 0.08492076 0.006060817 0.02479946 0.08510513 0.006150952 0.02479946 0.08529251 0.006233557 0.02479946 0.09475615 0.009902094 0.02479946 0.09502557 0.01020194 0.02479946 0.09527993 0.01051466 0.02479946 0.09574105 0.01117568 0.02479946 0.09551862 0.0108395 0.02479946 0.09594669 0.01152239 0.02479946 0.09613505 0.01187878 0.02479946 0.09630566 0.012244 0.02479946 0.0854828 0.006309206 0.02479946 0.08567593 0.006378475 0.02479946 0.0858718 0.00644194 0.02479946 0.08613709 0.006518525 0.02479946 0.08644095 0.006595267 0.02479946 0.0868545 0.006685309 0.02479946 0.08866055 0.007006009 0.02479946 0.09645812 0.01261716 0.02479946 0.09659206 0.01299737 0.02479946 0.09670715 0.01338369 0.02479946 0.09687971 0.01417097 0.02479946 0.09680311 0.01377521 0.02479946 0.09693678 0.01457002 0.02479946 0.09697417 0.01497138 0.02479946 0.09699178 0.0153741 0.02479946 0.09696758 0.01617971 0.02479946 0.09698959 0.0157772 0.02479946 0.08940877 0.007159442 0.02479946 0.09011919 0.007339343 0.02479946 0.0907834 0.007538976 0.02479946 0.09127763 0.00770675 0.02479946 0.09177172 0.007891011 0.02479946 0.09013341 0.02362072 0.02479946 0.09686441 0.01697904 0.02479946 0.09678349 0.01737395 0.02479946 0.09692582 0.01658064 0.02479946 0.0909211 0.02345008 0.02479946 0.09052936 0.02354508 0.02479946 0.09656397 0.01814944 0.02479946 0.09668327 0.01776439 0.02479946 0.09168825 0.02320294 0.02479946 0.09130772 0.02333594 0.02479946 0.0964259 0.01852816 0.02479946 0.09206178 0.0230514 0.02479946 0.09278428 0.0226942 0.02479946 0.09242742 0.02288168 0.02479946 0.0960948 0.01926298 0.02479946 0.09590257 0.0196173 0.02479946 0.09626938 0.01889964 0.02479946 0.09379364 0.02202992 0.02479946 0.09313148 0.02248941 0.02479946 0.09346822 0.02226781 0.02479946 0.09546707 0.02029548 0.02479946 0.09522485 0.0206177 0.02479946 0.09569315 0.01996174 0.02479946 0.09410699 0.02177633 0.02479946 0.0949671 0.02092763 0.02479946 0.09440749 0.02150764 0.02479946 0.09469443 0.02122451 0.02479946 0.01026577 0.0236768 -0.002200539 0.02255199 0.02485787 -0.002200539 0.03487444 0.02556721 -0.002200539 0.04721503 0.02580377 -0.002200539 0.09013341 0.02362072 -0.002200539 0.09052936 0.02354508 -0.002200539 0.0909211 0.02345008 -0.002200539 0.09130772 0.02333594 -0.002200539 0.09168825 0.02320294 -0.002200539 0.09206178 0.0230514 -0.002200539 0.09242742 0.02288168 -0.002200539 0.09278428 0.0226942 -0.002200539 0.09313148 0.02248941 -0.002200539 0.09346822 0.02226781 -0.002200539 0.09379364 0.02202992 -0.002200539 0.09410699 0.02177633 -0.002200539 0.09440749 0.02150764 -0.002200539 0.09469443 0.02122451 -0.002200539 0.0949671 0.02092763 -0.002200539 0.09522485 0.0206177 -0.002200539 0.09546707 0.02029548 -0.002200539 0.09569315 0.01996174 -0.002200539 0.09590257 0.0196173 -0.002200539 0.0960948 0.01926298 -0.002200539 0.09626938 0.01889964 -0.002200539 0.0964259 0.01852816 -0.002200539 0.09656397 0.01814944 -0.002200539 0.09668327 0.01776439 -0.002200539 0.09678349 0.01737395 -0.002200539 0.09686441 0.01697904 -0.002200539 0.09692582 0.01658064 -0.002200539 0.09696758 0.01617971 -0.002200539 0.09698959 0.0157772 -0.002200539 0.09699178 0.0153741 -0.002200539 0.09697417 0.01497138 -0.002200539 0.09693678 0.01457002 -0.002200539 0.09687971 0.01417097 -0.002200539 0.09680311 0.01377521 -0.002200539 0.09670715 0.01338369 -0.002200539 0.09659206 0.01299737 -0.002200539 0.09645812 0.01261716 -0.002200539 0.09630566 0.012244 -0.002200539 0.09613505 0.01187878 -0.002200539 0.09594669 0.01152239 -0.002200539 0.09574105 0.01117568 -0.002200539 0.09551862 0.0108395 -0.002200539 0.09527993 0.01051466 -0.002200539 0.09502557 0.01020194 -0.002200539 0.09475615 0.009902094 -0.002200539 0.09447232 0.009615853 -0.002200539 0.09417476 0.009343908 -0.002200539 0.0938642 0.009086915 -0.002200539 0.09354138 0.008845494 -0.002200539 0.09320709 0.008620231 -0.002200539 0.09286214 0.008411667 -0.002200539 0.09250735 0.008220308 -0.002200539 0.09214359 0.008046617 -0.002200539 0.09177172 0.007891011 -0.002200539 0.00559251 0.02150764 -0.002200539 0.004775143 0.0206177 -0.002200539 0.005305573 0.02122451 -0.002200539 0.005032898 0.02092763 -0.002200539 0.006206358 0.02202992 -0.002200539 0.006531787 0.02226781 -0.002200539 0.005893013 0.02177633 -0.002200539 0.006868514 0.02248941 -0.002200539 0.007215724 0.0226942 -0.002200539 0.004097435 0.0196173 -0.002200539 0.003730621 0.01889964 -0.002200539 0.003905205 0.01926298 -0.002200539 0.003574103 0.01852816 -0.002200539 0.007938216 0.0230514 -0.002200539 0.008311752 0.02320294 -0.002200539 0.007572578 0.02288168 -0.002200539 0.003316736 0.01776439 -0.002200539 0.00343603 0.01814944 -0.002200539 0.00321651 0.01737395 -0.002200539 0.00307418 0.01658064 -0.002200539 0.003135592 0.01697904 -0.002200539 0.00986659 0.02362072 -0.002200539 0.009470643 0.02354508 -0.002200539 0.009078893 0.02345008 -0.002200539 0.008692284 0.02333594 -0.002200539 0.003010416 0.0157772 -0.002200539 0.003032421 0.01617971 -0.002200539 0.003025834 0.01497138 -0.002200539 0.003008218 0.0153741 -0.002200539 0.003063219 0.01457002 -0.002200539 0.003292855 0.01338369 -0.002200539 0.003120284 0.01417097 -0.002200539 0.003196891 0.01377521 -0.002200539 0.003541879 0.01261716 -0.002200539 0.003407944 0.01299737 -0.002200539 0.003694337 0.012244 -0.002200539 0.00386495 0.01187878 -0.002200539 0.004258948 0.01117568 -0.002200539 0.004053306 0.01152239 -0.002200539 0.004481381 0.0108395 -0.002200539 0.005825238 0.009343908 -0.002200539 0.004720067 0.01051466 -0.002200539 0.004974427 0.01020194 -0.002200539 0.00524385 0.009902094 -0.002200539 0.005527682 0.009615853 -0.002200539 0.006135799 0.009086915 -0.002200539 0.006792906 0.008620231 -0.002200539 0.006458615 0.008845494 -0.002200539 0.008228279 0.007891011 -0.002200539 0.007137863 0.008411667 -0.002200539 0.007492652 0.008220308 -0.002200539 0.007856418 0.008046617 -0.002200539 0.00453293 0.02029548 -0.002200539 0.004306846 0.01996174 -0.002200539 0.008722367 0.007706751 -0.002200539 0.009216595 0.007538976 -0.002200539 0.009880805 0.007339343 -0.002200539 0.01059123 0.007159442 -0.002200539 0.0113408 0.007005758 -0.002200539 0.0131455 0.00668531 -0.002200539 0.01355905 0.006595268 -0.002200539 0.0138629 0.006518526 -0.002200539 0.01412819 0.006441941 -0.002200539 0.01432407 0.006378476 -0.002200539 0.01451719 0.006309207 -0.002200539 0.01470749 0.006233558 -0.002200539 0.01489487 0.006150954 -0.002200539 0.01507924 0.006060819 -0.002200539 0.01526052 0.005962578 -0.002200539 0.01543863 0.005855654 -0.002200539 0.01561347 0.005739473 -0.002200539 0.01687147 0.004930791 -0.002200539 0.01578497 0.00561346 -0.002200539 0.01595303 0.005477037 -0.002200539 0.01776796 0.004349089 -0.002200539 0.01887649 0.003558007 -0.002200539 0.01994953 0.002709569 -0.002200539 0.02098707 0.001803775 -0.002200539 0.07901293 0.001803775 -0.002200539 0.07979311 0.002493057 -0.002200539 0.08059755 0.003152807 -0.002200539 0.08142654 0.003782525 -0.002200539 0.08227857 0.004380515 -0.002200539 0.08315203 0.004945377 -0.002200539 0.08417242 0.005580143 -0.002200539 0.08404696 0.005477035 -0.002200539 0.08429983 0.005677341 -0.002200539 0.08447103 0.005797091 -0.002200539 0.08464547 0.005907502 -0.002200539 0.08482306 0.006009128 -0.002200539 0.08502398 0.006112422 -0.002200539 0.08525151 0.006216207 -0.002200539 0.08550217 0.006316476 -0.002200539 0.08580941 0.006422412 -0.002200539 0.08615501 0.006523352 -0.002200539 0.08659223 0.006629877 -0.002200539 0.08713005 0.006738626 -0.002200539 0.08880088 0.007032498 -0.002200539 0.08932063 0.007139628 -0.002200539 0.08984693 0.00726617 -0.002200539 0.09034582 0.007404121 -0.002200539 0.09105824 0.007630244 -0.002200539 0.0147982 0.006194634 0.01000201 0.0155745 0.005766393 0.009937344 0.01557439 0.005766472 0.01104079 0.01479833 0.006194579 0.008898568 0.01557462 0.005766315 0.008833899 0.01479845 0.006194524 0.007795124 0.01396748 0.006489516 0.008963236 0.0165112 0.004911419 0.0116465 0.01693331 0.004332455 0.01182002 0.01682924 0.004490127 0.01251266 0.01732235 0.003634409 0.01199354 0.01732655 0.003625778 0.01147298 0.0169356 0.004328853 0.01155974 0.01693676 0.004327044 0.0113 0.01732761 0.003623609 0.01121324 0.01651369 0.004908442 0.01112701 0.01693733 0.004326138 0.01117012 0.01693676 0.004327029 0.01104079 0.01732657 0.003625744 0.01095456 0.01693507 0.004329688 0.01091183 0.01732347 0.003632113 0.01069665 0.01594013 0.005487998 0.009353288 0.01683192 0.004486197 0.01028467 0.01628946 0.005159286 0.009872675 0.0169205 0.004352451 0.007962268 0.01628957 0.005159176 0.008769232 0.01628967 0.005159066 0.007665788 0.01693639 0.004327623 0.008704563 0.016933 0.004332938 0.008446654 0.01594024 0.005487904 0.008249844 0.01557474 0.005766235 0.007730456 0.01557485 0.005766157 0.006627012 0.0169346 0.00433043 0.009679052 0.01750525 0.003233265 0.00948543 0.01749435 0.003258745 0.009001044 0.01594035 0.005487811 0.0071464 0.01628081 0.005168295 0.00729464 0.01626935 0.005180145 0.007053227 0.01593936 0.00548865 0.007081923 0.0159357 0.005491738 0.006960826 0.01625333 0.005196585 0.006812387 0.0159297 0.005496793 0.006840119 0.01623013 0.005220105 0.006314672 0.01557116 0.005768672 0.006282624 0.01623267 0.005217539 0.006572963 0.01623182 0.005218395 0.006486866 0.01593698 0.005490664 0.01567076 0.01593675 0.005490853 0.01512995 0.01627814 0.005171056 0.01545398 0.01557156 0.0057684 0.01506488 0.01628581 0.005163092 0.01519502 0.01593653 0.005491043 0.01458914 0.0155711 0.005768719 0.01398326 0.01593631 0.005491232 0.01404833 0.01628538 0.005163537 0.0141134 0.01593608 0.005491421 0.01350752 0.01593586 0.005491611 0.01296671 0.01628496 0.005163982 0.01303178 0.01557063 0.005769038 0.01290164 0.01593563 0.005491799 0.0124259 0.0163978 0.005042403 0.01246928 0.01605538 0.005387059 0.01173326 0.01594002 0.005488091 0.01045673 0.01594008 0.005488045 0.009905009 0.01594019 0.005487951 0.008801565 0.0159403 0.005487857 0.007698122 0.01628778 0.005161039 0.007536833 0.01338548 0.006634801 0.02201974 0.0160138 0.005424255 0.02471972 0.01591174 0.005511825 0.0245477 0.01607297 0.005370957 0.02463577 0.01589341 0.005526988 0.02442629 0.01579273 0.005607452 0.02426776 0.01597583 0.005457467 0.02442629 0.01617214 0.005277258 0.02448058 0.0158854 0.005533572 0.02426776 0.01577292 0.005622728 0.02406916 0.0159679 0.005464309 0.02426776 0.01627681 0.005172091 0.02429595 0.01587607 0.005541194 0.02406916 0.01639818 0.005041535 0.02405315 0.01587412 0.005542777 0.02379364 0.01576265 0.005630585 0.02379364 0.01558849 0.005756803 0.02344821 0.01573827 0.005649031 0.02344821 0.01587225 0.005544298 0.02344821 0.01570377 0.005674696 0.02303333 0.01551776 0.005804525 0.02303333 0.0153991 0.005880332 0.02258922 0.0156243 0.005731887 0.02258922 0.01549664 0.005818401 0.02212114 0.01476264 0.006210126 0.02113553 0.01497559 0.006112631 0.02113553 0.01489683 0.00615004 0.02163427 0.01461408 0.006271668 0.02062988 0.01482969 0.006180662 0.02062988 0.01558241 0.005760977 0.02163427 0.01278481 0.006754311 0.02133592 0.01446437 0.006328865 0.02011887 0.01311862 0.006690709 0.02167907 0.01237139 0.006826969 0.02099178 0.01421214 0.00641552 0.01960415 0.01466945 0.006249314 0.02011887 0.01394233 0.006496625 0.01908793 0.01450781 0.00631274 0.01960415 0.01424362 0.006405318 0.01908793 0.01396157 0.006491194 0.01857002 0.01394416 0.006496112 0.003548493 0.01415347 0.006434104 0.003548493 0.01396167 0.006491166 0.004032878 0.01258824 0.006789453 0.001310265 0.01412511 0.00644289 0.003065667 0.01230495 0.006838295 0.001632149 0.01433185 0.006375818 0.003065667 0.01291197 0.006730761 0.0009891452 0.01429274 0.006389064 0.002583987 0.01456751 0.006289958 0.002583987 0.01328959 0.006655511 0.0006699129 0.01451808 0.006308871 0.002105139 0.01480948 0.006189656 0.002105139 0.0147502 0.006215475 0.001630647 0.01505663 0.00607238 0.001630647 0.01498781 0.006106677 0.001161696 0.0149076 0.006145025 0.0007006292 0.0156513 0.005712751 0.0007006292 0.01556658 0.005771796 0.0002536291 0.01547173 0.005834547 -0.000174848 0.01564596 0.005716562 -0.000174848 0.01554311 0.005787642 -0.0005804789 0.01567308 0.005697099 -0.0005804789 0.015787 0.005611887 -0.0005804789 0.0156776 0.005693819 -0.0009589689 0.01576315 0.005630203 -0.0009589689 0.01584784 0.005564004 -0.0009589689 0.01574325 0.005645286 -0.00127421 0.01582814 0.005579697 -0.00127421 0.01591216 0.005511468 -0.00127421 0.01581524 0.005589875 -0.001529865 0.0158994 0.005522055 -0.001529865 0.01636039 0.005083215 -0.00153327 0.01624387 0.005205905 -0.001757518 0.01581687 0.00558859 -0.001720055 0.01590102 0.005520717 -0.001720055 0.01614989 0.005298775 -0.001918109 0.01582892 0.005579078 -0.001866889 0.01591294 0.005510825 -0.001866889 0.01605884 0.005383858 -0.002057473 0.01585124 0.005561273 -0.001979025 0.01034054 0.007218812 0.02289562 0.01481031 0.006189289 0.02369434 0.01501959 0.006091004 0.0239164 0.01023316 0.007245631 0.01804946 0.01396801 0.006489366 0.01804946 0.01443047 0.006341193 0.02230448 0.01416093 0.006431773 0.02182701 0.01653629 0.004880744 0.02373595 0.01629104 0.005157636 0.02339354 0.01668539 0.004691006 0.02333909 0.01621176 0.005238488 0.0231861 0.01630729 0.005140579 0.02291058 0.01686147 0.004442436 0.02278687 0.01627063 0.005178826 0.02268852 0.0154962 0.005818686 0.02069112 0.01542706 0.005862936 0.0204383 0.01598931 0.005445771 0.02024672 0.01535153 0.005909303 0.02018279 0.01533012 0.005922084 0.01984799 0.01594945 0.00548009 0.01957712 0.01525419 0.005966183 0.01959063 0.01522454 0.005982886 0.01925175 0.01510087 0.006049619 0.01899364 0.01506699 0.006067102 0.01865173 0.01493852 0.006130444 0.01813249 0.0148681 0.006163286 0.01778885 0.01478914 0.006198611 0.01744414 0.0167325 0.004627424 0.02031285 0.01671472 0.00465174 0.01997805 0.01738687 0.003498307 0.02037898 0.01479718 0.006195083 0.01709798 0.01555709 0.005778226 0.01683881 0.01557203 0.005768081 0.0161465 0.01396586 0.006489975 0.01372298 0.01216899 0.006861343 0.01129946 0.01023316 0.007245631 0.00454946 0.01396801 0.006489366 0.00454946 0.01396642 0.006489818 0.004290788 0.0147987 0.006194415 0.005588236 0.01555821 0.005777469 0.005787761 0.01479671 0.006195288 0.005416042 0.01478974 0.006198348 0.005168611 0.01030522 0.007227543 -0.0002841953 0.01484115 0.006175516 0.004846207 0.01488531 0.006155375 0.004524705 0.01488457 0.006155718 0.004395369 0.01497206 0.006114343 0.004024221 0.01503127 0.006085173 0.003704045 0.01511467 0.006042401 0.003462632 0.01522552 0.005982341 0.003221792 0.01528327 0.005949516 0.002904012 0.01595147 0.005478371 0.003224037 0.01539732 0.00588143 0.002664588 0.01605718 0.005385429 0.002595075 0.01412099 0.006444156 0.0006852711 0.01545386 0.005845992 0.002350107 0.01596828 0.005463978 0.001975063 0.01540629 0.005875889 0.002040101 0.01552368 0.005800601 0.001802855 0.01672701 0.004634972 0.00222296 0.01668701 0.004689096 0.001912953 0.01732402 0.003630195 0.001850844 0.01491232 0.006142815 -0.001187694 0.01495006 0.006124938 -0.001390509 0.01699017 0.004241506 0.0002826017 0.01635464 0.005089899 0.0004916154 0.01681361 0.004512845 -0.0003478429 0.01504218 0.006079692 -0.001390509 0.0162569 0.005192928 0.000176374 0.01625443 0.005195456 -0.0002613646 0.01631991 0.005127219 -0.0004641801 0.01664298 0.004746791 -0.0008592001 0.01622815 0.005222088 -0.0007198352 0.01625692 0.005192915 -0.0009090802 0.0164938 0.00493167 -0.00123951 0.01492509 0.006136806 0.02244685 0.01588282 0.005535684 0.02216609 0.01625137 0.005198586 0.02221104 0.01597783 0.005455735 0.02174994 0.01635411 0.005090478 0.02186562 0.01607657 0.005367731 0.02140306 0.01654002 0.004876638 0.02117184 0.01671015 0.004657945 0.02198129 0.01704481 0.004150787 0.02209696 0.01603606 0.005404468 0.02093148 0.01664125 0.004749353 0.02075696 0.01689509 0.004391609 0.02121952 0.01722667 0.003823235 0.02126721 0.0163714 0.005071603 0.02027978 0.01550613 0.005812186 0.01894649 0.01589448 0.00552611 0.01889935 0.01636197 0.005081917 0.02011238 0.01548987 0.005822811 0.01877554 0.01583212 0.005576542 0.01821552 0.01634308 0.005102411 0.01977759 0.01539562 0.00588248 0.01817401 0.0157031 0.005675188 0.01752823 0.01638653 0.005054935 0.01954354 0.01679615 0.004538056 0.01950997 0.01637363 0.005069163 0.0193741 0.01677205 0.004572332 0.01917108 0.01529428 0.005943139 0.01765854 0.01525638 0.005964933 0.01748619 0.01634775 0.005097364 0.01903521 0.01638633 0.005055156 0.01879178 0.01684367 0.0044689 0.01868421 0.0163718 0.005071172 0.01862082 0.01681676 0.004508332 0.0183423 0.01634264 0.005102882 0.01827891 0.01717663 0.003918057 0.01947639 0.01752615 0.003183491 0.0194428 0.01637607 0.005066479 0.01802954 0.01687828 0.00441716 0.01784356 0.01716551 0.003938547 0.01930694 0.01634627 0.005098964 0.01785772 0.01682346 0.004498574 0.01749992 0.01628628 0.005162602 0.01751407 0.01631465 0.005132805 0.01726125 0.01687519 0.004421825 0.01699426 0.01628114 0.005167949 0.01708889 0.01681405 0.004512259 0.01664956 0.01479617 0.006195526 0.01493474 0.01726412 0.003751283 0.01857665 0.01764526 0.002886275 0.01846918 0.01621364 0.005236619 0.01674418 0.01725184 0.003775312 0.01840569 0.01727995 0.003719994 0.01815632 0.01622052 0.005229742 0.01639803 0.01682029 0.00450319 0.0163034 0.01622396 0.005226295 0.01622495 0.01624731 0.005202718 0.01596944 0.01686254 0.004440843 0.01579239 0.01733558 0.003607172 0.01765758 0.01774486 0.002615144 0.0174716 0.01731087 0.003657831 0.01748576 0.01626535 0.005184267 0.01571208 0.01733418 0.003610056 0.01723293 0.01689505 0.004391677 0.01527766 0.01691804 0.004356274 0.01476145 0.01738038 0.003512937 0.01672728 0.01782604 0.002376895 0.0164603 0.01735317 0.003570532 0.01655493 0.01396479 0.00649028 0.01155974 0.01479517 0.006195969 0.0127715 0.01735594 0.003564716 0.01638185 0.01396801 0.006489366 0.01129946 0.01737474 0.003524975 0.01612634 0.01396721 0.006489592 0.01117012 0.01741206 0.00344444 0.01561533 0.01789026 0.002175523 0.01543828 0.01742642 0.003412848 0.01535797 0.01743659 0.003390257 0.01509986 0.01746507 0.003326123 0.01458514 0.01793899 0.002015009 0.01440878 0.01693178 0.004334854 0.01424354 0.01747112 0.003312335 0.01432618 0.01557578 0.005765524 0.01129946 0.01605803 0.005384656 0.01147298 0.01557016 0.005769357 0.01182002 0.01749119 0.003266082 0.01380997 0.0179732 0.001898554 0.01337641 0.01605936 0.00538345 0.01121324 0.0160587 0.005384044 0.0110839 0.01750318 0.003238123 0.01329206 0.01799338 0.001827694 0.01234058 0.01799838 0.001809691 0.01078211 0.01799348 0.00182733 0.0102663 0.01689993 0.00438421 0.007479443 0.01797513 0.001891862 0.009297527 0.01687106 0.004428051 0.006997763 0.01794454 0.001996349 0.008331903 0.01683372 0.004483553 0.006518915 0.01523402 0.005977577 0.005279498 0.01565343 0.005711228 0.005142953 0.01523067 0.005979457 0.005155782 0.01683219 0.00448581 0.006346721 0.01747639 0.003300248 0.008518218 0.01678615 0.004552339 0.005872229 0.0174749 0.003303667 0.008389263 0.01620478 0.005245425 0.006077426 0.01746941 0.003316241 0.008147071 0.01790133 0.002139618 0.007368478 0.0161988 0.005251345 0.005829995 0.01678071 0.004560081 0.005624797 0.01531909 0.005928609 0.004512327 0.01573475 0.005651674 0.004499949 0.0161958 0.005254299 0.005706279 0.01531874 0.005928819 0.004447659 0.01744413 0.003373412 0.007665391 0.01743504 0.00339372 0.007423978 0.01623989 0.005210249 0.005383875 0.0174223 0.003421929 0.007183139 0.0178448 0.002319306 0.006410817 0.01626183 0.005187885 0.005222673 0.0168208 0.004502446 0.005302393 0.01676607 0.004580745 0.004833442 0.01541786 0.005868692 0.003941909 0.01584388 0.005567169 0.003859597 0.0162319 0.005218313 0.004988198 0.01544625 0.005850829 0.003781821 0.01738936 0.00349368 0.00670429 0.01626975 0.005179729 0.004666696 0.01737278 0.00352914 0.006464866 0.0173721 0.003530589 0.006378769 0.0162886 0.005160183 0.004505945 0.01680077 0.004531423 0.00451194 0.01733124 0.003616122 0.005904277 0.0177738 0.00253217 0.005461831 0.01633949 0.00510627 0.004185769 0.01684751 0.004463225 0.004191765 0.01731065 0.003658278 0.005667031 0.0163648 0.005078836 0.004025681 0.0167844 0.004554841 0.003730698 0.01730822 0.003663215 0.005543315 0.01633066 0.005115754 0.003795147 0.01732614 0.003626618 0.005382113 0.01768711 0.002774957 0.004523947 0.01638118 0.005060844 0.003477367 0.01683122 0.004487223 0.003412918 0.01727709 0.00372567 0.004913163 0.0164063 0.005032907 0.003318477 0.01675978 0.004589581 0.002965917 0.01725233 0.003774349 0.004678687 0.01636802 0.005075307 0.003094977 0.01726802 0.003743608 0.004517936 0.0172892 0.003701532 0.004357848 0.01758363 0.003043565 0.003601824 0.01641806 0.005019675 0.002780496 0.01644293 0.004991375 0.002623256 0.01680663 0.004522995 0.002651437 0.01723182 0.003814057 0.003896781 0.01640073 0.005039135 0.002409018 0.01720283 0.003869198 0.003666248 0.01722432 0.003828418 0.003507358 0.0174628 0.003330733 0.00270779 0.01659801 0.004804715 0.001507323 0.01633731 0.005108615 0.001944008 0.01650032 0.004924396 0.001128832 0.01712526 0.004011361 0.002836858 0.01608793 0.005357271 0.0009147308 0.01601103 0.005426725 0.0005961223 0.01716668 0.003935827 0.001039582 0.01684426 0.004468036 0.001084207 0.01592737 0.005498752 0.01696385 0.01592626 0.005499689 0.01592929 0.01593296 0.005494053 0.01580024 0.01479567 0.006195747 0.01385312 0.01479466 0.00619619 0.01168988 0.01479769 0.006194861 0.0114296 0.0147992 0.006194195 0.01129946 0.01479883 0.00619436 0.01123479 0.01479808 0.006194689 0.01110546 0.01693139 0.004335454 0.01316192 0.01803746 0.001803775 0.01284734 0.0183366 0.001803775 0.01592863 0.01859759 0.001803775 0.01745481 0.01893209 0.001803775 0.01896658 0.01933932 0.001803775 0.02046041 0.01981834 0.001803775 0.02193278 0.07963198 0.001803775 0.02338026 0.08360182 0.005041536 0.02405315 0.08372319 0.005172091 0.02429595 0.08382786 0.005277258 0.02448058 0.08346371 0.004880744 0.02373595 0.08392702 0.005370957 0.02463577 0.0839862 0.005424255 0.02471972 0.08331461 0.004691006 0.02333909 0.08313853 0.004442437 0.02278688 0.08295519 0.004150788 0.02209697 0.08018166 0.001803775 0.02193278 0.08277333 0.003823236 0.02126721 0.08261314 0.003498309 0.02037899 0.08106792 0.001803775 0.01896658 0.08247385 0.003183493 0.01944281 0.08235474 0.002886277 0.01846918 0.08225513 0.002615146 0.01747161 0.0816634 0.001803775 0.01592863 0.08217397 0.002376897 0.01646031 0.08210974 0.002175525 0.01543829 0.08206101 0.00201501 0.01440879 0.08202679 0.001898554 0.01337641 0.08196254 0.001803775 0.01284734 0.08200662 0.001827694 0.01234058 0.08520192 0.006194689 0.01110546 0.08442561 0.005766472 0.01104079 0.0852018 0.006194634 0.01000202 0.08406437 0.0054918 0.0124259 0.08442984 0.005769357 0.01182002 0.08442937 0.005769038 0.01290164 0.08394462 0.005387059 0.01173326 0.0830686 0.004335454 0.01316192 0.08306822 0.004334854 0.01424354 0.08250881 0.003266083 0.01380997 0.08371461 0.005163538 0.0141134 0.08371504 0.005163982 0.01303178 0.08249682 0.003238123 0.01329206 0.08267765 0.003634409 0.01199354 0.08317076 0.004490127 0.01251266 0.08405998 0.005488091 0.01045674 0.08394129 0.005384044 0.01108391 0.08348631 0.004908442 0.01112702 0.08371054 0.005159286 0.009872683 0.0844255 0.005766393 0.009937349 0.08520168 0.006194579 0.008898572 0.08520155 0.006194524 0.007795127 0.08603252 0.006489516 0.008963239 0.08442538 0.005766315 0.008833905 0.0830667 0.004332455 0.01182002 0.08348879 0.004911419 0.0116465 0.08267345 0.003625778 0.01147298 0.0830644 0.004328853 0.01155974 0.08306325 0.004327044 0.0113 0.08267239 0.003623609 0.01121324 0.08306267 0.004326138 0.01117013 0.08306323 0.004327029 0.01104079 0.08267343 0.003625744 0.01095457 0.08306493 0.004329688 0.01091184 0.08267653 0.003632113 0.01069667 0.08405987 0.005487998 0.009353293 0.08316808 0.004486196 0.01028468 0.08371043 0.005159176 0.008769238 0.083067 0.004332938 0.008446669 0.08307951 0.004352451 0.007962282 0.08371033 0.005159066 0.007665794 0.08306361 0.004327623 0.008704572 0.08405976 0.005487904 0.008249849 0.08442526 0.005766235 0.007730461 0.08442515 0.005766156 0.006627016 0.0830654 0.00433043 0.009679065 0.08249475 0.003233265 0.009485446 0.08250565 0.003258744 0.00900106 0.08405965 0.005487811 0.007146405 0.08371919 0.005168295 0.007294649 0.08373064 0.005180145 0.007053236 0.08406064 0.005488649 0.007081929 0.08406429 0.005491738 0.006960833 0.08374667 0.005196585 0.006812395 0.0840703 0.005496793 0.006840126 0.08442883 0.005768672 0.006282636 0.08376733 0.005217539 0.00657297 0.08376987 0.005220104 0.006314686 0.08376817 0.005218394 0.006486876 0.08406325 0.005490853 0.01512995 0.08372186 0.005171056 0.01545398 0.08371419 0.005163092 0.01519502 0.08406303 0.005490664 0.01567076 0.08442844 0.0057684 0.01506488 0.08406347 0.005491043 0.01458914 0.0840637 0.005491232 0.01404833 0.0844289 0.005768719 0.01398326 0.08406392 0.005491421 0.01350752 0.08406414 0.005491611 0.01296671 0.0836022 0.005042403 0.01246928 0.08405992 0.005488045 0.009905016 0.08405981 0.005487951 0.008801572 0.0840597 0.005487857 0.007698127 0.08371222 0.005161039 0.007536842 0.08672208 0.006657982 0.02201974 0.08709522 0.006732114 0.02167907 0.08413137 0.005547243 0.0245477 0.08415074 0.005562862 0.02442629 0.08406693 0.005493961 0.02442629 0.08424558 0.005636843 0.02406916 0.08415974 0.005570068 0.02426776 0.08407584 0.005501455 0.02426776 0.0841608 0.005570911 0.02406916 0.0840769 0.005502332 0.02406916 0.08422877 0.005624024 0.02379364 0.08431423 0.005687882 0.02379364 0.08414416 0.005557576 0.02379364 0.08428883 0.00566924 0.02344821 0.08440377 0.005751458 0.02344821 0.08420363 0.005604622 0.02344821 0.08428858 0.005669055 0.02303333 0.08441798 0.005761252 0.02303333 0.08448562 0.005806752 0.02258923 0.08513663 0.006165448 0.02212114 0.0843122 0.005686404 0.02258923 0.08438927 0.005741391 0.02212114 0.08504543 0.006122776 0.02163427 0.0854981 0.006314956 0.02062988 0.08496707 0.006084341 0.02113553 0.08527357 0.006225593 0.02113553 0.08571722 0.006392392 0.02011887 0.08769638 0.00683852 0.02099178 0.08741547 0.006790105 0.02133592 0.08520632 0.006196622 0.02062988 0.08588 0.006444462 0.01960415 0.08544225 0.006293729 0.02011887 0.08567319 0.006377541 0.01960415 0.08605767 0.006496625 0.01908794 0.08584834 0.006434666 0.01908794 0.08603843 0.006491194 0.01857002 0.08575459 0.006404733 0.003548504 0.08605584 0.006496112 0.003548504 0.08603833 0.006491166 0.004032891 0.08578277 0.006413883 0.003065677 0.08762729 0.006826743 0.001632156 0.08721151 0.006753639 0.001310272 0.08548721 0.006310869 0.003065677 0.08552581 0.006325252 0.002583997 0.08687426 0.006689283 0.0009891513 0.08532089 0.006245342 0.002583997 0.08660291 0.006632243 0.0006699182 0.08536988 0.00626526 0.002105147 0.08515455 0.006173577 0.002105147 0.08521366 0.006199835 0.001630654 0.08500114 0.006101261 0.001630654 0.08507031 0.006134635 0.001161702 0.08446227 0.005791251 0.000700634 0.08515095 0.006171947 0.000700634 0.08454806 0.005847214 0.0002536328 0.08464407 0.005906654 -0.0001748454 0.08441785 0.005761157 -0.0001748454 0.08452142 0.005830127 -0.0005804773 0.0843346 0.005702639 -0.0005804773 0.08418613 0.005590949 -0.0005804773 0.08429518 0.005673923 -0.0009589682 0.08416067 0.005570803 -0.0009589682 0.08426537 0.005651761 -0.00127421 0.08415352 0.005565087 -0.00127421 0.08405129 0.005480723 -0.00127421 0.08414778 0.005560486 -0.001529864 0.08405579 0.005484539 -0.001529864 0.08363961 0.005083213 -0.001533268 0.08375613 0.005205903 -0.001757515 0.08413785 0.005552487 -0.001720054 0.08405511 0.005483967 -0.001720054 0.08385011 0.005298773 -0.001918106 0.08412682 0.00554354 -0.001866887 0.08404419 0.005474668 -0.001866887 0.08394115 0.005383857 -0.00205747 0.08410555 0.005526139 -0.001979023 0.08969548 0.007227717 0.02289562 0.08492986 0.006065487 0.02412384 0.08483875 0.00601762 0.02412384 0.08976684 0.007245631 0.01804946 0.08603199 0.006489366 0.01804946 0.08590804 0.006453003 0.02207044 0.08379566 0.005245861 0.02376485 0.08382402 0.005273723 0.02359213 0.08374475 0.005194618 0.02339354 0.08378466 0.005234919 0.0231861 0.08379572 0.00524592 0.02296404 0.08370009 0.005148346 0.02268852 0.08373562 0.005185259 0.02245448 0.08451186 0.005823938 0.02101966 0.08407776 0.005503054 0.02090379 0.08462572 0.005895548 0.02076683 0.08457159 0.005862089 0.0204383 0.08397639 0.005415582 0.02024672 0.08462261 0.005893655 0.0201035 0.08407191 0.005498155 0.01957712 0.0847339 0.00595939 0.019848 0.08478723 0.005989442 0.01950911 0.08489592 0.006047945 0.01925175 0.08497786 0.006089736 0.01899364 0.08503352 0.006117044 0.01865173 0.08512247 0.006158959 0.01839277 0.08511946 0.006157577 0.01813249 0.08516103 0.0061765 0.01778885 0.08521086 0.006198611 0.01744414 0.08520282 0.006195083 0.01709798 0.08444291 0.005778226 0.01683882 0.08442797 0.005768081 0.0161465 0.08603414 0.006489975 0.01372298 0.08783101 0.006861343 0.01129946 0.08976684 0.007245631 0.00454946 0.08603199 0.006489366 0.00454946 0.08603358 0.006489818 0.004290794 0.0852013 0.006194415 0.005588238 0.08444179 0.005777469 0.005787776 0.08520329 0.006195288 0.005416049 0.08521026 0.006198347 0.005168619 0.08965875 0.007218639 -0.0002841915 0.08512972 0.006162289 0.004846214 0.08505672 0.006128181 0.004524712 0.08505746 0.006128533 0.004395378 0.08492748 0.00606427 0.004024233 0.08489006 0.006044884 0.003704057 0.08476498 0.005977017 0.003462643 0.08473087 0.005957656 0.003144862 0.08465281 0.005911907 0.002904022 0.08402723 0.005460106 0.003224047 0.08397729 0.005416387 0.002595084 0.08462595 0.005895688 0.00258954 0.0858588 0.006437918 0.0006852762 0.08454766 0.005846961 0.002350116 0.0840666 0.00549368 0.001975071 0.08459525 0.005876838 0.002040109 0.08452226 0.005830674 0.001802862 0.08332863 0.004709893 0.00191296 0.08328853 0.004656155 0.002222966 0.08267598 0.003630193 0.001850849 0.08521246 0.006199313 -0.001187692 0.08500096 0.006101172 -0.001390508 0.08366756 0.005113853 -0.0004641786 0.08318639 0.004512844 -0.0003478415 0.08335702 0.00474679 -0.0008591981 0.08375916 0.005209277 -0.0007198334 0.08377504 0.005225299 -0.0002613626 0.08374711 0.005197031 -0.0009090789 0.0835062 0.004931669 -0.001239508 0.08400191 0.005438097 0.0221151 0.08363307 0.005076504 0.02210905 0.08349088 0.004913905 0.02150038 0.0832838 0.004649725 0.02210301 0.08372481 0.00517411 0.02099464 0.08338912 0.004788404 0.0210855 0.08370053 0.005148812 0.02083038 0.08334317 0.004729039 0.02075696 0.08311938 0.004413635 0.02138379 0.0845661 0.005858635 0.0189465 0.08417135 0.005579292 0.01889935 0.0836042 0.00504464 0.02027979 0.08325217 0.00460624 0.02031285 0.08329479 0.004664643 0.01997806 0.0845928 0.005875326 0.01877554 0.08427402 0.005658233 0.01821553 0.08362675 0.005069584 0.02011239 0.0836721 0.005118698 0.01977759 0.08468923 0.005933505 0.01830415 0.08468778 0.005932658 0.01817401 0.0843506 0.005714109 0.01752824 0.08362855 0.005071553 0.01954355 0.08321323 0.004551453 0.01950997 0.08325674 0.00461258 0.01917108 0.08365182 0.00509691 0.0193741 0.08369863 0.005146814 0.01903522 0.08477173 0.005980801 0.01748619 0.08294128 0.004127416 0.02017852 0.08476786 0.005978634 0.01731311 0.08365978 0.005105497 0.01879178 0.08318474 0.004510501 0.01868422 0.08368364 0.005130987 0.01862083 0.0832289 0.004573662 0.01834231 0.08373161 0.00518113 0.01827892 0.0828277 0.003926052 0.01947639 0.08369781 0.005145951 0.01802955 0.08316684 0.004484376 0.01784357 0.08284776 0.003962765 0.01930695 0.08371551 0.005164466 0.01785773 0.08319929 0.004531513 0.01749992 0.08281453 0.003901672 0.01906352 0.08375105 0.005201045 0.01751408 0.08323829 0.004586867 0.01715521 0.08377235 0.005222592 0.01734172 0.08381514 0.005265054 0.01699701 0.08520383 0.006195526 0.01493474 0.08274884 0.003776639 0.01857665 0.08378636 0.005236619 0.01674419 0.08318595 0.004512259 0.01664956 0.08276892 0.003815483 0.0184057 0.08274068 0.003760695 0.01815633 0.08377948 0.005229742 0.01639803 0.08317971 0.00450319 0.0163034 0.08377604 0.005226295 0.01622495 0.08375269 0.005202718 0.01596945 0.08313746 0.004440843 0.01579239 0.08268476 0.003648946 0.01765759 0.08269935 0.003678528 0.01748576 0.08373465 0.005184268 0.01571208 0.08271683 0.003713578 0.01731341 0.08310495 0.004391678 0.01527767 0.08269336 0.003666416 0.01706058 0.08308196 0.004356275 0.01476146 0.08264683 0.003570533 0.01655493 0.08603521 0.006490281 0.01155974 0.08520483 0.006195969 0.0127715 0.08264406 0.003564716 0.01638185 0.08603199 0.006489366 0.01129946 0.08262526 0.003524976 0.01612635 0.08603279 0.006489592 0.01117013 0.08258794 0.003444441 0.01561534 0.08257359 0.003412848 0.01535798 0.08256341 0.003390257 0.01509987 0.08253493 0.003326124 0.01458515 0.08252888 0.003312335 0.01432619 0.08394197 0.005384656 0.01147298 0.08442422 0.005765524 0.01129946 0.08394064 0.00538345 0.01121324 0.08200162 0.001809691 0.01078213 0.08200652 0.001827329 0.01026632 0.08310007 0.004384209 0.007479455 0.08202486 0.00189186 0.00929755 0.08312894 0.00442805 0.006997774 0.08205546 0.001996347 0.008331923 0.08316628 0.004483552 0.006518925 0.08473788 0.005961666 0.005279508 0.08429288 0.005672233 0.005142967 0.08474123 0.005963571 0.005155793 0.08316782 0.004485809 0.006346735 0.08252361 0.003300247 0.008518232 0.08470258 0.00594131 0.004994591 0.08321384 0.004552338 0.005872242 0.0825251 0.003303665 0.008389281 0.08379522 0.005245425 0.006077439 0.08253059 0.00331624 0.008147088 0.08209867 0.002139615 0.007368496 0.08380121 0.005251345 0.005830009 0.08459756 0.005878269 0.004512337 0.08415923 0.005569649 0.004499962 0.08459791 0.005878487 0.00444767 0.08255587 0.00337341 0.007665407 0.08373221 0.005181751 0.005507605 0.08315653 0.004469201 0.005302408 0.08256496 0.003393718 0.007423994 0.0825777 0.003421927 0.007183154 0.0821552 0.002319303 0.006410833 0.08370091 0.005149214 0.005222687 0.08321103 0.004548326 0.004833456 0.08449956 0.005815914 0.003941921 0.08409041 0.005513609 0.003859609 0.08373067 0.005180172 0.004988211 0.08448161 0.005804111 0.003781833 0.08261063 0.003493678 0.006704304 0.08262722 0.003529138 0.006464879 0.08366833 0.005114669 0.004666709 0.0826279 0.003530587 0.006378784 0.08363737 0.005081205 0.004505958 0.08315382 0.004465197 0.004511953 0.08266875 0.00361612 0.005904291 0.0822262 0.002532167 0.005461844 0.08360526 0.005045814 0.004185781 0.08312426 0.004421002 0.004191776 0.08268935 0.003658276 0.005667045 0.08358926 0.005027921 0.004025692 0.08318703 0.004513824 0.003730708 0.08362316 0.005065632 0.003795159 0.0826637 0.003605672 0.005382128 0.0823129 0.002774954 0.004523959 0.08359349 0.00503267 0.003477378 0.08315948 0.004473548 0.003412927 0.08271263 0.003705198 0.004913176 0.0835787 0.00501602 0.003318487 0.0832308 0.004576348 0.002965926 0.08361689 0.005058716 0.003094987 0.0827114 0.00370274 0.004517948 0.08269796 0.003675722 0.00435786 0.08241637 0.003043562 0.003601834 0.08359328 0.005032441 0.002780505 0.08320868 0.00454497 0.002651444 0.08358152 0.005019197 0.002623264 0.08275517 0.003788927 0.003896792 0.08362388 0.005066418 0.002409025 0.08278407 0.003844404 0.003666258 0.0827714 0.003820226 0.003507367 0.0825372 0.003330731 0.002707798 0.08368753 0.00513511 0.001944015 0.08341787 0.004824676 0.001507328 0.08351582 0.004943477 0.001128837 0.08287036 0.004003538 0.002836865 0.08397436 0.005413774 0.0009147354 0.08369704 0.00514514 0.0004916185 0.08407043 0.005496902 0.0005961263 0.08379552 0.005245719 0.0001763771 0.08416319 0.005572805 0.0002150049 0.08316334 0.004479235 0.001084211 0.08283332 0.003935826 0.001039585 0.08300983 0.004241506 0.0002826031 0.08334315 0.004729013 0.0003871107 0.08407375 0.00549969 0.01592929 0.08406704 0.005494053 0.01580024 0.08520433 0.006195747 0.01385312 0.08520534 0.00619619 0.01168988 0.08520232 0.006194861 0.0114296 0.0852008 0.006194195 0.01129946 0.08520117 0.00619436 0.01123479 0.02036802 0.001803775 -0.0007813411 0.01981834 0.001803775 0.0006661402 0.01933932 0.001803775 0.002138516 0.01893209 0.001803775 0.003632339 0.01859759 0.001803775 0.005144112 0.0183366 0.001803775 0.006670295 0.01814975 0.001803775 0.008207316 0.01803746 0.001803775 0.009751576 0.08196254 0.001803775 0.009751576 0.08185025 0.001803775 0.008207316 0.0816634 0.001803775 0.006670295 0.08140241 0.001803775 0.005144112 0.08106792 0.001803775 0.003632339 0.08066068 0.001803775 0.002138516 0.08018166 0.001803775 0.0006661402 0.07963198 0.001803775 -0.0007813411 0.03437294 0.06630377 0.02847103 0.02995918 0.06630377 0.02615226 0.02997001 0.06630377 0.02600541 0.03001321 0.06630377 0.02571419 0.03004547 0.06630377 0.02557052 0.03008474 0.06630377 0.02542861 0.03013093 0.06630377 0.02528879 0.0303098 0.06630377 0.02488527 0.03038238 0.06630377 0.02475715 0.03063653 0.06630377 0.02439628 0.03094089 0.06630377 0.02407661 0.03105238 0.06630377 0.02398043 0.03116846 0.06630377 0.02388984 0.03141326 0.06630377 0.02372627 0.0316729 0.06630377 0.02358749 0.03194489 0.06630377 0.02347483 0.03222662 0.06630377 0.02338937 0.03237029 0.06630377 0.02335711 0.03251537 0.06630377 0.02333193 0.03280836 0.06630377 0.02330307 0.03765699 0.06630377 0.02847103 0.03786959 0.06630377 0.02841882 0.03808428 0.06630377 0.02837596 0.03830063 0.06630377 0.02834254 0.03851825 0.06630377 0.02831862 0.03873669 0.06630377 0.02830425 0.03895556 0.06630377 0.02829946 0.03437294 0.06630377 0.03412789 0.06095556 0.06630377 0.02829946 0.06695557 0.06630377 0.02329946 0.06117443 0.06630377 0.02830425 0.06139288 0.06630377 0.02831862 0.06161049 0.06630377 0.02834254 0.06182685 0.06630377 0.02837596 0.06204153 0.06630377 0.02841882 0.06225414 0.06630377 0.02847103 0.06553814 0.06630377 0.02847103 0.06710277 0.06630377 0.02330307 0.06724961 0.06630377 0.02331391 0.06754083 0.06630377 0.02335711 0.06796623 0.06630377 0.02347483 0.06836975 0.06630377 0.0236537 0.06849787 0.06630377 0.02372627 0.06874266 0.06630377 0.02388984 0.06966753 0.06630377 0.0250168 0.0697272 0.06630377 0.02515141 0.0697802 0.06630377 0.02528879 0.06982639 0.06630377 0.02542861 0.06986565 0.06630377 0.02557052 0.06553814 0.06630377 0.03412789 0.07191113 0.06630377 0.02939946 0.03437294 0.06658526 0.02838678 0.03437294 0.06716615 0.02830262 0.03437294 0.06672876 0.02835508 0.03437294 0.06687364 0.02833046 0.03437294 0.06701955 0.02831296 0.03437294 0.0677523 0.02833318 0.03437294 0.06731306 0.02829947 0.03437294 0.06745997 0.02830353 0.03437294 0.06760649 0.02831477 0.03437294 0.06818185 0.02843084 0.03437294 0.06789702 0.0283587 0.03437294 0.06804032 0.02839128 0.03437294 0.06859248 0.02859035 0.03437294 0.06832127 0.02847728 0.03437294 0.06845826 0.0285305 0.03437294 0.06872359 0.02865671 0.03437294 0.06885131 0.02872942 0.03437294 0.06897531 0.02880828 0.03437294 0.06932211 0.02907993 0.03437294 0.0690953 0.02889313 0.03437294 0.06921099 0.02898375 0.03437294 0.06942838 0.02918143 0.03437294 0.06952955 0.02928801 0.03437294 0.06971564 0.0295154 0.03437294 0.06962538 0.02939943 0.03437294 0.06980012 0.02963565 0.03437294 0.0698786 0.02975989 0.03437294 0.0699509 0.02988783 0.03437294 0.06644349 0.02842546 0.03437294 0.07001686 0.03001916 0.03437294 0.07021422 0.03057193 0.03437294 0.0700763 0.03015356 0.03437294 0.07012909 0.0302907 0.03437294 0.0701751 0.03043027 0.03437294 0.06644349 0.03417347 0.03437294 0.06658526 0.03421215 0.03437294 0.07024635 0.03071533 0.03437294 0.06672876 0.03424384 0.03437294 0.06687364 0.03426846 0.03437294 0.07028938 0.03100599 0.03437294 0.07027143 0.03086013 0.03437294 0.06701955 0.03428596 0.03437294 0.07030018 0.03115255 0.03437294 0.07030377 0.03129946 0.03437294 0.07030018 0.03144637 0.03437294 0.07027143 0.03173879 0.03437294 0.07028938 0.03159293 0.03437294 0.06760649 0.03428415 0.03437294 0.0677523 0.03426574 0.03437294 0.06745997 0.03429539 0.03437294 0.06789702 0.03424022 0.03437294 0.06731306 0.03429945 0.03437294 0.06716615 0.0342963 0.03437294 0.07021422 0.03202699 0.03437294 0.07024635 0.03188359 0.03437294 0.06804032 0.03420764 0.03437294 0.06818185 0.03416808 0.03437294 0.06832127 0.03412164 0.03437294 0.06859248 0.03400857 0.03437294 0.06845826 0.03406842 0.03437294 0.07012909 0.03230822 0.03437294 0.0699509 0.03271109 0.03437294 0.0700763 0.03244537 0.03437294 0.07001686 0.03257976 0.03437294 0.0698786 0.03283903 0.03437294 0.06872359 0.03394221 0.03437294 0.06885131 0.03386951 0.03437294 0.06980012 0.03296327 0.03437294 0.0701751 0.03216865 0.03437294 0.06962538 0.0331995 0.03437294 0.06971564 0.03308353 0.03437294 0.0690953 0.03370579 0.03437294 0.06921099 0.03361517 0.03437294 0.06897531 0.03379064 0.03437294 0.06952955 0.03331091 0.03437294 0.06932211 0.033519 0.03437294 0.06942838 0.03341749 0.03895556 0.06642932 0.02830209 0.03895556 0.06655466 0.02830997 0.03880273 0.06679681 0.02834261 0.03895556 0.06667954 0.02832309 0.03895556 0.06680377 0.02834142 0.03870121 0.06678448 0.02834475 0.03851672 0.06674633 0.02835171 0.03797346 0.06651662 0.02840457 0.0381394 0.06660526 0.02838192 0.03781255 0.06641545 0.028434 0.0383153 0.06655081 0.0283509 0.0383653 0.06669987 0.02836087 0.03824118 0.06665162 0.0283712 0.06095556 0.06642932 0.02830209 0.06095556 0.06655466 0.02830997 0.06095556 0.06667954 0.02832309 0.06095556 0.06680377 0.02834142 0.06209857 0.06641545 0.028434 0.06193766 0.06651662 0.02840457 0.06177172 0.06660526 0.02838192 0.06139441 0.06674633 0.02835171 0.06120991 0.06678448 0.02834475 0.06110839 0.06679681 0.02834261 0.06159582 0.06655081 0.0283509 0.06154582 0.06669987 0.02836087 0.06166994 0.06665162 0.0283712 0.06553814 0.06716615 0.02830262 0.06553814 0.06658526 0.02838678 0.06553814 0.06672876 0.02835508 0.06553814 0.06687364 0.02833046 0.06553814 0.06701955 0.02831296 0.06553814 0.06760649 0.02831477 0.06553814 0.06731306 0.02829947 0.06553814 0.06745997 0.02830353 0.06553814 0.06832127 0.02847728 0.06553814 0.0677523 0.02833318 0.06553814 0.06789702 0.0283587 0.06553814 0.06804032 0.02839128 0.06553814 0.06818185 0.02843084 0.06553814 0.0690953 0.02889313 0.06553814 0.06885131 0.02872942 0.06553814 0.06897531 0.02880828 0.06553814 0.06921099 0.02898375 0.06553814 0.06845826 0.0285305 0.06553814 0.06859248 0.02859035 0.06553814 0.06872359 0.02865671 0.06553814 0.06942838 0.02918143 0.06553814 0.06932211 0.02907993 0.06553814 0.06952955 0.02928801 0.06553814 0.06971564 0.0295154 0.06553814 0.06962538 0.02939943 0.06553814 0.07001686 0.03001916 0.06553814 0.06980012 0.02963565 0.06553814 0.0698786 0.02975989 0.06553814 0.0699509 0.02988783 0.06553814 0.07012909 0.0302907 0.06553814 0.0700763 0.03015356 0.06553814 0.06644349 0.02842546 0.06553814 0.06658526 0.03421215 0.06553814 0.06644349 0.03417347 0.06553814 0.07027143 0.03086013 0.06553814 0.0701751 0.03043027 0.06553814 0.07021422 0.03057193 0.06553814 0.07024635 0.03071533 0.06553814 0.06687364 0.03426846 0.06553814 0.06672876 0.03424384 0.06553814 0.07030377 0.03129946 0.06553814 0.07028938 0.03100599 0.06553814 0.07030018 0.03115255 0.06553814 0.07030018 0.03144637 0.06553814 0.06745997 0.03429539 0.06553814 0.06731306 0.03429945 0.06553814 0.06716615 0.0342963 0.06553814 0.06701955 0.03428596 0.06553814 0.07028938 0.03159293 0.06553814 0.0677523 0.03426574 0.06553814 0.06760649 0.03428415 0.06553814 0.07021422 0.03202699 0.06553814 0.07027143 0.03173879 0.06553814 0.07024635 0.03188359 0.06553814 0.06804032 0.03420764 0.06553814 0.06789702 0.03424022 0.06553814 0.07012909 0.03230822 0.06553814 0.0701751 0.03216865 0.06553814 0.06832127 0.03412164 0.06553814 0.06818185 0.03416808 0.06553814 0.07001686 0.03257976 0.06553814 0.0700763 0.03244537 0.06553814 0.06859248 0.03400857 0.06553814 0.06845826 0.03406842 0.06553814 0.06872359 0.03394221 0.06553814 0.0698786 0.03283903 0.06553814 0.0699509 0.03271109 0.06553814 0.06885131 0.03386951 0.06553814 0.06980012 0.03296327 0.06553814 0.0690953 0.03370579 0.06553814 0.06897531 0.03379064 0.06553814 0.06962538 0.0331995 0.06553814 0.06971564 0.03308353 0.06553814 0.06921099 0.03361517 0.06553814 0.06932211 0.033519 0.06553814 0.06942838 0.03341749 0.06553814 0.06952955 0.03331091 0.02195985 0.001803775 0.02329946 0.02036802 0.001803775 0.02338026 0.02196955 0.001803775 0.02329946 0.02160798 0.001803775 0.02244141 0.02128235 0.001803775 0.02157305 0.02098328 0.001803775 0.0206952 0.02369014 0.001803775 0.01120654 0.018 0.001803775 0.01129946 0.01814975 0.001803775 0.01439161 0.02390384 0.001803775 0.01120654 0.02371631 0.001803775 0.009961963 0.02500288 0.001803775 0.01120654 0.02376644 0.001803775 0.00979093 0.02521658 0.001803775 0.01120654 0.02381905 0.001803775 0.009697559 0.02390335 0.001803775 0.009600669 0.02500288 0.001803775 0.01057736 0.02390384 0.001803775 0.01038799 0.02402874 0.001803775 0.00951109 0.02421646 0.001803775 0.009670153 0.02392865 0.001803775 0.009992064 0.0239896 0.001803775 0.009840884 0.02408645 0.001803775 0.009733334 0.02500164 0.001803775 0.01044531 0.02499769 0.001803775 0.01034291 0.02437847 0.001803775 0.009649569 0.02498719 0.001803775 0.01020954 0.02390736 0.001803775 0.01018934 0.02580638 0.001803775 0.01101864 0.02571743 0.001803775 0.01093209 0.02564399 0.001803775 0.01083542 0.02590098 0.001803775 0.01108733 0.02496996 0.001803775 0.01011036 0.02455491 0.001803775 0.009675364 0.02607555 0.001803775 0.0111734 0.02466434 0.001803775 0.009722462 0.02490467 0.001803775 0.009955009 0.02479937 0.001803775 0.009823435 0.02626403 0.001803775 0.01122219 0.02645825 0.001803775 0.01123707 0.02661946 0.001803775 0.0112266 0.02582286 0.001803775 0.009954858 0.02592769 0.001803775 0.01082894 0.02582286 0.001803775 0.01071808 0.02593284 0.001803775 0.009835696 0.02500288 0.001803775 0.008764233 0.02479971 0.001803775 0.009589649 0.02465914 0.001803775 0.009505301 0.02450383 0.001803775 0.009452886 0.02434079 0.001803775 0.009435867 0.02417609 0.001803775 0.009454363 0.02601891 0.001803775 0.009770073 0.02605081 0.001803775 0.01091903 0.02706568 0.001803775 0.01073666 0.02698855 0.001803775 0.01082415 0.02683028 0.001803775 0.01093623 0.02521658 0.001803775 0.008764233 0.02591359 0.001803775 0.009574402 0.02576103 0.001803775 0.00969125 0.02615553 0.001803775 0.009700931 0.02608885 0.001803775 0.009495063 0.02630359 0.001803775 0.009661553 0.02629401 0.001803775 0.01100913 0.02619979 0.001803775 0.009462741 0.02645634 0.001803775 0.009649569 0.02645491 0.001803775 0.01102337 0.02720096 0.001803775 0.0103317 0.02718532 0.001803775 0.01047671 0.02632134 0.001803775 0.009442355 0.0266055 0.001803775 0.009661226 0.02664799 0.001803775 0.01100274 0.0264406 0.001803775 0.009435867 0.02674314 0.001803775 0.009696782 0.02801842 0.001803775 0.01096703 0.02715619 0.001803775 0.0109661 0.0272327 0.001803775 0.0108812 0.0281077 0.001803775 0.01105026 0.027052 0.001803775 0.01105529 0.02794049 0.001803775 0.01086823 0.02819079 0.001803775 0.01110898 0.02691117 0.001803775 0.01114027 0.02787259 0.001803775 0.01075672 0.027334 0.001803775 0.01072017 0.02739515 0.001803775 0.01054007 0.02709157 0.001803775 0.009967356 0.02696235 0.001803775 0.009824464 0.02834307 0.001803775 0.01118318 0.02672535 0.001803775 0.01120651 0.02661898 0.001803775 0.009449214 0.02850731 0.001803775 0.01122474 0.027781 0.001803775 0.01038226 0.02741466 0.001803775 0.01035078 0.02806244 0.001803775 0.01065702 0.02867636 0.001803775 0.01123707 0.02161441 0.001803775 0.02244152 0.02128555 0.001803775 0.02157316 0.02842243 0.001803775 0.01097186 0.0281593 0.001803775 0.01078744 0.02779128 0.001803775 0.01022755 0.02740018 0.001803775 0.01018592 0.02782252 0.001803775 0.01007574 0.02737331 0.001803775 0.01007885 0.02733736 0.001803775 0.009984263 0.02788273 0.001803775 0.009918694 0.02724514 0.001803775 0.009823524 0.02797038 0.001803775 0.009778362 0.0271445 0.001803775 0.009706307 0.02916626 0.001803775 0.01082778 0.0290328 0.001803775 0.01093648 0.02887401 0.001803775 0.01100262 0.02870307 0.001803775 0.01102337 0.0280848 0.001803775 0.009652781 0.02704607 0.001803775 0.009623239 0.02928846 0.001803775 0.01063702 0.02923083 0.001803775 0.01074691 0.02822095 0.001803775 0.009551206 0.02695563 0.001803775 0.009565343 0.02679263 0.001803775 0.0094919 0.02932403 0.001803775 0.01051735 0.02837562 0.001803775 0.009481071 0.02933798 0.001803775 0.01038226 0.02853231 0.001803775 0.01100465 0.03016225 0.001803775 0.01120654 0.02883156 0.001803775 0.0112265 0.02893324 0.001803775 0.01120585 0.02910969 0.001803775 0.01113583 0.02923929 0.001803775 0.01104488 0.02933056 0.001803775 0.0109495 0.02939606 0.001803775 0.01086105 0.02948183 0.001803775 0.01069913 0.02849191 0.001803775 0.009451387 0.02955168 0.001803775 0.01034124 0.02985697 0.001803775 0.009680098 0.02953837 0.001803775 0.01017738 0.02949786 0.001803775 0.01002246 0.02943524 0.001803775 0.009885425 0.02935133 0.001803775 0.009760236 0.03197693 0.001803775 0.0116093 0.03110865 0.001803775 0.01120654 0.03132235 0.001803775 0.01120654 0.03206845 0.001803775 0.01169649 0.03037596 0.001803775 0.01120654 0.02985697 0.001803775 0.009466395 0.02923224 0.001803775 0.009633904 0.02913949 0.001803775 0.009564551 0.03190151 0.001803775 0.01150464 0.03184373 0.001803775 0.01138113 0.03016225 0.001803775 0.009680098 0.03231595 0.001803775 0.01182715 0.03181175 0.001803775 0.01126352 0.03248708 0.001803775 0.01186628 0.03179135 0.001803775 0.01111701 0.03266228 0.001803775 0.01187817 0.03178293 0.001803775 0.01099269 0.03178028 0.001803775 0.01084735 0.03280434 0.001803775 0.01187122 0.03068125 0.001803775 0.009680098 0.03037596 0.001803775 0.009680098 0.03294989 0.001803775 0.011847 0.03211655 0.001803775 0.01100114 0.03200377 0.001803775 0.0111581 0.03199399 0.001803775 0.01096326 0.03199399 0.001803775 0.01087311 0.0322119 0.001803775 0.01107113 0.03204851 0.001803775 0.01134745 0.03236161 0.001803775 0.01114611 0.03216656 0.001803775 0.01150104 0.03252272 0.001803775 0.01119172 0.03252689 0.001803775 0.01165416 0.03239154 0.001803775 0.01162368 0.03016225 0.001803775 0.008764233 0.02899298 0.001803775 0.009491122 0.02883464 0.001803775 0.009448615 0.02867111 0.001803775 0.009435867 0.03268947 0.001803775 0.01120654 0.03284488 0.001803775 0.01165352 0.03037596 0.001803775 0.008764233 0.03037596 0.001803775 0.009466395 0.03284343 0.001803775 0.01119374 0.03300256 0.001803775 0.01161478 0.03294394 0.001803775 0.01117097 0.0332337 0.001803775 0.01146569 0.03314664 0.001803775 0.01154034 0.03311881 0.001803775 0.0111 0.03333725 0.001803775 0.01132866 0.03107526 0.001803775 0.009045715 0.03101706 0.001803775 0.00891783 0.03121645 0.001803775 0.00910005 0.03325124 0.001803775 0.01101501 0.03107417 0.001803775 0.008789043 0.03135588 0.001803775 0.009046017 0.03334885 0.001803775 0.01092744 0.03355096 0.001803775 0.01132866 0.03121645 0.001803775 0.008733704 0.03141394 0.001803775 0.00891783 0.03199399 0.001803775 0.009466395 0.03210883 0.001803775 0.009650064 0.03199399 0.001803775 0.00977073 0.03341877 0.001803775 0.01084341 0.03224188 0.001803775 0.009550035 0.03239336 0.001803775 0.009481169 0.03250727 0.001803775 0.009451935 0.03135687 0.001803775 0.008788651 0.03414809 0.001803775 0.01090929 0.03423849 0.001803775 0.01100741 0.03268279 0.001803775 0.009435867 0.03405824 0.001803775 0.01077688 0.03350899 0.001803775 0.01068539 0.0344854 0.001803775 0.011169 0.03346143 0.001803775 0.01149803 0.03356388 0.001803775 0.01051192 0.03286591 0.001803775 0.009455033 0.03466297 0.001803775 0.01122118 0.03334208 0.001803775 0.01164754 0.0339605 0.001803775 0.01049783 0.03358149 0.001803775 0.01033074 0.03394783 0.001803775 0.01034124 0.03484748 0.001803775 0.01123707 0.03318624 0.001803775 0.01175836 0.03356831 0.001803775 0.01017501 0.03500444 0.001803775 0.01122589 0.03354411 0.001803775 0.01007362 0.03400054 0.001803775 0.01002643 0.03346951 0.001803775 0.00989796 0.03404273 0.001803775 0.009928242 0.03409348 0.001803775 0.009841377 0.03338017 0.001803775 0.009766267 0.03418634 0.001803775 0.009722552 0.03328852 0.001803775 0.009670331 0.03430035 0.001803775 0.009616357 0.03320166 0.001803775 0.009601869 0.03602379 0.001803775 0.01120654 0.03510719 0.001803775 0.01120447 0.03528561 0.001803775 0.0111333 0.03541805 0.001803775 0.01104319 0.03551396 0.001803775 0.01095024 0.03308165 0.001803775 0.01180615 0.03443137 0.001803775 0.009532025 0.03304107 0.001803775 0.009511681 0.03602379 0.001803775 0.01096231 0.03558368 0.001803775 0.01086343 0.03457585 0.001803775 0.00947391 0.03573117 0.001803775 0.01052573 0.03468306 0.001803775 0.009449026 0.03574903 0.001803775 0.01034124 0.03715336 0.001803775 0.01120654 0.03693966 0.001803775 0.01096231 0.03573792 0.001803775 0.01019112 0.03571714 0.001803775 0.0100929 0.03693966 0.001803775 0.00882529 0.03568283 0.001803775 0.009992287 0.03563615 0.001803775 0.009895992 0.03558128 0.001803775 0.009810607 0.03551053 0.001803775 0.009723983 0.03538903 0.001803775 0.009611611 0.03529731 0.001803775 0.009550099 0.03515512 0.001803775 0.009485171 0.03500338 0.001803775 0.00944749 0.03484748 0.001803775 0.009435867 0.03715336 0.001803775 0.00882529 0.07796995 0.001803775 0.02329946 0.07804015 0.001803775 0.02329946 0.07851854 0.001803775 0.02194044 0.07858415 0.001803775 0.02193884 0.07900121 0.001803775 0.02055664 0.07906217 0.001803775 0.02055367 0.08066068 0.001803775 0.02046041 0.07941685 0.001803775 0.01915125 0.07947311 0.001803775 0.01914713 0.0797645 0.001803775 0.01772751 0.07981602 0.001803775 0.01772248 0.08004335 0.001803775 0.01628872 0.08140241 0.001803775 0.01745481 0.0800901 0.001803775 0.016283 0.08025276 0.001803775 0.01483819 0.08029474 0.001803775 0.01483202 0.08039226 0.001803775 0.01337928 0.08185025 0.001803775 0.01439161 0.08042944 0.001803775 0.01337289 0.08046151 0.001803775 0.01191535 0.08049391 0.001803775 0.01190897 0.08046036 0.001803775 0.01044978 0.082 0.001803775 0.01129946 0.08048799 0.001803775 0.01044365 0.0803888 0.001803775 0.008985964 0.0804117 0.001803775 0.008980296 0.08024702 0.001803775 0.007527272 0.08026521 0.001803775 0.007522299 0.08003532 0.001803775 0.006077076 0.08004887 0.001803775 0.00607302 0.0797542 0.001803775 0.004638724 0.07940432 0.001803775 0.003215536 0.07976316 0.001803775 0.004635805 0.07898647 0.001803775 0.001810799 0.07940875 0.001803775 0.00321397 0.02500288 0.001803775 0.009795058 0.07804015 0.002303775 -0.0007005394 0.07838011 0.002303775 0.0001271972 0.07804015 0.002803775 -0.0007005394 0.07869564 0.002303775 0.0009645504 0.07905336 0.002803775 0.00201764 0.07898647 0.002303775 0.001810799 0.07946189 0.002803775 0.003409785 0.08007818 0.002803775 0.006244442 0.08028454 0.002803775 0.007680541 0.08042238 0.002803775 0.009124828 0.08049137 0.002803775 0.01057404 0.08049137 0.002803775 0.01202489 0.08042238 0.002803775 0.01347409 0.08028454 0.002803775 0.01491838 0.08007818 0.002803775 0.01635448 0.07980376 0.002803775 0.01777914 0.07946189 0.002803775 0.01918914 0.07905336 0.002803775 0.02058128 0.07857909 0.002803775 0.02195242 0.07804015 0.002803775 0.02329946 0.02196955 0.002303775 0.02329946 0.02195985 0.002803775 0.02329946 0.039417 0.002803775 0.02329946 0.04018929 0.003803775 0.02329946 0.04018929 0.002803775 0.02329946 0.039417 0.003803775 0.02329946 0.060583 0.003803775 0.02329946 0.060583 0.002803775 0.02329946 0.05981071 0.003803775 0.02329946 0.05981071 0.002803775 0.02329946 0.07796995 0.002303775 0.02329946 0.02142091 0.002803775 0.02195242 0.02098328 0.002303775 0.0206952 0.0205672 0.002303775 0.01929697 0.02053811 0.002803775 0.01918914 0.02021845 0.002303775 0.01788045 0.02019625 0.002803775 0.01777914 0.01993784 0.002303775 0.01644886 0.019726 0.002303775 0.0150055 0.01971546 0.002803775 0.01491838 0.01958342 0.002303775 0.01355366 0.01957762 0.002803775 0.01347409 0.01951042 0.002303775 0.01209666 0.01950863 0.002803775 0.01202489 0.01950718 0.002303775 0.01063784 0.01950863 0.002803775 0.01057404 0.01957369 0.002303775 0.009180534 0.01957762 0.002803775 0.009124828 0.01970982 0.002303775 0.007728074 0.01971546 0.002803775 0.007680541 0.01991524 0.002303775 0.006283784 0.01992182 0.002803775 0.006244442 0.02018948 0.002303775 0.004850969 0.02019625 0.002803775 0.004819782 0.02053193 0.002303775 0.003432906 0.02053811 0.002803775 0.003409785 0.02094179 0.002303775 0.00203284 0.02094664 0.002803775 0.00201764 0.02141813 0.002303775 0.0006539731 0.02195985 0.002303775 -0.0007005394 0.02195985 0.002803775 -0.0007005394 0.039417 0.002803775 -0.0007005394 0.04018929 0.003803775 -0.0007005394 0.039417 0.003803775 -0.0007005394 0.04018929 0.002803775 -0.0007005394 0.060583 0.002803775 -0.0007005394 0.05981071 0.003803775 -0.0007005394 0.05981071 0.002803775 -0.0007005394 0.060583 0.003803775 -0.0007005394 0.07940432 0.002303775 0.003215536 0.0797542 0.002303775 0.004638724 0.08003532 0.002303775 0.006077076 0.08024702 0.002303775 0.007527272 0.0803888 0.002303775 0.008985964 0.08046036 0.002303775 0.01044978 0.08046151 0.002303775 0.01191535 0.08039226 0.002303775 0.01337928 0.08025276 0.002303775 0.01483819 0.08004335 0.002303775 0.01628872 0.0797645 0.002303775 0.01772751 0.07941685 0.002303775 0.01915125 0.07900121 0.002303775 0.02055664 0.07851854 0.002303775 0.02194044 0.02161441 0.002303775 0.02244152 0.02128555 0.002303775 0.02157316 0.06172565 0.002803775 0.02218565 0.06116822 0.002803775 0.02275681 0.06225391 0.002803775 0.0215874 0.06275167 0.002803775 0.02096356 0.06321772 0.002803775 0.02031567 0.06365087 0.002803775 0.01964535 0.06405006 0.002803775 0.01895426 0.06441428 0.002803775 0.01824412 0.06474265 0.002803775 0.01751671 0.06503434 0.002803775 0.01677383 0.06528861 0.002803775 0.01601733 0.06550485 0.002803775 0.01524909 0.06568251 0.002803775 0.01447102 0.06582115 0.002803775 0.01368506 0.06592043 0.002803775 0.01289317 0.06598009 0.002803775 0.01209731 0.066 0.002803775 0.01129946 0.06598009 0.002803775 0.01050162 0.06592043 0.002803775 0.009705755 0.06582115 0.002803775 0.008913861 0.06568251 0.002803775 0.008127902 0.07980376 0.002803775 0.004819782 0.06550485 0.002803775 0.007349834 0.06528861 0.002803775 0.006581593 0.06503434 0.002803775 0.005825091 0.07857909 0.002803775 0.0006464974 0.06474265 0.002803775 0.005082209 0.06441428 0.002803775 0.004354797 0.06405006 0.002803775 0.003644664 0.06365087 0.002803775 0.002953576 0.06321772 0.002803775 0.002283254 0.06275167 0.002803775 0.001635365 0.06225391 0.002803775 0.001011521 0.06172565 0.002803775 0.0004132746 0.06116822 0.002803775 -0.0001578859 0.03883178 0.002803775 0.02275681 0.03827435 0.002803775 0.02218565 0.03774609 0.002803775 0.0215874 0.03724833 0.002803775 0.02096356 0.03678228 0.002803775 0.02031567 0.03634913 0.002803775 0.01964535 0.03594994 0.002803775 0.01895426 0.03558571 0.002803775 0.01824412 0.03525735 0.002803775 0.01751671 0.03496566 0.002803775 0.01677383 0.02094664 0.002803775 0.02058128 0.03471138 0.002803775 0.01601733 0.03449515 0.002803775 0.01524909 0.03431749 0.002803775 0.01447102 0.01992182 0.002803775 0.01635448 0.03417884 0.002803775 0.01368506 0.03407957 0.002803775 0.01289317 0.03401991 0.002803775 0.01209731 0.034 0.002803775 0.01129946 0.03401991 0.002803775 0.01050162 0.03407957 0.002803775 0.009705755 0.03417884 0.002803775 0.008913861 0.03431749 0.002803775 0.008127902 0.03449515 0.002803775 0.007349834 0.03471138 0.002803775 0.006581593 0.03496566 0.002803775 0.005825091 0.02142091 0.002803775 0.0006464974 0.03525735 0.002803775 0.005082209 0.03558571 0.002803775 0.004354797 0.03594994 0.002803775 0.003644664 0.03634913 0.002803775 0.002953576 0.03678228 0.002803775 0.002283254 0.03724833 0.002803775 0.001635365 0.03774609 0.002803775 0.001011521 0.03827435 0.002803775 0.0004132746 0.03883178 0.002803775 -0.0001578859 0.03883178 0.003803775 0.02275681 0.03827435 0.003803775 0.02218565 0.03774609 0.003803775 0.0215874 0.03724833 0.003803775 0.02096356 0.03678228 0.003803775 0.02031567 0.03634913 0.003803775 0.01964535 0.03594994 0.003803775 0.01895426 0.03558571 0.003803775 0.01824412 0.03525735 0.003803775 0.01751671 0.03496566 0.003803775 0.01677383 0.03471138 0.003803775 0.01601733 0.03449515 0.003803775 0.01524909 0.03431749 0.003803775 0.01447102 0.03417884 0.003803775 0.01368506 0.03407957 0.003803775 0.01289317 0.03401991 0.003803775 0.01209731 0.034 0.003803775 0.01129946 0.03401991 0.003803775 0.01050162 0.03407957 0.003803775 0.009705755 0.03417884 0.003803775 0.008913861 0.03431749 0.003803775 0.008127902 0.03449515 0.003803775 0.007349834 0.03471138 0.003803775 0.006581593 0.03496566 0.003803775 0.005825091 0.03525735 0.003803775 0.005082209 0.03558571 0.003803775 0.004354797 0.03594994 0.003803775 0.003644664 0.03634913 0.003803775 0.002953576 0.03678228 0.003803775 0.002283254 0.03724833 0.003803775 0.001635365 0.03774609 0.003803775 0.001011521 0.03827435 0.003803775 0.0004132746 0.03883178 0.003803775 -0.0001578859 0.0396111 0.003803775 0.02280254 0.03905805 0.003803775 0.02227779 0.03853147 0.003803775 0.02172648 0.03803263 0.003803775 0.02114995 0.03756274 0.003803775 0.02054958 0.03712295 0.003803775 0.01992683 0.03671431 0.003803775 0.01928322 0.03633781 0.003803775 0.01862029 0.03599436 0.003803775 0.01793964 0.0356848 0.003803775 0.01724294 0.03540986 0.003803775 0.01653185 0.03517023 0.003803775 0.0158081 0.03496647 0.003803775 0.01507345 0.03479908 0.003803775 0.01432967 0.03466847 0.003803775 0.01357855 0.03457495 0.003803775 0.01282193 0.03451875 0.003803775 0.01206161 0.0345 0.003803775 0.01129946 0.03451875 0.003803775 0.01053731 0.03457495 0.003803775 0.009776995 0.03466847 0.003803775 0.009020368 0.03479908 0.003803775 0.008269254 0.03496647 0.003803775 0.007525471 0.03517023 0.003803775 0.006790818 0.03540986 0.003803775 0.006067073 0.0356848 0.003803775 0.005355987 0.03599436 0.003803775 0.004659279 0.03633781 0.003803775 0.003978636 0.03671431 0.003803775 0.003315704 0.03712295 0.003803775 0.002672087 0.03756274 0.003803775 0.002049342 0.03803263 0.003803775 0.001448976 0.03853147 0.003803775 0.0008724406 0.0396111 0.003803775 -0.0002036187 0.03905805 0.003803775 0.0003211312 0.0396111 0.002803775 0.02280254 0.03905805 0.002803775 0.02227779 0.03853147 0.002803775 0.02172648 0.03803263 0.002803775 0.02114995 0.03756274 0.002803775 0.02054958 0.03712295 0.002803775 0.01992683 0.03671431 0.002803775 0.01928322 0.03633781 0.002803775 0.01862029 0.03599436 0.002803775 0.01793964 0.0356848 0.002803775 0.01724294 0.03540986 0.002803775 0.01653185 0.03517023 0.002803775 0.0158081 0.03496647 0.002803775 0.01507345 0.03479908 0.002803775 0.01432967 0.03466847 0.002803775 0.01357855 0.03457495 0.002803775 0.01282193 0.03451875 0.002803775 0.01206161 0.0345 0.002803775 0.01129946 0.03451875 0.002803775 0.01053731 0.03457495 0.002803775 0.009776995 0.03466847 0.002803775 0.009020368 0.03479908 0.002803775 0.008269254 0.03496647 0.002803775 0.007525471 0.03517023 0.002803775 0.006790818 0.03540986 0.002803775 0.006067073 0.0356848 0.002803775 0.005355987 0.03599436 0.002803775 0.004659279 0.03633781 0.002803775 0.003978636 0.03671431 0.002803775 0.003315704 0.03712295 0.002803775 0.002672087 0.03756274 0.002803775 0.002049342 0.03803263 0.002803775 0.001448976 0.03853147 0.002803775 0.0008724406 0.03905805 0.002803775 0.0003211312 0.0396111 0.002803775 -0.0002036187 0.05663325 0.002803775 0.01810019 0.06094195 0.002803775 0.02227779 0.0603889 0.002803775 0.02280254 0.05696399 0.002803775 0.0177611 0.06146853 0.002803775 0.02172648 0.05628601 0.002803775 0.01842238 0.05727742 0.002803775 0.01740594 0.06196737 0.002803775 0.02114995 0.05592315 0.002803775 0.01872686 0.05757276 0.002803775 0.0170356 0.06243726 0.002803775 0.02054958 0.05554557 0.002803775 0.01901287 0.05784927 0.002803775 0.016651 0.06287705 0.002803775 0.01992683 0.05515419 0.002803775 0.01927971 0.05810626 0.002803775 0.0162531 0.06328569 0.002803775 0.01928322 0.05475 0.002803775 0.0195267 0.05834311 0.002803775 0.01584287 0.06366219 0.002803775 0.01862029 0.054334 0.002803775 0.01975324 0.0585592 0.002803775 0.01542136 0.06400564 0.002803775 0.01793964 0.05390723 0.002803775 0.01995877 0.05875402 0.002803775 0.01498959 0.06431521 0.002803775 0.01724294 0.05347074 0.002803775 0.02014276 0.05892708 0.002803775 0.01454865 0.06459014 0.002803775 0.01653185 0.05302562 0.002803775 0.02030477 0.05907794 0.002803775 0.01409964 0.06482977 0.002803775 0.0158081 0.05257298 0.002803775 0.02044439 0.05920623 0.002803775 0.01364366 0.06503353 0.002803775 0.01507345 0.05211395 0.002803775 0.02056128 0.05931164 0.002803775 0.01318185 0.06520091 0.002803775 0.01432967 0.05164966 0.002803775 0.02065513 0.05939389 0.002803775 0.01271536 0.06533153 0.002803775 0.01357855 0.05118127 0.002803775 0.02072573 0.05945279 0.002803775 0.01224536 0.06542505 0.002803775 0.01282193 0.05070993 0.002803775 0.0207729 0.05948819 0.002803775 0.011773 0.06548125 0.002803775 0.01206161 0.05023684 0.002803775 0.02079651 0.0595 0.002803775 0.01129946 0.0655 0.002803775 0.01129946 0.06548125 0.002803775 0.01053731 0.05948819 0.002803775 0.01082592 0.06542505 0.002803775 0.009776995 0.05945279 0.002803775 0.01035357 0.06533153 0.002803775 0.009020368 0.05939389 0.002803775 0.009883559 0.06520091 0.002803775 0.008269254 0.05931164 0.002803775 0.009417072 0.06503353 0.002803775 0.007525471 0.05920623 0.002803775 0.008955265 0.06482977 0.002803775 0.006790818 0.05907794 0.002803775 0.008499287 0.06459014 0.002803775 0.006067073 0.05892708 0.002803775 0.008050269 0.06431521 0.002803775 0.005355987 0.05875402 0.002803775 0.00760933 0.06400564 0.002803775 0.004659279 0.0585592 0.002803775 0.007177565 0.06366219 0.002803775 0.003978636 0.05834311 0.002803775 0.006756048 0.06328569 0.002803775 0.003315704 0.05810626 0.002803775 0.006345826 0.06287705 0.002803775 0.002672087 0.05784927 0.002803775 0.00594792 0.06243726 0.002803775 0.002049342 0.04976316 0.002803775 0.02079651 0.04929007 0.002803775 0.0207729 0.04881873 0.002803775 0.02072573 0.04835034 0.002803775 0.02065513 0.04788605 0.002803775 0.02056128 0.04742702 0.002803775 0.02044439 0.04697438 0.002803775 0.02030477 0.04652926 0.002803775 0.02014276 0.04609277 0.002803775 0.01995877 0.045666 0.002803775 0.01975324 0.04525 0.002803775 0.0195267 0.04484581 0.002803775 0.01927971 0.04445443 0.002803775 0.01901287 0.05757276 0.002803775 0.005563319 0.06196737 0.002803775 0.001448976 0.04407685 0.002803775 0.01872686 0.05727742 0.002803775 0.005192978 0.06146853 0.002803775 0.0008724406 0.04371399 0.002803775 0.01842238 0.05696399 0.002803775 0.00483782 0.04336675 0.002803775 0.01810019 0.06094195 0.002803775 0.0003211312 0.05663325 0.002803775 0.004498725 0.04303601 0.002803775 0.0177611 0.0603889 0.002803775 -0.0002036187 0.05628601 0.002803775 0.004176539 0.04272258 0.002803775 0.01740594 0.04242724 0.002803775 0.0170356 0.05592315 0.002803775 0.003872061 0.05554557 0.002803775 0.00358605 0.05515419 0.002803775 0.003319214 0.04215073 0.002803775 0.016651 0.05475 0.002803775 0.003072219 0.054334 0.002803775 0.002845679 0.04189374 0.002803775 0.0162531 0.05390723 0.002803775 0.002640155 0.04165689 0.002803775 0.01584287 0.05347074 0.002803775 0.00245616 0.05302562 0.002803775 0.002294151 0.0414408 0.002803775 0.01542136 0.05257298 0.002803775 0.00215453 0.05211395 0.002803775 0.002037646 0.04124598 0.002803775 0.01498959 0.05164966 0.002803775 0.001943787 0.05118127 0.002803775 0.001873188 0.04107292 0.002803775 0.01454865 0.05070993 0.002803775 0.001826025 0.05023684 0.002803775 0.001802413 0.04092206 0.002803775 0.01409964 0.04079377 0.002803775 0.01364366 0.04068836 0.002803775 0.01318185 0.04060611 0.002803775 0.01271536 0.04054721 0.002803775 0.01224536 0.04051181 0.002803775 0.011773 0.0405 0.002803775 0.01129946 0.04051181 0.002803775 0.01082592 0.04054721 0.002803775 0.01035357 0.04060611 0.002803775 0.009883559 0.04068836 0.002803775 0.009417072 0.04079377 0.002803775 0.008955265 0.04092206 0.002803775 0.008499287 0.04107292 0.002803775 0.008050269 0.04124598 0.002803775 0.00760933 0.0414408 0.002803775 0.007177565 0.04165689 0.002803775 0.006756048 0.04189374 0.002803775 0.006345826 0.04215073 0.002803775 0.00594792 0.04242724 0.002803775 0.005563319 0.04788605 0.002803775 0.002037646 0.04742702 0.002803775 0.00215453 0.04835034 0.002803775 0.001943787 0.04881873 0.002803775 0.001873188 0.04929007 0.002803775 0.001826025 0.04976316 0.002803775 0.001802413 0.04407685 0.002803775 0.003872061 0.04371399 0.002803775 0.004176539 0.04445443 0.002803775 0.00358605 0.04484581 0.002803775 0.003319214 0.04525 0.002803775 0.003072219 0.045666 0.002803775 0.002845679 0.04609277 0.002803775 0.002640155 0.04652926 0.002803775 0.00245616 0.04697438 0.002803775 0.002294151 0.04272258 0.002803775 0.005192978 0.04336675 0.002803775 0.004498725 0.04303601 0.002803775 0.00483782 0.0603889 0.003803775 -0.0002036187 0.06094195 0.003803775 0.0003211312 0.06146853 0.003803775 0.0008724406 0.06196737 0.003803775 0.001448976 0.06243726 0.003803775 0.002049342 0.06287705 0.003803775 0.002672087 0.06328569 0.003803775 0.003315704 0.06366219 0.003803775 0.003978636 0.06400564 0.003803775 0.004659279 0.06431521 0.003803775 0.005355987 0.06459014 0.003803775 0.006067073 0.06482977 0.003803775 0.006790818 0.06503353 0.003803775 0.007525471 0.06520091 0.003803775 0.008269254 0.06533153 0.003803775 0.009020368 0.06542505 0.003803775 0.009776995 0.06548125 0.003803775 0.01053731 0.0655 0.003803775 0.01129946 0.06548125 0.003803775 0.01206161 0.06542505 0.003803775 0.01282193 0.06533153 0.003803775 0.01357855 0.06520091 0.003803775 0.01432967 0.06503353 0.003803775 0.01507345 0.06482977 0.003803775 0.0158081 0.06459014 0.003803775 0.01653185 0.06431521 0.003803775 0.01724294 0.06400564 0.003803775 0.01793964 0.06366219 0.003803775 0.01862029 0.06328569 0.003803775 0.01928322 0.06287705 0.003803775 0.01992683 0.06243726 0.003803775 0.02054958 0.06196737 0.003803775 0.02114995 0.06146853 0.003803775 0.02172648 0.06094195 0.003803775 0.02227779 0.0603889 0.003803775 0.02280254 0.06172565 0.003803775 0.02218565 0.06116822 0.003803775 0.02275681 0.06225391 0.003803775 0.0215874 0.06275167 0.003803775 0.02096356 0.06321772 0.003803775 0.02031567 0.06365087 0.003803775 0.01964535 0.06405006 0.003803775 0.01895426 0.06441428 0.003803775 0.01824412 0.06474265 0.003803775 0.01751671 0.06503434 0.003803775 0.01677383 0.06528861 0.003803775 0.01601733 0.06550485 0.003803775 0.01524909 0.06568251 0.003803775 0.01447102 0.06582115 0.003803775 0.01368506 0.06592043 0.003803775 0.01289317 0.06598009 0.003803775 0.01209731 0.066 0.003803775 0.01129946 0.06598009 0.003803775 0.01050162 0.06592043 0.003803775 0.009705755 0.06582115 0.003803775 0.008913861 0.06568251 0.003803775 0.008127902 0.06550485 0.003803775 0.007349834 0.06528861 0.003803775 0.006581593 0.06503434 0.003803775 0.005825091 0.06474265 0.003803775 0.005082209 0.06441428 0.003803775 0.004354797 0.06405006 0.003803775 0.003644664 0.06365087 0.003803775 0.002953576 0.06321772 0.003803775 0.002283254 0.06275167 0.003803775 0.001635365 0.06225391 0.003803775 0.001011521 0.06172565 0.003803775 0.0004132746 0.06116822 0.003803775 -0.0001578859 0.0405 0.003803775 0.01129946 0.04051181 0.003803775 0.01082592 0.04054721 0.003803775 0.01035357 0.04060611 0.003803775 0.009883559 0.04068836 0.003803775 0.009417072 0.04079377 0.003803775 0.008955265 0.04092206 0.003803775 0.008499287 0.04107292 0.003803775 0.008050269 0.04124598 0.003803775 0.00760933 0.0414408 0.003803775 0.007177565 0.04165689 0.003803775 0.006756048 0.04189374 0.003803775 0.006345826 0.04215073 0.003803775 0.00594792 0.04242724 0.003803775 0.005563319 0.04272258 0.003803775 0.005192978 0.04303601 0.003803775 0.00483782 0.04336675 0.003803775 0.004498725 0.04371399 0.003803775 0.004176539 0.04407685 0.003803775 0.003872061 0.04445443 0.003803775 0.00358605 0.04484581 0.003803775 0.003319214 0.04525 0.003803775 0.003072219 0.045666 0.003803775 0.002845679 0.04609277 0.003803775 0.002640155 0.04652926 0.003803775 0.00245616 0.04697438 0.003803775 0.002294151 0.04742702 0.003803775 0.00215453 0.04788605 0.003803775 0.002037646 0.04835034 0.003803775 0.001943787 0.04881873 0.003803775 0.001873188 0.04929007 0.003803775 0.001826025 0.04976316 0.003803775 0.001802413 0.05023684 0.003803775 0.001802413 0.05070993 0.003803775 0.001826025 0.05118127 0.003803775 0.001873188 0.05164966 0.003803775 0.001943787 0.05211395 0.003803775 0.002037646 0.05257298 0.003803775 0.00215453 0.05302562 0.003803775 0.002294151 0.05347074 0.003803775 0.00245616 0.05390723 0.003803775 0.002640155 0.054334 0.003803775 0.002845679 0.05475 0.003803775 0.003072219 0.05515419 0.003803775 0.003319214 0.05554557 0.003803775 0.00358605 0.05592315 0.003803775 0.003872061 0.05628601 0.003803775 0.004176539 0.05663325 0.003803775 0.004498725 0.05696399 0.003803775 0.00483782 0.05727742 0.003803775 0.005192978 0.05757276 0.003803775 0.005563319 0.05784927 0.003803775 0.00594792 0.05810626 0.003803775 0.006345826 0.05834311 0.003803775 0.006756048 0.0585592 0.003803775 0.007177565 0.05875402 0.003803775 0.00760933 0.05892708 0.003803775 0.008050269 0.05907794 0.003803775 0.008499287 0.05920623 0.003803775 0.008955265 0.05931164 0.003803775 0.009417072 0.05939389 0.003803775 0.009883559 0.05945279 0.003803775 0.01035357 0.05948819 0.003803775 0.01082592 0.0595 0.003803775 0.01129946 0.05948819 0.003803775 0.011773 0.05945279 0.003803775 0.01224536 0.05939389 0.003803775 0.01271536 0.05931164 0.003803775 0.01318185 0.05920623 0.003803775 0.01364366 0.05907794 0.003803775 0.01409964 0.05892708 0.003803775 0.01454865 0.05875402 0.003803775 0.01498959 0.0585592 0.003803775 0.01542136 0.05834311 0.003803775 0.01584287 0.05810626 0.003803775 0.0162531 0.05784927 0.003803775 0.016651 0.05757276 0.003803775 0.0170356 0.05727742 0.003803775 0.01740594 0.05696399 0.003803775 0.0177611 0.05663325 0.003803775 0.01810019 0.05628601 0.003803775 0.01842238 0.05592315 0.003803775 0.01872686 0.05554557 0.003803775 0.01901287 0.05515419 0.003803775 0.01927971 0.05475 0.003803775 0.0195267 0.054334 0.003803775 0.01975324 0.05390723 0.003803775 0.01995877 0.05347074 0.003803775 0.02014276 0.05302562 0.003803775 0.02030477 0.05257298 0.003803775 0.02044439 0.05211395 0.003803775 0.02056128 0.05164966 0.003803775 0.02065513 0.05118127 0.003803775 0.02072573 0.05070993 0.003803775 0.0207729 0.05023684 0.003803775 0.02079651 0.04976316 0.003803775 0.02079651 0.04929007 0.003803775 0.0207729 0.04881873 0.003803775 0.02072573 0.04835034 0.003803775 0.02065513 0.04788605 0.003803775 0.02056128 0.04742702 0.003803775 0.02044439 0.04697438 0.003803775 0.02030477 0.04652926 0.003803775 0.02014276 0.04609277 0.003803775 0.01995877 0.045666 0.003803775 0.01975324 0.04525 0.003803775 0.0195267 0.04484581 0.003803775 0.01927971 0.04445443 0.003803775 0.01901287 0.04407685 0.003803775 0.01872686 0.04371399 0.003803775 0.01842238 0.04336675 0.003803775 0.01810019 0.04303601 0.003803775 0.0177611 0.04272258 0.003803775 0.01740594 0.04242724 0.003803775 0.0170356 0.04215073 0.003803775 0.016651 0.04189374 0.003803775 0.0162531 0.04165689 0.003803775 0.01584287 0.0414408 0.003803775 0.01542136 0.04124598 0.003803775 0.01498959 0.04107292 0.003803775 0.01454865 0.04092206 0.003803775 0.01409964 0.04079377 0.003803775 0.01364366 0.04068836 0.003803775 0.01318185 0.04060611 0.003803775 0.01271536 0.04054721 0.003803775 0.01224536 0.04051181 0.003803775 0.011773 0.05623094 0.003803775 0.01708093 0.05593501 0.003803775 0.01738433 0.05562433 0.003803775 0.0176726 0.05651138 0.003803775 0.01676315 0.05529966 0.003803775 0.01794503 0.05677563 0.003803775 0.0164318 0.05496182 0.003803775 0.01820093 0.05702303 0.003803775 0.01608768 0.05461164 0.003803775 0.01843968 0.05725297 0.003803775 0.01573166 0.05425 0.003803775 0.01866068 0.05746488 0.003803775 0.01536462 0.05387779 0.003803775 0.01886337 0.05765823 0.003803775 0.01498747 0.05349594 0.003803775 0.01904726 0.05783255 0.003803775 0.01460116 0.0531054 0.003803775 0.01921189 0.05798739 0.003803775 0.01420663 0.05270714 0.003803775 0.01935684 0.05812237 0.003803775 0.01380488 0.05230214 0.003803775 0.01948177 0.05823716 0.003803775 0.0133969 0.05189143 0.003803775 0.01958635 0.05833147 0.003803775 0.0129837 0.05147601 0.003803775 0.01967033 0.05840506 0.003803775 0.01256632 0.05105692 0.003803775 0.01973349 0.05845776 0.003803775 0.01214579 0.0506352 0.003803775 0.01977569 0.05848943 0.003803775 0.01172315 0.05021191 0.003803775 0.01979682 0.0585 0.003803775 0.01129946 0.04978809 0.003803775 0.01979682 0.05848943 0.003803775 0.01087577 0.0493648 0.003803775 0.01977569 0.05845776 0.003803775 0.01045313 0.04894308 0.003803775 0.01973349 0.05840506 0.003803775 0.0100326 0.04852399 0.003803775 0.01967033 0.05833147 0.003803775 0.009615218 0.04810857 0.003803775 0.01958635 0.05823716 0.003803775 0.009202023 0.04769786 0.003803775 0.01948177 0.05812237 0.003803775 0.008794042 0.04729286 0.003803775 0.01935684 0.05798739 0.003803775 0.008392289 0.0468946 0.003803775 0.01921189 0.05783255 0.003803775 0.007997765 0.04650406 0.003803775 0.01904726 0.05765823 0.003803775 0.007611449 0.04612221 0.003803775 0.01886337 0.05746488 0.003803775 0.007234302 0.04575 0.003803775 0.01866068 0.05725297 0.003803775 0.006867261 0.04538836 0.003803775 0.01843968 0.05702303 0.003803775 0.00651124 0.04503818 0.003803775 0.01820093 0.05677563 0.003803775 0.006167123 0.04470034 0.003803775 0.01794503 0.05651138 0.003803775 0.005835766 0.04437567 0.003803775 0.0176726 0.05623094 0.003803775 0.005517992 0.04406499 0.003803775 0.01738433 0.05593501 0.003803775 0.005214592 0.04376906 0.003803775 0.01708093 0.05562433 0.003803775 0.004926321 0.04348862 0.003803775 0.01676315 0.05529966 0.003803775 0.004653893 0.04322437 0.003803775 0.0164318 0.05496182 0.003803775 0.004397987 0.04297697 0.003803775 0.01608768 0.05461164 0.003803775 0.00415924 0.04274703 0.003803775 0.01573166 0.05425 0.003803775 0.003938245 0.04253512 0.003803775 0.01536462 0.04234177 0.003803775 0.01498747 0.05387779 0.003803775 0.00373555 0.05349594 0.003803775 0.003551661 0.0531054 0.003803775 0.003387034 0.04216745 0.003803775 0.01460116 0.04201261 0.003803775 0.01420663 0.05270714 0.003803775 0.003242078 0.05230214 0.003803775 0.003117155 0.04187763 0.003803775 0.01380488 0.04176284 0.003803775 0.0133969 0.05189143 0.003803775 0.003012573 0.05147601 0.003803775 0.002928595 0.04166853 0.003803775 0.0129837 0.04159494 0.003803775 0.01256632 0.05105692 0.003803775 0.002865427 0.04154224 0.003803775 0.01214579 0.0506352 0.003803775 0.002823228 0.04151057 0.003803775 0.01172315 0.05021191 0.003803775 0.002802103 0.04978809 0.003803775 0.002802103 0.0415 0.003803775 0.01129946 0.04151057 0.003803775 0.01087577 0.0493648 0.003803775 0.002823228 0.04154224 0.003803775 0.01045313 0.04894308 0.003803775 0.002865427 0.04159494 0.003803775 0.0100326 0.04166853 0.003803775 0.009615218 0.04852399 0.003803775 0.002928595 0.04176284 0.003803775 0.009202023 0.04810857 0.003803775 0.003012573 0.04769786 0.003803775 0.003117155 0.04187763 0.003803775 0.008794042 0.04729286 0.003803775 0.003242078 0.0468946 0.003803775 0.003387034 0.04201261 0.003803775 0.008392289 0.04216745 0.003803775 0.007997765 0.04650406 0.003803775 0.003551661 0.04234177 0.003803775 0.007611449 0.04612221 0.003803775 0.00373555 0.04575 0.003803775 0.003938245 0.04253512 0.003803775 0.007234302 0.04274703 0.003803775 0.006867261 0.04538836 0.003803775 0.00415924 0.04503818 0.003803775 0.004397987 0.04297697 0.003803775 0.00651124 0.04322437 0.003803775 0.006167123 0.04470034 0.003803775 0.004653893 0.04348862 0.003803775 0.005835766 0.04437567 0.003803775 0.004926321 0.04406499 0.003803775 0.005214592 0.04376906 0.003803775 0.005517992 0.0415 0.004053775 0.01129946 0.04151057 0.004053775 0.01087577 0.04154224 0.004053775 0.01045313 0.04159494 0.004053775 0.0100326 0.04166853 0.004053775 0.009615218 0.04176284 0.004053775 0.009202023 0.04187763 0.004053775 0.008794042 0.04201261 0.004053775 0.008392289 0.04216745 0.004053775 0.007997765 0.04234177 0.004053775 0.007611449 0.04253512 0.004053775 0.007234302 0.04274703 0.004053775 0.006867261 0.04297697 0.004053775 0.00651124 0.04322437 0.004053775 0.006167123 0.04348862 0.004053775 0.005835766 0.04376906 0.004053775 0.005517992 0.04406499 0.004053775 0.005214592 0.04437567 0.004053775 0.004926321 0.04470034 0.004053775 0.004653893 0.04503818 0.004053775 0.004397987 0.04538836 0.004053775 0.00415924 0.04575 0.004053775 0.003938245 0.04612221 0.004053775 0.00373555 0.04650406 0.004053775 0.003551661 0.0468946 0.004053775 0.003387034 0.04729286 0.004053775 0.003242078 0.04769786 0.004053775 0.003117155 0.04810857 0.004053775 0.003012573 0.04852399 0.004053775 0.002928595 0.04894308 0.004053775 0.002865427 0.0493648 0.004053775 0.002823228 0.04978809 0.004053775 0.002802103 0.05021191 0.004053775 0.002802103 0.0506352 0.004053775 0.002823228 0.05105692 0.004053775 0.002865427 0.05147601 0.004053775 0.002928595 0.05189143 0.004053775 0.003012573 0.05230214 0.004053775 0.003117155 0.05270714 0.004053775 0.003242078 0.0531054 0.004053775 0.003387034 0.05349594 0.004053775 0.003551661 0.05387779 0.004053775 0.00373555 0.05425 0.004053775 0.003938245 0.05461164 0.004053775 0.00415924 0.05496182 0.004053775 0.004397987 0.05529966 0.004053775 0.004653893 0.05562433 0.004053775 0.004926321 0.05593501 0.004053775 0.005214592 0.05623094 0.004053775 0.005517992 0.05651138 0.004053775 0.005835766 0.05677563 0.004053775 0.006167123 0.05702303 0.004053775 0.00651124 0.05725297 0.004053775 0.006867261 0.05746488 0.004053775 0.007234302 0.05765823 0.004053775 0.007611449 0.05783255 0.004053775 0.007997765 0.05798739 0.004053775 0.008392289 0.05812237 0.004053775 0.008794042 0.05823716 0.004053775 0.009202023 0.05833147 0.004053775 0.009615218 0.05840506 0.004053775 0.0100326 0.05845776 0.004053775 0.01045313 0.05848943 0.004053775 0.01087577 0.0585 0.004053775 0.01129946 0.05848943 0.004053775 0.01172315 0.05845776 0.004053775 0.01214579 0.05840506 0.004053775 0.01256632 0.05833147 0.004053775 0.0129837 0.05823716 0.004053775 0.0133969 0.05812237 0.004053775 0.01380488 0.05798739 0.004053775 0.01420663 0.05783255 0.004053775 0.01460116 0.05765823 0.004053775 0.01498747 0.05746488 0.004053775 0.01536462 0.05725297 0.004053775 0.01573166 0.05702303 0.004053775 0.01608768 0.05677563 0.004053775 0.0164318 0.05651138 0.004053775 0.01676315 0.05623094 0.004053775 0.01708093 0.05593501 0.004053775 0.01738433 0.05562433 0.004053775 0.0176726 0.05529966 0.004053775 0.01794503 0.05496182 0.004053775 0.01820093 0.05461164 0.004053775 0.01843968 0.05425 0.004053775 0.01866068 0.05387779 0.004053775 0.01886337 0.05349594 0.004053775 0.01904726 0.0531054 0.004053775 0.01921189 0.05270714 0.004053775 0.01935684 0.05230214 0.004053775 0.01948177 0.05189143 0.004053775 0.01958635 0.05147601 0.004053775 0.01967033 0.05105692 0.004053775 0.01973349 0.0506352 0.004053775 0.01977569 0.05021191 0.004053775 0.01979682 0.04978809 0.004053775 0.01979682 0.0493648 0.004053775 0.01977569 0.04894308 0.004053775 0.01973349 0.04852399 0.004053775 0.01967033 0.04810857 0.004053775 0.01958635 0.04769786 0.004053775 0.01948177 0.04729286 0.004053775 0.01935684 0.0468946 0.004053775 0.01921189 0.04650406 0.004053775 0.01904726 0.04612221 0.004053775 0.01886337 0.04575 0.004053775 0.01866068 0.04538836 0.004053775 0.01843968 0.04503818 0.004053775 0.01820093 0.04470034 0.004053775 0.01794503 0.04437567 0.004053775 0.0176726 0.04406499 0.004053775 0.01738433 0.04376906 0.004053775 0.01708093 0.04348862 0.004053775 0.01676315 0.04322437 0.004053775 0.0164318 0.04297697 0.004053775 0.01608768 0.04274703 0.004053775 0.01573166 0.04253512 0.004053775 0.01536462 0.04234177 0.004053775 0.01498747 0.04216745 0.004053775 0.01460116 0.04201261 0.004053775 0.01420663 0.04187763 0.004053775 0.01380488 0.04176284 0.004053775 0.0133969 0.04166853 0.004053775 0.0129837 0.04159494 0.004053775 0.01256632 0.04154224 0.004053775 0.01214579 0.04151057 0.004053775 0.01172315 0.05549789 0.004053775 0.01640076 0.05523677 0.004053775 0.01666846 0.05496264 0.004053775 0.01692282 0.05574533 0.004053775 0.01612037 0.05467617 0.004053775 0.0171632 0.05597849 0.004053775 0.01582799 0.05437808 0.004053775 0.017389 0.05619679 0.004053775 0.01552436 0.0540691 0.004053775 0.01759966 0.05639968 0.004053775 0.01521023 0.05375 0.004053775 0.01779465 0.05658666 0.004053775 0.01488637 0.05342158 0.004053775 0.0179735 0.05675727 0.004053775 0.01455359 0.05308465 0.004053775 0.01813575 0.05691107 0.004053775 0.01421272 0.05274006 0.004053775 0.01828101 0.0570477 0.004053775 0.01386461 0.05238865 0.004053775 0.01840892 0.0571668 0.004053775 0.01351012 0.0520313 0.004053775 0.01851914 0.05726808 0.004053775 0.01315014 0.05166891 0.004053775 0.01861142 0.0573513 0.004053775 0.01278556 0.05130236 0.004053775 0.01868552 0.05741623 0.004053775 0.01241728 0.05093258 0.004053775 0.01874125 0.05746273 0.004053775 0.01204622 0.05056047 0.004053775 0.01877849 0.05749068 0.004053775 0.0116733 0.05018698 0.004053775 0.01879713 0.0575 0.004053775 0.01129946 0.04981302 0.004053775 0.01879713 0.05749068 0.004053775 0.01092562 0.04943953 0.004053775 0.01877849 0.05746273 0.004053775 0.0105527 0.04906742 0.004053775 0.01874125 0.05741623 0.004053775 0.01018164 0.04869764 0.004053775 0.01868552 0.0573513 0.004053775 0.009813365 0.04833109 0.004053775 0.01861142 0.05726808 0.004053775 0.00944878 0.0479687 0.004053775 0.01851914 0.0571668 0.004053775 0.009088797 0.04761135 0.004053775 0.01840892 0.0570477 0.004053775 0.008734309 0.04725994 0.004053775 0.01828101 0.05691107 0.004053775 0.0083862 0.04691535 0.004053775 0.01813575 0.05675727 0.004053775 0.008045333 0.04657842 0.004053775 0.0179735 0.05658666 0.004053775 0.007712556 0.04625 0.004053775 0.01779465 0.05639968 0.004053775 0.007388697 0.0459309 0.004053775 0.01759966 0.05619679 0.004053775 0.00707456 0.04562192 0.004053775 0.017389 0.05597849 0.004053775 0.006770927 0.04532383 0.004053775 0.0171632 0.05574533 0.004053775 0.006478554 0.04503736 0.004053775 0.01692282 0.05549789 0.004053775 0.006198165 0.04476323 0.004053775 0.01666846 0.05523677 0.004053775 0.005930459 0.04450211 0.004053775 0.01640076 0.05496264 0.004053775 0.005676102 0.04425467 0.004053775 0.01612037 0.05467617 0.004053775 0.005435725 0.04402151 0.004053775 0.01582799 0.05437808 0.004053775 0.005209926 0.04380321 0.004053775 0.01552436 0.04360032 0.004053775 0.01521023 0.0540691 0.004053775 0.004999266 0.05375 0.004053775 0.00480427 0.04341334 0.004053775 0.01488637 0.05342158 0.004053775 0.004625422 0.04324273 0.004053775 0.01455359 0.04308893 0.004053775 0.01421272 0.05308465 0.004053775 0.004463167 0.0429523 0.004053775 0.01386461 0.05274006 0.004053775 0.004317907 0.05238865 0.004053775 0.004190006 0.0520313 0.004053775 0.004079779 0.0428332 0.004053775 0.01351012 0.04273192 0.004053775 0.01315014 0.05166891 0.004053775 0.003987501 0.0426487 0.004053775 0.01278556 0.04258377 0.004053775 0.01241728 0.05130236 0.004053775 0.003913403 0.05093258 0.004053775 0.003857666 0.05056047 0.004053775 0.003820432 0.04253727 0.004053775 0.01204622 0.04250932 0.004053775 0.0116733 0.05018698 0.004053775 0.003801792 0.04250932 0.004053775 0.01092562 0.0425 0.004053775 0.01129946 0.04981302 0.004053775 0.003801792 0.04943953 0.004053775 0.003820432 0.04906742 0.004053775 0.003857666 0.04253727 0.004053775 0.0105527 0.04258377 0.004053775 0.01018164 0.04869764 0.004053775 0.003913403 0.04833109 0.004053775 0.003987501 0.0426487 0.004053775 0.009813365 0.04273192 0.004053775 0.00944878 0.0479687 0.004053775 0.004079779 0.0428332 0.004053775 0.009088797 0.04761135 0.004053775 0.004190006 0.04725994 0.004053775 0.004317907 0.0429523 0.004053775 0.008734309 0.04308893 0.004053775 0.0083862 0.04691535 0.004053775 0.004463167 0.04324273 0.004053775 0.008045333 0.04657842 0.004053775 0.004625422 0.04625 0.004053775 0.00480427 0.04341334 0.004053775 0.007712556 0.04360032 0.004053775 0.007388697 0.0459309 0.004053775 0.004999266 0.04380321 0.004053775 0.00707456 0.04562192 0.004053775 0.005209926 0.04402151 0.004053775 0.006770927 0.04425467 0.004053775 0.006478554 0.04532383 0.004053775 0.005435725 0.04503736 0.004053775 0.005676102 0.04450211 0.004053775 0.006198165 0.04476323 0.004053775 0.005930459 0.0425 0.004303775 0.01129946 0.04250932 0.004303775 0.01092562 0.04253727 0.004303775 0.0105527 0.04258377 0.004303775 0.01018164 0.0426487 0.004303775 0.009813365 0.04273192 0.004303775 0.00944878 0.0428332 0.004303775 0.009088797 0.0429523 0.004303775 0.008734309 0.04308893 0.004303775 0.0083862 0.04324273 0.004303775 0.008045333 0.04341334 0.004303775 0.007712556 0.04360032 0.004303775 0.007388697 0.04380321 0.004303775 0.00707456 0.04402151 0.004303775 0.006770927 0.04425467 0.004303775 0.006478554 0.04450211 0.004303775 0.006198165 0.04476323 0.004303775 0.005930459 0.04503736 0.004303775 0.005676102 0.04532383 0.004303775 0.005435725 0.04562192 0.004303775 0.005209926 0.0459309 0.004303775 0.004999266 0.04625 0.004303775 0.00480427 0.04657842 0.004303775 0.004625422 0.04691535 0.004303775 0.004463167 0.04725994 0.004303775 0.004317907 0.04761135 0.004303775 0.004190006 0.0479687 0.004303775 0.004079779 0.04833109 0.004303775 0.003987501 0.04869764 0.004303775 0.003913403 0.04906742 0.004303775 0.003857666 0.04943953 0.004303775 0.003820432 0.04981302 0.004303775 0.003801792 0.05018698 0.004303775 0.003801792 0.05056047 0.004303775 0.003820432 0.05093258 0.004303775 0.003857666 0.05130236 0.004303775 0.003913403 0.05166891 0.004303775 0.003987501 0.0520313 0.004303775 0.004079779 0.05238865 0.004303775 0.004190006 0.05274006 0.004303775 0.004317907 0.05308465 0.004303775 0.004463167 0.05342158 0.004303775 0.004625422 0.05375 0.004303775 0.00480427 0.0540691 0.004303775 0.004999266 0.05437808 0.004303775 0.005209926 0.05467617 0.004303775 0.005435725 0.05496264 0.004303775 0.005676102 0.05523677 0.004303775 0.005930459 0.05549789 0.004303775 0.006198165 0.05574533 0.004303775 0.006478554 0.05597849 0.004303775 0.006770927 0.05619679 0.004303775 0.00707456 0.05639968 0.004303775 0.007388697 0.05658666 0.004303775 0.007712556 0.05675727 0.004303775 0.008045333 0.05691107 0.004303775 0.0083862 0.0570477 0.004303775 0.008734309 0.0571668 0.004303775 0.009088797 0.05726808 0.004303775 0.00944878 0.0573513 0.004303775 0.009813365 0.05741623 0.004303775 0.01018164 0.05746273 0.004303775 0.0105527 0.05749068 0.004303775 0.01092562 0.0575 0.004303775 0.01129946 0.05749068 0.004303775 0.0116733 0.05746273 0.004303775 0.01204622 0.05741623 0.004303775 0.01241728 0.0573513 0.004303775 0.01278556 0.05726808 0.004303775 0.01315014 0.0571668 0.004303775 0.01351012 0.0570477 0.004303775 0.01386461 0.05691107 0.004303775 0.01421272 0.05675727 0.004303775 0.01455359 0.05658666 0.004303775 0.01488637 0.05639968 0.004303775 0.01521023 0.05619679 0.004303775 0.01552436 0.05597849 0.004303775 0.01582799 0.05574533 0.004303775 0.01612037 0.05549789 0.004303775 0.01640076 0.05523677 0.004303775 0.01666846 0.05496264 0.004303775 0.01692282 0.05467617 0.004303775 0.0171632 0.05437808 0.004303775 0.017389 0.0540691 0.004303775 0.01759966 0.05375 0.004303775 0.01779465 0.05342158 0.004303775 0.0179735 0.05308465 0.004303775 0.01813575 0.05274006 0.004303775 0.01828101 0.05238865 0.004303775 0.01840892 0.0520313 0.004303775 0.01851914 0.05166891 0.004303775 0.01861142 0.05130236 0.004303775 0.01868552 0.05093258 0.004303775 0.01874125 0.05056047 0.004303775 0.01877849 0.05018698 0.004303775 0.01879713 0.04981302 0.004303775 0.01879713 0.04943953 0.004303775 0.01877849 0.04906742 0.004303775 0.01874125 0.04869764 0.004303775 0.01868552 0.04833109 0.004303775 0.01861142 0.0479687 0.004303775 0.01851914 0.04761135 0.004303775 0.01840892 0.04725994 0.004303775 0.01828101 0.04691535 0.004303775 0.01813575 0.04657842 0.004303775 0.0179735 0.04625 0.004303775 0.01779465 0.0459309 0.004303775 0.01759966 0.04562192 0.004303775 0.017389 0.04532383 0.004303775 0.0171632 0.04503736 0.004303775 0.01692282 0.04476323 0.004303775 0.01666846 0.04450211 0.004303775 0.01640076 0.04425467 0.004303775 0.01612037 0.04402151 0.004303775 0.01582799 0.04380321 0.004303775 0.01552436 0.04360032 0.004303775 0.01521023 0.04341334 0.004303775 0.01488637 0.04324273 0.004303775 0.01455359 0.04308893 0.004303775 0.01421272 0.0429523 0.004303775 0.01386461 0.0428332 0.004303775 0.01351012 0.04273192 0.004303775 0.01315014 0.0426487 0.004303775 0.01278556 0.04258377 0.004303775 0.01241728 0.04253727 0.004303775 0.01204622 0.04250932 0.004303775 0.0116733 0.05476484 0.004303775 0.01572058 0.05453854 0.004303775 0.01595259 0.05430096 0.004303775 0.01617304 0.05497929 0.004303775 0.01547758 0.05405268 0.004303775 0.01638136 0.05518136 0.004303775 0.01522419 0.05379433 0.004303775 0.01657706 0.05537055 0.004303775 0.01496104 0.05352655 0.004303775 0.01675963 0.05554639 0.004303775 0.01468879 0.05325 0.004303775 0.01692863 0.05570844 0.004303775 0.01440811 0.05296537 0.004303775 0.01708363 0.0558563 0.004303775 0.01411971 0.05267337 0.004303775 0.01722425 0.05598959 0.004303775 0.01382429 0.05237472 0.004303775 0.01735014 0.056108 0.004303775 0.01352259 0.05207016 0.004303775 0.01746099 0.05621122 0.004303775 0.01321537 0.05176046 0.004303775 0.01755652 0.056299 0.004303775 0.01290338 0.05144638 0.004303775 0.01763649 0.05637112 0.004303775 0.01258741 0.05112871 0.004303775 0.01770071 0.0564274 0.004303775 0.01226824 0.05080824 0.004303775 0.01774902 0.0564677 0.004303775 0.01194665 0.05048574 0.004303775 0.01778129 0.05649192 0.004303775 0.01162346 0.05016205 0.004303775 0.01779744 0.0565 0.004303775 0.01129946 0.04983795 0.004303775 0.01779744 0.05649192 0.004303775 0.01097546 0.04951426 0.004303775 0.01778129 0.0564677 0.004303775 0.01065227 0.04919176 0.004303775 0.01774902 0.0564274 0.004303775 0.01033069 0.04887129 0.004303775 0.01770071 0.05637112 0.004303775 0.01001151 0.04855362 0.004303775 0.01763649 0.056299 0.004303775 0.009695538 0.04823954 0.004303775 0.01755652 0.05621122 0.004303775 0.009383552 0.04792984 0.004303775 0.01746099 0.056108 0.004303775 0.00907633 0.04762528 0.004303775 0.01735014 0.05598959 0.004303775 0.008774634 0.04732663 0.004303775 0.01722425 0.0558563 0.004303775 0.008479217 0.04703463 0.004303775 0.01708363 0.05570844 0.004303775 0.00819081 0.04675 0.004303775 0.01692863 0.05554639 0.004303775 0.007910132 0.04647345 0.004303775 0.01675963 0.05537055 0.004303775 0.00763788 0.04620567 0.004303775 0.01657706 0.05518136 0.004303775 0.007374732 0.04594732 0.004303775 0.01638136 0.05497929 0.004303775 0.007121341 0.04569904 0.004303775 0.01617304 0.05476484 0.004303775 0.006878338 0.04546146 0.004303775 0.01595259 0.05453854 0.004303775 0.006646326 0.04523516 0.004303775 0.01572058 0.05430096 0.004303775 0.006425883 0.04502071 0.004303775 0.01547758 0.05405268 0.004303775 0.006217556 0.04481864 0.004303775 0.01522419 0.05379433 0.004303775 0.006021863 0.04462945 0.004303775 0.01496104 0.05352655 0.004303775 0.005839292 0.05325 0.004303775 0.005670296 0.04445361 0.004303775 0.01468879 0.04429156 0.004303775 0.01440811 0.05296537 0.004303775 0.005515294 0.05267337 0.004303775 0.005374672 0.0441437 0.004303775 0.01411971 0.04401041 0.004303775 0.01382429 0.05237472 0.004303775 0.005248781 0.043892 0.004303775 0.01352259 0.04378878 0.004303775 0.01321537 0.05207016 0.004303775 0.005137933 0.043701 0.004303775 0.01290338 0.05176046 0.004303775 0.005042403 0.05144638 0.004303775 0.004962429 0.04362888 0.004303775 0.01258741 0.05112871 0.004303775 0.00489821 0.05080824 0.004303775 0.004849906 0.0435726 0.004303775 0.01226824 0.05048574 0.004303775 0.004817636 0.0435323 0.004303775 0.01194665 0.04350808 0.004303775 0.01162346 0.05016205 0.004303775 0.004801481 0.0435 0.004303775 0.01129946 0.04983795 0.004303775 0.004801481 0.04350808 0.004303775 0.01097546 0.04951426 0.004303775 0.004817636 0.0435323 0.004303775 0.01065227 0.0435726 0.004303775 0.01033069 0.04919176 0.004303775 0.004849906 0.04362888 0.004303775 0.01001151 0.04887129 0.004303775 0.00489821 0.04855362 0.004303775 0.004962429 0.043701 0.004303775 0.009695538 0.04378878 0.004303775 0.009383552 0.04823954 0.004303775 0.005042403 0.04792984 0.004303775 0.005137933 0.04762528 0.004303775 0.005248781 0.043892 0.004303775 0.00907633 0.04401041 0.004303775 0.008774634 0.04732663 0.004303775 0.005374672 0.04703463 0.004303775 0.005515294 0.0441437 0.004303775 0.008479217 0.04429156 0.004303775 0.00819081 0.04675 0.004303775 0.005670296 0.04445361 0.004303775 0.007910132 0.04647345 0.004303775 0.005839292 0.04462945 0.004303775 0.00763788 0.04481864 0.004303775 0.007374732 0.04620567 0.004303775 0.006021863 0.04594732 0.004303775 0.006217556 0.04502071 0.004303775 0.007121341 0.04569904 0.004303775 0.006425883 0.04523516 0.004303775 0.006878338 0.04546146 0.004303775 0.006646326 0.0435 0.004553775 0.01129946 0.04350808 0.004553775 0.01097546 0.0435323 0.004553775 0.01065227 0.0435726 0.004553775 0.01033069 0.04362888 0.004553775 0.01001151 0.043701 0.004553775 0.009695538 0.04378878 0.004553775 0.009383552 0.043892 0.004553775 0.00907633 0.04401041 0.004553775 0.008774634 0.0441437 0.004553775 0.008479217 0.04429156 0.004553775 0.00819081 0.04445361 0.004553775 0.007910132 0.04462945 0.004553775 0.00763788 0.04481864 0.004553775 0.007374732 0.04502071 0.004553775 0.007121341 0.04523516 0.004553775 0.006878338 0.04546146 0.004553775 0.006646326 0.04569904 0.004553775 0.006425883 0.04594732 0.004553775 0.006217556 0.04620567 0.004553775 0.006021863 0.04647345 0.004553775 0.005839292 0.04675 0.004553775 0.005670296 0.04703463 0.004553775 0.005515294 0.04732663 0.004553775 0.005374672 0.04762528 0.004553775 0.005248781 0.04792984 0.004553775 0.005137933 0.04823954 0.004553775 0.005042403 0.04855362 0.004553775 0.004962429 0.04887129 0.004553775 0.00489821 0.04919176 0.004553775 0.004849906 0.04951426 0.004553775 0.004817636 0.04983795 0.004553775 0.004801481 0.05016205 0.004553775 0.004801481 0.05048574 0.004553775 0.004817636 0.05080824 0.004553775 0.004849906 0.05112871 0.004553775 0.00489821 0.05144638 0.004553775 0.004962429 0.05176046 0.004553775 0.005042403 0.05207016 0.004553775 0.005137933 0.05237472 0.004553775 0.005248781 0.05267337 0.004553775 0.005374672 0.05296537 0.004553775 0.005515294 0.05325 0.004553775 0.005670296 0.05352655 0.004553775 0.005839292 0.05379433 0.004553775 0.006021863 0.05405268 0.004553775 0.006217556 0.05430096 0.004553775 0.006425883 0.05453854 0.004553775 0.006646326 0.05476484 0.004553775 0.006878338 0.05497929 0.004553775 0.007121341 0.05518136 0.004553775 0.007374732 0.05537055 0.004553775 0.00763788 0.05554639 0.004553775 0.007910132 0.05570844 0.004553775 0.00819081 0.0558563 0.004553775 0.008479217 0.05598959 0.004553775 0.008774634 0.056108 0.004553775 0.00907633 0.05621122 0.004553775 0.009383552 0.056299 0.004553775 0.009695538 0.05637112 0.004553775 0.01001151 0.0564274 0.004553775 0.01033069 0.0564677 0.004553775 0.01065227 0.05649192 0.004553775 0.01097546 0.0565 0.004553775 0.01129946 0.05649192 0.004553775 0.01162346 0.0564677 0.004553775 0.01194665 0.0564274 0.004553775 0.01226824 0.05637112 0.004553775 0.01258741 0.056299 0.004553775 0.01290338 0.05621122 0.004553775 0.01321537 0.056108 0.004553775 0.01352259 0.05598959 0.004553775 0.01382429 0.0558563 0.004553775 0.01411971 0.05570844 0.004553775 0.01440811 0.05554639 0.004553775 0.01468879 0.05537055 0.004553775 0.01496104 0.05518136 0.004553775 0.01522419 0.05497929 0.004553775 0.01547758 0.05476484 0.004553775 0.01572058 0.05453854 0.004553775 0.01595259 0.05430096 0.004553775 0.01617304 0.05405268 0.004553775 0.01638136 0.05379433 0.004553775 0.01657706 0.05352655 0.004553775 0.01675963 0.05325 0.004553775 0.01692863 0.05296537 0.004553775 0.01708363 0.05267337 0.004553775 0.01722425 0.05237472 0.004553775 0.01735014 0.05207016 0.004553775 0.01746099 0.05176046 0.004553775 0.01755652 0.05144638 0.004553775 0.01763649 0.05112871 0.004553775 0.01770071 0.05080824 0.004553775 0.01774902 0.05048574 0.004553775 0.01778129 0.05016205 0.004553775 0.01779744 0.04983795 0.004553775 0.01779744 0.04951426 0.004553775 0.01778129 0.04919176 0.004553775 0.01774902 0.04887129 0.004553775 0.01770071 0.04855362 0.004553775 0.01763649 0.04823954 0.004553775 0.01755652 0.04792984 0.004553775 0.01746099 0.04762528 0.004553775 0.01735014 0.04732663 0.004553775 0.01722425 0.04703463 0.004553775 0.01708363 0.04675 0.004553775 0.01692863 0.04647345 0.004553775 0.01675963 0.04620567 0.004553775 0.01657706 0.04594732 0.004553775 0.01638136 0.04569904 0.004553775 0.01617304 0.04546146 0.004553775 0.01595259 0.04523516 0.004553775 0.01572058 0.04502071 0.004553775 0.01547758 0.04481864 0.004553775 0.01522419 0.04462945 0.004553775 0.01496104 0.04445361 0.004553775 0.01468879 0.04429156 0.004553775 0.01440811 0.0441437 0.004553775 0.01411971 0.04401041 0.004553775 0.01382429 0.043892 0.004553775 0.01352259 0.04378878 0.004553775 0.01321537 0.043701 0.004553775 0.01290338 0.04362888 0.004553775 0.01258741 0.0435726 0.004553775 0.01226824 0.0435323 0.004553775 0.01194665 0.04350808 0.004553775 0.01162346 0.05357071 0.004553775 0.01479946 0.05373607 0.004553775 0.01462237 0.05389266 0.004553775 0.01443748 0.05404011 0.004553775 0.01424523 0.05417807 0.004553775 0.01404605 0.05430621 0.004553775 0.01384043 0.05442425 0.004553775 0.01362884 0.0545319 0.004553775 0.01341178 0.05462891 0.004553775 0.01318976 0.05471505 0.004553775 0.0129633 0.05479011 0.004553775 0.01273293 0.05485393 0.004553775 0.0124992 0.05490635 0.004553775 0.01226265 0.05494725 0.004553775 0.01202384 0.05497653 0.004553775 0.01178333 0.05499413 0.004553775 0.01154168 0.055 0.004553775 0.01129946 0.05499413 0.004553775 0.01105724 0.05497653 0.004553775 0.0108156 0.05494725 0.004553775 0.01057508 0.05490635 0.004553775 0.01033627 0.05485393 0.004553775 0.01009972 0.05479011 0.004553775 0.009865992 0.05471505 0.004553775 0.009635625 0.05462891 0.004553775 0.009409165 0.0545319 0.004553775 0.009187145 0.05442425 0.004553775 0.008970085 0.05430621 0.004553775 0.008758493 0.05417807 0.004553775 0.00855287 0.05404011 0.004553775 0.008353695 0.05389266 0.004553775 0.008161437 0.05373607 0.004553775 0.007976547 0.05357071 0.004553775 0.00779946 0.04642929 0.004553775 0.01479946 0.04626393 0.004553775 0.01462237 0.04610734 0.004553775 0.01443748 0.04595989 0.004553775 0.01424523 0.04582193 0.004553775 0.01404605 0.04569379 0.004553775 0.01384043 0.04557575 0.004553775 0.01362884 0.0454681 0.004553775 0.01341178 0.04537109 0.004553775 0.01318976 0.04528495 0.004553775 0.0129633 0.04520989 0.004553775 0.01273293 0.04514607 0.004553775 0.0124992 0.04509365 0.004553775 0.01226265 0.04505275 0.004553775 0.01202384 0.04502347 0.004553775 0.01178333 0.04500587 0.004553775 0.01154168 0.045 0.004553775 0.01129946 0.04500587 0.004553775 0.01105724 0.04502347 0.004553775 0.0108156 0.04642929 0.004553775 0.00779946 0.04505275 0.004553775 0.01057508 0.04509365 0.004553775 0.01033627 0.04514607 0.004553775 0.01009972 0.04520989 0.004553775 0.009865992 0.04528495 0.004553775 0.009635625 0.04537109 0.004553775 0.009409165 0.0454681 0.004553775 0.009187145 0.04557575 0.004553775 0.008970085 0.04569379 0.004553775 0.008758493 0.04582193 0.004553775 0.00855287 0.04595989 0.004553775 0.008353695 0.04610734 0.004553775 0.008161437 0.04626393 0.004553775 0.007976547 0.05357071 0.006553775 0.00779946 0.05373607 0.006553775 0.007976547 0.05389266 0.006553775 0.008161437 0.05404011 0.006553775 0.008353695 0.05417807 0.006553775 0.00855287 0.05430621 0.006553775 0.008758493 0.05442425 0.006553775 0.008970085 0.0545319 0.006553775 0.009187145 0.05462891 0.006553775 0.009409165 0.05471505 0.006553775 0.009635625 0.05479011 0.006553775 0.009865992 0.05485393 0.006553775 0.01009972 0.05490635 0.006553775 0.01033627 0.05494725 0.006553775 0.01057508 0.05497653 0.006553775 0.0108156 0.05499413 0.006553775 0.01105724 0.055 0.006553775 0.01129946 0.05499413 0.006553775 0.01154168 0.05497653 0.006553775 0.01178333 0.05494725 0.006553775 0.01202384 0.05490635 0.006553775 0.01226265 0.05485393 0.006553775 0.0124992 0.05479011 0.006553775 0.01273293 0.05471505 0.006553775 0.0129633 0.05462891 0.006553775 0.01318976 0.0545319 0.006553775 0.01341178 0.05442425 0.006553775 0.01362884 0.05430621 0.006553775 0.01384043 0.05417807 0.006553775 0.01404605 0.05404011 0.006553775 0.01424523 0.05389266 0.006553775 0.01443748 0.05373607 0.006553775 0.01462237 0.05357071 0.006553775 0.01479946 0.05 0.006553775 0.00779946 0.04642929 0.006553775 0.00779946 0.04642929 0.006553775 0.01479946 0.04626393 0.006553775 0.01462237 0.04610734 0.006553775 0.01443748 0.04595989 0.006553775 0.01424523 0.04582193 0.006553775 0.01404605 0.04569379 0.006553775 0.01384043 0.04557575 0.006553775 0.01362884 0.0454681 0.006553775 0.01341178 0.04537109 0.006553775 0.01318976 0.04528495 0.006553775 0.0129633 0.04520989 0.006553775 0.01273293 0.04514607 0.006553775 0.0124992 0.04509365 0.006553775 0.01226265 0.04505275 0.006553775 0.01202384 0.04502347 0.006553775 0.01178333 0.04500587 0.006553775 0.01154168 0.045 0.006553775 0.01129946 0.04500587 0.006553775 0.01105724 0.04502347 0.006553775 0.0108156 0.04505275 0.006553775 0.01057508 0.04509365 0.006553775 0.01033627 0.04514607 0.006553775 0.01009972 0.04520989 0.006553775 0.009865992 0.04528495 0.006553775 0.009635625 0.04537109 0.006553775 0.009409165 0.0454681 0.006553775 0.009187145 0.04557575 0.006553775 0.008970085 0.04569379 0.006553775 0.008758493 0.04582193 0.006553775 0.00855287 0.04595989 0.006553775 0.008353695 0.04610734 0.006553775 0.008161437 0.04626393 0.006553775 0.007976547 0.05 0.006553775 0.01479946 0.05250554 0.006553775 0.01374329 0.0523806 0.006553775 0.01386514 0.05262423 0.006553775 0.01361536 0.05224976 0.006553775 0.01398062 0.05273641 0.006553775 0.01348168 0.05211332 0.006553775 0.01408942 0.05284178 0.006553775 0.01334256 0.05197162 0.006553775 0.0141913 0.05294009 0.006553775 0.01319837 0.05182502 0.006553775 0.01428598 0.05303109 0.006553775 0.01304946 0.05167389 0.006553775 0.01437324 0.05311455 0.006553775 0.0128962 0.05151859 0.006553775 0.01445285 0.05319027 0.006553775 0.01273897 0.05135952 0.006553775 0.01452463 0.05325806 0.006553775 0.01257815 0.05119707 0.006553775 0.01458838 0.05331775 0.006553775 0.01241416 0.05103164 0.006553775 0.01464397 0.05336919 0.006553775 0.0122474 0.05086365 0.006553775 0.01469123 0.05341225 0.006553775 0.01207828 0.05069351 0.006553775 0.01473006 0.05344683 0.006553775 0.01190723 0.05052165 0.006553775 0.01476037 0.05347284 0.006553775 0.01173466 0.05034849 0.006553775 0.01478207 0.05349021 0.006553775 0.01156102 0.05017446 0.006553775 0.01479511 0.05349891 0.006553775 0.01138672 0.05349891 0.006553775 0.0112122 0.05349021 0.006553775 0.01103791 0.05347284 0.006553775 0.01086426 0.05344683 0.006553775 0.01069169 0.05341225 0.006553775 0.01052064 0.05336919 0.006553775 0.01035152 0.05331775 0.006553775 0.01018476 0.05325806 0.006553775 0.01002077 0.05319027 0.006553775 0.009859956 0.05311455 0.006553775 0.009702724 0.05303109 0.006553775 0.00954946 0.05294009 0.006553775 0.009400549 0.05284178 0.006553775 0.009256358 0.05273641 0.006553775 0.009117247 0.05262423 0.006553775 0.008983561 0.05250554 0.006553775 0.008855632 0.0523806 0.006553775 0.008733779 0.05224976 0.006553775 0.008618305 0.05211332 0.006553775 0.008509497 0.05197162 0.006553775 0.008407625 0.05182502 0.006553775 0.008312943 0.05167389 0.006553775 0.008225685 0.05151859 0.006553775 0.00814607 0.05135952 0.006553775 0.008074294 0.05119707 0.006553775 0.008010536 0.05103164 0.006553775 0.007954956 0.05017446 0.006553775 0.007803812 0.05034849 0.006553775 0.007816853 0.05052165 0.006553775 0.007838553 0.05069351 0.006553775 0.007868857 0.05086365 0.006553775 0.00790769 0.04948644 0.006553775 0.01476158 0.04965694 0.006553775 0.01478261 0.04931718 0.006553775 0.01473221 0.04914957 0.006553775 0.01469457 0.048984 0.006553775 0.01464875 0.04882088 0.006553775 0.01459486 0.04866061 0.006553775 0.01453304 0.04850356 0.006553775 0.01446342 0.04835011 0.006553775 0.01438618 0.04820064 0.006553775 0.01430151 0.0480555 0.006553775 0.0142096 0.04791505 0.006553775 0.01411069 0.04777962 0.006553775 0.014005 0.04764954 0.006553775 0.01389279 0.04752513 0.006553775 0.01377433 0.04740667 0.006553775 0.01364992 0.04729446 0.006553775 0.01351984 0.04718877 0.006553775 0.01338441 0.04708986 0.006553775 0.01324396 0.04699795 0.006553775 0.01309882 0.04691328 0.006553775 0.01294935 0.04683604 0.006553775 0.0127959 0.04676642 0.006553775 0.01263885 0.0467046 0.006553775 0.01247857 0.04665071 0.006553775 0.01231546 0.04660489 0.006553775 0.01214989 0.04656725 0.006553775 0.01198228 0.04653788 0.006553775 0.01181302 0.04651685 0.006553775 0.01164252 0.04650422 0.006553775 0.0114712 0.0465 0.006553775 0.01129946 0.04650422 0.006553775 0.01112772 0.04651685 0.006553775 0.0109564 0.04653788 0.006553775 0.0107859 0.04656725 0.006553775 0.01061664 0.04660489 0.006553775 0.01044903 0.04665071 0.006553775 0.01028346 0.0467046 0.006553775 0.01012035 0.04676642 0.006553775 0.009960069 0.04683604 0.006553775 0.009803018 0.04691328 0.006553775 0.009649572 0.04699795 0.006553775 0.009500101 0.04708986 0.006553775 0.009354965 0.04718877 0.006553775 0.009214513 0.04729446 0.006553775 0.009079084 0.04740667 0.006553775 0.008949004 0.04752513 0.006553775 0.008824587 0.04764954 0.006553775 0.008706132 0.04777962 0.006553775 0.008593925 0.04791505 0.006553775 0.008488235 0.0480555 0.006553775 0.008389317 0.04820064 0.006553775 0.008297411 0.04835011 0.006553775 0.008212736 0.04850356 0.006553775 0.008135498 0.04866061 0.006553775 0.008065883 0.04882088 0.006553775 0.008004056 0.048984 0.006553775 0.00795017 0.04982826 0.006553775 0.01479525 0.04982826 0.006553775 0.007803677 0.04965694 0.006553775 0.007816314 0.04948644 0.006553775 0.007837343 0.04931718 0.006553775 0.007866712 0.04914957 0.006553775 0.007904351 0.05098219 0.007303775 0.009122712 0.05119404 0.007303775 0.009231323 0.05092038 0.007553775 0.009504198 0.05100872 0.007553775 0.009552307 0.05109455 0.007553775 0.009604759 0.05061387 0.007053775 0.008609908 0.05069635 0.006803775 0.008248561 0.05087862 0.007053775 0.008684395 0.05038911 0.006803775 0.008194387 0.05034303 0.007053775 0.008562151 0.05113462 0.007053775 0.008784872 0.04798256 0.007553775 0.01129946 0.04761192 0.007303775 0.01129946 0.04798507 0.007553775 0.0111989 0.05139403 0.007303775 0.009360488 0.05117767 0.007553775 0.009661426 0.05125785 0.007553775 0.009722163 0.05099666 0.006803775 0.008333055 0.05137936 0.007053775 0.008910339 0.05158016 0.007303775 0.009508924 0.05133491 0.007553775 0.009786822 0.05140865 0.007553775 0.009855243 0.05128706 0.006803775 0.008447031 0.05161039 0.007053775 0.009059551 0.05175059 0.007303775 0.009675155 0.05147889 0.007553775 0.009927254 0.05154545 0.007553775 0.01000268 0.05156468 0.006803775 0.008589355 0.04687064 0.006803775 0.01129946 0.05182541 0.007053775 0.009231025 0.05190361 0.007303775 0.009857528 0.05160817 0.007553775 0.01008132 0.05166689 0.007553775 0.010163 0.05182674 0.006803775 0.008758615 0.05202229 0.007053775 0.009423055 0.05203773 0.007303775 0.01005423 0.05172146 0.007553775 0.0102475 0.05177176 0.007553775 0.01033461 0.05207065 0.006803775 0.008953126 0.05219907 0.007053775 0.009633734 0.05215158 0.007303775 0.01026331 0.05181765 0.007553775 0.01042413 0.05185902 0.007553775 0.01051582 0.05229398 0.006803775 0.009170956 0.05235399 0.007053775 0.009860968 0.05224406 0.007303775 0.01048269 0.05189577 0.007553775 0.01060946 0.05192781 0.007553775 0.01070481 0.05249451 0.006803775 0.00940994 0.05248552 0.007053775 0.0101025 0.05231423 0.007303775 0.01071018 0.05195506 0.007553775 0.01080164 0.05197744 0.007553775 0.01089971 0.05267025 0.006803775 0.009667703 0.05259235 0.007053775 0.01035592 0.05236141 0.007303775 0.01094354 0.05199491 0.007553775 0.01099878 0.05200742 0.007553775 0.01109859 0.05281945 0.006803775 0.009941682 0.05267341 0.007053775 0.01061873 0.05238511 0.007303775 0.01118042 0.05201493 0.007553775 0.0111989 0.05201744 0.007553775 0.01129946 0.05294064 0.006803775 0.01022916 0.05272791 0.007053775 0.0108883 0.05238511 0.007303775 0.0114185 0.05201493 0.007553775 0.01140002 0.05200742 0.007553775 0.01150033 0.05303259 0.006803775 0.01052727 0.05275529 0.007053775 0.01116195 0.05236141 0.007303775 0.01165539 0.05199491 0.007553775 0.01160014 0.05197744 0.007553775 0.01169921 0.05309441 0.006803775 0.01083305 0.05275529 0.007053775 0.01143697 0.05231423 0.007303775 0.01188874 0.05195506 0.007553775 0.01179728 0.05192781 0.007553775 0.01189411 0.05312547 0.006803775 0.01114347 0.05272791 0.007053775 0.01171063 0.05224406 0.007303775 0.01211623 0.05189577 0.007553775 0.01198947 0.05185902 0.007553775 0.0120831 0.05312547 0.006803775 0.01145545 0.05267341 0.007053775 0.0119802 0.05215158 0.007303775 0.01233561 0.05181765 0.007553775 0.01217479 0.05177176 0.007553775 0.01226431 0.05309441 0.006803775 0.01176587 0.05259235 0.007053775 0.012243 0.05203773 0.007303775 0.01254469 0.05172146 0.007553775 0.01235142 0.05166689 0.007553775 0.01243592 0.05303259 0.006803775 0.01207165 0.05248552 0.007053775 0.01249642 0.05190361 0.007303775 0.01274139 0.05160817 0.007553775 0.0125176 0.05154545 0.007553775 0.01259625 0.05294064 0.006803775 0.01236976 0.05235399 0.007053775 0.01273795 0.05175059 0.007303775 0.01292377 0.05147889 0.007553775 0.01267167 0.05140865 0.007553775 0.01274368 0.05281945 0.006803775 0.01265724 0.05219907 0.007053775 0.01296519 0.05158016 0.007303775 0.01309 0.05133491 0.007553775 0.0128121 0.05125785 0.007553775 0.01287676 0.05267025 0.006803775 0.01293122 0.05202229 0.007053775 0.01317587 0.05139403 0.007303775 0.01323843 0.05117767 0.007553775 0.0129375 0.05109455 0.007553775 0.01299416 0.05249451 0.006803775 0.01318898 0.05182541 0.007053775 0.0133679 0.05119404 0.007303775 0.0133676 0.05100872 0.007553775 0.01304661 0.05092038 0.007553775 0.01309472 0.05229398 0.006803775 0.01342797 0.05161039 0.007053775 0.01353937 0.05098219 0.007303775 0.01347621 0.05082975 0.007553775 0.01313837 0.05073705 0.007553775 0.01317744 0.05207065 0.006803775 0.0136458 0.05137936 0.007053775 0.01368858 0.05076057 0.007303775 0.01356319 0.05064253 0.007553775 0.01321185 0.05054641 0.007553775 0.0132415 0.05182674 0.006803775 0.01384031 0.05113462 0.007053775 0.01381405 0.0505314 0.007303775 0.01362767 0.05044892 0.007553775 0.01326632 0.05035032 0.007553775 0.01328625 0.05156468 0.006803775 0.01400957 0.05087862 0.007053775 0.01391453 0.05029694 0.007303775 0.01366901 0.05025085 0.007553775 0.01330124 0.05015076 0.007553775 0.01331126 0.05128706 0.006803775 0.01415189 0.05061387 0.007053775 0.01398901 0.05005954 0.007303775 0.0136868 0.0500503 0.007553775 0.01331627 0.0499497 0.007553775 0.01331627 0.05099666 0.006803775 0.01426587 0.05034303 0.007053775 0.01403677 0.04982154 0.007303775 0.01368086 0.04984924 0.007553775 0.01331126 0.04974915 0.007553775 0.01330124 0.05069635 0.006803775 0.01435036 0.05006878 0.007053775 0.01405732 0.04958532 0.007303775 0.01365126 0.04964968 0.007553775 0.01328625 0.04955108 0.007553775 0.01326632 0.05038911 0.006803775 0.01440453 0.04979384 0.007053775 0.01405047 0.04945359 0.007553775 0.0132415 0.04935321 0.007303775 0.01359828 0.04935747 0.007553775 0.01321185 0.05007802 0.006803775 0.01442785 0.04952095 0.007053775 0.01401627 0.04912754 0.007303775 0.01352246 0.04926295 0.007553775 0.01317744 0.04917025 0.007553775 0.01313837 0.04976614 0.006803775 0.01442007 0.04925283 0.007053775 0.01395507 0.04891053 0.007303775 0.01342455 0.04907962 0.007553775 0.01309472 0.04899128 0.007553775 0.01304661 0.04945659 0.006803775 0.01438128 0.04899213 0.007053775 0.01386748 0.04870436 0.007303775 0.01330551 0.04890545 0.007553775 0.01299416 0.04882233 0.007553775 0.0129375 0.04915244 0.006803775 0.01431186 0.04874144 0.007053775 0.01375437 0.04851106 0.007303775 0.01316654 0.04874215 0.007553775 0.01287676 0.04866509 0.007553775 0.0128121 0.04885672 0.006803775 0.0142125 0.04850327 0.007053775 0.01361686 0.04833255 0.007303775 0.01300901 0.04859135 0.007553775 0.01274368 0.04852111 0.007553775 0.01267167 0.04857235 0.006803775 0.01408419 0.04827997 0.007053775 0.01345631 0.04817062 0.007303775 0.01283449 0.04845455 0.007553775 0.01259625 0.04839183 0.007553775 0.0125176 0.04830218 0.006803775 0.0139282 0.04807376 0.007053775 0.01327434 0.04802687 0.007303775 0.01264471 0.04833311 0.007553775 0.01243592 0.04827854 0.007553775 0.01235142 0.04804888 0.006803775 0.01374609 0.0478867 0.007053775 0.01307273 0.04790274 0.007303775 0.01244157 0.04822824 0.007553775 0.01226431 0.04818235 0.007553775 0.01217479 0.04781496 0.006803775 0.01353967 0.04772064 0.007053775 0.0128535 0.04779944 0.007303775 0.01222707 0.04814098 0.007553775 0.0120831 0.04810423 0.007553775 0.01198947 0.04760277 0.006803775 0.01331097 0.04757723 0.007053775 0.01261883 0.04771802 0.007303775 0.01200336 0.04807219 0.007553775 0.01189411 0.04804494 0.007553775 0.01179728 0.0474144 0.006803775 0.01306229 0.0474579 0.007053775 0.01237104 0.04765927 0.007303775 0.01177265 0.04802256 0.007553775 0.01169921 0.04800509 0.007553775 0.01160014 0.04725173 0.006803775 0.01279609 0.04736384 0.007053775 0.01211261 0.04762379 0.007303775 0.01153724 0.04799258 0.007553775 0.01150033 0.04798507 0.007553775 0.01140002 0.04711637 0.006803775 0.01251501 0.04729598 0.007053775 0.01184609 0.04700967 0.006803775 0.01222186 0.04725499 0.007053775 0.01157414 0.04724128 0.007053775 0.01129946 0.04693269 0.006803775 0.01191953 0.04688619 0.006803775 0.01161104 0.04762379 0.007303775 0.01106168 0.04799258 0.007553775 0.01109859 0.04800509 0.007553775 0.01099878 0.04765927 0.007303775 0.01082627 0.04802256 0.007553775 0.01089971 0.04804494 0.007553775 0.01080164 0.04725499 0.007053775 0.01102478 0.04771802 0.007303775 0.01059556 0.04807219 0.007553775 0.01070481 0.04810423 0.007553775 0.01060946 0.04729598 0.007053775 0.01075283 0.04779944 0.007303775 0.01037185 0.04814098 0.007553775 0.01051582 0.04818235 0.007553775 0.01042413 0.04688619 0.006803775 0.01098788 0.04736384 0.007053775 0.01048631 0.04790274 0.007303775 0.01015735 0.04822824 0.007553775 0.01033461 0.04827854 0.007553775 0.0102475 0.04693269 0.006803775 0.01067939 0.0474579 0.007053775 0.01022788 0.04802687 0.007303775 0.009954207 0.04833311 0.007553775 0.010163 0.04839183 0.007553775 0.01008132 0.04700967 0.006803775 0.01037707 0.04757723 0.007053775 0.009980092 0.04817062 0.007303775 0.009764433 0.04845455 0.007553775 0.01000268 0.04852111 0.007553775 0.009927254 0.04711637 0.006803775 0.01008391 0.04772064 0.007053775 0.009745419 0.04833255 0.007303775 0.009589914 0.04859135 0.007553775 0.009855243 0.04866509 0.007553775 0.009786822 0.04725173 0.006803775 0.009802832 0.0478867 0.007053775 0.00952619 0.04851106 0.007303775 0.009432385 0.04874215 0.007553775 0.009722163 0.04882233 0.007553775 0.009661426 0.0474144 0.006803775 0.00953663 0.04807376 0.007053775 0.009324585 0.04870436 0.007303775 0.009293412 0.04890545 0.007553775 0.009604759 0.04899128 0.007553775 0.009552307 0.04760277 0.006803775 0.009287947 0.04827997 0.007053775 0.009142607 0.04891053 0.007303775 0.009174376 0.04907962 0.007553775 0.009504198 0.04917025 0.007553775 0.009460553 0.04781496 0.006803775 0.009059256 0.04850327 0.007053775 0.008982065 0.04912754 0.007303775 0.00907646 0.04926295 0.007553775 0.009421479 0.04935747 0.007553775 0.009387075 0.04804888 0.006803775 0.008852829 0.04874144 0.007053775 0.008844554 0.04935321 0.007303775 0.009000638 0.04945359 0.007553775 0.009357425 0.04955108 0.007553775 0.009332603 0.04830218 0.006803775 0.008670717 0.04899213 0.007053775 0.008731441 0.04958532 0.007303775 0.008947661 0.04964968 0.007553775 0.009312671 0.04974915 0.007553775 0.009297679 0.04857235 0.006803775 0.008514731 0.04925283 0.007053775 0.00864385 0.04982154 0.007303775 0.008918059 0.04984924 0.007553775 0.009287663 0.0499497 0.007553775 0.009282649 0.04885672 0.006803775 0.008386422 0.04952095 0.007053775 0.008582652 0.05005954 0.007303775 0.008912124 0.0500503 0.007553775 0.009282649 0.05015076 0.007553775 0.009287663 0.04915244 0.006803775 0.008287063 0.04979384 0.007053775 0.008548455 0.05029694 0.007303775 0.008929914 0.05025085 0.007553775 0.009297679 0.05035032 0.007553775 0.009312671 0.04945659 0.006803775 0.008217643 0.05006878 0.007053775 0.008541598 0.0505314 0.007303775 0.008971255 0.05044892 0.007553775 0.009332603 0.05054641 0.007553775 0.009357425 0.04976614 0.006803775 0.008178851 0.05076057 0.007303775 0.009035735 0.05064253 0.007553775 0.009387075 0.05073705 0.007553775 0.009421479 0.05007802 0.006803775 0.008171074 0.05082975 0.007553775 0.009460553 0.03199399 0.001793775 0.009466395 0.03199399 0.001793775 0.00977073 0.03250727 0.001793775 0.009451935 0.03268279 0.001793775 0.009435867 0.03239336 0.001793775 0.009481169 0.03224188 0.001793775 0.009550035 0.03210883 0.001793775 0.009650064 0.03178028 0.001793775 0.009466395 0.03178028 0.001803775 0.009466395 0.03358149 0.001793775 0.01033074 0.03356831 0.001793775 0.01017501 0.03354411 0.001793775 0.01007362 0.03346951 0.001793775 0.00989796 0.03338017 0.001793775 0.009766267 0.03328852 0.001793775 0.009670331 0.03320166 0.001793775 0.009601869 0.03304107 0.001793775 0.009511681 0.03286591 0.001793775 0.009455033 0.03178028 0.001793775 0.01084735 0.03268947 0.001793775 0.01120654 0.03284343 0.001793775 0.01119374 0.03294394 0.001793775 0.01117097 0.03311881 0.001793775 0.0111 0.03325124 0.001793775 0.01101501 0.03334885 0.001793775 0.01092744 0.03341877 0.001793775 0.01084341 0.03350899 0.001793775 0.01068539 0.03356388 0.001793775 0.01051192 0.03178293 0.001793775 0.01099269 0.03179135 0.001793775 0.01111701 0.03181175 0.001793775 0.01126352 0.03184373 0.001793775 0.01138113 0.03211655 0.001793775 0.01100114 0.03199399 0.001793775 0.01087311 0.0322119 0.001793775 0.01107113 0.03236161 0.001793775 0.01114611 0.03252272 0.001793775 0.01119172 0.03190151 0.001793775 0.01150464 0.03197693 0.001793775 0.0116093 0.03206845 0.001793775 0.01169649 0.03215585 0.001803775 0.01175536 0.03215585 0.001793775 0.01175536 0.03231595 0.001793775 0.01182715 0.03248708 0.001793775 0.01186628 0.03266228 0.001793775 0.01187817 0.03199399 0.001793775 0.01096326 0.03280434 0.001793775 0.01187122 0.03294989 0.001793775 0.011847 0.03308165 0.001793775 0.01180615 0.03318624 0.001793775 0.01175836 0.03334208 0.001793775 0.01164754 0.03346143 0.001793775 0.01149803 0.03355096 0.001793775 0.01132866 0.03252689 0.001793775 0.01165416 0.03268279 0.001803775 0.01166447 0.03268279 0.001793775 0.01166447 0.03239154 0.001793775 0.01162368 0.0322629 0.001793775 0.01156752 0.0322629 0.001803775 0.01156752 0.03216656 0.001793775 0.01150104 0.03204851 0.001793775 0.01134745 0.03200377 0.001793775 0.0111581 0.03333725 0.001793775 0.01132866 0.0332337 0.001793775 0.01146569 0.03314664 0.001793775 0.01154034 0.03300256 0.001793775 0.01161478 0.03284488 0.001793775 0.01165352 0.03317847 0.001793775 0.01080538 0.03325029 0.001793775 0.01072271 0.03303126 0.001793775 0.01091249 0.03331515 0.001793775 0.01060856 0.03285991 0.001793775 0.01097433 0.03335504 0.001793775 0.01047904 0.03336778 0.001793775 0.01033933 0.0326785 0.001793775 0.01099284 0.0325353 0.001793775 0.010982 0.03334293 0.001793775 0.01015363 0.03240448 0.001793775 0.0109487 0.03326898 0.001793775 0.009981498 0.03228537 0.001793775 0.01089049 0.03219725 0.001793775 0.01082374 0.03315102 0.001793775 0.009835941 0.03306227 0.001793775 0.009766627 0.03208169 0.001793775 0.01068079 0.03294275 0.001793775 0.009703521 0.03201404 0.001793775 0.01050993 0.03280593 0.001793775 0.009662607 0.03199399 0.001793775 0.01032693 0.03200573 0.001793775 0.01018745 0.03266562 0.001793775 0.009649569 0.03248479 0.001793775 0.00967267 0.03231661 0.001793775 0.009743042 0.03204329 0.001793775 0.01005674 0.03210436 0.001793775 0.009940394 0.03217283 0.001793775 0.009854902 0.03280593 0.001803775 0.009662607 0.03266562 0.001803775 0.009649569 0.03294275 0.001803775 0.009703521 0.03306227 0.001803775 0.009766627 0.03315102 0.001803775 0.009835941 0.03326898 0.001803775 0.009981498 0.03334293 0.001803775 0.01015363 0.03336778 0.001803775 0.01033933 0.03199399 0.001803775 0.01032693 0.03200573 0.001803775 0.01018745 0.03204329 0.001803775 0.01005674 0.03210436 0.001803775 0.009940394 0.03217283 0.001803775 0.009854902 0.03231661 0.001803775 0.009743042 0.03248479 0.001803775 0.00967267 0.0326785 0.001803775 0.01099284 0.0325353 0.001803775 0.010982 0.03240448 0.001803775 0.0109487 0.03228537 0.001803775 0.01089049 0.03219725 0.001803775 0.01082374 0.03208169 0.001803775 0.01068079 0.03201404 0.001803775 0.01050993 0.03335504 0.001803775 0.01047904 0.03331515 0.001803775 0.01060856 0.03325029 0.001803775 0.01072271 0.03317847 0.001803775 0.01080538 0.03303126 0.001803775 0.01091249 0.03285991 0.001803775 0.01097433 0.02521658 0.001793775 0.008764233 0.02521658 0.001793775 0.01120654 0.02500288 0.001793775 0.01120654 0.02500288 0.001793775 0.008764233 0.02500288 0.001793775 0.01057736 0.02500288 0.001793775 0.009795058 0.02496996 0.001793775 0.01011036 0.02498719 0.001793775 0.01020954 0.02499769 0.001793775 0.01034291 0.02500164 0.001793775 0.01044531 0.02488768 0.001793775 0.009665096 0.02488768 0.001803775 0.009665096 0.02479971 0.001793775 0.009589649 0.02465914 0.001793775 0.009505301 0.02450383 0.001793775 0.009452886 0.02434079 0.001793775 0.009435867 0.02455491 0.001793775 0.009675364 0.02437847 0.001793775 0.009649569 0.02466434 0.001793775 0.009722462 0.02479937 0.001793775 0.009823435 0.02490467 0.001793775 0.009955009 0.02417609 0.001793775 0.009454363 0.02402874 0.001793775 0.00951109 0.02390335 0.001793775 0.009600669 0.02381905 0.001793775 0.009697559 0.02376644 0.001793775 0.00979093 0.02371631 0.001793775 0.009961963 0.02369581 0.001803775 0.01013934 0.02369581 0.001793775 0.01013934 0.02369014 0.001803775 0.01031786 0.02369014 0.001793775 0.01031786 0.02392865 0.001793775 0.009992064 0.0239896 0.001793775 0.009840884 0.02408645 0.001793775 0.009733334 0.02421646 0.001793775 0.009670153 0.02369014 0.001793775 0.01120654 0.02390384 0.001793775 0.01038799 0.02390736 0.001793775 0.01018934 0.02390384 0.001793775 0.01120654 0.03715336 0.001793775 0.00882529 0.03715336 0.001793775 0.01120654 0.03602379 0.001793775 0.01120654 0.03693966 0.001793775 0.00882529 0.03602379 0.001793775 0.01096231 0.03693966 0.001793775 0.01096231 0.03538903 0.001793775 0.009611611 0.03551053 0.001793775 0.009723983 0.03529731 0.001793775 0.009550099 0.03515512 0.001793775 0.009485171 0.03500338 0.001793775 0.00944749 0.03484748 0.001793775 0.009435867 0.03573792 0.001793775 0.01019112 0.03574903 0.001793775 0.01034124 0.03571714 0.001793775 0.0100929 0.03568283 0.001793775 0.009992287 0.03563615 0.001793775 0.009895992 0.03558128 0.001793775 0.009810607 0.03468306 0.001793775 0.009449026 0.03457585 0.001793775 0.00947391 0.03443137 0.001793775 0.009532025 0.03430035 0.001793775 0.009616357 0.03418634 0.001793775 0.009722552 0.03500444 0.001793775 0.01122589 0.03484748 0.001793775 0.01123707 0.03510719 0.001793775 0.01120447 0.03528561 0.001793775 0.0111333 0.03541805 0.001793775 0.01104319 0.03551396 0.001793775 0.01095024 0.03558368 0.001793775 0.01086343 0.03567558 0.001793775 0.01070249 0.03567558 0.001803775 0.01070249 0.03573117 0.001793775 0.01052573 0.03409348 0.001793775 0.009841377 0.03404273 0.001793775 0.009928242 0.03400054 0.001793775 0.01002643 0.03397062 0.001803775 0.01012902 0.03397062 0.001793775 0.01012902 0.03395389 0.001803775 0.0102294 0.03395389 0.001793775 0.0102294 0.03394783 0.001793775 0.01034124 0.0339605 0.001793775 0.01049783 0.03398389 0.001803775 0.0106 0.03398389 0.001793775 0.0106 0.03405824 0.001793775 0.01077688 0.03414809 0.001793775 0.01090929 0.03423849 0.001793775 0.01100741 0.03432412 0.001793775 0.01107832 0.03432412 0.001803775 0.01107832 0.0344854 0.001793775 0.011169 0.03466297 0.001793775 0.01122118 0.03534715 0.001793775 0.01081776 0.03541655 0.001793775 0.01073139 0.03520211 0.001793775 0.01093136 0.03548008 0.001793775 0.01061465 0.03503137 0.001793775 0.01100074 0.03552177 0.001793775 0.01048264 0.03553533 0.001793775 0.01034267 0.03484843 0.001793775 0.01102337 0.03471115 0.001793775 0.01101116 0.03551212 0.001793775 0.01015859 0.03457582 0.001793775 0.01097087 0.03543977 0.001793775 0.009987931 0.03445847 0.001793775 0.01090856 0.03437169 0.001793775 0.01083971 0.03532379 0.001793775 0.009843108 0.03523822 0.001793775 0.009771598 0.0342578 0.001793775 0.01069487 0.03512214 0.001793775 0.009705205 0.03418535 0.001793775 0.01052542 0.03499059 0.001793775 0.009663682 0.03416153 0.001793775 0.01034267 0.03484843 0.001793775 0.009649569 0.03417493 0.001793775 0.01020168 0.03466458 0.001793775 0.009673767 0.03421524 0.001793775 0.01006853 0.03428088 0.001793775 0.009952066 0.03449484 0.001793775 0.009748109 0.03435148 0.001793775 0.009865816 0.03484843 0.001803775 0.009649569 0.03499059 0.001803775 0.009663682 0.03512214 0.001803775 0.009705205 0.03523822 0.001803775 0.009771598 0.03532379 0.001803775 0.009843108 0.03543977 0.001803775 0.009987931 0.03551212 0.001803775 0.01015859 0.03553533 0.001803775 0.01034267 0.03416153 0.001803775 0.01034267 0.03417493 0.001803775 0.01020168 0.03421524 0.001803775 0.01006853 0.03428088 0.001803775 0.009952066 0.03435148 0.001803775 0.009865816 0.03449484 0.001803775 0.009748109 0.03466458 0.001803775 0.009673767 0.03471115 0.001803775 0.01101116 0.03484843 0.001803775 0.01102337 0.03457582 0.001803775 0.01097087 0.03445847 0.001803775 0.01090856 0.03437169 0.001803775 0.01083971 0.0342578 0.001803775 0.01069487 0.03418535 0.001803775 0.01052542 0.03552177 0.001803775 0.01048264 0.03548008 0.001803775 0.01061465 0.03541655 0.001803775 0.01073139 0.03534715 0.001803775 0.01081776 0.03520211 0.001803775 0.01093136 0.03503137 0.001803775 0.01100074 0.03037596 0.001793775 0.008764233 0.03037596 0.001793775 0.009466395 0.03068125 0.001803775 0.009466395 0.03068125 0.001793775 0.009466395 0.03016225 0.001793775 0.008764233 0.03068125 0.001793775 0.009680098 0.03016225 0.001793775 0.009466395 0.03016225 0.001803775 0.009466395 0.03037596 0.001793775 0.009680098 0.02985697 0.001793775 0.009466395 0.03037596 0.001793775 0.01120654 0.02985697 0.001793775 0.009680098 0.03016225 0.001793775 0.01120654 0.03016225 0.001793775 0.009680098 0.02853231 0.001793775 0.01100465 0.02870307 0.001793775 0.01102337 0.02842243 0.001793775 0.01097186 0.02827827 0.001793775 0.01089749 0.02827827 0.001803775 0.01089749 0.0281593 0.001793775 0.01078744 0.02806244 0.001793775 0.01065702 0.02932403 0.001793775 0.01051735 0.02933798 0.001793775 0.01038226 0.02928846 0.001793775 0.01063702 0.02923083 0.001793775 0.01074691 0.02916626 0.001793775 0.01082778 0.0290328 0.001793775 0.01093648 0.02887401 0.001793775 0.01100262 0.02787259 0.001793775 0.01075672 0.027781 0.001793775 0.01038226 0.02794049 0.001793775 0.01086823 0.02801842 0.001793775 0.01096703 0.0281077 0.001793775 0.01105026 0.02819079 0.001793775 0.01110898 0.02834307 0.001793775 0.01118318 0.02850731 0.001793775 0.01122474 0.02867636 0.001793775 0.01123707 0.02797038 0.001793775 0.009778362 0.02788273 0.001793775 0.009918694 0.02782252 0.001793775 0.01007574 0.02779128 0.001793775 0.01022755 0.02883156 0.001793775 0.0112265 0.02893324 0.001793775 0.01120585 0.02910969 0.001793775 0.01113583 0.02923929 0.001793775 0.01104488 0.02933056 0.001793775 0.0109495 0.02939606 0.001793775 0.01086105 0.02948183 0.001793775 0.01069913 0.02953487 0.001803775 0.01052375 0.02953487 0.001793775 0.01052375 0.02955168 0.001793775 0.01034124 0.02849191 0.001793775 0.009451387 0.02867111 0.001793775 0.009435867 0.02837562 0.001793775 0.009481071 0.02822095 0.001793775 0.009551206 0.0280848 0.001793775 0.009652781 0.02953837 0.001793775 0.01017738 0.02949786 0.001793775 0.01002246 0.02943524 0.001793775 0.009885425 0.02935133 0.001793775 0.009760236 0.02923224 0.001793775 0.009633904 0.02913949 0.001793775 0.009564551 0.02899298 0.001793775 0.009491122 0.02883464 0.001793775 0.009448615 0.02799471 0.001793775 0.01016856 0.02803168 0.001793775 0.01005291 0.02808282 0.001793775 0.00994889 0.02815081 0.001793775 0.009858699 0.02829941 0.001793775 0.009743908 0.02847364 0.001793775 0.009673308 0.02866014 0.001793775 0.009649569 0.02878202 0.001793775 0.009658905 0.02931556 0.001793775 0.01016856 0.02889971 0.001793775 0.009689116 0.02928084 0.001793775 0.01006805 0.0290103 0.001793775 0.009741176 0.02923715 0.001793775 0.009975621 0.02910853 0.001793775 0.009812707 0.02917879 0.001793775 0.009886818 0.02799471 0.001803775 0.01016856 0.02931556 0.001803775 0.01016856 0.02910853 0.001803775 0.009812707 0.02917879 0.001803775 0.009886818 0.02923715 0.001803775 0.009975621 0.02928084 0.001803775 0.01006805 0.02878202 0.001803775 0.009658905 0.02866014 0.001803775 0.009649569 0.02889971 0.001803775 0.009689116 0.0290103 0.001803775 0.009741176 0.02803168 0.001803775 0.01005291 0.02808282 0.001803775 0.00994889 0.02815081 0.001803775 0.009858699 0.02829941 0.001803775 0.009743908 0.02847364 0.001803775 0.009673308 0.0264406 0.001793775 0.009435867 0.02632134 0.001793775 0.009442355 0.02619979 0.001793775 0.009462741 0.02608885 0.001793775 0.009495063 0.02591359 0.001793775 0.009574402 0.02576103 0.001793775 0.00969125 0.02564399 0.001793775 0.009843713 0.02564399 0.001803775 0.009843713 0.02741466 0.001793775 0.01035078 0.02740018 0.001793775 0.01018592 0.02737331 0.001793775 0.01007885 0.02733736 0.001793775 0.009984263 0.02724514 0.001793775 0.009823524 0.0271445 0.001793775 0.009706307 0.02704607 0.001793775 0.009623239 0.02695563 0.001793775 0.009565343 0.02679263 0.001793775 0.0094919 0.02661898 0.001793775 0.009449214 0.02582286 0.001793775 0.009954858 0.02661946 0.001793775 0.0112266 0.02645825 0.001793775 0.01123707 0.02672535 0.001793775 0.01120651 0.02691117 0.001793775 0.01114027 0.027052 0.001793775 0.01105529 0.02715619 0.001793775 0.0109661 0.0272327 0.001793775 0.0108812 0.027334 0.001793775 0.01072017 0.02739515 0.001793775 0.01054007 0.02593284 0.001793775 0.009835696 0.02601891 0.001793775 0.009770073 0.02615553 0.001793775 0.009700931 0.02630359 0.001793775 0.009661553 0.02645634 0.001793775 0.009649569 0.02564399 0.001793775 0.01083542 0.02571743 0.001793775 0.01093209 0.02580638 0.001793775 0.01101864 0.02590098 0.001793775 0.01108733 0.02607555 0.001793775 0.0111734 0.02626403 0.001793775 0.01122219 0.0266055 0.001793775 0.009661226 0.02674314 0.001793775 0.009696782 0.02686833 0.001793775 0.009756901 0.02686833 0.001803775 0.009756901 0.02696235 0.001793775 0.009824464 0.02709157 0.001793775 0.009967356 0.02717457 0.001803775 0.01014093 0.02717457 0.001793775 0.01014093 0.02720096 0.001793775 0.0103317 0.02582286 0.001793775 0.01071808 0.02718532 0.001793775 0.01047671 0.0271373 0.001793775 0.01061653 0.0271373 0.001803775 0.01061653 0.02706568 0.001793775 0.01073666 0.02698855 0.001793775 0.01082415 0.02683028 0.001793775 0.01093623 0.02664799 0.001793775 0.01100274 0.02645491 0.001793775 0.01102337 0.02629401 0.001793775 0.01100913 0.0261897 0.001793775 0.01098205 0.0261897 0.001803775 0.01098205 0.02605081 0.001793775 0.01091903 0.02592769 0.001793775 0.01082894 0.03132235 0.001793775 0.009466395 0.03132235 0.001803775 0.009466395 0.03132235 0.001793775 0.01120654 0.03110865 0.001793775 0.01120654 0.03110865 0.001793775 0.009466395 0.03110865 0.001803775 0.009466395 0.03135687 0.001793775 0.008788651 0.03141394 0.001793775 0.00891783 0.03121645 0.001793775 0.008733704 0.03121645 0.001793775 0.00910005 0.03135588 0.001793775 0.009046017 0.03107417 0.001793775 0.008789043 0.03101706 0.001793775 0.00891783 0.03107526 0.001793775 0.009045715 0.07191113 0.007474451 0.02343762 0.07191113 0.007539825 0.0235098 0.07191113 0.007682105 0.02364272 0.07191113 0.008006385 0.02385724 0.07191113 0.008094279 0.02389919 0.07191113 0.008184372 0.02393618 0.07191113 0.008370027 0.02399486 0.07191113 0.008465014 0.02401636 0.07191113 0.008755079 0.02404878 0.07191113 0.00885247 0.02404878 0.07191113 0.009237523 0.02399486 0.07191113 0.009331167 0.0239681 0.07191113 0.009925445 0.02364272 0.07191113 0.009998434 0.02357825 0.07191113 0.01019436 0.0233619 0.07191113 0.01025131 0.0232829</float_array>
          <technique_common>
            <accessor count="6235" source="#cubeverts-array0-array" stride="3">
              <param type="float" name="X"/>
              <param type="float" name="Y"/>
              <param type="float" name="Z"/>
            </accessor>
          </technique_common>
        </source>
        <source id="cubenormals-array0">
          <float_array count="37458" id="cubenormals-array0-array">1 -0 0 1 -0 0 1 -0 0 1 0 -0 1 -0 0 1 -0 0 1 0 0 1 -0 0 1 -0 0 1 0 -0 1 -0 0 1 -0 0 1 0 0 1 -0 0 1 -0 0 1 0 -0 1 -0 0 1 -0 0 1 0 0 1 -0 0 1 -0 0 1 0 -0 1 -0 0 1 0 0 1 0 -0 1 -0 0 1 -0 0 1 -0 0 1 0 0 1 -0 0 1 -0 0 1 0 -0 1 -0 0 1 -0 0 1 0 0 1 -0 0 1 -0 0 1 0 -0 1 0 0 1 0 0 1 -0 0 1 -0 0 1 0 0 1 0 0 1 0 -0 1 -0 0 1 -0 0 1 0 0 1 0 -0 1 0 -0 1 -0 0 1 -0 0 1 0 0 1 0 0 1 0 -0 1 0 0 1 -0 0 1 0 0 1 0 0 1 0 0 1 -0 0 1 0 0 1 0 0 1 0 0 1 -0 0 1 0 0 1 -0 0 1 0 0 1 0 0 1 0 0 1 -0 0 1 0 0 1 -0 0 1 0 0 1 0 0 1 0 -0 1 0 0 1 0 -0 1 0 0 1 0 -0 1 0 0 1 0 0 1 0 -0 1 0 0 1 0 0 1 0 -0 1 0 0 1 0 0 1 0 -0 1 0 0 1 0 -0 1 0 0 1 0 0 1 0 -0 1 -0 0 1 0 0 1 -0 0 1 0 0 1 -0 0 1 0 0 1 -0 0 1 0 0 1 -0 0 1 0 0 1 -0 0 1 0 0 -0.9997087 0 0.02413592 -0.9996983 4.031784e-06 0.02455941 -0.9972906 -8.60417e-07 0.0735625 -0.9974814 -2.40341e-05 0.07092799 -0.9924797 -7.47422e-06 0.1224096 -0.9932303 -5.854722e-05 0.116162 -0.9852804 -8.106877e-06 0.1709459 -0.9869811 -8.526403e-05 0.1608365 -0.9757042 1.524744e-06 0.2190921 -0.9787453 -9.821772e-05 0.2050792 -0.9637697 2.028779e-05 0.2667358 -0.9684852 -9.599038e-05 0.2490709 -0.9495299 4.279857e-05 0.3136764 -0.9561643 -8.184279e-05 0.2928306 -0.9329966 5.884154e-05 0.3598851 -0.941668 -6.40435e-05 0.3365435 -0.8784711 0 0.4777955 -0.9142118 5.919325e-05 0.4052368 -0.9239973 -6.673462e-05 0.3823989 -0.878471 0 0.4777956 -0.8932251 -0.0003926362 0.4496096 -0.8784711 0 0.4777955 -0.8700854 0.0007669358 0.4929004 -0.8690906 0 0.4946531 -0.9031187 -7.486433e-05 0.4293909 -0.8891988 8.812424e-05 0.4575211 -0.8448593 0.0006747513 0.5349882 -0.8344264 5.885349e-05 0.5511194 -0.8654068 -2.092552e-05 0.50107 -0.881526 -8.382448e-05 0.4721356 -0.8175725 0.0004923958 0.5758253 -0.8581619 -0.0001445506 0.5133792 -0.848834 -5.321332e-05 0.5286595 -0.834155 -0.0001003406 0.55153 -0.7998388 -0.0001922728 0.6002148 -0.7948413 0.0001618046 0.6068174 -0.7939903 0.0001042022 0.6079305 -0.7883486 0.0007662627 0.6152282 -0.7846393 -2.656303e-05 0.6199526 -0.781823 1.438968e-05 0.6235005 -0.8327388 -0.0001248648 0.5536659 -0.817773 -4.464498e-05 0.5755409 -0.7572147 0.000397387 0.6531659 -0.7572632 0.000390205 0.6531096 -0.8061294 -0.0001399556 0.5917393 -0.8007512 -6.504364e-05 0.5989971 -0.78319 -4.938435e-05 0.6217825 -0.7242496 0.0006396437 0.6895376 -0.7139181 -3.860377e-06 0.700229 -0.7777989 -0.0001103057 0.6285132 -0.7652733 -9.436299e-06 0.6437056 -0.7470546 -7.477646e-05 0.6647627 -0.6996972 2.651862e-06 0.7144395 -0.6895282 0.0006082794 0.7242586 -0.6844532 0.0001977397 0.7290568 -0.7288541 1.525005e-05 0.6846691 -0.747528 -6.795762e-05 0.6642305 -0.6518409 0.000368283 0.7583556 -0.6531811 0.000483402 0.7572016 -0.710748 -4.053255e-05 0.7034467 -0.693211 1.580058e-05 0.7207348 -0.7133477 -7.371667e-05 0.7008104 -0.6187075 0.000251159 0.7856213 -0.6152284 0.0004653555 0.7883488 -0.6040155 2.435501e-05 0.7969726 -0.6762348 -5.760442e-05 0.7366862 -0.660392 -7.810549e-06 0.750921 -0.6456057 -6.456525e-05 0.763671 -0.6773683 -7.013531e-05 0.7356441 -0.5922238 -1.286103e-05 0.8057735 -0.5842631 0.0001335895 0.8115643 -0.5758124 0.0003517166 0.8175818 -0.6428189 -9.210951e-05 0.7660182 -0.63238 -4.174699e-05 0.7746583 -0.620582 -4.765772e-05 0.7841415 -0.6095678 -0.0001020134 0.792734 -0.6103945 -0.0001089575 0.7920976 -0.5988821 -5.566088e-05 0.8008372 -0.5880542 -6.433022e-05 0.8088216 -0.5687925 -3.656532e-05 0.822481 -0.5775217 -0.0001016663 0.8163753 -0.5809614 -0.0001303855 0.813931 -0.5349953 -1.789487e-05 0.8448551 -0.5417418 -8.624554e-05 0.8405449 -0.4928974 -5.332039e-06 0.8700875 -0.5002567 -7.984725e-05 0.8658772 -0.4496057 2.223967e-05 0.8932271 -0.4579727 -5.575366e-05 0.8889663 -0.4052378 4.303423e-05 0.9142113 -0.4154865 -4.392085e-05 0.9095993 -0.3598936 4.505843e-05 0.9329934 -0.3712522 -4.228016e-05 0.928532 -0.3136939 2.614651e-05 0.9495242 -0.3252516 -6.145828e-05 0.9456275 -0.2667087 1.120645e-05 0.9637772 -0.2792044 -7.704334e-05 0.9602317 -0.2191035 8.502743e-07 0.9757016 -0.2337 -9.927359e-05 0.9723088 -0.1709615 2.677624e-06 0.9852777 -0.1873932 -0.0001075868 0.982285 -0.1224084 1.53389e-05 0.9924797 -0.1399881 -0.0001046477 0.9901531 -0.07356392 3.880337e-05 0.9972905 -0.092733 -8.177468e-05 0.995691 -0.02453976 4.741693e-05 0.9996989 -0.05235561 -4.081975e-05 0.9986285 -0.01761171 0 0.9998449 -0.6355079 -0.0001016308 0.7720944 -0.6687406 -0.0001015849 0.7434959 -0.7338477 -0.0002838563 0.6793141 -0.7774629 -0.0002029572 0.6289287 -0.8143208 -0.0001487437 0.580415 -0.8392381 -0.0004498424 0.5437638 -0.8634449 -0.0006449303 0.5044429 -0.865823 -0.0003626294 0.5003504 -0.8476045 -0.0001077486 0.5306285 -0.8457599 -0.0003866495 0.5335636 -0.829215 -0.0003993917 0.5589295 -0.8126761 -0.0002359494 0.5827157 -0.7906475 -0.0001177723 0.6122716 -0.7863339 0.0001478074 0.6178018 -0.8045439 0.0001358853 0.5938933 -0.8190934 0.0004724182 0.5736601 -0.8571242 0.0001550675 0.5151098 0 1 -0 0 1 -0 0 1 -0 0 1 -0 0 1 -0 0 1 -0 0 1 -0 0 1 -0 0 1 -0 0 1 -0 0 1 -0 0 1 -0 0 1 -0 0 1 -0 0 1 -0 0 1 -0 0 1 -0 0 1 -0 0 1 -0 0 1 -0 0 1 -0 0 1 -0 0 1 -0 0 1 -0 0 1 -0 0 1 -0 0 1 -0 0 1 -0 0 1 -0 0 1 -0 0 1 -0 0 1 -0 0 1 -0 0 1 0 0 1 -0 0 1 -0 0 1 0 0 1 0 0 1 -0 -0 1 -0 -0 1 -0 0 1 0 0 1 0 0 1 0 0 1 0 0 1 0 0 1 0 0 1 0 -0 1 -0 -0 1 -0 -0 1 -0 -0 1 -0 0 1 0 0 1 0 -0 1 -0 0 1 0 -0 1 -0 0 1 0 0 1 0 -0 1 -0 -0 1 -0 -0 1 -0 -0 1 -0 0 1 0 0 1 0 0 1 0 -0 1 -0 0 1 0 -0 1 -0 0 1 0 0 1 0 0 1 0 0 0 1 0 0 1 0 0 1 -0 0 1 0 0 1 -0 0 1 0 0 1 -0 0 1 0 0 1 -0 0 1 0 0 1 -0 0 1 0 0 1 -0 0 1 0 0 1 -0 0 1 0 0 1 -0 0 1 0 0 1 -0 0 1 0 0 1 -0 0 1 0 0 1 -0 0 1 0 0 1 0 0 1 0 0 1 0 0 1 0 0 1 0 0 1 0 0 1 0 0 1 0 0 1 0 0 1 0 0 1 0 0 1 0 0 1 0 0 1 0 0 1 0 0 1 0 0 1 0 0 1 0 0 1 0 0 1 0 0 1 0 0 1 0 0 1 0 0 1 0 0 1 0 0 1 0 0 1 0 0 1 0 0 1 0 0 1 0 0 1 0 0 1 0 0 1 0 0 1 0 0 1 0 0 1 0 0 1 0 0 1 0 0 1 0 0 1 0 0 1 0 0 1 0 0 1 0 0 1 0 0 1 0 0 1 0 0 1 0 0 1 0 0 1 0 0 1 0 0 1 0 0 1 0 0 1 0 0 1 0 0 1 0 0 1 0 0 1 0 0 1 0 0 1 0 0 1 0 0 1 0 0 1 0 0 1 0 0 1 0 0 1 0 0 1 0 0 1 0 0 1 0 0 1 0 0 1 0 0 1 0 0 1 0 0 1 0 0 1 0 0 1 0 0 1 0 0 1 0 0 1 0 0 1 0 0 1 0 0 1 0 0 1 0 0 1 0 0 1 0 0 1 0 0 1 0 0 1 0 0 1 0 0 1 0 0 1 0 0 1 0 0 1 0 0 1 0 0 1 0 0 1 0 0 1 0 0 1 0 0 1 0 0 1 0 0 1 -0 0 1 0 0 1 0 0 1 -0 0 1 -0 0 1 -0 0 1 -0 0 1 0 0 1 0 0 1 0 0 1 0 0 1 0 0 1 -1 0 0 -1 0 0 -1 0 0 -1 0 0 -1 0 0 -1 0 0 -1 0 0 -1 0 0 -1 0 0 -1 0 0 -1 0 0 -1 0 0 -1 0 0 -1 0 0 -1 0 0 -1 0 0 -1 0 0 -1 0 0 -1 0 0 -1 0 0 -1 0 0 -1 0 0 -1 0 0 -1 0 0 -1 0 0 -1 0 0 -1 0 0 -1 0 0 -1 0 0 -1 0 0 -1 0 0 -1 0 0 -1 1.475301e-06 8.482977e-07 -1 9.788787e-05 0.000165352 -1 -2.818354e-07 -3.822085e-06 -1 -5.232232e-07 -4.241796e-06 -1 -8.289813e-07 -4.777656e-06 -1 -1.232817e-06 -5.490295e-06 -1 -1.796024e-06 -6.490012e-06 -1 -7.469955e-07 -2.467616e-07 -1 -7.356693e-07 -2.837741e-07 -1 -7.244299e-07 -3.211194e-07 -1 -7.131939e-07 -3.590027e-07 -1 -7.019177e-07 -3.976366e-07 -1 -6.905227e-07 -4.372468e-07 -1 -6.789305e-07 -4.78182e-07 -1 -6.670835e-07 -5.206019e-07 -1 -6.549024e-07 -5.649343e-07 -1 -6.422894e-07 -6.114907e-07 -1 -6.291319e-07 -6.607939e-07 -1 -6.153022e-07 -7.133442e-07 -1 -6.006769e-07 -7.696977e-07 -1 -5.850472e-07 -8.307169e-07 -1 -5.682196e-07 -8.97307e-07 -1 -5.498895e-07 -9.707339e-07 -1 -5.297594e-07 -1.052419e-06 -1 -5.073021e-07 -1.144517e-06 -1 -4.81985e-07 -1.249511e-06 -1 -4.52948e-07 -1.371162e-06 -1 -0 -3.286561e-06 -1 -4.133573e-07 9.381735e-05 -1 -8.268939e-07 -6.099945e-08 -1 -8.27255e-07 -1.020414e-07 -1 -8.278026e-07 -1.436434e-07 -1 -8.285441e-07 -1.86042e-07 -1 -8.294911e-07 -2.295769e-07 -1 -8.235307e-07 0 -1 9.618873e-05 9.61895e-05 -1 4.957636e-06 3.657026e-07 -1 5.208473e-06 6.424623e-07 -1 5.473515e-06 9.497212e-07 -1 5.754537e-06 1.292151e-06 -1 6.053653e-06 1.675435e-06 -1 6.37225e-06 2.105019e-06 -1 6.713645e-06 2.589766e-06 -1 7.080266e-06 3.13846e-06 -1 7.475795e-06 3.763075e-06 -1 7.904107e-06 4.47768e-06 -1 8.369966e-06 5.300045e-06 -1 8.880001e-06 6.254264e-06 -1 9.440341e-06 7.367484e-06 -1 1.006011e-05 8.677884e-06 -1 1.07503e-05 1.023495e-05 -1 1.152485e-05 1.210493e-05 -1 1.240132e-05 1.437713e-05 -1 1.340145e-05 1.717236e-05 -1 1.455667e-05 2.066932e-05 -1 1.590634e-05 2.511867e-05 -1 1.750847e-05 3.090817e-05 -1 1.943992e-05 3.861914e-05 -1 2.182424e-05 4.923733e-05 -1 2.483895e-05 6.439371e-05 -1 2.878535e-05 8.713816e-05 -1 3.418128e-05 0.0001235156 -1 4.20368e-05 0.000187209 -0.9999999 5.457861e-05 0.0003145521 -0.9999998 7.804972e-05 0.000632753 -0.9999982 0.0001406736 0.001907731 -1 1.475301e-06 1.475313e-06 -1 -7.47561e-07 -7.684409e-06 -1 -3.065773e-06 -2.960054e-06 -1 0 0 0 0 -1 0 0 -1 0 0 -1 0 0 -1 0 0 -1 0 0 -1 0.6575477 -0.0001101628 -0.7534129 0.6940244 0.0001984986 -0.7199515 0.7287828 0.001009196 -0.6847441 0.7617747 0.002320852 -0.6478379 0.7928734 0.00412837 -0.6093724 0.6194863 8.42527e-05 -0.7850075 0.5799034 0.0007811527 -0.8146849 0.408344 4.642173e-05 -0.9128281 0.4530099 -3.930855e-05 -0.8915055 0.4965478 0.0001954284 -0.8680094 0.5388828 0.0007501918 -0.8423804 0.5633872 0.001268808 -0.8261921 0.3161513 -1.665415e-05 -0.9487088 0.3627037 2.11622e-05 -0.9319045 0.389912 0.0002114172 -0.9208521 0.2688259 -2.851945e-05 -0.9631888 0.3082142 2.471646e-05 -0.951317 0.2208627 -3.046672e-05 -0.975305 0.2540973 3.52301e-05 -0.9671786 0.1723442 -2.737695e-05 -0.9850368 0.2053635 2.278889e-05 -0.9786858 0.1647703 7.58587e-07 -0.986332 0.1234002 -2.833882e-05 -0.992357 0.139196 -1.562427e-06 -0.9902649 0.1210478 -2.035256e-05 -0.9926466 0.1039232 1.060133e-06 -0.9945854 0.08947685 -1.955439e-06 -0.9959889 0.07416286 -3.077406e-05 -0.9972461 0.07760637 -2.173792e-05 -0.9969841 0.06526137 -9.730386e-06 -0.9978682 0.0490646 2.698418e-06 -0.9987956 0.02474217 -3.029019e-05 -0.9996939 0.03417796 -9.065602e-06 -0.9994158 0.01351843 0 -0.9999086 0.8742348 0.01248515 -0.4853428 0.8491758 0.00921639 -0.5280299 0.8220412 0.006429497 -0.5693918 0.02452063 0.03290902 -0.9991575 0.07349899 0.04231335 -0.9963973 0.06441128 0.03581485 -0.9972805 0.1223229 0.03736607 -0.9917867 0.08989757 0.03380345 -0.9953772 0.1708822 0.03203901 -0.9847704 0.1238304 0.03653944 -0.9916305 0.2190402 0.02221114 -0.975463 0.1542893 0.04034801 -0.9872016 0.2666798 0.01745509 -0.9636271 0.1838643 0.04329461 -0.9819977 0.3136491 0.01341645 -0.9494442 0.3598723 -0.01049126 -0.9329426 0.2166834 0.04477481 -0.9752146 0.4052384 -0.002188296 -0.9142085 0.4494561 -0.02667949 -0.8929039 0.2705189 0.05134031 -0.9613448 0.3259106 0.0564154 -0.9437159 0.343565 0.04619345 -0.9379922 0.3996906 0.04136623 -0.9157162 0.4925935 0.03488845 -0.8695599 0.4253139 0.1024116 -0.899233 0.4274498 -0.0229126 -0.9037488 0.3725362 0.03469251 -0.927369 0.5346659 0.03488889 -0.8443429 0.5754637 0.03488885 -0.8170828 0.5139693 0.02208891 -0.8575242 0.5138127 0.03311795 -0.8572628 0.5956503 -0.01290781 -0.8031402 0.6148601 0.03488961 -0.787864 0.6527789 0.03488969 -0.7567446 0.5953731 0.03311858 -0.8027665 0.6711953 0.03311889 -0.7405403 0.6891231 0.03488943 -0.7238038 0.7238103 0.03488946 -0.6891163 0.7405431 0.03311932 -0.6711921 0.7567254 0.03488778 -0.6528013 0.7878689 0.03488775 -0.6148539 0.8170871 0.03488788 -0.5754576 0.844351 0.03488782 -0.5346534 0.8027673 0.0331172 -0.5953721 0.8572624 0.03311803 -0.5138137 0.8695567 0.03488809 -0.492599 0.8926703 0.03488806 -0.4493579 0.4901319 0.04236751 -0.870618 0.9034938 0.0331156 -0.4273202 0.9136562 0.03488681 -0.4049878 0.9324244 0.03488676 -0.3596773 0.525185 0.0345867 -0.850285 0.5887762 0.1520207 -0.7938718 0.595587 0.01946678 -0.8030549 0.9489502 0.03488711 -0.3134903 0.9410265 0.03311611 -0.3367082 0.9631973 0.03488706 -0.266522 0.6711556 0.034858 -0.7404965 0.6711482 0.03485654 -0.7405033 0.6713855 -0.02255157 -0.740765 0.9751042 0.03488928 -0.2189855 0.9846742 0.03488933 -0.1708784 0.9694968 0.03311911 -0.2428563 0.7404945 0.03485807 -0.6711577 0.7404994 0.03485913 -0.6711524 0.9918784 0.03489047 -0.1223099 0.9966825 0.03489046 -0.07353013 0.9886331 0.03311744 -0.1466552 0.9992076 0.0313293 -0.02454742 0.8027197 0.03485889 -0.5953368 0.8027211 0.03485925 -0.5953348 0.8572116 0.03485939 -0.5137832 0.8572104 0.03485905 -0.5137852 0.9034401 0.03485874 -0.4272948 0.9034424 0.03485952 -0.4272901 0.5742056 0.04153428 -0.8176569 0.9409707 0.03485915 -0.3366882 0.9694394 0.03485923 -0.2428419 0.9409698 0.03485877 -0.3366907 0.6057172 0.03458676 -0.794928 0.6663401 0.1244156 -0.735195 0.6714499 0.0179387 -0.7408328 0.9694417 0.03485787 -0.2428329 0.7405047 0.03485854 -0.6711465 0.7404946 0.03485626 -0.6711578 0.740746 -0.02375089 -0.6713652 0.9885747 0.03485537 -0.1466466 0.9885771 0.03485788 -0.1466297 0.9981891 0.03485534 -0.04902676 0.8572105 0.03485625 -0.5137852 0.8027205 0.03485617 -0.5953358 0.8027213 0.03485636 -0.5953349 0.8572094 0.03485658 -0.5137871 0.9034423 0.03485862 -0.42729 0.9034364 0.03485649 -0.427303 0.9409699 0.03485556 -0.3366907 0.9694418 0.03485553 -0.242833 0.9409766 0.03485861 -0.3366716 0.9694378 0.03485794 -0.2428485 0.9885771 0.0348589 -0.1466297 0.9981866 0.03485897 -0.04907663 0.9885761 0.03485789 -0.1466364 0.7040913 0.01125149 -0.7100204 0.8572093 0.03485632 -0.5137871 0.8027205 0.03485642 -0.5953359 0.8571993 0.03485928 -0.5138035 0.9034362 0.03485826 -0.4273029 0.9034395 0.03485946 -0.4272959 0.9409767 0.03485912 -0.3366716 0.9694377 0.03485917 -0.2428485 0.9409751 0.03485837 -0.3366762 0.9694399 0.03485779 -0.2428397 0.6949344 0.04222407 -0.7178323 0.7208385 0.05431611 -0.6909715 0.988575 0.03485783 -0.1466436 0.9981865 0.03485904 -0.04907804 0.9885761 0.03485896 -0.1466364 0.802719 0.03485937 -0.5953376 0.8572087 0.03485947 -0.513788 0.8571995 0.03485661 -0.5138037 0.9034428 0.03485652 -0.4272892 0.9034397 0.03485535 -0.4272959 0.9409751 0.03485522 -0.3366762 0.9409668 0.03485907 -0.3366992 0.9694399 0.03485778 -0.2428397 0.969442 0.03485914 -0.2428313 0.7455152 0.03486819 -0.6655759 0.9885773 0.03485781 -0.1466279 0.9885752 0.03485531 -0.1466437 0.9981917 0.03485519 -0.0489746 0.8032053 0.001790545 -0.5956996 0.8027185 0.03485625 -0.5953386 0.8027192 0.03485642 -0.5953377 0.8553883 -0.07385077 -0.5126957 0.8572088 0.03485617 -0.513788 0.8572093 0.03485632 -0.5137872 0.9034361 0.03485615 -0.4273034 0.9034427 0.03485869 -0.4272892 0.9694421 0.03485558 -0.2428314 0.940967 0.03485561 -0.3366992 0.9409733 0.03485868 -0.3366811 0.9694442 0.03485426 -0.2428234 0.9885731 0.03485422 -0.1466572 0.9885773 0.03485897 -0.1466279 0.9981852 0.03485908 -0.04910383 0.8203425 0.007104225 -0.5718283 0.903436 0.03485866 -0.4273034 0.9409733 0.03485869 -0.3366812 0.9409724 0.0348591 -0.3366835 0.9694441 0.03485781 -0.2428233 0.988573 0.03485785 -0.1466572 0.9694459 0.03485912 -0.2428157 0.9981929 0.03485514 -0.04894881 0.9885754 0.03485531 -0.1466419 0.8440822 0.054901 -0.5333958 0.9034422 0.03485497 -0.4272906 0.9409725 0.03485563 -0.3366835 0.9409711 0.03485493 -0.3366875 0.9694459 0.03485806 -0.2428157 0.9694425 0.03485558 -0.24283 0.998184 0.03485912 -0.04912962 0.9885752 0.03485895 -0.1466419 0.9885743 0.03485797 -0.1466476 0.8063486 0.03455204 -0.5904304 0.9034422 0.03485868 -0.4272905 0.940971 0.0348587 -0.3366874 0.9034368 0.03485654 -0.4273019 0.9409702 0.03485909 -0.3366896 0.9694423 0.0348578 -0.2428299 0.9694442 0.03485913 -0.2428225 0.998184 0.03485912 -0.04912962 0.9885744 0.03485894 -0.1466476 0.9885735 0.03485785 -0.1466539 0.8063565 0.03455452 -0.5904196 0.9034368 0.03485866 -0.4273018 0.9034387 0.03485946 -0.4272977 0.9409702 0.0348587 -0.3366896 0.9409762 0.03485566 -0.3366731 0.9694443 0.03485782 -0.2428225 0.9694412 0.03485559 -0.2428349 0.9981954 0.03485506 -0.04889703 0.9885736 0.03485529 -0.1466539 0.9885756 0.03485782 -0.1466396 0.7208783 0.01995885 -0.6927742 0.8063456 0.03455201 -0.5904345 0.9034389 0.03485654 -0.4272977 0.9034417 0.03485536 -0.4272918 0.9409763 0.03485522 -0.3366732 0.9409688 0.03485908 -0.3366936 0.9694429 0.03485914 -0.2428276 0.9694412 0.0348578 -0.2428349 0.9885756 0.03485895 -0.1466396 0.9981826 0.03485917 -0.0491555 0.9885747 0.03485783 -0.1466458 0.9034415 0.03485829 -0.4272917 0.9409689 0.03485562 -0.3366936 0.9694431 0.03485558 -0.2428276 0.9409739 0.03485838 -0.3366793 0.9694397 0.03485801 -0.2428406 0.9981967 0.03485501 -0.04887114 0.9885749 0.03485531 -0.1466458 0.9885769 0.03485794 -0.1466313 0.9034426 0.03485868 -0.4272898 0.9409739 0.03485868 -0.3366793 0.9127914 0.03691232 -0.4067547 0.9409731 0.0348591 -0.3366813 0.9410654 0.03192504 -0.3367144 0.9694397 0.03485779 -0.2428406 0.9694414 0.03485915 -0.2428335 0.9700224 0.004203305 -0.242979 0.9981813 0.03485921 -0.04918139 0.9885768 0.03485897 -0.1466313 0.9885759 0.03485782 -0.1466375 0.9527206 0.03468723 -0.3018613 0.9981887 0.03485744 -0.04903237 0.9981813 0.03485921 -0.04918119 0.9885759 0.03485896 -0.1466375 0.988575 0.03485783 -0.1466434 0.9527206 0.03468723 -0.3018613 0.998183 0.03485549 -0.04915189 0.9885751 0.03485531 -0.1466434 0.9885769 0.03485781 -0.1466305 0.9527206 0.03468723 -0.3018613 0.9981922 0.03485888 -0.048962 0.9885769 0.0348591 -0.1466305 0.988576 0.03485782 -0.146637 0.9527159 0.03468392 -0.3018765 0.9981837 0.03485543 -0.04913752 0.9885761 0.03485529 -0.146637 0.9885754 0.0348543 -0.146642 0.9527229 0.03468727 -0.3018542 0.9981913 0.03485887 -0.04897978 0.9885752 0.03485895 -0.1466419 0.9885744 0.03485784 -0.1466474 0.9527229 0.03468727 -0.3018542 0.9981913 0.03485886 -0.04897978 0.9885744 0.03485894 -0.1466474 0.9885737 0.03485785 -0.1466526 0.07714166 -0.05635549 -0.9954261 0.9527227 0.03468723 -0.3018545 0.9981852 0.03485538 -0.04910605 0.9885738 0.03485526 -0.1466527 0.9885755 0.03485779 -0.1466406 0.9981905 0.03485889 -0.04899563 0.9885754 0.03485895 -0.1466406 0.998186 0.03485538 -0.04908942 0.988573 0.03485529 -0.1466577 0.8255792 -4.081625e-05 -0.5642862 0.9981897 0.03485891 -0.04901123 0.988578 0.03485898 -0.1466236 0.9993909 0.03489949 0 0.9993909 0.03489889 -0 0.9993908 0.03489942 -1.004702e-06 0 1 0 0 1 0 0 1 0 0 1 0 0 1 0 0 1 0 0 1 0 0 1 0 0 1 0 0 1 0 0 1 0 0 1 0 0 1 0 0 1 0 0 1 0 0 1 0 0 1 0 0 1 0 0 1 0 0 1 0 0 1 0 0 1 0 0 1 0 0 1 0 -1 0 0 -1 0 0 -1 0 0 -1 0 0 -1 0 0 -1 0 0 -1 0 0 -1 -0 0 -1 0 0 -1 0 -0 -1 0 0 -1 0 0 -1 0 0 -1 0 0 -1 0 0 -1 0 0 -1 0 0 -1 0 0 -1 0 0 -1 0 0 -1 0 0 -1 0 0 -1 0 0 -1 0 0 -1 -0 0 -1 -0 0 -1 -0 0 -1 -0 0 -1 -0 0 -1 -0 0 -1 -0 0 -1 0 0 0 -1 0 0 -1 0 1 0 -0 1 0 0 1 0 -0 1 0 -0 1 0 -0 1 0 -0 1 0 -0 1 0 -0 1 0 -0 1 0 -0 1 0 -0 1 -0 -0 1 -0 -0 1 0 -0 1 0 -0 1 0 -0 1 0 -0 1 0 -0 1 0 -0 1 0 -0 1 0 -0 1 0 -0 1 -0 0 1 -0 0 1 -0 0 1 -0 0 1 0 -0 1 -0 -0 1 -0 0 1 -0 -0 1 -0 0 1 0 -0 0 1 -0 0 1 0 0 1 0 0 1 0 0 1 0 0 1 0 0 1 0 0 1 0 0 1 0 0 1 0 0 1 0 0 1 0 0 1 0 0 1 0 0 1 0 0 1 0 0 1 0 0 1 0 0 1 0 0 1 0 0 1 0 0 1 0 0 1 0 0 1 0 -0.01297553 0 -0.9999158 -0.02474183 -3.057633e-05 -0.9996939 -0.03323064 -1.063439e-05 -0.9994477 -0.04818038 2.913167e-06 -0.9988387 -0.06420994 -7.5907e-06 -0.9979364 -0.07416286 -2.764374e-05 -0.9972461 -0.07692026 -3.703955e-05 -0.9970373 -0.08873832 -4.437606e-06 -0.9960549 -0.1032565 -2.031571e-06 -0.9946547 -0.1233985 -3.115575e-05 -0.9923572 -0.12054 -2.246969e-05 -0.9927085 -0.1376993 -1.897397e-06 -0.9904741 -0.1723454 -2.880551e-05 -0.9850366 -0.1630357 3.045781e-06 -0.9866201 -0.2208641 -4.004177e-05 -0.9753046 -0.1995337 2.029425e-05 -0.979891 -0.2688294 -4.28648e-05 -0.9631878 -0.2485439 3.099619e-05 -0.9686206 -0.3626967 1.560377e-05 -0.9319072 -0.3161513 -1.325704e-05 -0.9487088 -0.3072885 3.469138e-05 -0.9516164 -0.4530071 -4.076217e-05 -0.8915069 -0.4083517 8.080049e-05 -0.9128247 -0.3935544 0.0002257881 -0.9193013 -0.4965508 0.0001603788 -0.8680077 -0.5388828 0.0006837751 -0.8423805 -0.6575545 -6.349452e-05 -0.7534069 -0.6194863 0.0002514388 -0.7850074 -0.5798935 0.001083327 -0.8146917 -0.5716816 0.001356964 -0.8204745 -0.6940243 0.0001391969 -0.7199515 -0.7287865 0.0008589535 -0.6847405 -0.7617683 0.002094253 -0.6478462 -0.7928743 0.00384151 -0.6093732 -0.8220429 0.006097401 -0.5693929 -0.8742358 0.01210887 -0.4853504 -0.8491817 0.008854949 -0.5280266 -0.122329 0.03673033 -0.9918097 -0.1222327 0.03678786 -0.9918194 -0.1708839 0.031725 -0.9847803 -0.08833881 0.03383823 -0.9955156 -0.07349357 0.04283118 -0.9963756 -0.2190355 0.02315255 -0.9754422 -0.1535276 0.04065051 -0.9873078 -0.06150291 0.03445444 -0.997512 -0.266676 0.01825438 -0.9636134 -0.1834989 0.04381821 -0.9820428 -0.02451805 0.03596454 -0.9990523 -0.3598722 -0.01158361 -0.9329297 -0.3136511 0.0129586 -0.9494499 -0.2166686 0.04531003 -0.9751931 -0.449356 -0.03367617 -0.8927178 -0.4052243 -0.007070721 -0.9141899 -0.2705535 0.05171492 -0.9613149 -0.3245959 0.05703568 -0.9441316 -0.999208 0.03132743 -0.02453451 -0.9966835 0.03488861 -0.07351723 -0.9918754 0.03488862 -0.1223355 -0.9846786 0.0348884 -0.1708533 -0.9751069 0.0348884 -0.2189732 -0.988634 0.03311789 -0.1466491 -0.9694997 0.03311822 -0.2428444 -0.9631905 0.03488885 -0.266546 -0.9489502 0.03488885 -0.3134903 -0.9324242 0.03488846 -0.3596773 -0.9136514 0.03488849 -0.4049986 -0.9410265 0.03311783 -0.3367082 -0.8926806 0.03488886 -0.4493372 -0.8695567 0.0348889 -0.4925991 -0.9034936 0.03311808 -0.4273201 -0.8443393 0.03488939 -0.5346718 -0.8170871 0.03488939 -0.5754576 -0.8572595 0.03311843 -0.5138183 -0.9981881 0.03485813 -0.04904612 -0.7878689 0.0348892 -0.6148539 -0.7567446 0.03488919 -0.6527789 -0.8027673 0.03311868 -0.5953721 -0.9885753 0.0348581 -0.1466418 -0.9885755 0.03485789 -0.1466404 -0.7238103 0.0348888 -0.6891163 -0.6891232 0.03488881 -0.7238039 -0.7405431 0.03311864 -0.6711921 -0.9409708 0.03485743 -0.3366882 -0.9694424 0.03485743 -0.24283 -0.9694417 0.03485787 -0.2428329 -0.6711891 0.03311766 -0.7405461 -0.6527725 0.03488851 -0.7567502 -0.6148602 0.03488848 -0.787864 -0.9409719 0.0348579 -0.3366852 -0.5953762 0.03311777 -0.8027642 -0.5754514 0.03488939 -0.8170913 -0.5346718 0.03488939 -0.8443393 -0.5955358 -0.02368868 -0.8029794 -0.9034401 0.03485786 -0.4272948 -0.90344 0.03485791 -0.4272951 -0.5138183 0.03311843 -0.8572595 -0.4926047 0.03488844 -0.8695536 -0.5140163 0.01808408 -0.8575898 -0.3975399 0.04326406 -0.9165644 -0.3715895 0.03468863 -0.9277489 -0.8572088 0.03485749 -0.5137879 -0.8027198 0.03485741 -0.5953368 -0.8572077 0.0348578 -0.5137898 -0.9981888 0.03485705 -0.04903143 -0.4253284 0.1019153 -0.8992825 -0.4268346 -0.0580121 -0.9024671 -0.3446303 0.04738752 -0.9375417 -0.8027213 0.03485778 -0.5953348 -0.9694417 0.03485707 -0.2428329 -0.9885753 0.03485699 -0.1466418 -0.9885752 0.03485706 -0.1466423 -0.7404976 0.03485776 -0.6711543 -0.7404994 0.03485738 -0.6711524 -0.969442 0.0348573 -0.2428314 -0.6711493 0.03485777 -0.7405022 -0.5217686 0.0345687 -0.8523864 -0.6711513 0.03485738 -0.7405004 -0.6710051 -0.04062063 -0.7403392 -0.9409718 0.03485776 -0.3366852 -0.9409729 0.03485731 -0.3366823 -0.4909856 0.04432632 -0.8700393 -0.590371 0.1334573 -0.7960221 -0.5956488 0.01308738 -0.8031384 -0.9034401 0.0348573 -0.4272951 -0.9034386 0.03485778 -0.427298 -0.8572077 0.03485705 -0.5137898 -0.8572066 0.03485736 -0.5137915 -0.9981877 0.03485807 -0.04905215 -0.9885752 0.03485804 -0.1466423 -0.7404976 0.03485695 -0.6711544 -0.8027205 0.0348571 -0.5953358 -0.8027212 0.03485691 -0.5953348 -0.988575 0.03485783 -0.1466436 -0.6023672 0.03456626 -0.7974703 -0.7408081 -0.01971288 -0.6714275 -0.7405016 0.03485786 -0.6711498 -0.9694421 0.03485736 -0.2428314 -0.9409729 0.03485737 -0.3366823 -0.9694414 0.03485779 -0.2428342 -0.5728168 0.04154047 -0.81863 -0.66739 0.1112403 -0.7363533 -0.6714306 0.01947855 -0.7408114 -0.9409714 0.03485666 -0.3366866 -0.9034386 0.03485781 -0.427298 -0.903442 0.03485662 -0.4272911 -0.8572072 0.03485774 -0.5137905 -0.8572066 0.03485791 -0.5137915 -0.8027205 0.0348579 -0.5953358 -0.998189 0.03485711 -0.04902636 -0.988575 0.03485713 -0.1466436 -0.8027198 0.03485772 -0.5953368 -0.6790128 0.03457496 -0.7333118 -0.9885757 0.03485782 -0.1466392 -0.7322403 0.1528799 -0.6636655 -0.969442 0.03485781 -0.2428314 -0.9694414 0.03485826 -0.2428342 -0.9409705 0.03485822 -0.336689 -0.9409713 0.03485784 -0.3366866 -0.8572072 0.03485742 -0.5137906 -0.903442 0.03485736 -0.4272911 -0.9034405 0.03485785 -0.4272939 -0.8572062 0.03485712 -0.5137922 -0.998189 0.03485711 -0.04902636 -0.7405 0.0348577 -0.6711518 -0.6193389 0.008306371 -0.7850798 -0.8027219 0.03485717 -0.595334 -0.6936112 0.04129758 -0.7191648 -0.8027198 0.03485772 -0.5953367 -0.9885755 0.03485713 -0.1466406 -0.9885757 0.03485692 -0.1466392 -0.969442 0.03485736 -0.2428313 -0.9694428 0.03485692 -0.2428287 -0.9409705 0.03485784 -0.336689 -0.9409715 0.03485736 -0.3366862 -0.9034405 0.03485779 -0.4272939 -0.8572062 0.03485774 -0.5137922 -0.9034404 0.03485784 -0.4272942 -0.8572068 0.0348579 -0.5137913 -0.8570349 -0.04019422 -0.5136883 -0.9981871 0.03485809 -0.049065 -0.8027218 0.03485697 -0.595334 -0.7474165 0.03487287 -0.66344 -0.8027185 0.0348579 -0.5953385 -0.8031344 0.01340909 -0.595647 -0.9885752 0.03485804 -0.1466419 -0.9885755 0.03485782 -0.1466406 -0.9694427 0.03485736 -0.2428287 -0.969442 0.0348578 -0.2428313 -0.9409715 0.03485783 -0.3366862 -0.9409724 0.03485737 -0.3366835 -0.8085414 0.0345708 -0.587423 -0.9034404 0.03485736 -0.4272942 -0.9034392 0.03485784 -0.4272968 -0.8513123 0.1220962 -0.5102549 -0.9981894 0.0348571 -0.04901985 -0.969442 0.03485803 -0.2428313 -0.9885753 0.03485796 -0.1466419 -0.9885761 0.03485714 -0.146637 -0.9409724 0.03485737 -0.3366835 -0.9694411 0.03485737 -0.2428351 -0.9409711 0.03485666 -0.3366875 -0.9034392 0.03485698 -0.4272968 -0.9034401 0.03485662 -0.427295 -0.7788112 0.03476301 -0.6262943 -0.8572083 0.03485664 -0.5137888 -0.8572073 0.03485695 -0.5137904 -0.9981868 0.0348581 -0.04907142 -0.9885761 0.03485691 -0.146637 -0.988575 0.03485804 -0.1466435 -0.9694411 0.03485737 -0.2428351 -0.9694418 0.03485691 -0.2428325 -0.940972 0.03485736 -0.3366849 -0.9409711 0.03485784 -0.3366875 -0.9034401 0.03485819 -0.427295 -0.9034409 0.03485785 -0.4272931 -0.7788152 0.03476432 -0.6262894 -0.8572073 0.0348579 -0.5137904 -0.8572064 0.03485821 -0.513792 -0.9981897 0.03485709 -0.04901342 -0.9885751 0.03485713 -0.1466435 -0.9885756 0.03485782 -0.1466396 -0.9694418 0.0348578 -0.2428325 -0.9694412 0.03485737 -0.2428349 -0.9034409 0.03485785 -0.4272931 -0.9409729 0.03485737 -0.3366824 -0.940972 0.03485783 -0.3366849 -0.8572064 0.03485694 -0.5137919 -0.9034389 0.03485698 -0.4272977 -0.9981865 0.03485812 -0.04907804 -0.9885756 0.03485692 -0.1466395 -0.9885747 0.03485803 -0.1466458 -0.9694412 0.03485737 -0.2428349 -0.9694419 0.03485692 -0.2428324 -0.9409729 0.03485737 -0.3366824 -0.9409737 0.03485782 -0.33668 -0.4975427 -0.01257314 -0.8673484 -0.8572101 0.03485822 -0.5137857 -0.9034388 0.0348582 -0.4272977 -0.9034396 0.03485784 -0.4272959 -0.7050517 0.01698414 -0.7089526 -0.99819 0.03485708 -0.049007 -0.9885747 0.03485712 -0.1466458 -0.9694418 0.03485803 -0.2428324 -0.9885754 0.03485796 -0.1466412 -0.9694421 0.03485825 -0.2428312 -0.9409737 0.03485665 -0.33668 -0.9034397 0.03485662 -0.4272959 -0.9409707 0.03485822 -0.3366881 -0.9885755 0.03485714 -0.1466412 -0.99819 0.03485708 -0.049007 -0.9981883 0.0348575 -0.04904031 -0.9694421 0.03485781 -0.2428312 -0.9885759 0.03485782 -0.1466375 -0.9694416 0.03485737 -0.2428335 -0.9072694 0.03568838 -0.4190329 -0.9034426 0.03485785 -0.4272897 -0.9409708 0.03485784 -0.3366882 -0.9409716 0.03485736 -0.3366857 -0.99819 0.034858 -0.04900731 -0.988576 0.03485691 -0.1466375 -0.9694415 0.03485691 -0.2428335 -0.988575 0.03485803 -0.1466434 -0.9682565 -0.06047369 -0.2425329 -0.9694424 0.03485758 -0.24283 -0.9208055 0.03489909 -0.3884578 -0.9409716 0.03485784 -0.3366857 -0.9411761 0.02795658 -0.336758 -0.940972 0.03485767 -0.336685 -0.9981875 0.03485717 -0.04905809 -0.9540929 0.03470448 -0.2974936 -0.988575 0.03485783 -0.1466434 -0.9885756 0.03485714 -0.1466398 -0.9679378 0.06566349 -0.2424555 -0.9981899 0.03485804 -0.04900889 -0.9885756 0.03485818 -0.1466398 -0.9694418 0.0348578 -0.2428322 -0.9885753 0.03485782 -0.1466416 -0.9981877 0.03485713 -0.04905539 -0.9185813 0.01870582 -0.3947893 -0.9885753 0.03485702 -0.1466416 -0.969441 0.0348571 -0.2428358 -0.9885753 0.0348571 -0.1466419 -0.9981877 0.03485716 -0.04905401 -0.9885753 0.03485713 -0.146642 -0.9540933 0.03470448 -0.2974921 -0.9885758 0.03485782 -0.1466385 -0.9981893 0.03485801 -0.04901878 -0.954091 0.03470358 -0.2974997 -0.9885758 0.03485692 -0.1466386 -0.9885749 0.03485803 -0.1466439 -0.9981879 0.03485712 -0.04905139 -0.988575 0.0348578 -0.146644 -0.9885755 0.0348571 -0.1466406 -0.1107372 -0.05479989 -0.9923378 -0.9540938 0.03470446 -0.2974904 -0.9981892 0.03485802 -0.04902297 -0.9885754 0.03485804 -0.1466406 -0.9981881 0.03485715 -0.04904642 -0.9885749 0.03485712 -0.1466449 -0.8255792 -4.081625e-05 -0.5642862 -0.9885761 0.03485805 -0.1466364 -0.998189 0.03485803 -0.04902691 -0.9993908 0.03489954 0 -0.9993909 0.03489949 0 -0.9993908 0.03489949 8.784276e-08 0 0 1 0 0 1 0 0 1 -1 -0 -0 -1 -0 -0 -1 0 0 -1 0 0 -1 0 0 -1 0 0 -1 0 0 -1 -0 0 -1 -0 0 -1 0 0 -1 -0 0 -1 0 0 -1 0 0 -1 0 0 -1 0 0 -1 -0 0 -1 -0 0 -1 0 0 -1 -0 0 -1 -0 0 -1 0 0 -1 0 0 -1 0 0 -1 -0 0 -1 0 0 -1 0 0 -1 -0 0 -1 0 0 -1 0 0 -1 -0 0 -1 0 0 -1 0 0 -1 -0 0 -1 0 0 -1 0 0 -1 0 0 -1 -0 0 -1 0 0 -1 -0 0 -1 0 0 -1 0 0 -1 0 0 -1 0 0 -1 0 0 -1 0 0 -1 0 0 -1 0 0 -1 -0 0 -1 -0 0 -1 -0 0 -1 0 0 -1 0 0 -1 0 0 -1 0 0 -1 0 0 -1 0 0 -1 0 0 -1 0 0 -1 0 0 -1 0 0 -1 0 0 -1 0 0 -1 0 0 -1 0 0 -1 -0 0 -1 0 0 -1 0 0 -1 -0 0 -1 -0 0 -1 0 0 -1 -0 0 -1 0 0 -1 -0 0 -1 0 0 -1 0 0 1 -0 0 1 0 0 1 0 -0 1 0 0 1 0 0 1 0 0 1 0 0 1 0 0 1 0 0 1 0 0 1 0 0 1 0 0 1 0 0 1 0 0 1 0 0 1 0 0 1 0 0 1 0 0 1 0 0 1 0 0 1 0 0 1 -0 0 1 -0 0 1 -0 0 1 -0 0 1 -0 0 1 -0 0 1 -0 0 1 -0 0 1 -0 0 1 -0 0 1 -0 0 1 -0 0 1 -0 0 1 -0 0 1 -0 0 1 -0 0 1 -0 0 1 -0 0 1 0 0 0 -0 1 0 0 1 0 0 1 0 -0 1 0 -1 0 0 -1 0 0 -1 0 0 -1 0 0 -1 0 0 -1 0 0 -1 0 0 -1 0 0 -1 0 0 -1 0 0 -1 0 0 -1 0 0 -1 0 0 -1 0 0 -1 0 0 -1 0 0 -1 0 0 -1 0 0 -1 0 0 -1 0 0 -1 0 0 -1 0 0 -1 0 0 -1 0 0 -1 0 0 -1 0 0 -1 0 0 -1 0 0 -1 0 0 -1 0 0 -1 0 0 -1 0 0 -1 0 0 -1 0 0 -1 0 0 -1 0 0 -1 0 0 -1 0 0 -1 0 0 -1 0 0 -1 0 0 -1 0 0 -1 0 0 -1 0 0 -1 0 0 -1 0 0 -1 0 0 -1 0 0 -1 0 0 -1 0 0 -1 0 0 -1 0 0 -1 0 0 -1 0 0 -1 0 0 -1 0 0 -1 0 0 -1 0 0 -1 0 0 -1 0 0 -1 0 0 -1 0 0 -1 0 0 -1 0 0 -1 0 0 -1 0 0 -1 0 0 0 -1 0 0 -1 -0.03491504 0.9993903 -1.175668e-06 -0.0349403 0.9993894 -1.932536e-07 -0.03488772 0.9993912 -8.885551e-07 -0.03489742 0.9993909 1.022531e-07 -0.03490396 0.9993907 1.887258e-07 -0.03489264 0.999391 1.524108e-07 -0.03489757 0.9993909 2.175863e-07 -0.03491049 0.9993905 6.949559e-07 -0.03489122 0.9993911 -4.75781e-07 -0.03489829 0.9993908 1.221719e-07 -0.03490481 0.9993906 8.306023e-07 -0.03489749 0.9993908 -1.401585e-07 -0.03490103 0.9993908 4.145995e-07 -0.03490486 0.9993906 1.109547e-06 -0.0348974 0.9993909 -4.262947e-07 -0.03489889 0.9993908 -8.357379e-08 -0.03489824 0.9993908 -2.503456e-07 -0.03490262 0.9993907 9.838357e-07 -0.03489589 0.9993909 -1.083971e-06 -0.03489856 0.9993909 -1.963908e-07 -0.03490245 0.9993907 1.205941e-06 -0.03489826 0.9993908 -4.11636e-07 -0.03489951 0.9993908 0 -0.03490325 0.9993907 1.651486e-06 -0.03489949 0.9993908 -7.295815e-09 -0.03494988 0.9993891 -1.920956e-06 -0.03490862 0.9993905 -6.913132e-07 -0.03494177 0.9993894 -2.447304e-06 -0.03485593 0.9993924 4.091272e-06 -0.03490831 0.9993905 -1.118272e-06 -0.03490623 0.9993906 -8.625987e-07 -0.03489095 0.9993911 1.372978e-06 -0.03489873 0.9993908 5.057692e-08 -0.03491261 0.9993904 -2.639286e-06 -0.03489935 0.9993908 2.517934e-07 -0.03489607 0.999391 1.043206e-06 -0.03490091 0.9993908 -2.466964e-07 -0.03488952 0.9993912 3.075909e-06 -0.03490654 0.9993905 -2.317294e-06 -0.03489736 0.9993909 8.258096e-07 -0.0348996 0.9993908 0 -0.03489948 0.9993908 1.936881e-08 -0.03490226 0.9993907 -9.799652e-07 -0.03489781 0.9993909 8.058362e-07 -0.03489879 0.9993908 3.907336e-07 -0 -0.5735769 -0.8191518 0 -0.5735769 -0.8191518 -0 -0.5735768 -0.8191517 0 -0.5735768 -0.8191517 0.02411293 0 0.9997092 0.02454024 4.019468e-06 0.9996989 0.07356178 -5.274757e-07 0.9972907 0.07083417 -2.421359e-05 0.9974881 0.1224096 -7.318678e-06 0.9924796 0.1160816 -5.845799e-05 0.9932396 0.1709648 -7.812485e-06 0.9852771 0.1607812 -8.47687e-05 0.9869901 0.2191035 1.735514e-06 0.9757016 0.2050834 -9.724228e-05 0.9787445 0.2667063 2.013577e-05 0.9637778 0.2491126 -9.495043e-05 0.9684745 0.3136881 4.22572e-05 0.9495261 0.2929275 -8.137352e-05 0.9561346 0.3598936 5.862325e-05 0.9329934 0.3366286 -6.368911e-05 0.9416375 0.4052414 5.880277e-05 0.9142097 0.3825638 -6.63485e-05 0.923929 0.4496097 4.170541e-05 0.8932251 0.4295688 -7.450477e-05 0.9030342 0.4928932 2.223284e-05 0.8700898 0.4723156 -8.234811e-05 0.8814296 0.5758079 0.0003522062 0.8175851 0.5843129 0.0001326775 0.8115284 0.5922437 -1.322908e-05 0.8057589 0.5349996 8.821333e-06 0.8448523 0.5136021 -0.0001121972 0.8580285 0.566058 -0.0001864665 0.8243654 0.6040033 2.387643e-05 0.7969818 0.6152331 0.0004655415 0.7883451 0.6187193 0.0002509147 0.7856122 0.5538879 2.347471e-05 0.8325912 0.5878806 -0.0001030564 0.8089477 0.5823359 -7.952588e-05 0.8129482 0.6518189 0.0003671699 0.7583746 0.6531715 0.0004833555 0.7572098 0.5919775 -0.0001322091 0.8059545 0.6206145 -6.129677e-05 0.7841159 0.6104856 -4.937801e-05 0.7920275 0.5988075 -7.883496e-05 0.8008929 0.6844532 0.0001965279 0.7290567 0.6895427 0.0006081993 0.7242448 0.6996968 3.415394e-06 0.71444 0.6603199 -5.264538e-05 0.7509844 0.6456728 -2.108544e-05 0.7636141 0.6323155 -7.398582e-05 0.7747109 0.6286804 -0.00010731 0.7776638 0.7138937 -3.158828e-06 0.700254 0.7242447 0.0006414922 0.6895427 0.6643375 -8.965773e-05 0.7474327 0.6931731 -1.199847e-05 0.7207711 0.6762854 -3.114178e-06 0.7366399 0.7572099 0.0003968946 0.6531715 0.7572638 0.0003889231 0.653109 0.700902 -8.361635e-05 0.7132577 0.7288516 -7.736653e-06 0.6846718 0.7108009 3.188383e-06 0.7033932 0.7817505 1.544101e-05 0.6235912 0.7847646 -2.839182e-05 0.6197941 0.7883487 0.0007675665 0.6152283 0.7940089 0.0001032626 0.607906 0.7948413 0.0001618046 0.6068174 0.7356904 -8.226706e-05 0.6773179 0.747079 2.8373e-07 0.6647354 0.7998388 -0.0001922709 0.6002148 0.8175817 0.0004924574 0.5758124 0.7831976 -2.631707e-05 0.6217728 0.765246 -8.039598e-05 0.643738 0.7660413 -6.884058e-05 0.6427913 0.8344375 5.871563e-05 0.5511025 0.8448549 0.000675371 0.5349951 0.8007498 -4.230279e-05 0.598999 0.7927393 -0.0001149984 0.6095608 0.8163804 -0.0001019235 0.5775145 0.8341672 -6.462195e-05 0.5515116 0.8177562 -8.190863e-05 0.5755647 0.8700854 0.0007682078 0.4929004 0.8784849 0 0.4777702 0.8690736 0 0.4946828 0.8784849 -0 0.4777701 0.8784849 -0 0.4777702 0.8405337 -0.000149236 0.5417593 0.8653933 -8.341693e-05 0.5010932 0.8488451 -5.631065e-05 0.5286416 0.8932251 -0.0003922739 0.4496096 0.8658563 -9.397837e-05 0.5002927 0.8896371 3.655323e-05 0.4566682 0.8889371 1.369969e-05 0.4580292 0.9142081 4.34752e-05 0.405245 0.9095698 -4.435339e-05 0.4155512 0.9329934 4.541685e-05 0.3598936 0.9285111 -4.275865e-05 0.3713045 0.9495299 2.647347e-05 0.3136764 0.9456092 -6.217534e-05 0.3253049 0.9637747 1.135926e-05 0.2667178 0.9602162 -7.776917e-05 0.2792577 0.975702 7.690696e-07 0.2191014 0.9722993 -0.000100361 0.233739 0.9852788 2.67783e-06 0.1709554 0.9822762 -0.0001088316 0.1874393 0.9924785 1.545783e-05 0.1224192 0.9901479 -0.0001058044 0.1400251 0.9972906 3.914436e-05 0.0735625 0.9956888 -8.279423e-05 0.09275648 0.9996989 4.78933e-05 0.02454 0.9986273 -4.132813e-05 0.05237862 0.9998448 0 0.01762066 0.6355166 -0.0001018144 0.7720872 0.6687521 -0.0001024927 0.7434855 0.7338597 -0.0002836991 0.679301 0.7774391 -0.0002036907 0.6289583 0.8143248 -0.000149689 0.5804095 0.8392332 -0.0004492889 0.5437715 0.8634411 -0.0006444522 0.5044492 0.8658292 -0.0003600562 0.5003396 0.8476045 -0.0001077472 0.5306285 0.8457599 -0.0003866478 0.5335636 0.8292004 -0.0004017921 0.5589512 0.8126749 -0.0002374198 0.5827172 0.7906266 -0.0001191606 0.6122986 0.7864072 0.0001406444 0.6177084 0.8045307 0.0001349714 0.593911 0.8190819 0.0004697665 0.5736765 0.8571514 0.0001563895 0.5150645 -0.9916883 0 -0.1286635 -0.9918059 -0.0001779675 -0.1277542 -0.9968917 -0.0003418085 -0.07878421 -0.9966716 0.0001710243 -0.08152208 -0.9995613 -0.0004930717 -0.02961419 -0.999415 0.0003291351 -0.03419905 -0.9998072 -0.0006296394 0.01962685 -0.9999126 0.0004723255 0.01321017 -0.9976295 -0.0007516752 0.06880961 -0.9981632 0.0006020375 0.06057922 -0.9930325 -0.0008604204 0.1178376 -0.994171 0.0007186591 0.1078127 -0.9879448 0.0008197834 0.1548045 -0.9860284 -0.000955212 0.166574 -0.9794981 0.0009068085 0.2014509 -0.9766329 -0.001035927 0.2149119 -0.9688494 0.0009794494 0.2476487 -0.9648715 -0.00110075 0.26272 -0.9560272 0.001039008 0.2932762 -0.9507683 -0.001153264 0.3099006 -0.9410519 0.001082928 0.3382605 -0.9343624 -0.001189892 0.3563223 -0.9239672 0.001113656 0.3824701 -0.9156922 -0.00121308 0.4018783 -0.9048035 0.001130504 0.425828 -0.8947981 -0.001222104 0.4464694 -0.8836032 0.001133146 0.4682352 -0.8717349 -0.001216606 0.4899764 -0.8604263 0.001120772 0.5095736 -0.8465597 -0.001199908 0.5322924 -0.835304 0.001094798 0.5497873 -0.8193363 -0.001166855 0.573312 -0.8083144 0.001056931 0.5887501 -0.7901225 -0.001120905 0.6129479 -0.7795051 0.001004977 0.626395 -0.7589873 -0.001062562 0.6511047 -0.7489362 0.000939354 0.6626415 -0.7260212 -0.0009901057 0.6876715 -0.6912936 -0.0009062372 0.7225734 -0.7166983 0.0008609973 0.6973829 -0.654884 -0.0008079185 0.7557289 -0.6828349 0.0007711699 0.7305723 -0.6168897 -0.0006988642 0.7870492 -0.6474463 0.0006677664 0.7621108 -0.5774068 -0.000578341 0.8164564 -0.6106012 0.0005514062 0.7919379 -0.536509 -0.0004439018 0.8438945 -0.5723763 0.0004254444 0.819991 -0.5322729 0 0.8465728 -0.4943231 -0.0002140566 0.8692781 -0.5331941 0.0002210029 0.8459929 -0.4509362 -0.0001967933 0.8925562 -0.4903364 0.0001930366 0.8715332 -0.4064631 -0.0001786061 0.9136671 -0.4472292 0.0001755694 0.8944194 -0.3609774 -0.0001598281 0.9325745 -0.4030647 0.0001581915 0.9151715 -0.3146469 -0.0001412628 0.9492088 -0.3579243 0.0001395322 0.9337506 -0.267544 -0.0001218354 0.9635457 -0.3119488 0.0001211603 0.9500989 -0.2652322 0.0001017983 0.9641846 -0.2197924 -0.000102643 0.9755467 -0.2178766 8.21361e-05 0.9759763 -0.1714992 -8.29394e-05 0.9851843 -0.1699841 6.311821e-05 0.9854468 -0.1227966 -6.177933e-05 0.9924319 -0.121719 4.229808e-05 0.9925646 -0.07379416 -4.174783e-05 0.9972734 -0.07315042 2.069127e-05 0.9973209 -0.02462377 -2.174095e-05 0.9996968 -0.02440109 0 0.9997023 0 -1 0 0 -1 0 -0 -0.999701 -0.0244487 -2.771874e-06 -0.997309 -0.07331334 3.257078e-06 -0.9996988 -0.02454093 -5.949905e-06 -0.9925314 -0.1219895 6.078725e-06 -0.9972904 -0.07356423 -9.134349e-06 -0.9853801 -0.1703705 8.848736e-06 -0.9924797 -0.1224084 -1.210846e-05 -0.9758725 -0.2183413 1.176764e-05 -0.985278 -0.1709601 -1.471826e-05 -0.9640251 -0.2658114 1.501972e-05 -0.975702 -0.2191017 -1.763435e-05 -0.9498752 -0.3126294 1.791761e-05 -0.9637746 -0.2667183 -2.094294e-05 -0.9334557 -0.3586927 2.040297e-05 -0.9495306 -0.3136746 2.358637e-05 -0.9329911 -0.3598994 -2.345817e-05 -0.9147968 -0.4039144 2.616652e-05 -0.9142118 -0.4052369 -2.660208e-05 -0.8939553 -0.448156 2.93378e-05 -0.8932209 -0.449618 -2.904068e-05 -0.8709708 -0.4913347 3.202018e-05 -0.8700888 -0.4928949 -3.19897e-05 -0.8459076 -0.5333294 3.514972e-05 -0.8448511 -0.5350014 -3.463875e-05 -0.818731 -0.5741773 3.313665e-05 -0.8175855 -0.5758073 -3.330296e-05 -0.7895156 -0.6137305 3.142237e-05 -0.788349 -0.6152282 -3.165278e-05 -0.7583835 -0.6518086 2.96815e-05 -0.7572122 -0.6531689 -3.003847e-05 -0.7254102 -0.6883169 2.824232e-05 -0.7242376 -0.6895505 -2.805681e-05 -0.6906968 -0.7231444 2.650043e-05 -0.6895463 -0.7242416 -2.641836e-05 -0.6542932 -0.756241 2.448877e-05 -0.6531731 -0.7572086 -2.499535e-05 -0.6163301 -0.7874879 2.29721e-05 -0.6152335 -0.788345 -2.30909e-05 -0.5768605 -0.8168426 2.142673e-05 -0.5758073 -0.8175855 -2.117747e-05 -0.5359911 -0.8442237 -1.976188e-05 -0.4938293 -0.8695588 1.937792e-05 -0.5350014 -0.8448511 -1.829545e-05 -0.4504916 -0.8927807 1.73574e-05 -0.4928985 -0.8700868 -1.618093e-05 -0.4060352 -0.9138574 1.597615e-05 -0.4496112 -0.8932244 -1.40913e-05 -0.36061 -0.9327167 1.454352e-05 -0.405229 -0.9142153 -1.240376e-05 -0.3143126 -0.9493195 1.271322e-05 -0.3598937 -0.9329933 -1.0849e-05 -0.2672552 -0.9636258 1.073357e-05 -0.3136846 -0.9495272 -9.26135e-06 -0.2195557 -0.9755999 8.758904e-06 -0.2667161 -0.9637751 -7.416608e-06 -0.1713191 -0.9852157 7.022275e-06 -0.2191035 -0.9757017 -5.690748e-06 -0.1226599 -0.9924489 5.171722e-06 -0.1709668 -0.9852768 -4.044759e-06 -0.07373071 -0.9972783 3.209512e-06 -0.1224095 -0.9924797 -1.765763e-06 -0.02458253 -0.9996978 1.878409e-06 -0.07356362 -0.9972906 -0 -0.0245327 -0.999699 0 -1 0 0 -1 0 1 0 0 1 0 0 1 0 0 1 0 0 1 0 0 1 0 0 1 0 0 1 0 0 1 0 0 1 0 0 1 0 0 1 0 0 1 0 0 1 0 0 1 0 0 1 0 0 1 0 0 1 0 0 1 0 0 1 0 0 1 0 0 1 0 0 1 0 0 1 0 0 1 0 0 1 0 0 1 0 0 1 0 0 1 0 0 1 0 0 1 0 0 1 0 0 1 0 0 1 0 0 1 0 0 1 0 0 1 0 0 1 0 0 1 0 0 1 0 0 1 0 0 1 0 0 1 0 0 1 0 0 1 0 0 1 0 0 1 0 0 1 0 0 1 0 0 1 0 0 1 0 0 1 0 0 1 0 0 1 0 0 1 0 0 1 0 0 1 0 0 1 0 0 1 0 0 1 0 0 1 0 0 1 0 0 1 0 0 1 0 0 1 0 0 1 0 0 1 0 0 1 0 0 1 0 0 1 0 0 1 0 0 1 0 0 1 0 0 1 0 0 1 0 0 1 0 0 1 0 0 1 0 0 1 0 -0 -0 -1 0 0 -1 -0 -1 0 0 -1 0 0 -1 0 0 -1 0 0 -1 0 0 -1 0 0 -1 0 0 -1 0 0 -1 0 0 -1 0 0 -1 0 0 -1 0 0 -1 0 0 -1 0 0 -1 0 0 -1 0 0 -1 0 0 -1 0 0 -1 0 0 -1 0 0 -1 0 0 -1 0 0 -1 0 0 -1 0 0 -1 0 0 -1 0 0 -1 0 0 -1 0 0 -1 0 0 -1 0 0 -1 0 0 -1 0 0 -1 0 0 -1 0 -0 -1 0 0 -1 0 0 -1 0 0 -1 0 0 -1 0 0 -1 0 0 -1 0 0 -1 0 -0 -1 0 0 -1 0 0 -1 0 0 -1 0 0 -1 0 0 -1 0 0 -1 0 0 -1 0 0 -1 0 0 -1 0 0 -1 0 0 -1 0 0 -1 0 0 -1 0 0 -1 0 0 -1 0 0 -1 0 0 -1 0 0 -1 0 0 -1 0 0 -1 0 0 -1 0 0 -1 0 0 -1 0 0 -1 0 0 -1 0 0 -1 0 0 -1 0 0 -1 0 0 -1 0 0 -1 0 0 -1 0 0 -1 0 0 -1 0 0 -1 0 0 -1 0 0 -1 0 0 -0.9996889 -0.02494096 0 -0.997206 -0.07470018 0 -0.9996889 -0.02494096 0 -0.997206 -0.07470018 0 -0.9922364 -0.1243662 0 -0.9922364 -0.1243662 -0 -0.9848088 -0.1736422 0 -0.9848088 -0.1736422 -0 -0.9749305 -0.2225099 0 -0.9626191 -0.270859 0 -0.9749305 -0.2225099 -0 -0.9626191 -0.270859 0 -0.9479309 -0.3184761 0 -0.9308757 -0.3653361 0 -0.9479309 -0.3184761 -0 -0.9308757 -0.3653361 0 -0.9115002 -0.4112997 0 -0.9115002 -0.4112997 -0 -0.8898709 -0.4562122 0 -0.8660312 -0.49999 0 -0.8898709 -0.4562122 -0 -0.8660312 -0.49999 0 -0.8400272 -0.5425444 0 -0.8400272 -0.5425444 0 -0.8119411 -0.5837395 -0 -0.8119411 -0.5837395 0 -0.7818293 -0.6234926 -0 -0.7818293 -0.6234926 0 -0.7497718 -0.6616966 -0 -0.7497718 -0.6616966 0 -0.7158804 -0.6982229 -0 -0.7158804 -0.6982229 0 -0.6801717 -0.7330528 -0 -0.6801717 -0.7330528 0 -0.6427664 -0.7660623 -0 -0.6427664 -0.7660623 0 -0.6038123 -0.7971265 0 -0.6038123 -0.7971265 0 -0.5633283 -0.8262332 -0 -0.5633283 -0.8262332 0 -0.5214364 -0.8532901 -0 -0.5214364 -0.8532901 0 -0.4782517 -0.8782229 -0 -0.4782517 -0.8782229 0 -0.4338828 -0.9009693 0 -0.4338828 -0.9009693 -0 -0.3884387 -0.9214746 0 -0.3884387 -0.9214746 -0 -0.3420182 -0.9396933 0 -0.3420182 -0.9396933 -0 -0.2947567 -0.9555724 0 -0.2947567 -0.9555724 -0 -0.2467456 -0.9690803 0 -0.2467456 -0.9690803 -0 -0.1981519 -0.9801713 0 -0.1981519 -0.9801713 -0 -0.1490348 -0.988832 0 -0.09957946 -0.9950296 0 -0.1490348 -0.988832 -0 -0.09957946 -0.9950296 0 -0.04985214 -0.9987566 0 0 -1 0 -0.04985214 -0.9987566 -0 0.04985062 -0.9987567 0 -0 -1 0 0.04985062 -0.9987567 0 0.09957946 -0.9950296 0 0.09957946 -0.9950296 0 0.1490348 -0.988832 0 0.1490348 -0.988832 0 0.1981519 -0.9801713 0 0.2467456 -0.9690803 0 0.1981519 -0.9801713 0 0.2467456 -0.9690803 0 0.2947653 -0.9555697 0 0.2947653 -0.9555697 0 0.3420084 -0.9396969 0 0.3420084 -0.9396969 0 0.3884387 -0.9214746 0 0.3884387 -0.9214746 0 0.4338828 -0.9009693 0 0.4338828 -0.9009693 0 0.4782517 -0.8782229 0 0.4782517 -0.8782229 0 0.5214364 -0.8532901 0 0.5214364 -0.8532901 0 0.5633283 -0.8262332 0 0.5633283 -0.8262332 0 0.6038123 -0.7971265 0 0.6038123 -0.7971265 0 0.6427814 -0.7660496 0 0.6427814 -0.7660496 0 0.6801717 -0.7330528 0 0.6801717 -0.7330528 0 0.7158651 -0.6982386 0 0.7158651 -0.6982386 0 0.7497718 -0.6616966 0 0.7497718 -0.6616966 0 0.7818293 -0.6234926 0 0.7818293 -0.6234926 0 0.8119411 -0.5837395 0 0.8119411 -0.5837395 0 0.8400272 -0.5425444 0 0.8400272 -0.5425444 0 0.8660312 -0.49999 0 0.8660312 -0.49999 0 0.8898709 -0.4562122 0 0.8898709 -0.4562122 0 0.9115002 -0.4112997 0 0.9115002 -0.4112997 0 0.9308757 -0.3653361 0 0.9308757 -0.3653361 0 0.9479309 -0.3184761 0 0.962627 -0.2708307 0 0.9479309 -0.3184761 0 0.962627 -0.2708307 0 0.9749238 -0.2225389 0 0.9749238 -0.2225389 0 0.9848088 -0.1736422 0 0.9922402 -0.124336 0 0.9848088 -0.1736422 0 0.9922402 -0.124336 0 0.9972038 -0.07473061 0 0.9972038 -0.07473061 0 0.9996889 -0.02494096 0 0.9996889 -0.02494096 0 0.9996889 0.02494096 0 0.9996889 0.02494096 0 0.9972036 0.07473289 0 0.9972036 0.07473289 0 0.9922402 0.124336 -0 0.9922402 0.124336 0 0.9848097 0.1736369 0 0.9848097 0.1736369 0 0.9749238 0.2225389 0 0.9749238 0.2225389 0 0.9626247 0.2708386 -0 0.9626247 0.2708386 0 0.9479309 0.3184761 -0 0.9479309 0.3184761 0 0.9308757 0.3653361 0 0.9308757 0.3653361 0 0.9115053 0.4112883 -0 0.9115053 0.4112883 0 0.8898646 0.4562247 -0 0.8898646 0.4562247 0 0.8660312 0.49999 0 0.8660312 0.49999 0 0.8400272 0.5425444 0 0.8119411 0.5837395 -0 0.8400272 0.5425444 0 0.8119411 0.5837395 0 0.7818293 0.6234926 0 0.7497852 0.6616814 -0 0.7818293 0.6234926 0 0.7497852 0.6616814 0 0.7158502 0.6982539 0 0.6801717 0.7330528 -0 0.7158502 0.6982539 0 0.6801717 0.7330528 0 0.6427994 0.7660345 0 0.6427994 0.7660345 0 0.6037928 0.7971413 0 0.6037928 0.7971413 0 0.5633283 0.8262332 0 0.5633283 0.8262332 0 0.5214364 0.8532901 0 0.5214364 0.8532901 0 0.4782517 0.8782229 0 0.4338828 0.9009693 -0 0.4782517 0.8782229 0 0.4338828 0.9009693 0 0.3884387 0.9214746 0 0.3884387 0.9214746 0 0.3420084 0.9396969 0 0.3420084 0.9396969 0 0.2947653 0.9555697 0 0.2947653 0.9555697 0 0.2467456 0.9690803 -0 0.2467456 0.9690803 0 0.1981519 0.9801713 0 0.1981519 0.9801713 0 0.1490647 0.9888275 0 0.09954916 0.9950327 -0 0.1490647 0.9888275 0 0.09954916 0.9950327 0 0.04985062 0.9987567 0 0 1 0 0.04985062 0.9987567 0 -0 1 0 -0.04985214 0.9987566 0 -0.04985214 0.9987566 0 -0.09954916 0.9950327 0 -0.09954916 0.9950327 0 -0.1490647 0.9888275 0 -0.1490647 0.9888275 0 -0.1981519 0.9801713 0 -0.1981519 0.9801713 0 -0.2467456 0.9690803 0 -0.2467456 0.9690803 0 -0.2947567 0.9555724 0 -0.2947567 0.9555724 0 -0.3420182 0.9396933 0 -0.3420182 0.9396933 0 -0.3884387 0.9214746 0 -0.4338828 0.9009693 0 -0.3884387 0.9214746 0 -0.4338828 0.9009693 0 -0.4782517 0.8782229 0 -0.5214364 0.8532901 0 -0.4782517 0.8782229 0 -0.5214364 0.8532901 0 -0.5633283 0.8262332 0 -0.6037928 0.7971413 0 -0.5633283 0.8262332 0 -0.6037928 0.7971413 0 -0.6427844 0.7660472 0 -0.6801717 0.7330528 0 -0.6427844 0.7660472 0 -0.6801717 0.7330528 0 -0.7158655 0.6982382 0 -0.7158655 0.6982382 0 -0.7497852 0.6616814 0 -0.7497852 0.6616814 0 -0.7818293 0.6234926 0 -0.7818293 0.6234926 0 -0.8119411 0.5837395 0 -0.8119411 0.5837395 0 -0.8400272 0.5425444 0 -0.8400272 0.5425444 0 -0.8660312 0.49999 0 -0.8660312 0.49999 0 -0.8898646 0.4562247 0 -0.8898646 0.4562247 0 -0.9115053 0.4112883 0 -0.9115053 0.4112883 0 -0.9308757 0.3653361 0 -0.9308757 0.3653361 0 -0.9479309 0.3184761 0 -0.9479309 0.3184761 0 -0.9626168 0.270867 0 -0.9626168 0.270867 0 -0.9749305 0.2225099 0 -0.9749305 0.2225099 0 -0.9848097 0.1736369 0 -0.9848097 0.1736369 0 -0.9922364 0.1243662 0 -0.9922364 0.1243662 0 -0.9972059 0.07470246 0 -0.9972059 0.07470246 0 -0.9996889 0.02494096 0 -0.9996889 0.02494096 0 0 -0.9997011 -0.02444871 -3.257102e-06 -0.9996988 -0.02454094 -6.07877e-06 -0.9972905 -0.07356424 2.771858e-06 -0.997309 -0.07331334 -8.8488e-06 -0.9924798 -0.1224084 5.949917e-06 -0.9925314 -0.1219895 -1.176771e-05 -0.985278 -0.17096 9.134866e-06 -0.9853801 -0.1703705 -1.501983e-05 -0.975702 -0.2191017 1.210821e-05 -0.9758725 -0.2183412 -1.791774e-05 -0.9637746 -0.2667183 1.471827e-05 -0.9640251 -0.2658114 -2.040312e-05 -0.9495305 -0.3136746 1.763447e-05 -0.9498752 -0.3126294 -2.358654e-05 -0.9329911 -0.3598994 2.094297e-05 -0.9334556 -0.3586927 2.34581e-05 -0.9147967 -0.4039144 -2.616671e-05 -0.9142118 -0.4052369 2.660296e-05 -0.8939553 -0.448156 -2.933797e-05 -0.893221 -0.449618 2.904015e-05 -0.8709708 -0.4913347 -3.202045e-05 -0.8700889 -0.4928949 3.199014e-05 -0.8459076 -0.5333294 -3.514997e-05 -0.8448511 -0.5350015 3.463884e-05 -0.818731 -0.5741773 -3.313688e-05 -0.8175855 -0.5758073 -3.142259e-05 -0.7883491 -0.6152282 3.330384e-05 -0.7895156 -0.6137305 3.16533e-05 -0.7583836 -0.6518086 -2.968171e-05 -0.7572123 -0.6531689 -2.824252e-05 -0.7242376 -0.6895505 3.003747e-05 -0.7254102 -0.6883169 -2.650063e-05 -0.6895463 -0.7242416 2.805782e-05 -0.6906968 -0.7231444 -2.448895e-05 -0.6531731 -0.7572087 2.641783e-05 -0.6542932 -0.7562409 -2.297226e-05 -0.6152335 -0.788345 2.499513e-05 -0.6163301 -0.7874879 -2.142685e-05 -0.5758073 -0.8175855 2.309103e-05 -0.5768606 -0.8168426 -1.937806e-05 -0.5350015 -0.8448511 2.117786e-05 -0.535991 -0.8442237 -1.735753e-05 -0.4928986 -0.8700868 1.976229e-05 -0.4938294 -0.8695588 -1.597628e-05 -0.4496112 -0.8932244 1.829582e-05 -0.4504916 -0.8927807 -1.454364e-05 -0.405229 -0.9142152 1.618002e-05 -0.4060352 -0.9138575 -1.271332e-05 -0.3598937 -0.9329934 1.409104e-05 -0.36061 -0.9327167 -1.073365e-05 -0.3136847 -0.9495272 1.240398e-05 -0.3143126 -0.9493195 -8.758979e-06 -0.2667161 -0.9637752 1.084929e-05 -0.2672552 -0.9636258 -7.022325e-06 -0.2191035 -0.9757016 9.261603e-06 -0.2195557 -0.9755999 -5.171759e-06 -0.1709668 -0.9852768 7.416298e-06 -0.1713191 -0.9852156 -3.209535e-06 -0.1224095 -0.9924796 5.690759e-06 -0.1226598 -0.9924488 -1.878423e-06 -0.07356363 -0.9972906 4.044823e-06 -0.07373071 -0.9972782 -0 -0.0245327 -0.999699 1.765745e-06 -0.02458253 -0.9996978 0.4254975 0 0.9049596 0.4272677 -0.0001728379 0.9041252 0.4702029 -0.0003135492 0.8825583 0.4650466 0.0001561677 0.8852862 0.5120517 -0.00042551 0.8589545 0.5036561 0.0002833444 0.8639042 0.5527353 -0.0005069673 0.8333567 0.5413119 0.0003792303 0.8408217 0.592117 -0.0005569509 0.8058518 0.5779086 0.0004442788 0.8161014 0.6301511 -0.000577386 0.7764723 0.6133642 0.000480557 0.7898 0.6667306 -0.0005801414 0.7452986 0.6477454 0.0004920293 0.7618567 0.6476459 0 0.7619414 0.7017611 -0.0005645819 0.7124121 0.6813537 0.0005256117 0.7319542 0.7351654 -0.0005375543 0.6778875 0.7144294 0.0005046928 0.6997073 0.7668845 -0.0005063948 0.641785 0.7459302 0.0004769578 0.666024 0.7968261 -0.0004667081 0.6042086 0.775879 0.0004413298 0.6308817 0.8041643 0.0003997593 0.594407 0.8249442 -0.0004199462 0.565214 0.8307302 0.0003482082 0.5566751 0.8511291 -0.0003682674 0.5249564 0.8555405 0.0002931986 0.5177358 0.8753765 -0.0003063432 0.4834417 0.8785121 0.000227842 0.4777201 0.8975775 -0.0002405183 0.4408568 0.899621 0.0001580096 0.4366717 0.9177314 -0.0001654449 0.3972015 0.9188158 7.904389e-05 0.3946866 0.9357411 -8.504171e-05 0.3526875 0.9360498 -3.588208e-06 0.3518675 0.9512842 5.224247e-06 0.3083154 0.9516105 -9.27349e-05 0.3073066 0.9652752 -0.0001723157 0.2612349 0.9645038 8.766113e-05 0.2640692 0.976706 -0.0002444703 0.2145818 0.9756576 0.0001646092 0.2192997 0.9858887 -0.0003117083 0.1674021 0.9847346 0.0002344665 0.1740626 0.9927923 -0.0003697182 0.1198469 0.9917206 0.0002948216 0.1284141 0.9974024 -0.0004216853 0.07203028 0.9965877 0.0003494548 0.08254033 0.9997111 -0.0005456646 0.02402789 0.9990032 0.0002085509 0.04463777 0.9998896 0 0.01486475 1 -0 0 1 0 0 1 0 0 1 0 0 1 0 0 1 0 0 1 0 0 1 0 0 1 0 0 1 0 0 1 0 0 1 0 0 1 0 0 1 0 0 1 0 0 1 0 0 1 0 0 1 0 0 1 0 0 1 0 0 1 0 0 1 0 0 1 0 0 1 0 0 1 0 0 1 0 0 1 0 0 1 0 0 1 0 0 1 0 0 0 0 -1 0 -0 -1 -1 -0 0 -1 0 0 -1 0 0 -1 0 0 -1 0 0 -1 0 0 -1 0 0 -1 0 0 -1 -0 0 -1 -0 0 -1 -0 0 -1 -0 0 -1 -0 0 -1 -0 0 -1 -0 0 -1 -0 0 -1 -0 0 -1 -0 0 -1 -0 0 -1 -0 0 -1 -0 0 -1 -0 0 -1 -0 0 -1 -0 0 -1 -0 0 -1 -0 0 -1 -0 0 -1 -0 0 -1 -0 0 -1 0 0 0 0 1 0 0 1 -0 0 -1 -0 -0 -1 0 -1 0 0 -1 0 0 0 1 0 0 1 0 0 1 0 0 1 0 0 1 0 0 1 0 0 1 0 -0 1 -0.06640038 0.9977844 -0.004155377 -0.0643337 0.9979275 -0.001387511 -0.06226097 0.9980599 0 -0.06435291 0.9979272 -4.202922e-05 -0.0644119 0.9979234 -0.0001466081 -0.06450482 0.9979174 -0.0002942678 -0.0646484 0.997908 -0.0004950482 -0.0648421 0.9978952 -0.0007368342 -0.06510151 0.9978781 -0.001032192 -0.06544522 0.9978552 -0.001394906 -0.06593633 0.997822 -0.001882524 -0.06662486 0.9977748 -0.002531623 -0.04951953 0.9986242 -0.01724522 -0.05075666 0.9986007 -0.01484734 -0.05176678 0.9985752 -0.01295862 -0.05264568 0.9985484 -0.01137897 -0.05344417 0.9985207 -0.01000483 -0.05414673 0.9984937 -0.008851426 -0.0548089 0.9984663 -0.007817716 -0.05542976 0.9984388 -0.0068986 -0.05604307 0.9984101 -0.006039912 -0.05663215 0.9983812 -0.005266375 -0.057145 0.9983551 -0.004636333 -0.06383203 0.9979607 0 -0.05761521 0.9983304 -0.00409427 -0.05807413 0.9983058 -0.003602884 -0.05848819 0.998283 -0.003189009 -0.05887837 0.9982612 -0.002826718 -0.0592604 0.9982395 -0.002496036 -0.05965252 0.9982169 -0.002180989 -0.06001228 0.9981958 -0.001913462 -0.06032389 0.9981774 -0.001698041 -0.06060365 0.9981608 -0.001517648 -0.06086846 0.9981449 -0.001357649 -0.06111183 0.9981301 -0.001219284 -0.0613991 0.9981127 -0.001067724 -0.06165834 0.9980968 -0.0009407558 -0.06190394 0.9980817 -0.0008282461 -0.05824234 0.9983025 0.0002380865 -0.05848073 0.9982884 0.0006694333 -0.05871376 0.9982744 0.001051882 -0.05085899 0.9987021 0.002735649 -0.05111764 0.9986869 0.003404494 -0.05138584 0.9986706 0.004044806 -0.04066171 0.9988372 -0.02590056 -0.05166039 0.9986538 0.004652409 -0.05193411 0.9986369 0.005215703 -0.05218431 0.9986212 0.005699323 -0.05240141 0.9986075 0.006096662 -0.04767555 0.9987672 0.01382339 -0.04740931 0.9987701 0.01451832 -0.04716442 0.9987715 0.01519594 -0.0469466 0.9987718 0.01583594 -0.04674811 0.9987711 0.0164578 -0.04656717 0.9987693 0.01706508 -0.0464111 0.9987668 0.01762877 -0.04626285 0.9987633 0.01820779 -0.04614396 0.9987594 0.0187136 -0.04602358 0.9987544 0.01927551 -0.04596006 0.9987509 0.01960304 -0.04591116 0.9987477 0.01988477 -0.04586353 0.9987435 0.02019439 -0.04581564 0.9987385 0.02055091 -0.04578429 0.9987343 0.02082387 -0.04574666 0.9987277 0.02121744 -0.04572413 0.9987224 0.02151269 -0.04570466 0.9987159 0.02185368 -0.04569078 0.9987085 0.02222089 -0.03805969 0.9985695 0.03755661 -0.02440945 0.9997019 0.0004739199 -0.04405113 0.9989702 0.01086651 -0.04371197 0.9989734 0.0118879 -0.04338946 0.9989748 0.012913 -0.04308526 0.9989742 0.01393644 -0.04279485 0.9989717 0.01497263 -0.04252255 0.9989673 0.01600448 -0.04225796 0.9989609 0.01707272 -0.04200139 0.9989522 0.01817799 -0.04175754 0.9989414 0.01930207 -0.04824364 0.998835 -0.001117834 -0.02285513 0.9997387 -0.0002370652 -0.008136966 0.9999668 0.0002541466 -0.007619022 0.999971 0 1 0 0 1 0 0 0 1 0 0 1 0 0 1 0 0 1 0 0 1 0 0 1 0 0 1 0 0 1 0 0 1 0 0 1 0 0 1 0 0 1 0 0 1 0 0 1 0 0 1 0 0 1 0 0 1 0 0 1 0 0 1 0 1 0 0 1 0 0 1 0 0 1 0 0 1 0 0 1 0 0 1 0 0 1 0 0 1 0 0 1 0 0 1 0 0 1 0 0 1 0 0 1 0 0 1 0 0 1 0 0 1 0 0 1 0 0 1 0 0 1 0 0 0 -1 0 0 -1 0 0 -1 0 0 -1 0 0 -0 1 0 0 1 0 1 0 0 1 0 0 0 1 0 0 1 0 0 1 0 0 1 0 0 1 0 0 1 0 0 1 0 0 1 0 0 1 0 0 1 0 0 1 0 0 1 0 0 1 0 0 1 0 0 1 0 0 1 0 0 1 0 0 1 0 0 1 0 0 1 0 0 1 0 0 1 0 0 1 0 0 1 0 0 1 0 0 1 0 0 1 0 0 1 0 0 1 0 0 1 0 0 1 0 0 1 0 0 1 0 0 1 0 0 1 0 0 1 0 0 1 0 0 1 0 0 1 0 0 1 0 0 1 0 0 1 0 0 1 0 0 1 0 0 1 0 0 1 0 0 1 0 0 1 0 0 1 0 0 1 0 0 1 0 0 1 0 0 1 0 0 1 0 0 1 0 0 1 0 0 1 0 0 1 0 0 1 0 0 1 0 0 1 0 0 1 0 0 1 0 0 1 0 0 1 0 0 1 0 0 1 0 0 1 0 0 1 0 0 1 0 0 1 0 0 1 0 0 1 0 0 1 0 0 1 0 0 1 0 0 1 0 0 1 0 0 1 0 0 1 0 0 1 0 0 1 0 0 1 0 0 1 0 0 1 0 0 1 0 0 1 0 0 1 0 0 1 0 0 1 0 0 1 0 0 1 0 0 1 0 0 1 0 0 1 0 -0 1 0 0 1 0 0 1 0 0 1 0 0 1 0 0 1 0 0 1 0 0 1 0 0 1 0 0 1 0 0 1 0 0 1 0 0 1 0 0 1 0 0 1 0 -0 1 0 0 1 0 0 1 0 0 1 0 0 1 0 0 1 0 0 1 0 0 1 0 0 1 0 0 1 0 0 1 0 -0 1 0 0 1 0 0 1 -1 0 0 -1 0 0 -1 0 0 -1 0 0 -1 0 0 -1 0 0 -1 0 0 -1 0 0 -1 0 0 -1 0 0 -1 0 0 -1 0 0 -1 0 0 -1 0 0 -1 0 0 -1 0 0 -1 -0 0 -1 -0 0 -1 -0 0 -1 -0 0 -1 -0 0 -1 0 0 0.06226097 0.9980599 -0 0.06433406 0.9979275 -0.001387759 0.06640001 0.9977845 -0.004154617 0.06436106 0.9979267 -5.837354e-05 0.06445564 0.9979205 -0.0002191145 0.06457128 0.9979131 -0.0003905992 0.06471714 0.9979035 -0.0005834762 0.06492971 0.9978895 -0.0008385827 0.06521632 0.9978705 -0.001155659 0.06556607 0.9978471 -0.001517246 0.0660782 0.9978124 -0.002017931 0.06684352 0.9977598 -0.002732965 0.008136966 0.9999668 0.0002541466 0.007619022 0.999971 0 0.06182024 0.9980869 -0.0008657469 0.0615706 0.9981022 -0.0009827309 0.06131766 0.9981177 -0.001109482 0.06102662 0.9981354 -0.001266718 0.06075513 0.9981517 -0.001424301 0.06044525 0.9981702 -0.001618174 0.06013662 0.9981885 -0.0018256 0.05977696 0.9982097 -0.002086148 0.05940065 0.9982314 -0.002380673 0.06379947 0.9979628 -0 0.05903086 0.9982525 -0.00269205 0.0586804 0.9982723 -0.00300796 0.05833501 0.9982914 -0.003340026 0.05793518 0.9983134 -0.003747992 0.05746653 0.9983383 -0.004261788 0.05697314 0.998364 -0.004843178 0.05646162 0.9983897 -0.005486 0.055892 0.9984173 -0.006247521 0.05527074 0.9984459 -0.007128301 0.05460957 0.9984747 -0.008122937 0.05390712 0.9985031 -0.009238183 0.05313245 0.9985319 -0.01053301 0.05225072 0.9985609 -0.01207932 0.05125876 0.9985887 -0.01389955 0.05029429 0.9986104 -0.01573848 0.04933302 0.9986269 -0.01761851 0.05820151 0.9983049 0.0001561286 0.05836904 0.998295 0.0004695714 0.05854279 0.9982846 0.0007734651 0.04066161 0.9988348 -0.02599465 0.05872563 0.9982736 0.001069241 0.05082498 0.998704 0.00264089 0.05103279 0.9986919 0.00318858 0.02440945 0.9997019 0.0004739199 0.02285513 0.9997387 -0.0002370656 0.051249 0.998679 0.003722108 0.05146682 0.9986658 0.004226663 0.05169409 0.9986517 0.00472212 0.05192524 0.9986374 0.005197409 0.05215949 0.9986228 0.005652633 0.04826429 0.998834 -0.001119214 0.05238087 0.9986088 0.006059923 0.0440833 0.9989699 0.01077252 0.04374385 0.9989733 0.01178932 0.04342026 0.9989747 0.01281271 0.04311334 0.9989743 0.01383956 0.04282502 0.9989721 0.01486204 0.04254677 0.9989678 0.01591036 0.04228259 0.9989616 0.01697008 0.04202564 0.9989531 0.01807003 0.04570173 0.9987149 0.021904 0.04178264 0.9989425 0.01918299 0.03805987 0.9985741 0.03743349 0.04769461 0.998767 0.01377495 0.04571101 0.9987187 0.02171397 0.04743449 0.9987698 0.01445064 0.0457513 0.9987288 0.02115982 0.04719076 0.9987714 0.01512089 0.04578379 0.9987343 0.02082312 0.04696379 0.9987719 0.01578384 0.04583684 0.998741 0.02038222 0.04676652 0.9987712 0.01639809 0.0465845 0.9987696 0.01700476 0.04588798 0.9987458 0.02002795 0.0464214 0.9987671 0.01758946 0.04595553 0.9987506 0.01962768 0.04627952 0.9987637 0.01813954 0.04603055 0.9987547 0.01924001 0.04615472 0.9987599 0.01866603 0 -0 1 0 -0 1 0 -0 1 0 -0 1 0 -0 1 0 -0 1 0 -0 1 0 -0 1 0 -0 1 0 -0 1 0 -0 1 0 -0 1 0 -0 1 0 -0 1 0 -0 1 0 -0 1 0 -0 1 0 -0 1 0 -0 1 0 -0 1 0 -0 1 0 -0 1 0 -0 1 0 -0 1 0 0 1 0 0 1 0 0 1 0 -0 1 0 0 1 0 0 1 0 0 1 0 0 1 0 0 1 0 0 1 0 0 1 0 0 1 0 0 1 0 0 1 0 0 1 0 0 1 0 0 1 0 -0 1 0 -0 1 0 -0 1 0 -0 1 0 -0 1 0 -0 1 0 -0 1 0 -0 1 0 -0 1 0 -0 1 0 -0 1 0 -0 1 0 -0 1 0 0 1 0 0 1 0 -0 1 0 0 1 0 1 -0 0 1 0 0 0 -1 -0 -0 -1 0 0 -1 -0 0 -1 -0 0 -1 -0 0 -1 0 0 -1 0 0 -1 -0.01850089 0 -0.9998288 -0.02454274 -0.002286429 -0.9996962 -0.07356528 -0.002165836 -0.997288 -0.05507478 0.002250444 -0.9984797 -0.1224091 -0.00030625 -0.9924797 -0.0920636 0.003367297 -0.9957474 -0.1295546 0.002768673 -0.9915684 -0.1709616 0.0008040565 -0.9852774 -0.1667781 0.002719428 -0.9859907 -0.2191021 -0.000446837 -0.9757018 -0.20397 0.004825285 -0.9789653 -0.2667136 -0.000967783 -0.9637753 -0.241065 0.005047229 -0.9704959 -0.2781948 0.003458465 -0.9605185 -0.3136809 -0.0006000708 -0.9495282 -0.3154916 0.0003594271 -0.9489284 -0.3532796 0.0008883924 -0.9355174 -0.3598935 -0.002669405 -0.9329896 -0.3913442 0.002128776 -0.9202419 -0.4052379 -0.003698584 -0.9142038 -0.4284369 0.003351911 -0.9035655 -0.4496085 -0.002776833 -0.8932214 -0.4639612 0.003979408 -0.8858467 -0.4929002 -0.0002295451 -0.8700858 -0.4980081 0.003122495 -0.8671668 -0.530863 0.003644543 -0.8474498 -0.534996 0.0008520618 -0.8448542 -0.5626744 0.006327915 -0.8266544 -0.5758079 -0.0005346426 -0.8175848 -0.5934204 0.006607251 -0.8048656 -0.6152309 -0.0009217616 -0.7883465 -0.6232283 0.004230561 -0.7820284 -0.6522616 0.0002321545 -0.7579939 -0.6531736 -0.0006679063 -0.7572079 -0.6808671 0.002273207 -0.7324035 -0.6895345 -0.004495119 -0.7242389 -0.7089027 0.003149765 -0.7052993 -0.7242384 -0.005045271 -0.6895313 -0.7572049 -0.00207575 -0.6531742 -0.7357988 0.003449938 -0.6771915 -0.7611249 0.002311615 -0.6486012 -0.7883484 -9.838113e-05 -0.6152291 -0.785152 0.003570954 -0.6192928 -0.8175831 -0.000712373 -0.5758103 -0.80799 0.007846465 -0.589144 -0.8448537 1.944451e-05 -0.5349975 -0.8296299 0.009074842 -0.55824 -0.8501737 0.006886055 -0.5264574 -0.8700869 0.001383795 -0.4928965 -0.8696865 0.002174281 -0.4935996 -0.893218 -0.003760593 -0.4496081 -0.8882931 0.004738949 -0.4592525 -0.9141893 -0.006562104 -0.4052343 -0.9058615 0.005155541 -0.4235428 -0.9329761 -0.006004895 -0.3598883 -0.9223604 0.004517332 -0.3863041 -0.9495241 -0.003207041 -0.3136777 -0.9381698 0.005412641 -0.346133 -0.9637757 -0.0006803257 -0.266713 -0.9533125 0.008233615 -0.3018736 -0.9757004 0.001517794 -0.2191039 -0.9666918 0.01020154 -0.25574 -0.9776629 0.01089395 -0.2098966 -0.9852744 0.002571117 -0.1709616 -0.9863931 0.009769833 -0.1641134 -0.9924772 0.0022177 -0.1224091 -0.9929771 0.006921161 -0.1181033 -0.9972903 0.0008498852 -0.07356226 -0.9974309 0.003131739 -0.07156753 -0.9996986 -0.0004782091 -0.0245428 -0.9997084 -0 -0.02414697 -1 0 -0 -1 0 0 -1 0 0 -1 0 0 1 0 0 1 -0 0 1 0 0 1 -0 0 0.9998683 0 -0.01623063 0.9996763 -0.006723312 -0.0245367 0.9972823 -0.004008037 -0.07356723 0.9988236 0.004598798 -0.04827288 0.9965283 0.0050113 -0.08310401 0.9924774 0.001350582 -0.1224203 0.9926789 0.003104556 -0.1207438 0.9852775 -0.0005169194 -0.1709621 0.987391 0.009480747 -0.1580161 0.975706 -0.0006710481 -0.219083 0.9807202 0.01149511 -0.195079 0.972625 0.009287682 -0.2321947 0.9637758 0.0007041215 -0.266713 0.9629999 0.00350761 -0.2694785 0.949518 -0.00303246 -0.3136979 0.9517289 0.003644333 -0.3069183 0.9387443 0.004716462 -0.3445822 0.9329748 -0.006554017 -0.3598822 0.9238872 0.004700542 -0.382636 0.9141943 -0.006402208 -0.4052255 0.9074979 0.004499379 -0.4200325 0.8932163 -0.002852665 -0.4496183 0.8900236 0.003290408 -0.4559026 0.8715304 0.003075694 -0.4903319 0.8700852 0.0006124175 -0.4929011 0.8521261 0.007798507 -0.5232785 0.844861 -0.0005617662 -0.5349855 0.8316527 0.009207604 -0.5552198 0.8175806 -0.0004139145 -0.575814 0.8101201 0.007234902 -0.5862193 0.7883453 0.001008448 -0.6152322 0.7873766 0.002239662 -0.6164683 0.7635179 0.003615323 -0.6457766 0.7572117 -0.002827496 -0.6531633 0.7383297 0.003977397 -0.6744283 0.7242299 -0.005103007 -0.6895397 0.7115617 0.002872567 -0.7026178 0.6895389 -0.003932098 -0.724238 0.6835624 0.001270792 -0.729891 0.6531679 -0.001010919 -0.7572125 0.6550574 0.0005849802 -0.7555789 0.6152306 -0.001341245 -0.7883461 0.6260856 0.004862113 -0.7797392 0.5758132 -0.0002864581 -0.8175812 0.5963492 0.006605749 -0.8026979 0.5349929 0.001749867 -0.8448547 0.5656517 0.005759766 -0.8246242 0.5339305 0.002541439 -0.8455245 0.4928977 -0.0008632417 -0.8700868 0.5012686 0.004130166 -0.8652819 0.4496172 -0.002880916 -0.8932167 0.4673336 0.004440098 -0.88407 0.4052385 -0.003336712 -0.9142049 0.4319247 0.003295522 -0.9019037 0.3598916 -0.002765331 -0.9329901 0.3929068 0.002539709 -0.9195748 0.3136772 -0.001754322 -0.949528 0.3484067 0.003310466 -0.9373375 0.2667137 -0.0003930336 -0.9637758 0.3019452 0.004239222 -0.9533159 0.2191021 0.0006785332 -0.9757017 0.2559023 0.004971548 -0.9666899 0.1709634 0.001133328 -0.9852767 0.2100844 0.005057652 -0.9776701 0.1642672 0.004345986 -0.9864063 0.1224084 0.0009378767 -0.9924793 0.1181813 0.002964211 -0.9929876 0.07356546 0.000331248 -0.9972904 0.07156067 0.00130375 -0.9974354 0.0245428 -0.0002093417 -0.9996987 0.02412217 0 -0.999709 -0.9994645 -0.03272266 0 -0.9994645 -0.03272266 -0 -0.9951851 -0.09801305 -0 -0.9951851 -0.09801305 0 -0.9866434 -0.1628949 -0 -0.9866434 -0.1628949 0 -0.973877 -0.2270764 -0 -0.973877 -0.2270764 0 -0.9569391 -0.2902889 -0 -0.9569391 -0.2902889 0 -0.9359043 -0.3522545 -0 -0.9359043 -0.3522545 0 -0.9108639 -0.4127069 -0 -0.9108639 -0.4127069 0 -0.8819239 -0.4713919 -0 -0.8819239 -0.4713919 0 -0.8492005 -0.5280706 -0 -0.8492005 -0.5280706 0 -0.7730165 -0.634386 -0 -0.8128453 -0.5824797 -0 -0.8128453 -0.5824797 0 -0.7730165 -0.634386 -0 -0.7298591 -0.6835977 0 -0.7298591 -0.6835977 -0 -0.6835998 -0.7298571 0 -0.6835998 -0.7298571 -0 -0.6343847 -0.7730176 0 -0.6343847 -0.7730176 -0 -0.5824819 -0.8128436 0 -0.5824819 -0.8128436 -0 -0.5280692 -0.8492013 0 -0.5280692 -0.8492013 -0 -0.4713956 -0.8819218 0 -0.4127032 -0.9108656 -0 -0.4713956 -0.8819218 -0 -0.4127032 -0.9108656 -0 -0.3522518 -0.9359052 0 -0.3522518 -0.9359052 -0 -0.2902871 -0.9569395 -0 -0.2902871 -0.9569395 0 -0.2270742 -0.9738774 -0 -0.2270742 -0.9738774 0 -0.1628957 -0.9866433 -0 -0.1628957 -0.9866433 0 -0.09801739 -0.9951847 -0 -0.09801739 -0.9951847 0 -0.03272039 -0.9994645 -0 -0.03272039 -0.9994645 0 0 -1 0 0 -1 0 0.03271975 -0.9994645 0 0.03271975 -0.9994645 0 0.09802307 -0.9951841 0 0.09802307 -0.9951841 0 0.1628926 -0.9866439 0 0.1628926 -0.9866439 0 0.2270699 -0.9738784 0 0.2270699 -0.9738784 0 0.2902764 -0.9569429 0 0.2902764 -0.9569429 0 0.3522518 -0.9359052 0 0.3522518 -0.9359052 0 0.4127324 -0.9108524 0 0.4127324 -0.9108524 0 0.4713795 -0.8819305 0 0.4713795 -0.8819305 0 0.5280519 -0.8492122 0 0.5280519 -0.8492122 0 0.5825095 -0.8128239 0 0.5825095 -0.8128239 0 0.6343656 -0.7730332 0 0.6343656 -0.7730332 0 0.6835998 -0.7298571 0 0.6835998 -0.7298571 0 0.7298591 -0.6835977 0 0.7298591 -0.6835977 0 0.7730069 -0.6343976 0 0.7730069 -0.6343976 0 0.8128453 -0.5824797 0 0.8128453 -0.5824797 0 0.8492005 -0.5280706 0 0.8492005 -0.5280706 0 0.8819481 -0.4713465 0 0.8819481 -0.4713465 0 0.9108566 -0.4127229 0 0.9108566 -0.4127229 0 0.9359043 -0.3522545 0 0.9359043 -0.3522545 0 0.9569336 -0.2903067 0 0.9569336 -0.2903067 0 0.9866403 -0.1629139 0 0.9738855 -0.2270395 0 0.9738855 -0.2270395 0 0.9866403 -0.1629139 0 0.9951851 -0.09801305 0 0.9951851 -0.09801305 0 0.9994645 -0.03272266 0 0.9994645 -0.03272266 0 0 1 0 0 1 -0 0 1 0 0 1 -0 0 1 0 0 1 0 0 1 -0 0 1 0 0 1 0 0 1 0 0 1 0 0 1 0 0 1 0 0 1 0 0 1 0 0 1 0 0 1 0 0 1 0 0 1 0 0 1 0 0 1 0 0 1 0 0 1 0 0 1 0 0 1 -0 0 1 0 0 1 0 0 1 0 0 1 0 0 1 0 0 1 -0 0 1 0 0 1 -0 0 1 0 0 1 0 0 1 0 0 1 0 0 1 0 0 1 0 0 1 0 0 1 0 0 1 0 0 1 0 0 1 0 0 1 0 0 1 0 0 1 0 0 1 0 0 1 0 0 1 0 0 1 0 0 1 0 0 1 0 0 1 0 0 1 0 0 1 0 0 1 0 0 1 0 0 1 0 0 1 0 0 1 0 0 1 0 0 1 0 0 1 0 0 1 0 0 1 0 0 1 0 0 1 -0 0 1 0 0 1 -0 0 1 0 0 1 0 0 1 -0 0 1 0 0 1 0 0 1 0 0 1 -0 0 1 0 0 1 0 0 1 0 0 1 0 0 1 -0 0 1 0 0 1 0 0 1 0 0 1 0 0 1 0 0 1 0 0 1 -0 0 1 0 0 1 0 0 1 0 0 1 0 0 1 0 0 1 0 0 1 0 0 1 0 0 1 0 0 1 -0 0 1 0 0 1 0 0 1 0 0 1 0 0 1 0 0 1 0 0 1 0 0 1 0 0 1 0 0 1 0 0 1 0 0 1 0 0 1 -0 0 1 0 0 1 0 0 1 0 0 1 -0 0 1 0 0 1 0 0 1 -0 0 1 0 0 1 0 0 1 0 0 1 0 0 1 0 0 1 0 0 1 -0 0 1 0 0 1 0 0 1 0 0 1 -0 0 1 -0 0 1 0 0 1 0 0 1 0 0 -0 1 0 0 1 0 0 1 0 0 1 0 0 1 0 0 1 0 0 1 0 0 1 0 0 1 0 0 1 0 0 1 0 0 1 0 0 1 0 0 1 0 0 1 0 0 1 0 0 1 0 0 1 0 0 1 0 0 1 0 0 1 0 0 1 0 0 1 0 0 1 0 0 1 0 0 1 0 0 1 0 0 1 0 0 1 0 0 1 0 0 1 0 -0 1 0 0 1 0 -0 1 0 0 1 0 -0 1 0 -0 1 0 0 1 0 -0 1 0 -0 1 0 0 1 0 -0 1 0 0 1 0 -0 1 0 0 1 0 -0 1 0 0 1 0 -0 1 0 -0 1 0 0 1 0 -0 1 0 -0 1 0 0 1 0 -0 1 0 0 1 0 -0 1 0 0 1 0 -0 1 0 0 1 0 -0 1 0 -0 1 0 0 1 0 0 1 0 0 1 0 -0 1 0 0 1 0 0 1 0 -0 1 0 0 1 0 0 1 0 0 1 0 0 1 0 0 1 0 -0 1 0 -0 1 0 0 1 0 -0 1 0 0 1 0 0 1 0 0 1 0 0 1 0 0 1 0 -0 1 0 0 1 0 0 1 0 0 1 0 0 1 0 -0 1 0 0 1 0 -0 1 0 0 1 0 0 1 0 -0 1 0 0 1 0 0 1 0 0 1 0 -0 1 0 0 1 0 0 1 0 0 1 0 -0 1 0 0 1 0 0 1 0 -0 1 0 0 1 0 0 1 0 -0 1 0 0 1 0 0 1 0 0 1 0 -0 1 0 0 1 0 0 1 0 0 1 0 -0 1 0 0 1 0 -0 1 0 0 1 -1 0 -0 -1 0 0 -1 0 0 -1 0 0 -0.9997082 0 0.0241568 -0.9996987 0.0005668701 0.02453884 -0.9972891 -0.001016095 0.07357506 -0.9974299 -0.003863468 0.07154519 -0.9924767 -0.002717635 0.1224035 -0.9929648 -0.008457206 0.1181071 -0.9852725 -0.003118604 0.1709629 -0.986376 -0.01194519 0.1640722 -0.9757034 -0.001866129 0.2190878 -0.9776393 -0.01325543 0.2098703 -0.9637751 0.000816664 0.2667152 -0.9666811 -0.01239424 0.2556835 -0.9495159 0.003854625 0.3136953 -0.9533045 -0.009940584 0.301847 -0.9381721 -0.006485297 0.3461084 -0.9329755 0.007167637 0.3598682 -0.9141811 0.007806117 0.4052308 -0.922371 -0.00539616 0.3862675 -0.8932136 0.004454291 0.4496107 -0.9058673 -0.006107987 0.4235174 -0.8882952 -0.005583382 0.459239 -0.8700885 -0.001629331 0.4928929 -0.8696837 -0.002568897 0.4936029 -0.8448505 -1.51064e-05 0.5350024 -0.8502011 -0.008068915 0.526396 -0.8175822 0.0008309461 0.5758112 -0.8296456 -0.01053485 0.558191 -0.7883459 0.000114923 0.6152322 -0.8080052 -0.00905656 0.5891058 -0.7851641 -0.004092064 0.6192742 -0.7572122 0.002368495 0.6531649 -0.7611361 -0.002644901 0.6485869 -0.724229 0.005726276 0.6895357 -0.7358025 -0.003937176 0.6771848 -0.6895313 0.005092041 0.724238 -0.7089224 -0.003567494 0.7052774 -0.6531749 0.0007529206 0.7572067 -0.6808686 -0.002561732 0.7324011 -0.6522609 -0.0002633743 0.7579945 -0.6152294 0.001027239 0.7883475 -0.6232457 -0.004745241 0.7820117 -0.5758128 0.0006003128 0.8175815 -0.5934614 -0.007368335 0.8048287 -0.534999 -0.0009486779 0.8448522 -0.5626971 -0.007027607 0.8266334 -0.5308871 -0.004029653 0.847433 -0.4928961 0.0002514628 0.8700882 -0.4980186 -0.003452542 0.8671595 -0.4496099 0.003045055 0.8932198 -0.4639767 -0.004382899 0.8858365 -0.4052348 0.004051724 0.9142036 -0.4284634 -0.003678602 0.9035516 -0.359894 0.002916141 0.9329887 -0.3913544 -0.002324378 0.9202371 -0.3532795 -0.0009700059 0.9355173 -0.3136797 0.0006497815 0.9495286 -0.3154941 -0.0003949701 0.9489275 -0.2667133 0.001050349 0.9637753 -0.2782187 -0.003758235 0.9605104 -0.2191038 0.0004829286 0.9757014 -0.2410871 -0.005465855 0.9704881 -0.2039929 -0.005213037 0.9789585 -0.1709599 -0.0008688119 0.9852777 -0.1667882 -0.002931153 0.9859884 -0.1295722 -0.002984884 0.9915655 -0.1224122 0.0003300977 0.9924793 -0.09207337 -0.003622105 0.9957456 -0.07356345 0.002325449 0.9972878 -0.05508526 -0.002415947 0.9984787 -0.02454162 0.002452473 0.9996958 -0.01850079 0 0.9998289 0 0 1 0 -0 1 0 0 1 -0 0 1 -0 0 1 -0 0 1 0 0 1 0 0 1 0.02412174 0 0.999709 0.02454143 0.0002241658 0.9996988 0.07356478 -0.0003587186 0.9972903 0.07156901 -0.001399684 0.9974347 0.1224115 -0.001009469 0.9924789 0.1181903 -0.003189714 0.9929858 0.1709615 -0.001222669 0.9852769 0.1642852 -0.004681615 0.9864017 0.2191004 -0.0007367423 0.975702 0.2101112 -0.00546212 0.9776622 0.2667121 0.0004226545 0.9637762 0.2559261 -0.005386371 0.9666813 0.3019647 -0.004607503 0.9533079 0.3136807 0.001908167 0.9495265 0.3484243 -0.003606379 0.9373299 0.3598956 0.003021206 0.9329877 0.4052373 0.003658563 0.9142042 0.3929187 -0.002772259 0.919569 0.4319454 -0.003611501 0.9018925 0.4496098 0.003163927 0.8932195 0.4928981 0.000952312 0.8700866 0.4673483 -0.004889499 0.8840597 0.5012925 -0.00456686 0.8652658 0.5349959 -0.001935537 0.8448525 0.5339371 -0.002810762 0.8455195 0.5758079 0.000311797 0.8175849 0.5656915 -0.006390246 0.8245923 0.6152315 0.001496637 0.788345 0.5963711 -0.007375631 0.8026749 0.6531721 0.001124174 0.7572086 0.6261171 -0.005459114 0.7797101 0.6550537 -0.0006594685 0.755582 0.6895334 0.00444756 0.7242402 0.6835651 -0.001433831 0.7298881 0.7242365 0.005802456 0.6895272 0.7115728 -0.003260778 0.7026048 0.7572025 0.003242249 0.6531721 0.7383364 -0.004519932 0.6744175 0.7635428 -0.004156343 0.6457437 0.7883454 -0.001167217 0.6152318 0.7873787 -0.002582897 0.6164641 0.8175849 0.0004891503 0.5758079 0.8101321 -0.008356389 0.5861877 0.8448551 0.0006453903 0.5349949 0.831681 -0.01069284 0.5551508 0.8700849 -0.0007233322 0.4929013 0.8521338 -0.009126784 0.5232444 0.8715391 -0.003629259 0.4903127 0.8932194 0.003390221 0.4496084 0.8900233 -0.003886993 0.4558986 0.9141843 0.007628164 0.405227 0.9075032 -0.005318662 0.4200113 0.932964 0.007834887 0.3598845 0.9238932 -0.005601894 0.3826095 0.9495213 0.00364837 0.3136815 0.9387438 -0.005659008 0.3445693 0.9517371 -0.004396747 0.3068829 0.9637764 -0.0008277678 0.2667103 0.9629952 -0.004236849 0.269485 0.9757015 0.000830145 0.2191029 0.9726114 -0.01123986 0.2321654 0.985278 0.0006293942 0.1709587 0.9806961 -0.01400439 0.1950363 0.9873766 -0.01161251 0.1579644 0.9924777 -0.001681082 0.122414 0.9926755 -0.003809737 0.1207508 0.9965218 -0.006149868 0.08310485 0.9972783 0.004927363 0.0735639 0.9988189 -0.005643675 0.04826082 0.9996648 0.008256892 0.02453801 0.9998682 0 0.01623499 1 0 0 1 -0 0 1 0 0 1 -0 0 0.9996988 0.02454012 0 0.9996988 0.02454012 0 0.9972907 0.07356214 0 0.9972907 0.07356214 0 0.9924797 0.122409 0 0.9924797 0.122409 0 0.985277 0.1709656 0 0.985277 0.1709656 0 0.9756998 0.2191117 0 0.9756998 0.2191117 0 0.96378 0.2666984 0 0.96378 0.2666984 0 0.9495295 0.3136779 0 0.9495295 0.3136779 0 0.9329901 0.3599021 0 0.9329901 0.3599021 0 0.9142054 0.4052513 0 0.9142054 0.4052513 0 0.8932251 0.4496096 0 0.8932251 0.4496096 0 0.8700928 0.4928879 0 0.8700928 0.4928879 0 0.8448507 0.5350022 0 0.8175834 0.5758102 -0 0.8448507 0.5350022 0 0.8175834 0.5758102 0 0.7883471 0.6152308 0 0.7883471 0.6152308 0 0.7572138 0.6531672 0 0.7572138 0.6531672 0 0.7242412 0.6895467 0 0.7242412 0.6895467 0 0.6895465 0.7242415 0 0.6895465 0.7242415 0 0.653173 0.7572088 0 0.653173 0.7572088 0 0.6152284 0.7883489 0 0.5758108 0.817583 -0 0.6152284 0.7883489 0 0.5758108 0.817583 0 0.5349969 0.8448539 0 0.4928927 0.8700901 -0 0.5349969 0.8448539 0 0.4928927 0.8700901 0 0.4496135 0.8932232 0 0.4496135 0.8932232 0 0.405245 0.9142081 0 0.405245 0.9142081 0 0.3598957 0.9329926 0 0.3136815 0.9495283 -0 0.3598957 0.9329926 0 0.3136815 0.9495283 0 0.2667105 0.9637767 0 0.2667105 0.9637767 0 0.2191011 0.9757021 0 0.2191011 0.9757021 0 0.1709624 0.9852775 0 0.1709624 0.9852775 0 0.1224084 0.9924798 0 0.1224084 0.9924798 0 0.07356491 0.9972904 0 0.07356491 0.9972904 0 0.02454266 0.9996988 0 0.02454266 0.9996988 0 0 1 -0 0 1 0 -0.02454219 0.9996988 0 -0.02454219 0.9996988 0 -0.07356349 0.9972906 0 -0.07356349 0.9972906 0 -0.1224084 0.9924798 0 -0.1224084 0.9924798 0 -0.1709657 0.9852769 0 -0.1709657 0.9852769 0 -0.2191011 0.9757021 0 -0.2191011 0.9757021 0 -0.2667255 0.9637725 0 -0.2667255 0.9637725 0 -0.3136642 0.949534 0 -0.3136642 0.949534 0 -0.3599088 0.9329876 0 -0.4052378 0.9142113 0 -0.3599088 0.9329876 0 -0.4052378 0.9142113 0 -0.4496058 0.8932272 0 -0.4496058 0.8932272 0 -0.492901 0.8700854 0 -0.492901 0.8700854 0 -0.5350145 0.8448429 0 -0.5350145 0.8448429 0 -0.5757926 0.8175958 0 -0.5757926 0.8175958 0 -0.6152473 0.7883342 0 -0.6531633 0.757217 0 -0.6152473 0.7883342 0 -0.6531633 0.757217 0 -0.689527 0.72426 0 -0.689527 0.72426 0 -0.7242509 0.6895365 0 -0.7242509 0.6895365 0 -0.7572138 0.6531672 0 -0.7572138 0.6531672 0 -0.7883471 0.6152308 0 -0.8175743 0.5758232 0 -0.7883471 0.6152308 0 -0.8175743 0.5758232 0 -0.8448771 0.5349606 0 -0.8448771 0.5349606 0 -0.8700845 0.4929026 0 -0.8700845 0.4929026 0 -0.8932251 0.4496096 0 -0.8932251 0.4496096 0 -0.9142125 0.4052351 0 -0.9142125 0.4052351 0 -0.9329836 0.359919 0 -0.9495295 0.3136779 0 -0.9329836 0.359919 0 -0.96377 0.2667346 0 -0.9495295 0.3136779 0 -0.96377 0.2667346 0 -0.975704 0.2190932 0 -0.975704 0.2190932 0 -0.9852737 0.1709845 0 -0.9852737 0.1709845 0 -0.9924797 0.122409 0 -0.9972935 0.07352349 0 -0.9924797 0.122409 0 -0.9972935 0.07352349 0 -0.9996984 0.02455954 0 -0.9996984 0.02455954 0 0.07662976 0.9970596 -0 0.09189043 0.9957243 -0.009444898 0.08455767 0.9964185 -0.0003626602 0.007619022 0.999971 -0 0.08521324 0.9963621 -0.001141074 0.08598551 0.9962943 -0.002023504 0.09437707 0.9955273 -0.004289325 0.09533549 0.9954283 -0.005820074 0.09645158 0.9953091 -0.007546976 0.1071027 0.9939245 -0.0253593 0.02285505 0.9997356 -0.002540728 0.03808654 0.9992741 0.0008119274 0.05088857 0.9987019 -0.002171555 0.04990717 0.9987521 -0.001853493 0.04894041 0.9988005 -0.001562782 0.04799568 0.9988468 -0.001301205 0.04706506 0.9988912 -0.001065995 0.04615975 0.9989337 -0.0008579323 0.01916558 0.9998043 -0.004926936 0.06563921 0.9978426 -0.001319614 0.06513527 0.9978754 -0.001467588 0.06459507 0.9979102 -0.00163574 0.06402899 0.9979464 -0.001822567 0.06343214 0.9979841 -0.002030906 0.06281267 0.9980227 -0.002259872 0.06219231 0.998061 -0.002502405 0.06153969 0.9981008 -0.002772442 0.06086943 0.998141 -0.003065356 0.06016678 0.9981826 -0.003389915 0.05943136 0.9982253 -0.003748398 0.05865726 0.9982696 -0.004145904 0.05783151 0.9983159 -0.004592255 0.05696679 0.9983631 -0.005083591 0.05602383 0.9984134 -0.005645689 0.05507185 0.9984629 -0.006240169 0.05411489 0.9985111 -0.006865072 0.05314281 0.9985586 -0.007527456 0.05746905 0.9983374 -0.004455261 0.09568661 0.9953868 0.007003197 0.08522575 0.9963461 -0.005562517 0.08443224 0.9964093 -0.006294196 0.08371875 0.9964651 -0.006969262 0.0830308 0.9965178 -0.007636465 0.08234981 0.9965689 -0.008313368 0.08168903 0.9966174 -0.008987268 0.08102969 0.9966646 -0.009676947 0.08036377 0.9967114 -0.01039159 0.07968734 0.9967576 -0.01113758 0.09142626 0.9958118 -0 -0 -0 1 0 0 1 -0 -0 1 0 0 1 -0 -0 1 -0 -0 1 0 0 1 0 0 1 -0 -0 1 0 0 1 0 0 1 0 0 1 0 -0 1 0 0 1 0 0 1 -0 -0 1 -4.734578e-05 -7.610901e-05 1 0 0 1 0 0 1 0 0 1 0 0 1 0 0 1 0 0 1 0 0 1 0 0 1 0 0 1 0 0 1 0 0 1 0 0 1 0 0 1 0 0 1 0 0 1 0 0 1 0 0 1 0 0 1 0 0 1 0 0 1 0 0 1 0 0 1 0 0 1 0 0 1 0 0 1 0 0 1 0 0 1 0 0 1 0 0 1 0 -0 1 0 0 1 0 0 1 0 0 1 0 0 1 0 0 1 0 0 1 0 0 1 0 0 1 0 0 1 0 0 1 -0 -0 1 -0 -0 1 0 -0 1 0 -0 1 0 -0 1 0 -0 1 0 -0 1 0 0 1 0 -0 1 0 -0 1 0 -0 1 0 0 1 0 0 1 0 0 1 0 -0 1 0 -0 1 0 -0 1 0 0 1 0 -0 1 0 -0 1 0 -0 1 0 -0 1 0 -0 1 0 0 1 0 0 1 0 0 1 0 0 1 0 -0 1 0 -0 1 0 0 1 0 0 1 0 0 1 0 0 1 0 0 1 0 0 1 0 0 1 0 0 1 0 0 1 0 0 1 0 0 1 0 0 1 0 0 1 0 -0 1 0 0 1 0 -0 1 0 -0 1 0 -0 1 0 -0 1 0 -0 1 0 -0 1 0 -0 1 0 -0 1 0 -0 1 0 0 1 0 0 1 0 -0 1 -0 0 1 -0 0 1 -0 0 1 -0 0 1 -0 0 1 -0 0 1 -0 0 1 -0 0 1 -0 0 1 -0 0 1 -0 0 1 -0 0 1 -0 0 1 -0 0 1 -0 0 1 -0 0 1 -0 0 1 -0 0 1 -0 0 1 -0 0 1 -0 0 1 -0 0 1 -0 0 1 -0 0 1 -0 0 1 -0 0 1 -0 0 1 -0 0 1 -0 0 1 -0 0 1 -0 0 1 -0 0 1 0 -0 1 0 -0 1 0 -0 1 0 -0 1 0 -0 1 3.888205e-05 -6.188273e-05 1 0 -0 1 0 -0 1 0 -0 1 0 -0 1 0 -0 1 0 -0 1 0 -0 1 0 -0 1 0 0 1 0 0 1 0 0 1 0 0 1 0 0 1 0 0 1 0 -0 1 0 -0 1 0 -0 1 0 -0 1 0 -0 1 0 -0 1 0 -0 1 0 -0 1 0 0 1 0 0 1 0 0 1 0 0 1 0 0 1 0 0 1 0 0 1 0 0 1 0 -0 1 0 -0 1 0 -0 1 0 -0 1 0 -0 1 0 -0 1 0 0 1 0 0 1 0 -0 1 0 0 1 0 0 1 0 0 1 0 0 1 0 -0 1 0 0 1 0 0 1 0 0 1 0 0 1 0 0 1 0 0 1 0 0 1 0 0 1 0 0 1 0 0 1 0 0 1 0 0 1 0 0 1 0 0 1 0 0 1 0 0 1 0 0 1 0 0 1 0 0 1 0 0 1 0 0 1 0 0 1 0 0 1 0 0 1 0 0 1 0 0 1 0 0 1 0 0 1 0 0 1 0 0 1 0 0 1 0 0 1 0 0 1 -0.09189048 0.9957243 -0.009444928 -0.07662976 0.9970596 0 -0.08445787 0.996427 -0.0002391439 -0.08487734 0.9963912 -0.0007438604 -0.08539771 0.9963461 -0.001353461 -0.1071025 0.9939238 -0.02538875 -0.08602971 0.9962904 -0.00207161 -0.09426287 0.9955389 -0.004101773 -0.09500865 0.9954624 -0.005301416 -0.0958565 0.9953731 -0.00663002 -0.09683022 0.9952678 -0.008118994 -0.07975531 0.996753 -0.01106161 -0.08042928 0.9967069 -0.0103205 -0.08109103 0.9966604 -0.00961164 -0.08175063 0.9966128 -0.008923335 -0.08241963 0.9965636 -0.008242887 -0.08309499 0.9965129 -0.007573468 -0.08378548 0.9964599 -0.006905307 -0.08445759 0.9964074 -0.006271005 -0.08514069 0.996353 -0.005640869 -0.09139379 0.9958149 0 -0.05353721 0.9985394 -0.007253654 -0.0547227 0.9984807 -0.006463125 -0.05589613 0.9984201 -0.005721989 -0.05699994 0.9983613 -0.005063578 -0.05791687 0.9983112 -0.004545172 -0.05873604 0.9982651 -0.004104484 -0.05949758 0.9982215 -0.003715318 -0.06023683 0.9981784 -0.003356902 -0.06093526 0.9981372 -0.003036003 -0.0616036 0.9980969 -0.00274534 -0.06225249 0.9980573 -0.00247841 -0.06287995 0.9980186 -0.002234374 -0.06348924 0.9979805 -0.002010413 -0.06408109 0.997943 -0.001804902 -0.06464662 0.9979069 -0.001619301 -0.06518722 0.997872 -0.001451935 -0.06568579 0.9978395 -0.001306371 -0.0956866 0.9953873 0.006955742 -0.04629802 0.9989273 -0.0008865359 -0.04747922 0.9988716 -0.001166284 -0.0486551 0.9988146 -0.001479924 -0.04983552 0.9987558 -0.001829635 -0.05104871 0.9986937 -0.002224182 -0.03808654 0.9992741 0.0008119274 -0.02285505 0.9997356 -0.002540728 -0.05746903 0.9983371 -0.004492876 -0.01916558 0.9998043 -0.004926937 -0.007619022 0.999971 0 0 1 -0 0 1 0 0.139129 0.9902742 -0 0.139129 0.9902742 0 0.1876311 0.9822395 -0 0.1876311 0.9822395 0 0.2356759 0.9718317 -0 0.2356759 0.9718317 0 0.2831483 0.9590762 -0 0.2831483 0.9590762 0 0.3299423 0.9440011 -0 0.3299423 0.9440011 0 0.3759343 0.9266463 -0 0.3759343 0.9266463 0 0.4210196 0.9070516 -0 0.4210196 0.9070516 0 0.4650846 0.8852662 -0 0.4650846 0.8852662 0 0.5080357 0.8613361 -0 0.5080357 0.8613361 0 0.5497407 0.8353353 -0 0.5497407 0.8353353 0 0.5901402 0.8073008 -0 0.5901402 0.8073008 0 0.6290959 0.7773277 -0 0.6290959 0.7773277 0 0.6665331 0.7454754 -0 0.6665331 0.7454754 0 0.7023712 0.7118109 -0 0.7023712 0.7118109 0 0.7365006 0.676437 -0 0.7365006 0.676437 0 0.7688605 0.6394166 -0 0.7688605 0.6394166 0 0.7993426 0.6008756 -0 0.7993426 0.6008756 0 0.8279145 0.5608543 -0 0.8279145 0.5608543 0 0.854474 0.5194942 -0 0.854474 0.5194942 0 0.8789721 0.4768731 -0 0.8789721 0.4768731 0 0.9013469 0.4330977 -0 0.9013469 0.4330977 0 0.9215424 0.3882779 0 0.9215424 0.3882779 -0 0.9395063 0.3425317 0 0.9395063 0.3425317 -0 0.955208 0.2959353 0 0.955208 0.2959353 -0 0.9685963 0.2486385 0 0.9685963 0.2486385 -0 0.9796457 0.2007346 0 0.9796457 0.2007346 -0 0.9883281 0.1523402 0 0.9883281 0.1523402 -0 0.9946187 0.1036039 0 0.9946187 0.1036039 -0 0.9985092 0.0545841 0 0.9985092 0.0545841 -0 0.9999852 0.005450839 -0 0.9999852 0.005450839 0 0.9990447 -0.04370149 0 0.9990447 -0.04370149 0 0.9956903 -0.0927401 0 0.9956903 -0.0927401 0 0.9899282 -0.1415704 0 0.9899282 -0.1415704 0 0.9817761 -0.1900413 0 0.9817761 -0.1900413 0 0.9712508 -0.2380586 0 0.9712508 -0.2380586 0 0.9583766 -0.285507 0 0.9583766 -0.285507 0 0.9431893 -0.332256 0 0.9431893 -0.332256 0 0.9257203 -0.3782089 0 0.9257203 -0.3782089 0 0.9060115 -0.4232533 0 0.9060115 -0.4232533 0 0.8841207 -0.4672587 0 0.8841207 -0.4672587 0 0.8600873 -0.5101469 0 0.8600873 -0.5101469 0 0.8339757 -0.5518011 0 0.8339757 -0.5518011 0 0.8058521 -0.592117 0 0.7757856 -0.6309965 0 0.8058521 -0.592117 0 0.7438284 -0.6683707 0 0.7757856 -0.6309965 0 0.7100921 -0.7041089 0 0.7438284 -0.6683707 0 0.6746187 -0.7381663 0 0.7100921 -0.7041089 0 0.6746187 -0.7381663 0 0.6375329 -0.7704231 0 0.6375329 -0.7704231 0 0.5989032 -0.8008214 0 0.5989032 -0.8008214 0 0.5588219 -0.8292877 0 0.5588219 -0.8292877 0 0.5173941 -0.8557472 0 0.5173941 -0.8557472 0 0.4747111 -0.8801416 0 0.4747111 -0.8801416 0 0.4308874 -0.9024057 0 0.4308874 -0.9024057 0 0.3860139 -0.922493 0 0.3860139 -0.922493 0 0 0 -1 0 0 -1 0 -0 -1 0 -0 -1 0 0 -1 0 0 -1 0 -0 -1 0 0 -1 0 0 -1 0 -0 -1 0 -0 -1 0 -0 -1 0 -0 -1 0 0 -1 0 0 -1 0 -0 -1 0 0 -1 0 0 -1 0 0 -1 0 0 -1 0 0 -1 0 0 -1 0 0 -1 0 0 -1 0 0 -1 0 0 -1 0 0 -1 0 -0 -1 0 0 -1 0 -0 -1 0 0 -1 0 0 -1 0 0 -1 0 -0 -1 0 0 -1 0 0 -1 0 0 -1 0 0 -1 0 0 -1 0 0 -1 0 0 -1 0 0 -1 0 0 -1 0 0 -1 0 -0 -1 0 -0 -1 0 -0 -1 0 -0 -1 0 -0 -1 0 -0 -1 0 -0 -1 0 -0 -1 0 -0 -1 0 0 -1 0 0 -1 0 0 -1 0 -0 -1 0 0 -1 0 0 -1 0 0 -1 0 0 -1 0 0 -1 0 0 -1 0 0 -1 0 0 -1 0 0 -1 0 0 -1 0 0 -1 0 0 -1 0 0 -1 0 0 -1 0 0 -1 -4.860055e-06 -7.734991e-06 -1 0 0 -1 0 0 -1 0 0 -1 0 0 -1 0 0 -1 0 0 -1 0 -0 -1 -0 -0 -1 -0 -0 -1 -0 -0 -1 -0 -0 -1 -0 -0 -1 -0 -0 -1 -0 -0 -1 -0 -0 -1 -0 -0 -1 -0 -0 -1 -0 -0 -1 -0 -0 -1 -0 -0 -1 -0 -0 -1 -0 -0 -1 -0 -0 -1 -0 -0 -1 -0 -0 -1 0 -0 -1 -0 -0 -1 -0 -0 -1 0 0 -1 -0 -0 -1 0 0 -1 0 0 -1 -0 -0 -1 -0 -0 -1 0 0 -1 0 0 -1 -0 -0 -1 1.183714e-05 -1.902832e-05 -1 0 0 -1 0 0 -1 0 0 -1 0 0 -1 0 0 -1 0 0 -1 0 0 -1 0 0 -1 0 0 -1 -0 0 -1 0 0 -1 -0 -0 -1 -0 -0 -1 -0 -0 -1 -0 -0 -1 0 0 -1 -0 -0 -1 0 0 -1 -0 -0 -1 0 0 -1 -0 0 -1 0 0 -1 -0 0 -1 0 -0 -1 0 0 -1 -0 0 -1 -0 0 -1 -0 0 -1 0 0 -1 0 0 -1 -0 0 -1 -0 0 -1 0 0 -1 -0 0 -1 -0 0 -1 -0 0 -1 -0 0 -1 0 0 -1 -0 0 -1 0 0 -1 0 0 -1 0 0 -1 -0 0 -1 -0 0 -1 -0 0 -1 -0 0 -1 0 0 -1 0 0 -1 0 0 -1 0 0 -1 -0 0 -1 -0.3860165 -0.9224919 0 -0.3860165 -0.9224919 0 -0.4308842 -0.9024072 0 -0.4308842 -0.9024072 0 -0.4747111 -0.8801416 0 -0.4747111 -0.8801416 0 -0.5173925 -0.8557482 0 -0.5173925 -0.8557482 0 -0.5588208 -0.8292884 0 -0.5588208 -0.8292884 0 -0.5989021 -0.8008223 0 -0.5989021 -0.8008223 0 -0.637534 -0.7704222 0 -0.637534 -0.7704222 0 -0.6746252 -0.7381605 0 -0.6746252 -0.7381605 0 -0.7100879 -0.704113 0 -0.7100879 -0.704113 0 -0.7438307 -0.6683681 0 -0.7438307 -0.6683681 0 -0.7757804 -0.6310029 0 -0.7757804 -0.6310029 0 -0.8058521 -0.592117 0 -0.8058521 -0.592117 0 -0.8339785 -0.551797 0 -0.8339785 -0.551797 0 -0.8600879 -0.510146 0 -0.8600879 -0.510146 0 -0.8841195 -0.467261 0 -0.8841195 -0.467261 0 -0.9060144 -0.4232469 0 -0.9060144 -0.4232469 0 -0.9257202 -0.3782094 0 -0.9431883 -0.3322586 0 -0.9257202 -0.3782094 0 -0.9431883 -0.3322586 0 -0.9583771 -0.2855054 0 -0.97125 -0.2380619 0 -0.9583771 -0.2855054 0 -0.97125 -0.2380619 0 -0.9817759 -0.1900419 0 -0.9817759 -0.1900419 0 -0.9899291 -0.1415634 0 -0.9899291 -0.1415634 0 -0.99569 -0.09274361 0 -0.99569 -0.09274361 0 -0.9990447 -0.04369913 0 -0.9990447 -0.04369913 0 -0.9999852 0.00545143 0 -0.9999852 0.00545143 0 -0.9985089 0.05458882 0 -0.9985089 0.05458882 0 -0.9946198 0.1035934 0 -0.9946198 0.1035934 0 -0.9883268 0.1523483 0 -0.9883268 0.1523483 0 -0.9796457 0.2007346 0 -0.9796457 0.2007346 0 -0.9685968 0.2486369 0 -0.9685968 0.2486369 0 -0.9552075 0.2959369 0 -0.9552075 0.2959369 0 -0.9395097 0.3425223 0 -0.9395097 0.3425223 0 -0.9215415 0.3882799 0 -0.9215415 0.3882799 0 -0.9013457 0.4331002 0 -0.9013457 0.4331002 0 -0.8789727 0.4768722 0 -0.8789727 0.4768722 0 -0.854475 0.5194924 0 -0.854475 0.5194924 0 -0.8279117 0.5608584 0 -0.8279117 0.5608584 0 -0.7993488 0.6008672 0 -0.7993488 0.6008672 0 -0.7688552 0.6394229 0 -0.7688552 0.6394229 0 -0.7365 0.6764376 0 -0.7365 0.6764376 0 -0.7023683 0.7118137 0 -0.7023683 0.7118137 0 -0.6665366 0.7454722 0 -0.6665366 0.7454722 0 -0.6290988 0.7773254 0 -0.6290988 0.7773254 0 -0.5901346 0.8073049 0 -0.5901346 0.8073049 0 -0.5497457 0.8353321 0 -0.5497457 0.8353321 0 -0.5080315 0.8613385 0 -0.5080315 0.8613385 0 -0.4650871 0.8852649 0 -0.4650871 0.8852649 0 -0.4210209 0.907051 0 -0.4210209 0.907051 0 -0.3759331 0.9266468 0 -0.3759331 0.9266468 0 -0.3299423 0.9440011 0 -0.3299423 0.9440011 0 -0.2831503 0.9590756 0 -0.2831503 0.9590756 0 -0.2356737 0.9718323 0 -0.2356737 0.9718323 0 -0.1876328 0.9822392 0 -0.1876328 0.9822392 0 -0.1391293 0.9902742 0 -0.1391293 0.9902742 0 -0.4830222 -0.8756082 1.230736e-05 -0.4830236 -0.8756073 -1.075641e-05 -0.4830465 -0.8755947 1.149903e-05 -0.4830479 -0.8755939 -1.118014e-05 -0.3345296 -0.9423853 9.251593e-06 -0.3345296 -0.9423853 8.9571e-06 -0.8096849 -0.5867439 0.01191337 -0.8712916 -0.4903868 -0.01927751 -0.8736058 -0.4866333 0.001010904 -0.808191 -0.5889196 0.001019438 -0.8740228 -0.485884 -0.0009873256 -0.8082269 -0.5888709 0.0005167618 -0.8741017 -0.4857427 0.0005069199 -0.8739971 -0.4859309 -0.0004919117 -0.8085133 -0.5884776 -0.0004981915 -0.874154 -0.4856484 -0.0004927939 -0.8086564 -0.588281 0.0005129654 -0.8741799 -0.485602 0.0004974151 -0.8740763 -0.4857884 -0.0004974855 -0.8086209 -0.5883299 -0.0004981454 -0.873974 -0.4859705 0.001446129 -0.8738981 -0.4861069 -0.001496355 -0.808692 -0.5882303 -0.001518859 -0.6058053 -0.7956129 -7.147683e-06 -0.8707975 -0.4912085 0.02063878 -0.8106126 -0.5854434 -0.01277588 -0.7831908 -0.6215832 0.01569977 -0.7877119 -0.6160437 -1.476976e-05 -0.6852922 -0.7282682 7.543913e-06 -0.7894111 -0.6138608 -0.002282842 -0.7897913 -0.6133604 -0.004323164 -0.6853152 -0.7282466 6.358597e-06 -0.6058315 -0.795593 -6.284457e-06 -0.483072 -0.8755807 1.191283e-05 -0.483072 -0.8755807 1.227679e-05 -0.8855555 -0.4641063 0.01992063 -0.7891368 -0.6142175 -1.370988e-05 -0.8874747 -0.4608367 -0.004262788 -0.8864545 -0.4628157 -0.0002925573 -0.8631263 -0.5047178 -0.01651973 -0.785965 -0.6177395 0.02563197 -0.7893149 -0.6139885 0.0003210909 -0.6058565 -0.7955738 -6.632237e-06 -0.6835375 -0.7299075 -0.003391201 -0.6049089 -0.796294 -0.00105961 -0.6828786 -0.7305312 0.0009958097 -0.6040971 -0.796908 -0.00208437 -0.6818573 -0.7314709 -0.004561268 -0.6828317 -0.730573 0.001984702 -0.6033185 -0.797493 -0.003407104 -0.6799424 -0.733259 0.003091143 -0.6404222 -0.7670934 0.03777643 -0.6780395 -0.7350252 -0.0006187755 -0.6803291 -0.7328866 -0.005450677 -0.678037 -0.7350275 -0.0006147512 -0.6048716 -0.7963228 0.0006583298 -0.6836627 -0.7297981 2.785456e-05 -0.6050844 -0.7961614 -2.793469e-05 -0.6847273 -0.7287963 0.002138223 -0.6050844 -0.7961614 -2.793823e-05 -0.6845198 -0.7289943 2.848653e-05 -0.6049815 -0.7962395 -2.799597e-05 -0.6844264 -0.729082 2.842172e-05 -0.6844264 -0.729082 2.840208e-05 -0.6049816 -0.7962394 -2.800814e-05 -0.6843304 -0.7291721 2.835041e-05 -0.6048781 -0.796318 -2.808732e-05 -0.6843305 -0.7291719 3.018806e-05 -0.6048784 -0.7963179 -2.630954e-05 -0.786869 -0.6166302 -0.0245821 -0.6977654 -0.7161734 0.01480914 -0.6965025 -0.7174552 -0.01192468 -0.7876025 -0.6160948 -0.01047098 -0.7209463 -0.6929045 0.01094382 -0.6852807 -0.728279 -7.018935e-06 -0.6057913 -0.7956235 6.642268e-06 -0.6057913 -0.7956235 6.654291e-06 -0.6852808 -0.728279 -7.009134e-06 -0.6058177 -0.7956035 7.337568e-06 -0.6853052 -0.728256 -7.023317e-06 -0.6058177 -0.7956034 6.671594e-06 -0.6853051 -0.7282561 -6.389757e-06 -0.6853797 -0.728185 -0.001088502 -0.6856186 -0.727958 -0.002063543 -0.6843255 -0.7291768 -6.854449e-06 -0.6058431 -0.7955841 6.671526e-06 -0.685327 -0.7282354 -7.027262e-06 -0.6058432 -0.7955842 6.645758e-06 -0.1981915 -0.9801633 -0.0001469281 -0.2367186 -0.9715782 0.0001772245 -0.6610968 -0.7502295 0.01033477 -0.6537555 -0.7567011 0.002684374 -0.6065115 -0.7949689 0.01297429 -0.6349196 -0.7725739 -0.002599087 -0.6195284 -0.7849611 -0.004543085 -0.6197471 -0.7847874 -0.004726368 -0.5344688 -0.8444196 0.03603814 -0.5731379 -0.8194205 0.007939267 -0.6554596 -0.7551888 -0.007916559 -0.6778216 -0.7351481 0.01072962 -0.6447723 -0.7643725 0.001837894 -0.6233971 -0.7819049 -0.0009452903 -0.5701764 -0.821498 -0.006325199 -0.6429927 -0.765872 0.0007117573 -0.6881248 -0.7252284 0.02298118 -0.6447733 -0.7643736 -0.0007171684 -0.6765628 -0.7363819 0.00208222 -0.6429927 -0.7658719 0.0008141878 -0.6900494 -0.7224512 0.04354446 -0.6201432 -0.7844872 0.001505209 -0.6885318 -0.7242098 0.03800048 -0.6233972 -0.781905 -0.0007217062 -0.6201439 -0.7844881 -0.000132892 -0.6187823 -0.7855622 0.0006789146 -0.6913908 -0.7224807 0.0007259631 -0.5840416 -0.811721 -0.00213357 -0.6158689 -0.7878474 0.001387188 -0.6187825 -0.7855624 -0.0001080895 -0.6158676 -0.7878457 0.002478279 -0.5840421 -0.8117217 -0.0016453 -0.5723316 -0.8200159 0.003250218 -0.5503678 -0.8349101 0.004527819 -0.5723317 -0.820016 -0.003177157 -0.5503685 -0.8349112 -0.004211965 -0.41627 -0.9092378 0.00246307 -0.3888662 -0.9212918 0.002119299 -0.4162702 -0.9092382 -0.002216795 -0.4934966 -0.8696074 0.01561968 -0.4935169 -0.8696433 -0.0127053 -0.221562 -0.9745214 0.03490394 -0.2851318 -0.9581949 -0.02371459 -0.1968008 -0.9799991 0.02951585 -0.2667783 -0.963245 -0.03143742 -0.3616514 -0.932312 0.001600524 -0.3888665 -0.9212923 -0.001830083 -0.2381505 -0.9708229 -0.02805735 -0.328348 -0.944555 0.001879534 -0.3616516 -0.9323124 -0.00131472 -0.290031 -0.9570165 0.001228596 -0.3283482 -0.9445558 -0.001353982 -0.2900311 -0.9570169 -0.0007367419 -0.2840449 -0.9588109 0.0004783367 -0.1950134 -0.9805344 -0.02284767 -0.2840448 -0.9588107 -0.0007621026 -0.2284923 -0.9733048 0.02165514 -0.3085855 -0.9511963 0.0008179834 -0.2071744 -0.9778396 -0.03013864 -0.2449268 -0.9692669 0.02307644 -0.3085854 -0.951196 -0.001096404 -0.3392878 -0.9406812 0.001686183 -0.1886883 -0.9820021 0.008281459 -0.2448733 -0.9695516 -0.002638842 -0.2127441 -0.9771078 0.0005358105 -0.174828 -0.9845979 -0.00144528 -0.2745163 -0.9610578 0.03175928 -0.3392875 -0.9406803 -0.002134993 -0.2277319 -0.9729 -0.04004842 -0.378648 -0.9255373 0.002525704 -0.3786475 -0.925536 -0.003049723 -0.4231078 -0.9060723 0.003564807 -0.4231068 -0.9060702 -0.00417803 -0.5024625 -0.8644596 0.01552205 -0.5024328 -0.8644085 -0.01895188 -0.5008823 -0.86537 -0.0158633 -0.5607246 -0.8279974 0.002856094 -0.5607244 -0.8279972 -0.002927807 -0.5716361 -0.8205065 0.001151309 -0.5989422 -0.8007905 -0.001620342 -0.5716364 -0.820507 0.0002706976 -0.5989427 -0.8007913 -0.001001432 -0.5967388 -0.8024356 -0.0001862926 -0.6158556 -0.7878587 0.0006904285 -0.5967386 -0.8024353 -0.0007259487 -0.6114069 -0.7913161 0.0007319369 -0.6158557 -0.7878587 -0.0007391589 -0.6303592 -0.7763032 0.0007422989 -0.6114069 -0.7913161 -0.0006536068 -0.6303593 -0.7763032 -0.0006658398 -0.6274789 -0.7786332 0.0006623353 -0.6894642 -0.7243062 0.004439166 -0.6891411 -0.7236388 -0.03783643 -0.5532333 -0.8325804 -0.02725112 -0.627479 -0.7786334 -0.0001298776 -0.6763738 -0.7365583 -0.0005755622 -0.6278437 -0.7783394 0.0001312259 -0.6777435 -0.734755 -0.02826465 -0.6278434 -0.7783389 -0.001089621 -0.5997704 -0.8001679 0.00262766 -0.6305332 -0.7761615 0.001096516 -0.6673442 -0.7447386 -0.004009292 -0.6687948 -0.743256 -0.01685807 -0.6035563 -0.7972943 0.006453767 -0.6305319 -0.77616 -0.002271429 -0.652118 -0.7580315 -0.01141212 -0.6468152 -0.7625391 0.01281527 -0.6302189 -0.7763971 0.005635216 -0.5920745 -0.8057832 -0.01269968 -0.1868767 -0.9823833 -0.0002941864 -0.1807977 -0.9834738 0.009557262 -0.3428606 -0.9380983 -0.0491755 -0.302488 -0.953014 -0.01628986 -0.2665141 -0.9638283 -0.002268171 -0.2337761 -0.9722898 0.001165984 -0.2018704 -0.9794005 -0.004807987 -0.1731966 -0.984718 -0.01825945 -0.1878513 -0.9821957 0.001846683 -0.1914333 -0.9814427 -0.01110786 -0.4897648 -0.8716933 -0.01677034 -0.2800701 -0.9589137 0.04522473 -0.3259161 -0.9452524 0.01663359 -0.3714156 -0.9284649 0.001836287 -0.5272505 -0.8496976 -0.00456402 -0.4236664 -0.9058169 -0.001638536 -0.5314968 -0.8466718 0.02565099 -0.5311922 -0.8462395 -0.04139257 -0.4716944 -0.880043 0.05503369 -0.4149921 -0.9098237 0.00159261 -0.4572305 -0.8893476 -0.0009878201 -0.4966634 -0.8679061 0.008026506 -0.1905457 -0.9816776 -0.001210774 -0.3020902 -0.9532783 0.001417897 -0.1984614 -0.9801082 0.0009882925 -0.1994103 -0.9799008 0.005484084 -0.1987166 -0.9800527 0.002896795 -0.3377797 -0.9411661 -0.01054965 -0.2721045 -0.9622464 0.006400928 -0.3551568 -0.9347592 -0.009423563 -0.26136 -0.9645903 -0.03544772 -0.3609637 -0.9324558 -0.01521503 -0.2454045 -0.9688509 0.03323598 -0.2458124 -0.9686301 0.03649696 -0.3525275 -0.9355539 0.02152539 -0.7622681 -0.6468571 0.02287105 -0.7524167 -0.6586576 0.006272648 -0.6868763 -0.7265908 -0.01632932 -0.6783296 -0.7347576 0.0004379651 -0.6799483 -0.7328079 -0.02574815 -0.656285 -0.7539341 0.02955026 -0.7639496 -0.6452694 -0.002913001 -0.7800028 -0.6249266 0.03259433 -0.7148337 -0.6992941 0.0006474595 -0.6517193 -0.7582225 0.01898741 -0.653724 -0.7566149 0.01337957 -0.7177491 -0.6963003 -0.001427257 -0.781198 -0.6239125 0.02151697 -0.4966296 -0.8679283 -0.007708928 -0.4785726 -0.8778205 0.01998727 -0.475417 -0.8794358 -0.02390243 -0.5912002 -0.8062626 0.02056992 -0.4743636 -0.8801131 -0.01949474 -0.4475577 -0.894026 0.02023757 -0.5895092 -0.8072845 0.02775783 -0.5829027 -0.8125122 -0.006945837 -0.4456972 -0.8951657 -0.005676802 -0.588346 -0.8085812 0.006749297 -0.4207455 -0.9069501 0.0203674 -0.4503431 -0.8926299 -0.02007172 -0.5723894 -0.8194874 0.02847324 -0.4212402 -0.9069151 -0.007853557 -0.3803756 -0.9243807 0.02889128 -0.4291503 -0.9028056 -0.02778826 -0.3840905 -0.9232501 -0.009146022 -0.3467901 -0.9379422 -0.0009937884 -0.3357274 -0.9415804 0.02670813 -0.3874211 -0.9217535 -0.01659335 -0.3453814 -0.9382724 -0.01888753 -0.3449506 -0.9384639 -0.01716018 -0.8654082 -0.500976 0.009569699 -0.3325467 -0.9430849 0.001885487 -0.4802944 -0.8771037 0.002490179 -0.1984615 -0.9801087 -3.976855e-05 -0.2002576 -0.9797419 -0.001653465 -0.1987059 -0.9800551 -0.002823557 -0.1947141 -0.98086 -0 -0.3064191 -0.9518967 0 -0.2003629 -0.9797204 0.001684876 -0.1984615 -0.9801087 9.660614e-06 -0.3064192 -0.9518967 0 -0.1984615 -0.9801086 -0.0004930585 -0.1991688 -0.9799542 -0.004615064 -0.1985262 -0.9800944 -0.001469439 -0.4806126 -0.8769279 -0.003009481 -0.4818336 -0.8762619 -0.001242838 -0.3335616 -0.9427278 -0.0009344763 -0.3322948 -0.9431728 -0.002297011 -0.1814037 -0.9833533 -0.010442 -0.1842979 -0.9828511 -0.006159952 -0.1918601 -0.9813724 0.009898125 -0.2008506 -0.9796099 0.004835792 -0.245481 -0.9693989 -0.002188024 -0.2878284 -0.9576496 0.007876162 -0.3213192 -0.9465358 0.02870758 -0.3489083 -0.9355862 0.05423363 -0.1918154 -0.9814306 0.0008132262 -0.3034932 -0.9528331 -0.0009586095 -0.3418556 -0.9396755 0.01203587 -0.3418189 -0.9396904 0.01191216 -0.3421396 -0.939649 -0.0005281695 -0.3419929 -0.9397024 0.0004596823 -0.3341279 -0.942287 -0.0212995 -0.3420857 -0.9396678 0.001384995 -0.3717734 -0.9281885 0.01583401 -0.3717644 -0.9281923 0.01581606 -0.3657993 -0.9304137 -0.02282893 -0.3821675 -0.9238241 -0.02229682 -0.4017679 -0.9154427 0.02339499 -0.4402242 -0.8976368 0.02123548 -0.4345906 -0.9005187 0.01403341 -0.5701323 -0.8213382 -0.01878024 -0.421063 -0.9067436 -0.0228445 -0.564799 -0.8245038 -0.03457621 -0.4797896 -0.877135 0.02088491 -0.5995933 -0.8001143 0.01745985 -0.3551293 -0.9346811 -0.01595239 -0.3746724 -0.9268154 0.02517682 -0.2463273 -0.9691823 -0.002946864 -0.2459024 -0.9690084 -0.0235553 -0.3551467 -0.9347543 0.01026087 -0.4746335 -0.8800746 0.01384761 -0.6019892 -0.7982953 -0.01826336 -0.6029701 -0.7976303 -0.01459765 -0.4664787 -0.8844262 -0.01370802 -0.4673399 -0.8837242 -0.02499773 -0.5059896 -0.8624672 0.01117338 -0.5087133 -0.86067 0.0213966 -0.5380114 -0.8429366 0.001271047 -0.6010407 -0.7991507 -0.01040267 -0.5051994 -0.8629413 0.01028651 -0.8561937 -0.5162551 0.0203215 -0.482376 -0.8759642 -0.000181124 -0.342551 -0.9394773 0.006424255 -0.3079559 -0.9504604 -0.04228784 -0.2766995 -0.9584863 -0.06885624 -0.3554502 -0.9346953 0.0002049767 -0.4995272 -0.8662115 0.01226021 -0.3859059 -0.9224893 0.009492879 -0.4392008 -0.8983883 0.001074268 -0.4033862 -0.9150279 -0.001900712 -0.3693781 -0.929174 -0.01398183 -0.3374197 -0.9407511 -0.03369364 -0.8035888 -0.5943894 -0.03076189 -0.5350741 -0.8448044 0.001111576 -0.5304983 -0.8469959 0.03419721 -0.5146512 -0.8572723 -0.01477826 -0.4764566 -0.8791969 -0.001313097 -0.5458336 -0.8371367 -0.0356088 -0.4408721 -0.8975697 0.0007429578 -0.5290509 -0.8483438 0.02043694 -0.4408703 -0.897566 -0.002933571 -0.4706719 -0.8818985 -0.02689148 -0.5297688 -0.8478585 0.02192786 -0.7636572 -0.6451011 0.02593008 -0.6505292 -0.7594809 -0.0007120565 -0.6527373 -0.7569232 -0.0316464 -0.7735386 -0.6337488 0.0007086258 -0.7765039 -0.6294505 -0.02887576 -0.7753866 -0.6303274 -0.03824787 -0.6631071 -0.7485046 -0.005471065 -0.7201122 -0.693857 0.0009709217 -0.6642604 -0.7474015 -0.0122076 -0.7497444 -0.6613034 0.02368604 -0.6865171 -0.7269797 0.01395798 -0.7553365 -0.6551918 -0.01380262 -0.6726211 -0.7398925 0.01182572 -0.7446485 -0.6674284 -0.006144892 -0.7547222 -0.6556523 -0.02267702 -0.6709238 -0.7414061 -0.01335104 -0.4795663 -0.8773569 0.01615626 -0.4698935 -0.8823669 -0.02507326 -0.4832666 -0.87544 -0.007634697 -0.3827884 -0.9238288 0.003646045 -0.4855186 -0.8742223 0.002647477 -0.3814543 -0.9243859 -0.001788701 -0.5916001 -0.806137 0.01235112 -0.6459418 -0.7622747 -0.04118835 -0.674695 -0.7380891 -0.003323543 -0.5900249 -0.8073378 -0.008731876 -0.6740722 -0.7385677 -0.01201798 -0.6131687 -0.7898647 0.01174322 -0.6989439 -0.7150002 0.01587959 -0.7225792 -0.6910171 0.01935801 -0.6940717 -0.7197503 -0.01496847 -0.6153918 -0.7878343 0.02469999 -0.7706965 -0.6371216 -0.01014799 -0.8356751 -0.549132 0.01006033 -0.761639 -0.6479898 0.003912918 -0.7680462 -0.6397725 -0.02821797 -0.7783819 -0.6274177 -0.02164395 -0.7252125 -0.6884705 0.008670818 -0.6247156 -0.7808196 -0.007157352 -0.6068961 -0.7947546 -0.006502754 -0.6107842 -0.7917626 0.007386276 -0.7300038 -0.6827243 0.03133549 -0.8116245 -0.5841446 -0.00638243 -0.8644428 -0.5019667 0.02771723 -0.8640661 -0.5032924 0.009296551 -0.8655695 -0.5001577 0.02513553 -0.8073326 -0.5900071 0.01028137 -0.8336492 -0.5522156 -0.009320701 -0.8060885 -0.5916001 -0.01518649 -0.7763606 -0.6301446 0.0134922 -0.6998578 -0.7142668 0.004698833 -0.7388815 -0.672844 -0.03653885 -0.5038537 -0.8635985 0.01814333 -0.5935934 -0.8047389 -0.006497232 -0.5731331 -0.8189708 -0.02837526 -0.5160726 -0.8565398 0.002924519 -0.6994455 -0.714671 -0.004639845 -0.7740028 -0.6331633 -0.004884628 -0.7761076 -0.6305817 0.004858706 -0.5925872 -0.8054817 0.006297885 -0.5902002 -0.8072367 -0.005708642 -0.5059764 -0.8625299 -0.00548435 -0.5014023 -0.8651971 0.005447481 -0.7725307 -0.6349598 0.004734099 -0.6993798 -0.7147374 -0.00427805 -0.6934848 -0.7204581 0.00435459 -0.4984661 -0.8668733 -0.007889341 -0.5732893 -0.8192922 -0.009978317 -0.5744948 -0.8184606 0.008825338 -0.4775738 -0.878523 0.01098515 -0.7831773 -0.621624 0.01473135 -0.7686086 -0.6395884 -0.01294263 -0.6965326 -0.7173421 0.01620979 -0.7834702 -0.6213844 0.007469194 -0.6975256 -0.7165251 -0.007061971 -0.7816057 -0.6237279 -0.007489903 -0.5461822 -0.8376201 0.008811762 -0.4761157 -0.8793272 -0.009871525 -0.4568444 -0.8895048 0.008616108 -0.5450305 -0.8383022 0.01382777 -0.4480644 -0.8939334 0.01102205 -0.5434512 -0.8393768 -0.01035484 -0.4472062 -0.89443 -0.00127501 -0.4614978 -0.8870768 -0.01070533 -0.4714019 -0.8812166 0.03517951 -0.6973646 -0.716688 -0.006395561 -0.7786689 -0.6273932 0.007243284 -0.6882006 -0.7254907 0.006556893 -0.7870086 -0.6167535 0.01524627 -0.7759759 -0.6306155 -0.01361863 -0.6896536 -0.7239571 0.01624439 -0.7876049 -0.6161116 0.009212287 -0.6925684 -0.7212995 -0.00871862 -0.6871217 -0.7264854 0.009085901 -0.7866602 -0.6173165 -0.009268841 -0.7822794 -0.6228637 0.008939591 -0.6794335 -0.7336675 -0.01010696 -0.8574013 -0.5131729 -0.03894279 -0.8526276 -0.5220753 -0.02152757 -0.9027613 -0.4300186 0.01029325 -0.7888336 -0.6144238 0.01500442 -0.7810693 -0.6242971 -0.01355545 -0.6810988 -0.732026 0.01557012 -0.9028382 -0.4299184 0.00730091 -0.848341 -0.5293061 -0.01235445 -0.850268 -0.5263001 0.007248131 -0.8524582 -0.5227455 -0.007232806 -0.7884313 -0.6148016 -0.01987366 -0.7880197 -0.6153149 0.02031348 -0.6872005 -0.7262412 -0.0181411 -0.6598794 -0.7512002 0.01604872 -0.7771121 -0.6290703 0.01916511 -0.6860505 -0.7274006 -0.01494085 -0.7825673 -0.6223993 0.01440489 -0.7775247 -0.6287154 -0.01313031 -0.7835721 -0.6208415 -0.02388763 -0.7805788 -0.6245813 0.02439079 -0.3345075 -0.9423931 -3.716737e-05 -0.4826003 -0.8758407 4.555137e-05 -0.3342736 -0.9424761 3.28586e-05 -0.9145126 -0.404392 0.01157109 -0.9015408 -0.4325588 -0.01081741 -0.8618436 -0.5069907 0.01362888 -0.7682203 -0.6397727 0.02298776 -0.8633637 -0.5045036 -0.008905584 -0.8602346 -0.5098202 0.008920014 -0.914661 -0.404124 0.008887304 -0.8604274 -0.5093215 0.0160101 -0.9140382 -0.4054171 -0.01308104 -0.8635831 -0.5040008 -0.01440279 -0.7700685 -0.6379557 -0.002647963 -0.7710029 -0.6368256 0.002780453 -0.771351 -0.6364043 -0.00265999 -0.7765023 -0.629987 0.01267081 -0.7708226 -0.6369435 -0.01164591 -0.9144303 -0.4046082 -0.01046753 -0.9235548 -0.38328 0.01195874 -0.8692492 -0.4941518 0.01482802 -0.9229553 -0.38442 0.01935862 -0.8724723 -0.4883121 -0.01853039 -0.8651541 -0.5013522 -0.01241731 -0.8648325 -0.5016966 0.019111 -0.7790672 -0.6268658 -0.009671974 -0.9232095 -0.3840927 -0.0125375 -0.8719454 -0.4894536 0.01209829 -0.7792513 -0.6266772 -0.006557083 -0.7829607 -0.6219916 0.009958808 -0.7851409 -0.6192717 0.007508396 -0.7845481 -0.6200539 -0.004161522 -0.9299062 -0.3676022 0.0119606 -0.9233884 -0.3837187 -0.01067078 -0.872187 -0.4889658 0.01422203 -0.9288282 -0.3697915 0.02307588 -0.8679613 -0.4966249 -0.002641449 -0.8765984 -0.4807087 -0.02223488 -0.8666248 -0.498432 0.02295787 -0.2023485 -0.9793136 -3.758235e-05 -0.334111 -0.9425337 3.294744e-05 -0.8685856 -0.4955316 0.002734381 -0.9297691 -0.3681345 -0.00252696 -0.202484 -0.9792851 0.000937916 -0.8688855 -0.4948411 0.01304388 -0.8708441 -0.4914119 -0.01203518 -0.9295224 -0.3686 -0.01105216 -0.2024841 -0.9792855 -0.000467605 -0.2024512 -0.9792924 9.110562e-06 -0.9351928 -0.3539689 0.01097744 -0.8763228 -0.4816337 -0.009344932 -0.9296548 -0.3683001 -0.009842041 -0.8746502 -0.4845933 0.01250235 -0.9361348 -0.3515239 -0.009090098 -0.8791365 -0.4764767 0.009429429 -0.9362184 -0.3513648 -0.006156891 -0.8800921 -0.4747568 -0.006631135 -0.8790723 -0.4766362 0.007060498 -0.9400394 -0.340956 0.008663729 -0.9360417 -0.3517991 -0.007952314 -0.883479 -0.4684532 -0.004064758 -0.8824621 -0.4702818 0.009774682 -0.9406074 -0.3394741 -0.003878952 -0.8846321 -0.466271 0.004179113 -0.3345104 -0.9423921 -8.01392e-06 -0.6195857 -0.7849286 -0.0009052255 -0.6187689 -0.7855725 0.0009568987 -0.722343 -0.6915347 0.000505031 -0.7220746 -0.6918146 -0.0009592409 -0.9424649 -0.3342421 0.006472891 -0.9405506 -0.3395982 -0.006149081 -0.8847217 -0.4660617 0.007353011 -0.6198938 -0.7846855 0.0004496721 -0.6198913 -0.7846876 0.0004732341 -0.7227032 -0.6911583 -0.0004875421 -0.7226155 -0.69125 0.0004797667 -0.6196923 -0.7848448 -0.0004708938 -0.9436751 -0.3308463 0.004250119 -0.9435148 -0.3313066 -0.003953229 -0.9375562 -0.3478278 0.002029253 -0.9387278 -0.3436898 0.02583759 -0.3345507 -0.9423777 -7.946964e-06 -0.4830984 -0.875566 -1.096681e-05 -0.3346099 -0.9423568 9.0912e-06 -0.9380333 -0.3465402 -0.001832537 -0.9380061 -0.3466177 -0.0009144222 -0.9380341 -0.3465416 0.0009089822 -0.9379147 -0.3468647 -0.001030981 -0.9377963 -0.3471754 0.002703089 -0.9377089 -0.3474093 -0.002972622 -0.7864227 -0.6176476 -0.007121476 -0.7853695 -0.6190238 0.002049302 -0.9392931 -0.3419406 -0.02837277 -0.9439442 -0.3300794 -0.004108843 -0.7836986 -0.6210675 -0.009568076 -0.7852922 -0.619112 0.00406805 -0.7806058 -0.6249912 0.006364556 -0.9429087 -0.3329942 -0.006163551 -0.9435985 -0.33107 0.003826746 -0.777936 -0.6282259 -0.01215746 -0.7804838 -0.6251072 0.009262037 -0.5342266 -0.8453039 0.007949454 -0.4455217 -0.8952709 0.0005978876 -0.4453009 -0.8953797 0.001478745 -0.4713819 -0.8807245 -0.04608116 -0.4446906 -0.8956829 -0.001569793 -0.4448172 -0.8955899 -0.007503145 -0.5356997 -0.8444068 0.001674909 -0.7732352 -0.6340201 0.01121684 -0.7736403 -0.6336237 0.001331198 -0.7735818 -0.6336949 -0.001397377 -0.8856719 -0.4642594 -0.006970124 -0.940891 -0.3386585 0.005880012 -0.8850198 -0.4655489 0.002029506 -0.7729245 -0.6343445 -0.01395553 -0.7733263 -0.6340069 0.001327805 -0.884901 -0.4657742 -0.002124041 -0.9410863 -0.3381609 0.00190745 -0.636189 -0.7715276 0.002935549 -0.639339 -0.7688022 -0.01374149 -0.7642118 -0.6448377 0.01283105 -0.9404877 -0.3397255 -0.00833013 -0.941055 -0.3382323 0.003790725 -0.8849409 -0.4656851 -0.004099833 -0.8839587 -0.4675481 0.003981366 -0.7654988 -0.6434289 -0.003278092 -0.7656897 -0.6432026 0.003120919 -0.6345626 -0.7728651 -0.003151187 -0.5543065 -0.8322833 0.006980672 -0.463449 -0.8860861 -0.008154671 -0.5358737 -0.8442698 -0.0069236 -0.4545904 -0.8906654 0.007912816 -0.6353724 -0.7720696 -0.0145097 -0.6345649 -0.7728633 -0.003094434 -0.7645642 -0.6445401 0.003116349 -0.4621924 -0.8867221 -0.01010343 -0.4632889 -0.8862073 -0.0003200635 -0.4632012 -0.8862531 0.0003079401 -0.5544567 -0.8322126 0.0003580618 -0.9370553 -0.3490954 0.007733998 -0.8829401 -0.4693921 -0.009383613 -0.8809702 -0.4731284 0.006412745 -0.9372061 -0.348725 0.005962703 -0.8799519 -0.475014 -0.006817158 -0.7656122 -0.6430823 -0.01682735 -0.6528244 -0.7573759 0.01421143 -0.8776577 -0.479204 0.008973716 -0.9362131 -0.3512716 -0.01064971 -0.8799892 -0.4749067 -0.009092519 -0.9371477 -0.3488244 0.008697815 -0.7757962 -0.6307736 0.01627215 -0.7740061 -0.632992 -0.01535396 -0.7659549 -0.6427177 -0.01507389 -0.6532556 -0.7569659 0.01611371 -0.5764443 -0.8170801 0.009588906 -0.4839799 -0.8750244 -0.009778691 -0.553574 -0.832746 -0.009490847 -0.4811915 -0.8765596 0.009903986 -0.6503723 -0.7595223 -0.01190816 -0.6508866 -0.7590179 -0.01543687 -0.7647744 -0.644146 0.0140041 -0.4930683 -0.8699374 0.009621914 -0.4895853 -0.871832 -0.01466997 -0.4930268 -0.869957 -0.009969612 -0.5700486 -0.820992 0.03188656 -0.5791797 -0.815115 -0.01176795 -0.5826132 -0.8126129 0.01491085 -0.8728758 -0.4878064 0.01152137 -0.9314899 -0.3636405 0.009592867 -0.8760021 -0.4821582 -0.01198297 -0.7680767 -0.6402135 -0.01359521 -0.663526 -0.7480624 0.01165688 -0.931394 -0.3638579 0.01061152 -0.870951 -0.4912126 -0.01243601 -0.8707497 -0.4917246 -0.001388846 -0.9315875 -0.3635152 0.001250373 -0.8705789 -0.492027 0.001324984 -0.6635889 -0.7479591 -0.01438392 -0.7753209 -0.6314297 0.01318661 -0.7682731 -0.6400048 -0.01226039 -0.663767 -0.7478245 0.01310336 -0.9316077 -0.3631657 0.01475679 -0.870279 -0.4923654 -0.01381427 -0.8643175 -0.502769 0.0133596 -0.9277377 -0.3729611 -0.01424462 -0.7751378 -0.6315671 -0.01686189 -0.685701 -0.7277572 0.01355099 -0.7846383 -0.6197075 0.01747557 -0.8622141 -0.5065343 0.003134215 -0.8638896 -0.503473 -0.01448627 -0.9239781 -0.3822483 0.01226861 -0.7844746 -0.6199066 -0.01775735 -0.7847731 -0.6195843 -0.01569539 -0.6865538 -0.7269018 0.01605545 -0.8625032 -0.5057709 -0.01685786 -0.8620826 -0.5067573 -0.003277296 -0.924641 -0.380828 0.002977734 -0.7765988 -0.6298367 0.01414406 -0.6810464 -0.732057 -0.01637572 -0.6808361 -0.7323215 -0.01293442 -0.8667021 -0.4985425 0.01681626 -0.925171 -0.3793387 -0.01268232 -0.9250144 -0.3795657 -0.01667774 -0.7004308 -0.7136204 0.01194946 -0.7857989 -0.6182811 0.01576566 -0.7782376 -0.6277847 -0.01525214 -0.8589028 -0.5119256 0.01476836 -0.8654613 -0.500744 -0.01523476 -0.9164794 -0.3999194 0.0113982 -0.7011748 -0.7128422 0.01449396 -0.7876354 -0.6159553 -0.01515232 -0.7875366 -0.6160555 -0.01617627 -0.9161327 -0.4006461 0.01353855 -0.8576133 -0.5140404 -0.01618093 -0.85743 -0.5144202 -0.01362625 -0.6978888 -0.7160202 -0.01632217 -0.7765589 -0.6299003 0.01348819 -0.6971259 -0.7168607 -0.01123476 -0.9176683 -0.397115 -0.01358176 -0.8600705 -0.5099933 0.01362343 -0.8599265 -0.5101398 -0.01685145 -0.9179736 -0.3964455 -0.01247181 -0.9176117 -0.397112 -0.01705687 -0.8665093 -0.4988897 0.01645591 -0.7143577 -0.6997076 0.01012139 -0.7800566 -0.6255643 -0.01344768 -0.7149892 -0.69902 0.01270683 -0.7805957 -0.6249394 -0.01100459 -0.7901361 -0.6128133 0.01203559 -0.7893685 -0.6137665 -0.01371415 -0.9080346 -0.4187556 0.01081522 -0.8573844 -0.5144539 0.01513344 -0.8634924 -0.5041217 -0.01556244 -0.7139564 -0.7000204 -0.01542039 -0.7753432 -0.6314268 0.01196284 -0.7800041 -0.625715 -0.008618484 -0.9075723 -0.4196703 0.01375609 -0.8541373 -0.5198238 -0.01525447 -0.8541829 -0.5196985 -0.01688367 -0.9086778 -0.4173468 -0.01124412 -0.9084201 -0.4177638 -0.0156884 -0.8595831 -0.5107819 0.01479262 -0.7638547 -0.6453514 -0.006900056 -0.693262 -0.7206401 0.00810237 -0.711985 -0.7021511 -0.007814544 -0.7677749 -0.6406567 0.008982439 -0.7685592 -0.6396322 -0.01368881 -0.8965606 -0.4428181 -0.009547618 -0.8440104 -0.5361897 0.0121238 -0.8950315 -0.4458774 0.01058465 -0.8547611 -0.5182636 0.02804351 -0.8465747 -0.5320997 -0.0134624 -0.8521612 -0.5228285 0.02171982 -0.8578189 -0.5137763 -0.01343935 -0.6064435 -0.7950424 0.01157654 -0.6281559 -0.7780137 -0.01071822 -0.7264677 -0.6871276 0.01001679 -0.6938816 -0.7200655 -0.00583566 -0.7200943 -0.6937019 -0.01555129 -0.7022492 -0.7117751 -0.0148998 -0.60823 -0.7936931 -0.01036678 -0.619833 -0.7846117 0.01384012 -0.6606148 -0.7500917 0.03083022 -0.6980379 -0.7159532 0.01241281 -0.6256234 -0.7798937 -0.01900437 -0.8556021 -0.5175469 -0.009490918 -0.8559975 -0.5161963 -0.0284548 -0.7977828 -0.6027501 0.01532808 -0.857279 -0.5142206 -0.02549363 -0.7970734 -0.6033475 0.02541001 -0.803246 -0.5956123 0.006468932 -0.7971343 -0.6032611 0.02555099 -0.6805567 -0.7325858 -0.0126684 -0.6450635 -0.763585 0.02882812 -0.689987 -0.7237787 0.007894466 -0.6748249 -0.7379768 0.001234161 -0.6043236 -0.7966891 0.008917142 -0.6021522 -0.7983803 -0.001292856 -0.6603098 -0.7504795 -0.0277764 -0.6796086 -0.7333681 -0.01742036 -0.677035 -0.7359498 0.001197604 -0.6246828 -0.7788413 -0.05636956 -0.6794109 -0.7337364 0.005636711 -0.6811154 -0.7321607 0.004743659 -0.602522 -0.7980943 0.003560394 -0.6788235 -0.7342946 -0.003188375 -0.6820824 -0.7312726 -0.002023085 -0.6033835 -0.7974483 0.002151266 -0.6824561 -0.7309178 0.003577426 -0.6051417 -0.7961178 2.664355e-05 -0.482486 -0.8759037 -4.984048e-05 -0.482486 -0.8759037 -4.989724e-05 -0.334183 -0.9425082 -3.763535e-05 -0.4823959 -0.8759533 4.581912e-05 -0.3341831 -0.9425082 -3.69315e-05 -0.6050392 -0.7961957 2.675869e-05 -0.7888269 -0.614599 0.004490681 -0.7871106 -0.6168119 5.859571e-05 -0.6844674 -0.7290434 -2.82861e-05 -0.6843726 -0.7291325 -2.98952e-05 -0.4823836 -0.8759601 -4.952455e-05 -0.4822946 -0.8760091 4.494903e-05 -0.6049361 -0.7962741 2.704199e-05 -0.4822824 -0.8760158 -4.957553e-05 -0.3340204 -0.9425659 -3.700912e-05 -0.4821927 -0.8760652 4.570142e-05 -0.4829584 -0.8756425 0.001236737 -0.482041 -0.876148 -0.001129135 -0.334398 -0.9424316 -0.0008224577 -0.3341548 -0.9425178 0.0009292248 -0.483263 -0.8754745 -0.001138595 -0.3346422 -0.9423449 0.0009308918 -0.4832632 -0.8754749 0.0005665877 -0.3346423 -0.9423451 -0.0004626573 -0.3345821 -0.9423665 0.0004082466 -0.4831877 -0.8755166 -0.0006165265 -0.3345219 -0.9423879 -0.0004635597 -0.4829612 -0.8756415 0.0005644098 -0.3344893 -0.9423996 8.962395e-06 -0.4829981 -0.8756214 -1.118025e-05 -0.6048344 -0.7963514 2.697511e-05 -0.6174846 -0.7864888 0.01217593 -0.8870332 -0.4616846 0.004392453 -0.7884883 -0.6150497 -6.135301e-05 -0.7884218 -0.6151351 5.814419e-05 -0.8857977 -0.4637159 -0.01816333 -0.8859648 -0.4637526 5.703714e-05 -0.7864237 -0.6172473 -0.02331408 -0.862346 -0.5060939 0.01511131 -0.7234267 -0.690037 0.02242179 -0.7004898 -0.7134489 -0.01745547 -0.6189428 -0.7853259 -0.01315904 -0.6057797 -0.7956324 -6.276214e-06 -0.6008628 -0.7992199 0.01454073 -0.7352344 -0.6770573 0.03199435 -0.6772818 -0.7340735 0.04924705 -0.7044826 -0.7074718 0.05646082 -0.7026697 -0.7073349 0.07702316 -0.6905589 -0.7183875 0.08395111 -0.6972573 -0.7103435 0.09614692 -0.6850823 -0.7189837 0.1171523 -0.6835651 -0.720783 0.1149383 -0.669543 -0.7278497 0.1481458 -0.6823775 -0.7197948 0.1275005 -0.668665 -0.7300605 0.1410628 -0.6493111 -0.7396365 0.177011 -0.6671844 -0.7303752 0.1463455 -0.6338369 -0.7454717 0.206211 -0.6512715 -0.742985 0.1543334 -0.6320073 -0.7581074 0.1607478 -0.6361015 -0.7199914 0.2774659 -0.647117 -0.7216997 0.2457417 -0.6068041 -0.7398823 0.290453 -0.6173105 -0.7468023 0.247415 -0.5814276 -0.7654105 0.2758418 -0.5360565 -0.8192002 0.2038492 -0.5306406 -0.8233197 0.2014083 -0.5618201 -0.8004988 0.2087099 -0.5184341 -0.8308121 0.2024288 -0.5116353 -0.8354293 0.2007169 -0.5071644 -0.838897 0.1975755 -0.5044646 -0.8415082 0.1933373 -0.5317927 -0.8223233 0.2024374 -0.5029632 -0.8436241 0.187953 -0.502577 -0.8450918 0.182308 -0.5026812 -0.8461563 0.1770062 0.6321608 -0.7241111 0.2757461 0.5074598 -0.8387706 0.1973536 0.5048491 -0.8413469 0.1930357 0.532592 -0.8207992 0.206481 0.511799 -0.8353541 0.2006125 0.503399 -0.843449 0.1875716 0.5030361 -0.8449159 0.1818565 0.5031507 -0.8459734 0.1765456 0.5270777 -0.8266245 0.1971827 0.566853 -0.7943214 0.2184745 0.531213 -0.8230283 0.2010902 0.6019501 -0.761299 0.2409977 0.6237072 -0.729212 0.2814945 0.5516785 -0.8106774 0.1960939 0.6342825 -0.7346218 0.2408662 0.611578 -0.7725042 0.1709082 0.6458125 -0.7340173 0.210107 0.632136 -0.7574978 0.1630979 0.6574823 -0.73184 0.1792411 0.6513751 -0.7431707 0.1529964 0.6686656 -0.7300593 0.1410665 0.679921 -0.7176875 0.1504395 0.6675525 -0.732682 0.1324793 0.6850798 -0.7189861 0.1171527 0.683565 -0.7207823 0.1149424 0.6972557 -0.7103453 0.09614599 0.6905568 -0.7183898 0.08394914 0.7026567 -0.7073474 0.0770274 0.7044706 -0.7074841 0.05645738 0.6772878 -0.734068 0.04924832 0.7352303 -0.6770616 0.03199889 0.6008297 -0.7992447 0.01454067 0.4829998 -0.8756204 -9.918197e-06 0.6048329 -0.7963524 2.538426e-05 0.6174847 -0.7864887 0.01217559 0.8859662 -0.4637497 5.547689e-05 0.7884884 -0.6150497 -6.274536e-05 0.7884209 -0.6151362 5.842101e-05 0.8857978 -0.4637159 -0.018162 0.8870328 -0.4616856 0.004382935 0.7864234 -0.6172479 -0.02330734 0.8623427 -0.5060993 0.01511705 0.7234269 -0.6900366 0.02242963 0.6189386 -0.7853292 -0.01315383 0.7004879 -0.713451 -0.01745202 0.6057802 -0.795632 -5.752732e-06 0.483023 -0.8756077 1.271573e-05 0.3345301 -0.9423851 7.511419e-06 0.4830245 -0.8756068 -9.921603e-06 0.4830439 -0.8755962 8.986714e-06 0.4830453 -0.8755953 -1.326433e-05 0.3345299 -0.9423851 9.824438e-06 0.8712891 -0.4903915 -0.01927397 0.8096897 -0.5867372 0.01191297 0.8736032 -0.4866379 0.001014385 0.8740209 -0.4858874 -0.000987262 0.8081958 -0.588913 0.001019298 0.8741004 -0.4857451 0.0005133756 0.8739952 -0.4859343 -0.0004909924 0.8085184 -0.5884708 -0.0004982552 0.8082317 -0.5888644 0.0005177978 0.8741544 -0.4856478 -0.0005184762 0.8086581 -0.5882787 0.0004891491 0.8086225 -0.5883276 -0.0005220141 0.8740787 -0.4857841 -0.0005035369 0.8741802 -0.4856014 0.0004716476 0.8086912 -0.5882315 -0.001506888 0.8739754 -0.4859679 0.001459171 0.8738989 -0.4861055 -0.001508828 0.6058045 -0.7956135 -1.028664e-05 0.783189 -0.6215854 0.01570382 0.8707967 -0.4912099 0.0206387 0.8106137 -0.5854419 -0.01277492 0.78979 -0.6133621 -0.004320119 0.7877122 -0.6160436 -1.475372e-05 0.7894101 -0.6138619 -0.002281831 0.6852962 -0.7282645 6.362206e-06 0.6853141 -0.7282475 6.36154e-06 0.605837 -0.7955889 -5.761713e-06 0.483072 -0.8755807 1.270871e-05 0.483072 -0.8755807 1.270871e-05 0.8855565 -0.4641042 0.01992401 0.8864548 -0.462815 -0.0002910258 0.8874761 -0.4608339 -0.004265661 0.7859623 -0.6177428 0.02563337 0.8631255 -0.5047192 -0.0165193 0.7893139 -0.6139896 0.0003223393 0.7891346 -0.6142204 -1.506882e-05 0.6058567 -0.7955738 -5.760406e-06 0.6835362 -0.7299086 -0.003403572 0.6049135 -0.7962905 -0.001053543 0.6828746 -0.7305349 0.001001133 0.6828287 -0.730576 0.001970905 0.6040867 -0.7969159 -0.002097594 0.6818582 -0.7314703 -0.004548882 0.6048723 -0.7963222 0.0006539075 0.6799397 -0.7332614 0.003117745 0.6033304 -0.7974842 -0.00338229 0.6803277 -0.7328877 -0.005456297 0.6404242 -0.7670919 0.0377734 0.6780427 -0.7350222 -0.0006337954 0.6780214 -0.7350419 -0.0006000616 0.6847262 -0.7287973 0.002138257 0.6836599 -0.7298009 2.423574e-05 0.6050839 -0.7961617 -3.113953e-05 0.605084 -0.7961617 -3.113948e-05 0.6845185 -0.7289955 2.486886e-05 0.6049871 -0.7962352 -2.267009e-05 0.6844214 -0.7290866 3.445271e-05 0.6049862 -0.7962359 -3.120547e-05 0.6844204 -0.7290875 2.479657e-05 0.684331 -0.7291716 2.473063e-05 0.6843319 -0.7291706 3.438539e-05 0.6048727 -0.7963221 -2.274893e-05 0.6048718 -0.7963229 -3.128278e-05 0.7868705 -0.6166285 -0.0245801 0.6977651 -0.7161735 0.0148116 0.6965021 -0.7174556 -0.011925 0.7209436 -0.6929073 0.01094128 0.7876036 -0.6160932 -0.01047501 0.685288 -0.7282721 -1.412753e-05 0.6057858 -0.7956278 3.724588e-07 0.6057853 -0.7956281 8.749532e-06 0.6852876 -0.7282726 -4.651064e-06 0.6853055 -0.7282557 -4.654227e-06 0.6058223 -0.7955999 8.74356e-06 0.6058223 -0.7955999 9.431195e-06 0.6853055 -0.7282557 -4.02482e-06 0.6843275 -0.7291747 -4.481723e-06 0.6058421 -0.795585 8.740381e-06 0.6853324 -0.7282305 -1.413597e-05 0.6853845 -0.7281805 -0.001085715 0.6856255 -0.7279515 -0.002068609 0.6058425 -0.7955847 3.625239e-07 0.2127447 -0.9771078 -0.0005283999 0.174834 -0.984597 0.001351155 0.1878193 -0.9821709 -0.008008041 0.6302139 -0.7764041 -0.005213075 0.5920489 -0.8057589 0.01518852 0.6569474 -0.7537772 0.01549296 0.6508771 -0.7591551 0.006525083 0.6053625 -0.7959287 -0.005809875 0.6350549 -0.7724645 0.001946694 0.6502514 -0.7596282 -0.0117529 0.6734802 -0.7390354 0.0158529 0.5534142 -0.8328434 0.01023151 0.604169 -0.7968428 -0.004623179 0.6123289 -0.7906023 -0.001163451 0.6719325 -0.7406072 0.002762472 0.635056 -0.7724657 -0.0008162395 0.6834891 -0.7294231 0.02801081 0.6330565 -0.7741053 0.0007634633 0.6139001 -0.7893838 -7.468693e-05 0.632835 -0.7742867 9.055054e-05 0.6825786 -0.7308121 0.0003900212 0.6330566 -0.7741055 -6.378329e-05 0.5985572 -0.8010798 0.0007391768 0.6138999 -0.7893835 -0.0007413418 0.6176456 -0.7864562 0.0007469152 0.6328347 -0.7742865 -0.0007598574 0.581802 -0.8133296 0.001116541 0.5985572 -0.8010798 -0.0007765394 0.6042634 -0.7967842 0.000777992 0.6176456 -0.7864562 -0.0007760213 0.6042636 -0.7967845 -1.046132e-05 0.5818024 -0.8133302 1.05668e-05 0.5802698 -0.8144239 0.0006533036 0.4723421 -0.8812243 -0.01834882 0.5802698 -0.8144237 -0.000954049 0.5701384 -0.8215443 0.002659185 0.5701385 -0.8215444 -0.002632907 0.4934342 -0.8696319 -0.01621965 0.4934017 -0.8695747 0.01986805 0.2286261 -0.9727432 0.03873901 0.4185389 -0.9081891 0.004234828 0.206698 -0.9779091 0.03114166 0.2708125 -0.9621744 -0.02968137 0.2081484 -0.9776661 0.02903839 0.4185399 -0.9081912 -0.003634124 0.3758253 -0.9266853 0.003106646 0.2305134 -0.9727349 -0.02550019 0.337727 -0.9412416 0.002182933 0.3758259 -0.9266867 -0.002585951 0.3377273 -0.9412424 -0.001731797 0.3078603 -0.9514309 0.001116982 0.2267889 -0.9737315 -0.02034188 0.2838123 -0.9588796 0.0007847464 0.3078603 -0.9514312 -0.0008319519 0.2838123 -0.9588798 -0.0004886551 0.2902745 -0.9569432 0.0007220304 0.2902744 -0.9569427 -0.001195074 0.2400844 -0.9703047 0.02946638 0.1958186 -0.9801709 -0.03033214 0.3291251 -0.9442855 0.001311922 0.2696717 -0.9623791 0.0332212 0.3291248 -0.9442846 -0.001824192 0.2204094 -0.974738 -0.03613119 0.3633127 -0.9316664 0.001292069 0.1981925 -0.9801631 7.028114e-05 0.2367191 -0.9715781 -8.015367e-05 0.3633125 -0.931666 -0.001584657 0.2888982 -0.9570115 0.02582254 0.3917453 -0.9200719 0.0018064 0.3917451 -0.9200714 -0.002113027 0.4207682 -0.9071655 0.0022169 0.4207678 -0.9071649 -0.00249296 0.4837495 -0.875098 0.01378518 0.4837278 -0.8750588 -0.01672214 0.4819369 -0.8761011 -0.01354942 0.540938 -0.8410503 0.004533252 0.5409371 -0.8410488 -0.00488762 0.5636817 -0.8259848 0.003481035 0.6011279 -0.799112 -0.008080527 0.6011463 -0.7991365 -0.001982944 0.5636807 -0.8259833 0.003956028 0.608407 -0.7936242 0.001317491 0.5347693 -0.8448851 -0.01382215 0.6084065 -0.7936236 -0.001747987 0.6125379 -0.790441 0.0004414541 0.6365053 -0.7712722 -0.0004496256 0.6125379 -0.790441 0.0004777035 0.6365054 -0.7712722 -0.0004051094 0.6941406 -0.719838 0.001456163 0.6366383 -0.7711625 -0.0003206836 0.6939092 -0.7193059 -0.03299852 0.6366381 -0.7711623 -0.0008178375 0.6113492 -0.7913598 0.001352457 0.5984948 -0.8010944 0.007196554 0.6378508 -0.7701599 6.35011e-05 0.6810329 -0.7322527 -0.0002028887 0.6823905 -0.7306213 -0.02314654 0.5728843 -0.8190351 -0.03138585 0.6378505 -0.7701595 -0.0009913419 0.5957001 -0.803196 0.004188767 0.6719918 -0.7405521 -0.003097073 0.6402757 -0.7681446 0.001010381 0.6731853 -0.7393823 -0.0116367 0.6176662 -0.7864251 0.004912501 0.6065133 -0.795001 -0.01072264 0.6349125 -0.7725769 0.003317505 0.6402744 -0.7681431 -0.002211366 0.6519917 -0.7581753 0.008775873 0.6561093 -0.7546399 -0.006265498 0.1818265 -0.983279 0.01008495 0.2008832 -0.9796031 -0.004878081 0.2454807 -0.969399 0.002204106 0.2878288 -0.9576492 -0.007909675 0.3213149 -0.9465325 -0.02886225 0.3489037 -0.9355696 -0.05454776 0.1844792 -0.9828177 0.006077891 0.1917528 -0.9813918 -0.01004966 0.4392011 -0.8983887 -0.0002974676 0.4033606 -0.9149739 0.01109864 0.3692215 -0.9287605 0.03285305 0.3369316 -0.9394107 0.0631219 0.3067011 -0.9465576 0.09981548 0.5149985 -0.8571872 -0.002592404 0.4980337 -0.8671194 0.008141616 0.538851 -0.8421795 0.01932595 0.5146948 -0.8573542 0.005770896 0.4764602 -0.8791946 -0.001626113 0.5414534 -0.8404738 -0.02078649 0.464528 -0.8841875 0.04925702 0.5390337 -0.8421457 -0.01527314 0.4650925 -0.8852621 0.0001417652 0.3064194 -0.9518966 0 0.3035282 -0.952822 0.0009472255 0.1918353 -0.9814268 -0.0008031467 0.1987161 -0.9800528 0.002894805 0.1984611 -0.9801083 0.0009880917 0.1991616 -0.979956 0.004555807 0.3703999 -0.9288717 0.001153143 0.244347 -0.9696838 0.002835292 0.3677304 -0.9296372 -0.02342918 0.2773597 -0.9607662 -0.0002116659 0.2448711 -0.9695518 0.002726076 0.2454651 -0.9691321 0.02301844 0.3503521 -0.9365652 -0.009950356 0.3486457 -0.9371926 -0.01078034 0.3501914 -0.9365332 0.01647919 0.739002 -0.6734178 0.01960419 0.7284524 -0.6850833 0.004243713 0.6792423 -0.7338559 -0.009245832 0.6660236 -0.7458165 0.01305059 0.6594486 -0.7516668 0.01115935 0.6671293 -0.7448662 -0.01062306 0.7047725 -0.7094322 0.001273884 0.7587408 -0.6508688 0.02611805 0.7402322 -0.6722948 -0.008713235 0.6587963 -0.7522784 0.008032721 0.7077398 -0.7064723 -0.001089427 0.7591979 -0.6505625 0.01967286 0.6555557 -0.7549557 0.01698859 0.7573507 -0.6529862 0.005380241 0.6518026 -0.7583715 -0.005099098 0.6509881 -0.7590716 0.004969594 0.7472066 -0.6641527 -0.02415463 0.7842152 -0.6198135 0.02894375 0.6542393 -0.7561784 0.01284968 0.7161022 -0.6979941 -0.001373635 0.4987296 -0.8666805 -0.01156226 0.4971125 -0.8676319 -0.009695695 0.5934213 -0.8048717 0.005726384 0.58784 -0.8081843 0.03580936 0.5002612 -0.8656456 -0.01990453 0.4645282 -0.8852538 0.02321878 0.5969989 -0.8021078 0.01468227 0.5801777 -0.8143919 -0.012638 0.4628981 -0.8863009 0.01400613 0.469007 -0.8831157 -0.01179482 0.5925545 -0.8053945 -0.01478955 0.596862 -0.8021978 0.01531755 0.420008 -0.9072657 0.02150264 0.5624086 -0.8262244 0.03239981 0.4745378 -0.8800144 -0.01971294 0.5671158 -0.8234782 0.01621979 0.4306409 -0.90244 -0.01225911 0.3822013 -0.9238391 0.02105621 0.4365523 -0.8994544 -0.02009914 0.3986903 -0.9168248 -0.02187298 0.3663043 -0.9302503 0.02134167 0.3696641 -0.9290596 -0.01402997 0.3372974 -0.9411622 0.02107607 0.3411366 -0.9400132 -0.0009176435 0.3732602 -0.927468 -0.0219064 0.3417907 -0.9397756 0.001043817 0.3408414 -0.9400618 -0.01053238 0.3409662 -0.9400111 -0.01101053 0.3325459 -0.9430851 0.001888266 0.4802944 -0.8771037 0.002490204 0.1984612 -0.9801087 -3.94677e-05 0.2002579 -0.9797419 -0.001653672 0.1987058 -0.9800551 -0.002824041 0.3064194 -0.9518965 0 0.1947138 -0.9808601 0 0.2003631 -0.9797202 0.001685046 0.1984612 -0.9801087 9.454896e-06 0.1985264 -0.9800944 -0.001471778 0.1994085 -0.9799008 -0.005544468 0.1984612 -0.9801086 -0.0004893246 0.4806125 -0.876928 -0.003005831 0.4818282 -0.8762649 -0.00124684 0.3335575 -0.9427292 -0.0009401094 0.3322975 -0.9431719 -0.002295109 0.3428646 -0.9381114 0.04889623 0.3024884 -0.9530152 0.01620899 0.2665165 -0.9638277 0.00226548 0.2337745 -0.9722902 -0.001159566 0.2018715 -0.9794005 0.004762536 0.1731967 -0.9847206 0.01811587 0.1905315 -0.9816804 0.001221363 0.3020508 -0.9532908 -0.00143086 0.180503 -0.9835257 -0.009786934 0.1878835 -0.9821895 -0.001897997 0.1920764 -0.9813057 0.0120743 0.1869846 -0.9823627 0.0005005116 0.3461047 -0.9380144 0.01845344 0.3467551 -0.9377262 0.02074877 0.3370098 -0.9410391 -0.02949177 0.3473055 -0.9377519 -0.0005642505 0.3472498 -0.9377715 0.00148611 0.3471574 -0.9378068 0.000501106 0.3914405 -0.9199356 0.02219716 0.3794394 -0.9247185 -0.03035501 0.3859021 -0.922477 0.01074927 0.4325919 -0.901117 0.02919861 0.4239466 -0.9056355 0.009669481 0.421135 -0.9067296 -0.02206586 0.4547695 -0.8903442 0.02172153 0.5747473 -0.8177452 -0.03095776 0.5886327 -0.8083453 0.009455669 0.4494946 -0.89325 0.007682264 0.449207 -0.8931521 -0.02218928 0.5942001 -0.8042639 -0.009264252 0.3594655 -0.9331014 0.01031115 0.3514288 -0.9361055 -0.01429303 0.2491497 -0.9679391 -0.03191102 0.2516647 -0.9669396 -0.04114251 0.367797 -0.9297537 0.01683973 0.5987217 -0.8008417 -0.01359957 0.4804601 -0.8767573 0.02132103 0.5938304 -0.8040098 -0.03055675 0.4701925 -0.8823897 -0.01753886 0.5858594 -0.8103264 0.01183312 0.4698094 -0.8826728 -0.01295224 0.4949581 -0.868845 0.01117811 0.496296 -0.8680018 0.01622355 0.5886094 -0.808066 -0.02383662 0.4891034 -0.8722137 0.004576556 0.8550842 -0.5180716 0.02080283 0.280056 -0.9588736 -0.04615254 0.3259197 -0.94526 -0.01612295 0.3714123 -0.9284673 -0.001168207 0.3516956 -0.936112 -0.002109252 0.4607915 -0.8875058 0.00214917 0.3127805 -0.9497395 -0.01277703 0.2532031 -0.9667511 0.03578217 0.4838964 -0.8749244 0.01875073 0.5225308 -0.8525556 0.01051734 0.4150025 -0.9098198 -0.0008426555 0.4572186 -0.8893541 0.0006411849 0.4966523 -0.8678867 -0.01045872 0.5185347 -0.8547416 -0.02320495 0.4200763 -0.9074882 0.001057812 0.5316402 -0.8463834 0.03152663 0.4474263 -0.8936685 -0.03415083 0.7777016 -0.6280175 -0.02782346 0.6659029 -0.7460325 0.003000448 0.667394 -0.7446863 -0.005255059 0.7204736 -0.6934819 -0.0007267239 0.751024 -0.6598825 0.02275926 0.6690677 -0.7429364 -0.01984425 0.6903034 -0.7234027 0.01302384 0.6708596 -0.7415655 0.005281961 0.7554622 -0.6551675 -0.005694433 0.7443603 -0.6677472 -0.006434336 0.7543208 -0.6561013 -0.02304896 0.6607809 -0.7495165 -0.03991804 0.699816 -0.7141188 0.01708109 0.61637 -0.7874054 0.008989616 0.6995715 -0.7140405 0.02731384 0.6165127 -0.7873366 -0.003615726 0.835036 -0.5500925 0.01063425 0.7807764 -0.6243719 -0.02340629 0.7600603 -0.6497243 0.01291251 0.7737281 -0.6327847 -0.03046866 0.7739044 -0.6331954 -0.01164812 0.7262092 -0.6872464 -0.01767902 0.6822698 -0.7310922 0.003518091 0.7557452 -0.6547425 0.01270674 0.7604509 -0.6493028 0.01096266 0.7531206 -0.6578065 -0.00999799 0.6833192 -0.7300301 0.0114403 0.6854324 -0.7280829 -0.008814552 0.8089859 -0.5877872 -0.006941509 0.8013116 -0.5981026 0.01315332 0.8616841 -0.5073169 0.01140693 0.8351552 -0.5499161 -0.01040115 0.8047101 -0.5933993 -0.01785894 0.8575113 -0.5121809 0.04842567 0.5786076 -0.8155066 -0.01273923 0.5639657 -0.8252609 -0.02978897 0.4911959 -0.870998 0.009446357 0.4881957 -0.8726267 0.01369799 0.7793211 -0.6265435 -0.01009375 0.7063395 -0.7077978 0.01033874 0.7801477 -0.6254582 0.01309455 0.7623423 -0.6470814 -0.01094689 0.4827361 -0.8757234 0.008635878 0.5767866 -0.8168293 0.01034412 0.5730788 -0.8194556 -0.008557243 0.4901598 -0.8715909 -0.008533262 0.7054057 -0.708725 -0.01057355 0.7718125 -0.635783 0.009242176 0.7050267 -0.7091293 -0.008545594 0.7714843 -0.6361504 0.01116055 0.6908414 -0.7229452 0.009398961 0.4617292 -0.8870208 -0.0006215477 0.4593257 -0.8881573 0.01401944 0.5510886 -0.8343897 0.009749942 0.478604 -0.8779686 -0.01045602 0.462121 -0.8868167 0.0006266511 0.5526693 -0.8334003 -0.0007297467 0.4626023 -0.8865372 0.007145087 0.552275 -0.8336386 -0.006234987 0.6926141 -0.7211222 0.01638527 0.7808665 -0.6245191 0.01494956 0.7817475 -0.6234781 -0.01207364 0.7661887 -0.6424813 -0.01314596 0.6937876 -0.720072 -0.01245195 0.7725528 -0.6348532 0.01112172 0.6767073 -0.7361677 0.01115034 0.7721288 -0.6353314 0.01308787 0.6932771 -0.7205967 -0.01035875 0.4448616 -0.895573 0.006857914 0.5354542 -0.8445413 0.006237478 0.453483 -0.8912371 -0.007035201 0.8372295 -0.546737 0.01119942 0.8333247 -0.5526629 -0.01156746 0.8876856 -0.460375 0.008315775 0.8407499 -0.5409986 -0.02145131 0.8414479 -0.5398426 -0.0231387 0.4450352 -0.8955122 -0.001209871 0.4444434 -0.895806 0.001284157 0.4660794 -0.8831043 0.05382267 0.5326964 -0.8462743 -0.007380641 0.5349216 -0.8449005 -0.001375345 0.7799858 -0.6255975 0.01580893 0.768715 -0.6394349 -0.01414979 0.6775179 -0.7353172 0.01667794 0.7784674 -0.6274967 -0.01537525 0.7800092 -0.6255742 0.01557716 0.6810312 -0.7321182 -0.01412128 0.7710836 -0.6365615 0.01481917 0.6612394 -0.7500676 0.01268941 0.6803991 -0.7327433 -0.01200823 0.8508701 -0.5252158 0.01297807 0.9025072 -0.4305466 0.01050306 0.8852943 -0.4649262 -0.009881372 0.7776212 -0.6285354 0.01576393 0.7695999 -0.6383674 -0.01425267 0.6614332 -0.7498305 0.0161317 0.8514901 -0.5242146 -0.01278904 0.8474839 -0.5306593 0.01311024 0.9024217 -0.430642 0.01351464 0.7783631 -0.6276878 -0.01260393 0.7781091 -0.628005 0.01248446 0.6579388 -0.7529741 0.01209699 0.6664882 -0.7454243 -0.01166699 0.8500646 -0.5264549 -0.01534265 0.8478225 -0.5299981 0.01729206 0.9005553 -0.4345202 -0.01386697 0.7717849 -0.6357123 -0.01476091 0.771534 -0.6360733 0.01208269 0.6503026 -0.7595536 -0.0135978 0.650307 -0.7595316 -0.01458324 0.7636248 -0.6455154 0.01367551 0.7633833 -0.6457663 0.01522208 0.6348299 -0.7725399 0.01315164 0.6500079 -0.759818 -0.01290159 0.3345098 -0.9423922 -3.74594e-05 0.4826007 -0.8758404 4.512609e-05 0.3342732 -0.9424763 3.337553e-05 0.858649 -0.512323 0.01571994 0.9138178 -0.405943 0.01213494 0.9013119 -0.4330458 -0.01039567 0.7601022 -0.6496643 -0.01345292 0.6350329 -0.7723475 0.01458118 0.7688729 -0.6392318 0.01473426 0.9136527 -0.4062181 0.01502027 0.8554166 -0.5177279 0.01484049 0.8606138 -0.5090495 -0.0145747 0.912937 -0.4078676 -0.01379113 0.8554631 -0.5175903 0.01682469 0.8587153 -0.512229 -0.01514794 0.6361195 -0.7715858 0.002682469 0.7700695 -0.6379545 -0.002635261 0.7710024 -0.6368262 0.002784717 0.6381603 -0.7698996 -0.002487184 0.7713509 -0.6364045 -0.002661738 0.7708219 -0.6369441 -0.01165612 0.7765018 -0.6299878 0.01265993 0.9133151 -0.4071001 -0.0111795 0.8645245 -0.5023475 0.01563196 0.9225463 -0.3856772 0.01270556 0.9226035 -0.3855646 0.01194763 0.8625861 -0.5057662 0.01207234 0.8672382 -0.4977473 -0.01206624 0.779066 -0.6268672 -0.009678723 0.8627462 -0.505406 -0.01528761 0.9225484 -0.3855841 0.0151443 0.8596961 -0.5105771 0.01527979 0.7792509 -0.6266778 -0.006550116 0.7829592 -0.6219933 0.009961407 0.9211332 -0.3890328 -0.01293147 0.8597068 -0.5105546 0.01543928 0.9250056 -0.3796493 0.01519745 0.861056 -0.5083141 -0.01412371 0.784547 -0.6200553 -0.004161414 0.7851397 -0.6192731 0.007508443 0.8671218 -0.4978818 0.01461427 0.9300191 -0.3671643 -0.01596074 0.8679595 -0.4966281 -0.002636469 0.3341106 -0.9425339 3.200299e-05 0.2023482 -0.9793136 -3.824427e-05 0.9297701 -0.3681323 -0.002506053 0.8685853 -0.4955318 0.002754353 0.2024839 -0.9792851 0.0009381378 0.9295226 -0.3685993 -0.01105948 0.8708434 -0.4914129 -0.0120475 0.8688846 -0.494843 0.0130372 0.202484 -0.9792855 -0.0004572037 0.2024518 -0.9792922 8.93551e-06 0.9351934 -0.3539675 0.01097541 0.8763239 -0.4816318 -0.009342396 0.9296558 -0.3682977 -0.009842526 0.8746515 -0.4845911 0.01250186 0.9361347 -0.3515245 -0.009076141 0.8791389 -0.4764721 0.009441881 0.8800935 -0.4747542 -0.006631325 0.9362177 -0.3513666 -0.006162961 0.8790741 -0.4766329 0.007054427 0.9400405 -0.3409525 0.008665042 0.8824627 -0.4702811 0.009767818 0.8834789 -0.4684533 -0.004064287 0.9360409 -0.351801 -0.007959135 0.9406084 -0.3394714 -0.00387188 0.8846328 -0.4662694 0.00418593 0.3345098 -0.9423922 -8.301889e-06 0.7220716 -0.6918176 -0.000959184 0.7223401 -0.6915378 0.0005050777 0.6195852 -0.784929 -0.0009040919 0.6187688 -0.7855725 0.0009568849 0.9424645 -0.3342438 0.006466192 0.9405515 -0.3395956 -0.006145842 0.8847224 -0.4660603 0.007356191 0.6198915 -0.7846874 0.0004778008 0.6198943 -0.7846851 0.0004519961 0.7226984 -0.6911634 -0.0004821922 0.722614 -0.6912516 0.0004477928 0.6196862 -0.7848495 -0.0004982787 0.9436752 -0.3308461 0.004255393 0.9435146 -0.3313073 -0.003963443 0.9387285 -0.3436877 0.02583971 0.9375567 -0.3478264 0.002027608 0.3345498 -0.9423781 -8.309572e-06 0.4830981 -0.8755662 -9.931757e-06 0.3346127 -0.9423558 9.813813e-06 0.9380332 -0.3465406 -0.001828932 0.9380059 -0.3466182 -0.0009075382 0.9380337 -0.3465427 0.0009023938 0.9379144 -0.3468652 -0.001034243 0.9377964 -0.3471752 0.002689607 0.9377092 -0.3474086 -0.002975662 0.7864224 -0.6176481 -0.007123992 0.7853687 -0.6190248 0.002051609 0.9392928 -0.3419417 -0.02836798 0.9439431 -0.3300827 -0.004108749 0.7836989 -0.6210674 -0.009568039 0.7852917 -0.6191127 0.004061832 0.7806087 -0.6249878 0.006351268 0.9435975 -0.3310727 0.003823181 0.9429084 -0.3329953 -0.006157885 0.7779362 -0.6282256 -0.0121568 0.7804856 -0.625105 0.009275895 0.4717832 -0.8806015 -0.04428875 0.4482584 -0.8939026 0.001582104 0.5426554 -0.8398731 0.01175847 0.4484816 -0.8937919 0.0006320702 0.7732369 -0.6340182 0.01121098 0.4478381 -0.8940358 -0.01187798 0.5448415 -0.8385371 0.001801722 0.4476461 -0.8942093 -0.001681089 0.7736422 -0.6336213 0.001314133 0.7735845 -0.6336917 -0.001382074 0.9408903 -0.3386603 0.005887426 0.885673 -0.4642575 -0.00696259 0.8850213 -0.465546 0.002030488 0.5451183 -0.8382258 -0.01494546 0.4568975 -0.8894699 -0.00937872 0.4626083 -0.8864881 0.01150229 0.7733288 -0.6340038 0.001345026 0.7729264 -0.634342 -0.01396359 0.9410866 -0.3381602 0.001894236 0.8849021 -0.4657721 -0.002136448 0.6361878 -0.7715287 0.002940484 0.7642151 -0.644834 0.01281948 0.6393406 -0.7688007 -0.0137513 0.8839585 -0.4675485 0.003984899 0.9410552 -0.3382318 0.003783333 0.940488 -0.3397247 -0.00833538 0.884942 -0.4656832 -0.004106521 0.6337692 -0.7732597 -0.02015363 0.7656877 -0.6432049 0.00314445 0.6345654 -0.7728628 -0.00313154 0.5754594 -0.8177585 0.01084427 0.4778006 -0.8784021 0.01077767 0.5465234 -0.8373894 -0.009549079 0.4765932 -0.8790009 -0.01471277 0.4779674 -0.8783775 0.0003449747 0.4780602 -0.878327 -0.0003717957 0.575691 -0.8176673 0.0003629143 0.8829398 -0.4693925 -0.009380126 0.9370537 -0.3490995 0.007737125 0.8809707 -0.4731273 0.006409864 0.7758069 -0.6308149 0.01400538 0.764632 -0.6439962 -0.02463331 0.6651891 -0.7464392 0.01876228 0.8799509 -0.4750154 -0.006837799 0.9372067 -0.3487239 0.00594094 0.9371474 -0.3488248 0.00872034 0.8799875 -0.4749101 -0.009071746 0.8776585 -0.4792024 0.008973991 0.9362116 -0.3512751 -0.01065032 0.7797719 -0.6259034 -0.01417344 0.7797148 -0.625955 -0.01500459 0.6630161 -0.7484981 0.01265147 0.5028746 -0.8643354 -0.006442762 0.5933701 -0.8049021 0.006672741 0.5747896 -0.8182333 -0.01054196 0.5005282 -0.8656651 0.009767716 0.6612681 -0.7499381 -0.01781241 0.6608877 -0.7503313 -0.0151801 0.7706285 -0.6371376 0.01369452 0.5952072 -0.8035375 -0.007470498 0.5050285 -0.8628919 -0.01907675 0.5087203 -0.8609076 0.00645383 0.5179997 -0.8553737 -0.003488546 0.5793591 -0.8145064 0.03037398 0.5972059 -0.8020467 0.008151289 0.931491 -0.363638 0.009582357 0.8728745 -0.4878086 0.01152147 0.8760021 -0.482158 -0.0119932 0.8709515 -0.4912121 -0.01241572 0.9313921 -0.3638621 0.01063265 0.6826743 -0.7305375 0.01645246 0.7747473 -0.6319054 -0.0214982 0.9315864 -0.3635179 0.001230722 0.8705779 -0.4920288 0.001342971 0.870751 -0.4917223 -0.001406243 0.6833353 -0.7298209 0.02035312 0.7865417 -0.6172249 0.01964112 0.7753283 -0.6313056 -0.01786815 0.9316068 -0.3631682 0.01474856 0.8702775 -0.4923677 -0.01382203 0.9277384 -0.3729594 -0.01424037 0.8643169 -0.5027705 0.01334939 0.6902744 -0.723466 -0.01086813 0.6833762 -0.7299656 0.01213153 0.7865057 -0.6174913 -0.0106467 0.7923996 -0.6099027 0.01101904 0.863794 -0.5036672 -0.01339444 0.863889 -0.503474 -0.01447909 0.9239783 -0.3822479 0.01227652 0.6976791 -0.7163353 0.01037262 0.7922983 -0.6100356 -0.01095981 0.7916956 -0.6107273 -0.01517473 0.6931235 -0.720642 -0.01596793 0.7836902 -0.621002 0.01364815 0.6926265 -0.7212505 -0.008135668 0.8689567 -0.4947139 0.01313161 0.9256142 -0.3782285 -0.01347381 0.9256576 -0.3781613 -0.01233064 0.7042237 -0.7099344 0.007885695 0.7850211 -0.6194031 -0.009048591 0.7893826 -0.6138303 0.009363015 0.867823 -0.4966511 -0.01486145 0.9170225 -0.3986821 0.01106367 0.8613504 -0.5078068 0.01441696 0.8597791 -0.5102319 -0.02105441 0.7044913 -0.7096579 0.008810118 0.7904285 -0.6124827 -0.009370235 0.7899045 -0.6130478 -0.01494237 0.7017703 -0.71222 -0.01615994 0.7002149 -0.7139071 -0.005967386 0.7789097 -0.626995 0.01330011 0.918827 -0.3946604 -0.0004015415 0.864936 -0.501882 0.0004326758 0.8648502 -0.5019187 -0.01057609 0.9187523 -0.394694 -0.01053563 0.8689906 -0.4947167 0.01052427 0.9186426 -0.3949088 -0.01195487 0.7084323 -0.7057551 0.005789528 0.7815549 -0.6238021 -0.00654624 0.7841846 -0.6204909 0.006739272 0.7085811 -0.7056 0.006418762 0.7859177 -0.6182946 -0.006721335 0.7856445 -0.6185176 -0.01408892 0.8604741 -0.5092848 0.0146107 0.866487 -0.498974 -0.01500623 0.9087737 -0.4171613 0.01032766 0.707721 -0.7063163 -0.01575576 0.7714522 -0.6361681 0.01230664 0.7761918 -0.6304342 -0.008879411 0.8573326 -0.5145035 -0.01633554 0.8571017 -0.5150682 -0.009025158 0.9083024 -0.4181043 0.013252 0.9089161 -0.4168328 -0.01104323 0.9090257 -0.4166416 -0.009059379 0.8602936 -0.5097198 0.008987894 0.6868089 -0.7267904 0.008319274 0.7057449 -0.7084203 -0.00804466 0.7638167 -0.6453674 0.009218673 0.7646127 -0.6443354 -0.0141116 0.7599884 -0.6498956 -0.007303379 0.8968197 -0.4422979 -0.009326094 0.895306 -0.4453305 0.01038952 0.8451015 -0.5344728 0.01193564 0.8470234 -0.5315151 -0.006559514 0.851299 -0.5241929 0.02262228 0.8536532 -0.5200545 0.02862538 0.8588415 -0.5120702 -0.01323859 0.7112724 -0.7026293 -0.02009139 0.5966858 -0.8024292 0.008564244 0.6105517 -0.7919612 -0.004903804 0.6874028 -0.7262588 -0.00506744 0.7186891 -0.6952271 0.01205244 0.6880626 -0.7254634 -0.01651434 0.6833134 -0.7299588 0.01558485 0.6047271 -0.7960292 -0.0253494 0.6655453 -0.7463543 0.002171102 0.6026464 -0.7979144 -0.0122377 0.6638737 -0.7477376 0.01265706 0.5798942 -0.8146388 0.00929778 0.5813703 -0.8135307 -0.01328089 0.5934116 -0.8048983 -0.001244516 0.6644431 -0.7473294 0.003780517 0.8550457 -0.5184565 -0.009988414 0.855419 -0.5171287 -0.02891663 0.8561748 -0.515972 -0.0271551 0.8010213 -0.5985969 0.006841283 0.7956091 -0.6056038 0.01581761 0.760399 -0.6493674 0.01073537 0.7578766 -0.6517615 0.02881013 0.7395744 -0.6727064 -0.02226443 0.7820818 -0.6229594 0.0164237 0.8265187 -0.5628066 -0.01074654 0.8244621 -0.5658303 0.00991791 0.7968978 -0.6040164 -0.01087448 0.7515018 -0.6597165 -0.004379195 0.6770352 -0.7359497 0.001195602 0.624683 -0.7788411 -0.05637154 0.6794077 -0.7337394 0.005628536 0.6811147 -0.7321614 0.004737316 0.6025273 -0.7980904 0.003545187 0.6788197 -0.7342981 -0.003205374 0.6820772 -0.7312775 -0.001997647 0.6824497 -0.7309238 0.003584464 0.6033653 -0.797462 0.002174402 0.6051435 -0.7961163 2.557762e-05 0.4824859 -0.8759038 -5.073059e-05 0.4824858 -0.8759038 -5.111681e-05 0.4823949 -0.8759538 4.539322e-05 0.3341816 -0.9425087 -3.763608e-05 0.3341817 -0.9425086 -3.722054e-05 0.6050375 -0.796197 2.515667e-05 0.78711 -0.6168127 5.693525e-05 0.684468 -0.7290428 -2.98206e-05 0.7888272 -0.6145987 0.004491294 0.6843704 -0.7291346 -2.958285e-05 0.482383 -0.8759604 -4.738904e-05 0.482296 -0.8760084 4.494959e-05 0.6049359 -0.7962742 2.970876e-05 0.4822836 -0.8760151 -5.085051e-05 0.3340208 -0.9425657 -3.73071e-05 0.482193 -0.876065 4.527651e-05 0.4820426 -0.876147 -0.001120328 0.3344003 -0.9424308 -0.000823197 0.4829568 -0.8756433 0.001237649 0.3341562 -0.9425173 0.0009352943 0.3346425 -0.9423447 0.0009160544 0.4832643 -0.8754737 -0.001159863 0.3346426 -0.942345 -0.0004626978 0.3345813 -0.9423668 0.000425564 0.4831892 -0.8755158 -0.0006147693 0.4832646 -0.8754742 0.0005666058 0.3345198 -0.9423887 -0.0004635185 0.4829631 -0.8756406 0.0005644397 0.3344871 -0.9424003 9.829923e-06 -0.6321604 -0.7241111 -0.2757469 -0.5065311 -0.839609 -0.196171 -0.5323607 -0.8204492 -0.208459 -0.5103006 -0.8364707 -0.1997751 -0.5043894 -0.8419286 -0.1916966 -0.5032605 -0.8437959 -0.1863795 -0.5261289 -0.8275329 -0.1959025 -0.5029441 -0.8456253 -0.1787883 -0.5664402 -0.7937431 -0.2216245 -0.5299781 -0.8240496 -0.2001636 -0.6009639 -0.7600519 -0.2473125 -0.618341 -0.7323757 -0.2850968 -0.5507877 -0.8115409 -0.1950236 -0.6286939 -0.7400977 -0.2387455 -0.6112946 -0.7730128 -0.1696172 -0.6403044 -0.7393342 -0.2083151 -0.6320782 -0.7576039 -0.1628295 -0.6513314 -0.7429705 -0.1541506 -0.6634399 -0.7260415 -0.1808626 -0.6510754 -0.7438545 -0.1509354 -0.6722558 -0.725222 -0.1487461 -0.6686737 -0.7306744 -0.1378055 -0.6835786 -0.7194294 -0.1230515 -0.6882768 -0.7158366 -0.1176985 -0.6820055 -0.7228569 -0.1111143 -0.6968542 -0.7112461 -0.09232078 -0.6895184 -0.7194011 -0.0838246 -0.705732 -0.704694 -0.07313477 -0.7007663 -0.7112855 -0.05476746 -0.6777883 -0.7336035 -0.0492839 -0.7323313 -0.6802224 -0.03144069 -0.6440628 -0.7647104 -0.02003247 -0.3859945 -0.9224538 -0.009340974 0.6440847 -0.7646919 -0.02003343 0.7323405 -0.6802124 -0.03143912 0.6777914 -0.7336006 -0.04928496 0.7007533 -0.7112985 -0.05476452 0.7057223 -0.7047032 -0.07314031 0.6895196 -0.7194 -0.08382303 0.6968563 -0.7112442 -0.09231989 0.6827606 -0.7212532 -0.1167561 0.6914611 -0.7142243 -0.1084674 0.6835772 -0.7194309 -0.1230504 0.6722552 -0.7252231 -0.1487435 0.6686751 -0.7306725 -0.1378088 0.6530072 -0.7361318 -0.178021 0.6679781 -0.7300723 -0.1442215 0.6513309 -0.7429705 -0.1541523 0.6306704 -0.7484355 -0.2051808 0.6514379 -0.7429971 -0.1535708 0.6361032 -0.7199898 -0.2774659 0.6471196 -0.7216977 -0.2457409 0.6068058 -0.7398809 -0.2904531 0.5487453 -0.8117514 -0.1998454 0.6287487 -0.7403038 -0.2379613 0.5814248 -0.7654121 -0.2758434 0.5293677 -0.8243575 -0.2005104 0.5345556 -0.8203064 -0.2033418 0.5616375 -0.8002387 -0.2101936 0.5039892 -0.8420944 -0.1920208 0.506205 -0.8397468 -0.1964228 0.5100878 -0.8365667 -0.1999168 0.5161948 -0.8322836 -0.2021064 0.5317304 -0.8222269 -0.2029917 0.5028194 -0.8439696 -0.1867832 0.5024747 -0.8458048 -0.1792576 0.3860111 -0.9224468 -0.009341852 0 1 0 0 1 0 0 1 0 0 1 0 0 1 0 0 1 0 0 1 0 0 1 0 0 1 0 0 1 0 0 1 0 0 1 0 0 1 0 0 1 0 0 1 0 0 1 0 0 1 0 0 1 0 0 1 0 0 1 0 0 1 0 0 1 0 0 1 0 0 1 0 0 1 0 0 1 0 0 1 0 0 1 0 0 1 0 0 1 0 0 1 0 0 1 0 0 1 0 0 1 0 0 1 0 0 1 0 0 1 0 0 1 0 0 1 0 0 1 0 0 1 0 0 1 0 0 1 0 0 1 0 0 1 0 0 1 0 0 1 0 0 1 0 0 1 0 0 1 0 0 1 0 0 1 0 0 1 0 0 1 0 0 1 0 0 1 0 0 1 0 0 1 0 0 1 0 0 1 0 0 1 0 0 1 0 0 1 0 0 1 0 0 1 0 0 1 0 0 1 0 0 1 0 0 1 0 0 1 0 0 1 0 0 1 0 0 1 0 0 1 0 0 1 0 0 1 0 0 1 0 0 1 0 0 1 0 0 1 0 0 1 0 0 1 0 0 1 0 0 1 0 0 1 0 0 1 0 0 1 0 0 1 0 0 1 0 0 1 0 -1 0 0 -1 0 0 -1 0 0 -1 0 0 -1 0 0 -1 0 0 -1 0 0 -1 0 0 -1 0 0 -1 0 0 -1 0 0 -1 0 0 -1 0 0 -1 0 0 -1 0 0 -1 0 0 -1 0 0 -1 0 0 -1 0 0 -1 0 0 -1 0 0 -1 0 0 -1 0 0 -1 0 0 -1 0 0 -1 0 0 -1 0 0 -1 0 -0 -1 0 0 -1 0 0 -1 0 -0 -1 0 0 -1 0 -0 -1 0 0 -1 0 0 -1 0 0 -1 0 0 -1 0 0 -1 -0 -0 -1 -0 -0 -1 0 -0 -1 0 -0 -1 -0 -0 -1 0 0 -1 0 0 -1 0 -0 -1 -0 -0 -1 -0 -0 -1 -0 -0 -1 -0 -0 -1 0 0 -1 0 0 -1 0 0 -1 -0 -0 -1 -0 -0 -1 0 0 -1 0 0 -1 0 0 -1 0 0 -1 -0 -0 -1 -0 -0 -1 0 0 -1 0 0 -1 0 0 -1 0 0 -1 0 0 -1 -0 -0 -1 -0 -0 -1 0 -0 -1 -0 -0 -1 0 0 -1 0 0 -1 0 0 -1 0 0 -1 -0 -0 -1 0 0 -1 0 0 -0.02188103 0.02092502 -0.9995416 -0.04580507 0.06267552 -0.9969823 -0.04681243 0.1043568 -0.9934376 -0.014332 0.145981 -0.9891836 -0.06461144 0.07903165 -0.9947761 -0.03454418 0.1120545 -0.9931015 -0.06545927 0.07416215 -0.9950955 -0.05405134 0.07985857 -0.9953398 -0.1956835 0.02988864 -0.9802115 -0.1606907 0.04885742 -0.9857947 -0.1989324 0.03152134 -0.9795061 -0.2384991 0.0101683 -0.9710895 -0.1525231 0.042464 -0.9873872 -0.109157 0.04008576 -0.9932159 -0.08958998 0.09639437 -0.9913031 -0.1239212 0.1075852 -0.9864426 -0.1453892 0.0915364 -0.985131 -0.06797406 0.074141 -0.9949284 -0.1588716 0.04853095 -0.9861057 0 0.02093003 -0.999781 0 0.02093003 -0.999781 0 0.06274138 -0.9980299 0 0.06274138 -0.9980299 0 0.1044713 -0.9945279 0 0.1044713 -0.9945279 0 0.145996 -0.9892852 0 0.145996 -0.9892852 0.2385032 0.01017426 -0.9710885 0.1956802 0.02988696 -0.9802123 0.1989389 0.03152462 -0.9795048 0.1606868 0.04885671 -0.9857955 0.06545927 0.07416159 -0.9950956 0.02188103 0.02092502 -0.9995416 0.05405023 0.07985864 -0.9953397 0.04580507 0.06267552 -0.9969823 0.06461144 0.07903165 -0.9947761 0.03454418 0.1120545 -0.9931015 0.04681243 0.1043568 -0.9934376 0.014332 0.145981 -0.9891836 0.109157 0.04008576 -0.9932159 0.1525231 0.042464 -0.9873872 0.08959246 0.09639518 -0.9913027 0.1239212 0.1075851 -0.9864426 0.1453892 0.0915364 -0.985131 0.1588716 0.04853095 -0.9861057 0.06797478 0.07414042 -0.9949285 1 0 0 1 0 0 1 0 0 1 0 0 1 0 0 1 0 0 1 0 0 1 0 0 1 0 0 1 0 0 1 0 0 1 0 0 1 0 0 1 0 0 1 0 0 1 0 0 1 0 0 1 0 0 1 0 0 1 0 0 1 0 0 1 0 0 1 0 0 1 0 0 1 0 0 1 0 0 1 0 0 1 0 0 1 0 0 1 0 0 1 0 0 1 0 0 1 0 0 1 0 0 1 0 0 1 0 0 1 0 0 1 0 0 1 0 0 1 0 0 1 0 0 1 0 0 1 0 0 1 0 0 1 0 0 1 0 0 1 0 0 1 0 0 1 0 0 1 0 0 1 0 0 1 0 0 1 0 0 1 0 0 1 0 0 1 0 0 1 0 0 1 0 0 1 0 0 1 0 0 1 0 0 1 0 0 1 0 0 1 0 0 1 0 0 1 0 0 1 0 0 1 0 0 1 0 0 1 0 0 1 0 0 1 0 0 1 0 0 1 0 0 1 0 0 1 0 0 1 0 0 0 0 -1 0 0 -1 0 0 -1 0 -0 -1 0 0 -1 1 -0 0 1 0 0 1 0 0 1 0 0 1 0 0 1 0 0 1 0 0 1 0 0 1 0 0 1 0 0 1 0 0 1 0 0 1 0 0 1 0 0 1 0 0 1 0 0 1 0 0 1 0 0 1 0 0 1 0 0 1 0 0 1 0 0 1 0 0 1 0 0 1 0 0 1 0 0 1 0 0 1 0 0 1 0 0 1 0 0 1 0 0 1 0 0 1 0 0 1 0 0 1 -0 0 1 0 0 1 0 0 -0 0 1 -0 0 1 0 0 1 0 0 1 -0 0 1 0 0 1 0 -1 0 0 -1 0 -0 -1 0 0 -1 0 0 -1 0 0 -1 0 -0 -1 0 0 -1 0 0 -1 0 0 -1 0 0 -1 0 0 -1 0 0 -1 0 0 -1 0 0 -1 0 -0 -1 0 0 -1 0 -0 -1 0 -0 -1 0 0 -1 0 0 -1 0 -0 -1 0 0 -1 0 -0 -1 0 0 -1 0 -0 -1 0 -0 -1 0 0 -1 0 0 -1 0 -0 -1 0 0 -1 0 0 -1 0 -0 -1 0 0 -1 0 0 -1 0 0 -1 0 -0 -1 0 -0 -1 0 0 -1 0 -0 -1 0 0 -1 0 -0 -1 0 0 -1 0 -0 -1 0 -0 -1 0 0 -1 0 -0 -1 0 0 -1 0 -0 -1 0 0 -1 0 -0 -1 0 0 -1 0 0 -1 0 0 -1 0 0 -1 0 -0 -1 0 0 -1 0 0 -1 0 0 -1 0 0 -1 0 0 -1 0 0 -1 0 0 -1 0 0 -1 0 0 -1 0 0 -1 0 0 -1 0 -0 -1 0 0 -1 0 0 -1 0 -0 -1 0 0 -1 0 0 -1 0 0 -1 0 -0 -1 0 -0 -1 0 0 -1 0 -0 -1 0 -0 -1 0 0 -1 0 0 -1 0 -0 -1 0 0 -1 0 0 -1 0 -0 -1 0 0 -1 0 -0 -1 0 0 -1 0 -0 -1 0 0 -1 0 0 -1 0 0 -1 0 0 -1 0 0 -1 0 -0 -1 0 0 -1 0 -0 -1 0 0 -1 0 0 -1 0 0 -1 0 -0 -1 0 0 -1 0 0 -1 0 -0 -1 0 0 -1 0 -0 -1 0 -0 -1 0 0 -1 0 0 -1 0 0 -1 0 -0 -1 0 0 -1 0 0 -1 0 -0 -1 0 0 -1 0 -0 -1 0 0 -1 0 -0 -1 0 0 -1 0 0 -1 0 0 -1 0 -0 -1 0 0 -1 0 0 -1 0 0 -1 0 0 -1 0 0 -1 0 -0 -1 0 0 -1 0 0 -1 0 0 -1 0 0 -1 0 0 -1 0 0 -1 0 0 -1 0 -0 -1 0 0 -1 0 0 -1 0 0 -1 0 0 -1 0 0 -1 0 0 -1 0 -0 -1 0 0 -1 0 0 -1 0 0 -1 0 0 -1 0 0 -1 0 0 -1 0 0 -1 0 0 -1 0 0 -1 0 0 -1 0 0 -1 0 0 -1 0 0 -1 0 0 -1 0 -0 -1 0 0 -1 0 0 -1 0 0 -1 0 -0 -1 0 0 -1 0 0 -1 0 0 -1 0 0 -1 0 0 -1 0 -0 -1 0 -0 -1 0 -0 -1 0 0 -1 0 -0 -1 0 0 -1 0 0 -1 0 0 -1 0 0 -1 0 0 -1 0 0 -1 0 -0 -1 0 0 -1 0 0 -1 0 -0 -1 0 0 -1 0 0 -1 0 -0 -1 0 0 -1 0 -0 -1 0 0 -1 0 0 -1 0 0 -1 0 0 -1 0 0 -1 0 0 -1 0 0 -1 0 0 -1 0 0 -1 0 -0 -1 0 0 -1 0 0 -1 0 0 -1 0 0 -1 0 0 -1 0 0 -1 0 0 -1 0 0 -1 0 0 -1 0 0 -1 0 0 -1 0 0 -1 0 0 -1 0 -0 -1 0 0 -1 0 -0 -1 0 0 -1 0 -0 -1 0 0 -1 0 -0 -1 0 0 -1 0 0 -1 0 0 -1 0 0 -1 0 -0 -1 0 0 -1 0 0 -1 0 -0 -1 0 0 -1 0 -0 -1 0 -0 -1 0 0 -1 0 0 -1 0 0 -1 0 0 -1 0 0 -1 0 0 -1 0 -0 -1 0 -0 -1 0 -0 -1 0 0 -1 0 0 -1 0 -0 -1 0 0 -1 0 -0 -1 0 0 -1 0 0 -1 0 -0 -1 0 0 -1 0 -0 -1 0 0 -1 0 -0 -1 0 -0 -1 0 0 -1 0 -0 -1 0 0 -1 0 0 -1 0 -0 -1 0 0 -1 0 -0 -1 0 0 -1 0 -0 -1 0 -0 -1 0 0 -1 0 -0 -1 0 0 -1 0 -0 -1 0 0 -1 0 0 -1 0 0 -1 0 0 -1 0 0 -1 0 0 -1 0 -0 -1 0 -0 -1 0 0 -1 0 0 -1 0 0 -1 0 -0 -1 0 -0 -1 0 0 -1 0 0 -1 0 -0 -1 0 0 -1 0 0 -1 0 0 -1 0 0 -1 0 0 -1 0 0 -1 0 -0 -1 0 0 -1 0 0 -1 0 0 -1 0 0 -1 0 0 -1 0 0 -1 0 0 -1 0 -0 -1 0 0 -1 0 0 -1 0 0 -1 0 0 -1 0 0 -1 0 0 -1 0 0 -1 0 0 -1 0 -0 -1 0 0 -1 0 -0 -1 0 0 -1 0 -0 -1 0 -0 -1 0 0 -1 0 0 -1 0 -0 -1 0 0 -1 0 0 -1 0 -0 -1 0 0 -1 0 -0 -1 0 -0 -1 0 0 -1 0 -0 -1 0 -0 -1 0 0 -1 0 -0 -1 0 -0 -1 0 0 -1 0 -0 -1 0 -0 -1 0 0 -1 0 -0 -1 0 -0 -1 0 0 -1 0 0 -1 0 0 -1 0 -0 -1 0 0 -1 0 0 -1 0 -0 -1 0 0 -1 0 0 -1 0 0 -1 0 -0 -1 0 0 -1 0 0 -1 0 -0 -1 0 0 -1 0 0 -1 0 0 -1 0 -0 -1 0 0 -1 0 -0 -1 0 0 -1 0 -0 -1 0 0 -1 0 0 -1 0 0 -1 0 0 -1 0 0 -1 0 0 -1 0 0 -1 0 0 -1 0 0 -1 -0 0 -1 0 0 -1 0 0 -1 0 0 -1 0 0 -1 0 0 -1 0 0 -1 0 0 -1 0 0 -1 0 -0.9250218 0 0.379914 -0.9283249 -0.01632177 0.3714114 -0.9449889 -0.01236189 0.3268686 -0.9357513 0.006163782 0.3526069 -0.9456821 -0.007922835 0.3249964 -0.9594697 0.01189037 0.2815607 -0.9575751 0 0.288184 -0.9580707 -0.005187121 0.2864848 -0.9718351 -0.003897906 0.2356294 -0.9703023 0.004201257 0.2418588 -0.9819426 -0.003640838 0.1891443 -0.9808004 0.003945656 0.1949744 -0.9898275 -0.003378553 0.1422331 -0.9890341 0.003681492 0.1476419 -0.9954718 -0.003098658 0.09500607 -0.994985 0.003409589 0.09996572 -0.9988647 -0.002824423 0.04755309 -0.9986387 0.003141469 0.05206551 -0.9999968 -0.00254058 0 -0.9999878 0.002852971 0.004040286 -0.9988662 -0.002244336 -0.04755313 -0.9990285 0.002561499 -0.04399544 -0.9954747 -0.00194996 -0.09500637 -0.9957632 0.00226832 -0.0919271 -0.9898317 -0.001637468 -0.1422337 -0.9901989 0.001959149 -0.1396504 -0.9819483 -0.001322551 -0.1891454 -0.9823498 0.001654674 -0.1870461 -0.9722322 0.001338756 -0.2340146 -0.9718421 -0.001001592 -0.235631 -0.959872 0.001014733 -0.2804368 -0.9595374 -0.0006796699 -0.2815805 -0.9452943 0.0006784922 -0.326218 -0.945061 -0.0003482981 -0.3268937 -0.9285352 0.0003377349 -0.3712443 -0.9284488 0 -0.3714605 -0 0 -1 0 -0 -1 0 0 -1 -0 -0 -1 0 0 -1 -0 -0 -1 0 0 -1 0 0 -1 0 -0 -1 0 0 -1 0 0 -1 -0 0 -1 -0 0 -1 -0 0 -1 0.9252248 0 -0.3794194 0.9284176 -0.007958772 -0.3714533 0.9450487 -0.005221281 -0.3268882 0.9426808 0.0133019 -0.3334306 0.934847 -0.05630281 -0.3505583 0.9595264 -0.004904626 -0.281576 0.9584495 0.005255995 -0.2852135 0.9465745 0 -0.3224853 0.9718327 -0.004581604 -0.2356275 0.9709929 0.004932512 -0.2390573 0.9819399 -0.004251475 -0.1891451 0.9813148 0.004607418 -0.1923535 0.9898253 -0.003925166 -0.1422341 0.9893911 0.004280392 -0.1452125 0.9954704 -0.003585664 -0.09500334 0.9952046 0.003941712 -0.09773547 0.9988634 -0.003248804 -0.04755431 0.9987409 0.003607922 -0.05003729 0.9999958 -0.002902972 0 0.9999923 0.003262895 -0.002222663 0.9988654 -0.002555032 0.04755444 0.9989557 0.002918526 0.0455947 0.9954745 -0.002204978 0.0950037 0.9956338 0.002568109 0.09331013 0.9898313 -0.001843003 0.1422349 0.9900338 0.002211306 0.1408126 0.9819478 -0.001485092 0.1891466 0.9821693 0.001858033 0.1879896 0.972057 0.001492557 0.2347402 0.9718423 -0.00111913 0.2356298 0.9597211 0.001126548 0.2809523 0.9595377 -0.0007482781 0.2815793 0.9451896 0.0007571085 0.3265212 0.9450615 -0.0003759877 0.3268924 0.9284955 0.0003809132 0.3713435 0.9284468 0 0.3714654 0 0 1 0 0 1 0 -0 1 0 0 1 0 -0 1 0 -0 1 0 0 1 -0 0 1 -0 0 1 -0 0 1 0 1 -0 0 1 -0 0 1 -0 0 1 -0 0 1 -0 0 1 -0 0 1 -0 0 1 -0 0 1 0 0 1 0 0 1 0 0 1 0 0 1 0 0 1 0 0 1 0 0 1 -0 0 1 0 0 1 0 0 1 0 0 1 0 0 1 0 0 1 0 0 1 0 0 1 0 0 1 0 0 1 0 0 1 0 0 1 0 0 1 0 0 1 0 0 1 0 0 1 0 0 1 0 0 1 0 0 1 0 0 1 -0 0.9272995 0 0.3743202 0.9272995 0 0.3743202 0.9442121 0 0.3293378 0.9442121 0 0.3293378 0.9589412 0 0.2836049 0.9589412 0 0.2836049 0.9714581 0 0.2372111 0.9714581 0 0.2372111 0.9817317 0 0.1902707 0.9817317 0 0.1902707 0.9954599 0 0.0951822 0.9897389 0 0.142888 0.9897389 0 0.142888 0.9988829 0 0.04725274 0.9954599 0 0.0951822 0.9999997 0 -0.0007860707 0.9988829 0 0.04725274 0.9988073 0 -0.0488249 0.9999997 0 -0.0007860707 0.9953093 0 -0.09674396 0.9988073 0 -0.0488249 0.9895121 0 -0.1444496 0.9953093 0 -0.09674396 0.9814317 0 -0.1918118 0.9895121 0 -0.1444496 0.9710844 0 -0.2387365 0.9814317 0 -0.1918118 0.9584935 0 -0.2851143 0.9710844 0 -0.2387365 0.9584935 0 -0.2851143 0 -1 0 0 -1 0 0 -1 0 0 -1 0 0 -1 0 0 -1 0 0 -1 0 0 -1 0 0 -1 0 0 -1 0 0 -1 0 0 -1 0 0 -1 0 0 -1 0 0 -1 0 0 -1 0 0 -1 0 0 -1 0 0 -1 0 0 -1 0 0 -1 0 0 -1 0 0 -1 0 0 -1 0 0 -1 0 0 -1 0 0 -1 0 0 -1 0 0 -1 0 0 -1 0 0 -1 0 0 -1 0 0 -1 0 0 -1 0 0 -1 0 0 -1 0 0 -1 0 0 -1 0 0 -1 0 0 -1 0 0 -1 0 0 -1 0 0 -1 0 0 -1 0 0 -1 0 0 -1 0 0 -1 0 0 -1 0 0 -1 0 0 -1 0 0 -1 0 -0.9455304 0 0.3255338 -0.9351826 0 0.3541659 -0.9455304 0 0.3255338 -0.9239689 0 0.3824678 -0.9351826 0 0.3541659 -0.9239689 0 0.3824678 0 -1 0 0 -1 0 0 -1 0 0 -1 0 0 -1 0 0 -1 0 0 -1 0 0 -1 0 0 -1 0 0 -1 0 0 -1 0 0 -1 0 0 -1 0 0 -1 0 0 -1 0 0 -1 0 0 -1 0 0 -1 0 0 -1 0 0 -1 0 0 -1 0 0 -1 0 0 -1 0 0 -1 0 0 -1 0 0 -1 0 0 -1 0 0 -1 0 0 -1 0 0 -1 0 0 -1 0 0 -1 0 0 -1 0 0 -1 0 0 -1 0 0 -1 0 0 -1 0 0 -1 0 0 -1 0 0 -1 0 0 -1 0 0 -1 0 0 -1 0 0 -1 0 0 -1 0 0 -1 0 0 -1 0 0 -1 0 0 -1 0 0 -1 0 0 -1 0 0.6799363 0 -0.7332712 0.6799363 0 -0.7332712 0.7156568 0 -0.6984521 0.7156568 0 -0.6984521 0.7495943 0 -0.6618975 0.7495943 0 -0.6618975 0.7816693 0 -0.6236932 0.7816693 0 -0.6236932 0.8117945 0 -0.5839433 0.8117945 0 -0.5839433 0.8399053 0 -0.5427329 0.8659227 0 -0.5001779 0.8399053 0 -0.5427329 0.8659227 0 -0.5001779 0.8897871 0 -0.4563757 0.8897871 0 -0.4563757 0.9114378 0 -0.4114379 0.9114378 0 -0.4114379 0.9308211 0 -0.3654752 0.9308211 0 -0.3654752 0.9478862 0 -0.3186093 0.9478862 0 -0.3186093 0.9625959 0 -0.270941 0.9749081 0 -0.2226079 0.9625959 0 -0.270941 0.9749081 0 -0.2226079 0.9847959 0 -0.1737157 0.9847959 0 -0.1737157 0.9922336 0 -0.1243886 0.9922336 0 -0.1243886 0.9972015 0 -0.07476024 0.9972015 0 -0.07476024 0.9996889 0 -0.02494081 0.9996889 0 -0.02494081 0.9996889 0 0.02494081 0.9972015 0 0.07476024 0.9996889 -0 0.02494081 0.9922336 0 0.1243887 0.9972015 0 0.07476024 0.9922336 0 0.1243887 0.9847959 0 0.1737157 0.9749081 0 0.2226078 0.9847959 -0 0.1737157 0.9749081 0 0.2226078 0.9625959 0 0.270941 0.9625959 -0 0.270941 0.9478862 0 0.3186093 0.9478862 -0 0.3186093 0.9308211 0 0.3654752 0.911438 0 0.4114375 0.9308211 -0 0.3654752 0.911438 0 0.4114375 0.8897868 0 0.4563763 0.8897868 -0 0.4563763 0.8659227 0 0.5001779 0.8659227 -0 0.5001779 0.8399053 0 0.5427331 0.8399053 -0 0.5427331 0.8117948 0 0.5839429 0.8117948 -0 0.5839429 0.7816691 0 0.6236933 0.7816691 -0 0.6236933 0.7495947 -0 0.6618971 0.7495947 0 0.6618971 0.7156564 -0 0.6984526 0.7156564 0 0.6984526 0.6799359 0 0.7332715 0.6799359 0 0.7332715 0 -1 0 0 -1 0 0 -1 0 0 -1 0 0 -1 0 0 -1 0 0 -1 0 0 -1 0 0 -1 0 0 -1 0 0 -1 0 0 -1 0 0 -1 0 0 -1 0 0 -1 0 0 -1 0 0 -1 0 0 -1 0 0 -1 0 0 -1 0 0 -1 0 0 -1 0 0 -1 0 0 -1 0 0 -1 0 0 -1 0 0 -1 0 0 -1 0 0 -1 0 0 -1 0 0 -1 0 0 -1 0 0 -1 0 0 -1 0 0 -1 0 0 -1 0 0 -1 0 0 -1 0 0 -1 0 0 -1 0 0 -1 0 0 -1 0 0 -1 0 0 -1 0 0 -1 0 0 -1 0 0 -1 0 0 -1 0 0 -1 0 0 -1 0 0 -1 0 0 -1 0 0 -1 0 0 -1 0 0 -1 0 0 -1 0 0 -1 0 0 -1 0 0 -1 0 0 -1 0 0 -1 0 0 -1 0 0 -1 0 0 -1 0 0 -1 0 0 -1 0 0 -1 0 0 -1 0 0 -1 0 0 -1 0 -0.6517966 0 0.7583938 -0.6517966 0 0.7583938 -0.6882995 0 0.7254265 -0.6882995 0 0.7254265 -0.7231388 0 0.6907027 -0.7231388 0 0.6907027 -0.7562254 0 0.6543112 -0.7562254 0 0.6543112 -0.7874829 0 0.6163365 -0.7874829 0 0.6163365 -0.8168372 0 0.5768682 -0.8168372 0 0.5768682 -0.8442153 0 0.5360041 -0.8442153 0 0.5360041 -0.8695503 0 0.4938444 -0.8695503 0 0.4938444 -0.8927805 0 0.450492 -0.8927805 0 0.450492 -0.9138528 0 0.4060456 -0.9138528 0 0.4060456 -0.9327121 0 0.3606218 -0.9327121 0 0.3606218 -0.9493161 0 0.314323 -0.9493161 0 0.314323 -0.9636245 0 0.2672594 -0.9636245 0 0.2672594 -0.9755992 0 0.2195593 -0.9755992 0 0.2195593 -0.9852155 0 0.1713194 -0.9852155 0 0.1713194 -0.9924477 0 0.122669 -0.9924477 0 0.122669 -0.9972791 0 0.07371853 -0.9996975 0 0.02459287 -0.9972791 0 0.07371853 -0.9996975 0 0.02459287 -0.9996975 0 -0.02459287 -0.9996975 0 -0.02459287 -0.9972791 0 -0.07371853 -0.9972791 0 -0.07371853 -0.9924476 0 -0.1226692 -0.9924476 0 -0.1226692 -0.9852155 0 -0.1713194 -0.9852155 0 -0.1713194 -0.9755992 0 -0.2195593 -0.9636247 0 -0.2672592 -0.9755992 0 -0.2195593 -0.9636247 0 -0.2672592 -0.949316 0 -0.3143232 -0.949316 0 -0.3143232 -0.9327121 0 -0.3606218 -0.9327121 0 -0.3606218 -0.8927805 0 -0.450492 -0.9138529 0 -0.4060454 -0.9138529 0 -0.4060454 -0.8927805 0 -0.450492 -0.8695505 0 -0.4938441 -0.8695505 0 -0.4938441 -0.8442152 0 -0.5360044 -0.8442152 0 -0.5360044 -0.8168369 0 -0.5768687 -0.8168369 0 -0.5768687 -0.7874829 0 -0.6163365 -0.7562259 0 -0.6543105 -0.7874829 0 -0.6163365 -0.7562259 0 -0.6543105 -0.7231387 0 -0.6907028 -0.7231387 0 -0.6907028 -0.6882997 0 -0.7254265 -0.651796 0 -0.7583943 -0.6882997 0 -0.7254265 -0.651796 0 -0.7583943 0 -1 0 0 -1 0 0 -1 0 0 -1 0 0 -1 0 0 -1 0 0 -1 0 0 -1 0 0 -1 0 0 -1 0 0 -1 0 0 -1 0 0 -1 0 0 -1 0 0 -1 0 0 -1 0 0 -1 0 0 -1 0 0 -1 0 0 -1 0 0 -1 0 0 -1 0 0 -1 0 0 -1 0 0 -1 0 0 -1 0 0 -1 0 0 -1 0 0 -1 0 0 -1 0 0 -1 0 0 -1 0 0 -1 0 0 -1 0 0 -1 0 0 -1 0 0 -1 0 0 -1 0 0 -1 0 0 -1 0 0 -1 0 0 -1 0 0 -1 0 0 -1 0 0 -1 0 0 -1 0 0 -1 0 0 -1 0 0 -1 0 0 -1 0 0 -1 0 0 -1 0 0 -1 0 0 -1 0 0 -1 0 0 -1 0 0 -1 0 0 -1 0 0 -1 0 0 -1 0 0 -1 0 0 -1 0 0 -1 0 0 -1 0 0 -1 0 0 -1 0 0 -1 0 0 -1 0 0 -1 0 0 -1 0 0 -1 0 0 -1 0 0 -1 0 0 -1 0 0 -1 0 0 -1 0 0 -1 0 0 -1 0 0 -1 0 0 -1 0 0 -1 0 0 -1 0 0 -1 0 0 -1 0 0 -1 0 0 -1 0 0 -1 0 0 -1 0 0 -1 0 0 -1 0 0 -1 0 0 -1 0 0 -1 0 0 -1 0 0 -1 0 0 -1 0 0 -1 0 0 -1 0 0 -1 0 0 -1 0 0 -1 0 0 -1 0 0 -1 0 0 -1 0 0 -1 0 0 -1 0 0 -1 0 0 -1 0 0 -1 0 0 -1 0 0 -1 0 0 -1 0 0 -1 0 0 -1 0 0 -1 0 0 -1 0 0 -1 0 0 -1 0 0 -1 0 0 -1 0 0 -1 0 0 -1 0 0 -1 0 0 -1 0 0 -1 0 0 -1 0 0 -1 0 0 -1 0 0 -1 0 0 -1 0 0 -1 0 0 -1 0 0 -1 0 0 -1 0 0 -1 0 0 -1 0 0 -1 0 0 -1 0 0 -1 0 0 -1 0 0 -1 0 0 -1 0 0 -1 0 0 -1 0 0 -1 0 0 -1 0 0 -1 0 0 -1 0 0 -1 0 0 -1 0 0 -1 0 0 -1 0 0 -1 0 0 -1 0 0 -1 0 0 -1 0 0 -1 0 0 -1 0 0 -1 0 0 -1 0 0 -1 0 0 -1 0 0 -1 0 0 -1 0 0 -1 0 0 -1 0 0 -1 0 0 -1 0 0 -1 0 0 -1 0 0 -1 0 0 -1 0 0 -1 0 0 -1 0 0 -1 0 0 -1 0 0 -1 0 0 -1 0 0 -1 0 0 -1 0 0 -1 0 0 -1 0 0 -1 0 0 -1 0 0 -1 0 0 -1 0 0 -1 0 0 -1 0 0 -1 0 0 -1 0 0 -1 0 0 -1 0 0 -1 0 0 -1 0 0 -1 0 0 -1 0 0 -1 0 0 -1 0 0 -1 0 0 -1 0 0.651796 0 -0.7583943 0.651796 0 -0.7583943 0.6882997 0 -0.7254265 0.6882997 0 -0.7254265 0.7231387 0 -0.6907028 0.7231387 0 -0.6907028 0.7562259 0 -0.6543105 0.7562259 0 -0.6543105 0.7874829 0 -0.6163365 0.7874829 0 -0.6163365 0.8168369 0 -0.5768687 0.8168369 0 -0.5768687 0.8442152 0 -0.5360044 0.8442152 0 -0.5360044 0.8695505 0 -0.4938441 0.8695505 0 -0.4938441 0.8927825 0 -0.450488 0.8927825 0 -0.450488 0.9138492 0 -0.4060537 0.9138492 0 -0.4060537 0.9327121 0 -0.3606218 0.9327121 0 -0.3606218 0.9493175 0 -0.3143187 0.9493175 0 -0.3143187 0.9636234 0 -0.2672639 0.9636234 0 -0.2672639 0.9756013 0 -0.2195498 0.9756013 0 -0.2195498 0.9852147 0 -0.1713243 0.9852147 0 -0.1713243 0.9924476 0 -0.1226692 0.9924476 0 -0.1226692 0.9972794 0 -0.07371355 0.9972794 0 -0.07371355 0.9996974 0 -0.02459787 0.9996974 0 -0.02459787 0.9996974 -0 0.02459787 0.9996974 0 0.02459787 0.9972794 -0 0.07371355 0.9972794 0 0.07371355 0.9924477 0 0.122669 0.9852147 -0 0.1713243 0.9924477 -0 0.122669 0.9852147 -0 0.1713243 0.9756013 -0 0.2195498 0.9756013 0 0.2195498 0.9636233 -0 0.267264 0.9636233 0 0.267264 0.9493175 -0 0.3143185 0.9493175 0 0.3143185 0.9327121 -0 0.3606218 0.9327121 0 0.3606218 0.9138491 -0 0.406054 0.9138491 0 0.406054 0.8927825 -0 0.450488 0.8927825 0 0.450488 0.8695503 -0 0.4938444 0.8695503 0 0.4938444 0.8442153 -0 0.5360041 0.8442153 0 0.5360041 0.8168372 0 0.5768682 0.8168372 -0 0.5768682 0.7874829 0 0.6163365 0.7874829 -0 0.6163365 0.7562254 0 0.6543112 0.7562254 -0 0.6543112 0.7231388 0 0.6907027 0.7231388 -0 0.6907027 0.6882995 0 0.7254265 0.6882995 -0 0.7254265 0.6517966 0 0.7583938 0.6517966 -0 0.7583938 0 -1 0 0 -1 0 0 -1 0 0 -1 0 0 -1 0 0 -1 0 0 -1 0 0 -1 0 0 -1 0 0 -1 0 0 -1 0 0 -1 0 0 -1 0 0 -1 0 0 -1 0 0 -1 0 0 -1 0 0 -1 0 0 -1 0 0 -1 0 0 -1 0 0 -1 0 0 -1 0 0 -1 0 0 -1 0 0 -1 0 0 -1 0 0 -1 0 0 -1 0 0 -1 0 0 -1 0 0 -1 0 0 -1 0 0 -1 0 0 -1 0 0 -1 0 0 -1 0 0 -1 0 0 -1 0 0 -1 0 0 -1 0 0 -1 0 0 -1 0 0 -1 0 0 -1 0 0 -1 0 0 -1 0 0 -1 0 0 -1 0 0 -1 0 0 -1 0 0 -1 0 0 -1 0 0 -1 0 0 -1 0 0 -1 0 0 -1 0 0 -1 0 0 -1 0 0 -1 0 0 -1 0 0 -1 0 0 -1 0 0 -1 0 0 -1 0 0 -1 0 0 -1 0 0 -1 0 0 -1 0 0 -1 0 -0.6799359 0 0.7332715 -0.6799359 0 0.7332715 -0.7156564 0 0.6984526 -0.7156564 0 0.6984526 -0.7495947 0 0.6618971 -0.7495947 0 0.6618971 -0.7816691 0 0.6236933 -0.7816691 0 0.6236933 -0.8117948 0 0.5839429 -0.8117948 0 0.5839429 -0.8399053 0 0.5427331 -0.8399053 0 0.5427331 -0.8659227 0 0.5001779 -0.8659227 0 0.5001779 -0.8897888 0 0.4563726 -0.8897888 0 0.4563726 -0.9114362 0 0.4114414 -0.9114362 0 0.4114414 -0.9308195 0 0.3654794 -0.9308195 0 0.3654794 -0.947889 0 0.3186007 -0.947889 0 0.3186007 -0.9625947 0 0.2709455 -0.9625947 0 0.2709455 -0.9749091 0 0.2226033 -0.9749091 0 0.2226033 -0.9847959 0 0.1737157 -0.9847959 0 0.1737157 -0.9922324 0 0.1243981 -0.9922324 0 0.1243981 -0.9972019 0 0.07475549 -0.9996889 0 0.02494081 -0.9972019 0 0.07475549 -0.9996889 0 0.02494081 -0.9996889 0 -0.02494081 -0.9996889 0 -0.02494081 -0.9972019 0 -0.07475549 -0.9972019 0 -0.07475549 -0.9922324 0 -0.124398 -0.9922324 0 -0.124398 -0.9847959 0 -0.1737157 -0.9749091 -0 -0.2226034 -0.9847959 0 -0.1737157 -0.9749091 0 -0.2226034 -0.9625947 0 -0.2709455 -0.9625947 0 -0.2709455 -0.947889 0 -0.3186007 -0.947889 0 -0.3186007 -0.9308195 0 -0.3654794 -0.9308195 0 -0.3654794 -0.911436 0 -0.4114419 -0.911436 0 -0.4114419 -0.8897891 0 -0.456372 -0.8659227 -0 -0.5001779 -0.8897891 0 -0.456372 -0.8659227 0 -0.5001779 -0.8399053 0 -0.5427329 -0.8399053 0 -0.5427329 -0.8117945 0 -0.5839433 -0.8117945 0 -0.5839433 -0.7816693 0 -0.6236932 -0.7816693 0 -0.6236932 -0.7495943 0 -0.6618975 -0.7495943 0 -0.6618975 -0.7156568 -0 -0.6984521 -0.7156568 0 -0.6984521 -0.6799363 -0 -0.7332712 -0.6799363 0 -0.7332712 0.9996891 0 0.02493294 0.9996891 -0 0.02493294 0.9972041 0 0.07472628 0.9972041 -0 0.07472628 0.9922394 0 0.1243425 0.9922394 -0 0.1243425 0.984807 0 0.1736525 0.984807 -0 0.1736525 0.9749282 0 0.2225197 0.9749282 -0 0.2225197 0.9626245 0 0.2708398 0.9626245 -0 0.2708398 0.9479262 0 0.31849 0.9479262 -0 0.31849 0.9308752 0 0.3653373 0.9115054 0 0.4112881 0.9308752 -0 0.3653373 0.9115054 0 0.4112881 0.8898723 0 0.4562097 0.8898723 -0 0.4562097 0.866024 -0 0.5000025 0.866024 0 0.5000025 0.8400283 -0 0.5425426 0.8400283 0 0.5425426 0.8119355 -0 0.583747 0.8119355 0 0.583747 0.7818343 0 0.6234863 0.7818343 -0 0.6234863 0.7497799 0 0.6616874 0.7497799 -0 0.6616874 0.7158681 0 0.6982355 0.7158681 -0 0.6982355 0.6801699 0 0.7330545 0.6801699 -0 0.7330545 0.6427887 0 0.7660435 0.6427887 -0 0.7660435 0.6038063 0 0.7971311 0.6038063 -0 0.7971311 0.563319 0 0.8262395 0.563319 -0 0.8262395 0.5214345 0 0.8532913 0.4782525 0 0.8782224 0.5214345 -0 0.8532913 0.4338844 0 0.9009686 0.4782525 0 0.8782224 0.3884366 0 0.9214754 0.4338844 0 0.9009686 0.3884366 0 0.9214754 0.3420193 0 0.9396929 0.3420193 -0 0.9396929 0.2947541 0 0.9555731 0.2947541 -0 0.9555731 0.246758 0 0.9690771 0.246758 -0 0.9690771 0.1981466 0 0.9801724 0.1981466 -0 0.9801724 0.1490427 0 0.9888307 0.1490427 -0 0.9888307 0.09956716 0 0.9950309 0.09956716 -0 0.9950309 0.04984604 0 0.9987569 0.04984604 -0 0.9987569 -0 0 1 -0.04984604 0 0.9987569 0 0 1 -0.04984604 0 0.9987569 -0.09956716 0 0.9950309 -0.09956716 0 0.9950309 -0.1490427 0 0.9888307 -0.1490427 0 0.9888307 -0.1981466 0 0.9801724 -0.1981466 0 0.9801724 -0.246758 0 0.9690771 -0.246758 0 0.9690771 -0.2947541 0 0.9555731 -0.2947541 0 0.9555731 -0.3420193 0 0.9396929 -0.3420193 0 0.9396929 -0.3884366 0 0.9214754 -0.3884366 0 0.9214754 -0.4338844 0 0.9009686 -0.4338844 0 0.9009686 -0.4782525 0 0.8782224 -0.4782525 0 0.8782224 -0.5214345 0 0.8532913 -0.5214345 0 0.8532913 -0.563319 0 0.8262395 -0.563319 0 0.8262395 -0.6038063 0 0.7971311 -0.6038063 0 0.7971311 -0.6427887 0 0.7660435 -0.6427887 0 0.7660435 -0.6801699 0 0.7330545 -0.6801699 0 0.7330545 -0.7158681 0 0.6982355 -0.7497799 0 0.6616874 -0.7158681 0 0.6982355 -0.7818343 0 0.6234863 -0.7497799 0 0.6616874 -0.7818343 0 0.6234863 -0.8119355 0 0.583747 -0.8119355 0 0.583747 -0.8400283 0 0.5425426 -0.866024 0 0.5000025 -0.8400283 0 0.5425426 -0.8898723 0 0.4562097 -0.866024 0 0.5000025 -0.8898723 0 0.4562097 -0.9115054 0 0.4112881 -0.9115054 0 0.4112881 -0.9308752 0 0.3653373 -0.9479262 0 0.31849 -0.9308752 0 0.3653373 -0.9479262 0 0.31849 -0.9626245 0 0.2708398 -0.9626245 0 0.2708398 -0.9749282 0 0.2225197 -0.984807 0 0.1736525 -0.9749282 0 0.2225197 -0.984807 0 0.1736525 -0.9922394 0 0.1243425 -0.9922394 0 0.1243425 -0.9972041 0 0.07472628 -0.9972041 0 0.07472628 -0.9996891 0 0.02493294 -0.9996891 0 0.02493294 -0.9996891 0 -0.02493289 -0.9996891 0 -0.02493289 -0.9972041 -0 -0.07472628 -0.9972041 0 -0.07472628 -0.9922394 0 -0.1243425 -0.9922394 0 -0.1243425 -0.984807 0 -0.1736528 -0.984807 0 -0.1736528 -0.9749282 0 -0.2225197 -0.9749282 0 -0.2225197 -0.9626245 0 -0.2708393 -0.9626245 0 -0.2708393 -0.947926 -0 -0.3184906 -0.947926 0 -0.3184906 -0.9308755 0 -0.3653366 -0.9308755 0 -0.3653366 -0.9115052 -0 -0.4112885 -0.9115052 0 -0.4112885 -0.8898723 0 -0.4562097 -0.8898723 0 -0.4562097 -0.8660242 0 -0.500002 -0.8660242 0 -0.500002 -0.840028 0 -0.5425431 -0.840028 0 -0.5425431 -0.8119355 0 -0.583747 -0.8119355 0 -0.583747 -0.7818343 -0 -0.6234863 -0.7818343 0 -0.6234863 -0.749779 0 -0.6616884 -0.749779 0 -0.6616884 -0.7158681 -0 -0.6982355 -0.7158681 0 -0.6982355 -0.6801715 0 -0.733053 -0.6801715 0 -0.733053 -0.6427884 0 -0.7660438 -0.6427884 0 -0.7660438 -0.6038046 0 -0.7971323 -0.6038046 0 -0.7971323 -0.5633203 0 -0.8262386 -0.5633203 0 -0.8262386 -0.521436 0 -0.8532904 -0.521436 0 -0.8532904 -0.4782506 0 -0.8782235 -0.4782506 0 -0.8782235 -0.4338861 0 -0.9009677 -0.4338861 0 -0.9009677 -0.3884354 0 -0.921476 -0.3884354 0 -0.921476 -0.3420175 0 -0.9396936 -0.3420175 0 -0.9396936 -0.2947564 0 -0.9555724 -0.2947564 0 -0.9555724 -0.2467571 0 -0.9690774 -0.2467571 0 -0.9690774 -0.1981468 0 -0.9801723 -0.1981468 0 -0.9801723 -0.1490422 0 -0.9888309 -0.1490422 0 -0.9888309 -0.09956591 0 -0.9950309 -0.09956591 0 -0.9950309 -0.04985005 -0 -0.9987567 -0.04985005 0 -0.9987567 -0 -0 -1 0 0 -1 0.04985005 0 -0.9987567 0.04985005 0 -0.9987567 0.09956591 0 -0.9950309 0.09956591 0 -0.9950309 0.1490422 0 -0.9888309 0.1490422 0 -0.9888309 0.1981468 0 -0.9801723 0.1981468 0 -0.9801723 0.2947564 0 -0.9555724 0.2467571 0 -0.9690774 0.2467571 0 -0.9690774 0.2947564 0 -0.9555724 0.3420175 0 -0.9396936 0.3884354 0 -0.921476 0.3420175 0 -0.9396936 0.4338861 0 -0.9009677 0.3884354 0 -0.921476 0.4338861 0 -0.9009677 0.4782506 0 -0.8782235 0.521436 0 -0.8532904 0.4782506 0 -0.8782235 0.521436 0 -0.8532904 0.5633203 0 -0.8262386 0.5633203 0 -0.8262386 0.6038046 0 -0.7971323 0.6427884 0 -0.7660438 0.6038046 0 -0.7971323 0.6427884 0 -0.7660438 0.6801715 0 -0.733053 0.6801715 0 -0.733053 0.7158681 0 -0.6982355 0.7158681 0 -0.6982355 0.749779 0 -0.6616884 0.749779 0 -0.6616884 0.7818343 0 -0.6234863 0.7818343 0 -0.6234863 0.8119355 0 -0.583747 0.8119355 0 -0.583747 0.840028 0 -0.5425431 0.840028 0 -0.5425431 0.8660242 0 -0.500002 0.8660242 0 -0.500002 0.8898723 0 -0.4562097 0.8898723 0 -0.4562097 0.9115052 0 -0.4112885 0.9115052 0 -0.4112885 0.9308755 0 -0.3653366 0.9308755 0 -0.3653366 0.947926 0 -0.3184906 0.947926 0 -0.3184906 0.9626245 0 -0.2708393 0.9626245 0 -0.2708393 0.9749282 0 -0.2225197 0.9749282 0 -0.2225197 0.984807 0 -0.1736528 0.984807 0 -0.1736528 0.9922394 0 -0.1243425 0.9972041 0 -0.07472628 0.9922394 0 -0.1243425 0.9972041 0 -0.07472628 0.9996891 0 -0.02493289 0.9996891 0 -0.02493289 0 -1 0 0 -1 0 0 -1 0 0 -1 0 0 -1 0 0 -1 0 0 -1 0 0 -1 0 0 -1 0 0 -1 0 0 -1 0 0 -1 0 0 -1 0 0 -1 0 0 -1 0 0 -1 0 0 -1 0 0 -1 0 0 -1 0 0 -1 0 0 -1 0 0 -1 0 0 -1 0 0 -1 0 0 -1 0 0 -1 0 0 -1 0 0 -1 0 0 -1 0 0 -1 0 0 -1 0 0 -1 0 0 -1 0 0 -1 0 0 -1 0 0 -1 0 0 -1 0 0 -1 0 0 -1 0 0 -1 0 0 -1 0 0 -1 0 0 -1 0 0 -1 0 0 -1 0 0 -1 0 0 -1 0 0 -1 0 0 -1 0 0 -1 0 0 -1 0 0 -1 0 0 -1 0 0 -1 0 0 -1 0 0 -1 0 0 -1 0 0 -1 0 0 -1 0 0 -1 0 0 -1 0 0 -1 0 0 -1 0 0 -1 0 0 -1 0 0 -1 0 0 -1 0 0 -1 0 0 -1 0 0 -1 0 0 -1 0 0 -1 0 0 -1 0 0 -1 0 0 -1 0 0 -1 0 0 -1 0 0 -1 0 0 -1 0 0 -1 0 0 -1 0 0 -1 0 0 -1 0 0 -1 0 0 -1 0 0 -1 0 0 -1 0 0 -1 0 0 -1 0 0 -1 0 0 -1 0 0 -1 0 0 -1 0 0 -1 0 0 -1 0 0 -1 0 0 -1 0 0 -1 0 0 -1 0 0 -1 0 0 -1 0 0 -1 0 0 -1 0 0 -1 0 0 -1 0 0 -1 0 0 -1 0 0 -1 0 0 -1 0 0 -1 0 0 -1 0 0 -1 0 0 -1 0 0 -1 0 0 -1 0 0 -1 0 0 -1 0 0 -1 0 0 -1 0 0 -1 0 0 -1 0 0 -1 0 0 -1 0 0 -1 0 0 -1 0 0 -1 0 0 -1 0 0 -1 0 0 -1 0 0 -1 0 0 -1 0 0 -1 0 0 -1 0 0 -1 0 0 -1 0 0 -1 0 0 -1 0 0 -1 0 0 -1 0 0 -1 0 0 -1 0 0 -1 0 0 -1 0 0 -1 0 0 -1 0 0 -1 0 0 -1 0 0 -1 0 0 -1 0 0 -1 0 0 -1 0 0 -1 0 0 -1 0 0 -1 0 0 -1 0 0 -1 0 0 -1 0 0 -1 0 0 -1 0 0 -1 0 0 -1 0 0 -1 0 0 -1 0 0 -1 0 0 -1 0 0 -1 0 0 -1 0 0 -1 0 0 -1 0 0 -1 0 0 -1 0 0 -1 0 0 -1 0 0 -1 0 0 -1 0 0 -1 0 0 -1 0 0 -1 0 0 -1 0 0 -1 0 0 -1 0 0 -1 0 0 -1 0 0 -1 0 0 -1 0 0 -1 0 0 -1 0 0 -1 0 0 -1 0 0 -1 0 0 -1 0 0 -1 0 0 -1 0 0 -1 0 0 -1 0 0 -1 0 0 -1 0 0 -1 0 0 -1 0 0 -1 0 0 -1 0 0 -1 0 0 -1 0 0 -1 0 0 -1 0 0 -1 0 0 -1 0 0 -1 0 0 -1 0 0 -1 0 0 -1 0 0 -1 0 0 -1 0 0 -1 0 0 -1 0 0 -1 0 0 -1 0 0 -1 0 0 -1 0 0 -1 0 0 -1 0 0 -1 0 0 -1 0 0 -1 0 0 -1 0 0 -1 0 0 -1 0 0 -1 0 0 -1 0 0 -1 0 0 -1 0 0 -1 0 0 -1 0 0 -1 0 0 -1 0 0 -1 0 0 -1 0 0 -1 0 0 -1 0 0 -1 0 0 -1 0 0 -1 0 0 -1 0 0 -1 0 0 -1 0 0 -1 0 0 -1 0 0 -1 0 0 -1 0 0 -1 0 0 -1 0 0 -1 0 0.9996891 0 0.02493198 0.9996891 -0 0.02493198 0.9972036 0 0.07473283 0.9972036 -0 0.07473283 0.9922402 0 0.124336 0.9922402 -0 0.124336 0.9848073 0 0.1736505 0.9848073 -0 0.1736505 0.9749271 0 0.2225244 0.9749271 -0 0.2225244 0.9626242 0 0.2708405 0.9626242 -0 0.2708405 0.947929 0 0.3184816 0.947929 -0 0.3184816 0.9308712 0 0.3653473 0.9308712 -0 0.3653473 0.9115058 0 0.4112872 0.9115058 -0 0.4112872 0.889872 0 0.4562105 0.889872 -0 0.4562105 0.8660262 -0 0.4999987 0.8660262 0 0.4999987 0.8400267 -0 0.5425452 0.8400267 0 0.5425452 0.8119389 -0 0.5837423 0.8119389 0 0.5837423 0.7818325 0 0.6234885 0.7818325 -0 0.6234885 0.7497802 0 0.6616869 0.7497802 -0 0.6616869 0.7158659 0 0.6982379 0.6801715 0 0.733053 0.7158659 -0 0.6982379 0.6427893 0 0.766043 0.6801715 0 0.733053 0.6427893 0 0.766043 0.6038059 -0 0.7971314 0.6038059 0 0.7971314 0.56332 0 0.8262388 0.5214333 0 0.853292 0.56332 -0 0.8262388 0.5214333 0 0.853292 0.4782561 0 0.8782204 0.4782561 -0 0.8782204 0.4338824 0 0.9009694 0.3884357 0 0.9214758 0.4338824 -0 0.9009694 0.3884357 0 0.9214758 0.3420199 0 0.9396927 0.3420199 -0 0.9396927 0.2947537 0 0.9555733 0.2467568 0 0.9690775 0.2947537 -0 0.9555733 0.2467568 0 0.9690775 0.198147 0 0.9801723 0.198147 -0 0.9801723 0.1490428 0 0.9888307 0.1490428 -0 0.9888307 0.09956744 0 0.9950308 0.09956744 -0 0.9950308 0.04984604 0 0.9987569 0.04984604 -0 0.9987569 -0 0 1 0 0 1 -0.04984604 0 0.9987569 -0.04984604 0 0.9987569 -0.09956744 0 0.9950308 -0.09956744 0 0.9950308 -0.1490428 0 0.9888307 -0.198147 0 0.9801723 -0.1490428 0 0.9888307 -0.198147 0 0.9801723 -0.2467568 0 0.9690775 -0.2467568 0 0.9690775 -0.2947537 0 0.9555733 -0.2947537 0 0.9555733 -0.3420199 0 0.9396927 -0.3420199 0 0.9396927 -0.3884357 0 0.9214758 -0.3884357 0 0.9214758 -0.4338824 0 0.9009694 -0.4338824 0 0.9009694 -0.4782561 0 0.8782204 -0.4782561 0 0.8782204 -0.5214333 0 0.853292 -0.5214333 0 0.853292 -0.56332 0 0.8262388 -0.56332 0 0.8262388 -0.6038059 0 0.7971314 -0.6038059 0 0.7971314 -0.6427893 0 0.766043 -0.6427893 0 0.766043 -0.6801715 0 0.733053 -0.6801715 0 0.733053 -0.7158659 0 0.6982379 -0.7158659 0 0.6982379 -0.7497802 0 0.6616869 -0.7818325 0 0.6234885 -0.7497802 0 0.6616869 -0.7818325 0 0.6234885 -0.8119389 0 0.5837423 -0.8119389 0 0.5837423 -0.8400267 0 0.5425452 -0.8660262 0 0.4999987 -0.8400267 0 0.5425452 -0.8660262 0 0.4999987 -0.889872 0 0.4562105 -0.889872 0 0.4562105 -0.9115058 0 0.4112872 -0.9308712 0 0.3653473 -0.9115058 0 0.4112872 -0.9308712 0 0.3653473 -0.947929 0 0.3184816 -0.9626242 0 0.2708405 -0.947929 0 0.3184816 -0.9749271 0 0.2225244 -0.9626242 0 0.2708405 -0.9749271 0 0.2225244 -0.9848073 0 0.1736505 -0.9848073 0 0.1736505 -0.9922402 0 0.124336 -0.9922402 0 0.124336 -0.9972036 0 0.07473283 -0.9972036 0 0.07473283 -0.9996891 0 0.02493198 -0.9996891 0 0.02493198 -0.9996891 0 -0.02493198 -0.9996891 0 -0.02493198 -0.9972036 -0 -0.07473283 -0.9972036 0 -0.07473283 -0.9922402 0 -0.124336 -0.9922402 0 -0.124336 -0.9848073 0 -0.1736505 -0.9848073 0 -0.1736505 -0.9749271 0 -0.2225244 -0.9749271 0 -0.2225244 -0.9626242 0 -0.2708405 -0.9626242 0 -0.2708405 -0.947929 0 -0.3184816 -0.947929 0 -0.3184816 -0.9308714 0 -0.3653469 -0.9308714 0 -0.3653469 -0.9115058 0 -0.4112872 -0.9115058 0 -0.4112872 -0.889872 0 -0.4562105 -0.889872 0 -0.4562105 -0.8660262 0 -0.4999987 -0.8660262 0 -0.4999987 -0.8400263 0 -0.5425457 -0.8400263 0 -0.5425457 -0.8119401 0 -0.5837408 -0.8119401 0 -0.5837408 -0.7818312 -0 -0.6234902 -0.7818312 0 -0.6234902 -0.7497807 0 -0.6616864 -0.7497807 0 -0.6616864 -0.7158659 0 -0.6982379 -0.7158659 0 -0.6982379 -0.6801727 0 -0.7330518 -0.6801727 0 -0.7330518 -0.642788 0 -0.7660441 -0.642788 0 -0.7660441 -0.6038052 0 -0.797132 -0.6038052 0 -0.797132 -0.5633192 0 -0.8262393 -0.5633192 0 -0.8262393 -0.5214358 0 -0.8532905 -0.5214358 0 -0.8532905 -0.4782548 0 -0.8782211 -0.4782548 0 -0.8782211 -0.4338829 0 -0.9009693 -0.4338829 0 -0.9009693 -0.3884352 0 -0.921476 -0.3884352 0 -0.921476 -0.3420224 0 -0.9396918 -0.3420224 0 -0.9396918 -0.2947537 0 -0.9555733 -0.2947537 0 -0.9555733 -0.2467541 0 -0.9690781 -0.2467541 0 -0.9690781 -0.198147 0 -0.9801723 -0.198147 0 -0.9801723 -0.1490433 0 -0.9888306 -0.1490433 0 -0.9888306 -0.09956521 0 -0.995031 -0.09956521 0 -0.995031 -0.04984604 -0 -0.9987569 -0.04984604 0 -0.9987569 0 0 -1 -0 0 -1 0.04984604 0 -0.9987569 0.04984604 0 -0.9987569 0.09956521 0 -0.995031 0.09956521 0 -0.995031 0.1490433 0 -0.9888306 0.1490433 0 -0.9888306 0.198147 0 -0.9801723 0.198147 0 -0.9801723 0.2947537 0 -0.9555733 0.2467541 0 -0.9690781 0.2467541 0 -0.9690781 0.3420224 0 -0.9396918 0.2947537 0 -0.9555733 0.3420224 0 -0.9396918 0.3884352 0 -0.921476 0.4338829 0 -0.9009693 0.3884352 0 -0.921476 0.4782548 0 -0.8782211 0.4338829 0 -0.9009693 0.4782548 0 -0.8782211 0.5214358 0 -0.8532905 0.5633192 0 -0.8262393 0.5214358 0 -0.8532905 0.5633192 0 -0.8262393 0.6038052 0 -0.797132 0.6038052 0 -0.797132 0.642788 0 -0.7660441 0.642788 0 -0.7660441 0.6801727 0 -0.7330518 0.7158659 0 -0.6982379 0.6801727 0 -0.7330518 0.7158659 0 -0.6982379 0.7497807 0 -0.6616864 0.7497807 0 -0.6616864 0.7818312 0 -0.6234902 0.7818312 0 -0.6234902 0.8119401 0 -0.5837408 0.8119401 0 -0.5837408 0.8400263 0 -0.5425457 0.8400263 0 -0.5425457 0.8660262 0 -0.4999987 0.8660262 0 -0.4999987 0.889872 0 -0.4562105 0.889872 0 -0.4562105 0.9115058 0 -0.4112872 0.9115058 0 -0.4112872 0.9308714 0 -0.3653469 0.9308714 0 -0.3653469 0.947929 0 -0.3184816 0.947929 0 -0.3184816 0.9626242 0 -0.2708405 0.9626242 0 -0.2708405 0.9749271 0 -0.2225244 0.9848073 0 -0.1736505 0.9749271 0 -0.2225244 0.9848073 0 -0.1736505 0.9922402 0 -0.124336 0.9922402 0 -0.124336 0.9972036 0 -0.07473283 0.9972036 0 -0.07473283 0.9996891 0 -0.02493198 0.9996891 0 -0.02493198 0 -1 0 0 -1 0 0 -1 0 0 -1 0 0 -1 0 0 -1 0 0 -1 0 0 -1 0 0 -1 0 0 -1 0 0 -1 0 0 -1 0 0 -1 0 0 -1 0 0 -1 0 0 -1 0 0 -1 0 0 -1 0 0 -1 0 0 -1 0 0 -1 0 0 -1 0 0 -1 0 0 -1 0 0 -1 0 0 -1 0 0 -1 0 0 -1 0 0 -1 0 0 -1 0 0 -1 0 0 -1 0 0 -1 0 0 -1 0 0 -1 0 0 -1 0 0 -1 0 0 -1 0 0 -1 0 0 -1 0 0 -1 0 0 -1 0 0 -1 0 0 -1 0 0 -1 0 0 -1 0 0 -1 0 0 -1 0 0 -1 0 0 -1 0 0 -1 0 0 -1 0 0 -1 0 0 -1 0 0 -1 0 0 -1 0 0 -1 0 0 -1 0 0 -1 0 0 -1 0 0 -1 0 0 -1 0 0 -1 0 0 -1 0 0 -1 0 0 -1 0 0 -1 0 0 -1 0 0 -1 0 0 -1 0 0 -1 0 0 -1 0 0 -1 0 0 -1 0 0 -1 0 0 -1 0 0 -1 0 0 -1 0 0 -1 0 0 -1 0 0 -1 0 0 -1 0 0 -1 0 0 -1 0 0 -1 0 0 -1 0 0 -1 0 0 -1 0 0 -1 0 0 -1 0 0 -1 0 0 -1 0 0 -1 0 0 -1 0 0 -1 0 0 -1 0 0 -1 0 0 -1 0 0 -1 0 0 -1 0 0 -1 0 0 -1 0 0 -1 0 0 -1 0 0 -1 0 0 -1 0 0 -1 0 0 -1 0 0 -1 0 0 -1 0 0 -1 0 0 -1 0 0 -1 0 0 -1 0 0 -1 0 0 -1 0 0 -1 0 0 -1 0 0 -1 0 0 -1 0 0 -1 0 0 -1 0 0 -1 0 0 -1 0 0 -1 0 0 -1 0 0 -1 0 0 -1 0 0 -1 0 0 -1 0 0 -1 0 0 -1 0 0 -1 0 0 -1 0 0 -1 0 0 -1 0 0 -1 0 0 -1 0 0 -1 0 0 -1 0 0 -1 0 0 -1 0 0 -1 0 0 -1 0 0 -1 0 0 -1 0 0 -1 0 0 -1 0 0 -1 0 0 -1 0 0 -1 0 0 -1 0 0 -1 0 0 -1 0 0 -1 0 0 -1 0 0 -1 0 0 -1 0 0 -1 0 0 -1 0 0 -1 0 0 -1 0 0 -1 0 0 -1 0 0 -1 0 0 -1 0 0 -1 0 0 -1 0 0 -1 0 0 -1 0 0 -1 0 0 -1 0 0 -1 0 0 -1 0 0 -1 0 0 -1 0 0 -1 0 0 -1 0 0 -1 0 0 -1 0 0 -1 0 0 -1 0 0 -1 0 0 -1 0 0 -1 0 0 -1 0 0 -1 0 0 -1 0 0 -1 0 0 -1 0 0 -1 0 0 -1 0 0 -1 0 0 -1 0 0 -1 0 0 -1 0 0 -1 0 0 -1 0 0 -1 0 0 -1 0 0 -1 0 0 -1 0 0 -1 0 0 -1 0 0 -1 0 0 -1 0 0 -1 0 0 -1 0 0 -1 0 0 -1 0 0 -1 0 0 -1 0 0 -1 0 0 -1 0 0 -1 0 0 -1 0 0 -1 0 0 -1 0 0 -1 0 0 -1 0 0 -1 0 0 -1 0 0 -1 0 0 -1 0 0 -1 0 0 -1 0 0 -1 0 0 -1 0 0 -1 0 0 -1 0 0 -1 0 0 -1 0 0 -1 0 0 -1 0 0 -1 0 0 -1 0 0 -1 0 0 -1 0 0 -1 0 0 -1 0 0 -1 0 0 -1 0 0 -1 0 0 -1 0 0 -1 0 0 -1 0 0 -1 0 0 -1 0 0 -1 0 0 -1 0 0 -1 0 0 -1 0 0.9996892 0 0.02493077 0.9996892 -0 0.02493077 0.9972037 0 0.07473118 0.9972037 -0 0.07473118 0.9922399 0 0.1243376 0.9922399 -0 0.1243376 0.9848076 0 0.1736486 0.9848076 -0 0.1736486 0.9749259 0 0.2225298 0.9749259 -0 0.2225298 0.9626266 0 0.270832 0.9626266 -0 0.270832 0.9479265 0 0.3184892 0.9479265 -0 0.3184892 0.9308732 0 0.3653423 0.9308732 -0 0.3653423 0.9115061 0 0.4112865 0.9115061 -0 0.4112865 0.8898719 0 0.4562104 0.8898719 -0 0.4562104 0.8660243 -0 0.500002 0.8660243 0 0.500002 0.8400289 -0 0.5425418 0.8400289 0 0.5425418 0.8119345 -0 0.5837486 0.8119345 0 0.5837486 0.7818342 0 0.6234863 0.7818342 -0 0.6234863 0.7497818 0 0.6616852 0.7497818 -0 0.6616852 0.7158622 0 0.6982416 0.6801737 0 0.7330509 0.7158622 -0 0.6982416 0.6427897 0 0.7660426 0.6801737 0 0.7330509 0.6427897 0 0.7660426 0.603805 -0 0.797132 0.603805 0 0.797132 0.5633174 0 0.8262405 0.5214364 0 0.8532901 0.5633174 -0 0.8262405 0.5214364 0 0.8532901 0.478256 0 0.8782205 0.478256 -0 0.8782205 0.4338809 0 0.9009702 0.3884376 0 0.9214751 0.4338809 -0 0.9009702 0.3884376 0 0.9214751 0.3420174 0 0.9396937 0.3420174 -0 0.9396937 0.2947566 0 0.9555724 0.2467571 0 0.9690773 0.2947566 -0 0.9555724 0.2467571 0 0.9690773 0.1981457 0 0.9801726 0.1981457 -0 0.9801726 0.1490435 0 0.9888306 0.1490435 -0 0.9888306 0.09956684 0 0.9950309 0.09956684 -0 0.9950309 0.04984655 0 0.9987569 0.04984655 -0 0.9987569 -0 0 1 0 0 1 -0.04984655 0 0.9987569 -0.04984655 0 0.9987569 -0.09956684 0 0.9950309 -0.09956684 0 0.9950309 -0.1490435 0 0.9888306 -0.1981457 0 0.9801726 -0.1490435 0 0.9888306 -0.1981457 0 0.9801726 -0.2467571 0 0.9690773 -0.2467571 0 0.9690773 -0.2947566 0 0.9555724 -0.2947566 0 0.9555724 -0.3420174 0 0.9396937 -0.3420174 0 0.9396937 -0.3884376 0 0.9214751 -0.3884376 0 0.9214751 -0.4338809 0 0.9009702 -0.4338809 0 0.9009702 -0.478256 0 0.8782205 -0.478256 0 0.8782205 -0.5214364 0 0.8532901 -0.5214364 0 0.8532901 -0.5633174 0 0.8262405 -0.5633174 0 0.8262405 -0.603805 0 0.797132 -0.603805 0 0.797132 -0.6427897 0 0.7660426 -0.6427897 0 0.7660426 -0.6801737 0 0.7330509 -0.6801737 0 0.7330509 -0.7158622 0 0.6982416 -0.7158622 0 0.6982416 -0.7497818 0 0.6616852 -0.7818342 0 0.6234863 -0.7497818 0 0.6616852 -0.7818342 0 0.6234863 -0.8119345 0 0.5837486 -0.8119345 0 0.5837486 -0.8400289 0 0.5425418 -0.8660243 0 0.500002 -0.8400289 0 0.5425418 -0.8660243 0 0.500002 -0.8898719 0 0.4562104 -0.8898719 0 0.4562104 -0.9115061 0 0.4112865 -0.9308732 0 0.3653423 -0.9115061 0 0.4112865 -0.9308732 0 0.3653423 -0.9479265 0 0.3184892 -0.9626266 0 0.270832 -0.9479265 0 0.3184892 -0.9749259 0 0.2225298 -0.9626266 0 0.270832 -0.9749259 0 0.2225298 -0.9848076 0 0.1736486 -0.9848076 0 0.1736486 -0.9922399 0 0.1243376 -0.9922399 0 0.1243376 -0.9972037 0 0.07473118 -0.9972037 0 0.07473118 -0.9996892 0 0.02493077 -0.9996892 0 0.02493077 -0.9996892 0 -0.02493077 -0.9996892 0 -0.02493077 -0.9972037 -0 -0.07473098 -0.9972037 0 -0.07473098 -0.9922399 0 -0.1243379 -0.9922399 0 -0.1243379 -0.9848077 0 -0.1736481 -0.9848077 0 -0.1736481 -0.9749258 0 -0.2225304 -0.9749258 0 -0.2225304 -0.9626266 0 -0.270832 -0.9626266 0 -0.270832 -0.9479265 0 -0.3184892 -0.9479265 0 -0.3184892 -0.9308735 0 -0.3653415 -0.9308735 0 -0.3653415 -0.9115061 0 -0.4112865 -0.9115061 0 -0.4112865 -0.8898719 0 -0.4562104 -0.8898719 0 -0.4562104 -0.8660243 0 -0.500002 -0.8660243 0 -0.500002 -0.8400281 0 -0.542543 -0.8400281 0 -0.542543 -0.8119345 0 -0.5837486 -0.8119345 0 -0.5837486 -0.7818342 -0 -0.6234863 -0.7818342 0 -0.6234863 -0.749783 0 -0.6616839 -0.749783 0 -0.6616839 -0.7158628 0 -0.698241 -0.7158628 0 -0.698241 -0.6801717 0 -0.7330528 -0.6801717 0 -0.7330528 -0.6427904 0 -0.7660421 -0.6427904 0 -0.7660421 -0.6038058 0 -0.7971314 -0.6038058 0 -0.7971314 -0.5633166 0 -0.8262412 -0.5633166 0 -0.8262412 -0.5214364 0 -0.8532901 -0.5214364 0 -0.8532901 -0.478256 0 -0.8782205 -0.478256 0 -0.8782205 -0.4338788 0 -0.9009712 -0.4338788 0 -0.9009712 -0.3884387 0 -0.9214746 -0.3884387 0 -0.9214746 -0.3420207 0 -0.9396924 -0.3420207 0 -0.9396924 -0.2947531 0 -0.9555734 -0.2947531 0 -0.9555734 -0.2467577 0 -0.9690772 -0.2467577 0 -0.9690772 -0.1981451 0 -0.9801727 -0.1981451 0 -0.9801727 -0.1490448 0 -0.9888304 -0.1490448 0 -0.9888304 -0.09956937 0 -0.9950306 -0.09956937 0 -0.9950306 -0.04984146 -0 -0.9987572 -0.04984146 0 -0.9987572 0 0 -1 -0 0 -1 0.04984146 0 -0.9987572 0.04984146 0 -0.9987572 0.09956937 0 -0.9950306 0.09956937 0 -0.9950306 0.1490448 0 -0.9888304 0.1490448 0 -0.9888304 0.1981451 0 -0.9801727 0.1981451 0 -0.9801727 0.2947531 0 -0.9555734 0.2467577 0 -0.9690772 0.2467577 0 -0.9690772 0.3420207 0 -0.9396924 0.2947531 0 -0.9555734 0.3420207 0 -0.9396924 0.3884387 0 -0.9214746 0.4338788 0 -0.9009712 0.3884387 0 -0.9214746 0.478256 0 -0.8782205 0.4338788 0 -0.9009712 0.478256 0 -0.8782205 0.5214364 0 -0.8532901 0.5633166 0 -0.8262412 0.5214364 0 -0.8532901 0.5633166 0 -0.8262412 0.6038058 0 -0.7971314 0.6038058 0 -0.7971314 0.6427904 0 -0.7660421 0.6427904 0 -0.7660421 0.6801717 0 -0.7330528 0.7158628 0 -0.698241 0.6801717 0 -0.7330528 0.7158628 0 -0.698241 0.749783 0 -0.6616839 0.749783 0 -0.6616839 0.7818342 0 -0.6234863 0.7818342 0 -0.6234863 0.8119345 0 -0.5837486 0.8119345 0 -0.5837486 0.8400281 0 -0.542543 0.8400281 0 -0.542543 0.8660243 0 -0.500002 0.8660243 0 -0.500002 0.8898719 0 -0.4562104 0.8898719 0 -0.4562104 0.9115061 0 -0.4112865 0.9115061 0 -0.4112865 0.9308735 0 -0.3653415 0.9308735 0 -0.3653415 0.9479265 0 -0.3184892 0.9479265 0 -0.3184892 0.9626266 0 -0.270832 0.9626266 0 -0.270832 0.9749258 0 -0.2225304 0.9848077 0 -0.1736481 0.9749258 0 -0.2225304 0.9848077 0 -0.1736481 0.9922399 0 -0.1243379 0.9922399 0 -0.1243379 0.9972037 0 -0.07473098 0.9972037 0 -0.07473098 0.9996892 0 -0.02493077 0.9996892 0 -0.02493077 0 -1 0 0 -1 0 0 -1 0 0 -1 0 0 -1 0 0 -1 0 0 -1 0 0 -1 0 0 -1 0 0 -1 0 0 -1 0 0 -1 0 0 -1 0 0 -1 0 0 -1 0 0 -1 0 0 -1 0 0 -1 0 0 -1 0 0 -1 0 0 -1 0 0 -1 0 0 -1 0 0 -1 0 0 -1 0 0 -1 0 0 -1 0 0 -1 0 0 -1 0 0 -1 0 0 -1 0 0 -1 0 0 -1 0 0 -1 0 0 -1 0 0 -1 0 0 -1 0 0 -1 0 0 -1 0 0 -1 0 0 -1 0 0 -1 0 0 -1 0 0 -1 0 0 -1 0 0 -1 0 0 -1 0 0 -1 0 0 -1 0 0 -1 0 0 -1 0 0 -1 0 0 -1 0 0 -1 0 0 -1 0 0 -1 0 0 -1 0 0 -1 0 0 -1 0 0 -1 0 0 -1 0 0 -1 0 0 -1 0 0 -1 0 0 -1 0 0 -1 0 0 -1 0 0 -1 0 0 -1 0 0 -1 0 0 -1 0 0 -1 0 0 -1 0 0 -1 0 0 -1 0 0 -1 0 0 -1 0 0 -1 0 0 -1 0 0 -1 0 0 -1 0 0 -1 0 0 -1 0 0 -1 0 0 -1 0 0 -1 0 0 -1 0 0 -1 0 0 -1 0 0 -1 0 0 -1 0 0 -1 0 0 -1 0 0 -1 0 0 -1 0 0 -1 0 0 -1 0 0 -1 0 0 -1 0 0 -1 0 0 -1 0 0 -1 0 0 -1 0 0 -1 0 0 -1 0 0 -1 0 0 -1 0 0 -1 0 0 -1 0 0 -1 0 0 -1 0 0 -1 0 0 -1 0 0 -1 0 0 -1 0 0 -1 0 0 -1 0 0 -1 0 0 -1 0 0 -1 0 0 -1 0 0 -1 0 0 -1 0 0 -1 0 0 -1 0 0 -1 0 0 -1 0 0 -1 0 0 -1 0 0 -1 0 0 -1 0 0 -1 0 0 -1 0 0 -1 0 0 -1 0 0 -1 0 0 -1 0 0 -1 0 0 -1 0 0 -1 0 0 -1 0 0 -1 0 0 -1 0 0 -1 0 0 -1 0 0 -1 0 0 -1 0 0 -1 0 0 -1 0 0 -1 0 0 -1 0 0 -1 0 0 -1 0 0 -1 0 0 -1 0 0 -1 0 0 -1 0 0 -1 0 0 -1 0 0 -1 0 0 -1 0 0 -1 0 0 -1 0 0 -1 0 0 -1 0 0 -1 0 0 -1 0 0 -1 0 0 -1 0 0 -1 0 0 -1 0 0 -1 0 0 -1 0 0 -1 0 0 -1 0 0 -1 0 0 -1 0 0 -1 0 0 -1 0 0 -1 0 0 -1 0 0 -1 0 0 -1 0 0 -1 0 0 -1 0 0 -1 0 0 -1 0 0 -1 0 0 -1 0 0 -1 0 0 -1 0 0 -1 0 0 -1 0 0 -1 0 0 -1 0 0 -1 0 0 -1 0 0 -1 0 0 -1 0 0 -1 0 0 -1 0 0 -1 0 0 -1 0 0 -1 0 0 -1 0 0 -1 0 0 -1 0 0 -1 0 0 -1 0 0 -1 0 0 -1 0 0 -1 0 0 -1 0 0 -1 0 0 -1 0 0 -1 0 0 -1 0 0 -1 0 0 -1 0 0 -1 0 0 -1 0 0 -1 0 0 -1 0 0 -1 0 0 -1 0 0 -1 0 0 -1 0 0 -1 0 0 -1 0 0 -1 0 0 -1 0 0 -1 0 0 -1 0 0 -1 0 0 -1 0 0 -1 0 0 -1 0 0 -1 0 0 -1 0 0 -1 0 0 -1 0 0 -1 0 0 -1 0 0 -1 0 0 -1 0 0 -1 0 0 -1 0 0 -1 0 0 -1 0 0 -1 0 0 -1 0 0 -1 0 0.9996892 0 0.02492919 0.9996892 -0 0.02492919 0.9972039 0 0.07472879 0.9972039 -0 0.07472879 0.9922382 0 0.1243516 0.9922382 -0 0.1243516 0.9848082 0 0.1736455 0.9848082 -0 0.1736455 0.9749293 0 0.2225151 0.9749293 -0 0.2225151 0.9626237 0 0.2708426 0.9626237 -0 0.2708426 0.9479264 0 0.3184894 0.9479264 -0 0.3184894 0.9308723 0 0.3653445 0.9308723 -0 0.3653445 0.9115066 0 0.4112855 0.9115066 -0 0.4112855 0.8898714 0 0.4562115 0.8898714 -0 0.4562115 0.8660272 -0 0.4999969 0.8660272 0 0.4999969 0.8400263 -0 0.5425457 0.8400263 0 0.5425457 0.8119392 -0 0.583742 0.8119392 0 0.583742 0.7818319 0 0.6234893 0.7818319 -0 0.6234893 0.7497767 0 0.6616909 0.7497767 -0 0.6616909 0.7158706 0 0.6982329 0.6801699 0 0.7330545 0.7158706 -0 0.6982329 0.6427911 0 0.7660415 0.6801699 0 0.7330545 0.6427911 0 0.7660415 0.6038039 -0 0.7971328 0.6038039 0 0.7971328 0.5633186 0 0.8262398 0.5214351 0 0.853291 0.5633186 -0 0.8262398 0.5214351 0 0.853291 0.4782552 0 0.8782209 0.4782552 -0 0.8782209 0.4338841 0 0.9009687 0.3884352 0 0.9214761 0.4338841 -0 0.9009687 0.3884352 0 0.9214761 0.3420197 0 0.9396929 0.3420197 -0 0.9396929 0.2947545 0 0.955573 0.2467567 0 0.9690774 0.2947545 -0 0.955573 0.2467567 0 0.9690774 0.1981463 0 0.9801724 0.1981463 -0 0.9801724 0.1490423 0 0.9888307 0.1490423 -0 0.9888307 0.09956753 0 0.9950308 0.09956753 -0 0.9950308 0.04984662 0 0.9987569 0.04984662 -0 0.9987569 -0 0 1 0 0 1 -0.04984662 0 0.9987569 -0.04984662 0 0.9987569 -0.09956753 0 0.9950308 -0.09956753 0 0.9950308 -0.1490423 0 0.9888307 -0.1981463 0 0.9801724 -0.1490423 0 0.9888307 -0.1981463 0 0.9801724 -0.2467567 0 0.9690774 -0.2467567 0 0.9690774 -0.2947545 0 0.955573 -0.2947545 0 0.955573 -0.3420197 0 0.9396929 -0.3420197 0 0.9396929 -0.3884352 0 0.9214761 -0.3884352 0 0.9214761 -0.4338841 0 0.9009687 -0.4338841 0 0.9009687 -0.4782552 0 0.8782209 -0.4782552 0 0.8782209 -0.5214351 0 0.853291 -0.5214351 0 0.853291 -0.5633186 0 0.8262398 -0.5633186 0 0.8262398 -0.6038039 0 0.7971328 -0.6038039 0 0.7971328 -0.6427911 0 0.7660415 -0.6427911 0 0.7660415 -0.6801699 0 0.7330545 -0.6801699 0 0.7330545 -0.7158706 0 0.6982329 -0.7158706 0 0.6982329 -0.7497767 0 0.6616909 -0.7818319 0 0.6234893 -0.7497767 0 0.6616909 -0.7818319 0 0.6234893 -0.8119392 0 0.583742 -0.8119392 0 0.583742 -0.8400263 0 0.5425457 -0.8660272 0 0.4999969 -0.8400263 0 0.5425457 -0.8660272 0 0.4999969 -0.8898714 0 0.4562115 -0.8898714 0 0.4562115 -0.9115066 0 0.4112855 -0.9308723 0 0.3653445 -0.9115066 0 0.4112855 -0.9308723 0 0.3653445 -0.9479264 0 0.3184894 -0.9626237 0 0.2708426 -0.9479264 0 0.3184894 -0.9749293 0 0.2225151 -0.9626237 0 0.2708426 -0.9749293 0 0.2225151 -0.9848082 0 0.1736455 -0.9848082 0 0.1736455 -0.9922382 0 0.1243516 -0.9922382 0 0.1243516 -0.9972039 0 0.07472879 -0.9972039 0 0.07472879 -0.9996892 0 0.02492919 -0.9996892 0 0.02492919 -0.9996892 0 -0.02492919 -0.9996892 0 -0.02492919 -0.9972039 -0 -0.07472879 -0.9972039 0 -0.07472879 -0.9922382 0 -0.1243516 -0.9922382 0 -0.1243516 -0.9848083 0 -0.173645 -0.9848083 0 -0.173645 -0.9749291 0 -0.2225157 -0.9749291 0 -0.2225157 -0.9626237 0 -0.2708426 -0.9626237 0 -0.2708426 -0.9479268 0 -0.3184885 -0.9479268 0 -0.3184885 -0.930872 0 -0.3653455 -0.930872 0 -0.3653455 -0.911507 0 -0.4112844 -0.911507 0 -0.4112844 -0.8898714 0 -0.4562115 -0.8898714 0 -0.4562115 -0.8660269 0 -0.4999976 -0.8660269 0 -0.4999976 -0.8400267 0 -0.542545 -0.8400267 0 -0.542545 -0.8119392 0 -0.583742 -0.8119392 0 -0.583742 -0.7818313 -0 -0.62349 -0.7818313 0 -0.62349 -0.7497761 0 -0.6616916 -0.7497761 0 -0.6616916 -0.7158706 0 -0.6982329 -0.7158706 0 -0.6982329 -0.6801707 0 -0.7330538 -0.6801707 0 -0.7330538 -0.6427903 0 -0.7660423 -0.6427903 0 -0.7660423 -0.603803 0 -0.7971336 -0.603803 0 -0.7971336 -0.5633186 0 -0.8262398 -0.5633186 0 -0.8262398 -0.5214362 0 -0.8532903 -0.5214362 0 -0.8532903 -0.4782574 0 -0.8782197 -0.4782574 0 -0.8782197 -0.4338829 0 -0.9009693 -0.4338829 0 -0.9009693 -0.388434 0 -0.9214765 -0.388434 0 -0.9214765 -0.3420223 0 -0.9396919 -0.3420223 0 -0.9396919 -0.2947545 0 -0.955573 -0.2947545 0 -0.955573 -0.2467539 0 -0.9690781 -0.2467539 0 -0.9690781 -0.1981449 0 -0.9801728 -0.1981449 0 -0.9801728 -0.1490466 0 -0.9888301 -0.1490466 0 -0.9888301 -0.09956898 0 -0.9950306 -0.09956898 0 -0.9950306 -0.04984075 -0 -0.9987571 -0.04984075 0 -0.9987571 0 0 -1 -0 0 -1 0.04984075 0 -0.9987571 0.04984075 0 -0.9987571 0.09956898 0 -0.9950306 0.09956898 0 -0.9950306 0.1490466 0 -0.9888301 0.1490466 0 -0.9888301 0.1981449 0 -0.9801728 0.1981449 0 -0.9801728 0.2947545 0 -0.955573 0.2467539 0 -0.9690781 0.2467539 0 -0.9690781 0.3420223 0 -0.9396919 0.2947545 0 -0.955573 0.3420223 0 -0.9396919 0.388434 0 -0.9214765 0.4338829 0 -0.9009693 0.388434 0 -0.9214765 0.4782574 0 -0.8782197 0.4338829 0 -0.9009693 0.4782574 0 -0.8782197 0.5214362 0 -0.8532903 0.5633186 0 -0.8262398 0.5214362 0 -0.8532903 0.5633186 0 -0.8262398 0.603803 0 -0.7971336 0.603803 0 -0.7971336 0.6427903 0 -0.7660423 0.6427903 0 -0.7660423 0.6801707 0 -0.7330538 0.7158706 0 -0.6982329 0.6801707 0 -0.7330538 0.7158706 0 -0.6982329 0.7497761 0 -0.6616916 0.7497761 0 -0.6616916 0.7818313 0 -0.62349 0.7818313 0 -0.62349 0.8119392 0 -0.583742 0.8119392 0 -0.583742 0.8400267 0 -0.542545 0.8400267 0 -0.542545 0.8660269 0 -0.4999976 0.8660269 0 -0.4999976 0.8898714 0 -0.4562115 0.8898714 0 -0.4562115 0.911507 0 -0.4112844 0.911507 0 -0.4112844 0.930872 0 -0.3653455 0.930872 0 -0.3653455 0.9479268 0 -0.3184885 0.9479268 0 -0.3184885 0.9626237 0 -0.2708426 0.9626237 0 -0.2708426 0.9749291 0 -0.2225157 0.9848083 0 -0.173645 0.9749291 0 -0.2225157 0.9848083 0 -0.173645 0.9922382 0 -0.1243516 0.9922382 0 -0.1243516 0.9972039 0 -0.07472879 0.9972039 0 -0.07472879 0.9996892 0 -0.02492919 0.9996892 0 -0.02492919 0 -1 0 0 -1 0 0 -1 0 0 -1 0 0 -1 0 0 -1 0 0 -1 0 0 -1 0 0 -1 0 0 -1 0 0 -1 0 0 -1 0 0 -1 0 0 -1 0 0 -1 0 0 -1 0 0 -1 0 0 -1 0 0 -1 0 0 -1 0 0 -1 0 0 -1 0 0 -1 0 0 -1 0 0 -1 0 0 -1 0 0 -1 0 0 -1 0 0 -1 0 0 -1 0 0 -1 0 0 -1 0 0 -1 0 0 -1 0 0 -1 0 0 -1 0 0 -1 0 0 -1 0 0 -1 0 0 -1 0 0 -1 0 0 -1 0 0 -1 0 0 -1 0 0 -1 0 0 -1 0 0 -1 0 0 -1 0 0 -1 0 0 -1 0 0 -1 0 0 -1 0 0 -1 0 0 -1 0 0 -1 0 0 -1 0 0 -1 0 0 -1 0 0 -1 0 0 -1 0 0 -1 0 0 -1 0 0 -1 0 0 -1 0 0 -1 0 0 -1 0 0 -1 0 0 -1 0 0 -1 0 0 -1 0 0 -1 0 0 -1 0 0 -1 0 0 -1 0 0 -1 0 0 -1 0 0 -1 0 0 -1 0 0 -1 0 0 -1 0 0 -1 0 0 -1 0 0 -1 0 0 -1 0 0 -1 0 0 -1 0 0 -1 0 0 -1 0 0 -1 0 0 -1 0 0 -1 0 0 -1 0 0 -1 0 0 -1 0 0 -1 0 0 -1 0 0 -1 0 0 -1 0 0 -1 0 0 -1 0 0 -1 0 0 -1 0 0 -1 0 0 -1 0 0 -1 0 0 -1 0 0 -1 0 0 -1 0 0 -1 0 0 -1 0 0 -1 0 0 -1 0 0 -1 0 0 -1 0 0 -1 0 0 -1 0 0 -1 0 0 -1 0 0 -1 0 0 -1 0 0 -1 0 0 -1 0 0 -1 0 0 -1 0 0 -1 0 0 -1 0 0 -1 0 0 -1 0 0 -1 0 0 -1 0 0 -1 0 0 -1 0 0 -1 0 0 -1 0 0 -1 0 0 -1 0 0 -1 0 0 -1 0 0 -1 0 0 -1 0 0 -1 0 0 -1 0 0 -1 0 0 -1 0 0 -1 0 0 -1 0 0 -1 0 0 -1 0 0 -1 0 0 -1 0 0 -1 0 0 -1 0 0 -1 0 0 -1 0 0 -1 0 0 -1 0 0 -1 0 0 -1 0 0 -1 0 0 -1 0 0 -1 0 0 -1 0 0 -1 0 0 -1 0 0 -1 0 0 -1 0 0 -1 0 0 -1 0 0 -1 0 0 -1 0 0 -1 0 0 -1 0 0 -1 0 0 -1 0 0 -1 0 0 -1 0 0 -1 0 0 -1 0 0 -1 0 0 -1 0 0 -1 0 0 -1 0 0 -1 0 0 -1 0 0 -1 0 0 -1 0 0 -1 0 0 -1 0 0 -1 0 0 -1 0 0 -1 0 0 -1 0 -0.7308937 0 0.6824912 -0.7308937 0 0.6824912 -0.7630925 0 0.6462892 -0.7630925 0 0.6462892 -0.7935107 0 0.6085562 -0.7935107 0 0.6085562 -0.8220603 0 0.5694003 -0.8220603 0 0.5694003 -0.8486796 0 0.5289074 -0.8486796 0 0.5289074 -0.8733023 0 0.4871788 -0.8733023 0 0.4871788 -0.8958741 0 0.444308 -0.8958741 0 0.444308 -0.9163541 0 0.4003688 -0.9163541 0 0.4003688 -0.934667 0 0.3555245 -0.934667 0 0.3555245 -0.9507955 0 0.3098193 -0.9507955 0 0.3098193 -0.9646895 0 0.2633899 -0.9646895 0 0.2633899 -0.9763134 0 0.2163611 -0.9763134 0 0.2163611 -0.9856483 0 0.1688117 -0.9926702 0 0.1208547 -0.9856483 0 0.1688117 -0.9926702 0 0.1208547 -0.997359 0 0.07262938 -0.997359 0 0.07262938 -0.9997064 0 0.02423073 -0.9997064 0 0.02423073 -0.9997064 0 -0.02423073 -0.9997064 0 -0.02423073 -0.997359 0 -0.07262938 -0.9926703 -0 -0.1208542 -0.997359 0 -0.07262938 -0.9926703 0 -0.1208542 -0.9856482 0 -0.1688124 -0.9856482 0 -0.1688124 -0.9763136 0 -0.2163603 -0.9763136 0 -0.2163603 -0.9646895 0 -0.2633899 -0.9646895 0 -0.2633899 -0.9507951 0 -0.3098204 -0.934667 -0 -0.3555245 -0.9507951 0 -0.3098204 -0.934667 0 -0.3555245 -0.9163541 0 -0.4003688 -0.9163541 0 -0.4003688 -0.8958749 0 -0.4443064 -0.8958749 0 -0.4443064 -0.8733013 0 -0.4871805 -0.8486807 -0 -0.5289056 -0.8733013 0 -0.4871805 -0.8220603 -0 -0.5694003 -0.8486807 0 -0.5289056 -0.7935107 -0 -0.6085562 -0.8220603 0 -0.5694003 -0.7935107 0 -0.6085562 -0.7630909 0 -0.6462912 -0.7630909 0 -0.6462912 -0.7308937 0 -0.6824912 -0.7308937 0 -0.6824912 0 0 1 0 0 1 0 -0 1 0.7308937 0 -0.6824912 0.7308937 0 -0.6824912 0.7630909 0 -0.6462912 0.7630909 0 -0.6462912 0.7935107 0 -0.6085562 0.7935107 0 -0.6085562 0.8220603 0 -0.5694003 0.8220603 0 -0.5694003 0.8486807 0 -0.5289056 0.8486807 0 -0.5289056 0.8733013 0 -0.4871805 0.8733013 0 -0.4871805 0.8958749 0 -0.4443064 0.8958749 0 -0.4443064 0.9163541 0 -0.4003688 0.9163541 0 -0.4003688 0.934667 0 -0.3555245 0.934667 0 -0.3555245 0.9507951 0 -0.3098204 0.9507951 0 -0.3098204 0.9646895 0 -0.2633899 0.9646895 0 -0.2633899 0.9763136 0 -0.2163603 0.9763136 0 -0.2163603 0.9856482 0 -0.1688124 0.9856482 0 -0.1688124 0.9926703 0 -0.1208542 0.9926703 0 -0.1208542 0.997359 0 -0.07262938 0.997359 0 -0.07262938 0.9997064 0 -0.02423073 0.9997064 0 -0.02423073 0.9997064 0 0.02423073 0.9997064 -0 0.02423073 0.997359 0 0.07262938 0.997359 -0 0.07262938 0.9926702 0 0.1208547 0.9926702 -0 0.1208547 0.9856483 0 0.1688117 0.9763134 0 0.2163611 0.9856483 -0 0.1688117 0.9763134 0 0.2163611 0.9646895 0 0.2633899 0.9646895 -0 0.2633899 0.9507955 0 0.3098193 0.9507955 -0 0.3098193 0.934667 0 0.3555245 0.934667 -0 0.3555245 0.9163541 0 0.4003688 0.9163541 -0 0.4003688 0.8958741 0 0.444308 0.8958741 -0 0.444308 0.8733023 0 0.4871788 0.8486796 0 0.5289074 0.8733023 -0 0.4871788 0.8486796 0 0.5289074 0.8220603 0 0.5694003 0.8220603 -0 0.5694003 0.7935107 0 0.6085562 0.7935107 -0 0.6085562 0.7630925 0 0.6462892 0.7308937 0 0.6824912 0.7630925 -0 0.6462892 0.7308937 0 0.6824912 0 0 -1 -0 -0 -1 0 -0 -1 0 -1 0 0 -1 0 0 -1 0 0 -1 0 0 -1 0 0 -1 0 0 -1 0 0 -1 0 0 -1 0 0 -1 0 0 -1 0 0 -1 0 0 -1 0 0 -1 0 0 -1 0 0 -1 0 0 -1 0 0 -1 0 0 -1 0 0 -1 0 0 -1 0 0 -1 0 0 -1 0 0 -1 0 0 -1 0 0 -1 0 0 -1 0 0 -1 0 0 -1 0 0 -1 0 0 -1 0 0 -1 0 0 -1 0 0 -1 0 0 -1 0 0 -1 0 0 -1 0 0 -1 0 0 -1 0 0 -1 0 0 -1 0 0 -1 0 0 -1 0 0 -1 0 0 -1 0 0 -1 0 0 -1 0 0 -1 0 0 -1 0 0 -1 0 0 -1 0 0 -1 0 0 -1 0 0 -1 0 0 -1 0 0 -1 0 0 -1 0 0 -1 0 0 -1 0 0 -1 0 0 -1 0 0 -1 0 0 -1 0 0 -1 0 0 -1 0 0 -1 0 0 -1 0 0 -1 0 0 -1 0 0 -1 0 0 -1 0 0 -1 0 0 -1 0 0 -1 0 0 -1 0 0 -1 0 0 -1 0 0 -1 0 0 -1 0 0 -1 0 0 -1 0 0 -1 0 0 -1 0 0 -1 0 0 -1 0 0 -1 0 0 -1 0 0 -1 0 0 -1 0 0 -1 0 0 -1 0 0 -1 0 0 -1 0 0 -1 0 -0 -1 0 0 -1 0 0 -1 0 0 -1 0 0 -1 0 0 -1 0 0 -1 0 0 -1 0 0 -1 0 0 -1 0 0 -1 0 0 -1 0 0 -1 0 0 -1 0 0 -1 0 0 -1 0 0 -1 0 0 -1 0 0 -1 0 0 -1 0 0 -1 0 0 -1 0 0 -1 0 0 -1 0 0 -1 0 0 -1 0 0 -1 0 0 -1 0 0 -1 0 0 -1 0 0 -1 0 0 -1 0 0 -1 0 0 -1 0 0 -1 0 0 -1 0 0 -1 0 0 -1 0 0 -1 0 0 -1 0 0 -1 0 0 -1 0 0 -1 0 0 -1 0 0 -1 0 0 -1 0 0 -1 0 0 -1 0 0 -1 0 0 -1 0 0 -1 0 0 -1 0 0 -1 0 0 -1 0 0 -1 0 0 -1 0 0 -1 0 0 -1 0 0 -1 0 0 -1 0 0 -1 0 0 -1 0 0 -1 0 0 -1 0 0 -1 0 0 -1 0 0 -1 0 0 -1 0 0 -1 0 0 -1 0 0 -1 0 0 -1 0 0 -1 0 0 -1 0 0 -1 0 0 -1 0 0 -1 0 0 -1 0 0 -1 0 0 -1 0 0 -1 0 0 -1 0 0 -1 0 0 -1 0 0 -1 0 0 -1 0 0 -1 0 0 -1 0 0 -1 0 -0 -1 0 -0 -1 0 0 -1 0 0 -1 0 0 -1 0 0 -1 0 0 -1 0 0 -1 0 -0.2565209 -0.8269439 0.5003606 -0.2674903 -0.8289562 0.4912031 -0.2916446 -0.8289562 0.4772578 -0.1515806 -0.8287144 0.5387539 -0.09660047 -0.8309828 0.5478465 -0.09718627 -0.8287145 0.5511687 -0.1246832 -0.828275 0.5462733 -0.1506693 -0.8309832 0.5355051 -0.09718621 -0.8287145 0.5511689 -0.2044736 -0.8287144 0.5209827 0.5591389 -0.8289565 0.01395647 -0.305062 -0.8269436 0.4723361 -0.3150795 -0.8289587 0.4621172 -0.337703 -0.8289589 0.4458519 -0.1515799 -0.8287146 0.5387537 -0.1506665 -0.8309821 0.5355074 -0.1784531 -0.8282744 0.531146 -0.2032423 -0.830983 0.5178416 -0.255326 -0.8287144 0.4980372 -0.2553282 -0.8287154 0.4980343 -0.350581 -0.8269436 0.4396103 -0.3595217 -0.8289566 0.4284566 -0.3804339 -0.8289565 0.4100015 -0.2032401 -0.8309821 0.5178438 -0.2044732 -0.828715 0.5209818 -0.2044722 -0.8287145 0.520983 -0.2304507 -0.8282746 0.5107383 -0.2537886 -0.8309828 0.4950342 -0.3489517 -0.8287144 0.4375673 -0.3036443 -0.8287144 0.470141 -0.3036464 -0.8287156 0.4701376 -0.4003953 -0.8289586 0.3905271 -0.4193543 -0.8289586 0.370094 -0.392606 -0.8269446 0.402521 -0.2553261 -0.8287141 0.4980375 0.5591407 -0.8289592 0.01372399 -0.2801605 -0.8282751 0.4852531 -0.3018205 -0.8309834 0.4673017 -0.2537887 -0.8309829 0.495034 -0.2553275 -0.828715 0.4980356 -0.3489512 -0.8287145 0.4375674 -0.430738 -0.8269438 0.361426 -0.4372899 -0.8289562 0.3487248 -0.4541289 -0.8289562 0.3264943 -0.3036472 -0.8287145 0.470139 -0.3018171 -0.8309817 0.4673071 -0.3270816 -0.828274 0.4549502 -0.3468483 -0.8309826 0.4349299 -0.3036467 -0.8287141 0.4701399 -0.3489513 -0.8287144 0.4375676 -0.3907819 -0.8287149 0.4006509 -0.3907815 -0.8287146 0.400652 -0.4698341 -0.8289576 0.3034554 -0.4843773 -0.8289577 0.2796564 -0.4645775 -0.8269444 0.3167503 -0.3489509 -0.8287145 0.4375676 -0.346848 -0.8309824 0.4349306 -0.3707568 -0.8282747 0.4201194 -0.3884255 -0.8309824 0.3982385 -0.4287329 -0.8287149 0.3597496 -0.4287342 -0.8287163 0.3597446 -0.4977175 -0.8289565 0.2551636 -0.5098209 -0.8289564 0.2300303 -0.4938122 -0.8269441 0.268911 -0.3884262 -0.8309829 0.3982367 -0.3907816 -0.8287144 0.4006521 -0.4107497 -0.8282743 0.3811123 -0.4261467 -0.830981 0.3575887 -0.3907817 -0.8287145 0.4006518 -0.4624212 -0.8287129 0.3152801 -0.4915197 -0.8287129 0.2676626 -0.462423 -0.8287163 0.3152686 -0.5206478 -0.828958 0.2043395 -0.5301819 -0.8289581 0.1781448 -0.5181301 -0.8269449 0.2184113 -0.426149 -0.8309832 0.3575806 -0.4287337 -0.8287144 0.3597495 -0.4287336 -0.8287142 0.3597502 -0.4466565 -0.8282745 0.3383185 -0.4596356 -0.8309813 0.3133772 -0.4915147 -0.8287147 0.2676663 -0.5373059 -0.826943 0.1657338 -0.5384097 -0.8289554 0.1514861 -0.5452905 -0.8289554 0.1244633 -0.4624237 -0.8287157 0.3152691 -0.4624232 -0.8287143 0.3152739 -0.4915134 -0.8287157 0.2676656 -0.4781153 -0.8282749 0.2921756 -0.4885532 -0.8309835 0.2660491 -0.4596362 -0.8309823 0.3133738 -0.5157214 -0.8287161 0.217396 -0.5348056 -0.8287161 0.1649626 -0.5157216 -0.8287148 0.2174005 -0.5511355 -0.8269429 0.1114222 -0.550815 -0.8289573 0.09712186 -0.554971 -0.8289573 0.06954901 -0.4915158 -0.8287147 0.267664 -0.4885531 -0.8309831 0.2660507 -0.504834 -0.8282748 0.2431116 -0.5126163 -0.8309827 0.2160842 -0.5348059 -0.8287159 0.1649623 -0.5485709 -0.828716 0.1109037 -0.5594928 -0.8269427 0.05597721 -0.5577505 -0.8289562 0.04178502 -0.5591393 -0.8289562 0.01395648 -0.5157233 -0.8287147 0.217397 -0.5157237 -0.8287134 0.2174014 -0.5126164 -0.8309819 0.2160873 -0.5265304 -0.8282741 0.1916449 -0.5315828 -0.8309818 0.1639783 -0.5485782 -0.8287126 0.1108941 -0.5591393 -0.8289562 -0.01395648 -0.5577505 -0.8289562 -0.04178463 -0.562288 -0.8269415 0 -0.5348061 -0.8287158 0.1649624 -0.5315824 -0.8309829 0.1639745 -0.5348076 -0.8287135 0.1649694 -0.542999 -0.8282738 0.138256 -0.5452709 -0.8309805 0.1102313 -0.5568878 -0.8287168 0.05571658 -0.5568928 -0.8287125 0.05573042 -0.5594929 -0.8269427 -0.05597722 -0.5549711 -0.8289572 -0.06954902 -0.550815 -0.8289572 -0.09712279 -0.5568888 -0.8287153 0.05573002 -0.5485739 -0.8287156 0.1108922 -0.5485742 -0.8287153 0.1108932 -0.5452693 -0.8309826 0.1102242 -0.5540648 -0.8282745 0.08350717 -0.5535349 -0.830982 0.05538906 -0.5596683 -0.8287167 0 -0.5596683 -0.8287167 0 -0.5452905 -0.8289554 -0.1244633 -0.5384101 -0.8289554 -0.1514847 -0.5511356 -0.8269429 -0.1114222 -0.556891 -0.828714 0.05572674 -0.5596259 -0.8282743 0.02793781 -0.5535355 -0.8309815 0.05539097 -0.5562976 -0.8309831 -0 -0.5568869 -0.8287166 -0.05572983 -0.5568945 -0.8287123 -0.05571725 -0.5301819 -0.8289581 -0.1781448 -0.5206471 -0.8289579 -0.2043413 -0.5373062 -0.8269429 -0.1657332 -0.5562977 -0.8309832 0 -0.5596723 -0.828714 0 -0.5596723 -0.828714 0 -0.5596258 -0.8282743 -0.02793766 -0.5535358 -0.8309814 -0.05538915 -0.5485779 -0.8287126 -0.1108944 -0.5485709 -0.828716 -0.1109037 -0.5098206 -0.8289567 -0.2300301 -0.4977182 -0.8289568 -0.2551612 -0.5181296 -0.8269451 -0.2184112 -0.5485743 -0.8287152 -0.1108937 -0.5535348 -0.830982 -0.05539089 -0.5568911 -0.828714 -0.05572675 -0.5540647 -0.8282747 -0.08350715 -0.5452669 -0.8309833 -0.1102305 -0.5568889 -0.8287152 -0.05573003 -0.5348061 -0.8287159 -0.164962 -0.5348059 -0.8287159 -0.1649623 -0.4843759 -0.8289577 -0.2796587 -0.4698341 -0.8289576 -0.3034554 -0.4938119 -0.8269439 -0.2689121 -0.5485738 -0.8287158 -0.1108918 -0.5452713 -0.8309812 -0.1102243 -0.5348059 -0.8287159 -0.1649623 -0.5429989 -0.8282737 -0.1382568 -0.5315812 -0.830983 -0.1639778 -0.5157204 -0.8287158 -0.2174 -0.5157236 -0.8287144 -0.217397 -0.4645776 -0.8269444 -0.3167503 -0.4541289 -0.8289562 -0.3264943 -0.437292 -0.8289564 -0.3487222 -0.5126168 -0.8309819 -0.2160857 -0.5348074 -0.8287134 -0.1649699 -0.5315833 -0.8309821 -0.1639754 -0.5265306 -0.8282743 -0.1916438 -0.4915188 -0.8287132 -0.2676634 -0.4915155 -0.8287144 -0.2676657 -0.4307392 -0.8269436 -0.3614251 -0.4193543 -0.8289586 -0.370094 -0.4003927 -0.8289585 -0.3905298 -0.5048344 -0.828275 -0.2431103 -0.4885527 -0.8309833 -0.2660505 -0.5126155 -0.8309824 -0.2160869 -0.5157216 -0.8287148 -0.2174005 -0.5157251 -0.8287134 -0.2173977 -0.4624264 -0.8287135 -0.3152709 -0.4624163 -0.8287169 -0.3152768 -0.3926046 -0.8269448 -0.4025219 -0.3804339 -0.8289565 -0.4100015 -0.3595217 -0.8289566 -0.4284566 -0.4781163 -0.8282747 -0.2921744 -0.459634 -0.8309825 -0.3133762 -0.4885534 -0.8309832 -0.2660499 -0.4915162 -0.8287148 -0.2676633 -0.4915139 -0.8287157 -0.2676648 -0.42873 -0.8287166 -0.3597488 -0.4287374 -0.8287143 -0.3597455 -0.350581 -0.8269436 -0.4396103 -0.3377068 -0.8289583 -0.44585 -0.3150763 -0.8289582 -0.4621204 -0.4466565 -0.8282745 -0.3383185 -0.4261433 -0.8309839 -0.3575859 -0.459637 -0.8309816 -0.3133744 -0.4624257 -0.8287141 -0.3152705 -0.4624214 -0.8287157 -0.3152727 -0.3907806 -0.8287151 -0.4006518 -0.3907826 -0.8287145 -0.4006512 -0.305062 -0.8269436 -0.4723361 -0.2916446 -0.8289562 -0.4772578 -0.2674903 -0.8289562 -0.4912031 -0.4261509 -0.8309816 -0.3575822 -0.4107497 -0.8282743 -0.3811123 -0.388423 -0.8309833 -0.3982391 -0.428732 -0.8287149 -0.3597505 -0.428734 -0.8287143 -0.3597497 -0.3489496 -0.8287151 -0.4375678 -0.3489517 -0.8287144 -0.4375673 -0.2565209 -0.8269439 -0.5003606 -0.2426765 -0.828957 -0.503923 -0.2172584 -0.8289571 -0.5153921 -0.3707588 -0.8282745 -0.4201182 -0.3468465 -0.8309826 -0.4349315 -0.3884271 -0.8309821 -0.3982377 -0.3907825 -0.8287145 -0.4006511 -0.3907814 -0.8287149 -0.4006514 -0.3036433 -0.8287156 -0.4701394 -0.3036472 -0.8287145 -0.4701389 -0.2054266 -0.8269439 -0.5234153 -0.1912997 -0.8289567 -0.5255809 -0.1648593 -0.8289567 -0.5344644 -0.3270839 -0.8282738 -0.4549492 -0.30182 -0.8309814 -0.4673056 -0.3468483 -0.8309821 -0.434931 -0.3489496 -0.828715 -0.4375679 -0.3489509 -0.8287145 -0.4375676 -0.3036468 -0.8287151 -0.4701382 -0.2553286 -0.8287149 -0.498035 -0.2553268 -0.8287154 -0.498035 -0.1522892 -0.826944 -0.5412686 -0.1380123 -0.8289573 -0.5420172 -0.1108239 -0.8289571 -0.5482228 -0.2801605 -0.8282751 -0.4852531 -0.2537886 -0.8309829 -0.4950342 -0.3018149 -0.8309828 -0.4673064 -0.3036455 -0.8287142 -0.4701407 -0.2553276 -0.8287142 -0.4980367 -0.2044719 -0.8287149 -0.5209826 -0.2044715 -0.828715 -0.5209826 -0.09763971 -0.8269443 -0.5537414 -0.08336274 -0.828957 -0.553065 -0.05568937 -0.8289569 -0.5565331 -0.2304535 -0.8282743 -0.5107375 -0.2032401 -0.8309821 -0.5178437 -0.2537904 -0.8309824 -0.495034 -0.2553288 -0.8287148 -0.4980348 -0.1515822 -0.8287148 -0.5387528 -0.1515813 -0.828715 -0.5387526 -0.04202072 -0.8269442 -0.5607117 -0.027881 -0.8289571 -0.5586168 -0 -0.8289572 -0.559312 -0.2044718 -0.8287145 -0.5209832 -0.2032384 -0.8309827 -0.5178437 -0.1784557 -0.8282747 -0.5311446 -0.1506667 -0.8309828 -0.5355064 -0.2044705 -0.828715 -0.520983 -0.09718417 -0.8287151 -0.5511683 -0.09718609 -0.8287146 -0.5511689 0.01401895 -0.8269441 -0.5621094 0.02788099 -0.8289571 -0.5586167 0.05568933 -0.8289572 -0.5565327 -0.1246848 -0.8282746 -0.5462737 -0.0965995 -0.8309826 -0.5478471 -0.1515814 -0.8287147 -0.5387532 -0.150668 -0.8309824 -0.5355067 -0.1515824 -0.8287144 -0.5387534 -0.0418255 -0.8287144 -0.5581067 -0.04182459 -0.8287146 -0.5581064 0.06991798 -0.826944 -0.5579203 0.08336276 -0.828957 -0.5530651 0.1108239 -0.828957 -0.5482229 -0.06967285 -0.8282743 -0.5559742 -0.04157232 -0.8309822 -0.5547435 -0.09718628 -0.8287145 -0.5511688 -0.09718414 -0.8287152 -0.5511681 -0.09660061 -0.8309823 -0.5478473 0.01395212 -0.8287145 -0.5594977 0.01395379 -0.8287151 -0.5594968 0.1648591 -0.8289571 -0.5344638 0.1251181 -0.8269441 -0.5481869 0.1380124 -0.8289571 -0.5420173 0.0139521 -0.8287151 -0.5594968 -0.04157244 -0.8309821 -0.5547435 -0.01396882 -0.8282741 -0.5601489 0.01365074 -0.8309634 -0.5561595 -0.04182437 -0.8287153 -0.5581054 -0.04182453 -0.8287153 -0.5581055 0.06959302 -0.8287149 -0.5553272 0.06959255 -0.8287148 -0.5553276 0.1912994 -0.8289571 -0.5255802 0.2172584 -0.8289571 -0.5153921 0.1790812 -0.8269438 -0.5330045 0.01395391 -0.8287145 -0.5594977 0.04121915 -0.8283 -0.5587665 0.06812892 -0.8308004 -0.552385 0.01386808 -0.8310289 -0.5560563 0.06959261 -0.8287144 -0.555328 0.1245383 -0.828715 -0.5456389 0.1245368 -0.8287144 -0.5456401 0.2426764 -0.8289572 -0.5039227 0.2674896 -0.8289572 -0.4912018 0.2312605 -0.8269443 -0.5125248 0.06959131 -0.8287148 -0.5553275 0.09578659 -0.8283067 -0.5520263 0.121999 -0.830642 -0.543277 0.06914706 -0.8311166 -0.5517825 0.1782487 -0.828715 -0.5305269 0.1782472 -0.8287144 -0.5305284 0.2916442 -0.8289567 -0.4772572 0.3150776 -0.8289566 -0.4621224 0.2811414 -0.8269438 -0.4869532 0.1245383 -0.8287151 -0.5456387 0.1494256 -0.8283182 -0.5399638 0.1747313 -0.8304881 -0.528922 0.124538 -0.828715 -0.5456389 0.123716 -0.8311976 -0.5420377 0.2301857 -0.8287151 -0.5101429 0.2301855 -0.828715 -0.5101432 0.3377092 -0.8289556 -0.4458532 0.3595227 -0.8289555 -0.4284578 0.3282315 -0.8269442 -0.4565384 0.2016235 -0.8283359 -0.5226927 0.2258245 -0.8303401 -0.5094494 0.1782471 -0.828715 -0.5305274 0.1770344 -0.8312739 -0.5269179 0.178247 -0.828715 -0.5305276 0.2798337 -0.8287152 -0.4846898 0.2798342 -0.8287154 -0.4846891 0.3804322 -0.8289582 -0.4099997 0.4003931 -0.8289581 -0.3905302 0.3720523 -0.8269437 -0.4215937 0.2301858 -0.8287145 -0.5101439 0.2518759 -0.8283584 -0.5003806 0.2747755 -0.8301959 -0.4850497 0.2285772 -0.8313444 -0.5065758 0.2301866 -0.828715 -0.5101427 0.3267064 -0.8287148 -0.454417 0.3267076 -0.8287155 -0.4544148 0.4193556 -0.8289574 -0.3700951 0.4372906 -0.8289576 -0.3487211 0.4121813 -0.8269456 -0.3824495 0.2778308 -0.8314079 -0.4812181 0.2798345 -0.8287141 -0.4846912 0.2996804 -0.8283866 -0.4732519 0.3211174 -0.8300586 -0.4559457 0.2798353 -0.8287146 -0.48469 0.3703236 -0.8287141 -0.4196348 0.3703245 -0.8287148 -0.4196326 0.4541262 -0.8289585 -0.3264924 0.4698329 -0.8289585 -0.3034546 0.4482137 -0.8269453 -0.3395085 0.3445957 -0.8284199 -0.4415591 0.3643865 -0.8299248 -0.4224304 0.3243144 -0.8314662 -0.4510922 0.326706 -0.8287141 -0.4544186 0.3267078 -0.8287154 -0.4544149 0.4102693 -0.8287131 -0.3806754 0.4102703 -0.8287141 -0.3806721 0.4797919 -0.8269449 -0.2931927 0.4843768 -0.828957 -0.2796593 0.4977179 -0.828957 -0.2551611 0.3703238 -0.8287154 -0.4196319 0.3703237 -0.8287153 -0.4196323 0.3861814 -0.8284575 -0.4056133 0.4041748 -0.8297952 -0.3848151 0.367562 -0.8315189 -0.4165029 0.446132 -0.8287131 -0.3379361 0.4461328 -0.8287143 -0.3379323 0.5098189 -0.8289579 -0.2300294 0.5206472 -0.8289579 -0.2043413 0.5066016 -0.8269442 -0.2439635 0.4102687 -0.8287156 -0.3806705 0.4240281 -0.8285028 -0.3657638 0.4400931 -0.829674 -0.3434516 0.4102687 -0.8287156 -0.3806706 0.4071577 -0.831566 -0.3777839 0.4775633 -0.8287147 -0.2918308 0.4775631 -0.8287142 -0.2918326 0.5283741 -0.8269444 -0.1923113 0.5301856 -0.8289556 -0.1781461 0.5384097 -0.8289557 -0.1514846 0.4461303 -0.8287145 -0.3379348 0.4426999 -0.8316061 -0.3353329 0.4577722 -0.8285525 -0.3224056 0.4717883 -0.8295573 -0.2987482 0.4461308 -0.8287156 -0.3379317 0.5259179 -0.8287157 -0.1914173 0.5042462 -0.8287158 -0.2428291 0.5042461 -0.8287147 -0.2428328 0.5448984 -0.8269428 -0.138749 0.5452906 -0.8289553 -0.1244633 0.5508177 -0.8289553 -0.09712327 0.477562 -0.8287145 -0.2918334 0.4738445 -0.8316402 -0.2895616 0.4775621 -0.828715 -0.2918319 0.4871026 -0.8286057 -0.2759415 0.4989456 -0.8294427 -0.2511535 0.5259169 -0.8287161 -0.1914183 0.5549727 -0.8289561 -0.06954923 0.5577509 -0.828956 -0.04178465 0.5560051 -0.8269429 -0.08380766 0.5615838 -0.8269451 -0.02802896 0.504248 -0.8287133 -0.2428337 0.5002812 -0.8316712 -0.2409185 0.5042478 -0.8287149 -0.2428287 0.511722 -0.8286676 -0.2268271 0.5213096 -0.8293374 -0.2010868 0.542363 -0.8287157 -0.1381034 0.5423628 -0.8287162 -0.138102 0.553418 -0.8287159 -0.08341771 0.5259207 -0.8287134 -0.1914196 0.5259208 -0.8287133 -0.19142 0.5217502 -0.8316934 -0.189902 0.5313935 -0.8287337 -0.1755602 0.5386525 -0.8292364 -0.149065 0.5589756 -0.8287145 -0.02789997 0.5589763 -0.8287141 -0.02789882 0.5534213 -0.8287143 -0.08341298 0.5423651 -0.8287135 -0.1381088 0.5380376 -0.8317119 -0.1370069 0.5459508 -0.8288005 -0.122587 0.5508176 -0.8291352 -0.09557576 0.5423633 -0.8287157 -0.1381021 0.5589756 -0.8287145 -0.02790096 0.5589763 -0.8287142 -0.0279 0.5489928 -0.8317216 -0.08274131 0.5552193 -0.8288795 -0.06848548 0.5576636 -0.8290471 -0.04113733 0.5534214 -0.8287141 -0.083413 0.5534197 -0.8287157 -0.08340851 0.5544911 -0.8317293 -0.02767712 0.5591389 -0.8289565 -0.01395647 0.5591407 -0.8289592 -0.01372399 0.5577507 -0.828956 0.04178504 0.5549725 -0.8289562 0.0695492 0.5615837 -0.8269451 0.02802896 0.5508181 -0.8289552 0.0971224 0.5452909 -0.8289551 0.1244634 0.556005 -0.826943 0.08380798 0.5589757 -0.8287145 0.02790007 0.5589764 -0.8287141 0.02789882 0.5384093 -0.8289557 0.1514859 0.5448986 -0.8269426 0.1387491 0.5301856 -0.8289556 0.1781461 0.5534213 -0.8287141 0.083413 0.553418 -0.8287159 0.08341804 0.5206479 -0.8289578 0.2043395 0.5098189 -0.8289579 0.2300294 0.5283743 -0.8269445 0.1923105 0.5544911 -0.8317293 0.02767712 0.5576636 -0.829047 0.04113756 0.5552195 -0.8288794 0.06848512 0.5589756 -0.8287145 0.02790096 0.5589762 -0.8287142 0.0279001 0.5423625 -0.8287162 0.1381033 0.5423633 -0.8287157 0.1381021 0.4977167 -0.828957 0.2551632 0.4843781 -0.8289571 0.2796569 0.5066015 -0.8269441 0.2439644 0.5489928 -0.8317216 0.08274131 0.5508177 -0.8291351 0.09557633 0.5459511 -0.8288004 0.1225864 0.5534217 -0.8287143 0.08340881 0.5534188 -0.8287158 0.08341262 0.5259172 -0.8287162 0.1914176 0.5259182 -0.8287157 0.1914166 0.4698329 -0.8289585 0.3034546 0.4541262 -0.8289585 0.3264924 0.4797927 -0.8269446 0.2931918 0.5386525 -0.8292363 0.1490658 0.5313941 -0.8287335 0.1755593 0.5423665 -0.8287136 0.1381029 0.5380376 -0.8317119 0.1370069 0.5423618 -0.8287157 0.138108 0.5042468 -0.828715 0.2428305 0.5042448 -0.8287157 0.2428321 0.4372885 -0.8289576 0.3487236 0.4193556 -0.8289575 0.3700951 0.4482131 -0.8269451 0.3395097 0.5259212 -0.8287132 0.1914191 0.5213094 -0.8293371 0.201088 0.5117229 -0.8286674 0.2268261 0.5259203 -0.8287136 0.1914198 0.5217502 -0.8316934 0.189902 0.4775621 -0.828715 0.2918319 0.4775647 -0.8287141 0.2918302 0.4003962 -0.8289576 0.390528 0.3804327 -0.8289577 0.4100002 0.4121813 -0.8269455 0.3824495 0.5042498 -0.8287134 0.2428297 0.5002812 -0.8316712 0.2409185 0.5042458 -0.8287151 0.2428326 0.4989454 -0.8294423 0.251155 0.487103 -0.8286053 0.2759418 0.4461308 -0.8287141 0.3379352 0.446133 -0.8287135 0.3379341 0.3595232 -0.8289551 0.4284584 0.3377064 -0.8289551 0.4458565 0.3720528 -0.8269432 0.4215942 0.4738443 -0.8316399 0.2895626 0.4717883 -0.8295573 0.2987482 0.4577731 -0.8285526 0.3224041 0.4775631 -0.8287141 0.2918326 0.477561 -0.8287149 0.2918338 0.3703236 -0.8287141 0.4196348 0.4102681 -0.8287141 0.3806744 0.41027 -0.8287136 0.3806736 0.3150817 -0.828956 0.4621206 0.2916446 -0.8289561 0.4772579 0.3282315 -0.8269442 0.4565384 0.446133 -0.8287142 0.3379321 0.4400925 -0.8296735 0.3434536 0.4240298 -0.8285025 0.3657626 0.4461291 -0.8287156 0.3379338 0.4427002 -0.8316063 0.3353319 0.3703251 -0.8287153 0.4196312 0.26749 -0.8289567 0.4912026 0.2426768 -0.8289566 0.5039235 0.2811418 -0.8269432 0.4869539 0.3703244 -0.8287159 0.4196304 0.4041748 -0.8297952 0.3848151 0.3861799 -0.8284573 0.4056149 0.4102688 -0.8287156 0.3806706 0.4102672 -0.828716 0.3806711 0.4071577 -0.831566 0.3777839 0.3267065 -0.8287153 0.4544159 0.3267057 -0.8287156 0.454416 0.2798342 -0.8287154 0.4846891 0.2172584 -0.8289571 0.5153921 0.1912948 -0.828957 0.5255821 0.2312626 -0.826944 0.5125244 0.3643865 -0.8299248 0.4224304 0.3445957 -0.8284199 0.4415591 0.3675613 -0.8315185 0.4165041 0.3703232 -0.8287148 0.4196337 0.2798337 -0.8287151 0.4846898 0.1648643 -0.8289564 0.5344633 0.1380077 -0.8289564 0.5420195 0.179079 -0.8269442 0.5330048 0.3243157 -0.8314661 0.4510916 0.3211194 -0.8300586 0.4559441 0.2996783 -0.8283864 0.4732535 0.3267072 -0.8287145 0.4544168 0.3267065 -0.8287148 0.4544169 0.2301854 -0.8287151 0.510143 0.2301881 -0.8287144 0.5101431 0.110829 -0.828957 0.5482219 0.08335758 -0.828957 0.5530659 0.1251201 -0.8269445 0.548186 0.2798337 -0.8287151 0.4846898 0.2747777 -0.830196 0.4850482 0.2518759 -0.8283584 0.5003806 0.2778313 -0.8314074 0.4812188 0.2798352 -0.8287147 0.4846898 0.1245387 -0.8287151 0.5456385 0.178249 -0.8287144 0.5305278 0.1782467 -0.8287151 0.5305276 0.05569469 -0.8289565 0.5565333 0.02787576 -0.8289565 0.5586181 0.0699157 -0.8269444 0.5579201 0.2301851 -0.8287151 0.5101432 0.225822 -0.83034 0.5094507 0.201626 -0.8283361 0.5226913 0.2285756 -0.8313445 0.5065761 0.2301855 -0.828715 0.5101432 0.1245383 -0.828715 0.5456388 0.01401895 -0.8269441 0.5621094 0 -0.8289572 0.559312 -0.0278757 -0.8289572 0.5586169 0.1747289 -0.8304873 0.5289241 0.1494287 -0.8283178 0.5399635 0.1782487 -0.828715 0.5305269 0.1782486 -0.828715 0.5305269 0.1770357 -0.8312744 0.5269167 0.06959062 -0.8287148 0.5553277 0.06959084 -0.8287148 0.5553277 -0.05569451 -0.8289577 0.5565315 -0.08335741 -0.8289578 0.5530648 -0.04201851 -0.8269438 0.5607123 0.1245383 -0.828715 0.5456389 0.1245379 -0.8287151 0.5456387 0.123716 -0.8311976 0.5420377 0.1219977 -0.8306416 0.543278 0.09578667 -0.8283063 0.5520268 0.01395379 -0.8287151 0.5594967 0.01395404 -0.8287151 0.5594968 -0.09763972 -0.8269443 0.5537415 -0.1108287 -0.8289577 0.5482207 -0.1380071 -0.8289579 0.5420173 0.01395404 -0.8287151 0.5594967 0.06959131 -0.8287148 0.5553275 0.06914712 -0.8311163 0.551783 0.06959057 -0.8287152 0.5553272 0.06812897 -0.8308 0.5523854 0.04121766 -0.8282996 0.5587674 -0.04182324 -0.8287146 0.5581065 -0.04182455 -0.8287151 0.5581058 -0.1648641 -0.8289568 0.5344628 -0.191295 -0.8289567 0.5255826 -0.1522914 -0.8269436 0.5412685 0.0138664 -0.8310284 0.5560571 0.01365379 -0.8309644 0.5561581 0.0139522 -0.8287144 0.5594977 -0.01397033 -0.8282747 0.5601481 -0.04157229 -0.8309825 0.5547431 -0.0418246 -0.8287145 0.5581064 -0.0971861 -0.8287145 0.5511689 -0.1515837 -0.8287143 0.538753 -0.0971862 -0.8287146 0.5511688 -0.2172584 -0.8289571 0.5153921 -0.2426765 -0.828957 0.503923 -0.2054249 -0.8269436 0.5234165 -0.06967279 -0.8282746 0.5559738 -0.09659951 -0.8309826 0.5478472 -0.0415724 -0.8309824 0.554743 -0.04182444 -0.8287146 0.5581064 -0.1515802 -0.8287154 0.5387524 -0.2044696 -0.8287156 0.5209824 0 -1 0 0 -1 0 0 -1 0 0 -1 0 0 -1 0 0 -1 0 0 -1 0 0 -1 0 0 -1 0 0 -1 0 0 -1 0 0 -1 0 0 -1 0 0 -1 0 0 -1 0 0 -1 0 0 -1 0 0 -1 0 0 -1 0 0 -1 0 0 -1 0 0 -1 0 0 -1 0 0 -1 0 0 -1 0 0 -1 0 0 -1 0 0 -1 0 0 -1 0 0 -1 0 0 -1 0 0 -1 0 0 -1 0 0 -1 0 0 -1 0 0 -1 0 0 -1 0 0 -1 0 0 -1 0 0 -1 0 0 -1 0 0 -1 0 0 -1 0 0 -1 0 0 -1 0 0 -1 0 0 -1 0 0 -1 0 0 -1 0 0 -1 0 0 -1 0 0 -1 0 0 -1 0 0 -1 0 0 -1 0 0 -1 0 0 -1 0 0 -1 0 0 -1 0 0 -1 0 0 -1 0 0 -1 0 0 -1 0 0 -1 0 0 -1 0 0 -1 0 0 -1 0 0 -1 0 0 -1 0 0 -1 0 0 -1 0 0 -1 0 0 -1 0 0 -1 0 0 -1 0 0 -1 0 0 -1 0 0 -1 0 0 -1 0 0 -1 0 0 -1 0 0 -1 0 0 -1 0 0 -1 0 0 -1 0 0 -1 0 0 -1 0 0 -1 0 0 -1 0 0 -1 0 0 -1 0 0 -1 0 0 -1 0 0 -1 0 0 -1 0 0 -1 0 0 -1 0 0 -1 0 0 -1 0 0 -1 0 0 -1 0 0 -1 0 0 -1 0 0 -1 0 0 -1 0 0 -1 0 0 -1 0 0 -1 0 0 -1 0 0 -1 0 0 -1 0 0 -1 0 0 -1 0 0 -1 0 0 -1 0 0 -1 0 0 -1 0 0 -1 0 0 -1 0 0 -1 0 0 -1 0 0 -1 0 0 -1 0 0 -1 0 1 0 0 1 0 0 -0.09115822 0 -0.9958364 -0.09115822 -0 -0.9958364 -0.2485989 0 -0.9686065 -0.2485989 -0 -0.9686065 -0.4138552 -0 -0.9103427 -0.4138552 0 -0.9103427 -0.6009089 0 -0.7993175 -0.6009089 -0 -0.7993175 -0.7243806 0 -0.6894004 -0.7243806 -0 -0.6894004 0 0 -1 0 0 -1 0.996442 0 -0.08428063 0.996442 0 -0.08428063 0.9726691 0 -0.2321956 0.9726691 0 -0.2321956 0.9204417 0 -0.3908799 0.9204417 0 -0.3908799 0.8275313 0 -0.5614197 0.8275313 0 -0.5614197 0.7230806 0 -0.6907635 0.7230806 0 -0.6907635 0.6190044 0 -0.7853875 0.6190044 0 -0.7853875 0.4896652 0 -0.8719105 0.4896652 0 -0.8719105 0.3077124 0 -0.9514794 0.3077124 0 -0.9514794 0.1040989 0 -0.994567 0.1040989 0 -0.994567 -1 0 0 -1 0 0 0.08287179 0 0.9965603 0.08287179 0 0.9965603 0.220909 0 0.9752944 0.220909 0 0.9752944 0.3760506 0 0.9265991 0.3760506 0 0.9265991 0.5401369 0 0.8415772 0.5401369 0 0.8415772 0.6677592 0 0.7443774 0.6677592 0 0.7443774 0.7686788 0 0.6396351 0.7686788 0 0.6396351 0.8684443 0 0.4957867 0.8684443 0 0.4957867 0.9533966 0 0.3017198 0.9533966 0 0.3017198 0.9953143 0 0.09669288 0.9953143 0 0.09669288 -0.9998344 0 0.01819944 -0.9998344 0 0.01819944 -0.9977158 0 0.06755069 -0.9977158 0 0.06755069 -0.9904414 0 0.137934 -0.9904414 0 0.137934 -0.9649694 0 0.2623625 -0.9649694 0 0.2623625 -0.7223752 0 0.6915014 -0.7223752 0 0.6915014 -0.5917324 0 0.8061345 -0.5917324 0 0.8061345 -0.4477831 0 0.8941422 -0.4477831 0 0.8941422 -0.2723801 0 0.9621897 -0.2723801 0 0.9621897 -0.08854884 0 0.9960719 -0.08854884 0 0.9960719 -0.9057699 0 0.4237697 -0.9057699 0 0.4237697 -0.8112984 0 0.5846323 -0.8112984 0 0.5846323 -0.6897534 0 0.7240444 -0.6897534 0 0.7240444 -0.5586581 0 0.8293981 -0.5586581 0 0.8293981 -0.4091847 0 0.9124516 -0.4091847 0 0.9124516 -0.2228978 0 0.9748418 -0.2228978 0 0.9748418 -0.06772215 0 0.9977042 -0.06772215 0 0.9977042 1 0 0 1 0 0 0.04888619 0 0.9988043 0.04888619 0 0.9988043 0.164137 0 0.9864376 0.164137 0 0.9864376 0.2961392 0 0.9551448 0.2961392 0 0.9551448 0.4156504 0 0.9095244 0.4156504 0 0.9095244 0.5795092 0 0.8149657 0.5795092 0 0.8149657 0.7815337 0 0.623863 0.7815337 0 0.623863 0.8840854 0 0.4673255 0.8840854 0 0.4673255 0.06599557 0 -0.9978199 0.06599557 0 -0.9978199 0.2197091 0 -0.9755654 0.2197091 0 -0.9755654 0.4000717 0 -0.9164839 0.4000717 0 -0.9164839 0.568001 0 -0.8230278 0.568001 0 -0.8230278 0.7928479 0 -0.6094195 0.7928479 0 -0.6094195 0.9732036 0 -0.2299452 0.9732036 0 -0.2299452 0.9987418 0 -0.05014754 0.9987418 0 -0.05014754 0 0 -1 0 0 -1 -0.7978206 0 -0.6028948 -0.7978206 -0 -0.6028948 -0.6509311 0 -0.7591369 -0.6509311 -0 -0.7591369 -0.4590058 -0 -0.8884332 -0.4590058 0 -0.8884332 -0.238581 0 -0.9711226 -0.238581 -0 -0.9711226 -0.06743265 0 -0.9977238 -0.06743265 -0 -0.9977238 0 -1 0 0 -1 0 0 -1 0 0 -1 0 0 -1 0 0 -1 0 0 -1 0 0 -1 0 0 -1 0 0 -1 0 0 -1 0 0 -1 0 0 -1 0 0 -1 0 0 -1 0 0 -1 0 0 -1 0 0 -1 0 0 -1 0 0 -1 0 0 -1 0 0 -1 0 0 -1 0 0 -1 0 0 -1 0 0 -1 0 0 -1 0 0 -1 0 0 -1 0 0 -1 0 0 -1 0 0 -1 0 0 -1 0 0 -1 0 0 -1 0 0 -1 0 0 -1 0 0 -1 0 0 -1 0 0 -1 0 0 -1 0 0 -1 0 0 -1 0 0 -1 0 0 -1 0 0 -1 0 0 -1 0 0 -1 0 0 -1 0 0 -1 0 0 -1 0 0 -1 0 0 -1 0 0 -1 0 0 -1 0 0 -1 0 0 -1 0 0 -1 0 0 -1 0 0 -1 0 0 -1 0 0 -1 0 0 -1 0 0 -1 0 0 -1 0 0 -1 0 0 -1 0 0 -1 0 0 -1 0 0 -1 0 0 -1 0 0 -1 0 0 -1 0 0 -1 0 0 -1 0 0 -1 0 0 -1 0 0 -1 0 0 -1 0 0 -1 0 0 -1 0 0 -1 0 0 -1 0 0 -1 0 0 -1 0 0 -1 0 0 -1 0 0 -1 0 0 -1 0 0 -1 0 0 -1 0 -0.09252475 0 0.9957104 -0.09252475 0 0.9957104 -0.286501 0 0.95808 -0.286501 0 0.95808 -0.466929 0 0.8842947 -0.466929 0 0.8842947 -0.6155277 0 0.7881153 -0.6155277 0 0.7881153 -0.7768942 0 0.6296312 -0.7768942 0 0.6296312 -0.9187932 0 0.3947393 -0.9187932 0 0.3947393 -0.9911658 0 0.1326285 -0.9911658 0 0.1326285 0.9964717 0 0.08392904 0.9964717 0 0.08392904 0.9611101 0 0.2761656 0.9611101 0 0.2761656 0.885435 0 0.4647632 0.885435 0 0.4647632 0.7805289 0 0.6251196 0.7805289 0 0.6251196 0.6140486 0 0.7892683 0.6140486 0 0.7892683 0.3860116 0 0.922494 0.3860116 0 0.922494 0.126723 0 0.9919382 0.126723 0 0.9919382 0.07548329 0 -0.9971471 0.07548329 0 -0.9971471 0.2466494 0 -0.9691048 0.2466494 0 -0.9691048 0.4391154 0 -0.8984306 0.4391154 0 -0.8984306 0.6038138 0 -0.7971253 0.6038138 0 -0.7971253 0.7776659 0 -0.6286778 0.7776659 0 -0.6286778 0.9297724 0 -0.368135 0.9297724 0 -0.368135 0.9940502 0 -0.1089224 0.9940502 0 -0.1089224 -0.9958677 0 -0.09081645 -0.9958677 -0 -0.09081645 -0.9556901 0 -0.2943746 -0.9556901 -0 -0.2943746 -0.8694404 0 -0.4940379 -0.8694404 -0 -0.4940379 -0.7549481 -0 -0.6557845 -0.7549481 0 -0.6557845 -0.5883471 -0 -0.8086086 -0.5883471 0 -0.8086086 -0.3394154 -0 -0.9406365 -0.3394154 0 -0.9406365 -0.1015251 -0 -0.994833 -0.1015251 0 -0.994833 0 -1 0 0 -1 0 0 -1 0 0 -1 0 0 -1 0 0 -1 0 0 -1 0 0 -1 0 0 -1 0 0 -1 0 0 -1 0 0 -1 0 0 -1 0 0 -1 0 0 -1 0 0 -1 0 0 -1 0 0 -1 0 0 -1 0 0 -1 0 0 -1 0 0 -1 0 0 -1 0 0 -1 0 0 -1 0 0 -1 0 1 0 0 1 0 0 0 0 1 -0 0 1 0 0 -1 0 0 -1 -1 0 0 -1 0 0 -1 0 0 -1 0 0 -0.9852523 0 0.1711076 -0.9852523 0 0.1711076 -0.9969121 0 0.07852575 -0.9969121 0 0.07852575 -0.9992597 0 0.03847279 -0.9992597 0 0.03847279 -0.9999557 0 0.009417193 -0.9999557 0 0.009417193 0.7483393 0 -0.6633161 0.7483393 0 -0.6633161 0.6510001 0 -0.7590777 0.6510001 0 -0.7590777 0.5145223 0 -0.857477 0.5145223 0 -0.857477 0.3197758 0 -0.9474933 0.3197758 0 -0.9474933 0.1038123 0 -0.9945969 0.1038123 0 -0.9945969 -0.1446551 0 0.9894821 -0.1446551 0 0.9894821 -0.3953448 0 0.9185327 -0.3953448 0 0.9185327 -0.5988772 0 0.8008409 -0.5988772 0 0.8008409 -0.7807363 0 0.6248606 -0.7807363 0 0.6248606 -0.9218868 0 0.3874594 -0.9218868 0 0.3874594 -0.1115986 0 -0.9937534 -0.1115986 -0 -0.9937534 -0.3592903 0 -0.9332259 -0.3592903 -0 -0.9332259 -0.5812792 0 -0.8137043 -0.5812792 -0 -0.8137043 -0.7544261 -0 -0.6563849 -0.7544261 0 -0.6563849 -0.8712336 -0 -0.4908686 -0.8712336 0 -0.4908686 -0.9596277 -0 -0.281273 -0.9596277 0 -0.281273 -0.99339 -0 -0.1147877 -0.99339 0 -0.1147877 -0.9994952 -0 -0.03176899 -0.9994952 0 -0.03176899 0.9274556 0 0.3739333 0.9274556 0 0.3739333 0.7431024 0 0.6691777 0.7431024 0 0.6691777 0.4370882 0 0.8994187 0.4370882 0 0.8994187 0.1260426 0 0.9920248 0.1260426 0 0.9920248 -1 0 0 -1 0 0 0.9998429 0 0.01772242 0.9998429 0 0.01772242 0.9942304 0 0.1072659 0.9942304 0 0.1072659 0 0 1 -0 0 1 1 0 0 1 0 0 0 -1 0 0 -1 0 0 -1 0 0 -1 0 0 -1 0 0 -1 0 0 -1 0 0 -1 0 0 -1 0 0 -1 0 0 -1 0 0 -1 0 0 -1 0 0 -1 0 0 -1 0 0 -1 0 0 -1 0 0 -1 0 0 -1 0 0 -1 0 0 -1 0 0 -1 0 0 -1 0 0 -1 0 0 -1 0 0 -1 0 0 -1 0 0 -1 0 0 -1 0 0 -1 0 0 -1 0 0 -1 0 0 -1 0 0 -1 0 1 0 0 1 0 0 0 0 1 -0 0 1 0 0 -1 0 0 -1 -1 0 0 -1 0 0 -1 0 0 -1 0 0 0 0 -1 0 0 -1 0 -1 0 0 -1 0 0 -1 0 0 -1 0 0.6790069 0 -0.7341319 0.6790069 0 -0.7341319 0.5569859 0 -0.830522 0.5569859 0 -0.830522 0.4153661 0 -0.9096543 0.4153661 0 -0.9096543 0.241014 0 -0.9705217 0.241014 0 -0.9705217 0.07434106 0 -0.9972329 0.07434106 0 -0.9972329 0.9972677 0 -0.07387356 0.9972677 0 -0.07387356 0.9783655 0 -0.2068836 0.9783655 0 -0.2068836 0.9464578 0 -0.3228275 0.9464578 0 -0.3228275 0.8998425 0 -0.4362149 0.8998425 0 -0.4362149 0.8413021 0 -0.5405653 0.8413021 0 -0.5405653 0.7744797 0 -0.6325986 0.7744797 0 -0.6325986 -0.07977786 0 -0.9968126 -0.07977786 -0 -0.9968126 -0.2260927 0 -0.9741057 -0.2260927 -0 -0.9741057 -0.3731743 -0 -0.9277613 -0.3731743 0 -0.9277613 -0.5412438 0 -0.8408657 -0.5412438 -0 -0.8408657 -0.6815725 0 -0.7317505 -0.6815725 -0 -0.7317505 0.07102998 0 0.9974742 0.07102998 0 0.9974742 0.2041386 0 0.978942 0.2041386 0 0.978942 0.37049 0 0.9288365 0.37049 0 0.9288365 0.5625318 0 0.8267757 0.5625318 0 0.8267757 0.6959094 0 0.7181296 0.6959094 0 0.7181296 0.7797243 0 0.626123 0.7797243 0 0.626123 0.8683799 0 0.4958995 0.8683799 0 0.4958995 0.9539361 0 0.3000099 0.9539361 0 0.3000099 0.9953446 0 0.09637994 0.9953446 0 0.09637994 -0.7879551 0 -0.6157328 -0.7879551 -0 -0.6157328 -0.863417 0 -0.504491 -0.863417 -0 -0.504491 -0.9187753 -0 -0.3947807 -0.9187753 0 -0.3947807 -0.960007 -0 -0.2799764 -0.960007 0 -0.2799764 -0.986399 -0 -0.1643686 -0.986399 0 -0.1643686 -0.9985344 -0 -0.05412166 -0.9985344 0 -0.05412166 -0.9967434 0 0.08063886 -0.9967434 0 0.08063886 -0.9747803 0 0.2231667 -0.9747803 0 0.2231667 -0.9218773 0 0.3874818 -0.9218773 0 0.3874818 -0.827467 0 0.5615143 -0.827467 0 0.5615143 -0.7354334 0 0.6775969 -0.7354334 0 0.6775969 -0.637836 0 0.7701723 -0.637836 0 0.7701723 -0.4901095 0 0.8716608 -0.4901095 0 0.8716608 -0.2819164 0 0.959439 -0.2819164 0 0.959439 -0.08578981 0 0.9963133 -0.08578981 0 0.9963133 0 -1 0 0 -1 0 0 -1 0 0 -1 0 0 -1 0 0 -1 0 0 -1 0 0 -1 0 0 -1 0 0 -1 0 0 -1 0 0 -1 0 0 -1 0 0 -1 0 0 -1 0 0 -1 0 0 -1 0 0 -1 0 0 -1 0 0 -1 0 0 -1 0 0 -1 0 0 -1 0 0 -1 0 0 -1 0 0 -1 0 0 -1 0 0 -1 0 0 -1 0 0 -1 0 0 -1 0 0 -1 0 0 -1 0 0 -1 0 0 -1 0 0 -1 0 0 -1 0 0 -1 0 0 -1 0 0 -1 0 0 -1 0 0 -1 0 0 -1 0 0 -1 0 0 -1 0 0 -1 0 0 -1 0 0 -1 0 0 -1 0 0 -1 0 0 -1 0 0 -1 0 0 -1 0 0 -1 0 0 -1 0 0 -1 0 0 -1 0 0 -1 0 0 -1 0 0 -1 0 0 -1 0 0 -1 0 0 -1 0 0 -1 0 0 -1 0 0 -1 0 0 -1 0 0 -1 0 -0.09879644 0 0.9951077 -0.09879644 0 0.9951077 -0.3009977 0 0.9536248 -0.3009977 0 0.9536248 -0.4964691 0 0.8680544 -0.4964691 0 0.8680544 -0.6412807 0 0.7673064 -0.6412807 0 0.7673064 -0.7805538 0 0.6250886 -0.7805538 0 0.6250886 -0.920678 0 0.3903228 -0.920678 0 0.3903228 -0.9921407 0 0.1251272 -0.9921407 0 0.1251272 0.9955183 0 0.09457013 0.9955183 0 0.09457013 0.9570879 0 0.2897977 0.9570879 0 0.2897977 0.8711587 0 0.4910014 0.8711587 0 0.4910014 0.7738246 0 0.6334 0.7738246 0 0.6334 0.6345692 0 0.772866 0.6345692 0 0.772866 0.4011935 0 0.9159933 0.4011935 0 0.9159933 0.1304934 0 0.9914492 0.1304934 0 0.9914492 0.08855535 0 -0.9960712 0.08855535 0 -0.9960712 0.2853198 0 -0.9584324 0.2853198 0 -0.9584324 0.4690202 0 -0.8831875 0.4690202 0 -0.8831875 0.6215299 0 -0.7833905 0.6215299 0 -0.7833905 0.7860848 0 -0.6181187 0.7860848 0 -0.6181187 0.9194897 0 -0.3931141 0.9194897 0 -0.3931141 0.9916127 0 -0.1292447 0.9916127 0 -0.1292447 -0.9953366 0 -0.09646291 -0.9953366 -0 -0.09646291 -0.9535862 0 -0.3011202 -0.9535862 -0 -0.3011202 -0.8783383 0 -0.4780395 -0.8783383 -0 -0.4780395 -0.7795436 -0 -0.626348 -0.7795436 0 -0.626348 -0.6166348 -0 -0.7872493 -0.6166348 0 -0.7872493 -0.3764581 -0 -0.9264336 -0.3764581 0 -0.9264336 -0.122728 -0 -0.9924403 -0.122728 0 -0.9924403 0 -1 0 0 -1 0 0 -1 0 0 -1 0 0 -1 0 0 -1 0 0 -1 0 0 -1 0 0 -1 0 0 -1 0 0 -1 0 0 -1 0 0 -1 0 0 -1 0 0 -1 0 0 -1 0 0 -1 0 0 -1 0 0 -1 0 0 -1 0 0 -1 0 0 -1 0 0 -1 0 0 -1 0 0 -1 0 0 -1 0 1 0 0 1 0 0 0 0 -1 0 0 -1 0 0 -1 0 0 -1 1 0 0 1 0 0 -1 0 0 -1 0 0 0 0 1 -0 0 1 0 0 -1 0 0 -1 1 0 0 1 0 0 -1 0 0 -1 0 0 0 0 1 -0 0 1 0 0 1 -0 0 1 -1 0 0 -1 0 0 0 -1 0 0 -1 0 0 -1 0 0 -1 0 0 -1 0 0 -1 0 0 -1 0 0 -1 0 0 -1 0 0 -1 0 0.1089306 0 -0.9940494 0.1089306 0 -0.9940494 0.2859376 0 -0.9582481 0.2859376 0 -0.9582481 0.4585078 0 -0.8886904 0.4585078 0 -0.8886904 0.679055 0 -0.7340874 0.679055 0 -0.7340874 0.8028203 0 -0.5962211 0.8028203 0 -0.5962211 -0.9947144 0 -0.1026799 -0.9947144 -0 -0.1026799 -0.9585419 0 -0.2849517 -0.9585419 -0 -0.2849517 -0.8856005 0 -0.4644478 -0.8856005 -0 -0.4644478 -0.7814726 -0 -0.6239395 -0.7814726 0 -0.6239395 -0.6315204 -0 -0.7753593 -0.6315204 0 -0.7753593 -0.3845209 -0 -0.9231163 -0.3845209 0 -0.9231163 -0.1204799 -0 -0.9927158 -0.1204799 0 -0.9927158 -0.4649215 0 -0.8853518 -0.4649215 0 -0.8853518 0 0 1 -0 0 1 -0.8541272 0 0.5200642 -0.8541272 0 0.5200642 -0.7851535 0 0.6193012 -0.7851535 0 0.6193012 -0.6818919 0 0.7314529 -0.6818919 0 0.7314529 -0.5770926 0 0.8166786 -0.5770926 0 0.8166786 -0.4380112 0 0.8989695 -0.4380112 0 0.8989695 -0.2453771 0 0.9694277 -0.2453771 0 0.9694277 -0.0727096 0 0.9973531 -0.0727096 0 0.9973531 -0.8481644 0 -0.5297331 -0.8481644 -0 -0.5297331 -0.9337192 -0 -0.3580062 -0.9337192 0 -0.3580062 -0.9794782 -0 -0.2015503 -0.9794782 0 -0.2015503 -0.9978018 -0 -0.06626835 -0.9978018 0 -0.06626835 0.06792237 0 0.9976906 0.06792237 0 0.9976906 0.1990086 0 0.9799978 0.1990086 0 0.9799978 0.3688922 0 0.9294722 0.3688922 0 0.9294722 0.574403 0 0.8185726 0.574403 0 0.8185726 0.722489 0 0.6913824 0.722489 0 0.6913824 0.803679 0 0.595063 0.803679 0 0.595063 0.8836707 0 0.4681092 0.8836707 0 0.4681092 0.957185 0 0.2894769 0.957185 0 0.2894769 0.9957856 0 0.09171182 0.9957856 0 0.09171182 -0.08628505 0 -0.9962705 -0.08628505 -0 -0.9962705 -0.2473114 0 -0.9689361 -0.2473114 -0 -0.9689361 -0.4129786 -0 -0.9107407 -0.4129786 0 -0.9107407 -0.5979661 0 -0.8015213 -0.5979661 -0 -0.8015213 -0.7391989 0 -0.6734871 -0.7391989 -0 -0.6734871 0.9967173 0 -0.08096026 0.9967173 0 -0.08096026 0.9674752 0 -0.2529659 0.9674752 0 -0.2529659 0.909532 0 -0.4156338 0.909532 0 -0.4156338 0.8306789 0 -0.5567517 0.8306789 0 -0.5567517 0.7276563 0 -0.6859419 0.7276563 0 -0.6859419 0.5988478 0 -0.8008628 0.5988478 0 -0.8008628 0.4480607 0 -0.8940032 0.4480607 0 -0.8940032 0.2592712 0 -0.9658045 0.2592712 0 -0.9658045 0.07771863 0 -0.9969753 0.07771863 0 -0.9969753 0 -1 0 0 -1 0 0 -1 0 0 -1 0 0 -1 0 0 -1 0 0 -1 0 0 -1 0 0 -1 0 0 -1 0 0 -1 0 0 -1 0 0 -1 0 0 -1 0 0 -1 0 0 -1 0 0 -1 0 0 -1 0 0 -1 0 0 -1 0 0 -1 0 0 -1 0 0 -1 0 0 -1 0 0 -1 0 0 -1 0 0 -1 0 0 -1 0 0 -1 0 0 -1 0 0 -1 0 0 -1 0 0 -1 0 0 -1 0 0 -1 0 0 -1 0 0 -1 0 0 -1 0 0 -1 0 0 -1 0 0 -1 0 0 -1 0 0 -1 0 0 -1 0 0 -1 0 0 -1 0 0 -1 0 0 -1 0 0 -1 0 0 -1 0 0 -1 0 0 -1 0 0 -1 0 0 -1 0 0 -1 0 0 -1 0 0 -1 0 0 -1 0 0 -1 0 0 -1 0 0 -1 0 -0 -1 0 0 -1 0 0 0 -1 0 0 -1 -0.725724 0 0.6879861 -0.725724 0 0.6879861 -0.8356774 0 0.5492207 -0.8356774 0 0.5492207 -0.9040914 0 0.4273391 -0.9040914 0 0.4273391 -0.9452082 0 0.3264683 -0.9452082 0 0.3264683 -0.07637911 0 0.9970789 -0.07637911 0 0.9970789 -0.2486361 0 0.968597 -0.2486361 0 0.968597 -0.4259157 0 0.9047628 -0.4259157 0 0.9047628 -0.5886616 0 0.8083796 -0.5886616 0 0.8083796 0.9525087 0 0.3045112 0.9525087 0 0.3045112 0.8973922 0 0.4412338 0.8973922 0 0.4412338 0.7985264 0 0.6019598 0.7985264 0 0.6019598 0.6113469 0 0.7913628 0.6113469 0 0.7913628 0.3755371 0 0.9268073 0.3755371 0 0.9268073 0.1262745 0 0.9919953 0.1262745 0 0.9919953 0 -1 0 0 -1 0 0 -1 0 0 -1 0 0 -1 0 0 -1 0 0 -1 0 0 -1 0 0 -1 0 0 -1 0 0 -1 0 0 -1 0 0 -1 0 -0.05432105 0 -0.9985235 -0.05432105 -0 -0.9985235 -0.1654052 0 -0.9862257 -0.1654052 -0 -0.9862257 -0.2797141 0 -0.9600834 -0.2797141 -0 -0.9600834 -0.412403 -0 -0.9110015 -0.412403 0 -0.9110015 -0.6080574 -0 -0.793893 -0.6080574 0 -0.793893 -0.7932187 0 -0.608937 -0.7932187 -0 -0.608937 0.9961646 0 -0.08749943 0.9961646 0 -0.08749943 0.9699389 0 -0.2433487 0.9699389 0 -0.2433487 0.9347473 0 -0.3553133 0.9347473 0 -0.3553133 0.8673798 0 -0.4976467 0.8673798 0 -0.4976467 0.75873 0 -0.6514053 0.75873 0 -0.6514053 0.6449307 0 -0.7642411 0.6449307 0 -0.7642411 0.5391756 0 -0.8421933 0.5391756 0 -0.8421933 0.4107864 0 -0.9117315 0.4107864 0 -0.9117315 0.2387114 0 -0.9710906 0.2387114 0 -0.9710906 0.0746126 0 -0.9972126 0.0746126 0 -0.9972126 -0.5277632 0 0.8493916 -0.5277632 0 0.8493916 0.06481692 0 0.9978972 0.06481692 0 0.9978972 0.1864026 0 0.9824734 0.1864026 0 0.9824734 0.3357765 0 0.9419417 0.3357765 0 0.9419417 0.5166173 0 0.8562164 0.5166173 0 0.8562164 0.6503486 0 0.7596359 0.6503486 0 0.7596359 0.7428255 0 0.6694851 0.7428255 0 0.6694851 0.8464526 0 0.5324641 0.8464526 0 0.5324641 0.9469193 0 0.3214713 0.9469193 0 0.3214713 0.994729 0 0.1025385 0.994729 0 0.1025385 0.7348517 0 0.6782278 0.7348517 0 0.6782278 0.6063508 0 0.7951972 0.6063508 0 0.7951972 0.451533 0 0.8922544 0.451533 0 0.8922544 0.2570357 0 0.9664019 0.2570357 0 0.9664019 0.07821805 0 0.9969363 0.07821805 0 0.9969363 -0.7962536 0 0.6049629 -0.7962536 0 0.6049629 -0.6973814 0 0.7167002 -0.6973814 0 0.7167002 -0.5875415 0 0.8091941 -0.5875415 0 0.8091941 -0.4422088 0 0.8969121 -0.4422088 0 0.8969121 -0.2506342 0 0.9680818 -0.2506342 0 0.9680818 -0.07636216 0 0.9970801 -0.07636216 0 0.9970801 -0.07791895 0 0.9969597 -0.07791895 0 0.9969597 -0.2501111 0 0.9682171 -0.2501111 0 0.9682171 -0.4329005 0 0.9014417 -0.4329005 0 0.9014417 -0.5835383 0 0.8120856 -0.5835383 0 0.8120856 -0.7417012 0 0.6707304 -0.7417012 0 0.6707304 -0.9021617 0 0.431398 -0.9021617 0 0.431398 -0.9905704 0 0.137005 -0.9905704 0 0.137005 -0.5485116 0 -0.836143 -0.5485116 -0 -0.836143 -0.9942368 0 -0.1072065 -0.9942368 -0 -0.1072065 -0.9457781 0 -0.3248135 -0.9457781 -0 -0.3248135 -0.8589364 0 -0.5120823 -0.8589364 -0 -0.5120823 -0.7501182 -0 -0.6613038 -0.7501182 0 -0.6613038 -0.5779262 -0 -0.816089 -0.5779262 0 -0.816089 -0.3427657 -0 -0.9394209 -0.3427657 0 -0.9394209 -0.1062043 -0 -0.9943443 -0.1062043 0 -0.9943443 0.08816019 0 -0.9961063 0.08816019 0 -0.9961063 0.251225 0 -0.9679287 0.251225 0 -0.9679287 0.4131956 0 -0.9106423 0.4131956 0 -0.9106423 0.5905449 0 -0.8070047 0.5905449 0 -0.8070047 0.7266107 0 -0.6870494 0.7266107 0 -0.6870494 0 -1 0 0 -1 0 0 -1 0 0 -1 0 0 -1 0 0 -1 0 0 -1 0 0 -1 0 0 -1 0 0 -1 0 0 -1 0 0 -1 0 0 -1 0 0 -1 0 0 -1 0 0 -1 0 0 -1 0 0 -1 0 0 -1 0 0 -1 0 0 -1 0 0 -1 0 0 -1 0 0 -1 0 0 -1 0 0 -1 0 0 -1 0 0 -1 0 0 -1 0 0 -1 0 0 -1 0 0 -1 0 0 -1 0 0 -1 0 0 -1 0 0 -1 0 0 -1 0 0 -1 0 0 -1 0 0 -1 0 0 -1 0 0 -1 0 0 -1 0 0 -1 0 0 -1 0 0 -1 0 0 -1 0 0 -1 0 0 -1 0 0 -1 0 0 -1 0 0 -1 0 0 -1 0 0 -1 0 0 -1 0 1 0 0 1 0 0 0 0 1 -0 0 1 0 0 -1 0 0 -1 -1 0 0 -1 0 0 0 -1 0 0 -1 0 0.914722 0 -0.4040836 0.914722 0 -0.4040836 0.3644055 0 -0.9312404 0.3644055 0 -0.9312404 0.3613473 0 0.9324313 0.3613473 0 0.9324313 0.9109345 0 0.4125511 0.9109345 0 0.4125511 -0.3624776 0 -0.9319925 -0.3624776 -0 -0.9319925 -0.9141707 -0 -0.4053293 -0.9141707 0 -0.4053293 -0.9101802 0 0.4142125 -0.9101802 0 0.4142125 -0.3591531 0 0.9332786 -0.3591531 0 0.9332786 0 -1 0 0 -1 0 0 -1 0 0 -1 0 0 -1 0 0 -1 0 0 -0.3147782 -0.9491652 -0.0001677394 -0.3101201 -0.9506974 0.000105869 -0.2794378 -0.9601638 -0.0002499775 -0.2632228 -0.964735 6.524074e-05 -0.2477486 -0.9688244 0 -0.3147781 -0.9491653 -6.260288e-05 -0.225013 -0.9743558 -0.0002316513 -0.215655 -0.9764696 0.0001677417 -0.31012 -0.9506973 -9.551899e-05 -0.2091252 -0.9778889 -0.0001058705 -0.2794378 -0.9601638 2.12659e-05 -0.1936263 -0.9810754 -4.194665e-05 -0.1792431 -0.9838048 -0.0001692801 -0.1696663 -0.9855016 -0.0002025273 -0.1675677 -0.9858606 -0.0001510661 -0.1646778 -0.9863474 0.000249981 -0.2632228 -0.9647351 -6.524155e-05 -0.2477486 -0.9688243 6.260365e-05 -0.225013 -0.9743557 0.000231654 -0.215655 -0.9764696 -2.126615e-05 -0.1936263 -0.9810754 9.552006e-05 -0.2091252 -0.9778889 4.194717e-05 -0.1792431 -0.9838048 0.0001692821 -0.1696663 -0.9855015 -0 -0.1550152 -0.9879121 0.0001510673 -0.1646779 -0.9863473 0 -0.1550153 -0.9879121 0.0002025294 -0.1675677 -0.9858605 0 -0.1191002 -0.9928823 -0 -0.1191002 -0.9928823 -0 -0.07033022 -0.9975237 0 -0.07033022 -0.9975237 -0 -0.0214029 -0.9997709 0 0.02759271 -0.9996192 0 -0.0214029 -0.9997709 0 0.02759271 -0.9996192 0 0.07651288 -0.9970686 0 0.07651288 -0.9970686 0 0.1252295 -0.9921278 0 0.1252295 -0.9921278 0 0.1736861 -0.9848011 0 0.1736861 -0.9848011 0 0.2216895 -0.9751173 0 0.2691831 -0.963089 0 0.2216895 -0.9751173 0 0.2691831 -0.963089 0 0.3160369 -0.9487469 0 0.3621081 -0.9321362 0 0.3160369 -0.9487469 0 0.3621081 -0.9321362 0 0.4073122 -0.913289 0 0.4073122 -0.913289 0 0.4515589 -0.8922412 0 0.4947112 -0.8690574 0 0.4515589 -0.8922412 0 0.5366697 -0.8437924 0 0.4947112 -0.8690574 0 0.5366697 -0.8437924 0 0.5773617 -0.8164884 0 0.5773617 -0.8164884 0 0.616639 -0.7872462 0 0.616639 -0.7872462 0 0.6544521 -0.7561035 0 0.6544521 -0.7561035 0 0.6907035 -0.7231381 0 0.6907035 -0.7231381 0 0.7252777 -0.6884564 0 0.7252777 -0.6884564 0 0.7581231 -0.6521115 0 0.7581231 -0.6521115 0 0.7891411 -0.6142119 0 0.7891411 -0.6142119 0 0.8182851 -0.5748126 0 0.8182851 -0.5748126 0 0.8454481 -0.5340574 0 0.8454481 -0.5340574 0 0.8705912 -0.4920073 0 0.8705912 -0.4920073 0 0.8936263 -0.4488119 0 0.8936263 -0.4488119 0 0.9145486 -0.404476 0 0.9145486 -0.404476 0 0.9332576 -0.3592078 0 0.9332576 -0.3592078 0 0.9497191 -0.3131033 0 0.9497191 -0.3131033 0 0.9639251 -0.2661735 0 0.9639251 -0.2661735 0 0.9757989 -0.2186699 0 0.9757989 -0.2186699 0 0.9853324 -0.1706466 0 0.9853324 -0.1706466 0 0.9925108 -0.1221576 0 0.9925108 -0.1221576 0 0.9972981 -0.07346053 0 0.9972981 -0.07346053 0 0.999701 0.0244526 0 0.999701 -0.02445228 0 0.999701 -0.02445228 0 0.999701 0.0244526 0 0.9972981 0.07346053 0 0.9972981 0.07346053 0 0.9925108 0.1221576 0 0.9853324 0.1706466 0 0.9925108 0.1221576 0 0.9853324 0.1706466 0 0.9757989 0.2186699 0 0.9757989 0.2186699 0 0.9639251 0.2661735 0 0.9497191 0.3131033 0 0.9639251 0.2661735 0 0.9497191 0.3131033 0 0.9332592 0.3592035 0 0.9332592 0.3592035 0 0.9145444 0.4044856 0 0.9145444 0.4044856 0 0.8936315 0.4488015 0 0.8936315 0.4488015 0 0.8705879 0.4920128 0 0.8705879 0.4920128 0 0.8454481 0.5340574 0 0.8454481 0.5340574 0 0.8182894 0.5748065 0 0.8182894 0.5748065 0 0.7891411 0.6142119 0 0.7891411 0.6142119 0 0.7581231 0.6521115 0 0.7581231 0.6521115 0 0.7252716 0.6884629 0 0.7252716 0.6884629 0 0.6907103 0.7231315 0 0.6907103 0.7231315 0 0.6544521 0.7561035 0 0.6544521 0.7561035 0 0.6166309 0.7872524 0 0.6166309 0.7872524 0 0.5773617 0.8164884 0 0.5773617 0.8164884 0 0.536679 0.8437865 0 0.536679 0.8437865 0 0.4947014 0.869063 0 0.4947014 0.869063 0 0.4515693 0.8922361 0 0.4515693 0.8922361 0 0.4073014 0.9132938 0 0.4073014 0.9132938 0 0.3621081 0.9321362 0 0.3621081 0.9321362 0 0.3160253 0.9487508 0 0.3160253 0.9487508 0 0.2691831 0.963089 0 0.2691831 0.963089 0 0.2217019 0.9751145 0 0.2217019 0.9751145 0 0.1736861 0.9848011 0 0.1736861 0.9848011 0 0.1252422 0.9921262 0 0.1252422 0.9921262 0 0.07649998 0.9970697 0 0.02759271 0.9996192 0 0.07649998 0.9970697 0 0.02759271 0.9996192 0 -0.02138992 0.9997712 0 -0.02138992 0.9997712 0 -0.07034314 0.9975228 0 -0.07034314 0.9975228 0 -0.1191002 0.9928823 0 -0.1191002 0.9928823 0 -0.1675551 0.9858627 0 -0.1675551 0.9858627 0 -0.215655 0.9764696 0 -0.215655 0.9764696 0 -0.2632228 0.964735 0 -0.2632228 0.964735 0 -0.3101318 0.9506935 0 -0.3101318 0.9506935 0 0.9575717 -0.288195 0 0.9575718 -0.288195 0 0.9363215 -0.351144 -1.531295e-08 0.9363241 -0.3511371 -1.764524e-08 0.9149893 -0.4034779 2.00098e-08 0.9149832 -0.4034921 1.94687e-08 0.8887245 -0.4584417 0 0.8887281 -0.4584346 0 0.8589492 -0.5120608 -1.890231e-08 0.8589453 -0.5120673 -1.817035e-08 0.8256842 -0.5641326 0 0.8256882 -0.5641266 0 0.7890396 -0.6143423 0 0.7890396 -0.6143423 0 0.7491328 -0.6624199 0 0.7491328 -0.6624199 0 0.7061806 -0.7080318 0 0.7061806 -0.7080318 0 0.6604673 -0.7508549 0 0.6604673 -0.7508548 0 0.6123683 -0.7905726 0 0.6123683 -0.7905726 0 0.5623644 -0.8268896 0 0.5623644 -0.8268896 0 0.5109676 -0.8595999 0 0.5109677 -0.8596 0 0.4587652 -0.8885576 1.038988e-08 0.4587614 -0.8885595 9.230358e-09 0.4062176 -0.9137764 0 0.4062211 -0.9137748 0 0.3537842 -0.9353271 0 0.3537842 -0.9353271 0 0.3017601 -0.9533839 0 0.3017601 -0.9533839 0 0.2244841 -0.9744777 0 0.2244842 -0.9744778 2.810866e-09 0.122838 -0.9924268 0 0.1228386 -0.9924266 0 0.02433113 -0.9997039 5.590716e-10 0.02433099 -0.999704 0 -0.07211299 -0.9973965 0 -0.072113 -0.9973965 0 -0.1678858 -0.9858065 0 -0.1678857 -0.9858065 -1.187036e-08 -0.2606906 -0.9654224 0 -0.2606936 -0.9654216 -1.565228e-08 -0.3447964 -0.9386775 -1.567211e-08 -0.3447963 -0.9386775 -2.313681e-05 -0.4822743 -0.8760202 1.271957e-08 -0.4181841 -0.9083623 -1.892553e-08 -0.4181749 -0.9083666 1.876232e-05 -0.5383237 -0.8427382 0 -0.4838944 -0.8751264 6.752138e-09 -0.4838959 -0.8751256 1.176528e-05 -0.538912 -0.842362 2.326748e-05 -0.4822671 -0.8760241 1.425319e-05 -0.5875051 -0.8092204 -1.09014e-05 -0.5852935 -0.8108215 -1.175258e-05 -0.538912 -0.8423621 -1.867774e-05 -0.5383297 -0.8427344 1.087631e-05 -0.5852935 -0.8108215 -4.007452e-06 -0.6306897 -0.7760351 -1.386558e-05 -0.6298424 -0.776723 -1.418939e-05 -0.5874972 -0.8092263 3.681557e-06 -0.6686793 -0.743551 1.388869e-05 -0.6298424 -0.776723 -3.612796e-05 -0.6724102 -0.7401787 4.000121e-06 -0.6306923 -0.776033 0.0001266065 -0.7177001 -0.6963524 5.016003e-05 -0.7128397 -0.701327 3.627041e-05 -0.6724102 -0.7401787 -3.728937e-06 -0.6686609 -0.7435674 -5.007005e-05 -0.7128398 -0.701327 -6.364152e-05 -0.7510497 -0.6602458 0.0001143363 -0.7720506 -0.6355611 -0.0001265695 -0.7177029 -0.6963494 6.362618e-05 -0.7510496 -0.6602457 -4.946645e-05 -0.7868873 -0.6170966 5.785108e-05 -0.8140208 -0.5808359 -2.902514e-05 -0.820253 -0.5720009 4.948112e-05 -0.7868874 -0.6170966 -0.000114345 -0.772047 -0.6355655 2.738273e-05 -0.8465166 -0.5323622 -3.716826e-05 -0.8510299 -0.5251172 2.903873e-05 -0.820253 -0.5720009 -5.78589e-05 -0.8140186 -0.5808388 5.29734e-05 -0.879139 -0.4765654 0.0001348071 -0.8827332 -0.4698744 3.718362e-05 -0.8510299 -0.5251172 -2.73948e-05 -0.8465143 -0.532366 -5.299293e-05 -0.8791391 -0.4765655 -6.305338e-05 -0.9044752 -0.426526 0.0001575014 -0.9223913 -0.3862567 -0.0001348349 -0.8827335 -0.4698741 6.300447e-05 -0.9044753 -0.4265261 3.576357e-05 -0.9269659 -0.3751456 -2.767743e-05 -0.9465446 -0.3225731 0.0001893199 -0.9550774 -0.2963565 -3.571341e-05 -0.9269659 -0.3751457 -0.0001575286 -0.9223883 -0.3862641 2.770724e-05 -0.9465446 -0.3225731 -2.994561e-05 -0.9631433 -0.268989 3.017885e-05 -0.9750594 -0.2219439 -2.845023e-05 -0.9767087 -0.2145695 2.994558e-05 -0.9631433 -0.268989 -0.00018931 -0.9550778 -0.2963553 2.866386e-05 -0.986048 -0.1664612 -2.686873e-05 -0.9872035 -0.1594658 2.80873e-05 -0.9767087 -0.2145695 -3.024436e-05 -0.9750712 -0.2218922 2.714238e-05 -0.9938808 -0.110458 -2.529534e-05 -0.9945916 -0.1038632 2.622105e-05 -0.9872035 -0.1594658 -2.844082e-05 -0.986071 -0.1663253 2.555118e-05 -0.9985359 -0.0540925 -2.368002e-05 -0.9988507 -0.04793049 2.427762e-05 -0.9945916 -0.1038632 -2.655503e-05 -0.9939072 -0.1102198 2.393444e-05 -0.999997 0.002437936 -2.207068e-05 -0.9999667 0.008151058 2.234658e-05 -0.9988507 -0.04793049 -2.462864e-05 -0.9985535 -0.05376605 2.225655e-05 -0.9982599 0.05896803 -2.040653e-05 -0.9979365 0.06420844 2.034473e-05 -0.9999667 0.008151058 -2.260604e-05 -0.9999958 0.002866751 2.055941e-05 -0.9933295 0.1153106 -1.864594e-05 -0.9927667 0.1200591 1.827945e-05 -0.9979365 0.06420844 -2.056185e-05 -0.9982289 0.05949008 1.887679e-05 -0.9852241 0.1712704 -1.695724e-05 -0.9844729 0.1755364 1.617969e-05 -0.9927667 0.1200591 -1.847327e-05 -0.9932591 0.1159155 1.706666e-05 -0.9739646 0.2267002 -1.517325e-05 -0.9730816 0.2304608 1.399993e-05 -0.9844729 0.1755364 -1.631958e-05 -0.9851006 0.1719789 1.528745e-05 -0.959592 0.2813954 -1.335718e-05 -0.958629 0.2846586 1.180458e-05 -0.9730816 0.2304608 -1.415525e-05 -0.9737824 0.2274814 1.346662e-05 -0.9421489 0.3351946 -1.148534e-05 -0.94116 0.3379613 -1.190236e-05 -0.9593384 0.2822585 9.546083e-06 -0.958629 0.2846586 1.163688e-05 -0.9216974 0.3879094 -9.703201e-06 -0.9207282 0.3902044 -9.614015e-06 -0.9418165 0.3361274 7.251866e-06 -0.94116 0.3379613 9.641992e-06 -0.8982882 0.4394067 -7.721094e-06 -0.8974033 0.4412112 -7.268176e-06 -0.9212704 0.3889228 4.903466e-06 -0.9207282 0.3902044 7.79074e-06 -0.8720179 0.4894742 -5.839471e-06 -0.871251 0.4908377 0 -0.8573297 0.5147677 2.491933e-06 -0.8974033 0.4412112 -4.871672e-06 -0.8977707 0.4404631 0.0007131703 -0.8429483 0.5379941 0 -0.871251 0.4908377 -2.442594e-06 -0.8713853 0.4905992 0.0002327325 -0.8112033 0.5847642 0.0002633275 -0.811187 0.5847867 -0.0002594705 -0.7774206 0.6289811 0.0007504412 -0.7768354 0.6297032 -0.0007366174 -0.7412167 0.6712655 0.001208303 -0.7399933 0.6726131 -0.00120997 -0.7027378 0.7114479 0.001680236 -0.7007781 0.7133773 0.002104077 -0.6593378 0.7518439 0.002531294 -0.6157805 0.7879137 0.00293916 -0.5702436 0.8214705 0.003332597 -0.5229059 0.852384 0.003683309 -0.4738817 0.8805808 0 -0.4908356 0.8712522 0 -0.4908356 0.8712522 0.004064977 -0.4233287 0.9059671 0 -0.4412131 0.8974023 0 -0.4412131 0.8974023 0.00439176 -0.3714469 0.9284438 0 -0.3901885 0.920735 0 -0.3901885 0.920735 0.004725695 -0.3183568 0.9479591 0 -0.3379742 0.9411554 0 -0.3379742 0.9411554 0.0050426 -0.2642733 0.9644347 0 -0.2846586 0.958629 0 -0.2846586 0.958629 0.005334772 -0.2093136 0.9778341 0 -0.2304492 0.9730844 0 -0.2304492 0.9730844 0.005601466 -0.1537113 0.9880999 0 -0.1755364 0.9844729 0 -0.1755364 0.9844729 0.005870751 -0.09761184 0.9952073 0 -0.1200615 0.9927664 0 -0.1200615 0.9927664 0.006105586 -0.04118407 0.9991329 0 -0.06419876 0.9979371 0 -0.06419876 0.9979371 0.006336301 0.01535951 0.999862 0 -0.008160853 0.9999667 0 -0.008160853 0.9999667 0.00656623 0.07186455 0.9973928 0 0.0479358 0.9988504 -0 0.0479358 0.9988504 0.006744593 0.1281188 0.9917359 -0 0.1038564 0.9945924 0 0.1038564 0.9945924 0.006933188 0.1839868 0.9829042 -0 0.1594673 0.9872032 0 0.1594673 0.9872032 0.007110161 0.2392587 0.9709298 0 0.2145721 0.9767081 -0 0.2145721 0.9767081 0 0.2689805 0.9631456 0.00724553 0.2937572 0.9558526 -0 0.2689805 0.9631456 0.007378705 0.3473307 0.9377137 0 0.3225861 0.9465401 -0 0.3225861 0.9465401 0.007506467 0.399773 0.9165834 -0 0.3751298 0.9269723 0 0.3751298 0.9269723 0.007587119 0.4509547 0.8925146 -0 0.426538 0.9044697 0 0.426538 0.9044697 0 0.4765579 0.8791431 0.007693615 0.5006978 0.865588 -0 0.4765579 0.8791431 0.00774822 0.5488172 0.8359064 -0 0.5251129 0.8510326 0 0.5251129 0.8510326 0.007810793 0.5951979 0.8035412 -0 0.5720165 0.820242 0 0.5720165 0.820242 0.007839342 0.6396774 0.7686034 -0 0.6170949 0.7868888 0 0.6170949 0.7868888 0.007877597 0.6821014 0.7312152 -0 0.6602423 0.7510526 0 0.6602423 0.7510526 0.00787387 0.7223387 0.6914945 0 0.7013222 0.7128444 -0 0.7013222 0.7128444 0 0.7401819 0.6724068 0.007864252 0.760281 0.6495467 -0 0.7401819 0.6724068 0.007829657 0.7957819 0.6055327 0 0.7767288 0.6298352 -0 0.7767288 0.6298352 0.007790335 0.8287433 0.5595747 -0 0.8108119 0.5853068 0 0.8108119 0.5853068 0.007726577 0.8590498 0.5118338 0 0.8652787 0.501291 -0 0.8423634 0.5389101 0 0.8423634 0.5389101 -2.328204e-05 0.8675591 0.4973343 0 0.8713874 0.4905955 1.562707e-05 0.8866414 0.4624577 0 0.8713874 0.4905955 -1.569358e-05 0.8977689 0.440467 1.565788e-05 0.9113657 0.4115975 -1.569906e-05 0.921272 0.3889187 1.566793e-05 0.9331741 0.3594246 -1.571757e-05 0.941815 0.3361316 1.568191e-05 0.9520011 0.3060946 -1.572989e-05 0.9593384 0.2822585 1.569204e-05 0.9677823 0.2517887 -1.574794e-05 0.9737824 0.2274814 1.570196e-05 0.9804693 0.196672 -1.575184e-05 0.9851006 0.1719789 1.572603e-05 0.9900197 0.1409289 -1.576264e-05 0.9932597 0.1159108 1.572634e-05 0.9964032 0.08473917 1.573694e-05 0.9996 0.0282822 -1.577692e-05 0.9982289 0.05949008 1.263279e-05 0.9996822 -0.0252088 -1.579893e-05 0.9999958 0.002866751 1.179011e-05 0.9971418 -0.07555316 -1.573464e-05 0.9985535 -0.05376605 9.420611e-06 0.9920669 -0.125711 -1.412494e-05 0.9939077 -0.1102151 5.475516e-06 0.9844716 -0.1755445 -1.095566e-05 0.9860701 -0.16633 0 0.9743737 -0.2249353 -6.259723e-06 0.9750712 -0.2218922 -0.0002322637 -0.8424804 0.5387269 -0.001636677 -0.6620562 0.7494524 -0.002080222 -0.6193532 0.7851097 -0.002489649 -0.5747059 0.8183562 -0.002882309 -0.5283022 0.8490515 -0.003265017 -0.4802293 0.8771369 -0.003649401 -0.4307159 0.9024802 -0.003976691 -0.3798172 0.9250531 -0.004324786 -0.3277814 0.9447436 -0.004629443 -0.2747259 0.9615114 -0.004931055 -0.2207934 0.9753081 -0.005215074 -0.1661908 0.9860798 -0.005492445 -0.1111005 0.993794 -0.005745914 -0.05561879 0.9984356 -0.005987532 0 0.9999821 -0.006205915 0.05561863 0.9984328 -0.00640043 0.1110999 0.9937887 -0.006606257 0.1661911 0.9860715 -0.006769344 0.220789 0.9752981 -0.006921652 0.2747223 0.9614987 -0.007075984 0.3277763 0.9447289 -0.007192005 0.3798104 0.9250364 -0.007308043 0.4307072 0.9024622 -0.007406197 0.4802188 0.8771175 -0.007470464 0.528294 0.8490286 -0.007541189 0.5746868 0.8183387 -0.007586232 0.6193391 0.785087 -0.00760844 0.6620379 0.7494317 -0.007615373 0.7027155 0.7114302 -0.007621902 0.7411978 0.6712435 -0.007602674 0.7773982 0.6289629 -0.007572148 0.8111777 0.5847507 -0.007520159 0.8424566 0.5387117 0 -0.99898 0.04515474 0 -0.99898 0.04515474 0 -0.9908323 0.1350981 0 -0.9908323 0.1350981 0 -0.9746052 0.22393 0 -0.9746052 0.22393 0 -0.950429 0.3109418 0 -0.9184988 0.3954239 0 -0.950429 0.3109418 0 -0.9184988 0.3954239 0 -0.865015 0.5017459 0 -0.865015 0.5017459 0 -0.7816874 0.6236704 0 -0.7816874 0.6236705 0 -0.6762147 0.7367046 0 -0.6762146 0.7367046 0 -0.554757 0.8320124 0 -0.554757 0.8320124 0 -0.4321848 0.9017851 0 -0.4321848 0.901785 0 -0.3120745 0.9500576 0 -0.3120745 0.9500576 0 -0.1970042 0.9804026 0 -0.1970042 0.9804027 0 -0.08882345 0.9960474 0 -0.08882346 0.9960474 -0 0.05940141 0.9982342 0 0.05940141 0.9982342 -0 0.2330802 0.9724575 0 0.2330802 0.9724575 -0 0.3721306 0.9281803 0 0.3721305 0.9281803 -0 0.4818035 0.8762793 0 0.4818035 0.8762794 -0 0.6051746 0.7960928 0 0.7093285 0.704878 0 0.6051745 0.7960927 0 0.7718694 0.6357812 0 0.7093285 0.704878 0 0.7718694 0.6357812 0 0.8281994 0.5604334 0 0.8281994 0.5604334 0 0.8777527 0.4791138 0 0.8777528 0.4791138 0 0.9203632 0.3910645 0 0.9203632 0.3910645 -0 0.954751 0.2974062 0 0.954751 0.2974062 -0 0.979634 0.2007911 0 0.979634 0.2007911 -0 0.9947674 0.1021655 0 0.9947674 0.1021655 -0 0.9999967 0.002537796 0 0.9999967 0.002537796 0 0.9952718 -0.09712894 0 0.9952718 -0.09712894 0 0.9806409 -0.1958147 0 0.9806409 -0.1958147 0 0.956244 -0.2925701 0 0.956244 -0.2925701 0 0.9223348 -0.3863915 0 0.9223348 -0.3863915 0 0.8792385 -0.4763817 0 0.8792385 -0.4763817 0 0.8273958 -0.5616192 0 0.8273958 -0.5616192 0 0.7673085 -0.6412781 0 0.7673085 -0.6412781 0 0.6995877 -0.7145468 0 0.6249118 -0.7806953 0 0.6995877 -0.7145468 0 0.6249118 -0.7806953 0 0.5439962 -0.8390877 0 0.5439962 -0.8390877 0 0.457678 -0.889118 0 0.457678 -0.889118 0 0.3668013 -0.9302993 0 0.272266 -0.9622221 0 0.3668013 -0.9302993 0 0.272266 -0.9622221 0 0.175035 -0.9845622 0 0.07604741 -0.9971042 0 0.175035 -0.9845622 0 0.07604741 -0.9971042 0 -0.02366699 -0.99972 -0 -0.12319 -0.9923831 0 -0.02366699 -0.99972 0 -0.12319 -0.9923831 0 -0.2214703 -0.9751672 0 -0.2214703 -0.9751672 0 -0.3175351 -0.9482465 0 -0.3175351 -0.9482465 0 -0.4104441 -0.9118857 0 -0.4104441 -0.9118857 -0 -0.499261 -0.8664517 0 -0.499261 -0.8664517 0 -0.5831282 -0.8123801 0 -0.5831282 -0.8123801 0 -0.6611647 -0.7502408 0 -0.6611647 -0.7502408 -0 -0.7326416 -0.6806146 0 -0.7326416 -0.6806146 0 -0.7968162 -0.6042218 0 -0.7968162 -0.6042218 0 -0.8530616 -0.5218103 0 -0.8530616 -0.5218103 0 -0.9008101 -0.434213 0 -0.9008101 -0.434213 -0 -0.9395981 -0.3422795 0 -0.9395981 -0.3422795 0 -0.969027 -0.2469548 0 -0.969027 -0.2469548 -0 -0.9888129 -0.1491612 0 -0.9888129 -0.1491612 -0 -0.9987549 -0.04988613 0 -0.9987549 -0.04988613 0 0.9996986 0.02454937 0 0.9972908 0.07355944 0 0.9996986 0.02454937 0 0.9924791 0.1224141 0 0.9972908 0.07355944 0 0.9852778 0.1709611 0 0.9924791 0.1224141 0 0.9757022 0.2191014 0 0.9852778 0.1709611 0 0.9637783 0.2667046 0 0.9757022 0.2191014 0 0.9495265 0.313687 0 0.9637783 0.2667046 0 0.9329945 0.3598907 0 0.9495265 0.313687 0 0.9142051 0.4052517 0 0.9329945 0.3598907 0 0.8932263 0.4496074 0 0.9142051 0.4052517 0 0.8700892 0.4928942 0 0.8932263 0.4496074 0 0.844853 0.5349987 0 0.8700892 0.4928942 0 0.817587 0.5758051 0 0.844853 0.5349987 0 0.7883441 0.6152347 0 0.817587 0.5758051 0 0.7572061 0.6531761 0 0.7883441 0.6152347 0 0.7242486 0.6895389 0 0.7572061 0.6531761 0 0.6895387 0.7242489 0 0.7242486 0.6895389 0 0.6895387 0.7242489 0 0.6531761 0.7572061 0 0.6531761 0.7572061 0 0.6152278 0.7883493 0 0.6152278 0.7883493 0 0.5758072 0.8175855 0 0.5758072 0.8175855 0 0.5349958 0.8448548 0 0.5349958 0.8448548 0 0.4928942 0.8700892 0 0.4928942 0.8700892 0 0.4496294 0.8932152 0 0.4496294 0.8932152 0 0.4052251 0.9142169 0 0.4052251 0.9142169 0 0.3599098 0.9329871 0 0.3599098 0.9329871 0 0.3136771 0.9495298 0 0.3136771 0.9495298 0 0.2667149 0.9637755 0 0.2667149 0.9637755 0 0.2190933 0.9757038 0 0.2190933 0.9757038 0 0.1709611 0.9852778 0 0.1709611 0.9852778 0 0.1224155 0.992479 0 0.1224155 0.992479 0 0.07355864 0.9972909 0 0.07355864 0.9972909 0 0.02454909 0.9996986 0 0.02454909 0.9996986 0 -0.02454909 0.9996986 0 -0.02454909 0.9996986 0 -0.07355864 0.9972909 0 -0.07355864 0.9972909 0 -0.1224155 0.992479 0 -0.1224155 0.992479 0 -0.1709611 0.9852778 0 -0.2190933 0.9757038 0 -0.1709611 0.9852778 0 -0.2190933 0.9757038 0 -0.2667149 0.9637755 0 -0.3136771 0.9495298 0 -0.2667149 0.9637755 0 -0.3136771 0.9495298 0 -0.3599098 0.9329871 0 -0.3599098 0.9329871 0 -0.4052251 0.9142169 0 -0.4052251 0.9142169 0 -0.4496294 0.8932152 0 -0.4496294 0.8932152 0 -0.4928942 0.8700892 0 -0.4928942 0.8700892 0 -0.5349958 0.8448548 0 -0.5349958 0.8448548 0 -0.5758125 0.8175819 0 -0.5758125 0.8175819 0 -0.6152225 0.7883535 0 -0.6152225 0.7883535 0 -0.6531761 0.7572061 0 -0.6531761 0.7572061 0 -0.6895387 0.7242489 0 -0.6895387 0.7242489 0 -0.7242486 0.6895389 0 -0.7242486 0.6895389 0 -0.7572061 0.6531761 0 -0.7572061 0.6531761 0 -0.7883441 0.6152347 0 -0.7883441 0.6152347 0 -0.817587 0.5758051 0 -0.817587 0.5758051 0 -0.844853 0.5349987 0 -0.844853 0.5349987 0 -0.8700892 0.4928942 0 -0.8700892 0.4928942 0 -0.8932263 0.4496074 0 -0.8932263 0.4496074 0 -0.9142051 0.4052517 0 -0.9142051 0.4052517 0 -0.9329945 0.3598907 0 -0.9329945 0.3598907 0 -0.9495298 0.3136771 0 -0.9495298 0.3136771 0 -0.9637755 0.2667149 0 -0.9637755 0.2667149 0 -0.9757022 0.2191014 0 -0.9757022 0.2191014 0 -0.9852778 0.1709611 0 -0.9852778 0.1709611 0 -0.9924788 0.1224168 0 -0.9924788 0.1224168 0 -0.9972909 0.07355783 0 -0.9972909 0.07355783 0 -0.9996986 0.02454937 0 -0.9996986 0.02454937</float_array>
          <technique_common>
            <accessor count="12486" source="#cubenormals-array0-array" stride="3">
              <param type="float" name="X"/>
              <param type="float" name="Y"/>
              <param type="float" name="Z"/>
            </accessor>
          </technique_common>
        </source>
        <vertices id="cubeverts-array0-vertices">
          <input semantic="POSITION" source="#cubeverts-array0"/>
        </vertices>
        <triangles count="12486" material="ref_Fusion">
          <input offset="0" semantic="VERTEX" source="#cubeverts-array0-vertices"/>
          <input offset="1" semantic="NORMAL" source="#cubenormals-array0"/>
          <p>0 0 1 0 2 0 2 1 1 1 3 1 3 2 4 2 5 2 1 3 4 3 3 3 6 4 7 4 8 4 8 5 7 5 0 5 0 6 7 6 1 6 5 7 9 7 10 7 10 8 9 8 11 8 4 9 9 9 5 9 12 10 13 10 14 10 14 11 13 11 6 11 6 12 13 12 7 12 11 13 15 13 16 13 16 14 15 14 17 14 9 15 15 15 11 15 18 16 19 16 20 16 20 17 19 17 12 17 12 18 19 18 13 18 17 19 21 19 22 19 22 20 21 20 23 20 15 21 21 21 17 21 24 22 25 22 18 22 18 23 25 23 19 23 21 24 26 24 23 24 23 25 26 25 27 25 28 26 29 26 30 26 30 27 29 27 24 27 24 28 29 28 25 28 27 29 31 29 32 29 32 30 31 30 33 30 26 31 31 31 27 31 34 32 35 32 36 32 36 33 35 33 28 33 28 34 35 34 29 34 33 35 37 35 38 35 38 36 37 36 39 36 31 37 37 37 33 37 34 38 40 38 35 38 41 39 40 39 42 39 42 40 40 40 34 40 39 41 43 41 44 41 44 42 43 42 45 42 37 43 43 43 39 43 46 44 47 44 41 44 41 45 47 45 40 45 43 46 48 46 45 46 45 47 48 47 49 47 50 48 51 48 52 48 52 49 51 49 46 49 46 50 51 50 47 50 48 51 53 51 49 51 49 52 53 52 54 52 54 53 53 53 55 53 56 54 57 54 50 54 50 55 57 55 51 55 53 56 58 56 55 56 55 57 58 57 59 57 59 58 58 58 60 58 56 59 61 59 57 59 58 60 62 60 60 60 60 61 62 61 63 61 63 62 62 62 64 62 56 63 65 63 61 63 62 64 66 64 64 64 64 65 66 65 67 65 66 66 68 66 67 66 67 67 68 67 69 67 69 68 68 68 70 68 70 69 71 69 72 69 68 70 71 70 70 70 71 71 73 71 72 71 71 72 74 72 73 72 74 73 75 73 73 73 74 74 76 74 75 74 77 75 76 75 74 75 77 76 78 76 76 76 79 77 80 77 77 77 77 78 80 78 78 78 81 79 82 79 79 79 79 80 82 80 80 80 81 81 83 81 82 81 84 82 85 82 81 82 81 83 85 83 83 83 84 84 86 84 85 84 87 85 88 85 84 85 84 86 88 86 86 86 87 87 89 87 88 87 90 88 91 88 87 88 87 89 91 89 89 89 92 90 93 90 90 90 90 91 93 91 91 91 92 92 94 92 93 92 95 93 96 93 92 93 92 94 96 94 94 94 95 95 97 95 96 95 95 96 98 96 97 96 99 97 98 97 95 97 99 98 100 98 98 98 99 99 101 99 100 99 102 100 101 100 99 100 102 101 103 101 101 101 104 102 103 102 102 102 104 103 105 103 103 103 106 104 105 104 104 104 107 105 105 105 106 105 1632 106 1636 106 108 106 108 107 1636 107 109 107 109 108 1637 108 110 108 1636 109 1637 109 109 109 110 110 111 110 112 110 1637 111 111 111 110 111 112 112 113 112 114 112 111 113 113 113 112 113 114 114 115 114 116 114 113 115 115 115 114 115 116 116 1638 116 117 116 115 117 1638 117 116 117 117 118 118 118 119 118 1638 119 118 119 117 119 119 120 1639 120 120 120 118 121 1639 121 119 121 121 122 65 122 56 122 120 123 1640 123 122 123 1639 124 1640 124 120 124 121 125 107 125 65 125 122 126 105 126 121 126 121 127 105 127 107 127 56 128 123 128 121 128 107 129 124 129 65 129 1640 130 1644 130 122 130 122 131 1644 131 105 131 125 132 126 132 123 132 127 133 128 133 129 133 105 134 1645 134 130 134 1644 135 1645 135 105 135 131 136 132 136 126 136 1645 137 133 137 130 137 130 138 133 138 134 138 134 139 133 139 135 139 136 140 137 140 138 140 137 141 139 141 138 141 140 142 141 142 132 142 141 143 142 143 132 143 143 144 144 144 145 144 144 145 146 145 145 145 133 146 1646 146 135 146 135 147 1646 147 147 147 142 148 148 148 149 148 150 149 148 149 142 149 1646 150 151 150 147 150 147 151 151 151 152 151 152 152 151 152 153 152 154 153 155 153 149 153 154 154 156 154 155 154 151 155 1647 155 153 155 153 156 1647 156 157 156 157 157 1647 157 158 157 156 158 159 158 155 158 159 159 160 159 155 159 159 160 161 160 160 160 158 161 1648 161 162 161 1647 162 1648 162 158 162 163 163 164 163 165 163 165 164 164 164 160 164 162 165 166 165 167 165 167 166 166 166 168 166 1648 167 166 167 162 167 169 168 170 168 164 168 170 169 171 169 164 169 170 170 172 170 171 170 168 171 173 171 174 171 174 172 173 172 175 172 175 173 173 173 176 173 166 174 173 174 168 174 172 175 177 175 171 175 177 176 178 176 171 176 178 177 179 177 171 177 173 178 1649 178 176 178 176 179 1649 179 180 179 180 180 1649 180 181 180 1649 181 182 181 181 181 181 182 182 182 183 182 183 183 182 183 184 183 184 184 182 184 185 184 178 185 1650 185 179 185 182 186 1650 186 185 186 185 187 1650 187 178 187 179 188 1651 188 186 188 1650 189 1651 189 179 189 186 190 1652 190 187 190 1651 191 1652 191 186 191 187 192 188 192 189 192 1652 193 188 193 187 193 189 194 190 194 191 194 188 195 190 195 189 195 191 196 192 196 193 196 190 197 192 197 191 197 193 198 1653 198 194 198 192 199 1653 199 193 199 194 200 195 200 196 200 1653 201 195 201 194 201 196 202 197 202 198 202 195 203 197 203 196 203 198 204 1654 204 199 204 197 205 1654 205 198 205 199 206 200 206 201 206 1654 207 200 207 199 207 201 208 202 208 203 208 200 209 202 209 201 209 203 210 204 210 205 210 202 211 204 211 203 211 204 212 206 212 205 212 163 213 169 213 164 213 161 214 165 214 160 214 148 215 154 215 149 215 141 216 150 216 142 216 131 217 140 217 132 217 125 218 131 218 126 218 56 219 125 219 123 219 107 220 207 220 124 220 207 221 127 221 129 221 207 222 129 222 208 222 127 223 209 223 128 223 209 224 136 224 210 224 137 225 143 225 139 225 145 226 139 226 143 226 138 227 210 227 136 227 210 228 128 228 209 228 208 229 124 229 207 229 109 230 110 230 108 230 114 231 117 231 112 231 116 232 117 232 114 232 119 233 120 233 117 233 122 234 123 234 120 234 121 235 123 235 122 235 120 236 123 236 117 236 117 237 123 237 112 237 126 238 132 238 123 238 142 239 149 239 132 239 132 240 149 240 123 240 149 241 160 241 123 241 155 242 160 242 149 242 164 243 179 243 160 243 171 244 179 244 164 244 160 245 179 245 123 245 187 246 189 246 186 246 189 247 191 247 186 247 186 248 191 248 179 248 194 249 196 249 193 249 179 250 201 250 123 250 191 251 201 251 179 251 196 252 201 252 193 252 193 253 201 253 191 253 198 254 201 254 196 254 199 255 201 255 198 255 123 256 201 256 112 256 201 257 205 257 112 257 112 258 205 258 110 258 203 259 205 259 201 259 108 260 205 260 211 260 110 261 205 261 108 261 205 262 212 262 211 262 205 263 213 263 212 263 212 264 214 264 211 264 215 265 214 265 212 265 214 266 216 266 217 266 215 267 216 267 214 267 218 268 216 268 215 268 219 269 220 269 216 269 221 270 220 270 219 270 222 271 220 271 223 271 217 272 220 272 222 272 216 273 220 273 217 273 220 274 224 274 223 274 225 275 226 275 227 275 224 276 228 276 225 276 225 277 228 277 226 277 229 278 230 278 220 278 231 279 230 279 229 279 232 280 230 280 231 280 233 281 230 281 232 281 224 282 234 282 228 282 224 283 235 283 234 283 236 284 237 284 230 284 220 285 237 285 224 285 230 286 237 286 220 286 224 287 237 287 235 287 237 288 238 288 239 288 240 289 241 289 242 289 242 290 243 290 236 290 244 291 243 291 241 291 241 292 243 292 242 292 245 293 246 293 247 293 238 294 246 294 245 294 237 295 248 295 238 295 243 296 248 296 236 296 238 297 248 297 246 297 249 298 248 298 243 298 236 299 248 299 237 299 205 300 216 300 213 300 213 301 216 301 218 301 250 302 251 302 252 302 253 303 250 303 252 303 254 304 255 304 253 304 256 305 253 305 255 305 257 306 254 306 253 306 258 307 253 307 256 307 259 308 257 308 253 308 260 309 253 309 258 309 261 310 259 310 253 310 262 311 253 311 260 311 263 312 261 312 253 312 264 313 253 313 262 313 265 314 263 314 253 314 266 315 253 315 264 315 267 316 265 316 253 316 268 317 253 317 266 317 269 318 267 318 253 318 270 319 253 319 268 319 271 320 269 320 253 320 272 321 253 321 270 321 273 322 271 322 253 322 274 323 253 323 272 323 275 324 273 324 253 324 276 325 253 325 274 325 277 326 275 326 253 326 278 327 277 327 253 327 279 328 278 328 253 328 280 329 279 329 253 329 281 330 280 330 253 330 282 331 281 331 253 331 283 332 282 332 253 332 284 333 283 333 253 333 285 334 284 334 253 334 286 335 285 335 253 335 287 336 286 336 253 336 288 337 289 337 290 337 291 338 288 338 290 338 291 339 292 339 293 339 291 340 294 340 292 340 291 341 295 341 294 341 291 342 296 342 295 342 291 343 297 343 296 343 291 344 298 344 297 344 291 345 299 345 298 345 291 346 300 346 299 346 291 347 301 347 300 347 291 348 302 348 301 348 291 349 303 349 302 349 291 350 304 350 303 350 291 351 305 351 304 351 291 352 306 352 305 352 291 353 307 353 306 353 291 354 308 354 307 354 291 355 309 355 308 355 291 356 310 356 309 356 291 357 311 357 310 357 291 358 312 358 311 358 291 359 313 359 312 359 291 360 314 360 313 360 291 361 315 361 314 361 291 362 316 362 315 362 291 363 317 363 316 363 291 364 318 364 317 364 291 365 319 365 318 365 291 366 320 366 319 366 291 367 321 367 320 367 291 368 322 368 321 368 291 369 323 369 322 369 291 370 324 370 323 370 291 371 325 371 324 371 326 372 327 372 287 372 326 373 328 373 327 373 326 374 329 374 328 374 326 375 330 375 329 375 326 376 331 376 330 376 326 377 332 377 331 377 326 378 333 378 332 378 326 379 334 379 333 379 326 380 335 380 334 380 326 381 336 381 335 381 326 382 337 382 336 382 326 383 338 383 337 383 326 384 339 384 338 384 326 385 340 385 339 385 326 386 341 386 340 386 326 387 342 387 341 387 326 388 287 388 253 388 326 389 343 389 342 389 326 390 344 390 343 390 326 391 345 391 344 391 326 392 346 392 345 392 326 393 347 393 346 393 326 394 348 394 347 394 326 395 349 395 348 395 326 396 350 396 349 396 326 397 351 397 350 397 326 398 352 398 351 398 326 399 253 399 252 399 353 400 354 400 352 400 353 401 355 401 354 401 353 402 356 402 355 402 353 403 357 403 356 403 353 404 358 404 357 404 353 405 359 405 358 405 353 406 291 406 293 406 353 407 360 407 359 407 353 408 361 408 360 408 353 409 362 409 361 409 353 410 363 410 362 410 353 411 364 411 363 411 353 412 365 412 364 412 353 413 366 413 365 413 353 414 367 414 366 414 353 415 368 415 367 415 353 416 369 416 368 416 353 417 370 417 369 417 353 418 371 418 370 418 353 419 372 419 371 419 353 420 373 420 372 420 353 421 374 421 373 421 353 422 375 422 374 422 353 423 376 423 375 423 353 424 377 424 376 424 353 425 293 425 377 425 353 426 352 426 326 426 353 427 288 427 291 427 291 428 253 428 378 428 378 429 253 429 379 429 379 430 253 430 380 430 380 431 253 431 381 431 381 432 253 432 276 432 291 433 378 433 382 433 291 434 382 434 383 434 291 435 383 435 384 435 291 436 384 436 385 436 291 437 385 437 325 437 386 438 387 438 388 438 389 439 390 439 386 439 389 440 386 440 388 440 391 441 388 441 392 441 391 442 393 442 389 442 391 443 389 443 388 443 394 444 395 444 391 444 396 445 397 445 394 445 398 446 396 446 394 446 399 447 400 447 398 447 399 448 401 448 400 448 402 449 399 449 398 449 402 450 403 450 399 450 404 451 405 451 402 451 406 452 398 452 394 452 406 453 402 453 398 453 406 454 394 454 391 454 406 455 404 455 402 455 407 456 408 456 406 456 409 457 407 457 406 457 410 458 411 458 412 458 410 459 413 459 411 459 414 460 410 460 412 460 415 461 416 461 414 461 417 462 406 462 391 462 417 463 409 463 406 463 417 464 415 464 414 464 417 465 414 465 412 465 417 466 392 466 418 466 417 467 412 467 409 467 417 468 418 468 288 468 417 469 391 469 392 469 419 470 417 470 288 470 420 471 419 471 288 471 421 472 420 472 288 472 422 473 421 473 288 473 423 474 422 474 288 474 424 475 423 475 288 475 425 476 424 476 288 476 353 477 426 477 427 477 353 478 427 478 428 478 353 479 428 479 429 479 353 480 429 480 430 480 353 481 430 481 431 481 353 482 431 482 432 482 353 483 432 483 433 483 353 484 433 484 434 484 353 485 434 485 435 485 353 486 435 486 436 486 353 487 436 487 437 487 353 488 437 488 438 488 353 489 438 489 439 489 353 490 439 490 440 490 353 491 440 491 441 491 353 492 441 492 442 492 353 493 442 493 443 493 353 494 443 494 444 494 353 495 444 495 445 495 353 496 445 496 425 496 353 497 425 497 288 497 446 498 447 498 448 498 446 499 448 499 449 499 446 500 449 500 450 500 446 501 450 501 451 501 446 502 451 502 452 502 446 503 452 503 426 503 446 504 426 504 353 504 447 505 419 505 448 505 448 506 419 506 449 506 449 507 419 507 450 507 450 508 419 508 451 508 451 509 419 509 452 509 452 510 419 510 426 510 426 511 419 511 427 511 427 512 419 512 428 512 428 513 419 513 429 513 429 514 419 514 430 514 430 515 419 515 431 515 431 516 419 516 432 516 432 517 419 517 433 517 433 518 419 518 434 518 434 519 419 519 435 519 435 520 419 520 436 520 436 521 419 521 437 521 437 522 419 522 438 522 438 523 419 523 439 523 439 524 419 524 440 524 440 525 419 525 441 525 441 526 419 526 442 526 442 527 419 527 443 527 443 528 419 528 444 528 444 529 419 529 445 529 445 530 419 530 425 530 425 531 419 531 424 531 424 532 419 532 423 532 423 533 419 533 422 533 422 534 419 534 421 534 421 535 419 535 420 535 447 536 417 536 419 536 447 537 453 537 417 537 453 538 454 538 417 538 455 539 454 539 453 539 456 540 457 540 458 540 459 541 460 541 461 541 461 542 3338 542 457 542 457 543 3338 543 458 543 461 544 462 544 3338 544 460 545 462 545 461 545 463 546 464 546 465 546 463 547 466 547 464 547 463 548 467 548 466 548 463 549 468 549 467 549 463 550 469 550 468 550 470 551 463 551 465 551 471 552 463 552 470 552 472 553 473 553 474 553 472 554 475 554 473 554 472 555 476 555 475 555 472 556 471 556 476 556 472 557 463 557 471 557 477 558 478 558 479 558 477 559 474 559 478 559 477 560 472 560 474 560 480 561 479 561 481 561 480 562 477 562 479 562 482 563 481 563 483 563 482 564 480 564 481 564 484 565 483 565 485 565 484 566 482 566 483 566 486 567 484 567 485 567 487 568 485 568 488 568 487 569 486 569 485 569 489 570 487 570 488 570 490 571 489 571 488 571 491 572 490 572 488 572 492 573 488 573 493 573 492 574 491 574 488 574 494 575 492 575 493 575 495 576 494 576 493 576 496 577 493 577 458 577 496 578 495 578 493 578 3338 579 496 579 458 579 463 580 497 580 498 580 463 581 498 581 499 581 463 582 499 582 469 582 496 583 3338 583 3346 583 495 584 3346 584 3347 584 495 585 496 585 3346 585 494 586 3347 586 500 586 494 587 495 587 3347 587 492 588 500 588 3348 588 492 589 494 589 500 589 491 590 3348 590 501 590 491 591 492 591 3348 591 490 592 501 592 502 592 490 593 491 593 501 593 489 594 502 594 3349 594 489 595 3349 595 503 595 489 596 490 596 502 596 487 597 503 597 504 597 487 598 504 598 3350 598 487 599 489 599 503 599 486 600 487 600 3350 600 505 601 484 601 486 601 506 602 482 602 484 602 506 603 3350 603 3351 603 506 604 505 604 486 604 506 605 484 605 505 605 506 606 486 606 3350 606 507 607 3351 607 508 607 507 608 508 608 3352 608 507 609 482 609 506 609 507 610 506 610 3351 610 509 611 482 611 507 611 509 612 3352 612 510 612 509 613 510 613 511 613 509 614 507 614 3352 614 512 615 509 615 511 615 512 616 511 616 513 616 512 617 513 617 514 617 515 618 512 618 514 618 515 619 514 619 516 619 515 620 516 620 517 620 518 621 517 621 519 621 518 622 519 622 520 622 518 623 515 623 517 623 521 624 518 624 520 624 521 625 520 625 522 625 521 626 522 626 3353 626 523 627 480 627 482 627 524 628 521 628 3353 628 524 629 3353 629 3354 629 524 630 3354 630 3355 630 525 631 482 631 509 631 525 632 523 632 482 632 525 633 480 633 523 633 526 634 3355 634 3356 634 526 635 524 635 3355 635 526 636 3356 636 3357 636 527 637 509 637 512 637 527 638 525 638 509 638 527 639 480 639 525 639 528 640 3357 640 529 640 528 641 529 641 530 641 528 642 526 642 3357 642 531 643 527 643 512 643 531 644 512 644 515 644 532 645 530 645 533 645 532 646 533 646 534 646 532 647 528 647 530 647 532 648 534 648 620 648 535 649 515 649 518 649 535 650 531 650 515 650 536 651 518 651 521 651 536 652 535 652 518 652 537 653 521 653 524 653 537 654 536 654 521 654 538 655 477 655 480 655 539 656 524 656 526 656 539 657 526 657 528 657 539 658 537 658 524 658 540 659 480 659 527 659 540 660 538 660 480 660 540 661 477 661 538 661 541 662 539 662 528 662 542 663 540 663 527 663 542 664 527 664 531 664 542 665 477 665 540 665 543 666 528 666 532 666 543 667 541 667 528 667 543 668 532 668 620 668 544 669 535 669 536 669 544 670 542 670 531 670 544 671 531 671 535 671 545 672 544 672 536 672 546 673 536 673 537 673 546 674 545 674 536 674 547 675 537 675 539 675 547 676 539 676 541 676 547 677 546 677 537 677 548 678 547 678 541 678 549 679 541 679 543 679 549 680 543 680 620 680 549 681 548 681 541 681 550 682 477 682 542 682 550 683 544 683 545 683 550 684 542 684 544 684 551 685 550 685 545 685 552 686 545 686 546 686 552 687 551 687 545 687 553 688 546 688 547 688 553 689 547 689 548 689 553 690 552 690 546 690 554 691 553 691 548 691 555 692 472 692 477 692 555 693 477 693 550 693 556 694 554 694 548 694 556 695 549 695 620 695 556 696 548 696 549 696 557 697 555 697 550 697 558 698 557 698 550 698 558 699 550 699 551 699 559 700 558 700 551 700 559 701 551 701 552 701 559 702 552 702 553 702 560 703 559 703 553 703 561 704 553 704 554 704 561 705 560 705 553 705 562 706 472 706 555 706 563 707 561 707 554 707 563 708 554 708 556 708 563 709 556 709 620 709 564 710 472 710 562 710 564 711 562 711 555 711 564 712 555 712 557 712 565 713 472 713 564 713 565 714 557 714 558 714 565 715 564 715 557 715 566 716 565 716 558 716 566 717 558 717 559 717 567 718 560 718 561 718 567 719 559 719 560 719 567 720 566 720 559 720 568 721 567 721 561 721 569 722 568 722 561 722 569 723 561 723 563 723 569 724 563 724 620 724 570 725 472 725 565 725 570 726 565 726 566 726 570 727 566 727 567 727 571 728 570 728 567 728 572 729 567 729 568 729 572 730 568 730 569 730 572 731 571 731 567 731 573 732 569 732 620 732 573 733 572 733 569 733 574 734 472 734 570 734 575 735 574 735 570 735 576 736 570 736 571 736 576 737 575 737 570 737 577 738 571 738 572 738 577 739 576 739 571 739 578 740 573 740 620 740 578 741 572 741 573 741 578 742 577 742 572 742 579 743 472 743 574 743 580 744 574 744 575 744 580 745 575 745 576 745 580 746 579 746 574 746 581 747 580 747 576 747 582 748 576 748 577 748 582 749 581 749 576 749 583 750 578 750 620 750 583 751 577 751 578 751 583 752 582 752 577 752 584 753 472 753 579 753 585 754 579 754 580 754 585 755 584 755 579 755 585 756 580 756 581 756 586 757 585 757 581 757 587 758 581 758 582 758 587 759 586 759 581 759 588 760 583 760 620 760 588 761 582 761 583 761 588 762 587 762 582 762 589 763 463 763 472 763 589 764 472 764 584 764 589 765 584 765 585 765 590 766 589 766 585 766 590 767 585 767 586 767 591 768 590 768 586 768 592 769 591 769 586 769 592 770 586 770 587 770 593 771 587 771 588 771 593 772 588 772 620 772 593 773 592 773 587 773 594 774 589 774 590 774 595 775 590 775 591 775 595 776 591 776 592 776 595 777 594 777 590 777 596 778 595 778 592 778 597 779 593 779 620 779 597 780 592 780 593 780 597 781 596 781 592 781 598 782 589 782 594 782 598 783 594 783 595 783 598 784 463 784 589 784 599 785 598 785 595 785 599 786 463 786 598 786 600 787 595 787 596 787 600 788 599 788 595 788 600 789 463 789 599 789 601 790 597 790 620 790 601 791 596 791 597 791 601 792 600 792 596 792 602 793 463 793 600 793 603 794 620 794 497 794 603 795 601 795 620 795 603 796 600 796 601 796 603 797 602 797 600 797 604 798 463 798 602 798 605 799 603 799 497 799 605 800 602 800 603 800 605 801 604 801 602 801 606 802 463 802 604 802 607 803 605 803 497 803 607 804 604 804 605 804 607 805 606 805 604 805 608 806 463 806 606 806 609 807 607 807 497 807 609 808 606 808 607 808 609 809 608 809 606 809 610 810 463 810 608 810 611 811 609 811 497 811 611 812 608 812 609 812 611 813 610 813 608 813 612 814 463 814 610 814 613 815 611 815 497 815 613 816 610 816 611 816 613 817 612 817 610 817 614 818 497 818 463 818 614 819 463 819 612 819 615 820 613 820 497 820 615 821 612 821 613 821 615 822 614 822 612 822 616 823 615 823 497 823 616 824 614 824 615 824 617 825 616 825 497 825 617 826 614 826 616 826 618 827 497 827 614 827 618 828 617 828 497 828 618 829 614 829 617 829 619 830 620 830 621 830 497 831 619 831 923 831 497 832 620 832 619 832 464 833 622 833 465 833 466 834 622 834 464 834 467 835 622 835 466 835 468 836 622 836 467 836 469 837 622 837 468 837 499 838 622 838 469 838 498 839 622 839 499 839 497 840 622 840 498 840 622 841 470 841 465 841 622 842 471 842 470 842 622 843 476 843 471 843 622 844 475 844 476 844 622 845 473 845 475 845 622 846 474 846 473 846 622 847 478 847 474 847 622 848 479 848 478 848 622 849 481 849 479 849 458 850 623 850 456 850 622 851 623 851 458 851 622 852 458 852 493 852 622 853 493 853 488 853 622 854 488 854 485 854 622 855 485 855 483 855 622 856 483 856 481 856 457 857 624 857 625 857 624 858 626 858 625 858 456 859 627 859 457 859 457 860 627 860 624 860 626 861 628 861 625 861 456 862 629 862 627 862 628 863 630 863 625 863 456 864 631 864 629 864 630 865 632 865 625 865 456 866 623 866 631 866 632 867 633 867 625 867 633 868 634 868 625 868 634 869 635 869 625 869 635 870 636 870 625 870 636 871 637 871 625 871 637 872 638 872 625 872 638 873 639 873 625 873 639 874 640 874 625 874 641 875 642 875 640 875 643 876 642 876 641 876 644 877 642 877 643 877 645 878 642 878 644 878 646 879 642 879 645 879 640 880 642 880 625 880 646 881 647 881 642 881 647 882 648 882 642 882 648 883 649 883 642 883 649 884 650 884 642 884 650 885 651 885 642 885 651 886 652 886 642 886 652 887 653 887 642 887 654 888 653 888 652 888 461 889 457 889 625 889 461 890 625 890 655 890 656 891 657 891 658 891 658 892 657 892 659 892 657 893 660 893 659 893 660 894 661 894 659 894 661 895 662 895 659 895 662 896 663 896 659 896 663 897 664 897 659 897 664 898 665 898 659 898 665 899 666 899 659 899 666 900 667 900 659 900 667 901 668 901 659 901 668 902 669 902 659 902 669 903 670 903 659 903 671 904 655 904 672 904 672 905 655 905 673 905 673 906 655 906 674 906 674 907 655 907 675 907 675 908 655 908 676 908 676 909 655 909 677 909 677 910 655 910 678 910 678 911 655 911 670 911 670 912 655 912 659 912 671 913 679 913 655 913 679 914 680 914 655 914 680 915 681 915 655 915 681 916 682 916 655 916 683 917 459 917 684 917 684 918 459 918 685 918 683 919 686 919 459 919 685 920 461 920 682 920 682 921 461 921 655 921 459 922 461 922 685 922 686 923 460 923 459 923 687 924 688 924 724 924 689 925 688 925 687 925 723 926 688 926 689 926 690 927 688 927 723 927 691 928 688 928 690 928 692 929 688 929 691 929 693 930 688 930 692 930 694 931 688 931 693 931 695 932 688 932 694 932 696 933 688 933 695 933 697 934 688 934 696 934 698 935 688 935 697 935 699 936 688 936 698 936 700 937 688 937 699 937 701 938 688 938 700 938 702 939 688 939 701 939 703 940 688 940 702 940 686 941 688 941 460 941 460 942 688 942 704 942 704 943 688 943 705 943 705 944 688 944 706 944 706 945 688 945 707 945 707 946 688 946 703 946 708 947 462 947 460 947 708 948 460 948 704 948 709 949 708 949 704 949 710 950 709 950 704 950 711 951 710 951 704 951 712 952 704 952 705 952 712 953 711 953 704 953 713 954 712 954 705 954 714 955 713 955 705 955 715 956 705 956 706 956 715 957 714 957 705 957 716 958 715 958 706 958 717 959 706 959 707 959 717 960 716 960 706 960 718 961 707 961 703 961 718 962 717 962 707 962 719 963 703 963 702 963 719 964 718 964 703 964 720 965 701 965 700 965 720 966 702 966 701 966 720 967 719 967 702 967 721 968 699 968 698 968 721 969 700 969 699 969 721 970 720 970 700 970 697 971 721 971 698 971 696 972 721 972 697 972 722 973 694 973 693 973 722 974 695 974 694 974 722 975 696 975 695 975 722 976 721 976 696 976 692 977 722 977 693 977 691 978 722 978 692 978 690 979 722 979 691 979 723 980 722 980 690 980 689 981 722 981 723 981 724 982 722 982 687 982 687 983 722 983 689 983 710 984 3327 984 725 984 711 985 3327 985 710 985 711 986 3326 986 3327 986 709 987 710 987 725 987 709 988 725 988 3328 988 712 989 3325 989 3326 989 712 990 3326 990 711 990 708 991 709 991 3328 991 713 992 726 992 3325 992 713 993 3325 993 712 993 462 994 708 994 3328 994 714 995 727 995 3324 995 714 996 3324 996 726 996 714 997 726 997 713 997 715 998 728 998 3323 998 715 999 3323 999 727 999 715 1000 727 1000 714 1000 716 1001 728 1001 715 1001 729 1002 848 1002 3310 1002 729 1003 3310 1003 3311 1003 729 1004 3311 1004 730 1004 731 1005 730 1005 3312 1005 731 1006 3312 1006 3313 1006 731 1007 729 1007 730 1007 732 1008 731 1008 3313 1008 732 1009 3313 1009 3314 1009 732 1010 3314 1010 3315 1010 733 1011 3315 1011 734 1011 733 1012 734 1012 735 1012 733 1013 732 1013 3315 1013 736 1014 735 1014 3316 1014 736 1015 3316 1015 3317 1015 736 1016 733 1016 735 1016 737 1017 3317 1017 738 1017 737 1018 738 1018 739 1018 737 1019 736 1019 3317 1019 740 1020 848 1020 729 1020 741 1021 739 1021 3318 1021 741 1022 3318 1022 742 1022 741 1023 737 1023 739 1023 743 1024 740 1024 729 1024 743 1025 729 1025 731 1025 744 1026 742 1026 745 1026 744 1027 745 1027 3319 1027 744 1028 741 1028 742 1028 746 1029 732 1029 733 1029 746 1030 731 1030 732 1030 746 1031 743 1031 731 1031 747 1032 744 1032 3319 1032 747 1033 3319 1033 3320 1033 747 1034 3320 1034 3321 1034 748 1035 746 1035 733 1035 749 1036 747 1036 3321 1036 749 1037 3321 1037 750 1037 749 1038 750 1038 3322 1038 749 1039 718 1039 747 1039 751 1040 733 1040 736 1040 751 1041 748 1041 733 1041 752 1042 749 1042 3322 1042 752 1043 3322 1043 728 1043 752 1044 718 1044 749 1044 752 1045 717 1045 718 1045 752 1046 728 1046 716 1046 753 1047 736 1047 737 1047 753 1048 737 1048 741 1048 753 1049 751 1049 736 1049 754 1050 848 1050 740 1050 755 1051 752 1051 716 1051 755 1052 717 1052 752 1052 755 1053 716 1053 717 1053 756 1054 753 1054 741 1054 757 1055 743 1055 746 1055 757 1056 740 1056 743 1056 757 1057 754 1057 740 1057 758 1058 756 1058 741 1058 758 1059 741 1059 744 1059 759 1060 757 1060 746 1060 760 1061 744 1061 747 1061 760 1062 747 1062 718 1062 760 1063 758 1063 744 1063 760 1064 719 1064 758 1064 761 1065 746 1065 748 1065 761 1066 759 1066 746 1066 762 1067 718 1067 719 1067 762 1068 760 1068 718 1068 762 1069 719 1069 760 1069 763 1070 748 1070 751 1070 763 1071 761 1071 748 1071 764 1072 751 1072 753 1072 764 1073 763 1073 751 1073 765 1074 848 1074 754 1074 765 1075 754 1075 757 1075 766 1076 756 1076 758 1076 766 1077 764 1077 753 1077 766 1078 753 1078 756 1078 767 1079 765 1079 757 1079 768 1080 758 1080 719 1080 768 1081 720 1081 766 1081 768 1082 766 1082 758 1082 769 1083 757 1083 759 1083 769 1084 759 1084 761 1084 769 1085 767 1085 757 1085 770 1086 719 1086 720 1086 770 1087 768 1087 719 1087 770 1088 720 1088 768 1088 771 1089 769 1089 761 1089 772 1090 761 1090 763 1090 772 1091 771 1091 761 1091 773 1092 772 1092 763 1092 773 1093 763 1093 764 1093 773 1094 764 1094 766 1094 774 1095 848 1095 765 1095 774 1096 765 1096 767 1096 775 1097 773 1097 766 1097 775 1098 766 1098 720 1098 776 1099 774 1099 767 1099 777 1100 775 1100 720 1100 778 1101 776 1101 767 1101 778 1102 767 1102 769 1102 779 1103 778 1103 769 1103 779 1104 769 1104 771 1104 780 1105 772 1105 773 1105 780 1106 771 1106 772 1106 780 1107 779 1107 771 1107 781 1108 780 1108 773 1108 782 1109 848 1109 774 1109 783 1110 775 1110 777 1110 783 1111 777 1111 720 1111 783 1112 781 1112 773 1112 783 1113 720 1113 721 1113 783 1114 773 1114 775 1114 784 1115 782 1115 774 1115 784 1116 774 1116 776 1116 785 1117 776 1117 778 1117 785 1118 784 1118 776 1118 786 1119 778 1119 779 1119 786 1120 785 1120 778 1120 787 1121 779 1121 780 1121 787 1122 780 1122 781 1122 787 1123 786 1123 779 1123 788 1124 787 1124 781 1124 788 1125 721 1125 787 1125 789 1126 848 1126 782 1126 790 1127 781 1127 783 1127 790 1128 783 1128 721 1128 790 1129 788 1129 781 1129 790 1130 721 1130 788 1130 791 1131 789 1131 782 1131 791 1132 782 1132 784 1132 792 1133 784 1133 785 1133 792 1134 791 1134 784 1134 793 1135 785 1135 786 1135 793 1136 792 1136 785 1136 794 1137 787 1137 721 1137 794 1138 786 1138 787 1138 794 1139 793 1139 786 1139 795 1140 794 1140 721 1140 796 1141 848 1141 789 1141 797 1142 791 1142 792 1142 797 1143 789 1143 791 1143 797 1144 796 1144 789 1144 798 1145 792 1145 793 1145 798 1146 797 1146 792 1146 799 1147 798 1147 793 1147 800 1148 793 1148 794 1148 800 1149 799 1149 793 1149 801 1150 795 1150 721 1150 801 1151 794 1151 795 1151 801 1152 800 1152 794 1152 802 1153 848 1153 796 1153 803 1154 796 1154 797 1154 803 1155 802 1155 796 1155 804 1156 797 1156 798 1156 804 1157 803 1157 797 1157 805 1158 804 1158 798 1158 805 1159 798 1159 799 1159 806 1160 799 1160 800 1160 806 1161 805 1161 799 1161 807 1162 801 1162 721 1162 807 1163 800 1163 801 1163 807 1164 806 1164 800 1164 808 1165 848 1165 802 1165 808 1166 802 1166 803 1166 809 1167 808 1167 803 1167 809 1168 803 1168 804 1168 810 1169 809 1169 804 1169 811 1170 805 1170 806 1170 811 1171 810 1171 804 1171 811 1172 804 1172 805 1172 812 1173 806 1173 807 1173 812 1174 811 1174 806 1174 813 1175 848 1175 808 1175 814 1176 808 1176 809 1176 814 1177 813 1177 808 1177 815 1178 809 1178 810 1178 815 1179 814 1179 809 1179 815 1180 810 1180 811 1180 816 1181 815 1181 811 1181 817 1182 807 1182 721 1182 817 1183 812 1183 807 1183 817 1184 811 1184 812 1184 817 1185 816 1185 811 1185 817 1186 721 1186 722 1186 818 1187 848 1187 813 1187 818 1188 813 1188 814 1188 819 1189 814 1189 815 1189 819 1190 818 1190 814 1190 820 1191 819 1191 815 1191 821 1192 815 1192 816 1192 821 1193 816 1193 817 1193 821 1194 820 1194 815 1194 822 1195 818 1195 819 1195 822 1196 848 1196 818 1196 822 1197 724 1197 848 1197 823 1198 819 1198 820 1198 823 1199 822 1199 819 1199 824 1200 823 1200 820 1200 825 1201 817 1201 722 1201 825 1202 821 1202 817 1202 825 1203 820 1203 821 1203 825 1204 824 1204 820 1204 826 1205 724 1205 822 1205 827 1206 822 1206 823 1206 827 1207 823 1207 824 1207 827 1208 826 1208 822 1208 828 1209 722 1209 827 1209 828 1210 827 1210 824 1210 829 1211 825 1211 722 1211 829 1212 824 1212 825 1212 829 1213 722 1213 828 1213 829 1214 828 1214 824 1214 830 1215 724 1215 826 1215 831 1216 827 1216 722 1216 831 1217 826 1217 827 1217 831 1218 830 1218 826 1218 832 1219 831 1219 722 1219 833 1220 724 1220 830 1220 833 1221 830 1221 831 1221 834 1222 831 1222 832 1222 834 1223 833 1223 831 1223 835 1224 724 1224 833 1224 836 1225 832 1225 722 1225 836 1226 833 1226 834 1226 836 1227 834 1227 832 1227 836 1228 835 1228 833 1228 837 1229 724 1229 835 1229 837 1230 835 1230 836 1230 838 1231 836 1231 722 1231 838 1232 837 1232 836 1232 839 1233 724 1233 837 1233 840 1234 838 1234 722 1234 840 1235 837 1235 838 1235 840 1236 839 1236 837 1236 841 1237 724 1237 839 1237 842 1238 839 1238 840 1238 842 1239 841 1239 839 1239 842 1240 722 1240 724 1240 842 1241 840 1241 722 1241 843 1242 724 1242 841 1242 843 1243 841 1243 842 1243 844 1244 724 1244 843 1244 844 1245 843 1245 842 1245 845 1246 842 1246 724 1246 845 1247 844 1247 842 1247 845 1248 724 1248 844 1248 846 1249 724 1249 847 1249 848 1250 846 1250 849 1250 848 1251 724 1251 846 1251 619 1252 846 1252 847 1252 923 1253 847 1253 996 1253 923 1254 619 1254 847 1254 850 1255 996 1255 1089 1255 847 1256 724 1256 996 1256 688 1257 851 1257 852 1257 852 1258 853 1258 688 1258 688 1259 854 1259 851 1259 853 1260 855 1260 688 1260 688 1261 856 1261 854 1261 857 1262 856 1262 688 1262 858 1263 856 1263 857 1263 855 1264 859 1264 688 1264 860 1265 861 1265 858 1265 858 1266 861 1266 856 1266 688 1267 862 1267 724 1267 859 1268 862 1268 688 1268 860 1269 863 1269 861 1269 864 1270 863 1270 860 1270 865 1271 863 1271 864 1271 862 1272 866 1272 724 1272 867 1273 868 1273 865 1273 869 1274 868 1274 867 1274 865 1275 868 1275 863 1275 866 1276 870 1276 724 1276 869 1277 871 1277 868 1277 872 1278 871 1278 869 1278 873 1279 871 1279 872 1279 870 1280 874 1280 724 1280 873 1281 875 1281 871 1281 876 1282 875 1282 873 1282 874 1283 877 1283 724 1283 876 1284 878 1284 875 1284 879 1285 878 1285 876 1285 880 1286 878 1286 879 1286 877 1287 881 1287 724 1287 880 1288 882 1288 878 1288 883 1289 882 1289 880 1289 884 1290 882 1290 883 1290 881 1291 885 1291 724 1291 884 1292 886 1292 882 1292 885 1293 887 1293 724 1293 884 1294 888 1294 886 1294 884 1295 889 1295 888 1295 890 1296 891 1296 892 1296 892 1297 891 1297 893 1297 893 1298 891 1298 894 1298 894 1299 891 1299 895 1299 895 1300 891 1300 896 1300 896 1301 891 1301 897 1301 897 1302 891 1302 887 1302 887 1303 891 1303 724 1303 724 1304 891 1304 996 1304 898 1305 899 1305 890 1305 890 1306 899 1306 891 1306 898 1307 900 1307 899 1307 901 1308 902 1308 898 1308 898 1309 902 1309 900 1309 903 1310 904 1310 901 1310 901 1311 904 1311 902 1311 903 1312 905 1312 904 1312 903 1313 906 1313 905 1313 907 1314 906 1314 903 1314 907 1315 908 1315 906 1315 909 1316 910 1316 907 1316 907 1317 910 1317 908 1317 909 1318 911 1318 910 1318 909 1319 912 1319 911 1319 913 1320 912 1320 909 1320 914 1321 915 1321 913 1321 913 1322 915 1322 912 1322 914 1323 916 1323 915 1323 914 1324 917 1324 916 1324 918 1325 917 1325 914 1325 919 1326 920 1326 921 1326 921 1327 920 1327 918 1327 918 1328 920 1328 917 1328 891 1329 1089 1329 996 1329 922 1330 923 1330 924 1330 922 1331 925 1331 923 1331 6220 1332 925 1332 922 1332 922 1333 6219 1333 6220 1333 925 1334 6221 1334 923 1334 922 1335 926 1335 6219 1335 6221 1336 927 1336 923 1336 922 1337 928 1337 926 1337 927 1338 929 1338 923 1338 929 1339 930 1339 923 1339 930 1340 6222 1340 923 1340 923 1341 6223 1341 497 1341 6222 1342 6223 1342 923 1342 6223 1343 6224 1343 497 1343 6224 1344 931 1344 497 1344 931 1345 6225 1345 497 1345 6225 1346 6226 1346 497 1346 6226 1347 932 1347 497 1347 932 1348 933 1348 497 1348 933 1349 6227 1349 497 1349 6227 1350 6228 1350 497 1350 6228 1351 934 1351 497 1351 934 1352 935 1352 497 1352 935 1353 936 1353 497 1353 936 1354 6229 1354 497 1354 6229 1355 6230 1355 497 1355 6230 1356 937 1356 497 1356 937 1357 938 1357 497 1357 938 1358 939 1358 497 1358 939 1359 940 1359 497 1359 940 1360 941 1360 497 1360 941 1361 942 1361 497 1361 942 1362 6231 1362 497 1362 6231 1363 6232 1363 497 1363 6232 1364 943 1364 497 1364 943 1365 944 1365 497 1365 944 1366 6233 1366 497 1366 6233 1367 6234 1367 497 1367 6234 1368 622 1368 497 1368 922 1369 945 1369 928 1369 212 1370 653 1370 215 1370 215 1371 653 1371 658 1371 658 1372 653 1372 656 1372 653 1373 654 1373 656 1373 946 1374 1494 1374 947 1374 946 1375 947 1375 1492 1375 948 1376 946 1376 949 1376 1499 1377 950 1377 951 1377 1499 1378 951 1378 1498 1378 1499 1379 1498 1379 1497 1379 1499 1380 1497 1380 1496 1380 1499 1381 1496 1381 952 1381 953 1382 954 1382 1499 1382 953 1383 952 1383 1495 1383 953 1384 1495 1384 1494 1384 953 1385 1499 1385 952 1385 955 1386 956 1386 1501 1386 955 1387 1501 1387 1500 1387 955 1388 1500 1388 953 1388 922 1389 953 1389 1494 1389 922 1390 1502 1390 955 1390 922 1391 955 1391 953 1391 922 1392 948 1392 1487 1392 922 1393 1487 1393 957 1393 922 1394 957 1394 958 1394 922 1395 1494 1395 946 1395 922 1396 946 1396 948 1396 642 1397 945 1397 922 1397 642 1398 922 1398 958 1398 653 1399 945 1399 642 1399 959 1400 945 1400 653 1400 960 1401 642 1401 958 1401 961 1402 960 1402 1124 1402 1120 1403 961 1403 962 1403 963 1404 1120 1404 964 1404 963 1405 964 1405 965 1405 963 1406 961 1406 1120 1406 963 1407 960 1407 961 1407 1115 1408 960 1408 963 1408 966 1409 1115 1409 1113 1409 967 1410 960 1410 1115 1410 967 1411 1115 1411 966 1411 1109 1412 960 1412 967 1412 1108 1413 960 1413 1109 1413 1106 1414 1108 1414 1107 1414 1106 1415 960 1415 1108 1415 968 1416 1106 1416 1105 1416 1104 1417 960 1417 1106 1417 1104 1418 1106 1418 968 1418 1103 1419 960 1419 1104 1419 1100 1420 1103 1420 1102 1420 1100 1421 1102 1421 969 1421 1100 1422 969 1422 1101 1422 1100 1423 960 1423 1103 1423 1099 1424 960 1424 1100 1424 1097 1425 1099 1425 1098 1425 1097 1426 960 1426 1099 1426 1096 1427 960 1427 1097 1427 1093 1428 1096 1428 1095 1428 1093 1429 1095 1429 1094 1429 1092 1430 1096 1430 1093 1430 659 1431 642 1431 960 1431 1091 1432 1096 1432 1092 1432 970 1433 1091 1433 1090 1433 970 1434 960 1434 1096 1434 970 1435 1096 1435 1091 1435 1089 1436 960 1436 970 1436 1089 1437 659 1437 960 1437 891 1438 659 1438 1089 1438 891 1439 971 1439 658 1439 891 1440 658 1440 659 1440 642 1441 655 1441 625 1441 659 1442 655 1442 642 1442 972 1443 973 1443 974 1443 975 1444 976 1444 973 1444 975 1445 973 1445 972 1445 977 1446 850 1446 976 1446 977 1447 976 1447 975 1447 978 1448 850 1448 977 1448 979 1449 850 1449 978 1449 980 1450 850 1450 979 1450 981 1451 850 1451 980 1451 982 1452 850 1452 981 1452 983 1453 850 1453 982 1453 984 1454 850 1454 983 1454 985 1455 850 1455 984 1455 986 1456 850 1456 985 1456 987 1457 850 1457 986 1457 988 1458 850 1458 987 1458 989 1459 850 1459 988 1459 990 1460 850 1460 989 1460 991 1461 850 1461 990 1461 992 1462 850 1462 991 1462 993 1463 850 1463 992 1463 994 1464 850 1464 993 1464 995 1465 996 1465 850 1465 995 1466 850 1466 994 1466 923 1467 996 1467 995 1467 997 1468 998 1468 924 1468 999 1469 997 1469 924 1469 1000 1470 999 1470 924 1470 1001 1471 1000 1471 924 1471 1002 1472 1001 1472 924 1472 1003 1473 1002 1473 924 1473 1004 1474 1003 1474 924 1474 1005 1475 1004 1475 924 1475 1006 1476 1005 1476 924 1476 1007 1477 1006 1477 924 1477 1008 1478 1007 1478 924 1478 1009 1479 1008 1479 924 1479 1010 1480 1009 1480 924 1480 1011 1481 1010 1481 924 1481 1012 1482 1011 1482 924 1482 1013 1483 924 1483 923 1483 1013 1484 923 1484 995 1484 1014 1485 1012 1485 924 1485 1015 1486 924 1486 1013 1486 1015 1487 1014 1487 924 1487 846 1488 455 1488 453 1488 846 1489 619 1489 455 1489 1016 1490 1017 1490 619 1490 619 1491 1017 1491 455 1491 1561 1492 1577 1492 216 1492 216 1493 1577 1493 219 1493 219 1494 1578 1494 221 1494 1577 1495 1578 1495 219 1495 221 1496 1018 1496 220 1496 1578 1497 1018 1497 221 1497 220 1498 1019 1498 229 1498 1018 1499 1019 1499 220 1499 229 1500 1020 1500 231 1500 1019 1501 1020 1501 229 1501 231 1502 1579 1502 232 1502 1020 1503 1579 1503 231 1503 232 1504 1580 1504 233 1504 1579 1505 1580 1505 232 1505 233 1506 1021 1506 230 1506 1580 1507 1021 1507 233 1507 230 1508 1022 1508 236 1508 1021 1509 1022 1509 230 1509 236 1510 1023 1510 242 1510 1022 1511 1023 1511 236 1511 242 1512 1581 1512 240 1512 1023 1513 1581 1513 242 1513 1024 1514 244 1514 241 1514 1024 1515 1025 1515 244 1515 1025 1516 1026 1516 244 1516 240 1517 1027 1517 241 1517 1581 1518 1027 1518 240 1518 241 1519 1027 1519 1024 1519 1026 1520 1028 1520 244 1520 1028 1521 243 1521 244 1521 1028 1522 1029 1522 243 1522 1027 1523 1582 1523 1024 1523 1030 1524 1582 1524 1031 1524 1024 1525 1582 1525 1030 1525 1032 1526 1033 1526 243 1526 1033 1527 249 1527 243 1527 1582 1528 1583 1528 1031 1528 1034 1529 1583 1529 1035 1529 1036 1530 1583 1530 1034 1530 1031 1531 1583 1531 1036 1531 1037 1532 1038 1532 249 1532 1038 1533 248 1533 249 1533 1038 1534 1039 1534 248 1534 1040 1535 1041 1535 1042 1535 1043 1536 1041 1536 1040 1536 1035 1537 1041 1537 1043 1537 1583 1538 1041 1538 1035 1538 1039 1539 1044 1539 248 1539 1044 1540 246 1540 248 1540 1041 1541 1584 1541 1042 1541 1045 1542 1584 1542 1046 1542 1042 1543 1584 1543 1045 1543 1047 1544 247 1544 246 1544 1047 1545 1048 1545 247 1545 1584 1546 1049 1546 1046 1546 1050 1547 1049 1547 1051 1547 1046 1548 1049 1548 1050 1548 1052 1549 1053 1549 1054 1549 1053 1550 1055 1550 1054 1550 1056 1551 245 1551 247 1551 1056 1552 1057 1552 245 1552 1058 1553 1059 1553 1060 1553 1049 1554 1585 1554 1051 1554 1051 1555 1585 1555 1061 1555 1058 1556 1062 1556 1059 1556 1063 1557 238 1557 245 1557 1064 1558 1065 1558 1066 1558 1061 1559 1065 1559 1064 1559 1585 1560 1065 1560 1061 1560 1067 1561 1068 1561 1069 1561 1070 1562 239 1562 238 1562 1066 1563 1071 1563 1072 1563 1065 1564 1071 1564 1066 1564 1071 1565 1073 1565 1072 1565 1074 1566 1073 1566 1075 1566 1072 1567 1073 1567 1074 1567 920 1568 237 1568 239 1568 919 1569 237 1569 920 1569 1076 1570 889 1570 919 1570 919 1571 889 1571 237 1571 889 1572 884 1572 237 1572 1073 1573 1077 1573 1075 1573 1078 1574 1077 1574 884 1574 1075 1575 1077 1575 1078 1575 884 1576 235 1576 237 1576 1077 1577 1079 1577 884 1577 884 1578 1586 1578 235 1578 1079 1579 1586 1579 884 1579 235 1580 1575 1580 234 1580 1586 1581 1575 1581 235 1581 234 1582 1574 1582 228 1582 1575 1583 1574 1583 234 1583 228 1584 1573 1584 226 1584 1574 1585 1573 1585 228 1585 226 1586 1572 1586 227 1586 1573 1587 1572 1587 226 1587 227 1588 1080 1588 225 1588 1572 1589 1080 1589 227 1589 225 1590 1081 1590 224 1590 1080 1591 1081 1591 225 1591 224 1592 1082 1592 223 1592 1081 1593 1082 1593 224 1593 223 1594 1571 1594 222 1594 1082 1595 1571 1595 223 1595 222 1596 1083 1596 217 1596 1571 1597 1083 1597 222 1597 1083 1598 1084 1598 217 1598 1029 1599 1032 1599 243 1599 1033 1600 1037 1600 249 1600 1044 1601 1047 1601 246 1601 1048 1602 1056 1602 247 1602 1057 1603 1063 1603 245 1603 1063 1604 1070 1604 238 1604 1070 1605 920 1605 239 1605 1085 1606 889 1606 1076 1606 1068 1607 1085 1607 1069 1607 1069 1608 1085 1608 1086 1608 1087 1609 1068 1609 1067 1609 1062 1610 1087 1610 1088 1610 1055 1611 1058 1611 1060 1611 1060 1612 1054 1612 1055 1612 1088 1613 1059 1613 1062 1613 1067 1614 1088 1614 1087 1614 1076 1615 1086 1615 1085 1615 976 1616 850 1616 1089 1616 976 1617 1089 1617 970 1617 973 1618 970 1618 1090 1618 973 1619 976 1619 970 1619 974 1620 1090 1620 1091 1620 974 1621 973 1621 1090 1621 972 1622 1091 1622 1092 1622 972 1623 974 1623 1091 1623 975 1624 1092 1624 1093 1624 975 1625 972 1625 1092 1625 977 1626 1093 1626 1094 1626 977 1627 975 1627 1093 1627 978 1628 977 1628 1094 1628 978 1629 1094 1629 1095 1629 979 1630 978 1630 1095 1630 979 1631 1095 1631 1096 1631 980 1632 979 1632 1096 1632 980 1633 1096 1633 1097 1633 981 1634 980 1634 1097 1634 981 1635 1097 1635 1098 1635 982 1636 981 1636 1098 1636 982 1637 1098 1637 1099 1637 983 1638 982 1638 1099 1638 983 1639 1099 1639 1100 1639 984 1640 983 1640 1100 1640 984 1641 1100 1641 1101 1641 985 1642 984 1642 1101 1642 985 1643 1101 1643 969 1643 986 1644 985 1644 969 1644 986 1645 969 1645 1102 1645 987 1646 986 1646 1102 1646 987 1647 1102 1647 1103 1647 988 1648 987 1648 1103 1648 988 1649 1103 1649 1104 1649 989 1650 988 1650 1104 1650 989 1651 1104 1651 968 1651 990 1652 989 1652 968 1652 990 1653 968 1653 1105 1653 991 1654 1105 1654 1106 1654 991 1655 990 1655 1105 1655 992 1656 1106 1656 1107 1656 992 1657 991 1657 1106 1657 993 1658 1107 1658 1108 1658 993 1659 992 1659 1107 1659 994 1660 1108 1660 1109 1660 994 1661 993 1661 1108 1661 995 1662 1109 1662 967 1662 995 1663 994 1663 1109 1663 1110 1664 1111 1664 995 1664 1110 1665 967 1665 966 1665 1110 1666 995 1666 967 1666 1112 1667 966 1667 1113 1667 1112 1668 1110 1668 966 1668 1114 1669 1113 1669 1115 1669 1114 1670 1112 1670 1113 1670 1116 1671 1115 1671 963 1671 1116 1672 1114 1672 1115 1672 1117 1673 963 1673 965 1673 1117 1674 1116 1674 963 1674 1118 1675 965 1675 964 1675 1118 1676 1117 1676 965 1676 1119 1677 1118 1677 964 1677 1119 1678 964 1678 1120 1678 1121 1679 1119 1679 1120 1679 1121 1680 1120 1680 962 1680 1122 1681 1121 1681 962 1681 1122 1682 962 1682 961 1682 1123 1683 1122 1683 961 1683 1123 1684 961 1684 1124 1684 1125 1685 1123 1685 1124 1685 1125 1686 1124 1686 960 1686 1126 1687 1125 1687 960 1687 1127 1688 252 1688 1128 1688 1128 1689 252 1689 251 1689 1127 1690 1128 1690 1129 1690 1130 1691 1129 1691 1131 1691 1130 1692 1127 1692 1129 1692 1132 1693 1131 1693 1133 1693 1132 1694 1130 1694 1131 1694 1134 1695 1133 1695 1135 1695 1134 1696 1132 1696 1133 1696 1136 1697 1135 1697 1137 1697 1136 1698 1134 1698 1135 1698 1138 1699 1137 1699 1139 1699 1138 1700 1136 1700 1137 1700 1140 1701 1139 1701 1141 1701 1140 1702 1138 1702 1139 1702 1142 1703 1141 1703 1143 1703 1142 1704 1140 1704 1141 1704 1144 1705 1142 1705 1143 1705 1144 1706 1143 1706 1145 1706 1146 1707 1144 1707 1145 1707 1146 1708 1145 1708 1147 1708 1148 1709 1146 1709 1147 1709 1148 1710 1147 1710 1149 1710 1150 1711 1148 1711 1149 1711 1150 1712 1149 1712 1151 1712 1152 1713 1150 1713 1151 1713 1152 1714 1151 1714 1153 1714 1154 1715 1152 1715 1153 1715 1154 1716 1153 1716 1155 1716 1156 1717 1154 1717 1155 1717 1156 1718 1155 1718 1157 1718 1158 1719 1156 1719 1157 1719 1158 1720 1157 1720 1159 1720 1160 1721 1158 1721 1159 1721 1160 1722 1159 1722 1161 1722 1162 1723 1160 1723 1161 1723 1162 1724 1161 1724 1163 1724 1164 1725 1162 1725 1163 1725 1164 1726 1163 1726 1165 1726 1166 1727 1164 1727 1165 1727 1166 1728 1165 1728 1167 1728 1168 1729 1166 1729 1167 1729 1168 1730 1167 1730 1169 1730 1170 1731 1169 1731 1171 1731 1170 1732 1168 1732 1169 1732 1172 1733 1171 1733 1173 1733 1172 1734 1170 1734 1171 1734 1174 1735 1173 1735 1175 1735 1174 1736 1172 1736 1173 1736 1176 1737 1175 1737 1177 1737 1176 1738 1174 1738 1175 1738 1178 1739 1177 1739 1179 1739 1178 1740 1176 1740 1177 1740 1180 1741 1179 1741 1181 1741 1180 1742 1178 1742 1179 1742 1182 1743 1181 1743 1183 1743 1182 1744 1180 1744 1181 1744 1184 1745 1183 1745 1185 1745 1184 1746 1182 1746 1183 1746 1186 1747 1185 1747 1187 1747 1186 1748 1184 1748 1185 1748 1188 1749 1187 1749 1189 1749 1188 1750 1186 1750 1187 1750 1190 1751 1189 1751 1191 1751 1190 1752 1188 1752 1189 1752 1192 1753 1190 1753 1191 1753 1193 1754 289 1754 418 1754 418 1755 289 1755 288 1755 1194 1756 1193 1756 1195 1756 1194 1757 1195 1757 1196 1757 1194 1758 1196 1758 1197 1758 1194 1759 1197 1759 1198 1759 1194 1760 1198 1760 1199 1760 1194 1761 1199 1761 1200 1761 1194 1762 1200 1762 1201 1762 1194 1763 1201 1763 1202 1763 1194 1764 1202 1764 1203 1764 1194 1765 1203 1765 1204 1765 1194 1766 1204 1766 1205 1766 1194 1767 1205 1767 1206 1767 1207 1768 1193 1768 1194 1768 1208 1769 1193 1769 1207 1769 1209 1770 1193 1770 1208 1770 1210 1771 1193 1771 1209 1771 1211 1772 1193 1772 1210 1772 1212 1773 1193 1773 1211 1773 1213 1774 1193 1774 1212 1774 289 1775 1214 1775 1215 1775 289 1776 1216 1776 1214 1776 289 1777 1217 1777 1216 1777 289 1778 1218 1778 1217 1778 289 1779 1213 1779 1218 1779 289 1780 1193 1780 1213 1780 1219 1781 289 1781 1215 1781 1220 1782 289 1782 1219 1782 1221 1783 289 1783 1220 1783 1222 1784 289 1784 1221 1784 1223 1785 289 1785 1222 1785 1224 1786 289 1786 1223 1786 1225 1787 289 1787 1224 1787 1226 1788 289 1788 1225 1788 1227 1789 289 1789 1226 1789 1228 1790 289 1790 1227 1790 1229 1791 289 1791 1228 1791 1230 1792 289 1792 1229 1792 290 1793 289 1793 1231 1793 1231 1794 289 1794 1232 1794 1232 1795 289 1795 1233 1795 1233 1796 289 1796 1234 1796 1234 1797 289 1797 1235 1797 1235 1798 289 1798 1236 1798 1236 1799 289 1799 1237 1799 1237 1800 289 1800 1230 1800 1238 1801 1239 1801 1240 1801 291 1802 1241 1802 1238 1802 291 1803 1242 1803 1241 1803 291 1804 1243 1804 1242 1804 291 1805 1244 1805 1243 1805 291 1806 1245 1806 1244 1806 291 1807 1246 1807 1245 1807 291 1808 1247 1808 1246 1808 291 1809 1248 1809 1247 1809 291 1810 1249 1810 1248 1810 291 1811 1250 1811 1249 1811 291 1812 1251 1812 1250 1812 291 1813 1252 1813 1251 1813 291 1814 1253 1814 1252 1814 291 1815 1254 1815 1253 1815 291 1816 1255 1816 1254 1816 291 1817 1256 1817 1255 1817 291 1818 1257 1818 1256 1818 291 1819 1258 1819 1257 1819 291 1820 1259 1820 1258 1820 291 1821 1260 1821 1259 1821 291 1822 1261 1822 1260 1822 291 1823 1262 1823 1261 1823 291 1824 1263 1824 1262 1824 291 1825 1264 1825 1263 1825 291 1826 1265 1826 1264 1826 291 1827 290 1827 1266 1827 291 1828 1266 1828 1267 1828 291 1829 1267 1829 1268 1829 291 1830 1268 1830 1269 1830 291 1831 1269 1831 1270 1831 291 1832 1270 1832 1271 1832 291 1833 1271 1833 1265 1833 1240 1834 291 1834 1238 1834 253 1835 291 1835 1240 1835 253 1836 1240 1836 1272 1836 1273 1837 1272 1837 1274 1837 253 1838 1273 1838 1275 1838 253 1839 1275 1839 1276 1839 253 1840 1276 1840 1277 1840 253 1841 1277 1841 1278 1841 253 1842 1278 1842 1279 1842 253 1843 1279 1843 1280 1843 253 1844 1280 1844 1281 1844 253 1845 1281 1845 1282 1845 253 1846 1282 1846 1283 1846 253 1847 1283 1847 1284 1847 253 1848 1284 1848 1285 1848 253 1849 1285 1849 1286 1849 1287 1850 253 1850 1286 1850 1288 1851 253 1851 1287 1851 1289 1852 253 1852 1288 1852 1290 1853 253 1853 1289 1853 1291 1854 253 1854 1290 1854 1292 1855 253 1855 1291 1855 1293 1856 253 1856 1292 1856 1294 1857 253 1857 1293 1857 1295 1858 253 1858 1294 1858 1296 1859 253 1859 1295 1859 1297 1860 253 1860 1296 1860 1298 1861 253 1861 1297 1861 1299 1862 253 1862 1298 1862 250 1863 253 1863 1300 1863 1300 1864 253 1864 1301 1864 1301 1865 253 1865 1302 1865 1302 1866 253 1866 1303 1866 1303 1867 253 1867 1304 1867 1304 1868 253 1868 1305 1868 1305 1869 253 1869 1299 1869 253 1870 1272 1870 1273 1870 1306 1871 1137 1871 1135 1871 1306 1872 1139 1872 1137 1872 1306 1873 1141 1873 1139 1873 1306 1874 1143 1874 1141 1874 1306 1875 1145 1875 1143 1875 1306 1876 1147 1876 1145 1876 1306 1877 1149 1877 1147 1877 1306 1878 1151 1878 1149 1878 1133 1879 1306 1879 1135 1879 1131 1880 1306 1880 1133 1880 1129 1881 1306 1881 1131 1881 1128 1882 1307 1882 1308 1882 1128 1883 1308 1883 1309 1883 1128 1884 1309 1884 1310 1884 1128 1885 1310 1885 1311 1885 1128 1886 1311 1886 1312 1886 1128 1887 1312 1887 1306 1887 1128 1888 1306 1888 1129 1888 1313 1889 1307 1889 1128 1889 251 1890 1313 1890 1128 1890 251 1891 1314 1891 1315 1891 251 1892 1315 1892 1316 1892 251 1893 1316 1893 1317 1893 251 1894 1317 1894 1318 1894 251 1895 1318 1895 1319 1895 251 1896 1319 1896 1320 1896 251 1897 1320 1897 1321 1897 251 1898 1321 1898 1322 1898 251 1899 1322 1899 1323 1899 251 1900 1323 1900 1324 1900 251 1901 1324 1901 1325 1901 251 1902 1325 1902 1326 1902 251 1903 1326 1903 1327 1903 251 1904 1327 1904 1328 1904 251 1905 1328 1905 1329 1905 251 1906 1329 1906 1330 1906 251 1907 1330 1907 1313 1907 251 1908 250 1908 1331 1908 251 1909 1331 1909 1332 1909 251 1910 1332 1910 1333 1910 251 1911 1333 1911 1334 1911 251 1912 1334 1912 1335 1912 251 1913 1335 1913 1336 1913 251 1914 1336 1914 1337 1914 251 1915 1337 1915 1314 1915 1338 1916 281 1916 1339 1916 1339 1917 282 1917 1340 1917 281 1918 282 1918 1339 1918 282 1919 283 1919 1340 1919 1340 1920 284 1920 1341 1920 283 1921 284 1921 1340 1921 1341 1922 285 1922 1342 1922 284 1923 285 1923 1341 1923 1342 1924 286 1924 1343 1924 1343 1925 286 1925 1344 1925 285 1926 286 1926 1342 1926 286 1927 287 1927 1344 1927 1344 1928 327 1928 1345 1928 1345 1929 327 1929 1346 1929 287 1930 327 1930 1344 1930 327 1931 328 1931 1346 1931 1346 1932 329 1932 1347 1932 328 1933 329 1933 1346 1933 1347 1934 330 1934 1348 1934 1348 1935 330 1935 1349 1935 329 1936 330 1936 1347 1936 330 1937 331 1937 1349 1937 1349 1938 331 1938 1350 1938 331 1939 332 1939 1350 1939 332 1940 333 1940 1350 1940 1350 1941 333 1941 1351 1941 333 1942 334 1942 1351 1942 1351 1943 334 1943 1352 1943 334 1944 335 1944 1352 1944 1352 1945 335 1945 1353 1945 335 1946 336 1946 1353 1946 1353 1947 336 1947 1354 1947 336 1948 337 1948 1354 1948 1354 1949 337 1949 1355 1949 337 1950 338 1950 1355 1950 1355 1951 338 1951 1356 1951 1356 1952 338 1952 1357 1952 338 1953 339 1953 1357 1953 339 1954 340 1954 1357 1954 1357 1955 340 1955 1358 1955 340 1956 341 1956 1358 1956 1358 1957 341 1957 1359 1957 341 1958 342 1958 1359 1958 1359 1959 342 1959 1360 1959 1360 1960 343 1960 1361 1960 342 1961 343 1961 1360 1961 1361 1962 344 1962 1362 1962 343 1963 344 1963 1361 1963 1362 1964 345 1964 1363 1964 344 1965 345 1965 1362 1965 1363 1966 346 1966 1364 1966 345 1967 346 1967 1363 1967 1364 1968 347 1968 1365 1968 346 1969 347 1969 1364 1969 1365 1970 348 1970 1366 1970 347 1971 348 1971 1365 1971 1366 1972 349 1972 1367 1972 1367 1973 349 1973 1368 1973 348 1974 349 1974 1366 1974 349 1975 350 1975 1368 1975 1368 1976 351 1976 1369 1976 1369 1977 351 1977 1370 1977 350 1978 351 1978 1368 1978 1370 1979 352 1979 1371 1979 351 1980 352 1980 1370 1980 352 1981 354 1981 1371 1981 1371 1982 355 1982 1372 1982 354 1983 355 1983 1371 1983 1372 1984 356 1984 1373 1984 355 1985 356 1985 1372 1985 1373 1986 357 1986 1374 1986 1374 1987 357 1987 1375 1987 356 1988 357 1988 1373 1988 357 1989 358 1989 1375 1989 358 1990 359 1990 1375 1990 1375 1991 359 1991 1376 1991 1376 1992 359 1992 1377 1992 359 1993 360 1993 1377 1993 360 1994 361 1994 1377 1994 1377 1995 361 1995 1378 1995 1378 1996 361 1996 1379 1996 361 1997 362 1997 1379 1997 362 1998 363 1998 1379 1998 1379 1999 363 1999 1380 1999 363 2000 364 2000 1380 2000 1380 2001 364 2001 1381 2001 1381 2002 364 2002 1382 2002 364 2003 365 2003 1382 2003 365 2004 366 2004 1382 2004 1382 2005 366 2005 1383 2005 366 2006 367 2006 1383 2006 1383 2007 367 2007 1384 2007 1384 2008 367 2008 1385 2008 367 2009 368 2009 1385 2009 368 2010 369 2010 1385 2010 1385 2011 369 2011 1386 2011 369 2012 370 2012 1386 2012 1386 2013 370 2013 1387 2013 1387 2014 370 2014 1388 2014 370 2015 371 2015 1388 2015 1388 2016 371 2016 1389 2016 371 2017 372 2017 1389 2017 372 2018 373 2018 1389 2018 1389 2019 373 2019 1390 2019 1390 2020 373 2020 1391 2020 373 2021 374 2021 1391 2021 374 2022 375 2022 1391 2022 1391 2023 375 2023 1392 2023 375 2024 376 2024 1392 2024 1392 2025 376 2025 1393 2025 1393 2026 376 2026 1394 2026 376 2027 377 2027 1394 2027 1394 2028 377 2028 1395 2028 1395 2029 293 2029 1396 2029 377 2030 293 2030 1395 2030 293 2031 292 2031 1396 2031 1396 2032 294 2032 1397 2032 292 2033 294 2033 1396 2033 1397 2034 295 2034 1398 2034 1398 2035 295 2035 1399 2035 294 2036 295 2036 1397 2036 295 2037 296 2037 1399 2037 296 2038 297 2038 1399 2038 1399 2039 297 2039 1400 2039 1400 2040 297 2040 1401 2040 297 2041 298 2041 1401 2041 298 2042 299 2042 1401 2042 1401 2043 299 2043 1402 2043 299 2044 300 2044 1402 2044 1402 2045 300 2045 1403 2045 1403 2046 300 2046 1404 2046 300 2047 301 2047 1404 2047 301 2048 302 2048 1404 2048 1404 2049 302 2049 1405 2049 302 2050 303 2050 1405 2050 1405 2051 303 2051 1406 2051 1406 2052 303 2052 1407 2052 303 2053 304 2053 1407 2053 1407 2054 304 2054 1408 2054 304 2055 305 2055 1408 2055 305 2056 306 2056 1408 2056 1408 2057 306 2057 1409 2057 1409 2058 306 2058 1410 2058 306 2059 307 2059 1410 2059 1410 2060 307 2060 1411 2060 307 2061 308 2061 1411 2061 308 2062 309 2062 1411 2062 1411 2063 309 2063 1412 2063 1412 2064 310 2064 1413 2064 1413 2065 310 2065 1414 2065 309 2066 310 2066 1412 2066 310 2067 311 2067 1414 2067 1414 2068 312 2068 1415 2068 1415 2069 312 2069 1416 2069 311 2070 312 2070 1414 2070 312 2071 313 2071 1416 2071 1416 2072 314 2072 1417 2072 1417 2073 314 2073 1418 2073 313 2074 314 2074 1416 2074 314 2075 315 2075 1418 2075 1418 2076 316 2076 1419 2076 315 2077 316 2077 1418 2077 1419 2078 317 2078 1420 2078 316 2079 317 2079 1419 2079 1420 2080 318 2080 1421 2080 317 2081 318 2081 1420 2081 1421 2082 319 2082 1422 2082 318 2083 319 2083 1421 2083 1422 2084 320 2084 1423 2084 1423 2085 320 2085 1424 2085 319 2086 320 2086 1422 2086 320 2087 321 2087 1424 2087 1424 2088 322 2088 1425 2088 321 2089 322 2089 1424 2089 322 2090 323 2090 1425 2090 1425 2091 323 2091 1426 2091 323 2092 324 2092 1426 2092 1426 2093 324 2093 1427 2093 1427 2094 324 2094 1428 2094 324 2095 325 2095 1428 2095 325 2096 385 2096 1428 2096 1428 2097 385 2097 1429 2097 1429 2098 384 2098 1430 2098 1430 2099 384 2099 1431 2099 385 2100 384 2100 1429 2100 384 2101 383 2101 1431 2101 1431 2102 382 2102 1432 2102 1432 2103 382 2103 1433 2103 383 2104 382 2104 1431 2104 382 2105 378 2105 1433 2105 1433 2106 379 2106 1434 2106 378 2107 379 2107 1433 2107 1434 2108 380 2108 1435 2108 379 2109 380 2109 1434 2109 1435 2110 381 2110 1436 2110 380 2111 381 2111 1435 2111 1436 2112 276 2112 1437 2112 381 2113 276 2113 1436 2113 1437 2114 274 2114 1438 2114 276 2115 274 2115 1437 2115 1438 2116 272 2116 1439 2116 274 2117 272 2117 1438 2117 1439 2118 270 2118 1440 2118 272 2119 270 2119 1439 2119 1440 2120 268 2120 1441 2120 1441 2121 268 2121 1442 2121 270 2122 268 2122 1440 2122 268 2123 266 2123 1442 2123 1442 2124 264 2124 1443 2124 1443 2125 264 2125 1444 2125 266 2126 264 2126 1442 2126 264 2127 262 2127 1444 2127 1444 2128 260 2128 1445 2128 1445 2129 260 2129 1446 2129 262 2130 260 2130 1444 2130 260 2131 258 2131 1446 2131 1446 2132 256 2132 1447 2132 1447 2133 256 2133 1448 2133 258 2134 256 2134 1446 2134 256 2135 255 2135 1448 2135 1448 2136 254 2136 1449 2136 255 2137 254 2137 1448 2137 254 2138 257 2138 1449 2138 1449 2139 257 2139 1450 2139 257 2140 259 2140 1450 2140 1450 2141 259 2141 1451 2141 259 2142 261 2142 1451 2142 1451 2143 261 2143 1452 2143 1452 2144 261 2144 1453 2144 261 2145 263 2145 1453 2145 263 2146 265 2146 1453 2146 1453 2147 265 2147 1454 2147 265 2148 267 2148 1454 2148 1454 2149 267 2149 1455 2149 267 2150 269 2150 1455 2150 1455 2151 269 2151 1456 2151 1456 2152 269 2152 1457 2152 269 2153 271 2153 1457 2153 271 2154 273 2154 1457 2154 1457 2155 273 2155 1458 2155 273 2156 275 2156 1458 2156 1458 2157 275 2157 1459 2157 275 2158 277 2158 1459 2158 1459 2159 277 2159 1460 2159 277 2160 278 2160 1460 2160 1460 2161 278 2161 1461 2161 1461 2162 279 2162 1462 2162 278 2163 279 2163 1461 2163 279 2164 280 2164 1462 2164 1462 2165 280 2165 1463 2165 1463 2166 280 2166 1338 2166 280 2167 281 2167 1338 2167 1195 2168 1193 2168 418 2168 1195 2169 418 2169 392 2169 1196 2170 392 2170 388 2170 1196 2171 1195 2171 392 2171 1197 2172 388 2172 387 2172 1197 2173 1196 2173 388 2173 1198 2174 387 2174 386 2174 1198 2175 1197 2175 387 2175 1199 2176 386 2176 390 2176 1199 2177 1198 2177 386 2177 1200 2178 390 2178 389 2178 1200 2179 1199 2179 390 2179 1201 2180 389 2180 393 2180 1201 2181 1200 2181 389 2181 1202 2182 393 2182 391 2182 1202 2183 1201 2183 393 2183 1203 2184 1202 2184 391 2184 1203 2185 391 2185 395 2185 1204 2186 1203 2186 395 2186 1204 2187 395 2187 394 2187 1205 2188 1204 2188 394 2188 1205 2189 394 2189 397 2189 1206 2190 1205 2190 397 2190 1206 2191 397 2191 396 2191 1464 2192 1206 2192 396 2192 1464 2193 396 2193 398 2193 1465 2194 398 2194 400 2194 1465 2195 1464 2195 398 2195 1466 2196 1465 2196 400 2196 1466 2197 400 2197 401 2197 1467 2198 401 2198 399 2198 1467 2199 1466 2199 401 2199 1468 2200 399 2200 403 2200 1468 2201 1467 2201 399 2201 1469 2202 403 2202 402 2202 1469 2203 1468 2203 403 2203 1470 2204 402 2204 405 2204 1470 2205 1469 2205 402 2205 1471 2206 405 2206 404 2206 1471 2207 1470 2207 405 2207 1472 2208 404 2208 406 2208 1472 2209 1471 2209 404 2209 1473 2210 406 2210 408 2210 1473 2211 1472 2211 406 2211 1474 2212 408 2212 407 2212 1474 2213 1473 2213 408 2213 1475 2214 407 2214 409 2214 1475 2215 1474 2215 407 2215 1476 2216 409 2216 412 2216 1476 2217 1475 2217 409 2217 1477 2218 412 2218 411 2218 1477 2219 1476 2219 412 2219 1478 2220 411 2220 413 2220 1478 2221 1477 2221 411 2221 1479 2222 413 2222 410 2222 1479 2223 1478 2223 413 2223 1480 2224 410 2224 414 2224 1480 2225 1479 2225 410 2225 1481 2226 414 2226 416 2226 1481 2227 1480 2227 414 2227 1482 2228 416 2228 415 2228 1482 2229 1481 2229 416 2229 1483 2230 415 2230 417 2230 1483 2231 1482 2231 415 2231 1484 2232 1485 2232 958 2232 1484 2233 958 2233 957 2233 1486 2234 957 2234 1487 2234 1486 2235 1484 2235 957 2235 1488 2236 1487 2236 948 2236 1488 2237 1486 2237 1487 2237 1489 2238 948 2238 949 2238 1489 2239 1488 2239 948 2239 1490 2240 949 2240 946 2240 1490 2241 1489 2241 949 2241 1491 2242 946 2242 1492 2242 1491 2243 1490 2243 946 2243 1013 2244 1492 2244 947 2244 1013 2245 1491 2245 1492 2245 1493 2246 1491 2246 1013 2246 1015 2247 947 2247 1494 2247 1015 2248 1013 2248 947 2248 1014 2249 1494 2249 1495 2249 1014 2250 1015 2250 1494 2250 1012 2251 1495 2251 952 2251 1012 2252 1014 2252 1495 2252 1011 2253 952 2253 1496 2253 1011 2254 1012 2254 952 2254 1010 2255 1011 2255 1496 2255 1010 2256 1496 2256 1497 2256 1009 2257 1010 2257 1497 2257 1009 2258 1497 2258 1498 2258 1008 2259 1009 2259 1498 2259 1008 2260 1498 2260 951 2260 1007 2261 1008 2261 951 2261 1007 2262 951 2262 950 2262 1006 2263 1007 2263 950 2263 1006 2264 950 2264 1499 2264 1005 2265 1006 2265 1499 2265 1005 2266 1499 2266 954 2266 1004 2267 1005 2267 954 2267 1003 2268 1004 2268 954 2268 1003 2269 954 2269 953 2269 1002 2270 953 2270 1500 2270 1002 2271 1003 2271 953 2271 1001 2272 1500 2272 1501 2272 1001 2273 1002 2273 1500 2273 1000 2274 1501 2274 956 2274 1000 2275 1001 2275 1501 2275 999 2276 956 2276 955 2276 999 2277 1000 2277 956 2277 997 2278 955 2278 1502 2278 997 2279 999 2279 955 2279 998 2280 1502 2280 922 2280 998 2281 997 2281 1502 2281 924 2282 998 2282 922 2282 212 2283 1503 2283 653 2283 653 2284 1503 2284 959 2284 212 2285 1504 2285 1503 2285 212 2286 1505 2286 1504 2286 212 2287 1506 2287 1505 2287 212 2288 1507 2288 1506 2288 212 2289 1508 2289 1507 2289 212 2290 1509 2290 1508 2290 212 2291 1510 2291 1509 2291 212 2292 1511 2292 1510 2292 212 2293 1512 2293 1511 2293 1512 2294 213 2294 1513 2294 1513 2295 213 2295 1514 2295 212 2296 213 2296 1512 2296 213 2297 1515 2297 1514 2297 213 2298 1516 2298 1515 2298 213 2299 1517 2299 1516 2299 213 2300 1518 2300 1517 2300 213 2301 1519 2301 1518 2301 213 2302 1520 2302 1519 2302 213 2303 1521 2303 1520 2303 213 2304 1522 2304 1521 2304 213 2305 1523 2305 1522 2305 213 2306 1524 2306 1523 2306 213 2307 1525 2307 1524 2307 213 2308 1526 2308 1525 2308 213 2309 1527 2309 1526 2309 213 2310 1528 2310 1527 2310 213 2311 1529 2311 1528 2311 213 2312 1530 2312 1529 2312 1531 2313 1530 2313 218 2313 1530 2314 213 2314 218 2314 971 2315 1532 2315 658 2315 1533 2316 215 2316 1534 2316 1534 2317 215 2317 1535 2317 1535 2318 215 2318 1536 2318 1536 2319 215 2319 1537 2319 1537 2320 215 2320 1538 2320 1538 2321 215 2321 1532 2321 1532 2322 215 2322 658 2322 1533 2323 1539 2323 215 2323 1539 2324 1540 2324 215 2324 1540 2325 1541 2325 215 2325 1542 2326 218 2326 1543 2326 1543 2327 218 2327 1544 2327 1544 2328 218 2328 1545 2328 1545 2329 218 2329 1546 2329 1546 2330 218 2330 1547 2330 1547 2331 218 2331 1548 2331 1548 2332 218 2332 1549 2332 1549 2333 218 2333 1550 2333 1550 2334 218 2334 1551 2334 1551 2335 218 2335 1552 2335 1552 2336 218 2336 1553 2336 1553 2337 218 2337 1554 2337 1554 2338 218 2338 1555 2338 1555 2339 218 2339 1556 2339 1556 2340 218 2340 1557 2340 1557 2341 218 2341 1558 2341 1558 2342 218 2342 1541 2342 1541 2343 218 2343 215 2343 1531 2344 218 2344 1542 2344 1485 2345 1126 2345 958 2345 1126 2346 960 2346 958 2346 1013 2347 995 2347 1111 2347 1493 2348 1013 2348 1111 2348 1017 2349 1559 2349 455 2349 455 2350 1559 2350 454 2350 216 2351 1560 2351 1561 2351 216 2352 1562 2352 1560 2352 216 2353 1563 2353 1562 2353 205 2354 1564 2354 216 2354 216 2355 1564 2355 1563 2355 205 2356 1565 2356 1564 2356 205 2357 1566 2357 1565 2357 205 2358 206 2358 1566 2358 1084 2359 1567 2359 1568 2359 1084 2360 1568 2360 1569 2360 1084 2361 1569 2361 1570 2361 1083 2362 1567 2362 1084 2362 1571 2363 1567 2363 1083 2363 1082 2364 1567 2364 1571 2364 1081 2365 1567 2365 1082 2365 1080 2366 1567 2366 1081 2366 1572 2367 1567 2367 1080 2367 1573 2368 1567 2368 1572 2368 1574 2369 1567 2369 1573 2369 1575 2370 1567 2370 1574 2370 1576 2371 1577 2371 1561 2371 1576 2372 1578 2372 1577 2372 1576 2373 1018 2373 1578 2373 1576 2374 1019 2374 1018 2374 1576 2375 1020 2375 1019 2375 1576 2376 1579 2376 1020 2376 1576 2377 1580 2377 1579 2377 1576 2378 1021 2378 1580 2378 1576 2379 1022 2379 1021 2379 1576 2380 1023 2380 1022 2380 1576 2381 1581 2381 1023 2381 1576 2382 1567 2382 1575 2382 1576 2383 1027 2383 1581 2383 1576 2384 1582 2384 1027 2384 1576 2385 1583 2385 1582 2385 1576 2386 1041 2386 1583 2386 1576 2387 1584 2387 1041 2387 1576 2388 1049 2388 1584 2388 1576 2389 1585 2389 1049 2389 1576 2390 1065 2390 1585 2390 1576 2391 1071 2391 1065 2391 1576 2392 1073 2392 1071 2392 1576 2393 1077 2393 1073 2393 1576 2394 1079 2394 1077 2394 1576 2395 1586 2395 1079 2395 1576 2396 1575 2396 1586 2396 1587 2397 1576 2397 1561 2397 1588 2398 1587 2398 1561 2398 1589 2399 1588 2399 1561 2399 1560 2400 1590 2400 1589 2400 1560 2401 1591 2401 1590 2401 1560 2402 1592 2402 1591 2402 1560 2403 1589 2403 1561 2403 1593 2404 1592 2404 1560 2404 1594 2405 1593 2405 1560 2405 1595 2406 1594 2406 1560 2406 1596 2407 1595 2407 1560 2407 1597 2408 1598 2408 1599 2408 1597 2409 1600 2409 1598 2409 1597 2410 1601 2410 1600 2410 1597 2411 1602 2411 1601 2411 1597 2412 1603 2412 1602 2412 1597 2413 1604 2413 1603 2413 1597 2414 1605 2414 1604 2414 1597 2415 1606 2415 1605 2415 1597 2416 1607 2416 1606 2416 1597 2417 1608 2417 1607 2417 1597 2418 1609 2418 1608 2418 1597 2419 1610 2419 1609 2419 1597 2420 1611 2420 1610 2420 1597 2421 1612 2421 1611 2421 1597 2422 1613 2422 1612 2422 1597 2423 1614 2423 1613 2423 1597 2424 1615 2424 1614 2424 1597 2425 1616 2425 1615 2425 1597 2426 1617 2426 1616 2426 1618 2427 1597 2427 1599 2427 1618 2428 1560 2428 1562 2428 1618 2429 1619 2429 1596 2429 1618 2430 1620 2430 1619 2430 1618 2431 1621 2431 1620 2431 1618 2432 1622 2432 1621 2432 1618 2433 1623 2433 1622 2433 1618 2434 1624 2434 1623 2434 1618 2435 1625 2435 1624 2435 1618 2436 1626 2436 1625 2436 1618 2437 1599 2437 1626 2437 1618 2438 1596 2438 1560 2438 1627 2439 1618 2439 1562 2439 1627 2440 1562 2440 1563 2440 1628 2441 1627 2441 1563 2441 217 2442 1570 2442 214 2442 217 2443 1084 2443 1570 2443 1493 2444 1490 2444 1491 2444 1493 2445 1489 2445 1490 2445 1493 2446 1488 2446 1489 2446 1493 2447 1486 2447 1488 2447 1493 2448 1484 2448 1486 2448 1493 2449 1485 2449 1484 2449 1125 2450 1122 2450 1123 2450 1126 2451 1121 2451 1125 2451 1125 2452 1121 2452 1122 2452 1121 2453 1110 2453 1119 2453 1119 2454 1110 2454 1118 2454 1118 2455 1110 2455 1117 2455 1117 2456 1110 2456 1116 2456 1116 2457 1110 2457 1114 2457 1114 2458 1110 2458 1112 2458 1126 2459 1110 2459 1121 2459 1126 2460 1111 2460 1110 2460 1493 2461 1111 2461 1485 2461 1485 2462 1111 2462 1126 2462 1151 2463 1629 2463 1153 2463 1153 2464 1629 2464 1155 2464 1155 2465 1629 2465 1157 2465 1157 2466 1629 2466 1159 2466 1159 2467 1629 2467 1161 2467 1161 2468 1629 2468 1163 2468 1163 2469 1629 2469 1165 2469 1165 2470 1629 2470 1167 2470 1167 2471 1629 2471 1169 2471 1169 2472 1629 2472 1171 2472 1171 2473 1629 2473 1173 2473 1173 2474 1629 2474 1175 2474 1175 2475 1629 2475 1177 2475 1177 2476 1629 2476 1179 2476 1179 2477 1629 2477 1181 2477 1629 2478 1191 2478 1189 2478 1629 2479 1189 2479 1187 2479 1629 2480 1187 2480 1185 2480 1629 2481 1185 2481 1183 2481 1629 2482 1183 2482 1181 2482 1629 2483 1151 2483 1630 2483 1630 2484 1151 2484 1206 2484 1206 2485 1306 2485 1194 2485 1151 2486 1306 2486 1206 2486 1274 2487 1272 2487 1240 2487 1274 2488 1240 2488 1239 2488 1273 2489 1274 2489 1239 2489 1273 2490 1239 2490 1238 2490 1387 2491 1385 2491 1386 2491 1383 2492 1384 2492 1385 2492 1389 2493 1387 2493 1388 2493 1381 2494 1382 2494 1383 2494 1392 2495 1389 2495 1390 2495 1392 2496 1390 2496 1391 2496 1379 2497 1380 2497 1381 2497 1377 2498 1383 2498 1385 2498 1377 2499 1378 2499 1379 2499 1377 2500 1381 2500 1383 2500 1377 2501 1379 2501 1381 2501 1395 2502 1385 2502 1387 2502 1395 2503 1389 2503 1392 2503 1395 2504 1387 2504 1389 2504 1395 2505 1392 2505 1393 2505 1395 2506 1393 2506 1394 2506 1375 2507 1376 2507 1377 2507 1397 2508 1395 2508 1396 2508 1374 2509 1375 2509 1377 2509 1372 2510 1373 2510 1374 2510 1400 2511 1397 2511 1398 2511 1400 2512 1398 2512 1399 2512 1369 2513 1370 2513 1371 2513 1369 2514 1371 2514 1372 2514 1369 2515 1372 2515 1374 2515 1368 2516 1369 2516 1374 2516 1404 2517 1400 2517 1401 2517 1404 2518 1401 2518 1402 2518 1404 2519 1402 2519 1403 2519 1406 2520 1404 2520 1405 2520 1365 2521 1366 2521 1367 2521 1365 2522 1367 2522 1368 2522 1364 2523 1365 2523 1368 2523 1409 2524 1404 2524 1406 2524 1409 2525 1406 2525 1407 2525 1409 2526 1407 2526 1408 2526 1362 2527 1363 2527 1364 2527 1411 2528 1409 2528 1410 2528 1412 2529 1409 2529 1411 2529 1359 2530 1360 2530 1361 2530 1359 2531 1361 2531 1362 2531 1358 2532 1364 2532 1368 2532 1358 2533 1362 2533 1364 2533 1358 2534 1377 2534 1385 2534 1358 2535 1374 2535 1377 2535 1358 2536 1359 2536 1362 2536 1358 2537 1368 2537 1374 2537 1356 2538 1357 2538 1358 2538 1416 2539 1414 2539 1415 2539 1418 2540 1416 2540 1417 2540 1353 2541 1354 2541 1355 2541 1419 2542 1414 2542 1416 2542 1419 2543 1416 2543 1418 2543 1352 2544 1353 2544 1355 2544 1420 2545 1414 2545 1419 2545 1420 2546 1412 2546 1413 2546 1420 2547 1413 2547 1414 2547 1351 2548 1355 2548 1356 2548 1351 2549 1356 2549 1358 2549 1351 2550 1352 2550 1355 2550 1423 2551 1420 2551 1421 2551 1423 2552 1421 2552 1422 2552 1347 2553 1348 2553 1349 2553 1347 2554 1349 2554 1350 2554 1347 2555 1350 2555 1351 2555 1425 2556 1420 2556 1423 2556 1425 2557 1423 2557 1424 2557 1346 2558 1358 2558 1385 2558 1346 2559 1385 2559 1395 2559 1346 2560 1351 2560 1358 2560 1346 2561 1347 2561 1351 2561 1427 2562 1425 2562 1426 2562 1344 2563 1345 2563 1346 2563 1429 2564 1420 2564 1425 2564 1429 2565 1427 2565 1428 2565 1429 2566 1425 2566 1427 2566 1341 2567 1342 2567 1343 2567 1341 2568 1343 2568 1344 2568 1341 2569 1346 2569 1395 2569 1341 2570 1395 2570 1397 2570 1341 2571 1344 2571 1346 2571 1340 2572 1397 2572 1400 2572 1340 2573 1341 2573 1397 2573 1433 2574 1429 2574 1430 2574 1433 2575 1430 2575 1431 2575 1433 2576 1431 2576 1432 2576 1434 2577 1429 2577 1433 2577 1462 2578 1338 2578 1339 2578 1462 2579 1339 2579 1340 2579 1462 2580 1463 2580 1338 2580 1436 2581 1434 2581 1435 2581 1437 2582 1434 2582 1436 2582 1437 2583 1429 2583 1434 2583 1437 2584 1420 2584 1429 2584 1460 2585 1461 2585 1462 2585 1459 2586 1340 2586 1400 2586 1459 2587 1404 2587 1409 2587 1459 2588 1462 2588 1340 2588 1459 2589 1460 2589 1462 2589 1459 2590 1400 2590 1404 2590 1439 2591 1437 2591 1438 2591 1440 2592 1437 2592 1439 2592 1442 2593 1440 2593 1441 2593 1455 2594 1456 2594 1457 2594 1455 2595 1457 2595 1458 2595 1454 2596 1458 2596 1459 2596 1454 2597 1455 2597 1458 2597 1444 2598 1442 2598 1443 2598 1444 2599 1437 2599 1440 2599 1444 2600 1440 2600 1442 2600 1453 2601 1459 2601 1409 2601 1453 2602 1409 2602 1412 2602 1453 2603 1454 2603 1459 2603 1453 2604 1412 2604 1420 2604 1451 2605 1452 2605 1453 2605 1449 2606 1444 2606 1445 2606 1449 2607 1445 2607 1446 2607 1449 2608 1446 2608 1447 2608 1449 2609 1447 2609 1448 2609 1449 2610 1450 2610 1451 2610 1449 2611 1420 2611 1437 2611 1449 2612 1453 2612 1420 2612 1449 2613 1437 2613 1444 2613 1449 2614 1451 2614 1453 2614 1630 2615 1206 2615 1464 2615 1630 2616 1464 2616 1465 2616 1630 2617 1465 2617 1466 2617 1630 2618 1466 2618 1467 2618 1630 2619 1467 2619 1468 2619 1630 2620 1468 2620 1469 2620 1630 2621 1469 2621 1470 2621 1630 2622 1470 2622 1471 2622 1630 2623 1471 2623 1472 2623 1630 2624 1472 2624 1473 2624 1630 2625 1473 2625 1474 2625 1630 2626 1474 2626 1475 2626 1630 2627 1475 2627 1476 2627 1630 2628 1476 2628 1477 2628 1630 2629 1477 2629 1478 2629 1483 2630 1630 2630 1482 2630 1482 2631 1630 2631 1481 2631 1481 2632 1630 2632 1480 2632 1480 2633 1630 2633 1479 2633 1479 2634 1630 2634 1478 2634 1631 2635 108 2635 211 2635 1632 2636 108 2636 1631 2636 1632 2637 1631 2637 1633 2637 1632 2638 1633 2638 1634 2638 1632 2639 1634 2639 1635 2639 1636 2640 1632 2640 1635 2640 1637 2641 1636 2641 1635 2641 111 2642 1637 2642 1635 2642 113 2643 111 2643 1635 2643 115 2644 113 2644 1635 2644 1638 2645 115 2645 1635 2645 118 2646 1638 2646 1635 2646 1639 2647 118 2647 1635 2647 1640 2648 1639 2648 1635 2648 1641 2649 1564 2649 1565 2649 1641 2650 1642 2650 1564 2650 1643 2651 1644 2651 1640 2651 1643 2652 1645 2652 1644 2652 1643 2653 133 2653 1645 2653 1643 2654 1646 2654 133 2654 1643 2655 151 2655 1646 2655 1643 2656 1647 2656 151 2656 1643 2657 1648 2657 1647 2657 1643 2658 166 2658 1648 2658 1643 2659 173 2659 166 2659 1643 2660 1640 2660 1635 2660 1643 2661 1649 2661 173 2661 1643 2662 182 2662 1649 2662 1643 2663 1650 2663 182 2663 1643 2664 1651 2664 1650 2664 1643 2665 1652 2665 1651 2665 1643 2666 188 2666 1652 2666 1643 2667 190 2667 188 2667 1643 2668 192 2668 190 2668 1643 2669 1653 2669 192 2669 1643 2670 195 2670 1653 2670 1643 2671 197 2671 195 2671 1643 2672 1654 2672 197 2672 1643 2673 200 2673 1654 2673 1643 2674 202 2674 200 2674 1643 2675 204 2675 202 2675 1643 2676 206 2676 204 2676 1655 2677 206 2677 1643 2677 1656 2678 206 2678 1655 2678 1657 2679 206 2679 1656 2679 1658 2680 1566 2680 206 2680 1658 2681 206 2681 1657 2681 1659 2682 1566 2682 1658 2682 1660 2683 1566 2683 1659 2683 1661 2684 1565 2684 1566 2684 1661 2685 1641 2685 1565 2685 1662 2686 1566 2686 1660 2686 1663 2687 1566 2687 1662 2687 1664 2688 1566 2688 1663 2688 1665 2689 1566 2689 1664 2689 1666 2690 1566 2690 1665 2690 1667 2691 1661 2691 1566 2691 1667 2692 1566 2692 1666 2692 1668 2693 1661 2693 1667 2693 1669 2694 1661 2694 1668 2694 1670 2695 1661 2695 1669 2695 1671 2696 1661 2696 1670 2696 1672 2697 1661 2697 1671 2697 1673 2698 1661 2698 1672 2698 1674 2699 1661 2699 1673 2699 1675 2700 1661 2700 1674 2700 1676 2701 1677 2701 1678 2701 1679 2702 1661 2702 1675 2702 1679 2703 1678 2703 1661 2703 1680 2704 1678 2704 1679 2704 1681 2705 1676 2705 1678 2705 1682 2706 1678 2706 1680 2706 1683 2707 1681 2707 1678 2707 1684 2708 1678 2708 1682 2708 1685 2709 1683 2709 1678 2709 1686 2710 1678 2710 1684 2710 1687 2711 1685 2711 1678 2711 1688 2712 1678 2712 1686 2712 1689 2713 1678 2713 1688 2713 1690 2714 1687 2714 1678 2714 1691 2715 1678 2715 1689 2715 1692 2716 1690 2716 1678 2716 1693 2717 1678 2717 1691 2717 1694 2718 1692 2718 1678 2718 1694 2719 1678 2719 1693 2719 1695 2720 214 2720 1696 2720 1696 2721 214 2721 1697 2721 1697 2722 214 2722 1698 2722 1698 2723 214 2723 1699 2723 1699 2724 214 2724 1700 2724 1700 2725 214 2725 1701 2725 1701 2726 214 2726 1702 2726 1702 2727 214 2727 1703 2727 1703 2728 214 2728 1704 2728 1704 2729 214 2729 1705 2729 1705 2730 214 2730 1706 2730 1706 2731 214 2731 1707 2731 1707 2732 214 2732 1708 2732 1708 2733 214 2733 1709 2733 1709 2734 214 2734 1710 2734 1710 2735 214 2735 1711 2735 1711 2736 214 2736 1712 2736 1712 2737 214 2737 1713 2737 1713 2738 214 2738 1714 2738 1714 2739 214 2739 1715 2739 1715 2740 214 2740 1716 2740 1716 2741 214 2741 1717 2741 1717 2742 214 2742 1718 2742 1718 2743 214 2743 1719 2743 214 2744 1567 2744 1719 2744 214 2745 1568 2745 1567 2745 214 2746 1569 2746 1568 2746 214 2747 1570 2747 1569 2747 1695 2748 211 2748 214 2748 1720 2749 211 2749 1721 2749 1721 2750 211 2750 1722 2750 1722 2751 211 2751 1723 2751 1723 2752 211 2752 1724 2752 1724 2753 211 2753 1725 2753 1725 2754 211 2754 1726 2754 1726 2755 211 2755 1727 2755 1727 2756 211 2756 1728 2756 1728 2757 211 2757 1729 2757 1729 2758 211 2758 1730 2758 1730 2759 211 2759 1731 2759 1731 2760 211 2760 1695 2760 1720 2761 1732 2761 211 2761 1732 2762 1733 2762 211 2762 1733 2763 1734 2763 211 2763 1734 2764 1735 2764 211 2764 1735 2765 1736 2765 211 2765 1736 2766 1737 2766 211 2766 1737 2767 1738 2767 211 2767 1738 2768 1739 2768 211 2768 1739 2769 1740 2769 211 2769 1740 2770 1741 2770 211 2770 1741 2771 1742 2771 211 2771 1742 2772 1743 2772 211 2772 1743 2773 1744 2773 211 2773 211 2774 1633 2774 1631 2774 211 2775 1634 2775 1633 2775 1744 2776 1635 2776 211 2776 211 2777 1635 2777 1634 2777 1642 2778 1628 2778 1564 2778 1564 2779 1628 2779 1563 2779 1597 2780 1618 2780 1745 2780 1678 2781 1746 2781 1661 2781 1746 2782 1745 2782 1661 2782 1661 2783 1745 2783 1641 2783 1641 2784 1745 2784 1642 2784 1642 2785 1745 2785 1628 2785 1628 2786 1745 2786 1627 2786 1627 2787 1745 2787 1618 2787 1617 2788 1597 2788 1745 2788 1617 2789 1745 2789 1747 2789 1616 2790 1747 2790 1748 2790 1616 2791 1617 2791 1747 2791 1615 2792 1748 2792 1749 2792 1615 2793 1616 2793 1748 2793 1614 2794 1615 2794 1749 2794 1613 2795 1749 2795 1750 2795 1613 2796 1614 2796 1749 2796 1612 2797 1750 2797 1751 2797 1612 2798 1613 2798 1750 2798 1611 2799 1751 2799 1752 2799 1611 2800 1612 2800 1751 2800 1610 2801 1611 2801 1752 2801 1610 2802 1752 2802 1753 2802 1609 2803 1610 2803 1753 2803 1608 2804 1609 2804 1753 2804 1608 2805 1753 2805 1754 2805 1607 2806 1608 2806 1754 2806 1607 2807 1754 2807 1755 2807 1606 2808 1607 2808 1755 2808 1606 2809 1755 2809 1756 2809 1605 2810 1606 2810 1756 2810 1605 2811 1756 2811 1757 2811 1604 2812 1605 2812 1757 2812 1603 2813 1604 2813 1757 2813 1603 2814 1757 2814 1758 2814 1602 2815 1603 2815 1758 2815 1602 2816 1758 2816 1759 2816 1601 2817 1602 2817 1759 2817 1601 2818 1759 2818 1760 2818 1600 2819 1601 2819 1760 2819 1598 2820 1600 2820 1760 2820 1598 2821 1760 2821 1761 2821 1599 2822 1598 2822 1761 2822 1599 2823 1761 2823 1762 2823 1626 2824 1599 2824 1762 2824 1626 2825 1762 2825 1763 2825 1625 2826 1763 2826 1764 2826 1625 2827 1626 2827 1763 2827 1624 2828 1625 2828 1764 2828 1623 2829 1764 2829 1765 2829 1623 2830 1624 2830 1764 2830 1622 2831 1765 2831 1766 2831 1622 2832 1623 2832 1765 2832 1621 2833 1766 2833 1767 2833 1621 2834 1622 2834 1766 2834 1620 2835 1621 2835 1767 2835 1619 2836 1767 2836 1768 2836 1619 2837 1620 2837 1767 2837 1596 2838 1768 2838 1769 2838 1596 2839 1619 2839 1768 2839 1595 2840 1769 2840 1770 2840 1595 2841 1596 2841 1769 2841 1594 2842 1770 2842 1771 2842 1594 2843 1595 2843 1770 2843 1593 2844 1771 2844 1772 2844 1593 2845 1594 2845 1771 2845 1592 2846 1772 2846 1773 2846 1592 2847 1593 2847 1772 2847 1591 2848 1773 2848 1774 2848 1591 2849 1592 2849 1773 2849 1590 2850 1591 2850 1774 2850 1590 2851 1774 2851 1775 2851 1589 2852 1590 2852 1775 2852 1776 2853 1589 2853 1775 2853 1588 2854 1589 2854 1776 2854 1777 2855 1588 2855 1776 2855 1587 2856 1588 2856 1777 2856 1778 2857 1587 2857 1777 2857 1576 2858 1587 2858 1778 2858 1567 2859 1576 2859 1779 2859 1576 2860 1778 2860 1779 2860 1779 2861 1719 2861 1567 2861 1779 2862 1780 2862 1719 2862 1781 2863 1782 2863 1744 2863 1744 2864 1782 2864 1635 2864 1783 2865 1643 2865 1782 2865 1782 2866 1643 2866 1635 2866 1655 2867 1643 2867 1783 2867 1655 2868 1783 2868 1784 2868 1656 2869 1784 2869 1785 2869 1656 2870 1655 2870 1784 2870 1657 2871 1656 2871 1785 2871 1658 2872 1785 2872 1786 2872 1658 2873 1657 2873 1785 2873 1659 2874 1786 2874 1787 2874 1659 2875 1658 2875 1786 2875 1660 2876 1787 2876 1788 2876 1660 2877 1659 2877 1787 2877 1662 2878 1660 2878 1788 2878 1662 2879 1788 2879 1789 2879 1663 2880 1662 2880 1789 2880 1664 2881 1789 2881 1790 2881 1664 2882 1663 2882 1789 2882 1665 2883 1664 2883 1790 2883 1665 2884 1790 2884 1791 2884 1666 2885 1665 2885 1791 2885 1666 2886 1791 2886 1792 2886 1667 2887 1666 2887 1792 2887 1667 2888 1792 2888 1793 2888 1668 2889 1667 2889 1793 2889 1669 2890 1668 2890 1793 2890 1669 2891 1793 2891 1794 2891 1670 2892 1669 2892 1794 2892 1670 2893 1794 2893 1795 2893 1671 2894 1670 2894 1795 2894 1671 2895 1795 2895 1796 2895 1672 2896 1671 2896 1796 2896 1672 2897 1796 2897 1797 2897 1673 2898 1672 2898 1797 2898 1674 2899 1673 2899 1797 2899 1674 2900 1797 2900 1798 2900 1675 2901 1674 2901 1798 2901 1675 2902 1798 2902 1799 2902 1679 2903 1675 2903 1799 2903 1679 2904 1799 2904 1800 2904 1680 2905 1679 2905 1800 2905 1682 2906 1800 2906 1801 2906 1682 2907 1680 2907 1800 2907 1684 2908 1801 2908 1802 2908 1684 2909 1682 2909 1801 2909 1686 2910 1802 2910 1803 2910 1686 2911 1684 2911 1802 2911 1688 2912 1803 2912 1804 2912 1688 2913 1686 2913 1803 2913 1689 2914 1688 2914 1804 2914 1691 2915 1804 2915 1805 2915 1691 2916 1689 2916 1804 2916 1693 2917 1805 2917 1806 2917 1693 2918 1691 2918 1805 2918 1694 2919 1806 2919 1807 2919 1694 2920 1693 2920 1806 2920 1692 2921 1807 2921 1808 2921 1692 2922 1694 2922 1807 2922 1690 2923 1808 2923 1809 2923 1690 2924 1692 2924 1808 2924 1687 2925 1809 2925 1810 2925 1687 2926 1690 2926 1809 2926 1685 2927 1810 2927 1811 2927 1685 2928 1687 2928 1810 2928 1683 2929 1811 2929 1812 2929 1683 2930 1685 2930 1811 2930 1681 2931 1683 2931 1812 2931 1681 2932 1812 2932 1813 2932 1676 2933 1681 2933 1813 2933 1676 2934 1813 2934 1814 2934 1677 2935 1676 2935 1814 2935 1677 2936 1814 2936 1746 2936 1678 2937 1677 2937 1746 2937 1718 2938 1719 2938 1780 2938 1718 2939 1780 2939 1815 2939 1717 2940 1815 2940 1816 2940 1717 2941 1718 2941 1815 2941 1716 2942 1816 2942 1817 2942 1716 2943 1717 2943 1816 2943 1715 2944 1817 2944 1818 2944 1715 2945 1716 2945 1817 2945 1714 2946 1818 2946 1819 2946 1714 2947 1715 2947 1818 2947 1713 2948 1819 2948 1820 2948 1713 2949 1714 2949 1819 2949 1712 2950 1820 2950 1821 2950 1712 2951 1713 2951 1820 2951 1711 2952 1821 2952 1822 2952 1711 2953 1712 2953 1821 2953 1710 2954 1822 2954 1823 2954 1710 2955 1711 2955 1822 2955 1709 2956 1824 2956 1825 2956 1709 2957 1823 2957 1824 2957 1709 2958 1710 2958 1823 2958 1708 2959 1709 2959 1825 2959 1707 2960 1708 2960 1825 2960 1707 2961 1825 2961 1826 2961 1706 2962 1707 2962 1826 2962 1706 2963 1826 2963 1827 2963 1705 2964 1706 2964 1827 2964 1705 2965 1827 2965 1828 2965 1704 2966 1705 2966 1828 2966 1704 2967 1828 2967 1829 2967 1703 2968 1704 2968 1829 2968 1703 2969 1829 2969 1830 2969 1702 2970 1703 2970 1830 2970 1702 2971 1831 2971 1832 2971 1702 2972 1830 2972 1831 2972 1701 2973 1702 2973 1832 2973 1700 2974 1701 2974 1832 2974 1700 2975 1832 2975 1833 2975 1699 2976 1833 2976 1834 2976 1699 2977 1700 2977 1833 2977 1698 2978 1834 2978 1835 2978 1698 2979 1699 2979 1834 2979 1697 2980 1835 2980 1836 2980 1697 2981 1698 2981 1835 2981 1696 2982 1836 2982 1837 2982 1696 2983 1697 2983 1836 2983 1695 2984 1837 2984 1838 2984 1695 2985 1696 2985 1837 2985 1838 2986 1839 2986 1695 2986 1695 2987 1839 2987 1731 2987 1730 2988 1731 2988 1839 2988 1730 2989 1839 2989 1840 2989 1729 2990 1840 2990 1841 2990 1729 2991 1730 2991 1840 2991 1728 2992 1841 2992 1842 2992 1728 2993 1729 2993 1841 2993 1727 2994 1842 2994 1843 2994 1727 2995 1728 2995 1842 2995 1726 2996 1843 2996 1844 2996 1726 2997 1727 2997 1843 2997 1725 2998 1844 2998 1845 2998 1725 2999 1726 2999 1844 2999 1724 3000 1845 3000 1846 3000 1724 3001 1725 3001 1845 3001 1723 3002 1846 3002 1847 3002 1723 3003 1724 3003 1846 3003 1722 3004 1847 3004 1848 3004 1722 3005 1723 3005 1847 3005 1721 3006 1848 3006 1849 3006 1721 3007 1722 3007 1848 3007 1720 3008 1849 3008 1850 3008 1720 3009 1721 3009 1849 3009 1732 3010 1720 3010 1850 3010 1732 3011 1850 3011 1851 3011 1733 3012 1732 3012 1851 3012 1733 3013 1851 3013 1852 3013 1734 3014 1733 3014 1852 3014 1734 3015 1852 3015 1853 3015 1735 3016 1734 3016 1853 3016 1735 3017 1853 3017 1854 3017 1736 3018 1735 3018 1854 3018 1736 3019 1854 3019 1855 3019 1737 3020 1736 3020 1855 3020 1737 3021 1855 3021 1856 3021 1738 3022 1737 3022 1856 3022 1738 3023 1856 3023 1857 3023 1739 3024 1857 3024 1858 3024 1739 3025 1738 3025 1857 3025 1740 3026 1858 3026 1859 3026 1740 3027 1739 3027 1858 3027 1741 3028 1860 3028 1861 3028 1741 3029 1859 3029 1860 3029 1741 3030 1740 3030 1859 3030 1742 3031 1741 3031 1861 3031 1743 3032 1861 3032 1862 3032 1743 3033 1742 3033 1861 3033 1744 3034 1862 3034 1781 3034 1744 3035 1743 3035 1862 3035 1863 3036 1864 3036 1782 3036 1865 3037 1783 3037 1864 3037 1864 3038 1783 3038 1782 3038 1866 3039 1784 3039 1865 3039 1865 3040 1784 3040 1783 3040 1866 3041 1785 3041 1784 3041 1867 3042 1786 3042 1866 3042 1866 3043 1786 3043 1785 3043 1867 3044 1868 3044 1786 3044 1868 3045 1787 3045 1786 3045 1868 3046 1869 3046 1787 3046 1869 3047 1788 3047 1787 3047 1869 3048 1870 3048 1788 3048 1870 3049 1789 3049 1788 3049 1870 3050 1871 3050 1789 3050 1871 3051 1790 3051 1789 3051 1871 3052 1872 3052 1790 3052 1872 3053 1791 3053 1790 3053 1872 3054 1873 3054 1791 3054 1873 3055 1792 3055 1791 3055 1873 3056 1874 3056 1792 3056 1874 3057 1793 3057 1792 3057 1874 3058 1875 3058 1793 3058 1875 3059 1794 3059 1793 3059 1876 3060 1795 3060 1875 3060 1875 3061 1795 3061 1794 3061 1876 3062 1877 3062 1795 3062 1877 3063 1796 3063 1795 3063 1877 3064 1878 3064 1796 3064 1878 3065 1797 3065 1796 3065 1879 3066 1798 3066 1878 3066 1878 3067 1798 3067 1797 3067 1880 3068 1799 3068 1879 3068 1879 3069 1799 3069 1798 3069 1799 3070 1881 3070 1800 3070 1880 3071 1881 3071 1799 3071 1881 3072 1882 3072 1800 3072 1800 3073 1882 3073 1801 3073 1882 3074 1802 3074 1801 3074 1882 3075 1883 3075 1802 3075 1883 3076 1803 3076 1802 3076 1883 3077 1884 3077 1803 3077 1884 3078 1804 3078 1803 3078 1884 3079 1885 3079 1804 3079 1885 3080 1805 3080 1804 3080 1885 3081 1886 3081 1805 3081 1805 3082 1887 3082 1806 3082 1886 3083 1887 3083 1805 3083 1806 3084 1888 3084 1807 3084 1887 3085 1888 3085 1806 3085 1807 3086 1889 3086 1808 3086 1888 3087 1889 3087 1807 3087 1889 3088 1809 3088 1808 3088 1889 3089 1890 3089 1809 3089 1809 3090 1891 3090 1810 3090 1890 3091 1891 3091 1809 3091 1891 3092 1811 3092 1810 3092 1891 3093 1892 3093 1811 3093 1892 3094 1812 3094 1811 3094 1812 3095 1893 3095 1813 3095 1892 3096 1893 3096 1812 3096 1893 3097 1894 3097 1813 3097 1814 3098 1895 3098 1746 3098 1813 3099 1895 3099 1814 3099 1894 3100 1895 3100 1813 3100 1895 3101 1896 3101 1746 3101 1746 3102 1897 3102 1745 3102 1896 3103 1897 3103 1746 3103 1777 3104 1898 3104 1778 3104 1778 3105 1898 3105 1779 3105 1779 3106 1898 3106 1899 3106 1745 3107 1900 3107 1747 3107 1897 3108 1900 3108 1745 3108 1776 3109 1901 3109 1777 3109 1777 3110 1901 3110 1898 3110 1747 3111 1902 3111 1748 3111 1900 3112 1902 3112 1747 3112 1775 3113 1903 3113 1776 3113 1776 3114 1903 3114 1901 3114 1749 3115 1904 3115 1750 3115 1748 3116 1904 3116 1749 3116 1902 3117 1904 3117 1748 3117 1775 3118 1905 3118 1903 3118 1904 3119 1906 3119 1750 3119 1775 3120 1907 3120 1905 3120 1774 3121 1907 3121 1775 3121 1751 3122 1908 3122 1752 3122 1750 3123 1908 3123 1751 3123 1906 3124 1908 3124 1750 3124 1774 3125 1909 3125 1907 3125 1773 3126 1909 3126 1774 3126 1908 3127 1910 3127 1752 3127 1752 3128 1910 3128 1753 3128 1773 3129 1911 3129 1909 3129 1772 3130 1911 3130 1773 3130 1771 3131 1911 3131 1772 3131 1910 3132 1912 3132 1753 3132 1771 3133 1913 3133 1911 3133 1912 3134 1914 3134 1753 3134 1754 3135 1914 3135 1755 3135 1753 3136 1914 3136 1754 3136 1771 3137 1915 3137 1913 3137 1770 3138 1915 3138 1771 3138 1769 3139 1915 3139 1770 3139 1755 3140 1916 3140 1756 3140 1914 3141 1916 3141 1755 3141 1769 3142 1917 3142 1915 3142 1916 3143 1918 3143 1756 3143 1768 3144 1919 3144 1769 3144 1769 3145 1919 3145 1917 3145 1756 3146 1920 3146 1757 3146 1918 3147 1920 3147 1756 3147 1767 3148 1921 3148 1768 3148 1768 3149 1921 3149 1919 3149 1766 3150 1921 3150 1767 3150 1920 3151 1922 3151 1757 3151 1757 3152 1922 3152 1758 3152 1766 3153 1923 3153 1921 3153 1922 3154 1924 3154 1758 3154 1758 3155 1924 3155 1759 3155 1765 3156 1925 3156 1766 3156 1764 3157 1925 3157 1765 3157 1766 3158 1925 3158 1923 3158 1760 3159 1926 3159 1761 3159 1759 3160 1926 3160 1760 3160 1924 3161 1926 3161 1759 3161 1764 3162 1927 3162 1925 3162 1764 3163 1928 3163 1927 3163 1763 3164 1928 3164 1764 3164 1926 3165 1929 3165 1761 3165 1929 3166 1930 3166 1761 3166 1762 3167 1930 3167 1763 3167 1761 3168 1930 3168 1762 3168 1763 3169 1930 3169 1928 3169 1780 3170 1779 3170 1899 3170 1780 3171 1899 3171 1931 3171 1780 3172 1931 3172 1932 3172 1815 3173 1932 3173 1933 3173 1815 3174 1780 3174 1932 3174 1816 3175 1933 3175 1934 3175 1816 3176 1815 3176 1933 3176 1817 3177 1934 3177 1935 3177 1817 3178 1935 3178 1936 3178 1817 3179 1816 3179 1934 3179 1818 3180 1936 3180 1937 3180 1818 3181 1817 3181 1936 3181 1819 3182 1937 3182 1938 3182 1819 3183 1818 3183 1937 3183 1820 3184 1938 3184 1939 3184 1820 3185 1939 3185 1940 3185 1820 3186 1819 3186 1938 3186 1821 3187 1940 3187 1941 3187 1821 3188 1820 3188 1940 3188 1822 3189 1941 3189 1942 3189 1822 3190 1821 3190 1941 3190 1823 3191 1942 3191 1943 3191 1823 3192 1943 3192 1944 3192 1823 3193 1822 3193 1942 3193 1824 3194 1944 3194 1945 3194 1824 3195 1823 3195 1944 3195 1825 3196 1945 3196 1946 3196 1825 3197 1824 3197 1945 3197 1826 3198 1946 3198 1947 3198 1826 3199 1825 3199 1946 3199 1948 3200 1827 3200 1826 3200 1948 3201 1826 3201 1947 3201 1949 3202 1828 3202 1827 3202 1949 3203 1827 3203 1948 3203 1950 3204 1829 3204 1828 3204 1950 3205 1828 3205 1949 3205 1951 3206 1829 3206 1950 3206 1952 3207 1830 3207 1829 3207 1952 3208 1829 3208 1951 3208 1953 3209 1830 3209 1952 3209 1953 3210 1831 3210 1830 3210 1954 3211 1831 3211 1953 3211 1954 3212 1832 3212 1831 3212 1955 3213 1832 3213 1954 3213 1956 3214 1833 3214 1832 3214 1956 3215 1832 3215 1955 3215 1957 3216 1834 3216 1833 3216 1957 3217 1833 3217 1956 3217 1958 3218 1834 3218 1957 3218 1958 3219 1835 3219 1834 3219 1959 3220 1835 3220 1958 3220 1960 3221 1835 3221 1959 3221 1960 3222 1836 3222 1835 3222 1961 3223 1836 3223 1960 3223 1961 3224 1837 3224 1836 3224 1962 3225 1837 3225 1961 3225 1962 3226 1838 3226 1837 3226 1963 3227 1838 3227 1962 3227 1964 3228 1838 3228 1963 3228 1964 3229 1839 3229 1838 3229 1965 3230 1863 3230 1782 3230 1965 3231 1782 3231 1781 3231 1966 3232 1839 3232 1964 3232 1966 3233 1840 3233 1839 3233 1967 3234 1965 3234 1781 3234 1967 3235 1781 3235 1862 3235 1968 3236 1862 3236 1861 3236 1968 3237 1967 3237 1862 3237 1969 3238 1840 3238 1966 3238 1969 3239 1841 3239 1840 3239 1970 3240 1841 3240 1969 3240 1970 3241 1842 3241 1841 3241 1971 3242 1861 3242 1860 3242 1971 3243 1968 3243 1861 3243 1972 3244 1971 3244 1860 3244 1973 3245 1842 3245 1970 3245 1974 3246 1972 3246 1860 3246 1974 3247 1860 3247 1859 3247 1975 3248 1842 3248 1973 3248 1975 3249 1843 3249 1842 3249 1976 3250 1843 3250 1975 3250 1976 3251 1844 3251 1843 3251 1977 3252 1974 3252 1859 3252 1977 3253 1859 3253 1858 3253 1978 3254 1844 3254 1976 3254 1978 3255 1845 3255 1844 3255 1979 3256 1858 3256 1857 3256 1979 3257 1977 3257 1858 3257 1980 3258 1845 3258 1978 3258 1981 3259 1979 3259 1857 3259 1982 3260 1845 3260 1980 3260 1982 3261 1846 3261 1845 3261 1983 3262 1981 3262 1857 3262 1983 3263 1857 3263 1856 3263 1984 3264 1846 3264 1982 3264 1984 3265 1847 3265 1846 3265 1985 3266 1983 3266 1856 3266 1985 3267 1856 3267 1855 3267 1986 3268 1847 3268 1984 3268 1986 3269 1848 3269 1847 3269 1987 3270 1985 3270 1855 3270 1987 3271 1855 3271 1854 3271 1988 3272 1848 3272 1986 3272 1989 3273 1987 3273 1854 3273 1990 3274 1848 3274 1988 3274 1990 3275 1849 3275 1848 3275 1991 3276 1989 3276 1854 3276 1991 3277 1854 3277 1853 3277 1992 3278 1849 3278 1990 3278 1992 3279 1850 3279 1849 3279 1993 3280 1991 3280 1853 3280 1993 3281 1853 3281 1852 3281 1994 3282 1850 3282 1992 3282 1994 3283 1851 3283 1850 3283 1995 3284 1993 3284 1852 3284 1995 3285 1852 3285 1851 3285 1996 3286 1995 3286 1851 3286 1996 3287 1851 3287 1994 3287 1997 3288 1998 3288 1863 3288 1998 3289 1864 3289 1863 3289 1863 3290 1999 3290 1997 3290 1863 3291 1965 3291 1999 3291 1998 3292 2000 3292 1864 3292 1864 3293 2000 3293 1865 3293 1865 3294 2001 3294 1866 3294 2000 3295 2001 3295 1865 3295 1866 3296 2002 3296 1867 3296 2001 3297 2002 3297 1866 3297 1867 3298 2003 3298 1868 3298 2002 3299 2003 3299 1867 3299 1868 3300 2004 3300 1869 3300 2003 3301 2004 3301 1868 3301 1869 3302 2005 3302 1870 3302 2004 3303 2005 3303 1869 3303 1870 3304 2006 3304 1871 3304 2005 3305 2006 3305 1870 3305 2006 3306 2007 3306 1871 3306 1871 3307 2007 3307 1872 3307 1872 3308 2008 3308 1873 3308 2007 3309 2008 3309 1872 3309 1873 3310 2009 3310 1874 3310 2008 3311 2009 3311 1873 3311 2009 3312 2010 3312 1874 3312 2010 3313 1875 3313 1874 3313 2010 3314 2011 3314 1875 3314 1875 3315 2012 3315 1876 3315 2011 3316 2012 3316 1875 3316 1876 3317 2013 3317 1877 3317 2012 3318 2013 3318 1876 3318 1877 3319 2014 3319 1878 3319 2013 3320 2014 3320 1877 3320 2014 3321 2015 3321 1878 3321 1878 3322 2016 3322 1879 3322 2015 3323 2016 3323 1878 3323 1879 3324 2017 3324 1880 3324 2016 3325 2017 3325 1879 3325 1880 3326 2018 3326 1881 3326 2017 3327 2018 3327 1880 3327 1881 3328 2019 3328 1882 3328 2018 3329 2019 3329 1881 3329 2019 3330 2020 3330 1882 3330 1882 3331 2021 3331 1883 3331 2020 3332 2021 3332 1882 3332 1883 3333 2022 3333 1884 3333 2021 3334 2022 3334 1883 3334 1884 3335 2023 3335 1885 3335 2022 3336 2023 3336 1884 3336 2023 3337 2024 3337 1885 3337 1885 3338 2025 3338 1886 3338 2024 3339 2025 3339 1885 3339 1886 3340 2026 3340 1887 3340 2025 3341 2026 3341 1886 3341 1887 3342 2027 3342 1888 3342 2026 3343 2027 3343 1887 3343 1888 3344 2028 3344 1889 3344 2027 3345 2028 3345 1888 3345 2028 3346 2029 3346 1889 3346 1889 3347 2030 3347 1890 3347 2029 3348 2030 3348 1889 3348 1890 3349 2031 3349 1891 3349 2030 3350 2031 3350 1890 3350 1891 3351 2032 3351 1892 3351 2031 3352 2032 3352 1891 3352 2032 3353 2033 3353 1892 3353 1892 3354 2033 3354 1893 3354 2033 3355 2034 3355 1893 3355 2034 3356 2035 3356 1893 3356 1893 3357 2035 3357 1894 3357 2035 3358 2036 3358 1894 3358 1894 3359 2036 3359 1895 3359 2036 3360 2037 3360 1895 3360 1895 3361 2037 3361 1896 3361 2037 3362 2038 3362 1896 3362 1897 3363 2039 3363 2040 3363 1896 3364 2038 3364 2041 3364 1897 3365 1896 3365 2039 3365 2039 3366 1896 3366 2042 3366 2042 3367 1896 3367 2043 3367 2043 3368 1896 3368 2044 3368 2044 3369 1896 3369 2045 3369 2045 3370 1896 3370 2041 3370 2040 3371 2046 3371 1897 3371 1897 3372 2046 3372 1900 3372 1900 3373 2047 3373 1902 3373 2046 3374 2047 3374 1900 3374 1902 3375 2048 3375 1904 3375 2047 3376 2048 3376 1902 3376 1904 3377 2049 3377 1906 3377 2048 3378 2049 3378 1904 3378 1906 3379 2050 3379 1908 3379 2049 3380 2050 3380 1906 3380 1908 3381 2051 3381 1910 3381 2050 3382 2051 3382 1908 3382 2051 3383 2052 3383 1910 3383 1910 3384 2052 3384 1912 3384 2052 3385 2053 3385 1912 3385 1912 3386 2053 3386 1914 3386 1914 3387 2054 3387 1916 3387 2053 3388 2054 3388 1914 3388 2054 3389 2055 3389 1916 3389 1916 3390 2055 3390 1918 3390 1918 3391 2056 3391 1920 3391 2055 3392 2056 3392 1918 3392 2056 3393 2057 3393 1920 3393 1920 3394 2058 3394 1922 3394 2057 3395 2058 3395 1920 3395 1922 3396 2059 3396 1924 3396 2058 3397 2059 3397 1922 3397 1924 3398 2060 3398 1926 3398 2059 3399 2060 3399 1924 3399 1926 3400 2061 3400 1929 3400 2060 3401 2061 3401 1926 3401 2061 3402 2062 3402 1929 3402 1929 3403 2063 3403 1930 3403 2062 3404 2063 3404 1929 3404 1930 3405 2064 3405 1928 3405 2063 3406 2064 3406 1930 3406 1928 3407 2065 3407 1927 3407 2064 3408 2065 3408 1928 3408 2065 3409 2066 3409 1927 3409 1927 3410 2067 3410 1925 3410 2066 3411 2067 3411 1927 3411 1925 3412 2068 3412 1923 3412 2067 3413 2068 3413 1925 3413 1923 3414 2069 3414 1921 3414 2068 3415 2069 3415 1923 3415 1921 3416 2070 3416 1919 3416 2069 3417 2070 3417 1921 3417 2070 3418 2071 3418 1919 3418 1919 3419 2072 3419 1917 3419 2071 3420 2072 3420 1919 3420 1917 3421 2073 3421 1915 3421 2072 3422 2073 3422 1917 3422 1915 3423 2074 3423 1913 3423 2073 3424 2074 3424 1915 3424 1913 3425 2075 3425 1911 3425 2074 3426 2075 3426 1913 3426 2075 3427 2076 3427 1911 3427 1911 3428 2077 3428 1909 3428 2076 3429 2077 3429 1911 3429 1909 3430 2078 3430 1907 3430 2077 3431 2078 3431 1909 3431 1907 3432 2079 3432 1905 3432 2078 3433 2079 3433 1907 3433 2079 3434 2080 3434 1905 3434 2080 3435 1903 3435 1905 3435 2080 3436 2081 3436 1903 3436 2081 3437 2082 3437 1903 3437 1903 3438 2082 3438 1901 3438 2082 3439 2083 3439 1901 3439 1901 3440 2083 3440 1898 3440 2083 3441 2084 3441 1898 3441 1931 3442 1899 3442 2085 3442 2085 3443 1899 3443 2086 3443 1898 3444 2084 3444 1899 3444 1899 3445 2084 3445 2086 3445 2085 3446 2087 3446 1931 3446 1931 3447 2087 3447 1932 3447 1932 3448 2088 3448 1933 3448 2087 3449 2088 3449 1932 3449 1933 3450 2089 3450 1934 3450 2088 3451 2089 3451 1933 3451 1934 3452 2090 3452 1935 3452 2089 3453 2090 3453 1934 3453 1935 3454 2091 3454 1936 3454 2090 3455 2091 3455 1935 3455 1936 3456 2092 3456 1937 3456 2091 3457 2092 3457 1936 3457 1937 3458 2093 3458 1938 3458 2092 3459 2093 3459 1937 3459 1938 3460 2094 3460 1939 3460 2093 3461 2094 3461 1938 3461 2094 3462 2095 3462 1939 3462 1939 3463 2095 3463 1940 3463 1940 3464 2096 3464 1941 3464 2095 3465 2096 3465 1940 3465 1941 3466 2097 3466 1942 3466 2096 3467 2097 3467 1941 3467 1942 3468 2098 3468 1943 3468 1943 3469 2098 3469 1944 3469 2097 3470 2098 3470 1942 3470 2098 3471 2099 3471 1944 3471 1944 3472 2100 3472 1945 3472 2099 3473 2100 3473 1944 3473 1945 3474 2101 3474 1946 3474 2100 3475 2101 3475 1945 3475 1946 3476 2102 3476 1947 3476 2101 3477 2102 3477 1946 3477 1947 3478 2103 3478 1948 3478 2102 3479 2103 3479 1947 3479 1948 3480 2104 3480 1949 3480 2103 3481 2104 3481 1948 3481 1949 3482 2105 3482 1950 3482 1950 3483 2105 3483 1951 3483 2104 3484 2105 3484 1949 3484 2105 3485 2106 3485 1951 3485 1951 3486 2107 3486 1952 3486 1952 3487 2107 3487 1953 3487 2106 3488 2107 3488 1951 3488 2107 3489 2108 3489 1953 3489 1953 3490 2109 3490 1954 3490 2108 3491 2109 3491 1953 3491 1954 3492 2110 3492 1955 3492 2109 3493 2110 3493 1954 3493 1955 3494 2111 3494 1956 3494 1956 3495 2111 3495 1957 3495 2110 3496 2111 3496 1955 3496 2111 3497 2112 3497 1957 3497 1957 3498 2113 3498 1958 3498 2112 3499 2113 3499 1957 3499 1958 3500 2114 3500 1959 3500 2113 3501 2114 3501 1958 3501 1959 3502 2115 3502 1960 3502 2114 3503 2115 3503 1959 3503 1960 3504 2116 3504 1961 3504 2115 3505 2116 3505 1960 3505 1961 3506 2117 3506 1962 3506 2116 3507 2117 3507 1961 3507 1962 3508 2118 3508 1963 3508 2117 3509 2118 3509 1962 3509 1964 3510 1963 3510 2119 3510 2119 3511 1963 3511 2118 3511 2119 3512 2120 3512 1964 3512 1964 3513 2120 3513 1966 3513 1966 3514 2121 3514 1969 3514 2120 3515 2121 3515 1966 3515 1969 3516 2122 3516 1970 3516 2121 3517 2122 3517 1969 3517 1970 3518 2123 3518 1973 3518 2122 3519 2123 3519 1970 3519 1973 3520 2124 3520 1975 3520 2123 3521 2124 3521 1973 3521 1975 3522 2125 3522 1976 3522 2124 3523 2125 3523 1975 3523 1976 3524 2126 3524 1978 3524 2125 3525 2126 3525 1976 3525 1978 3526 2127 3526 1980 3526 1980 3527 2127 3527 1982 3527 2126 3528 2127 3528 1978 3528 2127 3529 2128 3529 1982 3529 1982 3530 2129 3530 1984 3530 2128 3531 2129 3531 1982 3531 1984 3532 2130 3532 1986 3532 2129 3533 2130 3533 1984 3533 1986 3534 2131 3534 1988 3534 2130 3535 2131 3535 1986 3535 1988 3536 2132 3536 1990 3536 2131 3537 2132 3537 1988 3537 1990 3538 2133 3538 1992 3538 1992 3539 2133 3539 1994 3539 2132 3540 2133 3540 1990 3540 2133 3541 2134 3541 1994 3541 1994 3542 2135 3542 1996 3542 2134 3543 2135 3543 1994 3543 1996 3544 2136 3544 1995 3544 2135 3545 2136 3545 1996 3545 1995 3546 2137 3546 1993 3546 2136 3547 2137 3547 1995 3547 1993 3548 2138 3548 1991 3548 1991 3549 2138 3549 1989 3549 2137 3550 2138 3550 1993 3550 2138 3551 2139 3551 1989 3551 1989 3552 2140 3552 1987 3552 2139 3553 2140 3553 1989 3553 1987 3554 2141 3554 1985 3554 2140 3555 2141 3555 1987 3555 1985 3556 2142 3556 1983 3556 2141 3557 2142 3557 1985 3557 1983 3558 2143 3558 1981 3558 2142 3559 2143 3559 1983 3559 1981 3560 2144 3560 1979 3560 1979 3561 2144 3561 1977 3561 2143 3562 2144 3562 1981 3562 1977 3563 2145 3563 1974 3563 2144 3564 2145 3564 1977 3564 2145 3565 2146 3565 1974 3565 1974 3566 2147 3566 1972 3566 2146 3567 2147 3567 1974 3567 1972 3568 2148 3568 1971 3568 2147 3569 2148 3569 1972 3569 1971 3570 2149 3570 1968 3570 1968 3571 2149 3571 1967 3571 2148 3572 2149 3572 1971 3572 2149 3573 2150 3573 1967 3573 1967 3574 1999 3574 1965 3574 2150 3575 1999 3575 1967 3575 1998 3576 1997 3576 2151 3576 2152 3577 1998 3577 2151 3577 2000 3578 1998 3578 2152 3578 2153 3579 2044 3579 2045 3579 2001 3580 2000 3580 2152 3580 2002 3581 2001 3581 2152 3581 2154 3582 2003 3582 2002 3582 2154 3583 2004 3583 2003 3583 2154 3584 2005 3584 2004 3584 2154 3585 2002 3585 2152 3585 2155 3586 2045 3586 2041 3586 2155 3587 2041 3587 2038 3587 2155 3588 2033 3588 2032 3588 2155 3589 2034 3589 2033 3589 2155 3590 2035 3590 2034 3590 2155 3591 2036 3591 2035 3591 2155 3592 2037 3592 2036 3592 2155 3593 2038 3593 2037 3593 2155 3594 2153 3594 2045 3594 2156 3595 2015 3595 2014 3595 2156 3596 2016 3596 2015 3596 2156 3597 2017 3597 2016 3597 2156 3598 2018 3598 2017 3598 2156 3599 2019 3599 2018 3599 2156 3600 2020 3600 2019 3600 2156 3601 2021 3601 2020 3601 2156 3602 2022 3602 2021 3602 2156 3603 2023 3603 2022 3603 2156 3604 2024 3604 2023 3604 2156 3605 2025 3605 2024 3605 2156 3606 2026 3606 2025 3606 2156 3607 2027 3607 2026 3607 2156 3608 2028 3608 2027 3608 2156 3609 2029 3609 2028 3609 2156 3610 2030 3610 2029 3610 2156 3611 2031 3611 2030 3611 2156 3612 2032 3612 2031 3612 2156 3613 2155 3613 2032 3613 2157 3614 2156 3614 2014 3614 2157 3615 2006 3615 2005 3615 2157 3616 2007 3616 2006 3616 2157 3617 2008 3617 2007 3617 2157 3618 2009 3618 2008 3618 2157 3619 2010 3619 2009 3619 2157 3620 2011 3620 2010 3620 2157 3621 2012 3621 2011 3621 2157 3622 2013 3622 2012 3622 2157 3623 2014 3623 2013 3623 2157 3624 2005 3624 2154 3624 2158 3625 2159 3625 2160 3625 2159 3626 2161 3626 2160 3626 2162 3627 2163 3627 2159 3627 2161 3628 2164 3628 2165 3628 2166 3629 2167 3629 2168 3629 2168 3630 2167 3630 2169 3630 2170 3631 2171 3631 2172 3631 2172 3632 2171 3632 2173 3632 2167 3633 2174 3633 2169 3633 2170 3634 2175 3634 2171 3634 2170 3635 2176 3635 2175 3635 2176 3636 2177 3636 2178 3636 2179 3637 2180 3637 2181 3637 2181 3638 2180 3638 2182 3638 2183 3639 2184 3639 2185 3639 2186 3640 2187 3640 2188 3640 2189 3641 2187 3641 2186 3641 2183 3642 2190 3642 2184 3642 2184 3643 2190 3643 2191 3643 2190 3644 2192 3644 2193 3644 2192 3645 2194 3645 2195 3645 2195 3646 2194 3646 2196 3646 2192 3647 2197 3647 2194 3647 2198 3648 2199 3648 2200 3648 2200 3649 2199 3649 2201 3649 2102 3650 2101 3650 2202 3650 2202 3651 2103 3651 2102 3651 2202 3652 2104 3652 2103 3652 2101 3653 2100 3653 2202 3653 2202 3654 2105 3654 2104 3654 2100 3655 2099 3655 2202 3655 2202 3656 2106 3656 2105 3656 2099 3657 2098 3657 2202 3657 2202 3658 2107 3658 2106 3658 2098 3659 2097 3659 2202 3659 2202 3660 2108 3660 2107 3660 2097 3661 2096 3661 2202 3661 2202 3662 2109 3662 2108 3662 2096 3663 2095 3663 2202 3663 2202 3664 2110 3664 2109 3664 2095 3665 2094 3665 2202 3665 2202 3666 2111 3666 2110 3666 2094 3667 2093 3667 2202 3667 2202 3668 2112 3668 2111 3668 2093 3669 2092 3669 2202 3669 2202 3670 2113 3670 2112 3670 2202 3671 2091 3671 2203 3671 2092 3672 2091 3672 2202 3672 2202 3673 2114 3673 2113 3673 2091 3674 2090 3674 2203 3674 2202 3675 2115 3675 2114 3675 2090 3676 2089 3676 2203 3676 2202 3677 2116 3677 2115 3677 2089 3678 2088 3678 2203 3678 2202 3679 2117 3679 2116 3679 2088 3680 2087 3680 2203 3680 2202 3681 2118 3681 2117 3681 2204 3682 2085 3682 2205 3682 2188 3683 2085 3683 2204 3683 2206 3684 2085 3684 2187 3684 2207 3685 2085 3685 2206 3685 2208 3686 2085 3686 2207 3686 2187 3687 2085 3687 2188 3687 2203 3688 2085 3688 2208 3688 2087 3689 2085 3689 2203 3689 2209 3690 2210 3690 2174 3690 2211 3691 2210 3691 2209 3691 2212 3692 2210 3692 2211 3692 2213 3693 2210 3693 2212 3693 2214 3694 2210 3694 2213 3694 2215 3695 2210 3695 2214 3695 2169 3696 2210 3696 2163 3696 2164 3697 2210 3697 2170 3697 2163 3698 2210 3698 2159 3698 2183 3699 2210 3699 2190 3699 2177 3700 2210 3700 2216 3700 2159 3701 2210 3701 2161 3701 2216 3702 2210 3702 2217 3702 2217 3703 2210 3703 2179 3703 2161 3704 2210 3704 2164 3704 2180 3705 2210 3705 2218 3705 2218 3706 2210 3706 2219 3706 2219 3707 2210 3707 2183 3707 2190 3708 2210 3708 2192 3708 2170 3709 2210 3709 2176 3709 2174 3710 2210 3710 2169 3710 2197 3711 2210 3711 2198 3711 2192 3712 2210 3712 2197 3712 2198 3713 2210 3713 2199 3713 2199 3714 2210 3714 2220 3714 2220 3715 2210 3715 2221 3715 2221 3716 2210 3716 2222 3716 2222 3717 2210 3717 2223 3717 2223 3718 2210 3718 2224 3718 2224 3719 2210 3719 2225 3719 2225 3720 2210 3720 2226 3720 2226 3721 2210 3721 2227 3721 2227 3722 2210 3722 2228 3722 2228 3723 2210 3723 2229 3723 2176 3724 2210 3724 2177 3724 2179 3725 2210 3725 2180 3725 2230 3726 2231 3726 2215 3726 2232 3727 2231 3727 2230 3727 2233 3728 2231 3728 2232 3728 2234 3729 2231 3729 2233 3729 2235 3730 2231 3730 2234 3730 2215 3731 2231 3731 2210 3731 2236 3732 2237 3732 2235 3732 2238 3733 2237 3733 2236 3733 2205 3734 2237 3734 2238 3734 2085 3735 2237 3735 2205 3735 2235 3736 2237 3736 2231 3736 2085 3737 2086 3737 2237 3737 2119 3738 2239 3738 2120 3738 2120 3739 2239 3739 2121 3739 2121 3740 2239 3740 2122 3740 2122 3741 2239 3741 2123 3741 2123 3742 2239 3742 2124 3742 2124 3743 2239 3743 2125 3743 2125 3744 2239 3744 2126 3744 2126 3745 2239 3745 2127 3745 2127 3746 2239 3746 2128 3746 2128 3747 2239 3747 2129 3747 2129 3748 2239 3748 2130 3748 2130 3749 2239 3749 2131 3749 2131 3750 2239 3750 2132 3750 2132 3751 2239 3751 2133 3751 2133 3752 2239 3752 2134 3752 2134 3753 2239 3753 2135 3753 2135 3754 2239 3754 2136 3754 2136 3755 2239 3755 2137 3755 2137 3756 2239 3756 2138 3756 2138 3757 2239 3757 2139 3757 2139 3758 2239 3758 2140 3758 2140 3759 2239 3759 2141 3759 2141 3760 2239 3760 2142 3760 2142 3761 2239 3761 2143 3761 2143 3762 2239 3762 2144 3762 2144 3763 2239 3763 2145 3763 2145 3764 2239 3764 2146 3764 2146 3765 2239 3765 2147 3765 2147 3766 2240 3766 2148 3766 2148 3767 2240 3767 2149 3767 2149 3768 2240 3768 2150 3768 2150 3769 2240 3769 1999 3769 2239 3770 2240 3770 2147 3770 2240 3771 2241 3771 1999 3771 2241 3772 2242 3772 1999 3772 2242 3773 2243 3773 1999 3773 2243 3774 2244 3774 1999 3774 2245 3775 2244 3775 2243 3775 2244 3776 2246 3776 1999 3776 2246 3777 2247 3777 1999 3777 2248 3778 2249 3778 2250 3778 2250 3779 2249 3779 2251 3779 2249 3780 2252 3780 2251 3780 2253 3781 2252 3781 2249 3781 2251 3782 2252 3782 2254 3782 2254 3783 2252 3783 2255 3783 2256 3784 2151 3784 2247 3784 2257 3785 2151 3785 2256 3785 2258 3786 2151 3786 2257 3786 2259 3787 2151 3787 2258 3787 2247 3788 2151 3788 1999 3788 1999 3789 2151 3789 1997 3789 2260 3790 2261 3790 2252 3790 2252 3791 2261 3791 2255 3791 2261 3792 2262 3792 2255 3792 2262 3793 2263 3793 2255 3793 2264 3794 2263 3794 2262 3794 2265 3795 2266 3795 2263 3795 2263 3796 2266 3796 2255 3796 2266 3797 2267 3797 2255 3797 2268 3798 2152 3798 2259 3798 2269 3799 2152 3799 2268 3799 2270 3800 2152 3800 2269 3800 2271 3801 2152 3801 2270 3801 2272 3802 2152 3802 2271 3802 2273 3803 2152 3803 2272 3803 2274 3804 2152 3804 2273 3804 2259 3805 2152 3805 2151 3805 2267 3806 2275 3806 2255 3806 2276 3807 2277 3807 2275 3807 2277 3808 2278 3808 2275 3808 2279 3809 2278 3809 2277 3809 2278 3810 2280 3810 2275 3810 2281 3811 2282 3811 2280 3811 2282 3812 2283 3812 2280 3812 2284 3813 2283 3813 2282 3813 2285 3814 2154 3814 2274 3814 2286 3815 2154 3815 2285 3815 2287 3816 2154 3816 2286 3816 2288 3817 2154 3817 2287 3817 2289 3818 2154 3818 2288 3818 2274 3819 2154 3819 2152 3819 2255 3820 2154 3820 2289 3820 2275 3821 2290 3821 2255 3821 2255 3822 2290 3822 2154 3822 2291 3823 2292 3823 2293 3823 2293 3824 2292 3824 2283 3824 2275 3825 2294 3825 2290 3825 2290 3826 2294 3826 2295 3826 2283 3827 2296 3827 2280 3827 2292 3828 2296 3828 2283 3828 2297 3829 2296 3829 2292 3829 2294 3830 2298 3830 2299 3830 2280 3831 2300 3831 2275 3831 2275 3832 2300 3832 2294 3832 2296 3833 2300 3833 2280 3833 2294 3834 2300 3834 2298 3834 2301 3835 2302 3835 2303 3835 2304 3836 2305 3836 2306 3836 2298 3837 2307 3837 2301 3837 2302 3838 2307 3838 2308 3838 2308 3839 2307 3839 2309 3839 2301 3840 2307 3840 2302 3840 2310 3841 2311 3841 2312 3841 2312 3842 2311 3842 2305 3842 2305 3843 2311 3843 2306 3843 2298 3844 2313 3844 2307 3844 2300 3845 2314 3845 2298 3845 2306 3846 2314 3846 2300 3846 2311 3847 2314 3847 2306 3847 2298 3848 2315 3848 2313 3848 2298 3849 2316 3849 2315 3849 2314 3850 2316 3850 2298 3850 2202 3851 2239 3851 2119 3851 2202 3852 2119 3852 2118 3852 2084 3853 2231 3853 2237 3853 2084 3854 2237 3854 2086 3854 2083 3855 2231 3855 2084 3855 2082 3856 2231 3856 2083 3856 2081 3857 2231 3857 2082 3857 2080 3858 2210 3858 2231 3858 2080 3859 2231 3859 2081 3859 2079 3860 2210 3860 2080 3860 2078 3861 2210 3861 2079 3861 2077 3862 2210 3862 2078 3862 2076 3863 2210 3863 2077 3863 2317 3864 2068 3864 2067 3864 2317 3865 2069 3865 2068 3865 2317 3866 2070 3866 2069 3866 2317 3867 2071 3867 2070 3867 2317 3868 2072 3868 2071 3868 2317 3869 2073 3869 2072 3869 2317 3870 2074 3870 2073 3870 2317 3871 2075 3871 2074 3871 2317 3872 2076 3872 2075 3872 2317 3873 2210 3873 2076 3873 2318 3874 2051 3874 2050 3874 2318 3875 2052 3875 2051 3875 2318 3876 2053 3876 2052 3876 2318 3877 2054 3877 2053 3877 2318 3878 2055 3878 2054 3878 2318 3879 2056 3879 2055 3879 2318 3880 2057 3880 2056 3880 2318 3881 2058 3881 2057 3881 2318 3882 2059 3882 2058 3882 2318 3883 2060 3883 2059 3883 2318 3884 2061 3884 2060 3884 2318 3885 2062 3885 2061 3885 2318 3886 2063 3886 2062 3886 2318 3887 2064 3887 2063 3887 2318 3888 2065 3888 2064 3888 2318 3889 2066 3889 2065 3889 2318 3890 2067 3890 2066 3890 2318 3891 2317 3891 2067 3891 2319 3892 2046 3892 2040 3892 2319 3893 2047 3893 2046 3893 2319 3894 2048 3894 2047 3894 2319 3895 2049 3895 2048 3895 2319 3896 2050 3896 2049 3896 2319 3897 2040 3897 2039 3897 2319 3898 2039 3898 2042 3898 2319 3899 2318 3899 2050 3899 2320 3900 2319 3900 2042 3900 2320 3901 2042 3901 2043 3901 2153 3902 2320 3902 2044 3902 2044 3903 2320 3903 2043 3903 2321 3904 2154 3904 2290 3904 2321 3905 2157 3905 2154 3905 2322 3906 2290 3906 2295 3906 2322 3907 2321 3907 2290 3907 2323 3908 2295 3908 2294 3908 2323 3909 2322 3909 2295 3909 2324 3910 2294 3910 2299 3910 2324 3911 2323 3911 2294 3911 2325 3912 2299 3912 2298 3912 2325 3913 2324 3913 2299 3913 2326 3914 2298 3914 2301 3914 2326 3915 2325 3915 2298 3915 2327 3916 2301 3916 2303 3916 2327 3917 2326 3917 2301 3917 2328 3918 2303 3918 2302 3918 2328 3919 2327 3919 2303 3919 2329 3920 2302 3920 2308 3920 2329 3921 2328 3921 2302 3921 2330 3922 2308 3922 2309 3922 2330 3923 2329 3923 2308 3923 2331 3924 2309 3924 2307 3924 2331 3925 2330 3925 2309 3925 2332 3926 2307 3926 2313 3926 2332 3927 2331 3927 2307 3927 2333 3928 2313 3928 2315 3928 2333 3929 2332 3929 2313 3929 2334 3930 2315 3930 2316 3930 2334 3931 2333 3931 2315 3931 2335 3932 2316 3932 2314 3932 2335 3933 2334 3933 2316 3933 2336 3934 2314 3934 2311 3934 2336 3935 2335 3935 2314 3935 2337 3936 2311 3936 2310 3936 2337 3937 2336 3937 2311 3937 2338 3938 2310 3938 2312 3938 2338 3939 2337 3939 2310 3939 2339 3940 2312 3940 2305 3940 2339 3941 2338 3941 2312 3941 2340 3942 2305 3942 2304 3942 2340 3943 2339 3943 2305 3943 2341 3944 2304 3944 2306 3944 2341 3945 2340 3945 2304 3945 2342 3946 2341 3946 2306 3946 2342 3947 2306 3947 2300 3947 2343 3948 2342 3948 2300 3948 2343 3949 2300 3949 2296 3949 2344 3950 2343 3950 2296 3950 2344 3951 2296 3951 2297 3951 2345 3952 2344 3952 2297 3952 2345 3953 2297 3953 2292 3953 2346 3954 2345 3954 2292 3954 2346 3955 2292 3955 2291 3955 2347 3956 2346 3956 2291 3956 2347 3957 2291 3957 2293 3957 2348 3958 2347 3958 2293 3958 2348 3959 2293 3959 2283 3959 2349 3960 2348 3960 2283 3960 2349 3961 2283 3961 2284 3961 2350 3962 2284 3962 2282 3962 2350 3963 2349 3963 2284 3963 2351 3964 2282 3964 2281 3964 2351 3965 2350 3965 2282 3965 2352 3966 2281 3966 2280 3966 2352 3967 2351 3967 2281 3967 2353 3968 2280 3968 2278 3968 2353 3969 2352 3969 2280 3969 2354 3970 2278 3970 2279 3970 2354 3971 2353 3971 2278 3971 2355 3972 2279 3972 2277 3972 2355 3973 2354 3973 2279 3973 2356 3974 2277 3974 2276 3974 2356 3975 2355 3975 2277 3975 2357 3976 2276 3976 2275 3976 2357 3977 2356 3977 2276 3977 2358 3978 2275 3978 2267 3978 2358 3979 2357 3979 2275 3979 2359 3980 2358 3980 2267 3980 2359 3981 2267 3981 2266 3981 2360 3982 2266 3982 2265 3982 2360 3983 2359 3983 2266 3983 2361 3984 2265 3984 2263 3984 2361 3985 2360 3985 2265 3985 2362 3986 2263 3986 2264 3986 2362 3987 2361 3987 2263 3987 2363 3988 2264 3988 2262 3988 2363 3989 2262 3989 2261 3989 2363 3990 2362 3990 2264 3990 2364 3991 2261 3991 2260 3991 2364 3992 2363 3992 2261 3992 2365 3993 2260 3993 2252 3993 2365 3994 2364 3994 2260 3994 2366 3995 2252 3995 2253 3995 2366 3996 2365 3996 2252 3996 2367 3997 2366 3997 2253 3997 2368 3998 2367 3998 2253 3998 2368 3999 2253 3999 2249 3999 2369 4000 2368 4000 2249 4000 2369 4001 2249 4001 2248 4001 2370 4002 2369 4002 2248 4002 2370 4003 2248 4003 2250 4003 2371 4004 2370 4004 2250 4004 2371 4005 2250 4005 2251 4005 2372 4006 2371 4006 2251 4006 2372 4007 2251 4007 2254 4007 2373 4008 2372 4008 2254 4008 2373 4009 2254 4009 2255 4009 2373 4010 2255 4010 2289 4010 2374 4011 2373 4011 2289 4011 2375 4012 2376 4012 2377 4012 2377 4013 2376 4013 2378 4013 2379 4014 2380 4014 2381 4014 2382 4015 2383 4015 2380 4015 2384 4016 2385 4016 2386 4016 2384 4017 2387 4017 2385 4017 2388 4018 2389 4018 2390 4018 2387 4019 2391 4019 2392 4019 2393 4020 2394 4020 2395 4020 2396 4021 2317 4021 2397 4021 2397 4022 2317 4022 2398 4022 2398 4023 2317 4023 2399 4023 2399 4024 2317 4024 2389 4024 2394 4025 2400 4025 2401 4025 2393 4026 2400 4026 2394 4026 2400 4027 2402 4027 2403 4027 2400 4028 2404 4028 2402 4028 2404 4029 2405 4029 2406 4029 2406 4030 2405 4030 2407 4030 2405 4031 2408 4031 2409 4031 2405 4032 2410 4032 2408 4032 2411 4033 2412 4033 2413 4033 2414 4034 2415 4034 2416 4034 2416 4035 2415 4035 2417 4035 2417 4036 2415 4036 2418 4036 2418 4037 2415 4037 2419 4037 2420 4038 2421 4038 2422 4038 2384 4039 2423 4039 2387 4039 2389 4040 2423 4040 2390 4040 2391 4041 2423 4041 2393 4041 2410 4042 2423 4042 2411 4042 2412 4043 2423 4043 2414 4043 2317 4044 2423 4044 2389 4044 2393 4045 2423 4045 2400 4045 2400 4046 2423 4046 2404 4046 2415 4047 2423 4047 2420 4047 2421 4048 2423 4048 2424 4048 2424 4049 2423 4049 2425 4049 2425 4050 2423 4050 2426 4050 2404 4051 2423 4051 2405 4051 2405 4052 2423 4052 2410 4052 2411 4053 2423 4053 2412 4053 2414 4054 2423 4054 2415 4054 2420 4055 2423 4055 2421 4055 2375 4056 2423 4056 2376 4056 2380 4057 2423 4057 2381 4057 2383 4058 2423 4058 2380 4058 2390 4059 2423 4059 2383 4059 2381 4060 2423 4060 2375 4060 2387 4061 2423 4061 2391 4061 2376 4062 2423 4062 2427 4062 2427 4063 2423 4063 2428 4063 2428 4064 2423 4064 2384 4064 2317 4065 2429 4065 2423 4065 2317 4066 2430 4066 2429 4066 2317 4067 2431 4067 2430 4067 2317 4068 2432 4068 2431 4068 2317 4069 2433 4069 2432 4069 2317 4070 2434 4070 2433 4070 2317 4071 2435 4071 2434 4071 2317 4072 2436 4072 2435 4072 2318 4073 2437 4073 2317 4073 2317 4074 2437 4074 2436 4074 2318 4075 2438 4075 2437 4075 2318 4076 2439 4076 2438 4076 2318 4077 2440 4077 2439 4077 2318 4078 2441 4078 2440 4078 2318 4079 2442 4079 2441 4079 2318 4080 2443 4080 2442 4080 2318 4081 2444 4081 2443 4081 2318 4082 2445 4082 2444 4082 2318 4083 2446 4083 2445 4083 2447 4084 2446 4084 2448 4084 2445 4085 2446 4085 2447 4085 2318 4086 2449 4086 2446 4086 2318 4087 2450 4087 2449 4087 2318 4088 2451 4088 2450 4088 2319 4089 2451 4089 2318 4089 2319 4090 2452 4090 2451 4090 2319 4091 2320 4091 2452 4091 2321 4092 2322 4092 2157 4092 2322 4093 2323 4093 2157 4093 2324 4094 2325 4094 2323 4094 2323 4095 2326 4095 2157 4095 2325 4096 2326 4096 2323 4096 2326 4097 2328 4097 2157 4097 2327 4098 2328 4098 2326 4098 2329 4099 2330 4099 2328 4099 2328 4100 2332 4100 2157 4100 2330 4101 2332 4101 2328 4101 2331 4102 2332 4102 2330 4102 2332 4103 2333 4103 2157 4103 2333 4104 2334 4104 2157 4104 2337 4105 2338 4105 2336 4105 2336 4106 2338 4106 2335 4106 2335 4107 2338 4107 2334 4107 2334 4108 2338 4108 2157 4108 2339 4109 2340 4109 2338 4109 2320 4110 2453 4110 2452 4110 2155 4111 2453 4111 2153 4111 2153 4112 2453 4112 2320 4112 2155 4113 2454 4113 2453 4113 2156 4114 2454 4114 2155 4114 2156 4115 2455 4115 2454 4115 2156 4116 2456 4116 2455 4116 2341 4117 2342 4117 2340 4117 2340 4118 2342 4118 2338 4118 2156 4119 2457 4119 2456 4119 2156 4120 2458 4120 2457 4120 2342 4121 2343 4121 2338 4121 2458 4122 2459 4122 2460 4122 2458 4123 2461 4123 2459 4123 2156 4124 2461 4124 2458 4124 2156 4125 2462 4125 2461 4125 2156 4126 2463 4126 2462 4126 2156 4127 2464 4127 2463 4127 2156 4128 2465 4128 2464 4128 2156 4129 2466 4129 2465 4129 2156 4130 2467 4130 2466 4130 2156 4131 2468 4131 2467 4131 2157 4132 2468 4132 2156 4132 2157 4133 2469 4133 2468 4133 2345 4134 2346 4134 2344 4134 2344 4135 2346 4135 2343 4135 2338 4136 2346 4136 2157 4136 2343 4137 2346 4137 2338 4137 2157 4138 2470 4138 2469 4138 2346 4139 2347 4139 2157 4139 2157 4140 2471 4140 2470 4140 2347 4141 2348 4141 2157 4141 2157 4142 2472 4142 2471 4142 2350 4143 2351 4143 2349 4143 2157 4144 2473 4144 2472 4144 2351 4145 2352 4145 2349 4145 2157 4146 2474 4146 2473 4146 2157 4147 2475 4147 2474 4147 2353 4148 2354 4148 2352 4148 2352 4149 2354 4149 2349 4149 2349 4150 2354 4150 2348 4150 2157 4151 2476 4151 2475 4151 2157 4152 2374 4152 2476 4152 2357 4153 2358 4153 2356 4153 2356 4154 2358 4154 2355 4154 2374 4155 2372 4155 2373 4155 2348 4156 2360 4156 2157 4156 2359 4157 2360 4157 2358 4157 2354 4158 2360 4158 2348 4158 2355 4159 2360 4159 2354 4159 2157 4160 2360 4160 2374 4160 2358 4161 2360 4161 2355 4161 2374 4162 2360 4162 2372 4162 2372 4163 2369 4163 2371 4163 2371 4164 2369 4164 2370 4164 2362 4165 2363 4165 2361 4165 2364 4166 2365 4166 2363 4166 2361 4167 2365 4167 2360 4167 2363 4168 2365 4168 2361 4168 2369 4169 2366 4169 2368 4169 2368 4170 2366 4170 2367 4170 2360 4171 2366 4171 2372 4171 2372 4172 2366 4172 2369 4172 2365 4173 2366 4173 2360 4173 2426 4174 2174 4174 2167 4174 2426 4175 2423 4175 2174 4175 2425 4176 2167 4176 2166 4176 2425 4177 2426 4177 2167 4177 2424 4178 2166 4178 2168 4178 2424 4179 2425 4179 2166 4179 2421 4180 2168 4180 2169 4180 2421 4181 2424 4181 2168 4181 2422 4182 2169 4182 2163 4182 2422 4183 2421 4183 2169 4183 2420 4184 2163 4184 2162 4184 2420 4185 2422 4185 2163 4185 2415 4186 2162 4186 2159 4186 2415 4187 2420 4187 2162 4187 2419 4188 2159 4188 2158 4188 2419 4189 2415 4189 2159 4189 2418 4190 2158 4190 2160 4190 2418 4191 2419 4191 2158 4191 2417 4192 2160 4192 2161 4192 2417 4193 2418 4193 2160 4193 2416 4194 2161 4194 2165 4194 2416 4195 2417 4195 2161 4195 2414 4196 2165 4196 2164 4196 2414 4197 2416 4197 2165 4197 2412 4198 2164 4198 2170 4198 2412 4199 2414 4199 2164 4199 2413 4200 2170 4200 2172 4200 2413 4201 2412 4201 2170 4201 2411 4202 2172 4202 2173 4202 2411 4203 2413 4203 2172 4203 2410 4204 2173 4204 2171 4204 2410 4205 2411 4205 2173 4205 2408 4206 2171 4206 2175 4206 2408 4207 2175 4207 2176 4207 2408 4208 2410 4208 2171 4208 2409 4209 2408 4209 2176 4209 2409 4210 2176 4210 2178 4210 2405 4211 2178 4211 2177 4211 2405 4212 2409 4212 2178 4212 2407 4213 2405 4213 2177 4213 2406 4214 2177 4214 2216 4214 2406 4215 2407 4215 2177 4215 2404 4216 2216 4216 2217 4216 2404 4217 2406 4217 2216 4217 2402 4218 2404 4218 2217 4218 2402 4219 2217 4219 2179 4219 2403 4220 2402 4220 2179 4220 2403 4221 2179 4221 2181 4221 2400 4222 2403 4222 2181 4222 2400 4223 2181 4223 2182 4223 2401 4224 2400 4224 2182 4224 2401 4225 2182 4225 2180 4225 2394 4226 2401 4226 2180 4226 2394 4227 2180 4227 2218 4227 2395 4228 2394 4228 2218 4228 2395 4229 2218 4229 2219 4229 2393 4230 2395 4230 2219 4230 2393 4231 2219 4231 2183 4231 2391 4232 2183 4232 2185 4232 2391 4233 2393 4233 2183 4233 2392 4234 2185 4234 2184 4234 2392 4235 2391 4235 2185 4235 2387 4236 2184 4236 2191 4236 2387 4237 2392 4237 2184 4237 2385 4238 2191 4238 2190 4238 2385 4239 2387 4239 2191 4239 2386 4240 2190 4240 2193 4240 2386 4241 2385 4241 2190 4241 2384 4242 2193 4242 2192 4242 2384 4243 2386 4243 2193 4243 2428 4244 2192 4244 2195 4244 2428 4245 2384 4245 2192 4245 2427 4246 2195 4246 2196 4246 2427 4247 2428 4247 2195 4247 2376 4248 2196 4248 2194 4248 2376 4249 2427 4249 2196 4249 2378 4250 2376 4250 2194 4250 2378 4251 2194 4251 2197 4251 2377 4252 2197 4252 2198 4252 2377 4253 2378 4253 2197 4253 2375 4254 2198 4254 2200 4254 2375 4255 2377 4255 2198 4255 2381 4256 2200 4256 2201 4256 2381 4257 2375 4257 2200 4257 2379 4258 2201 4258 2199 4258 2379 4259 2381 4259 2201 4259 2380 4260 2199 4260 2220 4260 2380 4261 2379 4261 2199 4261 2382 4262 2220 4262 2221 4262 2382 4263 2380 4263 2220 4263 2383 4264 2221 4264 2222 4264 2383 4265 2382 4265 2221 4265 2390 4266 2222 4266 2223 4266 2390 4267 2383 4267 2222 4267 2388 4268 2390 4268 2223 4268 2388 4269 2223 4269 2224 4269 2389 4270 2388 4270 2224 4270 2389 4271 2224 4271 2225 4271 2399 4272 2389 4272 2225 4272 2399 4273 2225 4273 2226 4273 2398 4274 2399 4274 2226 4274 2398 4275 2226 4275 2227 4275 2397 4276 2398 4276 2227 4276 2397 4277 2227 4277 2228 4277 2396 4278 2397 4278 2228 4278 2396 4279 2228 4279 2229 4279 2317 4280 2396 4280 2229 4280 2317 4281 2229 4281 2210 4281 2477 4282 2478 4282 2479 4282 2477 4283 2480 4283 2478 4283 2478 4284 2480 4284 2481 4284 2481 4285 2480 4285 2482 4285 2483 4286 2480 4286 2477 4286 2482 4287 2480 4287 2483 4287 2484 4288 2485 4288 2486 4288 2486 4289 2485 4289 2487 4289 2487 4290 2485 4290 2488 4290 2484 4291 2489 4291 2485 4291 2485 4292 2489 4292 2488 4292 2484 4293 2490 4293 2489 4293 2488 4294 2490 4294 2491 4294 2489 4295 2490 4295 2488 4295 2492 4296 2490 4296 2484 4296 2490 4297 2493 4297 2491 4297 2492 4298 2493 4298 2490 4298 2493 4299 2494 4299 2491 4299 2491 4300 2494 4300 2495 4300 2492 4301 2494 4301 2493 4301 2494 4302 2496 4302 2495 4302 2495 4303 2496 4303 2497 4303 2492 4304 2496 4304 2494 4304 2481 4305 2498 4305 2478 4305 2496 4306 2499 4306 2497 4306 2492 4307 2499 4307 2496 4307 2500 4308 2499 4308 2492 4308 2501 4309 2502 4309 2503 4309 2498 4310 2502 4310 2500 4310 2504 4311 2502 4311 2505 4311 2505 4312 2502 4312 2501 4312 2502 4313 2506 4313 2503 4313 2481 4314 2507 4314 2506 4314 2508 4315 2507 4315 2482 4315 2482 4316 2507 4316 2481 4316 2497 4317 2509 4317 2510 4317 2502 4318 2509 4318 2500 4318 2510 4319 2509 4319 2511 4319 2511 4320 2509 4320 2504 4320 2499 4321 2509 4321 2497 4321 2500 4322 2509 4322 2499 4322 2504 4323 2509 4323 2502 4323 2508 4324 2512 4324 2507 4324 2513 4325 2512 4325 2514 4325 2508 4326 2515 4326 2512 4326 2512 4327 2515 4327 2514 4327 2508 4328 2516 4328 2515 4328 2514 4329 2516 4329 2517 4329 2515 4330 2516 4330 2514 4330 2508 4331 2518 4331 2516 4331 2516 4332 2518 4332 2517 4332 2519 4333 2518 4333 2520 4333 2521 4334 2518 4334 2522 4334 2517 4335 2518 4335 2521 4335 2522 4336 2518 4336 2519 4336 2520 4337 2518 4337 2508 4337 2523 4338 2524 4338 2525 4338 2526 4339 2524 4339 2523 4339 2525 4340 2524 4340 2527 4340 2528 4341 2524 4341 2526 4341 2527 4342 2524 4342 2528 4342 2529 4343 2530 4343 2528 4343 2528 4344 2530 4344 2531 4344 2531 4345 2530 4345 2532 4345 2532 4346 2530 4346 2529 4346 2532 4347 2533 4347 2534 4347 2535 4348 2533 4348 2532 4348 2534 4349 2533 4349 2536 4349 2536 4350 2533 4350 2535 4350 2534 4351 2537 4351 2486 4351 2536 4352 2537 4352 2534 4352 2538 4353 2537 4353 2536 4353 2486 4354 2537 4354 2484 4354 2484 4355 2537 4355 2538 4355 2539 4356 2540 4356 2500 4356 2478 4357 2540 4357 2539 4357 2498 4358 2540 4358 2478 4358 2500 4359 2540 4359 2498 4359 2506 4360 2541 4360 2481 4360 2498 4361 2541 4361 2502 4361 2481 4362 2541 4362 2498 4362 2502 4363 2541 4363 2506 4363 2503 4364 2542 4364 2543 4364 2543 4365 2542 4365 2513 4365 2513 4366 2542 4366 2512 4366 2507 4367 2542 4367 2506 4367 2506 4368 2542 4368 2503 4368 2512 4369 2542 4369 2507 4369 2215 4370 2544 4370 2230 4370 2230 4371 2544 4371 2232 4371 2545 4372 2546 4372 2547 4372 2189 4373 2546 4373 2545 4373 2188 4374 2546 4374 2186 4374 2186 4375 2546 4375 2189 4375 2188 4376 2548 4376 2546 4376 2188 4377 2549 4377 2548 4377 2205 4378 2549 4378 2204 4378 2204 4379 2549 4379 2188 4379 2546 4380 2550 4380 2547 4380 2547 4381 2550 4381 2551 4381 2548 4382 2550 4382 2546 4382 2549 4383 2552 4383 2548 4383 2205 4384 2553 4384 2549 4384 2552 4385 2554 4385 2548 4385 2551 4386 2554 4386 2555 4386 2548 4387 2554 4387 2550 4387 2550 4388 2554 4388 2551 4388 2552 4389 2556 4389 2554 4389 2555 4390 2556 4390 2557 4390 2553 4391 2556 4391 2549 4391 2554 4392 2556 4392 2555 4392 2549 4393 2556 4393 2552 4393 2553 4394 2558 4394 2556 4394 2559 4395 2558 4395 2553 4395 2556 4396 2558 4396 2557 4396 2560 4397 2561 4397 2559 4397 2561 4398 2562 4398 2559 4398 2559 4399 2562 4399 2558 4399 2561 4400 2563 4400 2562 4400 2560 4401 2563 4401 2561 4401 2564 4402 2563 4402 2560 4402 2565 4403 2566 4403 2564 4403 2564 4404 2566 4404 2563 4404 2565 4405 2567 4405 2566 4405 2568 4406 2569 4406 2570 4406 2571 4407 2572 4407 2568 4407 2568 4408 2572 4408 2569 4408 2570 4409 2573 4409 2567 4409 2569 4410 2573 4410 2570 4410 2574 4411 2575 4411 2576 4411 2576 4412 2575 4412 2571 4412 2577 4413 2578 4413 2574 4413 2574 4414 2578 4414 2575 4414 2575 4415 2579 4415 2571 4415 2571 4416 2579 4416 2572 4416 2577 4417 2580 4417 2578 4417 2578 4418 2581 4418 2575 4418 2575 4419 2581 4419 2579 4419 2580 4420 2582 4420 2578 4420 2578 4421 2582 4421 2581 4421 2580 4422 2583 4422 2582 4422 2584 4423 2585 4423 2586 4423 2587 4424 2588 4424 2589 4424 2584 4425 2588 4425 2585 4425 2589 4426 2588 4426 2584 4426 2588 4427 2590 4427 2585 4427 2591 4428 2592 4428 2587 4428 2587 4429 2592 4429 2588 4429 2588 4430 2592 4430 2590 4430 2592 4431 2593 4431 2590 4431 2433 4432 2594 4432 2591 4432 2436 4433 2594 4433 2435 4433 2435 4434 2594 4434 2434 4434 2434 4435 2594 4435 2433 4435 2591 4436 2595 4436 2592 4436 2592 4437 2595 4437 2593 4437 2594 4438 2595 4438 2591 4438 2595 4439 2596 4439 2593 4439 2595 4440 2597 4440 2596 4440 2597 4441 2598 4441 2596 4441 2597 4442 2599 4442 2598 4442 2600 4443 2601 4443 2599 4443 2600 4444 2602 4444 2601 4444 2600 4445 2603 4445 2602 4445 2603 4446 2604 4446 2602 4446 2603 4447 2605 4447 2604 4447 2605 4448 2606 4448 2604 4448 2606 4449 2607 4449 2604 4449 2605 4450 2608 4450 2606 4450 2606 4451 2609 4451 2607 4451 2608 4452 2609 4452 2606 4452 2609 4453 2610 4453 2607 4453 2608 4454 2611 4454 2609 4454 2611 4455 2612 4455 2609 4455 2609 4456 2612 4456 2610 4456 2612 4457 2613 4457 2610 4457 2611 4458 2614 4458 2612 4458 2612 4459 2615 4459 2613 4459 2614 4460 2615 4460 2612 4460 2613 4461 2615 4461 2616 4461 2616 4462 2615 4462 2617 4462 2445 4463 2618 4463 2444 4463 2614 4464 2618 4464 2615 4464 2615 4465 2619 4465 2617 4465 2618 4466 2619 4466 2615 4466 2617 4467 2619 4467 2620 4467 2618 4468 2621 4468 2619 4468 2445 4469 2621 4469 2618 4469 2621 4470 2622 4470 2619 4470 2619 4471 2622 4471 2620 4471 2620 4472 2622 4472 2623 4472 2445 4473 2624 4473 2621 4473 2621 4474 2624 4474 2622 4474 2623 4475 2624 4475 2448 4475 2622 4476 2624 4476 2623 4476 2448 4477 2624 4477 2447 4477 2447 4478 2624 4478 2445 4478 2576 4479 2625 4479 2574 4479 2574 4480 2625 4480 2577 4480 2174 4481 2625 4481 2209 4481 2209 4482 2625 4482 2211 4482 2211 4483 2625 4483 2212 4483 2212 4484 2625 4484 2213 4484 2213 4485 2625 4485 2214 4485 2214 4486 2625 4486 2215 4486 2215 4487 2625 4487 2544 4487 2544 4488 2625 4488 2576 4488 2560 4489 2626 4489 2564 4489 2232 4490 2626 4490 2233 4490 2233 4491 2626 4491 2234 4491 2234 4492 2626 4492 2235 4492 2553 4493 2627 4493 2559 4493 2626 4494 2627 4494 2235 4494 2205 4495 2627 4495 2553 4495 2559 4496 2627 4496 2560 4496 2560 4497 2627 4497 2626 4497 2235 4498 2627 4498 2236 4498 2236 4499 2627 4499 2238 4499 2238 4500 2627 4500 2205 4500 2625 4501 2628 4501 2577 4501 2174 4502 2628 4502 2625 4502 2583 4503 2628 4503 2629 4503 2577 4504 2628 4504 2580 4504 2580 4505 2628 4505 2583 4505 2232 4506 2630 4506 2626 4506 2544 4507 2630 4507 2232 4507 2568 4508 2631 4508 2571 4508 2544 4509 2631 4509 2630 4509 2570 4510 2631 4510 2568 4510 2576 4511 2631 4511 2544 4511 2571 4512 2631 4512 2576 4512 2630 4513 2631 4513 2570 4513 2632 4514 2633 4514 2634 4514 2557 4515 2633 4515 2632 4515 2558 4516 2633 4516 2557 4516 2562 4517 2633 4517 2558 4517 2562 4518 2635 4518 2633 4518 2563 4519 2635 4519 2562 4519 2633 4520 2636 4520 2634 4520 2634 4521 2636 4521 2637 4521 2635 4522 2636 4522 2633 4522 2566 4523 2638 4523 2563 4523 2563 4524 2638 4524 2635 4524 2635 4525 2638 4525 2636 4525 2636 4526 2638 4526 2637 4526 2569 4527 2639 4527 2573 4527 2572 4528 2639 4528 2569 4528 2572 4529 2640 4529 2639 4529 2639 4530 2640 4530 2641 4530 2572 4531 2642 4531 2640 4531 2579 4532 2642 4532 2572 4532 2640 4533 2642 4533 2641 4533 2641 4534 2643 4534 2644 4534 2579 4535 2643 4535 2642 4535 2642 4536 2643 4536 2641 4536 2581 4537 2645 4537 2579 4537 2579 4538 2645 4538 2643 4538 2643 4539 2645 4539 2644 4539 2581 4540 2646 4540 2645 4540 2582 4541 2647 4541 2581 4541 2581 4542 2647 4542 2646 4542 2582 4543 2648 4543 2647 4543 2629 4544 2649 4544 2583 4544 2583 4545 2649 4545 2582 4545 2582 4546 2649 4546 2648 4546 2629 4547 2650 4547 2649 4547 2629 4548 2651 4548 2650 4548 2652 4549 2653 4549 2654 4549 2629 4550 2655 4550 2651 4550 2656 4551 2655 4551 2657 4551 2628 4552 2658 4552 2629 4552 2659 4553 2658 4553 2628 4553 2586 4554 2660 4554 2584 4554 2628 4555 2660 4555 2659 4555 2423 4556 2660 4556 2174 4556 2659 4557 2660 4557 2483 4557 2483 4558 2660 4558 2661 4558 2174 4559 2660 4559 2628 4559 2661 4560 2660 4560 2662 4560 2584 4561 2660 4561 2589 4561 2662 4562 2660 4562 2586 4562 2520 4563 2663 4563 2664 4563 2508 4564 2663 4564 2520 4564 2661 4565 2665 4565 2663 4565 2661 4566 2666 4566 2665 4566 2589 4567 2667 4567 2587 4567 2587 4568 2667 4568 2591 4568 2591 4569 2667 4569 2433 4569 2433 4570 2667 4570 2432 4570 2432 4571 2667 4571 2431 4571 2431 4572 2667 4572 2430 4572 2430 4573 2667 4573 2429 4573 2429 4574 2667 4574 2423 4574 2660 4575 2667 4575 2589 4575 2423 4576 2667 4576 2660 4576 2661 4577 2668 4577 2666 4577 2661 4578 2669 4578 2668 4578 2661 4579 2670 4579 2669 4579 2662 4580 2670 4580 2661 4580 2585 4581 2670 4581 2586 4581 2586 4582 2670 4582 2662 4582 2585 4583 2671 4583 2670 4583 2585 4584 2672 4584 2671 4584 2590 4585 2672 4585 2585 4585 2593 4586 2673 4586 2590 4586 2590 4587 2673 4587 2672 4587 2593 4588 2674 4588 2673 4588 2593 4589 2675 4589 2674 4589 2674 4590 2675 4590 2676 4590 2596 4591 2675 4591 2593 4591 2675 4592 2677 4592 2676 4592 2596 4593 2677 4593 2675 4593 2676 4594 2677 4594 2678 4594 2599 4595 2679 4595 2600 4595 2597 4596 2679 4596 2599 4596 2436 4597 2679 4597 2594 4597 2594 4598 2679 4598 2595 4598 2595 4599 2679 4599 2597 4599 2596 4600 2680 4600 2677 4600 2677 4601 2680 4601 2678 4601 2678 4602 2680 4602 2681 4602 2596 4603 2682 4603 2680 4603 2598 4604 2682 4604 2596 4604 2599 4605 2683 4605 2598 4605 2598 4606 2683 4606 2682 4606 2682 4607 2683 4607 2680 4607 2680 4608 2683 4608 2681 4608 2601 4609 2683 4609 2599 4609 2684 4610 2685 4610 2686 4610 2600 4611 2687 4611 2603 4611 2436 4612 2687 4612 2679 4612 2438 4613 2687 4613 2437 4613 2437 4614 2687 4614 2436 4614 2679 4615 2687 4615 2600 4615 2603 4616 2687 4616 2605 4616 2438 4617 2688 4617 2687 4617 2442 4618 2688 4618 2441 4618 2441 4619 2688 4619 2440 4619 2440 4620 2688 4620 2439 4620 2439 4621 2688 4621 2438 4621 2689 4622 2690 4622 2691 4622 2614 4623 2692 4623 2618 4623 2611 4624 2692 4624 2614 4624 2444 4625 2692 4625 2443 4625 2443 4626 2692 4626 2442 4626 2618 4627 2692 4627 2444 4627 2442 4628 2692 4628 2688 4628 2608 4629 2692 4629 2611 4629 2688 4630 2692 4630 2687 4630 2687 4631 2692 4631 2605 4631 2605 4632 2692 4632 2608 4632 2690 4633 2693 4633 2691 4633 2604 4634 2694 4634 2693 4634 2607 4635 2694 4635 2604 4635 2693 4636 2694 4636 2691 4636 2691 4637 2695 4637 2696 4637 2694 4638 2695 4638 2691 4638 2607 4639 2697 4639 2694 4639 2694 4640 2697 4640 2695 4640 2610 4641 2697 4641 2607 4641 2695 4642 2697 4642 2696 4642 2616 4643 2698 4643 2613 4643 2697 4644 2698 4644 2696 4644 2610 4645 2698 4645 2697 4645 2699 4646 2698 4646 2616 4646 2696 4647 2698 4647 2699 4647 2613 4648 2698 4648 2610 4648 2565 4649 2700 4649 2567 4649 2564 4650 2700 4650 2565 4650 2626 4651 2700 4651 2564 4651 2630 4652 2700 4652 2626 4652 2567 4653 2700 4653 2570 4653 2570 4654 2700 4654 2630 4654 2567 4655 2701 4655 2566 4655 2566 4656 2701 4656 2638 4656 2638 4657 2701 4657 2702 4657 2573 4658 2701 4658 2567 4658 2701 4659 2703 4659 2702 4659 2573 4660 2703 4660 2701 4660 2702 4661 2703 4661 2704 4661 2704 4662 2705 4662 2706 4662 2703 4663 2705 4663 2704 4663 2573 4664 2705 4664 2703 4664 2706 4665 2707 4665 2704 4665 2637 4666 2707 4666 2708 4666 2702 4667 2707 4667 2638 4667 2704 4668 2707 4668 2702 4668 2638 4669 2707 4669 2637 4669 2705 4670 2709 4670 2706 4670 2573 4671 2709 4671 2705 4671 2641 4672 2709 4672 2639 4672 2639 4673 2709 4673 2573 4673 2706 4674 2709 4674 2710 4674 2652 4675 2711 4675 2710 4675 2712 4676 2711 4676 2654 4676 2708 4677 2711 4677 2712 4677 2654 4678 2711 4678 2652 4678 2706 4679 2711 4679 2707 4679 2707 4680 2711 4680 2708 4680 2710 4681 2711 4681 2706 4681 2710 4682 2713 4682 2652 4682 2641 4683 2713 4683 2709 4683 2709 4684 2713 4684 2710 4684 2647 4685 2714 4685 2646 4685 2644 4686 2714 4686 2715 4686 2645 4687 2714 4687 2644 4687 2646 4688 2714 4688 2645 4688 2641 4689 2716 4689 2713 4689 2652 4690 2716 4690 2653 4690 2713 4691 2716 4691 2652 4691 2714 4692 2717 4692 2715 4692 2715 4693 2717 4693 2718 4693 2647 4694 2717 4694 2714 4694 2648 4695 2717 4695 2647 4695 2716 4696 2719 4696 2653 4696 2641 4697 2719 4697 2716 4697 2644 4698 2719 4698 2641 4698 2648 4699 2720 4699 2717 4699 2718 4700 2720 4700 2721 4700 2717 4701 2720 4701 2718 4701 2649 4702 2720 4702 2648 4702 2653 4703 2722 4703 2723 4703 2719 4704 2722 4704 2653 4704 2644 4705 2722 4705 2719 4705 2722 4706 2724 4706 2723 4706 2644 4707 2724 4707 2722 4707 2723 4708 2724 4708 2725 4708 2720 4709 2726 4709 2721 4709 2649 4710 2726 4710 2720 4710 2650 4711 2726 4711 2649 4711 2726 4712 2727 4712 2721 4712 2651 4713 2727 4713 2650 4713 2721 4714 2727 4714 2656 4714 2655 4715 2727 4715 2651 4715 2650 4716 2727 4716 2726 4716 2656 4717 2727 4717 2655 4717 2644 4718 2728 4718 2724 4718 2724 4719 2728 4719 2725 4719 2715 4720 2728 4720 2644 4720 2725 4721 2729 4721 2730 4721 2728 4722 2729 4722 2725 4722 2715 4723 2729 4723 2728 4723 2729 4724 2731 4724 2730 4724 2715 4725 2731 4725 2729 4725 2718 4726 2731 4726 2715 4726 2730 4727 2731 4727 2732 4727 2731 4728 2733 4728 2732 4728 2718 4729 2733 4729 2731 4729 2653 4730 2734 4730 2654 4730 2723 4731 2734 4731 2653 4731 2654 4732 2734 4732 2735 4732 2732 4733 2736 4733 2737 4733 2733 4734 2736 4734 2732 4734 2718 4735 2736 4735 2733 4735 2734 4736 2738 4736 2735 4736 2730 4737 2738 4737 2725 4737 2725 4738 2738 4738 2723 4738 2723 4739 2738 4739 2734 4739 2737 4740 2739 4740 2740 4740 2736 4741 2739 4741 2737 4741 2718 4742 2739 4742 2736 4742 2721 4743 2741 4743 2718 4743 2739 4744 2741 4744 2740 4744 2718 4745 2741 4745 2739 4745 2740 4746 2742 4746 2743 4746 2741 4747 2742 4747 2740 4747 2743 4748 2744 4748 2745 4748 2742 4749 2744 4749 2743 4749 2629 4750 2746 4750 2655 4750 2655 4751 2746 4751 2657 4751 2658 4752 2746 4752 2629 4752 2735 4753 2747 4753 2748 4753 2738 4754 2747 4754 2735 4754 2730 4755 2747 4755 2738 4755 2744 4756 2749 4756 2745 4756 2730 4757 2750 4757 2747 4757 2732 4758 2750 4758 2730 4758 2747 4759 2750 4759 2748 4759 2732 4760 2751 4760 2750 4760 2750 4761 2751 4761 2748 4761 2737 4762 2751 4762 2732 4762 2749 4763 2752 4763 2745 4763 2745 4764 2752 4764 2753 4764 2752 4765 2754 4765 2753 4765 2753 4766 2755 4766 2756 4766 2754 4767 2755 4767 2753 4767 2751 4768 2757 4768 2748 4768 2748 4769 2757 4769 2758 4769 2737 4770 2757 4770 2751 4770 2757 4771 2759 4771 2758 4771 2737 4772 2759 4772 2757 4772 2743 4773 2759 4773 2740 4773 2740 4774 2759 4774 2737 4774 2755 4775 2760 4775 2756 4775 2759 4776 2761 4776 2758 4776 2743 4777 2761 4777 2759 4777 2760 4778 2525 4778 2756 4778 2756 4779 2525 4779 2762 4779 2762 4780 2527 4780 2763 4780 2525 4781 2527 4781 2762 4781 2758 4782 2764 4782 2765 4782 2761 4783 2764 4783 2758 4783 2743 4784 2764 4784 2761 4784 2764 4785 2766 4785 2765 4785 2753 4786 2766 4786 2745 4786 2743 4787 2766 4787 2764 4787 2745 4788 2766 4788 2743 4788 2659 4789 2767 4789 2658 4789 2658 4790 2767 4790 2768 4790 2753 4791 2769 4791 2766 4791 2766 4792 2769 4792 2765 4792 2659 4793 2770 4793 2767 4793 2753 4794 2771 4794 2769 4794 2756 4795 2771 4795 2753 4795 2769 4796 2771 4796 2765 4796 2659 4797 2772 4797 2770 4797 2483 4798 2772 4798 2659 4798 2765 4799 2773 4799 2774 4799 2762 4800 2773 4800 2756 4800 2771 4801 2773 4801 2765 4801 2756 4802 2773 4802 2771 4802 2773 4803 2775 4803 2774 4803 2762 4804 2775 4804 2773 4804 2775 4805 2776 4805 2774 4805 2763 4806 2776 4806 2762 4806 2762 4807 2776 4807 2775 4807 2774 4808 2777 4808 2778 4808 2776 4809 2777 4809 2774 4809 2779 4810 2777 4810 2763 4810 2763 4811 2777 4811 2776 4811 2777 4812 2780 4812 2778 4812 2779 4813 2780 4813 2777 4813 2483 4814 2477 4814 2772 4814 2781 4815 2782 4815 2783 4815 2783 4816 2782 4816 2538 4816 2484 4817 2782 4817 2492 4817 2538 4818 2782 4818 2484 4818 2778 4819 2784 4819 2785 4819 2780 4820 2784 4820 2778 4820 2779 4821 2784 4821 2780 4821 2479 4822 2786 4822 2781 4822 2781 4823 2786 4823 2782 4823 2782 4824 2786 4824 2492 4824 2786 4825 2787 4825 2492 4825 2479 4826 2787 4826 2786 4826 2785 4827 2788 4827 2789 4827 2784 4828 2788 4828 2785 4828 2789 4829 2487 4829 3547 4829 2788 4830 2487 4830 2789 4830 2661 4831 2482 4831 2483 4831 2508 4832 2482 4832 2663 4832 2663 4833 2482 4833 2661 4833 2487 4834 2488 4834 3547 4834 2488 4835 2491 4835 3547 4835 2491 4836 2495 4836 3547 4836 3547 4837 2495 4837 2790 4837 2495 4838 2497 4838 2790 4838 2790 4839 2497 4839 2791 4839 2501 4840 2503 4840 2792 4840 2503 4841 2543 4841 2792 4841 2497 4842 2510 4842 2791 4842 2791 4843 2510 4843 2793 4843 2792 4844 2513 4844 2794 4844 2543 4845 2513 4845 2792 4845 2513 4846 2514 4846 2794 4846 2793 4847 2511 4847 2795 4847 2510 4848 2511 4848 2793 4848 2794 4849 2517 4849 2796 4849 2514 4850 2517 4850 2794 4850 2664 4851 2797 4851 2798 4851 2665 4852 2797 4852 2663 4852 2666 4853 2797 4853 2665 4853 2663 4854 2797 4854 2664 4854 2666 4855 2799 4855 2797 4855 2668 4856 2799 4856 2666 4856 2797 4857 2799 4857 2798 4857 2517 4858 2521 4858 2796 4858 2521 4859 2522 4859 2796 4859 2796 4860 2522 4860 2800 4860 2504 4861 2801 4861 2511 4861 2511 4862 2801 4862 2795 4862 2505 4863 2801 4863 2504 4863 2800 4864 2519 4864 2802 4864 2522 4865 2519 4865 2800 4865 2505 4866 2803 4866 2801 4866 2801 4867 2803 4867 2795 4867 2664 4868 2804 4868 2520 4868 2520 4869 2804 4869 2519 4869 2519 4870 2804 4870 2802 4870 2795 4871 2805 4871 2806 4871 2803 4872 2805 4872 2795 4872 2505 4873 2805 4873 2803 4873 2501 4874 2805 4874 2505 4874 2802 4875 2807 4875 2808 4875 2804 4876 2807 4876 2802 4876 2664 4877 2807 4877 2804 4877 2798 4878 2809 4878 2810 4878 2669 4879 2809 4879 2668 4879 2799 4880 2809 4880 2798 4880 2668 4881 2809 4881 2799 4881 2798 4882 2811 4882 2664 4882 2664 4883 2811 4883 2807 4883 2807 4884 2811 4884 2808 4884 2671 4885 2812 4885 2670 4885 2669 4886 2812 4886 2809 4886 2670 4887 2812 4887 2669 4887 2809 4888 2812 4888 2810 4888 2805 4889 2813 4889 2806 4889 2501 4890 2813 4890 2805 4890 2792 4891 2813 4891 2501 4891 2813 4892 2814 4892 2806 4892 2792 4893 2814 4893 2813 4893 2811 4894 2815 4894 2808 4894 2798 4895 2815 4895 2811 4895 2794 4896 2816 4896 2792 4896 2806 4897 2816 4897 2817 4897 2792 4898 2816 4898 2814 4898 2814 4899 2816 4899 2806 4899 2808 4900 2818 4900 2819 4900 2819 4901 2818 4901 2820 4901 2815 4902 2818 4902 2808 4902 2798 4903 2818 4903 2815 4903 2810 4904 2821 4904 2822 4904 2672 4905 2821 4905 2671 4905 2812 4906 2821 4906 2810 4906 2671 4907 2821 4907 2812 4907 2810 4908 2823 4908 2798 4908 2798 4909 2823 4909 2818 4909 2818 4910 2823 4910 2820 4910 2672 4911 2824 4911 2821 4911 2673 4912 2824 4912 2672 4912 2674 4913 2824 4913 2673 4913 2676 4914 2824 4914 2674 4914 2821 4915 2824 4915 2822 4915 2822 4916 2824 4916 2676 4916 2796 4917 2825 4917 2794 4917 2816 4918 2825 4918 2817 4918 2794 4919 2825 4919 2816 4919 2823 4920 2826 4920 2820 4920 2810 4921 2826 4921 2823 4921 2825 4922 2827 4922 2817 4922 2796 4923 2827 4923 2825 4923 2796 4924 2828 4924 2827 4924 2827 4925 2828 4925 2817 4925 2800 4926 2828 4926 2796 4926 2822 4927 2829 4927 2810 4927 2820 4928 2829 4928 2830 4928 2826 4929 2829 4929 2820 4929 2810 4930 2829 4930 2826 4930 2828 4931 2831 4931 2817 4931 2800 4932 2831 4932 2828 4932 2802 4933 2831 4933 2800 4933 2817 4934 2831 4934 2832 4934 2829 4935 2833 4935 2830 4935 2822 4936 2833 4936 2829 4936 2830 4937 2833 4937 2834 4937 2808 4938 2835 4938 2802 4938 2802 4939 2835 4939 2831 4939 2831 4940 2835 4940 2832 4940 2833 4941 2836 4941 2834 4941 2834 4942 2836 4942 2837 4942 2822 4943 2836 4943 2833 4943 2819 4944 2838 4944 2808 4944 2808 4945 2838 4945 2835 4945 2835 4946 2838 4946 2832 4946 2836 4947 2839 4947 2837 4947 2822 4948 2839 4948 2836 4948 2676 4949 2839 4949 2822 4949 2819 4950 2840 4950 2838 4950 2832 4951 2840 4951 2841 4951 2838 4952 2840 4952 2832 4952 2676 4953 2842 4953 2839 4953 2837 4954 2842 4954 2843 4954 2839 4955 2842 4955 2837 4955 2820 4956 2844 4956 2819 4956 2819 4957 2844 4957 2840 4957 2840 4958 2844 4958 2841 4958 2676 4959 2845 4959 2842 4959 2843 4960 2845 4960 2846 4960 2842 4961 2845 4961 2843 4961 2844 4962 2847 4962 2841 4962 2820 4963 2847 4963 2844 4963 2830 4964 2847 4964 2820 4964 2676 4965 2848 4965 2845 4965 2845 4966 2848 4966 2846 4966 2678 4967 2848 4967 2676 4967 2847 4968 2849 4968 2841 4968 2830 4969 2849 4969 2847 4969 2834 4970 2849 4970 2830 4970 2841 4971 2850 4971 2851 4971 2849 4972 2850 4972 2841 4972 2834 4973 2850 4973 2849 4973 2678 4974 2852 4974 2848 4974 2848 4975 2852 4975 2846 4975 2678 4976 2853 4976 2852 4976 2852 4977 2853 4977 2846 4977 2846 4978 2853 4978 2854 4978 2854 4979 2853 4979 2684 4979 2850 4980 2855 4980 2851 4980 2837 4981 2855 4981 2834 4981 2834 4982 2855 4982 2850 4982 2678 4983 2856 4983 2853 4983 2853 4984 2856 4984 2684 4984 2684 4985 2856 4985 2685 4985 2855 4986 2857 4986 2851 4986 2843 4987 2857 4987 2837 4987 2837 4988 2857 4988 2855 4988 2851 4989 2858 4989 2859 4989 2857 4990 2858 4990 2851 4990 2843 4991 2858 4991 2857 4991 2860 4992 2861 4992 2862 4992 2681 4993 2861 4993 2678 4993 2678 4994 2861 4994 2856 4994 2856 4995 2861 4995 2685 4995 2685 4996 2861 4996 2860 4996 2859 4997 2863 4997 2686 4997 2846 4998 2863 4998 2843 4998 2858 4999 2863 4999 2859 4999 2686 5000 2863 5000 2684 5000 2854 5001 2863 5001 2846 5001 2684 5002 2863 5002 2854 5002 2843 5003 2863 5003 2858 5003 2683 5004 2864 5004 2681 5004 2601 5005 2864 5005 2683 5005 2861 5006 2864 5006 2862 5006 2681 5007 2864 5007 2861 5007 2862 5008 2864 5008 2690 5008 2690 5009 2865 5009 2693 5009 2604 5010 2865 5010 2602 5010 2602 5011 2865 5011 2601 5011 2693 5012 2865 5012 2604 5012 2864 5013 2865 5013 2690 5013 2601 5014 2865 5014 2864 5014 2866 5015 2867 5015 2689 5015 2686 5016 2867 5016 2866 5016 2862 5017 2867 5017 2860 5017 2685 5018 2867 5018 2686 5018 2689 5019 2867 5019 2690 5019 2860 5020 2867 5020 2685 5020 2690 5021 2867 5021 2862 5021 2744 5022 2868 5022 2749 5022 2752 5023 2868 5023 2657 5023 2741 5024 2868 5024 2742 5024 2749 5025 2868 5025 2752 5025 2656 5026 2868 5026 2721 5026 2657 5027 2868 5027 2656 5027 2721 5028 2868 5028 2741 5028 2742 5029 2868 5029 2744 5029 2752 5030 2869 5030 2754 5030 2657 5031 2869 5031 2752 5031 2754 5032 2869 5032 2755 5032 2755 5033 2870 5033 2760 5033 2657 5034 2870 5034 2869 5034 2869 5035 2870 5035 2755 5035 2870 5036 2523 5036 2760 5036 2657 5037 2523 5037 2870 5037 2760 5038 2523 5038 2525 5038 2657 5039 2526 5039 2523 5039 2529 5040 2526 5040 2746 5040 2746 5041 2526 5041 2657 5041 2768 5042 2871 5042 2658 5042 2746 5043 2871 5043 2529 5043 2658 5044 2871 5044 2746 5044 2529 5045 2528 5045 2526 5045 2763 5046 2531 5046 2779 5046 2527 5047 2531 5047 2763 5047 2528 5048 2531 5048 2527 5048 2531 5049 2532 5049 2534 5049 2871 5050 2535 5050 2529 5050 2768 5051 2535 5051 2871 5051 2529 5052 2535 5052 2532 5052 2783 5053 2535 5053 2768 5053 2767 5054 2872 5054 2768 5054 2768 5055 2872 5055 2783 5055 2783 5056 2873 5056 2781 5056 2872 5057 2873 5057 2783 5057 2770 5058 2873 5058 2767 5058 2767 5059 2873 5059 2872 5059 2873 5060 2874 5060 2781 5060 2770 5061 2874 5061 2873 5061 2874 5062 2875 5062 2781 5062 2770 5063 2875 5063 2874 5063 2772 5064 2875 5064 2770 5064 2781 5065 2875 5065 2479 5065 2772 5066 2876 5066 2875 5066 2875 5067 2876 5067 2479 5067 2477 5068 2876 5068 2772 5068 2479 5069 2876 5069 2477 5069 2783 5070 2536 5070 2535 5070 2538 5071 2536 5071 2783 5071 2784 5072 2877 5072 2788 5072 2531 5073 2877 5073 2779 5073 2534 5074 2877 5074 2531 5074 2788 5075 2877 5075 2487 5075 2779 5076 2877 5076 2784 5076 2534 5077 2486 5077 2877 5077 2877 5078 2486 5078 2487 5078 2787 5079 2539 5079 2492 5079 2492 5080 2539 5080 2500 5080 2479 5081 2539 5081 2787 5081 2479 5082 2478 5082 2539 5082 3547 5083 2878 5083 2789 5083 2878 5084 2785 5084 2789 5084 2878 5085 3548 5085 2785 5085 3548 5086 2778 5086 2785 5086 3548 5087 2774 5087 2778 5087 3548 5088 2879 5088 2774 5088 2879 5089 2765 5089 2774 5089 2879 5090 2880 5090 2765 5090 2880 5091 2758 5091 2765 5091 2881 5092 2748 5092 2880 5092 2880 5093 2748 5093 2758 5093 2881 5094 2735 5094 2748 5094 2882 5095 2654 5095 2881 5095 2881 5096 2654 5096 2735 5096 2883 5097 2712 5097 2882 5097 2882 5098 2712 5098 2654 5098 2883 5099 2708 5099 2712 5099 2202 5100 2203 5100 3541 5100 3541 5101 2208 5101 2883 5101 2203 5102 2208 5102 3541 5102 2883 5103 2207 5103 2708 5103 2208 5104 2207 5104 2883 5104 2708 5105 2206 5105 2637 5105 2637 5106 2206 5106 2634 5106 2207 5107 2206 5107 2708 5107 2634 5108 2187 5108 2632 5108 2632 5109 2187 5109 2557 5109 2557 5110 2187 5110 2555 5110 2555 5111 2187 5111 2551 5111 2206 5112 2187 5112 2634 5112 2187 5113 2547 5113 2551 5113 2187 5114 2545 5114 2547 5114 2187 5115 2189 5115 2545 5115 2239 5116 2884 5116 2240 5116 2885 5117 2886 5117 2243 5117 2886 5118 2887 5118 2243 5118 2242 5119 2888 5119 2243 5119 2243 5120 2888 5120 2885 5120 2887 5121 2889 5121 2243 5121 2889 5122 2890 5122 2243 5122 2890 5123 2245 5123 2243 5123 2242 5124 2891 5124 2888 5124 2241 5125 2892 5125 2242 5125 2242 5126 2892 5126 2891 5126 2240 5127 2893 5127 2241 5127 2884 5128 2893 5128 2240 5128 2241 5129 2893 5129 2892 5129 2894 5130 2895 5130 2884 5130 2884 5131 2895 5131 2893 5131 3806 5132 2896 5132 2894 5132 2894 5133 2896 5133 2895 5133 2897 5134 2898 5134 3806 5134 3806 5135 2898 5135 2896 5135 2897 5136 2899 5136 2898 5136 3812 5137 2900 5137 2897 5137 2897 5138 2900 5138 2899 5138 2901 5139 2902 5139 3812 5139 3812 5140 2902 5140 2900 5140 2901 5141 2903 5141 2902 5141 2901 5142 3817 5142 2903 5142 3817 5143 2904 5143 2903 5143 3817 5144 2905 5144 2904 5144 3817 5145 2906 5145 2905 5145 2906 5146 2907 5146 2905 5146 2906 5147 3822 5147 2907 5147 2908 5148 2909 5148 2910 5148 2911 5149 2912 5149 2913 5149 2911 5150 2914 5150 2912 5150 2915 5151 2916 5151 2917 5151 2915 5152 2918 5152 2916 5152 2915 5153 2919 5153 2918 5153 2915 5154 2920 5154 2921 5154 2915 5155 2917 5155 2920 5155 2922 5156 2919 5156 2915 5156 2922 5157 2915 5157 2921 5157 2923 5158 2924 5158 2925 5158 2923 5159 2909 5159 2924 5159 2923 5160 2925 5160 2926 5160 2927 5161 2909 5161 2923 5161 2927 5162 2910 5162 2909 5162 2928 5163 2929 5163 2930 5163 2928 5164 2910 5164 2927 5164 2928 5165 2927 5165 2931 5165 2928 5166 2931 5166 2929 5166 2928 5167 2930 5167 2910 5167 2932 5168 2922 5168 2921 5168 2932 5169 2933 5169 2922 5169 2932 5170 2921 5170 2934 5170 2935 5171 2932 5171 2934 5171 2935 5172 2933 5172 2932 5172 2936 5173 2934 5173 2937 5173 2936 5174 2935 5174 2934 5174 2936 5175 2925 5175 2933 5175 2936 5176 2933 5176 2935 5176 2938 5177 2936 5177 2937 5177 2938 5178 2925 5178 2936 5178 2939 5179 2925 5179 2938 5179 2939 5180 2937 5180 2940 5180 2939 5181 2938 5181 2937 5181 2941 5182 2925 5182 2939 5182 2941 5183 2939 5183 2940 5183 2941 5184 2940 5184 2942 5184 2943 5185 2931 5185 2927 5185 2944 5186 2926 5186 2925 5186 2944 5187 2941 5187 2942 5187 2944 5188 2925 5188 2941 5188 2945 5189 2946 5189 2947 5189 2945 5190 2947 5190 2948 5190 2945 5191 2949 5191 2946 5191 2945 5192 2943 5192 2926 5192 2950 5193 2945 5193 2948 5193 2951 5194 2931 5194 2950 5194 2951 5195 2929 5195 2931 5195 2951 5196 2952 5196 2929 5196 2953 5197 2942 5197 2954 5197 2953 5198 2955 5198 2949 5198 2953 5199 2954 5199 2955 5199 2953 5200 2926 5200 2944 5200 2953 5201 2944 5201 2942 5201 2953 5202 2949 5202 2945 5202 2953 5203 2945 5203 2926 5203 2956 5204 2952 5204 2951 5204 2956 5205 2957 5205 2958 5205 2959 5206 2952 5206 2956 5206 2959 5207 2956 5207 2958 5207 2960 5208 2959 5208 2958 5208 2960 5209 2952 5209 2959 5209 2960 5210 2958 5210 2961 5210 2962 5211 2963 5211 2952 5211 2962 5212 2960 5212 2961 5212 2962 5213 2952 5213 2960 5213 2962 5214 2961 5214 2964 5214 2962 5215 2965 5215 2963 5215 2962 5216 2964 5216 2966 5216 2962 5217 2966 5217 2965 5217 2967 5218 2968 5218 2969 5218 2967 5219 2970 5219 2968 5219 2967 5220 2971 5220 2970 5220 2967 5221 2972 5221 2971 5221 2967 5222 2969 5222 2972 5222 2973 5223 2974 5223 2972 5223 2973 5224 2972 5224 2918 5224 2973 5225 2975 5225 2974 5225 2973 5226 2918 5226 2975 5226 2976 5227 2975 5227 2919 5227 2976 5228 2919 5228 2911 5228 2976 5229 2911 5229 2913 5229 2976 5230 2913 5230 2975 5230 2977 5231 2919 5231 2922 5231 2977 5232 2911 5232 2919 5232 2977 5233 2914 5233 2911 5233 2977 5234 2933 5234 2914 5234 2977 5235 2922 5235 2933 5235 2978 5236 2923 5236 2926 5236 2978 5237 2927 5237 2923 5237 2978 5238 2943 5238 2927 5238 2978 5239 2926 5239 2943 5239 2979 5240 2945 5240 2950 5240 2979 5241 2950 5241 2931 5241 2979 5242 2931 5242 2943 5242 2979 5243 2943 5243 2945 5243 2980 5244 2957 5244 2956 5244 2980 5245 2956 5245 2951 5245 2980 5246 2950 5246 2948 5246 2980 5247 2948 5247 2981 5247 2980 5248 2981 5248 2957 5248 2980 5249 2951 5249 2950 5249 2982 5250 2273 5250 2272 5250 2982 5251 2274 5251 2273 5251 2982 5252 2983 5252 2274 5252 2984 5253 2244 5253 2245 5253 2984 5254 2246 5254 2244 5254 2984 5255 2890 5255 2889 5255 2984 5256 2245 5256 2890 5256 2985 5257 2246 5257 2984 5257 2986 5258 2985 5258 2984 5258 2986 5259 2984 5259 2889 5259 2986 5260 2889 5260 2887 5260 2987 5261 2247 5261 2246 5261 2987 5262 2246 5262 2985 5262 2987 5263 2985 5263 2988 5263 2989 5264 2986 5264 2887 5264 2989 5265 2985 5265 2986 5265 2989 5266 2887 5266 2886 5266 2989 5267 2988 5267 2985 5267 2990 5268 2987 5268 2988 5268 2991 5269 2990 5269 2988 5269 2991 5270 2989 5270 2886 5270 2991 5271 2988 5271 2989 5271 2992 5272 2993 5272 2987 5272 2992 5273 2987 5273 2990 5273 2994 5274 2992 5274 2990 5274 2994 5275 2990 5275 2991 5275 2995 5276 2996 5276 2993 5276 2995 5277 2993 5277 2992 5277 2997 5278 2995 5278 2992 5278 2997 5279 2992 5279 2994 5279 2998 5280 2995 5280 2997 5280 2998 5281 2996 5281 2995 5281 2998 5282 2999 5282 2996 5282 3000 5283 3001 5283 2999 5283 3002 5284 2999 5284 2998 5284 3002 5285 3000 5285 2999 5285 3003 5286 3000 5286 3002 5286 3003 5287 3004 5287 3001 5287 3003 5288 3001 5288 3000 5288 3005 5289 2983 5289 2982 5289 3006 5290 3007 5290 3004 5290 3008 5291 3009 5291 3010 5291 3008 5292 2983 5292 3005 5292 3008 5293 3010 5293 2983 5293 3011 5294 3007 5294 3006 5294 3011 5295 3005 5295 3007 5295 3012 5296 3009 5296 3008 5296 3013 5297 3008 5297 3005 5297 3013 5298 3005 5298 3011 5298 3014 5299 3008 5299 3013 5299 3014 5300 3012 5300 3008 5300 3015 5301 3009 5301 3012 5301 3016 5302 3015 5302 3012 5302 3016 5303 3012 5303 3014 5303 3017 5304 3015 5304 3016 5304 3018 5305 3019 5305 3020 5305 3021 5306 3019 5306 3018 5306 3021 5307 3022 5307 3019 5307 3023 5308 3022 5308 3021 5308 3024 5309 3021 5309 3018 5309 3025 5310 3023 5310 3021 5310 3025 5311 3021 5311 3024 5311 3025 5312 3026 5312 3023 5312 3027 5313 3025 5313 3024 5313 3028 5314 2470 5314 2471 5314 3028 5315 2469 5315 2470 5315 3029 5316 3025 5316 3027 5316 3029 5317 3026 5317 3025 5317 3030 5318 3029 5318 3027 5318 3031 5319 3029 5319 3030 5319 3032 5320 3031 5320 3030 5320 3033 5321 3031 5321 3032 5321 3034 5322 3035 5322 3033 5322 3036 5323 3035 5323 3034 5323 3037 5324 3035 5324 3036 5324 3038 5325 3037 5325 3036 5325 3039 5326 3037 5326 3038 5326 3040 5327 3039 5327 3038 5327 3041 5328 3040 5328 3038 5328 3042 5329 3040 5329 3041 5329 3042 5330 3039 5330 3040 5330 3043 5331 3042 5331 3041 5331 3044 5332 2462 5332 2463 5332 3044 5333 3042 5333 3043 5333 3045 5334 3044 5334 3043 5334 3046 5335 3045 5335 3043 5335 3047 5336 3044 5336 3045 5336 3047 5337 3045 5337 3046 5337 3048 5338 3046 5338 3049 5338 3048 5339 3047 5339 3046 5339 3048 5340 3049 5340 3050 5340 3051 5341 3047 5341 3048 5341 3051 5342 3044 5342 3047 5342 3051 5343 2462 5343 3044 5343 3052 5344 3051 5344 3048 5344 3052 5345 3048 5345 3050 5345 3052 5346 3050 5346 3053 5346 3054 5347 2461 5347 2462 5347 3054 5348 3051 5348 3052 5348 3054 5349 2462 5349 3051 5349 3055 5350 3052 5350 3053 5350 3055 5351 3054 5351 3052 5351 3055 5352 3053 5352 3056 5352 3057 5353 2461 5353 3054 5353 3057 5354 2459 5354 2461 5354 3057 5355 2460 5355 2459 5355 3057 5356 3054 5356 3055 5356 3057 5357 3055 5357 3056 5357 3057 5358 3056 5358 2460 5358 3058 5359 3010 5359 3009 5359 3058 5360 2285 5360 2274 5360 3058 5361 2286 5361 2285 5361 3058 5362 2287 5362 2286 5362 3058 5363 2288 5363 2287 5363 3058 5364 2289 5364 2288 5364 3058 5365 2983 5365 3010 5365 3058 5366 2274 5366 2983 5366 3059 5367 2258 5367 2257 5367 3059 5368 2259 5368 2258 5368 3059 5369 2268 5369 2259 5369 3059 5370 2269 5370 2268 5370 3059 5371 2270 5371 2269 5371 3059 5372 2996 5372 2999 5372 3059 5373 2999 5373 3001 5373 3060 5374 2247 5374 2987 5374 3060 5375 2256 5375 2247 5375 3060 5376 2257 5376 2256 5376 3060 5377 2987 5377 2993 5377 3060 5378 2996 5378 3059 5378 3060 5379 2993 5379 2996 5379 3060 5380 3059 5380 2257 5380 3061 5381 2374 5381 2289 5381 3061 5382 2289 5382 3058 5382 3061 5383 3058 5383 3009 5383 3061 5384 3015 5384 3017 5384 3061 5385 3017 5385 3062 5385 3061 5386 3009 5386 3015 5386 3063 5387 2270 5387 3059 5387 3063 5388 2982 5388 2272 5388 3063 5389 3004 5389 3007 5389 3063 5390 2271 5390 2270 5390 3063 5391 2272 5391 2271 5391 3063 5392 3005 5392 2982 5392 3063 5393 3007 5393 3005 5393 3063 5394 3059 5394 3001 5394 3063 5395 3001 5395 3004 5395 3064 5396 2885 5396 2888 5396 3064 5397 2886 5397 2885 5397 3064 5398 2991 5398 2886 5398 3064 5399 2994 5399 2991 5399 3065 5400 2997 5400 2994 5400 3065 5401 2994 5401 3064 5401 3066 5402 3065 5402 3064 5402 3066 5403 2888 5403 2891 5403 3066 5404 3064 5404 2888 5404 3067 5405 2997 5405 3065 5405 3067 5406 3065 5406 3066 5406 3067 5407 3066 5407 2891 5407 3067 5408 2998 5408 2997 5408 3068 5409 3067 5409 2891 5409 3068 5410 2998 5410 3067 5410 3068 5411 3002 5411 2998 5411 3069 5412 3068 5412 2891 5412 3069 5413 2891 5413 2892 5413 3070 5414 3002 5414 3068 5414 3070 5415 3068 5415 3069 5415 3071 5416 3006 5416 3004 5416 3071 5417 3004 5417 3003 5417 3071 5418 3003 5418 3072 5418 3073 5419 3071 5419 3072 5419 3073 5420 3006 5420 3071 5420 3073 5421 3011 5421 3006 5421 3074 5422 3072 5422 3075 5422 3074 5423 3073 5423 3072 5423 3074 5424 3011 5424 3073 5424 3076 5425 3011 5425 3074 5425 3076 5426 3075 5426 3077 5426 3076 5427 3074 5427 3075 5427 3078 5428 3013 5428 3011 5428 3078 5429 3076 5429 3077 5429 3078 5430 3011 5430 3076 5430 3079 5431 3078 5431 3077 5431 3079 5432 3013 5432 3078 5432 3080 5433 3014 5433 3013 5433 3080 5434 3013 5434 3079 5434 3081 5435 3014 5435 3080 5435 3081 5436 3016 5436 3014 5436 3082 5437 3016 5437 3081 5437 3083 5438 3017 5438 3016 5438 3083 5439 3062 5439 3017 5439 3083 5440 3016 5440 3082 5440 3084 5441 3062 5441 3083 5441 3085 5442 3062 5442 3084 5442 3086 5443 3062 5443 3085 5443 3087 5444 3062 5444 3086 5444 3087 5445 3088 5445 3089 5445 3090 5446 3061 5446 3062 5446 3090 5447 3091 5447 3061 5447 3092 5448 3020 5448 3019 5448 3092 5449 2374 5449 3061 5449 3092 5450 3061 5450 3091 5450 3092 5451 3091 5451 2930 5451 3092 5452 2930 5452 3093 5452 3092 5453 3094 5453 3020 5453 3092 5454 3019 5454 3022 5454 3092 5455 3093 5455 3094 5455 3095 5456 2963 5456 3096 5456 3095 5457 2952 5457 2963 5457 3097 5458 3093 5458 3095 5458 3098 5459 3093 5459 3097 5459 3099 5460 2476 5460 2374 5460 3099 5461 2475 5461 2476 5461 3099 5462 2474 5462 2475 5462 3099 5463 2473 5463 2474 5463 3099 5464 2472 5464 2473 5464 3099 5465 2471 5465 2472 5465 3099 5466 3092 5466 3022 5466 3099 5467 2374 5467 3092 5467 3099 5468 3022 5468 3023 5468 3099 5469 3028 5469 2471 5469 3099 5470 3026 5470 3028 5470 3099 5471 3023 5471 3026 5471 3100 5472 3093 5472 3098 5472 3101 5473 3093 5473 3100 5473 3102 5474 3018 5474 3020 5474 3102 5475 3093 5475 3101 5475 3102 5476 3020 5476 3094 5476 3102 5477 3094 5477 3093 5477 3103 5478 3018 5478 3102 5478 3104 5479 3024 5479 3018 5479 3104 5480 3018 5480 3103 5480 3105 5481 3024 5481 3104 5481 3106 5482 3024 5482 3105 5482 3106 5483 3027 5483 3024 5483 3107 5484 3027 5484 3106 5484 3107 5485 3106 5485 3108 5485 3107 5486 3108 5486 3109 5486 3110 5487 3027 5487 3107 5487 3110 5488 3030 5488 3027 5488 3110 5489 3107 5489 3109 5489 3111 5490 3029 5490 3031 5490 3111 5491 3033 5491 3035 5491 3111 5492 3026 5492 3029 5492 3111 5493 3028 5493 3026 5493 3111 5494 3031 5494 3033 5494 3112 5495 3109 5495 3113 5495 3112 5496 3030 5496 3110 5496 3112 5497 3110 5497 3109 5497 3114 5498 3032 5498 3030 5498 3114 5499 3112 5499 3113 5499 3114 5500 3030 5500 3112 5500 3115 5501 3033 5501 3032 5501 3115 5502 3032 5502 3114 5502 3115 5503 3114 5503 3113 5503 3115 5504 3034 5504 3033 5504 3116 5505 3117 5505 3118 5505 3119 5506 2468 5506 2469 5506 3119 5507 2467 5507 2468 5507 3119 5508 2466 5508 2467 5508 3119 5509 3111 5509 3035 5509 3119 5510 3035 5510 3037 5510 3119 5511 2469 5511 3028 5511 3119 5512 3028 5512 3111 5512 3119 5513 3037 5513 3039 5513 3120 5514 3042 5514 3044 5514 3120 5515 2465 5515 2466 5515 3120 5516 2464 5516 2465 5516 3120 5517 2463 5517 2464 5517 3120 5518 3044 5518 2463 5518 3120 5519 2466 5519 3119 5519 3120 5520 3039 5520 3042 5520 3120 5521 3119 5521 3039 5521 3121 5522 3122 5522 3123 5522 3124 5523 3041 5523 3125 5523 3124 5524 3043 5524 3041 5524 3124 5525 3125 5525 3121 5525 3124 5526 3121 5526 3123 5526 3126 5527 3046 5527 3043 5527 3126 5528 3049 5528 3046 5528 3126 5529 3043 5529 3124 5529 3126 5530 3124 5530 3123 5530 3126 5531 3127 5531 3049 5531 3126 5532 3123 5532 3127 5532 3128 5533 3002 5533 3070 5533 3128 5534 3070 5534 3129 5534 3128 5535 3003 5535 3002 5535 3128 5536 3129 5536 3130 5536 3128 5537 3072 5537 3003 5537 3131 5538 2892 5538 2893 5538 3131 5539 3069 5539 2892 5539 3131 5540 3070 5540 3069 5540 3131 5541 3129 5541 3070 5541 3131 5542 3130 5542 3129 5542 3132 5543 3128 5543 3130 5543 3132 5544 3072 5544 3128 5544 3132 5545 3130 5545 3133 5545 3134 5546 3133 5546 3135 5546 3134 5547 3132 5547 3133 5547 3134 5548 3072 5548 3132 5548 3134 5549 3075 5549 3072 5549 3136 5550 3135 5550 3133 5550 3136 5551 3130 5551 3131 5551 3136 5552 2893 5552 2895 5552 3136 5553 3131 5553 2893 5553 3136 5554 3133 5554 3130 5554 3136 5555 2895 5555 3135 5555 3137 5556 3077 5556 3138 5556 3137 5557 3079 5557 3077 5557 3137 5558 3080 5558 3079 5558 3137 5559 3081 5559 3080 5559 3139 5560 3140 5560 3141 5560 3139 5561 3075 5561 3134 5561 3139 5562 3135 5562 3140 5562 3139 5563 3134 5563 3135 5563 3142 5564 3082 5564 3081 5564 3142 5565 3137 5565 3138 5565 3142 5566 3138 5566 3143 5566 3142 5567 3081 5567 3137 5567 3144 5568 3075 5568 3139 5568 3144 5569 3139 5569 3141 5569 3145 5570 3075 5570 3144 5570 3145 5571 3144 5571 3141 5571 3145 5572 3077 5572 3075 5572 3146 5573 3084 5573 3083 5573 3146 5574 3083 5574 3082 5574 3146 5575 3142 5575 3143 5575 3146 5576 3082 5576 3142 5576 3147 5577 3084 5577 3146 5577 3147 5578 3146 5578 3143 5578 3147 5579 3085 5579 3084 5579 3147 5580 3143 5580 3148 5580 3149 5581 3077 5581 3145 5581 3149 5582 3141 5582 3150 5582 3149 5583 3150 5583 3151 5583 3149 5584 3145 5584 3141 5584 3152 5585 3077 5585 3149 5585 3152 5586 3149 5586 3151 5586 3153 5587 3138 5587 3077 5587 3153 5588 3152 5588 3151 5588 3153 5589 3077 5589 3152 5589 3154 5590 3086 5590 3085 5590 3154 5591 3147 5591 3148 5591 3154 5592 3085 5592 3147 5592 3155 5593 3141 5593 3140 5593 3155 5594 3150 5594 3141 5594 3155 5595 2895 5595 2896 5595 3155 5596 3135 5596 2895 5596 3155 5597 3140 5597 3135 5597 3156 5598 3087 5598 3086 5598 3156 5599 3086 5599 3154 5599 3156 5600 3088 5600 3087 5600 3156 5601 3148 5601 3088 5601 3156 5602 3154 5602 3148 5602 3157 5603 3151 5603 3158 5603 3157 5604 3153 5604 3151 5604 3157 5605 3138 5605 3153 5605 3159 5606 3158 5606 3160 5606 3159 5607 3157 5607 3158 5607 3159 5608 3138 5608 3157 5608 3161 5609 3159 5609 3160 5609 3161 5610 3143 5610 3138 5610 3161 5611 3138 5611 3159 5611 3162 5612 3150 5612 3155 5612 3162 5613 2896 5613 2898 5613 3162 5614 3155 5614 2896 5614 3163 5615 3160 5615 3164 5615 3163 5616 3161 5616 3160 5616 3163 5617 3143 5617 3161 5617 3165 5618 3150 5618 3162 5618 3165 5619 3151 5619 3150 5619 3165 5620 3162 5620 2898 5620 3166 5621 3164 5621 3167 5621 3166 5622 3163 5622 3164 5622 3166 5623 3148 5623 3143 5623 3166 5624 3143 5624 3163 5624 3168 5625 3158 5625 3151 5625 3168 5626 3151 5626 3165 5626 3168 5627 3165 5627 2898 5627 3169 5628 3167 5628 3170 5628 3169 5629 3166 5629 3167 5629 3169 5630 3148 5630 3166 5630 3171 5631 3148 5631 3169 5631 3171 5632 3169 5632 3170 5632 3172 5633 3171 5633 3170 5633 3172 5634 3088 5634 3148 5634 3172 5635 3148 5635 3171 5635 3173 5636 3062 5636 3087 5636 3173 5637 3087 5637 3089 5637 3173 5638 3090 5638 3062 5638 3174 5639 3158 5639 3168 5639 3174 5640 2898 5640 2899 5640 3174 5641 3168 5641 2898 5641 3175 5642 3172 5642 3170 5642 3175 5643 3088 5643 3172 5643 3175 5644 3170 5644 3176 5644 3177 5645 3174 5645 2899 5645 3177 5646 3160 5646 3158 5646 3177 5647 3158 5647 3174 5647 3178 5648 3177 5648 2899 5648 3178 5649 3160 5649 3177 5649 3178 5650 3164 5650 3160 5650 3179 5651 3088 5651 3175 5651 3179 5652 3175 5652 3176 5652 3179 5653 3176 5653 3180 5653 3179 5654 3089 5654 3088 5654 3181 5655 3179 5655 3180 5655 3182 5656 3181 5656 3180 5656 3182 5657 3180 5657 3183 5657 3184 5658 3178 5658 2899 5658 3184 5659 3164 5659 3178 5659 3184 5660 2899 5660 2900 5660 3185 5661 3184 5661 2900 5661 3185 5662 3167 5662 3164 5662 3185 5663 3164 5663 3184 5663 3186 5664 3182 5664 3183 5664 3187 5665 3167 5665 3185 5665 3187 5666 3185 5666 2900 5666 3187 5667 3170 5667 3167 5667 2968 5668 3186 5668 3183 5668 2968 5669 3183 5669 3188 5669 3189 5670 3187 5670 2900 5670 3189 5671 3170 5671 3187 5671 3189 5672 2900 5672 2902 5672 3189 5673 3176 5673 3170 5673 2969 5674 2968 5674 3188 5674 2969 5675 3188 5675 3190 5675 3191 5676 3176 5676 3189 5676 3191 5677 3189 5677 2902 5677 3191 5678 3180 5678 3176 5678 3192 5679 3090 5679 3193 5679 3192 5680 3091 5680 3090 5680 3194 5681 3191 5681 2902 5681 3194 5682 3180 5682 3191 5682 3195 5683 3091 5683 3192 5683 3196 5684 3194 5684 2902 5684 3196 5685 3183 5685 3180 5685 3196 5686 3180 5686 3194 5686 3197 5687 3091 5687 3195 5687 3197 5688 2930 5688 3091 5688 3198 5689 2902 5689 2903 5689 3198 5690 3188 5690 3183 5690 3198 5691 3196 5691 2902 5691 3198 5692 3183 5692 3196 5692 3199 5693 3198 5693 2903 5693 3199 5694 3188 5694 3198 5694 3200 5695 3190 5695 3188 5695 3200 5696 3199 5696 2903 5696 3200 5697 3188 5697 3199 5697 3201 5698 2903 5698 2904 5698 3201 5699 3190 5699 3200 5699 3201 5700 2916 5700 3190 5700 3201 5701 3200 5701 2903 5701 3202 5702 3201 5702 2904 5702 3202 5703 2916 5703 3201 5703 2910 5704 2930 5704 3197 5704 3203 5705 2914 5705 2933 5705 3203 5706 2933 5706 2925 5706 3203 5707 3204 5707 2912 5707 3203 5708 2912 5708 2914 5708 2917 5709 2904 5709 2905 5709 2917 5710 3202 5710 2904 5710 2917 5711 2916 5711 3202 5711 3205 5712 3204 5712 3203 5712 3205 5713 2909 5713 3204 5713 3205 5714 3203 5714 2925 5714 2924 5715 3205 5715 2925 5715 2924 5716 2909 5716 3205 5716 2920 5717 2905 5717 2907 5717 2920 5718 2917 5718 2905 5718 2921 5719 2920 5719 2907 5719 2921 5720 2907 5720 3822 5720 2929 5721 3093 5721 2930 5721 2929 5722 2952 5722 3095 5722 2929 5723 3095 5723 3093 5723 2934 5724 2921 5724 3822 5724 2937 5725 2934 5725 3822 5725 2940 5726 2937 5726 3822 5726 2940 5727 3822 5727 3206 5727 2942 5728 2940 5728 3206 5728 2942 5729 3206 5729 3207 5729 2948 5730 2947 5730 3208 5730 2981 5731 2948 5731 3208 5731 2954 5732 2942 5732 3207 5732 2954 5733 3207 5733 3209 5733 2957 5734 3208 5734 3210 5734 2957 5735 2981 5735 3208 5735 2958 5736 2957 5736 3210 5736 2955 5737 2954 5737 3209 5737 2955 5738 3209 5738 3211 5738 2961 5739 3210 5739 3212 5739 2961 5740 2958 5740 3210 5740 3213 5741 3095 5741 3096 5741 3213 5742 3098 5742 3097 5742 3213 5743 3096 5743 3214 5743 3213 5744 3097 5744 3095 5744 2964 5745 2961 5745 3212 5745 3215 5746 3100 5746 3098 5746 3215 5747 3213 5747 3214 5747 3215 5748 3098 5748 3213 5748 2966 5749 2964 5749 3212 5749 2966 5750 3212 5750 3216 5750 3217 5751 2955 5751 3211 5751 3217 5752 2949 5752 2955 5752 3217 5753 2946 5753 2949 5753 3218 5754 3215 5754 3214 5754 3218 5755 3101 5755 3100 5755 3218 5756 3100 5756 3215 5756 2965 5757 2966 5757 3216 5757 2965 5758 3216 5758 3219 5758 3220 5759 3217 5759 3211 5759 3220 5760 2946 5760 3217 5760 3221 5761 3096 5761 2963 5761 3221 5762 2965 5762 3219 5762 3221 5763 2963 5763 2965 5763 3222 5764 2947 5764 2946 5764 3222 5765 3220 5765 3211 5765 3222 5766 3211 5766 3223 5766 3222 5767 2946 5767 3220 5767 3224 5768 3214 5768 3096 5768 3224 5769 3221 5769 3219 5769 3224 5770 3096 5770 3221 5770 3225 5771 3214 5771 3226 5771 3225 5772 3101 5772 3218 5772 3225 5773 3218 5773 3214 5773 3227 5774 3103 5774 3102 5774 3227 5775 3102 5775 3101 5775 3227 5776 3101 5776 3225 5776 3227 5777 3225 5777 3226 5777 3228 5778 2947 5778 3222 5778 3228 5779 3222 5779 3223 5779 3228 5780 3208 5780 2947 5780 3229 5781 3219 5781 3230 5781 3229 5782 3224 5782 3219 5782 3229 5783 3214 5783 3224 5783 3231 5784 3208 5784 3228 5784 3231 5785 3228 5785 3223 5785 3232 5786 3231 5786 3223 5786 3232 5787 3208 5787 3231 5787 3232 5788 3210 5788 3208 5788 3232 5789 3223 5789 3233 5789 3234 5790 3229 5790 3230 5790 3234 5791 3230 5791 3235 5791 3234 5792 3214 5792 3229 5792 3236 5793 3104 5793 3103 5793 3236 5794 3226 5794 3237 5794 3236 5795 3227 5795 3226 5795 3236 5796 3103 5796 3227 5796 3238 5797 3226 5797 3214 5797 3238 5798 3214 5798 3234 5798 3238 5799 3234 5799 3235 5799 3239 5800 3236 5800 3237 5800 3239 5801 3105 5801 3104 5801 3239 5802 3104 5802 3236 5802 3239 5803 3106 5803 3105 5803 3239 5804 3108 5804 3106 5804 3239 5805 3237 5805 3108 5805 3240 5806 3232 5806 3233 5806 3240 5807 3212 5807 3210 5807 3240 5808 3210 5808 3232 5808 3241 5809 3212 5809 3240 5809 3241 5810 3240 5810 3233 5810 3242 5811 3226 5811 3238 5811 3242 5812 3238 5812 3235 5812 3243 5813 3241 5813 3233 5813 3243 5814 3216 5814 3212 5814 3243 5815 3212 5815 3241 5815 3244 5816 3226 5816 3242 5816 3244 5817 3235 5817 3245 5817 3244 5818 3242 5818 3235 5818 3246 5819 3243 5819 3233 5819 3246 5820 3216 5820 3243 5820 3246 5821 3233 5821 3247 5821 3246 5822 3219 5822 3216 5822 3248 5823 3237 5823 3226 5823 3248 5824 3226 5824 3244 5824 3248 5825 3244 5825 3245 5825 3248 5826 3245 5826 3249 5826 3250 5827 3230 5827 3219 5827 3250 5828 3219 5828 3246 5828 3250 5829 3246 5829 3247 5829 3251 5830 3237 5830 3248 5830 3251 5831 3248 5831 3249 5831 3251 5832 3249 5832 3252 5832 3253 5833 3237 5833 3251 5833 3253 5834 3251 5834 3252 5834 3253 5835 3108 5835 3237 5835 3254 5836 3230 5836 3250 5836 3254 5837 3250 5837 3247 5837 3254 5838 3247 5838 3255 5838 3256 5839 3108 5839 3253 5839 3256 5840 3253 5840 3252 5840 3256 5841 3252 5841 3257 5841 3258 5842 3230 5842 3254 5842 3258 5843 3254 5843 3255 5843 3258 5844 3235 5844 3230 5844 3258 5845 3245 5845 3235 5845 3259 5846 3108 5846 3256 5846 3259 5847 3256 5847 3257 5847 3259 5848 3257 5848 3260 5848 3261 5849 3108 5849 3259 5849 3261 5850 3109 5850 3108 5850 3261 5851 3259 5851 3260 5851 3262 5852 3258 5852 3255 5852 3262 5853 3245 5853 3258 5853 3262 5854 3249 5854 3245 5854 3263 5855 3262 5855 3255 5855 3263 5856 3249 5856 3262 5856 3263 5857 3255 5857 3264 5857 3265 5858 3109 5858 3261 5858 3265 5859 3261 5859 3260 5859 3265 5860 3260 5860 3266 5860 3267 5861 3109 5861 3265 5861 3267 5862 3265 5862 3266 5862 3267 5863 3266 5863 3117 5863 3268 5864 3252 5864 3249 5864 3268 5865 3249 5865 3263 5865 3268 5866 3263 5866 3264 5866 3269 5867 3109 5867 3267 5867 3269 5868 3267 5868 3117 5868 3269 5869 3117 5869 3116 5869 3270 5870 3252 5870 3268 5870 3270 5871 3257 5871 3252 5871 3270 5872 3268 5872 3264 5872 3271 5873 3264 5873 3272 5873 3271 5874 3270 5874 3264 5874 3271 5875 3257 5875 3270 5875 3273 5876 3113 5876 3109 5876 3273 5877 3109 5877 3269 5877 3273 5878 3269 5878 3116 5878 3273 5879 3116 5879 3274 5879 3273 5880 3274 5880 3275 5880 3276 5881 3272 5881 3118 5881 3276 5882 3271 5882 3272 5882 3276 5883 3260 5883 3257 5883 3276 5884 3266 5884 3260 5884 3276 5885 3117 5885 3266 5885 3276 5886 3118 5886 3117 5886 3276 5887 3257 5887 3271 5887 3277 5888 3275 5888 3278 5888 3277 5889 3115 5889 3113 5889 3277 5890 3034 5890 3115 5890 3277 5891 3113 5891 3273 5891 3277 5892 3273 5892 3275 5892 3279 5893 3278 5893 3280 5893 3279 5894 3277 5894 3278 5894 3279 5895 3034 5895 3277 5895 3281 5896 3125 5896 3041 5896 3281 5897 3034 5897 3279 5897 3281 5898 3279 5898 3280 5898 3281 5899 3036 5899 3034 5899 3281 5900 3038 5900 3036 5900 3281 5901 3041 5901 3038 5901 3281 5902 3280 5902 3125 5902 3282 5903 3283 5903 3284 5903 3282 5904 3118 5904 3283 5904 3282 5905 3116 5905 3118 5905 3282 5906 3274 5906 3116 5906 3282 5907 3275 5907 3274 5907 3285 5908 3278 5908 3275 5908 3285 5909 3280 5909 3278 5909 3285 5910 3121 5910 3125 5910 3285 5911 3122 5911 3121 5911 3285 5912 3284 5912 3122 5912 3285 5913 3282 5913 3284 5913 3285 5914 3275 5914 3282 5914 3285 5915 3125 5915 3280 5915 3286 5916 3179 5916 3181 5916 3286 5917 3089 5917 3179 5917 3286 5918 3181 5918 3182 5918 3287 5919 3182 5919 3186 5919 3287 5920 3089 5920 3286 5920 3287 5921 3286 5921 3182 5921 2970 5922 3287 5922 3186 5922 2970 5923 3186 5923 2968 5923 2970 5924 3089 5924 3287 5924 2971 5925 3089 5925 2970 5925 2971 5926 3173 5926 3089 5926 2971 5927 2974 5927 3173 5927 3288 5928 3173 5928 2974 5928 3288 5929 3193 5929 3090 5929 3288 5930 3090 5930 3173 5930 2972 5931 2974 5931 2971 5931 2918 5932 2969 5932 3190 5932 2918 5933 2972 5933 2969 5933 2918 5934 3190 5934 2916 5934 2975 5935 2918 5935 2919 5935 2913 5936 3288 5936 2974 5936 2913 5937 3193 5937 3288 5937 2913 5938 2974 5938 2975 5938 2913 5939 2912 5939 3193 5939 3289 5940 3192 5940 3193 5940 3289 5941 3193 5941 2912 5941 3290 5942 3289 5942 2912 5942 3290 5943 3195 5943 3192 5943 3290 5944 2912 5944 3204 5944 3290 5945 3192 5945 3289 5945 3291 5946 3195 5946 3290 5946 3291 5947 3290 5947 3204 5947 3292 5948 3195 5948 3291 5948 3292 5949 3197 5949 3195 5949 3292 5950 3204 5950 2909 5950 3292 5951 3291 5951 3204 5951 2908 5952 3197 5952 3292 5952 2908 5953 3292 5953 2909 5953 2908 5954 2910 5954 3197 5954 2452 5955 3293 5955 2451 5955 2616 5956 2617 5956 2446 5956 2449 5957 2699 5957 2446 5957 2446 5958 2699 5958 2616 5958 2617 5959 2620 5959 2446 5959 2620 5960 2623 5960 2446 5960 2449 5961 2696 5961 2699 5961 2623 5962 2448 5962 2446 5962 2450 5963 2691 5963 2449 5963 2449 5964 2691 5964 2696 5964 2451 5965 2689 5965 2450 5965 3293 5966 2689 5966 2451 5966 2450 5967 2689 5967 2691 5967 3294 5968 2866 5968 3293 5968 3293 5969 2866 5969 2689 5969 3295 5970 2686 5970 3294 5970 3294 5971 2686 5971 2866 5971 3295 5972 2859 5972 2686 5972 3296 5973 2851 5973 3295 5973 3295 5974 2851 5974 2859 5974 3297 5975 2841 5975 3296 5975 3296 5976 2841 5976 2851 5976 3297 5977 2832 5977 2841 5977 3298 5978 2817 5978 3297 5978 3297 5979 2817 5979 2832 5979 3298 5980 2806 5980 2817 5980 3298 5981 3299 5981 2806 5981 3299 5982 2795 5982 2806 5982 3299 5983 2793 5983 2795 5983 3299 5984 3300 5984 2793 5984 3300 5985 2791 5985 2793 5985 3300 5986 2790 5986 2791 5986 3300 5987 3547 5987 2790 5987 3206 5988 3301 5988 3207 5988 3301 5989 3209 5989 3207 5989 3301 5990 3302 5990 3209 5990 3302 5991 3211 5991 3209 5991 3302 5992 3223 5992 3211 5992 3302 5993 3303 5993 3223 5993 3303 5994 3233 5994 3223 5994 3304 5995 3247 5995 3303 5995 3303 5996 3247 5996 3233 5996 3304 5997 3255 5997 3247 5997 3304 5998 3305 5998 3255 5998 3305 5999 3264 5999 3255 5999 3306 6000 3272 6000 3305 6000 3305 6001 3272 6001 3264 6001 3306 6002 3118 6002 3272 6002 3307 6003 3283 6003 3306 6003 3306 6004 3283 6004 3118 6004 2453 6005 2454 6005 3308 6005 3308 6006 2455 6006 3307 6006 2454 6007 2455 6007 3308 6007 3283 6008 2456 6008 3284 6008 3307 6009 2456 6009 3283 6009 2455 6010 2456 6010 3307 6010 3122 6011 2457 6011 3123 6011 3284 6012 2457 6012 3122 6012 2456 6013 2457 6013 3284 6013 3050 6014 2458 6014 3053 6014 3049 6015 2458 6015 3050 6015 3127 6016 2458 6016 3049 6016 3123 6017 2458 6017 3127 6017 2457 6018 2458 6018 3123 6018 2458 6019 3056 6019 3053 6019 2458 6020 2460 6020 3056 6020 3822 6021 3301 6021 3206 6021 3309 6022 3310 6022 848 6022 3309 6023 3311 6023 3310 6023 3309 6024 730 6024 3311 6024 3309 6025 3312 6025 730 6025 3309 6026 3313 6026 3312 6026 3309 6027 3314 6027 3313 6027 3309 6028 3315 6028 3314 6028 3309 6029 734 6029 3315 6029 3309 6030 735 6030 734 6030 3309 6031 3316 6031 735 6031 3309 6032 3317 6032 3316 6032 3309 6033 738 6033 3317 6033 3309 6034 739 6034 738 6034 3309 6035 3318 6035 739 6035 3309 6036 742 6036 3318 6036 3309 6037 745 6037 742 6037 3309 6038 3319 6038 745 6038 3309 6039 3320 6039 3319 6039 3309 6040 3321 6040 3320 6040 3309 6041 750 6041 3321 6041 3309 6042 3322 6042 750 6042 3309 6043 728 6043 3322 6043 3309 6044 3323 6044 728 6044 3309 6045 727 6045 3323 6045 3309 6046 3324 6046 727 6046 3309 6047 726 6047 3324 6047 3309 6048 3325 6048 726 6048 3309 6049 3326 6049 3325 6049 3309 6050 3327 6050 3326 6050 3309 6051 725 6051 3327 6051 3309 6052 3328 6052 725 6052 3309 6053 462 6053 3328 6053 3309 6054 848 6054 849 6054 3329 6055 462 6055 3309 6055 3330 6056 462 6056 3329 6056 3331 6057 462 6057 3330 6057 3332 6058 462 6058 3331 6058 3333 6059 462 6059 3332 6059 3334 6060 462 6060 3333 6060 3335 6061 462 6061 3334 6061 3336 6062 3309 6062 849 6062 3336 6063 849 6063 446 6063 3336 6064 446 6064 353 6064 3337 6065 462 6065 3335 6065 3338 6066 462 6066 3337 6066 3338 6067 3337 6067 3339 6067 3338 6068 3339 6068 3340 6068 3338 6069 3340 6069 3341 6069 3338 6070 3341 6070 3342 6070 3343 6071 3338 6071 3342 6071 3344 6072 3338 6072 3343 6072 3345 6073 3346 6073 3338 6073 3345 6074 3347 6074 3346 6074 3345 6075 500 6075 3347 6075 3345 6076 3338 6076 3344 6076 3345 6077 3348 6077 500 6077 3345 6078 501 6078 3348 6078 3345 6079 502 6079 501 6079 3345 6080 3349 6080 502 6080 3345 6081 503 6081 3349 6081 3345 6082 504 6082 503 6082 3345 6083 3350 6083 504 6083 3345 6084 3351 6084 3350 6084 3345 6085 508 6085 3351 6085 3345 6086 3352 6086 508 6086 3345 6087 510 6087 3352 6087 3345 6088 511 6088 510 6088 3345 6089 513 6089 511 6089 3345 6090 514 6090 513 6090 3345 6091 516 6091 514 6091 3345 6092 517 6092 516 6092 519 6093 517 6093 3345 6093 520 6094 519 6094 3345 6094 522 6095 520 6095 3345 6095 3353 6096 522 6096 3345 6096 3354 6097 3353 6097 3345 6097 3355 6098 3354 6098 3345 6098 3356 6099 3355 6099 3345 6099 3357 6100 3356 6100 3345 6100 529 6101 3357 6101 3345 6101 530 6102 529 6102 3345 6102 533 6103 530 6103 3345 6103 534 6104 533 6104 3345 6104 620 6105 534 6105 3345 6105 621 6106 620 6106 3345 6106 3358 6107 621 6107 3345 6107 3358 6108 3336 6108 353 6108 3359 6109 621 6109 3358 6109 326 6110 3359 6110 3358 6110 326 6111 3358 6111 353 6111 3360 6112 3361 6112 3362 6112 3362 6113 3361 6113 3363 6113 3363 6114 3361 6114 3364 6114 3361 6115 3365 6115 3366 6115 3366 6116 3365 6116 3367 6116 3367 6117 3365 6117 3368 6117 3365 6118 3369 6118 3370 6118 3370 6119 3369 6119 3371 6119 3369 6120 3372 6120 3373 6120 3373 6121 3372 6121 3374 6121 3369 6122 3375 6122 3372 6122 3369 6123 3376 6123 3375 6123 3377 6124 3378 6124 3379 6124 3379 6125 3378 6125 3380 6125 3376 6126 3381 6126 3377 6126 3377 6127 3381 6127 3378 6127 3382 6128 3383 6128 3384 6128 3382 6129 3385 6129 3383 6129 3381 6130 3386 6130 3382 6130 3382 6131 3386 6131 3385 6131 3381 6132 3387 6132 3386 6132 3309 6133 3336 6133 3388 6133 3388 6134 3336 6134 3360 6134 3360 6135 3336 6135 3361 6135 3389 6136 3390 6136 3391 6136 3391 6137 3390 6137 3392 6137 3392 6138 3390 6138 3393 6138 3394 6139 3395 6139 3336 6139 3387 6140 3396 6140 3389 6140 3389 6141 3396 6141 3390 6141 3397 6142 3398 6142 3395 6142 3396 6143 3399 6143 3400 6143 3398 6144 3401 6144 3395 6144 3396 6145 3402 6145 3399 6145 3396 6146 3403 6146 3402 6146 3396 6147 3404 6147 3403 6147 3396 6148 3405 6148 3404 6148 3404 6149 3405 6149 3406 6149 3407 6150 3408 6150 3409 6150 3409 6151 3410 6151 3411 6151 3411 6152 3410 6152 3412 6152 3412 6153 3410 6153 3401 6153 3408 6154 3410 6154 3409 6154 3405 6155 3413 6155 3414 6155 3396 6156 3413 6156 3405 6156 3401 6157 3415 6157 3395 6157 3410 6158 3415 6158 3401 6158 3416 6159 3417 6159 3415 6159 3417 6160 3418 6160 3415 6160 3419 6161 3418 6161 3417 6161 3420 6162 3421 6162 3422 6162 3422 6163 3421 6163 3423 6163 3420 6164 3424 6164 3421 6164 3425 6165 3426 6165 3418 6165 3418 6166 3426 6166 3415 6166 3420 6167 3427 6167 3424 6167 3413 6168 3427 6168 3428 6168 3428 6169 3427 6169 3420 6169 3427 6170 3429 6170 3430 6170 3431 6171 3432 6171 3433 6171 3433 6172 3432 6172 3426 6172 3413 6173 3434 6173 3427 6173 3427 6174 3434 6174 3429 6174 3381 6175 3434 6175 3387 6175 3387 6176 3434 6176 3396 6176 3396 6177 3434 6177 3413 6177 3426 6178 3435 6178 3415 6178 3432 6179 3435 6179 3426 6179 3395 6180 3435 6180 3336 6180 3415 6181 3435 6181 3395 6181 3365 6182 3436 6182 3369 6182 3369 6183 3436 6183 3376 6183 3376 6184 3436 6184 3381 6184 3381 6185 3436 6185 3434 6185 3435 6186 3436 6186 3336 6186 3336 6187 3436 6187 3361 6187 3361 6188 3436 6188 3365 6188 3335 6189 3334 6189 3437 6189 3334 6190 3438 6190 3437 6190 3438 6191 3439 6191 3440 6191 3440 6192 3439 6192 3441 6192 3334 6193 3442 6193 3438 6193 3438 6194 3442 6194 3439 6194 3333 6195 3443 6195 3334 6195 3334 6196 3443 6196 3442 6196 3330 6197 3444 6197 3331 6197 3331 6198 3444 6198 3445 6198 3330 6199 3446 6199 3444 6199 3330 6200 3329 6200 3446 6200 3331 6201 3447 6201 3332 6201 3332 6202 3447 6202 3333 6202 3443 6203 3447 6203 3448 6203 3448 6204 3447 6204 3449 6204 3449 6205 3447 6205 3445 6205 3333 6206 3447 6206 3443 6206 3445 6207 3447 6207 3331 6207 3337 6208 3335 6208 3437 6208 3450 6209 3337 6209 3437 6209 3451 6210 3437 6210 3438 6210 3451 6211 3450 6211 3437 6211 3452 6212 3438 6212 3440 6212 3452 6213 3451 6213 3438 6213 3453 6214 3440 6214 3441 6214 3453 6215 3452 6215 3440 6215 3343 6216 3454 6216 3344 6216 3342 6217 3455 6217 3343 6217 3343 6218 3455 6218 3454 6218 3342 6219 3456 6219 3455 6219 3339 6220 3457 6220 3340 6220 3337 6221 3450 6221 3339 6221 3339 6222 3458 6222 3457 6222 3450 6223 3451 6223 3339 6223 3339 6224 3451 6224 3458 6224 3451 6225 3459 6225 3458 6225 3451 6226 3452 6226 3459 6226 3452 6227 3453 6227 3459 6227 3340 6228 3460 6228 3341 6228 3341 6229 3460 6229 3342 6229 3461 6230 3460 6230 3457 6230 3462 6231 3460 6231 3461 6231 3456 6232 3460 6232 3462 6232 3342 6233 3460 6233 3456 6233 3457 6234 3460 6234 3340 6234 3463 6235 3464 6235 3465 6235 3463 6236 3465 6236 3466 6236 3463 6237 3466 6237 3467 6237 3468 6238 3463 6238 3469 6238 3468 6239 3469 6239 3470 6239 3471 6240 3472 6240 3473 6240 3471 6241 3473 6241 3474 6241 3471 6242 3474 6242 3475 6242 3476 6243 3477 6243 3478 6243 3479 6244 3472 6244 3471 6244 3479 6245 3477 6245 3476 6245 3479 6246 3468 6246 3472 6246 3479 6247 3471 6247 3480 6247 3479 6248 3480 6248 3481 6248 3479 6249 3481 6249 3482 6249 3479 6250 3482 6250 3477 6250 3483 6251 3479 6251 3484 6251 3485 6252 3479 6252 3483 6252 3486 6253 3485 6253 3487 6253 3488 6254 3486 6254 3489 6254 3488 6255 3489 6255 3490 6255 3488 6256 3490 6256 3491 6256 3492 6257 3488 6257 3493 6257 3492 6258 3486 6258 3488 6258 3358 6259 3345 6259 3494 6259 3358 6260 3494 6260 3464 6260 3358 6261 3464 6261 3463 6261 3495 6262 3496 6262 3358 6262 3497 6263 3479 6263 3485 6263 3497 6264 3485 6264 3486 6264 3497 6265 3492 6265 3498 6265 3497 6266 3498 6266 3499 6266 3497 6267 3499 6267 3500 6267 3497 6268 3486 6268 3492 6268 3501 6269 3502 6269 3495 6269 3503 6270 3504 6270 3505 6270 3506 6271 3504 6271 3503 6271 3507 6272 3501 6272 3495 6272 3507 6273 3508 6273 3509 6273 3507 6274 3509 6274 3510 6274 3507 6275 3510 6275 3501 6275 3511 6276 3497 6276 3504 6276 3511 6277 3504 6277 3506 6277 3512 6278 3513 6278 3507 6278 3514 6279 3511 6279 3515 6279 3514 6280 3515 6280 3516 6280 3517 6281 3507 6281 3495 6281 3517 6282 3518 6282 3512 6282 3517 6283 3512 6283 3507 6283 3519 6284 3514 6284 3520 6284 3519 6285 3497 6285 3511 6285 3519 6286 3511 6286 3514 6286 3521 6287 3522 6287 3517 6287 3523 6288 3519 6288 3524 6288 3525 6289 3521 6289 3517 6289 3525 6290 3526 6290 3521 6290 3527 6291 3525 6291 3517 6291 3528 6292 3523 6292 3529 6292 3528 6293 3519 6293 3523 6293 3530 6294 3527 6294 3517 6294 3530 6295 3517 6295 3495 6295 3531 6296 3519 6296 3528 6296 3532 6297 3533 6297 3530 6297 3534 6298 3531 6298 3535 6298 3536 6299 3532 6299 3530 6299 3537 6300 3536 6300 3530 6300 3537 6301 3468 6301 3479 6301 3537 6302 3530 6302 3495 6302 3537 6303 3358 6303 3463 6303 3537 6304 3495 6304 3358 6304 3537 6305 3479 6305 3497 6305 3537 6306 3463 6306 3468 6306 3538 6307 3519 6307 3531 6307 3538 6308 3531 6308 3534 6308 3538 6309 3537 6309 3497 6309 3538 6310 3534 6310 3539 6310 3538 6311 3497 6311 3519 6311 447 6312 846 6312 453 6312 446 6313 849 6313 447 6313 849 6314 846 6314 447 6314 3359 6315 1016 6315 619 6315 621 6316 3359 6316 619 6316 1192 6317 3359 6317 326 6317 1184 6318 1186 6318 1188 6318 1184 6319 1188 6319 1190 6319 1178 6320 1180 6320 1182 6320 1178 6321 1182 6321 1184 6321 1178 6322 1184 6322 1190 6322 1176 6323 1178 6323 1190 6323 1168 6324 1170 6324 1172 6324 1168 6325 1172 6325 1174 6325 1166 6326 1168 6326 1174 6326 1162 6327 1164 6327 1166 6327 1162 6328 1166 6328 1174 6328 1160 6329 1174 6329 1176 6329 1160 6330 1162 6330 1174 6330 1158 6331 1160 6331 1176 6331 1156 6332 1158 6332 1176 6332 1154 6333 1156 6333 1176 6333 1148 6334 1150 6334 1152 6334 1148 6335 1152 6335 1154 6335 1148 6336 1154 6336 1176 6336 1138 6337 1140 6337 1142 6337 1138 6338 1142 6338 1144 6338 1138 6339 1144 6339 1146 6339 1134 6340 1136 6340 1138 6340 1134 6341 1138 6341 1146 6341 1559 6342 1017 6342 1016 6342 1132 6343 1134 6343 1146 6343 1130 6344 1132 6344 1146 6344 1127 6345 1130 6345 1146 6345 1127 6346 1146 6346 1148 6346 1127 6347 1190 6347 1192 6347 1127 6348 1176 6348 1190 6348 1127 6349 1148 6349 1176 6349 252 6350 1127 6350 1192 6350 252 6351 1192 6351 326 6351 1016 6352 3359 6352 1192 6352 1192 6353 1559 6353 1016 6353 1629 6354 1559 6354 1192 6354 1191 6355 1629 6355 1192 6355 454 6356 1629 6356 1630 6356 454 6357 1559 6357 1629 6357 417 6358 1630 6358 1483 6358 417 6359 454 6359 1630 6359 3540 6360 2202 6360 3541 6360 3542 6361 2202 6361 3540 6361 3543 6362 3541 6362 2883 6362 3543 6363 3540 6363 3541 6363 3544 6364 3543 6364 2883 6364 3545 6365 2882 6365 2881 6365 3545 6366 2883 6366 2882 6366 3545 6367 3544 6367 2883 6367 2880 6368 3545 6368 2881 6368 3546 6369 2878 6369 3547 6369 3546 6370 3548 6370 2878 6370 3546 6371 2879 6371 3548 6371 3546 6372 2880 6372 2879 6372 3546 6373 3545 6373 2880 6373 3549 6374 3545 6374 3546 6374 5932 6375 3547 6375 3300 6375 5932 6376 3546 6376 3547 6376 5930 6377 5932 6377 3300 6377 3550 6378 5930 6378 3300 6378 3550 6379 3300 6379 3299 6379 3551 6380 3545 6380 3549 6380 3552 6381 3550 6381 3299 6381 3553 6382 3545 6382 3551 6382 3554 6383 3552 6383 3299 6383 3554 6384 3299 6384 3298 6384 3555 6385 3554 6385 3298 6385 3556 6386 3549 6386 3557 6386 3556 6387 3551 6387 3549 6387 3558 6388 3298 6388 3297 6388 3558 6389 3555 6389 3298 6389 3559 6390 3560 6390 3561 6390 3559 6391 3561 6391 3562 6391 3563 6392 3556 6392 3557 6392 3564 6393 3563 6393 3557 6393 3565 6394 3560 6394 3559 6394 3566 6395 3564 6395 3557 6395 3566 6396 3557 6396 3567 6396 3568 6397 3553 6397 3569 6397 3570 6398 3569 6398 3553 6398 3571 6399 3553 6399 3568 6399 3572 6400 3566 6400 3567 6400 3573 6401 3560 6401 3565 6401 3573 6402 3567 6402 3560 6402 3574 6403 3553 6403 3571 6403 3575 6404 3567 6404 3573 6404 3576 6405 3572 6405 3567 6405 3577 6406 3567 6406 3575 6406 3577 6407 3576 6407 3567 6407 3578 6408 3545 6408 3553 6408 3578 6409 3553 6409 3574 6409 3579 6410 3545 6410 3578 6410 3580 6411 3545 6411 3579 6411 3581 6412 3582 6412 3583 6412 3584 6413 3582 6413 3581 6413 3585 6414 3297 6414 3296 6414 3585 6415 3558 6415 3297 6415 3585 6416 3586 6416 3587 6416 3585 6417 3587 6417 3588 6417 3585 6418 3588 6418 3589 6418 3585 6419 3589 6419 3590 6419 3585 6420 3590 6420 3558 6420 3591 6421 3592 6421 3582 6421 3591 6422 3582 6422 3584 6422 3593 6423 3594 6423 3595 6423 3596 6424 3597 6424 3598 6424 3599 6425 6202 6425 3592 6425 3599 6426 3592 6426 3591 6426 3600 6427 3597 6427 3596 6427 3601 6428 6202 6428 3599 6428 3601 6429 3602 6429 6202 6429 3603 6430 3600 6430 3596 6430 3604 6431 3602 6431 3601 6431 3604 6432 3605 6432 3602 6432 3606 6433 3607 6433 6194 6433 3608 6434 3603 6434 3596 6434 3609 6435 3605 6435 3604 6435 3609 6436 3610 6436 3605 6436 3611 6437 3608 6437 3596 6437 3612 6438 3610 6438 3609 6438 3612 6439 3595 6439 3610 6439 3613 6440 3614 6440 3615 6440 3616 6441 3617 6441 3614 6441 3616 6442 3614 6442 3613 6442 3618 6443 3613 6443 3615 6443 3619 6444 3620 6444 3617 6444 3619 6445 3617 6445 3616 6445 6185 6446 3595 6446 3612 6446 3621 6447 3618 6447 3615 6447 3621 6448 3615 6448 3622 6448 3621 6449 3622 6449 3623 6449 3624 6450 6188 6450 3606 6450 3625 6451 3624 6451 3606 6451 3625 6452 3606 6452 6194 6452 3625 6453 3593 6453 3595 6453 3625 6454 3595 6454 6185 6454 3625 6455 6194 6455 3593 6455 3626 6456 3627 6456 3620 6456 3626 6457 3620 6457 3619 6457 3628 6458 3611 6458 3596 6458 3295 6459 3585 6459 3296 6459 3629 6460 3580 6460 3627 6460 3629 6461 3545 6461 3580 6461 3629 6462 3627 6462 3626 6462 3630 6463 3623 6463 3631 6463 3630 6464 3621 6464 3623 6464 3632 6465 3621 6465 3630 6465 3633 6466 3545 6466 3629 6466 3633 6467 3634 6467 3635 6467 3633 6468 3635 6468 3545 6468 3636 6469 6067 6469 3637 6469 3638 6470 3631 6470 3639 6470 3638 6471 3630 6471 3631 6471 3640 6472 3639 6472 3641 6472 3640 6473 3641 6473 3642 6473 3640 6474 3638 6474 3639 6474 3643 6475 3642 6475 3644 6475 3643 6476 3640 6476 3642 6476 3645 6477 3644 6477 3646 6477 3645 6478 3643 6478 3644 6478 3647 6479 3648 6479 3649 6479 3647 6480 3649 6480 3650 6480 3651 6481 3646 6481 3652 6481 3651 6482 3645 6482 3646 6482 3653 6483 3647 6483 3650 6483 3653 6484 3654 6484 3647 6484 3655 6485 3651 6485 3652 6485 3655 6486 3652 6486 3656 6486 3655 6487 3656 6487 3657 6487 3658 6488 3653 6488 3650 6488 3659 6489 3655 6489 3657 6489 3660 6490 3650 6490 3661 6490 3660 6491 3661 6491 3636 6491 3660 6492 3637 6492 3632 6492 3660 6493 3658 6493 3650 6493 3660 6494 3636 6494 3637 6494 3662 6495 3663 6495 3664 6495 3662 6496 3664 6496 3665 6496 3662 6497 3665 6497 3666 6497 3662 6498 3666 6498 3667 6498 3662 6499 3667 6499 3668 6499 3662 6500 3668 6500 3669 6500 6097 6501 3662 6501 3669 6501 3670 6502 3657 6502 3628 6502 3670 6503 3659 6503 3657 6503 3670 6504 3628 6504 3596 6504 3294 6505 3596 6505 3585 6505 3294 6506 3585 6506 3295 6506 3671 6507 3662 6507 6097 6507 3672 6508 3673 6508 3674 6508 3672 6509 3674 6509 3675 6509 3672 6510 3675 6510 3676 6510 3677 6511 3678 6511 3679 6511 3680 6512 3678 6512 3677 6512 3680 6513 3681 6513 3678 6513 3682 6514 3676 6514 3683 6514 3682 6515 3683 6515 3684 6515 3682 6516 3672 6516 3676 6516 3685 6517 3677 6517 3679 6517 5820 6518 3662 6518 3681 6518 5820 6519 3663 6519 3662 6519 5820 6520 3681 6520 3680 6520 3686 6521 3685 6521 3679 6521 3687 6522 3671 6522 3673 6522 3687 6523 3673 6523 3672 6523 3688 6524 3663 6524 5820 6524 3688 6525 3542 6525 3634 6525 3688 6526 3633 6526 3663 6526 3688 6527 3634 6527 3633 6527 3689 6528 3686 6528 3679 6528 3690 6529 3542 6529 3688 6529 3691 6530 3689 6530 3679 6530 3692 6531 3542 6531 3690 6531 3693 6532 3691 6532 3679 6532 3694 6533 3693 6533 3679 6533 3695 6534 3542 6534 3692 6534 3696 6535 3681 6535 3697 6535 3696 6536 3678 6536 3681 6536 3698 6537 3542 6537 3695 6537 3699 6538 3700 6538 3701 6538 3702 6539 3699 6539 3701 6539 3703 6540 3704 6540 3700 6540 3703 6541 3700 6541 3699 6541 3293 6542 3596 6542 3294 6542 3705 6543 3706 6543 3704 6543 3705 6544 3704 6544 3703 6544 3705 6545 5838 6545 3706 6545 3707 6546 5838 6546 3705 6546 3707 6547 3708 6547 3709 6547 3707 6548 3709 6548 5838 6548 3710 6549 6056 6549 3682 6549 3710 6550 3684 6550 3711 6550 3710 6551 3670 6551 3596 6551 3710 6552 3711 6552 3712 6552 3710 6553 3712 6553 3713 6553 3710 6554 3713 6554 3670 6554 3710 6555 3682 6555 3684 6555 3714 6556 3708 6556 3707 6556 3714 6557 3715 6557 5834 6557 3714 6558 5834 6558 3708 6558 3716 6559 6051 6559 3717 6559 6210 6560 3696 6560 6051 6560 3718 6561 3715 6561 3714 6561 3718 6562 3719 6562 3715 6562 3720 6563 3719 6563 3718 6563 3720 6564 3721 6564 3722 6564 3720 6565 3722 6565 3719 6565 3723 6566 3721 6566 3720 6566 3723 6567 3724 6567 3721 6567 3725 6568 6210 6568 6051 6568 3726 6569 3725 6569 6051 6569 3726 6570 6051 6570 3716 6570 3727 6571 6206 6571 6210 6571 3727 6572 6210 6572 3725 6572 3728 6573 3724 6573 3723 6573 3729 6574 3726 6574 3716 6574 3730 6575 6206 6575 3727 6575 5788 6576 6206 6576 3730 6576 3731 6577 3724 6577 3728 6577 3731 6578 3732 6578 3724 6578 3733 6579 3729 6579 3716 6579 3734 6580 5788 6580 3730 6580 3735 6581 5788 6581 3734 6581 3735 6582 3736 6582 3737 6582 3738 6583 3732 6583 3731 6583 3739 6584 3736 6584 3735 6584 3740 6585 3735 6585 3734 6585 3740 6586 3739 6586 3735 6586 3741 6587 3740 6587 3734 6587 3741 6588 3734 6588 3742 6588 2452 6589 3716 6589 3710 6589 2452 6590 3596 6590 3293 6590 2452 6591 3733 6591 3716 6591 2452 6592 3710 6592 3596 6592 3743 6593 3744 6593 3732 6593 5990 6594 3732 6594 3744 6594 3745 6595 3741 6595 3742 6595 3746 6596 3738 6596 3747 6596 3746 6597 3743 6597 3732 6597 3746 6598 3732 6598 3738 6598 3748 6599 3732 6599 5990 6599 3748 6600 3749 6600 3732 6600 5984 6601 3747 6601 3750 6601 5984 6602 3746 6602 3747 6602 3751 6603 3745 6603 3742 6603 3752 6604 3749 6604 3748 6604 3752 6605 3753 6605 3749 6605 3754 6606 3750 6606 3755 6606 3754 6607 5984 6607 3750 6607 3756 6608 3754 6608 3755 6608 3757 6609 3753 6609 3752 6609 3757 6610 3758 6610 3753 6610 5980 6611 3755 6611 3759 6611 5980 6612 3756 6612 3755 6612 3760 6613 3758 6613 3757 6613 5978 6614 3759 6614 3761 6614 5978 6615 5980 6615 3759 6615 3762 6616 3761 6616 3763 6616 3762 6617 5978 6617 3761 6617 3764 6618 3762 6618 3763 6618 3765 6619 3763 6619 3766 6619 3765 6620 3764 6620 3763 6620 3767 6621 3766 6621 3768 6621 3767 6622 3765 6622 3766 6622 3769 6623 3768 6623 3770 6623 3769 6624 3767 6624 3768 6624 3771 6625 3772 6625 3773 6625 3771 6626 3773 6626 3774 6626 3771 6627 3774 6627 3775 6627 3771 6628 3758 6628 3760 6628 3771 6629 3776 6629 3758 6629 3771 6630 3760 6630 3772 6630 3777 6631 3770 6631 3778 6631 3777 6632 3769 6632 3770 6632 3779 6633 3775 6633 3780 6633 3779 6634 3780 6634 5973 6634 3779 6635 3771 6635 3775 6635 3781 6636 3778 6636 3751 6636 3781 6637 3777 6637 3778 6637 3782 6638 3779 6638 5973 6638 3783 6639 3751 6639 3742 6639 3783 6640 3781 6640 3751 6640 3784 6641 3779 6641 3782 6641 3785 6642 3776 6642 3771 6642 3785 6643 3542 6643 3698 6643 3785 6644 2202 6644 3542 6644 3785 6645 3698 6645 3776 6645 3786 6646 3779 6646 3784 6646 3786 6647 3784 6647 3787 6647 3786 6648 3787 6648 3788 6648 3789 6649 3788 6649 3790 6649 3789 6650 3790 6650 3791 6650 3789 6651 3791 6651 3792 6651 3789 6652 3792 6652 3793 6652 3789 6653 3786 6653 3788 6653 3789 6654 3783 6654 3742 6654 3789 6655 3733 6655 2452 6655 3789 6656 3742 6656 3733 6656 3789 6657 3793 6657 3794 6657 3789 6658 3794 6658 3795 6658 3789 6659 3795 6659 3796 6659 3789 6660 3796 6660 3797 6660 3789 6661 3797 6661 3798 6661 3789 6662 3798 6662 3783 6662 3799 6663 3789 6663 2452 6663 3800 6664 2239 6664 2202 6664 3800 6665 2202 6665 3785 6665 3801 6666 2239 6666 3800 6666 2884 6667 2239 6667 3801 6667 3802 6668 3800 6668 3785 6668 3803 6669 2884 6669 3801 6669 2894 6670 2884 6670 3803 6670 3804 6671 3802 6671 3785 6671 3805 6672 2894 6672 3803 6672 3806 6673 2894 6673 3805 6673 3807 6674 3804 6674 3785 6674 3808 6675 3806 6675 3805 6675 3809 6676 3807 6676 3785 6676 2897 6677 3808 6677 3810 6677 2897 6678 3806 6678 3808 6678 3811 6679 3809 6679 3785 6679 3812 6680 3810 6680 3813 6680 3812 6681 2897 6681 3810 6681 3814 6682 3811 6682 3785 6682 2901 6683 3813 6683 3815 6683 2901 6684 3812 6684 3813 6684 3816 6685 3814 6685 3785 6685 3817 6686 3815 6686 3818 6686 3817 6687 2901 6687 3815 6687 3819 6688 3816 6688 3785 6688 2906 6689 3818 6689 3820 6689 2906 6690 3817 6690 3818 6690 3821 6691 3819 6691 3785 6691 3822 6692 2906 6692 3820 6692 3822 6693 3820 6693 3823 6693 3824 6694 3821 6694 3785 6694 3301 6695 3822 6695 3823 6695 3301 6696 3823 6696 3825 6696 3826 6697 3824 6697 3785 6697 3826 6698 3785 6698 3799 6698 3302 6699 3301 6699 3825 6699 3302 6700 3825 6700 3827 6700 3828 6701 3826 6701 3799 6701 3303 6702 3302 6702 3827 6702 3303 6703 3827 6703 3829 6703 3830 6704 3828 6704 3799 6704 3831 6705 3830 6705 3799 6705 3304 6706 3303 6706 3829 6706 3304 6707 3829 6707 3832 6707 3833 6708 3831 6708 3799 6708 3305 6709 3832 6709 3834 6709 3305 6710 3304 6710 3832 6710 3306 6711 3834 6711 3833 6711 3306 6712 3305 6712 3834 6712 3307 6713 3306 6713 3833 6713 3308 6714 3307 6714 3833 6714 2453 6715 3799 6715 2452 6715 2453 6716 3833 6716 3799 6716 2453 6717 3308 6717 3833 6717 5788 6718 3694 6718 6206 6718 3553 6719 3596 6719 6150 6719 6150 6720 3596 6720 3598 6720 3553 6721 6150 6721 3581 6721 3553 6722 3581 6722 3570 6722 3570 6723 3581 6723 3583 6723 3585 6724 3835 6724 5914 6724 3585 6725 5914 6725 3586 6725 3687 6726 3662 6726 3671 6726 3630 6727 3660 6727 3632 6727 3679 6728 6206 6728 3694 6728 6210 6729 3678 6729 3696 6729 3836 6730 3837 6730 3838 6730 3838 6731 3837 6731 3946 6731 3946 6732 3839 6732 3840 6732 3837 6733 3839 6733 3946 6733 3839 6734 3841 6734 3840 6734 3841 6735 3842 6735 3840 6735 3833 6736 3834 6736 3841 6736 3841 6737 3834 6737 3842 6737 3842 6738 3832 6738 3942 6738 3834 6739 3832 6739 3842 6739 3942 6740 3829 6740 3843 6740 3832 6741 3829 6741 3942 6741 3843 6742 3827 6742 3844 6742 3829 6743 3827 6743 3843 6743 3844 6744 3825 6744 3845 6744 3827 6745 3825 6745 3844 6745 3845 6746 3823 6746 3846 6746 3825 6747 3823 6747 3845 6747 3846 6748 3820 6748 3847 6748 3823 6749 3820 6749 3846 6749 3847 6750 3818 6750 3848 6750 3820 6751 3818 6751 3847 6751 3848 6752 3815 6752 3849 6752 3818 6753 3815 6753 3848 6753 3849 6754 3813 6754 3850 6754 3815 6755 3813 6755 3849 6755 3850 6756 3810 6756 3851 6756 3813 6757 3810 6757 3850 6757 3810 6758 3808 6758 3851 6758 3851 6759 3808 6759 3852 6759 3808 6760 3805 6760 3852 6760 3852 6761 3805 6761 3853 6761 3805 6762 3803 6762 3853 6762 3853 6763 3803 6763 3854 6763 3803 6764 3801 6764 3854 6764 3854 6765 3801 6765 3855 6765 3856 6766 3540 6766 3857 6766 3856 6767 3542 6767 3540 6767 3857 6768 3858 6768 3856 6768 3859 6769 3860 6769 3861 6769 3861 6770 3860 6770 3858 6770 3862 6771 3863 6771 3864 6771 3864 6772 3863 6772 3865 6772 3866 6773 3801 6773 3800 6773 3855 6774 3801 6774 3866 6774 3863 6775 3855 6775 3866 6775 3866 6776 3856 6776 3863 6776 3863 6777 3856 6777 3865 6777 3865 6778 3856 6778 3860 6778 3860 6779 3856 6779 3858 6779 3540 6780 3543 6780 3857 6780 3857 6781 3543 6781 3867 6781 3867 6782 3868 6782 3966 6782 3543 6783 3868 6783 3867 6783 3543 6784 3544 6784 3868 6784 3966 6785 3869 6785 3870 6785 3868 6786 3869 6786 3966 6786 3544 6787 3545 6787 3868 6787 3870 6788 3871 6788 3872 6788 3869 6789 3871 6789 3870 6789 3872 6790 3873 6790 3970 6790 3871 6791 3873 6791 3872 6791 3970 6792 3874 6792 3875 6792 3873 6793 3874 6793 3970 6793 3875 6794 3876 6794 3877 6794 3874 6795 3876 6795 3875 6795 3877 6796 3878 6796 3879 6796 3876 6797 3878 6797 3877 6797 3879 6798 3880 6798 3881 6798 3878 6799 3880 6799 3879 6799 3881 6800 3882 6800 3883 6800 3880 6801 3882 6801 3881 6801 3883 6802 3884 6802 3885 6802 3882 6803 3884 6803 3883 6803 3885 6804 3886 6804 3887 6804 3884 6805 3886 6805 3885 6805 3887 6806 3888 6806 3889 6806 3886 6807 3888 6807 3887 6807 3888 6808 3890 6808 3889 6808 3889 6809 3890 6809 3891 6809 3890 6810 3892 6810 3891 6810 3891 6811 3892 6811 3893 6811 3892 6812 3894 6812 3893 6812 3893 6813 3894 6813 3982 6813 3894 6814 3895 6814 3982 6814 3982 6815 3895 6815 3896 6815 3895 6816 3897 6816 3896 6816 3897 6817 3898 6817 3899 6817 3900 6818 3898 6818 3897 6818 3901 6819 3902 6819 3903 6819 3901 6820 3904 6820 3902 6820 3836 6821 3838 6821 3901 6821 3895 6822 3836 6822 3897 6822 3897 6823 3836 6823 3900 6823 3900 6824 3836 6824 3903 6824 3903 6825 3836 6825 3901 6825 3841 6826 3839 6826 3905 6826 3905 6827 3837 6827 3906 6827 3839 6828 3837 6828 3905 6828 3906 6829 3836 6829 3907 6829 3907 6830 3836 6830 3908 6830 3908 6831 3836 6831 3909 6831 3909 6832 3836 6832 3910 6832 3910 6833 3836 6833 3911 6833 3911 6834 3836 6834 3912 6834 3912 6835 3836 6835 3913 6835 3913 6836 3836 6836 3914 6836 3914 6837 3836 6837 3915 6837 3915 6838 3836 6838 3916 6838 3916 6839 3836 6839 3917 6839 3917 6840 3836 6840 3918 6840 3837 6841 3836 6841 3906 6841 3919 6842 3869 6842 3920 6842 3920 6843 3869 6843 3868 6843 3856 6844 3871 6844 3919 6844 3919 6845 3871 6845 3869 6845 3856 6846 3873 6846 3871 6846 3856 6847 3874 6847 3873 6847 3856 6848 3876 6848 3874 6848 3856 6849 3878 6849 3876 6849 3856 6850 3880 6850 3878 6850 3856 6851 3882 6851 3880 6851 3856 6852 3884 6852 3882 6852 3856 6853 3886 6853 3884 6853 3856 6854 3888 6854 3886 6854 3856 6855 3890 6855 3888 6855 3856 6856 3892 6856 3890 6856 3856 6857 3894 6857 3892 6857 3866 6858 3894 6858 3856 6858 3918 6859 3895 6859 3866 6859 3866 6860 3895 6860 3894 6860 3836 6861 3895 6861 3918 6861 3918 6862 3866 6862 3800 6862 3918 6863 3800 6863 3802 6863 3917 6864 3802 6864 3804 6864 3917 6865 3918 6865 3802 6865 3916 6866 3804 6866 3807 6866 3916 6867 3917 6867 3804 6867 3915 6868 3807 6868 3809 6868 3915 6869 3916 6869 3807 6869 3914 6870 3809 6870 3811 6870 3914 6871 3915 6871 3809 6871 3913 6872 3814 6872 3816 6872 3913 6873 3811 6873 3814 6873 3913 6874 3914 6874 3811 6874 3912 6875 3816 6875 3819 6875 3912 6876 3913 6876 3816 6876 3911 6877 3819 6877 3821 6877 3911 6878 3912 6878 3819 6878 3910 6879 3821 6879 3824 6879 3910 6880 3911 6880 3821 6880 3909 6881 3824 6881 3826 6881 3909 6882 3910 6882 3824 6882 3908 6883 3826 6883 3828 6883 3908 6884 3909 6884 3826 6884 3907 6885 3828 6885 3830 6885 3907 6886 3908 6886 3828 6886 3906 6887 3830 6887 3831 6887 3906 6888 3907 6888 3830 6888 3905 6889 3831 6889 3833 6889 3905 6890 3906 6890 3831 6890 3841 6891 3905 6891 3833 6891 3921 6892 3855 6892 3922 6892 3863 6893 3922 6893 3855 6893 3923 6894 3855 6894 3921 6894 3924 6895 3855 6895 3923 6895 3925 6896 3855 6896 3924 6896 3926 6897 3855 6897 3925 6897 3927 6898 3855 6898 3926 6898 3928 6899 3855 6899 3927 6899 3929 6900 3854 6900 3855 6900 3929 6901 3855 6901 3928 6901 3930 6902 3853 6902 3854 6902 3930 6903 3854 6903 3929 6903 3931 6904 3852 6904 3853 6904 3931 6905 3853 6905 3930 6905 3932 6906 3851 6906 3852 6906 3932 6907 3852 6907 3931 6907 3933 6908 3851 6908 3932 6908 3933 6909 3850 6909 3851 6909 3934 6910 3850 6910 3933 6910 3934 6911 3849 6911 3850 6911 3935 6912 3849 6912 3934 6912 3935 6913 3848 6913 3849 6913 3936 6914 3848 6914 3935 6914 3936 6915 3847 6915 3848 6915 3937 6916 3847 6916 3936 6916 3937 6917 3846 6917 3847 6917 3938 6918 3846 6918 3937 6918 3938 6919 3845 6919 3846 6919 3939 6920 3845 6920 3938 6920 3939 6921 3844 6921 3845 6921 3940 6922 3844 6922 3939 6922 3940 6923 3843 6923 3844 6923 3941 6924 3843 6924 3940 6924 3941 6925 3942 6925 3843 6925 3943 6926 3942 6926 3941 6926 3943 6927 3842 6927 3942 6927 3944 6928 3842 6928 3943 6928 3944 6929 3840 6929 3842 6929 3945 6930 3946 6930 3840 6930 3945 6931 3840 6931 3944 6931 3947 6932 3946 6932 3945 6932 3947 6933 3838 6933 3946 6933 3948 6934 3838 6934 3947 6934 3949 6935 3838 6935 3948 6935 3950 6936 3838 6936 3949 6936 3951 6937 3838 6937 3950 6937 3952 6938 3838 6938 3951 6938 3953 6939 3838 6939 3952 6939 3954 6940 3838 6940 3953 6940 3955 6941 3838 6941 3954 6941 3901 6942 3838 6942 3955 6942 3920 6943 3868 6943 3545 6943 3920 6944 3635 6944 3634 6944 3920 6945 3545 6945 3635 6945 3919 6946 3634 6946 3542 6946 3919 6947 3920 6947 3634 6947 3856 6948 3919 6948 3542 6948 3857 6949 3956 6949 3858 6949 3857 6950 3957 6950 3956 6950 3857 6951 3958 6951 3957 6951 3857 6952 3959 6952 3958 6952 3857 6953 3960 6953 3959 6953 3857 6954 3961 6954 3960 6954 3857 6955 3962 6955 3961 6955 3857 6956 3963 6956 3962 6956 3857 6957 3964 6957 3963 6957 3867 6958 3965 6958 3964 6958 3867 6959 3964 6959 3857 6959 3966 6960 3967 6960 3965 6960 3966 6961 3965 6961 3867 6961 3870 6962 3967 6962 3966 6962 3870 6963 3968 6963 3967 6963 3872 6964 3969 6964 3968 6964 3872 6965 3968 6965 3870 6965 3970 6966 3971 6966 3969 6966 3970 6967 3969 6967 3872 6967 3875 6968 3971 6968 3970 6968 3875 6969 3972 6969 3971 6969 3877 6970 3972 6970 3875 6970 3877 6971 3973 6971 3972 6971 3879 6972 3973 6972 3877 6972 3879 6973 3974 6973 3973 6973 3881 6974 3975 6974 3974 6974 3881 6975 3974 6975 3879 6975 3883 6976 3976 6976 3975 6976 3883 6977 3975 6977 3881 6977 3885 6978 3977 6978 3976 6978 3885 6979 3976 6979 3883 6979 3887 6980 3977 6980 3885 6980 3887 6981 3978 6981 3977 6981 3889 6982 3979 6982 3978 6982 3889 6983 3978 6983 3887 6983 3891 6984 3979 6984 3889 6984 3891 6985 3980 6985 3979 6985 3893 6986 3981 6986 3980 6986 3893 6987 3980 6987 3891 6987 3982 6988 3983 6988 3981 6988 3982 6989 3981 6989 3893 6989 3896 6990 3984 6990 3983 6990 3896 6991 3985 6991 3984 6991 3896 6992 3986 6992 3985 6992 3896 6993 3987 6993 3986 6993 3896 6994 3988 6994 3987 6994 3896 6995 3989 6995 3988 6995 3896 6996 3990 6996 3989 6996 3896 6997 3991 6997 3990 6997 3896 6998 3897 6998 3991 6998 3896 6999 3983 6999 3982 6999 3858 7000 3956 7000 3861 7000 3861 7001 3956 7001 3992 7001 3992 7002 3957 7002 3993 7002 3956 7003 3957 7003 3992 7003 3993 7004 3958 7004 3994 7004 3957 7005 3958 7005 3993 7005 3994 7006 3959 7006 3995 7006 3958 7007 3959 7007 3994 7007 3995 7008 3960 7008 3996 7008 3959 7009 3960 7009 3995 7009 3996 7010 3961 7010 3997 7010 3997 7011 3961 7011 3998 7011 3960 7012 3961 7012 3996 7012 3961 7013 3962 7013 3998 7013 3962 7014 3963 7014 3998 7014 3998 7015 3963 7015 3999 7015 3999 7016 3964 7016 4000 7016 3963 7017 3964 7017 3999 7017 4000 7018 3965 7018 4001 7018 3964 7019 3965 7019 4000 7019 4001 7020 3967 7020 4002 7020 3965 7021 3967 7021 4001 7021 4002 7022 3968 7022 4003 7022 4003 7023 3968 7023 4004 7023 3967 7024 3968 7024 4002 7024 3968 7025 3969 7025 4004 7025 4004 7026 3971 7026 4005 7026 3969 7027 3971 7027 4004 7027 4005 7028 3972 7028 4006 7028 3971 7029 3972 7029 4005 7029 4006 7030 3973 7030 4007 7030 3972 7031 3973 7031 4006 7031 4007 7032 3974 7032 4008 7032 3973 7033 3974 7033 4007 7033 4008 7034 3975 7034 4009 7034 4009 7035 3975 7035 4010 7035 3974 7036 3975 7036 4008 7036 4010 7037 3976 7037 4011 7037 3975 7038 3976 7038 4010 7038 3976 7039 3977 7039 4011 7039 4011 7040 3978 7040 4012 7040 4012 7041 3978 7041 4013 7041 3977 7042 3978 7042 4011 7042 3978 7043 3979 7043 4013 7043 4013 7044 3980 7044 4014 7044 3979 7045 3980 7045 4013 7045 4014 7046 3981 7046 4015 7046 3980 7047 3981 7047 4014 7047 4015 7048 3983 7048 4016 7048 4016 7049 3983 7049 4017 7049 3981 7050 3983 7050 4015 7050 3983 7051 3984 7051 4017 7051 4017 7052 3985 7052 4018 7052 3984 7053 3985 7053 4017 7053 4018 7054 3986 7054 4019 7054 3985 7055 3986 7055 4018 7055 4019 7056 3987 7056 4020 7056 3986 7057 3987 7057 4019 7057 4020 7058 3988 7058 4021 7058 3987 7059 3988 7059 4020 7059 4021 7060 3989 7060 4022 7060 3988 7061 3989 7061 4021 7061 3989 7062 3990 7062 4022 7062 4022 7063 3990 7063 4023 7063 3990 7064 3991 7064 4023 7064 4023 7065 3991 7065 4024 7065 4024 7066 3991 7066 3899 7066 3991 7067 3897 7067 3899 7067 4025 7068 3859 7068 3861 7068 3992 7069 4025 7069 3861 7069 4026 7070 4025 7070 3992 7070 3993 7071 4026 7071 3992 7071 4027 7072 4026 7072 3993 7072 3994 7073 4027 7073 3993 7073 4028 7074 4027 7074 3994 7074 3995 7075 4028 7075 3994 7075 4029 7076 4028 7076 3995 7076 3996 7077 4029 7077 3995 7077 4030 7078 4029 7078 3996 7078 3997 7079 4030 7079 3996 7079 3997 7080 4031 7080 4030 7080 3998 7081 4032 7081 4031 7081 3998 7082 4031 7082 3997 7082 3999 7083 4033 7083 4032 7083 3999 7084 4032 7084 3998 7084 4000 7085 4033 7085 3999 7085 4000 7086 4034 7086 4033 7086 4001 7087 4034 7087 4000 7087 4001 7088 4035 7088 4034 7088 4002 7089 4035 7089 4001 7089 4002 7090 4036 7090 4035 7090 4003 7091 4037 7091 4036 7091 4003 7092 4036 7092 4002 7092 4004 7093 4038 7093 4037 7093 4004 7094 4037 7094 4003 7094 4005 7095 4039 7095 4038 7095 4005 7096 4038 7096 4004 7096 4006 7097 4040 7097 4039 7097 4006 7098 4039 7098 4005 7098 4007 7099 4041 7099 4040 7099 4007 7100 4040 7100 4006 7100 4008 7101 4042 7101 4041 7101 4008 7102 4041 7102 4007 7102 4043 7103 4042 7103 4008 7103 4009 7104 4043 7104 4008 7104 4044 7105 4043 7105 4009 7105 4010 7106 4044 7106 4009 7106 4045 7107 4044 7107 4010 7107 4011 7108 4045 7108 4010 7108 4046 7109 4045 7109 4011 7109 4012 7110 4047 7110 4046 7110 4012 7111 4046 7111 4011 7111 4013 7112 4048 7112 4047 7112 4013 7113 4047 7113 4012 7113 4014 7114 4049 7114 4048 7114 4014 7115 4048 7115 4013 7115 4015 7116 4050 7116 4049 7116 4015 7117 4049 7117 4014 7117 4016 7118 4051 7118 4050 7118 4016 7119 4050 7119 4015 7119 4017 7120 4052 7120 4051 7120 4017 7121 4051 7121 4016 7121 4018 7122 4053 7122 4052 7122 4018 7123 4052 7123 4017 7123 4019 7124 4054 7124 4053 7124 4019 7125 4053 7125 4018 7125 4020 7126 4054 7126 4019 7126 4020 7127 4055 7127 4054 7127 4021 7128 4056 7128 4055 7128 4021 7129 4055 7129 4020 7129 4022 7130 4057 7130 4056 7130 4022 7131 4056 7131 4021 7131 3899 7132 3898 7132 4058 7132 4023 7133 4057 7133 4022 7133 4023 7134 4059 7134 4057 7134 4024 7135 4058 7135 4059 7135 4024 7136 4059 7136 4023 7136 4024 7137 3899 7137 4058 7137 3860 7138 3859 7138 4025 7138 4060 7139 3860 7139 4025 7139 4061 7140 4025 7140 4026 7140 4061 7141 4060 7141 4025 7141 4062 7142 4026 7142 4027 7142 4062 7143 4061 7143 4026 7143 4063 7144 4027 7144 4028 7144 4063 7145 4062 7145 4027 7145 4064 7146 4028 7146 4029 7146 4064 7147 4063 7147 4028 7147 4065 7148 4064 7148 4029 7148 4065 7149 4029 7149 4030 7149 4066 7150 4065 7150 4030 7150 4066 7151 4030 7151 4031 7151 4067 7152 4066 7152 4031 7152 4067 7153 4031 7153 4032 7153 4068 7154 4067 7154 4032 7154 4068 7155 4032 7155 4033 7155 4069 7156 4068 7156 4033 7156 4069 7157 4033 7157 4034 7157 4070 7158 4069 7158 4034 7158 4070 7159 4034 7159 4035 7159 4071 7160 4070 7160 4035 7160 4071 7161 4035 7161 4036 7161 4072 7162 4071 7162 4036 7162 4072 7163 4036 7163 4037 7163 4073 7164 4072 7164 4037 7164 4073 7165 4037 7165 4038 7165 4074 7166 4073 7166 4038 7166 4074 7167 4038 7167 4039 7167 4075 7168 4074 7168 4039 7168 4075 7169 4039 7169 4040 7169 4076 7170 4075 7170 4040 7170 4076 7171 4041 7171 4042 7171 4076 7172 4040 7172 4041 7172 4077 7173 4076 7173 4042 7173 4078 7174 4042 7174 4043 7174 4078 7175 4077 7175 4042 7175 4079 7176 4043 7176 4044 7176 4079 7177 4078 7177 4043 7177 4080 7178 4079 7178 4044 7178 4080 7179 4044 7179 4045 7179 4081 7180 4045 7180 4046 7180 4081 7181 4080 7181 4045 7181 4082 7182 4081 7182 4046 7182 4082 7183 4047 7183 4048 7183 4082 7184 4046 7184 4047 7184 4083 7185 4082 7185 4048 7185 4084 7186 4048 7186 4049 7186 4084 7187 4083 7187 4048 7187 4085 7188 4049 7188 4050 7188 4085 7189 4084 7189 4049 7189 4086 7190 4051 7190 4052 7190 4086 7191 4050 7191 4051 7191 4086 7192 4085 7192 4050 7192 4087 7193 4086 7193 4052 7193 4088 7194 4052 7194 4053 7194 4088 7195 4087 7195 4052 7195 4089 7196 4053 7196 4054 7196 4089 7197 4088 7197 4053 7197 4090 7198 4089 7198 4054 7198 4090 7199 4054 7199 4055 7199 4091 7200 4090 7200 4055 7200 4091 7201 4056 7201 4057 7201 4091 7202 4055 7202 4056 7202 4092 7203 4091 7203 4057 7203 4093 7204 4092 7204 4057 7204 4093 7205 4057 7205 4059 7205 4094 7206 4093 7206 4059 7206 4094 7207 4058 7207 3898 7207 4094 7208 4059 7208 4058 7208 3900 7209 4094 7209 3898 7209 4095 7210 4096 7210 4097 7210 4098 7211 4096 7211 4095 7211 4098 7212 4099 7212 4096 7212 4100 7213 4095 7213 4097 7213 4100 7214 4097 7214 3865 7214 4101 7215 4102 7215 4099 7215 4101 7216 4099 7216 4098 7216 4103 7217 4100 7217 3865 7217 4104 7218 4102 7218 4101 7218 4104 7219 4105 7219 4102 7219 4106 7220 4103 7220 3865 7220 4107 7221 4108 7221 4105 7221 4107 7222 4105 7222 4104 7222 4109 7223 4106 7223 3865 7223 4110 7224 4108 7224 4107 7224 4110 7225 4111 7225 4108 7225 4112 7226 4109 7226 3865 7226 4113 7227 4111 7227 4110 7227 4113 7228 4114 7228 4111 7228 4115 7229 4112 7229 3865 7229 4116 7230 4117 7230 4114 7230 4116 7231 4114 7231 4113 7231 4118 7232 4115 7232 3865 7232 4119 7233 4120 7233 4117 7233 4119 7234 4117 7234 4116 7234 4121 7235 4118 7235 3865 7235 4122 7236 4123 7236 4120 7236 4122 7237 4120 7237 4119 7237 4124 7238 4121 7238 3865 7238 4125 7239 4126 7239 4123 7239 4125 7240 4123 7240 4122 7240 4127 7241 4124 7241 3865 7241 4128 7242 4129 7242 4126 7242 4128 7243 4126 7243 4125 7243 4130 7244 4127 7244 3865 7244 4131 7245 4132 7245 4129 7245 4131 7246 4129 7246 4128 7246 4133 7247 4130 7247 3865 7247 4134 7248 4135 7248 4132 7248 4134 7249 4132 7249 4131 7249 4136 7250 4133 7250 3865 7250 4137 7251 4135 7251 4134 7251 4137 7252 4138 7252 4135 7252 4139 7253 4136 7253 3865 7253 4140 7254 4141 7254 4138 7254 4140 7255 4138 7255 4137 7255 4142 7256 4139 7256 3865 7256 4143 7257 4141 7257 4140 7257 4143 7258 4144 7258 4141 7258 4143 7259 4145 7259 4144 7259 4146 7260 4145 7260 4143 7260 4146 7261 4147 7261 4145 7261 4148 7262 4147 7262 4146 7262 4148 7263 4149 7263 4147 7263 4150 7264 4149 7264 4148 7264 4150 7265 4151 7265 4149 7265 4152 7266 4153 7266 4151 7266 4152 7267 4151 7267 4150 7267 4154 7268 4155 7268 4153 7268 4154 7269 4153 7269 4152 7269 4156 7270 4155 7270 4154 7270 4156 7271 4157 7271 4155 7271 4158 7272 4157 7272 4156 7272 4158 7273 4159 7273 4157 7273 4160 7274 4159 7274 4158 7274 4160 7275 4161 7275 4159 7275 4162 7276 4161 7276 4160 7276 4162 7277 4163 7277 4161 7277 4164 7278 4163 7278 4162 7278 4164 7279 4165 7279 4163 7279 4166 7280 4167 7280 4165 7280 4166 7281 4165 7281 4164 7281 4168 7282 4167 7282 4166 7282 4168 7283 4169 7283 4167 7283 3860 7284 4170 7284 4142 7284 3860 7285 4171 7285 4170 7285 3860 7286 4172 7286 4171 7286 3860 7287 4173 7287 4172 7287 3860 7288 4174 7288 4173 7288 3860 7289 4175 7289 4174 7289 3860 7290 4176 7290 4175 7290 3860 7291 4177 7291 4176 7291 3860 7292 4178 7292 4177 7292 3860 7293 4179 7293 4178 7293 3860 7294 4180 7294 4179 7294 3860 7295 4181 7295 4180 7295 3860 7296 4142 7296 3865 7296 4182 7297 4181 7297 3860 7297 4183 7298 4169 7298 4168 7298 4183 7299 4184 7299 4169 7299 4185 7300 4182 7300 3860 7300 4186 7301 4184 7301 4183 7301 4187 7302 4184 7302 4186 7302 4188 7303 3860 7303 4060 7303 4188 7304 4185 7304 3860 7304 4189 7305 4187 7305 4186 7305 4190 7306 4188 7306 4060 7306 4061 7307 4190 7307 4060 7307 4191 7308 4187 7308 4189 7308 4192 7309 4191 7309 4189 7309 4193 7310 4190 7310 4061 7310 4062 7311 4193 7311 4061 7311 4194 7312 4192 7312 4195 7312 4194 7313 4191 7313 4192 7313 4196 7314 4193 7314 4062 7314 4063 7315 4196 7315 4062 7315 4063 7316 4197 7316 4196 7316 3903 7317 4194 7317 4195 7317 3903 7318 4198 7318 4199 7318 3903 7319 4195 7319 4198 7319 4200 7320 3903 7320 4199 7320 4064 7321 4197 7321 4063 7321 4064 7322 4201 7322 4197 7322 4202 7323 3903 7323 4200 7323 4203 7324 3903 7324 4202 7324 4065 7325 4201 7325 4064 7325 4065 7326 4204 7326 4201 7326 4205 7327 3903 7327 4203 7327 4066 7328 4204 7328 4065 7328 4066 7329 4206 7329 4204 7329 4207 7330 3903 7330 4205 7330 4208 7331 3903 7331 4207 7331 4067 7332 4206 7332 4066 7332 4067 7333 4209 7333 4206 7333 4210 7334 3903 7334 4208 7334 4211 7335 3903 7335 4210 7335 4068 7336 4209 7336 4067 7336 4068 7337 4212 7337 4209 7337 4213 7338 3903 7338 4211 7338 4214 7339 3903 7339 4213 7339 4069 7340 4212 7340 4068 7340 4069 7341 4215 7341 4212 7341 4216 7342 3903 7342 4214 7342 4217 7343 3903 7343 4216 7343 4070 7344 4215 7344 4069 7344 4070 7345 4218 7345 4215 7345 4071 7346 4218 7346 4070 7346 4071 7347 4219 7347 4218 7347 4072 7348 4219 7348 4071 7348 4072 7349 4220 7349 4219 7349 4073 7350 4220 7350 4072 7350 4073 7351 4221 7351 4220 7351 4074 7352 4221 7352 4073 7352 4074 7353 4222 7353 4221 7353 4075 7354 4222 7354 4074 7354 4075 7355 4223 7355 4222 7355 4076 7356 4223 7356 4075 7356 4076 7357 4224 7357 4223 7357 4077 7358 4224 7358 4076 7358 4078 7359 4224 7359 4077 7359 4078 7360 4225 7360 4224 7360 4079 7361 4225 7361 4078 7361 4079 7362 4226 7362 4225 7362 4080 7363 4226 7363 4079 7363 4080 7364 4227 7364 4226 7364 4081 7365 4227 7365 4080 7365 4081 7366 4228 7366 4227 7366 4082 7367 4228 7367 4081 7367 4082 7368 4229 7368 4228 7368 4083 7369 4229 7369 4082 7369 4083 7370 4230 7370 4229 7370 4084 7371 4230 7371 4083 7371 4084 7372 4231 7372 4230 7372 4085 7373 4231 7373 4084 7373 4085 7374 4232 7374 4231 7374 4086 7375 4232 7375 4085 7375 4086 7376 4233 7376 4232 7376 4087 7377 4233 7377 4086 7377 4087 7378 4234 7378 4233 7378 4088 7379 4234 7379 4087 7379 4088 7380 4235 7380 4234 7380 4089 7381 4235 7381 4088 7381 4089 7382 4236 7382 4235 7382 4090 7383 4236 7383 4089 7383 4090 7384 4237 7384 4236 7384 3900 7385 4238 7385 4239 7385 3900 7386 4240 7386 4238 7386 3900 7387 4241 7387 4240 7387 3900 7388 4242 7388 4241 7388 3900 7389 4243 7389 4242 7389 3900 7390 4244 7390 4245 7390 3900 7391 4246 7391 4244 7391 3900 7392 4247 7392 4246 7392 3900 7393 4248 7393 4247 7393 3900 7394 4249 7394 4248 7394 3900 7395 4250 7395 4249 7395 3900 7396 4251 7396 4250 7396 3900 7397 4252 7397 4251 7397 3900 7398 4239 7398 4252 7398 4091 7399 4237 7399 4090 7399 4091 7400 4253 7400 4237 7400 4094 7401 4245 7401 4254 7401 4094 7402 3900 7402 4245 7402 4092 7403 4255 7403 4253 7403 4092 7404 4253 7404 4091 7404 4093 7405 4094 7405 4254 7405 4093 7406 4254 7406 4255 7406 4093 7407 4255 7407 4092 7407 3900 7408 3903 7408 4243 7408 4243 7409 3903 7409 4217 7409 3903 7410 3902 7410 4256 7410 4194 7411 3903 7411 4256 7411 4191 7412 4256 7412 4257 7412 4191 7413 4194 7413 4256 7413 4187 7414 4257 7414 4258 7414 4187 7415 4191 7415 4257 7415 4184 7416 4258 7416 4259 7416 4184 7417 4187 7417 4258 7417 4169 7418 4259 7418 4260 7418 4169 7419 4184 7419 4259 7419 4167 7420 4169 7420 4260 7420 4167 7421 4260 7421 4261 7421 4165 7422 4167 7422 4261 7422 4165 7423 4261 7423 4262 7423 4163 7424 4165 7424 4262 7424 4163 7425 4262 7425 4263 7425 4161 7426 4163 7426 4263 7426 4161 7427 4263 7427 4264 7427 4159 7428 4161 7428 4264 7428 4159 7429 4264 7429 4265 7429 4157 7430 4159 7430 4265 7430 4157 7431 4265 7431 4266 7431 4155 7432 4157 7432 4266 7432 4155 7433 4266 7433 4267 7433 4153 7434 4155 7434 4267 7434 4153 7435 4267 7435 4268 7435 4151 7436 4153 7436 4268 7436 4151 7437 4268 7437 4269 7437 4149 7438 4151 7438 4269 7438 4149 7439 4269 7439 4270 7439 4147 7440 4149 7440 4270 7440 4147 7441 4270 7441 4271 7441 4145 7442 4147 7442 4271 7442 4145 7443 4271 7443 4272 7443 4144 7444 4145 7444 4272 7444 4144 7445 4272 7445 4273 7445 4141 7446 4273 7446 4274 7446 4141 7447 4144 7447 4273 7447 4138 7448 4274 7448 4275 7448 4138 7449 4141 7449 4274 7449 4135 7450 4138 7450 4275 7450 4135 7451 4276 7451 4277 7451 4135 7452 4275 7452 4276 7452 4132 7453 4135 7453 4277 7453 4129 7454 4277 7454 4278 7454 4129 7455 4132 7455 4277 7455 4126 7456 4278 7456 4279 7456 4126 7457 4129 7457 4278 7457 4123 7458 4279 7458 4280 7458 4123 7459 4126 7459 4279 7459 4120 7460 4280 7460 4281 7460 4120 7461 4123 7461 4280 7461 4117 7462 4281 7462 4282 7462 4117 7463 4120 7463 4281 7463 4114 7464 4282 7464 4283 7464 4114 7465 4117 7465 4282 7465 4111 7466 4283 7466 4284 7466 4111 7467 4114 7467 4283 7467 4108 7468 4284 7468 4285 7468 4108 7469 4111 7469 4284 7469 4105 7470 4108 7470 4285 7470 4105 7471 4285 7471 4286 7471 4102 7472 4105 7472 4286 7472 4102 7473 4286 7473 4287 7473 4099 7474 4102 7474 4287 7474 4099 7475 4287 7475 4288 7475 4096 7476 4099 7476 4288 7476 4096 7477 4288 7477 4289 7477 4097 7478 4096 7478 4289 7478 4097 7479 4289 7479 4290 7479 3865 7480 4097 7480 4290 7480 3865 7481 4290 7481 3864 7481 4289 7482 4291 7482 4292 7482 4288 7483 4293 7483 4291 7483 4288 7484 4291 7484 4289 7484 4290 7485 4292 7485 3862 7485 4290 7486 4289 7486 4292 7486 4287 7487 4294 7487 4293 7487 4287 7488 4293 7488 4288 7488 3864 7489 4290 7489 3862 7489 4286 7490 4295 7490 4294 7490 4286 7491 4294 7491 4287 7491 4285 7492 4296 7492 4295 7492 4285 7493 4295 7493 4286 7493 4284 7494 4296 7494 4285 7494 4284 7495 4297 7495 4296 7495 4283 7496 4297 7496 4284 7496 4283 7497 4298 7497 4297 7497 4282 7498 4299 7498 4298 7498 4282 7499 4298 7499 4283 7499 4281 7500 4299 7500 4282 7500 4281 7501 4300 7501 4299 7501 4280 7502 4300 7502 4281 7502 4280 7503 4301 7503 4300 7503 4279 7504 4301 7504 4280 7504 4279 7505 4302 7505 4301 7505 4278 7506 4303 7506 4302 7506 4278 7507 4302 7507 4279 7507 4277 7508 4303 7508 4278 7508 4304 7509 4303 7509 4277 7509 4276 7510 4304 7510 4277 7510 4305 7511 4304 7511 4276 7511 4275 7512 4305 7512 4276 7512 4306 7513 4305 7513 4275 7513 4274 7514 4306 7514 4275 7514 4307 7515 4306 7515 4274 7515 4273 7516 4307 7516 4274 7516 4272 7517 4308 7517 4307 7517 4272 7518 4307 7518 4273 7518 4271 7519 4309 7519 4308 7519 4271 7520 4308 7520 4272 7520 4270 7521 4310 7521 4309 7521 4270 7522 4309 7522 4271 7522 4269 7523 4311 7523 4310 7523 4269 7524 4310 7524 4270 7524 4268 7525 4312 7525 4311 7525 4268 7526 4311 7526 4269 7526 4267 7527 4313 7527 4312 7527 4267 7528 4312 7528 4268 7528 4266 7529 4314 7529 4313 7529 4266 7530 4313 7530 4267 7530 4265 7531 4315 7531 4314 7531 4265 7532 4314 7532 4266 7532 4264 7533 4316 7533 4315 7533 4264 7534 4315 7534 4265 7534 4263 7535 4317 7535 4316 7535 4263 7536 4316 7536 4264 7536 4262 7537 4318 7537 4317 7537 4262 7538 4317 7538 4263 7538 4261 7539 4318 7539 4262 7539 4319 7540 4318 7540 4261 7540 4260 7541 4319 7541 4261 7541 4320 7542 4319 7542 4260 7542 4259 7543 4320 7543 4260 7543 4321 7544 4320 7544 4259 7544 4258 7545 4321 7545 4259 7545 4322 7546 4321 7546 4258 7546 4257 7547 4322 7547 4258 7547 4323 7548 4322 7548 4257 7548 4256 7549 4323 7549 4257 7549 3904 7550 4323 7550 4256 7550 3902 7551 3904 7551 4256 7551 3901 7552 3955 7552 3904 7552 3904 7553 3955 7553 4323 7553 4323 7554 3954 7554 4322 7554 3955 7555 3954 7555 4323 7555 4322 7556 3953 7556 4321 7556 3954 7557 3953 7557 4322 7557 4321 7558 3952 7558 4320 7558 3953 7559 3952 7559 4321 7559 4320 7560 3951 7560 4319 7560 3952 7561 3951 7561 4320 7561 4319 7562 3950 7562 4318 7562 3951 7563 3950 7563 4319 7563 4318 7564 3949 7564 4317 7564 3950 7565 3949 7565 4318 7565 3949 7566 3948 7566 4317 7566 4317 7567 3948 7567 4316 7567 4316 7568 3947 7568 4315 7568 3948 7569 3947 7569 4316 7569 4315 7570 3945 7570 4314 7570 3947 7571 3945 7571 4315 7571 4314 7572 3944 7572 4313 7572 3945 7573 3944 7573 4314 7573 4313 7574 3943 7574 4312 7574 3944 7575 3943 7575 4313 7575 4312 7576 3941 7576 4311 7576 3943 7577 3941 7577 4312 7577 4311 7578 3940 7578 4310 7578 3941 7579 3940 7579 4311 7579 4310 7580 3939 7580 4309 7580 3940 7581 3939 7581 4310 7581 4309 7582 3938 7582 4308 7582 4308 7583 3938 7583 4307 7583 3939 7584 3938 7584 4309 7584 3938 7585 3937 7585 4307 7585 4307 7586 3936 7586 4306 7586 3937 7587 3936 7587 4307 7587 4306 7588 3935 7588 4305 7588 3936 7589 3935 7589 4306 7589 4305 7590 3934 7590 4304 7590 3935 7591 3934 7591 4305 7591 4304 7592 3933 7592 4303 7592 4303 7593 3933 7593 4302 7593 3934 7594 3933 7594 4304 7594 3933 7595 3932 7595 4302 7595 4302 7596 3931 7596 4301 7596 3932 7597 3931 7597 4302 7597 4301 7598 3930 7598 4300 7598 3931 7599 3930 7599 4301 7599 4300 7600 3929 7600 4299 7600 3930 7601 3929 7601 4300 7601 4299 7602 3928 7602 4298 7602 3929 7603 3928 7603 4299 7603 4298 7604 3927 7604 4297 7604 4297 7605 3927 7605 4296 7605 3928 7606 3927 7606 4298 7606 3927 7607 3926 7607 4296 7607 4296 7608 3925 7608 4295 7608 3926 7609 3925 7609 4296 7609 4295 7610 3924 7610 4294 7610 3925 7611 3924 7611 4295 7611 4294 7612 3923 7612 4293 7612 3924 7613 3923 7613 4294 7613 3923 7614 3921 7614 4293 7614 4293 7615 3921 7615 4291 7615 4291 7616 3921 7616 4292 7616 3921 7617 3922 7617 4292 7617 4292 7618 3922 7618 3862 7618 3922 7619 3863 7619 3862 7619 4324 7620 4225 7620 4325 7620 4224 7621 4225 7621 4324 7621 4325 7622 4226 7622 4326 7622 4225 7623 4226 7623 4325 7623 4326 7624 4227 7624 4327 7624 4226 7625 4227 7625 4326 7625 4327 7626 4228 7626 4328 7626 4227 7627 4228 7627 4327 7627 4328 7628 4229 7628 4329 7628 4228 7629 4229 7629 4328 7629 4329 7630 4230 7630 4330 7630 4229 7631 4230 7631 4329 7631 4330 7632 4231 7632 4331 7632 4230 7633 4231 7633 4330 7633 4331 7634 4232 7634 4332 7634 4332 7635 4232 7635 4333 7635 4231 7636 4232 7636 4331 7636 4232 7637 4233 7637 4333 7637 4333 7638 4234 7638 4334 7638 4233 7639 4234 7639 4333 7639 4234 7640 4235 7640 4334 7640 4334 7641 4235 7641 4335 7641 4235 7642 4236 7642 4335 7642 4335 7643 4236 7643 4336 7643 4236 7644 4237 7644 4336 7644 4336 7645 4237 7645 4337 7645 4337 7646 4253 7646 4338 7646 4237 7647 4253 7647 4337 7647 4338 7648 4255 7648 4339 7648 4253 7649 4255 7649 4338 7649 4339 7650 4254 7650 4340 7650 4255 7651 4254 7651 4339 7651 4340 7652 4245 7652 4341 7652 4254 7653 4245 7653 4340 7653 4341 7654 4244 7654 4342 7654 4245 7655 4244 7655 4341 7655 4342 7656 4246 7656 4343 7656 4244 7657 4246 7657 4342 7657 4343 7658 4247 7658 4344 7658 4246 7659 4247 7659 4343 7659 4344 7660 4248 7660 4345 7660 4345 7661 4248 7661 4346 7661 4247 7662 4248 7662 4344 7662 4346 7663 4249 7663 4347 7663 4248 7664 4249 7664 4346 7664 4347 7665 4250 7665 4348 7665 4249 7666 4250 7666 4347 7666 4250 7667 4251 7667 4348 7667 4348 7668 4252 7668 4349 7668 4251 7669 4252 7669 4348 7669 4349 7670 4239 7670 4350 7670 4252 7671 4239 7671 4349 7671 4350 7672 4238 7672 4351 7672 4239 7673 4238 7673 4350 7673 4351 7674 4240 7674 4352 7674 4238 7675 4240 7675 4351 7675 4352 7676 4241 7676 4353 7676 4240 7677 4241 7677 4352 7677 4353 7678 4242 7678 4354 7678 4241 7679 4242 7679 4353 7679 4354 7680 4243 7680 4355 7680 4242 7681 4243 7681 4354 7681 4355 7682 4217 7682 4356 7682 4356 7683 4217 7683 4357 7683 4243 7684 4217 7684 4355 7684 4217 7685 4216 7685 4357 7685 4357 7686 4214 7686 4358 7686 4216 7687 4214 7687 4357 7687 4358 7688 4213 7688 4359 7688 4214 7689 4213 7689 4358 7689 4359 7690 4211 7690 4360 7690 4213 7691 4211 7691 4359 7691 4360 7692 4210 7692 4361 7692 4211 7693 4210 7693 4360 7693 4210 7694 4208 7694 4361 7694 4361 7695 4208 7695 4362 7695 4208 7696 4207 7696 4362 7696 4362 7697 4207 7697 4363 7697 4207 7698 4205 7698 4363 7698 4363 7699 4205 7699 4364 7699 4364 7700 4205 7700 4365 7700 4205 7701 4203 7701 4365 7701 4365 7702 4203 7702 4366 7702 4203 7703 4202 7703 4366 7703 4202 7704 4200 7704 4366 7704 4366 7705 4200 7705 4367 7705 4200 7706 4199 7706 4367 7706 4367 7707 4199 7707 4368 7707 4199 7708 4198 7708 4368 7708 4368 7709 4198 7709 4369 7709 4198 7710 4195 7710 4369 7710 4369 7711 4195 7711 4370 7711 4195 7712 4192 7712 4370 7712 4370 7713 4192 7713 4371 7713 4371 7714 4192 7714 4372 7714 4372 7715 4189 7715 4373 7715 4192 7716 4189 7716 4372 7716 4373 7717 4186 7717 4374 7717 4189 7718 4186 7718 4373 7718 4186 7719 4183 7719 4374 7719 4374 7720 4168 7720 4375 7720 4183 7721 4168 7721 4374 7721 4375 7722 4166 7722 4376 7722 4376 7723 4166 7723 4377 7723 4168 7724 4166 7724 4375 7724 4377 7725 4164 7725 4378 7725 4166 7726 4164 7726 4377 7726 4164 7727 4162 7727 4378 7727 4378 7728 4160 7728 4379 7728 4162 7729 4160 7729 4378 7729 4379 7730 4158 7730 4380 7730 4380 7731 4158 7731 4381 7731 4160 7732 4158 7732 4379 7732 4158 7733 4156 7733 4381 7733 4381 7734 4154 7734 4382 7734 4156 7735 4154 7735 4381 7735 4382 7736 4152 7736 4383 7736 4383 7737 4152 7737 4384 7737 4154 7738 4152 7738 4382 7738 4152 7739 4150 7739 4384 7739 4384 7740 4148 7740 4385 7740 4150 7741 4148 7741 4384 7741 4148 7742 4146 7742 4385 7742 4385 7743 4146 7743 4386 7743 4386 7744 4146 7744 4387 7744 4146 7745 4143 7745 4387 7745 4143 7746 4140 7746 4387 7746 4387 7747 4140 7747 4388 7747 4388 7748 4140 7748 4389 7748 4140 7749 4137 7749 4389 7749 4137 7750 4134 7750 4389 7750 4389 7751 4134 7751 4390 7751 4134 7752 4131 7752 4390 7752 4390 7753 4131 7753 4391 7753 4131 7754 4128 7754 4391 7754 4391 7755 4128 7755 4392 7755 4128 7756 4125 7756 4392 7756 4392 7757 4125 7757 4393 7757 4393 7758 4125 7758 4394 7758 4125 7759 4122 7759 4394 7759 4122 7760 4119 7760 4394 7760 4394 7761 4119 7761 4395 7761 4395 7762 4119 7762 4396 7762 4119 7763 4116 7763 4396 7763 4116 7764 4113 7764 4396 7764 4396 7765 4113 7765 4397 7765 4113 7766 4110 7766 4397 7766 4397 7767 4110 7767 4398 7767 4110 7768 4107 7768 4398 7768 4398 7769 4107 7769 4399 7769 4107 7770 4104 7770 4399 7770 4399 7771 4104 7771 4400 7771 4400 7772 4104 7772 4401 7772 4104 7773 4101 7773 4401 7773 4101 7774 4098 7774 4401 7774 4401 7775 4098 7775 4402 7775 4402 7776 4098 7776 4403 7776 4098 7777 4095 7777 4403 7777 4095 7778 4100 7778 4403 7778 4403 7779 4100 7779 4404 7779 4100 7780 4103 7780 4404 7780 4404 7781 4103 7781 4405 7781 4103 7782 4106 7782 4405 7782 4405 7783 4106 7783 4406 7783 4406 7784 4109 7784 4407 7784 4106 7785 4109 7785 4406 7785 4407 7786 4112 7786 4408 7786 4109 7787 4112 7787 4407 7787 4408 7788 4115 7788 4409 7788 4112 7789 4115 7789 4408 7789 4409 7790 4118 7790 4410 7790 4115 7791 4118 7791 4409 7791 4118 7792 4121 7792 4410 7792 4410 7793 4121 7793 4411 7793 4121 7794 4124 7794 4411 7794 4411 7795 4124 7795 4412 7795 4124 7796 4127 7796 4412 7796 4412 7797 4127 7797 4413 7797 4127 7798 4130 7798 4413 7798 4413 7799 4130 7799 4414 7799 4130 7800 4133 7800 4414 7800 4414 7801 4133 7801 4415 7801 4133 7802 4136 7802 4415 7802 4415 7803 4136 7803 4416 7803 4136 7804 4139 7804 4416 7804 4416 7805 4139 7805 4417 7805 4417 7806 4139 7806 4418 7806 4139 7807 4142 7807 4418 7807 4418 7808 4142 7808 4419 7808 4142 7809 4170 7809 4419 7809 4170 7810 4171 7810 4419 7810 4419 7811 4171 7811 4420 7811 4171 7812 4172 7812 4420 7812 4420 7813 4172 7813 4421 7813 4421 7814 4172 7814 4422 7814 4172 7815 4173 7815 4422 7815 4173 7816 4174 7816 4422 7816 4422 7817 4174 7817 4423 7817 4424 7818 4175 7818 4425 7818 4174 7819 4175 7819 4423 7819 4423 7820 4175 7820 4424 7820 4175 7821 4176 7821 4425 7821 4425 7822 4177 7822 4426 7822 4426 7823 4177 7823 4427 7823 4176 7824 4177 7824 4425 7824 4427 7825 4178 7825 4428 7825 4177 7826 4178 7826 4427 7826 4178 7827 4179 7827 4428 7827 4428 7828 4180 7828 4429 7828 4429 7829 4180 7829 4430 7829 4179 7830 4180 7830 4428 7830 4180 7831 4181 7831 4430 7831 4430 7832 4182 7832 4431 7832 4181 7833 4182 7833 4430 7833 4431 7834 4185 7834 4432 7834 4432 7835 4185 7835 4433 7835 4182 7836 4185 7836 4431 7836 4185 7837 4188 7837 4433 7837 4433 7838 4190 7838 4434 7838 4188 7839 4190 7839 4433 7839 4434 7840 4193 7840 4435 7840 4190 7841 4193 7841 4434 7841 4193 7842 4196 7842 4435 7842 4435 7843 4196 7843 4436 7843 4196 7844 4197 7844 4436 7844 4436 7845 4197 7845 4437 7845 4197 7846 4201 7846 4437 7846 4437 7847 4201 7847 4438 7847 4438 7848 4204 7848 4439 7848 4201 7849 4204 7849 4438 7849 4204 7850 4206 7850 4439 7850 4439 7851 4206 7851 4440 7851 4440 7852 4209 7852 4441 7852 4206 7853 4209 7853 4440 7853 4441 7854 4212 7854 4442 7854 4209 7855 4212 7855 4441 7855 4442 7856 4215 7856 4443 7856 4212 7857 4215 7857 4442 7857 4443 7858 4218 7858 4444 7858 4215 7859 4218 7859 4443 7859 4444 7860 4219 7860 4445 7860 4218 7861 4219 7861 4444 7861 4445 7862 4220 7862 4446 7862 4219 7863 4220 7863 4445 7863 4446 7864 4221 7864 4447 7864 4220 7865 4221 7865 4446 7865 4447 7866 4222 7866 4448 7866 4448 7867 4222 7867 4449 7867 4221 7868 4222 7868 4447 7868 4222 7869 4223 7869 4449 7869 4449 7870 4224 7870 4324 7870 4223 7871 4224 7871 4449 7871 4450 7872 4403 7872 4451 7872 4450 7873 4401 7873 4402 7873 4450 7874 4402 7874 4403 7874 4452 7875 4451 7875 4403 7875 4452 7876 4403 7876 4404 7876 4453 7877 4401 7877 4450 7877 4454 7878 4404 7878 4405 7878 4454 7879 4452 7879 4404 7879 4455 7880 4401 7880 4453 7880 4455 7881 4400 7881 4401 7881 4456 7882 4454 7882 4405 7882 4456 7883 4405 7883 4406 7883 4457 7884 4400 7884 4455 7884 4457 7885 4399 7885 4400 7885 4458 7886 4456 7886 4406 7886 4458 7887 4406 7887 4407 7887 4459 7888 4399 7888 4457 7888 4459 7889 4398 7889 4399 7889 4460 7890 4458 7890 4407 7890 4460 7891 4407 7891 4408 7891 4461 7892 4398 7892 4459 7892 4461 7893 4397 7893 4398 7893 4462 7894 4460 7894 4408 7894 4462 7895 4408 7895 4409 7895 4462 7896 4409 7896 4410 7896 4463 7897 4397 7897 4461 7897 4463 7898 4396 7898 4397 7898 4464 7899 4462 7899 4410 7899 4465 7900 4396 7900 4463 7900 4465 7901 4395 7901 4396 7901 4466 7902 4464 7902 4410 7902 4466 7903 4410 7903 4411 7903 4467 7904 4395 7904 4465 7904 4467 7905 4394 7905 4395 7905 4468 7906 4466 7906 4411 7906 4468 7907 4411 7907 4412 7907 4468 7908 4412 7908 4413 7908 4469 7909 4394 7909 4467 7909 4469 7910 4393 7910 4394 7910 4470 7911 4468 7911 4413 7911 4470 7912 4413 7912 4414 7912 4471 7913 4393 7913 4469 7913 4471 7914 4392 7914 4393 7914 4472 7915 4470 7915 4414 7915 4473 7916 4392 7916 4471 7916 4473 7917 4391 7917 4392 7917 4474 7918 4472 7918 4414 7918 4474 7919 4414 7919 4415 7919 4474 7920 4415 7920 4416 7920 4475 7921 4391 7921 4473 7921 4475 7922 4390 7922 4391 7922 4476 7923 4474 7923 4416 7923 4477 7924 4388 7924 4389 7924 4477 7925 4389 7925 4390 7925 4477 7926 4390 7926 4475 7926 4478 7927 4476 7927 4416 7927 4478 7928 4416 7928 4417 7928 4479 7929 4388 7929 4477 7929 4479 7930 4387 7930 4388 7930 4480 7931 4478 7931 4417 7931 4480 7932 4417 7932 4418 7932 4480 7933 4418 7933 4419 7933 4481 7934 4387 7934 4479 7934 4482 7935 4480 7935 4419 7935 4483 7936 4385 7936 4386 7936 4483 7937 4386 7937 4387 7937 4483 7938 4387 7938 4481 7938 4484 7939 4482 7939 4419 7939 4484 7940 4419 7940 4420 7940 4485 7941 4384 7941 4385 7941 4485 7942 4385 7942 4483 7942 4486 7943 4420 7943 4421 7943 4486 7944 4484 7944 4420 7944 4487 7945 4384 7945 4485 7945 4488 7946 4486 7946 4421 7946 4488 7947 4421 7947 4422 7947 4489 7948 4383 7948 4384 7948 4489 7949 4384 7949 4487 7949 4490 7950 4488 7950 4422 7950 4490 7951 4422 7951 4423 7951 4491 7952 4383 7952 4489 7952 4491 7953 4382 7953 4383 7953 4492 7954 4424 7954 4425 7954 4492 7955 4490 7955 4423 7955 4492 7956 4423 7956 4424 7956 4493 7957 4382 7957 4491 7957 4493 7958 4381 7958 4382 7958 4494 7959 4492 7959 4425 7959 4495 7960 4381 7960 4493 7960 4495 7961 4380 7961 4381 7961 4496 7962 4425 7962 4426 7962 4496 7963 4494 7963 4425 7963 4497 7964 4380 7964 4495 7964 4497 7965 4379 7965 4380 7965 4498 7966 4426 7966 4427 7966 4498 7967 4496 7967 4426 7967 4428 7968 4498 7968 4427 7968 4499 7969 4379 7969 4497 7969 4499 7970 4378 7970 4379 7970 4377 7971 4378 7971 4499 7971 4500 7972 4498 7972 4428 7972 4429 7973 4500 7973 4428 7973 4501 7974 4377 7974 4499 7974 4502 7975 4500 7975 4429 7975 4503 7976 4376 7976 4377 7976 4503 7977 4377 7977 4501 7977 4504 7978 4429 7978 4430 7978 4504 7979 4502 7979 4429 7979 4505 7980 4375 7980 4376 7980 4505 7981 4376 7981 4503 7981 4506 7982 4430 7982 4431 7982 4506 7983 4504 7983 4430 7983 4374 7984 4375 7984 4505 7984 4507 7985 4374 7985 4505 7985 4508 7986 4431 7986 4432 7986 4508 7987 4506 7987 4431 7987 4373 7988 4374 7988 4507 7988 4509 7989 4373 7989 4507 7989 4433 7990 4508 7990 4432 7990 4510 7991 4508 7991 4433 7991 4511 7992 4372 7992 4373 7992 4511 7993 4373 7993 4509 7993 4434 7994 4510 7994 4433 7994 4512 7995 4510 7995 4434 7995 4371 7996 4511 7996 4513 7996 4371 7997 4372 7997 4511 7997 4514 7998 4512 7998 4434 7998 4435 7999 4514 7999 4434 7999 4370 8000 4371 8000 4513 8000 4370 8001 4513 8001 4515 8001 4436 8002 4514 8002 4435 8002 4436 8003 4516 8003 4514 8003 4517 8004 4370 8004 4515 8004 4369 8005 4370 8005 4517 8005 4437 8006 4516 8006 4436 8006 4437 8007 4518 8007 4516 8007 4519 8008 4369 8008 4517 8008 4368 8009 4369 8009 4519 8009 4438 8010 4518 8010 4437 8010 4438 8011 4520 8011 4518 8011 4367 8012 4368 8012 4519 8012 4367 8013 4519 8013 4521 8013 4439 8014 4520 8014 4438 8014 4439 8015 4522 8015 4520 8015 4366 8016 4367 8016 4521 8016 4366 8017 4521 8017 4523 8017 4440 8018 4522 8018 4439 8018 4440 8019 4524 8019 4522 8019 4525 8020 4524 8020 4440 8020 4365 8021 4366 8021 4523 8021 4365 8022 4523 8022 4526 8022 4527 8023 4365 8023 4526 8023 4441 8024 4525 8024 4440 8024 4364 8025 4365 8025 4527 8025 4528 8026 4364 8026 4527 8026 4442 8027 4529 8027 4525 8027 4442 8028 4525 8028 4441 8028 4363 8029 4364 8029 4528 8029 4443 8030 4530 8030 4529 8030 4443 8031 4529 8031 4442 8031 4362 8032 4531 8032 4532 8032 4362 8033 4528 8033 4531 8033 4362 8034 4363 8034 4528 8034 4444 8035 4533 8035 4530 8035 4444 8036 4530 8036 4443 8036 4361 8037 4362 8037 4532 8037 4445 8038 4534 8038 4533 8038 4445 8039 4533 8039 4444 8039 4360 8040 4535 8040 4536 8040 4360 8041 4532 8041 4535 8041 4360 8042 4361 8042 4532 8042 4446 8043 4537 8043 4534 8043 4446 8044 4534 8044 4445 8044 4359 8045 4360 8045 4536 8045 4447 8046 4538 8046 4537 8046 4447 8047 4537 8047 4446 8047 4358 8048 4359 8048 4536 8048 4358 8049 4536 8049 4539 8049 4448 8050 4538 8050 4447 8050 4448 8051 4540 8051 4538 8051 4357 8052 4358 8052 4539 8052 4357 8053 4539 8053 4541 8053 4449 8054 4542 8054 4540 8054 4449 8055 4540 8055 4448 8055 4356 8056 4357 8056 4541 8056 4356 8057 4543 8057 4544 8057 4356 8058 4541 8058 4543 8058 4324 8059 4542 8059 4449 8059 4324 8060 4545 8060 4542 8060 4355 8061 4356 8061 4544 8061 4325 8062 4545 8062 4324 8062 4325 8063 4546 8063 4545 8063 4354 8064 4355 8064 4544 8064 4354 8065 4544 8065 4547 8065 4326 8066 4546 8066 4325 8066 4326 8067 4548 8067 4546 8067 4353 8068 4547 8068 4549 8068 4353 8069 4354 8069 4547 8069 4327 8070 4550 8070 4548 8070 4327 8071 4551 8071 4550 8071 4327 8072 4548 8072 4326 8072 4352 8073 4549 8073 4552 8073 4352 8074 4353 8074 4549 8074 4328 8075 4551 8075 4327 8075 4328 8076 4553 8076 4551 8076 4351 8077 4554 8077 4555 8077 4351 8078 4552 8078 4554 8078 4351 8079 4352 8079 4552 8079 4329 8080 4556 8080 4553 8080 4329 8081 4553 8081 4328 8081 4350 8082 4351 8082 4555 8082 4330 8083 4556 8083 4329 8083 4349 8084 4350 8084 4555 8084 4349 8085 4557 8085 4558 8085 4349 8086 4555 8086 4557 8086 4331 8087 4559 8087 4556 8087 4331 8088 4556 8088 4330 8088 4348 8089 4349 8089 4558 8089 4332 8090 4559 8090 4331 8090 4332 8091 4560 8091 4559 8091 4347 8092 4348 8092 4558 8092 4347 8093 4558 8093 4561 8093 4333 8094 4560 8094 4332 8094 4333 8095 4562 8095 4560 8095 4346 8096 4347 8096 4561 8096 4346 8097 4563 8097 4564 8097 4346 8098 4561 8098 4563 8098 4334 8099 4562 8099 4333 8099 4334 8100 4565 8100 4562 8100 4334 8101 4566 8101 4565 8101 4345 8102 4346 8102 4564 8102 4335 8103 4566 8103 4334 8103 4344 8104 4345 8104 4564 8104 4344 8105 4567 8105 4568 8105 4344 8106 4564 8106 4567 8106 4336 8107 4566 8107 4335 8107 4336 8108 4569 8108 4566 8108 4343 8109 4344 8109 4568 8109 4337 8110 4570 8110 4569 8110 4337 8111 4569 8111 4336 8111 4342 8112 4343 8112 4568 8112 4342 8113 4568 8113 4571 8113 4338 8114 4572 8114 4570 8114 4338 8115 4570 8115 4337 8115 4341 8116 4573 8116 4574 8116 4341 8117 4571 8117 4573 8117 4341 8118 4342 8118 4571 8118 4339 8119 4575 8119 4572 8119 4339 8120 4572 8120 4338 8120 4339 8121 4574 8121 4575 8121 4340 8122 4341 8122 4574 8122 4340 8123 4574 8123 4339 8123 4576 8124 4546 8124 4577 8124 4545 8125 4546 8125 4576 8125 4577 8126 4548 8126 4578 8126 4546 8127 4548 8127 4577 8127 4578 8128 4550 8128 4579 8128 4548 8129 4550 8129 4578 8129 4579 8130 4551 8130 4580 8130 4550 8131 4551 8131 4579 8131 4580 8132 4553 8132 4581 8132 4551 8133 4553 8133 4580 8133 4581 8134 4556 8134 4582 8134 4553 8135 4556 8135 4581 8135 4582 8136 4559 8136 4583 8136 4556 8137 4559 8137 4582 8137 4583 8138 4560 8138 4584 8138 4559 8139 4560 8139 4583 8139 4584 8140 4562 8140 4585 8140 4560 8141 4562 8141 4584 8141 4585 8142 4565 8142 4586 8142 4562 8143 4565 8143 4585 8143 4565 8144 4566 8144 4586 8144 4586 8145 4566 8145 4587 8145 4566 8146 4569 8146 4587 8146 4587 8147 4569 8147 4588 8147 4569 8148 4570 8148 4588 8148 4588 8149 4570 8149 4589 8149 4589 8150 4572 8150 4590 8150 4570 8151 4572 8151 4589 8151 4590 8152 4575 8152 4591 8152 4572 8153 4575 8153 4590 8153 4591 8154 4574 8154 4592 8154 4592 8155 4574 8155 4593 8155 4575 8156 4574 8156 4591 8156 4593 8157 4573 8157 4594 8157 4574 8158 4573 8158 4593 8158 4573 8159 4571 8159 4594 8159 4571 8160 4568 8160 4594 8160 4594 8161 4568 8161 4595 8161 4595 8162 4567 8162 4596 8162 4596 8163 4567 8163 4597 8163 4568 8164 4567 8164 4595 8164 4567 8165 4564 8165 4597 8165 4597 8166 4563 8166 4598 8166 4564 8167 4563 8167 4597 8167 4598 8168 4561 8168 4599 8168 4599 8169 4561 8169 4600 8169 4563 8170 4561 8170 4598 8170 4561 8171 4558 8171 4600 8171 4600 8172 4557 8172 4601 8172 4558 8173 4557 8173 4600 8173 4601 8174 4555 8174 4602 8174 4602 8175 4555 8175 4603 8175 4557 8176 4555 8176 4601 8176 4555 8177 4554 8177 4603 8177 4603 8178 4552 8178 4604 8178 4554 8179 4552 8179 4603 8179 4604 8180 4549 8180 4605 8180 4552 8181 4549 8181 4604 8181 4605 8182 4547 8182 4606 8182 4549 8183 4547 8183 4605 8183 4606 8184 4544 8184 4607 8184 4547 8185 4544 8185 4606 8185 4607 8186 4543 8186 4608 8186 4544 8187 4543 8187 4607 8187 4608 8188 4541 8188 4609 8188 4543 8189 4541 8189 4608 8189 4609 8190 4539 8190 4610 8190 4541 8191 4539 8191 4609 8191 4610 8192 4536 8192 4611 8192 4611 8193 4536 8193 4612 8193 4539 8194 4536 8194 4610 8194 4536 8195 4535 8195 4612 8195 4535 8196 4532 8196 4612 8196 4612 8197 4532 8197 4613 8197 4532 8198 4531 8198 4613 8198 4613 8199 4531 8199 4614 8199 4531 8200 4528 8200 4614 8200 4614 8201 4528 8201 4615 8201 4528 8202 4527 8202 4615 8202 4615 8203 4527 8203 4616 8203 4616 8204 4527 8204 4617 8204 4527 8205 4526 8205 4617 8205 4526 8206 4523 8206 4617 8206 4617 8207 4523 8207 4618 8207 4523 8208 4521 8208 4618 8208 4618 8209 4521 8209 4619 8209 4521 8210 4519 8210 4619 8210 4619 8211 4519 8211 4620 8211 4519 8212 4517 8212 4620 8212 4620 8213 4517 8213 4621 8213 4517 8214 4515 8214 4621 8214 4621 8215 4515 8215 4622 8215 4515 8216 4513 8216 4622 8216 4622 8217 4513 8217 4623 8217 4623 8218 4513 8218 4624 8218 4513 8219 4511 8219 4624 8219 4624 8220 4509 8220 4625 8220 4625 8221 4509 8221 4626 8221 4511 8222 4509 8222 4624 8222 4509 8223 4507 8223 4626 8223 4626 8224 4505 8224 4627 8224 4507 8225 4505 8225 4626 8225 4627 8226 4503 8226 4628 8226 4628 8227 4503 8227 4629 8227 4505 8228 4503 8228 4627 8228 4503 8229 4501 8229 4629 8229 4629 8230 4499 8230 4630 8230 4501 8231 4499 8231 4629 8231 4630 8232 4497 8232 4631 8232 4631 8233 4497 8233 4632 8233 4499 8234 4497 8234 4630 8234 4497 8235 4495 8235 4632 8235 4632 8236 4493 8236 4633 8236 4633 8237 4493 8237 4634 8237 4495 8238 4493 8238 4632 8238 4634 8239 4491 8239 4635 8239 4493 8240 4491 8240 4634 8240 4491 8241 4489 8241 4635 8241 4635 8242 4487 8242 4636 8242 4489 8243 4487 8243 4635 8243 4636 8244 4485 8244 4637 8244 4487 8245 4485 8245 4636 8245 4485 8246 4483 8246 4637 8246 4637 8247 4483 8247 4638 8247 4483 8248 4481 8248 4638 8248 4638 8249 4481 8249 4639 8249 4481 8250 4479 8250 4639 8250 4639 8251 4479 8251 4640 8251 4640 8252 4479 8252 4641 8252 4479 8253 4477 8253 4641 8253 4477 8254 4475 8254 4641 8254 4641 8255 4475 8255 4642 8255 4475 8256 4473 8256 4642 8256 4642 8257 4473 8257 4643 8257 4473 8258 4471 8258 4643 8258 4643 8259 4471 8259 4644 8259 4471 8260 4469 8260 4644 8260 4644 8261 4469 8261 4645 8261 4469 8262 4467 8262 4645 8262 4645 8263 4467 8263 4646 8263 4467 8264 4465 8264 4646 8264 4646 8265 4465 8265 4647 8265 4465 8266 4463 8266 4647 8266 4647 8267 4463 8267 4648 8267 4463 8268 4461 8268 4648 8268 4648 8269 4461 8269 4649 8269 4461 8270 4459 8270 4649 8270 4649 8271 4459 8271 4650 8271 4459 8272 4457 8272 4650 8272 4650 8273 4457 8273 4651 8273 4457 8274 4455 8274 4651 8274 4651 8275 4455 8275 4652 8275 4652 8276 4455 8276 4653 8276 4455 8277 4453 8277 4653 8277 4453 8278 4450 8278 4653 8278 4653 8279 4450 8279 4654 8279 4450 8280 4451 8280 4654 8280 4654 8281 4451 8281 4655 8281 4451 8282 4452 8282 4655 8282 4655 8283 4452 8283 4656 8283 4452 8284 4454 8284 4656 8284 4656 8285 4454 8285 4657 8285 4454 8286 4456 8286 4657 8286 4657 8287 4456 8287 4658 8287 4658 8288 4458 8288 4659 8288 4456 8289 4458 8289 4658 8289 4659 8290 4460 8290 4660 8290 4458 8291 4460 8291 4659 8291 4660 8292 4462 8292 4661 8292 4460 8293 4462 8293 4660 8293 4661 8294 4464 8294 4662 8294 4462 8295 4464 8295 4661 8295 4464 8296 4466 8296 4662 8296 4662 8297 4466 8297 4663 8297 4466 8298 4468 8298 4663 8298 4663 8299 4468 8299 4664 8299 4468 8300 4470 8300 4664 8300 4664 8301 4470 8301 4665 8301 4470 8302 4472 8302 4665 8302 4665 8303 4472 8303 4666 8303 4472 8304 4474 8304 4666 8304 4666 8305 4474 8305 4667 8305 4474 8306 4476 8306 4667 8306 4667 8307 4476 8307 4668 8307 4476 8308 4478 8308 4668 8308 4668 8309 4478 8309 4669 8309 4669 8310 4478 8310 4670 8310 4478 8311 4480 8311 4670 8311 4480 8312 4482 8312 4670 8312 4670 8313 4482 8313 4671 8313 4482 8314 4484 8314 4671 8314 4671 8315 4484 8315 4672 8315 4484 8316 4486 8316 4672 8316 4672 8317 4486 8317 4673 8317 4673 8318 4486 8318 4674 8318 4486 8319 4488 8319 4674 8319 4488 8320 4490 8320 4674 8320 4674 8321 4490 8321 4675 8321 4676 8322 4492 8322 4677 8322 4490 8323 4492 8323 4675 8323 4675 8324 4492 8324 4676 8324 4677 8325 4494 8325 4678 8325 4492 8326 4494 8326 4677 8326 4494 8327 4496 8327 4678 8327 4678 8328 4498 8328 4679 8328 4679 8329 4498 8329 4680 8329 4496 8330 4498 8330 4678 8330 4680 8331 4500 8331 4681 8331 4498 8332 4500 8332 4680 8332 4500 8333 4502 8333 4681 8333 4681 8334 4504 8334 4682 8334 4682 8335 4504 8335 4683 8335 4502 8336 4504 8336 4681 8336 4504 8337 4506 8337 4683 8337 4683 8338 4508 8338 4684 8338 4506 8339 4508 8339 4683 8339 4684 8340 4510 8340 4685 8340 4508 8341 4510 8341 4684 8341 4685 8342 4512 8342 4686 8342 4686 8343 4512 8343 4687 8343 4510 8344 4512 8344 4685 8344 4512 8345 4514 8345 4687 8345 4514 8346 4516 8346 4687 8346 4687 8347 4516 8347 4688 8347 4516 8348 4518 8348 4688 8348 4688 8349 4518 8349 4689 8349 4518 8350 4520 8350 4689 8350 4689 8351 4520 8351 4690 8351 4690 8352 4522 8352 4691 8352 4520 8353 4522 8353 4690 8353 4522 8354 4524 8354 4691 8354 4691 8355 4524 8355 4692 8355 4692 8356 4525 8356 4693 8356 4524 8357 4525 8357 4692 8357 4693 8358 4529 8358 4694 8358 4525 8359 4529 8359 4693 8359 4694 8360 4530 8360 4695 8360 4529 8361 4530 8361 4694 8361 4695 8362 4533 8362 4696 8362 4530 8363 4533 8363 4695 8363 4696 8364 4534 8364 4697 8364 4533 8365 4534 8365 4696 8365 4697 8366 4537 8366 4698 8366 4698 8367 4537 8367 4699 8367 4534 8368 4537 8368 4697 8368 4537 8369 4538 8369 4699 8369 4699 8370 4540 8370 4700 8370 4538 8371 4540 8371 4699 8371 4700 8372 4542 8372 4701 8372 4540 8373 4542 8373 4700 8373 4701 8374 4545 8374 4576 8374 4542 8375 4545 8375 4701 8375 4702 8376 4654 8376 4655 8376 4702 8377 4655 8377 4703 8377 4704 8378 4655 8378 4656 8378 4704 8379 4703 8379 4655 8379 4705 8380 4653 8380 4654 8380 4705 8381 4654 8381 4702 8381 4706 8382 4656 8382 4657 8382 4706 8383 4704 8383 4656 8383 4707 8384 4653 8384 4705 8384 4707 8385 4651 8385 4652 8385 4707 8386 4652 8386 4653 8386 4708 8387 4706 8387 4657 8387 4708 8388 4657 8388 4658 8388 4709 8389 4651 8389 4707 8389 4710 8390 4708 8390 4658 8390 4710 8391 4658 8391 4659 8391 4710 8392 4659 8392 4660 8392 4711 8393 4651 8393 4709 8393 4711 8394 4650 8394 4651 8394 4712 8395 4710 8395 4660 8395 4712 8396 4660 8396 4661 8396 4713 8397 4650 8397 4711 8397 4713 8398 4649 8398 4650 8398 4714 8399 4661 8399 4662 8399 4714 8400 4712 8400 4661 8400 4715 8401 4649 8401 4713 8401 4715 8402 4648 8402 4649 8402 4716 8403 4714 8403 4662 8403 4717 8404 4648 8404 4715 8404 4717 8405 4647 8405 4648 8405 4718 8406 4716 8406 4662 8406 4718 8407 4662 8407 4663 8407 4719 8408 4647 8408 4717 8408 4719 8409 4645 8409 4646 8409 4719 8410 4646 8410 4647 8410 4720 8411 4718 8411 4663 8411 4720 8412 4663 8412 4664 8412 4721 8413 4645 8413 4719 8413 4721 8414 4644 8414 4645 8414 4722 8415 4720 8415 4664 8415 4722 8416 4664 8416 4665 8416 4722 8417 4665 8417 4666 8417 4723 8418 4644 8418 4721 8418 4723 8419 4643 8419 4644 8419 4724 8420 4722 8420 4666 8420 4725 8421 4643 8421 4723 8421 4726 8422 4724 8422 4666 8422 4726 8423 4666 8423 4667 8423 4727 8424 4643 8424 4725 8424 4727 8425 4641 8425 4642 8425 4727 8426 4642 8426 4643 8426 4728 8427 4726 8427 4667 8427 4728 8428 4667 8428 4668 8428 4729 8429 4641 8429 4727 8429 4730 8430 4728 8430 4668 8430 4730 8431 4668 8431 4669 8431 4731 8432 4641 8432 4729 8432 4731 8433 4640 8433 4641 8433 4732 8434 4730 8434 4669 8434 4732 8435 4669 8435 4670 8435 4733 8436 4640 8436 4731 8436 4733 8437 4638 8437 4639 8437 4733 8438 4639 8438 4640 8438 4734 8439 4732 8439 4670 8439 4734 8440 4670 8440 4671 8440 4734 8441 4671 8441 4672 8441 4735 8442 4638 8442 4733 8442 4736 8443 4734 8443 4672 8443 4736 8444 4672 8444 4673 8444 4737 8445 4636 8445 4637 8445 4737 8446 4637 8446 4638 8446 4737 8447 4638 8447 4735 8447 4738 8448 4736 8448 4673 8448 4739 8449 4636 8449 4737 8449 4740 8450 4738 8450 4673 8450 4740 8451 4673 8451 4674 8451 4741 8452 4636 8452 4739 8452 4741 8453 4635 8453 4636 8453 4742 8454 4740 8454 4674 8454 4742 8455 4674 8455 4675 8455 4742 8456 4675 8456 4676 8456 4743 8457 4635 8457 4741 8457 4743 8458 4634 8458 4635 8458 4744 8459 4742 8459 4676 8459 4745 8460 4634 8460 4743 8460 4745 8461 4632 8461 4633 8461 4745 8462 4633 8462 4634 8462 4746 8463 4676 8463 4677 8463 4746 8464 4744 8464 4676 8464 4747 8465 4632 8465 4745 8465 4748 8466 4677 8466 4678 8466 4748 8467 4746 8467 4677 8467 4749 8468 4632 8468 4747 8468 4749 8469 4631 8469 4632 8469 4750 8470 4678 8470 4679 8470 4750 8471 4748 8471 4678 8471 4751 8472 4631 8472 4749 8472 4751 8473 4630 8473 4631 8473 4752 8474 4679 8474 4680 8474 4752 8475 4750 8475 4679 8475 4753 8476 4630 8476 4751 8476 4753 8477 4629 8477 4630 8477 4628 8478 4629 8478 4753 8478 4754 8479 4680 8479 4681 8479 4754 8480 4752 8480 4680 8480 4755 8481 4628 8481 4753 8481 4627 8482 4628 8482 4755 8482 4756 8483 4681 8483 4682 8483 4756 8484 4754 8484 4681 8484 4757 8485 4627 8485 4755 8485 4758 8486 4682 8486 4683 8486 4758 8487 4756 8487 4682 8487 4759 8488 4626 8488 4627 8488 4759 8489 4627 8489 4757 8489 4760 8490 4683 8490 4684 8490 4760 8491 4758 8491 4683 8491 4761 8492 4625 8492 4626 8492 4761 8493 4626 8493 4759 8493 4762 8494 4684 8494 4685 8494 4762 8495 4760 8495 4684 8495 4763 8496 4624 8496 4625 8496 4763 8497 4625 8497 4761 8497 4764 8498 4685 8498 4686 8498 4764 8499 4762 8499 4685 8499 4765 8500 4624 8500 4763 8500 4623 8501 4624 8501 4765 8501 4687 8502 4766 8502 4764 8502 4687 8503 4764 8503 4686 8503 4622 8504 4623 8504 4765 8504 4622 8505 4765 8505 4767 8505 4768 8506 4766 8506 4687 8506 4688 8507 4768 8507 4687 8507 4621 8508 4622 8508 4767 8508 4621 8509 4767 8509 4769 8509 4770 8510 4768 8510 4688 8510 4689 8511 4770 8511 4688 8511 4620 8512 4621 8512 4769 8512 4620 8513 4769 8513 4771 8513 4772 8514 4770 8514 4689 8514 4690 8515 4772 8515 4689 8515 4773 8516 4772 8516 4690 8516 4619 8517 4620 8517 4771 8517 4619 8518 4771 8518 4774 8518 4775 8519 4619 8519 4774 8519 4691 8520 4773 8520 4690 8520 4618 8521 4619 8521 4775 8521 4692 8522 4773 8522 4691 8522 4692 8523 4776 8523 4773 8523 4617 8524 4618 8524 4775 8524 4617 8525 4775 8525 4777 8525 4693 8526 4778 8526 4776 8526 4693 8527 4776 8527 4692 8527 4779 8528 4778 8528 4693 8528 4616 8529 4617 8529 4777 8529 4616 8530 4777 8530 4780 8530 4694 8531 4781 8531 4779 8531 4694 8532 4779 8532 4693 8532 4615 8533 4780 8533 4782 8533 4615 8534 4616 8534 4780 8534 4695 8535 4781 8535 4694 8535 4614 8536 4615 8536 4782 8536 4614 8537 4783 8537 4784 8537 4614 8538 4782 8538 4783 8538 4696 8539 4785 8539 4781 8539 4696 8540 4786 8540 4785 8540 4696 8541 4781 8541 4695 8541 4613 8542 4614 8542 4784 8542 4697 8543 4786 8543 4696 8543 4612 8544 4784 8544 4787 8544 4612 8545 4613 8545 4784 8545 4698 8546 4788 8546 4786 8546 4698 8547 4789 8547 4788 8547 4698 8548 4786 8548 4697 8548 4611 8549 4787 8549 4790 8549 4611 8550 4612 8550 4787 8550 4699 8551 4789 8551 4698 8551 4610 8552 4791 8552 4792 8552 4610 8553 4790 8553 4791 8553 4610 8554 4611 8554 4790 8554 4700 8555 4793 8555 4789 8555 4700 8556 4794 8556 4793 8556 4700 8557 4789 8557 4699 8557 4609 8558 4610 8558 4792 8558 4701 8559 4794 8559 4700 8559 4608 8560 4792 8560 4795 8560 4608 8561 4609 8561 4792 8561 4576 8562 4796 8562 4797 8562 4576 8563 4794 8563 4701 8563 4576 8564 4797 8564 4794 8564 4607 8565 4608 8565 4795 8565 4607 8566 4795 8566 4798 8566 4577 8567 4796 8567 4576 8567 4606 8568 4607 8568 4798 8568 4606 8569 4799 8569 4800 8569 4606 8570 4798 8570 4799 8570 4578 8571 4801 8571 4796 8571 4578 8572 4796 8572 4577 8572 4605 8573 4606 8573 4800 8573 4579 8574 4802 8574 4801 8574 4579 8575 4801 8575 4578 8575 4604 8576 4803 8576 4804 8576 4604 8577 4800 8577 4803 8577 4604 8578 4605 8578 4800 8578 4580 8579 4805 8579 4802 8579 4580 8580 4806 8580 4805 8580 4580 8581 4802 8581 4579 8581 4603 8582 4804 8582 4807 8582 4603 8583 4604 8583 4804 8583 4581 8584 4806 8584 4580 8584 4602 8585 4603 8585 4807 8585 4582 8586 4808 8586 4806 8586 4582 8587 4806 8587 4581 8587 4601 8588 4809 8588 4810 8588 4601 8589 4807 8589 4809 8589 4601 8590 4602 8590 4807 8590 4583 8591 4811 8591 4808 8591 4583 8592 4808 8592 4582 8592 4600 8593 4601 8593 4810 8593 4584 8594 4811 8594 4583 8594 4584 8595 4812 8595 4811 8595 4599 8596 4810 8596 4813 8596 4599 8597 4600 8597 4810 8597 4585 8598 4814 8598 4812 8598 4585 8599 4812 8599 4584 8599 4598 8600 4599 8600 4813 8600 4598 8601 4815 8601 4816 8601 4598 8602 4813 8602 4815 8602 4586 8603 4817 8603 4814 8603 4586 8604 4818 8604 4817 8604 4586 8605 4814 8605 4585 8605 4597 8606 4598 8606 4816 8606 4597 8607 4816 8607 4819 8607 4587 8608 4818 8608 4586 8608 4587 8609 4820 8609 4818 8609 4596 8610 4597 8610 4819 8610 4588 8611 4820 8611 4587 8611 4595 8612 4819 8612 4821 8612 4595 8613 4596 8613 4819 8613 4589 8614 4820 8614 4588 8614 4589 8615 4822 8615 4820 8615 4589 8616 4823 8616 4822 8616 4594 8617 4595 8617 4821 8617 4594 8618 4824 8618 4825 8618 4594 8619 4821 8619 4824 8619 4590 8620 4826 8620 4823 8620 4590 8621 4823 8621 4589 8621 4593 8622 4594 8622 4825 8622 4591 8623 4826 8623 4590 8623 4592 8624 4827 8624 4826 8624 4592 8625 4825 8625 4827 8625 4592 8626 4593 8626 4825 8626 4592 8627 4826 8627 4591 8627 4828 8628 4796 8628 4829 8628 4797 8629 4796 8629 4828 8629 4829 8630 4801 8630 4830 8630 4796 8631 4801 8631 4829 8631 4830 8632 4802 8632 4831 8632 4801 8633 4802 8633 4830 8633 4831 8634 4805 8634 4832 8634 4802 8635 4805 8635 4831 8635 4832 8636 4806 8636 4833 8636 4805 8637 4806 8637 4832 8637 4833 8638 4808 8638 4834 8638 4806 8639 4808 8639 4833 8639 4834 8640 4811 8640 4835 8640 4808 8641 4811 8641 4834 8641 4835 8642 4812 8642 4836 8642 4811 8643 4812 8643 4835 8643 4836 8644 4814 8644 4837 8644 4812 8645 4814 8645 4836 8645 4837 8646 4817 8646 4838 8646 4814 8647 4817 8647 4837 8647 4817 8648 4818 8648 4838 8648 4838 8649 4818 8649 4839 8649 4818 8650 4820 8650 4839 8650 4839 8651 4820 8651 4840 8651 4820 8652 4822 8652 4840 8652 4840 8653 4822 8653 4841 8653 4841 8654 4823 8654 4842 8654 4822 8655 4823 8655 4841 8655 4842 8656 4826 8656 4843 8656 4823 8657 4826 8657 4842 8657 4843 8658 4827 8658 4844 8658 4844 8659 4827 8659 4845 8659 4826 8660 4827 8660 4843 8660 4845 8661 4825 8661 4846 8661 4827 8662 4825 8662 4845 8662 4825 8663 4824 8663 4846 8663 4824 8664 4821 8664 4846 8664 4846 8665 4821 8665 4847 8665 4847 8666 4819 8666 4848 8666 4848 8667 4819 8667 4849 8667 4821 8668 4819 8668 4847 8668 4819 8669 4816 8669 4849 8669 4849 8670 4815 8670 4850 8670 4816 8671 4815 8671 4849 8671 4850 8672 4813 8672 4851 8672 4851 8673 4813 8673 4852 8673 4815 8674 4813 8674 4850 8674 4813 8675 4810 8675 4852 8675 4852 8676 4809 8676 4853 8676 4810 8677 4809 8677 4852 8677 4853 8678 4807 8678 4854 8678 4854 8679 4807 8679 4855 8679 4809 8680 4807 8680 4853 8680 4807 8681 4804 8681 4855 8681 4855 8682 4803 8682 4856 8682 4804 8683 4803 8683 4855 8683 4856 8684 4800 8684 4857 8684 4803 8685 4800 8685 4856 8685 4857 8686 4799 8686 4858 8686 4800 8687 4799 8687 4857 8687 4858 8688 4798 8688 4859 8688 4799 8689 4798 8689 4858 8689 4859 8690 4795 8690 4860 8690 4798 8691 4795 8691 4859 8691 4860 8692 4792 8692 4861 8692 4795 8693 4792 8693 4860 8693 4861 8694 4791 8694 4862 8694 4792 8695 4791 8695 4861 8695 4862 8696 4790 8696 4863 8696 4863 8697 4790 8697 4864 8697 4791 8698 4790 8698 4862 8698 4790 8699 4787 8699 4864 8699 4787 8700 4784 8700 4864 8700 4864 8701 4784 8701 4865 8701 4784 8702 4783 8702 4865 8702 4865 8703 4783 8703 4866 8703 4783 8704 4782 8704 4866 8704 4866 8705 4782 8705 4867 8705 4782 8706 4780 8706 4867 8706 4867 8707 4780 8707 4868 8707 4868 8708 4780 8708 4869 8708 4780 8709 4777 8709 4869 8709 4777 8710 4775 8710 4869 8710 4869 8711 4775 8711 4870 8711 4775 8712 4774 8712 4870 8712 4870 8713 4774 8713 4871 8713 4774 8714 4771 8714 4871 8714 4871 8715 4771 8715 4872 8715 4771 8716 4769 8716 4872 8716 4872 8717 4769 8717 4873 8717 4769 8718 4767 8718 4873 8718 4873 8719 4767 8719 4874 8719 4767 8720 4765 8720 4874 8720 4874 8721 4765 8721 4875 8721 4875 8722 4765 8722 4876 8722 4765 8723 4763 8723 4876 8723 4876 8724 4761 8724 4877 8724 4877 8725 4761 8725 4878 8725 4763 8726 4761 8726 4876 8726 4761 8727 4759 8727 4878 8727 4878 8728 4757 8728 4879 8728 4759 8729 4757 8729 4878 8729 4879 8730 4755 8730 4880 8730 4880 8731 4755 8731 4881 8731 4757 8732 4755 8732 4879 8732 4755 8733 4753 8733 4881 8733 4881 8734 4751 8734 4882 8734 4753 8735 4751 8735 4881 8735 4882 8736 4749 8736 4883 8736 4883 8737 4749 8737 4884 8737 4751 8738 4749 8738 4882 8738 4749 8739 4747 8739 4884 8739 4884 8740 4745 8740 4885 8740 4885 8741 4745 8741 4886 8741 4747 8742 4745 8742 4884 8742 4886 8743 4743 8743 4887 8743 4745 8744 4743 8744 4886 8744 4743 8745 4741 8745 4887 8745 4887 8746 4739 8746 4888 8746 4741 8747 4739 8747 4887 8747 4888 8748 4737 8748 4889 8748 4739 8749 4737 8749 4888 8749 4737 8750 4735 8750 4889 8750 4889 8751 4735 8751 4890 8751 4735 8752 4733 8752 4890 8752 4890 8753 4733 8753 4891 8753 4733 8754 4731 8754 4891 8754 4891 8755 4731 8755 4892 8755 4892 8756 4731 8756 4893 8756 4731 8757 4729 8757 4893 8757 4729 8758 4727 8758 4893 8758 4893 8759 4727 8759 4894 8759 4727 8760 4725 8760 4894 8760 4894 8761 4725 8761 4895 8761 4725 8762 4723 8762 4895 8762 4895 8763 4723 8763 4896 8763 4723 8764 4721 8764 4896 8764 4896 8765 4721 8765 4897 8765 4721 8766 4719 8766 4897 8766 4897 8767 4719 8767 4898 8767 4719 8768 4717 8768 4898 8768 4898 8769 4717 8769 4899 8769 4717 8770 4715 8770 4899 8770 4899 8771 4715 8771 4900 8771 4715 8772 4713 8772 4900 8772 4900 8773 4713 8773 4901 8773 4713 8774 4711 8774 4901 8774 4901 8775 4711 8775 4902 8775 4711 8776 4709 8776 4902 8776 4902 8777 4709 8777 4903 8777 4709 8778 4707 8778 4903 8778 4903 8779 4707 8779 4904 8779 4904 8780 4707 8780 4905 8780 4707 8781 4705 8781 4905 8781 4705 8782 4702 8782 4905 8782 4905 8783 4702 8783 4906 8783 4702 8784 4703 8784 4906 8784 4906 8785 4703 8785 4907 8785 4703 8786 4704 8786 4907 8786 4907 8787 4704 8787 4908 8787 4704 8788 4706 8788 4908 8788 4908 8789 4706 8789 4909 8789 4706 8790 4708 8790 4909 8790 4909 8791 4708 8791 4910 8791 4910 8792 4710 8792 4911 8792 4708 8793 4710 8793 4910 8793 4911 8794 4712 8794 4912 8794 4710 8795 4712 8795 4911 8795 4912 8796 4714 8796 4913 8796 4712 8797 4714 8797 4912 8797 4913 8798 4716 8798 4914 8798 4714 8799 4716 8799 4913 8799 4716 8800 4718 8800 4914 8800 4914 8801 4718 8801 4915 8801 4718 8802 4720 8802 4915 8802 4915 8803 4720 8803 4916 8803 4720 8804 4722 8804 4916 8804 4916 8805 4722 8805 4917 8805 4722 8806 4724 8806 4917 8806 4917 8807 4724 8807 4918 8807 4724 8808 4726 8808 4918 8808 4918 8809 4726 8809 4919 8809 4726 8810 4728 8810 4919 8810 4919 8811 4728 8811 4920 8811 4728 8812 4730 8812 4920 8812 4920 8813 4730 8813 4921 8813 4921 8814 4730 8814 4922 8814 4730 8815 4732 8815 4922 8815 4732 8816 4734 8816 4922 8816 4922 8817 4734 8817 4923 8817 4734 8818 4736 8818 4923 8818 4923 8819 4736 8819 4924 8819 4736 8820 4738 8820 4924 8820 4924 8821 4738 8821 4925 8821 4925 8822 4738 8822 4926 8822 4738 8823 4740 8823 4926 8823 4740 8824 4742 8824 4926 8824 4926 8825 4742 8825 4927 8825 4928 8826 4744 8826 4929 8826 4742 8827 4744 8827 4927 8827 4927 8828 4744 8828 4928 8828 4929 8829 4746 8829 4930 8829 4744 8830 4746 8830 4929 8830 4746 8831 4748 8831 4930 8831 4930 8832 4750 8832 4931 8832 4931 8833 4750 8833 4932 8833 4748 8834 4750 8834 4930 8834 4932 8835 4752 8835 4933 8835 4750 8836 4752 8836 4932 8836 4752 8837 4754 8837 4933 8837 4933 8838 4756 8838 4934 8838 4934 8839 4756 8839 4935 8839 4754 8840 4756 8840 4933 8840 4756 8841 4758 8841 4935 8841 4935 8842 4760 8842 4936 8842 4758 8843 4760 8843 4935 8843 4936 8844 4762 8844 4937 8844 4760 8845 4762 8845 4936 8845 4937 8846 4764 8846 4938 8846 4938 8847 4764 8847 4939 8847 4762 8848 4764 8848 4937 8848 4764 8849 4766 8849 4939 8849 4766 8850 4768 8850 4939 8850 4939 8851 4768 8851 4940 8851 4768 8852 4770 8852 4940 8852 4940 8853 4770 8853 4941 8853 4770 8854 4772 8854 4941 8854 4941 8855 4772 8855 4942 8855 4942 8856 4773 8856 4943 8856 4772 8857 4773 8857 4942 8857 4773 8858 4776 8858 4943 8858 4943 8859 4776 8859 4944 8859 4944 8860 4778 8860 4945 8860 4776 8861 4778 8861 4944 8861 4945 8862 4779 8862 4946 8862 4778 8863 4779 8863 4945 8863 4946 8864 4781 8864 4947 8864 4779 8865 4781 8865 4946 8865 4947 8866 4785 8866 4948 8866 4781 8867 4785 8867 4947 8867 4948 8868 4786 8868 4949 8868 4785 8869 4786 8869 4948 8869 4949 8870 4788 8870 4950 8870 4950 8871 4788 8871 4951 8871 4786 8872 4788 8872 4949 8872 4788 8873 4789 8873 4951 8873 4951 8874 4793 8874 4952 8874 4789 8875 4793 8875 4951 8875 4952 8876 4794 8876 4953 8876 4793 8877 4794 8877 4952 8877 4953 8878 4797 8878 4828 8878 4794 8879 4797 8879 4953 8879 4954 8880 4906 8880 4907 8880 4954 8881 4907 8881 4955 8881 4956 8882 4907 8882 4908 8882 4956 8883 4955 8883 4907 8883 4957 8884 4905 8884 4906 8884 4957 8885 4906 8885 4954 8885 4958 8886 4908 8886 4909 8886 4958 8887 4909 8887 4910 8887 4958 8888 4956 8888 4908 8888 4959 8889 4905 8889 4957 8889 4959 8890 4904 8890 4905 8890 4960 8891 4958 8891 4910 8891 4960 8892 4910 8892 4911 8892 4961 8893 4904 8893 4959 8893 4961 8894 4903 8894 4904 8894 4962 8895 4960 8895 4911 8895 4963 8896 4903 8896 4961 8896 4963 8897 4902 8897 4903 8897 4964 8898 4911 8898 4912 8898 4964 8899 4962 8899 4911 8899 4965 8900 4902 8900 4963 8900 4965 8901 4901 8901 4902 8901 4966 8902 4964 8902 4912 8902 4966 8903 4912 8903 4913 8903 4967 8904 4901 8904 4965 8904 4967 8905 4900 8905 4901 8905 4968 8906 4966 8906 4913 8906 4968 8907 4913 8907 4914 8907 4969 8908 4900 8908 4967 8908 4969 8909 4899 8909 4900 8909 4970 8910 4968 8910 4914 8910 4970 8911 4914 8911 4915 8911 4971 8912 4899 8912 4969 8912 4971 8913 4898 8913 4899 8913 4972 8914 4970 8914 4915 8914 4972 8915 4915 8915 4916 8915 4973 8916 4898 8916 4971 8916 4973 8917 4897 8917 4898 8917 4974 8918 4972 8918 4916 8918 4974 8919 4916 8919 4917 8919 4975 8920 4897 8920 4973 8920 4975 8921 4896 8921 4897 8921 4976 8922 4974 8922 4917 8922 4976 8923 4917 8923 4918 8923 4977 8924 4896 8924 4975 8924 4977 8925 4895 8925 4896 8925 4978 8926 4976 8926 4918 8926 4978 8927 4918 8927 4919 8927 4979 8928 4895 8928 4977 8928 4979 8929 4893 8929 4894 8929 4979 8930 4894 8930 4895 8930 4980 8931 4978 8931 4919 8931 4980 8932 4919 8932 4920 8932 4981 8933 4893 8933 4979 8933 4982 8934 4980 8934 4920 8934 4982 8935 4920 8935 4921 8935 4983 8936 4891 8936 4892 8936 4983 8937 4892 8937 4893 8937 4983 8938 4893 8938 4981 8938 4984 8939 4982 8939 4921 8939 4984 8940 4921 8940 4922 8940 4985 8941 4891 8941 4983 8941 4986 8942 4984 8942 4922 8942 4986 8943 4922 8943 4923 8943 4987 8944 4889 8944 4890 8944 4987 8945 4890 8945 4891 8945 4987 8946 4891 8946 4985 8946 4988 8947 4986 8947 4923 8947 4988 8948 4923 8948 4924 8948 4988 8949 4924 8949 4925 8949 4989 8950 4888 8950 4889 8950 4989 8951 4889 8951 4987 8951 4990 8952 4988 8952 4925 8952 4991 8953 4888 8953 4989 8953 4992 8954 4990 8954 4925 8954 4992 8955 4925 8955 4926 8955 4993 8956 4887 8956 4888 8956 4993 8957 4888 8957 4991 8957 4994 8958 4992 8958 4926 8958 4994 8959 4926 8959 4927 8959 4995 8960 4886 8960 4887 8960 4995 8961 4887 8961 4993 8961 4996 8962 4994 8962 4927 8962 4996 8963 4927 8963 4928 8963 4997 8964 4886 8964 4995 8964 4997 8965 4885 8965 4886 8965 4998 8966 4928 8966 4929 8966 4998 8967 4996 8967 4928 8967 4999 8968 4884 8968 4885 8968 4999 8969 4885 8969 4997 8969 5000 8970 4929 8970 4930 8970 5000 8971 4998 8971 4929 8971 5001 8972 4884 8972 4999 8972 5001 8973 4883 8973 4884 8973 5002 8974 4930 8974 4931 8974 5002 8975 5000 8975 4930 8975 5003 8976 4883 8976 5001 8976 5003 8977 4882 8977 4883 8977 5004 8978 4931 8978 4932 8978 5004 8979 5002 8979 4931 8979 5005 8980 4882 8980 5003 8980 5005 8981 4881 8981 4882 8981 5006 8982 4932 8982 4933 8982 5006 8983 5004 8983 4932 8983 5007 8984 4881 8984 5005 8984 5007 8985 4880 8985 4881 8985 5008 8986 4933 8986 4934 8986 5008 8987 5006 8987 4933 8987 5009 8988 4879 8988 4880 8988 5009 8989 4880 8989 5007 8989 5010 8990 4934 8990 4935 8990 5010 8991 5008 8991 4934 8991 5011 8992 4878 8992 4879 8992 5011 8993 4879 8993 5009 8993 5012 8994 4935 8994 4936 8994 5012 8995 5010 8995 4935 8995 4877 8996 4878 8996 5011 8996 5013 8997 4877 8997 5011 8997 4937 8998 5012 8998 4936 8998 5014 8999 5012 8999 4937 8999 5015 9000 4876 9000 4877 9000 5015 9001 4877 9001 5013 9001 5016 9002 4937 9002 4938 9002 5016 9003 5014 9003 4937 9003 4875 9004 5015 9004 5017 9004 4875 9005 4876 9005 5015 9005 5018 9006 5016 9006 4938 9006 4939 9007 5018 9007 4938 9007 4874 9008 4875 9008 5017 9008 4874 9009 5017 9009 5019 9009 4940 9010 5020 9010 5018 9010 4940 9011 5018 9011 4939 9011 4873 9012 4874 9012 5019 9012 4873 9013 5019 9013 5021 9013 5022 9014 5020 9014 4940 9014 4941 9015 5022 9015 4940 9015 4872 9016 4873 9016 5021 9016 4872 9017 5021 9017 5023 9017 4942 9018 5022 9018 4941 9018 4942 9019 5024 9019 5022 9019 4871 9020 4872 9020 5023 9020 4871 9021 5023 9021 5025 9021 5026 9022 4871 9022 5025 9022 4943 9023 5024 9023 4942 9023 4943 9024 5027 9024 5024 9024 4870 9025 4871 9025 5026 9025 4944 9026 5028 9026 5027 9026 4944 9027 5027 9027 4943 9027 4869 9028 4870 9028 5026 9028 4869 9029 5029 9029 5030 9029 4869 9030 5026 9030 5029 9030 4945 9031 5031 9031 5028 9031 4945 9032 5032 9032 5031 9032 4945 9033 5028 9033 4944 9033 4868 9034 4869 9034 5030 9034 4868 9035 5030 9035 5033 9035 4946 9036 5032 9036 4945 9036 4867 9037 4868 9037 5033 9037 4947 9038 5034 9038 5032 9038 4947 9039 5035 9039 5034 9039 4947 9040 5032 9040 4946 9040 4866 9041 5033 9041 5036 9041 4866 9042 4867 9042 5033 9042 4948 9043 5037 9043 5035 9043 4948 9044 5035 9044 4947 9044 4865 9045 5036 9045 5038 9045 4865 9046 4866 9046 5036 9046 4949 9047 5037 9047 4948 9047 4864 9048 5038 9048 5039 9048 4864 9049 4865 9049 5038 9049 4950 9050 5040 9050 5037 9050 4950 9051 5037 9051 4949 9051 4863 9052 4864 9052 5039 9052 4863 9053 5041 9053 5042 9053 4863 9054 5039 9054 5041 9054 4951 9055 5043 9055 5040 9055 4951 9056 5040 9056 4950 9056 4862 9057 4863 9057 5042 9057 4862 9058 5042 9058 5044 9058 4952 9059 5045 9059 5043 9059 4952 9060 5046 9060 5045 9060 4952 9061 5043 9061 4951 9061 4861 9062 4862 9062 5044 9062 4953 9063 5046 9063 4952 9063 4860 9064 4861 9064 5044 9064 4860 9065 5044 9065 5047 9065 4828 9066 5046 9066 4953 9066 4828 9067 5048 9067 5046 9067 4859 9068 4860 9068 5047 9068 4859 9069 5047 9069 5049 9069 4829 9070 5048 9070 4828 9070 4829 9071 5050 9071 5048 9071 4858 9072 4859 9072 5049 9072 4858 9073 5049 9073 5051 9073 4830 9074 5050 9074 4829 9074 4830 9075 5052 9075 5050 9075 4830 9076 5053 9076 5052 9076 4857 9077 5051 9077 5054 9077 4857 9078 4858 9078 5051 9078 4831 9079 5055 9079 5053 9079 4831 9080 5053 9080 4830 9080 4856 9081 4857 9081 5054 9081 4856 9082 5054 9082 5056 9082 4832 9083 5055 9083 4831 9083 4855 9084 5056 9084 5057 9084 4855 9085 4856 9085 5056 9085 4833 9086 5058 9086 5055 9086 4833 9087 5059 9087 5058 9087 4833 9088 5055 9088 4832 9088 4854 9089 4855 9089 5057 9089 4854 9090 5057 9090 5060 9090 4834 9091 5059 9091 4833 9091 4853 9092 4854 9092 5060 9092 4853 9093 5061 9093 5062 9093 4853 9094 5060 9094 5061 9094 4835 9095 5059 9095 4834 9095 4835 9096 5063 9096 5059 9096 4852 9097 4853 9097 5062 9097 4836 9098 5063 9098 4835 9098 4836 9099 5064 9099 5063 9099 4851 9100 5065 9100 5066 9100 4851 9101 5062 9101 5065 9101 4851 9102 4852 9102 5062 9102 4837 9103 5064 9103 4836 9103 4837 9104 5067 9104 5064 9104 4850 9105 4851 9105 5066 9105 4838 9106 5068 9106 5067 9106 4838 9107 5067 9107 4837 9107 4849 9108 5066 9108 5069 9108 4849 9109 4850 9109 5066 9109 4839 9110 5068 9110 4838 9110 4839 9111 5070 9111 5068 9111 4848 9112 4849 9112 5069 9112 4848 9113 5069 9113 5071 9113 4840 9114 5070 9114 4839 9114 4840 9115 5072 9115 5070 9115 4840 9116 5073 9116 5072 9116 4847 9117 4848 9117 5071 9117 4847 9118 5071 9118 5074 9118 4841 9119 5073 9119 4840 9119 4846 9120 4847 9120 5074 9120 4846 9121 5074 9121 5075 9121 4842 9122 5073 9122 4841 9122 4842 9123 5076 9123 5073 9123 4845 9124 5075 9124 5077 9124 4845 9125 4846 9125 5075 9125 4843 9126 5076 9126 4842 9126 4843 9127 5078 9127 5076 9127 4844 9128 5079 9128 5078 9128 4844 9129 5077 9129 5079 9129 4844 9130 4845 9130 5077 9130 4844 9131 5078 9131 4843 9131 5080 9132 5050 9132 5081 9132 5048 9133 5050 9133 5080 9133 5081 9134 5052 9134 5082 9134 5050 9135 5052 9135 5081 9135 5082 9136 5053 9136 5083 9136 5052 9137 5053 9137 5082 9137 5083 9138 5055 9138 5084 9138 5053 9139 5055 9139 5083 9139 5084 9140 5058 9140 5085 9140 5055 9141 5058 9141 5084 9141 5085 9142 5059 9142 5086 9142 5058 9143 5059 9143 5085 9143 5086 9144 5063 9144 5087 9144 5059 9145 5063 9145 5086 9145 5087 9146 5064 9146 5088 9146 5063 9147 5064 9147 5087 9147 5088 9148 5067 9148 5089 9148 5064 9149 5067 9149 5088 9149 5089 9150 5068 9150 5090 9150 5067 9151 5068 9151 5089 9151 5068 9152 5070 9152 5090 9152 5090 9153 5070 9153 5091 9153 5070 9154 5072 9154 5091 9154 5091 9155 5072 9155 5092 9155 5072 9156 5073 9156 5092 9156 5092 9157 5073 9157 5093 9157 5093 9158 5076 9158 5094 9158 5073 9159 5076 9159 5093 9159 5094 9160 5078 9160 5095 9160 5076 9161 5078 9161 5094 9161 5095 9162 5079 9162 5096 9162 5096 9163 5079 9163 5097 9163 5078 9164 5079 9164 5095 9164 5097 9165 5077 9165 5098 9165 5079 9166 5077 9166 5097 9166 5077 9167 5075 9167 5098 9167 5075 9168 5074 9168 5098 9168 5098 9169 5074 9169 5099 9169 5099 9170 5071 9170 5100 9170 5100 9171 5071 9171 5101 9171 5074 9172 5071 9172 5099 9172 5071 9173 5069 9173 5101 9173 5101 9174 5066 9174 5102 9174 5069 9175 5066 9175 5101 9175 5102 9176 5065 9176 5103 9176 5103 9177 5065 9177 5104 9177 5066 9178 5065 9178 5102 9178 5065 9179 5062 9179 5104 9179 5104 9180 5061 9180 5105 9180 5062 9181 5061 9181 5104 9181 5105 9182 5060 9182 5106 9182 5106 9183 5060 9183 5107 9183 5061 9184 5060 9184 5105 9184 5060 9185 5057 9185 5107 9185 5107 9186 5056 9186 5108 9186 5057 9187 5056 9187 5107 9187 5108 9188 5054 9188 5109 9188 5056 9189 5054 9189 5108 9189 5109 9190 5051 9190 5110 9190 5054 9191 5051 9191 5109 9191 5110 9192 5049 9192 5111 9192 5051 9193 5049 9193 5110 9193 5111 9194 5047 9194 5112 9194 5049 9195 5047 9195 5111 9195 5112 9196 5044 9196 5113 9196 5047 9197 5044 9197 5112 9197 5113 9198 5042 9198 5114 9198 5044 9199 5042 9199 5113 9199 5114 9200 5041 9200 5115 9200 5115 9201 5041 9201 5116 9201 5042 9202 5041 9202 5114 9202 5041 9203 5039 9203 5116 9203 5039 9204 5038 9204 5116 9204 5116 9205 5038 9205 5117 9205 5038 9206 5036 9206 5117 9206 5117 9207 5036 9207 5118 9207 5036 9208 5033 9208 5118 9208 5118 9209 5033 9209 5119 9209 5033 9210 5030 9210 5119 9210 5119 9211 5030 9211 5120 9211 5120 9212 5030 9212 5121 9212 5030 9213 5029 9213 5121 9213 5029 9214 5026 9214 5121 9214 5121 9215 5026 9215 5122 9215 5026 9216 5025 9216 5122 9216 5122 9217 5025 9217 5123 9217 5025 9218 5023 9218 5123 9218 5123 9219 5023 9219 5124 9219 5023 9220 5021 9220 5124 9220 5124 9221 5021 9221 5125 9221 5021 9222 5019 9222 5125 9222 5125 9223 5019 9223 5126 9223 5019 9224 5017 9224 5126 9224 5126 9225 5017 9225 5127 9225 5127 9226 5017 9226 5128 9226 5017 9227 5015 9227 5128 9227 5128 9228 5013 9228 5129 9228 5129 9229 5013 9229 5130 9229 5015 9230 5013 9230 5128 9230 5013 9231 5011 9231 5130 9231 5130 9232 5009 9232 5131 9232 5011 9233 5009 9233 5130 9233 5131 9234 5007 9234 5132 9234 5132 9235 5007 9235 5133 9235 5009 9236 5007 9236 5131 9236 5007 9237 5005 9237 5133 9237 5133 9238 5003 9238 5134 9238 5005 9239 5003 9239 5133 9239 5134 9240 5001 9240 5135 9240 5135 9241 5001 9241 5136 9241 5003 9242 5001 9242 5134 9242 5001 9243 4999 9243 5136 9243 5136 9244 4997 9244 5137 9244 5137 9245 4997 9245 5138 9245 4999 9246 4997 9246 5136 9246 5138 9247 4995 9247 5139 9247 4997 9248 4995 9248 5138 9248 4995 9249 4993 9249 5139 9249 5139 9250 4991 9250 5140 9250 4993 9251 4991 9251 5139 9251 5140 9252 4989 9252 5141 9252 4991 9253 4989 9253 5140 9253 4989 9254 4987 9254 5141 9254 5141 9255 4987 9255 5142 9255 4987 9256 4985 9256 5142 9256 5142 9257 4985 9257 5143 9257 4985 9258 4983 9258 5143 9258 5143 9259 4983 9259 5144 9259 5144 9260 4983 9260 5145 9260 4983 9261 4981 9261 5145 9261 4981 9262 4979 9262 5145 9262 5145 9263 4979 9263 5146 9263 4979 9264 4977 9264 5146 9264 5146 9265 4977 9265 5147 9265 4977 9266 4975 9266 5147 9266 5147 9267 4975 9267 5148 9267 4975 9268 4973 9268 5148 9268 5148 9269 4973 9269 5149 9269 4973 9270 4971 9270 5149 9270 5149 9271 4971 9271 5150 9271 4971 9272 4969 9272 5150 9272 5150 9273 4969 9273 5151 9273 4969 9274 4967 9274 5151 9274 5151 9275 4967 9275 5152 9275 4967 9276 4965 9276 5152 9276 5152 9277 4965 9277 5153 9277 4965 9278 4963 9278 5153 9278 5153 9279 4963 9279 5154 9279 4963 9280 4961 9280 5154 9280 5154 9281 4961 9281 5155 9281 4961 9282 4959 9282 5155 9282 5155 9283 4959 9283 5156 9283 5156 9284 4959 9284 5157 9284 4959 9285 4957 9285 5157 9285 4957 9286 4954 9286 5157 9286 5157 9287 4954 9287 5158 9287 4954 9288 4955 9288 5158 9288 5158 9289 4955 9289 5159 9289 4955 9290 4956 9290 5159 9290 5159 9291 4956 9291 5160 9291 4956 9292 4958 9292 5160 9292 5160 9293 4958 9293 5161 9293 4958 9294 4960 9294 5161 9294 5161 9295 4960 9295 5162 9295 5162 9296 4962 9296 5163 9296 4960 9297 4962 9297 5162 9297 5163 9298 4964 9298 5164 9298 4962 9299 4964 9299 5163 9299 5164 9300 4966 9300 5165 9300 4964 9301 4966 9301 5164 9301 5165 9302 4968 9302 5166 9302 4966 9303 4968 9303 5165 9303 4968 9304 4970 9304 5166 9304 5166 9305 4970 9305 5167 9305 4970 9306 4972 9306 5167 9306 5167 9307 4972 9307 5168 9307 4972 9308 4974 9308 5168 9308 5168 9309 4974 9309 5169 9309 4974 9310 4976 9310 5169 9310 5169 9311 4976 9311 5170 9311 4976 9312 4978 9312 5170 9312 5170 9313 4978 9313 5171 9313 4978 9314 4980 9314 5171 9314 5171 9315 4980 9315 5172 9315 4980 9316 4982 9316 5172 9316 5172 9317 4982 9317 5173 9317 5173 9318 4982 9318 5174 9318 4982 9319 4984 9319 5174 9319 4984 9320 4986 9320 5174 9320 5174 9321 4986 9321 5175 9321 4986 9322 4988 9322 5175 9322 5175 9323 4988 9323 5176 9323 4988 9324 4990 9324 5176 9324 5176 9325 4990 9325 5177 9325 5177 9326 4990 9326 5178 9326 4990 9327 4992 9327 5178 9327 4992 9328 4994 9328 5178 9328 5178 9329 4994 9329 5179 9329 5180 9330 4996 9330 5181 9330 4994 9331 4996 9331 5179 9331 5179 9332 4996 9332 5180 9332 5181 9333 4998 9333 5182 9333 4996 9334 4998 9334 5181 9334 4998 9335 5000 9335 5182 9335 5182 9336 5002 9336 5183 9336 5183 9337 5002 9337 5184 9337 5000 9338 5002 9338 5182 9338 5184 9339 5004 9339 5185 9339 5002 9340 5004 9340 5184 9340 5004 9341 5006 9341 5185 9341 5185 9342 5008 9342 5186 9342 5186 9343 5008 9343 5187 9343 5006 9344 5008 9344 5185 9344 5008 9345 5010 9345 5187 9345 5187 9346 5012 9346 5188 9346 5010 9347 5012 9347 5187 9347 5188 9348 5014 9348 5189 9348 5012 9349 5014 9349 5188 9349 5189 9350 5016 9350 5190 9350 5190 9351 5016 9351 5191 9351 5014 9352 5016 9352 5189 9352 5016 9353 5018 9353 5191 9353 5018 9354 5020 9354 5191 9354 5191 9355 5020 9355 5192 9355 5020 9356 5022 9356 5192 9356 5192 9357 5022 9357 5193 9357 5022 9358 5024 9358 5193 9358 5193 9359 5024 9359 5194 9359 5194 9360 5027 9360 5195 9360 5024 9361 5027 9361 5194 9361 5027 9362 5028 9362 5195 9362 5195 9363 5028 9363 5196 9363 5196 9364 5031 9364 5197 9364 5028 9365 5031 9365 5196 9365 5197 9366 5032 9366 5198 9366 5031 9367 5032 9367 5197 9367 5198 9368 5034 9368 5199 9368 5032 9369 5034 9369 5198 9369 5199 9370 5035 9370 5200 9370 5034 9371 5035 9371 5199 9371 5200 9372 5037 9372 5201 9372 5035 9373 5037 9373 5200 9373 5201 9374 5040 9374 5202 9374 5202 9375 5040 9375 5203 9375 5037 9376 5040 9376 5201 9376 5040 9377 5043 9377 5203 9377 5203 9378 5045 9378 5204 9378 5043 9379 5045 9379 5203 9379 5204 9380 5046 9380 5205 9380 5045 9381 5046 9381 5204 9381 5205 9382 5048 9382 5080 9382 5046 9383 5048 9383 5205 9383 5206 9384 5158 9384 5159 9384 5206 9385 5159 9385 5160 9385 5206 9386 5160 9386 5161 9386 5206 9387 5161 9387 5162 9387 5206 9388 5162 9388 5163 9388 5206 9389 5163 9389 5164 9389 5206 9390 5164 9390 5165 9390 5206 9391 5165 9391 5166 9391 5206 9392 5166 9392 5167 9392 5206 9393 5167 9393 5168 9393 5206 9394 5168 9394 5169 9394 5206 9395 5169 9395 5170 9395 5206 9396 5170 9396 5171 9396 5206 9397 5171 9397 5172 9397 5207 9398 5158 9398 5206 9398 5207 9399 5157 9399 5158 9399 5208 9400 5157 9400 5207 9400 5208 9401 5156 9401 5157 9401 5209 9402 5156 9402 5208 9402 5209 9403 5155 9403 5156 9403 5173 9404 5206 9404 5172 9404 5210 9405 5155 9405 5209 9405 5210 9406 5154 9406 5155 9406 5211 9407 5154 9407 5210 9407 5211 9408 5153 9408 5154 9408 5212 9409 5153 9409 5211 9409 5212 9410 5152 9410 5153 9410 5174 9411 5206 9411 5173 9411 5213 9412 5152 9412 5212 9412 5213 9413 5151 9413 5152 9413 5214 9414 5150 9414 5151 9414 5214 9415 5151 9415 5213 9415 5215 9416 5149 9416 5150 9416 5215 9417 5150 9417 5214 9417 5216 9418 5148 9418 5149 9418 5216 9419 5149 9419 5215 9419 5217 9420 5147 9420 5148 9420 5217 9421 5148 9421 5216 9421 5218 9422 5146 9422 5147 9422 5218 9423 5147 9423 5217 9423 5219 9424 5146 9424 5218 9424 5219 9425 5145 9425 5146 9425 5220 9426 5144 9426 5145 9426 5220 9427 5145 9427 5219 9427 5221 9428 5143 9428 5144 9428 5221 9429 5144 9429 5220 9429 5222 9430 5143 9430 5221 9430 5223 9431 5143 9431 5222 9431 5223 9432 5142 9432 5143 9432 5224 9433 5142 9433 5223 9433 5224 9434 5141 9434 5142 9434 5225 9435 5141 9435 5224 9435 5225 9436 5140 9436 5141 9436 5226 9437 5140 9437 5225 9437 5226 9438 5139 9438 5140 9438 5227 9439 5139 9439 5226 9439 5227 9440 5138 9440 5139 9440 5228 9441 5138 9441 5227 9441 5228 9442 5137 9442 5138 9442 5229 9443 5137 9443 5228 9443 5229 9444 5136 9444 5137 9444 5230 9445 5136 9445 5229 9445 5230 9446 5135 9446 5136 9446 5231 9447 5135 9447 5230 9447 5231 9448 5134 9448 5135 9448 5232 9449 5134 9449 5231 9449 5232 9450 5133 9450 5134 9450 5233 9451 5132 9451 5133 9451 5233 9452 5133 9452 5232 9452 5234 9453 5132 9453 5233 9453 5234 9454 5131 9454 5132 9454 5235 9455 5130 9455 5131 9455 5235 9456 5131 9456 5234 9456 5236 9457 5129 9457 5130 9457 5236 9458 5130 9458 5235 9458 5237 9459 5129 9459 5236 9459 5128 9460 5129 9460 5237 9460 5238 9461 5128 9461 5237 9461 5239 9462 5180 9462 5181 9462 5239 9463 5181 9463 5182 9463 5239 9464 5182 9464 5183 9464 5239 9465 5183 9465 5184 9465 5239 9466 5184 9466 5185 9466 5239 9467 5185 9467 5186 9467 5239 9468 5186 9468 5187 9468 5239 9469 5187 9469 5188 9469 5239 9470 5188 9470 5189 9470 5239 9471 5189 9471 5190 9471 5239 9472 5206 9472 5174 9472 5239 9473 5174 9473 5175 9473 5239 9474 5175 9474 5176 9474 5239 9475 5176 9475 5177 9475 5239 9476 5177 9476 5178 9476 5239 9477 5178 9477 5179 9477 5239 9478 5179 9478 5180 9478 5127 9479 5128 9479 5238 9479 5191 9480 5239 9480 5190 9480 5240 9481 5239 9481 5191 9481 5126 9482 5127 9482 5238 9482 5192 9483 5241 9483 5240 9483 5192 9484 5240 9484 5191 9484 5125 9485 5126 9485 5238 9485 5193 9486 5242 9486 5241 9486 5193 9487 5241 9487 5192 9487 5124 9488 5125 9488 5238 9488 5194 9489 5243 9489 5242 9489 5194 9490 5242 9490 5193 9490 5123 9491 5124 9491 5238 9491 5195 9492 5243 9492 5194 9492 5195 9493 5244 9493 5243 9493 5122 9494 5123 9494 5238 9494 5196 9495 5244 9495 5195 9495 5196 9496 5245 9496 5244 9496 5121 9497 5122 9497 5238 9497 5197 9498 5245 9498 5196 9498 5197 9499 5246 9499 5245 9499 5120 9500 5121 9500 5238 9500 5198 9501 5246 9501 5197 9501 5198 9502 5247 9502 5246 9502 5119 9503 5120 9503 5238 9503 5199 9504 5247 9504 5198 9504 5199 9505 5248 9505 5247 9505 5118 9506 5119 9506 5238 9506 5200 9507 5248 9507 5199 9507 5200 9508 5249 9508 5248 9508 5117 9509 5118 9509 5238 9509 5201 9510 5249 9510 5200 9510 5201 9511 5250 9511 5249 9511 5116 9512 5117 9512 5238 9512 5202 9513 5250 9513 5201 9513 5202 9514 5251 9514 5250 9514 5115 9515 5116 9515 5238 9515 5203 9516 5251 9516 5202 9516 5203 9517 5252 9517 5251 9517 5114 9518 5115 9518 5238 9518 5204 9519 5252 9519 5203 9519 5204 9520 5253 9520 5252 9520 5113 9521 5114 9521 5238 9521 5205 9522 5253 9522 5204 9522 5205 9523 5254 9523 5253 9523 5112 9524 5113 9524 5238 9524 5080 9525 5255 9525 5254 9525 5080 9526 5256 9526 5255 9526 5080 9527 5254 9527 5205 9527 5111 9528 5112 9528 5238 9528 5081 9529 5257 9529 5256 9529 5081 9530 5256 9530 5080 9530 5258 9531 5111 9531 5238 9531 5258 9532 5110 9532 5111 9532 5082 9533 5259 9533 5257 9533 5082 9534 5257 9534 5081 9534 5109 9535 5110 9535 5258 9535 5083 9536 5259 9536 5082 9536 5083 9537 5260 9537 5259 9537 5108 9538 5109 9538 5258 9538 5084 9539 5261 9539 5260 9539 5084 9540 5260 9540 5083 9540 5107 9541 5108 9541 5258 9541 5085 9542 5262 9542 5261 9542 5085 9543 5261 9543 5084 9543 5106 9544 5107 9544 5258 9544 5086 9545 5262 9545 5085 9545 5086 9546 5263 9546 5262 9546 5105 9547 5106 9547 5258 9547 5087 9548 5264 9548 5263 9548 5087 9549 5263 9549 5086 9549 5104 9550 5105 9550 5258 9550 5088 9551 5264 9551 5087 9551 5088 9552 5265 9552 5264 9552 5103 9553 5104 9553 5258 9553 5089 9554 5265 9554 5088 9554 5089 9555 5266 9555 5265 9555 5102 9556 5103 9556 5258 9556 5090 9557 5266 9557 5089 9557 5090 9558 5267 9558 5266 9558 5101 9559 5102 9559 5258 9559 5091 9560 5267 9560 5090 9560 5091 9561 5268 9561 5267 9561 5100 9562 5101 9562 5258 9562 5092 9563 5268 9563 5091 9563 5092 9564 5269 9564 5268 9564 5099 9565 5100 9565 5258 9565 5093 9566 5269 9566 5092 9566 5093 9567 5270 9567 5269 9567 5098 9568 5099 9568 5258 9568 5094 9569 5270 9569 5093 9569 5094 9570 5271 9570 5270 9570 5097 9571 5098 9571 5258 9571 5095 9572 5271 9572 5094 9572 5095 9573 5258 9573 5271 9573 5096 9574 5097 9574 5258 9574 5096 9575 5258 9575 5095 9575 5238 9576 5237 9576 5272 9576 5272 9577 5237 9577 5273 9577 5273 9578 5236 9578 5274 9578 5237 9579 5236 9579 5273 9579 5274 9580 5235 9580 5275 9580 5236 9581 5235 9581 5274 9581 5275 9582 5234 9582 5276 9582 5235 9583 5234 9583 5275 9583 5276 9584 5233 9584 5277 9584 5234 9585 5233 9585 5276 9585 5277 9586 5232 9586 5278 9586 5233 9587 5232 9587 5277 9587 5278 9588 5231 9588 5279 9588 5232 9589 5231 9589 5278 9589 5279 9590 5230 9590 5280 9590 5231 9591 5230 9591 5279 9591 5230 9592 5229 9592 5280 9592 5280 9593 5229 9593 5281 9593 5281 9594 5228 9594 5282 9594 5229 9595 5228 9595 5281 9595 5282 9596 5227 9596 5283 9596 5228 9597 5227 9597 5282 9597 5283 9598 5226 9598 5284 9598 5227 9599 5226 9599 5283 9599 5284 9600 5225 9600 5285 9600 5285 9601 5225 9601 5286 9601 5226 9602 5225 9602 5284 9602 5225 9603 5224 9603 5286 9603 5286 9604 5223 9604 5287 9604 5224 9605 5223 9605 5286 9605 5287 9606 5222 9606 5288 9606 5223 9607 5222 9607 5287 9607 5288 9608 5221 9608 5289 9608 5222 9609 5221 9609 5288 9609 5289 9610 5220 9610 5290 9610 5290 9611 5220 9611 5291 9611 5221 9612 5220 9612 5289 9612 5220 9613 5219 9613 5291 9613 5291 9614 5218 9614 5292 9614 5219 9615 5218 9615 5291 9615 5292 9616 5217 9616 5293 9616 5218 9617 5217 9617 5292 9617 5293 9618 5216 9618 5294 9618 5217 9619 5216 9619 5293 9619 5294 9620 5215 9620 5295 9620 5295 9621 5215 9621 5296 9621 5216 9622 5215 9622 5294 9622 5215 9623 5214 9623 5296 9623 5296 9624 5213 9624 5297 9624 5214 9625 5213 9625 5296 9625 5297 9626 5212 9626 5298 9626 5213 9627 5212 9627 5297 9627 5298 9628 5211 9628 5299 9628 5299 9629 5211 9629 5300 9629 5212 9630 5211 9630 5298 9630 5300 9631 5210 9631 5301 9631 5211 9632 5210 9632 5300 9632 5301 9633 5209 9633 5302 9633 5210 9634 5209 9634 5301 9634 5209 9635 5208 9635 5302 9635 5302 9636 5207 9636 5303 9636 5208 9637 5207 9637 5302 9637 5303 9638 5206 9638 5304 9638 5207 9639 5206 9639 5303 9639 5258 9640 5305 9640 5306 9640 5258 9641 5238 9641 5305 9641 5238 9642 5272 9642 5305 9642 5239 9643 5240 9643 5307 9643 5307 9644 5240 9644 5308 9644 5308 9645 5241 9645 5309 9645 5240 9646 5241 9646 5308 9646 5309 9647 5242 9647 5310 9647 5241 9648 5242 9648 5309 9648 5310 9649 5243 9649 5311 9649 5242 9650 5243 9650 5310 9650 5311 9651 5244 9651 5312 9651 5243 9652 5244 9652 5311 9652 5312 9653 5245 9653 5313 9653 5244 9654 5245 9654 5312 9654 5313 9655 5246 9655 5314 9655 5245 9656 5246 9656 5313 9656 5314 9657 5247 9657 5315 9657 5246 9658 5247 9658 5314 9658 5247 9659 5248 9659 5315 9659 5315 9660 5248 9660 5316 9660 5316 9661 5249 9661 5317 9661 5248 9662 5249 9662 5316 9662 5317 9663 5250 9663 5318 9663 5249 9664 5250 9664 5317 9664 5318 9665 5251 9665 5319 9665 5250 9666 5251 9666 5318 9666 5319 9667 5252 9667 5320 9667 5251 9668 5252 9668 5319 9668 5320 9669 5253 9669 5321 9669 5252 9670 5253 9670 5320 9670 5321 9671 5254 9671 5322 9671 5253 9672 5254 9672 5321 9672 5322 9673 5255 9673 5323 9673 5254 9674 5255 9674 5322 9674 5323 9675 5256 9675 5324 9675 5255 9676 5256 9676 5323 9676 5324 9677 5257 9677 5325 9677 5256 9678 5257 9678 5324 9678 5325 9679 5259 9679 5326 9679 5257 9680 5259 9680 5325 9680 5326 9681 5260 9681 5327 9681 5327 9682 5260 9682 5328 9682 5259 9683 5260 9683 5326 9683 5260 9684 5261 9684 5328 9684 5328 9685 5262 9685 5329 9685 5261 9686 5262 9686 5328 9686 5329 9687 5263 9687 5330 9687 5262 9688 5263 9688 5329 9688 5330 9689 5264 9689 5331 9689 5263 9690 5264 9690 5330 9690 5331 9691 5265 9691 5332 9691 5264 9692 5265 9692 5331 9692 5332 9693 5266 9693 5333 9693 5265 9694 5266 9694 5332 9694 5333 9695 5267 9695 5334 9695 5334 9696 5267 9696 5335 9696 5266 9697 5267 9697 5333 9697 5267 9698 5268 9698 5335 9698 5335 9699 5269 9699 5336 9699 5268 9700 5269 9700 5335 9700 5336 9701 5270 9701 5337 9701 5269 9702 5270 9702 5336 9702 5337 9703 5271 9703 5338 9703 5338 9704 5271 9704 5306 9704 5270 9705 5271 9705 5337 9705 5271 9706 5258 9706 5306 9706 5307 9707 5339 9707 5239 9707 5304 9708 5206 9708 5339 9708 5339 9709 5206 9709 5239 9709 5340 9710 5303 9710 5304 9710 5341 9711 5340 9711 5304 9711 5342 9712 5303 9712 5340 9712 5342 9713 5302 9713 5303 9713 5343 9714 5341 9714 5304 9714 5344 9715 5302 9715 5342 9715 5344 9716 5301 9716 5302 9716 5345 9717 5343 9717 5304 9717 5346 9718 5301 9718 5344 9718 5346 9719 5300 9719 5301 9719 5347 9720 5345 9720 5304 9720 5348 9721 5300 9721 5346 9721 5348 9722 5299 9722 5300 9722 5349 9723 5347 9723 5304 9723 5350 9724 5299 9724 5348 9724 5350 9725 5298 9725 5299 9725 5351 9726 5349 9726 5304 9726 5352 9727 5298 9727 5350 9727 5352 9728 5297 9728 5298 9728 5353 9729 5351 9729 5304 9729 5354 9730 5297 9730 5352 9730 5354 9731 5296 9731 5297 9731 5355 9732 5353 9732 5304 9732 5356 9733 5296 9733 5354 9733 5356 9734 5295 9734 5296 9734 5357 9735 5355 9735 5304 9735 5358 9736 5295 9736 5356 9736 5358 9737 5294 9737 5295 9737 5359 9738 5357 9738 5304 9738 5360 9739 5294 9739 5358 9739 5360 9740 5293 9740 5294 9740 5361 9741 5359 9741 5304 9741 5362 9742 5293 9742 5360 9742 5362 9743 5292 9743 5293 9743 5363 9744 5361 9744 5304 9744 5364 9745 5291 9745 5292 9745 5364 9746 5292 9746 5362 9746 5365 9747 5363 9747 5304 9747 5366 9748 5290 9748 5291 9748 5366 9749 5291 9749 5364 9749 5367 9750 5365 9750 5304 9750 5368 9751 5289 9751 5290 9751 5368 9752 5290 9752 5366 9752 5369 9753 5367 9753 5304 9753 5370 9754 5289 9754 5368 9754 5370 9755 5288 9755 5289 9755 5371 9756 5288 9756 5370 9756 5371 9757 5287 9757 5288 9757 5372 9758 5287 9758 5371 9758 5372 9759 5286 9759 5287 9759 5373 9760 5286 9760 5372 9760 5373 9761 5285 9761 5286 9761 5374 9762 5285 9762 5373 9762 5374 9763 5284 9763 5285 9763 5375 9764 5284 9764 5374 9764 5375 9765 5283 9765 5284 9765 5376 9766 5283 9766 5375 9766 5376 9767 5282 9767 5283 9767 5377 9768 5282 9768 5376 9768 5377 9769 5281 9769 5282 9769 5378 9770 5281 9770 5377 9770 5378 9771 5280 9771 5281 9771 5379 9772 5280 9772 5378 9772 5379 9773 5279 9773 5280 9773 5380 9774 5279 9774 5379 9774 5380 9775 5278 9775 5279 9775 5381 9776 5278 9776 5380 9776 5381 9777 5277 9777 5278 9777 5382 9778 5277 9778 5381 9778 5382 9779 5276 9779 5277 9779 5383 9780 5276 9780 5382 9780 5383 9781 5275 9781 5276 9781 5384 9782 5275 9782 5383 9782 5384 9783 5274 9783 5275 9783 5385 9784 5274 9784 5384 9784 5385 9785 5273 9785 5274 9785 5386 9786 5273 9786 5385 9786 5386 9787 5272 9787 5273 9787 5387 9788 5272 9788 5386 9788 5388 9789 5272 9789 5387 9789 5389 9790 5272 9790 5388 9790 5390 9791 5272 9791 5389 9791 5391 9792 5272 9792 5390 9792 5392 9793 5272 9793 5391 9793 5393 9794 5272 9794 5392 9794 5394 9795 5272 9795 5393 9795 5395 9796 5272 9796 5394 9796 5396 9797 5272 9797 5395 9797 5305 9798 5272 9798 5397 9798 5397 9799 5272 9799 5398 9799 5398 9800 5272 9800 5399 9800 5399 9801 5272 9801 5400 9801 5400 9802 5272 9802 5401 9802 5401 9803 5272 9803 5396 9803 5304 9804 5339 9804 5369 9804 5307 9805 5402 9805 5403 9805 5307 9806 5404 9806 5402 9806 5307 9807 5405 9807 5404 9807 5307 9808 5406 9808 5405 9808 5307 9809 5407 9809 5406 9809 5307 9810 5408 9810 5407 9810 5307 9811 5409 9811 5408 9811 5307 9812 5410 9812 5409 9812 5307 9813 5411 9813 5410 9813 5307 9814 5412 9814 5411 9814 5307 9815 5413 9815 5412 9815 5307 9816 5414 9816 5413 9816 5307 9817 5415 9817 5414 9817 5307 9818 5416 9818 5415 9818 5417 9819 5416 9819 5307 9819 5308 9820 5417 9820 5307 9820 5418 9821 5417 9821 5308 9821 5309 9822 5419 9822 5418 9822 5309 9823 5418 9823 5308 9823 5310 9824 5420 9824 5419 9824 5310 9825 5419 9825 5309 9825 5311 9826 5421 9826 5420 9826 5311 9827 5420 9827 5310 9827 5312 9828 5422 9828 5421 9828 5312 9829 5421 9829 5311 9829 5313 9830 5423 9830 5422 9830 5313 9831 5422 9831 5312 9831 5314 9832 5424 9832 5423 9832 5314 9833 5423 9833 5313 9833 5315 9834 5425 9834 5424 9834 5315 9835 5424 9835 5314 9835 5316 9836 5426 9836 5425 9836 5316 9837 5425 9837 5315 9837 5317 9838 5427 9838 5426 9838 5317 9839 5426 9839 5316 9839 5318 9840 5428 9840 5427 9840 5318 9841 5427 9841 5317 9841 5319 9842 5429 9842 5428 9842 5319 9843 5428 9843 5318 9843 5320 9844 5430 9844 5429 9844 5320 9845 5429 9845 5319 9845 5321 9846 5430 9846 5320 9846 5321 9847 5431 9847 5430 9847 5322 9848 5431 9848 5321 9848 5322 9849 5432 9849 5431 9849 5323 9850 5432 9850 5322 9850 5324 9851 5432 9851 5323 9851 5324 9852 5433 9852 5432 9852 5325 9853 5433 9853 5324 9853 5325 9854 5434 9854 5433 9854 5326 9855 5434 9855 5325 9855 5326 9856 5435 9856 5434 9856 5327 9857 5435 9857 5326 9857 5327 9858 5436 9858 5435 9858 5328 9859 5437 9859 5436 9859 5328 9860 5436 9860 5327 9860 5329 9861 5437 9861 5328 9861 5329 9862 5438 9862 5437 9862 5330 9863 5438 9863 5329 9863 5330 9864 5439 9864 5438 9864 5331 9865 5439 9865 5330 9865 5331 9866 5440 9866 5439 9866 5332 9867 5440 9867 5331 9867 5332 9868 5441 9868 5440 9868 5333 9869 5442 9869 5441 9869 5333 9870 5441 9870 5332 9870 5334 9871 5443 9871 5442 9871 5334 9872 5442 9872 5333 9872 5335 9873 5444 9873 5443 9873 5335 9874 5443 9874 5334 9874 5336 9875 5445 9875 5444 9875 5336 9876 5444 9876 5335 9876 5337 9877 5446 9877 5445 9877 5337 9878 5445 9878 5336 9878 5338 9879 5447 9879 5446 9879 5338 9880 5446 9880 5337 9880 5306 9881 5448 9881 5447 9881 5306 9882 5449 9882 5448 9882 5306 9883 5450 9883 5449 9883 5306 9884 5451 9884 5450 9884 5306 9885 5452 9885 5451 9885 5306 9886 5453 9886 5452 9886 5306 9887 5454 9887 5453 9887 5306 9888 5455 9888 5454 9888 5306 9889 5456 9889 5455 9889 5306 9890 5457 9890 5456 9890 5306 9891 5458 9891 5457 9891 5306 9892 5447 9892 5338 9892 5339 9893 5307 9893 5459 9893 5459 9894 5307 9894 5403 9894 5306 9895 5305 9895 5460 9895 5306 9896 5460 9896 5461 9896 5306 9897 5461 9897 5462 9897 5306 9898 5462 9898 5463 9898 5306 9899 5463 9899 5464 9899 5306 9900 5464 9900 5458 9900 5465 9901 5466 9901 5467 9901 5467 9902 5466 9902 5468 9902 5468 9903 5466 9903 5469 9903 5470 9904 5471 9904 5472 9904 5400 9905 5471 9905 5473 9905 5473 9906 5471 9906 5474 9906 5401 9907 5471 9907 5400 9907 5396 9908 5471 9908 5401 9908 5474 9909 5471 9909 5470 9909 5472 9910 5475 9910 5465 9910 5476 9911 5477 9911 5478 9911 5466 9912 5479 9912 5469 9912 5469 9913 5479 9913 5480 9913 5480 9914 5479 9914 5481 9914 5471 9915 5482 9915 5472 9915 5396 9916 5482 9916 5471 9916 5395 9917 5482 9917 5396 9917 5394 9918 5482 9918 5395 9918 5475 9919 5483 9919 5465 9919 5465 9920 5483 9920 5466 9920 5479 9921 5484 9921 5481 9921 5481 9922 5484 9922 5485 9922 5485 9923 5484 9923 5486 9923 5394 9924 5487 9924 5482 9924 5472 9925 5487 9925 5475 9925 5482 9926 5487 9926 5472 9926 5393 9927 5487 9927 5394 9927 5392 9928 5487 9928 5393 9928 5479 9929 5488 9929 5484 9929 5466 9930 5488 9930 5479 9930 5483 9931 5488 9931 5466 9931 5486 9932 5489 9932 5490 9932 5490 9933 5489 9933 5491 9933 5484 9934 5489 9934 5486 9934 5475 9935 5492 9935 5483 9935 5432 9936 5433 9936 5493 9936 5391 9937 5492 9937 5392 9937 5390 9938 5492 9938 5391 9938 5392 9939 5492 9939 5487 9939 5487 9940 5492 9940 5475 9940 5488 9941 5494 9941 5484 9941 5489 9942 5495 9942 5491 9942 5491 9943 5495 9943 5496 9943 5496 9944 5495 9944 5497 9944 5483 9945 5498 9945 5488 9945 5390 9946 5498 9946 5492 9946 5389 9947 5498 9947 5390 9947 5388 9948 5498 9948 5389 9948 5492 9949 5498 9949 5483 9949 5488 9950 5498 9950 5494 9950 5484 9951 5499 9951 5489 9951 5494 9952 5499 9952 5484 9952 5497 9953 5500 9953 5501 9953 5501 9954 5500 9954 5502 9954 5495 9955 5500 9955 5497 9955 5498 9956 5503 9956 5494 9956 5388 9957 5503 9957 5498 9957 5387 9958 5503 9958 5388 9958 5386 9959 5503 9959 5387 9959 5499 9960 5504 9960 5489 9960 5489 9961 5504 9961 5495 9961 5502 9962 5505 9962 5506 9962 5506 9963 5505 9963 5507 9963 5500 9964 5505 9964 5502 9964 5386 9965 5508 9965 5503 9965 5494 9966 5508 9966 5499 9966 5385 9967 5508 9967 5386 9967 5384 9968 5508 9968 5385 9968 5503 9969 5508 9969 5494 9969 5495 9970 5509 9970 5500 9970 5500 9971 5509 9971 5505 9971 5504 9972 5509 9972 5495 9972 5507 9973 5510 9973 5511 9973 5511 9974 5510 9974 5512 9974 5505 9975 5510 9975 5507 9975 5384 9976 5513 9976 5508 9976 5508 9977 5513 9977 5499 9977 5499 9978 5513 9978 5504 9978 5383 9979 5513 9979 5384 9979 5382 9980 5513 9980 5383 9980 5509 9981 5514 9981 5505 9981 5510 9982 5515 9982 5512 9982 5512 9983 5515 9983 5516 9983 5516 9984 5515 9984 5517 9984 5504 9985 5518 9985 5509 9985 5513 9986 5518 9986 5504 9986 5509 9987 5518 9987 5514 9987 5381 9988 5518 9988 5382 9988 5380 9989 5518 9989 5381 9989 5382 9990 5518 9990 5513 9990 5505 9991 5519 9991 5510 9991 5510 9992 5519 9992 5515 9992 5514 9993 5519 9993 5505 9993 5515 9994 5520 9994 5517 9994 5517 9995 5520 9995 5521 9995 5521 9996 5520 9996 5522 9996 5518 9997 5523 9997 5514 9997 5380 9998 5523 9998 5518 9998 5379 9999 5523 9999 5380 9999 5378 10000 5523 10000 5379 10000 5519 10001 5524 10001 5515 10001 5515 10002 5524 10002 5520 10002 5520 10003 5525 10003 5522 10003 5522 10004 5525 10004 5526 10004 5526 10005 5525 10005 5527 10005 5523 10006 5528 10006 5514 10006 5514 10007 5528 10007 5519 10007 5378 10008 5528 10008 5523 10008 5377 10009 5528 10009 5378 10009 5376 10010 5528 10010 5377 10010 5524 10011 5529 10011 5520 10011 5527 10012 5530 10012 5531 10012 5531 10013 5530 10013 5532 10013 5525 10014 5530 10014 5527 10014 5519 10015 5533 10015 5524 10015 5376 10016 5533 10016 5528 10016 5528 10017 5533 10017 5519 10017 5375 10018 5533 10018 5376 10018 5374 10019 5533 10019 5375 10019 5520 10020 5534 10020 5525 10020 5529 10021 5534 10021 5520 10021 5530 10022 5535 10022 5532 10022 5532 10023 5535 10023 5536 10023 5536 10024 5535 10024 5537 10024 5529 10025 5538 10025 5534 10025 5533 10026 5538 10026 5524 10026 5524 10027 5538 10027 5529 10027 5374 10028 5538 10028 5533 10028 5373 10029 5538 10029 5374 10029 5372 10030 5538 10030 5373 10030 5525 10031 5539 10031 5530 10031 5534 10032 5539 10032 5525 10032 5537 10033 5540 10033 5541 10033 5541 10034 5540 10034 5542 10034 5535 10035 5540 10035 5537 10035 5538 10036 5543 10036 5534 10036 5371 10037 5543 10037 5372 10037 5372 10038 5543 10038 5538 10038 5370 10039 5543 10039 5371 10039 5539 10040 5544 10040 5530 10040 5530 10041 5544 10041 5535 10041 5542 10042 5545 10042 5546 10042 5546 10043 5545 10043 5547 10043 5540 10044 5545 10044 5542 10044 5370 10045 5548 10045 5543 10045 5543 10046 5548 10046 5534 10046 5534 10047 5548 10047 5539 10047 5368 10048 5548 10048 5370 10048 5366 10049 5548 10049 5368 10049 5544 10050 5549 10050 5535 10050 5535 10051 5549 10051 5540 10051 5547 10052 5550 10052 5551 10052 5551 10053 5550 10053 5552 10053 5545 10054 5550 10054 5547 10054 5544 10055 5553 10055 5549 10055 5366 10056 5553 10056 5548 10056 5548 10057 5553 10057 5539 10057 5364 10058 5553 10058 5366 10058 5362 10059 5553 10059 5364 10059 5539 10060 5553 10060 5544 10060 5540 10061 5554 10061 5545 10061 5549 10062 5554 10062 5540 10062 5552 10063 5555 10063 5556 10063 5556 10064 5555 10064 5557 10064 5550 10065 5555 10065 5552 10065 5553 10066 5558 10066 5549 10066 5362 10067 5558 10067 5553 10067 5549 10068 5558 10068 5554 10068 5360 10069 5558 10069 5362 10069 5358 10070 5558 10070 5360 10070 5554 10071 5559 10071 5545 10071 5545 10072 5559 10072 5550 10072 5555 10073 5560 10073 5557 10073 5557 10074 5560 10074 5561 10074 5561 10075 5560 10075 5562 10075 5354 10076 5563 10076 5356 10076 5558 10077 5563 10077 5554 10077 5358 10078 5563 10078 5558 10078 5356 10079 5563 10079 5358 10079 5550 10080 5564 10080 5555 10080 5559 10081 5564 10081 5550 10081 5560 10082 5565 10082 5562 10082 5562 10083 5565 10083 5566 10083 5566 10084 5565 10084 5567 10084 5352 10085 5568 10085 5354 10085 5350 10086 5568 10086 5352 10086 5354 10087 5568 10087 5563 10087 5554 10088 5568 10088 5559 10088 5563 10089 5568 10089 5554 10089 5564 10090 5569 10090 5555 10090 5555 10091 5569 10091 5560 10091 5565 10092 5570 10092 5567 10092 5567 10093 5570 10093 5571 10093 5571 10094 5570 10094 5572 10094 5348 10095 5573 10095 5350 10095 5346 10096 5573 10096 5348 10096 5350 10097 5573 10097 5568 10097 5568 10098 5573 10098 5559 10098 5559 10099 5573 10099 5564 10099 5569 10100 5574 10100 5560 10100 5560 10101 5574 10101 5565 10101 5570 10102 5575 10102 5572 10102 5572 10103 5575 10103 5576 10103 5576 10104 5575 10104 5577 10104 5344 10105 5578 10105 5346 10105 5342 10106 5578 10106 5344 10106 5346 10107 5578 10107 5573 10107 5564 10108 5578 10108 5569 10108 5573 10109 5578 10109 5564 10109 5565 10110 5579 10110 5570 10110 5574 10111 5579 10111 5565 10111 5575 10112 5580 10112 5577 10112 5577 10113 5580 10113 5581 10113 5581 10114 5580 10114 5582 10114 5342 10115 5583 10115 5578 10115 5340 10116 5583 10116 5342 10116 5341 10117 5583 10117 5340 10117 5569 10118 5583 10118 5574 10118 5578 10119 5583 10119 5569 10119 5579 10120 5584 10120 5570 10120 5570 10121 5584 10121 5575 10121 5580 10122 5585 10122 5582 10122 5582 10123 5585 10123 5586 10123 5586 10124 5585 10124 5587 10124 5343 10125 5588 10125 5341 10125 5345 10126 5588 10126 5343 10126 5341 10127 5588 10127 5583 10127 5574 10128 5588 10128 5579 10128 5583 10129 5588 10129 5574 10129 5575 10130 5589 10130 5580 10130 5584 10131 5589 10131 5575 10131 5585 10132 5590 10132 5587 10132 5587 10133 5590 10133 5591 10133 5591 10134 5590 10134 5592 10134 5347 10135 5593 10135 5345 10135 5349 10136 5593 10136 5347 10136 5345 10137 5593 10137 5588 10137 5579 10138 5593 10138 5584 10138 5588 10139 5593 10139 5579 10139 5584 10140 5593 10140 5589 10140 5580 10141 5594 10141 5585 10141 5589 10142 5594 10142 5580 10142 5590 10143 5595 10143 5592 10143 5592 10144 5595 10144 5596 10144 5596 10145 5595 10145 5597 10145 5351 10146 5598 10146 5349 10146 5353 10147 5598 10147 5351 10147 5349 10148 5598 10148 5593 10148 5593 10149 5598 10149 5589 10149 5589 10150 5598 10150 5594 10150 5585 10151 5599 10151 5590 10151 5594 10152 5599 10152 5585 10152 5595 10153 5600 10153 5597 10153 5597 10154 5600 10154 5601 10154 5601 10155 5600 10155 5602 10155 5355 10156 5603 10156 5353 10156 5357 10157 5603 10157 5355 10157 5353 10158 5603 10158 5598 10158 5598 10159 5603 10159 5594 10159 5599 10160 5604 10160 5590 10160 5590 10161 5604 10161 5595 10161 5600 10162 5605 10162 5602 10162 5602 10163 5605 10163 5606 10163 5606 10164 5605 10164 5607 10164 5594 10165 5608 10165 5599 10165 5357 10166 5608 10166 5603 10166 5359 10167 5608 10167 5357 10167 5361 10168 5608 10168 5359 10168 5603 10169 5608 10169 5594 10169 5604 10170 5609 10170 5595 10170 5595 10171 5609 10171 5600 10171 5605 10172 5610 10172 5607 10172 5607 10173 5610 10173 5611 10173 5611 10174 5610 10174 5612 10174 5363 10175 5613 10175 5361 10175 5365 10176 5613 10176 5363 10176 5608 10177 5613 10177 5599 10177 5361 10178 5613 10178 5608 10178 5599 10179 5613 10179 5604 10179 5600 10180 5614 10180 5605 10180 5609 10181 5614 10181 5600 10181 5610 10182 5615 10182 5612 10182 5612 10183 5615 10183 5616 10183 5616 10184 5615 10184 5617 10184 5367 10185 5618 10185 5365 10185 5369 10186 5618 10186 5367 10186 5613 10187 5618 10187 5604 10187 5604 10188 5618 10188 5609 10188 5365 10189 5618 10189 5613 10189 5614 10190 5619 10190 5605 10190 5605 10191 5619 10191 5610 10191 5620 10192 5621 10192 5622 10192 5615 10193 5621 10193 5617 10193 5617 10194 5621 10194 5620 10194 5614 10195 5623 10195 5619 10195 5369 10196 5623 10196 5618 10196 5339 10197 5623 10197 5369 10197 5459 10198 5623 10198 5339 10198 5618 10199 5623 10199 5609 10199 5609 10200 5623 10200 5614 10200 5610 10201 5624 10201 5615 10201 5619 10202 5624 10202 5610 10202 5622 10203 5625 10203 5626 10203 5626 10204 5625 10204 5627 10204 5621 10205 5625 10205 5622 10205 5623 10206 5628 10206 5619 10206 5403 10207 5628 10207 5459 10207 5402 10208 5628 10208 5403 10208 5459 10209 5628 10209 5623 10209 5619 10210 5628 10210 5624 10210 5624 10211 5629 10211 5615 10211 5615 10212 5629 10212 5621 10212 5627 10213 5630 10213 5631 10213 5631 10214 5630 10214 5632 10214 5625 10215 5630 10215 5627 10215 5628 10216 5633 10216 5624 10216 5404 10217 5633 10217 5402 10217 5405 10218 5633 10218 5404 10218 5402 10219 5633 10219 5628 10219 5621 10220 5634 10220 5625 10220 5629 10221 5634 10221 5621 10221 5632 10222 5635 10222 5636 10222 5636 10223 5635 10223 5637 10223 5630 10224 5635 10224 5632 10224 5624 10225 5638 10225 5629 10225 5406 10226 5638 10226 5405 10226 5407 10227 5638 10227 5406 10227 5633 10228 5638 10228 5624 10228 5405 10229 5638 10229 5633 10229 5625 10230 5639 10230 5630 10230 5634 10231 5639 10231 5625 10231 5637 10232 5640 10232 5641 10232 5641 10233 5640 10233 5642 10233 5635 10234 5640 10234 5637 10234 5408 10235 5643 10235 5407 10235 5409 10236 5643 10236 5408 10236 5638 10237 5643 10237 5629 10237 5407 10238 5643 10238 5638 10238 5629 10239 5643 10239 5634 10239 5639 10240 5644 10240 5630 10240 5630 10241 5644 10241 5635 10241 5642 10242 5645 10242 5646 10242 5646 10243 5645 10243 5647 10243 5640 10244 5645 10244 5642 10244 5634 10245 5648 10245 5639 10245 5410 10246 5648 10246 5409 10246 5411 10247 5648 10247 5410 10247 5409 10248 5648 10248 5643 10248 5643 10249 5648 10249 5634 10249 5635 10250 5649 10250 5640 10250 5644 10251 5649 10251 5635 10251 5647 10252 5650 10252 5651 10252 5651 10253 5650 10253 5652 10253 5645 10254 5650 10254 5647 10254 5411 10255 5653 10255 5648 10255 5639 10256 5653 10256 5644 10256 5412 10257 5653 10257 5411 10257 5413 10258 5653 10258 5412 10258 5648 10259 5653 10259 5639 10259 5640 10260 5654 10260 5645 10260 5649 10261 5654 10261 5640 10261 5652 10262 5655 10262 5656 10262 5656 10263 5655 10263 5657 10263 5650 10264 5655 10264 5652 10264 5414 10265 5658 10265 5413 10265 5415 10266 5658 10266 5414 10266 5413 10267 5658 10267 5653 10267 5653 10268 5658 10268 5644 10268 5644 10269 5658 10269 5649 10269 5645 10270 5659 10270 5650 10270 5654 10271 5659 10271 5645 10271 5655 10272 5660 10272 5657 10272 5657 10273 5660 10273 5661 10273 5661 10274 5660 10274 5662 10274 5649 10275 5663 10275 5654 10275 5658 10276 5663 10276 5649 10276 5416 10277 5663 10277 5415 10277 5417 10278 5663 10278 5416 10278 5415 10279 5663 10279 5658 10279 5659 10280 5664 10280 5650 10280 5650 10281 5664 10281 5655 10281 5662 10282 5665 10282 5666 10282 5666 10283 5665 10283 5667 10283 5660 10284 5665 10284 5662 10284 5663 10285 5668 10285 5654 10285 5418 10286 5668 10286 5417 10286 5419 10287 5668 10287 5418 10287 5654 10288 5668 10288 5659 10288 5417 10289 5668 10289 5663 10289 5655 10290 5669 10290 5660 10290 5664 10291 5669 10291 5655 10291 5665 10292 5670 10292 5667 10292 5667 10293 5670 10293 5671 10293 5671 10294 5670 10294 5672 10294 5659 10295 5673 10295 5664 10295 5419 10296 5673 10296 5668 10296 5420 10297 5673 10297 5419 10297 5421 10298 5673 10298 5420 10298 5668 10299 5673 10299 5659 10299 5665 10300 5674 10300 5670 10300 5660 10301 5674 10301 5665 10301 5669 10302 5674 10302 5660 10302 5670 10303 5675 10303 5672 10303 5672 10304 5675 10304 5676 10304 5676 10305 5675 10305 5677 10305 5673 10306 5678 10306 5664 10306 5421 10307 5678 10307 5673 10307 5664 10308 5678 10308 5669 10308 5422 10309 5678 10309 5421 10309 5423 10310 5678 10310 5422 10310 5674 10311 5679 10311 5670 10311 5677 10312 5680 10312 5681 10312 5681 10313 5680 10313 5682 10313 5675 10314 5680 10314 5677 10314 5682 10315 5680 10315 5477 10315 5669 10316 5683 10316 5674 10316 5423 10317 5683 10317 5678 10317 5678 10318 5683 10318 5669 10318 5424 10319 5683 10319 5423 10319 5425 10320 5683 10320 5424 10320 5670 10321 5684 10321 5675 10321 5679 10322 5684 10322 5670 10322 5675 10323 5684 10323 5680 10323 5674 10324 5685 10324 5679 10324 5683 10325 5685 10325 5674 10325 5425 10326 5685 10326 5683 10326 5426 10327 5685 10327 5425 10327 5427 10328 5685 10328 5426 10328 5477 10329 5686 10329 5687 10329 5680 10330 5686 10330 5477 10330 5684 10331 5686 10331 5680 10331 5685 10332 5688 10332 5679 10332 5427 10333 5688 10333 5685 10333 5428 10334 5688 10334 5427 10334 5429 10335 5688 10335 5428 10335 5679 10336 5688 10336 5684 10336 5687 10337 5689 10337 5493 10337 5686 10338 5689 10338 5687 10338 5429 10339 5689 10339 5688 10339 5430 10340 5689 10340 5429 10340 5431 10341 5689 10341 5430 10341 5684 10342 5689 10342 5686 10342 5688 10343 5689 10343 5684 10343 5493 10344 5689 10344 5431 10344 5682 10345 5477 10345 5476 10345 5431 10346 5432 10346 5493 10346 5478 10347 5690 10347 5691 10347 5691 10348 5690 10348 5692 10348 5477 10349 5690 10349 5478 10349 5692 10350 5693 10350 5694 10350 5694 10351 5693 10351 5695 10351 5690 10352 5693 10352 5692 10352 5687 10353 5696 10353 5477 10353 5477 10354 5696 10354 5690 10354 5695 10355 5697 10355 5698 10355 5693 10356 5697 10356 5695 10356 5698 10357 5697 10357 5699 10357 5696 10358 5700 10358 5690 10358 5690 10359 5700 10359 5693 10359 5699 10360 5701 10360 5702 10360 5702 10361 5701 10361 5703 10361 5697 10362 5701 10362 5699 10362 5433 10363 5704 10363 5493 10363 5434 10364 5704 10364 5433 10364 5435 10365 5704 10365 5434 10365 5493 10366 5704 10366 5687 10366 5687 10367 5704 10367 5696 10367 5693 10368 5705 10368 5697 10368 5700 10369 5705 10369 5693 10369 5703 10370 5706 10370 5707 10370 5707 10371 5706 10371 5708 10371 5701 10372 5706 10372 5703 10372 5435 10373 5709 10373 5704 10373 5436 10374 5709 10374 5435 10374 5437 10375 5709 10375 5436 10375 5704 10376 5709 10376 5696 10376 5696 10377 5709 10377 5700 10377 5705 10378 5710 10378 5697 10378 5697 10379 5710 10379 5701 10379 5708 10380 5711 10380 5712 10380 5712 10381 5711 10381 5713 10381 5706 10382 5711 10382 5708 10382 5438 10383 5714 10383 5437 10383 5439 10384 5714 10384 5438 10384 5700 10385 5714 10385 5705 10385 5437 10386 5714 10386 5709 10386 5709 10387 5714 10387 5700 10387 5701 10388 5715 10388 5706 10388 5710 10389 5715 10389 5701 10389 5713 10390 5716 10390 5717 10390 5717 10391 5716 10391 5718 10391 5711 10392 5716 10392 5713 10392 5705 10393 5719 10393 5710 10393 5440 10394 5719 10394 5439 10394 5441 10395 5719 10395 5440 10395 5714 10396 5719 10396 5705 10396 5439 10397 5719 10397 5714 10397 5715 10398 5720 10398 5706 10398 5706 10399 5720 10399 5711 10399 5718 10400 5721 10400 5722 10400 5722 10401 5721 10401 5723 10401 5716 10402 5721 10402 5718 10402 5719 10403 5724 10403 5710 10403 5441 10404 5724 10404 5719 10404 5710 10405 5724 10405 5715 10405 5442 10406 5724 10406 5441 10406 5443 10407 5724 10407 5442 10407 5720 10408 5725 10408 5711 10408 5711 10409 5725 10409 5716 10409 5723 10410 5726 10410 5727 10410 5727 10411 5726 10411 5728 10411 5721 10412 5726 10412 5723 10412 5443 10413 5729 10413 5724 10413 5444 10414 5729 10414 5443 10414 5445 10415 5729 10415 5444 10415 5715 10416 5729 10416 5720 10416 5724 10417 5729 10417 5715 10417 5721 10418 5730 10418 5726 10418 5716 10419 5730 10419 5721 10419 5725 10420 5730 10420 5716 10420 5728 10421 5731 10421 5732 10421 5732 10422 5731 10422 5733 10422 5726 10423 5731 10423 5728 10423 5729 10424 5734 10424 5720 10424 5446 10425 5734 10425 5445 10425 5447 10426 5734 10426 5446 10426 5720 10427 5734 10427 5725 10427 5445 10428 5734 10428 5729 10428 5730 10429 5735 10429 5726 10429 5733 10430 5736 10430 5737 10430 5737 10431 5736 10431 5738 10431 5731 10432 5736 10432 5733 10432 5730 10433 5739 10433 5735 10433 5448 10434 5739 10434 5447 10434 5449 10435 5739 10435 5448 10435 5734 10436 5739 10436 5725 10436 5725 10437 5739 10437 5730 10437 5447 10438 5739 10438 5734 10438 5735 10439 5740 10439 5726 10439 5726 10440 5740 10440 5731 10440 5731 10441 5740 10441 5736 10441 5738 10442 5741 10442 5742 10442 5742 10443 5741 10443 5743 10443 5736 10444 5741 10444 5738 10444 5450 10445 5744 10445 5449 10445 5451 10446 5744 10446 5450 10446 5449 10447 5744 10447 5739 10447 5739 10448 5744 10448 5735 10448 5740 10449 5745 10449 5736 10449 5743 10450 5746 10450 5747 10450 5747 10451 5746 10451 5748 10451 5741 10452 5746 10452 5743 10452 5451 10453 5749 10453 5744 10453 5452 10454 5749 10454 5451 10454 5453 10455 5749 10455 5452 10455 5735 10456 5749 10456 5740 10456 5744 10457 5749 10457 5735 10457 5745 10458 5750 10458 5736 10458 5736 10459 5750 10459 5741 10459 5748 10460 5751 10460 5752 10460 5752 10461 5751 10461 5753 10461 5746 10462 5751 10462 5748 10462 5740 10463 5754 10463 5745 10463 5454 10464 5754 10464 5453 10464 5455 10465 5754 10465 5454 10465 5453 10466 5754 10466 5749 10466 5749 10467 5754 10467 5740 10467 5746 10468 5755 10468 5751 10468 5750 10469 5755 10469 5741 10469 5741 10470 5755 10470 5746 10470 5753 10471 5756 10471 5757 10471 5757 10472 5756 10472 5758 10472 5751 10473 5756 10473 5753 10473 5754 10474 5759 10474 5745 10474 5456 10475 5759 10475 5455 10475 5457 10476 5759 10476 5456 10476 5455 10477 5759 10477 5754 10477 5745 10478 5759 10478 5750 10478 5755 10479 5760 10479 5751 10479 5756 10480 5761 10480 5758 10480 5758 10481 5761 10481 5762 10481 5762 10482 5761 10482 5763 10482 5458 10483 5764 10483 5457 10483 5464 10484 5764 10484 5458 10484 5750 10485 5764 10485 5755 10485 5759 10486 5764 10486 5750 10486 5457 10487 5764 10487 5759 10487 5760 10488 5765 10488 5751 10488 5751 10489 5765 10489 5756 10489 5763 10490 5766 10490 5767 10490 5767 10491 5766 10491 5768 10491 5761 10492 5766 10492 5763 10492 5755 10493 5769 10493 5760 10493 5764 10494 5769 10494 5755 10494 5464 10495 5769 10495 5764 10495 5463 10496 5769 10496 5464 10496 5462 10497 5769 10497 5463 10497 5756 10498 5770 10498 5761 10498 5765 10499 5770 10499 5756 10499 5766 10500 5771 10500 5768 10500 5768 10501 5771 10501 5772 10501 5772 10502 5771 10502 5773 10502 5765 10503 5774 10503 5770 10503 5769 10504 5774 10504 5760 10504 5462 10505 5774 10505 5769 10505 5760 10506 5774 10506 5765 10506 5461 10507 5774 10507 5462 10507 5460 10508 5774 10508 5461 10508 5761 10509 5474 10509 5766 10509 5770 10510 5474 10510 5761 10510 5773 10511 5775 10511 5776 10511 5776 10512 5775 10512 5777 10512 5771 10513 5775 10513 5773 10513 5460 10514 5778 10514 5774 10514 5305 10515 5778 10515 5460 10515 5774 10516 5778 10516 5770 10516 5397 10517 5778 10517 5305 10517 5398 10518 5778 10518 5397 10518 5770 10519 5778 10519 5474 10519 5766 10520 5470 10520 5771 10520 5771 10521 5470 10521 5775 10521 5474 10522 5470 10522 5766 10522 5777 10523 5465 10523 5779 10523 5779 10524 5465 10524 5467 10524 5775 10525 5465 10525 5777 10525 5399 10526 5473 10526 5398 10526 5400 10527 5473 10527 5399 10527 5398 10528 5473 10528 5778 10528 5778 10529 5473 10529 5474 10529 5470 10530 5472 10530 5775 10530 5775 10531 5472 10531 5465 10531 5586 10532 5567 10532 5571 10532 5586 10533 5571 10533 5572 10533 5586 10534 5572 10534 5576 10534 5586 10535 5576 10535 5577 10535 5586 10536 5577 10536 5581 10536 5586 10537 5581 10537 5582 10537 5592 10538 5587 10538 5591 10538 5541 10539 5542 10539 5546 10539 5597 10540 5587 10540 5592 10540 5597 10541 5586 10541 5587 10541 5597 10542 5592 10542 5596 10542 5536 10543 5537 10543 5541 10543 5532 10544 5541 10544 5546 10544 5532 10545 5546 10545 5547 10545 5532 10546 5547 10546 5551 10546 5532 10547 5551 10547 5552 10547 5532 10548 5552 10548 5556 10548 5532 10549 5556 10549 5557 10549 5532 10550 5557 10550 5561 10550 5532 10551 5536 10551 5541 10551 5532 10552 5561 10552 5562 10552 5526 10553 5527 10553 5531 10553 5526 10554 5531 10554 5532 10554 5611 10555 5606 10555 5607 10555 5617 10556 5611 10556 5612 10556 5617 10557 5612 10557 5616 10557 5516 10558 5517 10558 5521 10558 5516 10559 5521 10559 5522 10559 5516 10560 5522 10560 5526 10560 5512 10561 5516 10561 5526 10561 5622 10562 5611 10562 5617 10562 5622 10563 5601 10563 5602 10563 5622 10564 5602 10564 5606 10564 5622 10565 5606 10565 5611 10565 5622 10566 5617 10566 5620 10566 5507 10567 5511 10567 5512 10567 5631 10568 5626 10568 5627 10568 5636 10569 5631 10569 5632 10569 5636 10570 5626 10570 5631 10570 5497 10571 5501 10571 5502 10571 5497 10572 5502 10572 5506 10572 5497 10573 5506 10573 5507 10573 5496 10574 5497 10574 5507 10574 5641 10575 5636 10575 5637 10575 5490 10576 5491 10576 5496 10576 5646 10577 5601 10577 5622 10577 5646 10578 5622 10578 5626 10578 5646 10579 5641 10579 5642 10579 5646 10580 5626 10580 5636 10580 5646 10581 5636 10581 5641 10581 5646 10582 5597 10582 5601 10582 5485 10583 5490 10583 5496 10583 5485 10584 5486 10584 5490 10584 5651 10585 5646 10585 5647 10585 5652 10586 5646 10586 5651 10586 5480 10587 5481 10587 5485 10587 5480 10588 5485 10588 5496 10588 5656 10589 5597 10589 5646 10589 5656 10590 5646 10590 5652 10590 5468 10591 5469 10591 5480 10591 5468 10592 5480 10592 5496 10592 5662 10593 5656 10593 5657 10593 5662 10594 5657 10594 5661 10594 5662 10595 5597 10595 5656 10595 5662 10596 5567 10596 5586 10596 5662 10597 5586 10597 5597 10597 5662 10598 5562 10598 5566 10598 5662 10599 5566 10599 5567 10599 5779 10600 5467 10600 5468 10600 5667 10601 5662 10601 5666 10601 5671 10602 5662 10602 5667 10602 5773 10603 5776 10603 5777 10603 5672 10604 5662 10604 5671 10604 5772 10605 5773 10605 5777 10605 5676 10606 5562 10606 5662 10606 5676 10607 5662 10607 5672 10607 5768 10608 5777 10608 5779 10608 5768 10609 5779 10609 5468 10609 5768 10610 5772 10610 5777 10610 5762 10611 5763 10611 5767 10611 5762 10612 5767 10612 5768 10612 5476 10613 5677 10613 5681 10613 5476 10614 5681 10614 5682 10614 5478 10615 5677 10615 5476 10615 5757 10616 5758 10616 5762 10616 5692 10617 5478 10617 5691 10617 5692 10618 5677 10618 5478 10618 5692 10619 5676 10619 5677 10619 5752 10620 5753 10620 5757 10620 5694 10621 5676 10621 5692 10621 5748 10622 5752 10622 5757 10622 5698 10623 5694 10623 5695 10623 5698 10624 5676 10624 5694 10624 5702 10625 5698 10625 5699 10625 5702 10626 5676 10626 5698 10626 5738 10627 5742 10627 5743 10627 5738 10628 5743 10628 5747 10628 5738 10629 5747 10629 5748 10629 5738 10630 5748 10630 5757 10630 5737 10631 5738 10631 5757 10631 5707 10632 5702 10632 5703 10632 5712 10633 5707 10633 5708 10633 5728 10634 5732 10634 5733 10634 5728 10635 5733 10635 5737 10635 5728 10636 5737 10636 5757 10636 5713 10637 5707 10637 5712 10637 5713 10638 5702 10638 5707 10638 5727 10639 5757 10639 5762 10639 5727 10640 5728 10640 5757 10640 5718 10641 5713 10641 5717 10641 5718 10642 5676 10642 5702 10642 5718 10643 5702 10643 5713 10643 5722 10644 5562 10644 5676 10644 5722 10645 5496 10645 5507 10645 5722 10646 5512 10646 5526 10646 5722 10647 5762 10647 5768 10647 5722 10648 5723 10648 5727 10648 5722 10649 5507 10649 5512 10649 5722 10650 5768 10650 5468 10650 5722 10651 5468 10651 5496 10651 5722 10652 5526 10652 5532 10652 5722 10653 5727 10653 5762 10653 5722 10654 5676 10654 5718 10654 5722 10655 5532 10655 5562 10655 5780 10656 3735 10656 3737 10656 5780 10657 3737 10657 5781 10657 5782 10658 3745 10658 5783 10658 3741 10659 3745 10659 5782 10659 5784 10660 3741 10660 5782 10660 3740 10661 3741 10661 5784 10661 3739 10662 5784 10662 5785 10662 3739 10663 3740 10663 5784 10663 5786 10664 3739 10664 5785 10664 3736 10665 3739 10665 5786 10665 5781 10666 3736 10666 5786 10666 3737 10667 3736 10667 5781 10667 5787 10668 5788 10668 3735 10668 5787 10669 3735 10669 5780 10669 3759 10670 3755 10670 5789 10670 3759 10671 5789 10671 5790 10671 3761 10672 5790 10672 5791 10672 3761 10673 3759 10673 5790 10673 3763 10674 5791 10674 5792 10674 3763 10675 3761 10675 5791 10675 5793 10676 3763 10676 5792 10676 3766 10677 3763 10677 5793 10677 5794 10678 3766 10678 5793 10678 3768 10679 3766 10679 5794 10679 3770 10680 5794 10680 5795 10680 3770 10681 3768 10681 5794 10681 5796 10682 3770 10682 5795 10682 3778 10683 3770 10683 5796 10683 5797 10684 3778 10684 5796 10684 3751 10685 3778 10685 5797 10685 3745 10686 5797 10686 5783 10686 3745 10687 3751 10687 5797 10687 5788 10688 5787 10688 5798 10688 5788 10689 5798 10689 3694 10689 3718 10690 3714 10690 5799 10690 3718 10691 5799 10691 5800 10691 3720 10692 5800 10692 5801 10692 3720 10693 3718 10693 5800 10693 3723 10694 5801 10694 5802 10694 3723 10695 3720 10695 5801 10695 5803 10696 3723 10696 5802 10696 3728 10697 3723 10697 5803 10697 5804 10698 3728 10698 5803 10698 3731 10699 3728 10699 5804 10699 3738 10700 5804 10700 5805 10700 3738 10701 3731 10701 5804 10701 5806 10702 3738 10702 5805 10702 3747 10703 3738 10703 5806 10703 5807 10704 3747 10704 5806 10704 3750 10705 3747 10705 5807 10705 3755 10706 5807 10706 5789 10706 3755 10707 3750 10707 5807 10707 3693 10708 3694 10708 5798 10708 3693 10709 5798 10709 5808 10709 3691 10710 5808 10710 5809 10710 3691 10711 3693 10711 5808 10711 3689 10712 5809 10712 5810 10712 3689 10713 3691 10713 5809 10713 3686 10714 5810 10714 5811 10714 3686 10715 3689 10715 5810 10715 5812 10716 3702 10716 5813 10716 3699 10717 3702 10717 5812 10717 5814 10718 3699 10718 5812 10718 3703 10719 3699 10719 5814 10719 3705 10720 5814 10720 5815 10720 3705 10721 3703 10721 5814 10721 5816 10722 3705 10722 5815 10722 3707 10723 3705 10723 5816 10723 5799 10724 3707 10724 5816 10724 3714 10725 3707 10725 5799 10725 5817 10726 3686 10726 5811 10726 3685 10727 3686 10727 5817 10727 5818 10728 3685 10728 5817 10728 3677 10729 3685 10729 5818 10729 5819 10730 3677 10730 5818 10730 3680 10731 3677 10731 5819 10731 5820 10732 5819 10732 5821 10732 5820 10733 3680 10733 5819 10733 3688 10734 5821 10734 5822 10734 3688 10735 5820 10735 5821 10735 3690 10736 5822 10736 5823 10736 3690 10737 3688 10737 5822 10737 3692 10738 5823 10738 5824 10738 3692 10739 3690 10739 5823 10739 5813 10740 3702 10740 3701 10740 5813 10741 3701 10741 5825 10741 3695 10742 3692 10742 5824 10742 3695 10743 5824 10743 5826 10743 5827 10744 3695 10744 5826 10744 3698 10745 3695 10745 5827 10745 5828 10746 3698 10746 5827 10746 3776 10747 3698 10747 5828 10747 3758 10748 5828 10748 5829 10748 3758 10749 3776 10749 5828 10749 3753 10750 5829 10750 5830 10750 3753 10751 3758 10751 5829 10751 3749 10752 5830 10752 5831 10752 3749 10753 3753 10753 5830 10753 3732 10754 5831 10754 5832 10754 3732 10755 3749 10755 5831 10755 5833 10756 5834 10756 5835 10756 3708 10757 5834 10757 5833 10757 5836 10758 3708 10758 5833 10758 3709 10759 3708 10759 5836 10759 5837 10760 3709 10760 5836 10760 5838 10761 3709 10761 5837 10761 3706 10762 5837 10762 5839 10762 3706 10763 5838 10763 5837 10763 3704 10764 5839 10764 5840 10764 3704 10765 3706 10765 5839 10765 3700 10766 5840 10766 5841 10766 3700 10767 3704 10767 5840 10767 3701 10768 5841 10768 5825 10768 3701 10769 3700 10769 5841 10769 5842 10770 3724 10770 3732 10770 5842 10771 3732 10771 5832 10771 5843 10772 3724 10772 5842 10772 3721 10773 3724 10773 5843 10773 5844 10774 3721 10774 5843 10774 3722 10775 3721 10775 5844 10775 3719 10776 5844 10776 5845 10776 3719 10777 3722 10777 5844 10777 5846 10778 3719 10778 5845 10778 3715 10779 3719 10779 5846 10779 5835 10780 3715 10780 5846 10780 5834 10781 3715 10781 5835 10781 5843 10782 5831 10782 5830 10782 5844 10783 5843 10783 5830 10783 5844 10784 5830 10784 5829 10784 5842 10785 5831 10785 5843 10785 5842 10786 5832 10786 5831 10786 5845 10787 5844 10787 5829 10787 5845 10788 5828 10788 5827 10788 5845 10789 5829 10789 5828 10789 5846 10790 5845 10790 5827 10790 5846 10791 5827 10791 5826 10791 5835 10792 5846 10792 5826 10792 5835 10793 5826 10793 5824 10793 5833 10794 5835 10794 5824 10794 5833 10795 5824 10795 5823 10795 5836 10796 5833 10796 5823 10796 5836 10797 5823 10797 5822 10797 5847 10798 5804 10798 5803 10798 5848 10799 5804 10799 5847 10799 5848 10800 5805 10800 5804 10800 5849 10801 5802 10801 5801 10801 5849 10802 5803 10802 5802 10802 5849 10803 5847 10803 5803 10803 5850 10804 5806 10804 5805 10804 5850 10805 5805 10805 5848 10805 5851 10806 5801 10806 5800 10806 5851 10807 5849 10807 5801 10807 5852 10808 5807 10808 5806 10808 5852 10809 5806 10809 5850 10809 5837 10810 5836 10810 5822 10810 5837 10811 5822 10811 5821 10811 5819 10812 5837 10812 5821 10812 5853 10813 5790 10813 5789 10813 5853 10814 5789 10814 5807 10814 5853 10815 5807 10815 5852 10815 5854 10816 5800 10816 5799 10816 5854 10817 5799 10817 5816 10817 5854 10818 5851 10818 5800 10818 5839 10819 5837 10819 5819 10819 5818 10820 5839 10820 5819 10820 5855 10821 5854 10821 5816 10821 5815 10822 5855 10822 5816 10822 5856 10823 5791 10823 5790 10823 5856 10824 5790 10824 5853 10824 5817 10825 5839 10825 5818 10825 5840 10826 5839 10826 5817 10826 5792 10827 5791 10827 5856 10827 5857 10828 5855 10828 5815 10828 5814 10829 5857 10829 5815 10829 5858 10830 5792 10830 5856 10830 5811 10831 5840 10831 5817 10831 5859 10832 5857 10832 5814 10832 5793 10833 5792 10833 5858 10833 5812 10834 5859 10834 5814 10834 5810 10835 5840 10835 5811 10835 5810 10836 5841 10836 5840 10836 5860 10837 5859 10837 5812 10837 5861 10838 5793 10838 5858 10838 5794 10839 5793 10839 5861 10839 5809 10840 5825 10840 5841 10840 5809 10841 5841 10841 5810 10841 5813 10842 5860 10842 5812 10842 5795 10843 5794 10843 5861 10843 5795 10844 5861 10844 5862 10844 5808 10845 5825 10845 5809 10845 5863 10846 5860 10846 5813 10846 5798 10847 5863 10847 5813 10847 5798 10848 5825 10848 5808 10848 5798 10849 5813 10849 5825 10849 5796 10850 5795 10850 5862 10850 5796 10851 5862 10851 5864 10851 5865 10852 5863 10852 5798 10852 5797 10853 5796 10853 5864 10853 5797 10854 5864 10854 5866 10854 5867 10855 5865 10855 5798 10855 5868 10856 5867 10856 5798 10856 5783 10857 5797 10857 5866 10857 5783 10858 5866 10858 5869 10858 5782 10859 5783 10859 5869 10859 5782 10860 5869 10860 5870 10860 5784 10861 5782 10861 5870 10861 5785 10862 5784 10862 5870 10862 5785 10863 5870 10863 5871 10863 5781 10864 5872 10864 5868 10864 5781 10865 5873 10865 5872 10865 5781 10866 5874 10866 5873 10866 5786 10867 5785 10867 5871 10867 5786 10868 5874 10868 5781 10868 5786 10869 5871 10869 5874 10869 5787 10870 5780 10870 5781 10870 5787 10871 5781 10871 5868 10871 5787 10872 5868 10872 5798 10872 5875 10873 5876 10873 5869 10873 5875 10874 5869 10874 5866 10874 5864 10875 5875 10875 5866 10875 5877 10876 5875 10876 5864 10876 5862 10877 5877 10877 5864 10877 5878 10878 5877 10878 5862 10878 5879 10879 5862 10879 5861 10879 5879 10880 5878 10880 5862 10880 5880 10881 5861 10881 5858 10881 5880 10882 5879 10882 5861 10882 5881 10883 5858 10883 5856 10883 5881 10884 5880 10884 5858 10884 5882 10885 5856 10885 5853 10885 5882 10886 5881 10886 5856 10886 5868 10887 5883 10887 5867 10887 5884 10888 5883 10888 5868 10888 5872 10889 5884 10889 5868 10889 5885 10890 5884 10890 5872 10890 5873 10891 5885 10891 5872 10891 5886 10892 5885 10892 5873 10892 5887 10893 5873 10893 5874 10893 5887 10894 5886 10894 5873 10894 5888 10895 5874 10895 5871 10895 5888 10896 5887 10896 5874 10896 5889 10897 5871 10897 5870 10897 5889 10898 5888 10898 5871 10898 5876 10899 5870 10899 5869 10899 5876 10900 5889 10900 5870 10900 5855 10901 5890 10901 5854 10901 5891 10902 5890 10902 5855 10902 5857 10903 5891 10903 5855 10903 5892 10904 5891 10904 5857 10904 5859 10905 5892 10905 5857 10905 5893 10906 5892 10906 5859 10906 5894 10907 5859 10907 5860 10907 5894 10908 5893 10908 5859 10908 5895 10909 5860 10909 5863 10909 5895 10910 5894 10910 5860 10910 5896 10911 5863 10911 5865 10911 5896 10912 5895 10912 5863 10912 5883 10913 5865 10913 5867 10913 5883 10914 5896 10914 5865 10914 5852 10915 5882 10915 5853 10915 5897 10916 5882 10916 5852 10916 5850 10917 5897 10917 5852 10917 5898 10918 5897 10918 5850 10918 5848 10919 5898 10919 5850 10919 5899 10920 5898 10920 5848 10920 5900 10921 5848 10921 5847 10921 5900 10922 5899 10922 5848 10922 5901 10923 5847 10923 5849 10923 5901 10924 5900 10924 5847 10924 5902 10925 5849 10925 5851 10925 5902 10926 5901 10926 5849 10926 5890 10927 5851 10927 5854 10927 5890 10928 5902 10928 5851 10928 5898 10929 5899 10929 5900 10929 5897 10930 5900 10930 5901 10930 5897 10931 5898 10931 5900 10931 5882 10932 5901 10932 5902 10932 5882 10933 5897 10933 5901 10933 5881 10934 5902 10934 5890 10934 5881 10935 5882 10935 5902 10935 5880 10936 5881 10936 5890 10936 5878 10937 5879 10937 5880 10937 5878 10938 5880 10938 5890 10938 5895 10939 5893 10939 5894 10939 5877 10940 5878 10940 5890 10940 5896 10941 5891 10941 5892 10941 5896 10942 5892 10942 5893 10942 5896 10943 5893 10943 5895 10943 5875 10944 5877 10944 5890 10944 5883 10945 5890 10945 5891 10945 5883 10946 5891 10946 5896 10946 5876 10947 5890 10947 5883 10947 5876 10948 5875 10948 5890 10948 5889 10949 5883 10949 5884 10949 5889 10950 5876 10950 5883 10950 5888 10951 5884 10951 5885 10951 5888 10952 5889 10952 5884 10952 5886 10953 5888 10953 5885 10953 5887 10954 5888 10954 5886 10954 5903 10955 3596 10955 3553 10955 5903 10956 3553 10956 5904 10956 3551 10957 5905 10957 5904 10957 3551 10958 5904 10958 3553 10958 5906 10959 3585 10959 3596 10959 5906 10960 3596 10960 5903 10960 3556 10961 5907 10961 5905 10961 3556 10962 5905 10962 3551 10962 3585 10963 5906 10963 5908 10963 3585 10964 5908 10964 3835 10964 3566 10965 3572 10965 5909 10965 3566 10966 5909 10966 5910 10966 3564 10967 5910 10967 5911 10967 3564 10968 3566 10968 5910 10968 5912 10969 3564 10969 5911 10969 3563 10970 3564 10970 5912 10970 5907 10971 3563 10971 5912 10971 3556 10972 3563 10972 5907 10972 5913 10973 3835 10973 5908 10973 5914 10974 3835 10974 5913 10974 5915 10975 5914 10975 5913 10975 3586 10976 5914 10976 5915 10976 3587 10977 5915 10977 5916 10977 3587 10978 3586 10978 5915 10978 5917 10979 3587 10979 5916 10979 3588 10980 3587 10980 5917 10980 5918 10981 3588 10981 5917 10981 3589 10982 3588 10982 5918 10982 5919 10983 3565 10983 5920 10983 3573 10984 3565 10984 5919 10984 5921 10985 3573 10985 5919 10985 3575 10986 3573 10986 5921 10986 5922 10987 3575 10987 5921 10987 3577 10988 3575 10988 5922 10988 5923 10989 3577 10989 5922 10989 3576 10990 3577 10990 5923 10990 5909 10991 3576 10991 5923 10991 3572 10992 3576 10992 5909 10992 5924 10993 3589 10993 5918 10993 3590 10994 3589 10994 5924 10994 5925 10995 3590 10995 5924 10995 3558 10996 3590 10996 5925 10996 5926 10997 3558 10997 5925 10997 3555 10998 3558 10998 5926 10998 3554 10999 5926 10999 5927 10999 3554 11000 3555 11000 5926 11000 3552 11001 5927 11001 5928 11001 3552 11002 3554 11002 5927 11002 3550 11003 5928 11003 5929 11003 3550 11004 3552 11004 5928 11004 5930 11005 5929 11005 5931 11005 5930 11006 3550 11006 5929 11006 5932 11007 5931 11007 5933 11007 5932 11008 5930 11008 5931 11008 3561 11009 3560 11009 5934 11009 3561 11010 5934 11010 5935 11010 3562 11011 5935 11011 5936 11011 3562 11012 3561 11012 5935 11012 5937 11013 3562 11013 5936 11013 3559 11014 3562 11014 5937 11014 5920 11015 3559 11015 5937 11015 3565 11016 3559 11016 5920 11016 5932 11017 5933 11017 5938 11017 5932 11018 5938 11018 3546 11018 3567 11019 3557 11019 5939 11019 3567 11020 5939 11020 5940 11020 3560 11021 5940 11021 5934 11021 3560 11022 3567 11022 5940 11022 3546 11023 5938 11023 5941 11023 3546 11024 5941 11024 3549 11024 5939 11025 3557 11025 3549 11025 5939 11026 3549 11026 5941 11026 5907 11027 5904 11027 5905 11027 5912 11028 5904 11028 5907 11028 5911 11029 5904 11029 5912 11029 5908 11030 5910 11030 5909 11030 5908 11031 5911 11031 5910 11031 5908 11032 5909 11032 5923 11032 5908 11033 5904 11033 5911 11033 5922 11034 5908 11034 5923 11034 5913 11035 5908 11035 5922 11035 5921 11036 5915 11036 5913 11036 5921 11037 5913 11037 5922 11037 5939 11038 5941 11038 5938 11038 5916 11039 5921 11039 5919 11039 5916 11040 5915 11040 5921 11040 5933 11041 5940 11041 5939 11041 5933 11042 5939 11042 5938 11042 5917 11043 5919 11043 5920 11043 5917 11044 5916 11044 5919 11044 5931 11045 5934 11045 5940 11045 5931 11046 5940 11046 5933 11046 5918 11047 5920 11047 5937 11047 5918 11048 5917 11048 5920 11048 5929 11049 5934 11049 5931 11049 5924 11050 5918 11050 5937 11050 5928 11051 5935 11051 5934 11051 5928 11052 5934 11052 5929 11052 5925 11053 5924 11053 5937 11053 5925 11054 5937 11054 5936 11054 5927 11055 5935 11055 5928 11055 5926 11056 5925 11056 5936 11056 5926 11057 5935 11057 5927 11057 5926 11058 5936 11058 5935 11058 5903 11059 5904 11059 5908 11059 5908 11060 5906 11060 5903 11060 5942 11061 3799 11061 3785 11061 5942 11062 3785 11062 5943 11062 3771 11063 5944 11063 5943 11063 3771 11064 5943 11064 3785 11064 5945 11065 3789 11065 3799 11065 5945 11066 3799 11066 5942 11066 3779 11067 5946 11067 5944 11067 3779 11068 5944 11068 3771 11068 3789 11069 5945 11069 5947 11069 3789 11070 5947 11070 3786 11070 5946 11071 3779 11071 3786 11071 5946 11072 3786 11072 5947 11072 5946 11073 5947 11073 5944 11073 5944 11074 5947 11074 5943 11074 5945 11075 5942 11075 5947 11075 5947 11076 5942 11076 5943 11076 5948 11077 3793 11077 5949 11077 3794 11078 3793 11078 5948 11078 5950 11079 3794 11079 5948 11079 3795 11080 3794 11080 5950 11080 3796 11081 5950 11081 5951 11081 3796 11082 3795 11082 5950 11082 5952 11083 3796 11083 5951 11083 3797 11084 3796 11084 5952 11084 5953 11085 3797 11085 5952 11085 3798 11086 3797 11086 5953 11086 5954 11087 3784 11087 5955 11087 3787 11088 3784 11088 5954 11088 5956 11089 3787 11089 5954 11089 3788 11090 3787 11090 5956 11090 3790 11091 5956 11091 5957 11091 3790 11092 3788 11092 5956 11092 3791 11093 5957 11093 5958 11093 3791 11094 3790 11094 5957 11094 3792 11095 5958 11095 5959 11095 3792 11096 3791 11096 5958 11096 3793 11097 5959 11097 5949 11097 3793 11098 3792 11098 5959 11098 5960 11099 3798 11099 5953 11099 3783 11100 3798 11100 5960 11100 5961 11101 3783 11101 5960 11101 3781 11102 3783 11102 5961 11102 3777 11103 5961 11103 5962 11103 3777 11104 3781 11104 5961 11104 5963 11105 3777 11105 5962 11105 3769 11106 3777 11106 5963 11106 5964 11107 3769 11107 5963 11107 3767 11108 3769 11108 5964 11108 5965 11109 3757 11109 5966 11109 3760 11110 3757 11110 5965 11110 3772 11111 5965 11111 5967 11111 3772 11112 3760 11112 5965 11112 5968 11113 3772 11113 5967 11113 3773 11114 3772 11114 5968 11114 5969 11115 3773 11115 5968 11115 3774 11116 3773 11116 5969 11116 3775 11117 5969 11117 5970 11117 3775 11118 3774 11118 5969 11118 5971 11119 3775 11119 5970 11119 3780 11120 3775 11120 5971 11120 5972 11121 3780 11121 5971 11121 5973 11122 3780 11122 5972 11122 3782 11123 5972 11123 5974 11123 3782 11124 5973 11124 5972 11124 3784 11125 5974 11125 5955 11125 3784 11126 3782 11126 5974 11126 5975 11127 3767 11127 5964 11127 3765 11128 3767 11128 5975 11128 5976 11129 3765 11129 5975 11129 3764 11130 3765 11130 5976 11130 3762 11131 5976 11131 5977 11131 3762 11132 3764 11132 5976 11132 5978 11133 5977 11133 5979 11133 5978 11134 3762 11134 5977 11134 5980 11135 5979 11135 5981 11135 5980 11136 5978 11136 5979 11136 3756 11137 5981 11137 5982 11137 3756 11138 5980 11138 5981 11138 5983 11139 3756 11139 5982 11139 3754 11140 3756 11140 5983 11140 5984 11141 5983 11141 5985 11141 5984 11142 3754 11142 5983 11142 5986 11143 5984 11143 5985 11143 3746 11144 5984 11144 5986 11144 5987 11145 3746 11145 5986 11145 3743 11146 3746 11146 5987 11146 3744 11147 5987 11147 5988 11147 3744 11148 3743 11148 5987 11148 5989 11149 3744 11149 5988 11149 5990 11150 3744 11150 5989 11150 5991 11151 5990 11151 5989 11151 3748 11152 5990 11152 5991 11152 3752 11153 5991 11153 5992 11153 3752 11154 3748 11154 5991 11154 3757 11155 5992 11155 5966 11155 3757 11156 3752 11156 5992 11156 5993 11157 5970 11157 5969 11157 5994 11158 5971 11158 5970 11158 5994 11159 5972 11159 5971 11159 5994 11160 5970 11160 5993 11160 5995 11161 5969 11161 5968 11161 5995 11162 5993 11162 5969 11162 5996 11163 5974 11163 5972 11163 5996 11164 5972 11164 5994 11164 5997 11165 5967 11165 5965 11165 5997 11166 5968 11166 5967 11166 5997 11167 5995 11167 5968 11167 5998 11168 5955 11168 5974 11168 5998 11169 5974 11169 5996 11169 5999 11170 5955 11170 5998 11170 5999 11171 5954 11171 5955 11171 6000 11172 5997 11172 5965 11172 6000 11173 5965 11173 5966 11173 6001 11174 6000 11174 5966 11174 6001 11175 5966 11175 5992 11175 6002 11176 5954 11176 5999 11176 6002 11177 5956 11177 5954 11177 6002 11178 5957 11178 5956 11178 6003 11179 5992 11179 5991 11179 6003 11180 6001 11180 5992 11180 6004 11181 5958 11181 5957 11181 6004 11182 5957 11182 6002 11182 5959 11183 5958 11183 6004 11183 6005 11184 6003 11184 5991 11184 6005 11185 5991 11185 5989 11185 5988 11186 6005 11186 5989 11186 6006 11187 6005 11187 5988 11187 6007 11188 5949 11188 5959 11188 6007 11189 5959 11189 6004 11189 5987 11190 6006 11190 5988 11190 5948 11191 5949 11191 6007 11191 5948 11192 6007 11192 6008 11192 6009 11193 6006 11193 5987 11193 5950 11194 5948 11194 6008 11194 5986 11195 6009 11195 5987 11195 6010 11196 5950 11196 6008 11196 6011 11197 6009 11197 5986 11197 5951 11198 6010 11198 6012 11198 5951 11199 5950 11199 6010 11199 5985 11200 6011 11200 5986 11200 5983 11201 6011 11201 5985 11201 5983 11202 6013 11202 6011 11202 5952 11203 6012 11203 6014 11203 5952 11204 5951 11204 6012 11204 5982 11205 6013 11205 5983 11205 5953 11206 5952 11206 6014 11206 5981 11207 6015 11207 6013 11207 5981 11208 6013 11208 5982 11208 5960 11209 6014 11209 6016 11209 5960 11210 5953 11210 6014 11210 5979 11211 6015 11211 5981 11211 5961 11212 5960 11212 6016 11212 5977 11213 6017 11213 6015 11213 5977 11214 6015 11214 5979 11214 5976 11215 6018 11215 6017 11215 5976 11216 6017 11216 5977 11216 5962 11217 6016 11217 6019 11217 5962 11218 5961 11218 6016 11218 5975 11219 6018 11219 5976 11219 5963 11220 6019 11220 6020 11220 5963 11221 5962 11221 6019 11221 5964 11222 6018 11222 5975 11222 5964 11223 6020 11223 6018 11223 5964 11224 5963 11224 6020 11224 6012 11225 6021 11225 6014 11225 6022 11226 6021 11226 6012 11226 6010 11227 6022 11227 6012 11227 6023 11228 6022 11228 6010 11228 6008 11229 6023 11229 6010 11229 6024 11230 6023 11230 6008 11230 6025 11231 6008 11231 6007 11231 6025 11232 6024 11232 6008 11232 6026 11233 6007 11233 6004 11233 6026 11234 6025 11234 6007 11234 6027 11235 6004 11235 6002 11235 6027 11236 6026 11236 6004 11236 6028 11237 6002 11237 5999 11237 6028 11238 6027 11238 6002 11238 6015 11239 6029 11239 6013 11239 6030 11240 6029 11240 6015 11240 6017 11241 6030 11241 6015 11241 6031 11242 6030 11242 6017 11242 6018 11243 6031 11243 6017 11243 6032 11244 6031 11244 6018 11244 6033 11245 6018 11245 6020 11245 6033 11246 6032 11246 6018 11246 6034 11247 6020 11247 6019 11247 6034 11248 6033 11248 6020 11248 6035 11249 6019 11249 6016 11249 6035 11250 6034 11250 6019 11250 6021 11251 6016 11251 6014 11251 6021 11252 6035 11252 6016 11252 6036 11253 6037 11253 6000 11253 6036 11254 6000 11254 6001 11254 6003 11255 6036 11255 6001 11255 6038 11256 6036 11256 6003 11256 6005 11257 6038 11257 6003 11257 6039 11258 6038 11258 6005 11258 6040 11259 6005 11259 6006 11259 6040 11260 6039 11260 6005 11260 6041 11261 6006 11261 6009 11261 6041 11262 6040 11262 6006 11262 6042 11263 6009 11263 6011 11263 6042 11264 6041 11264 6009 11264 6029 11265 6011 11265 6013 11265 6029 11266 6042 11266 6011 11266 5998 11267 6028 11267 5999 11267 6043 11268 6028 11268 5998 11268 5996 11269 6043 11269 5998 11269 6044 11270 6043 11270 5996 11270 5994 11271 6044 11271 5996 11271 6045 11272 6044 11272 5994 11272 6046 11273 5994 11273 5993 11273 6046 11274 6045 11274 5994 11274 6047 11275 5993 11275 5995 11275 6047 11276 6046 11276 5993 11276 6048 11277 5995 11277 5997 11277 6048 11278 6047 11278 5995 11278 6037 11279 5997 11279 6000 11279 6037 11280 6048 11280 5997 11280 6047 11281 6045 11281 6046 11281 6048 11282 6044 11282 6045 11282 6048 11283 6045 11283 6047 11283 6028 11284 6043 11284 6044 11284 6028 11285 6044 11285 6048 11285 6037 11286 6028 11286 6048 11286 6026 11287 6027 11287 6028 11287 6025 11288 6028 11288 6037 11288 6025 11289 6026 11289 6028 11289 6041 11290 6036 11290 6038 11290 6041 11291 6038 11291 6039 11291 6041 11292 6039 11292 6040 11292 6022 11293 6023 11293 6024 11293 6029 11294 6037 11294 6036 11294 6029 11295 6041 11295 6042 11295 6029 11296 6036 11296 6041 11296 6021 11297 6024 11297 6025 11297 6021 11298 6022 11298 6024 11298 6034 11299 6035 11299 6021 11299 6032 11300 6030 11300 6031 11300 6033 11301 6029 11301 6030 11301 6033 11302 6025 11302 6037 11302 6033 11303 6021 11303 6025 11303 6033 11304 6037 11304 6029 11304 6033 11305 6034 11305 6021 11305 6033 11306 6030 11306 6032 11306 6049 11307 3716 11307 3717 11307 6049 11308 3717 11308 6050 11308 6050 11309 3717 11309 6051 11309 6050 11310 6051 11310 6052 11310 6053 11311 3710 11311 3716 11311 6053 11312 3716 11312 6049 11312 6052 11313 6051 11313 3696 11313 6052 11314 3696 11314 6054 11314 3710 11315 6053 11315 6055 11315 3710 11316 6055 11316 6056 11316 3697 11317 6057 11317 6054 11317 3697 11318 6054 11318 3696 11318 6058 11319 3682 11319 6056 11319 6058 11320 6056 11320 6055 11320 6057 11321 3697 11321 3681 11321 6057 11322 3681 11322 6059 11322 3682 11323 6058 11323 6060 11323 3682 11324 6060 11324 3672 11324 3662 11325 6061 11325 6059 11325 3662 11326 6059 11326 3681 11326 6060 11327 6062 11327 3687 11327 3672 11328 6060 11328 3687 11328 3687 11329 6062 11329 6061 11329 3687 11330 6061 11330 3662 11330 6062 11331 6057 11331 6061 11331 6061 11332 6057 11332 6059 11332 6058 11333 6055 11333 6060 11333 6060 11334 6055 11334 6062 11334 6055 11335 6050 11335 6062 11335 6062 11336 6050 11336 6057 11336 6057 11337 6052 11337 6054 11337 6050 11338 6052 11338 6057 11338 6053 11339 6049 11339 6055 11339 6055 11340 6049 11340 6050 11340 6063 11341 3650 11341 6064 11341 3661 11342 3650 11342 6063 11342 6065 11343 3661 11343 6063 11343 3636 11344 3661 11344 6065 11344 6066 11345 3636 11345 6065 11345 6067 11346 3636 11346 6066 11346 6068 11347 6067 11347 6066 11347 3637 11348 6067 11348 6068 11348 6069 11349 3637 11349 6068 11349 3632 11350 3637 11350 6069 11350 6070 11351 3660 11351 6071 11351 3658 11352 3660 11352 6070 11352 6072 11353 3658 11353 6070 11353 3653 11354 3658 11354 6072 11354 6073 11355 3653 11355 6072 11355 3654 11356 3653 11356 6073 11356 3647 11357 6073 11357 6074 11357 3647 11358 3654 11358 6073 11358 3648 11359 6074 11359 6075 11359 3648 11360 3647 11360 6074 11360 3649 11361 6075 11361 6076 11361 3649 11362 3648 11362 6075 11362 3650 11363 6076 11363 6064 11363 3650 11364 3649 11364 6076 11364 6077 11365 3621 11365 3632 11365 6077 11366 3632 11366 6069 11366 3630 11367 6078 11367 6071 11367 3630 11368 6071 11368 3660 11368 6079 11369 3621 11369 6077 11369 3618 11370 3621 11370 6079 11370 6080 11371 3618 11371 6079 11371 3613 11372 3618 11372 6080 11372 6081 11373 3613 11373 6080 11373 3616 11374 3613 11374 6081 11374 3619 11375 6081 11375 6082 11375 3619 11376 3616 11376 6081 11376 3626 11377 6082 11377 6083 11377 3626 11378 3619 11378 6082 11378 3629 11379 6083 11379 6084 11379 3629 11380 3626 11380 6083 11380 3633 11381 6084 11381 6085 11381 3633 11382 3629 11382 6084 11382 3643 11383 3645 11383 6086 11383 3643 11384 6086 11384 6087 11384 3640 11385 6087 11385 6088 11385 3640 11386 3643 11386 6087 11386 3638 11387 6088 11387 6089 11387 3638 11388 3640 11388 6088 11388 3630 11389 6089 11389 6078 11389 3630 11390 3638 11390 6089 11390 6090 11391 3633 11391 6085 11391 3663 11392 3633 11392 6090 11392 3664 11393 6090 11393 6091 11393 3664 11394 3663 11394 6090 11394 6092 11395 3664 11395 6091 11395 3665 11396 3664 11396 6092 11396 6093 11397 3665 11397 6092 11397 3666 11398 3665 11398 6093 11398 3667 11399 6093 11399 6094 11399 3667 11400 3666 11400 6093 11400 6095 11401 3667 11401 6094 11401 3668 11402 3667 11402 6095 11402 6096 11403 3668 11403 6095 11403 3669 11404 3668 11404 6096 11404 6097 11405 6096 11405 6098 11405 6097 11406 3669 11406 6096 11406 3671 11407 6098 11407 6099 11407 3671 11408 6097 11408 6098 11408 6100 11409 3713 11409 6101 11409 3670 11410 3713 11410 6100 11410 6102 11411 3670 11411 6100 11411 3659 11412 3670 11412 6102 11412 3655 11413 6102 11413 6103 11413 3655 11414 3659 11414 6102 11414 6104 11415 3655 11415 6103 11415 3651 11416 3655 11416 6104 11416 6086 11417 3651 11417 6104 11417 3645 11418 3651 11418 6086 11418 3673 11419 3671 11419 6099 11419 3673 11420 6099 11420 6105 11420 3674 11421 6105 11421 6106 11421 3674 11422 3673 11422 6105 11422 3675 11423 6106 11423 6107 11423 3675 11424 3674 11424 6106 11424 3676 11425 6107 11425 6108 11425 3676 11426 3675 11426 6107 11426 6109 11427 3676 11427 6108 11427 3683 11428 3676 11428 6109 11428 6110 11429 3683 11429 6109 11429 3684 11430 3683 11430 6110 11430 3711 11431 6110 11431 6111 11431 3711 11432 3684 11432 6110 11432 6112 11433 3711 11433 6111 11433 3712 11434 3711 11434 6112 11434 6101 11435 3712 11435 6112 11435 3713 11436 3712 11436 6101 11436 6079 11437 6068 11437 6080 11437 6080 11438 6068 11438 6081 11438 6081 11439 6066 11439 6082 11439 6068 11440 6066 11440 6081 11440 6077 11441 6069 11441 6079 11441 6079 11442 6069 11442 6068 11442 6082 11443 6065 11443 6083 11443 6066 11444 6065 11444 6082 11444 6083 11445 6063 11445 6084 11445 6084 11446 6063 11446 6085 11446 6065 11447 6063 11447 6083 11447 6085 11448 6064 11448 6090 11448 6063 11449 6064 11449 6085 11449 6088 11450 6113 11450 6089 11450 6089 11451 6113 11451 6078 11451 6090 11452 6076 11452 6091 11452 6064 11453 6076 11453 6090 11453 6076 11454 6092 11454 6091 11454 6087 11455 6114 11455 6088 11455 6088 11456 6114 11456 6113 11456 6076 11457 6075 11457 6092 11457 6087 11458 6115 11458 6114 11458 6087 11459 6086 11459 6115 11459 6075 11460 6093 11460 6092 11460 6086 11461 6116 11461 6115 11461 6075 11462 6074 11462 6093 11462 6074 11463 6094 11463 6093 11463 6086 11464 6104 11464 6116 11464 6074 11465 6073 11465 6094 11465 6073 11466 6095 11466 6094 11466 6104 11467 6117 11467 6116 11467 6073 11468 6072 11468 6095 11468 6104 11469 6103 11469 6117 11469 6072 11470 6096 11470 6095 11470 6072 11471 6070 11471 6096 11471 6103 11472 6102 11472 6117 11472 6117 11473 6102 11473 6118 11473 6071 11474 6098 11474 6070 11474 6070 11475 6098 11475 6096 11475 6102 11476 6100 11476 6118 11476 6118 11477 6100 11477 6119 11477 6071 11478 6099 11478 6098 11478 6119 11479 6101 11479 6120 11479 6100 11480 6101 11480 6119 11480 6121 11481 6105 11481 6071 11481 6071 11482 6105 11482 6099 11482 6120 11483 6112 11483 6122 11483 6101 11484 6112 11484 6120 11484 6123 11485 6106 11485 6121 11485 6121 11486 6106 11486 6105 11486 6122 11487 6111 11487 6124 11487 6112 11488 6111 11488 6122 11488 6125 11489 6107 11489 6123 11489 6123 11490 6107 11490 6106 11490 6111 11491 6110 11491 6124 11491 6126 11492 6108 11492 6127 11492 6127 11493 6108 11493 6125 11493 6125 11494 6108 11494 6107 11494 6124 11495 6109 11495 6126 11495 6110 11496 6109 11496 6124 11496 6126 11497 6109 11497 6108 11497 6071 11498 6078 11498 6113 11498 6071 11499 6113 11499 6121 11499 6113 11500 6128 11500 6129 11500 6113 11501 6129 11501 6121 11501 6127 11502 6130 11502 6126 11502 6131 11503 6130 11503 6127 11503 6125 11504 6131 11504 6127 11504 6132 11505 6131 11505 6125 11505 6123 11506 6132 11506 6125 11506 6133 11507 6132 11507 6123 11507 6121 11508 6133 11508 6123 11508 6129 11509 6133 11509 6121 11509 6134 11510 6135 11510 6119 11510 6134 11511 6119 11511 6120 11511 6136 11512 6120 11512 6122 11512 6136 11513 6134 11513 6120 11513 6137 11514 6122 11514 6124 11514 6137 11515 6136 11515 6122 11515 6130 11516 6124 11516 6126 11516 6130 11517 6137 11517 6124 11517 6114 11518 6128 11518 6113 11518 6138 11519 6128 11519 6114 11519 6115 11520 6138 11520 6114 11520 6139 11521 6138 11521 6115 11521 6116 11522 6139 11522 6115 11522 6140 11523 6139 11523 6116 11523 6141 11524 6116 11524 6117 11524 6141 11525 6140 11525 6116 11525 6142 11526 6117 11526 6118 11526 6142 11527 6141 11527 6117 11527 6119 11528 6142 11528 6118 11528 6135 11529 6142 11529 6119 11529 6130 11530 6131 11530 6132 11530 6137 11531 6130 11531 6132 11531 6136 11532 6137 11532 6132 11532 6134 11533 6132 11533 6133 11533 6134 11534 6136 11534 6132 11534 6135 11535 6134 11535 6133 11535 6128 11536 6133 11536 6129 11536 6128 11537 6135 11537 6133 11537 6142 11538 6135 11538 6128 11538 6138 11539 6142 11539 6128 11539 6141 11540 6142 11540 6138 11540 6139 11541 6141 11541 6138 11541 6140 11542 6141 11542 6139 11542 3608 11543 3611 11543 6143 11543 3608 11544 6143 11544 6144 11544 6145 11545 3608 11545 6144 11545 3603 11546 3608 11546 6145 11546 6146 11547 3603 11547 6145 11547 3600 11548 3603 11548 6146 11548 3597 11549 6146 11549 6147 11549 3597 11550 3600 11550 6146 11550 3598 11551 6147 11551 6148 11551 3598 11552 3597 11552 6147 11552 6149 11553 3598 11553 6148 11553 6150 11554 3598 11554 6149 11554 3639 11555 3631 11555 6151 11555 3639 11556 6151 11556 6152 11556 3641 11557 6152 11557 6153 11557 3641 11558 3639 11558 6152 11558 3642 11559 6153 11559 6154 11559 3642 11560 3641 11560 6153 11560 3644 11561 6154 11561 6155 11561 3644 11562 3642 11562 6154 11562 3646 11563 6155 11563 6156 11563 3646 11564 3644 11564 6155 11564 3652 11565 6156 11565 6157 11565 3652 11566 3646 11566 6156 11566 6158 11567 3652 11567 6157 11567 3656 11568 3652 11568 6158 11568 3657 11569 6158 11569 6159 11569 3657 11570 3656 11570 6158 11570 3628 11571 6159 11571 6160 11571 3628 11572 3657 11572 6159 11572 3611 11573 6160 11573 6143 11573 3611 11574 3628 11574 6160 11574 6150 11575 6149 11575 6161 11575 6150 11576 6161 11576 3581 11576 6162 11577 3579 11577 6163 11577 3580 11578 3579 11578 6162 11578 3627 11579 6162 11579 6164 11579 3627 11580 3580 11580 6162 11580 6165 11581 3627 11581 6164 11581 3620 11582 3627 11582 6165 11582 6166 11583 3620 11583 6165 11583 3617 11584 3620 11584 6166 11584 3614 11585 6166 11585 6167 11585 3614 11586 3617 11586 6166 11586 6168 11587 3614 11587 6167 11587 3615 11588 3614 11588 6168 11588 6169 11589 3615 11589 6168 11589 3622 11590 3615 11590 6169 11590 3623 11591 6169 11591 6170 11591 3623 11592 3622 11592 6169 11592 3631 11593 6170 11593 6151 11593 3631 11594 3623 11594 6170 11594 6171 11595 3581 11595 6161 11595 3584 11596 3581 11596 6171 11596 6172 11597 3584 11597 6171 11597 3591 11598 3584 11598 6172 11598 3599 11599 6172 11599 6173 11599 3599 11600 3591 11600 6172 11600 6174 11601 3599 11601 6173 11601 3601 11602 3599 11602 6174 11602 6175 11603 3601 11603 6174 11603 3604 11604 3601 11604 6175 11604 3569 11605 3570 11605 6176 11605 3569 11606 6176 11606 6177 11606 6178 11607 3569 11607 6177 11607 3568 11608 3569 11608 6178 11608 6179 11609 3568 11609 6178 11609 3571 11610 3568 11610 6179 11610 3574 11611 6179 11611 6180 11611 3574 11612 3571 11612 6179 11612 3578 11613 6180 11613 6181 11613 3578 11614 3574 11614 6180 11614 6163 11615 3578 11615 6181 11615 3579 11616 3578 11616 6163 11616 6182 11617 3604 11617 6175 11617 3609 11618 3604 11618 6182 11618 6183 11619 3609 11619 6182 11619 3612 11620 3609 11620 6183 11620 6184 11621 3612 11621 6183 11621 6185 11622 3612 11622 6184 11622 3625 11623 6184 11623 6186 11623 3625 11624 6185 11624 6184 11624 3624 11625 6186 11625 6187 11625 3624 11626 3625 11626 6186 11626 6188 11627 6187 11627 6189 11627 6188 11628 3624 11628 6187 11628 3606 11629 6189 11629 6190 11629 3606 11630 6188 11630 6189 11630 6191 11631 6176 11631 3570 11631 3583 11632 6191 11632 3570 11632 3607 11633 3606 11633 6190 11633 3607 11634 6190 11634 6192 11634 6193 11635 3607 11635 6192 11635 6194 11636 3607 11636 6193 11636 6195 11637 6194 11637 6193 11637 3593 11638 6194 11638 6195 11638 3594 11639 6195 11639 6196 11639 3594 11640 3593 11640 6195 11640 3595 11641 6196 11641 6197 11641 3595 11642 3594 11642 6196 11642 3610 11643 6197 11643 6198 11643 3610 11644 3595 11644 6197 11644 3605 11645 6198 11645 6199 11645 3605 11646 3610 11646 6198 11646 6200 11647 3605 11647 6199 11647 3602 11648 3605 11648 6200 11648 6201 11649 3602 11649 6200 11649 6202 11650 3602 11650 6201 11650 3592 11651 6201 11651 6203 11651 3592 11652 6202 11652 6201 11652 6204 11653 3592 11653 6203 11653 3582 11654 3592 11654 6204 11654 6191 11655 3582 11655 6204 11655 3583 11656 3582 11656 6191 11656 6196 11657 6167 11657 6166 11657 6195 11658 6168 11658 6167 11658 6195 11659 6169 11659 6168 11659 6195 11660 6167 11660 6196 11660 6197 11661 6165 11661 6164 11661 6197 11662 6166 11662 6165 11662 6197 11663 6196 11663 6166 11663 6193 11664 6170 11664 6169 11664 6193 11665 6169 11665 6195 11665 6192 11666 6151 11666 6170 11666 6192 11667 6170 11667 6193 11667 6198 11668 6164 11668 6162 11668 6198 11669 6197 11669 6164 11669 6190 11670 6152 11670 6151 11670 6190 11671 6151 11671 6192 11671 6199 11672 6162 11672 6163 11672 6199 11673 6163 11673 6181 11673 6199 11674 6198 11674 6162 11674 6189 11675 6153 11675 6152 11675 6189 11676 6154 11676 6153 11676 6189 11677 6152 11677 6190 11677 6200 11678 6199 11678 6181 11678 6201 11679 6200 11679 6181 11679 6201 11680 6181 11680 6180 11680 6187 11681 6155 11681 6154 11681 6187 11682 6154 11682 6189 11682 6203 11683 6201 11683 6180 11683 6203 11684 6180 11684 6179 11684 6156 11685 6155 11685 6187 11685 6186 11686 6156 11686 6187 11686 6204 11687 6203 11687 6179 11687 6204 11688 6179 11688 6178 11688 6157 11689 6156 11689 6186 11689 6177 11690 6204 11690 6178 11690 6184 11691 6157 11691 6186 11691 6191 11692 6204 11692 6177 11692 6158 11693 6157 11693 6184 11693 6176 11694 6191 11694 6177 11694 6183 11695 6158 11695 6184 11695 6159 11696 6158 11696 6183 11696 6182 11697 6159 11697 6183 11697 6160 11698 6182 11698 6175 11698 6160 11699 6159 11699 6182 11699 6143 11700 6160 11700 6175 11700 6144 11701 6143 11701 6175 11701 6144 11702 6175 11702 6174 11702 6145 11703 6174 11703 6173 11703 6145 11704 6144 11704 6174 11704 6146 11705 6145 11705 6173 11705 6147 11706 6172 11706 6171 11706 6147 11707 6173 11707 6172 11707 6147 11708 6146 11708 6173 11708 6148 11709 6171 11709 6161 11709 6148 11710 6161 11710 6149 11710 6148 11711 6147 11711 6171 11711 6205 11712 6206 11712 3679 11712 6205 11713 3679 11713 6207 11713 3678 11714 6208 11714 6207 11714 3678 11715 6207 11715 3679 11715 6209 11716 6210 11716 6206 11716 6209 11717 6206 11717 6205 11717 6210 11718 6209 11718 6208 11718 6210 11719 6208 11719 3678 11719 6209 11720 6205 11720 6208 11720 6208 11721 6205 11721 6207 11721 6211 11722 3734 11722 6212 11722 3742 11723 3734 11723 6211 11723 6213 11724 3742 11724 6211 11724 3733 11725 3742 11725 6213 11725 3730 11726 3727 11726 6214 11726 3730 11727 6214 11727 6215 11727 3734 11728 6215 11728 6212 11728 3734 11729 3730 11729 6215 11729 3729 11730 3733 11730 6213 11730 3729 11731 6213 11731 6216 11731 3726 11732 6216 11732 6217 11732 3726 11733 3729 11733 6216 11733 6218 11734 3726 11734 6217 11734 3725 11735 3726 11735 6218 11735 6214 11736 3725 11736 6218 11736 3727 11737 3725 11737 6214 11737 6211 11738 6212 11738 6215 11738 6213 11739 6215 11739 6214 11739 6213 11740 6214 11740 6218 11740 6213 11741 6211 11741 6215 11741 6216 11742 6218 11742 6217 11742 6216 11743 6213 11743 6218 11743 3446 11744 3329 11744 3309 11744 3446 11745 3309 11745 3388 11745 3444 11746 3446 11746 3388 11746 3360 11747 3444 11747 3388 11747 3445 11748 3444 11748 3360 11748 3454 11749 3345 11749 3344 11749 3449 11750 3445 11750 3360 11750 3362 11751 3449 11751 3360 11751 3494 11752 3345 11752 3454 11752 3448 11753 3449 11753 3362 11753 3455 11754 3494 11754 3454 11754 3443 11755 3448 11755 3362 11755 3442 11756 3443 11756 3362 11756 3439 11757 3442 11757 3362 11757 3363 11758 3439 11758 3362 11758 3363 11759 3441 11759 3439 11759 3464 11760 3494 11760 3455 11760 3464 11761 3455 11761 3456 11761 3462 11762 3464 11762 3456 11762 3465 11763 3464 11763 3462 11763 3465 11764 3461 11764 3457 11764 3465 11765 3462 11765 3461 11765 3458 11766 3465 11766 3457 11766 3459 11767 3465 11767 3458 11767 3466 11768 3441 11768 3363 11768 3466 11769 3459 11769 3453 11769 3466 11770 3453 11770 3441 11770 3466 11771 3465 11771 3459 11771 3467 11772 3466 11772 3363 11772 3467 11773 3363 11773 3364 11773 3463 11774 3364 11774 3361 11774 3463 11775 3467 11775 3364 11775 3469 11776 3361 11776 3366 11776 3469 11777 3366 11777 3367 11777 3469 11778 3463 11778 3361 11778 3470 11779 3469 11779 3367 11779 3468 11780 3367 11780 3368 11780 3468 11781 3470 11781 3367 11781 3472 11782 3368 11782 3365 11782 3472 11783 3468 11783 3368 11783 3473 11784 3365 11784 3370 11784 3473 11785 3472 11785 3365 11785 3474 11786 3370 11786 3371 11786 3474 11787 3371 11787 3369 11787 3474 11788 3473 11788 3370 11788 3475 11789 3474 11789 3369 11789 3471 11790 3369 11790 3373 11790 3471 11791 3373 11791 3374 11791 3471 11792 3475 11792 3369 11792 3480 11793 3471 11793 3374 11793 3481 11794 3374 11794 3372 11794 3481 11795 3480 11795 3374 11795 3482 11796 3372 11796 3375 11796 3482 11797 3375 11797 3376 11797 3482 11798 3481 11798 3372 11798 3477 11799 3376 11799 3377 11799 3477 11800 3482 11800 3376 11800 3478 11801 3477 11801 3377 11801 3476 11802 3478 11802 3377 11802 3476 11803 3377 11803 3379 11803 3479 11804 3476 11804 3379 11804 3479 11805 3379 11805 3380 11805 3479 11806 3380 11806 3378 11806 3484 11807 3479 11807 3378 11807 3483 11808 3484 11808 3378 11808 3483 11809 3378 11809 3381 11809 3485 11810 3483 11810 3381 11810 3485 11811 3381 11811 3382 11811 3487 11812 3485 11812 3382 11812 3487 11813 3382 11813 3384 11813 3486 11814 3487 11814 3384 11814 3486 11815 3384 11815 3383 11815 3489 11816 3486 11816 3383 11816 3489 11817 3383 11817 3385 11817 3490 11818 3489 11818 3385 11818 3490 11819 3385 11819 3386 11819 3491 11820 3490 11820 3386 11820 3491 11821 3386 11821 3387 11821 3488 11822 3491 11822 3387 11822 3488 11823 3387 11823 3389 11823 3493 11824 3488 11824 3389 11824 3493 11825 3389 11825 3391 11825 3492 11826 3493 11826 3391 11826 3492 11827 3391 11827 3392 11827 3498 11828 3492 11828 3392 11828 3498 11829 3392 11829 3393 11829 3498 11830 3393 11830 3390 11830 3499 11831 3498 11831 3390 11831 3500 11832 3499 11832 3390 11832 3500 11833 3390 11833 3396 11833 3500 11834 3396 11834 3400 11834 3497 11835 3500 11835 3400 11835 3504 11836 3497 11836 3400 11836 3504 11837 3400 11837 3399 11837 3504 11838 3399 11838 3402 11838 3505 11839 3504 11839 3402 11839 3503 11840 3403 11840 3404 11840 3503 11841 3402 11841 3403 11841 3503 11842 3505 11842 3402 11842 3506 11843 3503 11843 3404 11843 3506 11844 3404 11844 3406 11844 3511 11845 3506 11845 3406 11845 3515 11846 3406 11846 3405 11846 3515 11847 3405 11847 3414 11847 3515 11848 3511 11848 3406 11848 3516 11849 3515 11849 3414 11849 3514 11850 3414 11850 3413 11850 3514 11851 3516 11851 3414 11851 3520 11852 3413 11852 3428 11852 3520 11853 3428 11853 3420 11853 3520 11854 3514 11854 3413 11854 3519 11855 3520 11855 3420 11855 3524 11856 3519 11856 3420 11856 3524 11857 3420 11857 3422 11857 3524 11858 3422 11858 3423 11858 3523 11859 3524 11859 3423 11859 3529 11860 3423 11860 3421 11860 3529 11861 3523 11861 3423 11861 3528 11862 3421 11862 3424 11862 3528 11863 3529 11863 3421 11863 3531 11864 3424 11864 3427 11864 3531 11865 3528 11865 3424 11865 3535 11866 3427 11866 3430 11866 3535 11867 3531 11867 3427 11867 3534 11868 3430 11868 3429 11868 3534 11869 3535 11869 3430 11869 3539 11870 3429 11870 3434 11870 3539 11871 3534 11871 3429 11871 3538 11872 3434 11872 3436 11872 3538 11873 3539 11873 3434 11873 3537 11874 3436 11874 3435 11874 3537 11875 3538 11875 3436 11875 3536 11876 3435 11876 3432 11876 3536 11877 3537 11877 3435 11877 3532 11878 3432 11878 3431 11878 3532 11879 3536 11879 3432 11879 3533 11880 3431 11880 3433 11880 3533 11881 3532 11881 3431 11881 3530 11882 3433 11882 3426 11882 3530 11883 3533 11883 3433 11883 3527 11884 3426 11884 3425 11884 3527 11885 3530 11885 3426 11885 3525 11886 3425 11886 3418 11886 3525 11887 3527 11887 3425 11887 3526 11888 3418 11888 3419 11888 3526 11889 3525 11889 3418 11889 3521 11890 3419 11890 3417 11890 3521 11891 3526 11891 3419 11891 3522 11892 3417 11892 3416 11892 3522 11893 3521 11893 3417 11893 3517 11894 3416 11894 3415 11894 3517 11895 3522 11895 3416 11895 3518 11896 3415 11896 3410 11896 3518 11897 3517 11897 3415 11897 3512 11898 3410 11898 3408 11898 3512 11899 3518 11899 3410 11899 3513 11900 3408 11900 3407 11900 3513 11901 3512 11901 3408 11901 3507 11902 3407 11902 3409 11902 3507 11903 3409 11903 3411 11903 3507 11904 3513 11904 3407 11904 3508 11905 3507 11905 3411 11905 3508 11906 3411 11906 3412 11906 3509 11907 3508 11907 3412 11907 3510 11908 3509 11908 3412 11908 3510 11909 3412 11909 3401 11909 3501 11910 3510 11910 3401 11910 3501 11911 3401 11911 3398 11911 3501 11912 3398 11912 3397 11912 3502 11913 3501 11913 3397 11913 3495 11914 3502 11914 3397 11914 3495 11915 3397 11915 3395 11915 3496 11916 3495 11916 3395 11916 3496 11917 3395 11917 3394 11917 3358 11918 3496 11918 3394 11918 3358 11919 3394 11919 3336 11919 1078 11920 884 11920 105 11920 1078 11921 105 11921 130 11921 1075 11922 1078 11922 130 11922 1075 11923 130 11923 134 11923 1074 11924 1075 11924 134 11924 1074 11925 134 11925 135 11925 1072 11926 1074 11926 135 11926 1072 11927 135 11927 147 11927 1072 11928 147 11928 152 11928 1066 11929 1072 11929 152 11929 1066 11930 152 11930 153 11930 1064 11931 1066 11931 153 11931 1064 11932 153 11932 157 11932 1061 11933 1064 11933 157 11933 1061 11934 157 11934 158 11934 1051 11935 1061 11935 158 11935 1050 11936 1051 11936 158 11936 1050 11937 158 11937 162 11937 1046 11938 1050 11938 162 11938 1046 11939 162 11939 167 11939 1045 11940 1046 11940 167 11940 1045 11941 167 11941 168 11941 1042 11942 1045 11942 168 11942 1042 11943 168 11943 174 11943 1040 11944 1042 11944 174 11944 1040 11945 174 11945 175 11945 1043 11946 1040 11946 175 11946 1043 11947 175 11947 176 11947 1035 11948 1043 11948 176 11948 1035 11949 176 11949 180 11949 1034 11950 1035 11950 180 11950 1034 11951 180 11951 181 11951 1036 11952 1034 11952 181 11952 1036 11953 181 11953 183 11953 1031 11954 1036 11954 183 11954 1031 11955 183 11955 184 11955 1030 11956 184 11956 185 11956 1030 11957 1031 11957 184 11957 1024 11958 185 11958 178 11958 1024 11959 1030 11959 185 11959 1025 11960 178 11960 177 11960 1025 11961 1024 11961 178 11961 1026 11962 177 11962 172 11962 1026 11963 1025 11963 177 11963 1028 11964 172 11964 170 11964 1028 11965 1026 11965 172 11965 1029 11966 170 11966 169 11966 1029 11967 1028 11967 170 11967 1530 11968 163 11968 165 11968 1032 11969 169 11969 163 11969 1032 11970 1029 11970 169 11970 161 11971 1530 11971 165 11971 1531 11972 163 11972 1530 11972 1531 11973 1032 11973 163 11973 1529 11974 1530 11974 161 11974 1033 11975 1032 11975 1531 11975 1528 11976 161 11976 159 11976 1528 11977 1529 11977 161 11977 1037 11978 1531 11978 1542 11978 1037 11979 1033 11979 1531 11979 1543 11980 1037 11980 1542 11980 1527 11981 159 11981 156 11981 1527 11982 1528 11982 159 11982 1038 11983 1037 11983 1543 11983 154 11984 1527 11984 156 11984 1544 11985 1038 11985 1543 11985 1526 11986 1527 11986 154 11986 1039 11987 1038 11987 1544 11987 1525 11988 154 11988 148 11988 1525 11989 1526 11989 154 11989 1044 11990 1544 11990 1545 11990 1044 11991 1039 11991 1544 11991 1546 11992 1044 11992 1545 11992 1524 11993 1525 11993 148 11993 150 11994 1524 11994 148 11994 1047 11995 1044 11995 1546 11995 1547 11996 1047 11996 1546 11996 1523 11997 1524 11997 150 11997 141 11998 1523 11998 150 11998 1522 11999 1523 11999 141 11999 1048 12000 1547 12000 1548 12000 1048 12001 1047 12001 1547 12001 140 12002 1522 12002 141 12002 1521 12003 1522 12003 140 12003 1056 12004 1548 12004 1549 12004 1056 12005 1048 12005 1548 12005 1520 12006 1521 12006 140 12006 131 12007 1520 12007 140 12007 1057 12008 1549 12008 1550 12008 1057 12009 1056 12009 1549 12009 1551 12010 1057 12010 1550 12010 1519 12011 1520 12011 131 12011 125 12012 1519 12012 131 12012 1063 12013 1057 12013 1551 12013 1552 12014 1063 12014 1551 12014 1518 12015 1519 12015 125 12015 1517 12016 1518 12016 125 12016 56 12017 1517 12017 125 12017 1070 12018 1552 12018 1553 12018 1070 12019 1063 12019 1552 12019 1554 12020 1070 12020 1553 12020 1516 12021 1517 12021 56 12021 50 12022 1516 12022 56 12022 1515 12023 1516 12023 50 12023 920 12024 1554 12024 1555 12024 920 12025 1070 12025 1554 12025 52 12026 1515 12026 50 12026 1514 12027 1515 12027 52 12027 917 12028 1555 12028 1556 12028 917 12029 920 12029 1555 12029 46 12030 1514 12030 52 12030 1513 12031 1514 12031 46 12031 916 12032 1556 12032 1557 12032 916 12033 917 12033 1556 12033 41 12034 1513 12034 46 12034 1512 12035 1513 12035 41 12035 915 12036 1557 12036 1558 12036 915 12037 916 12037 1557 12037 42 12038 1512 12038 41 12038 1511 12039 1512 12039 42 12039 912 12040 1558 12040 1541 12040 912 12041 915 12041 1558 12041 34 12042 1511 12042 42 12042 1510 12043 1511 12043 34 12043 911 12044 1541 12044 1540 12044 911 12045 912 12045 1541 12045 36 12046 1510 12046 34 12046 1509 12047 1510 12047 36 12047 910 12048 1540 12048 1539 12048 910 12049 911 12049 1540 12049 28 12050 1509 12050 36 12050 1508 12051 1509 12051 28 12051 908 12052 1539 12052 1533 12052 908 12053 910 12053 1539 12053 30 12054 1508 12054 28 12054 1507 12055 1508 12055 30 12055 906 12056 1533 12056 1534 12056 906 12057 908 12057 1533 12057 24 12058 1507 12058 30 12058 1506 12059 1507 12059 24 12059 905 12060 1534 12060 1535 12060 905 12061 906 12061 1534 12061 18 12062 1506 12062 24 12062 1505 12063 1506 12063 18 12063 904 12064 905 12064 1535 12064 904 12065 1535 12065 1536 12065 20 12066 1505 12066 18 12066 1504 12067 1505 12067 20 12067 902 12068 904 12068 1536 12068 902 12069 1536 12069 1537 12069 12 12070 1504 12070 20 12070 1503 12071 1504 12071 12 12071 900 12072 902 12072 1537 12072 900 12073 1537 12073 1538 12073 14 12074 1503 12074 12 12074 959 12075 1503 12075 14 12075 959 12076 14 12076 945 12076 899 12077 1538 12077 1532 12077 899 12078 900 12078 1538 12078 6 12079 945 12079 14 12079 891 12080 1532 12080 971 12080 891 12081 899 12081 1532 12081 926 12082 928 12082 6 12082 8 12083 926 12083 6 12083 6219 12084 926 12084 8 12084 0 12085 6219 12085 8 12085 6220 12086 6219 12086 0 12086 2 12087 6220 12087 0 12087 925 12088 6220 12088 2 12088 3 12089 925 12089 2 12089 5 12090 6221 12090 3 12090 10 12091 927 12091 5 12091 11 12092 929 12092 10 12092 16 12093 930 12093 11 12093 17 12094 6222 12094 16 12094 657 12095 656 12095 654 12095 657 12096 654 12096 652 12096 22 12097 6223 12097 17 12097 651 12098 657 12098 652 12098 660 12099 657 12099 651 12099 23 12100 6224 12100 22 12100 661 12101 660 12101 651 12101 661 12102 651 12102 650 12102 27 12103 931 12103 23 12103 662 12104 661 12104 650 12104 662 12105 650 12105 649 12105 32 12106 6225 12106 27 12106 663 12107 662 12107 649 12107 663 12108 649 12108 648 12108 33 12109 6226 12109 32 12109 647 12110 663 12110 648 12110 664 12111 663 12111 647 12111 38 12112 932 12112 33 12112 646 12113 664 12113 647 12113 665 12114 664 12114 646 12114 39 12115 933 12115 38 12115 666 12116 646 12116 645 12116 666 12117 665 12117 646 12117 44 12118 6227 12118 39 12118 644 12119 666 12119 645 12119 667 12120 666 12120 644 12120 45 12121 6228 12121 44 12121 668 12122 644 12122 643 12122 668 12123 667 12123 644 12123 49 12124 934 12124 45 12124 641 12125 668 12125 643 12125 669 12126 668 12126 641 12126 54 12127 935 12127 49 12127 670 12128 641 12128 640 12128 670 12129 669 12129 641 12129 55 12130 936 12130 54 12130 678 12131 640 12131 639 12131 678 12132 670 12132 640 12132 59 12133 6229 12133 55 12133 677 12134 678 12134 639 12134 677 12135 639 12135 638 12135 637 12136 677 12136 638 12136 60 12137 6230 12137 59 12137 676 12138 677 12138 637 12138 63 12139 937 12139 60 12139 675 12140 676 12140 637 12140 675 12141 637 12141 636 12141 64 12142 938 12142 63 12142 674 12143 636 12143 635 12143 674 12144 675 12144 636 12144 67 12145 939 12145 64 12145 673 12146 635 12146 634 12146 673 12147 674 12147 635 12147 633 12148 673 12148 634 12148 69 12149 940 12149 67 12149 672 12150 673 12150 633 12150 70 12151 941 12151 69 12151 671 12152 633 12152 632 12152 671 12153 672 12153 633 12153 72 12154 942 12154 70 12154 679 12155 632 12155 630 12155 679 12156 671 12156 632 12156 73 12157 6231 12157 72 12157 680 12158 630 12158 628 12158 680 12159 679 12159 630 12159 75 12160 6232 12160 73 12160 681 12161 628 12161 626 12161 681 12162 680 12162 628 12162 76 12163 943 12163 75 12163 682 12164 681 12164 626 12164 682 12165 626 12165 624 12165 627 12166 682 12166 624 12166 78 12167 944 12167 76 12167 685 12168 682 12168 627 12168 80 12169 6233 12169 78 12169 684 12170 685 12170 627 12170 684 12171 627 12171 629 12171 82 12172 6234 12172 80 12172 683 12173 629 12173 631 12173 683 12174 684 12174 629 12174 83 12175 622 12175 82 12175 83 12176 623 12176 622 12176 686 12177 631 12177 623 12177 686 12178 683 12178 631 12178 857 12179 623 12179 83 12179 857 12180 686 12180 623 12180 857 12181 83 12181 85 12181 857 12182 688 12182 686 12182 858 12183 857 12183 85 12183 858 12184 85 12184 86 12184 860 12185 858 12185 86 12185 860 12186 86 12186 88 12186 864 12187 860 12187 88 12187 864 12188 88 12188 89 12188 865 12189 864 12189 89 12189 865 12190 89 12190 91 12190 867 12191 865 12191 91 12191 867 12192 91 12192 93 12192 869 12193 867 12193 93 12193 869 12194 93 12194 94 12194 872 12195 869 12195 94 12195 872 12196 94 12196 96 12196 873 12197 96 12197 97 12197 873 12198 872 12198 96 12198 876 12199 97 12199 98 12199 876 12200 873 12200 97 12200 879 12201 98 12201 100 12201 879 12202 876 12202 98 12202 880 12203 100 12203 101 12203 880 12204 879 12204 100 12204 883 12205 101 12205 103 12205 883 12206 880 12206 101 12206 884 12207 103 12207 105 12207 884 12208 883 12208 103 12208 928 12209 945 12209 6 12209 6221 12210 925 12210 3 12210 927 12211 6221 12211 5 12211 929 12212 927 12212 10 12212 930 12213 929 12213 11 12213 6222 12214 930 12214 16 12214 6223 12215 6222 12215 17 12215 6224 12216 6223 12216 22 12216 931 12217 6224 12217 23 12217 6225 12218 931 12218 27 12218 6226 12219 6225 12219 32 12219 932 12220 6226 12220 33 12220 933 12221 932 12221 38 12221 6227 12222 933 12222 39 12222 6228 12223 6227 12223 44 12223 934 12224 6228 12224 45 12224 935 12225 934 12225 49 12225 936 12226 935 12226 54 12226 6229 12227 936 12227 55 12227 6230 12228 6229 12228 59 12228 937 12229 6230 12229 60 12229 938 12230 937 12230 63 12230 939 12231 938 12231 64 12231 940 12232 939 12232 67 12232 941 12233 940 12233 69 12233 942 12234 941 12234 70 12234 6231 12235 942 12235 72 12235 6232 12236 6231 12236 73 12236 943 12237 6232 12237 75 12237 944 12238 943 12238 76 12238 6233 12239 944 12239 78 12239 6234 12240 6233 12240 80 12240 622 12241 6234 12241 82 12241 875 12242 878 12242 95 12242 95 12243 878 12243 99 12243 99 12244 882 12244 102 12244 878 12245 882 12245 99 12245 102 12246 886 12246 104 12246 882 12247 886 12247 102 12247 104 12248 888 12248 106 12248 106 12249 888 12249 107 12249 886 12250 888 12250 104 12250 888 12251 889 12251 107 12251 889 12252 207 12252 107 12252 889 12253 1085 12253 207 12253 1085 12254 127 12254 207 12254 1085 12255 1068 12255 127 12255 1068 12256 209 12256 127 12256 1068 12257 1087 12257 209 12257 1087 12258 136 12258 209 12258 1087 12259 1062 12259 136 12259 1062 12260 137 12260 136 12260 1062 12261 1058 12261 137 12261 1058 12262 143 12262 137 12262 1058 12263 1055 12263 143 12263 1055 12264 144 12264 143 12264 1055 12265 1053 12265 144 12265 1053 12266 146 12266 144 12266 1053 12267 1052 12267 146 12267 1052 12268 145 12268 146 12268 1052 12269 1054 12269 145 12269 1054 12270 139 12270 145 12270 1054 12271 1060 12271 139 12271 1060 12272 138 12272 139 12272 1060 12273 1059 12273 138 12273 1059 12274 210 12274 138 12274 1059 12275 1088 12275 210 12275 1088 12276 128 12276 210 12276 128 12277 1067 12277 129 12277 1088 12278 1067 12278 128 12278 129 12279 1069 12279 208 12279 1067 12280 1069 12280 129 12280 1069 12281 1086 12281 208 12281 208 12282 1086 12282 124 12282 1086 12283 1076 12283 124 12283 124 12284 1076 12284 65 12284 1076 12285 919 12285 65 12285 65 12286 919 12286 61 12286 919 12287 921 12287 61 12287 921 12288 918 12288 61 12288 61 12289 918 12289 57 12289 918 12290 914 12290 57 12290 57 12291 914 12291 51 12291 914 12292 913 12292 51 12292 51 12293 913 12293 47 12293 913 12294 909 12294 47 12294 47 12295 909 12295 40 12295 40 12296 909 12296 35 12296 909 12297 907 12297 35 12297 907 12298 903 12298 35 12298 35 12299 903 12299 29 12299 903 12300 901 12300 29 12300 29 12301 901 12301 25 12301 901 12302 898 12302 25 12302 25 12303 898 12303 19 12303 19 12304 898 12304 13 12304 898 12305 890 12305 13 12305 890 12306 892 12306 13 12306 13 12307 892 12307 7 12307 7 12308 893 12308 1 12308 892 12309 893 12309 7 12309 1 12310 894 12310 4 12310 4 12311 894 12311 9 12311 893 12312 894 12312 1 12312 894 12313 895 12313 9 12313 9 12314 896 12314 15 12314 895 12315 896 12315 9 12315 15 12316 897 12316 21 12316 896 12317 897 12317 15 12317 21 12318 887 12318 26 12318 26 12319 887 12319 31 12319 897 12320 887 12320 21 12320 887 12321 885 12321 31 12321 31 12322 881 12322 37 12322 37 12323 881 12323 43 12323 885 12324 881 12324 31 12324 881 12325 877 12325 43 12325 43 12326 874 12326 48 12326 48 12327 874 12327 53 12327 877 12328 874 12328 43 12328 874 12329 870 12329 53 12329 870 12330 866 12330 53 12330 53 12331 866 12331 58 12331 866 12332 862 12332 58 12332 58 12333 862 12333 62 12333 862 12334 859 12334 62 12334 62 12335 859 12335 66 12335 66 12336 859 12336 68 12336 859 12337 855 12337 68 12337 855 12338 853 12338 68 12338 68 12339 853 12339 71 12339 853 12340 852 12340 71 12340 71 12341 852 12341 74 12341 74 12342 852 12342 77 12342 852 12343 851 12343 77 12343 851 12344 854 12344 77 12344 77 12345 854 12345 79 12345 854 12346 856 12346 79 12346 79 12347 856 12347 81 12347 856 12348 861 12348 81 12348 81 12349 861 12349 84 12349 84 12350 861 12350 87 12350 861 12351 863 12351 87 12351 863 12352 868 12352 87 12352 87 12353 868 12353 90 12353 90 12354 868 12354 92 12354 868 12355 871 12355 92 12355 92 12356 871 12356 95 12356 871 12357 875 12357 95 12357 1273 12358 1238 12358 1241 12358 1275 12359 1241 12359 1242 12359 1275 12360 1273 12360 1241 12360 1276 12361 1242 12361 1243 12361 1276 12362 1275 12362 1242 12362 1277 12363 1243 12363 1244 12363 1277 12364 1276 12364 1243 12364 1278 12365 1244 12365 1245 12365 1278 12366 1277 12366 1244 12366 1279 12367 1245 12367 1246 12367 1279 12368 1278 12368 1245 12368 1280 12369 1246 12369 1247 12369 1280 12370 1279 12370 1246 12370 1281 12371 1247 12371 1248 12371 1281 12372 1280 12372 1247 12372 1282 12373 1248 12373 1249 12373 1282 12374 1281 12374 1248 12374 1283 12375 1249 12375 1250 12375 1283 12376 1282 12376 1249 12376 1284 12377 1250 12377 1251 12377 1284 12378 1283 12378 1250 12378 1285 12379 1251 12379 1252 12379 1285 12380 1284 12380 1251 12380 1286 12381 1252 12381 1253 12381 1286 12382 1285 12382 1252 12382 1287 12383 1253 12383 1254 12383 1287 12384 1286 12384 1253 12384 1288 12385 1254 12385 1255 12385 1288 12386 1287 12386 1254 12386 1289 12387 1255 12387 1256 12387 1289 12388 1288 12388 1255 12388 1290 12389 1256 12389 1257 12389 1290 12390 1289 12390 1256 12390 1291 12391 1290 12391 1257 12391 1291 12392 1257 12392 1258 12392 1292 12393 1291 12393 1258 12393 1293 12394 1292 12394 1258 12394 1293 12395 1258 12395 1259 12395 1293 12396 1259 12396 1260 12396 1294 12397 1293 12397 1260 12397 1294 12398 1260 12398 1261 12398 1295 12399 1294 12399 1261 12399 1295 12400 1261 12400 1262 12400 1296 12401 1295 12401 1262 12401 1296 12402 1262 12402 1263 12402 1297 12403 1296 12403 1263 12403 1297 12404 1263 12404 1264 12404 1298 12405 1297 12405 1264 12405 1298 12406 1264 12406 1265 12406 1299 12407 1298 12407 1265 12407 1305 12408 1299 12408 1265 12408 1305 12409 1265 12409 1271 12409 1304 12410 1305 12410 1271 12410 1304 12411 1271 12411 1270 12411 1303 12412 1304 12412 1270 12412 1303 12413 1270 12413 1269 12413 1302 12414 1303 12414 1269 12414 1302 12415 1269 12415 1268 12415 1301 12416 1302 12416 1268 12416 1301 12417 1268 12417 1267 12417 1301 12418 1267 12418 1266 12418 1300 12419 1301 12419 1266 12419 250 12420 1300 12420 1266 12420 250 12421 1266 12421 290 12421 1331 12422 250 12422 290 12422 1331 12423 290 12423 1231 12423 1332 12424 1231 12424 1232 12424 1332 12425 1331 12425 1231 12425 1332 12426 1232 12426 1233 12426 1333 12427 1332 12427 1233 12427 1334 12428 1233 12428 1234 12428 1334 12429 1234 12429 1235 12429 1334 12430 1333 12430 1233 12430 1335 12431 1334 12431 1235 12431 1336 12432 1235 12432 1236 12432 1336 12433 1236 12433 1237 12433 1336 12434 1335 12434 1235 12434 1337 12435 1336 12435 1237 12435 1314 12436 1237 12436 1230 12436 1314 12437 1337 12437 1237 12437 1315 12438 1230 12438 1229 12438 1315 12439 1314 12439 1230 12439 1316 12440 1315 12440 1229 12440 1316 12441 1229 12441 1228 12441 1317 12442 1316 12442 1228 12442 1317 12443 1228 12443 1227 12443 1317 12444 1227 12444 1226 12444 1318 12445 1317 12445 1226 12445 1319 12446 1318 12446 1226 12446 1319 12447 1226 12447 1225 12447 1320 12448 1319 12448 1225 12448 1320 12449 1225 12449 1224 12449 1321 12450 1320 12450 1224 12450 1321 12451 1224 12451 1223 12451 1322 12452 1321 12452 1223 12452 1322 12453 1223 12453 1222 12453 1323 12454 1322 12454 1222 12454 1323 12455 1222 12455 1221 12455 1323 12456 1221 12456 1220 12456 1324 12457 1323 12457 1220 12457 1325 12458 1324 12458 1220 12458 1325 12459 1220 12459 1219 12459 1326 12460 1325 12460 1219 12460 1326 12461 1219 12461 1215 12461 1327 12462 1326 12462 1215 12462 1327 12463 1215 12463 1214 12463 1328 12464 1327 12464 1214 12464 1328 12465 1214 12465 1216 12465 1329 12466 1328 12466 1216 12466 1329 12467 1216 12467 1217 12467 1330 12468 1329 12468 1217 12468 1330 12469 1217 12469 1218 12469 1313 12470 1330 12470 1218 12470 1313 12471 1218 12471 1213 12471 1307 12472 1313 12472 1213 12472 1307 12473 1213 12473 1212 12473 1308 12474 1307 12474 1212 12474 1308 12475 1212 12475 1211 12475 1309 12476 1308 12476 1211 12476 1309 12477 1211 12477 1210 12477 1310 12478 1309 12478 1210 12478 1310 12479 1210 12479 1209 12479 1311 12480 1310 12480 1209 12480 1311 12481 1209 12481 1208 12481 1312 12482 1311 12482 1208 12482 1312 12483 1208 12483 1207 12483 1312 12484 1207 12484 1194 12484 1306 12485 1312 12485 1194 12485</p>
        </triangles>
      </mesh>
    </geometry>
  </library_geometries>
  <library_materials>
    <material id="mat_Fusion" name="Fusion">
      <instance_effect url="#effect_Fusion"/>
    </material>
  </library_materials>
  <library_visual_scenes>
    <visual_scene id="scene">
      <node id="node0" name="node0">
        <instance_geometry url="#geometry0">
          <bind_material>
            <technique_common>
              <instance_material symbol="ref_Fusion" target="#mat_Fusion"/>
            </technique_common>
          </bind_material>
        </instance_geometry>
      </node>
    </visual_scene>
  </library_visual_scenes>
  <scene>
    <instance_visual_scene url="#scene"/>
  </scene>
</COLLADA>
