ISO-10303-21;
HEADER;
FILE_DESCRIPTION(('FreeCAD Model'),'2;1');
FILE_NAME('Open CASCADE Shape Model','2026-08-28T16:29:23',(''),(''),
  'Open CASCADE STEP processor 7.8','FreeCAD','Unknown');
FILE_SCHEMA(('AUTOMOTIVE_DESIGN { 1 0 10303 214 1 1 1 1 }'));
ENDSEC;
DATA;
#1 = APPLICATION_PROTOCOL_DEFINITION('international standard',
  'automotive_design',2000,#2);
#2 = APPLICATION_CONTEXT(
  'core data for automotive mechanical design processes');
#3 = SHAPE_DEFINITION_REPRESENTATION(#4,#10);
#4 = PRODUCT_DEFINITION_SHAPE('','',#5);
#5 = PRODUCT_DEFINITION('design','',#6,#9);
#6 = PRODUCT_DEFINITION_FORMATION('','',#7);
#7 = PRODUCT('Assembly','Assembly','',(#8));
#8 = PRODUCT_CONTEXT('',#2,'mechanical');
#9 = PRODUCT_DEFINITION_CONTEXT('part definition',#2,'design');
#10 = SHAPE_REPRESENTATION('',(#11,#15),#19);
#11 = AXIS2_PLACEMENT_3D('',#12,#13,#14);
#12 = CARTESIAN_POINT('',(0.,0.,0.));
#13 = DIRECTION('',(0.,0.,1.));
#14 = DIRECTION('',(1.,0.,-0.));
#15 = AXIS2_PLACEMENT_3D('',#16,#17,#18);
#16 = CARTESIAN_POINT('',(0.,0.,0.));
#17 = DIRECTION('',(0.,0.,1.));
#18 = DIRECTION('',(1.,0.,0.));
#19 = ( GEOMETRIC_REPRESENTATION_CONTEXT(3) 
GLOBAL_UNCERTAINTY_ASSIGNED_CONTEXT((#23)) GLOBAL_UNIT_ASSIGNED_CONTEXT(
(#20,#21,#22)) REPRESENTATION_CONTEXT('Context #1',
  '3D Context with UNIT and UNCERTAINTY') );
#20 = ( LENGTH_UNIT() NAMED_UNIT(*) SI_UNIT(.MILLI.,.METRE.) );
#21 = ( NAMED_UNIT(*) PLANE_ANGLE_UNIT() SI_UNIT($,.RADIAN.) );
#22 = ( NAMED_UNIT(*) SI_UNIT($,.STERADIAN.) SOLID_ANGLE_UNIT() );
#23 = UNCERTAINTY_MEASURE_WITH_UNIT(LENGTH_MEASURE(5.E-07),#20,
  'distance_accuracy_value','confusion accuracy');
#24 = PRODUCT_RELATED_PRODUCT_CATEGORY('part',$,(#7));
#25 = SHAPE_DEFINITION_REPRESENTATION(#26,#32);
#26 = PRODUCT_DEFINITION_SHAPE('','',#27);
#27 = PRODUCT_DEFINITION('design','',#28,#31);
#28 = PRODUCT_DEFINITION_FORMATION('','',#29);
#29 = PRODUCT('Fusion','Fusion','',(#30));
#30 = PRODUCT_CONTEXT('',#2,'mechanical');
#31 = PRODUCT_DEFINITION_CONTEXT('part definition',#2,'design');
#32 = ADVANCED_BREP_SHAPE_REPRESENTATION('',(#11,#33),#10885);
#33 = MANIFOLD_SOLID_BREP('',#34);
#34 = CLOSED_SHELL('',(#35,#75,#106,#746,#770,#1139,#1151,#1168,#1199,
    #1488,#1513,#1783,#1807,#2078,#2103,#2384,#2401,#2418,#2435,#2452,
    #2469,#2502,#2772,#2796,#3067,#3092,#3380,#3404,#3685,#3702,#3719,
    #3736,#3753,#3770,#3787,#3820,#4090,#4114,#4385,#4410,#4698,#4722,
    #5003,#5020,#5037,#5054,#5071,#5088,#5105,#5138,#5408,#5432,#5703,
    #5728,#6016,#6040,#6321,#6338,#6355,#6372,#6389,#6406,#6423,#6466,
    #6509,#6526,#6543,#6629,#6646,#6663,#6680,#6697,#6714,#6731,#6748,
    #6765,#6782,#6799,#6816,#6870,#6887,#6904,#6921,#6938,#6950,#6967,
    #6984,#7001,#7018,#7035,#7052,#7069,#7086,#7103,#7120,#7137,#7154,
    #7166,#7183,#7200,#7217,#7234,#7251,#7268,#7285,#7302,#7319,#7336,
    #7348,#7365,#7382,#7399,#7416,#7433,#7450,#7467,#7484,#7501,#7518,
    #7535,#7552,#7564,#7646,#7663,#7680,#7697,#7714,#7731,#7748,#7765,
    #7782,#7799,#7816,#7833,#7892,#7909,#7926,#7943,#7960,#7977,#7994,
    #8011,#8028,#8045,#8062,#8079,#8096,#8108,#8125,#8142,#8159,#8176,
    #8193,#8210,#8227,#8244,#8261,#8278,#8290,#8307,#8324,#8341,#8358,
    #8375,#8392,#8409,#8426,#8438,#8450,#8467,#8484,#8501,#8518,#8530,
    #8594,#8611,#8628,#8645,#8662,#8679,#8696,#8713,#8730,#8747,#8764,
    #8781,#8867,#8884,#8901,#8918,#8935,#8952,#8969,#8986,#9003,#9020,
    #9037,#9054,#9071,#9083,#9100,#9117,#9134,#9151,#9168,#9185,#9202,
    #9219,#9236,#9253,#9265,#9282,#9299,#9316,#9333,#9350,#9367,#9384,
    #9401,#9413,#9425,#9442,#9459,#9476,#9493,#9505,#9596,#9613,#9630,
    #9647,#9664,#9681,#9698,#9715,#9732,#9749,#9766,#9783,#9842,#9859,
    #9876,#9893,#9910,#9927,#9944,#9961,#9978,#9995,#10012,#10029,#10046
    ,#10058,#10075,#10092,#10109,#10126,#10143,#10160,#10177,#10194,
    #10211,#10228,#10240,#10257,#10274,#10291,#10308,#10325,#10342,
    #10359,#10376,#10388,#10400,#10417,#10442,#10459,#10484,#10503,
    #10522,#10538,#10554,#10571,#10588,#10604,#10621,#10638,#10654,
    #10671,#10687,#10703,#10720,#10736,#10752,#10769,#10786,#10803,
    #10819,#10836,#10853,#10869));
#35 = ADVANCED_FACE('',(#36),#70,.F.);
#36 = FACE_BOUND('',#37,.F.);
#37 = EDGE_LOOP('',(#38,#48,#56,#64));
#38 = ORIENTED_EDGE('',*,*,#39,.T.);
#39 = EDGE_CURVE('',#40,#42,#44,.T.);
#40 = VERTEX_POINT('',#41);
#41 = CARTESIAN_POINT('',(-80.,-60.,0.));
#42 = VERTEX_POINT('',#43);
#43 = CARTESIAN_POINT('',(-80.,-60.,4.));
#44 = LINE('',#45,#46);
#45 = CARTESIAN_POINT('',(-80.,-60.,0.));
#46 = VECTOR('',#47,1.);
#47 = DIRECTION('',(0.,0.,1.));
#48 = ORIENTED_EDGE('',*,*,#49,.T.);
#49 = EDGE_CURVE('',#42,#50,#52,.T.);
#50 = VERTEX_POINT('',#51);
#51 = CARTESIAN_POINT('',(80.,-60.,4.));
#52 = LINE('',#53,#54);
#53 = CARTESIAN_POINT('',(-80.,-60.,4.));
#54 = VECTOR('',#55,1.);
#55 = DIRECTION('',(1.,0.,0.));
#56 = ORIENTED_EDGE('',*,*,#57,.F.);
#57 = EDGE_CURVE('',#58,#50,#60,.T.);
#58 = VERTEX_POINT('',#59);
#59 = CARTESIAN_POINT('',(80.,-60.,0.));
#60 = LINE('',#61,#62);
#61 = CARTESIAN_POINT('',(80.,-60.,0.));
#62 = VECTOR('',#63,1.);
#63 = DIRECTION('',(0.,0.,1.));
#64 = ORIENTED_EDGE('',*,*,#65,.F.);
#65 = EDGE_CURVE('',#40,#58,#66,.T.);
#66 = LINE('',#67,#68);
#67 = CARTESIAN_POINT('',(-80.,-60.,0.));
#68 = VECTOR('',#69,1.);
#69 = DIRECTION('',(1.,0.,0.));
#70 = PLANE('',#71);
#71 = AXIS2_PLACEMENT_3D('',#72,#73,#74);
#72 = CARTESIAN_POINT('',(-80.,-60.,0.));
#73 = DIRECTION('',(0.,1.,0.));
#74 = DIRECTION('',(1.,0.,0.));
#75 = ADVANCED_FACE('',(#76),#101,.F.);
#76 = FACE_BOUND('',#77,.F.);
#77 = EDGE_LOOP('',(#78,#88,#94,#95));
#78 = ORIENTED_EDGE('',*,*,#79,.T.);
#79 = EDGE_CURVE('',#80,#82,#84,.T.);
#80 = VERTEX_POINT('',#81);
#81 = CARTESIAN_POINT('',(-80.,60.,0.));
#82 = VERTEX_POINT('',#83);
#83 = CARTESIAN_POINT('',(-80.,60.,4.));
#84 = LINE('',#85,#86);
#85 = CARTESIAN_POINT('',(-80.,60.,0.));
#86 = VECTOR('',#87,1.);
#87 = DIRECTION('',(0.,0.,1.));
#88 = ORIENTED_EDGE('',*,*,#89,.T.);
#89 = EDGE_CURVE('',#82,#42,#90,.T.);
#90 = LINE('',#91,#92);
#91 = CARTESIAN_POINT('',(-80.,60.,4.));
#92 = VECTOR('',#93,1.);
#93 = DIRECTION('',(0.,-1.,0.));
#94 = ORIENTED_EDGE('',*,*,#39,.F.);
#95 = ORIENTED_EDGE('',*,*,#96,.F.);
#96 = EDGE_CURVE('',#80,#40,#97,.T.);
#97 = LINE('',#98,#99);
#98 = CARTESIAN_POINT('',(-80.,60.,0.));
#99 = VECTOR('',#100,1.);
#100 = DIRECTION('',(0.,-1.,0.));
#101 = PLANE('',#102);
#102 = AXIS2_PLACEMENT_3D('',#103,#104,#105);
#103 = CARTESIAN_POINT('',(-80.,60.,0.));
#104 = DIRECTION('',(1.,0.,0.));
#105 = DIRECTION('',(0.,-1.,0.));
#106 = ADVANCED_FACE('',(#107,#125,#136,#202,#268,#279,#345,#356,#422,
    #433,#499,#510,#576,#587,#653,#664,#730),#741,.T.);
#107 = FACE_BOUND('',#108,.T.);
#108 = EDGE_LOOP('',(#109,#110,#118,#124));
#109 = ORIENTED_EDGE('',*,*,#49,.T.);
#110 = ORIENTED_EDGE('',*,*,#111,.T.);
#111 = EDGE_CURVE('',#50,#112,#114,.T.);
#112 = VERTEX_POINT('',#113);
#113 = CARTESIAN_POINT('',(80.,60.,4.));
#114 = LINE('',#115,#116);
#115 = CARTESIAN_POINT('',(80.,-60.,4.));
#116 = VECTOR('',#117,1.);
#117 = DIRECTION('',(0.,1.,0.));
#118 = ORIENTED_EDGE('',*,*,#119,.T.);
#119 = EDGE_CURVE('',#112,#82,#120,.T.);
#120 = LINE('',#121,#122);
#121 = CARTESIAN_POINT('',(80.,60.,4.));
#122 = VECTOR('',#123,1.);
#123 = DIRECTION('',(-1.,0.,0.));
#124 = ORIENTED_EDGE('',*,*,#89,.T.);
#125 = FACE_BOUND('',#126,.T.);
#126 = EDGE_LOOP('',(#127));
#127 = ORIENTED_EDGE('',*,*,#128,.T.);
#128 = EDGE_CURVE('',#129,#129,#131,.T.);
#129 = VERTEX_POINT('',#130);
#130 = CARTESIAN_POINT('',(-74.3,-56.,4.));
#131 = CIRCLE('',#132,1.7);
#132 = AXIS2_PLACEMENT_3D('',#133,#134,#135);
#133 = CARTESIAN_POINT('',(-76.,-56.,4.));
#134 = DIRECTION('',(0.,0.,-1.));
#135 = DIRECTION('',(1.,0.,0.));
#136 = FACE_BOUND('',#137,.T.);
#137 = EDGE_LOOP('',(#138,#148,#156,#164,#172,#180,#188,#196));
#138 = ORIENTED_EDGE('',*,*,#139,.T.);
#139 = EDGE_CURVE('',#140,#142,#144,.T.);
#140 = VERTEX_POINT('',#141);
#141 = CARTESIAN_POINT('',(-67.8,-58.18,4.));
#142 = VERTEX_POINT('',#143);
#143 = CARTESIAN_POINT('',(-67.8,-17.18,4.));
#144 = LINE('',#145,#146);
#145 = CARTESIAN_POINT('',(-67.8,-58.18,4.));
#146 = VECTOR('',#147,1.);
#147 = DIRECTION('',(0.,1.,-2.22044604925E-16));
#148 = ORIENTED_EDGE('',*,*,#149,.T.);
#149 = EDGE_CURVE('',#142,#150,#152,.T.);
#150 = VERTEX_POINT('',#151);
#151 = CARTESIAN_POINT('',(-55.8,-17.18,4.));
#152 = LINE('',#153,#154);
#153 = CARTESIAN_POINT('',(-67.8,-17.18,4.));
#154 = VECTOR('',#155,1.);
#155 = DIRECTION('',(1.,1.354472090043E-31,6.1E-16));
#156 = ORIENTED_EDGE('',*,*,#157,.F.);
#157 = EDGE_CURVE('',#158,#150,#160,.T.);
#158 = VERTEX_POINT('',#159);
#159 = CARTESIAN_POINT('',(-55.8,-22.18,4.));
#160 = LINE('',#161,#162);
#161 = CARTESIAN_POINT('',(-55.8,-22.18,4.));
#162 = VECTOR('',#163,1.);
#163 = DIRECTION('',(0.,1.,-2.22044604925E-16));
#164 = ORIENTED_EDGE('',*,*,#165,.F.);
#165 = EDGE_CURVE('',#166,#158,#168,.T.);
#166 = VERTEX_POINT('',#167);
#167 = CARTESIAN_POINT('',(-60.,-22.18,4.));
#168 = LINE('',#169,#170);
#169 = CARTESIAN_POINT('',(-67.8,-22.18,4.));
#170 = VECTOR('',#171,1.);
#171 = DIRECTION('',(1.,1.354472090043E-31,6.1E-16));
#172 = ORIENTED_EDGE('',*,*,#173,.F.);
#173 = EDGE_CURVE('',#174,#166,#176,.T.);
#174 = VERTEX_POINT('',#175);
#175 = CARTESIAN_POINT('',(-60.,-53.18,4.));
#176 = LINE('',#177,#178);
#177 = CARTESIAN_POINT('',(-60.,-53.18,4.));
#178 = VECTOR('',#179,1.);
#179 = DIRECTION('',(0.,1.,-4.42044604925E-16));
#180 = ORIENTED_EDGE('',*,*,#181,.T.);
#181 = EDGE_CURVE('',#174,#182,#184,.T.);
#182 = VERTEX_POINT('',#183);
#183 = CARTESIAN_POINT('',(-55.8,-53.18,4.));
#184 = LINE('',#185,#186);
#185 = CARTESIAN_POINT('',(-67.8,-53.18,4.));
#186 = VECTOR('',#187,1.);
#187 = DIRECTION('',(1.,5.329070518201E-32,2.4E-16));
#188 = ORIENTED_EDGE('',*,*,#189,.F.);
#189 = EDGE_CURVE('',#190,#182,#192,.T.);
#190 = VERTEX_POINT('',#191);
#191 = CARTESIAN_POINT('',(-55.8,-58.18,4.));
#192 = LINE('',#193,#194);
#193 = CARTESIAN_POINT('',(-55.8,-58.18,4.));
#194 = VECTOR('',#195,1.);
#195 = DIRECTION('',(0.,1.,-2.22044604925E-16));
#196 = ORIENTED_EDGE('',*,*,#197,.F.);
#197 = EDGE_CURVE('',#140,#190,#198,.T.);
#198 = LINE('',#199,#200);
#199 = CARTESIAN_POINT('',(-67.8,-58.18,4.));
#200 = VECTOR('',#201,1.);
#201 = DIRECTION('',(1.,5.329070518201E-32,2.4E-16));
#202 = FACE_BOUND('',#203,.T.);
#203 = EDGE_LOOP('',(#204,#214,#222,#230,#238,#246,#254,#262));
#204 = ORIENTED_EDGE('',*,*,#205,.T.);
#205 = EDGE_CURVE('',#206,#208,#210,.T.);
#206 = VERTEX_POINT('',#207);
#207 = CARTESIAN_POINT('',(-24.2,-22.18,4.));
#208 = VERTEX_POINT('',#209);
#209 = CARTESIAN_POINT('',(-24.2,-17.18,4.));
#210 = LINE('',#211,#212);
#211 = CARTESIAN_POINT('',(-24.2,-22.18,4.));
#212 = VECTOR('',#213,1.);
#213 = DIRECTION('',(0.,1.,-2.22044604925E-16));
#214 = ORIENTED_EDGE('',*,*,#215,.T.);
#215 = EDGE_CURVE('',#208,#216,#218,.T.);
#216 = VERTEX_POINT('',#217);
#217 = CARTESIAN_POINT('',(-12.2,-17.18,4.));
#218 = LINE('',#219,#220);
#219 = CARTESIAN_POINT('',(-27.2,-17.18,4.));
#220 = VECTOR('',#221,1.);
#221 = DIRECTION('',(1.,1.354472090043E-31,6.1E-16));
#222 = ORIENTED_EDGE('',*,*,#223,.F.);
#223 = EDGE_CURVE('',#224,#216,#226,.T.);
#224 = VERTEX_POINT('',#225);
#225 = CARTESIAN_POINT('',(-12.2,-58.18,4.));
#226 = LINE('',#227,#228);
#227 = CARTESIAN_POINT('',(-12.2,-58.18,4.));
#228 = VECTOR('',#229,1.);
#229 = DIRECTION('',(0.,1.,-2.22044604925E-16));
#230 = ORIENTED_EDGE('',*,*,#231,.F.);
#231 = EDGE_CURVE('',#232,#224,#234,.T.);
#232 = VERTEX_POINT('',#233);
#233 = CARTESIAN_POINT('',(-24.2,-58.18,4.));
#234 = LINE('',#235,#236);
#235 = CARTESIAN_POINT('',(-27.2,-58.18,4.));
#236 = VECTOR('',#237,1.);
#237 = DIRECTION('',(1.,5.329070518201E-32,2.4E-16));
#238 = ORIENTED_EDGE('',*,*,#239,.T.);
#239 = EDGE_CURVE('',#232,#240,#242,.T.);
#240 = VERTEX_POINT('',#241);
#241 = CARTESIAN_POINT('',(-24.2,-53.18,4.));
#242 = LINE('',#243,#244);
#243 = CARTESIAN_POINT('',(-24.2,-58.18,4.));
#244 = VECTOR('',#245,1.);
#245 = DIRECTION('',(0.,1.,-2.22044604925E-16));
#246 = ORIENTED_EDGE('',*,*,#247,.T.);
#247 = EDGE_CURVE('',#240,#248,#250,.T.);
#248 = VERTEX_POINT('',#249);
#249 = CARTESIAN_POINT('',(-20.,-53.18,4.));
#250 = LINE('',#251,#252);
#251 = CARTESIAN_POINT('',(-27.2,-53.18,4.));
#252 = VECTOR('',#253,1.);
#253 = DIRECTION('',(1.,5.329070518201E-32,2.4E-16));
#254 = ORIENTED_EDGE('',*,*,#255,.T.);
#255 = EDGE_CURVE('',#248,#256,#258,.T.);
#256 = VERTEX_POINT('',#257);
#257 = CARTESIAN_POINT('',(-20.,-22.18,4.));
#258 = LINE('',#259,#260);
#259 = CARTESIAN_POINT('',(-20.,-53.18,4.));
#260 = VECTOR('',#261,1.);
#261 = DIRECTION('',(0.,1.,-4.42044604925E-16));
#262 = ORIENTED_EDGE('',*,*,#263,.F.);
#263 = EDGE_CURVE('',#206,#256,#264,.T.);
#264 = LINE('',#265,#266);
#265 = CARTESIAN_POINT('',(-27.2,-22.18,4.));
#266 = VECTOR('',#267,1.);
#267 = DIRECTION('',(1.,1.354472090043E-31,6.1E-16));
#268 = FACE_BOUND('',#269,.T.);
#269 = EDGE_LOOP('',(#270));
#270 = ORIENTED_EDGE('',*,*,#271,.T.);
#271 = EDGE_CURVE('',#272,#272,#274,.T.);
#272 = VERTEX_POINT('',#273);
#273 = CARTESIAN_POINT('',(1.7,-56.,4.));
#274 = CIRCLE('',#275,1.7);
#275 = AXIS2_PLACEMENT_3D('',#276,#277,#278);
#276 = CARTESIAN_POINT('',(0.,-56.,4.));
#277 = DIRECTION('',(0.,0.,-1.));
#278 = DIRECTION('',(1.,0.,0.));
#279 = FACE_BOUND('',#280,.T.);
#280 = EDGE_LOOP('',(#281,#291,#299,#307,#315,#323,#331,#339));
#281 = ORIENTED_EDGE('',*,*,#282,.T.);
#282 = EDGE_CURVE('',#283,#285,#287,.T.);
#283 = VERTEX_POINT('',#284);
#284 = CARTESIAN_POINT('',(24.2,-53.18,4.));
#285 = VERTEX_POINT('',#286);
#286 = CARTESIAN_POINT('',(24.2,-58.18,4.));
#287 = LINE('',#288,#289);
#288 = CARTESIAN_POINT('',(24.2,-53.18,4.));
#289 = VECTOR('',#290,1.);
#290 = DIRECTION('',(0.,-1.,2.22044604925E-16));
#291 = ORIENTED_EDGE('',*,*,#292,.T.);
#292 = EDGE_CURVE('',#285,#293,#295,.T.);
#293 = VERTEX_POINT('',#294);
#294 = CARTESIAN_POINT('',(12.2,-58.18,4.));
#295 = LINE('',#296,#297);
#296 = CARTESIAN_POINT('',(27.2,-58.18,4.));
#297 = VECTOR('',#298,1.);
#298 = DIRECTION('',(-1.,1.354472090043E-31,6.1E-16));
#299 = ORIENTED_EDGE('',*,*,#300,.F.);
#300 = EDGE_CURVE('',#301,#293,#303,.T.);
#301 = VERTEX_POINT('',#302);
#302 = CARTESIAN_POINT('',(12.2,-17.18,4.));
#303 = LINE('',#304,#305);
#304 = CARTESIAN_POINT('',(12.2,-17.18,4.));
#305 = VECTOR('',#306,1.);
#306 = DIRECTION('',(0.,-1.,2.22044604925E-16));
#307 = ORIENTED_EDGE('',*,*,#308,.F.);
#308 = EDGE_CURVE('',#309,#301,#311,.T.);
#309 = VERTEX_POINT('',#310);
#310 = CARTESIAN_POINT('',(24.2,-17.18,4.));
#311 = LINE('',#312,#313);
#312 = CARTESIAN_POINT('',(27.2,-17.18,4.));
#313 = VECTOR('',#314,1.);
#314 = DIRECTION('',(-1.,5.329070518201E-32,2.4E-16));
#315 = ORIENTED_EDGE('',*,*,#316,.T.);
#316 = EDGE_CURVE('',#309,#317,#319,.T.);
#317 = VERTEX_POINT('',#318);
#318 = CARTESIAN_POINT('',(24.2,-22.18,4.));
#319 = LINE('',#320,#321);
#320 = CARTESIAN_POINT('',(24.2,-17.18,4.));
#321 = VECTOR('',#322,1.);
#322 = DIRECTION('',(0.,-1.,2.22044604925E-16));
#323 = ORIENTED_EDGE('',*,*,#324,.T.);
#324 = EDGE_CURVE('',#317,#325,#327,.T.);
#325 = VERTEX_POINT('',#326);
#326 = CARTESIAN_POINT('',(20.,-22.18,4.));
#327 = LINE('',#328,#329);
#328 = CARTESIAN_POINT('',(27.2,-22.18,4.));
#329 = VECTOR('',#330,1.);
#330 = DIRECTION('',(-1.,5.329070518201E-32,2.4E-16));
#331 = ORIENTED_EDGE('',*,*,#332,.T.);
#332 = EDGE_CURVE('',#325,#333,#335,.T.);
#333 = VERTEX_POINT('',#334);
#334 = CARTESIAN_POINT('',(20.,-53.18,4.));
#335 = LINE('',#336,#337);
#336 = CARTESIAN_POINT('',(20.,-22.18,4.));
#337 = VECTOR('',#338,1.);
#338 = DIRECTION('',(-0.,-1.,2.044604925031E-18));
#339 = ORIENTED_EDGE('',*,*,#340,.F.);
#340 = EDGE_CURVE('',#283,#333,#341,.T.);
#341 = LINE('',#342,#343);
#342 = CARTESIAN_POINT('',(27.2,-53.18,4.));
#343 = VECTOR('',#344,1.);
#344 = DIRECTION('',(-1.,1.354472090043E-31,6.1E-16));
#345 = FACE_BOUND('',#346,.T.);
#346 = EDGE_LOOP('',(#347));
#347 = ORIENTED_EDGE('',*,*,#348,.T.);
#348 = EDGE_CURVE('',#349,#349,#351,.T.);
#349 = VERTEX_POINT('',#350);
#350 = CARTESIAN_POINT('',(77.7,-56.,4.));
#351 = CIRCLE('',#352,1.7);
#352 = AXIS2_PLACEMENT_3D('',#353,#354,#355);
#353 = CARTESIAN_POINT('',(76.,-56.,4.));
#354 = DIRECTION('',(0.,0.,-1.));
#355 = DIRECTION('',(1.,0.,0.));
#356 = FACE_BOUND('',#357,.T.);
#357 = EDGE_LOOP('',(#358,#368,#376,#384,#392,#400,#408,#416));
#358 = ORIENTED_EDGE('',*,*,#359,.T.);
#359 = EDGE_CURVE('',#360,#362,#364,.T.);
#360 = VERTEX_POINT('',#361);
#361 = CARTESIAN_POINT('',(67.8,-17.18,4.));
#362 = VERTEX_POINT('',#363);
#363 = CARTESIAN_POINT('',(67.8,-58.18,4.));
#364 = LINE('',#365,#366);
#365 = CARTESIAN_POINT('',(67.8,-17.18,4.));
#366 = VECTOR('',#367,1.);
#367 = DIRECTION('',(0.,-1.,2.22044604925E-16));
#368 = ORIENTED_EDGE('',*,*,#369,.T.);
#369 = EDGE_CURVE('',#362,#370,#372,.T.);
#370 = VERTEX_POINT('',#371);
#371 = CARTESIAN_POINT('',(55.8,-58.18,4.));
#372 = LINE('',#373,#374);
#373 = CARTESIAN_POINT('',(67.8,-58.18,4.));
#374 = VECTOR('',#375,1.);
#375 = DIRECTION('',(-1.,1.354472090043E-31,6.1E-16));
#376 = ORIENTED_EDGE('',*,*,#377,.F.);
#377 = EDGE_CURVE('',#378,#370,#380,.T.);
#378 = VERTEX_POINT('',#379);
#379 = CARTESIAN_POINT('',(55.8,-53.18,4.));
#380 = LINE('',#381,#382);
#381 = CARTESIAN_POINT('',(55.8,-53.18,4.));
#382 = VECTOR('',#383,1.);
#383 = DIRECTION('',(0.,-1.,2.22044604925E-16));
#384 = ORIENTED_EDGE('',*,*,#385,.F.);
#385 = EDGE_CURVE('',#386,#378,#388,.T.);
#386 = VERTEX_POINT('',#387);
#387 = CARTESIAN_POINT('',(60.,-53.18,4.));
#388 = LINE('',#389,#390);
#389 = CARTESIAN_POINT('',(67.8,-53.18,4.));
#390 = VECTOR('',#391,1.);
#391 = DIRECTION('',(-1.,1.354472090043E-31,6.1E-16));
#392 = ORIENTED_EDGE('',*,*,#393,.F.);
#393 = EDGE_CURVE('',#394,#386,#396,.T.);
#394 = VERTEX_POINT('',#395);
#395 = CARTESIAN_POINT('',(60.,-22.18,4.));
#396 = LINE('',#397,#398);
#397 = CARTESIAN_POINT('',(60.,-22.18,4.));
#398 = VECTOR('',#399,1.);
#399 = DIRECTION('',(-0.,-1.,2.044604925031E-18));
#400 = ORIENTED_EDGE('',*,*,#401,.T.);
#401 = EDGE_CURVE('',#394,#402,#404,.T.);
#402 = VERTEX_POINT('',#403);
#403 = CARTESIAN_POINT('',(55.8,-22.18,4.));
#404 = LINE('',#405,#406);
#405 = CARTESIAN_POINT('',(67.8,-22.18,4.));
#406 = VECTOR('',#407,1.);
#407 = DIRECTION('',(-1.,5.329070518201E-32,2.4E-16));
#408 = ORIENTED_EDGE('',*,*,#409,.F.);
#409 = EDGE_CURVE('',#410,#402,#412,.T.);
#410 = VERTEX_POINT('',#411);
#411 = CARTESIAN_POINT('',(55.8,-17.18,4.));
#412 = LINE('',#413,#414);
#413 = CARTESIAN_POINT('',(55.8,-17.18,4.));
#414 = VECTOR('',#415,1.);
#415 = DIRECTION('',(0.,-1.,2.22044604925E-16));
#416 = ORIENTED_EDGE('',*,*,#417,.F.);
#417 = EDGE_CURVE('',#360,#410,#418,.T.);
#418 = LINE('',#419,#420);
#419 = CARTESIAN_POINT('',(67.8,-17.18,4.));
#420 = VECTOR('',#421,1.);
#421 = DIRECTION('',(-1.,5.329070518201E-32,2.4E-16));
#422 = FACE_BOUND('',#423,.T.);
#423 = EDGE_LOOP('',(#424));
#424 = ORIENTED_EDGE('',*,*,#425,.F.);
#425 = EDGE_CURVE('',#426,#426,#428,.T.);
#426 = VERTEX_POINT('',#427);
#427 = CARTESIAN_POINT('',(-74.3,0.,4.));
#428 = CIRCLE('',#429,1.7);
#429 = AXIS2_PLACEMENT_3D('',#430,#431,#432);
#430 = CARTESIAN_POINT('',(-76.,0.,4.));
#431 = DIRECTION('',(0.,0.,1.));
#432 = DIRECTION('',(1.,0.,0.));
#433 = FACE_BOUND('',#434,.T.);
#434 = EDGE_LOOP('',(#435,#445,#453,#461,#469,#477,#485,#493));
#435 = ORIENTED_EDGE('',*,*,#436,.T.);
#436 = EDGE_CURVE('',#437,#439,#441,.T.);
#437 = VERTEX_POINT('',#438);
#438 = CARTESIAN_POINT('',(-55.8,22.18,4.));
#439 = VERTEX_POINT('',#440);
#440 = CARTESIAN_POINT('',(-55.8,17.18,4.));
#441 = LINE('',#442,#443);
#442 = CARTESIAN_POINT('',(-55.8,22.18,4.));
#443 = VECTOR('',#444,1.);
#444 = DIRECTION('',(0.,-1.,2.22044604925E-16));
#445 = ORIENTED_EDGE('',*,*,#446,.T.);
#446 = EDGE_CURVE('',#439,#447,#449,.T.);
#447 = VERTEX_POINT('',#448);
#448 = CARTESIAN_POINT('',(-67.8,17.18,4.));
#449 = LINE('',#450,#451);
#450 = CARTESIAN_POINT('',(-52.8,17.18,4.));
#451 = VECTOR('',#452,1.);
#452 = DIRECTION('',(-1.,1.354472090043E-31,6.1E-16));
#453 = ORIENTED_EDGE('',*,*,#454,.F.);
#454 = EDGE_CURVE('',#455,#447,#457,.T.);
#455 = VERTEX_POINT('',#456);
#456 = CARTESIAN_POINT('',(-67.8,58.18,4.));
#457 = LINE('',#458,#459);
#458 = CARTESIAN_POINT('',(-67.8,58.18,4.));
#459 = VECTOR('',#460,1.);
#460 = DIRECTION('',(0.,-1.,2.22044604925E-16));
#461 = ORIENTED_EDGE('',*,*,#462,.F.);
#462 = EDGE_CURVE('',#463,#455,#465,.T.);
#463 = VERTEX_POINT('',#464);
#464 = CARTESIAN_POINT('',(-55.8,58.18,4.));
#465 = LINE('',#466,#467);
#466 = CARTESIAN_POINT('',(-52.8,58.18,4.));
#467 = VECTOR('',#468,1.);
#468 = DIRECTION('',(-1.,5.329070518201E-32,2.4E-16));
#469 = ORIENTED_EDGE('',*,*,#470,.T.);
#470 = EDGE_CURVE('',#463,#471,#473,.T.);
#471 = VERTEX_POINT('',#472);
#472 = CARTESIAN_POINT('',(-55.8,53.18,4.));
#473 = LINE('',#474,#475);
#474 = CARTESIAN_POINT('',(-55.8,58.18,4.));
#475 = VECTOR('',#476,1.);
#476 = DIRECTION('',(0.,-1.,2.22044604925E-16));
#477 = ORIENTED_EDGE('',*,*,#478,.T.);
#478 = EDGE_CURVE('',#471,#479,#481,.T.);
#479 = VERTEX_POINT('',#480);
#480 = CARTESIAN_POINT('',(-60.,53.18,4.));
#481 = LINE('',#482,#483);
#482 = CARTESIAN_POINT('',(-52.8,53.18,4.));
#483 = VECTOR('',#484,1.);
#484 = DIRECTION('',(-1.,5.329070518201E-32,2.4E-16));
#485 = ORIENTED_EDGE('',*,*,#486,.T.);
#486 = EDGE_CURVE('',#479,#487,#489,.T.);
#487 = VERTEX_POINT('',#488);
#488 = CARTESIAN_POINT('',(-60.,22.18,4.));
#489 = LINE('',#490,#491);
#490 = CARTESIAN_POINT('',(-60.,53.18,4.));
#491 = VECTOR('',#492,1.);
#492 = DIRECTION('',(-0.,-1.,2.044604925031E-18));
#493 = ORIENTED_EDGE('',*,*,#494,.F.);
#494 = EDGE_CURVE('',#437,#487,#495,.T.);
#495 = LINE('',#496,#497);
#496 = CARTESIAN_POINT('',(-52.8,22.18,4.));
#497 = VECTOR('',#498,1.);
#498 = DIRECTION('',(-1.,1.354472090043E-31,6.1E-16));
#499 = FACE_BOUND('',#500,.T.);
#500 = EDGE_LOOP('',(#501));
#501 = ORIENTED_EDGE('',*,*,#502,.F.);
#502 = EDGE_CURVE('',#503,#503,#505,.T.);
#503 = VERTEX_POINT('',#504);
#504 = CARTESIAN_POINT('',(-74.3,56.,4.));
#505 = CIRCLE('',#506,1.7);
#506 = AXIS2_PLACEMENT_3D('',#507,#508,#509);
#507 = CARTESIAN_POINT('',(-76.,56.,4.));
#508 = DIRECTION('',(0.,0.,1.));
#509 = DIRECTION('',(1.,0.,0.));
#510 = FACE_BOUND('',#511,.T.);
#511 = EDGE_LOOP('',(#512,#522,#530,#538,#546,#554,#562,#570));
#512 = ORIENTED_EDGE('',*,*,#513,.T.);
#513 = EDGE_CURVE('',#514,#516,#518,.T.);
#514 = VERTEX_POINT('',#515);
#515 = CARTESIAN_POINT('',(-12.2,58.18,4.));
#516 = VERTEX_POINT('',#517);
#517 = CARTESIAN_POINT('',(-12.2,17.18,4.));
#518 = LINE('',#519,#520);
#519 = CARTESIAN_POINT('',(-12.2,58.18,4.));
#520 = VECTOR('',#521,1.);
#521 = DIRECTION('',(0.,-1.,2.22044604925E-16));
#522 = ORIENTED_EDGE('',*,*,#523,.T.);
#523 = EDGE_CURVE('',#516,#524,#526,.T.);
#524 = VERTEX_POINT('',#525);
#525 = CARTESIAN_POINT('',(-24.2,17.18,4.));
#526 = LINE('',#527,#528);
#527 = CARTESIAN_POINT('',(-12.2,17.18,4.));
#528 = VECTOR('',#529,1.);
#529 = DIRECTION('',(-1.,1.354472090043E-31,6.1E-16));
#530 = ORIENTED_EDGE('',*,*,#531,.F.);
#531 = EDGE_CURVE('',#532,#524,#534,.T.);
#532 = VERTEX_POINT('',#533);
#533 = CARTESIAN_POINT('',(-24.2,22.18,4.));
#534 = LINE('',#535,#536);
#535 = CARTESIAN_POINT('',(-24.2,22.18,4.));
#536 = VECTOR('',#537,1.);
#537 = DIRECTION('',(0.,-1.,2.22044604925E-16));
#538 = ORIENTED_EDGE('',*,*,#539,.F.);
#539 = EDGE_CURVE('',#540,#532,#542,.T.);
#540 = VERTEX_POINT('',#541);
#541 = CARTESIAN_POINT('',(-20.,22.18,4.));
#542 = LINE('',#543,#544);
#543 = CARTESIAN_POINT('',(-12.2,22.18,4.));
#544 = VECTOR('',#545,1.);
#545 = DIRECTION('',(-1.,1.354472090043E-31,6.1E-16));
#546 = ORIENTED_EDGE('',*,*,#547,.F.);
#547 = EDGE_CURVE('',#548,#540,#550,.T.);
#548 = VERTEX_POINT('',#549);
#549 = CARTESIAN_POINT('',(-20.,53.18,4.));
#550 = LINE('',#551,#552);
#551 = CARTESIAN_POINT('',(-20.,53.18,4.));
#552 = VECTOR('',#553,1.);
#553 = DIRECTION('',(-0.,-1.,2.044604925031E-18));
#554 = ORIENTED_EDGE('',*,*,#555,.T.);
#555 = EDGE_CURVE('',#548,#556,#558,.T.);
#556 = VERTEX_POINT('',#557);
#557 = CARTESIAN_POINT('',(-24.2,53.18,4.));
#558 = LINE('',#559,#560);
#559 = CARTESIAN_POINT('',(-12.2,53.18,4.));
#560 = VECTOR('',#561,1.);
#561 = DIRECTION('',(-1.,5.329070518201E-32,2.4E-16));
#562 = ORIENTED_EDGE('',*,*,#563,.F.);
#563 = EDGE_CURVE('',#564,#556,#566,.T.);
#564 = VERTEX_POINT('',#565);
#565 = CARTESIAN_POINT('',(-24.2,58.18,4.));
#566 = LINE('',#567,#568);
#567 = CARTESIAN_POINT('',(-24.2,58.18,4.));
#568 = VECTOR('',#569,1.);
#569 = DIRECTION('',(0.,-1.,2.22044604925E-16));
#570 = ORIENTED_EDGE('',*,*,#571,.F.);
#571 = EDGE_CURVE('',#514,#564,#572,.T.);
#572 = LINE('',#573,#574);
#573 = CARTESIAN_POINT('',(-12.2,58.18,4.));
#574 = VECTOR('',#575,1.);
#575 = DIRECTION('',(-1.,5.329070518201E-32,2.4E-16));
#576 = FACE_BOUND('',#577,.T.);
#577 = EDGE_LOOP('',(#578));
#578 = ORIENTED_EDGE('',*,*,#579,.F.);
#579 = EDGE_CURVE('',#580,#580,#582,.T.);
#580 = VERTEX_POINT('',#581);
#581 = CARTESIAN_POINT('',(77.7,0.,4.));
#582 = CIRCLE('',#583,1.7);
#583 = AXIS2_PLACEMENT_3D('',#584,#585,#586);
#584 = CARTESIAN_POINT('',(76.,0.,4.));
#585 = DIRECTION('',(0.,0.,1.));
#586 = DIRECTION('',(1.,0.,0.));
#587 = FACE_BOUND('',#588,.T.);
#588 = EDGE_LOOP('',(#589,#599,#607,#615,#623,#631,#639,#647));
#589 = ORIENTED_EDGE('',*,*,#590,.T.);
#590 = EDGE_CURVE('',#591,#593,#595,.T.);
#591 = VERTEX_POINT('',#592);
#592 = CARTESIAN_POINT('',(24.2,22.18,4.));
#593 = VERTEX_POINT('',#594);
#594 = CARTESIAN_POINT('',(24.2,17.18,4.));
#595 = LINE('',#596,#597);
#596 = CARTESIAN_POINT('',(24.2,22.18,4.));
#597 = VECTOR('',#598,1.);
#598 = DIRECTION('',(0.,-1.,2.22044604925E-16));
#599 = ORIENTED_EDGE('',*,*,#600,.T.);
#600 = EDGE_CURVE('',#593,#601,#603,.T.);
#601 = VERTEX_POINT('',#602);
#602 = CARTESIAN_POINT('',(12.2,17.18,4.));
#603 = LINE('',#604,#605);
#604 = CARTESIAN_POINT('',(27.2,17.18,4.));
#605 = VECTOR('',#606,1.);
#606 = DIRECTION('',(-1.,1.354472090043E-31,6.1E-16));
#607 = ORIENTED_EDGE('',*,*,#608,.F.);
#608 = EDGE_CURVE('',#609,#601,#611,.T.);
#609 = VERTEX_POINT('',#610);
#610 = CARTESIAN_POINT('',(12.2,58.18,4.));
#611 = LINE('',#612,#613);
#612 = CARTESIAN_POINT('',(12.2,58.18,4.));
#613 = VECTOR('',#614,1.);
#614 = DIRECTION('',(0.,-1.,2.22044604925E-16));
#615 = ORIENTED_EDGE('',*,*,#616,.F.);
#616 = EDGE_CURVE('',#617,#609,#619,.T.);
#617 = VERTEX_POINT('',#618);
#618 = CARTESIAN_POINT('',(24.2,58.18,4.));
#619 = LINE('',#620,#621);
#620 = CARTESIAN_POINT('',(27.2,58.18,4.));
#621 = VECTOR('',#622,1.);
#622 = DIRECTION('',(-1.,5.329070518201E-32,2.4E-16));
#623 = ORIENTED_EDGE('',*,*,#624,.T.);
#624 = EDGE_CURVE('',#617,#625,#627,.T.);
#625 = VERTEX_POINT('',#626);
#626 = CARTESIAN_POINT('',(24.2,53.18,4.));
#627 = LINE('',#628,#629);
#628 = CARTESIAN_POINT('',(24.2,58.18,4.));
#629 = VECTOR('',#630,1.);
#630 = DIRECTION('',(0.,-1.,2.22044604925E-16));
#631 = ORIENTED_EDGE('',*,*,#632,.T.);
#632 = EDGE_CURVE('',#625,#633,#635,.T.);
#633 = VERTEX_POINT('',#634);
#634 = CARTESIAN_POINT('',(20.,53.18,4.));
#635 = LINE('',#636,#637);
#636 = CARTESIAN_POINT('',(27.2,53.18,4.));
#637 = VECTOR('',#638,1.);
#638 = DIRECTION('',(-1.,5.329070518201E-32,2.4E-16));
#639 = ORIENTED_EDGE('',*,*,#640,.T.);
#640 = EDGE_CURVE('',#633,#641,#643,.T.);
#641 = VERTEX_POINT('',#642);
#642 = CARTESIAN_POINT('',(20.,22.18,4.));
#643 = LINE('',#644,#645);
#644 = CARTESIAN_POINT('',(20.,53.18,4.));
#645 = VECTOR('',#646,1.);
#646 = DIRECTION('',(-0.,-1.,2.044604925031E-18));
#647 = ORIENTED_EDGE('',*,*,#648,.F.);
#648 = EDGE_CURVE('',#591,#641,#649,.T.);
#649 = LINE('',#650,#651);
#650 = CARTESIAN_POINT('',(27.2,22.18,4.));
#651 = VECTOR('',#652,1.);
#652 = DIRECTION('',(-1.,1.354472090043E-31,6.1E-16));
#653 = FACE_BOUND('',#654,.T.);
#654 = EDGE_LOOP('',(#655));
#655 = ORIENTED_EDGE('',*,*,#656,.F.);
#656 = EDGE_CURVE('',#657,#657,#659,.T.);
#657 = VERTEX_POINT('',#658);
#658 = CARTESIAN_POINT('',(1.7,56.,4.));
#659 = CIRCLE('',#660,1.7);
#660 = AXIS2_PLACEMENT_3D('',#661,#662,#663);
#661 = CARTESIAN_POINT('',(0.,56.,4.));
#662 = DIRECTION('',(0.,0.,1.));
#663 = DIRECTION('',(1.,0.,0.));
#664 = FACE_BOUND('',#665,.T.);
#665 = EDGE_LOOP('',(#666,#676,#684,#692,#700,#708,#716,#724));
#666 = ORIENTED_EDGE('',*,*,#667,.T.);
#667 = EDGE_CURVE('',#668,#670,#672,.T.);
#668 = VERTEX_POINT('',#669);
#669 = CARTESIAN_POINT('',(67.8,58.18,4.));
#670 = VERTEX_POINT('',#671);
#671 = CARTESIAN_POINT('',(67.8,17.18,4.));
#672 = LINE('',#673,#674);
#673 = CARTESIAN_POINT('',(67.8,58.18,4.));
#674 = VECTOR('',#675,1.);
#675 = DIRECTION('',(0.,-1.,2.22044604925E-16));
#676 = ORIENTED_EDGE('',*,*,#677,.T.);
#677 = EDGE_CURVE('',#670,#678,#680,.T.);
#678 = VERTEX_POINT('',#679);
#679 = CARTESIAN_POINT('',(55.8,17.18,4.));
#680 = LINE('',#681,#682);
#681 = CARTESIAN_POINT('',(67.8,17.18,4.));
#682 = VECTOR('',#683,1.);
#683 = DIRECTION('',(-1.,1.354472090043E-31,6.1E-16));
#684 = ORIENTED_EDGE('',*,*,#685,.F.);
#685 = EDGE_CURVE('',#686,#678,#688,.T.);
#686 = VERTEX_POINT('',#687);
#687 = CARTESIAN_POINT('',(55.8,22.18,4.));
#688 = LINE('',#689,#690);
#689 = CARTESIAN_POINT('',(55.8,22.18,4.));
#690 = VECTOR('',#691,1.);
#691 = DIRECTION('',(0.,-1.,2.22044604925E-16));
#692 = ORIENTED_EDGE('',*,*,#693,.F.);
#693 = EDGE_CURVE('',#694,#686,#696,.T.);
#694 = VERTEX_POINT('',#695);
#695 = CARTESIAN_POINT('',(60.,22.18,4.));
#696 = LINE('',#697,#698);
#697 = CARTESIAN_POINT('',(67.8,22.18,4.));
#698 = VECTOR('',#699,1.);
#699 = DIRECTION('',(-1.,1.354472090043E-31,6.1E-16));
#700 = ORIENTED_EDGE('',*,*,#701,.F.);
#701 = EDGE_CURVE('',#702,#694,#704,.T.);
#702 = VERTEX_POINT('',#703);
#703 = CARTESIAN_POINT('',(60.,53.18,4.));
#704 = LINE('',#705,#706);
#705 = CARTESIAN_POINT('',(60.,53.18,4.));
#706 = VECTOR('',#707,1.);
#707 = DIRECTION('',(-0.,-1.,2.044604925031E-18));
#708 = ORIENTED_EDGE('',*,*,#709,.T.);
#709 = EDGE_CURVE('',#702,#710,#712,.T.);
#710 = VERTEX_POINT('',#711);
#711 = CARTESIAN_POINT('',(55.8,53.18,4.));
#712 = LINE('',#713,#714);
#713 = CARTESIAN_POINT('',(67.8,53.18,4.));
#714 = VECTOR('',#715,1.);
#715 = DIRECTION('',(-1.,5.329070518201E-32,2.4E-16));
#716 = ORIENTED_EDGE('',*,*,#717,.F.);
#717 = EDGE_CURVE('',#718,#710,#720,.T.);
#718 = VERTEX_POINT('',#719);
#719 = CARTESIAN_POINT('',(55.8,58.18,4.));
#720 = LINE('',#721,#722);
#721 = CARTESIAN_POINT('',(55.8,58.18,4.));
#722 = VECTOR('',#723,1.);
#723 = DIRECTION('',(0.,-1.,2.22044604925E-16));
#724 = ORIENTED_EDGE('',*,*,#725,.F.);
#725 = EDGE_CURVE('',#668,#718,#726,.T.);
#726 = LINE('',#727,#728);
#727 = CARTESIAN_POINT('',(67.8,58.18,4.));
#728 = VECTOR('',#729,1.);
#729 = DIRECTION('',(-1.,5.329070518201E-32,2.4E-16));
#730 = FACE_BOUND('',#731,.T.);
#731 = EDGE_LOOP('',(#732));
#732 = ORIENTED_EDGE('',*,*,#733,.F.);
#733 = EDGE_CURVE('',#734,#734,#736,.T.);
#734 = VERTEX_POINT('',#735);
#735 = CARTESIAN_POINT('',(77.7,56.,4.));
#736 = CIRCLE('',#737,1.7);
#737 = AXIS2_PLACEMENT_3D('',#738,#739,#740);
#738 = CARTESIAN_POINT('',(76.,56.,4.));
#739 = DIRECTION('',(0.,0.,1.));
#740 = DIRECTION('',(1.,0.,0.));
#741 = PLANE('',#742);
#742 = AXIS2_PLACEMENT_3D('',#743,#744,#745);
#743 = CARTESIAN_POINT('',(0.,0.,4.));
#744 = DIRECTION('',(0.,0.,1.));
#745 = DIRECTION('',(1.,0.,0.));
#746 = ADVANCED_FACE('',(#747),#765,.F.);
#747 = FACE_BOUND('',#748,.F.);
#748 = EDGE_LOOP('',(#749,#750,#751,#759));
#749 = ORIENTED_EDGE('',*,*,#57,.T.);
#750 = ORIENTED_EDGE('',*,*,#111,.T.);
#751 = ORIENTED_EDGE('',*,*,#752,.F.);
#752 = EDGE_CURVE('',#753,#112,#755,.T.);
#753 = VERTEX_POINT('',#754);
#754 = CARTESIAN_POINT('',(80.,60.,0.));
#755 = LINE('',#756,#757);
#756 = CARTESIAN_POINT('',(80.,60.,0.));
#757 = VECTOR('',#758,1.);
#758 = DIRECTION('',(0.,0.,1.));
#759 = ORIENTED_EDGE('',*,*,#760,.F.);
#760 = EDGE_CURVE('',#58,#753,#761,.T.);
#761 = LINE('',#762,#763);
#762 = CARTESIAN_POINT('',(80.,-60.,0.));
#763 = VECTOR('',#764,1.);
#764 = DIRECTION('',(0.,1.,0.));
#765 = PLANE('',#766);
#766 = AXIS2_PLACEMENT_3D('',#767,#768,#769);
#767 = CARTESIAN_POINT('',(80.,-60.,0.));
#768 = DIRECTION('',(-1.,0.,0.));
#769 = DIRECTION('',(0.,1.,0.));
#770 = ADVANCED_FACE('',(#771,#782,#793,#804,#815,#826,#837,#848,#859,
    #870,#881,#892,#903,#914,#925,#936,#947,#958,#969,#980,#991,#1002,
    #1013,#1024,#1035,#1046,#1057,#1068,#1079,#1090,#1101,#1112,#1123),
  #1134,.F.);
#771 = FACE_BOUND('',#772,.F.);
#772 = EDGE_LOOP('',(#773,#774,#775,#781));
#773 = ORIENTED_EDGE('',*,*,#65,.T.);
#774 = ORIENTED_EDGE('',*,*,#760,.T.);
#775 = ORIENTED_EDGE('',*,*,#776,.T.);
#776 = EDGE_CURVE('',#753,#80,#777,.T.);
#777 = LINE('',#778,#779);
#778 = CARTESIAN_POINT('',(80.,60.,0.));
#779 = VECTOR('',#780,1.);
#780 = DIRECTION('',(-1.,0.,0.));
#781 = ORIENTED_EDGE('',*,*,#96,.T.);
#782 = FACE_BOUND('',#783,.F.);
#783 = EDGE_LOOP('',(#784));
#784 = ORIENTED_EDGE('',*,*,#785,.T.);
#785 = EDGE_CURVE('',#786,#786,#788,.T.);
#786 = VERTEX_POINT('',#787);
#787 = CARTESIAN_POINT('',(-74.3,-56.,0.));
#788 = CIRCLE('',#789,1.7);
#789 = AXIS2_PLACEMENT_3D('',#790,#791,#792);
#790 = CARTESIAN_POINT('',(-76.,-56.,0.));
#791 = DIRECTION('',(0.,0.,-1.));
#792 = DIRECTION('',(1.,0.,0.));
#793 = FACE_BOUND('',#794,.F.);
#794 = EDGE_LOOP('',(#795));
#795 = ORIENTED_EDGE('',*,*,#796,.T.);
#796 = EDGE_CURVE('',#797,#797,#799,.T.);
#797 = VERTEX_POINT('',#798);
#798 = CARTESIAN_POINT('',(-62.05,-55.68,0.));
#799 = CIRCLE('',#800,1.45);
#800 = AXIS2_PLACEMENT_3D('',#801,#802,#803);
#801 = CARTESIAN_POINT('',(-63.5,-55.68,0.));
#802 = DIRECTION('',(0.,0.,-1.));
#803 = DIRECTION('',(1.,0.,0.));
#804 = FACE_BOUND('',#805,.F.);
#805 = EDGE_LOOP('',(#806));
#806 = ORIENTED_EDGE('',*,*,#807,.T.);
#807 = EDGE_CURVE('',#808,#808,#810,.T.);
#808 = VERTEX_POINT('',#809);
#809 = CARTESIAN_POINT('',(-62.05,-37.18,0.));
#810 = CIRCLE('',#811,1.45);
#811 = AXIS2_PLACEMENT_3D('',#812,#813,#814);
#812 = CARTESIAN_POINT('',(-63.5,-37.18,0.));
#813 = DIRECTION('',(0.,0.,-1.));
#814 = DIRECTION('',(1.,0.,0.));
#815 = FACE_BOUND('',#816,.F.);
#816 = EDGE_LOOP('',(#817));
#817 = ORIENTED_EDGE('',*,*,#818,.T.);
#818 = EDGE_CURVE('',#819,#819,#821,.T.);
#819 = VERTEX_POINT('',#820);
#820 = CARTESIAN_POINT('',(-15.05,-55.68,0.));
#821 = CIRCLE('',#822,1.45);
#822 = AXIS2_PLACEMENT_3D('',#823,#824,#825);
#823 = CARTESIAN_POINT('',(-16.5,-55.68,0.));
#824 = DIRECTION('',(0.,0.,-1.));
#825 = DIRECTION('',(1.,0.,0.));
#826 = FACE_BOUND('',#827,.F.);
#827 = EDGE_LOOP('',(#828));
#828 = ORIENTED_EDGE('',*,*,#829,.T.);
#829 = EDGE_CURVE('',#830,#830,#832,.T.);
#830 = VERTEX_POINT('',#831);
#831 = CARTESIAN_POINT('',(-15.05,-37.18,0.));
#832 = CIRCLE('',#833,1.45);
#833 = AXIS2_PLACEMENT_3D('',#834,#835,#836);
#834 = CARTESIAN_POINT('',(-16.5,-37.18,0.));
#835 = DIRECTION('',(0.,0.,-1.));
#836 = DIRECTION('',(1.,0.,0.));
#837 = FACE_BOUND('',#838,.F.);
#838 = EDGE_LOOP('',(#839));
#839 = ORIENTED_EDGE('',*,*,#840,.T.);
#840 = EDGE_CURVE('',#841,#841,#843,.T.);
#841 = VERTEX_POINT('',#842);
#842 = CARTESIAN_POINT('',(-62.05,-19.68,0.));
#843 = CIRCLE('',#844,1.45);
#844 = AXIS2_PLACEMENT_3D('',#845,#846,#847);
#845 = CARTESIAN_POINT('',(-63.5,-19.68,0.));
#846 = DIRECTION('',(0.,0.,-1.));
#847 = DIRECTION('',(1.,0.,0.));
#848 = FACE_BOUND('',#849,.F.);
#849 = EDGE_LOOP('',(#850));
#850 = ORIENTED_EDGE('',*,*,#851,.T.);
#851 = EDGE_CURVE('',#852,#852,#854,.T.);
#852 = VERTEX_POINT('',#853);
#853 = CARTESIAN_POINT('',(-74.3,0.,0.));
#854 = CIRCLE('',#855,1.7);
#855 = AXIS2_PLACEMENT_3D('',#856,#857,#858);
#856 = CARTESIAN_POINT('',(-76.,0.,0.));
#857 = DIRECTION('',(0.,0.,-1.));
#858 = DIRECTION('',(1.,0.,0.));
#859 = FACE_BOUND('',#860,.F.);
#860 = EDGE_LOOP('',(#861));
#861 = ORIENTED_EDGE('',*,*,#862,.T.);
#862 = EDGE_CURVE('',#863,#863,#865,.T.);
#863 = VERTEX_POINT('',#864);
#864 = CARTESIAN_POINT('',(-15.05,-19.68,0.));
#865 = CIRCLE('',#866,1.45);
#866 = AXIS2_PLACEMENT_3D('',#867,#868,#869);
#867 = CARTESIAN_POINT('',(-16.5,-19.68,0.));
#868 = DIRECTION('',(0.,0.,-1.));
#869 = DIRECTION('',(1.,0.,0.));
#870 = FACE_BOUND('',#871,.F.);
#871 = EDGE_LOOP('',(#872));
#872 = ORIENTED_EDGE('',*,*,#873,.T.);
#873 = EDGE_CURVE('',#874,#874,#876,.T.);
#874 = VERTEX_POINT('',#875);
#875 = CARTESIAN_POINT('',(1.7,-56.,0.));
#876 = CIRCLE('',#877,1.7);
#877 = AXIS2_PLACEMENT_3D('',#878,#879,#880);
#878 = CARTESIAN_POINT('',(0.,-56.,0.));
#879 = DIRECTION('',(0.,0.,-1.));
#880 = DIRECTION('',(1.,0.,0.));
#881 = FACE_BOUND('',#882,.F.);
#882 = EDGE_LOOP('',(#883));
#883 = ORIENTED_EDGE('',*,*,#884,.T.);
#884 = EDGE_CURVE('',#885,#885,#887,.T.);
#885 = VERTEX_POINT('',#886);
#886 = CARTESIAN_POINT('',(15.05,-55.68,0.));
#887 = CIRCLE('',#888,1.45);
#888 = AXIS2_PLACEMENT_3D('',#889,#890,#891);
#889 = CARTESIAN_POINT('',(16.5,-55.68,0.));
#890 = DIRECTION('',(0.,0.,-1.));
#891 = DIRECTION('',(-1.,-0.,-0.));
#892 = FACE_BOUND('',#893,.F.);
#893 = EDGE_LOOP('',(#894));
#894 = ORIENTED_EDGE('',*,*,#895,.T.);
#895 = EDGE_CURVE('',#896,#896,#898,.T.);
#896 = VERTEX_POINT('',#897);
#897 = CARTESIAN_POINT('',(15.05,-37.18,0.));
#898 = CIRCLE('',#899,1.45);
#899 = AXIS2_PLACEMENT_3D('',#900,#901,#902);
#900 = CARTESIAN_POINT('',(16.5,-37.18,0.));
#901 = DIRECTION('',(0.,0.,-1.));
#902 = DIRECTION('',(-1.,-0.,-0.));
#903 = FACE_BOUND('',#904,.F.);
#904 = EDGE_LOOP('',(#905));
#905 = ORIENTED_EDGE('',*,*,#906,.T.);
#906 = EDGE_CURVE('',#907,#907,#909,.T.);
#907 = VERTEX_POINT('',#908);
#908 = CARTESIAN_POINT('',(62.05,-55.68,0.));
#909 = CIRCLE('',#910,1.45);
#910 = AXIS2_PLACEMENT_3D('',#911,#912,#913);
#911 = CARTESIAN_POINT('',(63.5,-55.68,0.));
#912 = DIRECTION('',(0.,0.,-1.));
#913 = DIRECTION('',(-1.,-0.,-0.));
#914 = FACE_BOUND('',#915,.F.);
#915 = EDGE_LOOP('',(#916));
#916 = ORIENTED_EDGE('',*,*,#917,.T.);
#917 = EDGE_CURVE('',#918,#918,#920,.T.);
#918 = VERTEX_POINT('',#919);
#919 = CARTESIAN_POINT('',(77.7,-56.,0.));
#920 = CIRCLE('',#921,1.7);
#921 = AXIS2_PLACEMENT_3D('',#922,#923,#924);
#922 = CARTESIAN_POINT('',(76.,-56.,0.));
#923 = DIRECTION('',(0.,0.,-1.));
#924 = DIRECTION('',(1.,0.,0.));
#925 = FACE_BOUND('',#926,.F.);
#926 = EDGE_LOOP('',(#927));
#927 = ORIENTED_EDGE('',*,*,#928,.T.);
#928 = EDGE_CURVE('',#929,#929,#931,.T.);
#929 = VERTEX_POINT('',#930);
#930 = CARTESIAN_POINT('',(62.05,-37.18,0.));
#931 = CIRCLE('',#932,1.45);
#932 = AXIS2_PLACEMENT_3D('',#933,#934,#935);
#933 = CARTESIAN_POINT('',(63.5,-37.18,0.));
#934 = DIRECTION('',(0.,0.,-1.));
#935 = DIRECTION('',(-1.,-0.,-0.));
#936 = FACE_BOUND('',#937,.F.);
#937 = EDGE_LOOP('',(#938));
#938 = ORIENTED_EDGE('',*,*,#939,.T.);
#939 = EDGE_CURVE('',#940,#940,#942,.T.);
#940 = VERTEX_POINT('',#941);
#941 = CARTESIAN_POINT('',(15.05,-19.68,0.));
#942 = CIRCLE('',#943,1.45);
#943 = AXIS2_PLACEMENT_3D('',#944,#945,#946);
#944 = CARTESIAN_POINT('',(16.5,-19.68,0.));
#945 = DIRECTION('',(0.,0.,-1.));
#946 = DIRECTION('',(-1.,-0.,-0.));
#947 = FACE_BOUND('',#948,.F.);
#948 = EDGE_LOOP('',(#949));
#949 = ORIENTED_EDGE('',*,*,#950,.T.);
#950 = EDGE_CURVE('',#951,#951,#953,.T.);
#951 = VERTEX_POINT('',#952);
#952 = CARTESIAN_POINT('',(62.05,-19.68,0.));
#953 = CIRCLE('',#954,1.45);
#954 = AXIS2_PLACEMENT_3D('',#955,#956,#957);
#955 = CARTESIAN_POINT('',(63.5,-19.68,0.));
#956 = DIRECTION('',(0.,0.,-1.));
#957 = DIRECTION('',(-1.,-0.,-0.));
#958 = FACE_BOUND('',#959,.F.);
#959 = EDGE_LOOP('',(#960));
#960 = ORIENTED_EDGE('',*,*,#961,.T.);
#961 = EDGE_CURVE('',#962,#962,#964,.T.);
#962 = VERTEX_POINT('',#963);
#963 = CARTESIAN_POINT('',(77.7,0.,0.));
#964 = CIRCLE('',#965,1.7);
#965 = AXIS2_PLACEMENT_3D('',#966,#967,#968);
#966 = CARTESIAN_POINT('',(76.,0.,0.));
#967 = DIRECTION('',(0.,0.,-1.));
#968 = DIRECTION('',(1.,0.,0.));
#969 = FACE_BOUND('',#970,.F.);
#970 = EDGE_LOOP('',(#971));
#971 = ORIENTED_EDGE('',*,*,#972,.T.);
#972 = EDGE_CURVE('',#973,#973,#975,.T.);
#973 = VERTEX_POINT('',#974);
#974 = CARTESIAN_POINT('',(-62.05,19.68,0.));
#975 = CIRCLE('',#976,1.45);
#976 = AXIS2_PLACEMENT_3D('',#977,#978,#979);
#977 = CARTESIAN_POINT('',(-63.5,19.68,0.));
#978 = DIRECTION('',(0.,0.,-1.));
#979 = DIRECTION('',(1.,0.,0.));
#980 = FACE_BOUND('',#981,.F.);
#981 = EDGE_LOOP('',(#982));
#982 = ORIENTED_EDGE('',*,*,#983,.T.);
#983 = EDGE_CURVE('',#984,#984,#986,.T.);
#984 = VERTEX_POINT('',#985);
#985 = CARTESIAN_POINT('',(-15.05,19.68,0.));
#986 = CIRCLE('',#987,1.45);
#987 = AXIS2_PLACEMENT_3D('',#988,#989,#990);
#988 = CARTESIAN_POINT('',(-16.5,19.68,0.));
#989 = DIRECTION('',(0.,0.,-1.));
#990 = DIRECTION('',(1.,0.,0.));
#991 = FACE_BOUND('',#992,.F.);
#992 = EDGE_LOOP('',(#993));
#993 = ORIENTED_EDGE('',*,*,#994,.T.);
#994 = EDGE_CURVE('',#995,#995,#997,.T.);
#995 = VERTEX_POINT('',#996);
#996 = CARTESIAN_POINT('',(-62.05,37.18,0.));
#997 = CIRCLE('',#998,1.45);
#998 = AXIS2_PLACEMENT_3D('',#999,#1000,#1001);
#999 = CARTESIAN_POINT('',(-63.5,37.18,0.));
#1000 = DIRECTION('',(0.,0.,-1.));
#1001 = DIRECTION('',(1.,0.,0.));
#1002 = FACE_BOUND('',#1003,.F.);
#1003 = EDGE_LOOP('',(#1004));
#1004 = ORIENTED_EDGE('',*,*,#1005,.T.);
#1005 = EDGE_CURVE('',#1006,#1006,#1008,.T.);
#1006 = VERTEX_POINT('',#1007);
#1007 = CARTESIAN_POINT('',(-74.3,56.,0.));
#1008 = CIRCLE('',#1009,1.7);
#1009 = AXIS2_PLACEMENT_3D('',#1010,#1011,#1012);
#1010 = CARTESIAN_POINT('',(-76.,56.,0.));
#1011 = DIRECTION('',(0.,0.,-1.));
#1012 = DIRECTION('',(1.,0.,0.));
#1013 = FACE_BOUND('',#1014,.F.);
#1014 = EDGE_LOOP('',(#1015));
#1015 = ORIENTED_EDGE('',*,*,#1016,.T.);
#1016 = EDGE_CURVE('',#1017,#1017,#1019,.T.);
#1017 = VERTEX_POINT('',#1018);
#1018 = CARTESIAN_POINT('',(-62.05,55.68,0.));
#1019 = CIRCLE('',#1020,1.45);
#1020 = AXIS2_PLACEMENT_3D('',#1021,#1022,#1023);
#1021 = CARTESIAN_POINT('',(-63.5,55.68,0.));
#1022 = DIRECTION('',(0.,0.,-1.));
#1023 = DIRECTION('',(1.,0.,0.));
#1024 = FACE_BOUND('',#1025,.F.);
#1025 = EDGE_LOOP('',(#1026));
#1026 = ORIENTED_EDGE('',*,*,#1027,.T.);
#1027 = EDGE_CURVE('',#1028,#1028,#1030,.T.);
#1028 = VERTEX_POINT('',#1029);
#1029 = CARTESIAN_POINT('',(-15.05,37.18,0.));
#1030 = CIRCLE('',#1031,1.45);
#1031 = AXIS2_PLACEMENT_3D('',#1032,#1033,#1034);
#1032 = CARTESIAN_POINT('',(-16.5,37.18,0.));
#1033 = DIRECTION('',(0.,0.,-1.));
#1034 = DIRECTION('',(1.,0.,0.));
#1035 = FACE_BOUND('',#1036,.F.);
#1036 = EDGE_LOOP('',(#1037));
#1037 = ORIENTED_EDGE('',*,*,#1038,.T.);
#1038 = EDGE_CURVE('',#1039,#1039,#1041,.T.);
#1039 = VERTEX_POINT('',#1040);
#1040 = CARTESIAN_POINT('',(-15.05,55.68,0.));
#1041 = CIRCLE('',#1042,1.45);
#1042 = AXIS2_PLACEMENT_3D('',#1043,#1044,#1045);
#1043 = CARTESIAN_POINT('',(-16.5,55.68,0.));
#1044 = DIRECTION('',(0.,0.,-1.));
#1045 = DIRECTION('',(1.,0.,0.));
#1046 = FACE_BOUND('',#1047,.F.);
#1047 = EDGE_LOOP('',(#1048));
#1048 = ORIENTED_EDGE('',*,*,#1049,.T.);
#1049 = EDGE_CURVE('',#1050,#1050,#1052,.T.);
#1050 = VERTEX_POINT('',#1051);
#1051 = CARTESIAN_POINT('',(15.05,19.68,0.));
#1052 = CIRCLE('',#1053,1.45);
#1053 = AXIS2_PLACEMENT_3D('',#1054,#1055,#1056);
#1054 = CARTESIAN_POINT('',(16.5,19.68,0.));
#1055 = DIRECTION('',(0.,0.,-1.));
#1056 = DIRECTION('',(-1.,0.,0.));
#1057 = FACE_BOUND('',#1058,.F.);
#1058 = EDGE_LOOP('',(#1059));
#1059 = ORIENTED_EDGE('',*,*,#1060,.T.);
#1060 = EDGE_CURVE('',#1061,#1061,#1063,.T.);
#1061 = VERTEX_POINT('',#1062);
#1062 = CARTESIAN_POINT('',(62.05,19.68,0.));
#1063 = CIRCLE('',#1064,1.45);
#1064 = AXIS2_PLACEMENT_3D('',#1065,#1066,#1067);
#1065 = CARTESIAN_POINT('',(63.5,19.68,0.));
#1066 = DIRECTION('',(0.,0.,-1.));
#1067 = DIRECTION('',(-1.,0.,0.));
#1068 = FACE_BOUND('',#1069,.F.);
#1069 = EDGE_LOOP('',(#1070));
#1070 = ORIENTED_EDGE('',*,*,#1071,.T.);
#1071 = EDGE_CURVE('',#1072,#1072,#1074,.T.);
#1072 = VERTEX_POINT('',#1073);
#1073 = CARTESIAN_POINT('',(15.05,37.18,0.));
#1074 = CIRCLE('',#1075,1.45);
#1075 = AXIS2_PLACEMENT_3D('',#1076,#1077,#1078);
#1076 = CARTESIAN_POINT('',(16.5,37.18,0.));
#1077 = DIRECTION('',(0.,0.,-1.));
#1078 = DIRECTION('',(-1.,0.,0.));
#1079 = FACE_BOUND('',#1080,.F.);
#1080 = EDGE_LOOP('',(#1081));
#1081 = ORIENTED_EDGE('',*,*,#1082,.T.);
#1082 = EDGE_CURVE('',#1083,#1083,#1085,.T.);
#1083 = VERTEX_POINT('',#1084);
#1084 = CARTESIAN_POINT('',(1.7,56.,0.));
#1085 = CIRCLE('',#1086,1.7);
#1086 = AXIS2_PLACEMENT_3D('',#1087,#1088,#1089);
#1087 = CARTESIAN_POINT('',(0.,56.,0.));
#1088 = DIRECTION('',(0.,0.,-1.));
#1089 = DIRECTION('',(1.,0.,0.));
#1090 = FACE_BOUND('',#1091,.F.);
#1091 = EDGE_LOOP('',(#1092));
#1092 = ORIENTED_EDGE('',*,*,#1093,.T.);
#1093 = EDGE_CURVE('',#1094,#1094,#1096,.T.);
#1094 = VERTEX_POINT('',#1095);
#1095 = CARTESIAN_POINT('',(15.05,55.68,0.));
#1096 = CIRCLE('',#1097,1.45);
#1097 = AXIS2_PLACEMENT_3D('',#1098,#1099,#1100);
#1098 = CARTESIAN_POINT('',(16.5,55.68,0.));
#1099 = DIRECTION('',(0.,0.,-1.));
#1100 = DIRECTION('',(-1.,0.,0.));
#1101 = FACE_BOUND('',#1102,.F.);
#1102 = EDGE_LOOP('',(#1103));
#1103 = ORIENTED_EDGE('',*,*,#1104,.T.);
#1104 = EDGE_CURVE('',#1105,#1105,#1107,.T.);
#1105 = VERTEX_POINT('',#1106);
#1106 = CARTESIAN_POINT('',(62.05,37.18,0.));
#1107 = CIRCLE('',#1108,1.45);
#1108 = AXIS2_PLACEMENT_3D('',#1109,#1110,#1111);
#1109 = CARTESIAN_POINT('',(63.5,37.18,0.));
#1110 = DIRECTION('',(0.,0.,-1.));
#1111 = DIRECTION('',(-1.,0.,0.));
#1112 = FACE_BOUND('',#1113,.F.);
#1113 = EDGE_LOOP('',(#1114));
#1114 = ORIENTED_EDGE('',*,*,#1115,.T.);
#1115 = EDGE_CURVE('',#1116,#1116,#1118,.T.);
#1116 = VERTEX_POINT('',#1117);
#1117 = CARTESIAN_POINT('',(62.05,55.68,0.));
#1118 = CIRCLE('',#1119,1.45);
#1119 = AXIS2_PLACEMENT_3D('',#1120,#1121,#1122);
#1120 = CARTESIAN_POINT('',(63.5,55.68,0.));
#1121 = DIRECTION('',(0.,0.,-1.));
#1122 = DIRECTION('',(-1.,0.,0.));
#1123 = FACE_BOUND('',#1124,.F.);
#1124 = EDGE_LOOP('',(#1125));
#1125 = ORIENTED_EDGE('',*,*,#1126,.T.);
#1126 = EDGE_CURVE('',#1127,#1127,#1129,.T.);
#1127 = VERTEX_POINT('',#1128);
#1128 = CARTESIAN_POINT('',(77.7,56.,0.));
#1129 = CIRCLE('',#1130,1.7);
#1130 = AXIS2_PLACEMENT_3D('',#1131,#1132,#1133);
#1131 = CARTESIAN_POINT('',(76.,56.,0.));
#1132 = DIRECTION('',(0.,0.,-1.));
#1133 = DIRECTION('',(1.,0.,0.));
#1134 = PLANE('',#1135);
#1135 = AXIS2_PLACEMENT_3D('',#1136,#1137,#1138);
#1136 = CARTESIAN_POINT('',(0.,0.,0.));
#1137 = DIRECTION('',(0.,0.,1.));
#1138 = DIRECTION('',(1.,0.,0.));
#1139 = ADVANCED_FACE('',(#1140),#1146,.F.);
#1140 = FACE_BOUND('',#1141,.F.);
#1141 = EDGE_LOOP('',(#1142,#1143,#1144,#1145));
#1142 = ORIENTED_EDGE('',*,*,#752,.T.);
#1143 = ORIENTED_EDGE('',*,*,#119,.T.);
#1144 = ORIENTED_EDGE('',*,*,#79,.F.);
#1145 = ORIENTED_EDGE('',*,*,#776,.F.);
#1146 = PLANE('',#1147);
#1147 = AXIS2_PLACEMENT_3D('',#1148,#1149,#1150);
#1148 = CARTESIAN_POINT('',(80.,60.,0.));
#1149 = DIRECTION('',(0.,-1.,0.));
#1150 = DIRECTION('',(-1.,0.,0.));
#1151 = ADVANCED_FACE('',(#1152),#1163,.F.);
#1152 = FACE_BOUND('',#1153,.F.);
#1153 = EDGE_LOOP('',(#1154,#1160,#1161,#1162));
#1154 = ORIENTED_EDGE('',*,*,#1155,.F.);
#1155 = EDGE_CURVE('',#129,#786,#1156,.T.);
#1156 = LINE('',#1157,#1158);
#1157 = CARTESIAN_POINT('',(-74.3,-56.,4.));
#1158 = VECTOR('',#1159,1.);
#1159 = DIRECTION('',(-7.E-17,-0.,-1.));
#1160 = ORIENTED_EDGE('',*,*,#128,.T.);
#1161 = ORIENTED_EDGE('',*,*,#1155,.T.);
#1162 = ORIENTED_EDGE('',*,*,#785,.F.);
#1163 = CYLINDRICAL_SURFACE('',#1164,1.7);
#1164 = AXIS2_PLACEMENT_3D('',#1165,#1166,#1167);
#1165 = CARTESIAN_POINT('',(-76.,-56.,4.));
#1166 = DIRECTION('',(0.,0.,-1.));
#1167 = DIRECTION('',(1.,0.,0.));
#1168 = ADVANCED_FACE('',(#1169),#1194,.T.);
#1169 = FACE_BOUND('',#1170,.T.);
#1170 = EDGE_LOOP('',(#1171,#1179,#1180,#1188));
#1171 = ORIENTED_EDGE('',*,*,#1172,.T.);
#1172 = EDGE_CURVE('',#1173,#142,#1175,.T.);
#1173 = VERTEX_POINT('',#1174);
#1174 = CARTESIAN_POINT('',(-67.8,-17.18,7.));
#1175 = LINE('',#1176,#1177);
#1176 = CARTESIAN_POINT('',(-67.8,-17.18,9.));
#1177 = VECTOR('',#1178,1.);
#1178 = DIRECTION('',(6.1E-16,-2.22044604925E-16,-1.));
#1179 = ORIENTED_EDGE('',*,*,#139,.F.);
#1180 = ORIENTED_EDGE('',*,*,#1181,.F.);
#1181 = EDGE_CURVE('',#1182,#140,#1184,.T.);
#1182 = VERTEX_POINT('',#1183);
#1183 = CARTESIAN_POINT('',(-67.8,-58.18,7.));
#1184 = LINE('',#1185,#1186);
#1185 = CARTESIAN_POINT('',(-67.8,-58.18,9.));
#1186 = VECTOR('',#1187,1.);
#1187 = DIRECTION('',(2.4E-16,-2.22044604925E-16,-1.));
#1188 = ORIENTED_EDGE('',*,*,#1189,.T.);
#1189 = EDGE_CURVE('',#1182,#1173,#1190,.T.);
#1190 = LINE('',#1191,#1192);
#1191 = CARTESIAN_POINT('',(-67.8,-58.18,7.));
#1192 = VECTOR('',#1193,1.);
#1193 = DIRECTION('',(0.,1.,-2.22044604925E-16));
#1194 = PLANE('',#1195);
#1195 = AXIS2_PLACEMENT_3D('',#1196,#1197,#1198);
#1196 = CARTESIAN_POINT('',(-67.8,-37.68,6.5));
#1197 = DIRECTION('',(-1.,-2.6645352591E-32,-1.2E-16));
#1198 = DIRECTION('',(0.,-1.,2.22044604925E-16));
#1199 = ADVANCED_FACE('',(#1200,#1395,#1406,#1417,#1428,#1439,#1450,
    #1461,#1472),#1483,.T.);
#1200 = FACE_BOUND('',#1201,.T.);
#1201 = EDGE_LOOP('',(#1202,#1210,#1219,#1227,#1236,#1244,#1253,#1261,
    #1270,#1278,#1287,#1295,#1304,#1312,#1321,#1329,#1336,#1337,#1338,
    #1347,#1355,#1363,#1371,#1379,#1387,#1394));
#1202 = ORIENTED_EDGE('',*,*,#1203,.T.);
#1203 = EDGE_CURVE('',#224,#1204,#1206,.T.);
#1204 = VERTEX_POINT('',#1205);
#1205 = CARTESIAN_POINT('',(-12.2,-58.18,7.));
#1206 = LINE('',#1207,#1208);
#1207 = CARTESIAN_POINT('',(-12.2,-58.18,4.));
#1208 = VECTOR('',#1209,1.);
#1209 = DIRECTION('',(-2.4E-16,2.22044604925E-16,1.));
#1210 = ORIENTED_EDGE('',*,*,#1211,.F.);
#1211 = EDGE_CURVE('',#1212,#1204,#1214,.T.);
#1212 = VERTEX_POINT('',#1213);
#1213 = CARTESIAN_POINT('',(-14.2,-58.18,9.));
#1214 = CIRCLE('',#1215,2.);
#1215 = AXIS2_PLACEMENT_3D('',#1216,#1217,#1218);
#1216 = CARTESIAN_POINT('',(-14.2,-58.18,7.));
#1217 = DIRECTION('',(0.,1.,-2.22044604925E-16));
#1218 = DIRECTION('',(0.,-2.22044604925E-16,-1.));
#1219 = ORIENTED_EDGE('',*,*,#1220,.T.);
#1220 = EDGE_CURVE('',#1212,#1221,#1223,.T.);
#1221 = VERTEX_POINT('',#1222);
#1222 = CARTESIAN_POINT('',(-20.2,-58.18,9.));
#1223 = LINE('',#1224,#1225);
#1224 = CARTESIAN_POINT('',(-12.2,-58.18,9.));
#1225 = VECTOR('',#1226,1.);
#1226 = DIRECTION('',(-1.,-5.329070518201E-32,-2.4E-16));
#1227 = ORIENTED_EDGE('',*,*,#1228,.T.);
#1228 = EDGE_CURVE('',#1221,#1229,#1231,.T.);
#1229 = VERTEX_POINT('',#1230);
#1230 = CARTESIAN_POINT('',(-22.2,-58.18,11.));
#1231 = CIRCLE('',#1232,2.);
#1232 = AXIS2_PLACEMENT_3D('',#1233,#1234,#1235);
#1233 = CARTESIAN_POINT('',(-20.2,-58.18,11.));
#1234 = DIRECTION('',(0.,1.,-2.22044604925E-16));
#1235 = DIRECTION('',(0.,-2.22044604925E-16,-1.));
#1236 = ORIENTED_EDGE('',*,*,#1237,.T.);
#1237 = EDGE_CURVE('',#1229,#1238,#1240,.T.);
#1238 = VERTEX_POINT('',#1239);
#1239 = CARTESIAN_POINT('',(-22.2,-58.18,48.376273101108));
#1240 = LINE('',#1241,#1242);
#1241 = CARTESIAN_POINT('',(-22.2,-58.18,9.));
#1242 = VECTOR('',#1243,1.);
#1243 = DIRECTION('',(-2.4E-16,2.22044604925E-16,1.));
#1244 = ORIENTED_EDGE('',*,*,#1245,.F.);
#1245 = EDGE_CURVE('',#1246,#1238,#1248,.T.);
#1246 = VERTEX_POINT('',#1247);
#1247 = CARTESIAN_POINT('',(-22.95563657303,-58.18,50.366959617789));
#1248 = CIRCLE('',#1249,3.);
#1249 = AXIS2_PLACEMENT_3D('',#1250,#1251,#1252);
#1250 = CARTESIAN_POINT('',(-25.2,-58.18,48.376273101108));
#1251 = DIRECTION('',(0.,1.,-2.22044604925E-16));
#1252 = DIRECTION('',(0.,-2.22044604925E-16,-1.));
#1253 = ORIENTED_EDGE('',*,*,#1254,.T.);
#1254 = EDGE_CURVE('',#1246,#1255,#1257,.T.);
#1255 = VERTEX_POINT('',#1256);
#1256 = CARTESIAN_POINT('',(-26.61326502904,-58.18,54.490686516681));
#1257 = LINE('',#1258,#1259);
#1258 = CARTESIAN_POINT('',(-22.2,-58.18,49.515030861361));
#1259 = VECTOR('',#1260,1.);
#1260 = DIRECTION('',(-0.663562172227,1.66116263483E-16,0.748121142322)
  );
#1261 = ORIENTED_EDGE('',*,*,#1262,.F.);
#1262 = EDGE_CURVE('',#1263,#1255,#1265,.T.);
#1263 = VERTEX_POINT('',#1264);
#1264 = CARTESIAN_POINT('',(-28.857628456,-58.18,55.5));
#1265 = CIRCLE('',#1266,3.);
#1266 = AXIS2_PLACEMENT_3D('',#1267,#1268,#1269);
#1267 = CARTESIAN_POINT('',(-28.857628456,-58.18,52.5));
#1268 = DIRECTION('',(0.,1.,-2.22044604925E-16));
#1269 = DIRECTION('',(0.,-2.22044604925E-16,-1.));
#1270 = ORIENTED_EDGE('',*,*,#1271,.T.);
#1271 = EDGE_CURVE('',#1263,#1272,#1274,.T.);
#1272 = VERTEX_POINT('',#1273);
#1273 = CARTESIAN_POINT('',(-51.15424868893,-58.18,55.5));
#1274 = LINE('',#1275,#1276);
#1275 = CARTESIAN_POINT('',(-27.50849737787,-58.18,55.5));
#1276 = VECTOR('',#1277,1.);
#1277 = DIRECTION('',(-1.,-5.329070518201E-32,-2.4E-16));
#1278 = ORIENTED_EDGE('',*,*,#1279,.F.);
#1279 = EDGE_CURVE('',#1280,#1272,#1282,.T.);
#1280 = VERTEX_POINT('',#1281);
#1281 = CARTESIAN_POINT('',(-53.40424868893,-58.18,54.484313483298));
#1282 = CIRCLE('',#1283,3.);
#1283 = AXIS2_PLACEMENT_3D('',#1284,#1285,#1286);
#1284 = CARTESIAN_POINT('',(-51.15424868893,-58.18,52.5));
#1285 = DIRECTION('',(0.,1.,-2.22044604925E-16));
#1286 = DIRECTION('',(0.,-2.22044604925E-16,-1.));
#1287 = ORIENTED_EDGE('',*,*,#1288,.T.);
#1288 = EDGE_CURVE('',#1280,#1289,#1291,.T.);
#1289 = VERTEX_POINT('',#1290);
#1290 = CARTESIAN_POINT('',(-57.05,-58.18,50.350420064271));
#1291 = LINE('',#1292,#1293);
#1292 = CARTESIAN_POINT('',(-52.50849737787,-58.18,55.5));
#1293 = VECTOR('',#1294,1.);
#1294 = DIRECTION('',(-0.661437827766,-1.665334536938E-16,-0.75));
#1295 = ORIENTED_EDGE('',*,*,#1296,.F.);
#1296 = EDGE_CURVE('',#1297,#1289,#1299,.T.);
#1297 = VERTEX_POINT('',#1298);
#1298 = CARTESIAN_POINT('',(-57.8,-58.18,48.366106580972));
#1299 = CIRCLE('',#1300,3.);
#1300 = AXIS2_PLACEMENT_3D('',#1301,#1302,#1303);
#1301 = CARTESIAN_POINT('',(-54.8,-58.18,48.366106580972));
#1302 = DIRECTION('',(0.,1.,-2.22044604925E-16));
#1303 = DIRECTION('',(0.,-2.22044604925E-16,-1.));
#1304 = ORIENTED_EDGE('',*,*,#1305,.T.);
#1305 = EDGE_CURVE('',#1297,#1306,#1308,.T.);
#1306 = VERTEX_POINT('',#1307);
#1307 = CARTESIAN_POINT('',(-57.8,-58.18,11.));
#1308 = LINE('',#1309,#1310);
#1309 = CARTESIAN_POINT('',(-57.8,-58.18,49.5));
#1310 = VECTOR('',#1311,1.);
#1311 = DIRECTION('',(2.4E-16,-2.22044604925E-16,-1.));
#1312 = ORIENTED_EDGE('',*,*,#1313,.F.);
#1313 = EDGE_CURVE('',#1314,#1306,#1316,.T.);
#1314 = VERTEX_POINT('',#1315);
#1315 = CARTESIAN_POINT('',(-59.8,-58.18,9.));
#1316 = CIRCLE('',#1317,2.);
#1317 = AXIS2_PLACEMENT_3D('',#1318,#1319,#1320);
#1318 = CARTESIAN_POINT('',(-59.8,-58.18,11.));
#1319 = DIRECTION('',(0.,-1.,2.22044604925E-16));
#1320 = DIRECTION('',(0.,-2.22044604925E-16,-1.));
#1321 = ORIENTED_EDGE('',*,*,#1322,.T.);
#1322 = EDGE_CURVE('',#1314,#1323,#1325,.T.);
#1323 = VERTEX_POINT('',#1324);
#1324 = CARTESIAN_POINT('',(-65.8,-58.18,9.));
#1325 = LINE('',#1326,#1327);
#1326 = CARTESIAN_POINT('',(-57.8,-58.18,9.));
#1327 = VECTOR('',#1328,1.);
#1328 = DIRECTION('',(-1.,-5.329070518201E-32,-2.4E-16));
#1329 = ORIENTED_EDGE('',*,*,#1330,.T.);
#1330 = EDGE_CURVE('',#1323,#1182,#1331,.T.);
#1331 = CIRCLE('',#1332,2.);
#1332 = AXIS2_PLACEMENT_3D('',#1333,#1334,#1335);
#1333 = CARTESIAN_POINT('',(-65.8,-58.18,7.));
#1334 = DIRECTION('',(0.,-1.,2.22044604925E-16));
#1335 = DIRECTION('',(0.,-2.22044604925E-16,-1.));
#1336 = ORIENTED_EDGE('',*,*,#1181,.T.);
#1337 = ORIENTED_EDGE('',*,*,#197,.T.);
#1338 = ORIENTED_EDGE('',*,*,#1339,.T.);
#1339 = EDGE_CURVE('',#190,#1340,#1342,.T.);
#1340 = VERTEX_POINT('',#1341);
#1341 = CARTESIAN_POINT('',(-52.8,-58.18,7.));
#1342 = CIRCLE('',#1343,3.);
#1343 = AXIS2_PLACEMENT_3D('',#1344,#1345,#1346);
#1344 = CARTESIAN_POINT('',(-55.8,-58.18,7.));
#1345 = DIRECTION('',(0.,-1.,2.22044604925E-16));
#1346 = DIRECTION('',(0.,-2.22044604925E-16,-1.));
#1347 = ORIENTED_EDGE('',*,*,#1348,.T.);
#1348 = EDGE_CURVE('',#1340,#1349,#1351,.T.);
#1349 = VERTEX_POINT('',#1350);
#1350 = CARTESIAN_POINT('',(-52.8,-58.18,46.5));
#1351 = LINE('',#1352,#1353);
#1352 = CARTESIAN_POINT('',(-52.8,-58.18,4.));
#1353 = VECTOR('',#1354,1.);
#1354 = DIRECTION('',(-2.4E-16,2.22044604925E-16,1.));
#1355 = ORIENTED_EDGE('',*,*,#1356,.T.);
#1356 = EDGE_CURVE('',#1349,#1357,#1359,.T.);
#1357 = VERTEX_POINT('',#1358);
#1358 = CARTESIAN_POINT('',(-49.8,-58.18,50.5));
#1359 = LINE('',#1360,#1361);
#1360 = CARTESIAN_POINT('',(-52.8,-58.18,46.5));
#1361 = VECTOR('',#1362,1.);
#1362 = DIRECTION('',(0.6,1.7763568394E-16,0.8));
#1363 = ORIENTED_EDGE('',*,*,#1364,.T.);
#1364 = EDGE_CURVE('',#1357,#1365,#1367,.T.);
#1365 = VERTEX_POINT('',#1366);
#1366 = CARTESIAN_POINT('',(-30.3,-58.18,50.5));
#1367 = LINE('',#1368,#1369);
#1368 = CARTESIAN_POINT('',(-49.8,-58.18,50.5));
#1369 = VECTOR('',#1370,1.);
#1370 = DIRECTION('',(1.,5.329070518201E-32,2.4E-16));
#1371 = ORIENTED_EDGE('',*,*,#1372,.T.);
#1372 = EDGE_CURVE('',#1365,#1373,#1375,.T.);
#1373 = VERTEX_POINT('',#1374);
#1374 = CARTESIAN_POINT('',(-27.2,-58.18,46.576990950813));
#1375 = LINE('',#1376,#1377);
#1376 = CARTESIAN_POINT('',(-30.3,-58.18,50.5));
#1377 = VECTOR('',#1378,1.);
#1378 = DIRECTION('',(0.62,-1.742165988888E-16,-0.784601809837));
#1379 = ORIENTED_EDGE('',*,*,#1380,.T.);
#1380 = EDGE_CURVE('',#1373,#1381,#1383,.T.);
#1381 = VERTEX_POINT('',#1382);
#1382 = CARTESIAN_POINT('',(-27.2,-58.18,7.));
#1383 = LINE('',#1384,#1385);
#1384 = CARTESIAN_POINT('',(-27.2,-58.18,46.576990950813));
#1385 = VECTOR('',#1386,1.);
#1386 = DIRECTION('',(2.4E-16,-2.22044604925E-16,-1.));
#1387 = ORIENTED_EDGE('',*,*,#1388,.F.);
#1388 = EDGE_CURVE('',#232,#1381,#1389,.T.);
#1389 = CIRCLE('',#1390,3.);
#1390 = AXIS2_PLACEMENT_3D('',#1391,#1392,#1393);
#1391 = CARTESIAN_POINT('',(-24.2,-58.18,7.));
#1392 = DIRECTION('',(0.,1.,-2.22044604925E-16));
#1393 = DIRECTION('',(0.,-2.22044604925E-16,-1.));
#1394 = ORIENTED_EDGE('',*,*,#231,.T.);
#1395 = FACE_BOUND('',#1396,.T.);
#1396 = EDGE_LOOP('',(#1397));
#1397 = ORIENTED_EDGE('',*,*,#1398,.F.);
#1398 = EDGE_CURVE('',#1399,#1399,#1401,.T.);
#1399 = VERTEX_POINT('',#1400);
#1400 = CARTESIAN_POINT('',(-53.55,-58.18,12.5));
#1401 = CIRCLE('',#1402,1.45);
#1402 = AXIS2_PLACEMENT_3D('',#1403,#1404,#1405);
#1403 = CARTESIAN_POINT('',(-55.,-58.18,12.5));
#1404 = DIRECTION('',(0.,-1.,2.22044604925E-16));
#1405 = DIRECTION('',(1.,2.6645352591E-32,1.2E-16));
#1406 = FACE_BOUND('',#1407,.T.);
#1407 = EDGE_LOOP('',(#1408));
#1408 = ORIENTED_EDGE('',*,*,#1409,.F.);
#1409 = EDGE_CURVE('',#1410,#1410,#1412,.T.);
#1410 = VERTEX_POINT('',#1411);
#1411 = CARTESIAN_POINT('',(-53.55,-58.18,29.5));
#1412 = CIRCLE('',#1413,1.45);
#1413 = AXIS2_PLACEMENT_3D('',#1414,#1415,#1416);
#1414 = CARTESIAN_POINT('',(-55.,-58.18,29.5));
#1415 = DIRECTION('',(0.,-1.,2.22044604925E-16));
#1416 = DIRECTION('',(1.,2.6645352591E-32,1.2E-16));
#1417 = FACE_BOUND('',#1418,.T.);
#1418 = EDGE_LOOP('',(#1419));
#1419 = ORIENTED_EDGE('',*,*,#1420,.F.);
#1420 = EDGE_CURVE('',#1421,#1421,#1423,.T.);
#1421 = VERTEX_POINT('',#1422);
#1422 = CARTESIAN_POINT('',(-26.45,-58.18,12.5));
#1423 = CIRCLE('',#1424,1.45);
#1424 = AXIS2_PLACEMENT_3D('',#1425,#1426,#1427);
#1425 = CARTESIAN_POINT('',(-25.,-58.18,12.5));
#1426 = DIRECTION('',(0.,-1.,2.22044604925E-16));
#1427 = DIRECTION('',(-1.,-1.354472090043E-31,-6.1E-16));
#1428 = FACE_BOUND('',#1429,.T.);
#1429 = EDGE_LOOP('',(#1430));
#1430 = ORIENTED_EDGE('',*,*,#1431,.F.);
#1431 = EDGE_CURVE('',#1432,#1432,#1434,.T.);
#1432 = VERTEX_POINT('',#1433);
#1433 = CARTESIAN_POINT('',(-26.45,-58.18,29.5));
#1434 = CIRCLE('',#1435,1.45);
#1435 = AXIS2_PLACEMENT_3D('',#1436,#1437,#1438);
#1436 = CARTESIAN_POINT('',(-25.,-58.18,29.5));
#1437 = DIRECTION('',(0.,-1.,2.22044604925E-16));
#1438 = DIRECTION('',(-1.,-1.354472090043E-31,-6.1E-16));
#1439 = FACE_BOUND('',#1440,.T.);
#1440 = EDGE_LOOP('',(#1441));
#1441 = ORIENTED_EDGE('',*,*,#1442,.F.);
#1442 = EDGE_CURVE('',#1443,#1443,#1445,.T.);
#1443 = VERTEX_POINT('',#1444);
#1444 = CARTESIAN_POINT('',(-53.55,-58.18,46.5));
#1445 = CIRCLE('',#1446,1.45);
#1446 = AXIS2_PLACEMENT_3D('',#1447,#1448,#1449);
#1447 = CARTESIAN_POINT('',(-55.,-58.18,46.5));
#1448 = DIRECTION('',(0.,-1.,2.22044604925E-16));
#1449 = DIRECTION('',(1.,2.6645352591E-32,1.2E-16));
#1450 = FACE_BOUND('',#1451,.T.);
#1451 = EDGE_LOOP('',(#1452));
#1452 = ORIENTED_EDGE('',*,*,#1453,.F.);
#1453 = EDGE_CURVE('',#1454,#1454,#1456,.T.);
#1454 = VERTEX_POINT('',#1455);
#1455 = CARTESIAN_POINT('',(-47.05,-58.18,52.8));
#1456 = CIRCLE('',#1457,1.45);
#1457 = AXIS2_PLACEMENT_3D('',#1458,#1459,#1460);
#1458 = CARTESIAN_POINT('',(-48.5,-58.18,52.8));
#1459 = DIRECTION('',(0.,-1.,2.22044604925E-16));
#1460 = DIRECTION('',(1.,2.6645352591E-32,1.2E-16));
#1461 = FACE_BOUND('',#1462,.T.);
#1462 = EDGE_LOOP('',(#1463));
#1463 = ORIENTED_EDGE('',*,*,#1464,.F.);
#1464 = EDGE_CURVE('',#1465,#1465,#1467,.T.);
#1465 = VERTEX_POINT('',#1466);
#1466 = CARTESIAN_POINT('',(-26.45,-58.18,46.5));
#1467 = CIRCLE('',#1468,1.45);
#1468 = AXIS2_PLACEMENT_3D('',#1469,#1470,#1471);
#1469 = CARTESIAN_POINT('',(-25.,-58.18,46.5));
#1470 = DIRECTION('',(0.,-1.,2.22044604925E-16));
#1471 = DIRECTION('',(-1.,-1.354472090043E-31,-6.1E-16));
#1472 = FACE_BOUND('',#1473,.T.);
#1473 = EDGE_LOOP('',(#1474));
#1474 = ORIENTED_EDGE('',*,*,#1475,.F.);
#1475 = EDGE_CURVE('',#1476,#1476,#1478,.T.);
#1476 = VERTEX_POINT('',#1477);
#1477 = CARTESIAN_POINT('',(-32.95,-58.18,52.8));
#1478 = CIRCLE('',#1479,1.45);
#1479 = AXIS2_PLACEMENT_3D('',#1480,#1481,#1482);
#1480 = CARTESIAN_POINT('',(-31.5,-58.18,52.8));
#1481 = DIRECTION('',(0.,-1.,2.22044604925E-16));
#1482 = DIRECTION('',(-1.,-1.354472090043E-31,-6.1E-16));
#1483 = PLANE('',#1484);
#1484 = AXIS2_PLACEMENT_3D('',#1485,#1486,#1487);
#1485 = CARTESIAN_POINT('',(-40.00085093309,-58.18,28.93648228298));
#1486 = DIRECTION('',(0.,-1.,2.22044604925E-16));
#1487 = DIRECTION('',(1.,5.329070518201E-32,2.4E-16));
#1488 = ADVANCED_FACE('',(#1489),#1508,.T.);
#1489 = FACE_BOUND('',#1490,.T.);
#1490 = EDGE_LOOP('',(#1491,#1492,#1501,#1507));
#1491 = ORIENTED_EDGE('',*,*,#189,.T.);
#1492 = ORIENTED_EDGE('',*,*,#1493,.T.);
#1493 = EDGE_CURVE('',#182,#1494,#1496,.T.);
#1494 = VERTEX_POINT('',#1495);
#1495 = CARTESIAN_POINT('',(-52.8,-53.18,7.));
#1496 = CIRCLE('',#1497,3.);
#1497 = AXIS2_PLACEMENT_3D('',#1498,#1499,#1500);
#1498 = CARTESIAN_POINT('',(-55.8,-53.18,7.));
#1499 = DIRECTION('',(0.,-1.,2.22044604925E-16));
#1500 = DIRECTION('',(0.,-2.22044604925E-16,-1.));
#1501 = ORIENTED_EDGE('',*,*,#1502,.F.);
#1502 = EDGE_CURVE('',#1340,#1494,#1503,.T.);
#1503 = LINE('',#1504,#1505);
#1504 = CARTESIAN_POINT('',(-52.8,-58.18,7.));
#1505 = VECTOR('',#1506,1.);
#1506 = DIRECTION('',(0.,1.,-2.22044604925E-16));
#1507 = ORIENTED_EDGE('',*,*,#1339,.F.);
#1508 = CYLINDRICAL_SURFACE('',#1509,3.);
#1509 = AXIS2_PLACEMENT_3D('',#1510,#1511,#1512);
#1510 = CARTESIAN_POINT('',(-55.8,-58.18,7.));
#1511 = DIRECTION('',(0.,1.,-2.22044604925E-16));
#1512 = DIRECTION('',(1.2E-16,-2.22044604925E-16,-1.));
#1513 = ADVANCED_FACE('',(#1514,#1690,#1701,#1712,#1723,#1734,#1745,
    #1756,#1767),#1778,.F.);
#1514 = FACE_BOUND('',#1515,.F.);
#1515 = EDGE_LOOP('',(#1516,#1517,#1518,#1526,#1534,#1542,#1550,#1558,
    #1565,#1566,#1574,#1582,#1591,#1599,#1608,#1616,#1625,#1633,#1642,
    #1650,#1659,#1667,#1676,#1684));
#1516 = ORIENTED_EDGE('',*,*,#181,.T.);
#1517 = ORIENTED_EDGE('',*,*,#1493,.T.);
#1518 = ORIENTED_EDGE('',*,*,#1519,.T.);
#1519 = EDGE_CURVE('',#1494,#1520,#1522,.T.);
#1520 = VERTEX_POINT('',#1521);
#1521 = CARTESIAN_POINT('',(-52.8,-53.18,46.5));
#1522 = LINE('',#1523,#1524);
#1523 = CARTESIAN_POINT('',(-52.8,-53.18,4.));
#1524 = VECTOR('',#1525,1.);
#1525 = DIRECTION('',(-2.4E-16,2.22044604925E-16,1.));
#1526 = ORIENTED_EDGE('',*,*,#1527,.T.);
#1527 = EDGE_CURVE('',#1520,#1528,#1530,.T.);
#1528 = VERTEX_POINT('',#1529);
#1529 = CARTESIAN_POINT('',(-49.8,-53.18,50.5));
#1530 = LINE('',#1531,#1532);
#1531 = CARTESIAN_POINT('',(-52.8,-53.18,46.5));
#1532 = VECTOR('',#1533,1.);
#1533 = DIRECTION('',(0.6,1.7763568394E-16,0.8));
#1534 = ORIENTED_EDGE('',*,*,#1535,.T.);
#1535 = EDGE_CURVE('',#1528,#1536,#1538,.T.);
#1536 = VERTEX_POINT('',#1537);
#1537 = CARTESIAN_POINT('',(-30.3,-53.18,50.5));
#1538 = LINE('',#1539,#1540);
#1539 = CARTESIAN_POINT('',(-49.8,-53.18,50.5));
#1540 = VECTOR('',#1541,1.);
#1541 = DIRECTION('',(1.,5.329070518201E-32,2.4E-16));
#1542 = ORIENTED_EDGE('',*,*,#1543,.T.);
#1543 = EDGE_CURVE('',#1536,#1544,#1546,.T.);
#1544 = VERTEX_POINT('',#1545);
#1545 = CARTESIAN_POINT('',(-27.2,-53.18,46.576990950813));
#1546 = LINE('',#1547,#1548);
#1547 = CARTESIAN_POINT('',(-30.3,-53.18,50.5));
#1548 = VECTOR('',#1549,1.);
#1549 = DIRECTION('',(0.62,-1.742165988888E-16,-0.784601809837));
#1550 = ORIENTED_EDGE('',*,*,#1551,.T.);
#1551 = EDGE_CURVE('',#1544,#1552,#1554,.T.);
#1552 = VERTEX_POINT('',#1553);
#1553 = CARTESIAN_POINT('',(-27.2,-53.18,7.));
#1554 = LINE('',#1555,#1556);
#1555 = CARTESIAN_POINT('',(-27.2,-53.18,46.576990950813));
#1556 = VECTOR('',#1557,1.);
#1557 = DIRECTION('',(2.4E-16,-2.22044604925E-16,-1.));
#1558 = ORIENTED_EDGE('',*,*,#1559,.F.);
#1559 = EDGE_CURVE('',#240,#1552,#1560,.T.);
#1560 = CIRCLE('',#1561,3.);
#1561 = AXIS2_PLACEMENT_3D('',#1562,#1563,#1564);
#1562 = CARTESIAN_POINT('',(-24.2,-53.18,7.));
#1563 = DIRECTION('',(0.,1.,-2.22044604925E-16));
#1564 = DIRECTION('',(0.,-2.22044604925E-16,-1.));
#1565 = ORIENTED_EDGE('',*,*,#247,.T.);
#1566 = ORIENTED_EDGE('',*,*,#1567,.F.);
#1567 = EDGE_CURVE('',#1568,#248,#1570,.T.);
#1568 = VERTEX_POINT('',#1569);
#1569 = CARTESIAN_POINT('',(-20.,-53.18,9.));
#1570 = LINE('',#1571,#1572);
#1571 = CARTESIAN_POINT('',(-20.,-53.18,9.));
#1572 = VECTOR('',#1573,1.);
#1573 = DIRECTION('',(3.7E-16,-4.42044604925E-16,-1.));
#1574 = ORIENTED_EDGE('',*,*,#1575,.T.);
#1575 = EDGE_CURVE('',#1568,#1576,#1578,.T.);
#1576 = VERTEX_POINT('',#1577);
#1577 = CARTESIAN_POINT('',(-20.2,-53.18,9.));
#1578 = LINE('',#1579,#1580);
#1579 = CARTESIAN_POINT('',(-12.2,-53.18,9.));
#1580 = VECTOR('',#1581,1.);
#1581 = DIRECTION('',(-1.,-5.329070518201E-32,-2.4E-16));
#1582 = ORIENTED_EDGE('',*,*,#1583,.T.);
#1583 = EDGE_CURVE('',#1576,#1584,#1586,.T.);
#1584 = VERTEX_POINT('',#1585);
#1585 = CARTESIAN_POINT('',(-22.2,-53.18,11.));
#1586 = CIRCLE('',#1587,2.);
#1587 = AXIS2_PLACEMENT_3D('',#1588,#1589,#1590);
#1588 = CARTESIAN_POINT('',(-20.2,-53.18,11.));
#1589 = DIRECTION('',(0.,1.,-2.22044604925E-16));
#1590 = DIRECTION('',(0.,-2.22044604925E-16,-1.));
#1591 = ORIENTED_EDGE('',*,*,#1592,.T.);
#1592 = EDGE_CURVE('',#1584,#1593,#1595,.T.);
#1593 = VERTEX_POINT('',#1594);
#1594 = CARTESIAN_POINT('',(-22.2,-53.18,48.376273101108));
#1595 = LINE('',#1596,#1597);
#1596 = CARTESIAN_POINT('',(-22.2,-53.18,9.));
#1597 = VECTOR('',#1598,1.);
#1598 = DIRECTION('',(-2.4E-16,2.22044604925E-16,1.));
#1599 = ORIENTED_EDGE('',*,*,#1600,.F.);
#1600 = EDGE_CURVE('',#1601,#1593,#1603,.T.);
#1601 = VERTEX_POINT('',#1602);
#1602 = CARTESIAN_POINT('',(-22.95563657303,-53.18,50.366959617789));
#1603 = CIRCLE('',#1604,3.);
#1604 = AXIS2_PLACEMENT_3D('',#1605,#1606,#1607);
#1605 = CARTESIAN_POINT('',(-25.2,-53.18,48.376273101108));
#1606 = DIRECTION('',(0.,1.,-2.22044604925E-16));
#1607 = DIRECTION('',(0.,-2.22044604925E-16,-1.));
#1608 = ORIENTED_EDGE('',*,*,#1609,.T.);
#1609 = EDGE_CURVE('',#1601,#1610,#1612,.T.);
#1610 = VERTEX_POINT('',#1611);
#1611 = CARTESIAN_POINT('',(-26.61326502904,-53.18,54.490686516681));
#1612 = LINE('',#1613,#1614);
#1613 = CARTESIAN_POINT('',(-22.2,-53.18,49.515030861361));
#1614 = VECTOR('',#1615,1.);
#1615 = DIRECTION('',(-0.663562172227,1.66116263483E-16,0.748121142322)
  );
#1616 = ORIENTED_EDGE('',*,*,#1617,.F.);
#1617 = EDGE_CURVE('',#1618,#1610,#1620,.T.);
#1618 = VERTEX_POINT('',#1619);
#1619 = CARTESIAN_POINT('',(-28.857628456,-53.18,55.5));
#1620 = CIRCLE('',#1621,3.);
#1621 = AXIS2_PLACEMENT_3D('',#1622,#1623,#1624);
#1622 = CARTESIAN_POINT('',(-28.857628456,-53.18,52.5));
#1623 = DIRECTION('',(0.,1.,-2.22044604925E-16));
#1624 = DIRECTION('',(0.,-2.22044604925E-16,-1.));
#1625 = ORIENTED_EDGE('',*,*,#1626,.T.);
#1626 = EDGE_CURVE('',#1618,#1627,#1629,.T.);
#1627 = VERTEX_POINT('',#1628);
#1628 = CARTESIAN_POINT('',(-51.15424868893,-53.18,55.5));
#1629 = LINE('',#1630,#1631);
#1630 = CARTESIAN_POINT('',(-27.50849737787,-53.18,55.5));
#1631 = VECTOR('',#1632,1.);
#1632 = DIRECTION('',(-1.,-5.329070518201E-32,-2.4E-16));
#1633 = ORIENTED_EDGE('',*,*,#1634,.F.);
#1634 = EDGE_CURVE('',#1635,#1627,#1637,.T.);
#1635 = VERTEX_POINT('',#1636);
#1636 = CARTESIAN_POINT('',(-53.40424868893,-53.18,54.484313483298));
#1637 = CIRCLE('',#1638,3.);
#1638 = AXIS2_PLACEMENT_3D('',#1639,#1640,#1641);
#1639 = CARTESIAN_POINT('',(-51.15424868893,-53.18,52.5));
#1640 = DIRECTION('',(0.,1.,-2.22044604925E-16));
#1641 = DIRECTION('',(0.,-2.22044604925E-16,-1.));
#1642 = ORIENTED_EDGE('',*,*,#1643,.T.);
#1643 = EDGE_CURVE('',#1635,#1644,#1646,.T.);
#1644 = VERTEX_POINT('',#1645);
#1645 = CARTESIAN_POINT('',(-57.05,-53.18,50.350420064271));
#1646 = LINE('',#1647,#1648);
#1647 = CARTESIAN_POINT('',(-52.50849737787,-53.18,55.5));
#1648 = VECTOR('',#1649,1.);
#1649 = DIRECTION('',(-0.661437827766,-1.665334536938E-16,-0.75));
#1650 = ORIENTED_EDGE('',*,*,#1651,.F.);
#1651 = EDGE_CURVE('',#1652,#1644,#1654,.T.);
#1652 = VERTEX_POINT('',#1653);
#1653 = CARTESIAN_POINT('',(-57.8,-53.18,48.366106580972));
#1654 = CIRCLE('',#1655,3.);
#1655 = AXIS2_PLACEMENT_3D('',#1656,#1657,#1658);
#1656 = CARTESIAN_POINT('',(-54.8,-53.18,48.366106580972));
#1657 = DIRECTION('',(0.,1.,-2.22044604925E-16));
#1658 = DIRECTION('',(0.,-2.22044604925E-16,-1.));
#1659 = ORIENTED_EDGE('',*,*,#1660,.T.);
#1660 = EDGE_CURVE('',#1652,#1661,#1663,.T.);
#1661 = VERTEX_POINT('',#1662);
#1662 = CARTESIAN_POINT('',(-57.8,-53.18,11.));
#1663 = LINE('',#1664,#1665);
#1664 = CARTESIAN_POINT('',(-57.8,-53.18,49.5));
#1665 = VECTOR('',#1666,1.);
#1666 = DIRECTION('',(2.4E-16,-2.22044604925E-16,-1.));
#1667 = ORIENTED_EDGE('',*,*,#1668,.F.);
#1668 = EDGE_CURVE('',#1669,#1661,#1671,.T.);
#1669 = VERTEX_POINT('',#1670);
#1670 = CARTESIAN_POINT('',(-59.8,-53.18,9.));
#1671 = CIRCLE('',#1672,2.);
#1672 = AXIS2_PLACEMENT_3D('',#1673,#1674,#1675);
#1673 = CARTESIAN_POINT('',(-59.8,-53.18,11.));
#1674 = DIRECTION('',(0.,-1.,2.22044604925E-16));
#1675 = DIRECTION('',(0.,-2.22044604925E-16,-1.));
#1676 = ORIENTED_EDGE('',*,*,#1677,.T.);
#1677 = EDGE_CURVE('',#1669,#1678,#1680,.T.);
#1678 = VERTEX_POINT('',#1679);
#1679 = CARTESIAN_POINT('',(-60.,-53.18,9.));
#1680 = LINE('',#1681,#1682);
#1681 = CARTESIAN_POINT('',(-57.8,-53.18,9.));
#1682 = VECTOR('',#1683,1.);
#1683 = DIRECTION('',(-1.,-5.329070518201E-32,-2.4E-16));
#1684 = ORIENTED_EDGE('',*,*,#1685,.T.);
#1685 = EDGE_CURVE('',#1678,#174,#1686,.T.);
#1686 = LINE('',#1687,#1688);
#1687 = CARTESIAN_POINT('',(-60.,-53.18,9.));
#1688 = VECTOR('',#1689,1.);
#1689 = DIRECTION('',(2.4E-16,-4.42044604925E-16,-1.));
#1690 = FACE_BOUND('',#1691,.F.);
#1691 = EDGE_LOOP('',(#1692));
#1692 = ORIENTED_EDGE('',*,*,#1693,.T.);
#1693 = EDGE_CURVE('',#1694,#1694,#1696,.T.);
#1694 = VERTEX_POINT('',#1695);
#1695 = CARTESIAN_POINT('',(-53.55,-53.18,12.5));
#1696 = CIRCLE('',#1697,1.45);
#1697 = AXIS2_PLACEMENT_3D('',#1698,#1699,#1700);
#1698 = CARTESIAN_POINT('',(-55.,-53.18,12.5));
#1699 = DIRECTION('',(0.,1.,-2.22044604925E-16));
#1700 = DIRECTION('',(1.,2.6645352591E-32,1.2E-16));
#1701 = FACE_BOUND('',#1702,.F.);
#1702 = EDGE_LOOP('',(#1703));
#1703 = ORIENTED_EDGE('',*,*,#1704,.T.);
#1704 = EDGE_CURVE('',#1705,#1705,#1707,.T.);
#1705 = VERTEX_POINT('',#1706);
#1706 = CARTESIAN_POINT('',(-53.55,-53.18,29.5));
#1707 = CIRCLE('',#1708,1.45);
#1708 = AXIS2_PLACEMENT_3D('',#1709,#1710,#1711);
#1709 = CARTESIAN_POINT('',(-55.,-53.18,29.5));
#1710 = DIRECTION('',(0.,1.,-2.22044604925E-16));
#1711 = DIRECTION('',(1.,2.6645352591E-32,1.2E-16));
#1712 = FACE_BOUND('',#1713,.F.);
#1713 = EDGE_LOOP('',(#1714));
#1714 = ORIENTED_EDGE('',*,*,#1715,.F.);
#1715 = EDGE_CURVE('',#1716,#1716,#1718,.T.);
#1716 = VERTEX_POINT('',#1717);
#1717 = CARTESIAN_POINT('',(-26.45,-53.18,12.5));
#1718 = CIRCLE('',#1719,1.45);
#1719 = AXIS2_PLACEMENT_3D('',#1720,#1721,#1722);
#1720 = CARTESIAN_POINT('',(-25.,-53.18,12.5));
#1721 = DIRECTION('',(0.,-1.,2.22044604925E-16));
#1722 = DIRECTION('',(-1.,-1.354472090043E-31,-6.1E-16));
#1723 = FACE_BOUND('',#1724,.F.);
#1724 = EDGE_LOOP('',(#1725));
#1725 = ORIENTED_EDGE('',*,*,#1726,.F.);
#1726 = EDGE_CURVE('',#1727,#1727,#1729,.T.);
#1727 = VERTEX_POINT('',#1728);
#1728 = CARTESIAN_POINT('',(-26.45,-53.18,29.5));
#1729 = CIRCLE('',#1730,1.45);
#1730 = AXIS2_PLACEMENT_3D('',#1731,#1732,#1733);
#1731 = CARTESIAN_POINT('',(-25.,-53.18,29.5));
#1732 = DIRECTION('',(0.,-1.,2.22044604925E-16));
#1733 = DIRECTION('',(-1.,-1.354472090043E-31,-6.1E-16));
#1734 = FACE_BOUND('',#1735,.F.);
#1735 = EDGE_LOOP('',(#1736));
#1736 = ORIENTED_EDGE('',*,*,#1737,.T.);
#1737 = EDGE_CURVE('',#1738,#1738,#1740,.T.);
#1738 = VERTEX_POINT('',#1739);
#1739 = CARTESIAN_POINT('',(-53.55,-53.18,46.5));
#1740 = CIRCLE('',#1741,1.45);
#1741 = AXIS2_PLACEMENT_3D('',#1742,#1743,#1744);
#1742 = CARTESIAN_POINT('',(-55.,-53.18,46.5));
#1743 = DIRECTION('',(0.,1.,-2.22044604925E-16));
#1744 = DIRECTION('',(1.,2.6645352591E-32,1.2E-16));
#1745 = FACE_BOUND('',#1746,.F.);
#1746 = EDGE_LOOP('',(#1747));
#1747 = ORIENTED_EDGE('',*,*,#1748,.T.);
#1748 = EDGE_CURVE('',#1749,#1749,#1751,.T.);
#1749 = VERTEX_POINT('',#1750);
#1750 = CARTESIAN_POINT('',(-47.05,-53.18,52.8));
#1751 = CIRCLE('',#1752,1.45);
#1752 = AXIS2_PLACEMENT_3D('',#1753,#1754,#1755);
#1753 = CARTESIAN_POINT('',(-48.5,-53.18,52.8));
#1754 = DIRECTION('',(0.,1.,-2.22044604925E-16));
#1755 = DIRECTION('',(1.,2.6645352591E-32,1.2E-16));
#1756 = FACE_BOUND('',#1757,.F.);
#1757 = EDGE_LOOP('',(#1758));
#1758 = ORIENTED_EDGE('',*,*,#1759,.F.);
#1759 = EDGE_CURVE('',#1760,#1760,#1762,.T.);
#1760 = VERTEX_POINT('',#1761);
#1761 = CARTESIAN_POINT('',(-26.45,-53.18,46.5));
#1762 = CIRCLE('',#1763,1.45);
#1763 = AXIS2_PLACEMENT_3D('',#1764,#1765,#1766);
#1764 = CARTESIAN_POINT('',(-25.,-53.18,46.5));
#1765 = DIRECTION('',(0.,-1.,2.22044604925E-16));
#1766 = DIRECTION('',(-1.,-1.354472090043E-31,-6.1E-16));
#1767 = FACE_BOUND('',#1768,.F.);
#1768 = EDGE_LOOP('',(#1769));
#1769 = ORIENTED_EDGE('',*,*,#1770,.F.);
#1770 = EDGE_CURVE('',#1771,#1771,#1773,.T.);
#1771 = VERTEX_POINT('',#1772);
#1772 = CARTESIAN_POINT('',(-32.95,-53.18,52.8));
#1773 = CIRCLE('',#1774,1.45);
#1774 = AXIS2_PLACEMENT_3D('',#1775,#1776,#1777);
#1775 = CARTESIAN_POINT('',(-31.5,-53.18,52.8));
#1776 = DIRECTION('',(0.,-1.,2.22044604925E-16));
#1777 = DIRECTION('',(-1.,-1.354472090043E-31,-6.1E-16));
#1778 = PLANE('',#1779);
#1779 = AXIS2_PLACEMENT_3D('',#1780,#1781,#1782);
#1780 = CARTESIAN_POINT('',(-40.00085093309,-53.18,28.93648228298));
#1781 = DIRECTION('',(0.,-1.,2.22044604925E-16));
#1782 = DIRECTION('',(1.,5.329070518201E-32,2.4E-16));
#1783 = ADVANCED_FACE('',(#1784),#1802,.T.);
#1784 = FACE_BOUND('',#1785,.T.);
#1785 = EDGE_LOOP('',(#1786,#1787,#1788,#1796));
#1786 = ORIENTED_EDGE('',*,*,#1685,.T.);
#1787 = ORIENTED_EDGE('',*,*,#173,.T.);
#1788 = ORIENTED_EDGE('',*,*,#1789,.F.);
#1789 = EDGE_CURVE('',#1790,#166,#1792,.T.);
#1790 = VERTEX_POINT('',#1791);
#1791 = CARTESIAN_POINT('',(-60.,-22.18,9.));
#1792 = LINE('',#1793,#1794);
#1793 = CARTESIAN_POINT('',(-60.,-22.18,9.));
#1794 = VECTOR('',#1795,1.);
#1795 = DIRECTION('',(2.4E-16,-4.42044604925E-16,-1.));
#1796 = ORIENTED_EDGE('',*,*,#1797,.F.);
#1797 = EDGE_CURVE('',#1678,#1790,#1798,.T.);
#1798 = LINE('',#1799,#1800);
#1799 = CARTESIAN_POINT('',(-60.,-53.18,9.));
#1800 = VECTOR('',#1801,1.);
#1801 = DIRECTION('',(0.,1.,-4.42044604925E-16));
#1802 = PLANE('',#1803);
#1803 = AXIS2_PLACEMENT_3D('',#1804,#1805,#1806);
#1804 = CARTESIAN_POINT('',(-60.,-53.18,9.));
#1805 = DIRECTION('',(1.,5.329070518201E-32,2.4E-16));
#1806 = DIRECTION('',(5.28E-32,1.,-4.42044604925E-16));
#1807 = ADVANCED_FACE('',(#1808,#1985,#1996,#2007,#2018,#2029,#2040,
    #2051,#2062),#2073,.T.);
#1808 = FACE_BOUND('',#1809,.T.);
#1809 = EDGE_LOOP('',(#1810,#1811,#1820,#1828,#1836,#1844,#1852,#1860,
    #1867,#1868,#1876,#1884,#1893,#1901,#1910,#1918,#1927,#1935,#1944,
    #1952,#1961,#1969,#1978,#1984));
#1810 = ORIENTED_EDGE('',*,*,#165,.T.);
#1811 = ORIENTED_EDGE('',*,*,#1812,.T.);
#1812 = EDGE_CURVE('',#158,#1813,#1815,.T.);
#1813 = VERTEX_POINT('',#1814);
#1814 = CARTESIAN_POINT('',(-52.8,-22.18,7.));
#1815 = CIRCLE('',#1816,3.);
#1816 = AXIS2_PLACEMENT_3D('',#1817,#1818,#1819);
#1817 = CARTESIAN_POINT('',(-55.8,-22.18,7.));
#1818 = DIRECTION('',(0.,-1.,2.22044604925E-16));
#1819 = DIRECTION('',(0.,-2.22044604925E-16,-1.));
#1820 = ORIENTED_EDGE('',*,*,#1821,.T.);
#1821 = EDGE_CURVE('',#1813,#1822,#1824,.T.);
#1822 = VERTEX_POINT('',#1823);
#1823 = CARTESIAN_POINT('',(-52.8,-22.18,46.5));
#1824 = LINE('',#1825,#1826);
#1825 = CARTESIAN_POINT('',(-52.8,-22.18,4.));
#1826 = VECTOR('',#1827,1.);
#1827 = DIRECTION('',(-6.1E-16,2.22044604925E-16,1.));
#1828 = ORIENTED_EDGE('',*,*,#1829,.T.);
#1829 = EDGE_CURVE('',#1822,#1830,#1832,.T.);
#1830 = VERTEX_POINT('',#1831);
#1831 = CARTESIAN_POINT('',(-49.8,-22.18,50.5));
#1832 = LINE('',#1833,#1834);
#1833 = CARTESIAN_POINT('',(-52.8,-22.18,46.5));
#1834 = VECTOR('',#1835,1.);
#1835 = DIRECTION('',(0.6,1.7763568394E-16,0.8));
#1836 = ORIENTED_EDGE('',*,*,#1837,.T.);
#1837 = EDGE_CURVE('',#1830,#1838,#1840,.T.);
#1838 = VERTEX_POINT('',#1839);
#1839 = CARTESIAN_POINT('',(-30.3,-22.18,50.5));
#1840 = LINE('',#1841,#1842);
#1841 = CARTESIAN_POINT('',(-49.8,-22.18,50.5));
#1842 = VECTOR('',#1843,1.);
#1843 = DIRECTION('',(1.,1.354472090043E-31,6.1E-16));
#1844 = ORIENTED_EDGE('',*,*,#1845,.T.);
#1845 = EDGE_CURVE('',#1838,#1846,#1848,.T.);
#1846 = VERTEX_POINT('',#1847);
#1847 = CARTESIAN_POINT('',(-27.2,-22.18,46.576990950813));
#1848 = LINE('',#1849,#1850);
#1849 = CARTESIAN_POINT('',(-30.3,-22.18,50.5));
#1850 = VECTOR('',#1851,1.);
#1851 = DIRECTION('',(0.62,-1.742165988888E-16,-0.784601809837));
#1852 = ORIENTED_EDGE('',*,*,#1853,.T.);
#1853 = EDGE_CURVE('',#1846,#1854,#1856,.T.);
#1854 = VERTEX_POINT('',#1855);
#1855 = CARTESIAN_POINT('',(-27.2,-22.18,7.));
#1856 = LINE('',#1857,#1858);
#1857 = CARTESIAN_POINT('',(-27.2,-22.18,46.576990950813));
#1858 = VECTOR('',#1859,1.);
#1859 = DIRECTION('',(6.1E-16,-2.22044604925E-16,-1.));
#1860 = ORIENTED_EDGE('',*,*,#1861,.T.);
#1861 = EDGE_CURVE('',#1854,#206,#1862,.T.);
#1862 = CIRCLE('',#1863,3.);
#1863 = AXIS2_PLACEMENT_3D('',#1864,#1865,#1866);
#1864 = CARTESIAN_POINT('',(-24.2,-22.18,7.));
#1865 = DIRECTION('',(0.,-1.,2.22044604925E-16));
#1866 = DIRECTION('',(0.,-2.22044604925E-16,-1.));
#1867 = ORIENTED_EDGE('',*,*,#263,.T.);
#1868 = ORIENTED_EDGE('',*,*,#1869,.F.);
#1869 = EDGE_CURVE('',#1870,#256,#1872,.T.);
#1870 = VERTEX_POINT('',#1871);
#1871 = CARTESIAN_POINT('',(-20.,-22.18,9.));
#1872 = LINE('',#1873,#1874);
#1873 = CARTESIAN_POINT('',(-20.,-22.18,9.));
#1874 = VECTOR('',#1875,1.);
#1875 = DIRECTION('',(3.7E-16,-4.42044604925E-16,-1.));
#1876 = ORIENTED_EDGE('',*,*,#1877,.T.);
#1877 = EDGE_CURVE('',#1870,#1878,#1880,.T.);
#1878 = VERTEX_POINT('',#1879);
#1879 = CARTESIAN_POINT('',(-20.2,-22.18,9.));
#1880 = LINE('',#1881,#1882);
#1881 = CARTESIAN_POINT('',(-12.2,-22.18,9.));
#1882 = VECTOR('',#1883,1.);
#1883 = DIRECTION('',(-1.,-1.354472090043E-31,-6.1E-16));
#1884 = ORIENTED_EDGE('',*,*,#1885,.F.);
#1885 = EDGE_CURVE('',#1886,#1878,#1888,.T.);
#1886 = VERTEX_POINT('',#1887);
#1887 = CARTESIAN_POINT('',(-22.2,-22.18,11.));
#1888 = CIRCLE('',#1889,2.);
#1889 = AXIS2_PLACEMENT_3D('',#1890,#1891,#1892);
#1890 = CARTESIAN_POINT('',(-20.2,-22.18,11.));
#1891 = DIRECTION('',(0.,-1.,2.22044604925E-16));
#1892 = DIRECTION('',(0.,-2.22044604925E-16,-1.));
#1893 = ORIENTED_EDGE('',*,*,#1894,.T.);
#1894 = EDGE_CURVE('',#1886,#1895,#1897,.T.);
#1895 = VERTEX_POINT('',#1896);
#1896 = CARTESIAN_POINT('',(-22.2,-22.18,48.376273101108));
#1897 = LINE('',#1898,#1899);
#1898 = CARTESIAN_POINT('',(-22.2,-22.18,9.));
#1899 = VECTOR('',#1900,1.);
#1900 = DIRECTION('',(-6.1E-16,2.22044604925E-16,1.));
#1901 = ORIENTED_EDGE('',*,*,#1902,.T.);
#1902 = EDGE_CURVE('',#1895,#1903,#1905,.T.);
#1903 = VERTEX_POINT('',#1904);
#1904 = CARTESIAN_POINT('',(-22.95563657303,-22.18,50.366959617789));
#1905 = CIRCLE('',#1906,3.);
#1906 = AXIS2_PLACEMENT_3D('',#1907,#1908,#1909);
#1907 = CARTESIAN_POINT('',(-25.2,-22.18,48.376273101108));
#1908 = DIRECTION('',(0.,-1.,2.22044604925E-16));
#1909 = DIRECTION('',(0.,-2.22044604925E-16,-1.));
#1910 = ORIENTED_EDGE('',*,*,#1911,.T.);
#1911 = EDGE_CURVE('',#1903,#1912,#1914,.T.);
#1912 = VERTEX_POINT('',#1913);
#1913 = CARTESIAN_POINT('',(-26.61326502904,-22.18,54.490686516681));
#1914 = LINE('',#1915,#1916);
#1915 = CARTESIAN_POINT('',(-22.2,-22.18,49.515030861361));
#1916 = VECTOR('',#1917,1.);
#1917 = DIRECTION('',(-0.663562172227,1.66116263483E-16,0.748121142322)
  );
#1918 = ORIENTED_EDGE('',*,*,#1919,.T.);
#1919 = EDGE_CURVE('',#1912,#1920,#1922,.T.);
#1920 = VERTEX_POINT('',#1921);
#1921 = CARTESIAN_POINT('',(-28.857628456,-22.18,55.5));
#1922 = CIRCLE('',#1923,3.);
#1923 = AXIS2_PLACEMENT_3D('',#1924,#1925,#1926);
#1924 = CARTESIAN_POINT('',(-28.857628456,-22.18,52.5));
#1925 = DIRECTION('',(0.,-1.,2.22044604925E-16));
#1926 = DIRECTION('',(0.,-2.22044604925E-16,-1.));
#1927 = ORIENTED_EDGE('',*,*,#1928,.T.);
#1928 = EDGE_CURVE('',#1920,#1929,#1931,.T.);
#1929 = VERTEX_POINT('',#1930);
#1930 = CARTESIAN_POINT('',(-51.15424868893,-22.18,55.5));
#1931 = LINE('',#1932,#1933);
#1932 = CARTESIAN_POINT('',(-27.50849737787,-22.18,55.5));
#1933 = VECTOR('',#1934,1.);
#1934 = DIRECTION('',(-1.,-1.354472090043E-31,-6.1E-16));
#1935 = ORIENTED_EDGE('',*,*,#1936,.F.);
#1936 = EDGE_CURVE('',#1937,#1929,#1939,.T.);
#1937 = VERTEX_POINT('',#1938);
#1938 = CARTESIAN_POINT('',(-53.40424868893,-22.18,54.484313483298));
#1939 = CIRCLE('',#1940,3.);
#1940 = AXIS2_PLACEMENT_3D('',#1941,#1942,#1943);
#1941 = CARTESIAN_POINT('',(-51.15424868893,-22.18,52.5));
#1942 = DIRECTION('',(0.,1.,-2.22044604925E-16));
#1943 = DIRECTION('',(0.,-2.22044604925E-16,-1.));
#1944 = ORIENTED_EDGE('',*,*,#1945,.T.);
#1945 = EDGE_CURVE('',#1937,#1946,#1948,.T.);
#1946 = VERTEX_POINT('',#1947);
#1947 = CARTESIAN_POINT('',(-57.05,-22.18,50.350420064271));
#1948 = LINE('',#1949,#1950);
#1949 = CARTESIAN_POINT('',(-52.50849737787,-22.18,55.5));
#1950 = VECTOR('',#1951,1.);
#1951 = DIRECTION('',(-0.661437827766,-1.665334536938E-16,-0.75));
#1952 = ORIENTED_EDGE('',*,*,#1953,.F.);
#1953 = EDGE_CURVE('',#1954,#1946,#1956,.T.);
#1954 = VERTEX_POINT('',#1955);
#1955 = CARTESIAN_POINT('',(-57.8,-22.18,48.366106580972));
#1956 = CIRCLE('',#1957,3.);
#1957 = AXIS2_PLACEMENT_3D('',#1958,#1959,#1960);
#1958 = CARTESIAN_POINT('',(-54.8,-22.18,48.366106580972));
#1959 = DIRECTION('',(0.,1.,-2.22044604925E-16));
#1960 = DIRECTION('',(0.,-2.22044604925E-16,-1.));
#1961 = ORIENTED_EDGE('',*,*,#1962,.T.);
#1962 = EDGE_CURVE('',#1954,#1963,#1965,.T.);
#1963 = VERTEX_POINT('',#1964);
#1964 = CARTESIAN_POINT('',(-57.8,-22.18,11.));
#1965 = LINE('',#1966,#1967);
#1966 = CARTESIAN_POINT('',(-57.8,-22.18,49.5));
#1967 = VECTOR('',#1968,1.);
#1968 = DIRECTION('',(6.1E-16,-2.22044604925E-16,-1.));
#1969 = ORIENTED_EDGE('',*,*,#1970,.F.);
#1970 = EDGE_CURVE('',#1971,#1963,#1973,.T.);
#1971 = VERTEX_POINT('',#1972);
#1972 = CARTESIAN_POINT('',(-59.8,-22.18,9.));
#1973 = CIRCLE('',#1974,2.);
#1974 = AXIS2_PLACEMENT_3D('',#1975,#1976,#1977);
#1975 = CARTESIAN_POINT('',(-59.8,-22.18,11.));
#1976 = DIRECTION('',(0.,-1.,2.22044604925E-16));
#1977 = DIRECTION('',(0.,-2.22044604925E-16,-1.));
#1978 = ORIENTED_EDGE('',*,*,#1979,.T.);
#1979 = EDGE_CURVE('',#1971,#1790,#1980,.T.);
#1980 = LINE('',#1981,#1982);
#1981 = CARTESIAN_POINT('',(-57.8,-22.18,9.));
#1982 = VECTOR('',#1983,1.);
#1983 = DIRECTION('',(-1.,-1.354472090043E-31,-6.1E-16));
#1984 = ORIENTED_EDGE('',*,*,#1789,.T.);
#1985 = FACE_BOUND('',#1986,.T.);
#1986 = EDGE_LOOP('',(#1987));
#1987 = ORIENTED_EDGE('',*,*,#1988,.F.);
#1988 = EDGE_CURVE('',#1989,#1989,#1991,.T.);
#1989 = VERTEX_POINT('',#1990);
#1990 = CARTESIAN_POINT('',(-53.55,-22.18,12.5));
#1991 = CIRCLE('',#1992,1.45);
#1992 = AXIS2_PLACEMENT_3D('',#1993,#1994,#1995);
#1993 = CARTESIAN_POINT('',(-55.,-22.18,12.5));
#1994 = DIRECTION('',(0.,-1.,2.22044604925E-16));
#1995 = DIRECTION('',(1.,5.329070518201E-32,2.4E-16));
#1996 = FACE_BOUND('',#1997,.T.);
#1997 = EDGE_LOOP('',(#1998));
#1998 = ORIENTED_EDGE('',*,*,#1999,.F.);
#1999 = EDGE_CURVE('',#2000,#2000,#2002,.T.);
#2000 = VERTEX_POINT('',#2001);
#2001 = CARTESIAN_POINT('',(-53.55,-22.18,29.5));
#2002 = CIRCLE('',#2003,1.45);
#2003 = AXIS2_PLACEMENT_3D('',#2004,#2005,#2006);
#2004 = CARTESIAN_POINT('',(-55.,-22.18,29.5));
#2005 = DIRECTION('',(0.,-1.,2.22044604925E-16));
#2006 = DIRECTION('',(1.,5.329070518201E-32,2.4E-16));
#2007 = FACE_BOUND('',#2008,.T.);
#2008 = EDGE_LOOP('',(#2009));
#2009 = ORIENTED_EDGE('',*,*,#2010,.F.);
#2010 = EDGE_CURVE('',#2011,#2011,#2013,.T.);
#2011 = VERTEX_POINT('',#2012);
#2012 = CARTESIAN_POINT('',(-26.45,-22.18,12.5));
#2013 = CIRCLE('',#2014,1.45);
#2014 = AXIS2_PLACEMENT_3D('',#2015,#2016,#2017);
#2015 = CARTESIAN_POINT('',(-25.,-22.18,12.5));
#2016 = DIRECTION('',(0.,-1.,2.22044604925E-16));
#2017 = DIRECTION('',(-1.,-1.354472090043E-31,-6.1E-16));
#2018 = FACE_BOUND('',#2019,.T.);
#2019 = EDGE_LOOP('',(#2020));
#2020 = ORIENTED_EDGE('',*,*,#2021,.F.);
#2021 = EDGE_CURVE('',#2022,#2022,#2024,.T.);
#2022 = VERTEX_POINT('',#2023);
#2023 = CARTESIAN_POINT('',(-26.45,-22.18,29.5));
#2024 = CIRCLE('',#2025,1.45);
#2025 = AXIS2_PLACEMENT_3D('',#2026,#2027,#2028);
#2026 = CARTESIAN_POINT('',(-25.,-22.18,29.5));
#2027 = DIRECTION('',(0.,-1.,2.22044604925E-16));
#2028 = DIRECTION('',(-1.,-1.354472090043E-31,-6.1E-16));
#2029 = FACE_BOUND('',#2030,.T.);
#2030 = EDGE_LOOP('',(#2031));
#2031 = ORIENTED_EDGE('',*,*,#2032,.F.);
#2032 = EDGE_CURVE('',#2033,#2033,#2035,.T.);
#2033 = VERTEX_POINT('',#2034);
#2034 = CARTESIAN_POINT('',(-53.55,-22.18,46.5));
#2035 = CIRCLE('',#2036,1.45);
#2036 = AXIS2_PLACEMENT_3D('',#2037,#2038,#2039);
#2037 = CARTESIAN_POINT('',(-55.,-22.18,46.5));
#2038 = DIRECTION('',(0.,-1.,2.22044604925E-16));
#2039 = DIRECTION('',(1.,5.329070518201E-32,2.4E-16));
#2040 = FACE_BOUND('',#2041,.T.);
#2041 = EDGE_LOOP('',(#2042));
#2042 = ORIENTED_EDGE('',*,*,#2043,.F.);
#2043 = EDGE_CURVE('',#2044,#2044,#2046,.T.);
#2044 = VERTEX_POINT('',#2045);
#2045 = CARTESIAN_POINT('',(-47.05,-22.18,52.8));
#2046 = CIRCLE('',#2047,1.45);
#2047 = AXIS2_PLACEMENT_3D('',#2048,#2049,#2050);
#2048 = CARTESIAN_POINT('',(-48.5,-22.18,52.8));
#2049 = DIRECTION('',(0.,-1.,2.22044604925E-16));
#2050 = DIRECTION('',(1.,5.329070518201E-32,2.4E-16));
#2051 = FACE_BOUND('',#2052,.T.);
#2052 = EDGE_LOOP('',(#2053));
#2053 = ORIENTED_EDGE('',*,*,#2054,.F.);
#2054 = EDGE_CURVE('',#2055,#2055,#2057,.T.);
#2055 = VERTEX_POINT('',#2056);
#2056 = CARTESIAN_POINT('',(-26.45,-22.18,46.5));
#2057 = CIRCLE('',#2058,1.45);
#2058 = AXIS2_PLACEMENT_3D('',#2059,#2060,#2061);
#2059 = CARTESIAN_POINT('',(-25.,-22.18,46.5));
#2060 = DIRECTION('',(0.,-1.,2.22044604925E-16));
#2061 = DIRECTION('',(-1.,-1.354472090043E-31,-6.1E-16));
#2062 = FACE_BOUND('',#2063,.T.);
#2063 = EDGE_LOOP('',(#2064));
#2064 = ORIENTED_EDGE('',*,*,#2065,.F.);
#2065 = EDGE_CURVE('',#2066,#2066,#2068,.T.);
#2066 = VERTEX_POINT('',#2067);
#2067 = CARTESIAN_POINT('',(-32.95,-22.18,52.8));
#2068 = CIRCLE('',#2069,1.45);
#2069 = AXIS2_PLACEMENT_3D('',#2070,#2071,#2072);
#2070 = CARTESIAN_POINT('',(-31.5,-22.18,52.8));
#2071 = DIRECTION('',(0.,-1.,2.22044604925E-16));
#2072 = DIRECTION('',(-1.,-1.354472090043E-31,-6.1E-16));
#2073 = PLANE('',#2074);
#2074 = AXIS2_PLACEMENT_3D('',#2075,#2076,#2077);
#2075 = CARTESIAN_POINT('',(-40.00085093309,-22.18,28.93648228298));
#2076 = DIRECTION('',(0.,-1.,2.22044604925E-16));
#2077 = DIRECTION('',(1.,1.354472090043E-31,6.1E-16));
#2078 = ADVANCED_FACE('',(#2079),#2098,.T.);
#2079 = FACE_BOUND('',#2080,.T.);
#2080 = EDGE_LOOP('',(#2081,#2082,#2091,#2097));
#2081 = ORIENTED_EDGE('',*,*,#157,.T.);
#2082 = ORIENTED_EDGE('',*,*,#2083,.T.);
#2083 = EDGE_CURVE('',#150,#2084,#2086,.T.);
#2084 = VERTEX_POINT('',#2085);
#2085 = CARTESIAN_POINT('',(-52.8,-17.18,7.));
#2086 = CIRCLE('',#2087,3.);
#2087 = AXIS2_PLACEMENT_3D('',#2088,#2089,#2090);
#2088 = CARTESIAN_POINT('',(-55.8,-17.18,7.));
#2089 = DIRECTION('',(0.,-1.,2.22044604925E-16));
#2090 = DIRECTION('',(0.,-2.22044604925E-16,-1.));
#2091 = ORIENTED_EDGE('',*,*,#2092,.F.);
#2092 = EDGE_CURVE('',#1813,#2084,#2093,.T.);
#2093 = LINE('',#2094,#2095);
#2094 = CARTESIAN_POINT('',(-52.8,-22.18,7.));
#2095 = VECTOR('',#2096,1.);
#2096 = DIRECTION('',(0.,1.,-2.22044604925E-16));
#2097 = ORIENTED_EDGE('',*,*,#1812,.F.);
#2098 = CYLINDRICAL_SURFACE('',#2099,3.);
#2099 = AXIS2_PLACEMENT_3D('',#2100,#2101,#2102);
#2100 = CARTESIAN_POINT('',(-55.8,-22.18,7.));
#2101 = DIRECTION('',(0.,1.,-2.22044604925E-16));
#2102 = DIRECTION('',(1.2E-16,-2.22044604925E-16,-1.));
#2103 = ADVANCED_FACE('',(#2104,#2291,#2302,#2313,#2324,#2335,#2346,
    #2357,#2368),#2379,.F.);
#2104 = FACE_BOUND('',#2105,.F.);
#2105 = EDGE_LOOP('',(#2106,#2114,#2123,#2131,#2140,#2148,#2157,#2165,
    #2174,#2182,#2191,#2199,#2208,#2216,#2225,#2233,#2240,#2241,#2242,
    #2243,#2251,#2259,#2267,#2275,#2283,#2290));
#2106 = ORIENTED_EDGE('',*,*,#2107,.T.);
#2107 = EDGE_CURVE('',#216,#2108,#2110,.T.);
#2108 = VERTEX_POINT('',#2109);
#2109 = CARTESIAN_POINT('',(-12.2,-17.18,7.));
#2110 = LINE('',#2111,#2112);
#2111 = CARTESIAN_POINT('',(-12.2,-17.18,4.));
#2112 = VECTOR('',#2113,1.);
#2113 = DIRECTION('',(-6.1E-16,2.22044604925E-16,1.));
#2114 = ORIENTED_EDGE('',*,*,#2115,.F.);
#2115 = EDGE_CURVE('',#2116,#2108,#2118,.T.);
#2116 = VERTEX_POINT('',#2117);
#2117 = CARTESIAN_POINT('',(-14.2,-17.18,9.));
#2118 = CIRCLE('',#2119,2.);
#2119 = AXIS2_PLACEMENT_3D('',#2120,#2121,#2122);
#2120 = CARTESIAN_POINT('',(-14.2,-17.18,7.));
#2121 = DIRECTION('',(0.,1.,-2.22044604925E-16));
#2122 = DIRECTION('',(0.,-2.22044604925E-16,-1.));
#2123 = ORIENTED_EDGE('',*,*,#2124,.T.);
#2124 = EDGE_CURVE('',#2116,#2125,#2127,.T.);
#2125 = VERTEX_POINT('',#2126);
#2126 = CARTESIAN_POINT('',(-20.2,-17.18,9.));
#2127 = LINE('',#2128,#2129);
#2128 = CARTESIAN_POINT('',(-12.2,-17.18,9.));
#2129 = VECTOR('',#2130,1.);
#2130 = DIRECTION('',(-1.,-1.354472090043E-31,-6.1E-16));
#2131 = ORIENTED_EDGE('',*,*,#2132,.F.);
#2132 = EDGE_CURVE('',#2133,#2125,#2135,.T.);
#2133 = VERTEX_POINT('',#2134);
#2134 = CARTESIAN_POINT('',(-22.2,-17.18,11.));
#2135 = CIRCLE('',#2136,2.);
#2136 = AXIS2_PLACEMENT_3D('',#2137,#2138,#2139);
#2137 = CARTESIAN_POINT('',(-20.2,-17.18,11.));
#2138 = DIRECTION('',(0.,-1.,2.22044604925E-16));
#2139 = DIRECTION('',(0.,-2.22044604925E-16,-1.));
#2140 = ORIENTED_EDGE('',*,*,#2141,.T.);
#2141 = EDGE_CURVE('',#2133,#2142,#2144,.T.);
#2142 = VERTEX_POINT('',#2143);
#2143 = CARTESIAN_POINT('',(-22.2,-17.18,48.376273101108));
#2144 = LINE('',#2145,#2146);
#2145 = CARTESIAN_POINT('',(-22.2,-17.18,9.));
#2146 = VECTOR('',#2147,1.);
#2147 = DIRECTION('',(-6.1E-16,2.22044604925E-16,1.));
#2148 = ORIENTED_EDGE('',*,*,#2149,.T.);
#2149 = EDGE_CURVE('',#2142,#2150,#2152,.T.);
#2150 = VERTEX_POINT('',#2151);
#2151 = CARTESIAN_POINT('',(-22.95563657303,-17.18,50.366959617789));
#2152 = CIRCLE('',#2153,3.);
#2153 = AXIS2_PLACEMENT_3D('',#2154,#2155,#2156);
#2154 = CARTESIAN_POINT('',(-25.2,-17.18,48.376273101108));
#2155 = DIRECTION('',(0.,-1.,2.22044604925E-16));
#2156 = DIRECTION('',(0.,-2.22044604925E-16,-1.));
#2157 = ORIENTED_EDGE('',*,*,#2158,.T.);
#2158 = EDGE_CURVE('',#2150,#2159,#2161,.T.);
#2159 = VERTEX_POINT('',#2160);
#2160 = CARTESIAN_POINT('',(-26.61326502904,-17.18,54.490686516681));
#2161 = LINE('',#2162,#2163);
#2162 = CARTESIAN_POINT('',(-22.2,-17.18,49.515030861361));
#2163 = VECTOR('',#2164,1.);
#2164 = DIRECTION('',(-0.663562172227,1.66116263483E-16,0.748121142322)
  );
#2165 = ORIENTED_EDGE('',*,*,#2166,.T.);
#2166 = EDGE_CURVE('',#2159,#2167,#2169,.T.);
#2167 = VERTEX_POINT('',#2168);
#2168 = CARTESIAN_POINT('',(-28.857628456,-17.18,55.5));
#2169 = CIRCLE('',#2170,3.);
#2170 = AXIS2_PLACEMENT_3D('',#2171,#2172,#2173);
#2171 = CARTESIAN_POINT('',(-28.857628456,-17.18,52.5));
#2172 = DIRECTION('',(0.,-1.,2.22044604925E-16));
#2173 = DIRECTION('',(0.,-2.22044604925E-16,-1.));
#2174 = ORIENTED_EDGE('',*,*,#2175,.T.);
#2175 = EDGE_CURVE('',#2167,#2176,#2178,.T.);
#2176 = VERTEX_POINT('',#2177);
#2177 = CARTESIAN_POINT('',(-51.15424868893,-17.18,55.5));
#2178 = LINE('',#2179,#2180);
#2179 = CARTESIAN_POINT('',(-27.50849737787,-17.18,55.5));
#2180 = VECTOR('',#2181,1.);
#2181 = DIRECTION('',(-1.,-1.354472090043E-31,-6.1E-16));
#2182 = ORIENTED_EDGE('',*,*,#2183,.F.);
#2183 = EDGE_CURVE('',#2184,#2176,#2186,.T.);
#2184 = VERTEX_POINT('',#2185);
#2185 = CARTESIAN_POINT('',(-53.40424868893,-17.18,54.484313483298));
#2186 = CIRCLE('',#2187,3.);
#2187 = AXIS2_PLACEMENT_3D('',#2188,#2189,#2190);
#2188 = CARTESIAN_POINT('',(-51.15424868893,-17.18,52.5));
#2189 = DIRECTION('',(0.,1.,-2.22044604925E-16));
#2190 = DIRECTION('',(0.,-2.22044604925E-16,-1.));
#2191 = ORIENTED_EDGE('',*,*,#2192,.T.);
#2192 = EDGE_CURVE('',#2184,#2193,#2195,.T.);
#2193 = VERTEX_POINT('',#2194);
#2194 = CARTESIAN_POINT('',(-57.05,-17.18,50.350420064271));
#2195 = LINE('',#2196,#2197);
#2196 = CARTESIAN_POINT('',(-52.50849737787,-17.18,55.5));
#2197 = VECTOR('',#2198,1.);
#2198 = DIRECTION('',(-0.661437827766,-1.665334536938E-16,-0.75));
#2199 = ORIENTED_EDGE('',*,*,#2200,.F.);
#2200 = EDGE_CURVE('',#2201,#2193,#2203,.T.);
#2201 = VERTEX_POINT('',#2202);
#2202 = CARTESIAN_POINT('',(-57.8,-17.18,48.366106580972));
#2203 = CIRCLE('',#2204,3.);
#2204 = AXIS2_PLACEMENT_3D('',#2205,#2206,#2207);
#2205 = CARTESIAN_POINT('',(-54.8,-17.18,48.366106580972));
#2206 = DIRECTION('',(0.,1.,-2.22044604925E-16));
#2207 = DIRECTION('',(0.,-2.22044604925E-16,-1.));
#2208 = ORIENTED_EDGE('',*,*,#2209,.T.);
#2209 = EDGE_CURVE('',#2201,#2210,#2212,.T.);
#2210 = VERTEX_POINT('',#2211);
#2211 = CARTESIAN_POINT('',(-57.8,-17.18,11.));
#2212 = LINE('',#2213,#2214);
#2213 = CARTESIAN_POINT('',(-57.8,-17.18,49.5));
#2214 = VECTOR('',#2215,1.);
#2215 = DIRECTION('',(6.1E-16,-2.22044604925E-16,-1.));
#2216 = ORIENTED_EDGE('',*,*,#2217,.F.);
#2217 = EDGE_CURVE('',#2218,#2210,#2220,.T.);
#2218 = VERTEX_POINT('',#2219);
#2219 = CARTESIAN_POINT('',(-59.8,-17.18,9.));
#2220 = CIRCLE('',#2221,2.);
#2221 = AXIS2_PLACEMENT_3D('',#2222,#2223,#2224);
#2222 = CARTESIAN_POINT('',(-59.8,-17.18,11.));
#2223 = DIRECTION('',(0.,-1.,2.22044604925E-16));
#2224 = DIRECTION('',(0.,-2.22044604925E-16,-1.));
#2225 = ORIENTED_EDGE('',*,*,#2226,.T.);
#2226 = EDGE_CURVE('',#2218,#2227,#2229,.T.);
#2227 = VERTEX_POINT('',#2228);
#2228 = CARTESIAN_POINT('',(-65.8,-17.18,9.));
#2229 = LINE('',#2230,#2231);
#2230 = CARTESIAN_POINT('',(-57.8,-17.18,9.));
#2231 = VECTOR('',#2232,1.);
#2232 = DIRECTION('',(-1.,-1.354472090043E-31,-6.1E-16));
#2233 = ORIENTED_EDGE('',*,*,#2234,.T.);
#2234 = EDGE_CURVE('',#2227,#1173,#2235,.T.);
#2235 = CIRCLE('',#2236,2.);
#2236 = AXIS2_PLACEMENT_3D('',#2237,#2238,#2239);
#2237 = CARTESIAN_POINT('',(-65.8,-17.18,7.));
#2238 = DIRECTION('',(0.,-1.,2.22044604925E-16));
#2239 = DIRECTION('',(0.,-2.22044604925E-16,-1.));
#2240 = ORIENTED_EDGE('',*,*,#1172,.T.);
#2241 = ORIENTED_EDGE('',*,*,#149,.T.);
#2242 = ORIENTED_EDGE('',*,*,#2083,.T.);
#2243 = ORIENTED_EDGE('',*,*,#2244,.T.);
#2244 = EDGE_CURVE('',#2084,#2245,#2247,.T.);
#2245 = VERTEX_POINT('',#2246);
#2246 = CARTESIAN_POINT('',(-52.8,-17.18,46.5));
#2247 = LINE('',#2248,#2249);
#2248 = CARTESIAN_POINT('',(-52.8,-17.18,4.));
#2249 = VECTOR('',#2250,1.);
#2250 = DIRECTION('',(-6.1E-16,2.22044604925E-16,1.));
#2251 = ORIENTED_EDGE('',*,*,#2252,.T.);
#2252 = EDGE_CURVE('',#2245,#2253,#2255,.T.);
#2253 = VERTEX_POINT('',#2254);
#2254 = CARTESIAN_POINT('',(-49.8,-17.18,50.5));
#2255 = LINE('',#2256,#2257);
#2256 = CARTESIAN_POINT('',(-52.8,-17.18,46.5));
#2257 = VECTOR('',#2258,1.);
#2258 = DIRECTION('',(0.6,1.7763568394E-16,0.8));
#2259 = ORIENTED_EDGE('',*,*,#2260,.T.);
#2260 = EDGE_CURVE('',#2253,#2261,#2263,.T.);
#2261 = VERTEX_POINT('',#2262);
#2262 = CARTESIAN_POINT('',(-30.3,-17.18,50.5));
#2263 = LINE('',#2264,#2265);
#2264 = CARTESIAN_POINT('',(-49.8,-17.18,50.5));
#2265 = VECTOR('',#2266,1.);
#2266 = DIRECTION('',(1.,1.354472090043E-31,6.1E-16));
#2267 = ORIENTED_EDGE('',*,*,#2268,.T.);
#2268 = EDGE_CURVE('',#2261,#2269,#2271,.T.);
#2269 = VERTEX_POINT('',#2270);
#2270 = CARTESIAN_POINT('',(-27.2,-17.18,46.576990950813));
#2271 = LINE('',#2272,#2273);
#2272 = CARTESIAN_POINT('',(-30.3,-17.18,50.5));
#2273 = VECTOR('',#2274,1.);
#2274 = DIRECTION('',(0.62,-1.742165988888E-16,-0.784601809837));
#2275 = ORIENTED_EDGE('',*,*,#2276,.T.);
#2276 = EDGE_CURVE('',#2269,#2277,#2279,.T.);
#2277 = VERTEX_POINT('',#2278);
#2278 = CARTESIAN_POINT('',(-27.2,-17.18,7.));
#2279 = LINE('',#2280,#2281);
#2280 = CARTESIAN_POINT('',(-27.2,-17.18,46.576990950813));
#2281 = VECTOR('',#2282,1.);
#2282 = DIRECTION('',(6.1E-16,-2.22044604925E-16,-1.));
#2283 = ORIENTED_EDGE('',*,*,#2284,.T.);
#2284 = EDGE_CURVE('',#2277,#208,#2285,.T.);
#2285 = CIRCLE('',#2286,3.);
#2286 = AXIS2_PLACEMENT_3D('',#2287,#2288,#2289);
#2287 = CARTESIAN_POINT('',(-24.2,-17.18,7.));
#2288 = DIRECTION('',(0.,-1.,2.22044604925E-16));
#2289 = DIRECTION('',(0.,-2.22044604925E-16,-1.));
#2290 = ORIENTED_EDGE('',*,*,#215,.T.);
#2291 = FACE_BOUND('',#2292,.F.);
#2292 = EDGE_LOOP('',(#2293));
#2293 = ORIENTED_EDGE('',*,*,#2294,.T.);
#2294 = EDGE_CURVE('',#2295,#2295,#2297,.T.);
#2295 = VERTEX_POINT('',#2296);
#2296 = CARTESIAN_POINT('',(-53.55,-17.18,12.5));
#2297 = CIRCLE('',#2298,1.45);
#2298 = AXIS2_PLACEMENT_3D('',#2299,#2300,#2301);
#2299 = CARTESIAN_POINT('',(-55.,-17.18,12.5));
#2300 = DIRECTION('',(0.,1.,-2.22044604925E-16));
#2301 = DIRECTION('',(1.,5.329070518201E-32,2.4E-16));
#2302 = FACE_BOUND('',#2303,.F.);
#2303 = EDGE_LOOP('',(#2304));
#2304 = ORIENTED_EDGE('',*,*,#2305,.T.);
#2305 = EDGE_CURVE('',#2306,#2306,#2308,.T.);
#2306 = VERTEX_POINT('',#2307);
#2307 = CARTESIAN_POINT('',(-53.55,-17.18,29.5));
#2308 = CIRCLE('',#2309,1.45);
#2309 = AXIS2_PLACEMENT_3D('',#2310,#2311,#2312);
#2310 = CARTESIAN_POINT('',(-55.,-17.18,29.5));
#2311 = DIRECTION('',(0.,1.,-2.22044604925E-16));
#2312 = DIRECTION('',(1.,5.329070518201E-32,2.4E-16));
#2313 = FACE_BOUND('',#2314,.F.);
#2314 = EDGE_LOOP('',(#2315));
#2315 = ORIENTED_EDGE('',*,*,#2316,.F.);
#2316 = EDGE_CURVE('',#2317,#2317,#2319,.T.);
#2317 = VERTEX_POINT('',#2318);
#2318 = CARTESIAN_POINT('',(-26.45,-17.18,12.5));
#2319 = CIRCLE('',#2320,1.45);
#2320 = AXIS2_PLACEMENT_3D('',#2321,#2322,#2323);
#2321 = CARTESIAN_POINT('',(-25.,-17.18,12.5));
#2322 = DIRECTION('',(0.,-1.,2.22044604925E-16));
#2323 = DIRECTION('',(-1.,-1.354472090043E-31,-6.1E-16));
#2324 = FACE_BOUND('',#2325,.F.);
#2325 = EDGE_LOOP('',(#2326));
#2326 = ORIENTED_EDGE('',*,*,#2327,.F.);
#2327 = EDGE_CURVE('',#2328,#2328,#2330,.T.);
#2328 = VERTEX_POINT('',#2329);
#2329 = CARTESIAN_POINT('',(-26.45,-17.18,29.5));
#2330 = CIRCLE('',#2331,1.45);
#2331 = AXIS2_PLACEMENT_3D('',#2332,#2333,#2334);
#2332 = CARTESIAN_POINT('',(-25.,-17.18,29.5));
#2333 = DIRECTION('',(0.,-1.,2.22044604925E-16));
#2334 = DIRECTION('',(-1.,-1.354472090043E-31,-6.1E-16));
#2335 = FACE_BOUND('',#2336,.F.);
#2336 = EDGE_LOOP('',(#2337));
#2337 = ORIENTED_EDGE('',*,*,#2338,.T.);
#2338 = EDGE_CURVE('',#2339,#2339,#2341,.T.);
#2339 = VERTEX_POINT('',#2340);
#2340 = CARTESIAN_POINT('',(-53.55,-17.18,46.5));
#2341 = CIRCLE('',#2342,1.45);
#2342 = AXIS2_PLACEMENT_3D('',#2343,#2344,#2345);
#2343 = CARTESIAN_POINT('',(-55.,-17.18,46.5));
#2344 = DIRECTION('',(0.,1.,-2.22044604925E-16));
#2345 = DIRECTION('',(1.,5.329070518201E-32,2.4E-16));
#2346 = FACE_BOUND('',#2347,.F.);
#2347 = EDGE_LOOP('',(#2348));
#2348 = ORIENTED_EDGE('',*,*,#2349,.T.);
#2349 = EDGE_CURVE('',#2350,#2350,#2352,.T.);
#2350 = VERTEX_POINT('',#2351);
#2351 = CARTESIAN_POINT('',(-47.05,-17.18,52.8));
#2352 = CIRCLE('',#2353,1.45);
#2353 = AXIS2_PLACEMENT_3D('',#2354,#2355,#2356);
#2354 = CARTESIAN_POINT('',(-48.5,-17.18,52.8));
#2355 = DIRECTION('',(0.,1.,-2.22044604925E-16));
#2356 = DIRECTION('',(1.,5.329070518201E-32,2.4E-16));
#2357 = FACE_BOUND('',#2358,.F.);
#2358 = EDGE_LOOP('',(#2359));
#2359 = ORIENTED_EDGE('',*,*,#2360,.F.);
#2360 = EDGE_CURVE('',#2361,#2361,#2363,.T.);
#2361 = VERTEX_POINT('',#2362);
#2362 = CARTESIAN_POINT('',(-26.45,-17.18,46.5));
#2363 = CIRCLE('',#2364,1.45);
#2364 = AXIS2_PLACEMENT_3D('',#2365,#2366,#2367);
#2365 = CARTESIAN_POINT('',(-25.,-17.18,46.5));
#2366 = DIRECTION('',(0.,-1.,2.22044604925E-16));
#2367 = DIRECTION('',(-1.,-1.354472090043E-31,-6.1E-16));
#2368 = FACE_BOUND('',#2369,.F.);
#2369 = EDGE_LOOP('',(#2370));
#2370 = ORIENTED_EDGE('',*,*,#2371,.F.);
#2371 = EDGE_CURVE('',#2372,#2372,#2374,.T.);
#2372 = VERTEX_POINT('',#2373);
#2373 = CARTESIAN_POINT('',(-32.95,-17.18,52.8));
#2374 = CIRCLE('',#2375,1.45);
#2375 = AXIS2_PLACEMENT_3D('',#2376,#2377,#2378);
#2376 = CARTESIAN_POINT('',(-31.5,-17.18,52.8));
#2377 = DIRECTION('',(0.,-1.,2.22044604925E-16));
#2378 = DIRECTION('',(-1.,-1.354472090043E-31,-6.1E-16));
#2379 = PLANE('',#2380);
#2380 = AXIS2_PLACEMENT_3D('',#2381,#2382,#2383);
#2381 = CARTESIAN_POINT('',(-40.00085093309,-17.18,28.93648228298));
#2382 = DIRECTION('',(0.,-1.,2.22044604925E-16));
#2383 = DIRECTION('',(1.,1.354472090043E-31,6.1E-16));
#2384 = ADVANCED_FACE('',(#2385),#2396,.T.);
#2385 = FACE_BOUND('',#2386,.T.);
#2386 = EDGE_LOOP('',(#2387,#2393,#2394,#2395));
#2387 = ORIENTED_EDGE('',*,*,#2388,.T.);
#2388 = EDGE_CURVE('',#1854,#2277,#2389,.T.);
#2389 = LINE('',#2390,#2391);
#2390 = CARTESIAN_POINT('',(-27.2,-22.18,7.));
#2391 = VECTOR('',#2392,1.);
#2392 = DIRECTION('',(0.,1.,-2.22044604925E-16));
#2393 = ORIENTED_EDGE('',*,*,#2284,.T.);
#2394 = ORIENTED_EDGE('',*,*,#205,.F.);
#2395 = ORIENTED_EDGE('',*,*,#1861,.F.);
#2396 = CYLINDRICAL_SURFACE('',#2397,3.);
#2397 = AXIS2_PLACEMENT_3D('',#2398,#2399,#2400);
#2398 = CARTESIAN_POINT('',(-24.2,-22.18,7.));
#2399 = DIRECTION('',(0.,1.,-2.22044604925E-16));
#2400 = DIRECTION('',(-1.,-1.354472090043E-31,-6.1E-16));
#2401 = ADVANCED_FACE('',(#2402),#2413,.T.);
#2402 = FACE_BOUND('',#2403,.F.);
#2403 = EDGE_LOOP('',(#2404,#2405,#2406,#2407));
#2404 = ORIENTED_EDGE('',*,*,#1567,.T.);
#2405 = ORIENTED_EDGE('',*,*,#255,.T.);
#2406 = ORIENTED_EDGE('',*,*,#1869,.F.);
#2407 = ORIENTED_EDGE('',*,*,#2408,.F.);
#2408 = EDGE_CURVE('',#1568,#1870,#2409,.T.);
#2409 = LINE('',#2410,#2411);
#2410 = CARTESIAN_POINT('',(-20.,-53.18,9.));
#2411 = VECTOR('',#2412,1.);
#2412 = DIRECTION('',(0.,1.,-4.42044604925E-16));
#2413 = PLANE('',#2414);
#2414 = AXIS2_PLACEMENT_3D('',#2415,#2416,#2417);
#2415 = CARTESIAN_POINT('',(-20.,-53.18,9.));
#2416 = DIRECTION('',(-1.,-8.215650382226E-32,-3.7E-16));
#2417 = DIRECTION('',(-8.14E-32,-1.,4.42044604925E-16));
#2418 = ADVANCED_FACE('',(#2419),#2430,.T.);
#2419 = FACE_BOUND('',#2420,.T.);
#2420 = EDGE_LOOP('',(#2421,#2422,#2428,#2429));
#2421 = ORIENTED_EDGE('',*,*,#1388,.T.);
#2422 = ORIENTED_EDGE('',*,*,#2423,.T.);
#2423 = EDGE_CURVE('',#1381,#1552,#2424,.T.);
#2424 = LINE('',#2425,#2426);
#2425 = CARTESIAN_POINT('',(-27.2,-58.18,7.));
#2426 = VECTOR('',#2427,1.);
#2427 = DIRECTION('',(0.,1.,-2.22044604925E-16));
#2428 = ORIENTED_EDGE('',*,*,#1559,.F.);
#2429 = ORIENTED_EDGE('',*,*,#239,.F.);
#2430 = CYLINDRICAL_SURFACE('',#2431,3.);
#2431 = AXIS2_PLACEMENT_3D('',#2432,#2433,#2434);
#2432 = CARTESIAN_POINT('',(-24.2,-58.18,7.));
#2433 = DIRECTION('',(0.,1.,-2.22044604925E-16));
#2434 = DIRECTION('',(3.6E-16,-2.22044604925E-16,-1.));
#2435 = ADVANCED_FACE('',(#2436),#2447,.T.);
#2436 = FACE_BOUND('',#2437,.T.);
#2437 = EDGE_LOOP('',(#2438,#2439,#2445,#2446));
#2438 = ORIENTED_EDGE('',*,*,#2107,.T.);
#2439 = ORIENTED_EDGE('',*,*,#2440,.F.);
#2440 = EDGE_CURVE('',#1204,#2108,#2441,.T.);
#2441 = LINE('',#2442,#2443);
#2442 = CARTESIAN_POINT('',(-12.2,-58.18,7.));
#2443 = VECTOR('',#2444,1.);
#2444 = DIRECTION('',(0.,1.,-2.22044604925E-16));
#2445 = ORIENTED_EDGE('',*,*,#1203,.F.);
#2446 = ORIENTED_EDGE('',*,*,#223,.T.);
#2447 = PLANE('',#2448);
#2448 = AXIS2_PLACEMENT_3D('',#2449,#2450,#2451);
#2449 = CARTESIAN_POINT('',(-12.2,-37.68,6.5));
#2450 = DIRECTION('',(1.,2.6645352591E-32,1.2E-16));
#2451 = DIRECTION('',(0.,1.,-2.22044604925E-16));
#2452 = ADVANCED_FACE('',(#2453),#2464,.F.);
#2453 = FACE_BOUND('',#2454,.F.);
#2454 = EDGE_LOOP('',(#2455,#2461,#2462,#2463));
#2455 = ORIENTED_EDGE('',*,*,#2456,.F.);
#2456 = EDGE_CURVE('',#272,#874,#2457,.T.);
#2457 = LINE('',#2458,#2459);
#2458 = CARTESIAN_POINT('',(1.7,-56.,4.));
#2459 = VECTOR('',#2460,1.);
#2460 = DIRECTION('',(-7.E-17,-0.,-1.));
#2461 = ORIENTED_EDGE('',*,*,#271,.T.);
#2462 = ORIENTED_EDGE('',*,*,#2456,.T.);
#2463 = ORIENTED_EDGE('',*,*,#873,.F.);
#2464 = CYLINDRICAL_SURFACE('',#2465,1.7);
#2465 = AXIS2_PLACEMENT_3D('',#2466,#2467,#2468);
#2466 = CARTESIAN_POINT('',(0.,-56.,4.));
#2467 = DIRECTION('',(0.,0.,-1.));
#2468 = DIRECTION('',(1.,0.,0.));
#2469 = ADVANCED_FACE('',(#2470),#2497,.T.);
#2470 = FACE_BOUND('',#2471,.T.);
#2471 = EDGE_LOOP('',(#2472,#2482,#2489,#2490));
#2472 = ORIENTED_EDGE('',*,*,#2473,.T.);
#2473 = EDGE_CURVE('',#2474,#2476,#2478,.T.);
#2474 = VERTEX_POINT('',#2475);
#2475 = CARTESIAN_POINT('',(27.2,-53.18,7.));
#2476 = VERTEX_POINT('',#2477);
#2477 = CARTESIAN_POINT('',(27.2,-58.18,7.));
#2478 = LINE('',#2479,#2480);
#2479 = CARTESIAN_POINT('',(27.2,-53.18,7.));
#2480 = VECTOR('',#2481,1.);
#2481 = DIRECTION('',(0.,-1.,2.22044604925E-16));
#2482 = ORIENTED_EDGE('',*,*,#2483,.T.);
#2483 = EDGE_CURVE('',#2476,#285,#2484,.T.);
#2484 = CIRCLE('',#2485,3.);
#2485 = AXIS2_PLACEMENT_3D('',#2486,#2487,#2488);
#2486 = CARTESIAN_POINT('',(24.2,-58.18,7.));
#2487 = DIRECTION('',(0.,1.,-2.22044604925E-16));
#2488 = DIRECTION('',(0.,-2.22044604925E-16,-1.));
#2489 = ORIENTED_EDGE('',*,*,#282,.F.);
#2490 = ORIENTED_EDGE('',*,*,#2491,.F.);
#2491 = EDGE_CURVE('',#2474,#283,#2492,.T.);
#2492 = CIRCLE('',#2493,3.);
#2493 = AXIS2_PLACEMENT_3D('',#2494,#2495,#2496);
#2494 = CARTESIAN_POINT('',(24.2,-53.18,7.));
#2495 = DIRECTION('',(0.,1.,-2.22044604925E-16));
#2496 = DIRECTION('',(0.,-2.22044604925E-16,-1.));
#2497 = CYLINDRICAL_SURFACE('',#2498,3.);
#2498 = AXIS2_PLACEMENT_3D('',#2499,#2500,#2501);
#2499 = CARTESIAN_POINT('',(24.2,-53.18,7.));
#2500 = DIRECTION('',(0.,-1.,2.22044604925E-16));
#2501 = DIRECTION('',(1.,-1.354472090043E-31,-6.1E-16));
#2502 = ADVANCED_FACE('',(#2503,#2679,#2690,#2701,#2712,#2723,#2734,
    #2745,#2756),#2767,.T.);
#2503 = FACE_BOUND('',#2504,.T.);
#2504 = EDGE_LOOP('',(#2505,#2506,#2515,#2523,#2531,#2539,#2547,#2553,
    #2554,#2555,#2563,#2571,#2580,#2588,#2597,#2605,#2614,#2622,#2631,
    #2639,#2648,#2656,#2665,#2673));
#2505 = ORIENTED_EDGE('',*,*,#385,.T.);
#2506 = ORIENTED_EDGE('',*,*,#2507,.T.);
#2507 = EDGE_CURVE('',#378,#2508,#2510,.T.);
#2508 = VERTEX_POINT('',#2509);
#2509 = CARTESIAN_POINT('',(52.8,-53.18,7.));
#2510 = CIRCLE('',#2511,3.);
#2511 = AXIS2_PLACEMENT_3D('',#2512,#2513,#2514);
#2512 = CARTESIAN_POINT('',(55.8,-53.18,7.));
#2513 = DIRECTION('',(0.,1.,-2.22044604925E-16));
#2514 = DIRECTION('',(0.,-2.22044604925E-16,-1.));
#2515 = ORIENTED_EDGE('',*,*,#2516,.T.);
#2516 = EDGE_CURVE('',#2508,#2517,#2519,.T.);
#2517 = VERTEX_POINT('',#2518);
#2518 = CARTESIAN_POINT('',(52.8,-53.18,46.5));
#2519 = LINE('',#2520,#2521);
#2520 = CARTESIAN_POINT('',(52.8,-53.18,4.));
#2521 = VECTOR('',#2522,1.);
#2522 = DIRECTION('',(6.1E-16,2.22044604925E-16,1.));
#2523 = ORIENTED_EDGE('',*,*,#2524,.T.);
#2524 = EDGE_CURVE('',#2517,#2525,#2527,.T.);
#2525 = VERTEX_POINT('',#2526);
#2526 = CARTESIAN_POINT('',(49.8,-53.18,50.5));
#2527 = LINE('',#2528,#2529);
#2528 = CARTESIAN_POINT('',(52.8,-53.18,46.5));
#2529 = VECTOR('',#2530,1.);
#2530 = DIRECTION('',(-0.6,1.7763568394E-16,0.8));
#2531 = ORIENTED_EDGE('',*,*,#2532,.T.);
#2532 = EDGE_CURVE('',#2525,#2533,#2535,.T.);
#2533 = VERTEX_POINT('',#2534);
#2534 = CARTESIAN_POINT('',(30.3,-53.18,50.5));
#2535 = LINE('',#2536,#2537);
#2536 = CARTESIAN_POINT('',(49.8,-53.18,50.5));
#2537 = VECTOR('',#2538,1.);
#2538 = DIRECTION('',(-1.,1.354472090043E-31,6.1E-16));
#2539 = ORIENTED_EDGE('',*,*,#2540,.T.);
#2540 = EDGE_CURVE('',#2533,#2541,#2543,.T.);
#2541 = VERTEX_POINT('',#2542);
#2542 = CARTESIAN_POINT('',(27.2,-53.18,46.576990950813));
#2543 = LINE('',#2544,#2545);
#2544 = CARTESIAN_POINT('',(30.3,-53.18,50.5));
#2545 = VECTOR('',#2546,1.);
#2546 = DIRECTION('',(-0.62,-1.742165988888E-16,-0.784601809837));
#2547 = ORIENTED_EDGE('',*,*,#2548,.T.);
#2548 = EDGE_CURVE('',#2541,#2474,#2549,.T.);
#2549 = LINE('',#2550,#2551);
#2550 = CARTESIAN_POINT('',(27.2,-53.18,46.576990950813));
#2551 = VECTOR('',#2552,1.);
#2552 = DIRECTION('',(-6.1E-16,-2.22044604925E-16,-1.));
#2553 = ORIENTED_EDGE('',*,*,#2491,.T.);
#2554 = ORIENTED_EDGE('',*,*,#340,.T.);
#2555 = ORIENTED_EDGE('',*,*,#2556,.F.);
#2556 = EDGE_CURVE('',#2557,#333,#2559,.T.);
#2557 = VERTEX_POINT('',#2558);
#2558 = CARTESIAN_POINT('',(20.,-53.18,9.));
#2559 = LINE('',#2560,#2561);
#2560 = CARTESIAN_POINT('',(20.,-53.18,9.));
#2561 = VECTOR('',#2562,1.);
#2562 = DIRECTION('',(-3.7E-16,-2.044604925031E-18,-1.));
#2563 = ORIENTED_EDGE('',*,*,#2564,.T.);
#2564 = EDGE_CURVE('',#2557,#2565,#2567,.T.);
#2565 = VERTEX_POINT('',#2566);
#2566 = CARTESIAN_POINT('',(20.2,-53.18,9.));
#2567 = LINE('',#2568,#2569);
#2568 = CARTESIAN_POINT('',(12.2,-53.18,9.));
#2569 = VECTOR('',#2570,1.);
#2570 = DIRECTION('',(1.,-1.354472090043E-31,-6.1E-16));
#2571 = ORIENTED_EDGE('',*,*,#2572,.F.);
#2572 = EDGE_CURVE('',#2573,#2565,#2575,.T.);
#2573 = VERTEX_POINT('',#2574);
#2574 = CARTESIAN_POINT('',(22.2,-53.18,11.));
#2575 = CIRCLE('',#2576,2.);
#2576 = AXIS2_PLACEMENT_3D('',#2577,#2578,#2579);
#2577 = CARTESIAN_POINT('',(20.2,-53.18,11.));
#2578 = DIRECTION('',(0.,1.,-2.22044604925E-16));
#2579 = DIRECTION('',(0.,-2.22044604925E-16,-1.));
#2580 = ORIENTED_EDGE('',*,*,#2581,.T.);
#2581 = EDGE_CURVE('',#2573,#2582,#2584,.T.);
#2582 = VERTEX_POINT('',#2583);
#2583 = CARTESIAN_POINT('',(22.2,-53.18,48.376273101108));
#2584 = LINE('',#2585,#2586);
#2585 = CARTESIAN_POINT('',(22.2,-53.18,9.));
#2586 = VECTOR('',#2587,1.);
#2587 = DIRECTION('',(6.1E-16,2.22044604925E-16,1.));
#2588 = ORIENTED_EDGE('',*,*,#2589,.T.);
#2589 = EDGE_CURVE('',#2582,#2590,#2592,.T.);
#2590 = VERTEX_POINT('',#2591);
#2591 = CARTESIAN_POINT('',(22.955636573034,-53.18,50.366959617789));
#2592 = CIRCLE('',#2593,3.);
#2593 = AXIS2_PLACEMENT_3D('',#2594,#2595,#2596);
#2594 = CARTESIAN_POINT('',(25.2,-53.18,48.376273101108));
#2595 = DIRECTION('',(0.,1.,-2.22044604925E-16));
#2596 = DIRECTION('',(0.,-2.22044604925E-16,-1.));
#2597 = ORIENTED_EDGE('',*,*,#2598,.T.);
#2598 = EDGE_CURVE('',#2590,#2599,#2601,.T.);
#2599 = VERTEX_POINT('',#2600);
#2600 = CARTESIAN_POINT('',(26.613265029043,-53.18,54.490686516681));
#2601 = LINE('',#2602,#2603);
#2602 = CARTESIAN_POINT('',(22.2,-53.18,49.515030861361));
#2603 = VECTOR('',#2604,1.);
#2604 = DIRECTION('',(0.663562172227,1.66116263483E-16,0.748121142322));
#2605 = ORIENTED_EDGE('',*,*,#2606,.T.);
#2606 = EDGE_CURVE('',#2599,#2607,#2609,.T.);
#2607 = VERTEX_POINT('',#2608);
#2608 = CARTESIAN_POINT('',(28.857628456009,-53.18,55.5));
#2609 = CIRCLE('',#2610,3.);
#2610 = AXIS2_PLACEMENT_3D('',#2611,#2612,#2613);
#2611 = CARTESIAN_POINT('',(28.857628456009,-53.18,52.5));
#2612 = DIRECTION('',(0.,1.,-2.22044604925E-16));
#2613 = DIRECTION('',(0.,-2.22044604925E-16,-1.));
#2614 = ORIENTED_EDGE('',*,*,#2615,.T.);
#2615 = EDGE_CURVE('',#2607,#2616,#2618,.T.);
#2616 = VERTEX_POINT('',#2617);
#2617 = CARTESIAN_POINT('',(51.15424868893,-53.18,55.5));
#2618 = LINE('',#2619,#2620);
#2619 = CARTESIAN_POINT('',(27.508497377871,-53.18,55.5));
#2620 = VECTOR('',#2621,1.);
#2621 = DIRECTION('',(1.,-1.354472090043E-31,-6.1E-16));
#2622 = ORIENTED_EDGE('',*,*,#2623,.F.);
#2623 = EDGE_CURVE('',#2624,#2616,#2626,.T.);
#2624 = VERTEX_POINT('',#2625);
#2625 = CARTESIAN_POINT('',(53.40424868893,-53.18,54.484313483298));
#2626 = CIRCLE('',#2627,3.);
#2627 = AXIS2_PLACEMENT_3D('',#2628,#2629,#2630);
#2628 = CARTESIAN_POINT('',(51.15424868893,-53.18,52.5));
#2629 = DIRECTION('',(0.,-1.,2.22044604925E-16));
#2630 = DIRECTION('',(0.,-2.22044604925E-16,-1.));
#2631 = ORIENTED_EDGE('',*,*,#2632,.T.);
#2632 = EDGE_CURVE('',#2624,#2633,#2635,.T.);
#2633 = VERTEX_POINT('',#2634);
#2634 = CARTESIAN_POINT('',(57.05,-53.18,50.350420064271));
#2635 = LINE('',#2636,#2637);
#2636 = CARTESIAN_POINT('',(52.50849737787,-53.18,55.5));
#2637 = VECTOR('',#2638,1.);
#2638 = DIRECTION('',(0.661437827766,-1.665334536938E-16,-0.75));
#2639 = ORIENTED_EDGE('',*,*,#2640,.F.);
#2640 = EDGE_CURVE('',#2641,#2633,#2643,.T.);
#2641 = VERTEX_POINT('',#2642);
#2642 = CARTESIAN_POINT('',(57.8,-53.18,48.366106580972));
#2643 = CIRCLE('',#2644,3.);
#2644 = AXIS2_PLACEMENT_3D('',#2645,#2646,#2647);
#2645 = CARTESIAN_POINT('',(54.8,-53.18,48.366106580972));
#2646 = DIRECTION('',(0.,-1.,2.22044604925E-16));
#2647 = DIRECTION('',(0.,-2.22044604925E-16,-1.));
#2648 = ORIENTED_EDGE('',*,*,#2649,.T.);
#2649 = EDGE_CURVE('',#2641,#2650,#2652,.T.);
#2650 = VERTEX_POINT('',#2651);
#2651 = CARTESIAN_POINT('',(57.8,-53.18,11.));
#2652 = LINE('',#2653,#2654);
#2653 = CARTESIAN_POINT('',(57.8,-53.18,49.5));
#2654 = VECTOR('',#2655,1.);
#2655 = DIRECTION('',(-6.1E-16,-2.22044604925E-16,-1.));
#2656 = ORIENTED_EDGE('',*,*,#2657,.F.);
#2657 = EDGE_CURVE('',#2658,#2650,#2660,.T.);
#2658 = VERTEX_POINT('',#2659);
#2659 = CARTESIAN_POINT('',(59.8,-53.18,9.));
#2660 = CIRCLE('',#2661,2.);
#2661 = AXIS2_PLACEMENT_3D('',#2662,#2663,#2664);
#2662 = CARTESIAN_POINT('',(59.8,-53.18,11.));
#2663 = DIRECTION('',(0.,1.,-2.22044604925E-16));
#2664 = DIRECTION('',(0.,-2.22044604925E-16,-1.));
#2665 = ORIENTED_EDGE('',*,*,#2666,.T.);
#2666 = EDGE_CURVE('',#2658,#2667,#2669,.T.);
#2667 = VERTEX_POINT('',#2668);
#2668 = CARTESIAN_POINT('',(60.,-53.18,9.));
#2669 = LINE('',#2670,#2671);
#2670 = CARTESIAN_POINT('',(57.8,-53.18,9.));
#2671 = VECTOR('',#2672,1.);
#2672 = DIRECTION('',(1.,-1.354472090043E-31,-6.1E-16));
#2673 = ORIENTED_EDGE('',*,*,#2674,.T.);
#2674 = EDGE_CURVE('',#2667,#386,#2675,.T.);
#2675 = LINE('',#2676,#2677);
#2676 = CARTESIAN_POINT('',(60.,-53.18,9.));
#2677 = VECTOR('',#2678,1.);
#2678 = DIRECTION('',(-2.4E-16,-2.044604925031E-18,-1.));
#2679 = FACE_BOUND('',#2680,.T.);
#2680 = EDGE_LOOP('',(#2681));
#2681 = ORIENTED_EDGE('',*,*,#2682,.F.);
#2682 = EDGE_CURVE('',#2683,#2683,#2685,.T.);
#2683 = VERTEX_POINT('',#2684);
#2684 = CARTESIAN_POINT('',(53.55,-53.18,12.5));
#2685 = CIRCLE('',#2686,1.45);
#2686 = AXIS2_PLACEMENT_3D('',#2687,#2688,#2689);
#2687 = CARTESIAN_POINT('',(55.,-53.18,12.5));
#2688 = DIRECTION('',(0.,1.,-2.22044604925E-16));
#2689 = DIRECTION('',(-1.,5.329070518201E-32,2.4E-16));
#2690 = FACE_BOUND('',#2691,.T.);
#2691 = EDGE_LOOP('',(#2692));
#2692 = ORIENTED_EDGE('',*,*,#2693,.F.);
#2693 = EDGE_CURVE('',#2694,#2694,#2696,.T.);
#2694 = VERTEX_POINT('',#2695);
#2695 = CARTESIAN_POINT('',(53.55,-53.18,29.5));
#2696 = CIRCLE('',#2697,1.45);
#2697 = AXIS2_PLACEMENT_3D('',#2698,#2699,#2700);
#2698 = CARTESIAN_POINT('',(55.,-53.18,29.5));
#2699 = DIRECTION('',(0.,1.,-2.22044604925E-16));
#2700 = DIRECTION('',(-1.,5.329070518201E-32,2.4E-16));
#2701 = FACE_BOUND('',#2702,.T.);
#2702 = EDGE_LOOP('',(#2703));
#2703 = ORIENTED_EDGE('',*,*,#2704,.F.);
#2704 = EDGE_CURVE('',#2705,#2705,#2707,.T.);
#2705 = VERTEX_POINT('',#2706);
#2706 = CARTESIAN_POINT('',(26.45,-53.18,12.5));
#2707 = CIRCLE('',#2708,1.45);
#2708 = AXIS2_PLACEMENT_3D('',#2709,#2710,#2711);
#2709 = CARTESIAN_POINT('',(25.,-53.18,12.5));
#2710 = DIRECTION('',(0.,1.,-2.22044604925E-16));
#2711 = DIRECTION('',(1.,-1.354472090043E-31,-6.1E-16));
#2712 = FACE_BOUND('',#2713,.T.);
#2713 = EDGE_LOOP('',(#2714));
#2714 = ORIENTED_EDGE('',*,*,#2715,.F.);
#2715 = EDGE_CURVE('',#2716,#2716,#2718,.T.);
#2716 = VERTEX_POINT('',#2717);
#2717 = CARTESIAN_POINT('',(26.45,-53.18,29.5));
#2718 = CIRCLE('',#2719,1.45);
#2719 = AXIS2_PLACEMENT_3D('',#2720,#2721,#2722);
#2720 = CARTESIAN_POINT('',(25.,-53.18,29.5));
#2721 = DIRECTION('',(0.,1.,-2.22044604925E-16));
#2722 = DIRECTION('',(1.,-1.354472090043E-31,-6.1E-16));
#2723 = FACE_BOUND('',#2724,.T.);
#2724 = EDGE_LOOP('',(#2725));
#2725 = ORIENTED_EDGE('',*,*,#2726,.F.);
#2726 = EDGE_CURVE('',#2727,#2727,#2729,.T.);
#2727 = VERTEX_POINT('',#2728);
#2728 = CARTESIAN_POINT('',(53.55,-53.18,46.5));
#2729 = CIRCLE('',#2730,1.45);
#2730 = AXIS2_PLACEMENT_3D('',#2731,#2732,#2733);
#2731 = CARTESIAN_POINT('',(55.,-53.18,46.5));
#2732 = DIRECTION('',(0.,1.,-2.22044604925E-16));
#2733 = DIRECTION('',(-1.,5.329070518201E-32,2.4E-16));
#2734 = FACE_BOUND('',#2735,.T.);
#2735 = EDGE_LOOP('',(#2736));
#2736 = ORIENTED_EDGE('',*,*,#2737,.F.);
#2737 = EDGE_CURVE('',#2738,#2738,#2740,.T.);
#2738 = VERTEX_POINT('',#2739);
#2739 = CARTESIAN_POINT('',(47.05,-53.18,52.8));
#2740 = CIRCLE('',#2741,1.45);
#2741 = AXIS2_PLACEMENT_3D('',#2742,#2743,#2744);
#2742 = CARTESIAN_POINT('',(48.5,-53.18,52.8));
#2743 = DIRECTION('',(0.,1.,-2.22044604925E-16));
#2744 = DIRECTION('',(-1.,5.329070518201E-32,2.4E-16));
#2745 = FACE_BOUND('',#2746,.T.);
#2746 = EDGE_LOOP('',(#2747));
#2747 = ORIENTED_EDGE('',*,*,#2748,.F.);
#2748 = EDGE_CURVE('',#2749,#2749,#2751,.T.);
#2749 = VERTEX_POINT('',#2750);
#2750 = CARTESIAN_POINT('',(26.45,-53.18,46.5));
#2751 = CIRCLE('',#2752,1.45);
#2752 = AXIS2_PLACEMENT_3D('',#2753,#2754,#2755);
#2753 = CARTESIAN_POINT('',(25.,-53.18,46.5));
#2754 = DIRECTION('',(0.,1.,-2.22044604925E-16));
#2755 = DIRECTION('',(1.,-1.354472090043E-31,-6.1E-16));
#2756 = FACE_BOUND('',#2757,.T.);
#2757 = EDGE_LOOP('',(#2758));
#2758 = ORIENTED_EDGE('',*,*,#2759,.F.);
#2759 = EDGE_CURVE('',#2760,#2760,#2762,.T.);
#2760 = VERTEX_POINT('',#2761);
#2761 = CARTESIAN_POINT('',(32.95,-53.18,52.8));
#2762 = CIRCLE('',#2763,1.45);
#2763 = AXIS2_PLACEMENT_3D('',#2764,#2765,#2766);
#2764 = CARTESIAN_POINT('',(31.5,-53.18,52.8));
#2765 = DIRECTION('',(0.,1.,-2.22044604925E-16));
#2766 = DIRECTION('',(1.,-1.354472090043E-31,-6.1E-16));
#2767 = PLANE('',#2768);
#2768 = AXIS2_PLACEMENT_3D('',#2769,#2770,#2771);
#2769 = CARTESIAN_POINT('',(40.000850933091,-53.18,28.93648228298));
#2770 = DIRECTION('',(0.,1.,-2.22044604925E-16));
#2771 = DIRECTION('',(-1.,1.354472090043E-31,6.1E-16));
#2772 = ADVANCED_FACE('',(#2773),#2791,.T.);
#2773 = FACE_BOUND('',#2774,.F.);
#2774 = EDGE_LOOP('',(#2775,#2783,#2784,#2785));
#2775 = ORIENTED_EDGE('',*,*,#2776,.T.);
#2776 = EDGE_CURVE('',#2777,#325,#2779,.T.);
#2777 = VERTEX_POINT('',#2778);
#2778 = CARTESIAN_POINT('',(20.,-22.18,9.));
#2779 = LINE('',#2780,#2781);
#2780 = CARTESIAN_POINT('',(20.,-22.18,9.));
#2781 = VECTOR('',#2782,1.);
#2782 = DIRECTION('',(-3.7E-16,-2.044604925031E-18,-1.));
#2783 = ORIENTED_EDGE('',*,*,#332,.T.);
#2784 = ORIENTED_EDGE('',*,*,#2556,.F.);
#2785 = ORIENTED_EDGE('',*,*,#2786,.F.);
#2786 = EDGE_CURVE('',#2777,#2557,#2787,.T.);
#2787 = LINE('',#2788,#2789);
#2788 = CARTESIAN_POINT('',(20.,-22.18,9.));
#2789 = VECTOR('',#2790,1.);
#2790 = DIRECTION('',(-0.,-1.,2.044604925031E-18));
#2791 = PLANE('',#2792);
#2792 = AXIS2_PLACEMENT_3D('',#2793,#2794,#2795);
#2793 = CARTESIAN_POINT('',(20.,-22.18,9.));
#2794 = DIRECTION('',(1.,-8.215650382226E-32,-3.7E-16));
#2795 = DIRECTION('',(8.14E-32,1.,-2.044604925031E-18));
#2796 = ADVANCED_FACE('',(#2797,#2974,#2985,#2996,#3007,#3018,#3029,
    #3040,#3051),#3062,.F.);
#2797 = FACE_BOUND('',#2798,.F.);
#2798 = EDGE_LOOP('',(#2799,#2800,#2809,#2817,#2825,#2833,#2841,#2849,
    #2856,#2857,#2858,#2866,#2875,#2883,#2892,#2900,#2909,#2917,#2926,
    #2934,#2943,#2951,#2960,#2968));
#2799 = ORIENTED_EDGE('',*,*,#401,.T.);
#2800 = ORIENTED_EDGE('',*,*,#2801,.T.);
#2801 = EDGE_CURVE('',#402,#2802,#2804,.T.);
#2802 = VERTEX_POINT('',#2803);
#2803 = CARTESIAN_POINT('',(52.8,-22.18,7.));
#2804 = CIRCLE('',#2805,3.);
#2805 = AXIS2_PLACEMENT_3D('',#2806,#2807,#2808);
#2806 = CARTESIAN_POINT('',(55.8,-22.18,7.));
#2807 = DIRECTION('',(0.,1.,-2.22044604925E-16));
#2808 = DIRECTION('',(0.,-2.22044604925E-16,-1.));
#2809 = ORIENTED_EDGE('',*,*,#2810,.T.);
#2810 = EDGE_CURVE('',#2802,#2811,#2813,.T.);
#2811 = VERTEX_POINT('',#2812);
#2812 = CARTESIAN_POINT('',(52.8,-22.18,46.5));
#2813 = LINE('',#2814,#2815);
#2814 = CARTESIAN_POINT('',(52.8,-22.18,4.));
#2815 = VECTOR('',#2816,1.);
#2816 = DIRECTION('',(2.4E-16,2.22044604925E-16,1.));
#2817 = ORIENTED_EDGE('',*,*,#2818,.T.);
#2818 = EDGE_CURVE('',#2811,#2819,#2821,.T.);
#2819 = VERTEX_POINT('',#2820);
#2820 = CARTESIAN_POINT('',(49.8,-22.18,50.5));
#2821 = LINE('',#2822,#2823);
#2822 = CARTESIAN_POINT('',(52.8,-22.18,46.5));
#2823 = VECTOR('',#2824,1.);
#2824 = DIRECTION('',(-0.6,1.7763568394E-16,0.8));
#2825 = ORIENTED_EDGE('',*,*,#2826,.T.);
#2826 = EDGE_CURVE('',#2819,#2827,#2829,.T.);
#2827 = VERTEX_POINT('',#2828);
#2828 = CARTESIAN_POINT('',(30.3,-22.18,50.5));
#2829 = LINE('',#2830,#2831);
#2830 = CARTESIAN_POINT('',(49.8,-22.18,50.5));
#2831 = VECTOR('',#2832,1.);
#2832 = DIRECTION('',(-1.,5.329070518201E-32,2.4E-16));
#2833 = ORIENTED_EDGE('',*,*,#2834,.T.);
#2834 = EDGE_CURVE('',#2827,#2835,#2837,.T.);
#2835 = VERTEX_POINT('',#2836);
#2836 = CARTESIAN_POINT('',(27.2,-22.18,46.576990950813));
#2837 = LINE('',#2838,#2839);
#2838 = CARTESIAN_POINT('',(30.3,-22.18,50.5));
#2839 = VECTOR('',#2840,1.);
#2840 = DIRECTION('',(-0.62,-1.742165988888E-16,-0.784601809837));
#2841 = ORIENTED_EDGE('',*,*,#2842,.T.);
#2842 = EDGE_CURVE('',#2835,#2843,#2845,.T.);
#2843 = VERTEX_POINT('',#2844);
#2844 = CARTESIAN_POINT('',(27.2,-22.18,7.));
#2845 = LINE('',#2846,#2847);
#2846 = CARTESIAN_POINT('',(27.2,-22.18,46.576990950813));
#2847 = VECTOR('',#2848,1.);
#2848 = DIRECTION('',(-2.4E-16,-2.22044604925E-16,-1.));
#2849 = ORIENTED_EDGE('',*,*,#2850,.F.);
#2850 = EDGE_CURVE('',#317,#2843,#2851,.T.);
#2851 = CIRCLE('',#2852,3.);
#2852 = AXIS2_PLACEMENT_3D('',#2853,#2854,#2855);
#2853 = CARTESIAN_POINT('',(24.2,-22.18,7.));
#2854 = DIRECTION('',(0.,-1.,2.22044604925E-16));
#2855 = DIRECTION('',(0.,-2.22044604925E-16,-1.));
#2856 = ORIENTED_EDGE('',*,*,#324,.T.);
#2857 = ORIENTED_EDGE('',*,*,#2776,.F.);
#2858 = ORIENTED_EDGE('',*,*,#2859,.T.);
#2859 = EDGE_CURVE('',#2777,#2860,#2862,.T.);
#2860 = VERTEX_POINT('',#2861);
#2861 = CARTESIAN_POINT('',(20.2,-22.18,9.));
#2862 = LINE('',#2863,#2864);
#2863 = CARTESIAN_POINT('',(12.2,-22.18,9.));
#2864 = VECTOR('',#2865,1.);
#2865 = DIRECTION('',(1.,-5.329070518201E-32,-2.4E-16));
#2866 = ORIENTED_EDGE('',*,*,#2867,.T.);
#2867 = EDGE_CURVE('',#2860,#2868,#2870,.T.);
#2868 = VERTEX_POINT('',#2869);
#2869 = CARTESIAN_POINT('',(22.2,-22.18,11.));
#2870 = CIRCLE('',#2871,2.);
#2871 = AXIS2_PLACEMENT_3D('',#2872,#2873,#2874);
#2872 = CARTESIAN_POINT('',(20.2,-22.18,11.));
#2873 = DIRECTION('',(0.,-1.,2.22044604925E-16));
#2874 = DIRECTION('',(0.,-2.22044604925E-16,-1.));
#2875 = ORIENTED_EDGE('',*,*,#2876,.T.);
#2876 = EDGE_CURVE('',#2868,#2877,#2879,.T.);
#2877 = VERTEX_POINT('',#2878);
#2878 = CARTESIAN_POINT('',(22.2,-22.18,48.376273101108));
#2879 = LINE('',#2880,#2881);
#2880 = CARTESIAN_POINT('',(22.2,-22.18,9.));
#2881 = VECTOR('',#2882,1.);
#2882 = DIRECTION('',(2.4E-16,2.22044604925E-16,1.));
#2883 = ORIENTED_EDGE('',*,*,#2884,.F.);
#2884 = EDGE_CURVE('',#2885,#2877,#2887,.T.);
#2885 = VERTEX_POINT('',#2886);
#2886 = CARTESIAN_POINT('',(22.955636573034,-22.18,50.366959617789));
#2887 = CIRCLE('',#2888,3.);
#2888 = AXIS2_PLACEMENT_3D('',#2889,#2890,#2891);
#2889 = CARTESIAN_POINT('',(25.2,-22.18,48.376273101108));
#2890 = DIRECTION('',(0.,-1.,2.22044604925E-16));
#2891 = DIRECTION('',(0.,-2.22044604925E-16,-1.));
#2892 = ORIENTED_EDGE('',*,*,#2893,.T.);
#2893 = EDGE_CURVE('',#2885,#2894,#2896,.T.);
#2894 = VERTEX_POINT('',#2895);
#2895 = CARTESIAN_POINT('',(26.613265029043,-22.18,54.490686516681));
#2896 = LINE('',#2897,#2898);
#2897 = CARTESIAN_POINT('',(22.2,-22.18,49.515030861361));
#2898 = VECTOR('',#2899,1.);
#2899 = DIRECTION('',(0.663562172227,1.66116263483E-16,0.748121142322));
#2900 = ORIENTED_EDGE('',*,*,#2901,.F.);
#2901 = EDGE_CURVE('',#2902,#2894,#2904,.T.);
#2902 = VERTEX_POINT('',#2903);
#2903 = CARTESIAN_POINT('',(28.857628456009,-22.18,55.5));
#2904 = CIRCLE('',#2905,3.);
#2905 = AXIS2_PLACEMENT_3D('',#2906,#2907,#2908);
#2906 = CARTESIAN_POINT('',(28.857628456009,-22.18,52.5));
#2907 = DIRECTION('',(0.,-1.,2.22044604925E-16));
#2908 = DIRECTION('',(0.,-2.22044604925E-16,-1.));
#2909 = ORIENTED_EDGE('',*,*,#2910,.T.);
#2910 = EDGE_CURVE('',#2902,#2911,#2913,.T.);
#2911 = VERTEX_POINT('',#2912);
#2912 = CARTESIAN_POINT('',(51.15424868893,-22.18,55.5));
#2913 = LINE('',#2914,#2915);
#2914 = CARTESIAN_POINT('',(27.508497377871,-22.18,55.5));
#2915 = VECTOR('',#2916,1.);
#2916 = DIRECTION('',(1.,-5.329070518201E-32,-2.4E-16));
#2917 = ORIENTED_EDGE('',*,*,#2918,.F.);
#2918 = EDGE_CURVE('',#2919,#2911,#2921,.T.);
#2919 = VERTEX_POINT('',#2920);
#2920 = CARTESIAN_POINT('',(53.40424868893,-22.18,54.484313483298));
#2921 = CIRCLE('',#2922,3.);
#2922 = AXIS2_PLACEMENT_3D('',#2923,#2924,#2925);
#2923 = CARTESIAN_POINT('',(51.15424868893,-22.18,52.5));
#2924 = DIRECTION('',(0.,-1.,2.22044604925E-16));
#2925 = DIRECTION('',(0.,-2.22044604925E-16,-1.));
#2926 = ORIENTED_EDGE('',*,*,#2927,.T.);
#2927 = EDGE_CURVE('',#2919,#2928,#2930,.T.);
#2928 = VERTEX_POINT('',#2929);
#2929 = CARTESIAN_POINT('',(57.05,-22.18,50.350420064271));
#2930 = LINE('',#2931,#2932);
#2931 = CARTESIAN_POINT('',(52.50849737787,-22.18,55.5));
#2932 = VECTOR('',#2933,1.);
#2933 = DIRECTION('',(0.661437827766,-1.665334536938E-16,-0.75));
#2934 = ORIENTED_EDGE('',*,*,#2935,.F.);
#2935 = EDGE_CURVE('',#2936,#2928,#2938,.T.);
#2936 = VERTEX_POINT('',#2937);
#2937 = CARTESIAN_POINT('',(57.8,-22.18,48.366106580972));
#2938 = CIRCLE('',#2939,3.);
#2939 = AXIS2_PLACEMENT_3D('',#2940,#2941,#2942);
#2940 = CARTESIAN_POINT('',(54.8,-22.18,48.366106580972));
#2941 = DIRECTION('',(0.,-1.,2.22044604925E-16));
#2942 = DIRECTION('',(0.,-2.22044604925E-16,-1.));
#2943 = ORIENTED_EDGE('',*,*,#2944,.T.);
#2944 = EDGE_CURVE('',#2936,#2945,#2947,.T.);
#2945 = VERTEX_POINT('',#2946);
#2946 = CARTESIAN_POINT('',(57.8,-22.18,11.));
#2947 = LINE('',#2948,#2949);
#2948 = CARTESIAN_POINT('',(57.8,-22.18,49.5));
#2949 = VECTOR('',#2950,1.);
#2950 = DIRECTION('',(-2.4E-16,-2.22044604925E-16,-1.));
#2951 = ORIENTED_EDGE('',*,*,#2952,.F.);
#2952 = EDGE_CURVE('',#2953,#2945,#2955,.T.);
#2953 = VERTEX_POINT('',#2954);
#2954 = CARTESIAN_POINT('',(59.8,-22.18,9.));
#2955 = CIRCLE('',#2956,2.);
#2956 = AXIS2_PLACEMENT_3D('',#2957,#2958,#2959);
#2957 = CARTESIAN_POINT('',(59.8,-22.18,11.));
#2958 = DIRECTION('',(0.,1.,-2.22044604925E-16));
#2959 = DIRECTION('',(0.,-2.22044604925E-16,-1.));
#2960 = ORIENTED_EDGE('',*,*,#2961,.T.);
#2961 = EDGE_CURVE('',#2953,#2962,#2964,.T.);
#2962 = VERTEX_POINT('',#2963);
#2963 = CARTESIAN_POINT('',(60.,-22.18,9.));
#2964 = LINE('',#2965,#2966);
#2965 = CARTESIAN_POINT('',(57.8,-22.18,9.));
#2966 = VECTOR('',#2967,1.);
#2967 = DIRECTION('',(1.,-5.329070518201E-32,-2.4E-16));
#2968 = ORIENTED_EDGE('',*,*,#2969,.T.);
#2969 = EDGE_CURVE('',#2962,#394,#2970,.T.);
#2970 = LINE('',#2971,#2972);
#2971 = CARTESIAN_POINT('',(60.,-22.18,9.));
#2972 = VECTOR('',#2973,1.);
#2973 = DIRECTION('',(-2.4E-16,-2.044604925031E-18,-1.));
#2974 = FACE_BOUND('',#2975,.F.);
#2975 = EDGE_LOOP('',(#2976));
#2976 = ORIENTED_EDGE('',*,*,#2977,.T.);
#2977 = EDGE_CURVE('',#2978,#2978,#2980,.T.);
#2978 = VERTEX_POINT('',#2979);
#2979 = CARTESIAN_POINT('',(53.55,-22.18,12.5));
#2980 = CIRCLE('',#2981,1.45);
#2981 = AXIS2_PLACEMENT_3D('',#2982,#2983,#2984);
#2982 = CARTESIAN_POINT('',(55.,-22.18,12.5));
#2983 = DIRECTION('',(0.,-1.,2.22044604925E-16));
#2984 = DIRECTION('',(-1.,2.6645352591E-32,1.2E-16));
#2985 = FACE_BOUND('',#2986,.F.);
#2986 = EDGE_LOOP('',(#2987));
#2987 = ORIENTED_EDGE('',*,*,#2988,.T.);
#2988 = EDGE_CURVE('',#2989,#2989,#2991,.T.);
#2989 = VERTEX_POINT('',#2990);
#2990 = CARTESIAN_POINT('',(53.55,-22.18,29.5));
#2991 = CIRCLE('',#2992,1.45);
#2992 = AXIS2_PLACEMENT_3D('',#2993,#2994,#2995);
#2993 = CARTESIAN_POINT('',(55.,-22.18,29.5));
#2994 = DIRECTION('',(0.,-1.,2.22044604925E-16));
#2995 = DIRECTION('',(-1.,2.6645352591E-32,1.2E-16));
#2996 = FACE_BOUND('',#2997,.F.);
#2997 = EDGE_LOOP('',(#2998));
#2998 = ORIENTED_EDGE('',*,*,#2999,.F.);
#2999 = EDGE_CURVE('',#3000,#3000,#3002,.T.);
#3000 = VERTEX_POINT('',#3001);
#3001 = CARTESIAN_POINT('',(26.45,-22.18,12.5));
#3002 = CIRCLE('',#3003,1.45);
#3003 = AXIS2_PLACEMENT_3D('',#3004,#3005,#3006);
#3004 = CARTESIAN_POINT('',(25.,-22.18,12.5));
#3005 = DIRECTION('',(0.,1.,-2.22044604925E-16));
#3006 = DIRECTION('',(1.,-1.354472090043E-31,-6.1E-16));
#3007 = FACE_BOUND('',#3008,.F.);
#3008 = EDGE_LOOP('',(#3009));
#3009 = ORIENTED_EDGE('',*,*,#3010,.F.);
#3010 = EDGE_CURVE('',#3011,#3011,#3013,.T.);
#3011 = VERTEX_POINT('',#3012);
#3012 = CARTESIAN_POINT('',(26.45,-22.18,29.5));
#3013 = CIRCLE('',#3014,1.45);
#3014 = AXIS2_PLACEMENT_3D('',#3015,#3016,#3017);
#3015 = CARTESIAN_POINT('',(25.,-22.18,29.5));
#3016 = DIRECTION('',(0.,1.,-2.22044604925E-16));
#3017 = DIRECTION('',(1.,-1.354472090043E-31,-6.1E-16));
#3018 = FACE_BOUND('',#3019,.F.);
#3019 = EDGE_LOOP('',(#3020));
#3020 = ORIENTED_EDGE('',*,*,#3021,.T.);
#3021 = EDGE_CURVE('',#3022,#3022,#3024,.T.);
#3022 = VERTEX_POINT('',#3023);
#3023 = CARTESIAN_POINT('',(53.55,-22.18,46.5));
#3024 = CIRCLE('',#3025,1.45);
#3025 = AXIS2_PLACEMENT_3D('',#3026,#3027,#3028);
#3026 = CARTESIAN_POINT('',(55.,-22.18,46.5));
#3027 = DIRECTION('',(0.,-1.,2.22044604925E-16));
#3028 = DIRECTION('',(-1.,2.6645352591E-32,1.2E-16));
#3029 = FACE_BOUND('',#3030,.F.);
#3030 = EDGE_LOOP('',(#3031));
#3031 = ORIENTED_EDGE('',*,*,#3032,.T.);
#3032 = EDGE_CURVE('',#3033,#3033,#3035,.T.);
#3033 = VERTEX_POINT('',#3034);
#3034 = CARTESIAN_POINT('',(47.05,-22.18,52.8));
#3035 = CIRCLE('',#3036,1.45);
#3036 = AXIS2_PLACEMENT_3D('',#3037,#3038,#3039);
#3037 = CARTESIAN_POINT('',(48.5,-22.18,52.8));
#3038 = DIRECTION('',(0.,-1.,2.22044604925E-16));
#3039 = DIRECTION('',(-1.,2.6645352591E-32,1.2E-16));
#3040 = FACE_BOUND('',#3041,.F.);
#3041 = EDGE_LOOP('',(#3042));
#3042 = ORIENTED_EDGE('',*,*,#3043,.F.);
#3043 = EDGE_CURVE('',#3044,#3044,#3046,.T.);
#3044 = VERTEX_POINT('',#3045);
#3045 = CARTESIAN_POINT('',(26.45,-22.18,46.5));
#3046 = CIRCLE('',#3047,1.45);
#3047 = AXIS2_PLACEMENT_3D('',#3048,#3049,#3050);
#3048 = CARTESIAN_POINT('',(25.,-22.18,46.5));
#3049 = DIRECTION('',(0.,1.,-2.22044604925E-16));
#3050 = DIRECTION('',(1.,-1.354472090043E-31,-6.1E-16));
#3051 = FACE_BOUND('',#3052,.F.);
#3052 = EDGE_LOOP('',(#3053));
#3053 = ORIENTED_EDGE('',*,*,#3054,.F.);
#3054 = EDGE_CURVE('',#3055,#3055,#3057,.T.);
#3055 = VERTEX_POINT('',#3056);
#3056 = CARTESIAN_POINT('',(32.95,-22.18,52.8));
#3057 = CIRCLE('',#3058,1.45);
#3058 = AXIS2_PLACEMENT_3D('',#3059,#3060,#3061);
#3059 = CARTESIAN_POINT('',(31.5,-22.18,52.8));
#3060 = DIRECTION('',(0.,1.,-2.22044604925E-16));
#3061 = DIRECTION('',(1.,-1.354472090043E-31,-6.1E-16));
#3062 = PLANE('',#3063);
#3063 = AXIS2_PLACEMENT_3D('',#3064,#3065,#3066);
#3064 = CARTESIAN_POINT('',(40.000850933091,-22.18,28.93648228298));
#3065 = DIRECTION('',(0.,1.,-2.22044604925E-16));
#3066 = DIRECTION('',(-1.,5.329070518201E-32,2.4E-16));
#3067 = ADVANCED_FACE('',(#3068),#3087,.T.);
#3068 = FACE_BOUND('',#3069,.T.);
#3069 = EDGE_LOOP('',(#3070,#3079,#3085,#3086));
#3070 = ORIENTED_EDGE('',*,*,#3071,.T.);
#3071 = EDGE_CURVE('',#309,#3072,#3074,.T.);
#3072 = VERTEX_POINT('',#3073);
#3073 = CARTESIAN_POINT('',(27.2,-17.18,7.));
#3074 = CIRCLE('',#3075,3.);
#3075 = AXIS2_PLACEMENT_3D('',#3076,#3077,#3078);
#3076 = CARTESIAN_POINT('',(24.2,-17.18,7.));
#3077 = DIRECTION('',(0.,-1.,2.22044604925E-16));
#3078 = DIRECTION('',(0.,-2.22044604925E-16,-1.));
#3079 = ORIENTED_EDGE('',*,*,#3080,.T.);
#3080 = EDGE_CURVE('',#3072,#2843,#3081,.T.);
#3081 = LINE('',#3082,#3083);
#3082 = CARTESIAN_POINT('',(27.2,-17.18,7.));
#3083 = VECTOR('',#3084,1.);
#3084 = DIRECTION('',(0.,-1.,2.22044604925E-16));
#3085 = ORIENTED_EDGE('',*,*,#2850,.F.);
#3086 = ORIENTED_EDGE('',*,*,#316,.F.);
#3087 = CYLINDRICAL_SURFACE('',#3088,3.);
#3088 = AXIS2_PLACEMENT_3D('',#3089,#3090,#3091);
#3089 = CARTESIAN_POINT('',(24.2,-17.18,7.));
#3090 = DIRECTION('',(0.,-1.,2.22044604925E-16));
#3091 = DIRECTION('',(-3.6E-16,-2.22044604925E-16,-1.));
#3092 = ADVANCED_FACE('',(#3093,#3287,#3298,#3309,#3320,#3331,#3342,
    #3353,#3364),#3375,.T.);
#3093 = FACE_BOUND('',#3094,.T.);
#3094 = EDGE_LOOP('',(#3095,#3103,#3112,#3120,#3129,#3137,#3146,#3154,
    #3163,#3171,#3180,#3188,#3197,#3205,#3214,#3222,#3231,#3237,#3238,
    #3247,#3255,#3263,#3271,#3279,#3285,#3286));
#3095 = ORIENTED_EDGE('',*,*,#3096,.T.);
#3096 = EDGE_CURVE('',#301,#3097,#3099,.T.);
#3097 = VERTEX_POINT('',#3098);
#3098 = CARTESIAN_POINT('',(12.2,-17.18,7.));
#3099 = LINE('',#3100,#3101);
#3100 = CARTESIAN_POINT('',(12.2,-17.18,4.));
#3101 = VECTOR('',#3102,1.);
#3102 = DIRECTION('',(2.4E-16,2.22044604925E-16,1.));
#3103 = ORIENTED_EDGE('',*,*,#3104,.F.);
#3104 = EDGE_CURVE('',#3105,#3097,#3107,.T.);
#3105 = VERTEX_POINT('',#3106);
#3106 = CARTESIAN_POINT('',(14.2,-17.18,9.));
#3107 = CIRCLE('',#3108,2.);
#3108 = AXIS2_PLACEMENT_3D('',#3109,#3110,#3111);
#3109 = CARTESIAN_POINT('',(14.2,-17.18,7.));
#3110 = DIRECTION('',(0.,-1.,2.22044604925E-16));
#3111 = DIRECTION('',(0.,-2.22044604925E-16,-1.));
#3112 = ORIENTED_EDGE('',*,*,#3113,.T.);
#3113 = EDGE_CURVE('',#3105,#3114,#3116,.T.);
#3114 = VERTEX_POINT('',#3115);
#3115 = CARTESIAN_POINT('',(20.2,-17.18,9.));
#3116 = LINE('',#3117,#3118);
#3117 = CARTESIAN_POINT('',(12.2,-17.18,9.));
#3118 = VECTOR('',#3119,1.);
#3119 = DIRECTION('',(1.,-5.329070518201E-32,-2.4E-16));
#3120 = ORIENTED_EDGE('',*,*,#3121,.T.);
#3121 = EDGE_CURVE('',#3114,#3122,#3124,.T.);
#3122 = VERTEX_POINT('',#3123);
#3123 = CARTESIAN_POINT('',(22.2,-17.18,11.));
#3124 = CIRCLE('',#3125,2.);
#3125 = AXIS2_PLACEMENT_3D('',#3126,#3127,#3128);
#3126 = CARTESIAN_POINT('',(20.2,-17.18,11.));
#3127 = DIRECTION('',(0.,-1.,2.22044604925E-16));
#3128 = DIRECTION('',(0.,-2.22044604925E-16,-1.));
#3129 = ORIENTED_EDGE('',*,*,#3130,.T.);
#3130 = EDGE_CURVE('',#3122,#3131,#3133,.T.);
#3131 = VERTEX_POINT('',#3132);
#3132 = CARTESIAN_POINT('',(22.2,-17.18,48.376273101108));
#3133 = LINE('',#3134,#3135);
#3134 = CARTESIAN_POINT('',(22.2,-17.18,9.));
#3135 = VECTOR('',#3136,1.);
#3136 = DIRECTION('',(2.4E-16,2.22044604925E-16,1.));
#3137 = ORIENTED_EDGE('',*,*,#3138,.F.);
#3138 = EDGE_CURVE('',#3139,#3131,#3141,.T.);
#3139 = VERTEX_POINT('',#3140);
#3140 = CARTESIAN_POINT('',(22.955636573034,-17.18,50.366959617789));
#3141 = CIRCLE('',#3142,3.);
#3142 = AXIS2_PLACEMENT_3D('',#3143,#3144,#3145);
#3143 = CARTESIAN_POINT('',(25.2,-17.18,48.376273101108));
#3144 = DIRECTION('',(0.,-1.,2.22044604925E-16));
#3145 = DIRECTION('',(0.,-2.22044604925E-16,-1.));
#3146 = ORIENTED_EDGE('',*,*,#3147,.T.);
#3147 = EDGE_CURVE('',#3139,#3148,#3150,.T.);
#3148 = VERTEX_POINT('',#3149);
#3149 = CARTESIAN_POINT('',(26.613265029043,-17.18,54.490686516681));
#3150 = LINE('',#3151,#3152);
#3151 = CARTESIAN_POINT('',(22.2,-17.18,49.515030861361));
#3152 = VECTOR('',#3153,1.);
#3153 = DIRECTION('',(0.663562172227,1.66116263483E-16,0.748121142322));
#3154 = ORIENTED_EDGE('',*,*,#3155,.F.);
#3155 = EDGE_CURVE('',#3156,#3148,#3158,.T.);
#3156 = VERTEX_POINT('',#3157);
#3157 = CARTESIAN_POINT('',(28.857628456009,-17.18,55.5));
#3158 = CIRCLE('',#3159,3.);
#3159 = AXIS2_PLACEMENT_3D('',#3160,#3161,#3162);
#3160 = CARTESIAN_POINT('',(28.857628456009,-17.18,52.5));
#3161 = DIRECTION('',(0.,-1.,2.22044604925E-16));
#3162 = DIRECTION('',(0.,-2.22044604925E-16,-1.));
#3163 = ORIENTED_EDGE('',*,*,#3164,.T.);
#3164 = EDGE_CURVE('',#3156,#3165,#3167,.T.);
#3165 = VERTEX_POINT('',#3166);
#3166 = CARTESIAN_POINT('',(51.15424868893,-17.18,55.5));
#3167 = LINE('',#3168,#3169);
#3168 = CARTESIAN_POINT('',(27.508497377871,-17.18,55.5));
#3169 = VECTOR('',#3170,1.);
#3170 = DIRECTION('',(1.,-5.329070518201E-32,-2.4E-16));
#3171 = ORIENTED_EDGE('',*,*,#3172,.F.);
#3172 = EDGE_CURVE('',#3173,#3165,#3175,.T.);
#3173 = VERTEX_POINT('',#3174);
#3174 = CARTESIAN_POINT('',(53.40424868893,-17.18,54.484313483298));
#3175 = CIRCLE('',#3176,3.);
#3176 = AXIS2_PLACEMENT_3D('',#3177,#3178,#3179);
#3177 = CARTESIAN_POINT('',(51.15424868893,-17.18,52.5));
#3178 = DIRECTION('',(0.,-1.,2.22044604925E-16));
#3179 = DIRECTION('',(0.,-2.22044604925E-16,-1.));
#3180 = ORIENTED_EDGE('',*,*,#3181,.T.);
#3181 = EDGE_CURVE('',#3173,#3182,#3184,.T.);
#3182 = VERTEX_POINT('',#3183);
#3183 = CARTESIAN_POINT('',(57.05,-17.18,50.350420064271));
#3184 = LINE('',#3185,#3186);
#3185 = CARTESIAN_POINT('',(52.50849737787,-17.18,55.5));
#3186 = VECTOR('',#3187,1.);
#3187 = DIRECTION('',(0.661437827766,-1.665334536938E-16,-0.75));
#3188 = ORIENTED_EDGE('',*,*,#3189,.F.);
#3189 = EDGE_CURVE('',#3190,#3182,#3192,.T.);
#3190 = VERTEX_POINT('',#3191);
#3191 = CARTESIAN_POINT('',(57.8,-17.18,48.366106580972));
#3192 = CIRCLE('',#3193,3.);
#3193 = AXIS2_PLACEMENT_3D('',#3194,#3195,#3196);
#3194 = CARTESIAN_POINT('',(54.8,-17.18,48.366106580972));
#3195 = DIRECTION('',(0.,-1.,2.22044604925E-16));
#3196 = DIRECTION('',(0.,-2.22044604925E-16,-1.));
#3197 = ORIENTED_EDGE('',*,*,#3198,.T.);
#3198 = EDGE_CURVE('',#3190,#3199,#3201,.T.);
#3199 = VERTEX_POINT('',#3200);
#3200 = CARTESIAN_POINT('',(57.8,-17.18,11.));
#3201 = LINE('',#3202,#3203);
#3202 = CARTESIAN_POINT('',(57.8,-17.18,49.5));
#3203 = VECTOR('',#3204,1.);
#3204 = DIRECTION('',(-2.4E-16,-2.22044604925E-16,-1.));
#3205 = ORIENTED_EDGE('',*,*,#3206,.F.);
#3206 = EDGE_CURVE('',#3207,#3199,#3209,.T.);
#3207 = VERTEX_POINT('',#3208);
#3208 = CARTESIAN_POINT('',(59.8,-17.18,9.));
#3209 = CIRCLE('',#3210,2.);
#3210 = AXIS2_PLACEMENT_3D('',#3211,#3212,#3213);
#3211 = CARTESIAN_POINT('',(59.8,-17.18,11.));
#3212 = DIRECTION('',(0.,1.,-2.22044604925E-16));
#3213 = DIRECTION('',(0.,-2.22044604925E-16,-1.));
#3214 = ORIENTED_EDGE('',*,*,#3215,.T.);
#3215 = EDGE_CURVE('',#3207,#3216,#3218,.T.);
#3216 = VERTEX_POINT('',#3217);
#3217 = CARTESIAN_POINT('',(65.8,-17.18,9.));
#3218 = LINE('',#3219,#3220);
#3219 = CARTESIAN_POINT('',(57.8,-17.18,9.));
#3220 = VECTOR('',#3221,1.);
#3221 = DIRECTION('',(1.,-5.329070518201E-32,-2.4E-16));
#3222 = ORIENTED_EDGE('',*,*,#3223,.T.);
#3223 = EDGE_CURVE('',#3216,#3224,#3226,.T.);
#3224 = VERTEX_POINT('',#3225);
#3225 = CARTESIAN_POINT('',(67.8,-17.18,7.));
#3226 = CIRCLE('',#3227,2.);
#3227 = AXIS2_PLACEMENT_3D('',#3228,#3229,#3230);
#3228 = CARTESIAN_POINT('',(65.8,-17.18,7.));
#3229 = DIRECTION('',(0.,1.,-2.22044604925E-16));
#3230 = DIRECTION('',(0.,-2.22044604925E-16,-1.));
#3231 = ORIENTED_EDGE('',*,*,#3232,.T.);
#3232 = EDGE_CURVE('',#3224,#360,#3233,.T.);
#3233 = LINE('',#3234,#3235);
#3234 = CARTESIAN_POINT('',(67.8,-17.18,9.));
#3235 = VECTOR('',#3236,1.);
#3236 = DIRECTION('',(-2.4E-16,-2.22044604925E-16,-1.));
#3237 = ORIENTED_EDGE('',*,*,#417,.T.);
#3238 = ORIENTED_EDGE('',*,*,#3239,.T.);
#3239 = EDGE_CURVE('',#410,#3240,#3242,.T.);
#3240 = VERTEX_POINT('',#3241);
#3241 = CARTESIAN_POINT('',(52.8,-17.18,7.));
#3242 = CIRCLE('',#3243,3.);
#3243 = AXIS2_PLACEMENT_3D('',#3244,#3245,#3246);
#3244 = CARTESIAN_POINT('',(55.8,-17.18,7.));
#3245 = DIRECTION('',(0.,1.,-2.22044604925E-16));
#3246 = DIRECTION('',(0.,-2.22044604925E-16,-1.));
#3247 = ORIENTED_EDGE('',*,*,#3248,.T.);
#3248 = EDGE_CURVE('',#3240,#3249,#3251,.T.);
#3249 = VERTEX_POINT('',#3250);
#3250 = CARTESIAN_POINT('',(52.8,-17.18,46.5));
#3251 = LINE('',#3252,#3253);
#3252 = CARTESIAN_POINT('',(52.8,-17.18,4.));
#3253 = VECTOR('',#3254,1.);
#3254 = DIRECTION('',(2.4E-16,2.22044604925E-16,1.));
#3255 = ORIENTED_EDGE('',*,*,#3256,.T.);
#3256 = EDGE_CURVE('',#3249,#3257,#3259,.T.);
#3257 = VERTEX_POINT('',#3258);
#3258 = CARTESIAN_POINT('',(49.8,-17.18,50.5));
#3259 = LINE('',#3260,#3261);
#3260 = CARTESIAN_POINT('',(52.8,-17.18,46.5));
#3261 = VECTOR('',#3262,1.);
#3262 = DIRECTION('',(-0.6,1.7763568394E-16,0.8));
#3263 = ORIENTED_EDGE('',*,*,#3264,.T.);
#3264 = EDGE_CURVE('',#3257,#3265,#3267,.T.);
#3265 = VERTEX_POINT('',#3266);
#3266 = CARTESIAN_POINT('',(30.3,-17.18,50.5));
#3267 = LINE('',#3268,#3269);
#3268 = CARTESIAN_POINT('',(49.8,-17.18,50.5));
#3269 = VECTOR('',#3270,1.);
#3270 = DIRECTION('',(-1.,5.329070518201E-32,2.4E-16));
#3271 = ORIENTED_EDGE('',*,*,#3272,.T.);
#3272 = EDGE_CURVE('',#3265,#3273,#3275,.T.);
#3273 = VERTEX_POINT('',#3274);
#3274 = CARTESIAN_POINT('',(27.2,-17.18,46.576990950813));
#3275 = LINE('',#3276,#3277);
#3276 = CARTESIAN_POINT('',(30.3,-17.18,50.5));
#3277 = VECTOR('',#3278,1.);
#3278 = DIRECTION('',(-0.62,-1.742165988888E-16,-0.784601809837));
#3279 = ORIENTED_EDGE('',*,*,#3280,.T.);
#3280 = EDGE_CURVE('',#3273,#3072,#3281,.T.);
#3281 = LINE('',#3282,#3283);
#3282 = CARTESIAN_POINT('',(27.2,-17.18,46.576990950813));
#3283 = VECTOR('',#3284,1.);
#3284 = DIRECTION('',(-2.4E-16,-2.22044604925E-16,-1.));
#3285 = ORIENTED_EDGE('',*,*,#3071,.F.);
#3286 = ORIENTED_EDGE('',*,*,#308,.T.);
#3287 = FACE_BOUND('',#3288,.T.);
#3288 = EDGE_LOOP('',(#3289));
#3289 = ORIENTED_EDGE('',*,*,#3290,.F.);
#3290 = EDGE_CURVE('',#3291,#3291,#3293,.T.);
#3291 = VERTEX_POINT('',#3292);
#3292 = CARTESIAN_POINT('',(53.55,-17.18,12.5));
#3293 = CIRCLE('',#3294,1.45);
#3294 = AXIS2_PLACEMENT_3D('',#3295,#3296,#3297);
#3295 = CARTESIAN_POINT('',(55.,-17.18,12.5));
#3296 = DIRECTION('',(0.,1.,-2.22044604925E-16));
#3297 = DIRECTION('',(-1.,2.6645352591E-32,1.2E-16));
#3298 = FACE_BOUND('',#3299,.T.);
#3299 = EDGE_LOOP('',(#3300));
#3300 = ORIENTED_EDGE('',*,*,#3301,.F.);
#3301 = EDGE_CURVE('',#3302,#3302,#3304,.T.);
#3302 = VERTEX_POINT('',#3303);
#3303 = CARTESIAN_POINT('',(53.55,-17.18,29.5));
#3304 = CIRCLE('',#3305,1.45);
#3305 = AXIS2_PLACEMENT_3D('',#3306,#3307,#3308);
#3306 = CARTESIAN_POINT('',(55.,-17.18,29.5));
#3307 = DIRECTION('',(0.,1.,-2.22044604925E-16));
#3308 = DIRECTION('',(-1.,2.6645352591E-32,1.2E-16));
#3309 = FACE_BOUND('',#3310,.T.);
#3310 = EDGE_LOOP('',(#3311));
#3311 = ORIENTED_EDGE('',*,*,#3312,.F.);
#3312 = EDGE_CURVE('',#3313,#3313,#3315,.T.);
#3313 = VERTEX_POINT('',#3314);
#3314 = CARTESIAN_POINT('',(26.45,-17.18,12.5));
#3315 = CIRCLE('',#3316,1.45);
#3316 = AXIS2_PLACEMENT_3D('',#3317,#3318,#3319);
#3317 = CARTESIAN_POINT('',(25.,-17.18,12.5));
#3318 = DIRECTION('',(0.,1.,-2.22044604925E-16));
#3319 = DIRECTION('',(1.,-1.354472090043E-31,-6.1E-16));
#3320 = FACE_BOUND('',#3321,.T.);
#3321 = EDGE_LOOP('',(#3322));
#3322 = ORIENTED_EDGE('',*,*,#3323,.F.);
#3323 = EDGE_CURVE('',#3324,#3324,#3326,.T.);
#3324 = VERTEX_POINT('',#3325);
#3325 = CARTESIAN_POINT('',(26.45,-17.18,29.5));
#3326 = CIRCLE('',#3327,1.45);
#3327 = AXIS2_PLACEMENT_3D('',#3328,#3329,#3330);
#3328 = CARTESIAN_POINT('',(25.,-17.18,29.5));
#3329 = DIRECTION('',(0.,1.,-2.22044604925E-16));
#3330 = DIRECTION('',(1.,-1.354472090043E-31,-6.1E-16));
#3331 = FACE_BOUND('',#3332,.T.);
#3332 = EDGE_LOOP('',(#3333));
#3333 = ORIENTED_EDGE('',*,*,#3334,.F.);
#3334 = EDGE_CURVE('',#3335,#3335,#3337,.T.);
#3335 = VERTEX_POINT('',#3336);
#3336 = CARTESIAN_POINT('',(53.55,-17.18,46.5));
#3337 = CIRCLE('',#3338,1.45);
#3338 = AXIS2_PLACEMENT_3D('',#3339,#3340,#3341);
#3339 = CARTESIAN_POINT('',(55.,-17.18,46.5));
#3340 = DIRECTION('',(0.,1.,-2.22044604925E-16));
#3341 = DIRECTION('',(-1.,2.6645352591E-32,1.2E-16));
#3342 = FACE_BOUND('',#3343,.T.);
#3343 = EDGE_LOOP('',(#3344));
#3344 = ORIENTED_EDGE('',*,*,#3345,.F.);
#3345 = EDGE_CURVE('',#3346,#3346,#3348,.T.);
#3346 = VERTEX_POINT('',#3347);
#3347 = CARTESIAN_POINT('',(47.05,-17.18,52.8));
#3348 = CIRCLE('',#3349,1.45);
#3349 = AXIS2_PLACEMENT_3D('',#3350,#3351,#3352);
#3350 = CARTESIAN_POINT('',(48.5,-17.18,52.8));
#3351 = DIRECTION('',(0.,1.,-2.22044604925E-16));
#3352 = DIRECTION('',(-1.,2.6645352591E-32,1.2E-16));
#3353 = FACE_BOUND('',#3354,.T.);
#3354 = EDGE_LOOP('',(#3355));
#3355 = ORIENTED_EDGE('',*,*,#3356,.F.);
#3356 = EDGE_CURVE('',#3357,#3357,#3359,.T.);
#3357 = VERTEX_POINT('',#3358);
#3358 = CARTESIAN_POINT('',(26.45,-17.18,46.5));
#3359 = CIRCLE('',#3360,1.45);
#3360 = AXIS2_PLACEMENT_3D('',#3361,#3362,#3363);
#3361 = CARTESIAN_POINT('',(25.,-17.18,46.5));
#3362 = DIRECTION('',(0.,1.,-2.22044604925E-16));
#3363 = DIRECTION('',(1.,-1.354472090043E-31,-6.1E-16));
#3364 = FACE_BOUND('',#3365,.T.);
#3365 = EDGE_LOOP('',(#3366));
#3366 = ORIENTED_EDGE('',*,*,#3367,.F.);
#3367 = EDGE_CURVE('',#3368,#3368,#3370,.T.);
#3368 = VERTEX_POINT('',#3369);
#3369 = CARTESIAN_POINT('',(32.95,-17.18,52.8));
#3370 = CIRCLE('',#3371,1.45);
#3371 = AXIS2_PLACEMENT_3D('',#3372,#3373,#3374);
#3372 = CARTESIAN_POINT('',(31.5,-17.18,52.8));
#3373 = DIRECTION('',(0.,1.,-2.22044604925E-16));
#3374 = DIRECTION('',(1.,-1.354472090043E-31,-6.1E-16));
#3375 = PLANE('',#3376);
#3376 = AXIS2_PLACEMENT_3D('',#3377,#3378,#3379);
#3377 = CARTESIAN_POINT('',(40.000850933091,-17.18,28.93648228298));
#3378 = DIRECTION('',(0.,1.,-2.22044604925E-16));
#3379 = DIRECTION('',(-1.,5.329070518201E-32,2.4E-16));
#3380 = ADVANCED_FACE('',(#3381),#3399,.T.);
#3381 = FACE_BOUND('',#3382,.T.);
#3382 = EDGE_LOOP('',(#3383,#3391,#3397,#3398));
#3383 = ORIENTED_EDGE('',*,*,#3384,.T.);
#3384 = EDGE_CURVE('',#293,#3385,#3387,.T.);
#3385 = VERTEX_POINT('',#3386);
#3386 = CARTESIAN_POINT('',(12.2,-58.18,7.));
#3387 = LINE('',#3388,#3389);
#3388 = CARTESIAN_POINT('',(12.2,-58.18,4.));
#3389 = VECTOR('',#3390,1.);
#3390 = DIRECTION('',(6.1E-16,2.22044604925E-16,1.));
#3391 = ORIENTED_EDGE('',*,*,#3392,.F.);
#3392 = EDGE_CURVE('',#3097,#3385,#3393,.T.);
#3393 = LINE('',#3394,#3395);
#3394 = CARTESIAN_POINT('',(12.2,-17.18,7.));
#3395 = VECTOR('',#3396,1.);
#3396 = DIRECTION('',(0.,-1.,2.22044604925E-16));
#3397 = ORIENTED_EDGE('',*,*,#3096,.F.);
#3398 = ORIENTED_EDGE('',*,*,#300,.T.);
#3399 = PLANE('',#3400);
#3400 = AXIS2_PLACEMENT_3D('',#3401,#3402,#3403);
#3401 = CARTESIAN_POINT('',(12.2,-37.68,6.5));
#3402 = DIRECTION('',(-1.,2.6645352591E-32,1.2E-16));
#3403 = DIRECTION('',(0.,-1.,2.22044604925E-16));
#3404 = ADVANCED_FACE('',(#3405,#3592,#3603,#3614,#3625,#3636,#3647,
    #3658,#3669),#3680,.F.);
#3405 = FACE_BOUND('',#3406,.F.);
#3406 = EDGE_LOOP('',(#3407,#3408,#3417,#3425,#3434,#3442,#3451,#3459,
    #3468,#3476,#3485,#3493,#3502,#3510,#3519,#3527,#3536,#3542,#3543,
    #3552,#3560,#3568,#3576,#3584,#3590,#3591));
#3407 = ORIENTED_EDGE('',*,*,#3384,.T.);
#3408 = ORIENTED_EDGE('',*,*,#3409,.F.);
#3409 = EDGE_CURVE('',#3410,#3385,#3412,.T.);
#3410 = VERTEX_POINT('',#3411);
#3411 = CARTESIAN_POINT('',(14.2,-58.18,9.));
#3412 = CIRCLE('',#3413,2.);
#3413 = AXIS2_PLACEMENT_3D('',#3414,#3415,#3416);
#3414 = CARTESIAN_POINT('',(14.2,-58.18,7.));
#3415 = DIRECTION('',(0.,-1.,2.22044604925E-16));
#3416 = DIRECTION('',(0.,-2.22044604925E-16,-1.));
#3417 = ORIENTED_EDGE('',*,*,#3418,.T.);
#3418 = EDGE_CURVE('',#3410,#3419,#3421,.T.);
#3419 = VERTEX_POINT('',#3420);
#3420 = CARTESIAN_POINT('',(20.2,-58.18,9.));
#3421 = LINE('',#3422,#3423);
#3422 = CARTESIAN_POINT('',(12.2,-58.18,9.));
#3423 = VECTOR('',#3424,1.);
#3424 = DIRECTION('',(1.,-1.354472090043E-31,-6.1E-16));
#3425 = ORIENTED_EDGE('',*,*,#3426,.F.);
#3426 = EDGE_CURVE('',#3427,#3419,#3429,.T.);
#3427 = VERTEX_POINT('',#3428);
#3428 = CARTESIAN_POINT('',(22.2,-58.18,11.));
#3429 = CIRCLE('',#3430,2.);
#3430 = AXIS2_PLACEMENT_3D('',#3431,#3432,#3433);
#3431 = CARTESIAN_POINT('',(20.2,-58.18,11.));
#3432 = DIRECTION('',(0.,1.,-2.22044604925E-16));
#3433 = DIRECTION('',(0.,-2.22044604925E-16,-1.));
#3434 = ORIENTED_EDGE('',*,*,#3435,.T.);
#3435 = EDGE_CURVE('',#3427,#3436,#3438,.T.);
#3436 = VERTEX_POINT('',#3437);
#3437 = CARTESIAN_POINT('',(22.2,-58.18,48.376273101108));
#3438 = LINE('',#3439,#3440);
#3439 = CARTESIAN_POINT('',(22.2,-58.18,9.));
#3440 = VECTOR('',#3441,1.);
#3441 = DIRECTION('',(6.1E-16,2.22044604925E-16,1.));
#3442 = ORIENTED_EDGE('',*,*,#3443,.T.);
#3443 = EDGE_CURVE('',#3436,#3444,#3446,.T.);
#3444 = VERTEX_POINT('',#3445);
#3445 = CARTESIAN_POINT('',(22.955636573034,-58.18,50.366959617789));
#3446 = CIRCLE('',#3447,3.);
#3447 = AXIS2_PLACEMENT_3D('',#3448,#3449,#3450);
#3448 = CARTESIAN_POINT('',(25.2,-58.18,48.376273101108));
#3449 = DIRECTION('',(0.,1.,-2.22044604925E-16));
#3450 = DIRECTION('',(0.,-2.22044604925E-16,-1.));
#3451 = ORIENTED_EDGE('',*,*,#3452,.T.);
#3452 = EDGE_CURVE('',#3444,#3453,#3455,.T.);
#3453 = VERTEX_POINT('',#3454);
#3454 = CARTESIAN_POINT('',(26.613265029043,-58.18,54.490686516681));
#3455 = LINE('',#3456,#3457);
#3456 = CARTESIAN_POINT('',(22.2,-58.18,49.515030861361));
#3457 = VECTOR('',#3458,1.);
#3458 = DIRECTION('',(0.663562172227,1.66116263483E-16,0.748121142322));
#3459 = ORIENTED_EDGE('',*,*,#3460,.T.);
#3460 = EDGE_CURVE('',#3453,#3461,#3463,.T.);
#3461 = VERTEX_POINT('',#3462);
#3462 = CARTESIAN_POINT('',(28.857628456009,-58.18,55.5));
#3463 = CIRCLE('',#3464,3.);
#3464 = AXIS2_PLACEMENT_3D('',#3465,#3466,#3467);
#3465 = CARTESIAN_POINT('',(28.857628456009,-58.18,52.5));
#3466 = DIRECTION('',(0.,1.,-2.22044604925E-16));
#3467 = DIRECTION('',(0.,-2.22044604925E-16,-1.));
#3468 = ORIENTED_EDGE('',*,*,#3469,.T.);
#3469 = EDGE_CURVE('',#3461,#3470,#3472,.T.);
#3470 = VERTEX_POINT('',#3471);
#3471 = CARTESIAN_POINT('',(51.15424868893,-58.18,55.5));
#3472 = LINE('',#3473,#3474);
#3473 = CARTESIAN_POINT('',(27.508497377871,-58.18,55.5));
#3474 = VECTOR('',#3475,1.);
#3475 = DIRECTION('',(1.,-1.354472090043E-31,-6.1E-16));
#3476 = ORIENTED_EDGE('',*,*,#3477,.F.);
#3477 = EDGE_CURVE('',#3478,#3470,#3480,.T.);
#3478 = VERTEX_POINT('',#3479);
#3479 = CARTESIAN_POINT('',(53.40424868893,-58.18,54.484313483298));
#3480 = CIRCLE('',#3481,3.);
#3481 = AXIS2_PLACEMENT_3D('',#3482,#3483,#3484);
#3482 = CARTESIAN_POINT('',(51.15424868893,-58.18,52.5));
#3483 = DIRECTION('',(0.,-1.,2.22044604925E-16));
#3484 = DIRECTION('',(0.,-2.22044604925E-16,-1.));
#3485 = ORIENTED_EDGE('',*,*,#3486,.T.);
#3486 = EDGE_CURVE('',#3478,#3487,#3489,.T.);
#3487 = VERTEX_POINT('',#3488);
#3488 = CARTESIAN_POINT('',(57.05,-58.18,50.350420064271));
#3489 = LINE('',#3490,#3491);
#3490 = CARTESIAN_POINT('',(52.50849737787,-58.18,55.5));
#3491 = VECTOR('',#3492,1.);
#3492 = DIRECTION('',(0.661437827766,-1.665334536938E-16,-0.75));
#3493 = ORIENTED_EDGE('',*,*,#3494,.F.);
#3494 = EDGE_CURVE('',#3495,#3487,#3497,.T.);
#3495 = VERTEX_POINT('',#3496);
#3496 = CARTESIAN_POINT('',(57.8,-58.18,48.366106580972));
#3497 = CIRCLE('',#3498,3.);
#3498 = AXIS2_PLACEMENT_3D('',#3499,#3500,#3501);
#3499 = CARTESIAN_POINT('',(54.8,-58.18,48.366106580972));
#3500 = DIRECTION('',(0.,-1.,2.22044604925E-16));
#3501 = DIRECTION('',(0.,-2.22044604925E-16,-1.));
#3502 = ORIENTED_EDGE('',*,*,#3503,.T.);
#3503 = EDGE_CURVE('',#3495,#3504,#3506,.T.);
#3504 = VERTEX_POINT('',#3505);
#3505 = CARTESIAN_POINT('',(57.8,-58.18,11.));
#3506 = LINE('',#3507,#3508);
#3507 = CARTESIAN_POINT('',(57.8,-58.18,49.5));
#3508 = VECTOR('',#3509,1.);
#3509 = DIRECTION('',(-6.1E-16,-2.22044604925E-16,-1.));
#3510 = ORIENTED_EDGE('',*,*,#3511,.F.);
#3511 = EDGE_CURVE('',#3512,#3504,#3514,.T.);
#3512 = VERTEX_POINT('',#3513);
#3513 = CARTESIAN_POINT('',(59.8,-58.18,9.));
#3514 = CIRCLE('',#3515,2.);
#3515 = AXIS2_PLACEMENT_3D('',#3516,#3517,#3518);
#3516 = CARTESIAN_POINT('',(59.8,-58.18,11.));
#3517 = DIRECTION('',(0.,1.,-2.22044604925E-16));
#3518 = DIRECTION('',(0.,-2.22044604925E-16,-1.));
#3519 = ORIENTED_EDGE('',*,*,#3520,.T.);
#3520 = EDGE_CURVE('',#3512,#3521,#3523,.T.);
#3521 = VERTEX_POINT('',#3522);
#3522 = CARTESIAN_POINT('',(65.8,-58.18,9.));
#3523 = LINE('',#3524,#3525);
#3524 = CARTESIAN_POINT('',(57.8,-58.18,9.));
#3525 = VECTOR('',#3526,1.);
#3526 = DIRECTION('',(1.,-1.354472090043E-31,-6.1E-16));
#3527 = ORIENTED_EDGE('',*,*,#3528,.T.);
#3528 = EDGE_CURVE('',#3521,#3529,#3531,.T.);
#3529 = VERTEX_POINT('',#3530);
#3530 = CARTESIAN_POINT('',(67.8,-58.18,7.));
#3531 = CIRCLE('',#3532,2.);
#3532 = AXIS2_PLACEMENT_3D('',#3533,#3534,#3535);
#3533 = CARTESIAN_POINT('',(65.8,-58.18,7.));
#3534 = DIRECTION('',(0.,1.,-2.22044604925E-16));
#3535 = DIRECTION('',(0.,-2.22044604925E-16,-1.));
#3536 = ORIENTED_EDGE('',*,*,#3537,.T.);
#3537 = EDGE_CURVE('',#3529,#362,#3538,.T.);
#3538 = LINE('',#3539,#3540);
#3539 = CARTESIAN_POINT('',(67.8,-58.18,9.));
#3540 = VECTOR('',#3541,1.);
#3541 = DIRECTION('',(-6.1E-16,-2.22044604925E-16,-1.));
#3542 = ORIENTED_EDGE('',*,*,#369,.T.);
#3543 = ORIENTED_EDGE('',*,*,#3544,.T.);
#3544 = EDGE_CURVE('',#370,#3545,#3547,.T.);
#3545 = VERTEX_POINT('',#3546);
#3546 = CARTESIAN_POINT('',(52.8,-58.18,7.));
#3547 = CIRCLE('',#3548,3.);
#3548 = AXIS2_PLACEMENT_3D('',#3549,#3550,#3551);
#3549 = CARTESIAN_POINT('',(55.8,-58.18,7.));
#3550 = DIRECTION('',(0.,1.,-2.22044604925E-16));
#3551 = DIRECTION('',(0.,-2.22044604925E-16,-1.));
#3552 = ORIENTED_EDGE('',*,*,#3553,.T.);
#3553 = EDGE_CURVE('',#3545,#3554,#3556,.T.);
#3554 = VERTEX_POINT('',#3555);
#3555 = CARTESIAN_POINT('',(52.8,-58.18,46.5));
#3556 = LINE('',#3557,#3558);
#3557 = CARTESIAN_POINT('',(52.8,-58.18,4.));
#3558 = VECTOR('',#3559,1.);
#3559 = DIRECTION('',(6.1E-16,2.22044604925E-16,1.));
#3560 = ORIENTED_EDGE('',*,*,#3561,.T.);
#3561 = EDGE_CURVE('',#3554,#3562,#3564,.T.);
#3562 = VERTEX_POINT('',#3563);
#3563 = CARTESIAN_POINT('',(49.8,-58.18,50.5));
#3564 = LINE('',#3565,#3566);
#3565 = CARTESIAN_POINT('',(52.8,-58.18,46.5));
#3566 = VECTOR('',#3567,1.);
#3567 = DIRECTION('',(-0.6,1.7763568394E-16,0.8));
#3568 = ORIENTED_EDGE('',*,*,#3569,.T.);
#3569 = EDGE_CURVE('',#3562,#3570,#3572,.T.);
#3570 = VERTEX_POINT('',#3571);
#3571 = CARTESIAN_POINT('',(30.3,-58.18,50.5));
#3572 = LINE('',#3573,#3574);
#3573 = CARTESIAN_POINT('',(49.8,-58.18,50.5));
#3574 = VECTOR('',#3575,1.);
#3575 = DIRECTION('',(-1.,1.354472090043E-31,6.1E-16));
#3576 = ORIENTED_EDGE('',*,*,#3577,.T.);
#3577 = EDGE_CURVE('',#3570,#3578,#3580,.T.);
#3578 = VERTEX_POINT('',#3579);
#3579 = CARTESIAN_POINT('',(27.2,-58.18,46.576990950813));
#3580 = LINE('',#3581,#3582);
#3581 = CARTESIAN_POINT('',(30.3,-58.18,50.5));
#3582 = VECTOR('',#3583,1.);
#3583 = DIRECTION('',(-0.62,-1.742165988888E-16,-0.784601809837));
#3584 = ORIENTED_EDGE('',*,*,#3585,.T.);
#3585 = EDGE_CURVE('',#3578,#2476,#3586,.T.);
#3586 = LINE('',#3587,#3588);
#3587 = CARTESIAN_POINT('',(27.2,-58.18,46.576990950813));
#3588 = VECTOR('',#3589,1.);
#3589 = DIRECTION('',(-6.1E-16,-2.22044604925E-16,-1.));
#3590 = ORIENTED_EDGE('',*,*,#2483,.T.);
#3591 = ORIENTED_EDGE('',*,*,#292,.T.);
#3592 = FACE_BOUND('',#3593,.F.);
#3593 = EDGE_LOOP('',(#3594));
#3594 = ORIENTED_EDGE('',*,*,#3595,.T.);
#3595 = EDGE_CURVE('',#3596,#3596,#3598,.T.);
#3596 = VERTEX_POINT('',#3597);
#3597 = CARTESIAN_POINT('',(53.55,-58.18,12.5));
#3598 = CIRCLE('',#3599,1.45);
#3599 = AXIS2_PLACEMENT_3D('',#3600,#3601,#3602);
#3600 = CARTESIAN_POINT('',(55.,-58.18,12.5));
#3601 = DIRECTION('',(0.,-1.,2.22044604925E-16));
#3602 = DIRECTION('',(-1.,5.329070518201E-32,2.4E-16));
#3603 = FACE_BOUND('',#3604,.F.);
#3604 = EDGE_LOOP('',(#3605));
#3605 = ORIENTED_EDGE('',*,*,#3606,.T.);
#3606 = EDGE_CURVE('',#3607,#3607,#3609,.T.);
#3607 = VERTEX_POINT('',#3608);
#3608 = CARTESIAN_POINT('',(53.55,-58.18,29.5));
#3609 = CIRCLE('',#3610,1.45);
#3610 = AXIS2_PLACEMENT_3D('',#3611,#3612,#3613);
#3611 = CARTESIAN_POINT('',(55.,-58.18,29.5));
#3612 = DIRECTION('',(0.,-1.,2.22044604925E-16));
#3613 = DIRECTION('',(-1.,5.329070518201E-32,2.4E-16));
#3614 = FACE_BOUND('',#3615,.F.);
#3615 = EDGE_LOOP('',(#3616));
#3616 = ORIENTED_EDGE('',*,*,#3617,.F.);
#3617 = EDGE_CURVE('',#3618,#3618,#3620,.T.);
#3618 = VERTEX_POINT('',#3619);
#3619 = CARTESIAN_POINT('',(26.45,-58.18,12.5));
#3620 = CIRCLE('',#3621,1.45);
#3621 = AXIS2_PLACEMENT_3D('',#3622,#3623,#3624);
#3622 = CARTESIAN_POINT('',(25.,-58.18,12.5));
#3623 = DIRECTION('',(0.,1.,-2.22044604925E-16));
#3624 = DIRECTION('',(1.,-1.354472090043E-31,-6.1E-16));
#3625 = FACE_BOUND('',#3626,.F.);
#3626 = EDGE_LOOP('',(#3627));
#3627 = ORIENTED_EDGE('',*,*,#3628,.F.);
#3628 = EDGE_CURVE('',#3629,#3629,#3631,.T.);
#3629 = VERTEX_POINT('',#3630);
#3630 = CARTESIAN_POINT('',(26.45,-58.18,29.5));
#3631 = CIRCLE('',#3632,1.45);
#3632 = AXIS2_PLACEMENT_3D('',#3633,#3634,#3635);
#3633 = CARTESIAN_POINT('',(25.,-58.18,29.5));
#3634 = DIRECTION('',(0.,1.,-2.22044604925E-16));
#3635 = DIRECTION('',(1.,-1.354472090043E-31,-6.1E-16));
#3636 = FACE_BOUND('',#3637,.F.);
#3637 = EDGE_LOOP('',(#3638));
#3638 = ORIENTED_EDGE('',*,*,#3639,.T.);
#3639 = EDGE_CURVE('',#3640,#3640,#3642,.T.);
#3640 = VERTEX_POINT('',#3641);
#3641 = CARTESIAN_POINT('',(53.55,-58.18,46.5));
#3642 = CIRCLE('',#3643,1.45);
#3643 = AXIS2_PLACEMENT_3D('',#3644,#3645,#3646);
#3644 = CARTESIAN_POINT('',(55.,-58.18,46.5));
#3645 = DIRECTION('',(0.,-1.,2.22044604925E-16));
#3646 = DIRECTION('',(-1.,5.329070518201E-32,2.4E-16));
#3647 = FACE_BOUND('',#3648,.F.);
#3648 = EDGE_LOOP('',(#3649));
#3649 = ORIENTED_EDGE('',*,*,#3650,.T.);
#3650 = EDGE_CURVE('',#3651,#3651,#3653,.T.);
#3651 = VERTEX_POINT('',#3652);
#3652 = CARTESIAN_POINT('',(47.05,-58.18,52.8));
#3653 = CIRCLE('',#3654,1.45);
#3654 = AXIS2_PLACEMENT_3D('',#3655,#3656,#3657);
#3655 = CARTESIAN_POINT('',(48.5,-58.18,52.8));
#3656 = DIRECTION('',(0.,-1.,2.22044604925E-16));
#3657 = DIRECTION('',(-1.,5.329070518201E-32,2.4E-16));
#3658 = FACE_BOUND('',#3659,.F.);
#3659 = EDGE_LOOP('',(#3660));
#3660 = ORIENTED_EDGE('',*,*,#3661,.F.);
#3661 = EDGE_CURVE('',#3662,#3662,#3664,.T.);
#3662 = VERTEX_POINT('',#3663);
#3663 = CARTESIAN_POINT('',(26.45,-58.18,46.5));
#3664 = CIRCLE('',#3665,1.45);
#3665 = AXIS2_PLACEMENT_3D('',#3666,#3667,#3668);
#3666 = CARTESIAN_POINT('',(25.,-58.18,46.5));
#3667 = DIRECTION('',(0.,1.,-2.22044604925E-16));
#3668 = DIRECTION('',(1.,-1.354472090043E-31,-6.1E-16));
#3669 = FACE_BOUND('',#3670,.F.);
#3670 = EDGE_LOOP('',(#3671));
#3671 = ORIENTED_EDGE('',*,*,#3672,.F.);
#3672 = EDGE_CURVE('',#3673,#3673,#3675,.T.);
#3673 = VERTEX_POINT('',#3674);
#3674 = CARTESIAN_POINT('',(32.95,-58.18,52.8));
#3675 = CIRCLE('',#3676,1.45);
#3676 = AXIS2_PLACEMENT_3D('',#3677,#3678,#3679);
#3677 = CARTESIAN_POINT('',(31.5,-58.18,52.8));
#3678 = DIRECTION('',(0.,1.,-2.22044604925E-16));
#3679 = DIRECTION('',(1.,-1.354472090043E-31,-6.1E-16));
#3680 = PLANE('',#3681);
#3681 = AXIS2_PLACEMENT_3D('',#3682,#3683,#3684);
#3682 = CARTESIAN_POINT('',(40.000850933091,-58.18,28.93648228298));
#3683 = DIRECTION('',(0.,1.,-2.22044604925E-16));
#3684 = DIRECTION('',(-1.,1.354472090043E-31,6.1E-16));
#3685 = ADVANCED_FACE('',(#3686),#3697,.F.);
#3686 = FACE_BOUND('',#3687,.F.);
#3687 = EDGE_LOOP('',(#3688,#3694,#3695,#3696));
#3688 = ORIENTED_EDGE('',*,*,#3689,.F.);
#3689 = EDGE_CURVE('',#349,#918,#3690,.T.);
#3690 = LINE('',#3691,#3692);
#3691 = CARTESIAN_POINT('',(77.7,-56.,4.));
#3692 = VECTOR('',#3693,1.);
#3693 = DIRECTION('',(-7.E-17,-0.,-1.));
#3694 = ORIENTED_EDGE('',*,*,#348,.T.);
#3695 = ORIENTED_EDGE('',*,*,#3689,.T.);
#3696 = ORIENTED_EDGE('',*,*,#917,.F.);
#3697 = CYLINDRICAL_SURFACE('',#3698,1.7);
#3698 = AXIS2_PLACEMENT_3D('',#3699,#3700,#3701);
#3699 = CARTESIAN_POINT('',(76.,-56.,4.));
#3700 = DIRECTION('',(0.,0.,-1.));
#3701 = DIRECTION('',(1.,0.,0.));
#3702 = ADVANCED_FACE('',(#3703),#3714,.T.);
#3703 = FACE_BOUND('',#3704,.T.);
#3704 = EDGE_LOOP('',(#3705,#3706,#3707,#3708));
#3705 = ORIENTED_EDGE('',*,*,#3537,.T.);
#3706 = ORIENTED_EDGE('',*,*,#359,.F.);
#3707 = ORIENTED_EDGE('',*,*,#3232,.F.);
#3708 = ORIENTED_EDGE('',*,*,#3709,.T.);
#3709 = EDGE_CURVE('',#3224,#3529,#3710,.T.);
#3710 = LINE('',#3711,#3712);
#3711 = CARTESIAN_POINT('',(67.8,-17.18,7.));
#3712 = VECTOR('',#3713,1.);
#3713 = DIRECTION('',(0.,-1.,2.22044604925E-16));
#3714 = PLANE('',#3715);
#3715 = AXIS2_PLACEMENT_3D('',#3716,#3717,#3718);
#3716 = CARTESIAN_POINT('',(67.8,-37.68,6.5));
#3717 = DIRECTION('',(1.,-2.6645352591E-32,-1.2E-16));
#3718 = DIRECTION('',(0.,1.,-2.22044604925E-16));
#3719 = ADVANCED_FACE('',(#3720),#3731,.T.);
#3720 = FACE_BOUND('',#3721,.T.);
#3721 = EDGE_LOOP('',(#3722,#3723,#3724,#3730));
#3722 = ORIENTED_EDGE('',*,*,#409,.T.);
#3723 = ORIENTED_EDGE('',*,*,#2801,.T.);
#3724 = ORIENTED_EDGE('',*,*,#3725,.F.);
#3725 = EDGE_CURVE('',#3240,#2802,#3726,.T.);
#3726 = LINE('',#3727,#3728);
#3727 = CARTESIAN_POINT('',(52.8,-17.18,7.));
#3728 = VECTOR('',#3729,1.);
#3729 = DIRECTION('',(0.,-1.,2.22044604925E-16));
#3730 = ORIENTED_EDGE('',*,*,#3239,.F.);
#3731 = CYLINDRICAL_SURFACE('',#3732,3.);
#3732 = AXIS2_PLACEMENT_3D('',#3733,#3734,#3735);
#3733 = CARTESIAN_POINT('',(55.8,-17.18,7.));
#3734 = DIRECTION('',(0.,-1.,2.22044604925E-16));
#3735 = DIRECTION('',(-1.2E-16,-2.22044604925E-16,-1.));
#3736 = ADVANCED_FACE('',(#3737),#3748,.T.);
#3737 = FACE_BOUND('',#3738,.T.);
#3738 = EDGE_LOOP('',(#3739,#3740,#3741,#3742));
#3739 = ORIENTED_EDGE('',*,*,#2969,.T.);
#3740 = ORIENTED_EDGE('',*,*,#393,.T.);
#3741 = ORIENTED_EDGE('',*,*,#2674,.F.);
#3742 = ORIENTED_EDGE('',*,*,#3743,.F.);
#3743 = EDGE_CURVE('',#2962,#2667,#3744,.T.);
#3744 = LINE('',#3745,#3746);
#3745 = CARTESIAN_POINT('',(60.,-22.18,9.));
#3746 = VECTOR('',#3747,1.);
#3747 = DIRECTION('',(-0.,-1.,2.044604925031E-18));
#3748 = PLANE('',#3749);
#3749 = AXIS2_PLACEMENT_3D('',#3750,#3751,#3752);
#3750 = CARTESIAN_POINT('',(60.,-22.18,9.));
#3751 = DIRECTION('',(-1.,5.329070518201E-32,2.4E-16));
#3752 = DIRECTION('',(-5.28E-32,-1.,2.044604925031E-18));
#3753 = ADVANCED_FACE('',(#3754),#3765,.T.);
#3754 = FACE_BOUND('',#3755,.T.);
#3755 = EDGE_LOOP('',(#3756,#3757,#3758,#3764));
#3756 = ORIENTED_EDGE('',*,*,#377,.T.);
#3757 = ORIENTED_EDGE('',*,*,#3544,.T.);
#3758 = ORIENTED_EDGE('',*,*,#3759,.F.);
#3759 = EDGE_CURVE('',#2508,#3545,#3760,.T.);
#3760 = LINE('',#3761,#3762);
#3761 = CARTESIAN_POINT('',(52.8,-53.18,7.));
#3762 = VECTOR('',#3763,1.);
#3763 = DIRECTION('',(0.,-1.,2.22044604925E-16));
#3764 = ORIENTED_EDGE('',*,*,#2507,.F.);
#3765 = CYLINDRICAL_SURFACE('',#3766,3.);
#3766 = AXIS2_PLACEMENT_3D('',#3767,#3768,#3769);
#3767 = CARTESIAN_POINT('',(55.8,-53.18,7.));
#3768 = DIRECTION('',(0.,-1.,2.22044604925E-16));
#3769 = DIRECTION('',(-1.2E-16,-2.22044604925E-16,-1.));
#3770 = ADVANCED_FACE('',(#3771),#3782,.F.);
#3771 = FACE_BOUND('',#3772,.F.);
#3772 = EDGE_LOOP('',(#3773,#3779,#3780,#3781));
#3773 = ORIENTED_EDGE('',*,*,#3774,.T.);
#3774 = EDGE_CURVE('',#426,#852,#3775,.T.);
#3775 = LINE('',#3776,#3777);
#3776 = CARTESIAN_POINT('',(-74.3,0.,4.));
#3777 = VECTOR('',#3778,1.);
#3778 = DIRECTION('',(-7.E-17,0.,-1.));
#3779 = ORIENTED_EDGE('',*,*,#851,.F.);
#3780 = ORIENTED_EDGE('',*,*,#3774,.F.);
#3781 = ORIENTED_EDGE('',*,*,#425,.F.);
#3782 = CYLINDRICAL_SURFACE('',#3783,1.7);
#3783 = AXIS2_PLACEMENT_3D('',#3784,#3785,#3786);
#3784 = CARTESIAN_POINT('',(-76.,0.,4.));
#3785 = DIRECTION('',(-0.,-0.,-1.));
#3786 = DIRECTION('',(1.,0.,0.));
#3787 = ADVANCED_FACE('',(#3788),#3815,.T.);
#3788 = FACE_BOUND('',#3789,.T.);
#3789 = EDGE_LOOP('',(#3790,#3800,#3807,#3808));
#3790 = ORIENTED_EDGE('',*,*,#3791,.T.);
#3791 = EDGE_CURVE('',#3792,#3794,#3796,.T.);
#3792 = VERTEX_POINT('',#3793);
#3793 = CARTESIAN_POINT('',(-52.8,22.18,7.));
#3794 = VERTEX_POINT('',#3795);
#3795 = CARTESIAN_POINT('',(-52.8,17.18,7.));
#3796 = LINE('',#3797,#3798);
#3797 = CARTESIAN_POINT('',(-52.8,22.18,7.));
#3798 = VECTOR('',#3799,1.);
#3799 = DIRECTION('',(0.,-1.,2.22044604925E-16));
#3800 = ORIENTED_EDGE('',*,*,#3801,.T.);
#3801 = EDGE_CURVE('',#3794,#439,#3802,.T.);
#3802 = CIRCLE('',#3803,3.);
#3803 = AXIS2_PLACEMENT_3D('',#3804,#3805,#3806);
#3804 = CARTESIAN_POINT('',(-55.8,17.18,7.));
#3805 = DIRECTION('',(0.,1.,-2.22044604925E-16));
#3806 = DIRECTION('',(0.,-2.22044604925E-16,-1.));
#3807 = ORIENTED_EDGE('',*,*,#436,.F.);
#3808 = ORIENTED_EDGE('',*,*,#3809,.F.);
#3809 = EDGE_CURVE('',#3792,#437,#3810,.T.);
#3810 = CIRCLE('',#3811,3.);
#3811 = AXIS2_PLACEMENT_3D('',#3812,#3813,#3814);
#3812 = CARTESIAN_POINT('',(-55.8,22.18,7.));
#3813 = DIRECTION('',(0.,1.,-2.22044604925E-16));
#3814 = DIRECTION('',(0.,-2.22044604925E-16,-1.));
#3815 = CYLINDRICAL_SURFACE('',#3816,3.);
#3816 = AXIS2_PLACEMENT_3D('',#3817,#3818,#3819);
#3817 = CARTESIAN_POINT('',(-55.8,22.18,7.));
#3818 = DIRECTION('',(0.,-1.,2.22044604925E-16));
#3819 = DIRECTION('',(1.,-1.354472090043E-31,-6.1E-16));
#3820 = ADVANCED_FACE('',(#3821,#3997,#4008,#4019,#4030,#4041,#4052,
    #4063,#4074),#4085,.T.);
#3821 = FACE_BOUND('',#3822,.T.);
#3822 = EDGE_LOOP('',(#3823,#3824,#3833,#3841,#3849,#3857,#3865,#3871,
    #3872,#3873,#3881,#3889,#3898,#3906,#3915,#3923,#3932,#3940,#3949,
    #3957,#3966,#3974,#3983,#3991));
#3823 = ORIENTED_EDGE('',*,*,#539,.T.);
#3824 = ORIENTED_EDGE('',*,*,#3825,.T.);
#3825 = EDGE_CURVE('',#532,#3826,#3828,.T.);
#3826 = VERTEX_POINT('',#3827);
#3827 = CARTESIAN_POINT('',(-27.2,22.18,7.));
#3828 = CIRCLE('',#3829,3.);
#3829 = AXIS2_PLACEMENT_3D('',#3830,#3831,#3832);
#3830 = CARTESIAN_POINT('',(-24.2,22.18,7.));
#3831 = DIRECTION('',(0.,1.,-2.22044604925E-16));
#3832 = DIRECTION('',(0.,-2.22044604925E-16,-1.));
#3833 = ORIENTED_EDGE('',*,*,#3834,.T.);
#3834 = EDGE_CURVE('',#3826,#3835,#3837,.T.);
#3835 = VERTEX_POINT('',#3836);
#3836 = CARTESIAN_POINT('',(-27.2,22.18,46.5));
#3837 = LINE('',#3838,#3839);
#3838 = CARTESIAN_POINT('',(-27.2,22.18,4.));
#3839 = VECTOR('',#3840,1.);
#3840 = DIRECTION('',(6.1E-16,2.22044604925E-16,1.));
#3841 = ORIENTED_EDGE('',*,*,#3842,.T.);
#3842 = EDGE_CURVE('',#3835,#3843,#3845,.T.);
#3843 = VERTEX_POINT('',#3844);
#3844 = CARTESIAN_POINT('',(-30.2,22.18,50.5));
#3845 = LINE('',#3846,#3847);
#3846 = CARTESIAN_POINT('',(-27.2,22.18,46.5));
#3847 = VECTOR('',#3848,1.);
#3848 = DIRECTION('',(-0.6,1.7763568394E-16,0.8));
#3849 = ORIENTED_EDGE('',*,*,#3850,.T.);
#3850 = EDGE_CURVE('',#3843,#3851,#3853,.T.);
#3851 = VERTEX_POINT('',#3852);
#3852 = CARTESIAN_POINT('',(-49.7,22.18,50.5));
#3853 = LINE('',#3854,#3855);
#3854 = CARTESIAN_POINT('',(-30.2,22.18,50.5));
#3855 = VECTOR('',#3856,1.);
#3856 = DIRECTION('',(-1.,1.354472090043E-31,6.1E-16));
#3857 = ORIENTED_EDGE('',*,*,#3858,.T.);
#3858 = EDGE_CURVE('',#3851,#3859,#3861,.T.);
#3859 = VERTEX_POINT('',#3860);
#3860 = CARTESIAN_POINT('',(-52.8,22.18,46.576990950813));
#3861 = LINE('',#3862,#3863);
#3862 = CARTESIAN_POINT('',(-49.7,22.18,50.5));
#3863 = VECTOR('',#3864,1.);
#3864 = DIRECTION('',(-0.62,-1.742165988888E-16,-0.784601809837));
#3865 = ORIENTED_EDGE('',*,*,#3866,.T.);
#3866 = EDGE_CURVE('',#3859,#3792,#3867,.T.);
#3867 = LINE('',#3868,#3869);
#3868 = CARTESIAN_POINT('',(-52.8,22.18,46.576990950813));
#3869 = VECTOR('',#3870,1.);
#3870 = DIRECTION('',(-6.1E-16,-2.22044604925E-16,-1.));
#3871 = ORIENTED_EDGE('',*,*,#3809,.T.);
#3872 = ORIENTED_EDGE('',*,*,#494,.T.);
#3873 = ORIENTED_EDGE('',*,*,#3874,.F.);
#3874 = EDGE_CURVE('',#3875,#487,#3877,.T.);
#3875 = VERTEX_POINT('',#3876);
#3876 = CARTESIAN_POINT('',(-60.,22.18,9.));
#3877 = LINE('',#3878,#3879);
#3878 = CARTESIAN_POINT('',(-60.,22.18,9.));
#3879 = VECTOR('',#3880,1.);
#3880 = DIRECTION('',(-3.7E-16,-2.044604925031E-18,-1.));
#3881 = ORIENTED_EDGE('',*,*,#3882,.T.);
#3882 = EDGE_CURVE('',#3875,#3883,#3885,.T.);
#3883 = VERTEX_POINT('',#3884);
#3884 = CARTESIAN_POINT('',(-59.8,22.18,9.));
#3885 = LINE('',#3886,#3887);
#3886 = CARTESIAN_POINT('',(-67.8,22.18,9.));
#3887 = VECTOR('',#3888,1.);
#3888 = DIRECTION('',(1.,-1.354472090043E-31,-6.1E-16));
#3889 = ORIENTED_EDGE('',*,*,#3890,.F.);
#3890 = EDGE_CURVE('',#3891,#3883,#3893,.T.);
#3891 = VERTEX_POINT('',#3892);
#3892 = CARTESIAN_POINT('',(-57.8,22.18,11.));
#3893 = CIRCLE('',#3894,2.);
#3894 = AXIS2_PLACEMENT_3D('',#3895,#3896,#3897);
#3895 = CARTESIAN_POINT('',(-59.8,22.18,11.));
#3896 = DIRECTION('',(0.,1.,-2.22044604925E-16));
#3897 = DIRECTION('',(0.,-2.22044604925E-16,-1.));
#3898 = ORIENTED_EDGE('',*,*,#3899,.T.);
#3899 = EDGE_CURVE('',#3891,#3900,#3902,.T.);
#3900 = VERTEX_POINT('',#3901);
#3901 = CARTESIAN_POINT('',(-57.8,22.18,48.376273101108));
#3902 = LINE('',#3903,#3904);
#3903 = CARTESIAN_POINT('',(-57.8,22.18,9.));
#3904 = VECTOR('',#3905,1.);
#3905 = DIRECTION('',(6.1E-16,2.22044604925E-16,1.));
#3906 = ORIENTED_EDGE('',*,*,#3907,.T.);
#3907 = EDGE_CURVE('',#3900,#3908,#3910,.T.);
#3908 = VERTEX_POINT('',#3909);
#3909 = CARTESIAN_POINT('',(-57.04436342696,22.18,50.366959617789));
#3910 = CIRCLE('',#3911,3.);
#3911 = AXIS2_PLACEMENT_3D('',#3912,#3913,#3914);
#3912 = CARTESIAN_POINT('',(-54.8,22.18,48.376273101108));
#3913 = DIRECTION('',(0.,1.,-2.22044604925E-16));
#3914 = DIRECTION('',(0.,-2.22044604925E-16,-1.));
#3915 = ORIENTED_EDGE('',*,*,#3916,.T.);
#3916 = EDGE_CURVE('',#3908,#3917,#3919,.T.);
#3917 = VERTEX_POINT('',#3918);
#3918 = CARTESIAN_POINT('',(-53.38673497095,22.18,54.490686516681));
#3919 = LINE('',#3920,#3921);
#3920 = CARTESIAN_POINT('',(-57.8,22.18,49.515030861361));
#3921 = VECTOR('',#3922,1.);
#3922 = DIRECTION('',(0.663562172227,1.66116263483E-16,0.748121142322));
#3923 = ORIENTED_EDGE('',*,*,#3924,.T.);
#3924 = EDGE_CURVE('',#3917,#3925,#3927,.T.);
#3925 = VERTEX_POINT('',#3926);
#3926 = CARTESIAN_POINT('',(-51.14237154399,22.18,55.5));
#3927 = CIRCLE('',#3928,3.);
#3928 = AXIS2_PLACEMENT_3D('',#3929,#3930,#3931);
#3929 = CARTESIAN_POINT('',(-51.14237154399,22.18,52.5));
#3930 = DIRECTION('',(0.,1.,-2.22044604925E-16));
#3931 = DIRECTION('',(0.,-2.22044604925E-16,-1.));
#3932 = ORIENTED_EDGE('',*,*,#3933,.T.);
#3933 = EDGE_CURVE('',#3925,#3934,#3936,.T.);
#3934 = VERTEX_POINT('',#3935);
#3935 = CARTESIAN_POINT('',(-28.84575131107,22.18,55.5));
#3936 = LINE('',#3937,#3938);
#3937 = CARTESIAN_POINT('',(-52.49150262212,22.18,55.5));
#3938 = VECTOR('',#3939,1.);
#3939 = DIRECTION('',(1.,-1.354472090043E-31,-6.1E-16));
#3940 = ORIENTED_EDGE('',*,*,#3941,.F.);
#3941 = EDGE_CURVE('',#3942,#3934,#3944,.T.);
#3942 = VERTEX_POINT('',#3943);
#3943 = CARTESIAN_POINT('',(-26.59575131107,22.18,54.484313483298));
#3944 = CIRCLE('',#3945,3.);
#3945 = AXIS2_PLACEMENT_3D('',#3946,#3947,#3948);
#3946 = CARTESIAN_POINT('',(-28.84575131107,22.18,52.5));
#3947 = DIRECTION('',(0.,-1.,2.22044604925E-16));
#3948 = DIRECTION('',(0.,-2.22044604925E-16,-1.));
#3949 = ORIENTED_EDGE('',*,*,#3950,.T.);
#3950 = EDGE_CURVE('',#3942,#3951,#3953,.T.);
#3951 = VERTEX_POINT('',#3952);
#3952 = CARTESIAN_POINT('',(-22.95,22.18,50.350420064271));
#3953 = LINE('',#3954,#3955);
#3954 = CARTESIAN_POINT('',(-27.49150262213,22.18,55.5));
#3955 = VECTOR('',#3956,1.);
#3956 = DIRECTION('',(0.661437827766,-1.665334536938E-16,-0.75));
#3957 = ORIENTED_EDGE('',*,*,#3958,.F.);
#3958 = EDGE_CURVE('',#3959,#3951,#3961,.T.);
#3959 = VERTEX_POINT('',#3960);
#3960 = CARTESIAN_POINT('',(-22.2,22.18,48.366106580972));
#3961 = CIRCLE('',#3962,3.);
#3962 = AXIS2_PLACEMENT_3D('',#3963,#3964,#3965);
#3963 = CARTESIAN_POINT('',(-25.2,22.18,48.366106580972));
#3964 = DIRECTION('',(0.,-1.,2.22044604925E-16));
#3965 = DIRECTION('',(0.,-2.22044604925E-16,-1.));
#3966 = ORIENTED_EDGE('',*,*,#3967,.T.);
#3967 = EDGE_CURVE('',#3959,#3968,#3970,.T.);
#3968 = VERTEX_POINT('',#3969);
#3969 = CARTESIAN_POINT('',(-22.2,22.18,11.));
#3970 = LINE('',#3971,#3972);
#3971 = CARTESIAN_POINT('',(-22.2,22.18,49.5));
#3972 = VECTOR('',#3973,1.);
#3973 = DIRECTION('',(-6.1E-16,-2.22044604925E-16,-1.));
#3974 = ORIENTED_EDGE('',*,*,#3975,.F.);
#3975 = EDGE_CURVE('',#3976,#3968,#3978,.T.);
#3976 = VERTEX_POINT('',#3977);
#3977 = CARTESIAN_POINT('',(-20.2,22.18,9.));
#3978 = CIRCLE('',#3979,2.);
#3979 = AXIS2_PLACEMENT_3D('',#3980,#3981,#3982);
#3980 = CARTESIAN_POINT('',(-20.2,22.18,11.));
#3981 = DIRECTION('',(0.,1.,-2.22044604925E-16));
#3982 = DIRECTION('',(0.,-2.22044604925E-16,-1.));
#3983 = ORIENTED_EDGE('',*,*,#3984,.T.);
#3984 = EDGE_CURVE('',#3976,#3985,#3987,.T.);
#3985 = VERTEX_POINT('',#3986);
#3986 = CARTESIAN_POINT('',(-20.,22.18,9.));
#3987 = LINE('',#3988,#3989);
#3988 = CARTESIAN_POINT('',(-22.2,22.18,9.));
#3989 = VECTOR('',#3990,1.);
#3990 = DIRECTION('',(1.,-1.354472090043E-31,-6.1E-16));
#3991 = ORIENTED_EDGE('',*,*,#3992,.T.);
#3992 = EDGE_CURVE('',#3985,#540,#3993,.T.);
#3993 = LINE('',#3994,#3995);
#3994 = CARTESIAN_POINT('',(-20.,22.18,9.));
#3995 = VECTOR('',#3996,1.);
#3996 = DIRECTION('',(-2.4E-16,-2.044604925031E-18,-1.));
#3997 = FACE_BOUND('',#3998,.T.);
#3998 = EDGE_LOOP('',(#3999));
#3999 = ORIENTED_EDGE('',*,*,#4000,.F.);
#4000 = EDGE_CURVE('',#4001,#4001,#4003,.T.);
#4001 = VERTEX_POINT('',#4002);
#4002 = CARTESIAN_POINT('',(-26.45,22.18,12.5));
#4003 = CIRCLE('',#4004,1.45);
#4004 = AXIS2_PLACEMENT_3D('',#4005,#4006,#4007);
#4005 = CARTESIAN_POINT('',(-25.,22.18,12.5));
#4006 = DIRECTION('',(0.,1.,-2.22044604925E-16));
#4007 = DIRECTION('',(-1.,5.329070518201E-32,2.4E-16));
#4008 = FACE_BOUND('',#4009,.T.);
#4009 = EDGE_LOOP('',(#4010));
#4010 = ORIENTED_EDGE('',*,*,#4011,.F.);
#4011 = EDGE_CURVE('',#4012,#4012,#4014,.T.);
#4012 = VERTEX_POINT('',#4013);
#4013 = CARTESIAN_POINT('',(-26.45,22.18,29.5));
#4014 = CIRCLE('',#4015,1.45);
#4015 = AXIS2_PLACEMENT_3D('',#4016,#4017,#4018);
#4016 = CARTESIAN_POINT('',(-25.,22.18,29.5));
#4017 = DIRECTION('',(0.,1.,-2.22044604925E-16));
#4018 = DIRECTION('',(-1.,5.329070518201E-32,2.4E-16));
#4019 = FACE_BOUND('',#4020,.T.);
#4020 = EDGE_LOOP('',(#4021));
#4021 = ORIENTED_EDGE('',*,*,#4022,.F.);
#4022 = EDGE_CURVE('',#4023,#4023,#4025,.T.);
#4023 = VERTEX_POINT('',#4024);
#4024 = CARTESIAN_POINT('',(-53.55,22.18,12.5));
#4025 = CIRCLE('',#4026,1.45);
#4026 = AXIS2_PLACEMENT_3D('',#4027,#4028,#4029);
#4027 = CARTESIAN_POINT('',(-55.,22.18,12.5));
#4028 = DIRECTION('',(0.,1.,-2.22044604925E-16));
#4029 = DIRECTION('',(1.,-1.354472090043E-31,-6.1E-16));
#4030 = FACE_BOUND('',#4031,.T.);
#4031 = EDGE_LOOP('',(#4032));
#4032 = ORIENTED_EDGE('',*,*,#4033,.F.);
#4033 = EDGE_CURVE('',#4034,#4034,#4036,.T.);
#4034 = VERTEX_POINT('',#4035);
#4035 = CARTESIAN_POINT('',(-53.55,22.18,29.5));
#4036 = CIRCLE('',#4037,1.45);
#4037 = AXIS2_PLACEMENT_3D('',#4038,#4039,#4040);
#4038 = CARTESIAN_POINT('',(-55.,22.18,29.5));
#4039 = DIRECTION('',(0.,1.,-2.22044604925E-16));
#4040 = DIRECTION('',(1.,-1.354472090043E-31,-6.1E-16));
#4041 = FACE_BOUND('',#4042,.T.);
#4042 = EDGE_LOOP('',(#4043));
#4043 = ORIENTED_EDGE('',*,*,#4044,.F.);
#4044 = EDGE_CURVE('',#4045,#4045,#4047,.T.);
#4045 = VERTEX_POINT('',#4046);
#4046 = CARTESIAN_POINT('',(-26.45,22.18,46.5));
#4047 = CIRCLE('',#4048,1.45);
#4048 = AXIS2_PLACEMENT_3D('',#4049,#4050,#4051);
#4049 = CARTESIAN_POINT('',(-25.,22.18,46.5));
#4050 = DIRECTION('',(0.,1.,-2.22044604925E-16));
#4051 = DIRECTION('',(-1.,5.329070518201E-32,2.4E-16));
#4052 = FACE_BOUND('',#4053,.T.);
#4053 = EDGE_LOOP('',(#4054));
#4054 = ORIENTED_EDGE('',*,*,#4055,.F.);
#4055 = EDGE_CURVE('',#4056,#4056,#4058,.T.);
#4056 = VERTEX_POINT('',#4057);
#4057 = CARTESIAN_POINT('',(-32.95,22.18,52.8));
#4058 = CIRCLE('',#4059,1.45);
#4059 = AXIS2_PLACEMENT_3D('',#4060,#4061,#4062);
#4060 = CARTESIAN_POINT('',(-31.5,22.18,52.8));
#4061 = DIRECTION('',(0.,1.,-2.22044604925E-16));
#4062 = DIRECTION('',(-1.,5.329070518201E-32,2.4E-16));
#4063 = FACE_BOUND('',#4064,.T.);
#4064 = EDGE_LOOP('',(#4065));
#4065 = ORIENTED_EDGE('',*,*,#4066,.F.);
#4066 = EDGE_CURVE('',#4067,#4067,#4069,.T.);
#4067 = VERTEX_POINT('',#4068);
#4068 = CARTESIAN_POINT('',(-53.55,22.18,46.5));
#4069 = CIRCLE('',#4070,1.45);
#4070 = AXIS2_PLACEMENT_3D('',#4071,#4072,#4073);
#4071 = CARTESIAN_POINT('',(-55.,22.18,46.5));
#4072 = DIRECTION('',(0.,1.,-2.22044604925E-16));
#4073 = DIRECTION('',(1.,-1.354472090043E-31,-6.1E-16));
#4074 = FACE_BOUND('',#4075,.T.);
#4075 = EDGE_LOOP('',(#4076));
#4076 = ORIENTED_EDGE('',*,*,#4077,.F.);
#4077 = EDGE_CURVE('',#4078,#4078,#4080,.T.);
#4078 = VERTEX_POINT('',#4079);
#4079 = CARTESIAN_POINT('',(-47.05,22.18,52.8));
#4080 = CIRCLE('',#4081,1.45);
#4081 = AXIS2_PLACEMENT_3D('',#4082,#4083,#4084);
#4082 = CARTESIAN_POINT('',(-48.5,22.18,52.8));
#4083 = DIRECTION('',(0.,1.,-2.22044604925E-16));
#4084 = DIRECTION('',(1.,-1.354472090043E-31,-6.1E-16));
#4085 = PLANE('',#4086);
#4086 = AXIS2_PLACEMENT_3D('',#4087,#4088,#4089);
#4087 = CARTESIAN_POINT('',(-39.9991490669,22.18,28.93648228298));
#4088 = DIRECTION('',(0.,1.,-2.22044604925E-16));
#4089 = DIRECTION('',(-1.,1.354472090043E-31,6.1E-16));
#4090 = ADVANCED_FACE('',(#4091),#4109,.T.);
#4091 = FACE_BOUND('',#4092,.F.);
#4092 = EDGE_LOOP('',(#4093,#4101,#4102,#4103));
#4093 = ORIENTED_EDGE('',*,*,#4094,.T.);
#4094 = EDGE_CURVE('',#4095,#479,#4097,.T.);
#4095 = VERTEX_POINT('',#4096);
#4096 = CARTESIAN_POINT('',(-60.,53.18,9.));
#4097 = LINE('',#4098,#4099);
#4098 = CARTESIAN_POINT('',(-60.,53.18,9.));
#4099 = VECTOR('',#4100,1.);
#4100 = DIRECTION('',(-3.7E-16,-2.044604925031E-18,-1.));
#4101 = ORIENTED_EDGE('',*,*,#486,.T.);
#4102 = ORIENTED_EDGE('',*,*,#3874,.F.);
#4103 = ORIENTED_EDGE('',*,*,#4104,.F.);
#4104 = EDGE_CURVE('',#4095,#3875,#4105,.T.);
#4105 = LINE('',#4106,#4107);
#4106 = CARTESIAN_POINT('',(-60.,53.18,9.));
#4107 = VECTOR('',#4108,1.);
#4108 = DIRECTION('',(-0.,-1.,2.044604925031E-18));
#4109 = PLANE('',#4110);
#4110 = AXIS2_PLACEMENT_3D('',#4111,#4112,#4113);
#4111 = CARTESIAN_POINT('',(-60.,53.18,9.));
#4112 = DIRECTION('',(1.,-8.215650382226E-32,-3.7E-16));
#4113 = DIRECTION('',(8.14E-32,1.,-2.044604925031E-18));
#4114 = ADVANCED_FACE('',(#4115,#4292,#4303,#4314,#4325,#4336,#4347,
    #4358,#4369),#4380,.F.);
#4115 = FACE_BOUND('',#4116,.F.);
#4116 = EDGE_LOOP('',(#4117,#4118,#4127,#4135,#4143,#4151,#4159,#4167,
    #4174,#4175,#4176,#4184,#4193,#4201,#4210,#4218,#4227,#4235,#4244,
    #4252,#4261,#4269,#4278,#4286));
#4117 = ORIENTED_EDGE('',*,*,#555,.T.);
#4118 = ORIENTED_EDGE('',*,*,#4119,.T.);
#4119 = EDGE_CURVE('',#556,#4120,#4122,.T.);
#4120 = VERTEX_POINT('',#4121);
#4121 = CARTESIAN_POINT('',(-27.2,53.18,7.));
#4122 = CIRCLE('',#4123,3.);
#4123 = AXIS2_PLACEMENT_3D('',#4124,#4125,#4126);
#4124 = CARTESIAN_POINT('',(-24.2,53.18,7.));
#4125 = DIRECTION('',(0.,1.,-2.22044604925E-16));
#4126 = DIRECTION('',(0.,-2.22044604925E-16,-1.));
#4127 = ORIENTED_EDGE('',*,*,#4128,.T.);
#4128 = EDGE_CURVE('',#4120,#4129,#4131,.T.);
#4129 = VERTEX_POINT('',#4130);
#4130 = CARTESIAN_POINT('',(-27.2,53.18,46.5));
#4131 = LINE('',#4132,#4133);
#4132 = CARTESIAN_POINT('',(-27.2,53.18,4.));
#4133 = VECTOR('',#4134,1.);
#4134 = DIRECTION('',(2.4E-16,2.22044604925E-16,1.));
#4135 = ORIENTED_EDGE('',*,*,#4136,.T.);
#4136 = EDGE_CURVE('',#4129,#4137,#4139,.T.);
#4137 = VERTEX_POINT('',#4138);
#4138 = CARTESIAN_POINT('',(-30.2,53.18,50.5));
#4139 = LINE('',#4140,#4141);
#4140 = CARTESIAN_POINT('',(-27.2,53.18,46.5));
#4141 = VECTOR('',#4142,1.);
#4142 = DIRECTION('',(-0.6,1.7763568394E-16,0.8));
#4143 = ORIENTED_EDGE('',*,*,#4144,.T.);
#4144 = EDGE_CURVE('',#4137,#4145,#4147,.T.);
#4145 = VERTEX_POINT('',#4146);
#4146 = CARTESIAN_POINT('',(-49.7,53.18,50.5));
#4147 = LINE('',#4148,#4149);
#4148 = CARTESIAN_POINT('',(-30.2,53.18,50.5));
#4149 = VECTOR('',#4150,1.);
#4150 = DIRECTION('',(-1.,5.329070518201E-32,2.4E-16));
#4151 = ORIENTED_EDGE('',*,*,#4152,.T.);
#4152 = EDGE_CURVE('',#4145,#4153,#4155,.T.);
#4153 = VERTEX_POINT('',#4154);
#4154 = CARTESIAN_POINT('',(-52.8,53.18,46.576990950813));
#4155 = LINE('',#4156,#4157);
#4156 = CARTESIAN_POINT('',(-49.7,53.18,50.5));
#4157 = VECTOR('',#4158,1.);
#4158 = DIRECTION('',(-0.62,-1.742165988888E-16,-0.784601809837));
#4159 = ORIENTED_EDGE('',*,*,#4160,.T.);
#4160 = EDGE_CURVE('',#4153,#4161,#4163,.T.);
#4161 = VERTEX_POINT('',#4162);
#4162 = CARTESIAN_POINT('',(-52.8,53.18,7.));
#4163 = LINE('',#4164,#4165);
#4164 = CARTESIAN_POINT('',(-52.8,53.18,46.576990950813));
#4165 = VECTOR('',#4166,1.);
#4166 = DIRECTION('',(-2.4E-16,-2.22044604925E-16,-1.));
#4167 = ORIENTED_EDGE('',*,*,#4168,.F.);
#4168 = EDGE_CURVE('',#471,#4161,#4169,.T.);
#4169 = CIRCLE('',#4170,3.);
#4170 = AXIS2_PLACEMENT_3D('',#4171,#4172,#4173);
#4171 = CARTESIAN_POINT('',(-55.8,53.18,7.));
#4172 = DIRECTION('',(0.,-1.,2.22044604925E-16));
#4173 = DIRECTION('',(0.,-2.22044604925E-16,-1.));
#4174 = ORIENTED_EDGE('',*,*,#478,.T.);
#4175 = ORIENTED_EDGE('',*,*,#4094,.F.);
#4176 = ORIENTED_EDGE('',*,*,#4177,.T.);
#4177 = EDGE_CURVE('',#4095,#4178,#4180,.T.);
#4178 = VERTEX_POINT('',#4179);
#4179 = CARTESIAN_POINT('',(-59.8,53.18,9.));
#4180 = LINE('',#4181,#4182);
#4181 = CARTESIAN_POINT('',(-67.8,53.18,9.));
#4182 = VECTOR('',#4183,1.);
#4183 = DIRECTION('',(1.,-5.329070518201E-32,-2.4E-16));
#4184 = ORIENTED_EDGE('',*,*,#4185,.T.);
#4185 = EDGE_CURVE('',#4178,#4186,#4188,.T.);
#4186 = VERTEX_POINT('',#4187);
#4187 = CARTESIAN_POINT('',(-57.8,53.18,11.));
#4188 = CIRCLE('',#4189,2.);
#4189 = AXIS2_PLACEMENT_3D('',#4190,#4191,#4192);
#4190 = CARTESIAN_POINT('',(-59.8,53.18,11.));
#4191 = DIRECTION('',(0.,-1.,2.22044604925E-16));
#4192 = DIRECTION('',(0.,-2.22044604925E-16,-1.));
#4193 = ORIENTED_EDGE('',*,*,#4194,.T.);
#4194 = EDGE_CURVE('',#4186,#4195,#4197,.T.);
#4195 = VERTEX_POINT('',#4196);
#4196 = CARTESIAN_POINT('',(-57.8,53.18,48.376273101108));
#4197 = LINE('',#4198,#4199);
#4198 = CARTESIAN_POINT('',(-57.8,53.18,9.));
#4199 = VECTOR('',#4200,1.);
#4200 = DIRECTION('',(2.4E-16,2.22044604925E-16,1.));
#4201 = ORIENTED_EDGE('',*,*,#4202,.F.);
#4202 = EDGE_CURVE('',#4203,#4195,#4205,.T.);
#4203 = VERTEX_POINT('',#4204);
#4204 = CARTESIAN_POINT('',(-57.04436342696,53.18,50.366959617789));
#4205 = CIRCLE('',#4206,3.);
#4206 = AXIS2_PLACEMENT_3D('',#4207,#4208,#4209);
#4207 = CARTESIAN_POINT('',(-54.8,53.18,48.376273101108));
#4208 = DIRECTION('',(0.,-1.,2.22044604925E-16));
#4209 = DIRECTION('',(0.,-2.22044604925E-16,-1.));
#4210 = ORIENTED_EDGE('',*,*,#4211,.T.);
#4211 = EDGE_CURVE('',#4203,#4212,#4214,.T.);
#4212 = VERTEX_POINT('',#4213);
#4213 = CARTESIAN_POINT('',(-53.38673497095,53.18,54.490686516681));
#4214 = LINE('',#4215,#4216);
#4215 = CARTESIAN_POINT('',(-57.8,53.18,49.515030861361));
#4216 = VECTOR('',#4217,1.);
#4217 = DIRECTION('',(0.663562172227,1.66116263483E-16,0.748121142322));
#4218 = ORIENTED_EDGE('',*,*,#4219,.F.);
#4219 = EDGE_CURVE('',#4220,#4212,#4222,.T.);
#4220 = VERTEX_POINT('',#4221);
#4221 = CARTESIAN_POINT('',(-51.14237154399,53.18,55.5));
#4222 = CIRCLE('',#4223,3.);
#4223 = AXIS2_PLACEMENT_3D('',#4224,#4225,#4226);
#4224 = CARTESIAN_POINT('',(-51.14237154399,53.18,52.5));
#4225 = DIRECTION('',(0.,-1.,2.22044604925E-16));
#4226 = DIRECTION('',(0.,-2.22044604925E-16,-1.));
#4227 = ORIENTED_EDGE('',*,*,#4228,.T.);
#4228 = EDGE_CURVE('',#4220,#4229,#4231,.T.);
#4229 = VERTEX_POINT('',#4230);
#4230 = CARTESIAN_POINT('',(-28.84575131107,53.18,55.5));
#4231 = LINE('',#4232,#4233);
#4232 = CARTESIAN_POINT('',(-52.49150262212,53.18,55.5));
#4233 = VECTOR('',#4234,1.);
#4234 = DIRECTION('',(1.,-5.329070518201E-32,-2.4E-16));
#4235 = ORIENTED_EDGE('',*,*,#4236,.F.);
#4236 = EDGE_CURVE('',#4237,#4229,#4239,.T.);
#4237 = VERTEX_POINT('',#4238);
#4238 = CARTESIAN_POINT('',(-26.59575131107,53.18,54.484313483298));
#4239 = CIRCLE('',#4240,3.);
#4240 = AXIS2_PLACEMENT_3D('',#4241,#4242,#4243);
#4241 = CARTESIAN_POINT('',(-28.84575131107,53.18,52.5));
#4242 = DIRECTION('',(0.,-1.,2.22044604925E-16));
#4243 = DIRECTION('',(0.,-2.22044604925E-16,-1.));
#4244 = ORIENTED_EDGE('',*,*,#4245,.T.);
#4245 = EDGE_CURVE('',#4237,#4246,#4248,.T.);
#4246 = VERTEX_POINT('',#4247);
#4247 = CARTESIAN_POINT('',(-22.95,53.18,50.350420064271));
#4248 = LINE('',#4249,#4250);
#4249 = CARTESIAN_POINT('',(-27.49150262213,53.18,55.5));
#4250 = VECTOR('',#4251,1.);
#4251 = DIRECTION('',(0.661437827766,-1.665334536938E-16,-0.75));
#4252 = ORIENTED_EDGE('',*,*,#4253,.F.);
#4253 = EDGE_CURVE('',#4254,#4246,#4256,.T.);
#4254 = VERTEX_POINT('',#4255);
#4255 = CARTESIAN_POINT('',(-22.2,53.18,48.366106580972));
#4256 = CIRCLE('',#4257,3.);
#4257 = AXIS2_PLACEMENT_3D('',#4258,#4259,#4260);
#4258 = CARTESIAN_POINT('',(-25.2,53.18,48.366106580972));
#4259 = DIRECTION('',(0.,-1.,2.22044604925E-16));
#4260 = DIRECTION('',(0.,-2.22044604925E-16,-1.));
#4261 = ORIENTED_EDGE('',*,*,#4262,.T.);
#4262 = EDGE_CURVE('',#4254,#4263,#4265,.T.);
#4263 = VERTEX_POINT('',#4264);
#4264 = CARTESIAN_POINT('',(-22.2,53.18,11.));
#4265 = LINE('',#4266,#4267);
#4266 = CARTESIAN_POINT('',(-22.2,53.18,49.5));
#4267 = VECTOR('',#4268,1.);
#4268 = DIRECTION('',(-2.4E-16,-2.22044604925E-16,-1.));
#4269 = ORIENTED_EDGE('',*,*,#4270,.F.);
#4270 = EDGE_CURVE('',#4271,#4263,#4273,.T.);
#4271 = VERTEX_POINT('',#4272);
#4272 = CARTESIAN_POINT('',(-20.2,53.18,9.));
#4273 = CIRCLE('',#4274,2.);
#4274 = AXIS2_PLACEMENT_3D('',#4275,#4276,#4277);
#4275 = CARTESIAN_POINT('',(-20.2,53.18,11.));
#4276 = DIRECTION('',(0.,1.,-2.22044604925E-16));
#4277 = DIRECTION('',(0.,-2.22044604925E-16,-1.));
#4278 = ORIENTED_EDGE('',*,*,#4279,.T.);
#4279 = EDGE_CURVE('',#4271,#4280,#4282,.T.);
#4280 = VERTEX_POINT('',#4281);
#4281 = CARTESIAN_POINT('',(-20.,53.18,9.));
#4282 = LINE('',#4283,#4284);
#4283 = CARTESIAN_POINT('',(-22.2,53.18,9.));
#4284 = VECTOR('',#4285,1.);
#4285 = DIRECTION('',(1.,-5.329070518201E-32,-2.4E-16));
#4286 = ORIENTED_EDGE('',*,*,#4287,.T.);
#4287 = EDGE_CURVE('',#4280,#548,#4288,.T.);
#4288 = LINE('',#4289,#4290);
#4289 = CARTESIAN_POINT('',(-20.,53.18,9.));
#4290 = VECTOR('',#4291,1.);
#4291 = DIRECTION('',(-2.4E-16,-2.044604925031E-18,-1.));
#4292 = FACE_BOUND('',#4293,.F.);
#4293 = EDGE_LOOP('',(#4294));
#4294 = ORIENTED_EDGE('',*,*,#4295,.T.);
#4295 = EDGE_CURVE('',#4296,#4296,#4298,.T.);
#4296 = VERTEX_POINT('',#4297);
#4297 = CARTESIAN_POINT('',(-26.45,53.18,12.5));
#4298 = CIRCLE('',#4299,1.45);
#4299 = AXIS2_PLACEMENT_3D('',#4300,#4301,#4302);
#4300 = CARTESIAN_POINT('',(-25.,53.18,12.5));
#4301 = DIRECTION('',(0.,-1.,2.22044604925E-16));
#4302 = DIRECTION('',(-1.,2.6645352591E-32,1.2E-16));
#4303 = FACE_BOUND('',#4304,.F.);
#4304 = EDGE_LOOP('',(#4305));
#4305 = ORIENTED_EDGE('',*,*,#4306,.T.);
#4306 = EDGE_CURVE('',#4307,#4307,#4309,.T.);
#4307 = VERTEX_POINT('',#4308);
#4308 = CARTESIAN_POINT('',(-26.45,53.18,29.5));
#4309 = CIRCLE('',#4310,1.45);
#4310 = AXIS2_PLACEMENT_3D('',#4311,#4312,#4313);
#4311 = CARTESIAN_POINT('',(-25.,53.18,29.5));
#4312 = DIRECTION('',(0.,-1.,2.22044604925E-16));
#4313 = DIRECTION('',(-1.,2.6645352591E-32,1.2E-16));
#4314 = FACE_BOUND('',#4315,.F.);
#4315 = EDGE_LOOP('',(#4316));
#4316 = ORIENTED_EDGE('',*,*,#4317,.F.);
#4317 = EDGE_CURVE('',#4318,#4318,#4320,.T.);
#4318 = VERTEX_POINT('',#4319);
#4319 = CARTESIAN_POINT('',(-53.55,53.18,12.5));
#4320 = CIRCLE('',#4321,1.45);
#4321 = AXIS2_PLACEMENT_3D('',#4322,#4323,#4324);
#4322 = CARTESIAN_POINT('',(-55.,53.18,12.5));
#4323 = DIRECTION('',(0.,1.,-2.22044604925E-16));
#4324 = DIRECTION('',(1.,-1.354472090043E-31,-6.1E-16));
#4325 = FACE_BOUND('',#4326,.F.);
#4326 = EDGE_LOOP('',(#4327));
#4327 = ORIENTED_EDGE('',*,*,#4328,.F.);
#4328 = EDGE_CURVE('',#4329,#4329,#4331,.T.);
#4329 = VERTEX_POINT('',#4330);
#4330 = CARTESIAN_POINT('',(-53.55,53.18,29.5));
#4331 = CIRCLE('',#4332,1.45);
#4332 = AXIS2_PLACEMENT_3D('',#4333,#4334,#4335);
#4333 = CARTESIAN_POINT('',(-55.,53.18,29.5));
#4334 = DIRECTION('',(0.,1.,-2.22044604925E-16));
#4335 = DIRECTION('',(1.,-1.354472090043E-31,-6.1E-16));
#4336 = FACE_BOUND('',#4337,.F.);
#4337 = EDGE_LOOP('',(#4338));
#4338 = ORIENTED_EDGE('',*,*,#4339,.T.);
#4339 = EDGE_CURVE('',#4340,#4340,#4342,.T.);
#4340 = VERTEX_POINT('',#4341);
#4341 = CARTESIAN_POINT('',(-26.45,53.18,46.5));
#4342 = CIRCLE('',#4343,1.45);
#4343 = AXIS2_PLACEMENT_3D('',#4344,#4345,#4346);
#4344 = CARTESIAN_POINT('',(-25.,53.18,46.5));
#4345 = DIRECTION('',(0.,-1.,2.22044604925E-16));
#4346 = DIRECTION('',(-1.,2.6645352591E-32,1.2E-16));
#4347 = FACE_BOUND('',#4348,.F.);
#4348 = EDGE_LOOP('',(#4349));
#4349 = ORIENTED_EDGE('',*,*,#4350,.T.);
#4350 = EDGE_CURVE('',#4351,#4351,#4353,.T.);
#4351 = VERTEX_POINT('',#4352);
#4352 = CARTESIAN_POINT('',(-32.95,53.18,52.8));
#4353 = CIRCLE('',#4354,1.45);
#4354 = AXIS2_PLACEMENT_3D('',#4355,#4356,#4357);
#4355 = CARTESIAN_POINT('',(-31.5,53.18,52.8));
#4356 = DIRECTION('',(0.,-1.,2.22044604925E-16));
#4357 = DIRECTION('',(-1.,2.6645352591E-32,1.2E-16));
#4358 = FACE_BOUND('',#4359,.F.);
#4359 = EDGE_LOOP('',(#4360));
#4360 = ORIENTED_EDGE('',*,*,#4361,.F.);
#4361 = EDGE_CURVE('',#4362,#4362,#4364,.T.);
#4362 = VERTEX_POINT('',#4363);
#4363 = CARTESIAN_POINT('',(-53.55,53.18,46.5));
#4364 = CIRCLE('',#4365,1.45);
#4365 = AXIS2_PLACEMENT_3D('',#4366,#4367,#4368);
#4366 = CARTESIAN_POINT('',(-55.,53.18,46.5));
#4367 = DIRECTION('',(0.,1.,-2.22044604925E-16));
#4368 = DIRECTION('',(1.,-1.354472090043E-31,-6.1E-16));
#4369 = FACE_BOUND('',#4370,.F.);
#4370 = EDGE_LOOP('',(#4371));
#4371 = ORIENTED_EDGE('',*,*,#4372,.F.);
#4372 = EDGE_CURVE('',#4373,#4373,#4375,.T.);
#4373 = VERTEX_POINT('',#4374);
#4374 = CARTESIAN_POINT('',(-47.05,53.18,52.8));
#4375 = CIRCLE('',#4376,1.45);
#4376 = AXIS2_PLACEMENT_3D('',#4377,#4378,#4379);
#4377 = CARTESIAN_POINT('',(-48.5,53.18,52.8));
#4378 = DIRECTION('',(0.,1.,-2.22044604925E-16));
#4379 = DIRECTION('',(1.,-1.354472090043E-31,-6.1E-16));
#4380 = PLANE('',#4381);
#4381 = AXIS2_PLACEMENT_3D('',#4382,#4383,#4384);
#4382 = CARTESIAN_POINT('',(-39.9991490669,53.18,28.93648228298));
#4383 = DIRECTION('',(0.,1.,-2.22044604925E-16));
#4384 = DIRECTION('',(-1.,5.329070518201E-32,2.4E-16));
#4385 = ADVANCED_FACE('',(#4386),#4405,.T.);
#4386 = FACE_BOUND('',#4387,.T.);
#4387 = EDGE_LOOP('',(#4388,#4397,#4403,#4404));
#4388 = ORIENTED_EDGE('',*,*,#4389,.T.);
#4389 = EDGE_CURVE('',#463,#4390,#4392,.T.);
#4390 = VERTEX_POINT('',#4391);
#4391 = CARTESIAN_POINT('',(-52.8,58.18,7.));
#4392 = CIRCLE('',#4393,3.);
#4393 = AXIS2_PLACEMENT_3D('',#4394,#4395,#4396);
#4394 = CARTESIAN_POINT('',(-55.8,58.18,7.));
#4395 = DIRECTION('',(0.,-1.,2.22044604925E-16));
#4396 = DIRECTION('',(0.,-2.22044604925E-16,-1.));
#4397 = ORIENTED_EDGE('',*,*,#4398,.T.);
#4398 = EDGE_CURVE('',#4390,#4161,#4399,.T.);
#4399 = LINE('',#4400,#4401);
#4400 = CARTESIAN_POINT('',(-52.8,58.18,7.));
#4401 = VECTOR('',#4402,1.);
#4402 = DIRECTION('',(0.,-1.,2.22044604925E-16));
#4403 = ORIENTED_EDGE('',*,*,#4168,.F.);
#4404 = ORIENTED_EDGE('',*,*,#470,.F.);
#4405 = CYLINDRICAL_SURFACE('',#4406,3.);
#4406 = AXIS2_PLACEMENT_3D('',#4407,#4408,#4409);
#4407 = CARTESIAN_POINT('',(-55.8,58.18,7.));
#4408 = DIRECTION('',(0.,-1.,2.22044604925E-16));
#4409 = DIRECTION('',(-3.6E-16,-2.22044604925E-16,-1.));
#4410 = ADVANCED_FACE('',(#4411,#4605,#4616,#4627,#4638,#4649,#4660,
    #4671,#4682),#4693,.T.);
#4411 = FACE_BOUND('',#4412,.T.);
#4412 = EDGE_LOOP('',(#4413,#4421,#4430,#4438,#4447,#4455,#4464,#4472,
    #4481,#4489,#4498,#4506,#4515,#4523,#4532,#4540,#4549,#4555,#4556,
    #4565,#4573,#4581,#4589,#4597,#4603,#4604));
#4413 = ORIENTED_EDGE('',*,*,#4414,.T.);
#4414 = EDGE_CURVE('',#455,#4415,#4417,.T.);
#4415 = VERTEX_POINT('',#4416);
#4416 = CARTESIAN_POINT('',(-67.8,58.18,7.));
#4417 = LINE('',#4418,#4419);
#4418 = CARTESIAN_POINT('',(-67.8,58.18,4.));
#4419 = VECTOR('',#4420,1.);
#4420 = DIRECTION('',(2.4E-16,2.22044604925E-16,1.));
#4421 = ORIENTED_EDGE('',*,*,#4422,.F.);
#4422 = EDGE_CURVE('',#4423,#4415,#4425,.T.);
#4423 = VERTEX_POINT('',#4424);
#4424 = CARTESIAN_POINT('',(-65.8,58.18,9.));
#4425 = CIRCLE('',#4426,2.);
#4426 = AXIS2_PLACEMENT_3D('',#4427,#4428,#4429);
#4427 = CARTESIAN_POINT('',(-65.8,58.18,7.));
#4428 = DIRECTION('',(0.,-1.,2.22044604925E-16));
#4429 = DIRECTION('',(0.,-2.22044604925E-16,-1.));
#4430 = ORIENTED_EDGE('',*,*,#4431,.T.);
#4431 = EDGE_CURVE('',#4423,#4432,#4434,.T.);
#4432 = VERTEX_POINT('',#4433);
#4433 = CARTESIAN_POINT('',(-59.8,58.18,9.));
#4434 = LINE('',#4435,#4436);
#4435 = CARTESIAN_POINT('',(-67.8,58.18,9.));
#4436 = VECTOR('',#4437,1.);
#4437 = DIRECTION('',(1.,-5.329070518201E-32,-2.4E-16));
#4438 = ORIENTED_EDGE('',*,*,#4439,.T.);
#4439 = EDGE_CURVE('',#4432,#4440,#4442,.T.);
#4440 = VERTEX_POINT('',#4441);
#4441 = CARTESIAN_POINT('',(-57.8,58.18,11.));
#4442 = CIRCLE('',#4443,2.);
#4443 = AXIS2_PLACEMENT_3D('',#4444,#4445,#4446);
#4444 = CARTESIAN_POINT('',(-59.8,58.18,11.));
#4445 = DIRECTION('',(0.,-1.,2.22044604925E-16));
#4446 = DIRECTION('',(0.,-2.22044604925E-16,-1.));
#4447 = ORIENTED_EDGE('',*,*,#4448,.T.);
#4448 = EDGE_CURVE('',#4440,#4449,#4451,.T.);
#4449 = VERTEX_POINT('',#4450);
#4450 = CARTESIAN_POINT('',(-57.8,58.18,48.376273101108));
#4451 = LINE('',#4452,#4453);
#4452 = CARTESIAN_POINT('',(-57.8,58.18,9.));
#4453 = VECTOR('',#4454,1.);
#4454 = DIRECTION('',(2.4E-16,2.22044604925E-16,1.));
#4455 = ORIENTED_EDGE('',*,*,#4456,.F.);
#4456 = EDGE_CURVE('',#4457,#4449,#4459,.T.);
#4457 = VERTEX_POINT('',#4458);
#4458 = CARTESIAN_POINT('',(-57.04436342696,58.18,50.366959617789));
#4459 = CIRCLE('',#4460,3.);
#4460 = AXIS2_PLACEMENT_3D('',#4461,#4462,#4463);
#4461 = CARTESIAN_POINT('',(-54.8,58.18,48.376273101108));
#4462 = DIRECTION('',(0.,-1.,2.22044604925E-16));
#4463 = DIRECTION('',(0.,-2.22044604925E-16,-1.));
#4464 = ORIENTED_EDGE('',*,*,#4465,.T.);
#4465 = EDGE_CURVE('',#4457,#4466,#4468,.T.);
#4466 = VERTEX_POINT('',#4467);
#4467 = CARTESIAN_POINT('',(-53.38673497095,58.18,54.490686516681));
#4468 = LINE('',#4469,#4470);
#4469 = CARTESIAN_POINT('',(-57.8,58.18,49.515030861361));
#4470 = VECTOR('',#4471,1.);
#4471 = DIRECTION('',(0.663562172227,1.66116263483E-16,0.748121142322));
#4472 = ORIENTED_EDGE('',*,*,#4473,.F.);
#4473 = EDGE_CURVE('',#4474,#4466,#4476,.T.);
#4474 = VERTEX_POINT('',#4475);
#4475 = CARTESIAN_POINT('',(-51.14237154399,58.18,55.5));
#4476 = CIRCLE('',#4477,3.);
#4477 = AXIS2_PLACEMENT_3D('',#4478,#4479,#4480);
#4478 = CARTESIAN_POINT('',(-51.14237154399,58.18,52.5));
#4479 = DIRECTION('',(0.,-1.,2.22044604925E-16));
#4480 = DIRECTION('',(0.,-2.22044604925E-16,-1.));
#4481 = ORIENTED_EDGE('',*,*,#4482,.T.);
#4482 = EDGE_CURVE('',#4474,#4483,#4485,.T.);
#4483 = VERTEX_POINT('',#4484);
#4484 = CARTESIAN_POINT('',(-28.84575131107,58.18,55.5));
#4485 = LINE('',#4486,#4487);
#4486 = CARTESIAN_POINT('',(-52.49150262212,58.18,55.5));
#4487 = VECTOR('',#4488,1.);
#4488 = DIRECTION('',(1.,-5.329070518201E-32,-2.4E-16));
#4489 = ORIENTED_EDGE('',*,*,#4490,.F.);
#4490 = EDGE_CURVE('',#4491,#4483,#4493,.T.);
#4491 = VERTEX_POINT('',#4492);
#4492 = CARTESIAN_POINT('',(-26.59575131107,58.18,54.484313483298));
#4493 = CIRCLE('',#4494,3.);
#4494 = AXIS2_PLACEMENT_3D('',#4495,#4496,#4497);
#4495 = CARTESIAN_POINT('',(-28.84575131107,58.18,52.5));
#4496 = DIRECTION('',(0.,-1.,2.22044604925E-16));
#4497 = DIRECTION('',(0.,-2.22044604925E-16,-1.));
#4498 = ORIENTED_EDGE('',*,*,#4499,.T.);
#4499 = EDGE_CURVE('',#4491,#4500,#4502,.T.);
#4500 = VERTEX_POINT('',#4501);
#4501 = CARTESIAN_POINT('',(-22.95,58.18,50.350420064271));
#4502 = LINE('',#4503,#4504);
#4503 = CARTESIAN_POINT('',(-27.49150262213,58.18,55.5));
#4504 = VECTOR('',#4505,1.);
#4505 = DIRECTION('',(0.661437827766,-1.665334536938E-16,-0.75));
#4506 = ORIENTED_EDGE('',*,*,#4507,.F.);
#4507 = EDGE_CURVE('',#4508,#4500,#4510,.T.);
#4508 = VERTEX_POINT('',#4509);
#4509 = CARTESIAN_POINT('',(-22.2,58.18,48.366106580972));
#4510 = CIRCLE('',#4511,3.);
#4511 = AXIS2_PLACEMENT_3D('',#4512,#4513,#4514);
#4512 = CARTESIAN_POINT('',(-25.2,58.18,48.366106580972));
#4513 = DIRECTION('',(0.,-1.,2.22044604925E-16));
#4514 = DIRECTION('',(0.,-2.22044604925E-16,-1.));
#4515 = ORIENTED_EDGE('',*,*,#4516,.T.);
#4516 = EDGE_CURVE('',#4508,#4517,#4519,.T.);
#4517 = VERTEX_POINT('',#4518);
#4518 = CARTESIAN_POINT('',(-22.2,58.18,11.));
#4519 = LINE('',#4520,#4521);
#4520 = CARTESIAN_POINT('',(-22.2,58.18,49.5));
#4521 = VECTOR('',#4522,1.);
#4522 = DIRECTION('',(-2.4E-16,-2.22044604925E-16,-1.));
#4523 = ORIENTED_EDGE('',*,*,#4524,.F.);
#4524 = EDGE_CURVE('',#4525,#4517,#4527,.T.);
#4525 = VERTEX_POINT('',#4526);
#4526 = CARTESIAN_POINT('',(-20.2,58.18,9.));
#4527 = CIRCLE('',#4528,2.);
#4528 = AXIS2_PLACEMENT_3D('',#4529,#4530,#4531);
#4529 = CARTESIAN_POINT('',(-20.2,58.18,11.));
#4530 = DIRECTION('',(0.,1.,-2.22044604925E-16));
#4531 = DIRECTION('',(0.,-2.22044604925E-16,-1.));
#4532 = ORIENTED_EDGE('',*,*,#4533,.T.);
#4533 = EDGE_CURVE('',#4525,#4534,#4536,.T.);
#4534 = VERTEX_POINT('',#4535);
#4535 = CARTESIAN_POINT('',(-14.2,58.18,9.));
#4536 = LINE('',#4537,#4538);
#4537 = CARTESIAN_POINT('',(-22.2,58.18,9.));
#4538 = VECTOR('',#4539,1.);
#4539 = DIRECTION('',(1.,-5.329070518201E-32,-2.4E-16));
#4540 = ORIENTED_EDGE('',*,*,#4541,.T.);
#4541 = EDGE_CURVE('',#4534,#4542,#4544,.T.);
#4542 = VERTEX_POINT('',#4543);
#4543 = CARTESIAN_POINT('',(-12.2,58.18,7.));
#4544 = CIRCLE('',#4545,2.);
#4545 = AXIS2_PLACEMENT_3D('',#4546,#4547,#4548);
#4546 = CARTESIAN_POINT('',(-14.2,58.18,7.));
#4547 = DIRECTION('',(0.,1.,-2.22044604925E-16));
#4548 = DIRECTION('',(0.,-2.22044604925E-16,-1.));
#4549 = ORIENTED_EDGE('',*,*,#4550,.T.);
#4550 = EDGE_CURVE('',#4542,#514,#4551,.T.);
#4551 = LINE('',#4552,#4553);
#4552 = CARTESIAN_POINT('',(-12.2,58.18,9.));
#4553 = VECTOR('',#4554,1.);
#4554 = DIRECTION('',(-2.4E-16,-2.22044604925E-16,-1.));
#4555 = ORIENTED_EDGE('',*,*,#571,.T.);
#4556 = ORIENTED_EDGE('',*,*,#4557,.T.);
#4557 = EDGE_CURVE('',#564,#4558,#4560,.T.);
#4558 = VERTEX_POINT('',#4559);
#4559 = CARTESIAN_POINT('',(-27.2,58.18,7.));
#4560 = CIRCLE('',#4561,3.);
#4561 = AXIS2_PLACEMENT_3D('',#4562,#4563,#4564);
#4562 = CARTESIAN_POINT('',(-24.2,58.18,7.));
#4563 = DIRECTION('',(0.,1.,-2.22044604925E-16));
#4564 = DIRECTION('',(0.,-2.22044604925E-16,-1.));
#4565 = ORIENTED_EDGE('',*,*,#4566,.T.);
#4566 = EDGE_CURVE('',#4558,#4567,#4569,.T.);
#4567 = VERTEX_POINT('',#4568);
#4568 = CARTESIAN_POINT('',(-27.2,58.18,46.5));
#4569 = LINE('',#4570,#4571);
#4570 = CARTESIAN_POINT('',(-27.2,58.18,4.));
#4571 = VECTOR('',#4572,1.);
#4572 = DIRECTION('',(2.4E-16,2.22044604925E-16,1.));
#4573 = ORIENTED_EDGE('',*,*,#4574,.T.);
#4574 = EDGE_CURVE('',#4567,#4575,#4577,.T.);
#4575 = VERTEX_POINT('',#4576);
#4576 = CARTESIAN_POINT('',(-30.2,58.18,50.5));
#4577 = LINE('',#4578,#4579);
#4578 = CARTESIAN_POINT('',(-27.2,58.18,46.5));
#4579 = VECTOR('',#4580,1.);
#4580 = DIRECTION('',(-0.6,1.7763568394E-16,0.8));
#4581 = ORIENTED_EDGE('',*,*,#4582,.T.);
#4582 = EDGE_CURVE('',#4575,#4583,#4585,.T.);
#4583 = VERTEX_POINT('',#4584);
#4584 = CARTESIAN_POINT('',(-49.7,58.18,50.5));
#4585 = LINE('',#4586,#4587);
#4586 = CARTESIAN_POINT('',(-30.2,58.18,50.5));
#4587 = VECTOR('',#4588,1.);
#4588 = DIRECTION('',(-1.,5.329070518201E-32,2.4E-16));
#4589 = ORIENTED_EDGE('',*,*,#4590,.T.);
#4590 = EDGE_CURVE('',#4583,#4591,#4593,.T.);
#4591 = VERTEX_POINT('',#4592);
#4592 = CARTESIAN_POINT('',(-52.8,58.18,46.576990950813));
#4593 = LINE('',#4594,#4595);
#4594 = CARTESIAN_POINT('',(-49.7,58.18,50.5));
#4595 = VECTOR('',#4596,1.);
#4596 = DIRECTION('',(-0.62,-1.742165988888E-16,-0.784601809837));
#4597 = ORIENTED_EDGE('',*,*,#4598,.T.);
#4598 = EDGE_CURVE('',#4591,#4390,#4599,.T.);
#4599 = LINE('',#4600,#4601);
#4600 = CARTESIAN_POINT('',(-52.8,58.18,46.576990950813));
#4601 = VECTOR('',#4602,1.);
#4602 = DIRECTION('',(-2.4E-16,-2.22044604925E-16,-1.));
#4603 = ORIENTED_EDGE('',*,*,#4389,.F.);
#4604 = ORIENTED_EDGE('',*,*,#462,.T.);
#4605 = FACE_BOUND('',#4606,.T.);
#4606 = EDGE_LOOP('',(#4607));
#4607 = ORIENTED_EDGE('',*,*,#4608,.F.);
#4608 = EDGE_CURVE('',#4609,#4609,#4611,.T.);
#4609 = VERTEX_POINT('',#4610);
#4610 = CARTESIAN_POINT('',(-26.45,58.18,12.5));
#4611 = CIRCLE('',#4612,1.45);
#4612 = AXIS2_PLACEMENT_3D('',#4613,#4614,#4615);
#4613 = CARTESIAN_POINT('',(-25.,58.18,12.5));
#4614 = DIRECTION('',(0.,1.,-2.22044604925E-16));
#4615 = DIRECTION('',(-1.,2.6645352591E-32,1.2E-16));
#4616 = FACE_BOUND('',#4617,.T.);
#4617 = EDGE_LOOP('',(#4618));
#4618 = ORIENTED_EDGE('',*,*,#4619,.F.);
#4619 = EDGE_CURVE('',#4620,#4620,#4622,.T.);
#4620 = VERTEX_POINT('',#4621);
#4621 = CARTESIAN_POINT('',(-26.45,58.18,29.5));
#4622 = CIRCLE('',#4623,1.45);
#4623 = AXIS2_PLACEMENT_3D('',#4624,#4625,#4626);
#4624 = CARTESIAN_POINT('',(-25.,58.18,29.5));
#4625 = DIRECTION('',(0.,1.,-2.22044604925E-16));
#4626 = DIRECTION('',(-1.,2.6645352591E-32,1.2E-16));
#4627 = FACE_BOUND('',#4628,.T.);
#4628 = EDGE_LOOP('',(#4629));
#4629 = ORIENTED_EDGE('',*,*,#4630,.F.);
#4630 = EDGE_CURVE('',#4631,#4631,#4633,.T.);
#4631 = VERTEX_POINT('',#4632);
#4632 = CARTESIAN_POINT('',(-53.55,58.18,12.5));
#4633 = CIRCLE('',#4634,1.45);
#4634 = AXIS2_PLACEMENT_3D('',#4635,#4636,#4637);
#4635 = CARTESIAN_POINT('',(-55.,58.18,12.5));
#4636 = DIRECTION('',(0.,1.,-2.22044604925E-16));
#4637 = DIRECTION('',(1.,-1.354472090043E-31,-6.1E-16));
#4638 = FACE_BOUND('',#4639,.T.);
#4639 = EDGE_LOOP('',(#4640));
#4640 = ORIENTED_EDGE('',*,*,#4641,.F.);
#4641 = EDGE_CURVE('',#4642,#4642,#4644,.T.);
#4642 = VERTEX_POINT('',#4643);
#4643 = CARTESIAN_POINT('',(-53.55,58.18,29.5));
#4644 = CIRCLE('',#4645,1.45);
#4645 = AXIS2_PLACEMENT_3D('',#4646,#4647,#4648);
#4646 = CARTESIAN_POINT('',(-55.,58.18,29.5));
#4647 = DIRECTION('',(0.,1.,-2.22044604925E-16));
#4648 = DIRECTION('',(1.,-1.354472090043E-31,-6.1E-16));
#4649 = FACE_BOUND('',#4650,.T.);
#4650 = EDGE_LOOP('',(#4651));
#4651 = ORIENTED_EDGE('',*,*,#4652,.F.);
#4652 = EDGE_CURVE('',#4653,#4653,#4655,.T.);
#4653 = VERTEX_POINT('',#4654);
#4654 = CARTESIAN_POINT('',(-26.45,58.18,46.5));
#4655 = CIRCLE('',#4656,1.45);
#4656 = AXIS2_PLACEMENT_3D('',#4657,#4658,#4659);
#4657 = CARTESIAN_POINT('',(-25.,58.18,46.5));
#4658 = DIRECTION('',(0.,1.,-2.22044604925E-16));
#4659 = DIRECTION('',(-1.,2.6645352591E-32,1.2E-16));
#4660 = FACE_BOUND('',#4661,.T.);
#4661 = EDGE_LOOP('',(#4662));
#4662 = ORIENTED_EDGE('',*,*,#4663,.F.);
#4663 = EDGE_CURVE('',#4664,#4664,#4666,.T.);
#4664 = VERTEX_POINT('',#4665);
#4665 = CARTESIAN_POINT('',(-32.95,58.18,52.8));
#4666 = CIRCLE('',#4667,1.45);
#4667 = AXIS2_PLACEMENT_3D('',#4668,#4669,#4670);
#4668 = CARTESIAN_POINT('',(-31.5,58.18,52.8));
#4669 = DIRECTION('',(0.,1.,-2.22044604925E-16));
#4670 = DIRECTION('',(-1.,2.6645352591E-32,1.2E-16));
#4671 = FACE_BOUND('',#4672,.T.);
#4672 = EDGE_LOOP('',(#4673));
#4673 = ORIENTED_EDGE('',*,*,#4674,.F.);
#4674 = EDGE_CURVE('',#4675,#4675,#4677,.T.);
#4675 = VERTEX_POINT('',#4676);
#4676 = CARTESIAN_POINT('',(-53.55,58.18,46.5));
#4677 = CIRCLE('',#4678,1.45);
#4678 = AXIS2_PLACEMENT_3D('',#4679,#4680,#4681);
#4679 = CARTESIAN_POINT('',(-55.,58.18,46.5));
#4680 = DIRECTION('',(0.,1.,-2.22044604925E-16));
#4681 = DIRECTION('',(1.,-1.354472090043E-31,-6.1E-16));
#4682 = FACE_BOUND('',#4683,.T.);
#4683 = EDGE_LOOP('',(#4684));
#4684 = ORIENTED_EDGE('',*,*,#4685,.F.);
#4685 = EDGE_CURVE('',#4686,#4686,#4688,.T.);
#4686 = VERTEX_POINT('',#4687);
#4687 = CARTESIAN_POINT('',(-47.05,58.18,52.8));
#4688 = CIRCLE('',#4689,1.45);
#4689 = AXIS2_PLACEMENT_3D('',#4690,#4691,#4692);
#4690 = CARTESIAN_POINT('',(-48.5,58.18,52.8));
#4691 = DIRECTION('',(0.,1.,-2.22044604925E-16));
#4692 = DIRECTION('',(1.,-1.354472090043E-31,-6.1E-16));
#4693 = PLANE('',#4694);
#4694 = AXIS2_PLACEMENT_3D('',#4695,#4696,#4697);
#4695 = CARTESIAN_POINT('',(-39.9991490669,58.18,28.93648228298));
#4696 = DIRECTION('',(0.,1.,-2.22044604925E-16));
#4697 = DIRECTION('',(-1.,5.329070518201E-32,2.4E-16));
#4698 = ADVANCED_FACE('',(#4699),#4717,.T.);
#4699 = FACE_BOUND('',#4700,.T.);
#4700 = EDGE_LOOP('',(#4701,#4709,#4715,#4716));
#4701 = ORIENTED_EDGE('',*,*,#4702,.T.);
#4702 = EDGE_CURVE('',#447,#4703,#4705,.T.);
#4703 = VERTEX_POINT('',#4704);
#4704 = CARTESIAN_POINT('',(-67.8,17.18,7.));
#4705 = LINE('',#4706,#4707);
#4706 = CARTESIAN_POINT('',(-67.8,17.18,4.));
#4707 = VECTOR('',#4708,1.);
#4708 = DIRECTION('',(6.1E-16,2.22044604925E-16,1.));
#4709 = ORIENTED_EDGE('',*,*,#4710,.F.);
#4710 = EDGE_CURVE('',#4415,#4703,#4711,.T.);
#4711 = LINE('',#4712,#4713);
#4712 = CARTESIAN_POINT('',(-67.8,58.18,7.));
#4713 = VECTOR('',#4714,1.);
#4714 = DIRECTION('',(0.,-1.,2.22044604925E-16));
#4715 = ORIENTED_EDGE('',*,*,#4414,.F.);
#4716 = ORIENTED_EDGE('',*,*,#454,.T.);
#4717 = PLANE('',#4718);
#4718 = AXIS2_PLACEMENT_3D('',#4719,#4720,#4721);
#4719 = CARTESIAN_POINT('',(-67.8,37.68,6.5));
#4720 = DIRECTION('',(-1.,2.6645352591E-32,1.2E-16));
#4721 = DIRECTION('',(0.,-1.,2.22044604925E-16));
#4722 = ADVANCED_FACE('',(#4723,#4910,#4921,#4932,#4943,#4954,#4965,
    #4976,#4987),#4998,.F.);
#4723 = FACE_BOUND('',#4724,.F.);
#4724 = EDGE_LOOP('',(#4725,#4726,#4735,#4743,#4752,#4760,#4769,#4777,
    #4786,#4794,#4803,#4811,#4820,#4828,#4837,#4845,#4854,#4860,#4861,
    #4870,#4878,#4886,#4894,#4902,#4908,#4909));
#4725 = ORIENTED_EDGE('',*,*,#4702,.T.);
#4726 = ORIENTED_EDGE('',*,*,#4727,.F.);
#4727 = EDGE_CURVE('',#4728,#4703,#4730,.T.);
#4728 = VERTEX_POINT('',#4729);
#4729 = CARTESIAN_POINT('',(-65.8,17.18,9.));
#4730 = CIRCLE('',#4731,2.);
#4731 = AXIS2_PLACEMENT_3D('',#4732,#4733,#4734);
#4732 = CARTESIAN_POINT('',(-65.8,17.18,7.));
#4733 = DIRECTION('',(0.,-1.,2.22044604925E-16));
#4734 = DIRECTION('',(0.,-2.22044604925E-16,-1.));
#4735 = ORIENTED_EDGE('',*,*,#4736,.T.);
#4736 = EDGE_CURVE('',#4728,#4737,#4739,.T.);
#4737 = VERTEX_POINT('',#4738);
#4738 = CARTESIAN_POINT('',(-59.8,17.18,9.));
#4739 = LINE('',#4740,#4741);
#4740 = CARTESIAN_POINT('',(-67.8,17.18,9.));
#4741 = VECTOR('',#4742,1.);
#4742 = DIRECTION('',(1.,-1.354472090043E-31,-6.1E-16));
#4743 = ORIENTED_EDGE('',*,*,#4744,.F.);
#4744 = EDGE_CURVE('',#4745,#4737,#4747,.T.);
#4745 = VERTEX_POINT('',#4746);
#4746 = CARTESIAN_POINT('',(-57.8,17.18,11.));
#4747 = CIRCLE('',#4748,2.);
#4748 = AXIS2_PLACEMENT_3D('',#4749,#4750,#4751);
#4749 = CARTESIAN_POINT('',(-59.8,17.18,11.));
#4750 = DIRECTION('',(0.,1.,-2.22044604925E-16));
#4751 = DIRECTION('',(0.,-2.22044604925E-16,-1.));
#4752 = ORIENTED_EDGE('',*,*,#4753,.T.);
#4753 = EDGE_CURVE('',#4745,#4754,#4756,.T.);
#4754 = VERTEX_POINT('',#4755);
#4755 = CARTESIAN_POINT('',(-57.8,17.18,48.376273101108));
#4756 = LINE('',#4757,#4758);
#4757 = CARTESIAN_POINT('',(-57.8,17.18,9.));
#4758 = VECTOR('',#4759,1.);
#4759 = DIRECTION('',(6.1E-16,2.22044604925E-16,1.));
#4760 = ORIENTED_EDGE('',*,*,#4761,.T.);
#4761 = EDGE_CURVE('',#4754,#4762,#4764,.T.);
#4762 = VERTEX_POINT('',#4763);
#4763 = CARTESIAN_POINT('',(-57.04436342696,17.18,50.366959617789));
#4764 = CIRCLE('',#4765,3.);
#4765 = AXIS2_PLACEMENT_3D('',#4766,#4767,#4768);
#4766 = CARTESIAN_POINT('',(-54.8,17.18,48.376273101108));
#4767 = DIRECTION('',(0.,1.,-2.22044604925E-16));
#4768 = DIRECTION('',(0.,-2.22044604925E-16,-1.));
#4769 = ORIENTED_EDGE('',*,*,#4770,.T.);
#4770 = EDGE_CURVE('',#4762,#4771,#4773,.T.);
#4771 = VERTEX_POINT('',#4772);
#4772 = CARTESIAN_POINT('',(-53.38673497095,17.18,54.490686516681));
#4773 = LINE('',#4774,#4775);
#4774 = CARTESIAN_POINT('',(-57.8,17.18,49.515030861361));
#4775 = VECTOR('',#4776,1.);
#4776 = DIRECTION('',(0.663562172227,1.66116263483E-16,0.748121142322));
#4777 = ORIENTED_EDGE('',*,*,#4778,.T.);
#4778 = EDGE_CURVE('',#4771,#4779,#4781,.T.);
#4779 = VERTEX_POINT('',#4780);
#4780 = CARTESIAN_POINT('',(-51.14237154399,17.18,55.5));
#4781 = CIRCLE('',#4782,3.);
#4782 = AXIS2_PLACEMENT_3D('',#4783,#4784,#4785);
#4783 = CARTESIAN_POINT('',(-51.14237154399,17.18,52.5));
#4784 = DIRECTION('',(0.,1.,-2.22044604925E-16));
#4785 = DIRECTION('',(0.,-2.22044604925E-16,-1.));
#4786 = ORIENTED_EDGE('',*,*,#4787,.T.);
#4787 = EDGE_CURVE('',#4779,#4788,#4790,.T.);
#4788 = VERTEX_POINT('',#4789);
#4789 = CARTESIAN_POINT('',(-28.84575131107,17.18,55.5));
#4790 = LINE('',#4791,#4792);
#4791 = CARTESIAN_POINT('',(-52.49150262212,17.18,55.5));
#4792 = VECTOR('',#4793,1.);
#4793 = DIRECTION('',(1.,-1.354472090043E-31,-6.1E-16));
#4794 = ORIENTED_EDGE('',*,*,#4795,.F.);
#4795 = EDGE_CURVE('',#4796,#4788,#4798,.T.);
#4796 = VERTEX_POINT('',#4797);
#4797 = CARTESIAN_POINT('',(-26.59575131107,17.18,54.484313483298));
#4798 = CIRCLE('',#4799,3.);
#4799 = AXIS2_PLACEMENT_3D('',#4800,#4801,#4802);
#4800 = CARTESIAN_POINT('',(-28.84575131107,17.18,52.5));
#4801 = DIRECTION('',(0.,-1.,2.22044604925E-16));
#4802 = DIRECTION('',(0.,-2.22044604925E-16,-1.));
#4803 = ORIENTED_EDGE('',*,*,#4804,.T.);
#4804 = EDGE_CURVE('',#4796,#4805,#4807,.T.);
#4805 = VERTEX_POINT('',#4806);
#4806 = CARTESIAN_POINT('',(-22.95,17.18,50.350420064271));
#4807 = LINE('',#4808,#4809);
#4808 = CARTESIAN_POINT('',(-27.49150262213,17.18,55.5));
#4809 = VECTOR('',#4810,1.);
#4810 = DIRECTION('',(0.661437827766,-1.665334536938E-16,-0.75));
#4811 = ORIENTED_EDGE('',*,*,#4812,.F.);
#4812 = EDGE_CURVE('',#4813,#4805,#4815,.T.);
#4813 = VERTEX_POINT('',#4814);
#4814 = CARTESIAN_POINT('',(-22.2,17.18,48.366106580972));
#4815 = CIRCLE('',#4816,3.);
#4816 = AXIS2_PLACEMENT_3D('',#4817,#4818,#4819);
#4817 = CARTESIAN_POINT('',(-25.2,17.18,48.366106580972));
#4818 = DIRECTION('',(0.,-1.,2.22044604925E-16));
#4819 = DIRECTION('',(0.,-2.22044604925E-16,-1.));
#4820 = ORIENTED_EDGE('',*,*,#4821,.T.);
#4821 = EDGE_CURVE('',#4813,#4822,#4824,.T.);
#4822 = VERTEX_POINT('',#4823);
#4823 = CARTESIAN_POINT('',(-22.2,17.18,11.));
#4824 = LINE('',#4825,#4826);
#4825 = CARTESIAN_POINT('',(-22.2,17.18,49.5));
#4826 = VECTOR('',#4827,1.);
#4827 = DIRECTION('',(-6.1E-16,-2.22044604925E-16,-1.));
#4828 = ORIENTED_EDGE('',*,*,#4829,.F.);
#4829 = EDGE_CURVE('',#4830,#4822,#4832,.T.);
#4830 = VERTEX_POINT('',#4831);
#4831 = CARTESIAN_POINT('',(-20.2,17.18,9.));
#4832 = CIRCLE('',#4833,2.);
#4833 = AXIS2_PLACEMENT_3D('',#4834,#4835,#4836);
#4834 = CARTESIAN_POINT('',(-20.2,17.18,11.));
#4835 = DIRECTION('',(0.,1.,-2.22044604925E-16));
#4836 = DIRECTION('',(0.,-2.22044604925E-16,-1.));
#4837 = ORIENTED_EDGE('',*,*,#4838,.T.);
#4838 = EDGE_CURVE('',#4830,#4839,#4841,.T.);
#4839 = VERTEX_POINT('',#4840);
#4840 = CARTESIAN_POINT('',(-14.2,17.18,9.));
#4841 = LINE('',#4842,#4843);
#4842 = CARTESIAN_POINT('',(-22.2,17.18,9.));
#4843 = VECTOR('',#4844,1.);
#4844 = DIRECTION('',(1.,-1.354472090043E-31,-6.1E-16));
#4845 = ORIENTED_EDGE('',*,*,#4846,.T.);
#4846 = EDGE_CURVE('',#4839,#4847,#4849,.T.);
#4847 = VERTEX_POINT('',#4848);
#4848 = CARTESIAN_POINT('',(-12.2,17.18,7.));
#4849 = CIRCLE('',#4850,2.);
#4850 = AXIS2_PLACEMENT_3D('',#4851,#4852,#4853);
#4851 = CARTESIAN_POINT('',(-14.2,17.18,7.));
#4852 = DIRECTION('',(0.,1.,-2.22044604925E-16));
#4853 = DIRECTION('',(0.,-2.22044604925E-16,-1.));
#4854 = ORIENTED_EDGE('',*,*,#4855,.T.);
#4855 = EDGE_CURVE('',#4847,#516,#4856,.T.);
#4856 = LINE('',#4857,#4858);
#4857 = CARTESIAN_POINT('',(-12.2,17.18,9.));
#4858 = VECTOR('',#4859,1.);
#4859 = DIRECTION('',(-6.1E-16,-2.22044604925E-16,-1.));
#4860 = ORIENTED_EDGE('',*,*,#523,.T.);
#4861 = ORIENTED_EDGE('',*,*,#4862,.T.);
#4862 = EDGE_CURVE('',#524,#4863,#4865,.T.);
#4863 = VERTEX_POINT('',#4864);
#4864 = CARTESIAN_POINT('',(-27.2,17.18,7.));
#4865 = CIRCLE('',#4866,3.);
#4866 = AXIS2_PLACEMENT_3D('',#4867,#4868,#4869);
#4867 = CARTESIAN_POINT('',(-24.2,17.18,7.));
#4868 = DIRECTION('',(0.,1.,-2.22044604925E-16));
#4869 = DIRECTION('',(0.,-2.22044604925E-16,-1.));
#4870 = ORIENTED_EDGE('',*,*,#4871,.T.);
#4871 = EDGE_CURVE('',#4863,#4872,#4874,.T.);
#4872 = VERTEX_POINT('',#4873);
#4873 = CARTESIAN_POINT('',(-27.2,17.18,46.5));
#4874 = LINE('',#4875,#4876);
#4875 = CARTESIAN_POINT('',(-27.2,17.18,4.));
#4876 = VECTOR('',#4877,1.);
#4877 = DIRECTION('',(6.1E-16,2.22044604925E-16,1.));
#4878 = ORIENTED_EDGE('',*,*,#4879,.T.);
#4879 = EDGE_CURVE('',#4872,#4880,#4882,.T.);
#4880 = VERTEX_POINT('',#4881);
#4881 = CARTESIAN_POINT('',(-30.2,17.18,50.5));
#4882 = LINE('',#4883,#4884);
#4883 = CARTESIAN_POINT('',(-27.2,17.18,46.5));
#4884 = VECTOR('',#4885,1.);
#4885 = DIRECTION('',(-0.6,1.7763568394E-16,0.8));
#4886 = ORIENTED_EDGE('',*,*,#4887,.T.);
#4887 = EDGE_CURVE('',#4880,#4888,#4890,.T.);
#4888 = VERTEX_POINT('',#4889);
#4889 = CARTESIAN_POINT('',(-49.7,17.18,50.5));
#4890 = LINE('',#4891,#4892);
#4891 = CARTESIAN_POINT('',(-30.2,17.18,50.5));
#4892 = VECTOR('',#4893,1.);
#4893 = DIRECTION('',(-1.,1.354472090043E-31,6.1E-16));
#4894 = ORIENTED_EDGE('',*,*,#4895,.T.);
#4895 = EDGE_CURVE('',#4888,#4896,#4898,.T.);
#4896 = VERTEX_POINT('',#4897);
#4897 = CARTESIAN_POINT('',(-52.8,17.18,46.576990950813));
#4898 = LINE('',#4899,#4900);
#4899 = CARTESIAN_POINT('',(-49.7,17.18,50.5));
#4900 = VECTOR('',#4901,1.);
#4901 = DIRECTION('',(-0.62,-1.742165988888E-16,-0.784601809837));
#4902 = ORIENTED_EDGE('',*,*,#4903,.T.);
#4903 = EDGE_CURVE('',#4896,#3794,#4904,.T.);
#4904 = LINE('',#4905,#4906);
#4905 = CARTESIAN_POINT('',(-52.8,17.18,46.576990950813));
#4906 = VECTOR('',#4907,1.);
#4907 = DIRECTION('',(-6.1E-16,-2.22044604925E-16,-1.));
#4908 = ORIENTED_EDGE('',*,*,#3801,.T.);
#4909 = ORIENTED_EDGE('',*,*,#446,.T.);
#4910 = FACE_BOUND('',#4911,.F.);
#4911 = EDGE_LOOP('',(#4912));
#4912 = ORIENTED_EDGE('',*,*,#4913,.T.);
#4913 = EDGE_CURVE('',#4914,#4914,#4916,.T.);
#4914 = VERTEX_POINT('',#4915);
#4915 = CARTESIAN_POINT('',(-26.45,17.18,12.5));
#4916 = CIRCLE('',#4917,1.45);
#4917 = AXIS2_PLACEMENT_3D('',#4918,#4919,#4920);
#4918 = CARTESIAN_POINT('',(-25.,17.18,12.5));
#4919 = DIRECTION('',(0.,-1.,2.22044604925E-16));
#4920 = DIRECTION('',(-1.,5.329070518201E-32,2.4E-16));
#4921 = FACE_BOUND('',#4922,.F.);
#4922 = EDGE_LOOP('',(#4923));
#4923 = ORIENTED_EDGE('',*,*,#4924,.T.);
#4924 = EDGE_CURVE('',#4925,#4925,#4927,.T.);
#4925 = VERTEX_POINT('',#4926);
#4926 = CARTESIAN_POINT('',(-26.45,17.18,29.5));
#4927 = CIRCLE('',#4928,1.45);
#4928 = AXIS2_PLACEMENT_3D('',#4929,#4930,#4931);
#4929 = CARTESIAN_POINT('',(-25.,17.18,29.5));
#4930 = DIRECTION('',(0.,-1.,2.22044604925E-16));
#4931 = DIRECTION('',(-1.,5.329070518201E-32,2.4E-16));
#4932 = FACE_BOUND('',#4933,.F.);
#4933 = EDGE_LOOP('',(#4934));
#4934 = ORIENTED_EDGE('',*,*,#4935,.F.);
#4935 = EDGE_CURVE('',#4936,#4936,#4938,.T.);
#4936 = VERTEX_POINT('',#4937);
#4937 = CARTESIAN_POINT('',(-53.55,17.18,12.5));
#4938 = CIRCLE('',#4939,1.45);
#4939 = AXIS2_PLACEMENT_3D('',#4940,#4941,#4942);
#4940 = CARTESIAN_POINT('',(-55.,17.18,12.5));
#4941 = DIRECTION('',(0.,1.,-2.22044604925E-16));
#4942 = DIRECTION('',(1.,-1.354472090043E-31,-6.1E-16));
#4943 = FACE_BOUND('',#4944,.F.);
#4944 = EDGE_LOOP('',(#4945));
#4945 = ORIENTED_EDGE('',*,*,#4946,.F.);
#4946 = EDGE_CURVE('',#4947,#4947,#4949,.T.);
#4947 = VERTEX_POINT('',#4948);
#4948 = CARTESIAN_POINT('',(-53.55,17.18,29.5));
#4949 = CIRCLE('',#4950,1.45);
#4950 = AXIS2_PLACEMENT_3D('',#4951,#4952,#4953);
#4951 = CARTESIAN_POINT('',(-55.,17.18,29.5));
#4952 = DIRECTION('',(0.,1.,-2.22044604925E-16));
#4953 = DIRECTION('',(1.,-1.354472090043E-31,-6.1E-16));
#4954 = FACE_BOUND('',#4955,.F.);
#4955 = EDGE_LOOP('',(#4956));
#4956 = ORIENTED_EDGE('',*,*,#4957,.T.);
#4957 = EDGE_CURVE('',#4958,#4958,#4960,.T.);
#4958 = VERTEX_POINT('',#4959);
#4959 = CARTESIAN_POINT('',(-26.45,17.18,46.5));
#4960 = CIRCLE('',#4961,1.45);
#4961 = AXIS2_PLACEMENT_3D('',#4962,#4963,#4964);
#4962 = CARTESIAN_POINT('',(-25.,17.18,46.5));
#4963 = DIRECTION('',(0.,-1.,2.22044604925E-16));
#4964 = DIRECTION('',(-1.,5.329070518201E-32,2.4E-16));
#4965 = FACE_BOUND('',#4966,.F.);
#4966 = EDGE_LOOP('',(#4967));
#4967 = ORIENTED_EDGE('',*,*,#4968,.T.);
#4968 = EDGE_CURVE('',#4969,#4969,#4971,.T.);
#4969 = VERTEX_POINT('',#4970);
#4970 = CARTESIAN_POINT('',(-32.95,17.18,52.8));
#4971 = CIRCLE('',#4972,1.45);
#4972 = AXIS2_PLACEMENT_3D('',#4973,#4974,#4975);
#4973 = CARTESIAN_POINT('',(-31.5,17.18,52.8));
#4974 = DIRECTION('',(0.,-1.,2.22044604925E-16));
#4975 = DIRECTION('',(-1.,5.329070518201E-32,2.4E-16));
#4976 = FACE_BOUND('',#4977,.F.);
#4977 = EDGE_LOOP('',(#4978));
#4978 = ORIENTED_EDGE('',*,*,#4979,.F.);
#4979 = EDGE_CURVE('',#4980,#4980,#4982,.T.);
#4980 = VERTEX_POINT('',#4981);
#4981 = CARTESIAN_POINT('',(-53.55,17.18,46.5));
#4982 = CIRCLE('',#4983,1.45);
#4983 = AXIS2_PLACEMENT_3D('',#4984,#4985,#4986);
#4984 = CARTESIAN_POINT('',(-55.,17.18,46.5));
#4985 = DIRECTION('',(0.,1.,-2.22044604925E-16));
#4986 = DIRECTION('',(1.,-1.354472090043E-31,-6.1E-16));
#4987 = FACE_BOUND('',#4988,.F.);
#4988 = EDGE_LOOP('',(#4989));
#4989 = ORIENTED_EDGE('',*,*,#4990,.F.);
#4990 = EDGE_CURVE('',#4991,#4991,#4993,.T.);
#4991 = VERTEX_POINT('',#4992);
#4992 = CARTESIAN_POINT('',(-47.05,17.18,52.8));
#4993 = CIRCLE('',#4994,1.45);
#4994 = AXIS2_PLACEMENT_3D('',#4995,#4996,#4997);
#4995 = CARTESIAN_POINT('',(-48.5,17.18,52.8));
#4996 = DIRECTION('',(0.,1.,-2.22044604925E-16));
#4997 = DIRECTION('',(1.,-1.354472090043E-31,-6.1E-16));
#4998 = PLANE('',#4999);
#4999 = AXIS2_PLACEMENT_3D('',#5000,#5001,#5002);
#5000 = CARTESIAN_POINT('',(-39.9991490669,17.18,28.93648228298));
#5001 = DIRECTION('',(0.,1.,-2.22044604925E-16));
#5002 = DIRECTION('',(-1.,1.354472090043E-31,6.1E-16));
#5003 = ADVANCED_FACE('',(#5004),#5015,.F.);
#5004 = FACE_BOUND('',#5005,.F.);
#5005 = EDGE_LOOP('',(#5006,#5007,#5013,#5014));
#5006 = ORIENTED_EDGE('',*,*,#1005,.F.);
#5007 = ORIENTED_EDGE('',*,*,#5008,.F.);
#5008 = EDGE_CURVE('',#503,#1006,#5009,.T.);
#5009 = LINE('',#5010,#5011);
#5010 = CARTESIAN_POINT('',(-74.3,56.,4.));
#5011 = VECTOR('',#5012,1.);
#5012 = DIRECTION('',(-7.E-17,0.,-1.));
#5013 = ORIENTED_EDGE('',*,*,#502,.F.);
#5014 = ORIENTED_EDGE('',*,*,#5008,.T.);
#5015 = CYLINDRICAL_SURFACE('',#5016,1.7);
#5016 = AXIS2_PLACEMENT_3D('',#5017,#5018,#5019);
#5017 = CARTESIAN_POINT('',(-76.,56.,4.));
#5018 = DIRECTION('',(-0.,-0.,-1.));
#5019 = DIRECTION('',(1.,0.,0.));
#5020 = ADVANCED_FACE('',(#5021),#5032,.T.);
#5021 = FACE_BOUND('',#5022,.T.);
#5022 = EDGE_LOOP('',(#5023,#5024,#5025,#5026));
#5023 = ORIENTED_EDGE('',*,*,#4855,.T.);
#5024 = ORIENTED_EDGE('',*,*,#513,.F.);
#5025 = ORIENTED_EDGE('',*,*,#4550,.F.);
#5026 = ORIENTED_EDGE('',*,*,#5027,.T.);
#5027 = EDGE_CURVE('',#4542,#4847,#5028,.T.);
#5028 = LINE('',#5029,#5030);
#5029 = CARTESIAN_POINT('',(-12.2,58.18,7.));
#5030 = VECTOR('',#5031,1.);
#5031 = DIRECTION('',(0.,-1.,2.22044604925E-16));
#5032 = PLANE('',#5033);
#5033 = AXIS2_PLACEMENT_3D('',#5034,#5035,#5036);
#5034 = CARTESIAN_POINT('',(-12.2,37.68,6.5));
#5035 = DIRECTION('',(1.,-2.6645352591E-32,-1.2E-16));
#5036 = DIRECTION('',(0.,1.,-2.22044604925E-16));
#5037 = ADVANCED_FACE('',(#5038),#5049,.T.);
#5038 = FACE_BOUND('',#5039,.T.);
#5039 = EDGE_LOOP('',(#5040,#5041,#5042,#5048));
#5040 = ORIENTED_EDGE('',*,*,#563,.T.);
#5041 = ORIENTED_EDGE('',*,*,#4119,.T.);
#5042 = ORIENTED_EDGE('',*,*,#5043,.F.);
#5043 = EDGE_CURVE('',#4558,#4120,#5044,.T.);
#5044 = LINE('',#5045,#5046);
#5045 = CARTESIAN_POINT('',(-27.2,58.18,7.));
#5046 = VECTOR('',#5047,1.);
#5047 = DIRECTION('',(0.,-1.,2.22044604925E-16));
#5048 = ORIENTED_EDGE('',*,*,#4557,.F.);
#5049 = CYLINDRICAL_SURFACE('',#5050,3.);
#5050 = AXIS2_PLACEMENT_3D('',#5051,#5052,#5053);
#5051 = CARTESIAN_POINT('',(-24.2,58.18,7.));
#5052 = DIRECTION('',(0.,-1.,2.22044604925E-16));
#5053 = DIRECTION('',(-1.2E-16,-2.22044604925E-16,-1.));
#5054 = ADVANCED_FACE('',(#5055),#5066,.T.);
#5055 = FACE_BOUND('',#5056,.T.);
#5056 = EDGE_LOOP('',(#5057,#5058,#5059,#5060));
#5057 = ORIENTED_EDGE('',*,*,#4287,.T.);
#5058 = ORIENTED_EDGE('',*,*,#547,.T.);
#5059 = ORIENTED_EDGE('',*,*,#3992,.F.);
#5060 = ORIENTED_EDGE('',*,*,#5061,.F.);
#5061 = EDGE_CURVE('',#4280,#3985,#5062,.T.);
#5062 = LINE('',#5063,#5064);
#5063 = CARTESIAN_POINT('',(-20.,53.18,9.));
#5064 = VECTOR('',#5065,1.);
#5065 = DIRECTION('',(-0.,-1.,2.044604925031E-18));
#5066 = PLANE('',#5067);
#5067 = AXIS2_PLACEMENT_3D('',#5068,#5069,#5070);
#5068 = CARTESIAN_POINT('',(-20.,53.18,9.));
#5069 = DIRECTION('',(-1.,5.329070518201E-32,2.4E-16));
#5070 = DIRECTION('',(-5.28E-32,-1.,2.044604925031E-18));
#5071 = ADVANCED_FACE('',(#5072),#5083,.T.);
#5072 = FACE_BOUND('',#5073,.T.);
#5073 = EDGE_LOOP('',(#5074,#5075,#5076,#5082));
#5074 = ORIENTED_EDGE('',*,*,#531,.T.);
#5075 = ORIENTED_EDGE('',*,*,#4862,.T.);
#5076 = ORIENTED_EDGE('',*,*,#5077,.F.);
#5077 = EDGE_CURVE('',#3826,#4863,#5078,.T.);
#5078 = LINE('',#5079,#5080);
#5079 = CARTESIAN_POINT('',(-27.2,22.18,7.));
#5080 = VECTOR('',#5081,1.);
#5081 = DIRECTION('',(0.,-1.,2.22044604925E-16));
#5082 = ORIENTED_EDGE('',*,*,#3825,.F.);
#5083 = CYLINDRICAL_SURFACE('',#5084,3.);
#5084 = AXIS2_PLACEMENT_3D('',#5085,#5086,#5087);
#5085 = CARTESIAN_POINT('',(-24.2,22.18,7.));
#5086 = DIRECTION('',(0.,-1.,2.22044604925E-16));
#5087 = DIRECTION('',(-1.2E-16,-2.22044604925E-16,-1.));
#5088 = ADVANCED_FACE('',(#5089),#5100,.F.);
#5089 = FACE_BOUND('',#5090,.F.);
#5090 = EDGE_LOOP('',(#5091,#5097,#5098,#5099));
#5091 = ORIENTED_EDGE('',*,*,#5092,.T.);
#5092 = EDGE_CURVE('',#580,#962,#5093,.T.);
#5093 = LINE('',#5094,#5095);
#5094 = CARTESIAN_POINT('',(77.7,0.,4.));
#5095 = VECTOR('',#5096,1.);
#5096 = DIRECTION('',(-7.E-17,0.,-1.));
#5097 = ORIENTED_EDGE('',*,*,#961,.F.);
#5098 = ORIENTED_EDGE('',*,*,#5092,.F.);
#5099 = ORIENTED_EDGE('',*,*,#579,.F.);
#5100 = CYLINDRICAL_SURFACE('',#5101,1.7);
#5101 = AXIS2_PLACEMENT_3D('',#5102,#5103,#5104);
#5102 = CARTESIAN_POINT('',(76.,0.,4.));
#5103 = DIRECTION('',(-0.,-0.,-1.));
#5104 = DIRECTION('',(1.,0.,0.));
#5105 = ADVANCED_FACE('',(#5106),#5133,.T.);
#5106 = FACE_BOUND('',#5107,.T.);
#5107 = EDGE_LOOP('',(#5108,#5118,#5125,#5126));
#5108 = ORIENTED_EDGE('',*,*,#5109,.T.);
#5109 = EDGE_CURVE('',#5110,#5112,#5114,.T.);
#5110 = VERTEX_POINT('',#5111);
#5111 = CARTESIAN_POINT('',(27.2,22.18,7.));
#5112 = VERTEX_POINT('',#5113);
#5113 = CARTESIAN_POINT('',(27.2,17.18,7.));
#5114 = LINE('',#5115,#5116);
#5115 = CARTESIAN_POINT('',(27.2,22.18,7.));
#5116 = VECTOR('',#5117,1.);
#5117 = DIRECTION('',(0.,-1.,2.22044604925E-16));
#5118 = ORIENTED_EDGE('',*,*,#5119,.T.);
#5119 = EDGE_CURVE('',#5112,#593,#5120,.T.);
#5120 = CIRCLE('',#5121,3.);
#5121 = AXIS2_PLACEMENT_3D('',#5122,#5123,#5124);
#5122 = CARTESIAN_POINT('',(24.2,17.18,7.));
#5123 = DIRECTION('',(0.,1.,-2.22044604925E-16));
#5124 = DIRECTION('',(0.,-2.22044604925E-16,-1.));
#5125 = ORIENTED_EDGE('',*,*,#590,.F.);
#5126 = ORIENTED_EDGE('',*,*,#5127,.F.);
#5127 = EDGE_CURVE('',#5110,#591,#5128,.T.);
#5128 = CIRCLE('',#5129,3.);
#5129 = AXIS2_PLACEMENT_3D('',#5130,#5131,#5132);
#5130 = CARTESIAN_POINT('',(24.2,22.18,7.));
#5131 = DIRECTION('',(0.,1.,-2.22044604925E-16));
#5132 = DIRECTION('',(0.,-2.22044604925E-16,-1.));
#5133 = CYLINDRICAL_SURFACE('',#5134,3.);
#5134 = AXIS2_PLACEMENT_3D('',#5135,#5136,#5137);
#5135 = CARTESIAN_POINT('',(24.2,22.18,7.));
#5136 = DIRECTION('',(0.,-1.,2.22044604925E-16));
#5137 = DIRECTION('',(1.,-1.354472090043E-31,-6.1E-16));
#5138 = ADVANCED_FACE('',(#5139,#5315,#5326,#5337,#5348,#5359,#5370,
    #5381,#5392),#5403,.T.);
#5139 = FACE_BOUND('',#5140,.T.);
#5140 = EDGE_LOOP('',(#5141,#5142,#5151,#5159,#5167,#5175,#5183,#5189,
    #5190,#5191,#5199,#5207,#5216,#5224,#5233,#5241,#5250,#5258,#5267,
    #5275,#5284,#5292,#5301,#5309));
#5141 = ORIENTED_EDGE('',*,*,#693,.T.);
#5142 = ORIENTED_EDGE('',*,*,#5143,.T.);
#5143 = EDGE_CURVE('',#686,#5144,#5146,.T.);
#5144 = VERTEX_POINT('',#5145);
#5145 = CARTESIAN_POINT('',(52.8,22.18,7.));
#5146 = CIRCLE('',#5147,3.);
#5147 = AXIS2_PLACEMENT_3D('',#5148,#5149,#5150);
#5148 = CARTESIAN_POINT('',(55.8,22.18,7.));
#5149 = DIRECTION('',(0.,1.,-2.22044604925E-16));
#5150 = DIRECTION('',(0.,-2.22044604925E-16,-1.));
#5151 = ORIENTED_EDGE('',*,*,#5152,.T.);
#5152 = EDGE_CURVE('',#5144,#5153,#5155,.T.);
#5153 = VERTEX_POINT('',#5154);
#5154 = CARTESIAN_POINT('',(52.8,22.18,46.5));
#5155 = LINE('',#5156,#5157);
#5156 = CARTESIAN_POINT('',(52.8,22.18,4.));
#5157 = VECTOR('',#5158,1.);
#5158 = DIRECTION('',(6.1E-16,2.22044604925E-16,1.));
#5159 = ORIENTED_EDGE('',*,*,#5160,.T.);
#5160 = EDGE_CURVE('',#5153,#5161,#5163,.T.);
#5161 = VERTEX_POINT('',#5162);
#5162 = CARTESIAN_POINT('',(49.8,22.18,50.5));
#5163 = LINE('',#5164,#5165);
#5164 = CARTESIAN_POINT('',(52.8,22.18,46.5));
#5165 = VECTOR('',#5166,1.);
#5166 = DIRECTION('',(-0.6,1.7763568394E-16,0.8));
#5167 = ORIENTED_EDGE('',*,*,#5168,.T.);
#5168 = EDGE_CURVE('',#5161,#5169,#5171,.T.);
#5169 = VERTEX_POINT('',#5170);
#5170 = CARTESIAN_POINT('',(30.3,22.18,50.5));
#5171 = LINE('',#5172,#5173);
#5172 = CARTESIAN_POINT('',(49.8,22.18,50.5));
#5173 = VECTOR('',#5174,1.);
#5174 = DIRECTION('',(-1.,1.354472090043E-31,6.1E-16));
#5175 = ORIENTED_EDGE('',*,*,#5176,.T.);
#5176 = EDGE_CURVE('',#5169,#5177,#5179,.T.);
#5177 = VERTEX_POINT('',#5178);
#5178 = CARTESIAN_POINT('',(27.2,22.18,46.576990950813));
#5179 = LINE('',#5180,#5181);
#5180 = CARTESIAN_POINT('',(30.3,22.18,50.5));
#5181 = VECTOR('',#5182,1.);
#5182 = DIRECTION('',(-0.62,-1.742165988888E-16,-0.784601809837));
#5183 = ORIENTED_EDGE('',*,*,#5184,.T.);
#5184 = EDGE_CURVE('',#5177,#5110,#5185,.T.);
#5185 = LINE('',#5186,#5187);
#5186 = CARTESIAN_POINT('',(27.2,22.18,46.576990950813));
#5187 = VECTOR('',#5188,1.);
#5188 = DIRECTION('',(-6.1E-16,-2.22044604925E-16,-1.));
#5189 = ORIENTED_EDGE('',*,*,#5127,.T.);
#5190 = ORIENTED_EDGE('',*,*,#648,.T.);
#5191 = ORIENTED_EDGE('',*,*,#5192,.F.);
#5192 = EDGE_CURVE('',#5193,#641,#5195,.T.);
#5193 = VERTEX_POINT('',#5194);
#5194 = CARTESIAN_POINT('',(20.,22.18,9.));
#5195 = LINE('',#5196,#5197);
#5196 = CARTESIAN_POINT('',(20.,22.18,9.));
#5197 = VECTOR('',#5198,1.);
#5198 = DIRECTION('',(-3.7E-16,-2.044604925031E-18,-1.));
#5199 = ORIENTED_EDGE('',*,*,#5200,.T.);
#5200 = EDGE_CURVE('',#5193,#5201,#5203,.T.);
#5201 = VERTEX_POINT('',#5202);
#5202 = CARTESIAN_POINT('',(20.2,22.18,9.));
#5203 = LINE('',#5204,#5205);
#5204 = CARTESIAN_POINT('',(12.2,22.18,9.));
#5205 = VECTOR('',#5206,1.);
#5206 = DIRECTION('',(1.,-1.354472090043E-31,-6.1E-16));
#5207 = ORIENTED_EDGE('',*,*,#5208,.F.);
#5208 = EDGE_CURVE('',#5209,#5201,#5211,.T.);
#5209 = VERTEX_POINT('',#5210);
#5210 = CARTESIAN_POINT('',(22.2,22.18,11.));
#5211 = CIRCLE('',#5212,2.);
#5212 = AXIS2_PLACEMENT_3D('',#5213,#5214,#5215);
#5213 = CARTESIAN_POINT('',(20.2,22.18,11.));
#5214 = DIRECTION('',(0.,1.,-2.22044604925E-16));
#5215 = DIRECTION('',(0.,-2.22044604925E-16,-1.));
#5216 = ORIENTED_EDGE('',*,*,#5217,.T.);
#5217 = EDGE_CURVE('',#5209,#5218,#5220,.T.);
#5218 = VERTEX_POINT('',#5219);
#5219 = CARTESIAN_POINT('',(22.2,22.18,48.376273101108));
#5220 = LINE('',#5221,#5222);
#5221 = CARTESIAN_POINT('',(22.2,22.18,9.));
#5222 = VECTOR('',#5223,1.);
#5223 = DIRECTION('',(6.1E-16,2.22044604925E-16,1.));
#5224 = ORIENTED_EDGE('',*,*,#5225,.T.);
#5225 = EDGE_CURVE('',#5218,#5226,#5228,.T.);
#5226 = VERTEX_POINT('',#5227);
#5227 = CARTESIAN_POINT('',(22.955636573034,22.18,50.366959617789));
#5228 = CIRCLE('',#5229,3.);
#5229 = AXIS2_PLACEMENT_3D('',#5230,#5231,#5232);
#5230 = CARTESIAN_POINT('',(25.2,22.18,48.376273101108));
#5231 = DIRECTION('',(0.,1.,-2.22044604925E-16));
#5232 = DIRECTION('',(0.,-2.22044604925E-16,-1.));
#5233 = ORIENTED_EDGE('',*,*,#5234,.T.);
#5234 = EDGE_CURVE('',#5226,#5235,#5237,.T.);
#5235 = VERTEX_POINT('',#5236);
#5236 = CARTESIAN_POINT('',(26.613265029043,22.18,54.490686516681));
#5237 = LINE('',#5238,#5239);
#5238 = CARTESIAN_POINT('',(22.2,22.18,49.515030861361));
#5239 = VECTOR('',#5240,1.);
#5240 = DIRECTION('',(0.663562172227,1.66116263483E-16,0.748121142322));
#5241 = ORIENTED_EDGE('',*,*,#5242,.T.);
#5242 = EDGE_CURVE('',#5235,#5243,#5245,.T.);
#5243 = VERTEX_POINT('',#5244);
#5244 = CARTESIAN_POINT('',(28.857628456009,22.18,55.5));
#5245 = CIRCLE('',#5246,3.);
#5246 = AXIS2_PLACEMENT_3D('',#5247,#5248,#5249);
#5247 = CARTESIAN_POINT('',(28.857628456009,22.18,52.5));
#5248 = DIRECTION('',(0.,1.,-2.22044604925E-16));
#5249 = DIRECTION('',(0.,-2.22044604925E-16,-1.));
#5250 = ORIENTED_EDGE('',*,*,#5251,.T.);
#5251 = EDGE_CURVE('',#5243,#5252,#5254,.T.);
#5252 = VERTEX_POINT('',#5253);
#5253 = CARTESIAN_POINT('',(51.15424868893,22.18,55.5));
#5254 = LINE('',#5255,#5256);
#5255 = CARTESIAN_POINT('',(27.508497377871,22.18,55.5));
#5256 = VECTOR('',#5257,1.);
#5257 = DIRECTION('',(1.,-1.354472090043E-31,-6.1E-16));
#5258 = ORIENTED_EDGE('',*,*,#5259,.F.);
#5259 = EDGE_CURVE('',#5260,#5252,#5262,.T.);
#5260 = VERTEX_POINT('',#5261);
#5261 = CARTESIAN_POINT('',(53.40424868893,22.18,54.484313483298));
#5262 = CIRCLE('',#5263,3.);
#5263 = AXIS2_PLACEMENT_3D('',#5264,#5265,#5266);
#5264 = CARTESIAN_POINT('',(51.15424868893,22.18,52.5));
#5265 = DIRECTION('',(0.,-1.,2.22044604925E-16));
#5266 = DIRECTION('',(0.,-2.22044604925E-16,-1.));
#5267 = ORIENTED_EDGE('',*,*,#5268,.T.);
#5268 = EDGE_CURVE('',#5260,#5269,#5271,.T.);
#5269 = VERTEX_POINT('',#5270);
#5270 = CARTESIAN_POINT('',(57.05,22.18,50.350420064271));
#5271 = LINE('',#5272,#5273);
#5272 = CARTESIAN_POINT('',(52.50849737787,22.18,55.5));
#5273 = VECTOR('',#5274,1.);
#5274 = DIRECTION('',(0.661437827766,-1.665334536938E-16,-0.75));
#5275 = ORIENTED_EDGE('',*,*,#5276,.F.);
#5276 = EDGE_CURVE('',#5277,#5269,#5279,.T.);
#5277 = VERTEX_POINT('',#5278);
#5278 = CARTESIAN_POINT('',(57.8,22.18,48.366106580972));
#5279 = CIRCLE('',#5280,3.);
#5280 = AXIS2_PLACEMENT_3D('',#5281,#5282,#5283);
#5281 = CARTESIAN_POINT('',(54.8,22.18,48.366106580972));
#5282 = DIRECTION('',(0.,-1.,2.22044604925E-16));
#5283 = DIRECTION('',(0.,-2.22044604925E-16,-1.));
#5284 = ORIENTED_EDGE('',*,*,#5285,.T.);
#5285 = EDGE_CURVE('',#5277,#5286,#5288,.T.);
#5286 = VERTEX_POINT('',#5287);
#5287 = CARTESIAN_POINT('',(57.8,22.18,11.));
#5288 = LINE('',#5289,#5290);
#5289 = CARTESIAN_POINT('',(57.8,22.18,49.5));
#5290 = VECTOR('',#5291,1.);
#5291 = DIRECTION('',(-6.1E-16,-2.22044604925E-16,-1.));
#5292 = ORIENTED_EDGE('',*,*,#5293,.F.);
#5293 = EDGE_CURVE('',#5294,#5286,#5296,.T.);
#5294 = VERTEX_POINT('',#5295);
#5295 = CARTESIAN_POINT('',(59.8,22.18,9.));
#5296 = CIRCLE('',#5297,2.);
#5297 = AXIS2_PLACEMENT_3D('',#5298,#5299,#5300);
#5298 = CARTESIAN_POINT('',(59.8,22.18,11.));
#5299 = DIRECTION('',(0.,1.,-2.22044604925E-16));
#5300 = DIRECTION('',(0.,-2.22044604925E-16,-1.));
#5301 = ORIENTED_EDGE('',*,*,#5302,.T.);
#5302 = EDGE_CURVE('',#5294,#5303,#5305,.T.);
#5303 = VERTEX_POINT('',#5304);
#5304 = CARTESIAN_POINT('',(60.,22.18,9.));
#5305 = LINE('',#5306,#5307);
#5306 = CARTESIAN_POINT('',(57.8,22.18,9.));
#5307 = VECTOR('',#5308,1.);
#5308 = DIRECTION('',(1.,-1.354472090043E-31,-6.1E-16));
#5309 = ORIENTED_EDGE('',*,*,#5310,.T.);
#5310 = EDGE_CURVE('',#5303,#694,#5311,.T.);
#5311 = LINE('',#5312,#5313);
#5312 = CARTESIAN_POINT('',(60.,22.18,9.));
#5313 = VECTOR('',#5314,1.);
#5314 = DIRECTION('',(-2.4E-16,-2.044604925031E-18,-1.));
#5315 = FACE_BOUND('',#5316,.T.);
#5316 = EDGE_LOOP('',(#5317));
#5317 = ORIENTED_EDGE('',*,*,#5318,.F.);
#5318 = EDGE_CURVE('',#5319,#5319,#5321,.T.);
#5319 = VERTEX_POINT('',#5320);
#5320 = CARTESIAN_POINT('',(53.55,22.18,12.5));
#5321 = CIRCLE('',#5322,1.45);
#5322 = AXIS2_PLACEMENT_3D('',#5323,#5324,#5325);
#5323 = CARTESIAN_POINT('',(55.,22.18,12.5));
#5324 = DIRECTION('',(0.,1.,-2.22044604925E-16));
#5325 = DIRECTION('',(-1.,5.329070518201E-32,2.4E-16));
#5326 = FACE_BOUND('',#5327,.T.);
#5327 = EDGE_LOOP('',(#5328));
#5328 = ORIENTED_EDGE('',*,*,#5329,.F.);
#5329 = EDGE_CURVE('',#5330,#5330,#5332,.T.);
#5330 = VERTEX_POINT('',#5331);
#5331 = CARTESIAN_POINT('',(53.55,22.18,29.5));
#5332 = CIRCLE('',#5333,1.45);
#5333 = AXIS2_PLACEMENT_3D('',#5334,#5335,#5336);
#5334 = CARTESIAN_POINT('',(55.,22.18,29.5));
#5335 = DIRECTION('',(0.,1.,-2.22044604925E-16));
#5336 = DIRECTION('',(-1.,5.329070518201E-32,2.4E-16));
#5337 = FACE_BOUND('',#5338,.T.);
#5338 = EDGE_LOOP('',(#5339));
#5339 = ORIENTED_EDGE('',*,*,#5340,.F.);
#5340 = EDGE_CURVE('',#5341,#5341,#5343,.T.);
#5341 = VERTEX_POINT('',#5342);
#5342 = CARTESIAN_POINT('',(26.45,22.18,12.5));
#5343 = CIRCLE('',#5344,1.45);
#5344 = AXIS2_PLACEMENT_3D('',#5345,#5346,#5347);
#5345 = CARTESIAN_POINT('',(25.,22.18,12.5));
#5346 = DIRECTION('',(0.,1.,-2.22044604925E-16));
#5347 = DIRECTION('',(1.,-1.354472090043E-31,-6.1E-16));
#5348 = FACE_BOUND('',#5349,.T.);
#5349 = EDGE_LOOP('',(#5350));
#5350 = ORIENTED_EDGE('',*,*,#5351,.F.);
#5351 = EDGE_CURVE('',#5352,#5352,#5354,.T.);
#5352 = VERTEX_POINT('',#5353);
#5353 = CARTESIAN_POINT('',(26.45,22.18,29.5));
#5354 = CIRCLE('',#5355,1.45);
#5355 = AXIS2_PLACEMENT_3D('',#5356,#5357,#5358);
#5356 = CARTESIAN_POINT('',(25.,22.18,29.5));
#5357 = DIRECTION('',(0.,1.,-2.22044604925E-16));
#5358 = DIRECTION('',(1.,-1.354472090043E-31,-6.1E-16));
#5359 = FACE_BOUND('',#5360,.T.);
#5360 = EDGE_LOOP('',(#5361));
#5361 = ORIENTED_EDGE('',*,*,#5362,.F.);
#5362 = EDGE_CURVE('',#5363,#5363,#5365,.T.);
#5363 = VERTEX_POINT('',#5364);
#5364 = CARTESIAN_POINT('',(53.55,22.18,46.5));
#5365 = CIRCLE('',#5366,1.45);
#5366 = AXIS2_PLACEMENT_3D('',#5367,#5368,#5369);
#5367 = CARTESIAN_POINT('',(55.,22.18,46.5));
#5368 = DIRECTION('',(0.,1.,-2.22044604925E-16));
#5369 = DIRECTION('',(-1.,5.329070518201E-32,2.4E-16));
#5370 = FACE_BOUND('',#5371,.T.);
#5371 = EDGE_LOOP('',(#5372));
#5372 = ORIENTED_EDGE('',*,*,#5373,.F.);
#5373 = EDGE_CURVE('',#5374,#5374,#5376,.T.);
#5374 = VERTEX_POINT('',#5375);
#5375 = CARTESIAN_POINT('',(47.05,22.18,52.8));
#5376 = CIRCLE('',#5377,1.45);
#5377 = AXIS2_PLACEMENT_3D('',#5378,#5379,#5380);
#5378 = CARTESIAN_POINT('',(48.5,22.18,52.8));
#5379 = DIRECTION('',(0.,1.,-2.22044604925E-16));
#5380 = DIRECTION('',(-1.,5.329070518201E-32,2.4E-16));
#5381 = FACE_BOUND('',#5382,.T.);
#5382 = EDGE_LOOP('',(#5383));
#5383 = ORIENTED_EDGE('',*,*,#5384,.F.);
#5384 = EDGE_CURVE('',#5385,#5385,#5387,.T.);
#5385 = VERTEX_POINT('',#5386);
#5386 = CARTESIAN_POINT('',(26.45,22.18,46.5));
#5387 = CIRCLE('',#5388,1.45);
#5388 = AXIS2_PLACEMENT_3D('',#5389,#5390,#5391);
#5389 = CARTESIAN_POINT('',(25.,22.18,46.5));
#5390 = DIRECTION('',(0.,1.,-2.22044604925E-16));
#5391 = DIRECTION('',(1.,-1.354472090043E-31,-6.1E-16));
#5392 = FACE_BOUND('',#5393,.T.);
#5393 = EDGE_LOOP('',(#5394));
#5394 = ORIENTED_EDGE('',*,*,#5395,.F.);
#5395 = EDGE_CURVE('',#5396,#5396,#5398,.T.);
#5396 = VERTEX_POINT('',#5397);
#5397 = CARTESIAN_POINT('',(32.95,22.18,52.8));
#5398 = CIRCLE('',#5399,1.45);
#5399 = AXIS2_PLACEMENT_3D('',#5400,#5401,#5402);
#5400 = CARTESIAN_POINT('',(31.5,22.18,52.8));
#5401 = DIRECTION('',(0.,1.,-2.22044604925E-16));
#5402 = DIRECTION('',(1.,-1.354472090043E-31,-6.1E-16));
#5403 = PLANE('',#5404);
#5404 = AXIS2_PLACEMENT_3D('',#5405,#5406,#5407);
#5405 = CARTESIAN_POINT('',(40.000850933091,22.18,28.93648228298));
#5406 = DIRECTION('',(0.,1.,-2.22044604925E-16));
#5407 = DIRECTION('',(-1.,1.354472090043E-31,6.1E-16));
#5408 = ADVANCED_FACE('',(#5409),#5427,.T.);
#5409 = FACE_BOUND('',#5410,.F.);
#5410 = EDGE_LOOP('',(#5411,#5419,#5420,#5421));
#5411 = ORIENTED_EDGE('',*,*,#5412,.T.);
#5412 = EDGE_CURVE('',#5413,#633,#5415,.T.);
#5413 = VERTEX_POINT('',#5414);
#5414 = CARTESIAN_POINT('',(20.,53.18,9.));
#5415 = LINE('',#5416,#5417);
#5416 = CARTESIAN_POINT('',(20.,53.18,9.));
#5417 = VECTOR('',#5418,1.);
#5418 = DIRECTION('',(-3.7E-16,-2.044604925031E-18,-1.));
#5419 = ORIENTED_EDGE('',*,*,#640,.T.);
#5420 = ORIENTED_EDGE('',*,*,#5192,.F.);
#5421 = ORIENTED_EDGE('',*,*,#5422,.F.);
#5422 = EDGE_CURVE('',#5413,#5193,#5423,.T.);
#5423 = LINE('',#5424,#5425);
#5424 = CARTESIAN_POINT('',(20.,53.18,9.));
#5425 = VECTOR('',#5426,1.);
#5426 = DIRECTION('',(-0.,-1.,2.044604925031E-18));
#5427 = PLANE('',#5428);
#5428 = AXIS2_PLACEMENT_3D('',#5429,#5430,#5431);
#5429 = CARTESIAN_POINT('',(20.,53.18,9.));
#5430 = DIRECTION('',(1.,-8.215650382226E-32,-3.7E-16));
#5431 = DIRECTION('',(8.14E-32,1.,-2.044604925031E-18));
#5432 = ADVANCED_FACE('',(#5433,#5610,#5621,#5632,#5643,#5654,#5665,
    #5676,#5687),#5698,.F.);
#5433 = FACE_BOUND('',#5434,.F.);
#5434 = EDGE_LOOP('',(#5435,#5436,#5445,#5453,#5461,#5469,#5477,#5485,
    #5492,#5493,#5494,#5502,#5511,#5519,#5528,#5536,#5545,#5553,#5562,
    #5570,#5579,#5587,#5596,#5604));
#5435 = ORIENTED_EDGE('',*,*,#709,.T.);
#5436 = ORIENTED_EDGE('',*,*,#5437,.T.);
#5437 = EDGE_CURVE('',#710,#5438,#5440,.T.);
#5438 = VERTEX_POINT('',#5439);
#5439 = CARTESIAN_POINT('',(52.8,53.18,7.));
#5440 = CIRCLE('',#5441,3.);
#5441 = AXIS2_PLACEMENT_3D('',#5442,#5443,#5444);
#5442 = CARTESIAN_POINT('',(55.8,53.18,7.));
#5443 = DIRECTION('',(0.,1.,-2.22044604925E-16));
#5444 = DIRECTION('',(0.,-2.22044604925E-16,-1.));
#5445 = ORIENTED_EDGE('',*,*,#5446,.T.);
#5446 = EDGE_CURVE('',#5438,#5447,#5449,.T.);
#5447 = VERTEX_POINT('',#5448);
#5448 = CARTESIAN_POINT('',(52.8,53.18,46.5));
#5449 = LINE('',#5450,#5451);
#5450 = CARTESIAN_POINT('',(52.8,53.18,4.));
#5451 = VECTOR('',#5452,1.);
#5452 = DIRECTION('',(2.4E-16,2.22044604925E-16,1.));
#5453 = ORIENTED_EDGE('',*,*,#5454,.T.);
#5454 = EDGE_CURVE('',#5447,#5455,#5457,.T.);
#5455 = VERTEX_POINT('',#5456);
#5456 = CARTESIAN_POINT('',(49.8,53.18,50.5));
#5457 = LINE('',#5458,#5459);
#5458 = CARTESIAN_POINT('',(52.8,53.18,46.5));
#5459 = VECTOR('',#5460,1.);
#5460 = DIRECTION('',(-0.6,1.7763568394E-16,0.8));
#5461 = ORIENTED_EDGE('',*,*,#5462,.T.);
#5462 = EDGE_CURVE('',#5455,#5463,#5465,.T.);
#5463 = VERTEX_POINT('',#5464);
#5464 = CARTESIAN_POINT('',(30.3,53.18,50.5));
#5465 = LINE('',#5466,#5467);
#5466 = CARTESIAN_POINT('',(49.8,53.18,50.5));
#5467 = VECTOR('',#5468,1.);
#5468 = DIRECTION('',(-1.,5.329070518201E-32,2.4E-16));
#5469 = ORIENTED_EDGE('',*,*,#5470,.T.);
#5470 = EDGE_CURVE('',#5463,#5471,#5473,.T.);
#5471 = VERTEX_POINT('',#5472);
#5472 = CARTESIAN_POINT('',(27.2,53.18,46.576990950813));
#5473 = LINE('',#5474,#5475);
#5474 = CARTESIAN_POINT('',(30.3,53.18,50.5));
#5475 = VECTOR('',#5476,1.);
#5476 = DIRECTION('',(-0.62,-1.742165988888E-16,-0.784601809837));
#5477 = ORIENTED_EDGE('',*,*,#5478,.T.);
#5478 = EDGE_CURVE('',#5471,#5479,#5481,.T.);
#5479 = VERTEX_POINT('',#5480);
#5480 = CARTESIAN_POINT('',(27.2,53.18,7.));
#5481 = LINE('',#5482,#5483);
#5482 = CARTESIAN_POINT('',(27.2,53.18,46.576990950813));
#5483 = VECTOR('',#5484,1.);
#5484 = DIRECTION('',(-2.4E-16,-2.22044604925E-16,-1.));
#5485 = ORIENTED_EDGE('',*,*,#5486,.F.);
#5486 = EDGE_CURVE('',#625,#5479,#5487,.T.);
#5487 = CIRCLE('',#5488,3.);
#5488 = AXIS2_PLACEMENT_3D('',#5489,#5490,#5491);
#5489 = CARTESIAN_POINT('',(24.2,53.18,7.));
#5490 = DIRECTION('',(0.,-1.,2.22044604925E-16));
#5491 = DIRECTION('',(0.,-2.22044604925E-16,-1.));
#5492 = ORIENTED_EDGE('',*,*,#632,.T.);
#5493 = ORIENTED_EDGE('',*,*,#5412,.F.);
#5494 = ORIENTED_EDGE('',*,*,#5495,.T.);
#5495 = EDGE_CURVE('',#5413,#5496,#5498,.T.);
#5496 = VERTEX_POINT('',#5497);
#5497 = CARTESIAN_POINT('',(20.2,53.18,9.));
#5498 = LINE('',#5499,#5500);
#5499 = CARTESIAN_POINT('',(12.2,53.18,9.));
#5500 = VECTOR('',#5501,1.);
#5501 = DIRECTION('',(1.,-5.329070518201E-32,-2.4E-16));
#5502 = ORIENTED_EDGE('',*,*,#5503,.T.);
#5503 = EDGE_CURVE('',#5496,#5504,#5506,.T.);
#5504 = VERTEX_POINT('',#5505);
#5505 = CARTESIAN_POINT('',(22.2,53.18,11.));
#5506 = CIRCLE('',#5507,2.);
#5507 = AXIS2_PLACEMENT_3D('',#5508,#5509,#5510);
#5508 = CARTESIAN_POINT('',(20.2,53.18,11.));
#5509 = DIRECTION('',(0.,-1.,2.22044604925E-16));
#5510 = DIRECTION('',(0.,-2.22044604925E-16,-1.));
#5511 = ORIENTED_EDGE('',*,*,#5512,.T.);
#5512 = EDGE_CURVE('',#5504,#5513,#5515,.T.);
#5513 = VERTEX_POINT('',#5514);
#5514 = CARTESIAN_POINT('',(22.2,53.18,48.376273101108));
#5515 = LINE('',#5516,#5517);
#5516 = CARTESIAN_POINT('',(22.2,53.18,9.));
#5517 = VECTOR('',#5518,1.);
#5518 = DIRECTION('',(2.4E-16,2.22044604925E-16,1.));
#5519 = ORIENTED_EDGE('',*,*,#5520,.F.);
#5520 = EDGE_CURVE('',#5521,#5513,#5523,.T.);
#5521 = VERTEX_POINT('',#5522);
#5522 = CARTESIAN_POINT('',(22.955636573034,53.18,50.366959617789));
#5523 = CIRCLE('',#5524,3.);
#5524 = AXIS2_PLACEMENT_3D('',#5525,#5526,#5527);
#5525 = CARTESIAN_POINT('',(25.2,53.18,48.376273101108));
#5526 = DIRECTION('',(0.,-1.,2.22044604925E-16));
#5527 = DIRECTION('',(0.,-2.22044604925E-16,-1.));
#5528 = ORIENTED_EDGE('',*,*,#5529,.T.);
#5529 = EDGE_CURVE('',#5521,#5530,#5532,.T.);
#5530 = VERTEX_POINT('',#5531);
#5531 = CARTESIAN_POINT('',(26.613265029043,53.18,54.490686516681));
#5532 = LINE('',#5533,#5534);
#5533 = CARTESIAN_POINT('',(22.2,53.18,49.515030861361));
#5534 = VECTOR('',#5535,1.);
#5535 = DIRECTION('',(0.663562172227,1.66116263483E-16,0.748121142322));
#5536 = ORIENTED_EDGE('',*,*,#5537,.F.);
#5537 = EDGE_CURVE('',#5538,#5530,#5540,.T.);
#5538 = VERTEX_POINT('',#5539);
#5539 = CARTESIAN_POINT('',(28.857628456009,53.18,55.5));
#5540 = CIRCLE('',#5541,3.);
#5541 = AXIS2_PLACEMENT_3D('',#5542,#5543,#5544);
#5542 = CARTESIAN_POINT('',(28.857628456009,53.18,52.5));
#5543 = DIRECTION('',(0.,-1.,2.22044604925E-16));
#5544 = DIRECTION('',(0.,-2.22044604925E-16,-1.));
#5545 = ORIENTED_EDGE('',*,*,#5546,.T.);
#5546 = EDGE_CURVE('',#5538,#5547,#5549,.T.);
#5547 = VERTEX_POINT('',#5548);
#5548 = CARTESIAN_POINT('',(51.15424868893,53.18,55.5));
#5549 = LINE('',#5550,#5551);
#5550 = CARTESIAN_POINT('',(27.508497377871,53.18,55.5));
#5551 = VECTOR('',#5552,1.);
#5552 = DIRECTION('',(1.,-5.329070518201E-32,-2.4E-16));
#5553 = ORIENTED_EDGE('',*,*,#5554,.F.);
#5554 = EDGE_CURVE('',#5555,#5547,#5557,.T.);
#5555 = VERTEX_POINT('',#5556);
#5556 = CARTESIAN_POINT('',(53.40424868893,53.18,54.484313483298));
#5557 = CIRCLE('',#5558,3.);
#5558 = AXIS2_PLACEMENT_3D('',#5559,#5560,#5561);
#5559 = CARTESIAN_POINT('',(51.15424868893,53.18,52.5));
#5560 = DIRECTION('',(0.,-1.,2.22044604925E-16));
#5561 = DIRECTION('',(0.,-2.22044604925E-16,-1.));
#5562 = ORIENTED_EDGE('',*,*,#5563,.T.);
#5563 = EDGE_CURVE('',#5555,#5564,#5566,.T.);
#5564 = VERTEX_POINT('',#5565);
#5565 = CARTESIAN_POINT('',(57.05,53.18,50.350420064271));
#5566 = LINE('',#5567,#5568);
#5567 = CARTESIAN_POINT('',(52.50849737787,53.18,55.5));
#5568 = VECTOR('',#5569,1.);
#5569 = DIRECTION('',(0.661437827766,-1.665334536938E-16,-0.75));
#5570 = ORIENTED_EDGE('',*,*,#5571,.F.);
#5571 = EDGE_CURVE('',#5572,#5564,#5574,.T.);
#5572 = VERTEX_POINT('',#5573);
#5573 = CARTESIAN_POINT('',(57.8,53.18,48.366106580972));
#5574 = CIRCLE('',#5575,3.);
#5575 = AXIS2_PLACEMENT_3D('',#5576,#5577,#5578);
#5576 = CARTESIAN_POINT('',(54.8,53.18,48.366106580972));
#5577 = DIRECTION('',(0.,-1.,2.22044604925E-16));
#5578 = DIRECTION('',(0.,-2.22044604925E-16,-1.));
#5579 = ORIENTED_EDGE('',*,*,#5580,.T.);
#5580 = EDGE_CURVE('',#5572,#5581,#5583,.T.);
#5581 = VERTEX_POINT('',#5582);
#5582 = CARTESIAN_POINT('',(57.8,53.18,11.));
#5583 = LINE('',#5584,#5585);
#5584 = CARTESIAN_POINT('',(57.8,53.18,49.5));
#5585 = VECTOR('',#5586,1.);
#5586 = DIRECTION('',(-2.4E-16,-2.22044604925E-16,-1.));
#5587 = ORIENTED_EDGE('',*,*,#5588,.F.);
#5588 = EDGE_CURVE('',#5589,#5581,#5591,.T.);
#5589 = VERTEX_POINT('',#5590);
#5590 = CARTESIAN_POINT('',(59.8,53.18,9.));
#5591 = CIRCLE('',#5592,2.);
#5592 = AXIS2_PLACEMENT_3D('',#5593,#5594,#5595);
#5593 = CARTESIAN_POINT('',(59.8,53.18,11.));
#5594 = DIRECTION('',(0.,1.,-2.22044604925E-16));
#5595 = DIRECTION('',(0.,-2.22044604925E-16,-1.));
#5596 = ORIENTED_EDGE('',*,*,#5597,.T.);
#5597 = EDGE_CURVE('',#5589,#5598,#5600,.T.);
#5598 = VERTEX_POINT('',#5599);
#5599 = CARTESIAN_POINT('',(60.,53.18,9.));
#5600 = LINE('',#5601,#5602);
#5601 = CARTESIAN_POINT('',(57.8,53.18,9.));
#5602 = VECTOR('',#5603,1.);
#5603 = DIRECTION('',(1.,-5.329070518201E-32,-2.4E-16));
#5604 = ORIENTED_EDGE('',*,*,#5605,.T.);
#5605 = EDGE_CURVE('',#5598,#702,#5606,.T.);
#5606 = LINE('',#5607,#5608);
#5607 = CARTESIAN_POINT('',(60.,53.18,9.));
#5608 = VECTOR('',#5609,1.);
#5609 = DIRECTION('',(-2.4E-16,-2.044604925031E-18,-1.));
#5610 = FACE_BOUND('',#5611,.F.);
#5611 = EDGE_LOOP('',(#5612));
#5612 = ORIENTED_EDGE('',*,*,#5613,.T.);
#5613 = EDGE_CURVE('',#5614,#5614,#5616,.T.);
#5614 = VERTEX_POINT('',#5615);
#5615 = CARTESIAN_POINT('',(53.55,53.18,12.5));
#5616 = CIRCLE('',#5617,1.45);
#5617 = AXIS2_PLACEMENT_3D('',#5618,#5619,#5620);
#5618 = CARTESIAN_POINT('',(55.,53.18,12.5));
#5619 = DIRECTION('',(0.,-1.,2.22044604925E-16));
#5620 = DIRECTION('',(-1.,2.6645352591E-32,1.2E-16));
#5621 = FACE_BOUND('',#5622,.F.);
#5622 = EDGE_LOOP('',(#5623));
#5623 = ORIENTED_EDGE('',*,*,#5624,.T.);
#5624 = EDGE_CURVE('',#5625,#5625,#5627,.T.);
#5625 = VERTEX_POINT('',#5626);
#5626 = CARTESIAN_POINT('',(53.55,53.18,29.5));
#5627 = CIRCLE('',#5628,1.45);
#5628 = AXIS2_PLACEMENT_3D('',#5629,#5630,#5631);
#5629 = CARTESIAN_POINT('',(55.,53.18,29.5));
#5630 = DIRECTION('',(0.,-1.,2.22044604925E-16));
#5631 = DIRECTION('',(-1.,2.6645352591E-32,1.2E-16));
#5632 = FACE_BOUND('',#5633,.F.);
#5633 = EDGE_LOOP('',(#5634));
#5634 = ORIENTED_EDGE('',*,*,#5635,.F.);
#5635 = EDGE_CURVE('',#5636,#5636,#5638,.T.);
#5636 = VERTEX_POINT('',#5637);
#5637 = CARTESIAN_POINT('',(26.45,53.18,12.5));
#5638 = CIRCLE('',#5639,1.45);
#5639 = AXIS2_PLACEMENT_3D('',#5640,#5641,#5642);
#5640 = CARTESIAN_POINT('',(25.,53.18,12.5));
#5641 = DIRECTION('',(0.,1.,-2.22044604925E-16));
#5642 = DIRECTION('',(1.,-1.354472090043E-31,-6.1E-16));
#5643 = FACE_BOUND('',#5644,.F.);
#5644 = EDGE_LOOP('',(#5645));
#5645 = ORIENTED_EDGE('',*,*,#5646,.F.);
#5646 = EDGE_CURVE('',#5647,#5647,#5649,.T.);
#5647 = VERTEX_POINT('',#5648);
#5648 = CARTESIAN_POINT('',(26.45,53.18,29.5));
#5649 = CIRCLE('',#5650,1.45);
#5650 = AXIS2_PLACEMENT_3D('',#5651,#5652,#5653);
#5651 = CARTESIAN_POINT('',(25.,53.18,29.5));
#5652 = DIRECTION('',(0.,1.,-2.22044604925E-16));
#5653 = DIRECTION('',(1.,-1.354472090043E-31,-6.1E-16));
#5654 = FACE_BOUND('',#5655,.F.);
#5655 = EDGE_LOOP('',(#5656));
#5656 = ORIENTED_EDGE('',*,*,#5657,.T.);
#5657 = EDGE_CURVE('',#5658,#5658,#5660,.T.);
#5658 = VERTEX_POINT('',#5659);
#5659 = CARTESIAN_POINT('',(53.55,53.18,46.5));
#5660 = CIRCLE('',#5661,1.45);
#5661 = AXIS2_PLACEMENT_3D('',#5662,#5663,#5664);
#5662 = CARTESIAN_POINT('',(55.,53.18,46.5));
#5663 = DIRECTION('',(0.,-1.,2.22044604925E-16));
#5664 = DIRECTION('',(-1.,2.6645352591E-32,1.2E-16));
#5665 = FACE_BOUND('',#5666,.F.);
#5666 = EDGE_LOOP('',(#5667));
#5667 = ORIENTED_EDGE('',*,*,#5668,.T.);
#5668 = EDGE_CURVE('',#5669,#5669,#5671,.T.);
#5669 = VERTEX_POINT('',#5670);
#5670 = CARTESIAN_POINT('',(47.05,53.18,52.8));
#5671 = CIRCLE('',#5672,1.45);
#5672 = AXIS2_PLACEMENT_3D('',#5673,#5674,#5675);
#5673 = CARTESIAN_POINT('',(48.5,53.18,52.8));
#5674 = DIRECTION('',(0.,-1.,2.22044604925E-16));
#5675 = DIRECTION('',(-1.,2.6645352591E-32,1.2E-16));
#5676 = FACE_BOUND('',#5677,.F.);
#5677 = EDGE_LOOP('',(#5678));
#5678 = ORIENTED_EDGE('',*,*,#5679,.F.);
#5679 = EDGE_CURVE('',#5680,#5680,#5682,.T.);
#5680 = VERTEX_POINT('',#5681);
#5681 = CARTESIAN_POINT('',(26.45,53.18,46.5));
#5682 = CIRCLE('',#5683,1.45);
#5683 = AXIS2_PLACEMENT_3D('',#5684,#5685,#5686);
#5684 = CARTESIAN_POINT('',(25.,53.18,46.5));
#5685 = DIRECTION('',(0.,1.,-2.22044604925E-16));
#5686 = DIRECTION('',(1.,-1.354472090043E-31,-6.1E-16));
#5687 = FACE_BOUND('',#5688,.F.);
#5688 = EDGE_LOOP('',(#5689));
#5689 = ORIENTED_EDGE('',*,*,#5690,.F.);
#5690 = EDGE_CURVE('',#5691,#5691,#5693,.T.);
#5691 = VERTEX_POINT('',#5692);
#5692 = CARTESIAN_POINT('',(32.95,53.18,52.8));
#5693 = CIRCLE('',#5694,1.45);
#5694 = AXIS2_PLACEMENT_3D('',#5695,#5696,#5697);
#5695 = CARTESIAN_POINT('',(31.5,53.18,52.8));
#5696 = DIRECTION('',(0.,1.,-2.22044604925E-16));
#5697 = DIRECTION('',(1.,-1.354472090043E-31,-6.1E-16));
#5698 = PLANE('',#5699);
#5699 = AXIS2_PLACEMENT_3D('',#5700,#5701,#5702);
#5700 = CARTESIAN_POINT('',(40.000850933091,53.18,28.93648228298));
#5701 = DIRECTION('',(0.,1.,-2.22044604925E-16));
#5702 = DIRECTION('',(-1.,5.329070518201E-32,2.4E-16));
#5703 = ADVANCED_FACE('',(#5704),#5723,.T.);
#5704 = FACE_BOUND('',#5705,.T.);
#5705 = EDGE_LOOP('',(#5706,#5715,#5721,#5722));
#5706 = ORIENTED_EDGE('',*,*,#5707,.T.);
#5707 = EDGE_CURVE('',#617,#5708,#5710,.T.);
#5708 = VERTEX_POINT('',#5709);
#5709 = CARTESIAN_POINT('',(27.2,58.18,7.));
#5710 = CIRCLE('',#5711,3.);
#5711 = AXIS2_PLACEMENT_3D('',#5712,#5713,#5714);
#5712 = CARTESIAN_POINT('',(24.2,58.18,7.));
#5713 = DIRECTION('',(0.,-1.,2.22044604925E-16));
#5714 = DIRECTION('',(0.,-2.22044604925E-16,-1.));
#5715 = ORIENTED_EDGE('',*,*,#5716,.T.);
#5716 = EDGE_CURVE('',#5708,#5479,#5717,.T.);
#5717 = LINE('',#5718,#5719);
#5718 = CARTESIAN_POINT('',(27.2,58.18,7.));
#5719 = VECTOR('',#5720,1.);
#5720 = DIRECTION('',(0.,-1.,2.22044604925E-16));
#5721 = ORIENTED_EDGE('',*,*,#5486,.F.);
#5722 = ORIENTED_EDGE('',*,*,#624,.F.);
#5723 = CYLINDRICAL_SURFACE('',#5724,3.);
#5724 = AXIS2_PLACEMENT_3D('',#5725,#5726,#5727);
#5725 = CARTESIAN_POINT('',(24.2,58.18,7.));
#5726 = DIRECTION('',(0.,-1.,2.22044604925E-16));
#5727 = DIRECTION('',(-3.6E-16,-2.22044604925E-16,-1.));
#5728 = ADVANCED_FACE('',(#5729,#5923,#5934,#5945,#5956,#5967,#5978,
    #5989,#6000),#6011,.T.);
#5729 = FACE_BOUND('',#5730,.T.);
#5730 = EDGE_LOOP('',(#5731,#5739,#5748,#5756,#5765,#5773,#5782,#5790,
    #5799,#5807,#5816,#5824,#5833,#5841,#5850,#5858,#5867,#5873,#5874,
    #5883,#5891,#5899,#5907,#5915,#5921,#5922));
#5731 = ORIENTED_EDGE('',*,*,#5732,.T.);
#5732 = EDGE_CURVE('',#609,#5733,#5735,.T.);
#5733 = VERTEX_POINT('',#5734);
#5734 = CARTESIAN_POINT('',(12.2,58.18,7.));
#5735 = LINE('',#5736,#5737);
#5736 = CARTESIAN_POINT('',(12.2,58.18,4.));
#5737 = VECTOR('',#5738,1.);
#5738 = DIRECTION('',(2.4E-16,2.22044604925E-16,1.));
#5739 = ORIENTED_EDGE('',*,*,#5740,.F.);
#5740 = EDGE_CURVE('',#5741,#5733,#5743,.T.);
#5741 = VERTEX_POINT('',#5742);
#5742 = CARTESIAN_POINT('',(14.2,58.18,9.));
#5743 = CIRCLE('',#5744,2.);
#5744 = AXIS2_PLACEMENT_3D('',#5745,#5746,#5747);
#5745 = CARTESIAN_POINT('',(14.2,58.18,7.));
#5746 = DIRECTION('',(0.,-1.,2.22044604925E-16));
#5747 = DIRECTION('',(0.,-2.22044604925E-16,-1.));
#5748 = ORIENTED_EDGE('',*,*,#5749,.T.);
#5749 = EDGE_CURVE('',#5741,#5750,#5752,.T.);
#5750 = VERTEX_POINT('',#5751);
#5751 = CARTESIAN_POINT('',(20.2,58.18,9.));
#5752 = LINE('',#5753,#5754);
#5753 = CARTESIAN_POINT('',(12.2,58.18,9.));
#5754 = VECTOR('',#5755,1.);
#5755 = DIRECTION('',(1.,-5.329070518201E-32,-2.4E-16));
#5756 = ORIENTED_EDGE('',*,*,#5757,.T.);
#5757 = EDGE_CURVE('',#5750,#5758,#5760,.T.);
#5758 = VERTEX_POINT('',#5759);
#5759 = CARTESIAN_POINT('',(22.2,58.18,11.));
#5760 = CIRCLE('',#5761,2.);
#5761 = AXIS2_PLACEMENT_3D('',#5762,#5763,#5764);
#5762 = CARTESIAN_POINT('',(20.2,58.18,11.));
#5763 = DIRECTION('',(0.,-1.,2.22044604925E-16));
#5764 = DIRECTION('',(0.,-2.22044604925E-16,-1.));
#5765 = ORIENTED_EDGE('',*,*,#5766,.T.);
#5766 = EDGE_CURVE('',#5758,#5767,#5769,.T.);
#5767 = VERTEX_POINT('',#5768);
#5768 = CARTESIAN_POINT('',(22.2,58.18,48.376273101108));
#5769 = LINE('',#5770,#5771);
#5770 = CARTESIAN_POINT('',(22.2,58.18,9.));
#5771 = VECTOR('',#5772,1.);
#5772 = DIRECTION('',(2.4E-16,2.22044604925E-16,1.));
#5773 = ORIENTED_EDGE('',*,*,#5774,.F.);
#5774 = EDGE_CURVE('',#5775,#5767,#5777,.T.);
#5775 = VERTEX_POINT('',#5776);
#5776 = CARTESIAN_POINT('',(22.955636573034,58.18,50.366959617789));
#5777 = CIRCLE('',#5778,3.);
#5778 = AXIS2_PLACEMENT_3D('',#5779,#5780,#5781);
#5779 = CARTESIAN_POINT('',(25.2,58.18,48.376273101108));
#5780 = DIRECTION('',(0.,-1.,2.22044604925E-16));
#5781 = DIRECTION('',(0.,-2.22044604925E-16,-1.));
#5782 = ORIENTED_EDGE('',*,*,#5783,.T.);
#5783 = EDGE_CURVE('',#5775,#5784,#5786,.T.);
#5784 = VERTEX_POINT('',#5785);
#5785 = CARTESIAN_POINT('',(26.613265029043,58.18,54.490686516681));
#5786 = LINE('',#5787,#5788);
#5787 = CARTESIAN_POINT('',(22.2,58.18,49.515030861361));
#5788 = VECTOR('',#5789,1.);
#5789 = DIRECTION('',(0.663562172227,1.66116263483E-16,0.748121142322));
#5790 = ORIENTED_EDGE('',*,*,#5791,.F.);
#5791 = EDGE_CURVE('',#5792,#5784,#5794,.T.);
#5792 = VERTEX_POINT('',#5793);
#5793 = CARTESIAN_POINT('',(28.857628456009,58.18,55.5));
#5794 = CIRCLE('',#5795,3.);
#5795 = AXIS2_PLACEMENT_3D('',#5796,#5797,#5798);
#5796 = CARTESIAN_POINT('',(28.857628456009,58.18,52.5));
#5797 = DIRECTION('',(0.,-1.,2.22044604925E-16));
#5798 = DIRECTION('',(0.,-2.22044604925E-16,-1.));
#5799 = ORIENTED_EDGE('',*,*,#5800,.T.);
#5800 = EDGE_CURVE('',#5792,#5801,#5803,.T.);
#5801 = VERTEX_POINT('',#5802);
#5802 = CARTESIAN_POINT('',(51.15424868893,58.18,55.5));
#5803 = LINE('',#5804,#5805);
#5804 = CARTESIAN_POINT('',(27.508497377871,58.18,55.5));
#5805 = VECTOR('',#5806,1.);
#5806 = DIRECTION('',(1.,-5.329070518201E-32,-2.4E-16));
#5807 = ORIENTED_EDGE('',*,*,#5808,.F.);
#5808 = EDGE_CURVE('',#5809,#5801,#5811,.T.);
#5809 = VERTEX_POINT('',#5810);
#5810 = CARTESIAN_POINT('',(53.40424868893,58.18,54.484313483298));
#5811 = CIRCLE('',#5812,3.);
#5812 = AXIS2_PLACEMENT_3D('',#5813,#5814,#5815);
#5813 = CARTESIAN_POINT('',(51.15424868893,58.18,52.5));
#5814 = DIRECTION('',(0.,-1.,2.22044604925E-16));
#5815 = DIRECTION('',(0.,-2.22044604925E-16,-1.));
#5816 = ORIENTED_EDGE('',*,*,#5817,.T.);
#5817 = EDGE_CURVE('',#5809,#5818,#5820,.T.);
#5818 = VERTEX_POINT('',#5819);
#5819 = CARTESIAN_POINT('',(57.05,58.18,50.350420064271));
#5820 = LINE('',#5821,#5822);
#5821 = CARTESIAN_POINT('',(52.50849737787,58.18,55.5));
#5822 = VECTOR('',#5823,1.);
#5823 = DIRECTION('',(0.661437827766,-1.665334536938E-16,-0.75));
#5824 = ORIENTED_EDGE('',*,*,#5825,.F.);
#5825 = EDGE_CURVE('',#5826,#5818,#5828,.T.);
#5826 = VERTEX_POINT('',#5827);
#5827 = CARTESIAN_POINT('',(57.8,58.18,48.366106580972));
#5828 = CIRCLE('',#5829,3.);
#5829 = AXIS2_PLACEMENT_3D('',#5830,#5831,#5832);
#5830 = CARTESIAN_POINT('',(54.8,58.18,48.366106580972));
#5831 = DIRECTION('',(0.,-1.,2.22044604925E-16));
#5832 = DIRECTION('',(0.,-2.22044604925E-16,-1.));
#5833 = ORIENTED_EDGE('',*,*,#5834,.T.);
#5834 = EDGE_CURVE('',#5826,#5835,#5837,.T.);
#5835 = VERTEX_POINT('',#5836);
#5836 = CARTESIAN_POINT('',(57.8,58.18,11.));
#5837 = LINE('',#5838,#5839);
#5838 = CARTESIAN_POINT('',(57.8,58.18,49.5));
#5839 = VECTOR('',#5840,1.);
#5840 = DIRECTION('',(-2.4E-16,-2.22044604925E-16,-1.));
#5841 = ORIENTED_EDGE('',*,*,#5842,.F.);
#5842 = EDGE_CURVE('',#5843,#5835,#5845,.T.);
#5843 = VERTEX_POINT('',#5844);
#5844 = CARTESIAN_POINT('',(59.8,58.18,9.));
#5845 = CIRCLE('',#5846,2.);
#5846 = AXIS2_PLACEMENT_3D('',#5847,#5848,#5849);
#5847 = CARTESIAN_POINT('',(59.8,58.18,11.));
#5848 = DIRECTION('',(0.,1.,-2.22044604925E-16));
#5849 = DIRECTION('',(0.,-2.22044604925E-16,-1.));
#5850 = ORIENTED_EDGE('',*,*,#5851,.T.);
#5851 = EDGE_CURVE('',#5843,#5852,#5854,.T.);
#5852 = VERTEX_POINT('',#5853);
#5853 = CARTESIAN_POINT('',(65.8,58.18,9.));
#5854 = LINE('',#5855,#5856);
#5855 = CARTESIAN_POINT('',(57.8,58.18,9.));
#5856 = VECTOR('',#5857,1.);
#5857 = DIRECTION('',(1.,-5.329070518201E-32,-2.4E-16));
#5858 = ORIENTED_EDGE('',*,*,#5859,.T.);
#5859 = EDGE_CURVE('',#5852,#5860,#5862,.T.);
#5860 = VERTEX_POINT('',#5861);
#5861 = CARTESIAN_POINT('',(67.8,58.18,7.));
#5862 = CIRCLE('',#5863,2.);
#5863 = AXIS2_PLACEMENT_3D('',#5864,#5865,#5866);
#5864 = CARTESIAN_POINT('',(65.8,58.18,7.));
#5865 = DIRECTION('',(0.,1.,-2.22044604925E-16));
#5866 = DIRECTION('',(0.,-2.22044604925E-16,-1.));
#5867 = ORIENTED_EDGE('',*,*,#5868,.T.);
#5868 = EDGE_CURVE('',#5860,#668,#5869,.T.);
#5869 = LINE('',#5870,#5871);
#5870 = CARTESIAN_POINT('',(67.8,58.18,9.));
#5871 = VECTOR('',#5872,1.);
#5872 = DIRECTION('',(-2.4E-16,-2.22044604925E-16,-1.));
#5873 = ORIENTED_EDGE('',*,*,#725,.T.);
#5874 = ORIENTED_EDGE('',*,*,#5875,.T.);
#5875 = EDGE_CURVE('',#718,#5876,#5878,.T.);
#5876 = VERTEX_POINT('',#5877);
#5877 = CARTESIAN_POINT('',(52.8,58.18,7.));
#5878 = CIRCLE('',#5879,3.);
#5879 = AXIS2_PLACEMENT_3D('',#5880,#5881,#5882);
#5880 = CARTESIAN_POINT('',(55.8,58.18,7.));
#5881 = DIRECTION('',(0.,1.,-2.22044604925E-16));
#5882 = DIRECTION('',(0.,-2.22044604925E-16,-1.));
#5883 = ORIENTED_EDGE('',*,*,#5884,.T.);
#5884 = EDGE_CURVE('',#5876,#5885,#5887,.T.);
#5885 = VERTEX_POINT('',#5886);
#5886 = CARTESIAN_POINT('',(52.8,58.18,46.5));
#5887 = LINE('',#5888,#5889);
#5888 = CARTESIAN_POINT('',(52.8,58.18,4.));
#5889 = VECTOR('',#5890,1.);
#5890 = DIRECTION('',(2.4E-16,2.22044604925E-16,1.));
#5891 = ORIENTED_EDGE('',*,*,#5892,.T.);
#5892 = EDGE_CURVE('',#5885,#5893,#5895,.T.);
#5893 = VERTEX_POINT('',#5894);
#5894 = CARTESIAN_POINT('',(49.8,58.18,50.5));
#5895 = LINE('',#5896,#5897);
#5896 = CARTESIAN_POINT('',(52.8,58.18,46.5));
#5897 = VECTOR('',#5898,1.);
#5898 = DIRECTION('',(-0.6,1.7763568394E-16,0.8));
#5899 = ORIENTED_EDGE('',*,*,#5900,.T.);
#5900 = EDGE_CURVE('',#5893,#5901,#5903,.T.);
#5901 = VERTEX_POINT('',#5902);
#5902 = CARTESIAN_POINT('',(30.3,58.18,50.5));
#5903 = LINE('',#5904,#5905);
#5904 = CARTESIAN_POINT('',(49.8,58.18,50.5));
#5905 = VECTOR('',#5906,1.);
#5906 = DIRECTION('',(-1.,5.329070518201E-32,2.4E-16));
#5907 = ORIENTED_EDGE('',*,*,#5908,.T.);
#5908 = EDGE_CURVE('',#5901,#5909,#5911,.T.);
#5909 = VERTEX_POINT('',#5910);
#5910 = CARTESIAN_POINT('',(27.2,58.18,46.576990950813));
#5911 = LINE('',#5912,#5913);
#5912 = CARTESIAN_POINT('',(30.3,58.18,50.5));
#5913 = VECTOR('',#5914,1.);
#5914 = DIRECTION('',(-0.62,-1.742165988888E-16,-0.784601809837));
#5915 = ORIENTED_EDGE('',*,*,#5916,.T.);
#5916 = EDGE_CURVE('',#5909,#5708,#5917,.T.);
#5917 = LINE('',#5918,#5919);
#5918 = CARTESIAN_POINT('',(27.2,58.18,46.576990950813));
#5919 = VECTOR('',#5920,1.);
#5920 = DIRECTION('',(-2.4E-16,-2.22044604925E-16,-1.));
#5921 = ORIENTED_EDGE('',*,*,#5707,.F.);
#5922 = ORIENTED_EDGE('',*,*,#616,.T.);
#5923 = FACE_BOUND('',#5924,.T.);
#5924 = EDGE_LOOP('',(#5925));
#5925 = ORIENTED_EDGE('',*,*,#5926,.F.);
#5926 = EDGE_CURVE('',#5927,#5927,#5929,.T.);
#5927 = VERTEX_POINT('',#5928);
#5928 = CARTESIAN_POINT('',(53.55,58.18,12.5));
#5929 = CIRCLE('',#5930,1.45);
#5930 = AXIS2_PLACEMENT_3D('',#5931,#5932,#5933);
#5931 = CARTESIAN_POINT('',(55.,58.18,12.5));
#5932 = DIRECTION('',(0.,1.,-2.22044604925E-16));
#5933 = DIRECTION('',(-1.,2.6645352591E-32,1.2E-16));
#5934 = FACE_BOUND('',#5935,.T.);
#5935 = EDGE_LOOP('',(#5936));
#5936 = ORIENTED_EDGE('',*,*,#5937,.F.);
#5937 = EDGE_CURVE('',#5938,#5938,#5940,.T.);
#5938 = VERTEX_POINT('',#5939);
#5939 = CARTESIAN_POINT('',(53.55,58.18,29.5));
#5940 = CIRCLE('',#5941,1.45);
#5941 = AXIS2_PLACEMENT_3D('',#5942,#5943,#5944);
#5942 = CARTESIAN_POINT('',(55.,58.18,29.5));
#5943 = DIRECTION('',(0.,1.,-2.22044604925E-16));
#5944 = DIRECTION('',(-1.,2.6645352591E-32,1.2E-16));
#5945 = FACE_BOUND('',#5946,.T.);
#5946 = EDGE_LOOP('',(#5947));
#5947 = ORIENTED_EDGE('',*,*,#5948,.F.);
#5948 = EDGE_CURVE('',#5949,#5949,#5951,.T.);
#5949 = VERTEX_POINT('',#5950);
#5950 = CARTESIAN_POINT('',(26.45,58.18,12.5));
#5951 = CIRCLE('',#5952,1.45);
#5952 = AXIS2_PLACEMENT_3D('',#5953,#5954,#5955);
#5953 = CARTESIAN_POINT('',(25.,58.18,12.5));
#5954 = DIRECTION('',(0.,1.,-2.22044604925E-16));
#5955 = DIRECTION('',(1.,-1.354472090043E-31,-6.1E-16));
#5956 = FACE_BOUND('',#5957,.T.);
#5957 = EDGE_LOOP('',(#5958));
#5958 = ORIENTED_EDGE('',*,*,#5959,.F.);
#5959 = EDGE_CURVE('',#5960,#5960,#5962,.T.);
#5960 = VERTEX_POINT('',#5961);
#5961 = CARTESIAN_POINT('',(26.45,58.18,29.5));
#5962 = CIRCLE('',#5963,1.45);
#5963 = AXIS2_PLACEMENT_3D('',#5964,#5965,#5966);
#5964 = CARTESIAN_POINT('',(25.,58.18,29.5));
#5965 = DIRECTION('',(0.,1.,-2.22044604925E-16));
#5966 = DIRECTION('',(1.,-1.354472090043E-31,-6.1E-16));
#5967 = FACE_BOUND('',#5968,.T.);
#5968 = EDGE_LOOP('',(#5969));
#5969 = ORIENTED_EDGE('',*,*,#5970,.F.);
#5970 = EDGE_CURVE('',#5971,#5971,#5973,.T.);
#5971 = VERTEX_POINT('',#5972);
#5972 = CARTESIAN_POINT('',(53.55,58.18,46.5));
#5973 = CIRCLE('',#5974,1.45);
#5974 = AXIS2_PLACEMENT_3D('',#5975,#5976,#5977);
#5975 = CARTESIAN_POINT('',(55.,58.18,46.5));
#5976 = DIRECTION('',(0.,1.,-2.22044604925E-16));
#5977 = DIRECTION('',(-1.,2.6645352591E-32,1.2E-16));
#5978 = FACE_BOUND('',#5979,.T.);
#5979 = EDGE_LOOP('',(#5980));
#5980 = ORIENTED_EDGE('',*,*,#5981,.F.);
#5981 = EDGE_CURVE('',#5982,#5982,#5984,.T.);
#5982 = VERTEX_POINT('',#5983);
#5983 = CARTESIAN_POINT('',(47.05,58.18,52.8));
#5984 = CIRCLE('',#5985,1.45);
#5985 = AXIS2_PLACEMENT_3D('',#5986,#5987,#5988);
#5986 = CARTESIAN_POINT('',(48.5,58.18,52.8));
#5987 = DIRECTION('',(0.,1.,-2.22044604925E-16));
#5988 = DIRECTION('',(-1.,2.6645352591E-32,1.2E-16));
#5989 = FACE_BOUND('',#5990,.T.);
#5990 = EDGE_LOOP('',(#5991));
#5991 = ORIENTED_EDGE('',*,*,#5992,.F.);
#5992 = EDGE_CURVE('',#5993,#5993,#5995,.T.);
#5993 = VERTEX_POINT('',#5994);
#5994 = CARTESIAN_POINT('',(26.45,58.18,46.5));
#5995 = CIRCLE('',#5996,1.45);
#5996 = AXIS2_PLACEMENT_3D('',#5997,#5998,#5999);
#5997 = CARTESIAN_POINT('',(25.,58.18,46.5));
#5998 = DIRECTION('',(0.,1.,-2.22044604925E-16));
#5999 = DIRECTION('',(1.,-1.354472090043E-31,-6.1E-16));
#6000 = FACE_BOUND('',#6001,.T.);
#6001 = EDGE_LOOP('',(#6002));
#6002 = ORIENTED_EDGE('',*,*,#6003,.F.);
#6003 = EDGE_CURVE('',#6004,#6004,#6006,.T.);
#6004 = VERTEX_POINT('',#6005);
#6005 = CARTESIAN_POINT('',(32.95,58.18,52.8));
#6006 = CIRCLE('',#6007,1.45);
#6007 = AXIS2_PLACEMENT_3D('',#6008,#6009,#6010);
#6008 = CARTESIAN_POINT('',(31.5,58.18,52.8));
#6009 = DIRECTION('',(0.,1.,-2.22044604925E-16));
#6010 = DIRECTION('',(1.,-1.354472090043E-31,-6.1E-16));
#6011 = PLANE('',#6012);
#6012 = AXIS2_PLACEMENT_3D('',#6013,#6014,#6015);
#6013 = CARTESIAN_POINT('',(40.000850933091,58.18,28.93648228298));
#6014 = DIRECTION('',(0.,1.,-2.22044604925E-16));
#6015 = DIRECTION('',(-1.,5.329070518201E-32,2.4E-16));
#6016 = ADVANCED_FACE('',(#6017),#6035,.T.);
#6017 = FACE_BOUND('',#6018,.T.);
#6018 = EDGE_LOOP('',(#6019,#6027,#6033,#6034));
#6019 = ORIENTED_EDGE('',*,*,#6020,.T.);
#6020 = EDGE_CURVE('',#601,#6021,#6023,.T.);
#6021 = VERTEX_POINT('',#6022);
#6022 = CARTESIAN_POINT('',(12.2,17.18,7.));
#6023 = LINE('',#6024,#6025);
#6024 = CARTESIAN_POINT('',(12.2,17.18,4.));
#6025 = VECTOR('',#6026,1.);
#6026 = DIRECTION('',(6.1E-16,2.22044604925E-16,1.));
#6027 = ORIENTED_EDGE('',*,*,#6028,.F.);
#6028 = EDGE_CURVE('',#5733,#6021,#6029,.T.);
#6029 = LINE('',#6030,#6031);
#6030 = CARTESIAN_POINT('',(12.2,58.18,7.));
#6031 = VECTOR('',#6032,1.);
#6032 = DIRECTION('',(0.,-1.,2.22044604925E-16));
#6033 = ORIENTED_EDGE('',*,*,#5732,.F.);
#6034 = ORIENTED_EDGE('',*,*,#608,.T.);
#6035 = PLANE('',#6036);
#6036 = AXIS2_PLACEMENT_3D('',#6037,#6038,#6039);
#6037 = CARTESIAN_POINT('',(12.2,37.68,6.5));
#6038 = DIRECTION('',(-1.,2.6645352591E-32,1.2E-16));
#6039 = DIRECTION('',(0.,-1.,2.22044604925E-16));
#6040 = ADVANCED_FACE('',(#6041,#6228,#6239,#6250,#6261,#6272,#6283,
    #6294,#6305),#6316,.F.);
#6041 = FACE_BOUND('',#6042,.F.);
#6042 = EDGE_LOOP('',(#6043,#6044,#6053,#6061,#6070,#6078,#6087,#6095,
    #6104,#6112,#6121,#6129,#6138,#6146,#6155,#6163,#6172,#6178,#6179,
    #6188,#6196,#6204,#6212,#6220,#6226,#6227));
#6043 = ORIENTED_EDGE('',*,*,#6020,.T.);
#6044 = ORIENTED_EDGE('',*,*,#6045,.F.);
#6045 = EDGE_CURVE('',#6046,#6021,#6048,.T.);
#6046 = VERTEX_POINT('',#6047);
#6047 = CARTESIAN_POINT('',(14.2,17.18,9.));
#6048 = CIRCLE('',#6049,2.);
#6049 = AXIS2_PLACEMENT_3D('',#6050,#6051,#6052);
#6050 = CARTESIAN_POINT('',(14.2,17.18,7.));
#6051 = DIRECTION('',(0.,-1.,2.22044604925E-16));
#6052 = DIRECTION('',(0.,-2.22044604925E-16,-1.));
#6053 = ORIENTED_EDGE('',*,*,#6054,.T.);
#6054 = EDGE_CURVE('',#6046,#6055,#6057,.T.);
#6055 = VERTEX_POINT('',#6056);
#6056 = CARTESIAN_POINT('',(20.2,17.18,9.));
#6057 = LINE('',#6058,#6059);
#6058 = CARTESIAN_POINT('',(12.2,17.18,9.));
#6059 = VECTOR('',#6060,1.);
#6060 = DIRECTION('',(1.,-1.354472090043E-31,-6.1E-16));
#6061 = ORIENTED_EDGE('',*,*,#6062,.F.);
#6062 = EDGE_CURVE('',#6063,#6055,#6065,.T.);
#6063 = VERTEX_POINT('',#6064);
#6064 = CARTESIAN_POINT('',(22.2,17.18,11.));
#6065 = CIRCLE('',#6066,2.);
#6066 = AXIS2_PLACEMENT_3D('',#6067,#6068,#6069);
#6067 = CARTESIAN_POINT('',(20.2,17.18,11.));
#6068 = DIRECTION('',(0.,1.,-2.22044604925E-16));
#6069 = DIRECTION('',(0.,-2.22044604925E-16,-1.));
#6070 = ORIENTED_EDGE('',*,*,#6071,.T.);
#6071 = EDGE_CURVE('',#6063,#6072,#6074,.T.);
#6072 = VERTEX_POINT('',#6073);
#6073 = CARTESIAN_POINT('',(22.2,17.18,48.376273101108));
#6074 = LINE('',#6075,#6076);
#6075 = CARTESIAN_POINT('',(22.2,17.18,9.));
#6076 = VECTOR('',#6077,1.);
#6077 = DIRECTION('',(6.1E-16,2.22044604925E-16,1.));
#6078 = ORIENTED_EDGE('',*,*,#6079,.T.);
#6079 = EDGE_CURVE('',#6072,#6080,#6082,.T.);
#6080 = VERTEX_POINT('',#6081);
#6081 = CARTESIAN_POINT('',(22.955636573034,17.18,50.366959617789));
#6082 = CIRCLE('',#6083,3.);
#6083 = AXIS2_PLACEMENT_3D('',#6084,#6085,#6086);
#6084 = CARTESIAN_POINT('',(25.2,17.18,48.376273101108));
#6085 = DIRECTION('',(0.,1.,-2.22044604925E-16));
#6086 = DIRECTION('',(0.,-2.22044604925E-16,-1.));
#6087 = ORIENTED_EDGE('',*,*,#6088,.T.);
#6088 = EDGE_CURVE('',#6080,#6089,#6091,.T.);
#6089 = VERTEX_POINT('',#6090);
#6090 = CARTESIAN_POINT('',(26.613265029043,17.18,54.490686516681));
#6091 = LINE('',#6092,#6093);
#6092 = CARTESIAN_POINT('',(22.2,17.18,49.515030861361));
#6093 = VECTOR('',#6094,1.);
#6094 = DIRECTION('',(0.663562172227,1.66116263483E-16,0.748121142322));
#6095 = ORIENTED_EDGE('',*,*,#6096,.T.);
#6096 = EDGE_CURVE('',#6089,#6097,#6099,.T.);
#6097 = VERTEX_POINT('',#6098);
#6098 = CARTESIAN_POINT('',(28.857628456009,17.18,55.5));
#6099 = CIRCLE('',#6100,3.);
#6100 = AXIS2_PLACEMENT_3D('',#6101,#6102,#6103);
#6101 = CARTESIAN_POINT('',(28.857628456009,17.18,52.5));
#6102 = DIRECTION('',(0.,1.,-2.22044604925E-16));
#6103 = DIRECTION('',(0.,-2.22044604925E-16,-1.));
#6104 = ORIENTED_EDGE('',*,*,#6105,.T.);
#6105 = EDGE_CURVE('',#6097,#6106,#6108,.T.);
#6106 = VERTEX_POINT('',#6107);
#6107 = CARTESIAN_POINT('',(51.15424868893,17.18,55.5));
#6108 = LINE('',#6109,#6110);
#6109 = CARTESIAN_POINT('',(27.508497377871,17.18,55.5));
#6110 = VECTOR('',#6111,1.);
#6111 = DIRECTION('',(1.,-1.354472090043E-31,-6.1E-16));
#6112 = ORIENTED_EDGE('',*,*,#6113,.F.);
#6113 = EDGE_CURVE('',#6114,#6106,#6116,.T.);
#6114 = VERTEX_POINT('',#6115);
#6115 = CARTESIAN_POINT('',(53.40424868893,17.18,54.484313483298));
#6116 = CIRCLE('',#6117,3.);
#6117 = AXIS2_PLACEMENT_3D('',#6118,#6119,#6120);
#6118 = CARTESIAN_POINT('',(51.15424868893,17.18,52.5));
#6119 = DIRECTION('',(0.,-1.,2.22044604925E-16));
#6120 = DIRECTION('',(0.,-2.22044604925E-16,-1.));
#6121 = ORIENTED_EDGE('',*,*,#6122,.T.);
#6122 = EDGE_CURVE('',#6114,#6123,#6125,.T.);
#6123 = VERTEX_POINT('',#6124);
#6124 = CARTESIAN_POINT('',(57.05,17.18,50.350420064271));
#6125 = LINE('',#6126,#6127);
#6126 = CARTESIAN_POINT('',(52.50849737787,17.18,55.5));
#6127 = VECTOR('',#6128,1.);
#6128 = DIRECTION('',(0.661437827766,-1.665334536938E-16,-0.75));
#6129 = ORIENTED_EDGE('',*,*,#6130,.F.);
#6130 = EDGE_CURVE('',#6131,#6123,#6133,.T.);
#6131 = VERTEX_POINT('',#6132);
#6132 = CARTESIAN_POINT('',(57.8,17.18,48.366106580972));
#6133 = CIRCLE('',#6134,3.);
#6134 = AXIS2_PLACEMENT_3D('',#6135,#6136,#6137);
#6135 = CARTESIAN_POINT('',(54.8,17.18,48.366106580972));
#6136 = DIRECTION('',(0.,-1.,2.22044604925E-16));
#6137 = DIRECTION('',(0.,-2.22044604925E-16,-1.));
#6138 = ORIENTED_EDGE('',*,*,#6139,.T.);
#6139 = EDGE_CURVE('',#6131,#6140,#6142,.T.);
#6140 = VERTEX_POINT('',#6141);
#6141 = CARTESIAN_POINT('',(57.8,17.18,11.));
#6142 = LINE('',#6143,#6144);
#6143 = CARTESIAN_POINT('',(57.8,17.18,49.5));
#6144 = VECTOR('',#6145,1.);
#6145 = DIRECTION('',(-6.1E-16,-2.22044604925E-16,-1.));
#6146 = ORIENTED_EDGE('',*,*,#6147,.F.);
#6147 = EDGE_CURVE('',#6148,#6140,#6150,.T.);
#6148 = VERTEX_POINT('',#6149);
#6149 = CARTESIAN_POINT('',(59.8,17.18,9.));
#6150 = CIRCLE('',#6151,2.);
#6151 = AXIS2_PLACEMENT_3D('',#6152,#6153,#6154);
#6152 = CARTESIAN_POINT('',(59.8,17.18,11.));
#6153 = DIRECTION('',(0.,1.,-2.22044604925E-16));
#6154 = DIRECTION('',(0.,-2.22044604925E-16,-1.));
#6155 = ORIENTED_EDGE('',*,*,#6156,.T.);
#6156 = EDGE_CURVE('',#6148,#6157,#6159,.T.);
#6157 = VERTEX_POINT('',#6158);
#6158 = CARTESIAN_POINT('',(65.8,17.18,9.));
#6159 = LINE('',#6160,#6161);
#6160 = CARTESIAN_POINT('',(57.8,17.18,9.));
#6161 = VECTOR('',#6162,1.);
#6162 = DIRECTION('',(1.,-1.354472090043E-31,-6.1E-16));
#6163 = ORIENTED_EDGE('',*,*,#6164,.T.);
#6164 = EDGE_CURVE('',#6157,#6165,#6167,.T.);
#6165 = VERTEX_POINT('',#6166);
#6166 = CARTESIAN_POINT('',(67.8,17.18,7.));
#6167 = CIRCLE('',#6168,2.);
#6168 = AXIS2_PLACEMENT_3D('',#6169,#6170,#6171);
#6169 = CARTESIAN_POINT('',(65.8,17.18,7.));
#6170 = DIRECTION('',(0.,1.,-2.22044604925E-16));
#6171 = DIRECTION('',(0.,-2.22044604925E-16,-1.));
#6172 = ORIENTED_EDGE('',*,*,#6173,.T.);
#6173 = EDGE_CURVE('',#6165,#670,#6174,.T.);
#6174 = LINE('',#6175,#6176);
#6175 = CARTESIAN_POINT('',(67.8,17.18,9.));
#6176 = VECTOR('',#6177,1.);
#6177 = DIRECTION('',(-6.1E-16,-2.22044604925E-16,-1.));
#6178 = ORIENTED_EDGE('',*,*,#677,.T.);
#6179 = ORIENTED_EDGE('',*,*,#6180,.T.);
#6180 = EDGE_CURVE('',#678,#6181,#6183,.T.);
#6181 = VERTEX_POINT('',#6182);
#6182 = CARTESIAN_POINT('',(52.8,17.18,7.));
#6183 = CIRCLE('',#6184,3.);
#6184 = AXIS2_PLACEMENT_3D('',#6185,#6186,#6187);
#6185 = CARTESIAN_POINT('',(55.8,17.18,7.));
#6186 = DIRECTION('',(0.,1.,-2.22044604925E-16));
#6187 = DIRECTION('',(0.,-2.22044604925E-16,-1.));
#6188 = ORIENTED_EDGE('',*,*,#6189,.T.);
#6189 = EDGE_CURVE('',#6181,#6190,#6192,.T.);
#6190 = VERTEX_POINT('',#6191);
#6191 = CARTESIAN_POINT('',(52.8,17.18,46.5));
#6192 = LINE('',#6193,#6194);
#6193 = CARTESIAN_POINT('',(52.8,17.18,4.));
#6194 = VECTOR('',#6195,1.);
#6195 = DIRECTION('',(6.1E-16,2.22044604925E-16,1.));
#6196 = ORIENTED_EDGE('',*,*,#6197,.T.);
#6197 = EDGE_CURVE('',#6190,#6198,#6200,.T.);
#6198 = VERTEX_POINT('',#6199);
#6199 = CARTESIAN_POINT('',(49.8,17.18,50.5));
#6200 = LINE('',#6201,#6202);
#6201 = CARTESIAN_POINT('',(52.8,17.18,46.5));
#6202 = VECTOR('',#6203,1.);
#6203 = DIRECTION('',(-0.6,1.7763568394E-16,0.8));
#6204 = ORIENTED_EDGE('',*,*,#6205,.T.);
#6205 = EDGE_CURVE('',#6198,#6206,#6208,.T.);
#6206 = VERTEX_POINT('',#6207);
#6207 = CARTESIAN_POINT('',(30.3,17.18,50.5));
#6208 = LINE('',#6209,#6210);
#6209 = CARTESIAN_POINT('',(49.8,17.18,50.5));
#6210 = VECTOR('',#6211,1.);
#6211 = DIRECTION('',(-1.,1.354472090043E-31,6.1E-16));
#6212 = ORIENTED_EDGE('',*,*,#6213,.T.);
#6213 = EDGE_CURVE('',#6206,#6214,#6216,.T.);
#6214 = VERTEX_POINT('',#6215);
#6215 = CARTESIAN_POINT('',(27.2,17.18,46.576990950813));
#6216 = LINE('',#6217,#6218);
#6217 = CARTESIAN_POINT('',(30.3,17.18,50.5));
#6218 = VECTOR('',#6219,1.);
#6219 = DIRECTION('',(-0.62,-1.742165988888E-16,-0.784601809837));
#6220 = ORIENTED_EDGE('',*,*,#6221,.T.);
#6221 = EDGE_CURVE('',#6214,#5112,#6222,.T.);
#6222 = LINE('',#6223,#6224);
#6223 = CARTESIAN_POINT('',(27.2,17.18,46.576990950813));
#6224 = VECTOR('',#6225,1.);
#6225 = DIRECTION('',(-6.1E-16,-2.22044604925E-16,-1.));
#6226 = ORIENTED_EDGE('',*,*,#5119,.T.);
#6227 = ORIENTED_EDGE('',*,*,#600,.T.);
#6228 = FACE_BOUND('',#6229,.F.);
#6229 = EDGE_LOOP('',(#6230));
#6230 = ORIENTED_EDGE('',*,*,#6231,.T.);
#6231 = EDGE_CURVE('',#6232,#6232,#6234,.T.);
#6232 = VERTEX_POINT('',#6233);
#6233 = CARTESIAN_POINT('',(53.55,17.18,12.5));
#6234 = CIRCLE('',#6235,1.45);
#6235 = AXIS2_PLACEMENT_3D('',#6236,#6237,#6238);
#6236 = CARTESIAN_POINT('',(55.,17.18,12.5));
#6237 = DIRECTION('',(0.,-1.,2.22044604925E-16));
#6238 = DIRECTION('',(-1.,5.329070518201E-32,2.4E-16));
#6239 = FACE_BOUND('',#6240,.F.);
#6240 = EDGE_LOOP('',(#6241));
#6241 = ORIENTED_EDGE('',*,*,#6242,.T.);
#6242 = EDGE_CURVE('',#6243,#6243,#6245,.T.);
#6243 = VERTEX_POINT('',#6244);
#6244 = CARTESIAN_POINT('',(53.55,17.18,29.5));
#6245 = CIRCLE('',#6246,1.45);
#6246 = AXIS2_PLACEMENT_3D('',#6247,#6248,#6249);
#6247 = CARTESIAN_POINT('',(55.,17.18,29.5));
#6248 = DIRECTION('',(0.,-1.,2.22044604925E-16));
#6249 = DIRECTION('',(-1.,5.329070518201E-32,2.4E-16));
#6250 = FACE_BOUND('',#6251,.F.);
#6251 = EDGE_LOOP('',(#6252));
#6252 = ORIENTED_EDGE('',*,*,#6253,.F.);
#6253 = EDGE_CURVE('',#6254,#6254,#6256,.T.);
#6254 = VERTEX_POINT('',#6255);
#6255 = CARTESIAN_POINT('',(26.45,17.18,12.5));
#6256 = CIRCLE('',#6257,1.45);
#6257 = AXIS2_PLACEMENT_3D('',#6258,#6259,#6260);
#6258 = CARTESIAN_POINT('',(25.,17.18,12.5));
#6259 = DIRECTION('',(0.,1.,-2.22044604925E-16));
#6260 = DIRECTION('',(1.,-1.354472090043E-31,-6.1E-16));
#6261 = FACE_BOUND('',#6262,.F.);
#6262 = EDGE_LOOP('',(#6263));
#6263 = ORIENTED_EDGE('',*,*,#6264,.F.);
#6264 = EDGE_CURVE('',#6265,#6265,#6267,.T.);
#6265 = VERTEX_POINT('',#6266);
#6266 = CARTESIAN_POINT('',(26.45,17.18,29.5));
#6267 = CIRCLE('',#6268,1.45);
#6268 = AXIS2_PLACEMENT_3D('',#6269,#6270,#6271);
#6269 = CARTESIAN_POINT('',(25.,17.18,29.5));
#6270 = DIRECTION('',(0.,1.,-2.22044604925E-16));
#6271 = DIRECTION('',(1.,-1.354472090043E-31,-6.1E-16));
#6272 = FACE_BOUND('',#6273,.F.);
#6273 = EDGE_LOOP('',(#6274));
#6274 = ORIENTED_EDGE('',*,*,#6275,.T.);
#6275 = EDGE_CURVE('',#6276,#6276,#6278,.T.);
#6276 = VERTEX_POINT('',#6277);
#6277 = CARTESIAN_POINT('',(53.55,17.18,46.5));
#6278 = CIRCLE('',#6279,1.45);
#6279 = AXIS2_PLACEMENT_3D('',#6280,#6281,#6282);
#6280 = CARTESIAN_POINT('',(55.,17.18,46.5));
#6281 = DIRECTION('',(0.,-1.,2.22044604925E-16));
#6282 = DIRECTION('',(-1.,5.329070518201E-32,2.4E-16));
#6283 = FACE_BOUND('',#6284,.F.);
#6284 = EDGE_LOOP('',(#6285));
#6285 = ORIENTED_EDGE('',*,*,#6286,.T.);
#6286 = EDGE_CURVE('',#6287,#6287,#6289,.T.);
#6287 = VERTEX_POINT('',#6288);
#6288 = CARTESIAN_POINT('',(47.05,17.18,52.8));
#6289 = CIRCLE('',#6290,1.45);
#6290 = AXIS2_PLACEMENT_3D('',#6291,#6292,#6293);
#6291 = CARTESIAN_POINT('',(48.5,17.18,52.8));
#6292 = DIRECTION('',(0.,-1.,2.22044604925E-16));
#6293 = DIRECTION('',(-1.,5.329070518201E-32,2.4E-16));
#6294 = FACE_BOUND('',#6295,.F.);
#6295 = EDGE_LOOP('',(#6296));
#6296 = ORIENTED_EDGE('',*,*,#6297,.F.);
#6297 = EDGE_CURVE('',#6298,#6298,#6300,.T.);
#6298 = VERTEX_POINT('',#6299);
#6299 = CARTESIAN_POINT('',(26.45,17.18,46.5));
#6300 = CIRCLE('',#6301,1.45);
#6301 = AXIS2_PLACEMENT_3D('',#6302,#6303,#6304);
#6302 = CARTESIAN_POINT('',(25.,17.18,46.5));
#6303 = DIRECTION('',(0.,1.,-2.22044604925E-16));
#6304 = DIRECTION('',(1.,-1.354472090043E-31,-6.1E-16));
#6305 = FACE_BOUND('',#6306,.F.);
#6306 = EDGE_LOOP('',(#6307));
#6307 = ORIENTED_EDGE('',*,*,#6308,.F.);
#6308 = EDGE_CURVE('',#6309,#6309,#6311,.T.);
#6309 = VERTEX_POINT('',#6310);
#6310 = CARTESIAN_POINT('',(32.95,17.18,52.8));
#6311 = CIRCLE('',#6312,1.45);
#6312 = AXIS2_PLACEMENT_3D('',#6313,#6314,#6315);
#6313 = CARTESIAN_POINT('',(31.5,17.18,52.8));
#6314 = DIRECTION('',(0.,1.,-2.22044604925E-16));
#6315 = DIRECTION('',(1.,-1.354472090043E-31,-6.1E-16));
#6316 = PLANE('',#6317);
#6317 = AXIS2_PLACEMENT_3D('',#6318,#6319,#6320);
#6318 = CARTESIAN_POINT('',(40.000850933091,17.18,28.93648228298));
#6319 = DIRECTION('',(0.,1.,-2.22044604925E-16));
#6320 = DIRECTION('',(-1.,1.354472090043E-31,6.1E-16));
#6321 = ADVANCED_FACE('',(#6322),#6333,.F.);
#6322 = FACE_BOUND('',#6323,.F.);
#6323 = EDGE_LOOP('',(#6324,#6325,#6331,#6332));
#6324 = ORIENTED_EDGE('',*,*,#1082,.F.);
#6325 = ORIENTED_EDGE('',*,*,#6326,.F.);
#6326 = EDGE_CURVE('',#657,#1083,#6327,.T.);
#6327 = LINE('',#6328,#6329);
#6328 = CARTESIAN_POINT('',(1.7,56.,4.));
#6329 = VECTOR('',#6330,1.);
#6330 = DIRECTION('',(-7.E-17,0.,-1.));
#6331 = ORIENTED_EDGE('',*,*,#656,.F.);
#6332 = ORIENTED_EDGE('',*,*,#6326,.T.);
#6333 = CYLINDRICAL_SURFACE('',#6334,1.7);
#6334 = AXIS2_PLACEMENT_3D('',#6335,#6336,#6337);
#6335 = CARTESIAN_POINT('',(0.,56.,4.));
#6336 = DIRECTION('',(-0.,-0.,-1.));
#6337 = DIRECTION('',(1.,0.,0.));
#6338 = ADVANCED_FACE('',(#6339),#6350,.T.);
#6339 = FACE_BOUND('',#6340,.T.);
#6340 = EDGE_LOOP('',(#6341,#6342,#6343,#6344));
#6341 = ORIENTED_EDGE('',*,*,#6173,.T.);
#6342 = ORIENTED_EDGE('',*,*,#667,.F.);
#6343 = ORIENTED_EDGE('',*,*,#5868,.F.);
#6344 = ORIENTED_EDGE('',*,*,#6345,.T.);
#6345 = EDGE_CURVE('',#5860,#6165,#6346,.T.);
#6346 = LINE('',#6347,#6348);
#6347 = CARTESIAN_POINT('',(67.8,58.18,7.));
#6348 = VECTOR('',#6349,1.);
#6349 = DIRECTION('',(0.,-1.,2.22044604925E-16));
#6350 = PLANE('',#6351);
#6351 = AXIS2_PLACEMENT_3D('',#6352,#6353,#6354);
#6352 = CARTESIAN_POINT('',(67.8,37.68,6.5));
#6353 = DIRECTION('',(1.,-2.6645352591E-32,-1.2E-16));
#6354 = DIRECTION('',(0.,1.,-2.22044604925E-16));
#6355 = ADVANCED_FACE('',(#6356),#6367,.T.);
#6356 = FACE_BOUND('',#6357,.T.);
#6357 = EDGE_LOOP('',(#6358,#6359,#6360,#6366));
#6358 = ORIENTED_EDGE('',*,*,#717,.T.);
#6359 = ORIENTED_EDGE('',*,*,#5437,.T.);
#6360 = ORIENTED_EDGE('',*,*,#6361,.F.);
#6361 = EDGE_CURVE('',#5876,#5438,#6362,.T.);
#6362 = LINE('',#6363,#6364);
#6363 = CARTESIAN_POINT('',(52.8,58.18,7.));
#6364 = VECTOR('',#6365,1.);
#6365 = DIRECTION('',(0.,-1.,2.22044604925E-16));
#6366 = ORIENTED_EDGE('',*,*,#5875,.F.);
#6367 = CYLINDRICAL_SURFACE('',#6368,3.);
#6368 = AXIS2_PLACEMENT_3D('',#6369,#6370,#6371);
#6369 = CARTESIAN_POINT('',(55.8,58.18,7.));
#6370 = DIRECTION('',(0.,-1.,2.22044604925E-16));
#6371 = DIRECTION('',(-1.2E-16,-2.22044604925E-16,-1.));
#6372 = ADVANCED_FACE('',(#6373),#6384,.T.);
#6373 = FACE_BOUND('',#6374,.T.);
#6374 = EDGE_LOOP('',(#6375,#6376,#6377,#6378));
#6375 = ORIENTED_EDGE('',*,*,#5605,.T.);
#6376 = ORIENTED_EDGE('',*,*,#701,.T.);
#6377 = ORIENTED_EDGE('',*,*,#5310,.F.);
#6378 = ORIENTED_EDGE('',*,*,#6379,.F.);
#6379 = EDGE_CURVE('',#5598,#5303,#6380,.T.);
#6380 = LINE('',#6381,#6382);
#6381 = CARTESIAN_POINT('',(60.,53.18,9.));
#6382 = VECTOR('',#6383,1.);
#6383 = DIRECTION('',(-0.,-1.,2.044604925031E-18));
#6384 = PLANE('',#6385);
#6385 = AXIS2_PLACEMENT_3D('',#6386,#6387,#6388);
#6386 = CARTESIAN_POINT('',(60.,53.18,9.));
#6387 = DIRECTION('',(-1.,5.329070518201E-32,2.4E-16));
#6388 = DIRECTION('',(-5.28E-32,-1.,2.044604925031E-18));
#6389 = ADVANCED_FACE('',(#6390),#6401,.T.);
#6390 = FACE_BOUND('',#6391,.T.);
#6391 = EDGE_LOOP('',(#6392,#6393,#6394,#6400));
#6392 = ORIENTED_EDGE('',*,*,#685,.T.);
#6393 = ORIENTED_EDGE('',*,*,#6180,.T.);
#6394 = ORIENTED_EDGE('',*,*,#6395,.F.);
#6395 = EDGE_CURVE('',#5144,#6181,#6396,.T.);
#6396 = LINE('',#6397,#6398);
#6397 = CARTESIAN_POINT('',(52.8,22.18,7.));
#6398 = VECTOR('',#6399,1.);
#6399 = DIRECTION('',(0.,-1.,2.22044604925E-16));
#6400 = ORIENTED_EDGE('',*,*,#5143,.F.);
#6401 = CYLINDRICAL_SURFACE('',#6402,3.);
#6402 = AXIS2_PLACEMENT_3D('',#6403,#6404,#6405);
#6403 = CARTESIAN_POINT('',(55.8,22.18,7.));
#6404 = DIRECTION('',(0.,-1.,2.22044604925E-16));
#6405 = DIRECTION('',(-1.2E-16,-2.22044604925E-16,-1.));
#6406 = ADVANCED_FACE('',(#6407),#6418,.F.);
#6407 = FACE_BOUND('',#6408,.F.);
#6408 = EDGE_LOOP('',(#6409,#6410,#6416,#6417));
#6409 = ORIENTED_EDGE('',*,*,#1126,.F.);
#6410 = ORIENTED_EDGE('',*,*,#6411,.F.);
#6411 = EDGE_CURVE('',#734,#1127,#6412,.T.);
#6412 = LINE('',#6413,#6414);
#6413 = CARTESIAN_POINT('',(77.7,56.,4.));
#6414 = VECTOR('',#6415,1.);
#6415 = DIRECTION('',(-7.E-17,0.,-1.));
#6416 = ORIENTED_EDGE('',*,*,#733,.F.);
#6417 = ORIENTED_EDGE('',*,*,#6411,.T.);
#6418 = CYLINDRICAL_SURFACE('',#6419,1.7);
#6419 = AXIS2_PLACEMENT_3D('',#6420,#6421,#6422);
#6420 = CARTESIAN_POINT('',(76.,56.,4.));
#6421 = DIRECTION('',(-0.,-0.,-1.));
#6422 = DIRECTION('',(1.,0.,0.));
#6423 = ADVANCED_FACE('',(#6424),#6461,.F.);
#6424 = FACE_BOUND('',#6425,.F.);
#6425 = EDGE_LOOP('',(#6426,#6437,#6443,#6444,#6445,#6454));
#6426 = ORIENTED_EDGE('',*,*,#6427,.T.);
#6427 = EDGE_CURVE('',#6428,#6430,#6432,.T.);
#6428 = VERTEX_POINT('',#6429);
#6429 = CARTESIAN_POINT('',(15.138934241118,-37.68,4.));
#6430 = VERTEX_POINT('',#6431);
#6431 = CARTESIAN_POINT('',(15.05,-37.18,4.));
#6432 = CIRCLE('',#6433,1.45);
#6433 = AXIS2_PLACEMENT_3D('',#6434,#6435,#6436);
#6434 = CARTESIAN_POINT('',(16.5,-37.18,4.));
#6435 = DIRECTION('',(0.,0.,-1.));
#6436 = DIRECTION('',(-1.,-0.,-0.));
#6437 = ORIENTED_EDGE('',*,*,#6438,.T.);
#6438 = EDGE_CURVE('',#6430,#896,#6439,.T.);
#6439 = LINE('',#6440,#6441);
#6440 = CARTESIAN_POINT('',(15.05,-37.18,4.));
#6441 = VECTOR('',#6442,1.);
#6442 = DIRECTION('',(7.E-17,0.,-1.));
#6443 = ORIENTED_EDGE('',*,*,#895,.F.);
#6444 = ORIENTED_EDGE('',*,*,#6438,.F.);
#6445 = ORIENTED_EDGE('',*,*,#6446,.T.);
#6446 = EDGE_CURVE('',#6430,#6447,#6449,.T.);
#6447 = VERTEX_POINT('',#6448);
#6448 = CARTESIAN_POINT('',(17.861065758882,-37.68,4.));
#6449 = CIRCLE('',#6450,1.45);
#6450 = AXIS2_PLACEMENT_3D('',#6451,#6452,#6453);
#6451 = CARTESIAN_POINT('',(16.5,-37.18,4.));
#6452 = DIRECTION('',(0.,0.,-1.));
#6453 = DIRECTION('',(-1.,-0.,-0.));
#6454 = ORIENTED_EDGE('',*,*,#6455,.T.);
#6455 = EDGE_CURVE('',#6447,#6428,#6456,.T.);
#6456 = CIRCLE('',#6457,1.45);
#6457 = AXIS2_PLACEMENT_3D('',#6458,#6459,#6460);
#6458 = CARTESIAN_POINT('',(16.5,-37.18,4.));
#6459 = DIRECTION('',(0.,0.,-1.));
#6460 = DIRECTION('',(-1.,-0.,-0.));
#6461 = CYLINDRICAL_SURFACE('',#6462,1.45);
#6462 = AXIS2_PLACEMENT_3D('',#6463,#6464,#6465);
#6463 = CARTESIAN_POINT('',(16.5,-37.18,4.));
#6464 = DIRECTION('',(0.,0.,-1.));
#6465 = DIRECTION('',(-1.,0.,0.));
#6466 = ADVANCED_FACE('',(#6467),#6504,.F.);
#6467 = FACE_BOUND('',#6468,.F.);
#6468 = EDGE_LOOP('',(#6469,#6480,#6486,#6487,#6488,#6497));
#6469 = ORIENTED_EDGE('',*,*,#6470,.T.);
#6470 = EDGE_CURVE('',#6471,#6473,#6475,.T.);
#6471 = VERTEX_POINT('',#6472);
#6472 = CARTESIAN_POINT('',(62.138934241118,-37.68,4.));
#6473 = VERTEX_POINT('',#6474);
#6474 = CARTESIAN_POINT('',(62.05,-37.18,4.));
#6475 = CIRCLE('',#6476,1.45);
#6476 = AXIS2_PLACEMENT_3D('',#6477,#6478,#6479);
#6477 = CARTESIAN_POINT('',(63.5,-37.18,4.));
#6478 = DIRECTION('',(0.,0.,-1.));
#6479 = DIRECTION('',(-1.,-0.,-0.));
#6480 = ORIENTED_EDGE('',*,*,#6481,.T.);
#6481 = EDGE_CURVE('',#6473,#929,#6482,.T.);
#6482 = LINE('',#6483,#6484);
#6483 = CARTESIAN_POINT('',(62.05,-37.18,4.));
#6484 = VECTOR('',#6485,1.);
#6485 = DIRECTION('',(7.E-17,0.,-1.));
#6486 = ORIENTED_EDGE('',*,*,#928,.F.);
#6487 = ORIENTED_EDGE('',*,*,#6481,.F.);
#6488 = ORIENTED_EDGE('',*,*,#6489,.T.);
#6489 = EDGE_CURVE('',#6473,#6490,#6492,.T.);
#6490 = VERTEX_POINT('',#6491);
#6491 = CARTESIAN_POINT('',(64.861065758882,-37.68,4.));
#6492 = CIRCLE('',#6493,1.45);
#6493 = AXIS2_PLACEMENT_3D('',#6494,#6495,#6496);
#6494 = CARTESIAN_POINT('',(63.5,-37.18,4.));
#6495 = DIRECTION('',(0.,0.,-1.));
#6496 = DIRECTION('',(-1.,-0.,-0.));
#6497 = ORIENTED_EDGE('',*,*,#6498,.T.);
#6498 = EDGE_CURVE('',#6490,#6471,#6499,.T.);
#6499 = CIRCLE('',#6500,1.45);
#6500 = AXIS2_PLACEMENT_3D('',#6501,#6502,#6503);
#6501 = CARTESIAN_POINT('',(63.5,-37.18,4.));
#6502 = DIRECTION('',(0.,0.,-1.));
#6503 = DIRECTION('',(-1.,-0.,-0.));
#6504 = CYLINDRICAL_SURFACE('',#6505,1.45);
#6505 = AXIS2_PLACEMENT_3D('',#6506,#6507,#6508);
#6506 = CARTESIAN_POINT('',(63.5,-37.18,4.));
#6507 = DIRECTION('',(0.,0.,-1.));
#6508 = DIRECTION('',(-1.,0.,0.));
#6509 = ADVANCED_FACE('',(#6510),#6521,.T.);
#6510 = FACE_BOUND('',#6511,.T.);
#6511 = EDGE_LOOP('',(#6512,#6518,#6519,#6520));
#6512 = ORIENTED_EDGE('',*,*,#6513,.T.);
#6513 = EDGE_CURVE('',#1323,#2227,#6514,.T.);
#6514 = LINE('',#6515,#6516);
#6515 = CARTESIAN_POINT('',(-65.8,-58.18,9.));
#6516 = VECTOR('',#6517,1.);
#6517 = DIRECTION('',(0.,1.,-2.22044604925E-16));
#6518 = ORIENTED_EDGE('',*,*,#2234,.T.);
#6519 = ORIENTED_EDGE('',*,*,#1189,.F.);
#6520 = ORIENTED_EDGE('',*,*,#1330,.F.);
#6521 = CYLINDRICAL_SURFACE('',#6522,2.);
#6522 = AXIS2_PLACEMENT_3D('',#6523,#6524,#6525);
#6523 = CARTESIAN_POINT('',(-65.8,-58.18,7.));
#6524 = DIRECTION('',(0.,1.,-2.22044604925E-16));
#6525 = DIRECTION('',(-1.2E-16,2.22044604925E-16,1.));
#6526 = ADVANCED_FACE('',(#6527),#6538,.T.);
#6527 = FACE_BOUND('',#6528,.T.);
#6528 = EDGE_LOOP('',(#6529,#6530,#6531,#6532));
#6529 = ORIENTED_EDGE('',*,*,#1211,.T.);
#6530 = ORIENTED_EDGE('',*,*,#2440,.T.);
#6531 = ORIENTED_EDGE('',*,*,#2115,.F.);
#6532 = ORIENTED_EDGE('',*,*,#6533,.F.);
#6533 = EDGE_CURVE('',#1212,#2116,#6534,.T.);
#6534 = LINE('',#6535,#6536);
#6535 = CARTESIAN_POINT('',(-14.2,-58.18,9.));
#6536 = VECTOR('',#6537,1.);
#6537 = DIRECTION('',(0.,1.,-2.22044604925E-16));
#6538 = CYLINDRICAL_SURFACE('',#6539,2.);
#6539 = AXIS2_PLACEMENT_3D('',#6540,#6541,#6542);
#6540 = CARTESIAN_POINT('',(-14.2,-58.18,7.));
#6541 = DIRECTION('',(0.,1.,-2.22044604925E-16));
#6542 = DIRECTION('',(-3.9E-16,2.22044604925E-16,1.));
#6543 = ADVANCED_FACE('',(#6544,#6564,#6584,#6604),#6624,.T.);
#6544 = FACE_BOUND('',#6545,.T.);
#6545 = EDGE_LOOP('',(#6546,#6547,#6553,#6554,#6555,#6556,#6562,#6563));
#6546 = ORIENTED_EDGE('',*,*,#2124,.T.);
#6547 = ORIENTED_EDGE('',*,*,#6548,.F.);
#6548 = EDGE_CURVE('',#1878,#2125,#6549,.T.);
#6549 = LINE('',#6550,#6551);
#6550 = CARTESIAN_POINT('',(-20.2,-22.18,9.));
#6551 = VECTOR('',#6552,1.);
#6552 = DIRECTION('',(0.,1.,-2.22044604925E-16));
#6553 = ORIENTED_EDGE('',*,*,#1877,.F.);
#6554 = ORIENTED_EDGE('',*,*,#2408,.F.);
#6555 = ORIENTED_EDGE('',*,*,#1575,.T.);
#6556 = ORIENTED_EDGE('',*,*,#6557,.F.);
#6557 = EDGE_CURVE('',#1221,#1576,#6558,.T.);
#6558 = LINE('',#6559,#6560);
#6559 = CARTESIAN_POINT('',(-20.2,-58.18,9.));
#6560 = VECTOR('',#6561,1.);
#6561 = DIRECTION('',(0.,1.,-2.22044604925E-16));
#6562 = ORIENTED_EDGE('',*,*,#1220,.F.);
#6563 = ORIENTED_EDGE('',*,*,#6533,.T.);
#6564 = FACE_BOUND('',#6565,.T.);
#6565 = EDGE_LOOP('',(#6566,#6577));
#6566 = ORIENTED_EDGE('',*,*,#6567,.T.);
#6567 = EDGE_CURVE('',#6568,#6570,#6572,.T.);
#6568 = VERTEX_POINT('',#6569);
#6569 = CARTESIAN_POINT('',(-17.95,-55.68,9.));
#6570 = VERTEX_POINT('',#6571);
#6571 = CARTESIAN_POINT('',(-15.05,-55.68,9.));
#6572 = CIRCLE('',#6573,1.45);
#6573 = AXIS2_PLACEMENT_3D('',#6574,#6575,#6576);
#6574 = CARTESIAN_POINT('',(-16.5,-55.68,9.));
#6575 = DIRECTION('',(4.9E-16,-4.42044604925E-16,-1.));
#6576 = DIRECTION('',(-1.,-1.088018564133E-31,-4.9E-16));
#6577 = ORIENTED_EDGE('',*,*,#6578,.T.);
#6578 = EDGE_CURVE('',#6570,#6568,#6579,.T.);
#6579 = CIRCLE('',#6580,1.45);
#6580 = AXIS2_PLACEMENT_3D('',#6581,#6582,#6583);
#6581 = CARTESIAN_POINT('',(-16.5,-55.68,9.));
#6582 = DIRECTION('',(4.9E-16,-4.42044604925E-16,-1.));
#6583 = DIRECTION('',(-1.,-1.088018564133E-31,-4.9E-16));
#6584 = FACE_BOUND('',#6585,.T.);
#6585 = EDGE_LOOP('',(#6586,#6597));
#6586 = ORIENTED_EDGE('',*,*,#6587,.T.);
#6587 = EDGE_CURVE('',#6588,#6590,#6592,.T.);
#6588 = VERTEX_POINT('',#6589);
#6589 = CARTESIAN_POINT('',(-17.95,-37.18,9.));
#6590 = VERTEX_POINT('',#6591);
#6591 = CARTESIAN_POINT('',(-15.05,-37.18,9.));
#6592 = CIRCLE('',#6593,1.45);
#6593 = AXIS2_PLACEMENT_3D('',#6594,#6595,#6596);
#6594 = CARTESIAN_POINT('',(-16.5,-37.18,9.));
#6595 = DIRECTION('',(2.4E-16,-4.42044604925E-16,-1.));
#6596 = DIRECTION('',(-1.,-5.329070518201E-32,-2.4E-16));
#6597 = ORIENTED_EDGE('',*,*,#6598,.T.);
#6598 = EDGE_CURVE('',#6590,#6588,#6599,.T.);
#6599 = CIRCLE('',#6600,1.45);
#6600 = AXIS2_PLACEMENT_3D('',#6601,#6602,#6603);
#6601 = CARTESIAN_POINT('',(-16.5,-37.18,9.));
#6602 = DIRECTION('',(2.4E-16,-4.42044604925E-16,-1.));
#6603 = DIRECTION('',(-1.,-5.329070518201E-32,-2.4E-16));
#6604 = FACE_BOUND('',#6605,.T.);
#6605 = EDGE_LOOP('',(#6606,#6617));
#6606 = ORIENTED_EDGE('',*,*,#6607,.T.);
#6607 = EDGE_CURVE('',#6608,#6610,#6612,.T.);
#6608 = VERTEX_POINT('',#6609);
#6609 = CARTESIAN_POINT('',(-17.95,-19.68,9.));
#6610 = VERTEX_POINT('',#6611);
#6611 = CARTESIAN_POINT('',(-15.05,-19.68,9.));
#6612 = CIRCLE('',#6613,1.45);
#6613 = AXIS2_PLACEMENT_3D('',#6614,#6615,#6616);
#6614 = CARTESIAN_POINT('',(-16.5,-19.68,9.));
#6615 = DIRECTION('',(4.9E-16,-4.42044604925E-16,-1.));
#6616 = DIRECTION('',(-1.,-1.088018564133E-31,-4.9E-16));
#6617 = ORIENTED_EDGE('',*,*,#6618,.T.);
#6618 = EDGE_CURVE('',#6610,#6608,#6619,.T.);
#6619 = CIRCLE('',#6620,1.45);
#6620 = AXIS2_PLACEMENT_3D('',#6621,#6622,#6623);
#6621 = CARTESIAN_POINT('',(-16.5,-19.68,9.));
#6622 = DIRECTION('',(4.9E-16,-4.42044604925E-16,-1.));
#6623 = DIRECTION('',(-1.,-1.088018564133E-31,-4.9E-16));
#6624 = PLANE('',#6625);
#6625 = AXIS2_PLACEMENT_3D('',#6626,#6627,#6628);
#6626 = CARTESIAN_POINT('',(-16.72030075188,-37.68,9.));
#6627 = DIRECTION('',(-3.9E-16,2.22044604925E-16,1.));
#6628 = DIRECTION('',(1.,8.659739592076E-32,3.9E-16));
#6629 = ADVANCED_FACE('',(#6630),#6641,.F.);
#6630 = FACE_BOUND('',#6631,.F.);
#6631 = EDGE_LOOP('',(#6632,#6633,#6639,#6640));
#6632 = ORIENTED_EDGE('',*,*,#1228,.T.);
#6633 = ORIENTED_EDGE('',*,*,#6634,.T.);
#6634 = EDGE_CURVE('',#1229,#1584,#6635,.T.);
#6635 = LINE('',#6636,#6637);
#6636 = CARTESIAN_POINT('',(-22.2,-58.18,11.));
#6637 = VECTOR('',#6638,1.);
#6638 = DIRECTION('',(0.,1.,-2.22044604925E-16));
#6639 = ORIENTED_EDGE('',*,*,#1583,.F.);
#6640 = ORIENTED_EDGE('',*,*,#6557,.F.);
#6641 = CYLINDRICAL_SURFACE('',#6642,2.);
#6642 = AXIS2_PLACEMENT_3D('',#6643,#6644,#6645);
#6643 = CARTESIAN_POINT('',(-20.2,-58.18,11.));
#6644 = DIRECTION('',(0.,1.,-2.22044604925E-16));
#6645 = DIRECTION('',(3.9E-16,-2.22044604925E-16,-1.));
#6646 = ADVANCED_FACE('',(#6647),#6658,.T.);
#6647 = FACE_BOUND('',#6648,.T.);
#6648 = EDGE_LOOP('',(#6649,#6650,#6651,#6652));
#6649 = ORIENTED_EDGE('',*,*,#1237,.F.);
#6650 = ORIENTED_EDGE('',*,*,#6634,.T.);
#6651 = ORIENTED_EDGE('',*,*,#1592,.T.);
#6652 = ORIENTED_EDGE('',*,*,#6653,.F.);
#6653 = EDGE_CURVE('',#1238,#1593,#6654,.T.);
#6654 = LINE('',#6655,#6656);
#6655 = CARTESIAN_POINT('',(-22.2,-58.18,48.376273101108));
#6656 = VECTOR('',#6657,1.);
#6657 = DIRECTION('',(0.,1.,-2.22044604925E-16));
#6658 = PLANE('',#6659);
#6659 = AXIS2_PLACEMENT_3D('',#6660,#6661,#6662);
#6660 = CARTESIAN_POINT('',(-22.2,-58.18,9.));
#6661 = DIRECTION('',(1.,5.329070518201E-32,2.4E-16));
#6662 = DIRECTION('',(-2.4E-16,2.22044604925E-16,1.));
#6663 = ADVANCED_FACE('',(#6664),#6675,.T.);
#6664 = FACE_BOUND('',#6665,.T.);
#6665 = EDGE_LOOP('',(#6666,#6667,#6668,#6669));
#6666 = ORIENTED_EDGE('',*,*,#1245,.T.);
#6667 = ORIENTED_EDGE('',*,*,#6653,.T.);
#6668 = ORIENTED_EDGE('',*,*,#1600,.F.);
#6669 = ORIENTED_EDGE('',*,*,#6670,.F.);
#6670 = EDGE_CURVE('',#1246,#1601,#6671,.T.);
#6671 = LINE('',#6672,#6673);
#6672 = CARTESIAN_POINT('',(-22.95563657303,-58.18,50.366959617789));
#6673 = VECTOR('',#6674,1.);
#6674 = DIRECTION('',(0.,1.,-2.22044604925E-16));
#6675 = CYLINDRICAL_SURFACE('',#6676,3.);
#6676 = AXIS2_PLACEMENT_3D('',#6677,#6678,#6679);
#6677 = CARTESIAN_POINT('',(-25.2,-58.18,48.376273101108));
#6678 = DIRECTION('',(0.,1.,-2.22044604925E-16));
#6679 = DIRECTION('',(0.748121142322,1.473404003754E-16,0.663562172227)
  );
#6680 = ADVANCED_FACE('',(#6681),#6692,.T.);
#6681 = FACE_BOUND('',#6682,.T.);
#6682 = EDGE_LOOP('',(#6683,#6684,#6685,#6686));
#6683 = ORIENTED_EDGE('',*,*,#1254,.F.);
#6684 = ORIENTED_EDGE('',*,*,#6670,.T.);
#6685 = ORIENTED_EDGE('',*,*,#1609,.T.);
#6686 = ORIENTED_EDGE('',*,*,#6687,.F.);
#6687 = EDGE_CURVE('',#1255,#1610,#6688,.T.);
#6688 = LINE('',#6689,#6690);
#6689 = CARTESIAN_POINT('',(-26.61326502904,-58.18,54.490686516681));
#6690 = VECTOR('',#6691,1.);
#6691 = DIRECTION('',(0.,1.,-2.22044604925E-16));
#6692 = PLANE('',#6693);
#6693 = AXIS2_PLACEMENT_3D('',#6694,#6695,#6696);
#6694 = CARTESIAN_POINT('',(-22.2,-58.18,49.515030861361));
#6695 = DIRECTION('',(0.748121142322,1.473404003754E-16,0.663562172227)
  );
#6696 = DIRECTION('',(-0.663562172227,1.66116263483E-16,0.748121142322)
  );
#6697 = ADVANCED_FACE('',(#6698),#6709,.T.);
#6698 = FACE_BOUND('',#6699,.T.);
#6699 = EDGE_LOOP('',(#6700,#6701,#6702,#6703));
#6700 = ORIENTED_EDGE('',*,*,#1262,.T.);
#6701 = ORIENTED_EDGE('',*,*,#6687,.T.);
#6702 = ORIENTED_EDGE('',*,*,#1617,.F.);
#6703 = ORIENTED_EDGE('',*,*,#6704,.F.);
#6704 = EDGE_CURVE('',#1263,#1618,#6705,.T.);
#6705 = LINE('',#6706,#6707);
#6706 = CARTESIAN_POINT('',(-28.857628456,-58.18,55.5));
#6707 = VECTOR('',#6708,1.);
#6708 = DIRECTION('',(0.,1.,-2.22044604925E-16));
#6709 = CYLINDRICAL_SURFACE('',#6710,3.);
#6710 = AXIS2_PLACEMENT_3D('',#6711,#6712,#6713);
#6711 = CARTESIAN_POINT('',(-28.857628456,-58.18,52.5));
#6712 = DIRECTION('',(0.,1.,-2.22044604925E-16));
#6713 = DIRECTION('',(-2.4E-16,2.22044604925E-16,1.));
#6714 = ADVANCED_FACE('',(#6715),#6726,.T.);
#6715 = FACE_BOUND('',#6716,.T.);
#6716 = EDGE_LOOP('',(#6717,#6718,#6719,#6720));
#6717 = ORIENTED_EDGE('',*,*,#1271,.F.);
#6718 = ORIENTED_EDGE('',*,*,#6704,.T.);
#6719 = ORIENTED_EDGE('',*,*,#1626,.T.);
#6720 = ORIENTED_EDGE('',*,*,#6721,.F.);
#6721 = EDGE_CURVE('',#1272,#1627,#6722,.T.);
#6722 = LINE('',#6723,#6724);
#6723 = CARTESIAN_POINT('',(-51.15424868893,-58.18,55.5));
#6724 = VECTOR('',#6725,1.);
#6725 = DIRECTION('',(0.,1.,-2.22044604925E-16));
#6726 = PLANE('',#6727);
#6727 = AXIS2_PLACEMENT_3D('',#6728,#6729,#6730);
#6728 = CARTESIAN_POINT('',(-27.50849737787,-58.18,55.5));
#6729 = DIRECTION('',(-2.4E-16,2.22044604925E-16,1.));
#6730 = DIRECTION('',(-1.,-5.329070518201E-32,-2.4E-16));
#6731 = ADVANCED_FACE('',(#6732),#6743,.T.);
#6732 = FACE_BOUND('',#6733,.T.);
#6733 = EDGE_LOOP('',(#6734,#6735,#6736,#6737));
#6734 = ORIENTED_EDGE('',*,*,#1279,.T.);
#6735 = ORIENTED_EDGE('',*,*,#6721,.T.);
#6736 = ORIENTED_EDGE('',*,*,#1634,.F.);
#6737 = ORIENTED_EDGE('',*,*,#6738,.F.);
#6738 = EDGE_CURVE('',#1280,#1635,#6739,.T.);
#6739 = LINE('',#6740,#6741);
#6740 = CARTESIAN_POINT('',(-53.40424868893,-58.18,54.484313483298));
#6741 = VECTOR('',#6742,1.);
#6742 = DIRECTION('',(0.,1.,-2.22044604925E-16));
#6743 = CYLINDRICAL_SURFACE('',#6744,3.);
#6744 = AXIS2_PLACEMENT_3D('',#6745,#6746,#6747);
#6745 = CARTESIAN_POINT('',(-51.15424868893,-58.18,52.5));
#6746 = DIRECTION('',(0.,1.,-2.22044604925E-16));
#6747 = DIRECTION('',(-0.75,1.468687011488E-16,0.661437827766));
#6748 = ADVANCED_FACE('',(#6749),#6760,.T.);
#6749 = FACE_BOUND('',#6750,.T.);
#6750 = EDGE_LOOP('',(#6751,#6752,#6753,#6754));
#6751 = ORIENTED_EDGE('',*,*,#1288,.F.);
#6752 = ORIENTED_EDGE('',*,*,#6738,.T.);
#6753 = ORIENTED_EDGE('',*,*,#1643,.T.);
#6754 = ORIENTED_EDGE('',*,*,#6755,.F.);
#6755 = EDGE_CURVE('',#1289,#1644,#6756,.T.);
#6756 = LINE('',#6757,#6758);
#6757 = CARTESIAN_POINT('',(-57.05,-58.18,50.350420064271));
#6758 = VECTOR('',#6759,1.);
#6759 = DIRECTION('',(0.,1.,-2.22044604925E-16));
#6760 = PLANE('',#6761);
#6761 = AXIS2_PLACEMENT_3D('',#6762,#6763,#6764);
#6762 = CARTESIAN_POINT('',(-52.50849737787,-58.18,55.5));
#6763 = DIRECTION('',(-0.75,1.468687011488E-16,0.661437827766));
#6764 = DIRECTION('',(-0.661437827766,-1.665334536938E-16,-0.75));
#6765 = ADVANCED_FACE('',(#6766),#6777,.T.);
#6766 = FACE_BOUND('',#6767,.T.);
#6767 = EDGE_LOOP('',(#6768,#6769,#6770,#6771));
#6768 = ORIENTED_EDGE('',*,*,#1296,.T.);
#6769 = ORIENTED_EDGE('',*,*,#6755,.T.);
#6770 = ORIENTED_EDGE('',*,*,#1651,.F.);
#6771 = ORIENTED_EDGE('',*,*,#6772,.F.);
#6772 = EDGE_CURVE('',#1297,#1652,#6773,.T.);
#6773 = LINE('',#6774,#6775);
#6774 = CARTESIAN_POINT('',(-57.8,-58.18,48.366106580972));
#6775 = VECTOR('',#6776,1.);
#6776 = DIRECTION('',(0.,1.,-2.22044604925E-16));
#6777 = CYLINDRICAL_SURFACE('',#6778,3.);
#6778 = AXIS2_PLACEMENT_3D('',#6779,#6780,#6781);
#6779 = CARTESIAN_POINT('',(-54.8,-58.18,48.366106580972));
#6780 = DIRECTION('',(0.,1.,-2.22044604925E-16));
#6781 = DIRECTION('',(-1.,-5.329070518201E-32,-2.4E-16));
#6782 = ADVANCED_FACE('',(#6783),#6794,.T.);
#6783 = FACE_BOUND('',#6784,.T.);
#6784 = EDGE_LOOP('',(#6785,#6786,#6787,#6788));
#6785 = ORIENTED_EDGE('',*,*,#1305,.F.);
#6786 = ORIENTED_EDGE('',*,*,#6772,.T.);
#6787 = ORIENTED_EDGE('',*,*,#1660,.T.);
#6788 = ORIENTED_EDGE('',*,*,#6789,.F.);
#6789 = EDGE_CURVE('',#1306,#1661,#6790,.T.);
#6790 = LINE('',#6791,#6792);
#6791 = CARTESIAN_POINT('',(-57.8,-58.18,11.));
#6792 = VECTOR('',#6793,1.);
#6793 = DIRECTION('',(0.,1.,-2.22044604925E-16));
#6794 = PLANE('',#6795);
#6795 = AXIS2_PLACEMENT_3D('',#6796,#6797,#6798);
#6796 = CARTESIAN_POINT('',(-57.8,-58.18,49.5));
#6797 = DIRECTION('',(-1.,-5.329070518201E-32,-2.4E-16));
#6798 = DIRECTION('',(2.4E-16,-2.22044604925E-16,-1.));
#6799 = ADVANCED_FACE('',(#6800),#6811,.F.);
#6800 = FACE_BOUND('',#6801,.F.);
#6801 = EDGE_LOOP('',(#6802,#6808,#6809,#6810));
#6802 = ORIENTED_EDGE('',*,*,#6803,.T.);
#6803 = EDGE_CURVE('',#1314,#1669,#6804,.T.);
#6804 = LINE('',#6805,#6806);
#6805 = CARTESIAN_POINT('',(-59.8,-58.18,9.));
#6806 = VECTOR('',#6807,1.);
#6807 = DIRECTION('',(0.,1.,-2.22044604925E-16));
#6808 = ORIENTED_EDGE('',*,*,#1668,.T.);
#6809 = ORIENTED_EDGE('',*,*,#6789,.F.);
#6810 = ORIENTED_EDGE('',*,*,#1313,.F.);
#6811 = CYLINDRICAL_SURFACE('',#6812,2.);
#6812 = AXIS2_PLACEMENT_3D('',#6813,#6814,#6815);
#6813 = CARTESIAN_POINT('',(-59.8,-58.18,11.));
#6814 = DIRECTION('',(0.,1.,-2.22044604925E-16));
#6815 = DIRECTION('',(1.2E-16,-2.22044604925E-16,-1.));
#6816 = ADVANCED_FACE('',(#6817,#6832,#6843,#6854),#6865,.T.);
#6817 = FACE_BOUND('',#6818,.T.);
#6818 = EDGE_LOOP('',(#6819,#6820,#6821,#6822,#6823,#6824,#6825,#6826));
#6819 = ORIENTED_EDGE('',*,*,#2226,.T.);
#6820 = ORIENTED_EDGE('',*,*,#6513,.F.);
#6821 = ORIENTED_EDGE('',*,*,#1322,.F.);
#6822 = ORIENTED_EDGE('',*,*,#6803,.T.);
#6823 = ORIENTED_EDGE('',*,*,#1677,.T.);
#6824 = ORIENTED_EDGE('',*,*,#1797,.T.);
#6825 = ORIENTED_EDGE('',*,*,#1979,.F.);
#6826 = ORIENTED_EDGE('',*,*,#6827,.T.);
#6827 = EDGE_CURVE('',#1971,#2218,#6828,.T.);
#6828 = LINE('',#6829,#6830);
#6829 = CARTESIAN_POINT('',(-59.8,-22.18,9.));
#6830 = VECTOR('',#6831,1.);
#6831 = DIRECTION('',(0.,1.,-2.22044604925E-16));
#6832 = FACE_BOUND('',#6833,.T.);
#6833 = EDGE_LOOP('',(#6834));
#6834 = ORIENTED_EDGE('',*,*,#6835,.F.);
#6835 = EDGE_CURVE('',#6836,#6836,#6838,.T.);
#6836 = VERTEX_POINT('',#6837);
#6837 = CARTESIAN_POINT('',(-62.05,-55.68,9.));
#6838 = CIRCLE('',#6839,1.45);
#6839 = AXIS2_PLACEMENT_3D('',#6840,#6841,#6842);
#6840 = CARTESIAN_POINT('',(-63.5,-55.68,9.));
#6841 = DIRECTION('',(-2.4E-16,4.42044604925E-16,1.));
#6842 = DIRECTION('',(1.,5.329070518201E-32,2.4E-16));
#6843 = FACE_BOUND('',#6844,.T.);
#6844 = EDGE_LOOP('',(#6845));
#6845 = ORIENTED_EDGE('',*,*,#6846,.F.);
#6846 = EDGE_CURVE('',#6847,#6847,#6849,.T.);
#6847 = VERTEX_POINT('',#6848);
#6848 = CARTESIAN_POINT('',(-62.05,-19.68,9.));
#6849 = CIRCLE('',#6850,1.45);
#6850 = AXIS2_PLACEMENT_3D('',#6851,#6852,#6853);
#6851 = CARTESIAN_POINT('',(-63.5,-19.68,9.));
#6852 = DIRECTION('',(-4.9E-16,4.42044604925E-16,1.));
#6853 = DIRECTION('',(1.,1.088018564133E-31,4.9E-16));
#6854 = FACE_BOUND('',#6855,.T.);
#6855 = EDGE_LOOP('',(#6856));
#6856 = ORIENTED_EDGE('',*,*,#6857,.F.);
#6857 = EDGE_CURVE('',#6858,#6858,#6860,.T.);
#6858 = VERTEX_POINT('',#6859);
#6859 = CARTESIAN_POINT('',(-62.05,-37.18,9.));
#6860 = CIRCLE('',#6861,1.45);
#6861 = AXIS2_PLACEMENT_3D('',#6862,#6863,#6864);
#6862 = CARTESIAN_POINT('',(-63.5,-37.18,9.));
#6863 = DIRECTION('',(-1.2E-16,4.42044604925E-16,1.));
#6864 = DIRECTION('',(1.,2.6645352591E-32,1.2E-16));
#6865 = PLANE('',#6866);
#6866 = AXIS2_PLACEMENT_3D('',#6867,#6868,#6869);
#6867 = CARTESIAN_POINT('',(-63.27969924812,-37.68,9.));
#6868 = DIRECTION('',(-1.2E-16,4.42044604925E-16,1.));
#6869 = DIRECTION('',(0.,1.,-4.42044604925E-16));
#6870 = ADVANCED_FACE('',(#6871),#6882,.T.);
#6871 = FACE_BOUND('',#6872,.T.);
#6872 = EDGE_LOOP('',(#6873,#6874,#6875,#6876));
#6873 = ORIENTED_EDGE('',*,*,#1348,.F.);
#6874 = ORIENTED_EDGE('',*,*,#1502,.T.);
#6875 = ORIENTED_EDGE('',*,*,#1519,.T.);
#6876 = ORIENTED_EDGE('',*,*,#6877,.F.);
#6877 = EDGE_CURVE('',#1349,#1520,#6878,.T.);
#6878 = LINE('',#6879,#6880);
#6879 = CARTESIAN_POINT('',(-52.8,-58.18,46.5));
#6880 = VECTOR('',#6881,1.);
#6881 = DIRECTION('',(0.,1.,-2.22044604925E-16));
#6882 = PLANE('',#6883);
#6883 = AXIS2_PLACEMENT_3D('',#6884,#6885,#6886);
#6884 = CARTESIAN_POINT('',(-52.8,-58.18,4.));
#6885 = DIRECTION('',(1.,5.329070518201E-32,2.4E-16));
#6886 = DIRECTION('',(-2.4E-16,2.22044604925E-16,1.));
#6887 = ADVANCED_FACE('',(#6888),#6899,.T.);
#6888 = FACE_BOUND('',#6889,.T.);
#6889 = EDGE_LOOP('',(#6890,#6891,#6892,#6898));
#6890 = ORIENTED_EDGE('',*,*,#6877,.T.);
#6891 = ORIENTED_EDGE('',*,*,#1527,.T.);
#6892 = ORIENTED_EDGE('',*,*,#6893,.F.);
#6893 = EDGE_CURVE('',#1357,#1528,#6894,.T.);
#6894 = LINE('',#6895,#6896);
#6895 = CARTESIAN_POINT('',(-49.8,-58.18,50.5));
#6896 = VECTOR('',#6897,1.);
#6897 = DIRECTION('',(0.,1.,-2.22044604925E-16));
#6898 = ORIENTED_EDGE('',*,*,#1356,.F.);
#6899 = PLANE('',#6900);
#6900 = AXIS2_PLACEMENT_3D('',#6901,#6902,#6903);
#6901 = CARTESIAN_POINT('',(-52.8,-58.18,46.5));
#6902 = DIRECTION('',(0.8,-1.33226762955E-16,-0.6));
#6903 = DIRECTION('',(0.6,1.7763568394E-16,0.8));
#6904 = ADVANCED_FACE('',(#6905),#6916,.T.);
#6905 = FACE_BOUND('',#6906,.T.);
#6906 = EDGE_LOOP('',(#6907,#6908,#6909,#6915));
#6907 = ORIENTED_EDGE('',*,*,#6893,.T.);
#6908 = ORIENTED_EDGE('',*,*,#1535,.T.);
#6909 = ORIENTED_EDGE('',*,*,#6910,.F.);
#6910 = EDGE_CURVE('',#1365,#1536,#6911,.T.);
#6911 = LINE('',#6912,#6913);
#6912 = CARTESIAN_POINT('',(-30.3,-58.18,50.5));
#6913 = VECTOR('',#6914,1.);
#6914 = DIRECTION('',(0.,1.,-2.22044604925E-16));
#6915 = ORIENTED_EDGE('',*,*,#1364,.F.);
#6916 = PLANE('',#6917);
#6917 = AXIS2_PLACEMENT_3D('',#6918,#6919,#6920);
#6918 = CARTESIAN_POINT('',(-49.8,-58.18,50.5));
#6919 = DIRECTION('',(2.4E-16,-2.22044604925E-16,-1.));
#6920 = DIRECTION('',(1.,5.329070518201E-32,2.4E-16));
#6921 = ADVANCED_FACE('',(#6922),#6933,.T.);
#6922 = FACE_BOUND('',#6923,.T.);
#6923 = EDGE_LOOP('',(#6924,#6925,#6926,#6932));
#6924 = ORIENTED_EDGE('',*,*,#6910,.T.);
#6925 = ORIENTED_EDGE('',*,*,#1543,.T.);
#6926 = ORIENTED_EDGE('',*,*,#6927,.F.);
#6927 = EDGE_CURVE('',#1373,#1544,#6928,.T.);
#6928 = LINE('',#6929,#6930);
#6929 = CARTESIAN_POINT('',(-27.2,-58.18,46.576990950813));
#6930 = VECTOR('',#6931,1.);
#6931 = DIRECTION('',(0.,1.,-2.22044604925E-16));
#6932 = ORIENTED_EDGE('',*,*,#1372,.F.);
#6933 = PLANE('',#6934);
#6934 = AXIS2_PLACEMENT_3D('',#6935,#6936,#6937);
#6935 = CARTESIAN_POINT('',(-30.3,-58.18,50.5));
#6936 = DIRECTION('',(-0.784601809837,-1.376676550536E-16,-0.62));
#6937 = DIRECTION('',(0.62,-1.742165988888E-16,-0.784601809837));
#6938 = ADVANCED_FACE('',(#6939),#6945,.T.);
#6939 = FACE_BOUND('',#6940,.T.);
#6940 = EDGE_LOOP('',(#6941,#6942,#6943,#6944));
#6941 = ORIENTED_EDGE('',*,*,#1380,.F.);
#6942 = ORIENTED_EDGE('',*,*,#6927,.T.);
#6943 = ORIENTED_EDGE('',*,*,#1551,.T.);
#6944 = ORIENTED_EDGE('',*,*,#2423,.F.);
#6945 = PLANE('',#6946);
#6946 = AXIS2_PLACEMENT_3D('',#6947,#6948,#6949);
#6947 = CARTESIAN_POINT('',(-27.2,-58.18,46.576990950813));
#6948 = DIRECTION('',(-1.,-5.329070518201E-32,-2.4E-16));
#6949 = DIRECTION('',(2.4E-16,-2.22044604925E-16,-1.));
#6950 = ADVANCED_FACE('',(#6951),#6962,.F.);
#6951 = FACE_BOUND('',#6952,.F.);
#6952 = EDGE_LOOP('',(#6953,#6954,#6960,#6961));
#6953 = ORIENTED_EDGE('',*,*,#1398,.F.);
#6954 = ORIENTED_EDGE('',*,*,#6955,.F.);
#6955 = EDGE_CURVE('',#1694,#1399,#6956,.T.);
#6956 = LINE('',#6957,#6958);
#6957 = CARTESIAN_POINT('',(-53.55,-53.18,12.5));
#6958 = VECTOR('',#6959,1.);
#6959 = DIRECTION('',(-7.E-17,-1.,2.22044604925E-16));
#6960 = ORIENTED_EDGE('',*,*,#1693,.F.);
#6961 = ORIENTED_EDGE('',*,*,#6955,.T.);
#6962 = CYLINDRICAL_SURFACE('',#6963,1.45);
#6963 = AXIS2_PLACEMENT_3D('',#6964,#6965,#6966);
#6964 = CARTESIAN_POINT('',(-55.,-53.18,12.5));
#6965 = DIRECTION('',(0.,-1.,2.22044604925E-16));
#6966 = DIRECTION('',(1.,2.6645352591E-32,1.2E-16));
#6967 = ADVANCED_FACE('',(#6968),#6979,.F.);
#6968 = FACE_BOUND('',#6969,.F.);
#6969 = EDGE_LOOP('',(#6970,#6971,#6977,#6978));
#6970 = ORIENTED_EDGE('',*,*,#1409,.F.);
#6971 = ORIENTED_EDGE('',*,*,#6972,.F.);
#6972 = EDGE_CURVE('',#1705,#1410,#6973,.T.);
#6973 = LINE('',#6974,#6975);
#6974 = CARTESIAN_POINT('',(-53.55,-53.18,29.5));
#6975 = VECTOR('',#6976,1.);
#6976 = DIRECTION('',(-7.E-17,-1.,2.22044604925E-16));
#6977 = ORIENTED_EDGE('',*,*,#1704,.F.);
#6978 = ORIENTED_EDGE('',*,*,#6972,.T.);
#6979 = CYLINDRICAL_SURFACE('',#6980,1.45);
#6980 = AXIS2_PLACEMENT_3D('',#6981,#6982,#6983);
#6981 = CARTESIAN_POINT('',(-55.,-53.18,29.5));
#6982 = DIRECTION('',(0.,-1.,2.22044604925E-16));
#6983 = DIRECTION('',(1.,2.6645352591E-32,1.2E-16));
#6984 = ADVANCED_FACE('',(#6985),#6996,.F.);
#6985 = FACE_BOUND('',#6986,.F.);
#6986 = EDGE_LOOP('',(#6987,#6993,#6994,#6995));
#6987 = ORIENTED_EDGE('',*,*,#6988,.F.);
#6988 = EDGE_CURVE('',#1716,#1421,#6989,.T.);
#6989 = LINE('',#6990,#6991);
#6990 = CARTESIAN_POINT('',(-26.45,-53.18,12.5));
#6991 = VECTOR('',#6992,1.);
#6992 = DIRECTION('',(7.E-17,-1.,2.22044604925E-16));
#6993 = ORIENTED_EDGE('',*,*,#1715,.T.);
#6994 = ORIENTED_EDGE('',*,*,#6988,.T.);
#6995 = ORIENTED_EDGE('',*,*,#1420,.F.);
#6996 = CYLINDRICAL_SURFACE('',#6997,1.45);
#6997 = AXIS2_PLACEMENT_3D('',#6998,#6999,#7000);
#6998 = CARTESIAN_POINT('',(-25.,-53.18,12.5));
#6999 = DIRECTION('',(0.,-1.,2.22044604925E-16));
#7000 = DIRECTION('',(-1.,-1.354472090043E-31,-6.1E-16));
#7001 = ADVANCED_FACE('',(#7002),#7013,.F.);
#7002 = FACE_BOUND('',#7003,.F.);
#7003 = EDGE_LOOP('',(#7004,#7010,#7011,#7012));
#7004 = ORIENTED_EDGE('',*,*,#7005,.F.);
#7005 = EDGE_CURVE('',#1727,#1432,#7006,.T.);
#7006 = LINE('',#7007,#7008);
#7007 = CARTESIAN_POINT('',(-26.45,-53.18,29.5));
#7008 = VECTOR('',#7009,1.);
#7009 = DIRECTION('',(7.E-17,-1.,2.22044604925E-16));
#7010 = ORIENTED_EDGE('',*,*,#1726,.T.);
#7011 = ORIENTED_EDGE('',*,*,#7005,.T.);
#7012 = ORIENTED_EDGE('',*,*,#1431,.F.);
#7013 = CYLINDRICAL_SURFACE('',#7014,1.45);
#7014 = AXIS2_PLACEMENT_3D('',#7015,#7016,#7017);
#7015 = CARTESIAN_POINT('',(-25.,-53.18,29.5));
#7016 = DIRECTION('',(0.,-1.,2.22044604925E-16));
#7017 = DIRECTION('',(-1.,-1.354472090043E-31,-6.1E-16));
#7018 = ADVANCED_FACE('',(#7019),#7030,.F.);
#7019 = FACE_BOUND('',#7020,.F.);
#7020 = EDGE_LOOP('',(#7021,#7022,#7028,#7029));
#7021 = ORIENTED_EDGE('',*,*,#1442,.F.);
#7022 = ORIENTED_EDGE('',*,*,#7023,.F.);
#7023 = EDGE_CURVE('',#1738,#1443,#7024,.T.);
#7024 = LINE('',#7025,#7026);
#7025 = CARTESIAN_POINT('',(-53.55,-53.18,46.5));
#7026 = VECTOR('',#7027,1.);
#7027 = DIRECTION('',(-7.E-17,-1.,2.22044604925E-16));
#7028 = ORIENTED_EDGE('',*,*,#1737,.F.);
#7029 = ORIENTED_EDGE('',*,*,#7023,.T.);
#7030 = CYLINDRICAL_SURFACE('',#7031,1.45);
#7031 = AXIS2_PLACEMENT_3D('',#7032,#7033,#7034);
#7032 = CARTESIAN_POINT('',(-55.,-53.18,46.5));
#7033 = DIRECTION('',(0.,-1.,2.22044604925E-16));
#7034 = DIRECTION('',(1.,2.6645352591E-32,1.2E-16));
#7035 = ADVANCED_FACE('',(#7036),#7047,.F.);
#7036 = FACE_BOUND('',#7037,.F.);
#7037 = EDGE_LOOP('',(#7038,#7039,#7045,#7046));
#7038 = ORIENTED_EDGE('',*,*,#1453,.F.);
#7039 = ORIENTED_EDGE('',*,*,#7040,.F.);
#7040 = EDGE_CURVE('',#1749,#1454,#7041,.T.);
#7041 = LINE('',#7042,#7043);
#7042 = CARTESIAN_POINT('',(-47.05,-53.18,52.8));
#7043 = VECTOR('',#7044,1.);
#7044 = DIRECTION('',(-7.E-17,-1.,2.22044604925E-16));
#7045 = ORIENTED_EDGE('',*,*,#1748,.F.);
#7046 = ORIENTED_EDGE('',*,*,#7040,.T.);
#7047 = CYLINDRICAL_SURFACE('',#7048,1.45);
#7048 = AXIS2_PLACEMENT_3D('',#7049,#7050,#7051);
#7049 = CARTESIAN_POINT('',(-48.5,-53.18,52.8));
#7050 = DIRECTION('',(0.,-1.,2.22044604925E-16));
#7051 = DIRECTION('',(1.,2.6645352591E-32,1.2E-16));
#7052 = ADVANCED_FACE('',(#7053),#7064,.F.);
#7053 = FACE_BOUND('',#7054,.F.);
#7054 = EDGE_LOOP('',(#7055,#7061,#7062,#7063));
#7055 = ORIENTED_EDGE('',*,*,#7056,.F.);
#7056 = EDGE_CURVE('',#1760,#1465,#7057,.T.);
#7057 = LINE('',#7058,#7059);
#7058 = CARTESIAN_POINT('',(-26.45,-53.18,46.5));
#7059 = VECTOR('',#7060,1.);
#7060 = DIRECTION('',(7.E-17,-1.,2.22044604925E-16));
#7061 = ORIENTED_EDGE('',*,*,#1759,.T.);
#7062 = ORIENTED_EDGE('',*,*,#7056,.T.);
#7063 = ORIENTED_EDGE('',*,*,#1464,.F.);
#7064 = CYLINDRICAL_SURFACE('',#7065,1.45);
#7065 = AXIS2_PLACEMENT_3D('',#7066,#7067,#7068);
#7066 = CARTESIAN_POINT('',(-25.,-53.18,46.5));
#7067 = DIRECTION('',(0.,-1.,2.22044604925E-16));
#7068 = DIRECTION('',(-1.,-1.354472090043E-31,-6.1E-16));
#7069 = ADVANCED_FACE('',(#7070),#7081,.F.);
#7070 = FACE_BOUND('',#7071,.F.);
#7071 = EDGE_LOOP('',(#7072,#7078,#7079,#7080));
#7072 = ORIENTED_EDGE('',*,*,#7073,.F.);
#7073 = EDGE_CURVE('',#1771,#1476,#7074,.T.);
#7074 = LINE('',#7075,#7076);
#7075 = CARTESIAN_POINT('',(-32.95,-53.18,52.8));
#7076 = VECTOR('',#7077,1.);
#7077 = DIRECTION('',(7.E-17,-1.,2.22044604925E-16));
#7078 = ORIENTED_EDGE('',*,*,#1770,.T.);
#7079 = ORIENTED_EDGE('',*,*,#7073,.T.);
#7080 = ORIENTED_EDGE('',*,*,#1475,.F.);
#7081 = CYLINDRICAL_SURFACE('',#7082,1.45);
#7082 = AXIS2_PLACEMENT_3D('',#7083,#7084,#7085);
#7083 = CARTESIAN_POINT('',(-31.5,-53.18,52.8));
#7084 = DIRECTION('',(0.,-1.,2.22044604925E-16));
#7085 = DIRECTION('',(-1.,-1.354472090043E-31,-6.1E-16));
#7086 = ADVANCED_FACE('',(#7087),#7098,.T.);
#7087 = FACE_BOUND('',#7088,.T.);
#7088 = EDGE_LOOP('',(#7089,#7090,#7091,#7092));
#7089 = ORIENTED_EDGE('',*,*,#1821,.F.);
#7090 = ORIENTED_EDGE('',*,*,#2092,.T.);
#7091 = ORIENTED_EDGE('',*,*,#2244,.T.);
#7092 = ORIENTED_EDGE('',*,*,#7093,.F.);
#7093 = EDGE_CURVE('',#1822,#2245,#7094,.T.);
#7094 = LINE('',#7095,#7096);
#7095 = CARTESIAN_POINT('',(-52.8,-22.18,46.5));
#7096 = VECTOR('',#7097,1.);
#7097 = DIRECTION('',(0.,1.,-2.22044604925E-16));
#7098 = PLANE('',#7099);
#7099 = AXIS2_PLACEMENT_3D('',#7100,#7101,#7102);
#7100 = CARTESIAN_POINT('',(-52.8,-22.18,4.));
#7101 = DIRECTION('',(1.,1.354472090043E-31,6.1E-16));
#7102 = DIRECTION('',(-6.1E-16,2.22044604925E-16,1.));
#7103 = ADVANCED_FACE('',(#7104),#7115,.T.);
#7104 = FACE_BOUND('',#7105,.T.);
#7105 = EDGE_LOOP('',(#7106,#7107,#7108,#7114));
#7106 = ORIENTED_EDGE('',*,*,#7093,.T.);
#7107 = ORIENTED_EDGE('',*,*,#2252,.T.);
#7108 = ORIENTED_EDGE('',*,*,#7109,.F.);
#7109 = EDGE_CURVE('',#1830,#2253,#7110,.T.);
#7110 = LINE('',#7111,#7112);
#7111 = CARTESIAN_POINT('',(-49.8,-22.18,50.5));
#7112 = VECTOR('',#7113,1.);
#7113 = DIRECTION('',(0.,1.,-2.22044604925E-16));
#7114 = ORIENTED_EDGE('',*,*,#1829,.F.);
#7115 = PLANE('',#7116);
#7116 = AXIS2_PLACEMENT_3D('',#7117,#7118,#7119);
#7117 = CARTESIAN_POINT('',(-52.8,-22.18,46.5));
#7118 = DIRECTION('',(0.8,-1.33226762955E-16,-0.6));
#7119 = DIRECTION('',(0.6,1.7763568394E-16,0.8));
#7120 = ADVANCED_FACE('',(#7121),#7132,.T.);
#7121 = FACE_BOUND('',#7122,.T.);
#7122 = EDGE_LOOP('',(#7123,#7124,#7125,#7131));
#7123 = ORIENTED_EDGE('',*,*,#7109,.T.);
#7124 = ORIENTED_EDGE('',*,*,#2260,.T.);
#7125 = ORIENTED_EDGE('',*,*,#7126,.F.);
#7126 = EDGE_CURVE('',#1838,#2261,#7127,.T.);
#7127 = LINE('',#7128,#7129);
#7128 = CARTESIAN_POINT('',(-30.3,-22.18,50.5));
#7129 = VECTOR('',#7130,1.);
#7130 = DIRECTION('',(0.,1.,-2.22044604925E-16));
#7131 = ORIENTED_EDGE('',*,*,#1837,.F.);
#7132 = PLANE('',#7133);
#7133 = AXIS2_PLACEMENT_3D('',#7134,#7135,#7136);
#7134 = CARTESIAN_POINT('',(-49.8,-22.18,50.5));
#7135 = DIRECTION('',(6.1E-16,-2.22044604925E-16,-1.));
#7136 = DIRECTION('',(1.,1.354472090043E-31,6.1E-16));
#7137 = ADVANCED_FACE('',(#7138),#7149,.T.);
#7138 = FACE_BOUND('',#7139,.T.);
#7139 = EDGE_LOOP('',(#7140,#7141,#7142,#7148));
#7140 = ORIENTED_EDGE('',*,*,#7126,.T.);
#7141 = ORIENTED_EDGE('',*,*,#2268,.T.);
#7142 = ORIENTED_EDGE('',*,*,#7143,.F.);
#7143 = EDGE_CURVE('',#1846,#2269,#7144,.T.);
#7144 = LINE('',#7145,#7146);
#7145 = CARTESIAN_POINT('',(-27.2,-22.18,46.576990950813));
#7146 = VECTOR('',#7147,1.);
#7147 = DIRECTION('',(0.,1.,-2.22044604925E-16));
#7148 = ORIENTED_EDGE('',*,*,#1845,.F.);
#7149 = PLANE('',#7150);
#7150 = AXIS2_PLACEMENT_3D('',#7151,#7152,#7153);
#7151 = CARTESIAN_POINT('',(-30.3,-22.18,50.5));
#7152 = DIRECTION('',(-0.784601809837,-1.376676550536E-16,-0.62));
#7153 = DIRECTION('',(0.62,-1.742165988888E-16,-0.784601809837));
#7154 = ADVANCED_FACE('',(#7155),#7161,.T.);
#7155 = FACE_BOUND('',#7156,.T.);
#7156 = EDGE_LOOP('',(#7157,#7158,#7159,#7160));
#7157 = ORIENTED_EDGE('',*,*,#1853,.F.);
#7158 = ORIENTED_EDGE('',*,*,#7143,.T.);
#7159 = ORIENTED_EDGE('',*,*,#2276,.T.);
#7160 = ORIENTED_EDGE('',*,*,#2388,.F.);
#7161 = PLANE('',#7162);
#7162 = AXIS2_PLACEMENT_3D('',#7163,#7164,#7165);
#7163 = CARTESIAN_POINT('',(-27.2,-22.18,46.576990950813));
#7164 = DIRECTION('',(-1.,-1.354472090043E-31,-6.1E-16));
#7165 = DIRECTION('',(6.1E-16,-2.22044604925E-16,-1.));
#7166 = ADVANCED_FACE('',(#7167),#7178,.F.);
#7167 = FACE_BOUND('',#7168,.F.);
#7168 = EDGE_LOOP('',(#7169,#7175,#7176,#7177));
#7169 = ORIENTED_EDGE('',*,*,#7170,.T.);
#7170 = EDGE_CURVE('',#1886,#2133,#7171,.T.);
#7171 = LINE('',#7172,#7173);
#7172 = CARTESIAN_POINT('',(-22.2,-22.18,11.));
#7173 = VECTOR('',#7174,1.);
#7174 = DIRECTION('',(0.,1.,-2.22044604925E-16));
#7175 = ORIENTED_EDGE('',*,*,#2132,.T.);
#7176 = ORIENTED_EDGE('',*,*,#6548,.F.);
#7177 = ORIENTED_EDGE('',*,*,#1885,.F.);
#7178 = CYLINDRICAL_SURFACE('',#7179,2.);
#7179 = AXIS2_PLACEMENT_3D('',#7180,#7181,#7182);
#7180 = CARTESIAN_POINT('',(-20.2,-22.18,11.));
#7181 = DIRECTION('',(0.,1.,-2.22044604925E-16));
#7182 = DIRECTION('',(-1.,-1.354472090043E-31,-6.1E-16));
#7183 = ADVANCED_FACE('',(#7184),#7195,.T.);
#7184 = FACE_BOUND('',#7185,.T.);
#7185 = EDGE_LOOP('',(#7186,#7187,#7188,#7189));
#7186 = ORIENTED_EDGE('',*,*,#1894,.F.);
#7187 = ORIENTED_EDGE('',*,*,#7170,.T.);
#7188 = ORIENTED_EDGE('',*,*,#2141,.T.);
#7189 = ORIENTED_EDGE('',*,*,#7190,.F.);
#7190 = EDGE_CURVE('',#1895,#2142,#7191,.T.);
#7191 = LINE('',#7192,#7193);
#7192 = CARTESIAN_POINT('',(-22.2,-22.18,48.376273101108));
#7193 = VECTOR('',#7194,1.);
#7194 = DIRECTION('',(0.,1.,-2.22044604925E-16));
#7195 = PLANE('',#7196);
#7196 = AXIS2_PLACEMENT_3D('',#7197,#7198,#7199);
#7197 = CARTESIAN_POINT('',(-22.2,-22.18,9.));
#7198 = DIRECTION('',(1.,1.354472090043E-31,6.1E-16));
#7199 = DIRECTION('',(-6.1E-16,2.22044604925E-16,1.));
#7200 = ADVANCED_FACE('',(#7201),#7212,.T.);
#7201 = FACE_BOUND('',#7202,.T.);
#7202 = EDGE_LOOP('',(#7203,#7204,#7205,#7211));
#7203 = ORIENTED_EDGE('',*,*,#7190,.T.);
#7204 = ORIENTED_EDGE('',*,*,#2149,.T.);
#7205 = ORIENTED_EDGE('',*,*,#7206,.F.);
#7206 = EDGE_CURVE('',#1903,#2150,#7207,.T.);
#7207 = LINE('',#7208,#7209);
#7208 = CARTESIAN_POINT('',(-22.95563657303,-22.18,50.366959617789));
#7209 = VECTOR('',#7210,1.);
#7210 = DIRECTION('',(0.,1.,-2.22044604925E-16));
#7211 = ORIENTED_EDGE('',*,*,#1902,.F.);
#7212 = CYLINDRICAL_SURFACE('',#7213,3.);
#7213 = AXIS2_PLACEMENT_3D('',#7214,#7215,#7216);
#7214 = CARTESIAN_POINT('',(-25.2,-22.18,48.376273101108));
#7215 = DIRECTION('',(0.,1.,-2.22044604925E-16));
#7216 = DIRECTION('',(1.,1.354472090043E-31,6.1E-16));
#7217 = ADVANCED_FACE('',(#7218),#7229,.T.);
#7218 = FACE_BOUND('',#7219,.T.);
#7219 = EDGE_LOOP('',(#7220,#7221,#7222,#7223));
#7220 = ORIENTED_EDGE('',*,*,#1911,.F.);
#7221 = ORIENTED_EDGE('',*,*,#7206,.T.);
#7222 = ORIENTED_EDGE('',*,*,#2158,.T.);
#7223 = ORIENTED_EDGE('',*,*,#7224,.F.);
#7224 = EDGE_CURVE('',#1912,#2159,#7225,.T.);
#7225 = LINE('',#7226,#7227);
#7226 = CARTESIAN_POINT('',(-26.61326502904,-22.18,54.490686516681));
#7227 = VECTOR('',#7228,1.);
#7228 = DIRECTION('',(0.,1.,-2.22044604925E-16));
#7229 = PLANE('',#7230);
#7230 = AXIS2_PLACEMENT_3D('',#7231,#7232,#7233);
#7231 = CARTESIAN_POINT('',(-22.2,-22.18,49.515030861361));
#7232 = DIRECTION('',(0.748121142322,1.473404003754E-16,0.663562172227)
  );
#7233 = DIRECTION('',(-0.663562172227,1.66116263483E-16,0.748121142322)
  );
#7234 = ADVANCED_FACE('',(#7235),#7246,.T.);
#7235 = FACE_BOUND('',#7236,.T.);
#7236 = EDGE_LOOP('',(#7237,#7238,#7239,#7245));
#7237 = ORIENTED_EDGE('',*,*,#7224,.T.);
#7238 = ORIENTED_EDGE('',*,*,#2166,.T.);
#7239 = ORIENTED_EDGE('',*,*,#7240,.F.);
#7240 = EDGE_CURVE('',#1920,#2167,#7241,.T.);
#7241 = LINE('',#7242,#7243);
#7242 = CARTESIAN_POINT('',(-28.857628456,-22.18,55.5));
#7243 = VECTOR('',#7244,1.);
#7244 = DIRECTION('',(0.,1.,-2.22044604925E-16));
#7245 = ORIENTED_EDGE('',*,*,#1919,.F.);
#7246 = CYLINDRICAL_SURFACE('',#7247,3.);
#7247 = AXIS2_PLACEMENT_3D('',#7248,#7249,#7250);
#7248 = CARTESIAN_POINT('',(-28.857628456,-22.18,52.5));
#7249 = DIRECTION('',(0.,1.,-2.22044604925E-16));
#7250 = DIRECTION('',(0.748121142322,1.473404003754E-16,0.663562172227)
  );
#7251 = ADVANCED_FACE('',(#7252),#7263,.T.);
#7252 = FACE_BOUND('',#7253,.T.);
#7253 = EDGE_LOOP('',(#7254,#7255,#7256,#7257));
#7254 = ORIENTED_EDGE('',*,*,#1928,.F.);
#7255 = ORIENTED_EDGE('',*,*,#7240,.T.);
#7256 = ORIENTED_EDGE('',*,*,#2175,.T.);
#7257 = ORIENTED_EDGE('',*,*,#7258,.F.);
#7258 = EDGE_CURVE('',#1929,#2176,#7259,.T.);
#7259 = LINE('',#7260,#7261);
#7260 = CARTESIAN_POINT('',(-51.15424868893,-22.18,55.5));
#7261 = VECTOR('',#7262,1.);
#7262 = DIRECTION('',(0.,1.,-2.22044604925E-16));
#7263 = PLANE('',#7264);
#7264 = AXIS2_PLACEMENT_3D('',#7265,#7266,#7267);
#7265 = CARTESIAN_POINT('',(-27.50849737787,-22.18,55.5));
#7266 = DIRECTION('',(-6.1E-16,2.22044604925E-16,1.));
#7267 = DIRECTION('',(-1.,-1.354472090043E-31,-6.1E-16));
#7268 = ADVANCED_FACE('',(#7269),#7280,.T.);
#7269 = FACE_BOUND('',#7270,.T.);
#7270 = EDGE_LOOP('',(#7271,#7272,#7273,#7274));
#7271 = ORIENTED_EDGE('',*,*,#1936,.T.);
#7272 = ORIENTED_EDGE('',*,*,#7258,.T.);
#7273 = ORIENTED_EDGE('',*,*,#2183,.F.);
#7274 = ORIENTED_EDGE('',*,*,#7275,.F.);
#7275 = EDGE_CURVE('',#1937,#2184,#7276,.T.);
#7276 = LINE('',#7277,#7278);
#7277 = CARTESIAN_POINT('',(-53.40424868893,-22.18,54.484313483298));
#7278 = VECTOR('',#7279,1.);
#7279 = DIRECTION('',(0.,1.,-2.22044604925E-16));
#7280 = CYLINDRICAL_SURFACE('',#7281,3.);
#7281 = AXIS2_PLACEMENT_3D('',#7282,#7283,#7284);
#7282 = CARTESIAN_POINT('',(-51.15424868893,-22.18,52.5));
#7283 = DIRECTION('',(0.,1.,-2.22044604925E-16));
#7284 = DIRECTION('',(-0.75,1.468687011488E-16,0.661437827766));
#7285 = ADVANCED_FACE('',(#7286),#7297,.T.);
#7286 = FACE_BOUND('',#7287,.T.);
#7287 = EDGE_LOOP('',(#7288,#7289,#7290,#7291));
#7288 = ORIENTED_EDGE('',*,*,#1945,.F.);
#7289 = ORIENTED_EDGE('',*,*,#7275,.T.);
#7290 = ORIENTED_EDGE('',*,*,#2192,.T.);
#7291 = ORIENTED_EDGE('',*,*,#7292,.F.);
#7292 = EDGE_CURVE('',#1946,#2193,#7293,.T.);
#7293 = LINE('',#7294,#7295);
#7294 = CARTESIAN_POINT('',(-57.05,-22.18,50.350420064271));
#7295 = VECTOR('',#7296,1.);
#7296 = DIRECTION('',(0.,1.,-2.22044604925E-16));
#7297 = PLANE('',#7298);
#7298 = AXIS2_PLACEMENT_3D('',#7299,#7300,#7301);
#7299 = CARTESIAN_POINT('',(-52.50849737787,-22.18,55.5));
#7300 = DIRECTION('',(-0.75,1.468687011488E-16,0.661437827766));
#7301 = DIRECTION('',(-0.661437827766,-1.665334536938E-16,-0.75));
#7302 = ADVANCED_FACE('',(#7303),#7314,.T.);
#7303 = FACE_BOUND('',#7304,.T.);
#7304 = EDGE_LOOP('',(#7305,#7306,#7307,#7308));
#7305 = ORIENTED_EDGE('',*,*,#1953,.T.);
#7306 = ORIENTED_EDGE('',*,*,#7292,.T.);
#7307 = ORIENTED_EDGE('',*,*,#2200,.F.);
#7308 = ORIENTED_EDGE('',*,*,#7309,.F.);
#7309 = EDGE_CURVE('',#1954,#2201,#7310,.T.);
#7310 = LINE('',#7311,#7312);
#7311 = CARTESIAN_POINT('',(-57.8,-22.18,48.366106580972));
#7312 = VECTOR('',#7313,1.);
#7313 = DIRECTION('',(0.,1.,-2.22044604925E-16));
#7314 = CYLINDRICAL_SURFACE('',#7315,3.);
#7315 = AXIS2_PLACEMENT_3D('',#7316,#7317,#7318);
#7316 = CARTESIAN_POINT('',(-54.8,-22.18,48.366106580972));
#7317 = DIRECTION('',(0.,1.,-2.22044604925E-16));
#7318 = DIRECTION('',(-1.,-1.354472090043E-31,-6.1E-16));
#7319 = ADVANCED_FACE('',(#7320),#7331,.T.);
#7320 = FACE_BOUND('',#7321,.T.);
#7321 = EDGE_LOOP('',(#7322,#7323,#7324,#7325));
#7322 = ORIENTED_EDGE('',*,*,#1962,.F.);
#7323 = ORIENTED_EDGE('',*,*,#7309,.T.);
#7324 = ORIENTED_EDGE('',*,*,#2209,.T.);
#7325 = ORIENTED_EDGE('',*,*,#7326,.F.);
#7326 = EDGE_CURVE('',#1963,#2210,#7327,.T.);
#7327 = LINE('',#7328,#7329);
#7328 = CARTESIAN_POINT('',(-57.8,-22.18,11.));
#7329 = VECTOR('',#7330,1.);
#7330 = DIRECTION('',(0.,1.,-2.22044604925E-16));
#7331 = PLANE('',#7332);
#7332 = AXIS2_PLACEMENT_3D('',#7333,#7334,#7335);
#7333 = CARTESIAN_POINT('',(-57.8,-22.18,49.5));
#7334 = DIRECTION('',(-1.,-1.354472090043E-31,-6.1E-16));
#7335 = DIRECTION('',(6.1E-16,-2.22044604925E-16,-1.));
#7336 = ADVANCED_FACE('',(#7337),#7343,.F.);
#7337 = FACE_BOUND('',#7338,.F.);
#7338 = EDGE_LOOP('',(#7339,#7340,#7341,#7342));
#7339 = ORIENTED_EDGE('',*,*,#6827,.T.);
#7340 = ORIENTED_EDGE('',*,*,#2217,.T.);
#7341 = ORIENTED_EDGE('',*,*,#7326,.F.);
#7342 = ORIENTED_EDGE('',*,*,#1970,.F.);
#7343 = CYLINDRICAL_SURFACE('',#7344,2.);
#7344 = AXIS2_PLACEMENT_3D('',#7345,#7346,#7347);
#7345 = CARTESIAN_POINT('',(-59.8,-22.18,11.));
#7346 = DIRECTION('',(0.,1.,-2.22044604925E-16));
#7347 = DIRECTION('',(1.2E-16,-2.22044604925E-16,-1.));
#7348 = ADVANCED_FACE('',(#7349),#7360,.F.);
#7349 = FACE_BOUND('',#7350,.F.);
#7350 = EDGE_LOOP('',(#7351,#7352,#7358,#7359));
#7351 = ORIENTED_EDGE('',*,*,#1988,.F.);
#7352 = ORIENTED_EDGE('',*,*,#7353,.F.);
#7353 = EDGE_CURVE('',#2295,#1989,#7354,.T.);
#7354 = LINE('',#7355,#7356);
#7355 = CARTESIAN_POINT('',(-53.55,-17.18,12.5));
#7356 = VECTOR('',#7357,1.);
#7357 = DIRECTION('',(-7.E-17,-1.,2.22044604925E-16));
#7358 = ORIENTED_EDGE('',*,*,#2294,.F.);
#7359 = ORIENTED_EDGE('',*,*,#7353,.T.);
#7360 = CYLINDRICAL_SURFACE('',#7361,1.45);
#7361 = AXIS2_PLACEMENT_3D('',#7362,#7363,#7364);
#7362 = CARTESIAN_POINT('',(-55.,-17.18,12.5));
#7363 = DIRECTION('',(0.,-1.,2.22044604925E-16));
#7364 = DIRECTION('',(1.,5.329070518201E-32,2.4E-16));
#7365 = ADVANCED_FACE('',(#7366),#7377,.F.);
#7366 = FACE_BOUND('',#7367,.F.);
#7367 = EDGE_LOOP('',(#7368,#7369,#7375,#7376));
#7368 = ORIENTED_EDGE('',*,*,#1999,.F.);
#7369 = ORIENTED_EDGE('',*,*,#7370,.F.);
#7370 = EDGE_CURVE('',#2306,#2000,#7371,.T.);
#7371 = LINE('',#7372,#7373);
#7372 = CARTESIAN_POINT('',(-53.55,-17.18,29.5));
#7373 = VECTOR('',#7374,1.);
#7374 = DIRECTION('',(-7.E-17,-1.,2.22044604925E-16));
#7375 = ORIENTED_EDGE('',*,*,#2305,.F.);
#7376 = ORIENTED_EDGE('',*,*,#7370,.T.);
#7377 = CYLINDRICAL_SURFACE('',#7378,1.45);
#7378 = AXIS2_PLACEMENT_3D('',#7379,#7380,#7381);
#7379 = CARTESIAN_POINT('',(-55.,-17.18,29.5));
#7380 = DIRECTION('',(0.,-1.,2.22044604925E-16));
#7381 = DIRECTION('',(1.,5.329070518201E-32,2.4E-16));
#7382 = ADVANCED_FACE('',(#7383),#7394,.F.);
#7383 = FACE_BOUND('',#7384,.F.);
#7384 = EDGE_LOOP('',(#7385,#7391,#7392,#7393));
#7385 = ORIENTED_EDGE('',*,*,#7386,.F.);
#7386 = EDGE_CURVE('',#2317,#2011,#7387,.T.);
#7387 = LINE('',#7388,#7389);
#7388 = CARTESIAN_POINT('',(-26.45,-17.18,12.5));
#7389 = VECTOR('',#7390,1.);
#7390 = DIRECTION('',(7.E-17,-1.,2.22044604925E-16));
#7391 = ORIENTED_EDGE('',*,*,#2316,.T.);
#7392 = ORIENTED_EDGE('',*,*,#7386,.T.);
#7393 = ORIENTED_EDGE('',*,*,#2010,.F.);
#7394 = CYLINDRICAL_SURFACE('',#7395,1.45);
#7395 = AXIS2_PLACEMENT_3D('',#7396,#7397,#7398);
#7396 = CARTESIAN_POINT('',(-25.,-17.18,12.5));
#7397 = DIRECTION('',(0.,-1.,2.22044604925E-16));
#7398 = DIRECTION('',(-1.,-1.354472090043E-31,-6.1E-16));
#7399 = ADVANCED_FACE('',(#7400),#7411,.F.);
#7400 = FACE_BOUND('',#7401,.F.);
#7401 = EDGE_LOOP('',(#7402,#7408,#7409,#7410));
#7402 = ORIENTED_EDGE('',*,*,#7403,.F.);
#7403 = EDGE_CURVE('',#2328,#2022,#7404,.T.);
#7404 = LINE('',#7405,#7406);
#7405 = CARTESIAN_POINT('',(-26.45,-17.18,29.5));
#7406 = VECTOR('',#7407,1.);
#7407 = DIRECTION('',(7.E-17,-1.,2.22044604925E-16));
#7408 = ORIENTED_EDGE('',*,*,#2327,.T.);
#7409 = ORIENTED_EDGE('',*,*,#7403,.T.);
#7410 = ORIENTED_EDGE('',*,*,#2021,.F.);
#7411 = CYLINDRICAL_SURFACE('',#7412,1.45);
#7412 = AXIS2_PLACEMENT_3D('',#7413,#7414,#7415);
#7413 = CARTESIAN_POINT('',(-25.,-17.18,29.5));
#7414 = DIRECTION('',(0.,-1.,2.22044604925E-16));
#7415 = DIRECTION('',(-1.,-1.354472090043E-31,-6.1E-16));
#7416 = ADVANCED_FACE('',(#7417),#7428,.F.);
#7417 = FACE_BOUND('',#7418,.F.);
#7418 = EDGE_LOOP('',(#7419,#7420,#7426,#7427));
#7419 = ORIENTED_EDGE('',*,*,#2032,.F.);
#7420 = ORIENTED_EDGE('',*,*,#7421,.F.);
#7421 = EDGE_CURVE('',#2339,#2033,#7422,.T.);
#7422 = LINE('',#7423,#7424);
#7423 = CARTESIAN_POINT('',(-53.55,-17.18,46.5));
#7424 = VECTOR('',#7425,1.);
#7425 = DIRECTION('',(-7.E-17,-1.,2.22044604925E-16));
#7426 = ORIENTED_EDGE('',*,*,#2338,.F.);
#7427 = ORIENTED_EDGE('',*,*,#7421,.T.);
#7428 = CYLINDRICAL_SURFACE('',#7429,1.45);
#7429 = AXIS2_PLACEMENT_3D('',#7430,#7431,#7432);
#7430 = CARTESIAN_POINT('',(-55.,-17.18,46.5));
#7431 = DIRECTION('',(0.,-1.,2.22044604925E-16));
#7432 = DIRECTION('',(1.,5.329070518201E-32,2.4E-16));
#7433 = ADVANCED_FACE('',(#7434),#7445,.F.);
#7434 = FACE_BOUND('',#7435,.F.);
#7435 = EDGE_LOOP('',(#7436,#7437,#7443,#7444));
#7436 = ORIENTED_EDGE('',*,*,#2043,.F.);
#7437 = ORIENTED_EDGE('',*,*,#7438,.F.);
#7438 = EDGE_CURVE('',#2350,#2044,#7439,.T.);
#7439 = LINE('',#7440,#7441);
#7440 = CARTESIAN_POINT('',(-47.05,-17.18,52.8));
#7441 = VECTOR('',#7442,1.);
#7442 = DIRECTION('',(-7.E-17,-1.,2.22044604925E-16));
#7443 = ORIENTED_EDGE('',*,*,#2349,.F.);
#7444 = ORIENTED_EDGE('',*,*,#7438,.T.);
#7445 = CYLINDRICAL_SURFACE('',#7446,1.45);
#7446 = AXIS2_PLACEMENT_3D('',#7447,#7448,#7449);
#7447 = CARTESIAN_POINT('',(-48.5,-17.18,52.8));
#7448 = DIRECTION('',(0.,-1.,2.22044604925E-16));
#7449 = DIRECTION('',(1.,5.329070518201E-32,2.4E-16));
#7450 = ADVANCED_FACE('',(#7451),#7462,.F.);
#7451 = FACE_BOUND('',#7452,.F.);
#7452 = EDGE_LOOP('',(#7453,#7459,#7460,#7461));
#7453 = ORIENTED_EDGE('',*,*,#7454,.F.);
#7454 = EDGE_CURVE('',#2361,#2055,#7455,.T.);
#7455 = LINE('',#7456,#7457);
#7456 = CARTESIAN_POINT('',(-26.45,-17.18,46.5));
#7457 = VECTOR('',#7458,1.);
#7458 = DIRECTION('',(7.E-17,-1.,2.22044604925E-16));
#7459 = ORIENTED_EDGE('',*,*,#2360,.T.);
#7460 = ORIENTED_EDGE('',*,*,#7454,.T.);
#7461 = ORIENTED_EDGE('',*,*,#2054,.F.);
#7462 = CYLINDRICAL_SURFACE('',#7463,1.45);
#7463 = AXIS2_PLACEMENT_3D('',#7464,#7465,#7466);
#7464 = CARTESIAN_POINT('',(-25.,-17.18,46.5));
#7465 = DIRECTION('',(0.,-1.,2.22044604925E-16));
#7466 = DIRECTION('',(-1.,-1.354472090043E-31,-6.1E-16));
#7467 = ADVANCED_FACE('',(#7468),#7479,.F.);
#7468 = FACE_BOUND('',#7469,.F.);
#7469 = EDGE_LOOP('',(#7470,#7476,#7477,#7478));
#7470 = ORIENTED_EDGE('',*,*,#7471,.F.);
#7471 = EDGE_CURVE('',#2372,#2066,#7472,.T.);
#7472 = LINE('',#7473,#7474);
#7473 = CARTESIAN_POINT('',(-32.95,-17.18,52.8));
#7474 = VECTOR('',#7475,1.);
#7475 = DIRECTION('',(7.E-17,-1.,2.22044604925E-16));
#7476 = ORIENTED_EDGE('',*,*,#2371,.T.);
#7477 = ORIENTED_EDGE('',*,*,#7471,.T.);
#7478 = ORIENTED_EDGE('',*,*,#2065,.F.);
#7479 = CYLINDRICAL_SURFACE('',#7480,1.45);
#7480 = AXIS2_PLACEMENT_3D('',#7481,#7482,#7483);
#7481 = CARTESIAN_POINT('',(-31.5,-17.18,52.8));
#7482 = DIRECTION('',(0.,-1.,2.22044604925E-16));
#7483 = DIRECTION('',(-1.,-1.354472090043E-31,-6.1E-16));
#7484 = ADVANCED_FACE('',(#7485),#7496,.T.);
#7485 = FACE_BOUND('',#7486,.T.);
#7486 = EDGE_LOOP('',(#7487,#7488,#7494,#7495));
#7487 = ORIENTED_EDGE('',*,*,#2548,.F.);
#7488 = ORIENTED_EDGE('',*,*,#7489,.T.);
#7489 = EDGE_CURVE('',#2541,#3578,#7490,.T.);
#7490 = LINE('',#7491,#7492);
#7491 = CARTESIAN_POINT('',(27.2,-53.18,46.576990950813));
#7492 = VECTOR('',#7493,1.);
#7493 = DIRECTION('',(0.,-1.,2.22044604925E-16));
#7494 = ORIENTED_EDGE('',*,*,#3585,.T.);
#7495 = ORIENTED_EDGE('',*,*,#2473,.F.);
#7496 = PLANE('',#7497);
#7497 = AXIS2_PLACEMENT_3D('',#7498,#7499,#7500);
#7498 = CARTESIAN_POINT('',(27.2,-53.18,46.576990950813));
#7499 = DIRECTION('',(1.,-1.354472090043E-31,-6.1E-16));
#7500 = DIRECTION('',(-6.1E-16,-2.22044604925E-16,-1.));
#7501 = ADVANCED_FACE('',(#7502),#7513,.T.);
#7502 = FACE_BOUND('',#7503,.T.);
#7503 = EDGE_LOOP('',(#7504,#7505,#7506,#7507));
#7504 = ORIENTED_EDGE('',*,*,#2516,.F.);
#7505 = ORIENTED_EDGE('',*,*,#3759,.T.);
#7506 = ORIENTED_EDGE('',*,*,#3553,.T.);
#7507 = ORIENTED_EDGE('',*,*,#7508,.F.);
#7508 = EDGE_CURVE('',#2517,#3554,#7509,.T.);
#7509 = LINE('',#7510,#7511);
#7510 = CARTESIAN_POINT('',(52.8,-53.18,46.5));
#7511 = VECTOR('',#7512,1.);
#7512 = DIRECTION('',(0.,-1.,2.22044604925E-16));
#7513 = PLANE('',#7514);
#7514 = AXIS2_PLACEMENT_3D('',#7515,#7516,#7517);
#7515 = CARTESIAN_POINT('',(52.8,-53.18,4.));
#7516 = DIRECTION('',(-1.,1.354472090043E-31,6.1E-16));
#7517 = DIRECTION('',(6.1E-16,2.22044604925E-16,1.));
#7518 = ADVANCED_FACE('',(#7519),#7530,.T.);
#7519 = FACE_BOUND('',#7520,.T.);
#7520 = EDGE_LOOP('',(#7521,#7522,#7523,#7529));
#7521 = ORIENTED_EDGE('',*,*,#7508,.T.);
#7522 = ORIENTED_EDGE('',*,*,#3561,.T.);
#7523 = ORIENTED_EDGE('',*,*,#7524,.F.);
#7524 = EDGE_CURVE('',#2525,#3562,#7525,.T.);
#7525 = LINE('',#7526,#7527);
#7526 = CARTESIAN_POINT('',(49.8,-53.18,50.5));
#7527 = VECTOR('',#7528,1.);
#7528 = DIRECTION('',(0.,-1.,2.22044604925E-16));
#7529 = ORIENTED_EDGE('',*,*,#2524,.F.);
#7530 = PLANE('',#7531);
#7531 = AXIS2_PLACEMENT_3D('',#7532,#7533,#7534);
#7532 = CARTESIAN_POINT('',(52.8,-53.18,46.5));
#7533 = DIRECTION('',(-0.8,-1.33226762955E-16,-0.6));
#7534 = DIRECTION('',(-0.6,1.7763568394E-16,0.8));
#7535 = ADVANCED_FACE('',(#7536),#7547,.T.);
#7536 = FACE_BOUND('',#7537,.T.);
#7537 = EDGE_LOOP('',(#7538,#7539,#7540,#7546));
#7538 = ORIENTED_EDGE('',*,*,#7524,.T.);
#7539 = ORIENTED_EDGE('',*,*,#3569,.T.);
#7540 = ORIENTED_EDGE('',*,*,#7541,.F.);
#7541 = EDGE_CURVE('',#2533,#3570,#7542,.T.);
#7542 = LINE('',#7543,#7544);
#7543 = CARTESIAN_POINT('',(30.3,-53.18,50.5));
#7544 = VECTOR('',#7545,1.);
#7545 = DIRECTION('',(0.,-1.,2.22044604925E-16));
#7546 = ORIENTED_EDGE('',*,*,#2532,.F.);
#7547 = PLANE('',#7548);
#7548 = AXIS2_PLACEMENT_3D('',#7549,#7550,#7551);
#7549 = CARTESIAN_POINT('',(49.8,-53.18,50.5));
#7550 = DIRECTION('',(-6.1E-16,-2.22044604925E-16,-1.));
#7551 = DIRECTION('',(-1.,1.354472090043E-31,6.1E-16));
#7552 = ADVANCED_FACE('',(#7553),#7559,.T.);
#7553 = FACE_BOUND('',#7554,.T.);
#7554 = EDGE_LOOP('',(#7555,#7556,#7557,#7558));
#7555 = ORIENTED_EDGE('',*,*,#7541,.T.);
#7556 = ORIENTED_EDGE('',*,*,#3577,.T.);
#7557 = ORIENTED_EDGE('',*,*,#7489,.F.);
#7558 = ORIENTED_EDGE('',*,*,#2540,.F.);
#7559 = PLANE('',#7560);
#7560 = AXIS2_PLACEMENT_3D('',#7561,#7562,#7563);
#7561 = CARTESIAN_POINT('',(30.3,-53.18,50.5));
#7562 = DIRECTION('',(0.784601809837,-1.376676550536E-16,-0.62));
#7563 = DIRECTION('',(-0.62,-1.742165988888E-16,-0.784601809837));
#7564 = ADVANCED_FACE('',(#7565,#7590,#7610,#7621),#7641,.T.);
#7565 = FACE_BOUND('',#7566,.T.);
#7566 = EDGE_LOOP('',(#7567,#7568,#7574,#7575,#7576,#7577,#7583,#7584));
#7567 = ORIENTED_EDGE('',*,*,#3418,.T.);
#7568 = ORIENTED_EDGE('',*,*,#7569,.F.);
#7569 = EDGE_CURVE('',#2565,#3419,#7570,.T.);
#7570 = LINE('',#7571,#7572);
#7571 = CARTESIAN_POINT('',(20.2,-53.18,9.));
#7572 = VECTOR('',#7573,1.);
#7573 = DIRECTION('',(0.,-1.,2.22044604925E-16));
#7574 = ORIENTED_EDGE('',*,*,#2564,.F.);
#7575 = ORIENTED_EDGE('',*,*,#2786,.F.);
#7576 = ORIENTED_EDGE('',*,*,#2859,.T.);
#7577 = ORIENTED_EDGE('',*,*,#7578,.F.);
#7578 = EDGE_CURVE('',#3114,#2860,#7579,.T.);
#7579 = LINE('',#7580,#7581);
#7580 = CARTESIAN_POINT('',(20.2,-17.18,9.));
#7581 = VECTOR('',#7582,1.);
#7582 = DIRECTION('',(0.,-1.,2.22044604925E-16));
#7583 = ORIENTED_EDGE('',*,*,#3113,.F.);
#7584 = ORIENTED_EDGE('',*,*,#7585,.T.);
#7585 = EDGE_CURVE('',#3105,#3410,#7586,.T.);
#7586 = LINE('',#7587,#7588);
#7587 = CARTESIAN_POINT('',(14.2,-17.18,9.));
#7588 = VECTOR('',#7589,1.);
#7589 = DIRECTION('',(0.,-1.,2.22044604925E-16));
#7590 = FACE_BOUND('',#7591,.T.);
#7591 = EDGE_LOOP('',(#7592,#7603));
#7592 = ORIENTED_EDGE('',*,*,#7593,.T.);
#7593 = EDGE_CURVE('',#7594,#7596,#7598,.T.);
#7594 = VERTEX_POINT('',#7595);
#7595 = CARTESIAN_POINT('',(17.95,-19.68,9.));
#7596 = VERTEX_POINT('',#7597);
#7597 = CARTESIAN_POINT('',(15.05,-19.68,9.));
#7598 = CIRCLE('',#7599,1.45);
#7599 = AXIS2_PLACEMENT_3D('',#7600,#7601,#7602);
#7600 = CARTESIAN_POINT('',(16.5,-19.68,9.));
#7601 = DIRECTION('',(-4.9E-16,-2.044604925031E-18,-1.));
#7602 = DIRECTION('',(1.,-1.088018564133E-31,-4.9E-16));
#7603 = ORIENTED_EDGE('',*,*,#7604,.T.);
#7604 = EDGE_CURVE('',#7596,#7594,#7605,.T.);
#7605 = CIRCLE('',#7606,1.45);
#7606 = AXIS2_PLACEMENT_3D('',#7607,#7608,#7609);
#7607 = CARTESIAN_POINT('',(16.5,-19.68,9.));
#7608 = DIRECTION('',(-4.9E-16,-2.044604925031E-18,-1.));
#7609 = DIRECTION('',(1.,-1.088018564133E-31,-4.9E-16));
#7610 = FACE_BOUND('',#7611,.T.);
#7611 = EDGE_LOOP('',(#7612));
#7612 = ORIENTED_EDGE('',*,*,#7613,.T.);
#7613 = EDGE_CURVE('',#7614,#7614,#7616,.T.);
#7614 = VERTEX_POINT('',#7615);
#7615 = CARTESIAN_POINT('',(17.95,-38.18,9.));
#7616 = CIRCLE('',#7617,1.45);
#7617 = AXIS2_PLACEMENT_3D('',#7618,#7619,#7620);
#7618 = CARTESIAN_POINT('',(16.5,-38.18,9.));
#7619 = DIRECTION('',(-2.4E-16,-2.044604925031E-18,-1.));
#7620 = DIRECTION('',(1.,-5.329070518201E-32,-2.4E-16));
#7621 = FACE_BOUND('',#7622,.T.);
#7622 = EDGE_LOOP('',(#7623,#7634));
#7623 = ORIENTED_EDGE('',*,*,#7624,.T.);
#7624 = EDGE_CURVE('',#7625,#7627,#7629,.T.);
#7625 = VERTEX_POINT('',#7626);
#7626 = CARTESIAN_POINT('',(17.95,-55.68,9.));
#7627 = VERTEX_POINT('',#7628);
#7628 = CARTESIAN_POINT('',(15.05,-55.68,9.));
#7629 = CIRCLE('',#7630,1.45);
#7630 = AXIS2_PLACEMENT_3D('',#7631,#7632,#7633);
#7631 = CARTESIAN_POINT('',(16.5,-55.68,9.));
#7632 = DIRECTION('',(-4.9E-16,-2.044604925031E-18,-1.));
#7633 = DIRECTION('',(1.,-1.088018564133E-31,-4.9E-16));
#7634 = ORIENTED_EDGE('',*,*,#7635,.T.);
#7635 = EDGE_CURVE('',#7627,#7625,#7636,.T.);
#7636 = CIRCLE('',#7637,1.45);
#7637 = AXIS2_PLACEMENT_3D('',#7638,#7639,#7640);
#7638 = CARTESIAN_POINT('',(16.5,-55.68,9.));
#7639 = DIRECTION('',(-4.9E-16,-2.044604925031E-18,-1.));
#7640 = DIRECTION('',(1.,-1.088018564133E-31,-4.9E-16));
#7641 = PLANE('',#7642);
#7642 = AXIS2_PLACEMENT_3D('',#7643,#7644,#7645);
#7643 = CARTESIAN_POINT('',(16.72030075188,-37.68,9.));
#7644 = DIRECTION('',(3.9E-16,2.22044604925E-16,1.));
#7645 = DIRECTION('',(-1.,8.659739592076E-32,3.9E-16));
#7646 = ADVANCED_FACE('',(#7647),#7658,.F.);
#7647 = FACE_BOUND('',#7648,.F.);
#7648 = EDGE_LOOP('',(#7649,#7655,#7656,#7657));
#7649 = ORIENTED_EDGE('',*,*,#7650,.T.);
#7650 = EDGE_CURVE('',#2573,#3427,#7651,.T.);
#7651 = LINE('',#7652,#7653);
#7652 = CARTESIAN_POINT('',(22.2,-53.18,11.));
#7653 = VECTOR('',#7654,1.);
#7654 = DIRECTION('',(0.,-1.,2.22044604925E-16));
#7655 = ORIENTED_EDGE('',*,*,#3426,.T.);
#7656 = ORIENTED_EDGE('',*,*,#7569,.F.);
#7657 = ORIENTED_EDGE('',*,*,#2572,.F.);
#7658 = CYLINDRICAL_SURFACE('',#7659,2.);
#7659 = AXIS2_PLACEMENT_3D('',#7660,#7661,#7662);
#7660 = CARTESIAN_POINT('',(20.2,-53.18,11.));
#7661 = DIRECTION('',(0.,-1.,2.22044604925E-16));
#7662 = DIRECTION('',(1.,-1.354472090043E-31,-6.1E-16));
#7663 = ADVANCED_FACE('',(#7664),#7675,.T.);
#7664 = FACE_BOUND('',#7665,.T.);
#7665 = EDGE_LOOP('',(#7666,#7667,#7668,#7669));
#7666 = ORIENTED_EDGE('',*,*,#2581,.F.);
#7667 = ORIENTED_EDGE('',*,*,#7650,.T.);
#7668 = ORIENTED_EDGE('',*,*,#3435,.T.);
#7669 = ORIENTED_EDGE('',*,*,#7670,.F.);
#7670 = EDGE_CURVE('',#2582,#3436,#7671,.T.);
#7671 = LINE('',#7672,#7673);
#7672 = CARTESIAN_POINT('',(22.2,-53.18,48.376273101108));
#7673 = VECTOR('',#7674,1.);
#7674 = DIRECTION('',(0.,-1.,2.22044604925E-16));
#7675 = PLANE('',#7676);
#7676 = AXIS2_PLACEMENT_3D('',#7677,#7678,#7679);
#7677 = CARTESIAN_POINT('',(22.2,-53.18,9.));
#7678 = DIRECTION('',(-1.,1.354472090043E-31,6.1E-16));
#7679 = DIRECTION('',(6.1E-16,2.22044604925E-16,1.));
#7680 = ADVANCED_FACE('',(#7681),#7692,.T.);
#7681 = FACE_BOUND('',#7682,.T.);
#7682 = EDGE_LOOP('',(#7683,#7684,#7685,#7691));
#7683 = ORIENTED_EDGE('',*,*,#7670,.T.);
#7684 = ORIENTED_EDGE('',*,*,#3443,.T.);
#7685 = ORIENTED_EDGE('',*,*,#7686,.F.);
#7686 = EDGE_CURVE('',#2590,#3444,#7687,.T.);
#7687 = LINE('',#7688,#7689);
#7688 = CARTESIAN_POINT('',(22.955636573034,-53.18,50.366959617789));
#7689 = VECTOR('',#7690,1.);
#7690 = DIRECTION('',(0.,-1.,2.22044604925E-16));
#7691 = ORIENTED_EDGE('',*,*,#2589,.F.);
#7692 = CYLINDRICAL_SURFACE('',#7693,3.);
#7693 = AXIS2_PLACEMENT_3D('',#7694,#7695,#7696);
#7694 = CARTESIAN_POINT('',(25.2,-53.18,48.376273101108));
#7695 = DIRECTION('',(0.,-1.,2.22044604925E-16));
#7696 = DIRECTION('',(-1.,1.354472090043E-31,6.1E-16));
#7697 = ADVANCED_FACE('',(#7698),#7709,.T.);
#7698 = FACE_BOUND('',#7699,.T.);
#7699 = EDGE_LOOP('',(#7700,#7701,#7702,#7703));
#7700 = ORIENTED_EDGE('',*,*,#2598,.F.);
#7701 = ORIENTED_EDGE('',*,*,#7686,.T.);
#7702 = ORIENTED_EDGE('',*,*,#3452,.T.);
#7703 = ORIENTED_EDGE('',*,*,#7704,.F.);
#7704 = EDGE_CURVE('',#2599,#3453,#7705,.T.);
#7705 = LINE('',#7706,#7707);
#7706 = CARTESIAN_POINT('',(26.613265029043,-53.18,54.490686516681));
#7707 = VECTOR('',#7708,1.);
#7708 = DIRECTION('',(0.,-1.,2.22044604925E-16));
#7709 = PLANE('',#7710);
#7710 = AXIS2_PLACEMENT_3D('',#7711,#7712,#7713);
#7711 = CARTESIAN_POINT('',(22.2,-53.18,49.515030861361));
#7712 = DIRECTION('',(-0.748121142322,1.473404003754E-16,0.663562172227)
  );
#7713 = DIRECTION('',(0.663562172227,1.66116263483E-16,0.748121142322));
#7714 = ADVANCED_FACE('',(#7715),#7726,.T.);
#7715 = FACE_BOUND('',#7716,.T.);
#7716 = EDGE_LOOP('',(#7717,#7718,#7719,#7725));
#7717 = ORIENTED_EDGE('',*,*,#7704,.T.);
#7718 = ORIENTED_EDGE('',*,*,#3460,.T.);
#7719 = ORIENTED_EDGE('',*,*,#7720,.F.);
#7720 = EDGE_CURVE('',#2607,#3461,#7721,.T.);
#7721 = LINE('',#7722,#7723);
#7722 = CARTESIAN_POINT('',(28.857628456009,-53.18,55.5));
#7723 = VECTOR('',#7724,1.);
#7724 = DIRECTION('',(0.,-1.,2.22044604925E-16));
#7725 = ORIENTED_EDGE('',*,*,#2606,.F.);
#7726 = CYLINDRICAL_SURFACE('',#7727,3.);
#7727 = AXIS2_PLACEMENT_3D('',#7728,#7729,#7730);
#7728 = CARTESIAN_POINT('',(28.857628456009,-53.18,52.5));
#7729 = DIRECTION('',(0.,-1.,2.22044604925E-16));
#7730 = DIRECTION('',(-0.748121142322,1.473404003754E-16,0.663562172227)
  );
#7731 = ADVANCED_FACE('',(#7732),#7743,.T.);
#7732 = FACE_BOUND('',#7733,.T.);
#7733 = EDGE_LOOP('',(#7734,#7735,#7736,#7737));
#7734 = ORIENTED_EDGE('',*,*,#2615,.F.);
#7735 = ORIENTED_EDGE('',*,*,#7720,.T.);
#7736 = ORIENTED_EDGE('',*,*,#3469,.T.);
#7737 = ORIENTED_EDGE('',*,*,#7738,.F.);
#7738 = EDGE_CURVE('',#2616,#3470,#7739,.T.);
#7739 = LINE('',#7740,#7741);
#7740 = CARTESIAN_POINT('',(51.15424868893,-53.18,55.5));
#7741 = VECTOR('',#7742,1.);
#7742 = DIRECTION('',(0.,-1.,2.22044604925E-16));
#7743 = PLANE('',#7744);
#7744 = AXIS2_PLACEMENT_3D('',#7745,#7746,#7747);
#7745 = CARTESIAN_POINT('',(27.508497377871,-53.18,55.5));
#7746 = DIRECTION('',(6.1E-16,2.22044604925E-16,1.));
#7747 = DIRECTION('',(1.,-1.354472090043E-31,-6.1E-16));
#7748 = ADVANCED_FACE('',(#7749),#7760,.T.);
#7749 = FACE_BOUND('',#7750,.T.);
#7750 = EDGE_LOOP('',(#7751,#7752,#7753,#7754));
#7751 = ORIENTED_EDGE('',*,*,#2623,.T.);
#7752 = ORIENTED_EDGE('',*,*,#7738,.T.);
#7753 = ORIENTED_EDGE('',*,*,#3477,.F.);
#7754 = ORIENTED_EDGE('',*,*,#7755,.F.);
#7755 = EDGE_CURVE('',#2624,#3478,#7756,.T.);
#7756 = LINE('',#7757,#7758);
#7757 = CARTESIAN_POINT('',(53.40424868893,-53.18,54.484313483298));
#7758 = VECTOR('',#7759,1.);
#7759 = DIRECTION('',(0.,-1.,2.22044604925E-16));
#7760 = CYLINDRICAL_SURFACE('',#7761,3.);
#7761 = AXIS2_PLACEMENT_3D('',#7762,#7763,#7764);
#7762 = CARTESIAN_POINT('',(51.15424868893,-53.18,52.5));
#7763 = DIRECTION('',(0.,-1.,2.22044604925E-16));
#7764 = DIRECTION('',(0.75,1.468687011488E-16,0.661437827766));
#7765 = ADVANCED_FACE('',(#7766),#7777,.T.);
#7766 = FACE_BOUND('',#7767,.T.);
#7767 = EDGE_LOOP('',(#7768,#7769,#7770,#7771));
#7768 = ORIENTED_EDGE('',*,*,#2632,.F.);
#7769 = ORIENTED_EDGE('',*,*,#7755,.T.);
#7770 = ORIENTED_EDGE('',*,*,#3486,.T.);
#7771 = ORIENTED_EDGE('',*,*,#7772,.F.);
#7772 = EDGE_CURVE('',#2633,#3487,#7773,.T.);
#7773 = LINE('',#7774,#7775);
#7774 = CARTESIAN_POINT('',(57.05,-53.18,50.350420064271));
#7775 = VECTOR('',#7776,1.);
#7776 = DIRECTION('',(0.,-1.,2.22044604925E-16));
#7777 = PLANE('',#7778);
#7778 = AXIS2_PLACEMENT_3D('',#7779,#7780,#7781);
#7779 = CARTESIAN_POINT('',(52.50849737787,-53.18,55.5));
#7780 = DIRECTION('',(0.75,1.468687011488E-16,0.661437827766));
#7781 = DIRECTION('',(0.661437827766,-1.665334536938E-16,-0.75));
#7782 = ADVANCED_FACE('',(#7783),#7794,.T.);
#7783 = FACE_BOUND('',#7784,.T.);
#7784 = EDGE_LOOP('',(#7785,#7786,#7787,#7788));
#7785 = ORIENTED_EDGE('',*,*,#2640,.T.);
#7786 = ORIENTED_EDGE('',*,*,#7772,.T.);
#7787 = ORIENTED_EDGE('',*,*,#3494,.F.);
#7788 = ORIENTED_EDGE('',*,*,#7789,.F.);
#7789 = EDGE_CURVE('',#2641,#3495,#7790,.T.);
#7790 = LINE('',#7791,#7792);
#7791 = CARTESIAN_POINT('',(57.8,-53.18,48.366106580972));
#7792 = VECTOR('',#7793,1.);
#7793 = DIRECTION('',(0.,-1.,2.22044604925E-16));
#7794 = CYLINDRICAL_SURFACE('',#7795,3.);
#7795 = AXIS2_PLACEMENT_3D('',#7796,#7797,#7798);
#7796 = CARTESIAN_POINT('',(54.8,-53.18,48.366106580972));
#7797 = DIRECTION('',(0.,-1.,2.22044604925E-16));
#7798 = DIRECTION('',(1.,-1.354472090043E-31,-6.1E-16));
#7799 = ADVANCED_FACE('',(#7800),#7811,.T.);
#7800 = FACE_BOUND('',#7801,.T.);
#7801 = EDGE_LOOP('',(#7802,#7803,#7804,#7805));
#7802 = ORIENTED_EDGE('',*,*,#2649,.F.);
#7803 = ORIENTED_EDGE('',*,*,#7789,.T.);
#7804 = ORIENTED_EDGE('',*,*,#3503,.T.);
#7805 = ORIENTED_EDGE('',*,*,#7806,.F.);
#7806 = EDGE_CURVE('',#2650,#3504,#7807,.T.);
#7807 = LINE('',#7808,#7809);
#7808 = CARTESIAN_POINT('',(57.8,-53.18,11.));
#7809 = VECTOR('',#7810,1.);
#7810 = DIRECTION('',(0.,-1.,2.22044604925E-16));
#7811 = PLANE('',#7812);
#7812 = AXIS2_PLACEMENT_3D('',#7813,#7814,#7815);
#7813 = CARTESIAN_POINT('',(57.8,-53.18,49.5));
#7814 = DIRECTION('',(1.,-1.354472090043E-31,-6.1E-16));
#7815 = DIRECTION('',(-6.1E-16,-2.22044604925E-16,-1.));
#7816 = ADVANCED_FACE('',(#7817),#7828,.F.);
#7817 = FACE_BOUND('',#7818,.F.);
#7818 = EDGE_LOOP('',(#7819,#7825,#7826,#7827));
#7819 = ORIENTED_EDGE('',*,*,#7820,.T.);
#7820 = EDGE_CURVE('',#2658,#3512,#7821,.T.);
#7821 = LINE('',#7822,#7823);
#7822 = CARTESIAN_POINT('',(59.8,-53.18,9.));
#7823 = VECTOR('',#7824,1.);
#7824 = DIRECTION('',(0.,-1.,2.22044604925E-16));
#7825 = ORIENTED_EDGE('',*,*,#3511,.T.);
#7826 = ORIENTED_EDGE('',*,*,#7806,.F.);
#7827 = ORIENTED_EDGE('',*,*,#2657,.F.);
#7828 = CYLINDRICAL_SURFACE('',#7829,2.);
#7829 = AXIS2_PLACEMENT_3D('',#7830,#7831,#7832);
#7830 = CARTESIAN_POINT('',(59.8,-53.18,11.));
#7831 = DIRECTION('',(0.,-1.,2.22044604925E-16));
#7832 = DIRECTION('',(-1.2E-16,-2.22044604925E-16,-1.));
#7833 = ADVANCED_FACE('',(#7834,#7854,#7865,#7876),#7887,.T.);
#7834 = FACE_BOUND('',#7835,.T.);
#7835 = EDGE_LOOP('',(#7836,#7837,#7843,#7844,#7850,#7851,#7852,#7853));
#7836 = ORIENTED_EDGE('',*,*,#3520,.T.);
#7837 = ORIENTED_EDGE('',*,*,#7838,.F.);
#7838 = EDGE_CURVE('',#3216,#3521,#7839,.T.);
#7839 = LINE('',#7840,#7841);
#7840 = CARTESIAN_POINT('',(65.8,-17.18,9.));
#7841 = VECTOR('',#7842,1.);
#7842 = DIRECTION('',(0.,-1.,2.22044604925E-16));
#7843 = ORIENTED_EDGE('',*,*,#3215,.F.);
#7844 = ORIENTED_EDGE('',*,*,#7845,.T.);
#7845 = EDGE_CURVE('',#3207,#2953,#7846,.T.);
#7846 = LINE('',#7847,#7848);
#7847 = CARTESIAN_POINT('',(59.8,-17.18,9.));
#7848 = VECTOR('',#7849,1.);
#7849 = DIRECTION('',(0.,-1.,2.22044604925E-16));
#7850 = ORIENTED_EDGE('',*,*,#2961,.T.);
#7851 = ORIENTED_EDGE('',*,*,#3743,.T.);
#7852 = ORIENTED_EDGE('',*,*,#2666,.F.);
#7853 = ORIENTED_EDGE('',*,*,#7820,.T.);
#7854 = FACE_BOUND('',#7855,.T.);
#7855 = EDGE_LOOP('',(#7856));
#7856 = ORIENTED_EDGE('',*,*,#7857,.F.);
#7857 = EDGE_CURVE('',#7858,#7858,#7860,.T.);
#7858 = VERTEX_POINT('',#7859);
#7859 = CARTESIAN_POINT('',(62.05,-19.68,9.));
#7860 = CIRCLE('',#7861,1.45);
#7861 = AXIS2_PLACEMENT_3D('',#7862,#7863,#7864);
#7862 = CARTESIAN_POINT('',(63.5,-19.68,9.));
#7863 = DIRECTION('',(2.4E-16,2.044604925031E-18,1.));
#7864 = DIRECTION('',(-1.,5.329070518201E-32,2.4E-16));
#7865 = FACE_BOUND('',#7866,.T.);
#7866 = EDGE_LOOP('',(#7867));
#7867 = ORIENTED_EDGE('',*,*,#7868,.F.);
#7868 = EDGE_CURVE('',#7869,#7869,#7871,.T.);
#7869 = VERTEX_POINT('',#7870);
#7870 = CARTESIAN_POINT('',(62.05,-55.68,9.));
#7871 = CIRCLE('',#7872,1.45);
#7872 = AXIS2_PLACEMENT_3D('',#7873,#7874,#7875);
#7873 = CARTESIAN_POINT('',(63.5,-55.68,9.));
#7874 = DIRECTION('',(4.9E-16,2.044604925031E-18,1.));
#7875 = DIRECTION('',(-1.,1.088018564133E-31,4.9E-16));
#7876 = FACE_BOUND('',#7877,.T.);
#7877 = EDGE_LOOP('',(#7878));
#7878 = ORIENTED_EDGE('',*,*,#7879,.F.);
#7879 = EDGE_CURVE('',#7880,#7880,#7882,.T.);
#7880 = VERTEX_POINT('',#7881);
#7881 = CARTESIAN_POINT('',(62.05,-38.18,9.));
#7882 = CIRCLE('',#7883,1.45);
#7883 = AXIS2_PLACEMENT_3D('',#7884,#7885,#7886);
#7884 = CARTESIAN_POINT('',(63.5,-38.18,9.));
#7885 = DIRECTION('',(1.2E-16,2.044604925031E-18,1.));
#7886 = DIRECTION('',(-1.,2.6645352591E-32,1.2E-16));
#7887 = PLANE('',#7888);
#7888 = AXIS2_PLACEMENT_3D('',#7889,#7890,#7891);
#7889 = CARTESIAN_POINT('',(63.27969924812,-37.68,9.));
#7890 = DIRECTION('',(1.2E-16,2.044604925031E-18,1.));
#7891 = DIRECTION('',(-0.,-1.,2.044604925031E-18));
#7892 = ADVANCED_FACE('',(#7893),#7904,.F.);
#7893 = FACE_BOUND('',#7894,.F.);
#7894 = EDGE_LOOP('',(#7895,#7896,#7902,#7903));
#7895 = ORIENTED_EDGE('',*,*,#2682,.F.);
#7896 = ORIENTED_EDGE('',*,*,#7897,.F.);
#7897 = EDGE_CURVE('',#3596,#2683,#7898,.T.);
#7898 = LINE('',#7899,#7900);
#7899 = CARTESIAN_POINT('',(53.55,-58.18,12.5));
#7900 = VECTOR('',#7901,1.);
#7901 = DIRECTION('',(7.E-17,1.,-2.22044604925E-16));
#7902 = ORIENTED_EDGE('',*,*,#3595,.F.);
#7903 = ORIENTED_EDGE('',*,*,#7897,.T.);
#7904 = CYLINDRICAL_SURFACE('',#7905,1.45);
#7905 = AXIS2_PLACEMENT_3D('',#7906,#7907,#7908);
#7906 = CARTESIAN_POINT('',(55.,-58.18,12.5));
#7907 = DIRECTION('',(0.,1.,-2.22044604925E-16));
#7908 = DIRECTION('',(-1.,5.329070518201E-32,2.4E-16));
#7909 = ADVANCED_FACE('',(#7910),#7921,.F.);
#7910 = FACE_BOUND('',#7911,.F.);
#7911 = EDGE_LOOP('',(#7912,#7913,#7919,#7920));
#7912 = ORIENTED_EDGE('',*,*,#2693,.F.);
#7913 = ORIENTED_EDGE('',*,*,#7914,.F.);
#7914 = EDGE_CURVE('',#3607,#2694,#7915,.T.);
#7915 = LINE('',#7916,#7917);
#7916 = CARTESIAN_POINT('',(53.55,-58.18,29.5));
#7917 = VECTOR('',#7918,1.);
#7918 = DIRECTION('',(7.E-17,1.,-2.22044604925E-16));
#7919 = ORIENTED_EDGE('',*,*,#3606,.F.);
#7920 = ORIENTED_EDGE('',*,*,#7914,.T.);
#7921 = CYLINDRICAL_SURFACE('',#7922,1.45);
#7922 = AXIS2_PLACEMENT_3D('',#7923,#7924,#7925);
#7923 = CARTESIAN_POINT('',(55.,-58.18,29.5));
#7924 = DIRECTION('',(0.,1.,-2.22044604925E-16));
#7925 = DIRECTION('',(-1.,5.329070518201E-32,2.4E-16));
#7926 = ADVANCED_FACE('',(#7927),#7938,.F.);
#7927 = FACE_BOUND('',#7928,.F.);
#7928 = EDGE_LOOP('',(#7929,#7935,#7936,#7937));
#7929 = ORIENTED_EDGE('',*,*,#7930,.F.);
#7930 = EDGE_CURVE('',#3618,#2705,#7931,.T.);
#7931 = LINE('',#7932,#7933);
#7932 = CARTESIAN_POINT('',(26.45,-58.18,12.5));
#7933 = VECTOR('',#7934,1.);
#7934 = DIRECTION('',(-7.E-17,1.,-2.22044604925E-16));
#7935 = ORIENTED_EDGE('',*,*,#3617,.T.);
#7936 = ORIENTED_EDGE('',*,*,#7930,.T.);
#7937 = ORIENTED_EDGE('',*,*,#2704,.F.);
#7938 = CYLINDRICAL_SURFACE('',#7939,1.45);
#7939 = AXIS2_PLACEMENT_3D('',#7940,#7941,#7942);
#7940 = CARTESIAN_POINT('',(25.,-58.18,12.5));
#7941 = DIRECTION('',(0.,1.,-2.22044604925E-16));
#7942 = DIRECTION('',(1.,-1.354472090043E-31,-6.1E-16));
#7943 = ADVANCED_FACE('',(#7944),#7955,.F.);
#7944 = FACE_BOUND('',#7945,.F.);
#7945 = EDGE_LOOP('',(#7946,#7952,#7953,#7954));
#7946 = ORIENTED_EDGE('',*,*,#7947,.F.);
#7947 = EDGE_CURVE('',#3629,#2716,#7948,.T.);
#7948 = LINE('',#7949,#7950);
#7949 = CARTESIAN_POINT('',(26.45,-58.18,29.5));
#7950 = VECTOR('',#7951,1.);
#7951 = DIRECTION('',(-7.E-17,1.,-2.22044604925E-16));
#7952 = ORIENTED_EDGE('',*,*,#3628,.T.);
#7953 = ORIENTED_EDGE('',*,*,#7947,.T.);
#7954 = ORIENTED_EDGE('',*,*,#2715,.F.);
#7955 = CYLINDRICAL_SURFACE('',#7956,1.45);
#7956 = AXIS2_PLACEMENT_3D('',#7957,#7958,#7959);
#7957 = CARTESIAN_POINT('',(25.,-58.18,29.5));
#7958 = DIRECTION('',(0.,1.,-2.22044604925E-16));
#7959 = DIRECTION('',(1.,-1.354472090043E-31,-6.1E-16));
#7960 = ADVANCED_FACE('',(#7961),#7972,.F.);
#7961 = FACE_BOUND('',#7962,.F.);
#7962 = EDGE_LOOP('',(#7963,#7964,#7970,#7971));
#7963 = ORIENTED_EDGE('',*,*,#2726,.F.);
#7964 = ORIENTED_EDGE('',*,*,#7965,.F.);
#7965 = EDGE_CURVE('',#3640,#2727,#7966,.T.);
#7966 = LINE('',#7967,#7968);
#7967 = CARTESIAN_POINT('',(53.55,-58.18,46.5));
#7968 = VECTOR('',#7969,1.);
#7969 = DIRECTION('',(7.E-17,1.,-2.22044604925E-16));
#7970 = ORIENTED_EDGE('',*,*,#3639,.F.);
#7971 = ORIENTED_EDGE('',*,*,#7965,.T.);
#7972 = CYLINDRICAL_SURFACE('',#7973,1.45);
#7973 = AXIS2_PLACEMENT_3D('',#7974,#7975,#7976);
#7974 = CARTESIAN_POINT('',(55.,-58.18,46.5));
#7975 = DIRECTION('',(0.,1.,-2.22044604925E-16));
#7976 = DIRECTION('',(-1.,5.329070518201E-32,2.4E-16));
#7977 = ADVANCED_FACE('',(#7978),#7989,.F.);
#7978 = FACE_BOUND('',#7979,.F.);
#7979 = EDGE_LOOP('',(#7980,#7981,#7987,#7988));
#7980 = ORIENTED_EDGE('',*,*,#2737,.F.);
#7981 = ORIENTED_EDGE('',*,*,#7982,.F.);
#7982 = EDGE_CURVE('',#3651,#2738,#7983,.T.);
#7983 = LINE('',#7984,#7985);
#7984 = CARTESIAN_POINT('',(47.05,-58.18,52.8));
#7985 = VECTOR('',#7986,1.);
#7986 = DIRECTION('',(7.E-17,1.,-2.22044604925E-16));
#7987 = ORIENTED_EDGE('',*,*,#3650,.F.);
#7988 = ORIENTED_EDGE('',*,*,#7982,.T.);
#7989 = CYLINDRICAL_SURFACE('',#7990,1.45);
#7990 = AXIS2_PLACEMENT_3D('',#7991,#7992,#7993);
#7991 = CARTESIAN_POINT('',(48.5,-58.18,52.8));
#7992 = DIRECTION('',(0.,1.,-2.22044604925E-16));
#7993 = DIRECTION('',(-1.,5.329070518201E-32,2.4E-16));
#7994 = ADVANCED_FACE('',(#7995),#8006,.F.);
#7995 = FACE_BOUND('',#7996,.F.);
#7996 = EDGE_LOOP('',(#7997,#8003,#8004,#8005));
#7997 = ORIENTED_EDGE('',*,*,#7998,.F.);
#7998 = EDGE_CURVE('',#3662,#2749,#7999,.T.);
#7999 = LINE('',#8000,#8001);
#8000 = CARTESIAN_POINT('',(26.45,-58.18,46.5));
#8001 = VECTOR('',#8002,1.);
#8002 = DIRECTION('',(-7.E-17,1.,-2.22044604925E-16));
#8003 = ORIENTED_EDGE('',*,*,#3661,.T.);
#8004 = ORIENTED_EDGE('',*,*,#7998,.T.);
#8005 = ORIENTED_EDGE('',*,*,#2748,.F.);
#8006 = CYLINDRICAL_SURFACE('',#8007,1.45);
#8007 = AXIS2_PLACEMENT_3D('',#8008,#8009,#8010);
#8008 = CARTESIAN_POINT('',(25.,-58.18,46.5));
#8009 = DIRECTION('',(0.,1.,-2.22044604925E-16));
#8010 = DIRECTION('',(1.,-1.354472090043E-31,-6.1E-16));
#8011 = ADVANCED_FACE('',(#8012),#8023,.F.);
#8012 = FACE_BOUND('',#8013,.F.);
#8013 = EDGE_LOOP('',(#8014,#8020,#8021,#8022));
#8014 = ORIENTED_EDGE('',*,*,#8015,.F.);
#8015 = EDGE_CURVE('',#3673,#2760,#8016,.T.);
#8016 = LINE('',#8017,#8018);
#8017 = CARTESIAN_POINT('',(32.95,-58.18,52.8));
#8018 = VECTOR('',#8019,1.);
#8019 = DIRECTION('',(-7.E-17,1.,-2.22044604925E-16));
#8020 = ORIENTED_EDGE('',*,*,#3672,.T.);
#8021 = ORIENTED_EDGE('',*,*,#8015,.T.);
#8022 = ORIENTED_EDGE('',*,*,#2759,.F.);
#8023 = CYLINDRICAL_SURFACE('',#8024,1.45);
#8024 = AXIS2_PLACEMENT_3D('',#8025,#8026,#8027);
#8025 = CARTESIAN_POINT('',(31.5,-58.18,52.8));
#8026 = DIRECTION('',(0.,1.,-2.22044604925E-16));
#8027 = DIRECTION('',(1.,-1.354472090043E-31,-6.1E-16));
#8028 = ADVANCED_FACE('',(#8029),#8040,.T.);
#8029 = FACE_BOUND('',#8030,.T.);
#8030 = EDGE_LOOP('',(#8031,#8032,#8033,#8034));
#8031 = ORIENTED_EDGE('',*,*,#3248,.F.);
#8032 = ORIENTED_EDGE('',*,*,#3725,.T.);
#8033 = ORIENTED_EDGE('',*,*,#2810,.T.);
#8034 = ORIENTED_EDGE('',*,*,#8035,.F.);
#8035 = EDGE_CURVE('',#3249,#2811,#8036,.T.);
#8036 = LINE('',#8037,#8038);
#8037 = CARTESIAN_POINT('',(52.8,-17.18,46.5));
#8038 = VECTOR('',#8039,1.);
#8039 = DIRECTION('',(0.,-1.,2.22044604925E-16));
#8040 = PLANE('',#8041);
#8041 = AXIS2_PLACEMENT_3D('',#8042,#8043,#8044);
#8042 = CARTESIAN_POINT('',(52.8,-17.18,4.));
#8043 = DIRECTION('',(-1.,5.329070518201E-32,2.4E-16));
#8044 = DIRECTION('',(2.4E-16,2.22044604925E-16,1.));
#8045 = ADVANCED_FACE('',(#8046),#8057,.T.);
#8046 = FACE_BOUND('',#8047,.T.);
#8047 = EDGE_LOOP('',(#8048,#8049,#8050,#8056));
#8048 = ORIENTED_EDGE('',*,*,#8035,.T.);
#8049 = ORIENTED_EDGE('',*,*,#2818,.T.);
#8050 = ORIENTED_EDGE('',*,*,#8051,.F.);
#8051 = EDGE_CURVE('',#3257,#2819,#8052,.T.);
#8052 = LINE('',#8053,#8054);
#8053 = CARTESIAN_POINT('',(49.8,-17.18,50.5));
#8054 = VECTOR('',#8055,1.);
#8055 = DIRECTION('',(0.,-1.,2.22044604925E-16));
#8056 = ORIENTED_EDGE('',*,*,#3256,.F.);
#8057 = PLANE('',#8058);
#8058 = AXIS2_PLACEMENT_3D('',#8059,#8060,#8061);
#8059 = CARTESIAN_POINT('',(52.8,-17.18,46.5));
#8060 = DIRECTION('',(-0.8,-1.33226762955E-16,-0.6));
#8061 = DIRECTION('',(-0.6,1.7763568394E-16,0.8));
#8062 = ADVANCED_FACE('',(#8063),#8074,.T.);
#8063 = FACE_BOUND('',#8064,.T.);
#8064 = EDGE_LOOP('',(#8065,#8066,#8067,#8073));
#8065 = ORIENTED_EDGE('',*,*,#8051,.T.);
#8066 = ORIENTED_EDGE('',*,*,#2826,.T.);
#8067 = ORIENTED_EDGE('',*,*,#8068,.F.);
#8068 = EDGE_CURVE('',#3265,#2827,#8069,.T.);
#8069 = LINE('',#8070,#8071);
#8070 = CARTESIAN_POINT('',(30.3,-17.18,50.5));
#8071 = VECTOR('',#8072,1.);
#8072 = DIRECTION('',(0.,-1.,2.22044604925E-16));
#8073 = ORIENTED_EDGE('',*,*,#3264,.F.);
#8074 = PLANE('',#8075);
#8075 = AXIS2_PLACEMENT_3D('',#8076,#8077,#8078);
#8076 = CARTESIAN_POINT('',(49.8,-17.18,50.5));
#8077 = DIRECTION('',(-2.4E-16,-2.22044604925E-16,-1.));
#8078 = DIRECTION('',(-1.,5.329070518201E-32,2.4E-16));
#8079 = ADVANCED_FACE('',(#8080),#8091,.T.);
#8080 = FACE_BOUND('',#8081,.T.);
#8081 = EDGE_LOOP('',(#8082,#8083,#8084,#8090));
#8082 = ORIENTED_EDGE('',*,*,#8068,.T.);
#8083 = ORIENTED_EDGE('',*,*,#2834,.T.);
#8084 = ORIENTED_EDGE('',*,*,#8085,.F.);
#8085 = EDGE_CURVE('',#3273,#2835,#8086,.T.);
#8086 = LINE('',#8087,#8088);
#8087 = CARTESIAN_POINT('',(27.2,-17.18,46.576990950813));
#8088 = VECTOR('',#8089,1.);
#8089 = DIRECTION('',(0.,-1.,2.22044604925E-16));
#8090 = ORIENTED_EDGE('',*,*,#3272,.F.);
#8091 = PLANE('',#8092);
#8092 = AXIS2_PLACEMENT_3D('',#8093,#8094,#8095);
#8093 = CARTESIAN_POINT('',(30.3,-17.18,50.5));
#8094 = DIRECTION('',(0.784601809837,-1.376676550536E-16,-0.62));
#8095 = DIRECTION('',(-0.62,-1.742165988888E-16,-0.784601809837));
#8096 = ADVANCED_FACE('',(#8097),#8103,.T.);
#8097 = FACE_BOUND('',#8098,.T.);
#8098 = EDGE_LOOP('',(#8099,#8100,#8101,#8102));
#8099 = ORIENTED_EDGE('',*,*,#3280,.F.);
#8100 = ORIENTED_EDGE('',*,*,#8085,.T.);
#8101 = ORIENTED_EDGE('',*,*,#2842,.T.);
#8102 = ORIENTED_EDGE('',*,*,#3080,.F.);
#8103 = PLANE('',#8104);
#8104 = AXIS2_PLACEMENT_3D('',#8105,#8106,#8107);
#8105 = CARTESIAN_POINT('',(27.2,-17.18,46.576990950813));
#8106 = DIRECTION('',(1.,-5.329070518201E-32,-2.4E-16));
#8107 = DIRECTION('',(-2.4E-16,-2.22044604925E-16,-1.));
#8108 = ADVANCED_FACE('',(#8109),#8120,.F.);
#8109 = FACE_BOUND('',#8110,.F.);
#8110 = EDGE_LOOP('',(#8111,#8112,#8118,#8119));
#8111 = ORIENTED_EDGE('',*,*,#3121,.T.);
#8112 = ORIENTED_EDGE('',*,*,#8113,.T.);
#8113 = EDGE_CURVE('',#3122,#2868,#8114,.T.);
#8114 = LINE('',#8115,#8116);
#8115 = CARTESIAN_POINT('',(22.2,-17.18,11.));
#8116 = VECTOR('',#8117,1.);
#8117 = DIRECTION('',(0.,-1.,2.22044604925E-16));
#8118 = ORIENTED_EDGE('',*,*,#2867,.F.);
#8119 = ORIENTED_EDGE('',*,*,#7578,.F.);
#8120 = CYLINDRICAL_SURFACE('',#8121,2.);
#8121 = AXIS2_PLACEMENT_3D('',#8122,#8123,#8124);
#8122 = CARTESIAN_POINT('',(20.2,-17.18,11.));
#8123 = DIRECTION('',(0.,-1.,2.22044604925E-16));
#8124 = DIRECTION('',(-3.9E-16,-2.22044604925E-16,-1.));
#8125 = ADVANCED_FACE('',(#8126),#8137,.T.);
#8126 = FACE_BOUND('',#8127,.T.);
#8127 = EDGE_LOOP('',(#8128,#8129,#8130,#8131));
#8128 = ORIENTED_EDGE('',*,*,#3130,.F.);
#8129 = ORIENTED_EDGE('',*,*,#8113,.T.);
#8130 = ORIENTED_EDGE('',*,*,#2876,.T.);
#8131 = ORIENTED_EDGE('',*,*,#8132,.F.);
#8132 = EDGE_CURVE('',#3131,#2877,#8133,.T.);
#8133 = LINE('',#8134,#8135);
#8134 = CARTESIAN_POINT('',(22.2,-17.18,48.376273101108));
#8135 = VECTOR('',#8136,1.);
#8136 = DIRECTION('',(0.,-1.,2.22044604925E-16));
#8137 = PLANE('',#8138);
#8138 = AXIS2_PLACEMENT_3D('',#8139,#8140,#8141);
#8139 = CARTESIAN_POINT('',(22.2,-17.18,9.));
#8140 = DIRECTION('',(-1.,5.329070518201E-32,2.4E-16));
#8141 = DIRECTION('',(2.4E-16,2.22044604925E-16,1.));
#8142 = ADVANCED_FACE('',(#8143),#8154,.T.);
#8143 = FACE_BOUND('',#8144,.T.);
#8144 = EDGE_LOOP('',(#8145,#8146,#8147,#8148));
#8145 = ORIENTED_EDGE('',*,*,#3138,.T.);
#8146 = ORIENTED_EDGE('',*,*,#8132,.T.);
#8147 = ORIENTED_EDGE('',*,*,#2884,.F.);
#8148 = ORIENTED_EDGE('',*,*,#8149,.F.);
#8149 = EDGE_CURVE('',#3139,#2885,#8150,.T.);
#8150 = LINE('',#8151,#8152);
#8151 = CARTESIAN_POINT('',(22.955636573034,-17.18,50.366959617789));
#8152 = VECTOR('',#8153,1.);
#8153 = DIRECTION('',(0.,-1.,2.22044604925E-16));
#8154 = CYLINDRICAL_SURFACE('',#8155,3.);
#8155 = AXIS2_PLACEMENT_3D('',#8156,#8157,#8158);
#8156 = CARTESIAN_POINT('',(25.2,-17.18,48.376273101108));
#8157 = DIRECTION('',(0.,-1.,2.22044604925E-16));
#8158 = DIRECTION('',(-0.748121142322,1.473404003754E-16,0.663562172227)
  );
#8159 = ADVANCED_FACE('',(#8160),#8171,.T.);
#8160 = FACE_BOUND('',#8161,.T.);
#8161 = EDGE_LOOP('',(#8162,#8163,#8164,#8165));
#8162 = ORIENTED_EDGE('',*,*,#3147,.F.);
#8163 = ORIENTED_EDGE('',*,*,#8149,.T.);
#8164 = ORIENTED_EDGE('',*,*,#2893,.T.);
#8165 = ORIENTED_EDGE('',*,*,#8166,.F.);
#8166 = EDGE_CURVE('',#3148,#2894,#8167,.T.);
#8167 = LINE('',#8168,#8169);
#8168 = CARTESIAN_POINT('',(26.613265029043,-17.18,54.490686516681));
#8169 = VECTOR('',#8170,1.);
#8170 = DIRECTION('',(0.,-1.,2.22044604925E-16));
#8171 = PLANE('',#8172);
#8172 = AXIS2_PLACEMENT_3D('',#8173,#8174,#8175);
#8173 = CARTESIAN_POINT('',(22.2,-17.18,49.515030861361));
#8174 = DIRECTION('',(-0.748121142322,1.473404003754E-16,0.663562172227)
  );
#8175 = DIRECTION('',(0.663562172227,1.66116263483E-16,0.748121142322));
#8176 = ADVANCED_FACE('',(#8177),#8188,.T.);
#8177 = FACE_BOUND('',#8178,.T.);
#8178 = EDGE_LOOP('',(#8179,#8180,#8181,#8182));
#8179 = ORIENTED_EDGE('',*,*,#3155,.T.);
#8180 = ORIENTED_EDGE('',*,*,#8166,.T.);
#8181 = ORIENTED_EDGE('',*,*,#2901,.F.);
#8182 = ORIENTED_EDGE('',*,*,#8183,.F.);
#8183 = EDGE_CURVE('',#3156,#2902,#8184,.T.);
#8184 = LINE('',#8185,#8186);
#8185 = CARTESIAN_POINT('',(28.857628456009,-17.18,55.5));
#8186 = VECTOR('',#8187,1.);
#8187 = DIRECTION('',(0.,-1.,2.22044604925E-16));
#8188 = CYLINDRICAL_SURFACE('',#8189,3.);
#8189 = AXIS2_PLACEMENT_3D('',#8190,#8191,#8192);
#8190 = CARTESIAN_POINT('',(28.857628456009,-17.18,52.5));
#8191 = DIRECTION('',(0.,-1.,2.22044604925E-16));
#8192 = DIRECTION('',(2.4E-16,2.22044604925E-16,1.));
#8193 = ADVANCED_FACE('',(#8194),#8205,.T.);
#8194 = FACE_BOUND('',#8195,.T.);
#8195 = EDGE_LOOP('',(#8196,#8197,#8198,#8199));
#8196 = ORIENTED_EDGE('',*,*,#3164,.F.);
#8197 = ORIENTED_EDGE('',*,*,#8183,.T.);
#8198 = ORIENTED_EDGE('',*,*,#2910,.T.);
#8199 = ORIENTED_EDGE('',*,*,#8200,.F.);
#8200 = EDGE_CURVE('',#3165,#2911,#8201,.T.);
#8201 = LINE('',#8202,#8203);
#8202 = CARTESIAN_POINT('',(51.15424868893,-17.18,55.5));
#8203 = VECTOR('',#8204,1.);
#8204 = DIRECTION('',(0.,-1.,2.22044604925E-16));
#8205 = PLANE('',#8206);
#8206 = AXIS2_PLACEMENT_3D('',#8207,#8208,#8209);
#8207 = CARTESIAN_POINT('',(27.508497377871,-17.18,55.5));
#8208 = DIRECTION('',(2.4E-16,2.22044604925E-16,1.));
#8209 = DIRECTION('',(1.,-5.329070518201E-32,-2.4E-16));
#8210 = ADVANCED_FACE('',(#8211),#8222,.T.);
#8211 = FACE_BOUND('',#8212,.T.);
#8212 = EDGE_LOOP('',(#8213,#8214,#8215,#8216));
#8213 = ORIENTED_EDGE('',*,*,#3172,.T.);
#8214 = ORIENTED_EDGE('',*,*,#8200,.T.);
#8215 = ORIENTED_EDGE('',*,*,#2918,.F.);
#8216 = ORIENTED_EDGE('',*,*,#8217,.F.);
#8217 = EDGE_CURVE('',#3173,#2919,#8218,.T.);
#8218 = LINE('',#8219,#8220);
#8219 = CARTESIAN_POINT('',(53.40424868893,-17.18,54.484313483298));
#8220 = VECTOR('',#8221,1.);
#8221 = DIRECTION('',(0.,-1.,2.22044604925E-16));
#8222 = CYLINDRICAL_SURFACE('',#8223,3.);
#8223 = AXIS2_PLACEMENT_3D('',#8224,#8225,#8226);
#8224 = CARTESIAN_POINT('',(51.15424868893,-17.18,52.5));
#8225 = DIRECTION('',(0.,-1.,2.22044604925E-16));
#8226 = DIRECTION('',(0.75,1.468687011488E-16,0.661437827766));
#8227 = ADVANCED_FACE('',(#8228),#8239,.T.);
#8228 = FACE_BOUND('',#8229,.T.);
#8229 = EDGE_LOOP('',(#8230,#8231,#8232,#8233));
#8230 = ORIENTED_EDGE('',*,*,#3181,.F.);
#8231 = ORIENTED_EDGE('',*,*,#8217,.T.);
#8232 = ORIENTED_EDGE('',*,*,#2927,.T.);
#8233 = ORIENTED_EDGE('',*,*,#8234,.F.);
#8234 = EDGE_CURVE('',#3182,#2928,#8235,.T.);
#8235 = LINE('',#8236,#8237);
#8236 = CARTESIAN_POINT('',(57.05,-17.18,50.350420064271));
#8237 = VECTOR('',#8238,1.);
#8238 = DIRECTION('',(0.,-1.,2.22044604925E-16));
#8239 = PLANE('',#8240);
#8240 = AXIS2_PLACEMENT_3D('',#8241,#8242,#8243);
#8241 = CARTESIAN_POINT('',(52.50849737787,-17.18,55.5));
#8242 = DIRECTION('',(0.75,1.468687011488E-16,0.661437827766));
#8243 = DIRECTION('',(0.661437827766,-1.665334536938E-16,-0.75));
#8244 = ADVANCED_FACE('',(#8245),#8256,.T.);
#8245 = FACE_BOUND('',#8246,.T.);
#8246 = EDGE_LOOP('',(#8247,#8248,#8249,#8250));
#8247 = ORIENTED_EDGE('',*,*,#3189,.T.);
#8248 = ORIENTED_EDGE('',*,*,#8234,.T.);
#8249 = ORIENTED_EDGE('',*,*,#2935,.F.);
#8250 = ORIENTED_EDGE('',*,*,#8251,.F.);
#8251 = EDGE_CURVE('',#3190,#2936,#8252,.T.);
#8252 = LINE('',#8253,#8254);
#8253 = CARTESIAN_POINT('',(57.8,-17.18,48.366106580972));
#8254 = VECTOR('',#8255,1.);
#8255 = DIRECTION('',(0.,-1.,2.22044604925E-16));
#8256 = CYLINDRICAL_SURFACE('',#8257,3.);
#8257 = AXIS2_PLACEMENT_3D('',#8258,#8259,#8260);
#8258 = CARTESIAN_POINT('',(54.8,-17.18,48.366106580972));
#8259 = DIRECTION('',(0.,-1.,2.22044604925E-16));
#8260 = DIRECTION('',(1.,-5.329070518201E-32,-2.4E-16));
#8261 = ADVANCED_FACE('',(#8262),#8273,.T.);
#8262 = FACE_BOUND('',#8263,.T.);
#8263 = EDGE_LOOP('',(#8264,#8265,#8266,#8267));
#8264 = ORIENTED_EDGE('',*,*,#3198,.F.);
#8265 = ORIENTED_EDGE('',*,*,#8251,.T.);
#8266 = ORIENTED_EDGE('',*,*,#2944,.T.);
#8267 = ORIENTED_EDGE('',*,*,#8268,.F.);
#8268 = EDGE_CURVE('',#3199,#2945,#8269,.T.);
#8269 = LINE('',#8270,#8271);
#8270 = CARTESIAN_POINT('',(57.8,-17.18,11.));
#8271 = VECTOR('',#8272,1.);
#8272 = DIRECTION('',(0.,-1.,2.22044604925E-16));
#8273 = PLANE('',#8274);
#8274 = AXIS2_PLACEMENT_3D('',#8275,#8276,#8277);
#8275 = CARTESIAN_POINT('',(57.8,-17.18,49.5));
#8276 = DIRECTION('',(1.,-5.329070518201E-32,-2.4E-16));
#8277 = DIRECTION('',(-2.4E-16,-2.22044604925E-16,-1.));
#8278 = ADVANCED_FACE('',(#8279),#8285,.F.);
#8279 = FACE_BOUND('',#8280,.F.);
#8280 = EDGE_LOOP('',(#8281,#8282,#8283,#8284));
#8281 = ORIENTED_EDGE('',*,*,#7845,.T.);
#8282 = ORIENTED_EDGE('',*,*,#2952,.T.);
#8283 = ORIENTED_EDGE('',*,*,#8268,.F.);
#8284 = ORIENTED_EDGE('',*,*,#3206,.F.);
#8285 = CYLINDRICAL_SURFACE('',#8286,2.);
#8286 = AXIS2_PLACEMENT_3D('',#8287,#8288,#8289);
#8287 = CARTESIAN_POINT('',(59.8,-17.18,11.));
#8288 = DIRECTION('',(0.,-1.,2.22044604925E-16));
#8289 = DIRECTION('',(-1.2E-16,-2.22044604925E-16,-1.));
#8290 = ADVANCED_FACE('',(#8291),#8302,.F.);
#8291 = FACE_BOUND('',#8292,.F.);
#8292 = EDGE_LOOP('',(#8293,#8294,#8300,#8301));
#8293 = ORIENTED_EDGE('',*,*,#3290,.F.);
#8294 = ORIENTED_EDGE('',*,*,#8295,.F.);
#8295 = EDGE_CURVE('',#2978,#3291,#8296,.T.);
#8296 = LINE('',#8297,#8298);
#8297 = CARTESIAN_POINT('',(53.55,-22.18,12.5));
#8298 = VECTOR('',#8299,1.);
#8299 = DIRECTION('',(7.E-17,1.,-2.22044604925E-16));
#8300 = ORIENTED_EDGE('',*,*,#2977,.F.);
#8301 = ORIENTED_EDGE('',*,*,#8295,.T.);
#8302 = CYLINDRICAL_SURFACE('',#8303,1.45);
#8303 = AXIS2_PLACEMENT_3D('',#8304,#8305,#8306);
#8304 = CARTESIAN_POINT('',(55.,-22.18,12.5));
#8305 = DIRECTION('',(0.,1.,-2.22044604925E-16));
#8306 = DIRECTION('',(-1.,2.6645352591E-32,1.2E-16));
#8307 = ADVANCED_FACE('',(#8308),#8319,.F.);
#8308 = FACE_BOUND('',#8309,.F.);
#8309 = EDGE_LOOP('',(#8310,#8311,#8317,#8318));
#8310 = ORIENTED_EDGE('',*,*,#3301,.F.);
#8311 = ORIENTED_EDGE('',*,*,#8312,.F.);
#8312 = EDGE_CURVE('',#2989,#3302,#8313,.T.);
#8313 = LINE('',#8314,#8315);
#8314 = CARTESIAN_POINT('',(53.55,-22.18,29.5));
#8315 = VECTOR('',#8316,1.);
#8316 = DIRECTION('',(7.E-17,1.,-2.22044604925E-16));
#8317 = ORIENTED_EDGE('',*,*,#2988,.F.);
#8318 = ORIENTED_EDGE('',*,*,#8312,.T.);
#8319 = CYLINDRICAL_SURFACE('',#8320,1.45);
#8320 = AXIS2_PLACEMENT_3D('',#8321,#8322,#8323);
#8321 = CARTESIAN_POINT('',(55.,-22.18,29.5));
#8322 = DIRECTION('',(0.,1.,-2.22044604925E-16));
#8323 = DIRECTION('',(-1.,2.6645352591E-32,1.2E-16));
#8324 = ADVANCED_FACE('',(#8325),#8336,.F.);
#8325 = FACE_BOUND('',#8326,.F.);
#8326 = EDGE_LOOP('',(#8327,#8333,#8334,#8335));
#8327 = ORIENTED_EDGE('',*,*,#8328,.F.);
#8328 = EDGE_CURVE('',#3000,#3313,#8329,.T.);
#8329 = LINE('',#8330,#8331);
#8330 = CARTESIAN_POINT('',(26.45,-22.18,12.5));
#8331 = VECTOR('',#8332,1.);
#8332 = DIRECTION('',(-7.E-17,1.,-2.22044604925E-16));
#8333 = ORIENTED_EDGE('',*,*,#2999,.T.);
#8334 = ORIENTED_EDGE('',*,*,#8328,.T.);
#8335 = ORIENTED_EDGE('',*,*,#3312,.F.);
#8336 = CYLINDRICAL_SURFACE('',#8337,1.45);
#8337 = AXIS2_PLACEMENT_3D('',#8338,#8339,#8340);
#8338 = CARTESIAN_POINT('',(25.,-22.18,12.5));
#8339 = DIRECTION('',(0.,1.,-2.22044604925E-16));
#8340 = DIRECTION('',(1.,-1.354472090043E-31,-6.1E-16));
#8341 = ADVANCED_FACE('',(#8342),#8353,.F.);
#8342 = FACE_BOUND('',#8343,.F.);
#8343 = EDGE_LOOP('',(#8344,#8350,#8351,#8352));
#8344 = ORIENTED_EDGE('',*,*,#8345,.F.);
#8345 = EDGE_CURVE('',#3011,#3324,#8346,.T.);
#8346 = LINE('',#8347,#8348);
#8347 = CARTESIAN_POINT('',(26.45,-22.18,29.5));
#8348 = VECTOR('',#8349,1.);
#8349 = DIRECTION('',(-7.E-17,1.,-2.22044604925E-16));
#8350 = ORIENTED_EDGE('',*,*,#3010,.T.);
#8351 = ORIENTED_EDGE('',*,*,#8345,.T.);
#8352 = ORIENTED_EDGE('',*,*,#3323,.F.);
#8353 = CYLINDRICAL_SURFACE('',#8354,1.45);
#8354 = AXIS2_PLACEMENT_3D('',#8355,#8356,#8357);
#8355 = CARTESIAN_POINT('',(25.,-22.18,29.5));
#8356 = DIRECTION('',(0.,1.,-2.22044604925E-16));
#8357 = DIRECTION('',(1.,-1.354472090043E-31,-6.1E-16));
#8358 = ADVANCED_FACE('',(#8359),#8370,.F.);
#8359 = FACE_BOUND('',#8360,.F.);
#8360 = EDGE_LOOP('',(#8361,#8362,#8368,#8369));
#8361 = ORIENTED_EDGE('',*,*,#3334,.F.);
#8362 = ORIENTED_EDGE('',*,*,#8363,.F.);
#8363 = EDGE_CURVE('',#3022,#3335,#8364,.T.);
#8364 = LINE('',#8365,#8366);
#8365 = CARTESIAN_POINT('',(53.55,-22.18,46.5));
#8366 = VECTOR('',#8367,1.);
#8367 = DIRECTION('',(7.E-17,1.,-2.22044604925E-16));
#8368 = ORIENTED_EDGE('',*,*,#3021,.F.);
#8369 = ORIENTED_EDGE('',*,*,#8363,.T.);
#8370 = CYLINDRICAL_SURFACE('',#8371,1.45);
#8371 = AXIS2_PLACEMENT_3D('',#8372,#8373,#8374);
#8372 = CARTESIAN_POINT('',(55.,-22.18,46.5));
#8373 = DIRECTION('',(0.,1.,-2.22044604925E-16));
#8374 = DIRECTION('',(-1.,2.6645352591E-32,1.2E-16));
#8375 = ADVANCED_FACE('',(#8376),#8387,.F.);
#8376 = FACE_BOUND('',#8377,.F.);
#8377 = EDGE_LOOP('',(#8378,#8379,#8385,#8386));
#8378 = ORIENTED_EDGE('',*,*,#3345,.F.);
#8379 = ORIENTED_EDGE('',*,*,#8380,.F.);
#8380 = EDGE_CURVE('',#3033,#3346,#8381,.T.);
#8381 = LINE('',#8382,#8383);
#8382 = CARTESIAN_POINT('',(47.05,-22.18,52.8));
#8383 = VECTOR('',#8384,1.);
#8384 = DIRECTION('',(7.E-17,1.,-2.22044604925E-16));
#8385 = ORIENTED_EDGE('',*,*,#3032,.F.);
#8386 = ORIENTED_EDGE('',*,*,#8380,.T.);
#8387 = CYLINDRICAL_SURFACE('',#8388,1.45);
#8388 = AXIS2_PLACEMENT_3D('',#8389,#8390,#8391);
#8389 = CARTESIAN_POINT('',(48.5,-22.18,52.8));
#8390 = DIRECTION('',(0.,1.,-2.22044604925E-16));
#8391 = DIRECTION('',(-1.,2.6645352591E-32,1.2E-16));
#8392 = ADVANCED_FACE('',(#8393),#8404,.F.);
#8393 = FACE_BOUND('',#8394,.F.);
#8394 = EDGE_LOOP('',(#8395,#8401,#8402,#8403));
#8395 = ORIENTED_EDGE('',*,*,#8396,.F.);
#8396 = EDGE_CURVE('',#3044,#3357,#8397,.T.);
#8397 = LINE('',#8398,#8399);
#8398 = CARTESIAN_POINT('',(26.45,-22.18,46.5));
#8399 = VECTOR('',#8400,1.);
#8400 = DIRECTION('',(-7.E-17,1.,-2.22044604925E-16));
#8401 = ORIENTED_EDGE('',*,*,#3043,.T.);
#8402 = ORIENTED_EDGE('',*,*,#8396,.T.);
#8403 = ORIENTED_EDGE('',*,*,#3356,.F.);
#8404 = CYLINDRICAL_SURFACE('',#8405,1.45);
#8405 = AXIS2_PLACEMENT_3D('',#8406,#8407,#8408);
#8406 = CARTESIAN_POINT('',(25.,-22.18,46.5));
#8407 = DIRECTION('',(0.,1.,-2.22044604925E-16));
#8408 = DIRECTION('',(1.,-1.354472090043E-31,-6.1E-16));
#8409 = ADVANCED_FACE('',(#8410),#8421,.F.);
#8410 = FACE_BOUND('',#8411,.F.);
#8411 = EDGE_LOOP('',(#8412,#8418,#8419,#8420));
#8412 = ORIENTED_EDGE('',*,*,#8413,.F.);
#8413 = EDGE_CURVE('',#3055,#3368,#8414,.T.);
#8414 = LINE('',#8415,#8416);
#8415 = CARTESIAN_POINT('',(32.95,-22.18,52.8));
#8416 = VECTOR('',#8417,1.);
#8417 = DIRECTION('',(-7.E-17,1.,-2.22044604925E-16));
#8418 = ORIENTED_EDGE('',*,*,#3054,.T.);
#8419 = ORIENTED_EDGE('',*,*,#8413,.T.);
#8420 = ORIENTED_EDGE('',*,*,#3367,.F.);
#8421 = CYLINDRICAL_SURFACE('',#8422,1.45);
#8422 = AXIS2_PLACEMENT_3D('',#8423,#8424,#8425);
#8423 = CARTESIAN_POINT('',(31.5,-22.18,52.8));
#8424 = DIRECTION('',(0.,1.,-2.22044604925E-16));
#8425 = DIRECTION('',(1.,-1.354472090043E-31,-6.1E-16));
#8426 = ADVANCED_FACE('',(#8427),#8433,.T.);
#8427 = FACE_BOUND('',#8428,.T.);
#8428 = EDGE_LOOP('',(#8429,#8430,#8431,#8432));
#8429 = ORIENTED_EDGE('',*,*,#3104,.T.);
#8430 = ORIENTED_EDGE('',*,*,#3392,.T.);
#8431 = ORIENTED_EDGE('',*,*,#3409,.F.);
#8432 = ORIENTED_EDGE('',*,*,#7585,.F.);
#8433 = CYLINDRICAL_SURFACE('',#8434,2.);
#8434 = AXIS2_PLACEMENT_3D('',#8435,#8436,#8437);
#8435 = CARTESIAN_POINT('',(14.2,-17.18,7.));
#8436 = DIRECTION('',(0.,-1.,2.22044604925E-16));
#8437 = DIRECTION('',(3.9E-16,2.22044604925E-16,1.));
#8438 = ADVANCED_FACE('',(#8439),#8445,.T.);
#8439 = FACE_BOUND('',#8440,.T.);
#8440 = EDGE_LOOP('',(#8441,#8442,#8443,#8444));
#8441 = ORIENTED_EDGE('',*,*,#7838,.T.);
#8442 = ORIENTED_EDGE('',*,*,#3528,.T.);
#8443 = ORIENTED_EDGE('',*,*,#3709,.F.);
#8444 = ORIENTED_EDGE('',*,*,#3223,.F.);
#8445 = CYLINDRICAL_SURFACE('',#8446,2.);
#8446 = AXIS2_PLACEMENT_3D('',#8447,#8448,#8449);
#8447 = CARTESIAN_POINT('',(65.8,-17.18,7.));
#8448 = DIRECTION('',(0.,-1.,2.22044604925E-16));
#8449 = DIRECTION('',(1.2E-16,2.22044604925E-16,1.));
#8450 = ADVANCED_FACE('',(#8451),#8462,.T.);
#8451 = FACE_BOUND('',#8452,.T.);
#8452 = EDGE_LOOP('',(#8453,#8454,#8460,#8461));
#8453 = ORIENTED_EDGE('',*,*,#3866,.F.);
#8454 = ORIENTED_EDGE('',*,*,#8455,.T.);
#8455 = EDGE_CURVE('',#3859,#4896,#8456,.T.);
#8456 = LINE('',#8457,#8458);
#8457 = CARTESIAN_POINT('',(-52.8,22.18,46.576990950813));
#8458 = VECTOR('',#8459,1.);
#8459 = DIRECTION('',(0.,-1.,2.22044604925E-16));
#8460 = ORIENTED_EDGE('',*,*,#4903,.T.);
#8461 = ORIENTED_EDGE('',*,*,#3791,.F.);
#8462 = PLANE('',#8463);
#8463 = AXIS2_PLACEMENT_3D('',#8464,#8465,#8466);
#8464 = CARTESIAN_POINT('',(-52.8,22.18,46.576990950813));
#8465 = DIRECTION('',(1.,-1.354472090043E-31,-6.1E-16));
#8466 = DIRECTION('',(-6.1E-16,-2.22044604925E-16,-1.));
#8467 = ADVANCED_FACE('',(#8468),#8479,.T.);
#8468 = FACE_BOUND('',#8469,.T.);
#8469 = EDGE_LOOP('',(#8470,#8471,#8472,#8473));
#8470 = ORIENTED_EDGE('',*,*,#3834,.F.);
#8471 = ORIENTED_EDGE('',*,*,#5077,.T.);
#8472 = ORIENTED_EDGE('',*,*,#4871,.T.);
#8473 = ORIENTED_EDGE('',*,*,#8474,.F.);
#8474 = EDGE_CURVE('',#3835,#4872,#8475,.T.);
#8475 = LINE('',#8476,#8477);
#8476 = CARTESIAN_POINT('',(-27.2,22.18,46.5));
#8477 = VECTOR('',#8478,1.);
#8478 = DIRECTION('',(0.,-1.,2.22044604925E-16));
#8479 = PLANE('',#8480);
#8480 = AXIS2_PLACEMENT_3D('',#8481,#8482,#8483);
#8481 = CARTESIAN_POINT('',(-27.2,22.18,4.));
#8482 = DIRECTION('',(-1.,1.354472090043E-31,6.1E-16));
#8483 = DIRECTION('',(6.1E-16,2.22044604925E-16,1.));
#8484 = ADVANCED_FACE('',(#8485),#8496,.T.);
#8485 = FACE_BOUND('',#8486,.T.);
#8486 = EDGE_LOOP('',(#8487,#8488,#8489,#8495));
#8487 = ORIENTED_EDGE('',*,*,#8474,.T.);
#8488 = ORIENTED_EDGE('',*,*,#4879,.T.);
#8489 = ORIENTED_EDGE('',*,*,#8490,.F.);
#8490 = EDGE_CURVE('',#3843,#4880,#8491,.T.);
#8491 = LINE('',#8492,#8493);
#8492 = CARTESIAN_POINT('',(-30.2,22.18,50.5));
#8493 = VECTOR('',#8494,1.);
#8494 = DIRECTION('',(0.,-1.,2.22044604925E-16));
#8495 = ORIENTED_EDGE('',*,*,#3842,.F.);
#8496 = PLANE('',#8497);
#8497 = AXIS2_PLACEMENT_3D('',#8498,#8499,#8500);
#8498 = CARTESIAN_POINT('',(-27.2,22.18,46.5));
#8499 = DIRECTION('',(-0.8,-1.33226762955E-16,-0.6));
#8500 = DIRECTION('',(-0.6,1.7763568394E-16,0.8));
#8501 = ADVANCED_FACE('',(#8502),#8513,.T.);
#8502 = FACE_BOUND('',#8503,.T.);
#8503 = EDGE_LOOP('',(#8504,#8505,#8506,#8512));
#8504 = ORIENTED_EDGE('',*,*,#8490,.T.);
#8505 = ORIENTED_EDGE('',*,*,#4887,.T.);
#8506 = ORIENTED_EDGE('',*,*,#8507,.F.);
#8507 = EDGE_CURVE('',#3851,#4888,#8508,.T.);
#8508 = LINE('',#8509,#8510);
#8509 = CARTESIAN_POINT('',(-49.7,22.18,50.5));
#8510 = VECTOR('',#8511,1.);
#8511 = DIRECTION('',(0.,-1.,2.22044604925E-16));
#8512 = ORIENTED_EDGE('',*,*,#3850,.F.);
#8513 = PLANE('',#8514);
#8514 = AXIS2_PLACEMENT_3D('',#8515,#8516,#8517);
#8515 = CARTESIAN_POINT('',(-30.2,22.18,50.5));
#8516 = DIRECTION('',(-6.1E-16,-2.22044604925E-16,-1.));
#8517 = DIRECTION('',(-1.,1.354472090043E-31,6.1E-16));
#8518 = ADVANCED_FACE('',(#8519),#8525,.T.);
#8519 = FACE_BOUND('',#8520,.T.);
#8520 = EDGE_LOOP('',(#8521,#8522,#8523,#8524));
#8521 = ORIENTED_EDGE('',*,*,#8507,.T.);
#8522 = ORIENTED_EDGE('',*,*,#4895,.T.);
#8523 = ORIENTED_EDGE('',*,*,#8455,.F.);
#8524 = ORIENTED_EDGE('',*,*,#3858,.F.);
#8525 = PLANE('',#8526);
#8526 = AXIS2_PLACEMENT_3D('',#8527,#8528,#8529);
#8527 = CARTESIAN_POINT('',(-49.7,22.18,50.5));
#8528 = DIRECTION('',(0.784601809837,-1.376676550536E-16,-0.62));
#8529 = DIRECTION('',(-0.62,-1.742165988888E-16,-0.784601809837));
#8530 = ADVANCED_FACE('',(#8531,#8556,#8567,#8578),#8589,.T.);
#8531 = FACE_BOUND('',#8532,.T.);
#8532 = EDGE_LOOP('',(#8533,#8534,#8540,#8541,#8542,#8543,#8549,#8550));
#8533 = ORIENTED_EDGE('',*,*,#4736,.T.);
#8534 = ORIENTED_EDGE('',*,*,#8535,.F.);
#8535 = EDGE_CURVE('',#3883,#4737,#8536,.T.);
#8536 = LINE('',#8537,#8538);
#8537 = CARTESIAN_POINT('',(-59.8,22.18,9.));
#8538 = VECTOR('',#8539,1.);
#8539 = DIRECTION('',(0.,-1.,2.22044604925E-16));
#8540 = ORIENTED_EDGE('',*,*,#3882,.F.);
#8541 = ORIENTED_EDGE('',*,*,#4104,.F.);
#8542 = ORIENTED_EDGE('',*,*,#4177,.T.);
#8543 = ORIENTED_EDGE('',*,*,#8544,.F.);
#8544 = EDGE_CURVE('',#4432,#4178,#8545,.T.);
#8545 = LINE('',#8546,#8547);
#8546 = CARTESIAN_POINT('',(-59.8,58.18,9.));
#8547 = VECTOR('',#8548,1.);
#8548 = DIRECTION('',(0.,-1.,2.22044604925E-16));
#8549 = ORIENTED_EDGE('',*,*,#4431,.F.);
#8550 = ORIENTED_EDGE('',*,*,#8551,.T.);
#8551 = EDGE_CURVE('',#4423,#4728,#8552,.T.);
#8552 = LINE('',#8553,#8554);
#8553 = CARTESIAN_POINT('',(-65.8,58.18,9.));
#8554 = VECTOR('',#8555,1.);
#8555 = DIRECTION('',(0.,-1.,2.22044604925E-16));
#8556 = FACE_BOUND('',#8557,.T.);
#8557 = EDGE_LOOP('',(#8558));
#8558 = ORIENTED_EDGE('',*,*,#8559,.T.);
#8559 = EDGE_CURVE('',#8560,#8560,#8562,.T.);
#8560 = VERTEX_POINT('',#8561);
#8561 = CARTESIAN_POINT('',(-62.05,55.68,9.));
#8562 = CIRCLE('',#8563,1.45);
#8563 = AXIS2_PLACEMENT_3D('',#8564,#8565,#8566);
#8564 = CARTESIAN_POINT('',(-63.5,55.68,9.));
#8565 = DIRECTION('',(-4.9E-16,-2.044604925031E-18,-1.));
#8566 = DIRECTION('',(1.,-1.088018564133E-31,-4.9E-16));
#8567 = FACE_BOUND('',#8568,.T.);
#8568 = EDGE_LOOP('',(#8569));
#8569 = ORIENTED_EDGE('',*,*,#8570,.T.);
#8570 = EDGE_CURVE('',#8571,#8571,#8573,.T.);
#8571 = VERTEX_POINT('',#8572);
#8572 = CARTESIAN_POINT('',(-62.05,37.18,9.));
#8573 = CIRCLE('',#8574,1.45);
#8574 = AXIS2_PLACEMENT_3D('',#8575,#8576,#8577);
#8575 = CARTESIAN_POINT('',(-63.5,37.18,9.));
#8576 = DIRECTION('',(-2.4E-16,-2.044604925031E-18,-1.));
#8577 = DIRECTION('',(1.,-5.329070518201E-32,-2.4E-16));
#8578 = FACE_BOUND('',#8579,.T.);
#8579 = EDGE_LOOP('',(#8580));
#8580 = ORIENTED_EDGE('',*,*,#8581,.T.);
#8581 = EDGE_CURVE('',#8582,#8582,#8584,.T.);
#8582 = VERTEX_POINT('',#8583);
#8583 = CARTESIAN_POINT('',(-62.05,19.68,9.));
#8584 = CIRCLE('',#8585,1.45);
#8585 = AXIS2_PLACEMENT_3D('',#8586,#8587,#8588);
#8586 = CARTESIAN_POINT('',(-63.5,19.68,9.));
#8587 = DIRECTION('',(-4.9E-16,-2.044604925031E-18,-1.));
#8588 = DIRECTION('',(1.,-1.088018564133E-31,-4.9E-16));
#8589 = PLANE('',#8590);
#8590 = AXIS2_PLACEMENT_3D('',#8591,#8592,#8593);
#8591 = CARTESIAN_POINT('',(-63.27969924812,37.68,9.));
#8592 = DIRECTION('',(3.9E-16,2.22044604925E-16,1.));
#8593 = DIRECTION('',(-1.,8.659739592076E-32,3.9E-16));
#8594 = ADVANCED_FACE('',(#8595),#8606,.F.);
#8595 = FACE_BOUND('',#8596,.F.);
#8596 = EDGE_LOOP('',(#8597,#8603,#8604,#8605));
#8597 = ORIENTED_EDGE('',*,*,#8598,.T.);
#8598 = EDGE_CURVE('',#3891,#4745,#8599,.T.);
#8599 = LINE('',#8600,#8601);
#8600 = CARTESIAN_POINT('',(-57.8,22.18,11.));
#8601 = VECTOR('',#8602,1.);
#8602 = DIRECTION('',(0.,-1.,2.22044604925E-16));
#8603 = ORIENTED_EDGE('',*,*,#4744,.T.);
#8604 = ORIENTED_EDGE('',*,*,#8535,.F.);
#8605 = ORIENTED_EDGE('',*,*,#3890,.F.);
#8606 = CYLINDRICAL_SURFACE('',#8607,2.);
#8607 = AXIS2_PLACEMENT_3D('',#8608,#8609,#8610);
#8608 = CARTESIAN_POINT('',(-59.8,22.18,11.));
#8609 = DIRECTION('',(0.,-1.,2.22044604925E-16));
#8610 = DIRECTION('',(1.,-1.354472090043E-31,-6.1E-16));
#8611 = ADVANCED_FACE('',(#8612),#8623,.T.);
#8612 = FACE_BOUND('',#8613,.T.);
#8613 = EDGE_LOOP('',(#8614,#8615,#8616,#8617));
#8614 = ORIENTED_EDGE('',*,*,#3899,.F.);
#8615 = ORIENTED_EDGE('',*,*,#8598,.T.);
#8616 = ORIENTED_EDGE('',*,*,#4753,.T.);
#8617 = ORIENTED_EDGE('',*,*,#8618,.F.);
#8618 = EDGE_CURVE('',#3900,#4754,#8619,.T.);
#8619 = LINE('',#8620,#8621);
#8620 = CARTESIAN_POINT('',(-57.8,22.18,48.376273101108));
#8621 = VECTOR('',#8622,1.);
#8622 = DIRECTION('',(0.,-1.,2.22044604925E-16));
#8623 = PLANE('',#8624);
#8624 = AXIS2_PLACEMENT_3D('',#8625,#8626,#8627);
#8625 = CARTESIAN_POINT('',(-57.8,22.18,9.));
#8626 = DIRECTION('',(-1.,1.354472090043E-31,6.1E-16));
#8627 = DIRECTION('',(6.1E-16,2.22044604925E-16,1.));
#8628 = ADVANCED_FACE('',(#8629),#8640,.T.);
#8629 = FACE_BOUND('',#8630,.T.);
#8630 = EDGE_LOOP('',(#8631,#8632,#8633,#8639));
#8631 = ORIENTED_EDGE('',*,*,#8618,.T.);
#8632 = ORIENTED_EDGE('',*,*,#4761,.T.);
#8633 = ORIENTED_EDGE('',*,*,#8634,.F.);
#8634 = EDGE_CURVE('',#3908,#4762,#8635,.T.);
#8635 = LINE('',#8636,#8637);
#8636 = CARTESIAN_POINT('',(-57.04436342696,22.18,50.366959617789));
#8637 = VECTOR('',#8638,1.);
#8638 = DIRECTION('',(0.,-1.,2.22044604925E-16));
#8639 = ORIENTED_EDGE('',*,*,#3907,.F.);
#8640 = CYLINDRICAL_SURFACE('',#8641,3.);
#8641 = AXIS2_PLACEMENT_3D('',#8642,#8643,#8644);
#8642 = CARTESIAN_POINT('',(-54.8,22.18,48.376273101108));
#8643 = DIRECTION('',(0.,-1.,2.22044604925E-16));
#8644 = DIRECTION('',(-1.,1.354472090043E-31,6.1E-16));
#8645 = ADVANCED_FACE('',(#8646),#8657,.T.);
#8646 = FACE_BOUND('',#8647,.T.);
#8647 = EDGE_LOOP('',(#8648,#8649,#8650,#8651));
#8648 = ORIENTED_EDGE('',*,*,#3916,.F.);
#8649 = ORIENTED_EDGE('',*,*,#8634,.T.);
#8650 = ORIENTED_EDGE('',*,*,#4770,.T.);
#8651 = ORIENTED_EDGE('',*,*,#8652,.F.);
#8652 = EDGE_CURVE('',#3917,#4771,#8653,.T.);
#8653 = LINE('',#8654,#8655);
#8654 = CARTESIAN_POINT('',(-53.38673497095,22.18,54.490686516681));
#8655 = VECTOR('',#8656,1.);
#8656 = DIRECTION('',(0.,-1.,2.22044604925E-16));
#8657 = PLANE('',#8658);
#8658 = AXIS2_PLACEMENT_3D('',#8659,#8660,#8661);
#8659 = CARTESIAN_POINT('',(-57.8,22.18,49.515030861361));
#8660 = DIRECTION('',(-0.748121142322,1.473404003754E-16,0.663562172227)
  );
#8661 = DIRECTION('',(0.663562172227,1.66116263483E-16,0.748121142322));
#8662 = ADVANCED_FACE('',(#8663),#8674,.T.);
#8663 = FACE_BOUND('',#8664,.T.);
#8664 = EDGE_LOOP('',(#8665,#8666,#8667,#8673));
#8665 = ORIENTED_EDGE('',*,*,#8652,.T.);
#8666 = ORIENTED_EDGE('',*,*,#4778,.T.);
#8667 = ORIENTED_EDGE('',*,*,#8668,.F.);
#8668 = EDGE_CURVE('',#3925,#4779,#8669,.T.);
#8669 = LINE('',#8670,#8671);
#8670 = CARTESIAN_POINT('',(-51.14237154399,22.18,55.5));
#8671 = VECTOR('',#8672,1.);
#8672 = DIRECTION('',(0.,-1.,2.22044604925E-16));
#8673 = ORIENTED_EDGE('',*,*,#3924,.F.);
#8674 = CYLINDRICAL_SURFACE('',#8675,3.);
#8675 = AXIS2_PLACEMENT_3D('',#8676,#8677,#8678);
#8676 = CARTESIAN_POINT('',(-51.14237154399,22.18,52.5));
#8677 = DIRECTION('',(0.,-1.,2.22044604925E-16));
#8678 = DIRECTION('',(-0.748121142322,1.473404003754E-16,0.663562172227)
  );
#8679 = ADVANCED_FACE('',(#8680),#8691,.T.);
#8680 = FACE_BOUND('',#8681,.T.);
#8681 = EDGE_LOOP('',(#8682,#8683,#8684,#8685));
#8682 = ORIENTED_EDGE('',*,*,#3933,.F.);
#8683 = ORIENTED_EDGE('',*,*,#8668,.T.);
#8684 = ORIENTED_EDGE('',*,*,#4787,.T.);
#8685 = ORIENTED_EDGE('',*,*,#8686,.F.);
#8686 = EDGE_CURVE('',#3934,#4788,#8687,.T.);
#8687 = LINE('',#8688,#8689);
#8688 = CARTESIAN_POINT('',(-28.84575131107,22.18,55.5));
#8689 = VECTOR('',#8690,1.);
#8690 = DIRECTION('',(0.,-1.,2.22044604925E-16));
#8691 = PLANE('',#8692);
#8692 = AXIS2_PLACEMENT_3D('',#8693,#8694,#8695);
#8693 = CARTESIAN_POINT('',(-52.49150262212,22.18,55.5));
#8694 = DIRECTION('',(6.1E-16,2.22044604925E-16,1.));
#8695 = DIRECTION('',(1.,-1.354472090043E-31,-6.1E-16));
#8696 = ADVANCED_FACE('',(#8697),#8708,.T.);
#8697 = FACE_BOUND('',#8698,.T.);
#8698 = EDGE_LOOP('',(#8699,#8700,#8701,#8702));
#8699 = ORIENTED_EDGE('',*,*,#3941,.T.);
#8700 = ORIENTED_EDGE('',*,*,#8686,.T.);
#8701 = ORIENTED_EDGE('',*,*,#4795,.F.);
#8702 = ORIENTED_EDGE('',*,*,#8703,.F.);
#8703 = EDGE_CURVE('',#3942,#4796,#8704,.T.);
#8704 = LINE('',#8705,#8706);
#8705 = CARTESIAN_POINT('',(-26.59575131107,22.18,54.484313483298));
#8706 = VECTOR('',#8707,1.);
#8707 = DIRECTION('',(0.,-1.,2.22044604925E-16));
#8708 = CYLINDRICAL_SURFACE('',#8709,3.);
#8709 = AXIS2_PLACEMENT_3D('',#8710,#8711,#8712);
#8710 = CARTESIAN_POINT('',(-28.84575131107,22.18,52.5));
#8711 = DIRECTION('',(0.,-1.,2.22044604925E-16));
#8712 = DIRECTION('',(0.75,1.468687011488E-16,0.661437827766));
#8713 = ADVANCED_FACE('',(#8714),#8725,.T.);
#8714 = FACE_BOUND('',#8715,.T.);
#8715 = EDGE_LOOP('',(#8716,#8717,#8718,#8719));
#8716 = ORIENTED_EDGE('',*,*,#3950,.F.);
#8717 = ORIENTED_EDGE('',*,*,#8703,.T.);
#8718 = ORIENTED_EDGE('',*,*,#4804,.T.);
#8719 = ORIENTED_EDGE('',*,*,#8720,.F.);
#8720 = EDGE_CURVE('',#3951,#4805,#8721,.T.);
#8721 = LINE('',#8722,#8723);
#8722 = CARTESIAN_POINT('',(-22.95,22.18,50.350420064271));
#8723 = VECTOR('',#8724,1.);
#8724 = DIRECTION('',(0.,-1.,2.22044604925E-16));
#8725 = PLANE('',#8726);
#8726 = AXIS2_PLACEMENT_3D('',#8727,#8728,#8729);
#8727 = CARTESIAN_POINT('',(-27.49150262213,22.18,55.5));
#8728 = DIRECTION('',(0.75,1.468687011488E-16,0.661437827766));
#8729 = DIRECTION('',(0.661437827766,-1.665334536938E-16,-0.75));
#8730 = ADVANCED_FACE('',(#8731),#8742,.T.);
#8731 = FACE_BOUND('',#8732,.T.);
#8732 = EDGE_LOOP('',(#8733,#8734,#8735,#8736));
#8733 = ORIENTED_EDGE('',*,*,#3958,.T.);
#8734 = ORIENTED_EDGE('',*,*,#8720,.T.);
#8735 = ORIENTED_EDGE('',*,*,#4812,.F.);
#8736 = ORIENTED_EDGE('',*,*,#8737,.F.);
#8737 = EDGE_CURVE('',#3959,#4813,#8738,.T.);
#8738 = LINE('',#8739,#8740);
#8739 = CARTESIAN_POINT('',(-22.2,22.18,48.366106580972));
#8740 = VECTOR('',#8741,1.);
#8741 = DIRECTION('',(0.,-1.,2.22044604925E-16));
#8742 = CYLINDRICAL_SURFACE('',#8743,3.);
#8743 = AXIS2_PLACEMENT_3D('',#8744,#8745,#8746);
#8744 = CARTESIAN_POINT('',(-25.2,22.18,48.366106580972));
#8745 = DIRECTION('',(0.,-1.,2.22044604925E-16));
#8746 = DIRECTION('',(1.,-1.354472090043E-31,-6.1E-16));
#8747 = ADVANCED_FACE('',(#8748),#8759,.T.);
#8748 = FACE_BOUND('',#8749,.T.);
#8749 = EDGE_LOOP('',(#8750,#8751,#8752,#8753));
#8750 = ORIENTED_EDGE('',*,*,#3967,.F.);
#8751 = ORIENTED_EDGE('',*,*,#8737,.T.);
#8752 = ORIENTED_EDGE('',*,*,#4821,.T.);
#8753 = ORIENTED_EDGE('',*,*,#8754,.F.);
#8754 = EDGE_CURVE('',#3968,#4822,#8755,.T.);
#8755 = LINE('',#8756,#8757);
#8756 = CARTESIAN_POINT('',(-22.2,22.18,11.));
#8757 = VECTOR('',#8758,1.);
#8758 = DIRECTION('',(0.,-1.,2.22044604925E-16));
#8759 = PLANE('',#8760);
#8760 = AXIS2_PLACEMENT_3D('',#8761,#8762,#8763);
#8761 = CARTESIAN_POINT('',(-22.2,22.18,49.5));
#8762 = DIRECTION('',(1.,-1.354472090043E-31,-6.1E-16));
#8763 = DIRECTION('',(-6.1E-16,-2.22044604925E-16,-1.));
#8764 = ADVANCED_FACE('',(#8765),#8776,.F.);
#8765 = FACE_BOUND('',#8766,.F.);
#8766 = EDGE_LOOP('',(#8767,#8773,#8774,#8775));
#8767 = ORIENTED_EDGE('',*,*,#8768,.T.);
#8768 = EDGE_CURVE('',#3976,#4830,#8769,.T.);
#8769 = LINE('',#8770,#8771);
#8770 = CARTESIAN_POINT('',(-20.2,22.18,9.));
#8771 = VECTOR('',#8772,1.);
#8772 = DIRECTION('',(0.,-1.,2.22044604925E-16));
#8773 = ORIENTED_EDGE('',*,*,#4829,.T.);
#8774 = ORIENTED_EDGE('',*,*,#8754,.F.);
#8775 = ORIENTED_EDGE('',*,*,#3975,.F.);
#8776 = CYLINDRICAL_SURFACE('',#8777,2.);
#8777 = AXIS2_PLACEMENT_3D('',#8778,#8779,#8780);
#8778 = CARTESIAN_POINT('',(-20.2,22.18,11.));
#8779 = DIRECTION('',(0.,-1.,2.22044604925E-16));
#8780 = DIRECTION('',(-1.2E-16,-2.22044604925E-16,-1.));
#8781 = ADVANCED_FACE('',(#8782,#8802,#8822,#8842),#8862,.T.);
#8782 = FACE_BOUND('',#8783,.T.);
#8783 = EDGE_LOOP('',(#8784,#8785,#8791,#8792,#8798,#8799,#8800,#8801));
#8784 = ORIENTED_EDGE('',*,*,#4838,.T.);
#8785 = ORIENTED_EDGE('',*,*,#8786,.F.);
#8786 = EDGE_CURVE('',#4534,#4839,#8787,.T.);
#8787 = LINE('',#8788,#8789);
#8788 = CARTESIAN_POINT('',(-14.2,58.18,9.));
#8789 = VECTOR('',#8790,1.);
#8790 = DIRECTION('',(0.,-1.,2.22044604925E-16));
#8791 = ORIENTED_EDGE('',*,*,#4533,.F.);
#8792 = ORIENTED_EDGE('',*,*,#8793,.T.);
#8793 = EDGE_CURVE('',#4525,#4271,#8794,.T.);
#8794 = LINE('',#8795,#8796);
#8795 = CARTESIAN_POINT('',(-20.2,58.18,9.));
#8796 = VECTOR('',#8797,1.);
#8797 = DIRECTION('',(0.,-1.,2.22044604925E-16));
#8798 = ORIENTED_EDGE('',*,*,#4279,.T.);
#8799 = ORIENTED_EDGE('',*,*,#5061,.T.);
#8800 = ORIENTED_EDGE('',*,*,#3984,.F.);
#8801 = ORIENTED_EDGE('',*,*,#8768,.T.);
#8802 = FACE_BOUND('',#8803,.T.);
#8803 = EDGE_LOOP('',(#8804,#8815));
#8804 = ORIENTED_EDGE('',*,*,#8805,.F.);
#8805 = EDGE_CURVE('',#8806,#8808,#8810,.T.);
#8806 = VERTEX_POINT('',#8807);
#8807 = CARTESIAN_POINT('',(-17.95,55.68,9.));
#8808 = VERTEX_POINT('',#8809);
#8809 = CARTESIAN_POINT('',(-15.05,55.68,9.));
#8810 = CIRCLE('',#8811,1.45);
#8811 = AXIS2_PLACEMENT_3D('',#8812,#8813,#8814);
#8812 = CARTESIAN_POINT('',(-16.5,55.68,9.));
#8813 = DIRECTION('',(2.4E-16,2.044604925031E-18,1.));
#8814 = DIRECTION('',(-1.,5.329070518201E-32,2.4E-16));
#8815 = ORIENTED_EDGE('',*,*,#8816,.F.);
#8816 = EDGE_CURVE('',#8808,#8806,#8817,.T.);
#8817 = CIRCLE('',#8818,1.45);
#8818 = AXIS2_PLACEMENT_3D('',#8819,#8820,#8821);
#8819 = CARTESIAN_POINT('',(-16.5,55.68,9.));
#8820 = DIRECTION('',(2.4E-16,2.044604925031E-18,1.));
#8821 = DIRECTION('',(-1.,5.329070518201E-32,2.4E-16));
#8822 = FACE_BOUND('',#8823,.T.);
#8823 = EDGE_LOOP('',(#8824,#8835));
#8824 = ORIENTED_EDGE('',*,*,#8825,.F.);
#8825 = EDGE_CURVE('',#8826,#8828,#8830,.T.);
#8826 = VERTEX_POINT('',#8827);
#8827 = CARTESIAN_POINT('',(-17.95,19.68,9.));
#8828 = VERTEX_POINT('',#8829);
#8829 = CARTESIAN_POINT('',(-15.05,19.68,9.));
#8830 = CIRCLE('',#8831,1.45);
#8831 = AXIS2_PLACEMENT_3D('',#8832,#8833,#8834);
#8832 = CARTESIAN_POINT('',(-16.5,19.68,9.));
#8833 = DIRECTION('',(4.9E-16,2.044604925031E-18,1.));
#8834 = DIRECTION('',(-1.,1.088018564133E-31,4.9E-16));
#8835 = ORIENTED_EDGE('',*,*,#8836,.F.);
#8836 = EDGE_CURVE('',#8828,#8826,#8837,.T.);
#8837 = CIRCLE('',#8838,1.45);
#8838 = AXIS2_PLACEMENT_3D('',#8839,#8840,#8841);
#8839 = CARTESIAN_POINT('',(-16.5,19.68,9.));
#8840 = DIRECTION('',(4.9E-16,2.044604925031E-18,1.));
#8841 = DIRECTION('',(-1.,1.088018564133E-31,4.9E-16));
#8842 = FACE_BOUND('',#8843,.T.);
#8843 = EDGE_LOOP('',(#8844,#8855));
#8844 = ORIENTED_EDGE('',*,*,#8845,.F.);
#8845 = EDGE_CURVE('',#8846,#8848,#8850,.T.);
#8846 = VERTEX_POINT('',#8847);
#8847 = CARTESIAN_POINT('',(-17.95,37.18,9.));
#8848 = VERTEX_POINT('',#8849);
#8849 = CARTESIAN_POINT('',(-15.05,37.18,9.));
#8850 = CIRCLE('',#8851,1.45);
#8851 = AXIS2_PLACEMENT_3D('',#8852,#8853,#8854);
#8852 = CARTESIAN_POINT('',(-16.5,37.18,9.));
#8853 = DIRECTION('',(1.2E-16,2.044604925031E-18,1.));
#8854 = DIRECTION('',(-1.,2.6645352591E-32,1.2E-16));
#8855 = ORIENTED_EDGE('',*,*,#8856,.F.);
#8856 = EDGE_CURVE('',#8848,#8846,#8857,.T.);
#8857 = CIRCLE('',#8858,1.45);
#8858 = AXIS2_PLACEMENT_3D('',#8859,#8860,#8861);
#8859 = CARTESIAN_POINT('',(-16.5,37.18,9.));
#8860 = DIRECTION('',(1.2E-16,2.044604925031E-18,1.));
#8861 = DIRECTION('',(-1.,2.6645352591E-32,1.2E-16));
#8862 = PLANE('',#8863);
#8863 = AXIS2_PLACEMENT_3D('',#8864,#8865,#8866);
#8864 = CARTESIAN_POINT('',(-16.72030075188,37.68,9.));
#8865 = DIRECTION('',(1.2E-16,2.044604925031E-18,1.));
#8866 = DIRECTION('',(-0.,-1.,2.044604925031E-18));
#8867 = ADVANCED_FACE('',(#8868),#8879,.F.);
#8868 = FACE_BOUND('',#8869,.F.);
#8869 = EDGE_LOOP('',(#8870,#8871,#8877,#8878));
#8870 = ORIENTED_EDGE('',*,*,#4000,.F.);
#8871 = ORIENTED_EDGE('',*,*,#8872,.F.);
#8872 = EDGE_CURVE('',#4914,#4001,#8873,.T.);
#8873 = LINE('',#8874,#8875);
#8874 = CARTESIAN_POINT('',(-26.45,17.18,12.5));
#8875 = VECTOR('',#8876,1.);
#8876 = DIRECTION('',(7.E-17,1.,-2.22044604925E-16));
#8877 = ORIENTED_EDGE('',*,*,#4913,.F.);
#8878 = ORIENTED_EDGE('',*,*,#8872,.T.);
#8879 = CYLINDRICAL_SURFACE('',#8880,1.45);
#8880 = AXIS2_PLACEMENT_3D('',#8881,#8882,#8883);
#8881 = CARTESIAN_POINT('',(-25.,17.18,12.5));
#8882 = DIRECTION('',(0.,1.,-2.22044604925E-16));
#8883 = DIRECTION('',(-1.,5.329070518201E-32,2.4E-16));
#8884 = ADVANCED_FACE('',(#8885),#8896,.F.);
#8885 = FACE_BOUND('',#8886,.F.);
#8886 = EDGE_LOOP('',(#8887,#8888,#8894,#8895));
#8887 = ORIENTED_EDGE('',*,*,#4011,.F.);
#8888 = ORIENTED_EDGE('',*,*,#8889,.F.);
#8889 = EDGE_CURVE('',#4925,#4012,#8890,.T.);
#8890 = LINE('',#8891,#8892);
#8891 = CARTESIAN_POINT('',(-26.45,17.18,29.5));
#8892 = VECTOR('',#8893,1.);
#8893 = DIRECTION('',(7.E-17,1.,-2.22044604925E-16));
#8894 = ORIENTED_EDGE('',*,*,#4924,.F.);
#8895 = ORIENTED_EDGE('',*,*,#8889,.T.);
#8896 = CYLINDRICAL_SURFACE('',#8897,1.45);
#8897 = AXIS2_PLACEMENT_3D('',#8898,#8899,#8900);
#8898 = CARTESIAN_POINT('',(-25.,17.18,29.5));
#8899 = DIRECTION('',(0.,1.,-2.22044604925E-16));
#8900 = DIRECTION('',(-1.,5.329070518201E-32,2.4E-16));
#8901 = ADVANCED_FACE('',(#8902),#8913,.F.);
#8902 = FACE_BOUND('',#8903,.F.);
#8903 = EDGE_LOOP('',(#8904,#8910,#8911,#8912));
#8904 = ORIENTED_EDGE('',*,*,#8905,.F.);
#8905 = EDGE_CURVE('',#4936,#4023,#8906,.T.);
#8906 = LINE('',#8907,#8908);
#8907 = CARTESIAN_POINT('',(-53.55,17.18,12.5));
#8908 = VECTOR('',#8909,1.);
#8909 = DIRECTION('',(-7.E-17,1.,-2.22044604925E-16));
#8910 = ORIENTED_EDGE('',*,*,#4935,.T.);
#8911 = ORIENTED_EDGE('',*,*,#8905,.T.);
#8912 = ORIENTED_EDGE('',*,*,#4022,.F.);
#8913 = CYLINDRICAL_SURFACE('',#8914,1.45);
#8914 = AXIS2_PLACEMENT_3D('',#8915,#8916,#8917);
#8915 = CARTESIAN_POINT('',(-55.,17.18,12.5));
#8916 = DIRECTION('',(0.,1.,-2.22044604925E-16));
#8917 = DIRECTION('',(1.,-1.354472090043E-31,-6.1E-16));
#8918 = ADVANCED_FACE('',(#8919),#8930,.F.);
#8919 = FACE_BOUND('',#8920,.F.);
#8920 = EDGE_LOOP('',(#8921,#8927,#8928,#8929));
#8921 = ORIENTED_EDGE('',*,*,#8922,.F.);
#8922 = EDGE_CURVE('',#4947,#4034,#8923,.T.);
#8923 = LINE('',#8924,#8925);
#8924 = CARTESIAN_POINT('',(-53.55,17.18,29.5));
#8925 = VECTOR('',#8926,1.);
#8926 = DIRECTION('',(-7.E-17,1.,-2.22044604925E-16));
#8927 = ORIENTED_EDGE('',*,*,#4946,.T.);
#8928 = ORIENTED_EDGE('',*,*,#8922,.T.);
#8929 = ORIENTED_EDGE('',*,*,#4033,.F.);
#8930 = CYLINDRICAL_SURFACE('',#8931,1.45);
#8931 = AXIS2_PLACEMENT_3D('',#8932,#8933,#8934);
#8932 = CARTESIAN_POINT('',(-55.,17.18,29.5));
#8933 = DIRECTION('',(0.,1.,-2.22044604925E-16));
#8934 = DIRECTION('',(1.,-1.354472090043E-31,-6.1E-16));
#8935 = ADVANCED_FACE('',(#8936),#8947,.F.);
#8936 = FACE_BOUND('',#8937,.F.);
#8937 = EDGE_LOOP('',(#8938,#8939,#8945,#8946));
#8938 = ORIENTED_EDGE('',*,*,#4044,.F.);
#8939 = ORIENTED_EDGE('',*,*,#8940,.F.);
#8940 = EDGE_CURVE('',#4958,#4045,#8941,.T.);
#8941 = LINE('',#8942,#8943);
#8942 = CARTESIAN_POINT('',(-26.45,17.18,46.5));
#8943 = VECTOR('',#8944,1.);
#8944 = DIRECTION('',(7.E-17,1.,-2.22044604925E-16));
#8945 = ORIENTED_EDGE('',*,*,#4957,.F.);
#8946 = ORIENTED_EDGE('',*,*,#8940,.T.);
#8947 = CYLINDRICAL_SURFACE('',#8948,1.45);
#8948 = AXIS2_PLACEMENT_3D('',#8949,#8950,#8951);
#8949 = CARTESIAN_POINT('',(-25.,17.18,46.5));
#8950 = DIRECTION('',(0.,1.,-2.22044604925E-16));
#8951 = DIRECTION('',(-1.,5.329070518201E-32,2.4E-16));
#8952 = ADVANCED_FACE('',(#8953),#8964,.F.);
#8953 = FACE_BOUND('',#8954,.F.);
#8954 = EDGE_LOOP('',(#8955,#8956,#8962,#8963));
#8955 = ORIENTED_EDGE('',*,*,#4055,.F.);
#8956 = ORIENTED_EDGE('',*,*,#8957,.F.);
#8957 = EDGE_CURVE('',#4969,#4056,#8958,.T.);
#8958 = LINE('',#8959,#8960);
#8959 = CARTESIAN_POINT('',(-32.95,17.18,52.8));
#8960 = VECTOR('',#8961,1.);
#8961 = DIRECTION('',(7.E-17,1.,-2.22044604925E-16));
#8962 = ORIENTED_EDGE('',*,*,#4968,.F.);
#8963 = ORIENTED_EDGE('',*,*,#8957,.T.);
#8964 = CYLINDRICAL_SURFACE('',#8965,1.45);
#8965 = AXIS2_PLACEMENT_3D('',#8966,#8967,#8968);
#8966 = CARTESIAN_POINT('',(-31.5,17.18,52.8));
#8967 = DIRECTION('',(0.,1.,-2.22044604925E-16));
#8968 = DIRECTION('',(-1.,5.329070518201E-32,2.4E-16));
#8969 = ADVANCED_FACE('',(#8970),#8981,.F.);
#8970 = FACE_BOUND('',#8971,.F.);
#8971 = EDGE_LOOP('',(#8972,#8978,#8979,#8980));
#8972 = ORIENTED_EDGE('',*,*,#8973,.F.);
#8973 = EDGE_CURVE('',#4980,#4067,#8974,.T.);
#8974 = LINE('',#8975,#8976);
#8975 = CARTESIAN_POINT('',(-53.55,17.18,46.5));
#8976 = VECTOR('',#8977,1.);
#8977 = DIRECTION('',(-7.E-17,1.,-2.22044604925E-16));
#8978 = ORIENTED_EDGE('',*,*,#4979,.T.);
#8979 = ORIENTED_EDGE('',*,*,#8973,.T.);
#8980 = ORIENTED_EDGE('',*,*,#4066,.F.);
#8981 = CYLINDRICAL_SURFACE('',#8982,1.45);
#8982 = AXIS2_PLACEMENT_3D('',#8983,#8984,#8985);
#8983 = CARTESIAN_POINT('',(-55.,17.18,46.5));
#8984 = DIRECTION('',(0.,1.,-2.22044604925E-16));
#8985 = DIRECTION('',(1.,-1.354472090043E-31,-6.1E-16));
#8986 = ADVANCED_FACE('',(#8987),#8998,.F.);
#8987 = FACE_BOUND('',#8988,.F.);
#8988 = EDGE_LOOP('',(#8989,#8995,#8996,#8997));
#8989 = ORIENTED_EDGE('',*,*,#8990,.F.);
#8990 = EDGE_CURVE('',#4991,#4078,#8991,.T.);
#8991 = LINE('',#8992,#8993);
#8992 = CARTESIAN_POINT('',(-47.05,17.18,52.8));
#8993 = VECTOR('',#8994,1.);
#8994 = DIRECTION('',(-7.E-17,1.,-2.22044604925E-16));
#8995 = ORIENTED_EDGE('',*,*,#4990,.T.);
#8996 = ORIENTED_EDGE('',*,*,#8990,.T.);
#8997 = ORIENTED_EDGE('',*,*,#4077,.F.);
#8998 = CYLINDRICAL_SURFACE('',#8999,1.45);
#8999 = AXIS2_PLACEMENT_3D('',#9000,#9001,#9002);
#9000 = CARTESIAN_POINT('',(-48.5,17.18,52.8));
#9001 = DIRECTION('',(0.,1.,-2.22044604925E-16));
#9002 = DIRECTION('',(1.,-1.354472090043E-31,-6.1E-16));
#9003 = ADVANCED_FACE('',(#9004),#9015,.T.);
#9004 = FACE_BOUND('',#9005,.T.);
#9005 = EDGE_LOOP('',(#9006,#9007,#9008,#9009));
#9006 = ORIENTED_EDGE('',*,*,#4566,.F.);
#9007 = ORIENTED_EDGE('',*,*,#5043,.T.);
#9008 = ORIENTED_EDGE('',*,*,#4128,.T.);
#9009 = ORIENTED_EDGE('',*,*,#9010,.F.);
#9010 = EDGE_CURVE('',#4567,#4129,#9011,.T.);
#9011 = LINE('',#9012,#9013);
#9012 = CARTESIAN_POINT('',(-27.2,58.18,46.5));
#9013 = VECTOR('',#9014,1.);
#9014 = DIRECTION('',(0.,-1.,2.22044604925E-16));
#9015 = PLANE('',#9016);
#9016 = AXIS2_PLACEMENT_3D('',#9017,#9018,#9019);
#9017 = CARTESIAN_POINT('',(-27.2,58.18,4.));
#9018 = DIRECTION('',(-1.,5.329070518201E-32,2.4E-16));
#9019 = DIRECTION('',(2.4E-16,2.22044604925E-16,1.));
#9020 = ADVANCED_FACE('',(#9021),#9032,.T.);
#9021 = FACE_BOUND('',#9022,.T.);
#9022 = EDGE_LOOP('',(#9023,#9024,#9025,#9031));
#9023 = ORIENTED_EDGE('',*,*,#9010,.T.);
#9024 = ORIENTED_EDGE('',*,*,#4136,.T.);
#9025 = ORIENTED_EDGE('',*,*,#9026,.F.);
#9026 = EDGE_CURVE('',#4575,#4137,#9027,.T.);
#9027 = LINE('',#9028,#9029);
#9028 = CARTESIAN_POINT('',(-30.2,58.18,50.5));
#9029 = VECTOR('',#9030,1.);
#9030 = DIRECTION('',(0.,-1.,2.22044604925E-16));
#9031 = ORIENTED_EDGE('',*,*,#4574,.F.);
#9032 = PLANE('',#9033);
#9033 = AXIS2_PLACEMENT_3D('',#9034,#9035,#9036);
#9034 = CARTESIAN_POINT('',(-27.2,58.18,46.5));
#9035 = DIRECTION('',(-0.8,-1.33226762955E-16,-0.6));
#9036 = DIRECTION('',(-0.6,1.7763568394E-16,0.8));
#9037 = ADVANCED_FACE('',(#9038),#9049,.T.);
#9038 = FACE_BOUND('',#9039,.T.);
#9039 = EDGE_LOOP('',(#9040,#9041,#9042,#9048));
#9040 = ORIENTED_EDGE('',*,*,#9026,.T.);
#9041 = ORIENTED_EDGE('',*,*,#4144,.T.);
#9042 = ORIENTED_EDGE('',*,*,#9043,.F.);
#9043 = EDGE_CURVE('',#4583,#4145,#9044,.T.);
#9044 = LINE('',#9045,#9046);
#9045 = CARTESIAN_POINT('',(-49.7,58.18,50.5));
#9046 = VECTOR('',#9047,1.);
#9047 = DIRECTION('',(0.,-1.,2.22044604925E-16));
#9048 = ORIENTED_EDGE('',*,*,#4582,.F.);
#9049 = PLANE('',#9050);
#9050 = AXIS2_PLACEMENT_3D('',#9051,#9052,#9053);
#9051 = CARTESIAN_POINT('',(-30.2,58.18,50.5));
#9052 = DIRECTION('',(-2.4E-16,-2.22044604925E-16,-1.));
#9053 = DIRECTION('',(-1.,5.329070518201E-32,2.4E-16));
#9054 = ADVANCED_FACE('',(#9055),#9066,.T.);
#9055 = FACE_BOUND('',#9056,.T.);
#9056 = EDGE_LOOP('',(#9057,#9058,#9059,#9065));
#9057 = ORIENTED_EDGE('',*,*,#9043,.T.);
#9058 = ORIENTED_EDGE('',*,*,#4152,.T.);
#9059 = ORIENTED_EDGE('',*,*,#9060,.F.);
#9060 = EDGE_CURVE('',#4591,#4153,#9061,.T.);
#9061 = LINE('',#9062,#9063);
#9062 = CARTESIAN_POINT('',(-52.8,58.18,46.576990950813));
#9063 = VECTOR('',#9064,1.);
#9064 = DIRECTION('',(0.,-1.,2.22044604925E-16));
#9065 = ORIENTED_EDGE('',*,*,#4590,.F.);
#9066 = PLANE('',#9067);
#9067 = AXIS2_PLACEMENT_3D('',#9068,#9069,#9070);
#9068 = CARTESIAN_POINT('',(-49.7,58.18,50.5));
#9069 = DIRECTION('',(0.784601809837,-1.376676550536E-16,-0.62));
#9070 = DIRECTION('',(-0.62,-1.742165988888E-16,-0.784601809837));
#9071 = ADVANCED_FACE('',(#9072),#9078,.T.);
#9072 = FACE_BOUND('',#9073,.T.);
#9073 = EDGE_LOOP('',(#9074,#9075,#9076,#9077));
#9074 = ORIENTED_EDGE('',*,*,#4598,.F.);
#9075 = ORIENTED_EDGE('',*,*,#9060,.T.);
#9076 = ORIENTED_EDGE('',*,*,#4160,.T.);
#9077 = ORIENTED_EDGE('',*,*,#4398,.F.);
#9078 = PLANE('',#9079);
#9079 = AXIS2_PLACEMENT_3D('',#9080,#9081,#9082);
#9080 = CARTESIAN_POINT('',(-52.8,58.18,46.576990950813));
#9081 = DIRECTION('',(1.,-5.329070518201E-32,-2.4E-16));
#9082 = DIRECTION('',(-2.4E-16,-2.22044604925E-16,-1.));
#9083 = ADVANCED_FACE('',(#9084),#9095,.F.);
#9084 = FACE_BOUND('',#9085,.F.);
#9085 = EDGE_LOOP('',(#9086,#9087,#9093,#9094));
#9086 = ORIENTED_EDGE('',*,*,#4439,.T.);
#9087 = ORIENTED_EDGE('',*,*,#9088,.T.);
#9088 = EDGE_CURVE('',#4440,#4186,#9089,.T.);
#9089 = LINE('',#9090,#9091);
#9090 = CARTESIAN_POINT('',(-57.8,58.18,11.));
#9091 = VECTOR('',#9092,1.);
#9092 = DIRECTION('',(0.,-1.,2.22044604925E-16));
#9093 = ORIENTED_EDGE('',*,*,#4185,.F.);
#9094 = ORIENTED_EDGE('',*,*,#8544,.F.);
#9095 = CYLINDRICAL_SURFACE('',#9096,2.);
#9096 = AXIS2_PLACEMENT_3D('',#9097,#9098,#9099);
#9097 = CARTESIAN_POINT('',(-59.8,58.18,11.));
#9098 = DIRECTION('',(0.,-1.,2.22044604925E-16));
#9099 = DIRECTION('',(-3.9E-16,-2.22044604925E-16,-1.));
#9100 = ADVANCED_FACE('',(#9101),#9112,.T.);
#9101 = FACE_BOUND('',#9102,.T.);
#9102 = EDGE_LOOP('',(#9103,#9104,#9105,#9106));
#9103 = ORIENTED_EDGE('',*,*,#4448,.F.);
#9104 = ORIENTED_EDGE('',*,*,#9088,.T.);
#9105 = ORIENTED_EDGE('',*,*,#4194,.T.);
#9106 = ORIENTED_EDGE('',*,*,#9107,.F.);
#9107 = EDGE_CURVE('',#4449,#4195,#9108,.T.);
#9108 = LINE('',#9109,#9110);
#9109 = CARTESIAN_POINT('',(-57.8,58.18,48.376273101108));
#9110 = VECTOR('',#9111,1.);
#9111 = DIRECTION('',(0.,-1.,2.22044604925E-16));
#9112 = PLANE('',#9113);
#9113 = AXIS2_PLACEMENT_3D('',#9114,#9115,#9116);
#9114 = CARTESIAN_POINT('',(-57.8,58.18,9.));
#9115 = DIRECTION('',(-1.,5.329070518201E-32,2.4E-16));
#9116 = DIRECTION('',(2.4E-16,2.22044604925E-16,1.));
#9117 = ADVANCED_FACE('',(#9118),#9129,.T.);
#9118 = FACE_BOUND('',#9119,.T.);
#9119 = EDGE_LOOP('',(#9120,#9121,#9122,#9123));
#9120 = ORIENTED_EDGE('',*,*,#4456,.T.);
#9121 = ORIENTED_EDGE('',*,*,#9107,.T.);
#9122 = ORIENTED_EDGE('',*,*,#4202,.F.);
#9123 = ORIENTED_EDGE('',*,*,#9124,.F.);
#9124 = EDGE_CURVE('',#4457,#4203,#9125,.T.);
#9125 = LINE('',#9126,#9127);
#9126 = CARTESIAN_POINT('',(-57.04436342696,58.18,50.366959617789));
#9127 = VECTOR('',#9128,1.);
#9128 = DIRECTION('',(0.,-1.,2.22044604925E-16));
#9129 = CYLINDRICAL_SURFACE('',#9130,3.);
#9130 = AXIS2_PLACEMENT_3D('',#9131,#9132,#9133);
#9131 = CARTESIAN_POINT('',(-54.8,58.18,48.376273101108));
#9132 = DIRECTION('',(0.,-1.,2.22044604925E-16));
#9133 = DIRECTION('',(-0.748121142322,1.473404003754E-16,0.663562172227)
  );
#9134 = ADVANCED_FACE('',(#9135),#9146,.T.);
#9135 = FACE_BOUND('',#9136,.T.);
#9136 = EDGE_LOOP('',(#9137,#9138,#9139,#9140));
#9137 = ORIENTED_EDGE('',*,*,#4465,.F.);
#9138 = ORIENTED_EDGE('',*,*,#9124,.T.);
#9139 = ORIENTED_EDGE('',*,*,#4211,.T.);
#9140 = ORIENTED_EDGE('',*,*,#9141,.F.);
#9141 = EDGE_CURVE('',#4466,#4212,#9142,.T.);
#9142 = LINE('',#9143,#9144);
#9143 = CARTESIAN_POINT('',(-53.38673497095,58.18,54.490686516681));
#9144 = VECTOR('',#9145,1.);
#9145 = DIRECTION('',(0.,-1.,2.22044604925E-16));
#9146 = PLANE('',#9147);
#9147 = AXIS2_PLACEMENT_3D('',#9148,#9149,#9150);
#9148 = CARTESIAN_POINT('',(-57.8,58.18,49.515030861361));
#9149 = DIRECTION('',(-0.748121142322,1.473404003754E-16,0.663562172227)
  );
#9150 = DIRECTION('',(0.663562172227,1.66116263483E-16,0.748121142322));
#9151 = ADVANCED_FACE('',(#9152),#9163,.T.);
#9152 = FACE_BOUND('',#9153,.T.);
#9153 = EDGE_LOOP('',(#9154,#9155,#9156,#9157));
#9154 = ORIENTED_EDGE('',*,*,#4473,.T.);
#9155 = ORIENTED_EDGE('',*,*,#9141,.T.);
#9156 = ORIENTED_EDGE('',*,*,#4219,.F.);
#9157 = ORIENTED_EDGE('',*,*,#9158,.F.);
#9158 = EDGE_CURVE('',#4474,#4220,#9159,.T.);
#9159 = LINE('',#9160,#9161);
#9160 = CARTESIAN_POINT('',(-51.14237154399,58.18,55.5));
#9161 = VECTOR('',#9162,1.);
#9162 = DIRECTION('',(0.,-1.,2.22044604925E-16));
#9163 = CYLINDRICAL_SURFACE('',#9164,3.);
#9164 = AXIS2_PLACEMENT_3D('',#9165,#9166,#9167);
#9165 = CARTESIAN_POINT('',(-51.14237154399,58.18,52.5));
#9166 = DIRECTION('',(0.,-1.,2.22044604925E-16));
#9167 = DIRECTION('',(2.4E-16,2.22044604925E-16,1.));
#9168 = ADVANCED_FACE('',(#9169),#9180,.T.);
#9169 = FACE_BOUND('',#9170,.T.);
#9170 = EDGE_LOOP('',(#9171,#9172,#9173,#9174));
#9171 = ORIENTED_EDGE('',*,*,#4482,.F.);
#9172 = ORIENTED_EDGE('',*,*,#9158,.T.);
#9173 = ORIENTED_EDGE('',*,*,#4228,.T.);
#9174 = ORIENTED_EDGE('',*,*,#9175,.F.);
#9175 = EDGE_CURVE('',#4483,#4229,#9176,.T.);
#9176 = LINE('',#9177,#9178);
#9177 = CARTESIAN_POINT('',(-28.84575131107,58.18,55.5));
#9178 = VECTOR('',#9179,1.);
#9179 = DIRECTION('',(0.,-1.,2.22044604925E-16));
#9180 = PLANE('',#9181);
#9181 = AXIS2_PLACEMENT_3D('',#9182,#9183,#9184);
#9182 = CARTESIAN_POINT('',(-52.49150262212,58.18,55.5));
#9183 = DIRECTION('',(2.4E-16,2.22044604925E-16,1.));
#9184 = DIRECTION('',(1.,-5.329070518201E-32,-2.4E-16));
#9185 = ADVANCED_FACE('',(#9186),#9197,.T.);
#9186 = FACE_BOUND('',#9187,.T.);
#9187 = EDGE_LOOP('',(#9188,#9189,#9190,#9191));
#9188 = ORIENTED_EDGE('',*,*,#4490,.T.);
#9189 = ORIENTED_EDGE('',*,*,#9175,.T.);
#9190 = ORIENTED_EDGE('',*,*,#4236,.F.);
#9191 = ORIENTED_EDGE('',*,*,#9192,.F.);
#9192 = EDGE_CURVE('',#4491,#4237,#9193,.T.);
#9193 = LINE('',#9194,#9195);
#9194 = CARTESIAN_POINT('',(-26.59575131107,58.18,54.484313483298));
#9195 = VECTOR('',#9196,1.);
#9196 = DIRECTION('',(0.,-1.,2.22044604925E-16));
#9197 = CYLINDRICAL_SURFACE('',#9198,3.);
#9198 = AXIS2_PLACEMENT_3D('',#9199,#9200,#9201);
#9199 = CARTESIAN_POINT('',(-28.84575131107,58.18,52.5));
#9200 = DIRECTION('',(0.,-1.,2.22044604925E-16));
#9201 = DIRECTION('',(0.75,1.468687011488E-16,0.661437827766));
#9202 = ADVANCED_FACE('',(#9203),#9214,.T.);
#9203 = FACE_BOUND('',#9204,.T.);
#9204 = EDGE_LOOP('',(#9205,#9206,#9207,#9208));
#9205 = ORIENTED_EDGE('',*,*,#4499,.F.);
#9206 = ORIENTED_EDGE('',*,*,#9192,.T.);
#9207 = ORIENTED_EDGE('',*,*,#4245,.T.);
#9208 = ORIENTED_EDGE('',*,*,#9209,.F.);
#9209 = EDGE_CURVE('',#4500,#4246,#9210,.T.);
#9210 = LINE('',#9211,#9212);
#9211 = CARTESIAN_POINT('',(-22.95,58.18,50.350420064271));
#9212 = VECTOR('',#9213,1.);
#9213 = DIRECTION('',(0.,-1.,2.22044604925E-16));
#9214 = PLANE('',#9215);
#9215 = AXIS2_PLACEMENT_3D('',#9216,#9217,#9218);
#9216 = CARTESIAN_POINT('',(-27.49150262213,58.18,55.5));
#9217 = DIRECTION('',(0.75,1.468687011488E-16,0.661437827766));
#9218 = DIRECTION('',(0.661437827766,-1.665334536938E-16,-0.75));
#9219 = ADVANCED_FACE('',(#9220),#9231,.T.);
#9220 = FACE_BOUND('',#9221,.T.);
#9221 = EDGE_LOOP('',(#9222,#9223,#9224,#9225));
#9222 = ORIENTED_EDGE('',*,*,#4507,.T.);
#9223 = ORIENTED_EDGE('',*,*,#9209,.T.);
#9224 = ORIENTED_EDGE('',*,*,#4253,.F.);
#9225 = ORIENTED_EDGE('',*,*,#9226,.F.);
#9226 = EDGE_CURVE('',#4508,#4254,#9227,.T.);
#9227 = LINE('',#9228,#9229);
#9228 = CARTESIAN_POINT('',(-22.2,58.18,48.366106580972));
#9229 = VECTOR('',#9230,1.);
#9230 = DIRECTION('',(0.,-1.,2.22044604925E-16));
#9231 = CYLINDRICAL_SURFACE('',#9232,3.);
#9232 = AXIS2_PLACEMENT_3D('',#9233,#9234,#9235);
#9233 = CARTESIAN_POINT('',(-25.2,58.18,48.366106580972));
#9234 = DIRECTION('',(0.,-1.,2.22044604925E-16));
#9235 = DIRECTION('',(1.,-5.329070518201E-32,-2.4E-16));
#9236 = ADVANCED_FACE('',(#9237),#9248,.T.);
#9237 = FACE_BOUND('',#9238,.T.);
#9238 = EDGE_LOOP('',(#9239,#9240,#9241,#9242));
#9239 = ORIENTED_EDGE('',*,*,#4516,.F.);
#9240 = ORIENTED_EDGE('',*,*,#9226,.T.);
#9241 = ORIENTED_EDGE('',*,*,#4262,.T.);
#9242 = ORIENTED_EDGE('',*,*,#9243,.F.);
#9243 = EDGE_CURVE('',#4517,#4263,#9244,.T.);
#9244 = LINE('',#9245,#9246);
#9245 = CARTESIAN_POINT('',(-22.2,58.18,11.));
#9246 = VECTOR('',#9247,1.);
#9247 = DIRECTION('',(0.,-1.,2.22044604925E-16));
#9248 = PLANE('',#9249);
#9249 = AXIS2_PLACEMENT_3D('',#9250,#9251,#9252);
#9250 = CARTESIAN_POINT('',(-22.2,58.18,49.5));
#9251 = DIRECTION('',(1.,-5.329070518201E-32,-2.4E-16));
#9252 = DIRECTION('',(-2.4E-16,-2.22044604925E-16,-1.));
#9253 = ADVANCED_FACE('',(#9254),#9260,.F.);
#9254 = FACE_BOUND('',#9255,.F.);
#9255 = EDGE_LOOP('',(#9256,#9257,#9258,#9259));
#9256 = ORIENTED_EDGE('',*,*,#8793,.T.);
#9257 = ORIENTED_EDGE('',*,*,#4270,.T.);
#9258 = ORIENTED_EDGE('',*,*,#9243,.F.);
#9259 = ORIENTED_EDGE('',*,*,#4524,.F.);
#9260 = CYLINDRICAL_SURFACE('',#9261,2.);
#9261 = AXIS2_PLACEMENT_3D('',#9262,#9263,#9264);
#9262 = CARTESIAN_POINT('',(-20.2,58.18,11.));
#9263 = DIRECTION('',(0.,-1.,2.22044604925E-16));
#9264 = DIRECTION('',(-1.2E-16,-2.22044604925E-16,-1.));
#9265 = ADVANCED_FACE('',(#9266),#9277,.F.);
#9266 = FACE_BOUND('',#9267,.F.);
#9267 = EDGE_LOOP('',(#9268,#9269,#9275,#9276));
#9268 = ORIENTED_EDGE('',*,*,#4608,.F.);
#9269 = ORIENTED_EDGE('',*,*,#9270,.F.);
#9270 = EDGE_CURVE('',#4296,#4609,#9271,.T.);
#9271 = LINE('',#9272,#9273);
#9272 = CARTESIAN_POINT('',(-26.45,53.18,12.5));
#9273 = VECTOR('',#9274,1.);
#9274 = DIRECTION('',(7.E-17,1.,-2.22044604925E-16));
#9275 = ORIENTED_EDGE('',*,*,#4295,.F.);
#9276 = ORIENTED_EDGE('',*,*,#9270,.T.);
#9277 = CYLINDRICAL_SURFACE('',#9278,1.45);
#9278 = AXIS2_PLACEMENT_3D('',#9279,#9280,#9281);
#9279 = CARTESIAN_POINT('',(-25.,53.18,12.5));
#9280 = DIRECTION('',(0.,1.,-2.22044604925E-16));
#9281 = DIRECTION('',(-1.,2.6645352591E-32,1.2E-16));
#9282 = ADVANCED_FACE('',(#9283),#9294,.F.);
#9283 = FACE_BOUND('',#9284,.F.);
#9284 = EDGE_LOOP('',(#9285,#9286,#9292,#9293));
#9285 = ORIENTED_EDGE('',*,*,#4619,.F.);
#9286 = ORIENTED_EDGE('',*,*,#9287,.F.);
#9287 = EDGE_CURVE('',#4307,#4620,#9288,.T.);
#9288 = LINE('',#9289,#9290);
#9289 = CARTESIAN_POINT('',(-26.45,53.18,29.5));
#9290 = VECTOR('',#9291,1.);
#9291 = DIRECTION('',(7.E-17,1.,-2.22044604925E-16));
#9292 = ORIENTED_EDGE('',*,*,#4306,.F.);
#9293 = ORIENTED_EDGE('',*,*,#9287,.T.);
#9294 = CYLINDRICAL_SURFACE('',#9295,1.45);
#9295 = AXIS2_PLACEMENT_3D('',#9296,#9297,#9298);
#9296 = CARTESIAN_POINT('',(-25.,53.18,29.5));
#9297 = DIRECTION('',(0.,1.,-2.22044604925E-16));
#9298 = DIRECTION('',(-1.,2.6645352591E-32,1.2E-16));
#9299 = ADVANCED_FACE('',(#9300),#9311,.F.);
#9300 = FACE_BOUND('',#9301,.F.);
#9301 = EDGE_LOOP('',(#9302,#9308,#9309,#9310));
#9302 = ORIENTED_EDGE('',*,*,#9303,.F.);
#9303 = EDGE_CURVE('',#4318,#4631,#9304,.T.);
#9304 = LINE('',#9305,#9306);
#9305 = CARTESIAN_POINT('',(-53.55,53.18,12.5));
#9306 = VECTOR('',#9307,1.);
#9307 = DIRECTION('',(-7.E-17,1.,-2.22044604925E-16));
#9308 = ORIENTED_EDGE('',*,*,#4317,.T.);
#9309 = ORIENTED_EDGE('',*,*,#9303,.T.);
#9310 = ORIENTED_EDGE('',*,*,#4630,.F.);
#9311 = CYLINDRICAL_SURFACE('',#9312,1.45);
#9312 = AXIS2_PLACEMENT_3D('',#9313,#9314,#9315);
#9313 = CARTESIAN_POINT('',(-55.,53.18,12.5));
#9314 = DIRECTION('',(0.,1.,-2.22044604925E-16));
#9315 = DIRECTION('',(1.,-1.354472090043E-31,-6.1E-16));
#9316 = ADVANCED_FACE('',(#9317),#9328,.F.);
#9317 = FACE_BOUND('',#9318,.F.);
#9318 = EDGE_LOOP('',(#9319,#9325,#9326,#9327));
#9319 = ORIENTED_EDGE('',*,*,#9320,.F.);
#9320 = EDGE_CURVE('',#4329,#4642,#9321,.T.);
#9321 = LINE('',#9322,#9323);
#9322 = CARTESIAN_POINT('',(-53.55,53.18,29.5));
#9323 = VECTOR('',#9324,1.);
#9324 = DIRECTION('',(-7.E-17,1.,-2.22044604925E-16));
#9325 = ORIENTED_EDGE('',*,*,#4328,.T.);
#9326 = ORIENTED_EDGE('',*,*,#9320,.T.);
#9327 = ORIENTED_EDGE('',*,*,#4641,.F.);
#9328 = CYLINDRICAL_SURFACE('',#9329,1.45);
#9329 = AXIS2_PLACEMENT_3D('',#9330,#9331,#9332);
#9330 = CARTESIAN_POINT('',(-55.,53.18,29.5));
#9331 = DIRECTION('',(0.,1.,-2.22044604925E-16));
#9332 = DIRECTION('',(1.,-1.354472090043E-31,-6.1E-16));
#9333 = ADVANCED_FACE('',(#9334),#9345,.F.);
#9334 = FACE_BOUND('',#9335,.F.);
#9335 = EDGE_LOOP('',(#9336,#9337,#9343,#9344));
#9336 = ORIENTED_EDGE('',*,*,#4652,.F.);
#9337 = ORIENTED_EDGE('',*,*,#9338,.F.);
#9338 = EDGE_CURVE('',#4340,#4653,#9339,.T.);
#9339 = LINE('',#9340,#9341);
#9340 = CARTESIAN_POINT('',(-26.45,53.18,46.5));
#9341 = VECTOR('',#9342,1.);
#9342 = DIRECTION('',(7.E-17,1.,-2.22044604925E-16));
#9343 = ORIENTED_EDGE('',*,*,#4339,.F.);
#9344 = ORIENTED_EDGE('',*,*,#9338,.T.);
#9345 = CYLINDRICAL_SURFACE('',#9346,1.45);
#9346 = AXIS2_PLACEMENT_3D('',#9347,#9348,#9349);
#9347 = CARTESIAN_POINT('',(-25.,53.18,46.5));
#9348 = DIRECTION('',(0.,1.,-2.22044604925E-16));
#9349 = DIRECTION('',(-1.,2.6645352591E-32,1.2E-16));
#9350 = ADVANCED_FACE('',(#9351),#9362,.F.);
#9351 = FACE_BOUND('',#9352,.F.);
#9352 = EDGE_LOOP('',(#9353,#9354,#9360,#9361));
#9353 = ORIENTED_EDGE('',*,*,#4663,.F.);
#9354 = ORIENTED_EDGE('',*,*,#9355,.F.);
#9355 = EDGE_CURVE('',#4351,#4664,#9356,.T.);
#9356 = LINE('',#9357,#9358);
#9357 = CARTESIAN_POINT('',(-32.95,53.18,52.8));
#9358 = VECTOR('',#9359,1.);
#9359 = DIRECTION('',(7.E-17,1.,-2.22044604925E-16));
#9360 = ORIENTED_EDGE('',*,*,#4350,.F.);
#9361 = ORIENTED_EDGE('',*,*,#9355,.T.);
#9362 = CYLINDRICAL_SURFACE('',#9363,1.45);
#9363 = AXIS2_PLACEMENT_3D('',#9364,#9365,#9366);
#9364 = CARTESIAN_POINT('',(-31.5,53.18,52.8));
#9365 = DIRECTION('',(0.,1.,-2.22044604925E-16));
#9366 = DIRECTION('',(-1.,2.6645352591E-32,1.2E-16));
#9367 = ADVANCED_FACE('',(#9368),#9379,.F.);
#9368 = FACE_BOUND('',#9369,.F.);
#9369 = EDGE_LOOP('',(#9370,#9376,#9377,#9378));
#9370 = ORIENTED_EDGE('',*,*,#9371,.F.);
#9371 = EDGE_CURVE('',#4362,#4675,#9372,.T.);
#9372 = LINE('',#9373,#9374);
#9373 = CARTESIAN_POINT('',(-53.55,53.18,46.5));
#9374 = VECTOR('',#9375,1.);
#9375 = DIRECTION('',(-7.E-17,1.,-2.22044604925E-16));
#9376 = ORIENTED_EDGE('',*,*,#4361,.T.);
#9377 = ORIENTED_EDGE('',*,*,#9371,.T.);
#9378 = ORIENTED_EDGE('',*,*,#4674,.F.);
#9379 = CYLINDRICAL_SURFACE('',#9380,1.45);
#9380 = AXIS2_PLACEMENT_3D('',#9381,#9382,#9383);
#9381 = CARTESIAN_POINT('',(-55.,53.18,46.5));
#9382 = DIRECTION('',(0.,1.,-2.22044604925E-16));
#9383 = DIRECTION('',(1.,-1.354472090043E-31,-6.1E-16));
#9384 = ADVANCED_FACE('',(#9385),#9396,.F.);
#9385 = FACE_BOUND('',#9386,.F.);
#9386 = EDGE_LOOP('',(#9387,#9393,#9394,#9395));
#9387 = ORIENTED_EDGE('',*,*,#9388,.F.);
#9388 = EDGE_CURVE('',#4373,#4686,#9389,.T.);
#9389 = LINE('',#9390,#9391);
#9390 = CARTESIAN_POINT('',(-47.05,53.18,52.8));
#9391 = VECTOR('',#9392,1.);
#9392 = DIRECTION('',(-7.E-17,1.,-2.22044604925E-16));
#9393 = ORIENTED_EDGE('',*,*,#4372,.T.);
#9394 = ORIENTED_EDGE('',*,*,#9388,.T.);
#9395 = ORIENTED_EDGE('',*,*,#4685,.F.);
#9396 = CYLINDRICAL_SURFACE('',#9397,1.45);
#9397 = AXIS2_PLACEMENT_3D('',#9398,#9399,#9400);
#9398 = CARTESIAN_POINT('',(-48.5,53.18,52.8));
#9399 = DIRECTION('',(0.,1.,-2.22044604925E-16));
#9400 = DIRECTION('',(1.,-1.354472090043E-31,-6.1E-16));
#9401 = ADVANCED_FACE('',(#9402),#9408,.T.);
#9402 = FACE_BOUND('',#9403,.T.);
#9403 = EDGE_LOOP('',(#9404,#9405,#9406,#9407));
#9404 = ORIENTED_EDGE('',*,*,#4422,.T.);
#9405 = ORIENTED_EDGE('',*,*,#4710,.T.);
#9406 = ORIENTED_EDGE('',*,*,#4727,.F.);
#9407 = ORIENTED_EDGE('',*,*,#8551,.F.);
#9408 = CYLINDRICAL_SURFACE('',#9409,2.);
#9409 = AXIS2_PLACEMENT_3D('',#9410,#9411,#9412);
#9410 = CARTESIAN_POINT('',(-65.8,58.18,7.));
#9411 = DIRECTION('',(0.,-1.,2.22044604925E-16));
#9412 = DIRECTION('',(3.9E-16,2.22044604925E-16,1.));
#9413 = ADVANCED_FACE('',(#9414),#9420,.T.);
#9414 = FACE_BOUND('',#9415,.T.);
#9415 = EDGE_LOOP('',(#9416,#9417,#9418,#9419));
#9416 = ORIENTED_EDGE('',*,*,#8786,.T.);
#9417 = ORIENTED_EDGE('',*,*,#4846,.T.);
#9418 = ORIENTED_EDGE('',*,*,#5027,.F.);
#9419 = ORIENTED_EDGE('',*,*,#4541,.F.);
#9420 = CYLINDRICAL_SURFACE('',#9421,2.);
#9421 = AXIS2_PLACEMENT_3D('',#9422,#9423,#9424);
#9422 = CARTESIAN_POINT('',(-14.2,58.18,7.));
#9423 = DIRECTION('',(0.,-1.,2.22044604925E-16));
#9424 = DIRECTION('',(1.2E-16,2.22044604925E-16,1.));
#9425 = ADVANCED_FACE('',(#9426),#9437,.T.);
#9426 = FACE_BOUND('',#9427,.T.);
#9427 = EDGE_LOOP('',(#9428,#9429,#9435,#9436));
#9428 = ORIENTED_EDGE('',*,*,#5184,.F.);
#9429 = ORIENTED_EDGE('',*,*,#9430,.T.);
#9430 = EDGE_CURVE('',#5177,#6214,#9431,.T.);
#9431 = LINE('',#9432,#9433);
#9432 = CARTESIAN_POINT('',(27.2,22.18,46.576990950813));
#9433 = VECTOR('',#9434,1.);
#9434 = DIRECTION('',(0.,-1.,2.22044604925E-16));
#9435 = ORIENTED_EDGE('',*,*,#6221,.T.);
#9436 = ORIENTED_EDGE('',*,*,#5109,.F.);
#9437 = PLANE('',#9438);
#9438 = AXIS2_PLACEMENT_3D('',#9439,#9440,#9441);
#9439 = CARTESIAN_POINT('',(27.2,22.18,46.576990950813));
#9440 = DIRECTION('',(1.,-1.354472090043E-31,-6.1E-16));
#9441 = DIRECTION('',(-6.1E-16,-2.22044604925E-16,-1.));
#9442 = ADVANCED_FACE('',(#9443),#9454,.T.);
#9443 = FACE_BOUND('',#9444,.T.);
#9444 = EDGE_LOOP('',(#9445,#9446,#9447,#9448));
#9445 = ORIENTED_EDGE('',*,*,#5152,.F.);
#9446 = ORIENTED_EDGE('',*,*,#6395,.T.);
#9447 = ORIENTED_EDGE('',*,*,#6189,.T.);
#9448 = ORIENTED_EDGE('',*,*,#9449,.F.);
#9449 = EDGE_CURVE('',#5153,#6190,#9450,.T.);
#9450 = LINE('',#9451,#9452);
#9451 = CARTESIAN_POINT('',(52.8,22.18,46.5));
#9452 = VECTOR('',#9453,1.);
#9453 = DIRECTION('',(0.,-1.,2.22044604925E-16));
#9454 = PLANE('',#9455);
#9455 = AXIS2_PLACEMENT_3D('',#9456,#9457,#9458);
#9456 = CARTESIAN_POINT('',(52.8,22.18,4.));
#9457 = DIRECTION('',(-1.,1.354472090043E-31,6.1E-16));
#9458 = DIRECTION('',(6.1E-16,2.22044604925E-16,1.));
#9459 = ADVANCED_FACE('',(#9460),#9471,.T.);
#9460 = FACE_BOUND('',#9461,.T.);
#9461 = EDGE_LOOP('',(#9462,#9463,#9464,#9470));
#9462 = ORIENTED_EDGE('',*,*,#9449,.T.);
#9463 = ORIENTED_EDGE('',*,*,#6197,.T.);
#9464 = ORIENTED_EDGE('',*,*,#9465,.F.);
#9465 = EDGE_CURVE('',#5161,#6198,#9466,.T.);
#9466 = LINE('',#9467,#9468);
#9467 = CARTESIAN_POINT('',(49.8,22.18,50.5));
#9468 = VECTOR('',#9469,1.);
#9469 = DIRECTION('',(0.,-1.,2.22044604925E-16));
#9470 = ORIENTED_EDGE('',*,*,#5160,.F.);
#9471 = PLANE('',#9472);
#9472 = AXIS2_PLACEMENT_3D('',#9473,#9474,#9475);
#9473 = CARTESIAN_POINT('',(52.8,22.18,46.5));
#9474 = DIRECTION('',(-0.8,-1.33226762955E-16,-0.6));
#9475 = DIRECTION('',(-0.6,1.7763568394E-16,0.8));
#9476 = ADVANCED_FACE('',(#9477),#9488,.T.);
#9477 = FACE_BOUND('',#9478,.T.);
#9478 = EDGE_LOOP('',(#9479,#9480,#9481,#9487));
#9479 = ORIENTED_EDGE('',*,*,#9465,.T.);
#9480 = ORIENTED_EDGE('',*,*,#6205,.T.);
#9481 = ORIENTED_EDGE('',*,*,#9482,.F.);
#9482 = EDGE_CURVE('',#5169,#6206,#9483,.T.);
#9483 = LINE('',#9484,#9485);
#9484 = CARTESIAN_POINT('',(30.3,22.18,50.5));
#9485 = VECTOR('',#9486,1.);
#9486 = DIRECTION('',(0.,-1.,2.22044604925E-16));
#9487 = ORIENTED_EDGE('',*,*,#5168,.F.);
#9488 = PLANE('',#9489);
#9489 = AXIS2_PLACEMENT_3D('',#9490,#9491,#9492);
#9490 = CARTESIAN_POINT('',(49.8,22.18,50.5));
#9491 = DIRECTION('',(-6.1E-16,-2.22044604925E-16,-1.));
#9492 = DIRECTION('',(-1.,1.354472090043E-31,6.1E-16));
#9493 = ADVANCED_FACE('',(#9494),#9500,.T.);
#9494 = FACE_BOUND('',#9495,.T.);
#9495 = EDGE_LOOP('',(#9496,#9497,#9498,#9499));
#9496 = ORIENTED_EDGE('',*,*,#9482,.T.);
#9497 = ORIENTED_EDGE('',*,*,#6213,.T.);
#9498 = ORIENTED_EDGE('',*,*,#9430,.F.);
#9499 = ORIENTED_EDGE('',*,*,#5176,.F.);
#9500 = PLANE('',#9501);
#9501 = AXIS2_PLACEMENT_3D('',#9502,#9503,#9504);
#9502 = CARTESIAN_POINT('',(30.3,22.18,50.5));
#9503 = DIRECTION('',(0.784601809837,-1.376676550536E-16,-0.62));
#9504 = DIRECTION('',(-0.62,-1.742165988888E-16,-0.784601809837));
#9505 = ADVANCED_FACE('',(#9506,#9531,#9551,#9571),#9591,.T.);
#9506 = FACE_BOUND('',#9507,.T.);
#9507 = EDGE_LOOP('',(#9508,#9509,#9515,#9516,#9517,#9518,#9524,#9525));
#9508 = ORIENTED_EDGE('',*,*,#6054,.T.);
#9509 = ORIENTED_EDGE('',*,*,#9510,.F.);
#9510 = EDGE_CURVE('',#5201,#6055,#9511,.T.);
#9511 = LINE('',#9512,#9513);
#9512 = CARTESIAN_POINT('',(20.2,22.18,9.));
#9513 = VECTOR('',#9514,1.);
#9514 = DIRECTION('',(0.,-1.,2.22044604925E-16));
#9515 = ORIENTED_EDGE('',*,*,#5200,.F.);
#9516 = ORIENTED_EDGE('',*,*,#5422,.F.);
#9517 = ORIENTED_EDGE('',*,*,#5495,.T.);
#9518 = ORIENTED_EDGE('',*,*,#9519,.F.);
#9519 = EDGE_CURVE('',#5750,#5496,#9520,.T.);
#9520 = LINE('',#9521,#9522);
#9521 = CARTESIAN_POINT('',(20.2,58.18,9.));
#9522 = VECTOR('',#9523,1.);
#9523 = DIRECTION('',(0.,-1.,2.22044604925E-16));
#9524 = ORIENTED_EDGE('',*,*,#5749,.F.);
#9525 = ORIENTED_EDGE('',*,*,#9526,.T.);
#9526 = EDGE_CURVE('',#5741,#6046,#9527,.T.);
#9527 = LINE('',#9528,#9529);
#9528 = CARTESIAN_POINT('',(14.2,58.18,9.));
#9529 = VECTOR('',#9530,1.);
#9530 = DIRECTION('',(0.,-1.,2.22044604925E-16));
#9531 = FACE_BOUND('',#9532,.T.);
#9532 = EDGE_LOOP('',(#9533,#9544));
#9533 = ORIENTED_EDGE('',*,*,#9534,.T.);
#9534 = EDGE_CURVE('',#9535,#9537,#9539,.T.);
#9535 = VERTEX_POINT('',#9536);
#9536 = CARTESIAN_POINT('',(17.95,55.68,9.));
#9537 = VERTEX_POINT('',#9538);
#9538 = CARTESIAN_POINT('',(15.05,55.68,9.));
#9539 = CIRCLE('',#9540,1.45);
#9540 = AXIS2_PLACEMENT_3D('',#9541,#9542,#9543);
#9541 = CARTESIAN_POINT('',(16.5,55.68,9.));
#9542 = DIRECTION('',(-4.9E-16,-2.044604925031E-18,-1.));
#9543 = DIRECTION('',(1.,-1.088018564133E-31,-4.9E-16));
#9544 = ORIENTED_EDGE('',*,*,#9545,.T.);
#9545 = EDGE_CURVE('',#9537,#9535,#9546,.T.);
#9546 = CIRCLE('',#9547,1.45);
#9547 = AXIS2_PLACEMENT_3D('',#9548,#9549,#9550);
#9548 = CARTESIAN_POINT('',(16.5,55.68,9.));
#9549 = DIRECTION('',(-4.9E-16,-2.044604925031E-18,-1.));
#9550 = DIRECTION('',(1.,-1.088018564133E-31,-4.9E-16));
#9551 = FACE_BOUND('',#9552,.T.);
#9552 = EDGE_LOOP('',(#9553,#9564));
#9553 = ORIENTED_EDGE('',*,*,#9554,.T.);
#9554 = EDGE_CURVE('',#9555,#9557,#9559,.T.);
#9555 = VERTEX_POINT('',#9556);
#9556 = CARTESIAN_POINT('',(17.95,37.18,9.));
#9557 = VERTEX_POINT('',#9558);
#9558 = CARTESIAN_POINT('',(15.05,37.18,9.));
#9559 = CIRCLE('',#9560,1.45);
#9560 = AXIS2_PLACEMENT_3D('',#9561,#9562,#9563);
#9561 = CARTESIAN_POINT('',(16.5,37.18,9.));
#9562 = DIRECTION('',(-2.4E-16,-2.044604925031E-18,-1.));
#9563 = DIRECTION('',(1.,-5.329070518201E-32,-2.4E-16));
#9564 = ORIENTED_EDGE('',*,*,#9565,.T.);
#9565 = EDGE_CURVE('',#9557,#9555,#9566,.T.);
#9566 = CIRCLE('',#9567,1.45);
#9567 = AXIS2_PLACEMENT_3D('',#9568,#9569,#9570);
#9568 = CARTESIAN_POINT('',(16.5,37.18,9.));
#9569 = DIRECTION('',(-2.4E-16,-2.044604925031E-18,-1.));
#9570 = DIRECTION('',(1.,-5.329070518201E-32,-2.4E-16));
#9571 = FACE_BOUND('',#9572,.T.);
#9572 = EDGE_LOOP('',(#9573,#9584));
#9573 = ORIENTED_EDGE('',*,*,#9574,.T.);
#9574 = EDGE_CURVE('',#9575,#9577,#9579,.T.);
#9575 = VERTEX_POINT('',#9576);
#9576 = CARTESIAN_POINT('',(17.95,19.68,9.));
#9577 = VERTEX_POINT('',#9578);
#9578 = CARTESIAN_POINT('',(15.05,19.68,9.));
#9579 = CIRCLE('',#9580,1.45);
#9580 = AXIS2_PLACEMENT_3D('',#9581,#9582,#9583);
#9581 = CARTESIAN_POINT('',(16.5,19.68,9.));
#9582 = DIRECTION('',(-4.9E-16,-2.044604925031E-18,-1.));
#9583 = DIRECTION('',(1.,-1.088018564133E-31,-4.9E-16));
#9584 = ORIENTED_EDGE('',*,*,#9585,.T.);
#9585 = EDGE_CURVE('',#9577,#9575,#9586,.T.);
#9586 = CIRCLE('',#9587,1.45);
#9587 = AXIS2_PLACEMENT_3D('',#9588,#9589,#9590);
#9588 = CARTESIAN_POINT('',(16.5,19.68,9.));
#9589 = DIRECTION('',(-4.9E-16,-2.044604925031E-18,-1.));
#9590 = DIRECTION('',(1.,-1.088018564133E-31,-4.9E-16));
#9591 = PLANE('',#9592);
#9592 = AXIS2_PLACEMENT_3D('',#9593,#9594,#9595);
#9593 = CARTESIAN_POINT('',(16.72030075188,37.68,9.));
#9594 = DIRECTION('',(3.9E-16,2.22044604925E-16,1.));
#9595 = DIRECTION('',(-1.,8.659739592076E-32,3.9E-16));
#9596 = ADVANCED_FACE('',(#9597),#9608,.F.);
#9597 = FACE_BOUND('',#9598,.F.);
#9598 = EDGE_LOOP('',(#9599,#9605,#9606,#9607));
#9599 = ORIENTED_EDGE('',*,*,#9600,.T.);
#9600 = EDGE_CURVE('',#5209,#6063,#9601,.T.);
#9601 = LINE('',#9602,#9603);
#9602 = CARTESIAN_POINT('',(22.2,22.18,11.));
#9603 = VECTOR('',#9604,1.);
#9604 = DIRECTION('',(0.,-1.,2.22044604925E-16));
#9605 = ORIENTED_EDGE('',*,*,#6062,.T.);
#9606 = ORIENTED_EDGE('',*,*,#9510,.F.);
#9607 = ORIENTED_EDGE('',*,*,#5208,.F.);
#9608 = CYLINDRICAL_SURFACE('',#9609,2.);
#9609 = AXIS2_PLACEMENT_3D('',#9610,#9611,#9612);
#9610 = CARTESIAN_POINT('',(20.2,22.18,11.));
#9611 = DIRECTION('',(0.,-1.,2.22044604925E-16));
#9612 = DIRECTION('',(1.,-1.354472090043E-31,-6.1E-16));
#9613 = ADVANCED_FACE('',(#9614),#9625,.T.);
#9614 = FACE_BOUND('',#9615,.T.);
#9615 = EDGE_LOOP('',(#9616,#9617,#9618,#9619));
#9616 = ORIENTED_EDGE('',*,*,#5217,.F.);
#9617 = ORIENTED_EDGE('',*,*,#9600,.T.);
#9618 = ORIENTED_EDGE('',*,*,#6071,.T.);
#9619 = ORIENTED_EDGE('',*,*,#9620,.F.);
#9620 = EDGE_CURVE('',#5218,#6072,#9621,.T.);
#9621 = LINE('',#9622,#9623);
#9622 = CARTESIAN_POINT('',(22.2,22.18,48.376273101108));
#9623 = VECTOR('',#9624,1.);
#9624 = DIRECTION('',(0.,-1.,2.22044604925E-16));
#9625 = PLANE('',#9626);
#9626 = AXIS2_PLACEMENT_3D('',#9627,#9628,#9629);
#9627 = CARTESIAN_POINT('',(22.2,22.18,9.));
#9628 = DIRECTION('',(-1.,1.354472090043E-31,6.1E-16));
#9629 = DIRECTION('',(6.1E-16,2.22044604925E-16,1.));
#9630 = ADVANCED_FACE('',(#9631),#9642,.T.);
#9631 = FACE_BOUND('',#9632,.T.);
#9632 = EDGE_LOOP('',(#9633,#9634,#9635,#9641));
#9633 = ORIENTED_EDGE('',*,*,#9620,.T.);
#9634 = ORIENTED_EDGE('',*,*,#6079,.T.);
#9635 = ORIENTED_EDGE('',*,*,#9636,.F.);
#9636 = EDGE_CURVE('',#5226,#6080,#9637,.T.);
#9637 = LINE('',#9638,#9639);
#9638 = CARTESIAN_POINT('',(22.955636573034,22.18,50.366959617789));
#9639 = VECTOR('',#9640,1.);
#9640 = DIRECTION('',(0.,-1.,2.22044604925E-16));
#9641 = ORIENTED_EDGE('',*,*,#5225,.F.);
#9642 = CYLINDRICAL_SURFACE('',#9643,3.);
#9643 = AXIS2_PLACEMENT_3D('',#9644,#9645,#9646);
#9644 = CARTESIAN_POINT('',(25.2,22.18,48.376273101108));
#9645 = DIRECTION('',(0.,-1.,2.22044604925E-16));
#9646 = DIRECTION('',(-1.,1.354472090043E-31,6.1E-16));
#9647 = ADVANCED_FACE('',(#9648),#9659,.T.);
#9648 = FACE_BOUND('',#9649,.T.);
#9649 = EDGE_LOOP('',(#9650,#9651,#9652,#9653));
#9650 = ORIENTED_EDGE('',*,*,#5234,.F.);
#9651 = ORIENTED_EDGE('',*,*,#9636,.T.);
#9652 = ORIENTED_EDGE('',*,*,#6088,.T.);
#9653 = ORIENTED_EDGE('',*,*,#9654,.F.);
#9654 = EDGE_CURVE('',#5235,#6089,#9655,.T.);
#9655 = LINE('',#9656,#9657);
#9656 = CARTESIAN_POINT('',(26.613265029043,22.18,54.490686516681));
#9657 = VECTOR('',#9658,1.);
#9658 = DIRECTION('',(0.,-1.,2.22044604925E-16));
#9659 = PLANE('',#9660);
#9660 = AXIS2_PLACEMENT_3D('',#9661,#9662,#9663);
#9661 = CARTESIAN_POINT('',(22.2,22.18,49.515030861361));
#9662 = DIRECTION('',(-0.748121142322,1.473404003754E-16,0.663562172227)
  );
#9663 = DIRECTION('',(0.663562172227,1.66116263483E-16,0.748121142322));
#9664 = ADVANCED_FACE('',(#9665),#9676,.T.);
#9665 = FACE_BOUND('',#9666,.T.);
#9666 = EDGE_LOOP('',(#9667,#9668,#9669,#9675));
#9667 = ORIENTED_EDGE('',*,*,#9654,.T.);
#9668 = ORIENTED_EDGE('',*,*,#6096,.T.);
#9669 = ORIENTED_EDGE('',*,*,#9670,.F.);
#9670 = EDGE_CURVE('',#5243,#6097,#9671,.T.);
#9671 = LINE('',#9672,#9673);
#9672 = CARTESIAN_POINT('',(28.857628456009,22.18,55.5));
#9673 = VECTOR('',#9674,1.);
#9674 = DIRECTION('',(0.,-1.,2.22044604925E-16));
#9675 = ORIENTED_EDGE('',*,*,#5242,.F.);
#9676 = CYLINDRICAL_SURFACE('',#9677,3.);
#9677 = AXIS2_PLACEMENT_3D('',#9678,#9679,#9680);
#9678 = CARTESIAN_POINT('',(28.857628456009,22.18,52.5));
#9679 = DIRECTION('',(0.,-1.,2.22044604925E-16));
#9680 = DIRECTION('',(-0.748121142322,1.473404003754E-16,0.663562172227)
  );
#9681 = ADVANCED_FACE('',(#9682),#9693,.T.);
#9682 = FACE_BOUND('',#9683,.T.);
#9683 = EDGE_LOOP('',(#9684,#9685,#9686,#9687));
#9684 = ORIENTED_EDGE('',*,*,#5251,.F.);
#9685 = ORIENTED_EDGE('',*,*,#9670,.T.);
#9686 = ORIENTED_EDGE('',*,*,#6105,.T.);
#9687 = ORIENTED_EDGE('',*,*,#9688,.F.);
#9688 = EDGE_CURVE('',#5252,#6106,#9689,.T.);
#9689 = LINE('',#9690,#9691);
#9690 = CARTESIAN_POINT('',(51.15424868893,22.18,55.5));
#9691 = VECTOR('',#9692,1.);
#9692 = DIRECTION('',(0.,-1.,2.22044604925E-16));
#9693 = PLANE('',#9694);
#9694 = AXIS2_PLACEMENT_3D('',#9695,#9696,#9697);
#9695 = CARTESIAN_POINT('',(27.508497377871,22.18,55.5));
#9696 = DIRECTION('',(6.1E-16,2.22044604925E-16,1.));
#9697 = DIRECTION('',(1.,-1.354472090043E-31,-6.1E-16));
#9698 = ADVANCED_FACE('',(#9699),#9710,.T.);
#9699 = FACE_BOUND('',#9700,.T.);
#9700 = EDGE_LOOP('',(#9701,#9702,#9703,#9704));
#9701 = ORIENTED_EDGE('',*,*,#5259,.T.);
#9702 = ORIENTED_EDGE('',*,*,#9688,.T.);
#9703 = ORIENTED_EDGE('',*,*,#6113,.F.);
#9704 = ORIENTED_EDGE('',*,*,#9705,.F.);
#9705 = EDGE_CURVE('',#5260,#6114,#9706,.T.);
#9706 = LINE('',#9707,#9708);
#9707 = CARTESIAN_POINT('',(53.40424868893,22.18,54.484313483298));
#9708 = VECTOR('',#9709,1.);
#9709 = DIRECTION('',(0.,-1.,2.22044604925E-16));
#9710 = CYLINDRICAL_SURFACE('',#9711,3.);
#9711 = AXIS2_PLACEMENT_3D('',#9712,#9713,#9714);
#9712 = CARTESIAN_POINT('',(51.15424868893,22.18,52.5));
#9713 = DIRECTION('',(0.,-1.,2.22044604925E-16));
#9714 = DIRECTION('',(0.75,1.468687011488E-16,0.661437827766));
#9715 = ADVANCED_FACE('',(#9716),#9727,.T.);
#9716 = FACE_BOUND('',#9717,.T.);
#9717 = EDGE_LOOP('',(#9718,#9719,#9720,#9721));
#9718 = ORIENTED_EDGE('',*,*,#5268,.F.);
#9719 = ORIENTED_EDGE('',*,*,#9705,.T.);
#9720 = ORIENTED_EDGE('',*,*,#6122,.T.);
#9721 = ORIENTED_EDGE('',*,*,#9722,.F.);
#9722 = EDGE_CURVE('',#5269,#6123,#9723,.T.);
#9723 = LINE('',#9724,#9725);
#9724 = CARTESIAN_POINT('',(57.05,22.18,50.350420064271));
#9725 = VECTOR('',#9726,1.);
#9726 = DIRECTION('',(0.,-1.,2.22044604925E-16));
#9727 = PLANE('',#9728);
#9728 = AXIS2_PLACEMENT_3D('',#9729,#9730,#9731);
#9729 = CARTESIAN_POINT('',(52.50849737787,22.18,55.5));
#9730 = DIRECTION('',(0.75,1.468687011488E-16,0.661437827766));
#9731 = DIRECTION('',(0.661437827766,-1.665334536938E-16,-0.75));
#9732 = ADVANCED_FACE('',(#9733),#9744,.T.);
#9733 = FACE_BOUND('',#9734,.T.);
#9734 = EDGE_LOOP('',(#9735,#9736,#9737,#9738));
#9735 = ORIENTED_EDGE('',*,*,#5276,.T.);
#9736 = ORIENTED_EDGE('',*,*,#9722,.T.);
#9737 = ORIENTED_EDGE('',*,*,#6130,.F.);
#9738 = ORIENTED_EDGE('',*,*,#9739,.F.);
#9739 = EDGE_CURVE('',#5277,#6131,#9740,.T.);
#9740 = LINE('',#9741,#9742);
#9741 = CARTESIAN_POINT('',(57.8,22.18,48.366106580972));
#9742 = VECTOR('',#9743,1.);
#9743 = DIRECTION('',(0.,-1.,2.22044604925E-16));
#9744 = CYLINDRICAL_SURFACE('',#9745,3.);
#9745 = AXIS2_PLACEMENT_3D('',#9746,#9747,#9748);
#9746 = CARTESIAN_POINT('',(54.8,22.18,48.366106580972));
#9747 = DIRECTION('',(0.,-1.,2.22044604925E-16));
#9748 = DIRECTION('',(1.,-1.354472090043E-31,-6.1E-16));
#9749 = ADVANCED_FACE('',(#9750),#9761,.T.);
#9750 = FACE_BOUND('',#9751,.T.);
#9751 = EDGE_LOOP('',(#9752,#9753,#9754,#9755));
#9752 = ORIENTED_EDGE('',*,*,#5285,.F.);
#9753 = ORIENTED_EDGE('',*,*,#9739,.T.);
#9754 = ORIENTED_EDGE('',*,*,#6139,.T.);
#9755 = ORIENTED_EDGE('',*,*,#9756,.F.);
#9756 = EDGE_CURVE('',#5286,#6140,#9757,.T.);
#9757 = LINE('',#9758,#9759);
#9758 = CARTESIAN_POINT('',(57.8,22.18,11.));
#9759 = VECTOR('',#9760,1.);
#9760 = DIRECTION('',(0.,-1.,2.22044604925E-16));
#9761 = PLANE('',#9762);
#9762 = AXIS2_PLACEMENT_3D('',#9763,#9764,#9765);
#9763 = CARTESIAN_POINT('',(57.8,22.18,49.5));
#9764 = DIRECTION('',(1.,-1.354472090043E-31,-6.1E-16));
#9765 = DIRECTION('',(-6.1E-16,-2.22044604925E-16,-1.));
#9766 = ADVANCED_FACE('',(#9767),#9778,.F.);
#9767 = FACE_BOUND('',#9768,.F.);
#9768 = EDGE_LOOP('',(#9769,#9775,#9776,#9777));
#9769 = ORIENTED_EDGE('',*,*,#9770,.T.);
#9770 = EDGE_CURVE('',#5294,#6148,#9771,.T.);
#9771 = LINE('',#9772,#9773);
#9772 = CARTESIAN_POINT('',(59.8,22.18,9.));
#9773 = VECTOR('',#9774,1.);
#9774 = DIRECTION('',(0.,-1.,2.22044604925E-16));
#9775 = ORIENTED_EDGE('',*,*,#6147,.T.);
#9776 = ORIENTED_EDGE('',*,*,#9756,.F.);
#9777 = ORIENTED_EDGE('',*,*,#5293,.F.);
#9778 = CYLINDRICAL_SURFACE('',#9779,2.);
#9779 = AXIS2_PLACEMENT_3D('',#9780,#9781,#9782);
#9780 = CARTESIAN_POINT('',(59.8,22.18,11.));
#9781 = DIRECTION('',(0.,-1.,2.22044604925E-16));
#9782 = DIRECTION('',(-1.2E-16,-2.22044604925E-16,-1.));
#9783 = ADVANCED_FACE('',(#9784,#9804,#9815,#9826),#9837,.T.);
#9784 = FACE_BOUND('',#9785,.T.);
#9785 = EDGE_LOOP('',(#9786,#9787,#9793,#9794,#9800,#9801,#9802,#9803));
#9786 = ORIENTED_EDGE('',*,*,#6156,.T.);
#9787 = ORIENTED_EDGE('',*,*,#9788,.F.);
#9788 = EDGE_CURVE('',#5852,#6157,#9789,.T.);
#9789 = LINE('',#9790,#9791);
#9790 = CARTESIAN_POINT('',(65.8,58.18,9.));
#9791 = VECTOR('',#9792,1.);
#9792 = DIRECTION('',(0.,-1.,2.22044604925E-16));
#9793 = ORIENTED_EDGE('',*,*,#5851,.F.);
#9794 = ORIENTED_EDGE('',*,*,#9795,.T.);
#9795 = EDGE_CURVE('',#5843,#5589,#9796,.T.);
#9796 = LINE('',#9797,#9798);
#9797 = CARTESIAN_POINT('',(59.8,58.18,9.));
#9798 = VECTOR('',#9799,1.);
#9799 = DIRECTION('',(0.,-1.,2.22044604925E-16));
#9800 = ORIENTED_EDGE('',*,*,#5597,.T.);
#9801 = ORIENTED_EDGE('',*,*,#6379,.T.);
#9802 = ORIENTED_EDGE('',*,*,#5302,.F.);
#9803 = ORIENTED_EDGE('',*,*,#9770,.T.);
#9804 = FACE_BOUND('',#9805,.T.);
#9805 = EDGE_LOOP('',(#9806));
#9806 = ORIENTED_EDGE('',*,*,#9807,.F.);
#9807 = EDGE_CURVE('',#9808,#9808,#9810,.T.);
#9808 = VERTEX_POINT('',#9809);
#9809 = CARTESIAN_POINT('',(62.05,55.68,9.));
#9810 = CIRCLE('',#9811,1.45);
#9811 = AXIS2_PLACEMENT_3D('',#9812,#9813,#9814);
#9812 = CARTESIAN_POINT('',(63.5,55.68,9.));
#9813 = DIRECTION('',(2.4E-16,2.044604925031E-18,1.));
#9814 = DIRECTION('',(-1.,5.329070518201E-32,2.4E-16));
#9815 = FACE_BOUND('',#9816,.T.);
#9816 = EDGE_LOOP('',(#9817));
#9817 = ORIENTED_EDGE('',*,*,#9818,.F.);
#9818 = EDGE_CURVE('',#9819,#9819,#9821,.T.);
#9819 = VERTEX_POINT('',#9820);
#9820 = CARTESIAN_POINT('',(62.05,19.68,9.));
#9821 = CIRCLE('',#9822,1.45);
#9822 = AXIS2_PLACEMENT_3D('',#9823,#9824,#9825);
#9823 = CARTESIAN_POINT('',(63.5,19.68,9.));
#9824 = DIRECTION('',(4.9E-16,2.044604925031E-18,1.));
#9825 = DIRECTION('',(-1.,1.088018564133E-31,4.9E-16));
#9826 = FACE_BOUND('',#9827,.T.);
#9827 = EDGE_LOOP('',(#9828));
#9828 = ORIENTED_EDGE('',*,*,#9829,.F.);
#9829 = EDGE_CURVE('',#9830,#9830,#9832,.T.);
#9830 = VERTEX_POINT('',#9831);
#9831 = CARTESIAN_POINT('',(62.05,37.18,9.));
#9832 = CIRCLE('',#9833,1.45);
#9833 = AXIS2_PLACEMENT_3D('',#9834,#9835,#9836);
#9834 = CARTESIAN_POINT('',(63.5,37.18,9.));
#9835 = DIRECTION('',(1.2E-16,2.044604925031E-18,1.));
#9836 = DIRECTION('',(-1.,2.6645352591E-32,1.2E-16));
#9837 = PLANE('',#9838);
#9838 = AXIS2_PLACEMENT_3D('',#9839,#9840,#9841);
#9839 = CARTESIAN_POINT('',(63.27969924812,37.68,9.));
#9840 = DIRECTION('',(1.2E-16,2.044604925031E-18,1.));
#9841 = DIRECTION('',(-0.,-1.,2.044604925031E-18));
#9842 = ADVANCED_FACE('',(#9843),#9854,.F.);
#9843 = FACE_BOUND('',#9844,.F.);
#9844 = EDGE_LOOP('',(#9845,#9846,#9852,#9853));
#9845 = ORIENTED_EDGE('',*,*,#5318,.F.);
#9846 = ORIENTED_EDGE('',*,*,#9847,.F.);
#9847 = EDGE_CURVE('',#6232,#5319,#9848,.T.);
#9848 = LINE('',#9849,#9850);
#9849 = CARTESIAN_POINT('',(53.55,17.18,12.5));
#9850 = VECTOR('',#9851,1.);
#9851 = DIRECTION('',(7.E-17,1.,-2.22044604925E-16));
#9852 = ORIENTED_EDGE('',*,*,#6231,.F.);
#9853 = ORIENTED_EDGE('',*,*,#9847,.T.);
#9854 = CYLINDRICAL_SURFACE('',#9855,1.45);
#9855 = AXIS2_PLACEMENT_3D('',#9856,#9857,#9858);
#9856 = CARTESIAN_POINT('',(55.,17.18,12.5));
#9857 = DIRECTION('',(0.,1.,-2.22044604925E-16));
#9858 = DIRECTION('',(-1.,5.329070518201E-32,2.4E-16));
#9859 = ADVANCED_FACE('',(#9860),#9871,.F.);
#9860 = FACE_BOUND('',#9861,.F.);
#9861 = EDGE_LOOP('',(#9862,#9863,#9869,#9870));
#9862 = ORIENTED_EDGE('',*,*,#5329,.F.);
#9863 = ORIENTED_EDGE('',*,*,#9864,.F.);
#9864 = EDGE_CURVE('',#6243,#5330,#9865,.T.);
#9865 = LINE('',#9866,#9867);
#9866 = CARTESIAN_POINT('',(53.55,17.18,29.5));
#9867 = VECTOR('',#9868,1.);
#9868 = DIRECTION('',(7.E-17,1.,-2.22044604925E-16));
#9869 = ORIENTED_EDGE('',*,*,#6242,.F.);
#9870 = ORIENTED_EDGE('',*,*,#9864,.T.);
#9871 = CYLINDRICAL_SURFACE('',#9872,1.45);
#9872 = AXIS2_PLACEMENT_3D('',#9873,#9874,#9875);
#9873 = CARTESIAN_POINT('',(55.,17.18,29.5));
#9874 = DIRECTION('',(0.,1.,-2.22044604925E-16));
#9875 = DIRECTION('',(-1.,5.329070518201E-32,2.4E-16));
#9876 = ADVANCED_FACE('',(#9877),#9888,.F.);
#9877 = FACE_BOUND('',#9878,.F.);
#9878 = EDGE_LOOP('',(#9879,#9885,#9886,#9887));
#9879 = ORIENTED_EDGE('',*,*,#9880,.F.);
#9880 = EDGE_CURVE('',#6254,#5341,#9881,.T.);
#9881 = LINE('',#9882,#9883);
#9882 = CARTESIAN_POINT('',(26.45,17.18,12.5));
#9883 = VECTOR('',#9884,1.);
#9884 = DIRECTION('',(-7.E-17,1.,-2.22044604925E-16));
#9885 = ORIENTED_EDGE('',*,*,#6253,.T.);
#9886 = ORIENTED_EDGE('',*,*,#9880,.T.);
#9887 = ORIENTED_EDGE('',*,*,#5340,.F.);
#9888 = CYLINDRICAL_SURFACE('',#9889,1.45);
#9889 = AXIS2_PLACEMENT_3D('',#9890,#9891,#9892);
#9890 = CARTESIAN_POINT('',(25.,17.18,12.5));
#9891 = DIRECTION('',(0.,1.,-2.22044604925E-16));
#9892 = DIRECTION('',(1.,-1.354472090043E-31,-6.1E-16));
#9893 = ADVANCED_FACE('',(#9894),#9905,.F.);
#9894 = FACE_BOUND('',#9895,.F.);
#9895 = EDGE_LOOP('',(#9896,#9902,#9903,#9904));
#9896 = ORIENTED_EDGE('',*,*,#9897,.F.);
#9897 = EDGE_CURVE('',#6265,#5352,#9898,.T.);
#9898 = LINE('',#9899,#9900);
#9899 = CARTESIAN_POINT('',(26.45,17.18,29.5));
#9900 = VECTOR('',#9901,1.);
#9901 = DIRECTION('',(-7.E-17,1.,-2.22044604925E-16));
#9902 = ORIENTED_EDGE('',*,*,#6264,.T.);
#9903 = ORIENTED_EDGE('',*,*,#9897,.T.);
#9904 = ORIENTED_EDGE('',*,*,#5351,.F.);
#9905 = CYLINDRICAL_SURFACE('',#9906,1.45);
#9906 = AXIS2_PLACEMENT_3D('',#9907,#9908,#9909);
#9907 = CARTESIAN_POINT('',(25.,17.18,29.5));
#9908 = DIRECTION('',(0.,1.,-2.22044604925E-16));
#9909 = DIRECTION('',(1.,-1.354472090043E-31,-6.1E-16));
#9910 = ADVANCED_FACE('',(#9911),#9922,.F.);
#9911 = FACE_BOUND('',#9912,.F.);
#9912 = EDGE_LOOP('',(#9913,#9914,#9920,#9921));
#9913 = ORIENTED_EDGE('',*,*,#5362,.F.);
#9914 = ORIENTED_EDGE('',*,*,#9915,.F.);
#9915 = EDGE_CURVE('',#6276,#5363,#9916,.T.);
#9916 = LINE('',#9917,#9918);
#9917 = CARTESIAN_POINT('',(53.55,17.18,46.5));
#9918 = VECTOR('',#9919,1.);
#9919 = DIRECTION('',(7.E-17,1.,-2.22044604925E-16));
#9920 = ORIENTED_EDGE('',*,*,#6275,.F.);
#9921 = ORIENTED_EDGE('',*,*,#9915,.T.);
#9922 = CYLINDRICAL_SURFACE('',#9923,1.45);
#9923 = AXIS2_PLACEMENT_3D('',#9924,#9925,#9926);
#9924 = CARTESIAN_POINT('',(55.,17.18,46.5));
#9925 = DIRECTION('',(0.,1.,-2.22044604925E-16));
#9926 = DIRECTION('',(-1.,5.329070518201E-32,2.4E-16));
#9927 = ADVANCED_FACE('',(#9928),#9939,.F.);
#9928 = FACE_BOUND('',#9929,.F.);
#9929 = EDGE_LOOP('',(#9930,#9931,#9937,#9938));
#9930 = ORIENTED_EDGE('',*,*,#5373,.F.);
#9931 = ORIENTED_EDGE('',*,*,#9932,.F.);
#9932 = EDGE_CURVE('',#6287,#5374,#9933,.T.);
#9933 = LINE('',#9934,#9935);
#9934 = CARTESIAN_POINT('',(47.05,17.18,52.8));
#9935 = VECTOR('',#9936,1.);
#9936 = DIRECTION('',(7.E-17,1.,-2.22044604925E-16));
#9937 = ORIENTED_EDGE('',*,*,#6286,.F.);
#9938 = ORIENTED_EDGE('',*,*,#9932,.T.);
#9939 = CYLINDRICAL_SURFACE('',#9940,1.45);
#9940 = AXIS2_PLACEMENT_3D('',#9941,#9942,#9943);
#9941 = CARTESIAN_POINT('',(48.5,17.18,52.8));
#9942 = DIRECTION('',(0.,1.,-2.22044604925E-16));
#9943 = DIRECTION('',(-1.,5.329070518201E-32,2.4E-16));
#9944 = ADVANCED_FACE('',(#9945),#9956,.F.);
#9945 = FACE_BOUND('',#9946,.F.);
#9946 = EDGE_LOOP('',(#9947,#9953,#9954,#9955));
#9947 = ORIENTED_EDGE('',*,*,#9948,.F.);
#9948 = EDGE_CURVE('',#6298,#5385,#9949,.T.);
#9949 = LINE('',#9950,#9951);
#9950 = CARTESIAN_POINT('',(26.45,17.18,46.5));
#9951 = VECTOR('',#9952,1.);
#9952 = DIRECTION('',(-7.E-17,1.,-2.22044604925E-16));
#9953 = ORIENTED_EDGE('',*,*,#6297,.T.);
#9954 = ORIENTED_EDGE('',*,*,#9948,.T.);
#9955 = ORIENTED_EDGE('',*,*,#5384,.F.);
#9956 = CYLINDRICAL_SURFACE('',#9957,1.45);
#9957 = AXIS2_PLACEMENT_3D('',#9958,#9959,#9960);
#9958 = CARTESIAN_POINT('',(25.,17.18,46.5));
#9959 = DIRECTION('',(0.,1.,-2.22044604925E-16));
#9960 = DIRECTION('',(1.,-1.354472090043E-31,-6.1E-16));
#9961 = ADVANCED_FACE('',(#9962),#9973,.F.);
#9962 = FACE_BOUND('',#9963,.F.);
#9963 = EDGE_LOOP('',(#9964,#9970,#9971,#9972));
#9964 = ORIENTED_EDGE('',*,*,#9965,.F.);
#9965 = EDGE_CURVE('',#6309,#5396,#9966,.T.);
#9966 = LINE('',#9967,#9968);
#9967 = CARTESIAN_POINT('',(32.95,17.18,52.8));
#9968 = VECTOR('',#9969,1.);
#9969 = DIRECTION('',(-7.E-17,1.,-2.22044604925E-16));
#9970 = ORIENTED_EDGE('',*,*,#6308,.T.);
#9971 = ORIENTED_EDGE('',*,*,#9965,.T.);
#9972 = ORIENTED_EDGE('',*,*,#5395,.F.);
#9973 = CYLINDRICAL_SURFACE('',#9974,1.45);
#9974 = AXIS2_PLACEMENT_3D('',#9975,#9976,#9977);
#9975 = CARTESIAN_POINT('',(31.5,17.18,52.8));
#9976 = DIRECTION('',(0.,1.,-2.22044604925E-16));
#9977 = DIRECTION('',(1.,-1.354472090043E-31,-6.1E-16));
#9978 = ADVANCED_FACE('',(#9979),#9990,.T.);
#9979 = FACE_BOUND('',#9980,.T.);
#9980 = EDGE_LOOP('',(#9981,#9982,#9983,#9984));
#9981 = ORIENTED_EDGE('',*,*,#5884,.F.);
#9982 = ORIENTED_EDGE('',*,*,#6361,.T.);
#9983 = ORIENTED_EDGE('',*,*,#5446,.T.);
#9984 = ORIENTED_EDGE('',*,*,#9985,.F.);
#9985 = EDGE_CURVE('',#5885,#5447,#9986,.T.);
#9986 = LINE('',#9987,#9988);
#9987 = CARTESIAN_POINT('',(52.8,58.18,46.5));
#9988 = VECTOR('',#9989,1.);
#9989 = DIRECTION('',(0.,-1.,2.22044604925E-16));
#9990 = PLANE('',#9991);
#9991 = AXIS2_PLACEMENT_3D('',#9992,#9993,#9994);
#9992 = CARTESIAN_POINT('',(52.8,58.18,4.));
#9993 = DIRECTION('',(-1.,5.329070518201E-32,2.4E-16));
#9994 = DIRECTION('',(2.4E-16,2.22044604925E-16,1.));
#9995 = ADVANCED_FACE('',(#9996),#10007,.T.);
#9996 = FACE_BOUND('',#9997,.T.);
#9997 = EDGE_LOOP('',(#9998,#9999,#10000,#10006));
#9998 = ORIENTED_EDGE('',*,*,#9985,.T.);
#9999 = ORIENTED_EDGE('',*,*,#5454,.T.);
#10000 = ORIENTED_EDGE('',*,*,#10001,.F.);
#10001 = EDGE_CURVE('',#5893,#5455,#10002,.T.);
#10002 = LINE('',#10003,#10004);
#10003 = CARTESIAN_POINT('',(49.8,58.18,50.5));
#10004 = VECTOR('',#10005,1.);
#10005 = DIRECTION('',(0.,-1.,2.22044604925E-16));
#10006 = ORIENTED_EDGE('',*,*,#5892,.F.);
#10007 = PLANE('',#10008);
#10008 = AXIS2_PLACEMENT_3D('',#10009,#10010,#10011);
#10009 = CARTESIAN_POINT('',(52.8,58.18,46.5));
#10010 = DIRECTION('',(-0.8,-1.33226762955E-16,-0.6));
#10011 = DIRECTION('',(-0.6,1.7763568394E-16,0.8));
#10012 = ADVANCED_FACE('',(#10013),#10024,.T.);
#10013 = FACE_BOUND('',#10014,.T.);
#10014 = EDGE_LOOP('',(#10015,#10016,#10017,#10023));
#10015 = ORIENTED_EDGE('',*,*,#10001,.T.);
#10016 = ORIENTED_EDGE('',*,*,#5462,.T.);
#10017 = ORIENTED_EDGE('',*,*,#10018,.F.);
#10018 = EDGE_CURVE('',#5901,#5463,#10019,.T.);
#10019 = LINE('',#10020,#10021);
#10020 = CARTESIAN_POINT('',(30.3,58.18,50.5));
#10021 = VECTOR('',#10022,1.);
#10022 = DIRECTION('',(0.,-1.,2.22044604925E-16));
#10023 = ORIENTED_EDGE('',*,*,#5900,.F.);
#10024 = PLANE('',#10025);
#10025 = AXIS2_PLACEMENT_3D('',#10026,#10027,#10028);
#10026 = CARTESIAN_POINT('',(49.8,58.18,50.5));
#10027 = DIRECTION('',(-2.4E-16,-2.22044604925E-16,-1.));
#10028 = DIRECTION('',(-1.,5.329070518201E-32,2.4E-16));
#10029 = ADVANCED_FACE('',(#10030),#10041,.T.);
#10030 = FACE_BOUND('',#10031,.T.);
#10031 = EDGE_LOOP('',(#10032,#10033,#10034,#10040));
#10032 = ORIENTED_EDGE('',*,*,#10018,.T.);
#10033 = ORIENTED_EDGE('',*,*,#5470,.T.);
#10034 = ORIENTED_EDGE('',*,*,#10035,.F.);
#10035 = EDGE_CURVE('',#5909,#5471,#10036,.T.);
#10036 = LINE('',#10037,#10038);
#10037 = CARTESIAN_POINT('',(27.2,58.18,46.576990950813));
#10038 = VECTOR('',#10039,1.);
#10039 = DIRECTION('',(0.,-1.,2.22044604925E-16));
#10040 = ORIENTED_EDGE('',*,*,#5908,.F.);
#10041 = PLANE('',#10042);
#10042 = AXIS2_PLACEMENT_3D('',#10043,#10044,#10045);
#10043 = CARTESIAN_POINT('',(30.3,58.18,50.5));
#10044 = DIRECTION('',(0.784601809837,-1.376676550536E-16,-0.62));
#10045 = DIRECTION('',(-0.62,-1.742165988888E-16,-0.784601809837));
#10046 = ADVANCED_FACE('',(#10047),#10053,.T.);
#10047 = FACE_BOUND('',#10048,.T.);
#10048 = EDGE_LOOP('',(#10049,#10050,#10051,#10052));
#10049 = ORIENTED_EDGE('',*,*,#5916,.F.);
#10050 = ORIENTED_EDGE('',*,*,#10035,.T.);
#10051 = ORIENTED_EDGE('',*,*,#5478,.T.);
#10052 = ORIENTED_EDGE('',*,*,#5716,.F.);
#10053 = PLANE('',#10054);
#10054 = AXIS2_PLACEMENT_3D('',#10055,#10056,#10057);
#10055 = CARTESIAN_POINT('',(27.2,58.18,46.576990950813));
#10056 = DIRECTION('',(1.,-5.329070518201E-32,-2.4E-16));
#10057 = DIRECTION('',(-2.4E-16,-2.22044604925E-16,-1.));
#10058 = ADVANCED_FACE('',(#10059),#10070,.F.);
#10059 = FACE_BOUND('',#10060,.F.);
#10060 = EDGE_LOOP('',(#10061,#10062,#10068,#10069));
#10061 = ORIENTED_EDGE('',*,*,#5757,.T.);
#10062 = ORIENTED_EDGE('',*,*,#10063,.T.);
#10063 = EDGE_CURVE('',#5758,#5504,#10064,.T.);
#10064 = LINE('',#10065,#10066);
#10065 = CARTESIAN_POINT('',(22.2,58.18,11.));
#10066 = VECTOR('',#10067,1.);
#10067 = DIRECTION('',(0.,-1.,2.22044604925E-16));
#10068 = ORIENTED_EDGE('',*,*,#5503,.F.);
#10069 = ORIENTED_EDGE('',*,*,#9519,.F.);
#10070 = CYLINDRICAL_SURFACE('',#10071,2.);
#10071 = AXIS2_PLACEMENT_3D('',#10072,#10073,#10074);
#10072 = CARTESIAN_POINT('',(20.2,58.18,11.));
#10073 = DIRECTION('',(0.,-1.,2.22044604925E-16));
#10074 = DIRECTION('',(-3.9E-16,-2.22044604925E-16,-1.));
#10075 = ADVANCED_FACE('',(#10076),#10087,.T.);
#10076 = FACE_BOUND('',#10077,.T.);
#10077 = EDGE_LOOP('',(#10078,#10079,#10080,#10081));
#10078 = ORIENTED_EDGE('',*,*,#5766,.F.);
#10079 = ORIENTED_EDGE('',*,*,#10063,.T.);
#10080 = ORIENTED_EDGE('',*,*,#5512,.T.);
#10081 = ORIENTED_EDGE('',*,*,#10082,.F.);
#10082 = EDGE_CURVE('',#5767,#5513,#10083,.T.);
#10083 = LINE('',#10084,#10085);
#10084 = CARTESIAN_POINT('',(22.2,58.18,48.376273101108));
#10085 = VECTOR('',#10086,1.);
#10086 = DIRECTION('',(0.,-1.,2.22044604925E-16));
#10087 = PLANE('',#10088);
#10088 = AXIS2_PLACEMENT_3D('',#10089,#10090,#10091);
#10089 = CARTESIAN_POINT('',(22.2,58.18,9.));
#10090 = DIRECTION('',(-1.,5.329070518201E-32,2.4E-16));
#10091 = DIRECTION('',(2.4E-16,2.22044604925E-16,1.));
#10092 = ADVANCED_FACE('',(#10093),#10104,.T.);
#10093 = FACE_BOUND('',#10094,.T.);
#10094 = EDGE_LOOP('',(#10095,#10096,#10097,#10098));
#10095 = ORIENTED_EDGE('',*,*,#5774,.T.);
#10096 = ORIENTED_EDGE('',*,*,#10082,.T.);
#10097 = ORIENTED_EDGE('',*,*,#5520,.F.);
#10098 = ORIENTED_EDGE('',*,*,#10099,.F.);
#10099 = EDGE_CURVE('',#5775,#5521,#10100,.T.);
#10100 = LINE('',#10101,#10102);
#10101 = CARTESIAN_POINT('',(22.955636573034,58.18,50.366959617789));
#10102 = VECTOR('',#10103,1.);
#10103 = DIRECTION('',(0.,-1.,2.22044604925E-16));
#10104 = CYLINDRICAL_SURFACE('',#10105,3.);
#10105 = AXIS2_PLACEMENT_3D('',#10106,#10107,#10108);
#10106 = CARTESIAN_POINT('',(25.2,58.18,48.376273101108));
#10107 = DIRECTION('',(0.,-1.,2.22044604925E-16));
#10108 = DIRECTION('',(-0.748121142322,1.473404003754E-16,0.663562172227
    ));
#10109 = ADVANCED_FACE('',(#10110),#10121,.T.);
#10110 = FACE_BOUND('',#10111,.T.);
#10111 = EDGE_LOOP('',(#10112,#10113,#10114,#10115));
#10112 = ORIENTED_EDGE('',*,*,#5783,.F.);
#10113 = ORIENTED_EDGE('',*,*,#10099,.T.);
#10114 = ORIENTED_EDGE('',*,*,#5529,.T.);
#10115 = ORIENTED_EDGE('',*,*,#10116,.F.);
#10116 = EDGE_CURVE('',#5784,#5530,#10117,.T.);
#10117 = LINE('',#10118,#10119);
#10118 = CARTESIAN_POINT('',(26.613265029043,58.18,54.490686516681));
#10119 = VECTOR('',#10120,1.);
#10120 = DIRECTION('',(0.,-1.,2.22044604925E-16));
#10121 = PLANE('',#10122);
#10122 = AXIS2_PLACEMENT_3D('',#10123,#10124,#10125);
#10123 = CARTESIAN_POINT('',(22.2,58.18,49.515030861361));
#10124 = DIRECTION('',(-0.748121142322,1.473404003754E-16,0.663562172227
    ));
#10125 = DIRECTION('',(0.663562172227,1.66116263483E-16,0.748121142322)
  );
#10126 = ADVANCED_FACE('',(#10127),#10138,.T.);
#10127 = FACE_BOUND('',#10128,.T.);
#10128 = EDGE_LOOP('',(#10129,#10130,#10131,#10132));
#10129 = ORIENTED_EDGE('',*,*,#5791,.T.);
#10130 = ORIENTED_EDGE('',*,*,#10116,.T.);
#10131 = ORIENTED_EDGE('',*,*,#5537,.F.);
#10132 = ORIENTED_EDGE('',*,*,#10133,.F.);
#10133 = EDGE_CURVE('',#5792,#5538,#10134,.T.);
#10134 = LINE('',#10135,#10136);
#10135 = CARTESIAN_POINT('',(28.857628456009,58.18,55.5));
#10136 = VECTOR('',#10137,1.);
#10137 = DIRECTION('',(0.,-1.,2.22044604925E-16));
#10138 = CYLINDRICAL_SURFACE('',#10139,3.);
#10139 = AXIS2_PLACEMENT_3D('',#10140,#10141,#10142);
#10140 = CARTESIAN_POINT('',(28.857628456009,58.18,52.5));
#10141 = DIRECTION('',(0.,-1.,2.22044604925E-16));
#10142 = DIRECTION('',(2.4E-16,2.22044604925E-16,1.));
#10143 = ADVANCED_FACE('',(#10144),#10155,.T.);
#10144 = FACE_BOUND('',#10145,.T.);
#10145 = EDGE_LOOP('',(#10146,#10147,#10148,#10149));
#10146 = ORIENTED_EDGE('',*,*,#5800,.F.);
#10147 = ORIENTED_EDGE('',*,*,#10133,.T.);
#10148 = ORIENTED_EDGE('',*,*,#5546,.T.);
#10149 = ORIENTED_EDGE('',*,*,#10150,.F.);
#10150 = EDGE_CURVE('',#5801,#5547,#10151,.T.);
#10151 = LINE('',#10152,#10153);
#10152 = CARTESIAN_POINT('',(51.15424868893,58.18,55.5));
#10153 = VECTOR('',#10154,1.);
#10154 = DIRECTION('',(0.,-1.,2.22044604925E-16));
#10155 = PLANE('',#10156);
#10156 = AXIS2_PLACEMENT_3D('',#10157,#10158,#10159);
#10157 = CARTESIAN_POINT('',(27.508497377871,58.18,55.5));
#10158 = DIRECTION('',(2.4E-16,2.22044604925E-16,1.));
#10159 = DIRECTION('',(1.,-5.329070518201E-32,-2.4E-16));
#10160 = ADVANCED_FACE('',(#10161),#10172,.T.);
#10161 = FACE_BOUND('',#10162,.T.);
#10162 = EDGE_LOOP('',(#10163,#10164,#10165,#10166));
#10163 = ORIENTED_EDGE('',*,*,#5808,.T.);
#10164 = ORIENTED_EDGE('',*,*,#10150,.T.);
#10165 = ORIENTED_EDGE('',*,*,#5554,.F.);
#10166 = ORIENTED_EDGE('',*,*,#10167,.F.);
#10167 = EDGE_CURVE('',#5809,#5555,#10168,.T.);
#10168 = LINE('',#10169,#10170);
#10169 = CARTESIAN_POINT('',(53.40424868893,58.18,54.484313483298));
#10170 = VECTOR('',#10171,1.);
#10171 = DIRECTION('',(0.,-1.,2.22044604925E-16));
#10172 = CYLINDRICAL_SURFACE('',#10173,3.);
#10173 = AXIS2_PLACEMENT_3D('',#10174,#10175,#10176);
#10174 = CARTESIAN_POINT('',(51.15424868893,58.18,52.5));
#10175 = DIRECTION('',(0.,-1.,2.22044604925E-16));
#10176 = DIRECTION('',(0.75,1.468687011488E-16,0.661437827766));
#10177 = ADVANCED_FACE('',(#10178),#10189,.T.);
#10178 = FACE_BOUND('',#10179,.T.);
#10179 = EDGE_LOOP('',(#10180,#10181,#10182,#10183));
#10180 = ORIENTED_EDGE('',*,*,#5817,.F.);
#10181 = ORIENTED_EDGE('',*,*,#10167,.T.);
#10182 = ORIENTED_EDGE('',*,*,#5563,.T.);
#10183 = ORIENTED_EDGE('',*,*,#10184,.F.);
#10184 = EDGE_CURVE('',#5818,#5564,#10185,.T.);
#10185 = LINE('',#10186,#10187);
#10186 = CARTESIAN_POINT('',(57.05,58.18,50.350420064271));
#10187 = VECTOR('',#10188,1.);
#10188 = DIRECTION('',(0.,-1.,2.22044604925E-16));
#10189 = PLANE('',#10190);
#10190 = AXIS2_PLACEMENT_3D('',#10191,#10192,#10193);
#10191 = CARTESIAN_POINT('',(52.50849737787,58.18,55.5));
#10192 = DIRECTION('',(0.75,1.468687011488E-16,0.661437827766));
#10193 = DIRECTION('',(0.661437827766,-1.665334536938E-16,-0.75));
#10194 = ADVANCED_FACE('',(#10195),#10206,.T.);
#10195 = FACE_BOUND('',#10196,.T.);
#10196 = EDGE_LOOP('',(#10197,#10198,#10199,#10200));
#10197 = ORIENTED_EDGE('',*,*,#5825,.T.);
#10198 = ORIENTED_EDGE('',*,*,#10184,.T.);
#10199 = ORIENTED_EDGE('',*,*,#5571,.F.);
#10200 = ORIENTED_EDGE('',*,*,#10201,.F.);
#10201 = EDGE_CURVE('',#5826,#5572,#10202,.T.);
#10202 = LINE('',#10203,#10204);
#10203 = CARTESIAN_POINT('',(57.8,58.18,48.366106580972));
#10204 = VECTOR('',#10205,1.);
#10205 = DIRECTION('',(0.,-1.,2.22044604925E-16));
#10206 = CYLINDRICAL_SURFACE('',#10207,3.);
#10207 = AXIS2_PLACEMENT_3D('',#10208,#10209,#10210);
#10208 = CARTESIAN_POINT('',(54.8,58.18,48.366106580972));
#10209 = DIRECTION('',(0.,-1.,2.22044604925E-16));
#10210 = DIRECTION('',(1.,-5.329070518201E-32,-2.4E-16));
#10211 = ADVANCED_FACE('',(#10212),#10223,.T.);
#10212 = FACE_BOUND('',#10213,.T.);
#10213 = EDGE_LOOP('',(#10214,#10215,#10216,#10217));
#10214 = ORIENTED_EDGE('',*,*,#5834,.F.);
#10215 = ORIENTED_EDGE('',*,*,#10201,.T.);
#10216 = ORIENTED_EDGE('',*,*,#5580,.T.);
#10217 = ORIENTED_EDGE('',*,*,#10218,.F.);
#10218 = EDGE_CURVE('',#5835,#5581,#10219,.T.);
#10219 = LINE('',#10220,#10221);
#10220 = CARTESIAN_POINT('',(57.8,58.18,11.));
#10221 = VECTOR('',#10222,1.);
#10222 = DIRECTION('',(0.,-1.,2.22044604925E-16));
#10223 = PLANE('',#10224);
#10224 = AXIS2_PLACEMENT_3D('',#10225,#10226,#10227);
#10225 = CARTESIAN_POINT('',(57.8,58.18,49.5));
#10226 = DIRECTION('',(1.,-5.329070518201E-32,-2.4E-16));
#10227 = DIRECTION('',(-2.4E-16,-2.22044604925E-16,-1.));
#10228 = ADVANCED_FACE('',(#10229),#10235,.F.);
#10229 = FACE_BOUND('',#10230,.F.);
#10230 = EDGE_LOOP('',(#10231,#10232,#10233,#10234));
#10231 = ORIENTED_EDGE('',*,*,#9795,.T.);
#10232 = ORIENTED_EDGE('',*,*,#5588,.T.);
#10233 = ORIENTED_EDGE('',*,*,#10218,.F.);
#10234 = ORIENTED_EDGE('',*,*,#5842,.F.);
#10235 = CYLINDRICAL_SURFACE('',#10236,2.);
#10236 = AXIS2_PLACEMENT_3D('',#10237,#10238,#10239);
#10237 = CARTESIAN_POINT('',(59.8,58.18,11.));
#10238 = DIRECTION('',(0.,-1.,2.22044604925E-16));
#10239 = DIRECTION('',(-1.2E-16,-2.22044604925E-16,-1.));
#10240 = ADVANCED_FACE('',(#10241),#10252,.F.);
#10241 = FACE_BOUND('',#10242,.F.);
#10242 = EDGE_LOOP('',(#10243,#10244,#10250,#10251));
#10243 = ORIENTED_EDGE('',*,*,#5926,.F.);
#10244 = ORIENTED_EDGE('',*,*,#10245,.F.);
#10245 = EDGE_CURVE('',#5614,#5927,#10246,.T.);
#10246 = LINE('',#10247,#10248);
#10247 = CARTESIAN_POINT('',(53.55,53.18,12.5));
#10248 = VECTOR('',#10249,1.);
#10249 = DIRECTION('',(7.E-17,1.,-2.22044604925E-16));
#10250 = ORIENTED_EDGE('',*,*,#5613,.F.);
#10251 = ORIENTED_EDGE('',*,*,#10245,.T.);
#10252 = CYLINDRICAL_SURFACE('',#10253,1.45);
#10253 = AXIS2_PLACEMENT_3D('',#10254,#10255,#10256);
#10254 = CARTESIAN_POINT('',(55.,53.18,12.5));
#10255 = DIRECTION('',(0.,1.,-2.22044604925E-16));
#10256 = DIRECTION('',(-1.,2.6645352591E-32,1.2E-16));
#10257 = ADVANCED_FACE('',(#10258),#10269,.F.);
#10258 = FACE_BOUND('',#10259,.F.);
#10259 = EDGE_LOOP('',(#10260,#10261,#10267,#10268));
#10260 = ORIENTED_EDGE('',*,*,#5937,.F.);
#10261 = ORIENTED_EDGE('',*,*,#10262,.F.);
#10262 = EDGE_CURVE('',#5625,#5938,#10263,.T.);
#10263 = LINE('',#10264,#10265);
#10264 = CARTESIAN_POINT('',(53.55,53.18,29.5));
#10265 = VECTOR('',#10266,1.);
#10266 = DIRECTION('',(7.E-17,1.,-2.22044604925E-16));
#10267 = ORIENTED_EDGE('',*,*,#5624,.F.);
#10268 = ORIENTED_EDGE('',*,*,#10262,.T.);
#10269 = CYLINDRICAL_SURFACE('',#10270,1.45);
#10270 = AXIS2_PLACEMENT_3D('',#10271,#10272,#10273);
#10271 = CARTESIAN_POINT('',(55.,53.18,29.5));
#10272 = DIRECTION('',(0.,1.,-2.22044604925E-16));
#10273 = DIRECTION('',(-1.,2.6645352591E-32,1.2E-16));
#10274 = ADVANCED_FACE('',(#10275),#10286,.F.);
#10275 = FACE_BOUND('',#10276,.F.);
#10276 = EDGE_LOOP('',(#10277,#10283,#10284,#10285));
#10277 = ORIENTED_EDGE('',*,*,#10278,.F.);
#10278 = EDGE_CURVE('',#5636,#5949,#10279,.T.);
#10279 = LINE('',#10280,#10281);
#10280 = CARTESIAN_POINT('',(26.45,53.18,12.5));
#10281 = VECTOR('',#10282,1.);
#10282 = DIRECTION('',(-7.E-17,1.,-2.22044604925E-16));
#10283 = ORIENTED_EDGE('',*,*,#5635,.T.);
#10284 = ORIENTED_EDGE('',*,*,#10278,.T.);
#10285 = ORIENTED_EDGE('',*,*,#5948,.F.);
#10286 = CYLINDRICAL_SURFACE('',#10287,1.45);
#10287 = AXIS2_PLACEMENT_3D('',#10288,#10289,#10290);
#10288 = CARTESIAN_POINT('',(25.,53.18,12.5));
#10289 = DIRECTION('',(0.,1.,-2.22044604925E-16));
#10290 = DIRECTION('',(1.,-1.354472090043E-31,-6.1E-16));
#10291 = ADVANCED_FACE('',(#10292),#10303,.F.);
#10292 = FACE_BOUND('',#10293,.F.);
#10293 = EDGE_LOOP('',(#10294,#10300,#10301,#10302));
#10294 = ORIENTED_EDGE('',*,*,#10295,.F.);
#10295 = EDGE_CURVE('',#5647,#5960,#10296,.T.);
#10296 = LINE('',#10297,#10298);
#10297 = CARTESIAN_POINT('',(26.45,53.18,29.5));
#10298 = VECTOR('',#10299,1.);
#10299 = DIRECTION('',(-7.E-17,1.,-2.22044604925E-16));
#10300 = ORIENTED_EDGE('',*,*,#5646,.T.);
#10301 = ORIENTED_EDGE('',*,*,#10295,.T.);
#10302 = ORIENTED_EDGE('',*,*,#5959,.F.);
#10303 = CYLINDRICAL_SURFACE('',#10304,1.45);
#10304 = AXIS2_PLACEMENT_3D('',#10305,#10306,#10307);
#10305 = CARTESIAN_POINT('',(25.,53.18,29.5));
#10306 = DIRECTION('',(0.,1.,-2.22044604925E-16));
#10307 = DIRECTION('',(1.,-1.354472090043E-31,-6.1E-16));
#10308 = ADVANCED_FACE('',(#10309),#10320,.F.);
#10309 = FACE_BOUND('',#10310,.F.);
#10310 = EDGE_LOOP('',(#10311,#10312,#10318,#10319));
#10311 = ORIENTED_EDGE('',*,*,#5970,.F.);
#10312 = ORIENTED_EDGE('',*,*,#10313,.F.);
#10313 = EDGE_CURVE('',#5658,#5971,#10314,.T.);
#10314 = LINE('',#10315,#10316);
#10315 = CARTESIAN_POINT('',(53.55,53.18,46.5));
#10316 = VECTOR('',#10317,1.);
#10317 = DIRECTION('',(7.E-17,1.,-2.22044604925E-16));
#10318 = ORIENTED_EDGE('',*,*,#5657,.F.);
#10319 = ORIENTED_EDGE('',*,*,#10313,.T.);
#10320 = CYLINDRICAL_SURFACE('',#10321,1.45);
#10321 = AXIS2_PLACEMENT_3D('',#10322,#10323,#10324);
#10322 = CARTESIAN_POINT('',(55.,53.18,46.5));
#10323 = DIRECTION('',(0.,1.,-2.22044604925E-16));
#10324 = DIRECTION('',(-1.,2.6645352591E-32,1.2E-16));
#10325 = ADVANCED_FACE('',(#10326),#10337,.F.);
#10326 = FACE_BOUND('',#10327,.F.);
#10327 = EDGE_LOOP('',(#10328,#10329,#10335,#10336));
#10328 = ORIENTED_EDGE('',*,*,#5981,.F.);
#10329 = ORIENTED_EDGE('',*,*,#10330,.F.);
#10330 = EDGE_CURVE('',#5669,#5982,#10331,.T.);
#10331 = LINE('',#10332,#10333);
#10332 = CARTESIAN_POINT('',(47.05,53.18,52.8));
#10333 = VECTOR('',#10334,1.);
#10334 = DIRECTION('',(7.E-17,1.,-2.22044604925E-16));
#10335 = ORIENTED_EDGE('',*,*,#5668,.F.);
#10336 = ORIENTED_EDGE('',*,*,#10330,.T.);
#10337 = CYLINDRICAL_SURFACE('',#10338,1.45);
#10338 = AXIS2_PLACEMENT_3D('',#10339,#10340,#10341);
#10339 = CARTESIAN_POINT('',(48.5,53.18,52.8));
#10340 = DIRECTION('',(0.,1.,-2.22044604925E-16));
#10341 = DIRECTION('',(-1.,2.6645352591E-32,1.2E-16));
#10342 = ADVANCED_FACE('',(#10343),#10354,.F.);
#10343 = FACE_BOUND('',#10344,.F.);
#10344 = EDGE_LOOP('',(#10345,#10351,#10352,#10353));
#10345 = ORIENTED_EDGE('',*,*,#10346,.F.);
#10346 = EDGE_CURVE('',#5680,#5993,#10347,.T.);
#10347 = LINE('',#10348,#10349);
#10348 = CARTESIAN_POINT('',(26.45,53.18,46.5));
#10349 = VECTOR('',#10350,1.);
#10350 = DIRECTION('',(-7.E-17,1.,-2.22044604925E-16));
#10351 = ORIENTED_EDGE('',*,*,#5679,.T.);
#10352 = ORIENTED_EDGE('',*,*,#10346,.T.);
#10353 = ORIENTED_EDGE('',*,*,#5992,.F.);
#10354 = CYLINDRICAL_SURFACE('',#10355,1.45);
#10355 = AXIS2_PLACEMENT_3D('',#10356,#10357,#10358);
#10356 = CARTESIAN_POINT('',(25.,53.18,46.5));
#10357 = DIRECTION('',(0.,1.,-2.22044604925E-16));
#10358 = DIRECTION('',(1.,-1.354472090043E-31,-6.1E-16));
#10359 = ADVANCED_FACE('',(#10360),#10371,.F.);
#10360 = FACE_BOUND('',#10361,.F.);
#10361 = EDGE_LOOP('',(#10362,#10368,#10369,#10370));
#10362 = ORIENTED_EDGE('',*,*,#10363,.F.);
#10363 = EDGE_CURVE('',#5691,#6004,#10364,.T.);
#10364 = LINE('',#10365,#10366);
#10365 = CARTESIAN_POINT('',(32.95,53.18,52.8));
#10366 = VECTOR('',#10367,1.);
#10367 = DIRECTION('',(-7.E-17,1.,-2.22044604925E-16));
#10368 = ORIENTED_EDGE('',*,*,#5690,.T.);
#10369 = ORIENTED_EDGE('',*,*,#10363,.T.);
#10370 = ORIENTED_EDGE('',*,*,#6003,.F.);
#10371 = CYLINDRICAL_SURFACE('',#10372,1.45);
#10372 = AXIS2_PLACEMENT_3D('',#10373,#10374,#10375);
#10373 = CARTESIAN_POINT('',(31.5,53.18,52.8));
#10374 = DIRECTION('',(0.,1.,-2.22044604925E-16));
#10375 = DIRECTION('',(1.,-1.354472090043E-31,-6.1E-16));
#10376 = ADVANCED_FACE('',(#10377),#10383,.T.);
#10377 = FACE_BOUND('',#10378,.T.);
#10378 = EDGE_LOOP('',(#10379,#10380,#10381,#10382));
#10379 = ORIENTED_EDGE('',*,*,#5740,.T.);
#10380 = ORIENTED_EDGE('',*,*,#6028,.T.);
#10381 = ORIENTED_EDGE('',*,*,#6045,.F.);
#10382 = ORIENTED_EDGE('',*,*,#9526,.F.);
#10383 = CYLINDRICAL_SURFACE('',#10384,2.);
#10384 = AXIS2_PLACEMENT_3D('',#10385,#10386,#10387);
#10385 = CARTESIAN_POINT('',(14.2,58.18,7.));
#10386 = DIRECTION('',(0.,-1.,2.22044604925E-16));
#10387 = DIRECTION('',(3.9E-16,2.22044604925E-16,1.));
#10388 = ADVANCED_FACE('',(#10389),#10395,.T.);
#10389 = FACE_BOUND('',#10390,.T.);
#10390 = EDGE_LOOP('',(#10391,#10392,#10393,#10394));
#10391 = ORIENTED_EDGE('',*,*,#9788,.T.);
#10392 = ORIENTED_EDGE('',*,*,#6164,.T.);
#10393 = ORIENTED_EDGE('',*,*,#6345,.F.);
#10394 = ORIENTED_EDGE('',*,*,#5859,.F.);
#10395 = CYLINDRICAL_SURFACE('',#10396,2.);
#10396 = AXIS2_PLACEMENT_3D('',#10397,#10398,#10399);
#10397 = CARTESIAN_POINT('',(65.8,58.18,7.));
#10398 = DIRECTION('',(0.,-1.,2.22044604925E-16));
#10399 = DIRECTION('',(1.2E-16,2.22044604925E-16,1.));
#10400 = ADVANCED_FACE('',(#10401),#10412,.T.);
#10401 = FACE_BOUND('',#10402,.T.);
#10402 = EDGE_LOOP('',(#10403,#10410,#10411));
#10403 = ORIENTED_EDGE('',*,*,#10404,.F.);
#10404 = EDGE_CURVE('',#6428,#6447,#10405,.T.);
#10405 = CIRCLE('',#10406,1.45);
#10406 = AXIS2_PLACEMENT_3D('',#10407,#10408,#10409);
#10407 = CARTESIAN_POINT('',(16.5,-38.18,4.));
#10408 = DIRECTION('',(-2.4E-16,-2.044604925031E-18,-1.));
#10409 = DIRECTION('',(1.,-5.329070518201E-32,-2.4E-16));
#10410 = ORIENTED_EDGE('',*,*,#6427,.T.);
#10411 = ORIENTED_EDGE('',*,*,#6446,.T.);
#10412 = PLANE('',#10413);
#10413 = AXIS2_PLACEMENT_3D('',#10414,#10415,#10416);
#10414 = CARTESIAN_POINT('',(18.378481012658,-37.68,4.));
#10415 = DIRECTION('',(-3.6E-16,-2.22044604925E-16,-1.));
#10416 = DIRECTION('',(1.,-7.993605777301E-32,-3.6E-16));
#10417 = ADVANCED_FACE('',(#10418),#10437,.T.);
#10418 = FACE_BOUND('',#10419,.T.);
#10419 = EDGE_LOOP('',(#10420,#10429,#10430));
#10420 = ORIENTED_EDGE('',*,*,#10421,.F.);
#10421 = EDGE_CURVE('',#6447,#10422,#10424,.T.);
#10422 = VERTEX_POINT('',#10423);
#10423 = CARTESIAN_POINT('',(17.95,-38.18,4.));
#10424 = CIRCLE('',#10425,1.45);
#10425 = AXIS2_PLACEMENT_3D('',#10426,#10427,#10428);
#10426 = CARTESIAN_POINT('',(16.5,-38.18,4.));
#10427 = DIRECTION('',(-2.4E-16,-2.044604925031E-18,-1.));
#10428 = DIRECTION('',(1.,-5.329070518201E-32,-2.4E-16));
#10429 = ORIENTED_EDGE('',*,*,#6455,.T.);
#10430 = ORIENTED_EDGE('',*,*,#10431,.F.);
#10431 = EDGE_CURVE('',#10422,#6428,#10432,.T.);
#10432 = CIRCLE('',#10433,1.45);
#10433 = AXIS2_PLACEMENT_3D('',#10434,#10435,#10436);
#10434 = CARTESIAN_POINT('',(16.5,-38.18,4.));
#10435 = DIRECTION('',(-2.4E-16,-2.044604925031E-18,-1.));
#10436 = DIRECTION('',(1.,-5.329070518201E-32,-2.4E-16));
#10437 = PLANE('',#10438);
#10438 = AXIS2_PLACEMENT_3D('',#10439,#10440,#10441);
#10439 = CARTESIAN_POINT('',(0.,0.,4.));
#10440 = DIRECTION('',(0.,0.,1.));
#10441 = DIRECTION('',(1.,0.,0.));
#10442 = ADVANCED_FACE('',(#10443),#10454,.T.);
#10443 = FACE_BOUND('',#10444,.T.);
#10444 = EDGE_LOOP('',(#10445,#10452,#10453));
#10445 = ORIENTED_EDGE('',*,*,#10446,.F.);
#10446 = EDGE_CURVE('',#6471,#6490,#10447,.T.);
#10447 = CIRCLE('',#10448,1.45);
#10448 = AXIS2_PLACEMENT_3D('',#10449,#10450,#10451);
#10449 = CARTESIAN_POINT('',(63.5,-38.18,4.));
#10450 = DIRECTION('',(-1.2E-16,-2.044604925031E-18,-1.));
#10451 = DIRECTION('',(-1.,2.6645352591E-32,1.2E-16));
#10452 = ORIENTED_EDGE('',*,*,#6470,.T.);
#10453 = ORIENTED_EDGE('',*,*,#6489,.T.);
#10454 = PLANE('',#10455);
#10455 = AXIS2_PLACEMENT_3D('',#10456,#10457,#10458);
#10456 = CARTESIAN_POINT('',(61.62151898734,-37.68,4.));
#10457 = DIRECTION('',(-1.2E-16,-2.22044604925E-16,-1.));
#10458 = DIRECTION('',(0.,1.,-2.22044604925E-16));
#10459 = ADVANCED_FACE('',(#10460),#10479,.T.);
#10460 = FACE_BOUND('',#10461,.T.);
#10461 = EDGE_LOOP('',(#10462,#10471,#10472));
#10462 = ORIENTED_EDGE('',*,*,#10463,.F.);
#10463 = EDGE_CURVE('',#6490,#10464,#10466,.T.);
#10464 = VERTEX_POINT('',#10465);
#10465 = CARTESIAN_POINT('',(62.05,-38.18,4.));
#10466 = CIRCLE('',#10467,1.45);
#10467 = AXIS2_PLACEMENT_3D('',#10468,#10469,#10470);
#10468 = CARTESIAN_POINT('',(63.5,-38.18,4.));
#10469 = DIRECTION('',(-1.2E-16,-2.044604925031E-18,-1.));
#10470 = DIRECTION('',(-1.,2.6645352591E-32,1.2E-16));
#10471 = ORIENTED_EDGE('',*,*,#6498,.T.);
#10472 = ORIENTED_EDGE('',*,*,#10473,.F.);
#10473 = EDGE_CURVE('',#10464,#6471,#10474,.T.);
#10474 = CIRCLE('',#10475,1.45);
#10475 = AXIS2_PLACEMENT_3D('',#10476,#10477,#10478);
#10476 = CARTESIAN_POINT('',(63.5,-38.18,4.));
#10477 = DIRECTION('',(-1.2E-16,-2.044604925031E-18,-1.));
#10478 = DIRECTION('',(-1.,2.6645352591E-32,1.2E-16));
#10479 = PLANE('',#10480);
#10480 = AXIS2_PLACEMENT_3D('',#10481,#10482,#10483);
#10481 = CARTESIAN_POINT('',(0.,0.,4.));
#10482 = DIRECTION('',(0.,0.,1.));
#10483 = DIRECTION('',(1.,0.,0.));
#10484 = ADVANCED_FACE('',(#10485),#10498,.F.);
#10485 = FACE_BOUND('',#10486,.F.);
#10486 = EDGE_LOOP('',(#10487,#10488,#10494,#10495,#10496,#10497));
#10487 = ORIENTED_EDGE('',*,*,#7613,.T.);
#10488 = ORIENTED_EDGE('',*,*,#10489,.T.);
#10489 = EDGE_CURVE('',#7614,#10422,#10490,.T.);
#10490 = LINE('',#10491,#10492);
#10491 = CARTESIAN_POINT('',(17.95,-38.18,9.));
#10492 = VECTOR('',#10493,1.);
#10493 = DIRECTION('',(-3.3E-16,-2.044604925031E-18,-1.));
#10494 = ORIENTED_EDGE('',*,*,#10421,.F.);
#10495 = ORIENTED_EDGE('',*,*,#10404,.F.);
#10496 = ORIENTED_EDGE('',*,*,#10431,.F.);
#10497 = ORIENTED_EDGE('',*,*,#10489,.F.);
#10498 = CYLINDRICAL_SURFACE('',#10499,1.45);
#10499 = AXIS2_PLACEMENT_3D('',#10500,#10501,#10502);
#10500 = CARTESIAN_POINT('',(16.5,-38.18,9.));
#10501 = DIRECTION('',(-2.4E-16,-2.044604925031E-18,-1.));
#10502 = DIRECTION('',(1.,-5.329070518201E-32,-2.4E-16));
#10503 = ADVANCED_FACE('',(#10504),#10517,.F.);
#10504 = FACE_BOUND('',#10505,.F.);
#10505 = EDGE_LOOP('',(#10506,#10512,#10513,#10514,#10515,#10516));
#10506 = ORIENTED_EDGE('',*,*,#10507,.T.);
#10507 = EDGE_CURVE('',#7880,#10464,#10508,.T.);
#10508 = LINE('',#10509,#10510);
#10509 = CARTESIAN_POINT('',(62.05,-38.18,9.));
#10510 = VECTOR('',#10511,1.);
#10511 = DIRECTION('',(-4.E-17,-2.044604925031E-18,-1.));
#10512 = ORIENTED_EDGE('',*,*,#10463,.F.);
#10513 = ORIENTED_EDGE('',*,*,#10446,.F.);
#10514 = ORIENTED_EDGE('',*,*,#10473,.F.);
#10515 = ORIENTED_EDGE('',*,*,#10507,.F.);
#10516 = ORIENTED_EDGE('',*,*,#7879,.F.);
#10517 = CYLINDRICAL_SURFACE('',#10518,1.45);
#10518 = AXIS2_PLACEMENT_3D('',#10519,#10520,#10521);
#10519 = CARTESIAN_POINT('',(63.5,-38.18,9.));
#10520 = DIRECTION('',(-1.2E-16,-2.044604925031E-18,-1.));
#10521 = DIRECTION('',(-1.,2.6645352591E-32,1.2E-16));
#10522 = ADVANCED_FACE('',(#10523),#10533,.F.);
#10523 = FACE_BOUND('',#10524,.F.);
#10524 = EDGE_LOOP('',(#10525,#10526,#10531,#10532));
#10525 = ORIENTED_EDGE('',*,*,#796,.F.);
#10526 = ORIENTED_EDGE('',*,*,#10527,.F.);
#10527 = EDGE_CURVE('',#6836,#797,#10528,.T.);
#10528 = B_SPLINE_CURVE_WITH_KNOTS('',1,(#10529,#10530),.UNSPECIFIED.,
  .F.,.F.,(2,2),(-5.,4.),.PIECEWISE_BEZIER_KNOTS.);
#10529 = CARTESIAN_POINT('',(-62.05,-55.68,9.));
#10530 = CARTESIAN_POINT('',(-62.05,-55.68,0.));
#10531 = ORIENTED_EDGE('',*,*,#6835,.F.);
#10532 = ORIENTED_EDGE('',*,*,#10527,.T.);
#10533 = CYLINDRICAL_SURFACE('',#10534,1.45);
#10534 = AXIS2_PLACEMENT_3D('',#10535,#10536,#10537);
#10535 = CARTESIAN_POINT('',(-63.5,-55.68,4.));
#10536 = DIRECTION('',(-0.,-0.,-1.));
#10537 = DIRECTION('',(1.,0.,0.));
#10538 = ADVANCED_FACE('',(#10539),#10549,.F.);
#10539 = FACE_BOUND('',#10540,.F.);
#10540 = EDGE_LOOP('',(#10541,#10542,#10547,#10548));
#10541 = ORIENTED_EDGE('',*,*,#807,.F.);
#10542 = ORIENTED_EDGE('',*,*,#10543,.F.);
#10543 = EDGE_CURVE('',#6858,#808,#10544,.T.);
#10544 = B_SPLINE_CURVE_WITH_KNOTS('',1,(#10545,#10546),.UNSPECIFIED.,
  .F.,.F.,(2,2),(-5.,4.),.PIECEWISE_BEZIER_KNOTS.);
#10545 = CARTESIAN_POINT('',(-62.05,-37.18,9.));
#10546 = CARTESIAN_POINT('',(-62.05,-37.18,0.));
#10547 = ORIENTED_EDGE('',*,*,#6857,.F.);
#10548 = ORIENTED_EDGE('',*,*,#10543,.T.);
#10549 = CYLINDRICAL_SURFACE('',#10550,1.45);
#10550 = AXIS2_PLACEMENT_3D('',#10551,#10552,#10553);
#10551 = CARTESIAN_POINT('',(-63.5,-37.18,4.));
#10552 = DIRECTION('',(-0.,-0.,-1.));
#10553 = DIRECTION('',(1.,0.,0.));
#10554 = ADVANCED_FACE('',(#10555),#10566,.F.);
#10555 = FACE_BOUND('',#10556,.F.);
#10556 = EDGE_LOOP('',(#10557,#10558,#10563,#10564,#10565));
#10557 = ORIENTED_EDGE('',*,*,#818,.F.);
#10558 = ORIENTED_EDGE('',*,*,#10559,.F.);
#10559 = EDGE_CURVE('',#6570,#819,#10560,.T.);
#10560 = B_SPLINE_CURVE_WITH_KNOTS('',1,(#10561,#10562),.UNSPECIFIED.,
  .F.,.F.,(2,2),(-5.,4.),.PIECEWISE_BEZIER_KNOTS.);
#10561 = CARTESIAN_POINT('',(-15.05,-55.68,9.));
#10562 = CARTESIAN_POINT('',(-15.05,-55.68,0.));
#10563 = ORIENTED_EDGE('',*,*,#6578,.T.);
#10564 = ORIENTED_EDGE('',*,*,#6567,.T.);
#10565 = ORIENTED_EDGE('',*,*,#10559,.T.);
#10566 = CYLINDRICAL_SURFACE('',#10567,1.45);
#10567 = AXIS2_PLACEMENT_3D('',#10568,#10569,#10570);
#10568 = CARTESIAN_POINT('',(-16.5,-55.68,4.));
#10569 = DIRECTION('',(-0.,-0.,-1.));
#10570 = DIRECTION('',(1.,0.,0.));
#10571 = ADVANCED_FACE('',(#10572),#10583,.F.);
#10572 = FACE_BOUND('',#10573,.F.);
#10573 = EDGE_LOOP('',(#10574,#10575,#10580,#10581,#10582));
#10574 = ORIENTED_EDGE('',*,*,#829,.F.);
#10575 = ORIENTED_EDGE('',*,*,#10576,.F.);
#10576 = EDGE_CURVE('',#6590,#830,#10577,.T.);
#10577 = B_SPLINE_CURVE_WITH_KNOTS('',1,(#10578,#10579),.UNSPECIFIED.,
  .F.,.F.,(2,2),(-5.,4.),.PIECEWISE_BEZIER_KNOTS.);
#10578 = CARTESIAN_POINT('',(-15.05,-37.18,9.));
#10579 = CARTESIAN_POINT('',(-15.05,-37.18,0.));
#10580 = ORIENTED_EDGE('',*,*,#6598,.T.);
#10581 = ORIENTED_EDGE('',*,*,#6587,.T.);
#10582 = ORIENTED_EDGE('',*,*,#10576,.T.);
#10583 = CYLINDRICAL_SURFACE('',#10584,1.45);
#10584 = AXIS2_PLACEMENT_3D('',#10585,#10586,#10587);
#10585 = CARTESIAN_POINT('',(-16.5,-37.18,4.));
#10586 = DIRECTION('',(-0.,-0.,-1.));
#10587 = DIRECTION('',(1.,0.,0.));
#10588 = ADVANCED_FACE('',(#10589),#10599,.F.);
#10589 = FACE_BOUND('',#10590,.F.);
#10590 = EDGE_LOOP('',(#10591,#10592,#10597,#10598));
#10591 = ORIENTED_EDGE('',*,*,#840,.F.);
#10592 = ORIENTED_EDGE('',*,*,#10593,.F.);
#10593 = EDGE_CURVE('',#6847,#841,#10594,.T.);
#10594 = B_SPLINE_CURVE_WITH_KNOTS('',1,(#10595,#10596),.UNSPECIFIED.,
  .F.,.F.,(2,2),(-5.,4.),.PIECEWISE_BEZIER_KNOTS.);
#10595 = CARTESIAN_POINT('',(-62.05,-19.68,9.));
#10596 = CARTESIAN_POINT('',(-62.05,-19.68,0.));
#10597 = ORIENTED_EDGE('',*,*,#6846,.F.);
#10598 = ORIENTED_EDGE('',*,*,#10593,.T.);
#10599 = CYLINDRICAL_SURFACE('',#10600,1.45);
#10600 = AXIS2_PLACEMENT_3D('',#10601,#10602,#10603);
#10601 = CARTESIAN_POINT('',(-63.5,-19.68,4.));
#10602 = DIRECTION('',(-0.,-0.,-1.));
#10603 = DIRECTION('',(1.,0.,0.));
#10604 = ADVANCED_FACE('',(#10605),#10616,.F.);
#10605 = FACE_BOUND('',#10606,.F.);
#10606 = EDGE_LOOP('',(#10607,#10608,#10613,#10614,#10615));
#10607 = ORIENTED_EDGE('',*,*,#862,.F.);
#10608 = ORIENTED_EDGE('',*,*,#10609,.F.);
#10609 = EDGE_CURVE('',#6610,#863,#10610,.T.);
#10610 = B_SPLINE_CURVE_WITH_KNOTS('',1,(#10611,#10612),.UNSPECIFIED.,
  .F.,.F.,(2,2),(-5.,4.),.PIECEWISE_BEZIER_KNOTS.);
#10611 = CARTESIAN_POINT('',(-15.05,-19.68,9.));
#10612 = CARTESIAN_POINT('',(-15.05,-19.68,0.));
#10613 = ORIENTED_EDGE('',*,*,#6618,.T.);
#10614 = ORIENTED_EDGE('',*,*,#6607,.T.);
#10615 = ORIENTED_EDGE('',*,*,#10609,.T.);
#10616 = CYLINDRICAL_SURFACE('',#10617,1.45);
#10617 = AXIS2_PLACEMENT_3D('',#10618,#10619,#10620);
#10618 = CARTESIAN_POINT('',(-16.5,-19.68,4.));
#10619 = DIRECTION('',(-0.,-0.,-1.));
#10620 = DIRECTION('',(1.,0.,0.));
#10621 = ADVANCED_FACE('',(#10622),#10633,.F.);
#10622 = FACE_BOUND('',#10623,.F.);
#10623 = EDGE_LOOP('',(#10624,#10625,#10630,#10631,#10632));
#10624 = ORIENTED_EDGE('',*,*,#884,.F.);
#10625 = ORIENTED_EDGE('',*,*,#10626,.F.);
#10626 = EDGE_CURVE('',#7627,#885,#10627,.T.);
#10627 = B_SPLINE_CURVE_WITH_KNOTS('',1,(#10628,#10629),.UNSPECIFIED.,
  .F.,.F.,(2,2),(-5.,4.),.PIECEWISE_BEZIER_KNOTS.);
#10628 = CARTESIAN_POINT('',(15.05,-55.68,9.));
#10629 = CARTESIAN_POINT('',(15.05,-55.68,0.));
#10630 = ORIENTED_EDGE('',*,*,#7635,.T.);
#10631 = ORIENTED_EDGE('',*,*,#7624,.T.);
#10632 = ORIENTED_EDGE('',*,*,#10626,.T.);
#10633 = CYLINDRICAL_SURFACE('',#10634,1.45);
#10634 = AXIS2_PLACEMENT_3D('',#10635,#10636,#10637);
#10635 = CARTESIAN_POINT('',(16.5,-55.68,4.));
#10636 = DIRECTION('',(0.,0.,-1.));
#10637 = DIRECTION('',(-1.,0.,0.));
#10638 = ADVANCED_FACE('',(#10639),#10649,.F.);
#10639 = FACE_BOUND('',#10640,.F.);
#10640 = EDGE_LOOP('',(#10641,#10642,#10647,#10648));
#10641 = ORIENTED_EDGE('',*,*,#906,.F.);
#10642 = ORIENTED_EDGE('',*,*,#10643,.F.);
#10643 = EDGE_CURVE('',#7869,#907,#10644,.T.);
#10644 = B_SPLINE_CURVE_WITH_KNOTS('',1,(#10645,#10646),.UNSPECIFIED.,
  .F.,.F.,(2,2),(-5.,4.),.PIECEWISE_BEZIER_KNOTS.);
#10645 = CARTESIAN_POINT('',(62.05,-55.68,9.));
#10646 = CARTESIAN_POINT('',(62.05,-55.68,0.));
#10647 = ORIENTED_EDGE('',*,*,#7868,.F.);
#10648 = ORIENTED_EDGE('',*,*,#10643,.T.);
#10649 = CYLINDRICAL_SURFACE('',#10650,1.45);
#10650 = AXIS2_PLACEMENT_3D('',#10651,#10652,#10653);
#10651 = CARTESIAN_POINT('',(63.5,-55.68,4.));
#10652 = DIRECTION('',(0.,0.,-1.));
#10653 = DIRECTION('',(-1.,0.,0.));
#10654 = ADVANCED_FACE('',(#10655),#10666,.F.);
#10655 = FACE_BOUND('',#10656,.F.);
#10656 = EDGE_LOOP('',(#10657,#10658,#10663,#10664,#10665));
#10657 = ORIENTED_EDGE('',*,*,#939,.F.);
#10658 = ORIENTED_EDGE('',*,*,#10659,.F.);
#10659 = EDGE_CURVE('',#7596,#940,#10660,.T.);
#10660 = B_SPLINE_CURVE_WITH_KNOTS('',1,(#10661,#10662),.UNSPECIFIED.,
  .F.,.F.,(2,2),(-5.,4.),.PIECEWISE_BEZIER_KNOTS.);
#10661 = CARTESIAN_POINT('',(15.05,-19.68,9.));
#10662 = CARTESIAN_POINT('',(15.05,-19.68,0.));
#10663 = ORIENTED_EDGE('',*,*,#7604,.T.);
#10664 = ORIENTED_EDGE('',*,*,#7593,.T.);
#10665 = ORIENTED_EDGE('',*,*,#10659,.T.);
#10666 = CYLINDRICAL_SURFACE('',#10667,1.45);
#10667 = AXIS2_PLACEMENT_3D('',#10668,#10669,#10670);
#10668 = CARTESIAN_POINT('',(16.5,-19.68,4.));
#10669 = DIRECTION('',(0.,0.,-1.));
#10670 = DIRECTION('',(-1.,0.,0.));
#10671 = ADVANCED_FACE('',(#10672),#10682,.F.);
#10672 = FACE_BOUND('',#10673,.F.);
#10673 = EDGE_LOOP('',(#10674,#10675,#10680,#10681));
#10674 = ORIENTED_EDGE('',*,*,#950,.F.);
#10675 = ORIENTED_EDGE('',*,*,#10676,.F.);
#10676 = EDGE_CURVE('',#7858,#951,#10677,.T.);
#10677 = B_SPLINE_CURVE_WITH_KNOTS('',1,(#10678,#10679),.UNSPECIFIED.,
  .F.,.F.,(2,2),(-5.,4.),.PIECEWISE_BEZIER_KNOTS.);
#10678 = CARTESIAN_POINT('',(62.05,-19.68,9.));
#10679 = CARTESIAN_POINT('',(62.05,-19.68,0.));
#10680 = ORIENTED_EDGE('',*,*,#7857,.F.);
#10681 = ORIENTED_EDGE('',*,*,#10676,.T.);
#10682 = CYLINDRICAL_SURFACE('',#10683,1.45);
#10683 = AXIS2_PLACEMENT_3D('',#10684,#10685,#10686);
#10684 = CARTESIAN_POINT('',(63.5,-19.68,4.));
#10685 = DIRECTION('',(0.,0.,-1.));
#10686 = DIRECTION('',(-1.,0.,0.));
#10687 = ADVANCED_FACE('',(#10688),#10698,.F.);
#10688 = FACE_BOUND('',#10689,.F.);
#10689 = EDGE_LOOP('',(#10690,#10691,#10696,#10697));
#10690 = ORIENTED_EDGE('',*,*,#972,.F.);
#10691 = ORIENTED_EDGE('',*,*,#10692,.F.);
#10692 = EDGE_CURVE('',#8582,#973,#10693,.T.);
#10693 = B_SPLINE_CURVE_WITH_KNOTS('',1,(#10694,#10695),.UNSPECIFIED.,
  .F.,.F.,(2,2),(-5.,4.),.PIECEWISE_BEZIER_KNOTS.);
#10694 = CARTESIAN_POINT('',(-62.05,19.68,9.));
#10695 = CARTESIAN_POINT('',(-62.05,19.68,0.));
#10696 = ORIENTED_EDGE('',*,*,#8581,.T.);
#10697 = ORIENTED_EDGE('',*,*,#10692,.T.);
#10698 = CYLINDRICAL_SURFACE('',#10699,1.45);
#10699 = AXIS2_PLACEMENT_3D('',#10700,#10701,#10702);
#10700 = CARTESIAN_POINT('',(-63.5,19.68,4.));
#10701 = DIRECTION('',(0.,0.,-1.));
#10702 = DIRECTION('',(1.,0.,0.));
#10703 = ADVANCED_FACE('',(#10704),#10715,.F.);
#10704 = FACE_BOUND('',#10705,.F.);
#10705 = EDGE_LOOP('',(#10706,#10707,#10712,#10713,#10714));
#10706 = ORIENTED_EDGE('',*,*,#983,.F.);
#10707 = ORIENTED_EDGE('',*,*,#10708,.F.);
#10708 = EDGE_CURVE('',#8828,#984,#10709,.T.);
#10709 = B_SPLINE_CURVE_WITH_KNOTS('',1,(#10710,#10711),.UNSPECIFIED.,
  .F.,.F.,(2,2),(-5.,4.),.PIECEWISE_BEZIER_KNOTS.);
#10710 = CARTESIAN_POINT('',(-15.05,19.68,9.));
#10711 = CARTESIAN_POINT('',(-15.05,19.68,0.));
#10712 = ORIENTED_EDGE('',*,*,#8825,.F.);
#10713 = ORIENTED_EDGE('',*,*,#8836,.F.);
#10714 = ORIENTED_EDGE('',*,*,#10708,.T.);
#10715 = CYLINDRICAL_SURFACE('',#10716,1.45);
#10716 = AXIS2_PLACEMENT_3D('',#10717,#10718,#10719);
#10717 = CARTESIAN_POINT('',(-16.5,19.68,4.));
#10718 = DIRECTION('',(0.,0.,-1.));
#10719 = DIRECTION('',(1.,0.,0.));
#10720 = ADVANCED_FACE('',(#10721),#10731,.F.);
#10721 = FACE_BOUND('',#10722,.F.);
#10722 = EDGE_LOOP('',(#10723,#10724,#10729,#10730));
#10723 = ORIENTED_EDGE('',*,*,#994,.F.);
#10724 = ORIENTED_EDGE('',*,*,#10725,.F.);
#10725 = EDGE_CURVE('',#8571,#995,#10726,.T.);
#10726 = B_SPLINE_CURVE_WITH_KNOTS('',1,(#10727,#10728),.UNSPECIFIED.,
  .F.,.F.,(2,2),(-5.,4.),.PIECEWISE_BEZIER_KNOTS.);
#10727 = CARTESIAN_POINT('',(-62.05,37.18,9.));
#10728 = CARTESIAN_POINT('',(-62.05,37.18,0.));
#10729 = ORIENTED_EDGE('',*,*,#8570,.T.);
#10730 = ORIENTED_EDGE('',*,*,#10725,.T.);
#10731 = CYLINDRICAL_SURFACE('',#10732,1.45);
#10732 = AXIS2_PLACEMENT_3D('',#10733,#10734,#10735);
#10733 = CARTESIAN_POINT('',(-63.5,37.18,4.));
#10734 = DIRECTION('',(0.,0.,-1.));
#10735 = DIRECTION('',(1.,0.,0.));
#10736 = ADVANCED_FACE('',(#10737),#10747,.F.);
#10737 = FACE_BOUND('',#10738,.F.);
#10738 = EDGE_LOOP('',(#10739,#10740,#10745,#10746));
#10739 = ORIENTED_EDGE('',*,*,#1016,.F.);
#10740 = ORIENTED_EDGE('',*,*,#10741,.F.);
#10741 = EDGE_CURVE('',#8560,#1017,#10742,.T.);
#10742 = B_SPLINE_CURVE_WITH_KNOTS('',1,(#10743,#10744),.UNSPECIFIED.,
  .F.,.F.,(2,2),(-5.,4.),.PIECEWISE_BEZIER_KNOTS.);
#10743 = CARTESIAN_POINT('',(-62.05,55.68,9.));
#10744 = CARTESIAN_POINT('',(-62.05,55.68,0.));
#10745 = ORIENTED_EDGE('',*,*,#8559,.T.);
#10746 = ORIENTED_EDGE('',*,*,#10741,.T.);
#10747 = CYLINDRICAL_SURFACE('',#10748,1.45);
#10748 = AXIS2_PLACEMENT_3D('',#10749,#10750,#10751);
#10749 = CARTESIAN_POINT('',(-63.5,55.68,4.));
#10750 = DIRECTION('',(0.,0.,-1.));
#10751 = DIRECTION('',(1.,0.,0.));
#10752 = ADVANCED_FACE('',(#10753),#10764,.F.);
#10753 = FACE_BOUND('',#10754,.F.);
#10754 = EDGE_LOOP('',(#10755,#10756,#10761,#10762,#10763));
#10755 = ORIENTED_EDGE('',*,*,#1027,.F.);
#10756 = ORIENTED_EDGE('',*,*,#10757,.F.);
#10757 = EDGE_CURVE('',#8848,#1028,#10758,.T.);
#10758 = B_SPLINE_CURVE_WITH_KNOTS('',1,(#10759,#10760),.UNSPECIFIED.,
  .F.,.F.,(2,2),(-5.,4.),.PIECEWISE_BEZIER_KNOTS.);
#10759 = CARTESIAN_POINT('',(-15.05,37.18,9.));
#10760 = CARTESIAN_POINT('',(-15.05,37.18,0.));
#10761 = ORIENTED_EDGE('',*,*,#8845,.F.);
#10762 = ORIENTED_EDGE('',*,*,#8856,.F.);
#10763 = ORIENTED_EDGE('',*,*,#10757,.T.);
#10764 = CYLINDRICAL_SURFACE('',#10765,1.45);
#10765 = AXIS2_PLACEMENT_3D('',#10766,#10767,#10768);
#10766 = CARTESIAN_POINT('',(-16.5,37.18,4.));
#10767 = DIRECTION('',(0.,0.,-1.));
#10768 = DIRECTION('',(1.,0.,0.));
#10769 = ADVANCED_FACE('',(#10770),#10781,.F.);
#10770 = FACE_BOUND('',#10771,.F.);
#10771 = EDGE_LOOP('',(#10772,#10773,#10778,#10779,#10780));
#10772 = ORIENTED_EDGE('',*,*,#1038,.F.);
#10773 = ORIENTED_EDGE('',*,*,#10774,.F.);
#10774 = EDGE_CURVE('',#8808,#1039,#10775,.T.);
#10775 = B_SPLINE_CURVE_WITH_KNOTS('',1,(#10776,#10777),.UNSPECIFIED.,
  .F.,.F.,(2,2),(-5.,4.),.PIECEWISE_BEZIER_KNOTS.);
#10776 = CARTESIAN_POINT('',(-15.05,55.68,9.));
#10777 = CARTESIAN_POINT('',(-15.05,55.68,0.));
#10778 = ORIENTED_EDGE('',*,*,#8805,.F.);
#10779 = ORIENTED_EDGE('',*,*,#8816,.F.);
#10780 = ORIENTED_EDGE('',*,*,#10774,.T.);
#10781 = CYLINDRICAL_SURFACE('',#10782,1.45);
#10782 = AXIS2_PLACEMENT_3D('',#10783,#10784,#10785);
#10783 = CARTESIAN_POINT('',(-16.5,55.68,4.));
#10784 = DIRECTION('',(0.,0.,-1.));
#10785 = DIRECTION('',(1.,0.,0.));
#10786 = ADVANCED_FACE('',(#10787),#10798,.F.);
#10787 = FACE_BOUND('',#10788,.F.);
#10788 = EDGE_LOOP('',(#10789,#10790,#10795,#10796,#10797));
#10789 = ORIENTED_EDGE('',*,*,#1049,.F.);
#10790 = ORIENTED_EDGE('',*,*,#10791,.F.);
#10791 = EDGE_CURVE('',#9577,#1050,#10792,.T.);
#10792 = B_SPLINE_CURVE_WITH_KNOTS('',1,(#10793,#10794),.UNSPECIFIED.,
  .F.,.F.,(2,2),(-5.,4.),.PIECEWISE_BEZIER_KNOTS.);
#10793 = CARTESIAN_POINT('',(15.05,19.68,9.));
#10794 = CARTESIAN_POINT('',(15.05,19.68,0.));
#10795 = ORIENTED_EDGE('',*,*,#9585,.T.);
#10796 = ORIENTED_EDGE('',*,*,#9574,.T.);
#10797 = ORIENTED_EDGE('',*,*,#10791,.T.);
#10798 = CYLINDRICAL_SURFACE('',#10799,1.45);
#10799 = AXIS2_PLACEMENT_3D('',#10800,#10801,#10802);
#10800 = CARTESIAN_POINT('',(16.5,19.68,4.));
#10801 = DIRECTION('',(0.,0.,-1.));
#10802 = DIRECTION('',(-1.,0.,0.));
#10803 = ADVANCED_FACE('',(#10804),#10814,.F.);
#10804 = FACE_BOUND('',#10805,.F.);
#10805 = EDGE_LOOP('',(#10806,#10807,#10812,#10813));
#10806 = ORIENTED_EDGE('',*,*,#1060,.F.);
#10807 = ORIENTED_EDGE('',*,*,#10808,.F.);
#10808 = EDGE_CURVE('',#9819,#1061,#10809,.T.);
#10809 = B_SPLINE_CURVE_WITH_KNOTS('',1,(#10810,#10811),.UNSPECIFIED.,
  .F.,.F.,(2,2),(-5.,4.),.PIECEWISE_BEZIER_KNOTS.);
#10810 = CARTESIAN_POINT('',(62.05,19.68,9.));
#10811 = CARTESIAN_POINT('',(62.05,19.68,0.));
#10812 = ORIENTED_EDGE('',*,*,#9818,.F.);
#10813 = ORIENTED_EDGE('',*,*,#10808,.T.);
#10814 = CYLINDRICAL_SURFACE('',#10815,1.45);
#10815 = AXIS2_PLACEMENT_3D('',#10816,#10817,#10818);
#10816 = CARTESIAN_POINT('',(63.5,19.68,4.));
#10817 = DIRECTION('',(0.,0.,-1.));
#10818 = DIRECTION('',(-1.,0.,0.));
#10819 = ADVANCED_FACE('',(#10820),#10831,.F.);
#10820 = FACE_BOUND('',#10821,.F.);
#10821 = EDGE_LOOP('',(#10822,#10823,#10828,#10829,#10830));
#10822 = ORIENTED_EDGE('',*,*,#1071,.F.);
#10823 = ORIENTED_EDGE('',*,*,#10824,.F.);
#10824 = EDGE_CURVE('',#9557,#1072,#10825,.T.);
#10825 = B_SPLINE_CURVE_WITH_KNOTS('',1,(#10826,#10827),.UNSPECIFIED.,
  .F.,.F.,(2,2),(-5.,4.),.PIECEWISE_BEZIER_KNOTS.);
#10826 = CARTESIAN_POINT('',(15.05,37.18,9.));
#10827 = CARTESIAN_POINT('',(15.05,37.18,0.));
#10828 = ORIENTED_EDGE('',*,*,#9565,.T.);
#10829 = ORIENTED_EDGE('',*,*,#9554,.T.);
#10830 = ORIENTED_EDGE('',*,*,#10824,.T.);
#10831 = CYLINDRICAL_SURFACE('',#10832,1.45);
#10832 = AXIS2_PLACEMENT_3D('',#10833,#10834,#10835);
#10833 = CARTESIAN_POINT('',(16.5,37.18,4.));
#10834 = DIRECTION('',(0.,0.,-1.));
#10835 = DIRECTION('',(-1.,0.,0.));
#10836 = ADVANCED_FACE('',(#10837),#10848,.F.);
#10837 = FACE_BOUND('',#10838,.F.);
#10838 = EDGE_LOOP('',(#10839,#10840,#10845,#10846,#10847));
#10839 = ORIENTED_EDGE('',*,*,#1093,.F.);
#10840 = ORIENTED_EDGE('',*,*,#10841,.F.);
#10841 = EDGE_CURVE('',#9537,#1094,#10842,.T.);
#10842 = B_SPLINE_CURVE_WITH_KNOTS('',1,(#10843,#10844),.UNSPECIFIED.,
  .F.,.F.,(2,2),(-5.,4.),.PIECEWISE_BEZIER_KNOTS.);
#10843 = CARTESIAN_POINT('',(15.05,55.68,9.));
#10844 = CARTESIAN_POINT('',(15.05,55.68,0.));
#10845 = ORIENTED_EDGE('',*,*,#9545,.T.);
#10846 = ORIENTED_EDGE('',*,*,#9534,.T.);
#10847 = ORIENTED_EDGE('',*,*,#10841,.T.);
#10848 = CYLINDRICAL_SURFACE('',#10849,1.45);
#10849 = AXIS2_PLACEMENT_3D('',#10850,#10851,#10852);
#10850 = CARTESIAN_POINT('',(16.5,55.68,4.));
#10851 = DIRECTION('',(0.,0.,-1.));
#10852 = DIRECTION('',(-1.,0.,0.));
#10853 = ADVANCED_FACE('',(#10854),#10864,.F.);
#10854 = FACE_BOUND('',#10855,.F.);
#10855 = EDGE_LOOP('',(#10856,#10857,#10862,#10863));
#10856 = ORIENTED_EDGE('',*,*,#1104,.F.);
#10857 = ORIENTED_EDGE('',*,*,#10858,.F.);
#10858 = EDGE_CURVE('',#9830,#1105,#10859,.T.);
#10859 = B_SPLINE_CURVE_WITH_KNOTS('',1,(#10860,#10861),.UNSPECIFIED.,
  .F.,.F.,(2,2),(-5.,4.),.PIECEWISE_BEZIER_KNOTS.);
#10860 = CARTESIAN_POINT('',(62.05,37.18,9.));
#10861 = CARTESIAN_POINT('',(62.05,37.18,0.));
#10862 = ORIENTED_EDGE('',*,*,#9829,.F.);
#10863 = ORIENTED_EDGE('',*,*,#10858,.T.);
#10864 = CYLINDRICAL_SURFACE('',#10865,1.45);
#10865 = AXIS2_PLACEMENT_3D('',#10866,#10867,#10868);
#10866 = CARTESIAN_POINT('',(63.5,37.18,4.));
#10867 = DIRECTION('',(0.,0.,-1.));
#10868 = DIRECTION('',(-1.,0.,0.));
#10869 = ADVANCED_FACE('',(#10870),#10880,.F.);
#10870 = FACE_BOUND('',#10871,.F.);
#10871 = EDGE_LOOP('',(#10872,#10873,#10878,#10879));
#10872 = ORIENTED_EDGE('',*,*,#1115,.F.);
#10873 = ORIENTED_EDGE('',*,*,#10874,.F.);
#10874 = EDGE_CURVE('',#9808,#1116,#10875,.T.);
#10875 = B_SPLINE_CURVE_WITH_KNOTS('',1,(#10876,#10877),.UNSPECIFIED.,
  .F.,.F.,(2,2),(-5.,4.),.PIECEWISE_BEZIER_KNOTS.);
#10876 = CARTESIAN_POINT('',(62.05,55.68,9.));
#10877 = CARTESIAN_POINT('',(62.05,55.68,0.));
#10878 = ORIENTED_EDGE('',*,*,#9807,.F.);
#10879 = ORIENTED_EDGE('',*,*,#10874,.T.);
#10880 = CYLINDRICAL_SURFACE('',#10881,1.45);
#10881 = AXIS2_PLACEMENT_3D('',#10882,#10883,#10884);
#10882 = CARTESIAN_POINT('',(63.5,55.68,4.));
#10883 = DIRECTION('',(0.,0.,-1.));
#10884 = DIRECTION('',(-1.,0.,0.));
#10885 = ( GEOMETRIC_REPRESENTATION_CONTEXT(3) 
GLOBAL_UNCERTAINTY_ASSIGNED_CONTEXT((#10889)) 
GLOBAL_UNIT_ASSIGNED_CONTEXT((#10886,#10887,#10888)) 
REPRESENTATION_CONTEXT('Context #1',
  '3D Context with UNIT and UNCERTAINTY') );
#10886 = ( LENGTH_UNIT() NAMED_UNIT(*) SI_UNIT(.MILLI.,.METRE.) );
#10887 = ( NAMED_UNIT(*) PLANE_ANGLE_UNIT() SI_UNIT($,.RADIAN.) );
#10888 = ( NAMED_UNIT(*) SI_UNIT($,.STERADIAN.) SOLID_ANGLE_UNIT() );
#10889 = UNCERTAINTY_MEASURE_WITH_UNIT(LENGTH_MEASURE(5.E-07),#10886,
  'distance_accuracy_value','confusion accuracy');
#10890 = CONTEXT_DEPENDENT_SHAPE_REPRESENTATION(#10891,#10893);
#10891 = ( REPRESENTATION_RELATIONSHIP('','',#32,#10) 
REPRESENTATION_RELATIONSHIP_WITH_TRANSFORMATION(#10892) 
SHAPE_REPRESENTATION_RELATIONSHIP() );
#10892 = ITEM_DEFINED_TRANSFORMATION('','',#11,#15);
#10893 = PRODUCT_DEFINITION_SHAPE('Placement','Placement of an item',
  #10894);
#10894 = NEXT_ASSEMBLY_USAGE_OCCURRENCE('6','Fusion','',#5,#27,$);
#10895 = PRODUCT_RELATED_PRODUCT_CATEGORY('part',$,(#29));
#10896 = MECHANICAL_DESIGN_GEOMETRIC_PRESENTATION_REPRESENTATION('',(
    #10897),#10885);
#10897 = STYLED_ITEM('color',(#10898),#33);
#10898 = PRESENTATION_STYLE_ASSIGNMENT((#10899,#10905));
#10899 = SURFACE_STYLE_USAGE(.BOTH.,#10900);
#10900 = SURFACE_SIDE_STYLE('',(#10901));
#10901 = SURFACE_STYLE_FILL_AREA(#10902);
#10902 = FILL_AREA_STYLE('',(#10903));
#10903 = FILL_AREA_STYLE_COLOUR('',#10904);
#10904 = COLOUR_RGB('',0.678431390124,0.709803936702,0.741176476869);
#10905 = CURVE_STYLE('',#10906,POSITIVE_LENGTH_MEASURE(0.1),#10907);
#10906 = DRAUGHTING_PRE_DEFINED_CURVE_FONT('continuous');
#10907 = COLOUR_RGB('',9.803921802644E-02,9.803921802644E-02,
  9.803921802644E-02);
ENDSEC;
END-ISO-10303-21;
