ISO-10303-21;
HEADER;
FILE_DESCRIPTION(('FreeCAD Model'),'2;1');
FILE_NAME('Open CASCADE Shape Model','2026-08-30T15:22:20',(''),(''),
  'Open CASCADE STEP processor 7.8','FreeCAD','Unknown');
FILE_SCHEMA(('AUTOMOTIVE_DESIGN { 1 0 10303 214 1 1 1 1 }'));
ENDSEC;
DATA;
#1 = APPLICATION_PROTOCOL_DEFINITION('international standard',
  'automotive_design',2000,#2);
#2 = APPLICATION_CONTEXT(
  'core data for automotive mechanical design processes');
#3 = SHAPE_DEFINITION_REPRESENTATION(#4,#10);
#4 = PRODUCT_DEFINITION_SHAPE('','',#5);
#5 = PRODUCT_DEFINITION('design','',#6,#9);
#6 = PRODUCT_DEFINITION_FORMATION('','',#7);
#7 = PRODUCT('Fusion','Fusion','',(#8));
#8 = PRODUCT_CONTEXT('',#2,'mechanical');
#9 = PRODUCT_DEFINITION_CONTEXT('part definition',#2,'design');
#10 = ADVANCED_BREP_SHAPE_REPRESENTATION('',(#11,#15),#10596);
#11 = AXIS2_PLACEMENT_3D('',#12,#13,#14);
#12 = CARTESIAN_POINT('',(0.,0.,0.));
#13 = DIRECTION('',(0.,0.,1.));
#14 = DIRECTION('',(1.,0.,-0.));
#15 = MANIFOLD_SOLID_BREP('',#16);
#16 = CLOSED_SHELL('',(#17,#77,#229,#311,#410,#467,#507,#579,#626,#650,
    #689,#721,#770,#794,#843,#876,#913,#937,#976,#1006,#1091,#1132,#1161
    ,#1231,#1243,#1278,#1316,#1458,#1492,#1523,#1565,#1589,#1623,#1663,
    #1687,#1720,#1746,#1771,#1797,#1831,#1857,#1881,#1900,#1917,#1934,
    #1958,#1993,#2058,#2075,#2087,#2110,#2141,#2158,#2175,#2184,#2200,
    #2224,#2282,#2335,#2352,#2385,#2410,#2443,#2483,#2501,#2526,#2550,
    #2568,#2637,#2692,#2732,#2763,#2805,#2836,#2869,#2894,#2918,#2936,
    #2979,#3094,#3129,#3146,#3171,#3265,#3282,#3337,#3359,#3395,#3436,
    #3458,#3480,#3583,#3608,#3643,#3668,#3695,#3720,#3733,#3750,#3771,
    #3787,#4999,#5048,#5159,#5201,#5287,#5313,#5325,#5343,#5355,#5373,
    #5391,#5409,#5427,#5456,#5474,#5492,#5504,#5528,#5548,#5572,#5592,
    #5616,#5636,#5660,#5705,#5737,#5769,#5794,#5819,#5837,#5864,#5890,
    #5899,#5930,#5980,#6004,#6102,#6126,#6224,#6274,#6324,#6398,#6422,
    #6484,#6558,#6582,#6625,#6737,#6806,#6868,#6942,#7009,#7021,#7052,
    #7076,#7100,#7124,#7148,#7198,#7248,#7322,#7396,#7446,#7470,#7520,
    #7544,#7561,#7583,#7614,#7638,#7662,#7686,#7710,#7727,#7741,#7798,
    #7848,#7898,#7972,#8022,#8089,#8193,#8274,#8348,#8410,#8465,#8477,
    #8508,#8532,#8556,#8580,#8604,#8628,#8652,#8676,#8700,#8724,#8748,
    #8765,#8785,#8854,#8928,#8952,#8976,#9038,#9088,#9162,#9212,#9262,
    #9305,#9385,#9416,#9466,#9516,#9571,#9583,#9652,#9750,#9774,#9848,
    #9898,#9972,#10046,#10070,#10132,#10175,#10193,#10224,#10248,#10272,
    #10289,#10301,#10358,#10408,#10458,#10501,#10513,#10531,#10562,
    #10582));
#17 = ADVANCED_FACE('',(#18),#72,.F.);
#18 = FACE_BOUND('',#19,.F.);
#19 = EDGE_LOOP('',(#20,#31,#40,#48,#57,#66));
#20 = ORIENTED_EDGE('',*,*,#21,.T.);
#21 = EDGE_CURVE('',#22,#24,#26,.T.);
#22 = VERTEX_POINT('',#23);
#23 = CARTESIAN_POINT('',(72.,7.109084453239,21.862968966941));
#24 = VERTEX_POINT('',#25);
#25 = CARTESIAN_POINT('',(72.,10.553774696119,22.299460640045));
#26 = CIRCLE('',#27,1.75);
#27 = AXIS2_PLACEMENT_3D('',#28,#29,#30);
#28 = CARTESIAN_POINT('',(72.,8.803774696119,22.299460640045));
#29 = DIRECTION('',(-1.,-1.190026688646E-16,-1.190026688646E-16));
#30 = DIRECTION('',(-1.190026688646E-16,1.,2.22044604925E-16));
#31 = ORIENTED_EDGE('',*,*,#32,.T.);
#32 = EDGE_CURVE('',#24,#33,#35,.T.);
#33 = VERTEX_POINT('',#34);
#34 = CARTESIAN_POINT('',(72.,10.498464938999,21.862968966941));
#35 = CIRCLE('',#36,1.75);
#36 = AXIS2_PLACEMENT_3D('',#37,#38,#39);
#37 = CARTESIAN_POINT('',(72.,8.803774696119,22.299460640045));
#38 = DIRECTION('',(-1.,-1.190026688646E-16,-1.190026688646E-16));
#39 = DIRECTION('',(-1.190026688646E-16,1.,2.22044604925E-16));
#40 = ORIENTED_EDGE('',*,*,#41,.F.);
#41 = EDGE_CURVE('',#42,#33,#44,.T.);
#42 = VERTEX_POINT('',#43);
#43 = CARTESIAN_POINT('',(72.,9.703482992908,21.862968966941));
#44 = LINE('',#45,#46);
#45 = CARTESIAN_POINT('',(72.,5.803774696119,21.862968966941));
#46 = VECTOR('',#47,1.);
#47 = DIRECTION('',(0.,1.,2.22044604925E-16));
#48 = ORIENTED_EDGE('',*,*,#49,.F.);
#49 = EDGE_CURVE('',#50,#42,#52,.T.);
#50 = VERTEX_POINT('',#51);
#51 = CARTESIAN_POINT('',(72.,9.803774696119,22.299460640045));
#52 = CIRCLE('',#53,1.);
#53 = AXIS2_PLACEMENT_3D('',#54,#55,#56);
#54 = CARTESIAN_POINT('',(72.,8.803774696119,22.299460640045));
#55 = DIRECTION('',(-1.,-1.190026688646E-16,-1.190026688646E-16));
#56 = DIRECTION('',(-1.190026688646E-16,1.,2.22044604925E-16));
#57 = ORIENTED_EDGE('',*,*,#58,.F.);
#58 = EDGE_CURVE('',#59,#50,#61,.T.);
#59 = VERTEX_POINT('',#60);
#60 = CARTESIAN_POINT('',(72.,7.90406639933,21.862968966941));
#61 = CIRCLE('',#62,1.);
#62 = AXIS2_PLACEMENT_3D('',#63,#64,#65);
#63 = CARTESIAN_POINT('',(72.,8.803774696119,22.299460640045));
#64 = DIRECTION('',(-1.,-1.190026688646E-16,-1.190026688646E-16));
#65 = DIRECTION('',(-1.190026688646E-16,1.,2.22044604925E-16));
#66 = ORIENTED_EDGE('',*,*,#67,.F.);
#67 = EDGE_CURVE('',#22,#59,#68,.T.);
#68 = LINE('',#69,#70);
#69 = CARTESIAN_POINT('',(72.,5.803774696119,21.862968966941));
#70 = VECTOR('',#71,1.);
#71 = DIRECTION('',(0.,1.,2.22044604925E-16));
#72 = PLANE('',#73);
#73 = AXIS2_PLACEMENT_3D('',#74,#75,#76);
#74 = CARTESIAN_POINT('',(72.,8.803774696119,22.299460640045));
#75 = DIRECTION('',(-1.,-1.190026688646E-16,-1.190026688646E-16));
#76 = DIRECTION('',(-1.190026688646E-16,1.,2.22044604925E-16));
#77 = ADVANCED_FACE('',(#78,#120),#224,.F.);
#78 = FACE_BOUND('',#79,.F.);
#79 = EDGE_LOOP('',(#80,#90,#99,#107));
#80 = ORIENTED_EDGE('',*,*,#81,.F.);
#81 = EDGE_CURVE('',#82,#84,#86,.T.);
#82 = VERTEX_POINT('',#83);
#83 = CARTESIAN_POINT('',(72.5,5.803774696119,23.799460640045));
#84 = VERTEX_POINT('',#85);
#85 = CARTESIAN_POINT('',(72.5,25.199664020497,23.799460640045));
#86 = LINE('',#87,#88);
#87 = CARTESIAN_POINT('',(72.5,5.803774696119,23.799460640045));
#88 = VECTOR('',#89,1.);
#89 = DIRECTION('',(0.,1.,2.22044604925E-16));
#90 = ORIENTED_EDGE('',*,*,#91,.T.);
#91 = EDGE_CURVE('',#82,#92,#94,.T.);
#92 = VERTEX_POINT('',#93);
#93 = CARTESIAN_POINT('',(68.5,5.803774696119,19.799460640045));
#94 = CIRCLE('',#95,4.);
#95 = AXIS2_PLACEMENT_3D('',#96,#97,#98);
#96 = CARTESIAN_POINT('',(68.5,5.803774696119,23.799460640045));
#97 = DIRECTION('',(0.,1.,2.22044604925E-16));
#98 = DIRECTION('',(-1.,0.,0.));
#99 = ORIENTED_EDGE('',*,*,#100,.T.);
#100 = EDGE_CURVE('',#92,#101,#103,.T.);
#101 = VERTEX_POINT('',#102);
#102 = CARTESIAN_POINT('',(68.5,25.420064547656,19.799460640045));
#103 = LINE('',#104,#105);
#104 = CARTESIAN_POINT('',(68.5,5.803774696119,19.799460640045));
#105 = VECTOR('',#106,1.);
#106 = DIRECTION('',(0.,1.,2.22044604925E-16));
#107 = ORIENTED_EDGE('',*,*,#108,.F.);
#108 = EDGE_CURVE('',#84,#101,#109,.T.);
#109 = B_SPLINE_CURVE_WITH_KNOTS('',3,(#110,#111,#112,#113,#114,#115,
    #116,#117,#118,#119),.UNSPECIFIED.,.F.,.F.,(4,2,2,2,4),(0.,
    0.150729537195,0.301459074391,0.45230120423,0.603143334069),
  .UNSPECIFIED.);
#110 = CARTESIAN_POINT('',(72.5,25.199664020497,23.799460640045));
#111 = CARTESIAN_POINT('',(72.5,25.199664020497,23.297028849394));
#112 = CARTESIAN_POINT('',(72.399548709457,25.205875208033,
    22.761191381922));
#113 = CARTESIAN_POINT('',(71.991248202192,25.230532741116,
    21.77568466487));
#114 = CARTESIAN_POINT('',(71.683404880542,25.248911020585,
    21.326011271095));
#115 = CARTESIAN_POINT('',(70.973184206032,25.289879462036,
    20.615790596584));
#116 = CARTESIAN_POINT('',(70.523357292428,25.315194687513,
    20.307975174186));
#117 = CARTESIAN_POINT('',(69.53787075085,25.368051133856,
    19.899810681151));
#118 = CARTESIAN_POINT('',(69.002207931182,25.395525331506,
    19.799460640045));
#119 = CARTESIAN_POINT('',(68.5,25.420064547655,19.799460640045));
#120 = FACE_BOUND('',#121,.F.);
#121 = EDGE_LOOP('',(#122,#123,#188,#189));
#122 = ORIENTED_EDGE('',*,*,#41,.T.);
#123 = ORIENTED_EDGE('',*,*,#124,.T.);
#124 = EDGE_CURVE('',#33,#22,#125,.T.);
#125 = B_SPLINE_CURVE_WITH_KNOTS('',7,(#126,#127,#128,#129,#130,#131,
    #132,#133,#134,#135,#136,#137,#138,#139,#140,#141,#142,#143,#144,
    #145,#146,#147,#148,#149,#150,#151,#152,#153,#154,#155,#156,#157,
    #158,#159,#160,#161,#162,#163,#164,#165,#166,#167,#168,#169,#170,
    #171,#172,#173,#174,#175,#176,#177,#178,#179,#180,#181,#182,#183,
    #184,#185,#186,#187),.UNSPECIFIED.,.F.,.F.,(8,6,6,6,6,6,6,6,6,6,8),(
    0.,6.613608674647E-02,0.209093602399,0.384202690559,0.427042161241,
    0.499997372083,0.573542863148,0.616297349335,0.791474187233,
    0.935996231363,1.),.UNSPECIFIED.);
#126 = CARTESIAN_POINT('',(72.00025112094,10.49858179381,21.863422910465
    ));
#127 = CARTESIAN_POINT('',(71.974184595851,10.486457056955,
    21.816296048076));
#128 = CARTESIAN_POINT('',(71.947687045128,10.472951471992,
    21.770137724735));
#129 = CARTESIAN_POINT('',(71.920809192671,10.458140998353,
    21.724964959636));
#130 = CARTESIAN_POINT('',(71.893601882277,10.442097281976,
    21.680791058181));
#131 = CARTESIAN_POINT('',(71.866115825683,10.424887826948,
    21.637625945174));
#132 = CARTESIAN_POINT('',(71.838401350617,10.406576167156,
    21.595476497998));
#133 = CARTESIAN_POINT('',(71.750215152622,10.345386810494,
    21.465442496046));
#134 = CARTESIAN_POINT('',(71.689081571796,10.298676869994,
    21.381295078641));
#135 = CARTESIAN_POINT('',(71.627523766617,10.24763440633,
    21.301821604182));
#136 = CARTESIAN_POINT('',(71.565925331994,10.192666382849,
    21.226903023059));
#137 = CARTESIAN_POINT('',(71.504654163743,10.134065997124,
    21.156419288128));
#138 = CARTESIAN_POINT('',(71.444090892882,10.072029094299,
    21.090275094632));
#139 = CARTESIAN_POINT('',(71.311882251615,9.926601511389,
    20.952645347409));
#140 = CARTESIAN_POINT('',(71.240814169169,9.841553101955,
    20.883310831829));
#141 = CARTESIAN_POINT('',(71.172200383668,9.751658048995,
    20.820250423672));
#142 = CARTESIAN_POINT('',(71.106990056927,9.656929727672,
    20.763519050824));
#143 = CARTESIAN_POINT('',(71.046463027538,9.557364772497,
    20.713384506766));
#144 = CARTESIAN_POINT('',(70.992290261142,9.45295621332,20.670267564778
    ));
#145 = CARTESIAN_POINT('',(70.935210370438,9.316897461175,
    20.626141942896));
#146 = CARTESIAN_POINT('',(70.924492315309,9.289869886663,
    20.617930648382));
#147 = CARTESIAN_POINT('',(70.914309304662,9.262570574699,
    20.610194096204));
#148 = CARTESIAN_POINT('',(70.904693679027,9.235011167049,
    20.602944446769));
#149 = CARTESIAN_POINT('',(70.895676512734,9.207202507591,20.59619321545
    ));
#150 = CARTESIAN_POINT('',(70.887287613911,9.179154642315,
    20.589951272577));
#151 = CARTESIAN_POINT('',(70.866387849799,9.102719955909,
    20.574483601099));
#152 = CARTESIAN_POINT('',(70.855113156053,9.053854357147,
    20.566236986715));
#153 = CARTESIAN_POINT('',(70.84590706678,9.004426776517,20.559566280148
    ));
#154 = CARTESIAN_POINT('',(70.838904909472,8.954576692914,
    20.554525978887));
#155 = CARTESIAN_POINT('',(70.834200472708,8.904436196439,
    20.551151126329));
#156 = CARTESIAN_POINT('',(70.831844763272,8.854129874204,
    20.549460640045));
#157 = CARTESIAN_POINT('',(70.831844763272,8.753012094555,
    20.549460640045));
#158 = CARTESIAN_POINT('',(70.834238738488,8.702300242493,
    20.551178594368));
#159 = CARTESIAN_POINT('',(70.839019372315,8.651758394813,
    20.554608093746));
#160 = CARTESIAN_POINT('',(70.846134015352,8.601513700052,20.55972963752
    ));
#161 = CARTESIAN_POINT('',(70.855485985692,8.551701085742,
    20.566507151962));
#162 = CARTESIAN_POINT('',(70.866935869218,8.50246314376,20.574884508589
    ));
#163 = CARTESIAN_POINT('',(70.888073481274,8.42574769035,20.590535814328
    ));
#164 = CARTESIAN_POINT('',(70.896496262158,8.397775462072,
    20.596806219439));
#165 = CARTESIAN_POINT('',(70.905542720818,8.37004240424,20.603583077496
    ));
#166 = CARTESIAN_POINT('',(70.91518319158,8.342558374722,20.610855582424
    ));
#167 = CARTESIAN_POINT('',(70.925386784822,8.315334015854,
    20.618612302395));
#168 = CARTESIAN_POINT('',(70.936121386969,8.288380754439,
    20.626841179824));
#169 = CARTESIAN_POINT('',(70.993375361024,8.152436702193,
    20.671128086892));
#170 = CARTESIAN_POINT('',(71.047687299013,8.048073806429,
    20.714387527275));
#171 = CARTESIAN_POINT('',(71.10833212378,7.948558870433,20.764662510775
    ));
#172 = CARTESIAN_POINT('',(71.173641465014,7.853884445553,
    20.821533878324));
#173 = CARTESIAN_POINT('',(71.242338962155,7.764046721453,
    20.884736081315));
#174 = CARTESIAN_POINT('',(71.313478554777,7.679059405516,
    20.954217264258));
#175 = CARTESIAN_POINT('',(71.446425824008,7.533064059977,
    21.092781773512));
#176 = CARTESIAN_POINT('',(71.507682734878,7.470468133448,21.15980142893
    ));
#177 = CARTESIAN_POINT('',(71.569650923959,7.411388543468,
    21.231259097918));
#178 = CARTESIAN_POINT('',(71.631938077371,7.356030415712,
    21.307254333659));
#179 = CARTESIAN_POINT('',(71.694163711445,7.304701338033,
    21.387911378821));
#180 = CARTESIAN_POINT('',(71.755929685715,7.25782823106,21.473351768807
    ));
#181 = CARTESIAN_POINT('',(71.843761672212,7.197446409152,
    21.603650062439));
#182 = CARTESIAN_POINT('',(71.870545809269,7.179898214566,
    21.644598040314));
#183 = CARTESIAN_POINT('',(71.897110173832,7.163389812403,
    21.686496714006));
#184 = CARTESIAN_POINT('',(71.923408995089,7.147979237485,
    21.729339423706));
#185 = CARTESIAN_POINT('',(71.949396190557,7.133727984215,
    21.773116805509));
#186 = CARTESIAN_POINT('',(71.975025583598,7.120701153294,
    21.817816508271));
#187 = CARTESIAN_POINT('',(72.00025112094,7.108967598428,21.863422910465
    ));
#188 = ORIENTED_EDGE('',*,*,#67,.T.);
#189 = ORIENTED_EDGE('',*,*,#190,.F.);
#190 = EDGE_CURVE('',#42,#59,#191,.T.);
#191 = B_SPLINE_CURVE_WITH_KNOTS('',6,(#192,#193,#194,#195,#196,#197,
    #198,#199,#200,#201,#202,#203,#204,#205,#206,#207,#208,#209,#210,
    #211,#212,#213,#214,#215,#216,#217,#218,#219,#220,#221,#222,#223),
  .UNSPECIFIED.,.F.,.F.,(7,5,5,5,5,5,7),(0.,0.160856880789,
    0.330764920411,0.499999960448,0.669235000485,0.839143040106,1.),
  .UNSPECIFIED.);
#192 = CARTESIAN_POINT('',(72.000251120938,9.703703081258,
    21.863422910462));
#193 = CARTESIAN_POINT('',(71.969172059836,9.676477986731,
    21.807233655057));
#194 = CARTESIAN_POINT('',(71.938186000404,9.645374331984,
    21.753768173303));
#195 = CARTESIAN_POINT('',(71.907597104979,9.610719996283,
    21.703213830865));
#196 = CARTESIAN_POINT('',(71.877721838998,9.572814150383,
    21.655726803667));
#197 = CARTESIAN_POINT('',(71.848882398091,9.531930712126,
    21.611443504998));
#198 = CARTESIAN_POINT('',(71.792371489388,9.442259088503,
    21.527236245417));
#199 = CARTESIAN_POINT('',(71.764828533977,9.393110074373,
    21.487655291477));
#200 = CARTESIAN_POINT('',(71.739178945094,9.341198640911,
    21.451948638881));
#201 = CARTESIAN_POINT('',(71.715821895009,9.286832710086,
    21.420282575861));
#202 = CARTESIAN_POINT('',(71.695133062324,9.230305911419,
    21.392808987786));
#203 = CARTESIAN_POINT('',(71.659836265432,9.113723932862,
    21.346650917155));
#204 = CARTESIAN_POINT('',(71.645198758302,9.053664607368,
    21.327924476217));
#205 = CARTESIAN_POINT('',(71.633929861239,8.992182960796,21.31373773826
    ));
#206 = CARTESIAN_POINT('',(71.62631364796,8.929739160576,21.304225146852
    ));
#207 = CARTESIAN_POINT('',(71.622498999199,8.866786119595,
    21.299460640045));
#208 = CARTESIAN_POINT('',(71.622498999199,8.740763272643,
    21.299460640045));
#209 = CARTESIAN_POINT('',(71.62631364796,8.677810231662,21.304225146852
    ));
#210 = CARTESIAN_POINT('',(71.633929861239,8.615366431442,21.31373773826
    ));
#211 = CARTESIAN_POINT('',(71.645198758302,8.55388478487,21.327924476217
    ));
#212 = CARTESIAN_POINT('',(71.659836265432,8.493825459376,
    21.346650917155));
#213 = CARTESIAN_POINT('',(71.695133062324,8.377243480819,
    21.392808987786));
#214 = CARTESIAN_POINT('',(71.715821895009,8.320716682152,
    21.420282575861));
#215 = CARTESIAN_POINT('',(71.739178945094,8.266350751327,
    21.451948638881));
#216 = CARTESIAN_POINT('',(71.764828533977,8.214439317865,
    21.487655291477));
#217 = CARTESIAN_POINT('',(71.792371489388,8.165290303735,
    21.527236245417));
#218 = CARTESIAN_POINT('',(71.848882411606,8.075618658666,
    21.611443525137));
#219 = CARTESIAN_POINT('',(71.8777218526,8.034735225062,21.655726825447)
  );
#220 = CARTESIAN_POINT('',(71.907597108167,7.99682939468,21.703213837087
    ));
#221 = CARTESIAN_POINT('',(71.938185992589,7.962175070159,
    21.753768160878));
#222 = CARTESIAN_POINT('',(71.969172050162,7.931071413982,
    21.807233637567));
#223 = CARTESIAN_POINT('',(72.000251120938,7.90384631098,21.863422910461
    ));
#224 = CYLINDRICAL_SURFACE('',#225,4.);
#225 = AXIS2_PLACEMENT_3D('',#226,#227,#228);
#226 = CARTESIAN_POINT('',(68.5,5.803774696119,23.799460640045));
#227 = DIRECTION('',(0.,1.,2.22044604925E-16));
#228 = DIRECTION('',(1.,0.,0.));
#229 = ADVANCED_FACE('',(#230,#272),#306,.F.);
#230 = FACE_BOUND('',#231,.T.);
#231 = EDGE_LOOP('',(#232,#242,#248,#249,#257,#266));
#232 = ORIENTED_EDGE('',*,*,#233,.T.);
#233 = EDGE_CURVE('',#234,#236,#238,.T.);
#234 = VERTEX_POINT('',#235);
#235 = CARTESIAN_POINT('',(27.5,5.803774696119,24.799460640045));
#236 = VERTEX_POINT('',#237);
#237 = CARTESIAN_POINT('',(72.5,5.803774696119,24.799460640045));
#238 = LINE('',#239,#240);
#239 = CARTESIAN_POINT('',(27.5,5.803774696119,24.799460640045));
#240 = VECTOR('',#241,1.);
#241 = DIRECTION('',(1.,2.636541589101E-32,-1.187392771822E-16));
#242 = ORIENTED_EDGE('',*,*,#243,.T.);
#243 = EDGE_CURVE('',#236,#82,#244,.T.);
#244 = LINE('',#245,#246);
#245 = CARTESIAN_POINT('',(72.5,5.803774696119,24.799460640045));
#246 = VECTOR('',#247,1.);
#247 = DIRECTION('',(0.,2.22044604925E-16,-1.));
#248 = ORIENTED_EDGE('',*,*,#91,.T.);
#249 = ORIENTED_EDGE('',*,*,#250,.T.);
#250 = EDGE_CURVE('',#92,#251,#253,.T.);
#251 = VERTEX_POINT('',#252);
#252 = CARTESIAN_POINT('',(31.5,5.803774696119,19.799460640045));
#253 = LINE('',#254,#255);
#254 = CARTESIAN_POINT('',(68.5,5.803774696119,19.799460640045));
#255 = VECTOR('',#256,1.);
#256 = DIRECTION('',(-1.,3.331338282184E-33,-1.500301384629E-17));
#257 = ORIENTED_EDGE('',*,*,#258,.T.);
#258 = EDGE_CURVE('',#251,#259,#261,.T.);
#259 = VERTEX_POINT('',#260);
#260 = CARTESIAN_POINT('',(27.5,5.803774696119,23.799460640045));
#261 = CIRCLE('',#262,4.);
#262 = AXIS2_PLACEMENT_3D('',#263,#264,#265);
#263 = CARTESIAN_POINT('',(31.5,5.803774696119,23.799460640045));
#264 = DIRECTION('',(0.,1.,2.22044604925E-16));
#265 = DIRECTION('',(-1.,0.,0.));
#266 = ORIENTED_EDGE('',*,*,#267,.T.);
#267 = EDGE_CURVE('',#259,#234,#268,.T.);
#268 = LINE('',#269,#270);
#269 = CARTESIAN_POINT('',(27.5,5.803774696119,23.799460640045));
#270 = VECTOR('',#271,1.);
#271 = DIRECTION('',(0.,-2.22044604925E-16,1.));
#272 = FACE_BOUND('',#273,.T.);
#273 = EDGE_LOOP('',(#274,#284,#292,#300));
#274 = ORIENTED_EDGE('',*,*,#275,.F.);
#275 = EDGE_CURVE('',#276,#278,#280,.T.);
#276 = VERTEX_POINT('',#277);
#277 = CARTESIAN_POINT('',(39.,5.803774696119,20.799460640045));
#278 = VERTEX_POINT('',#279);
#279 = CARTESIAN_POINT('',(39.,5.803774696119,23.799460640045));
#280 = LINE('',#281,#282);
#281 = CARTESIAN_POINT('',(39.,5.803774696119,20.799460640045));
#282 = VECTOR('',#283,1.);
#283 = DIRECTION('',(0.,-2.22044604925E-16,1.));
#284 = ORIENTED_EDGE('',*,*,#285,.F.);
#285 = EDGE_CURVE('',#286,#276,#288,.T.);
#286 = VERTEX_POINT('',#287);
#287 = CARTESIAN_POINT('',(61.,5.803774696119,20.799460640045));
#288 = LINE('',#289,#290);
#289 = CARTESIAN_POINT('',(61.,5.803774696119,20.799460640045));
#290 = VECTOR('',#291,1.);
#291 = DIRECTION('',(-1.,-2.801352646382E-32,1.261617073438E-16));
#292 = ORIENTED_EDGE('',*,*,#293,.F.);
#293 = EDGE_CURVE('',#294,#286,#296,.T.);
#294 = VERTEX_POINT('',#295);
#295 = CARTESIAN_POINT('',(61.,5.803774696119,23.799460640045));
#296 = LINE('',#297,#298);
#297 = CARTESIAN_POINT('',(61.,5.803774696119,23.799460640045));
#298 = VECTOR('',#299,1.);
#299 = DIRECTION('',(0.,2.22044604925E-16,-1.));
#300 = ORIENTED_EDGE('',*,*,#301,.F.);
#301 = EDGE_CURVE('',#278,#294,#302,.T.);
#302 = LINE('',#303,#304);
#303 = CARTESIAN_POINT('',(39.,5.803774696119,23.799460640045));
#304 = VECTOR('',#305,1.);
#305 = DIRECTION('',(1.,2.661285014063E-32,-1.198536219766E-16));
#306 = PLANE('',#307);
#307 = AXIS2_PLACEMENT_3D('',#308,#309,#310);
#308 = CARTESIAN_POINT('',(31.5,5.803774696119,23.799460640045));
#309 = DIRECTION('',(0.,-1.,-2.22044604925E-16));
#310 = DIRECTION('',(-1.,0.,0.));
#311 = ADVANCED_FACE('',(#312,#394),#405,.T.);
#312 = FACE_BOUND('',#313,.T.);
#313 = EDGE_LOOP('',(#314,#324,#332,#340,#348,#356,#364,#372,#380,#388)
  );
#314 = ORIENTED_EDGE('',*,*,#315,.F.);
#315 = EDGE_CURVE('',#316,#318,#320,.T.);
#316 = VERTEX_POINT('',#317);
#317 = CARTESIAN_POINT('',(71.911126183076,17.453774696119,
    40.299460640045));
#318 = VERTEX_POINT('',#319);
#319 = CARTESIAN_POINT('',(65.538138786494,17.453774696119,
    40.299460640045));
#320 = LINE('',#321,#322);
#321 = CARTESIAN_POINT('',(71.911126183076,17.453774696119,
    40.299460640045));
#322 = VECTOR('',#323,1.);
#323 = DIRECTION('',(-1.,-0.,-0.));
#324 = ORIENTED_EDGE('',*,*,#325,.F.);
#325 = EDGE_CURVE('',#326,#316,#328,.T.);
#326 = VERTEX_POINT('',#327);
#327 = CARTESIAN_POINT('',(71.911126183076,66.303774696119,
    40.299460640045));
#328 = LINE('',#329,#330);
#329 = CARTESIAN_POINT('',(71.911126183076,66.303774696119,
    40.299460640045));
#330 = VECTOR('',#331,1.);
#331 = DIRECTION('',(-2.299610308769E-29,-1.,-7.199519387514E-16));
#332 = ORIENTED_EDGE('',*,*,#333,.F.);
#333 = EDGE_CURVE('',#334,#326,#336,.T.);
#334 = VERTEX_POINT('',#335);
#335 = CARTESIAN_POINT('',(28.,66.303774696119,40.299460640045));
#336 = LINE('',#337,#338);
#337 = CARTESIAN_POINT('',(28.,66.303774696119,40.299460640045));
#338 = VECTOR('',#339,1.);
#339 = DIRECTION('',(1.,-2.306367877968E-29,9.386139316637E-17));
#340 = ORIENTED_EDGE('',*,*,#341,.F.);
#341 = EDGE_CURVE('',#342,#334,#344,.T.);
#342 = VERTEX_POINT('',#343);
#343 = CARTESIAN_POINT('',(28.,17.453774696119,40.299460640045));
#344 = LINE('',#345,#346);
#345 = CARTESIAN_POINT('',(28.,10.303774696119,40.299460640045));
#346 = VECTOR('',#347,1.);
#347 = DIRECTION('',(2.299610308769E-29,1.,7.199519387514E-16));
#348 = ORIENTED_EDGE('',*,*,#349,.F.);
#349 = EDGE_CURVE('',#350,#342,#352,.T.);
#350 = VERTEX_POINT('',#351);
#351 = CARTESIAN_POINT('',(34.372938786494,17.453774696119,
    40.299460640045));
#352 = LINE('',#353,#354);
#353 = CARTESIAN_POINT('',(71.911126183076,17.453774696119,
    40.299460640045));
#354 = VECTOR('',#355,1.);
#355 = DIRECTION('',(-1.,-0.,-0.));
#356 = ORIENTED_EDGE('',*,*,#357,.T.);
#357 = EDGE_CURVE('',#350,#358,#360,.T.);
#358 = VERTEX_POINT('',#359);
#359 = CARTESIAN_POINT('',(34.372938786494,21.75377469612,
    40.299460640042));
#360 = LINE('',#361,#362);
#361 = CARTESIAN_POINT('',(34.372938786494,17.453774696119,
    40.299460640045));
#362 = VECTOR('',#363,1.);
#363 = DIRECTION('',(-5.473822126269E-47,1.,6.978544726215E-16));
#364 = ORIENTED_EDGE('',*,*,#365,.T.);
#365 = EDGE_CURVE('',#358,#366,#368,.T.);
#366 = VERTEX_POINT('',#367);
#367 = CARTESIAN_POINT('',(34.372938786494,26.053774696121,
    40.299460640045));
#368 = LINE('',#369,#370);
#369 = CARTESIAN_POINT('',(34.372938786494,17.453774696119,
    40.299460640045));
#370 = VECTOR('',#371,1.);
#371 = DIRECTION('',(-5.473822126269E-47,1.,6.978544726215E-16));
#372 = ORIENTED_EDGE('',*,*,#373,.T.);
#373 = EDGE_CURVE('',#366,#374,#376,.T.);
#374 = VERTEX_POINT('',#375);
#375 = CARTESIAN_POINT('',(65.538138786494,26.053774696121,
    40.299460640045));
#376 = LINE('',#377,#378);
#377 = CARTESIAN_POINT('',(34.372938786494,26.053774696121,
    40.299460640045));
#378 = VECTOR('',#379,1.);
#379 = DIRECTION('',(1.,-5.646125130924E-32,8.090691329547E-17));
#380 = ORIENTED_EDGE('',*,*,#381,.T.);
#381 = EDGE_CURVE('',#374,#382,#384,.T.);
#382 = VERTEX_POINT('',#383);
#383 = CARTESIAN_POINT('',(65.538138786494,21.75377469612,
    40.299460640042));
#384 = LINE('',#385,#386);
#385 = CARTESIAN_POINT('',(65.538138786494,26.053774696121,
    40.299460640045));
#386 = VECTOR('',#387,1.);
#387 = DIRECTION('',(5.473822126269E-47,-1.,-6.978544726215E-16));
#388 = ORIENTED_EDGE('',*,*,#389,.T.);
#389 = EDGE_CURVE('',#382,#318,#390,.T.);
#390 = LINE('',#391,#392);
#391 = CARTESIAN_POINT('',(65.538138786494,26.053774696121,
    40.299460640045));
#392 = VECTOR('',#393,1.);
#393 = DIRECTION('',(5.473822126269E-47,-1.,-6.978544726215E-16));
#394 = FACE_BOUND('',#395,.T.);
#395 = EDGE_LOOP('',(#396));
#396 = ORIENTED_EDGE('',*,*,#397,.F.);
#397 = EDGE_CURVE('',#398,#398,#400,.T.);
#398 = VERTEX_POINT('',#399);
#399 = CARTESIAN_POINT('',(52.455563091538,38.453774696119,
    40.299460640045));
#400 = CIRCLE('',#401,2.5);
#401 = AXIS2_PLACEMENT_3D('',#402,#403,#404);
#402 = CARTESIAN_POINT('',(49.955563091538,38.453774696119,
    40.299460640045));
#403 = DIRECTION('',(-8.090691329547E-17,-6.978544726215E-16,1.));
#404 = DIRECTION('',(1.,-5.646125130924E-32,8.090691329547E-17));
#405 = PLANE('',#406);
#406 = AXIS2_PLACEMENT_3D('',#407,#408,#409);
#407 = CARTESIAN_POINT('',(49.955563091538,38.303774696119,
    40.299460640045));
#408 = DIRECTION('',(-8.090691329547E-17,-6.978544726215E-16,1.));
#409 = DIRECTION('',(0.,1.,6.978544726215E-16));
#410 = ADVANCED_FACE('',(#411),#462,.T.);
#411 = FACE_BOUND('',#412,.T.);
#412 = EDGE_LOOP('',(#413,#423,#432,#440,#449,#455,#456));
#413 = ORIENTED_EDGE('',*,*,#414,.F.);
#414 = EDGE_CURVE('',#415,#417,#419,.T.);
#415 = VERTEX_POINT('',#416);
#416 = CARTESIAN_POINT('',(28.000013091538,34.003774696119,
    29.399460640045));
#417 = VERTEX_POINT('',#418);
#418 = CARTESIAN_POINT('',(28.,66.303774696119,29.399460640045));
#419 = LINE('',#420,#421);
#420 = CARTESIAN_POINT('',(28.,10.303774696119,29.399460640045));
#421 = VECTOR('',#422,1.);
#422 = DIRECTION('',(2.299610308769E-29,1.,7.199519387514E-16));
#423 = ORIENTED_EDGE('',*,*,#424,.T.);
#424 = EDGE_CURVE('',#415,#425,#427,.T.);
#425 = VERTEX_POINT('',#426);
#426 = CARTESIAN_POINT('',(28.000013091538,31.103752430406,
    32.299460639981));
#427 = CIRCLE('',#428,2.9);
#428 = AXIS2_PLACEMENT_3D('',#429,#430,#431);
#429 = CARTESIAN_POINT('',(28.000026183076,31.103774696119,
    29.399460640045));
#430 = DIRECTION('',(1.,0.,0.));
#431 = DIRECTION('',(0.,1.,0.));
#432 = ORIENTED_EDGE('',*,*,#433,.T.);
#433 = EDGE_CURVE('',#425,#434,#436,.T.);
#434 = VERTEX_POINT('',#435);
#435 = CARTESIAN_POINT('',(28.,22.053774696119,32.299460640045));
#436 = LINE('',#437,#438);
#437 = CARTESIAN_POINT('',(28.000026183076,31.103752430406,
    32.299460639959));
#438 = VECTOR('',#439,1.);
#439 = DIRECTION('',(0.,-1.,0.));
#440 = ORIENTED_EDGE('',*,*,#441,.F.);
#441 = EDGE_CURVE('',#442,#434,#444,.T.);
#442 = VERTEX_POINT('',#443);
#443 = CARTESIAN_POINT('',(28.,17.453774696119,36.899460032594));
#444 = CIRCLE('',#445,4.599999800776);
#445 = AXIS2_PLACEMENT_3D('',#446,#447,#448);
#446 = CARTESIAN_POINT('',(28.,22.053774496895,36.899460440821));
#447 = DIRECTION('',(1.,0.,0.));
#448 = DIRECTION('',(0.,1.,0.));
#449 = ORIENTED_EDGE('',*,*,#450,.F.);
#450 = EDGE_CURVE('',#342,#442,#451,.T.);
#451 = LINE('',#452,#453);
#452 = CARTESIAN_POINT('',(28.,17.453774696119,33.149460336319));
#453 = VECTOR('',#454,1.);
#454 = DIRECTION('',(0.,0.,-1.));
#455 = ORIENTED_EDGE('',*,*,#341,.T.);
#456 = ORIENTED_EDGE('',*,*,#457,.F.);
#457 = EDGE_CURVE('',#417,#334,#458,.T.);
#458 = LINE('',#459,#460);
#459 = CARTESIAN_POINT('',(28.,66.303774696119,29.399460640045));
#460 = VECTOR('',#461,1.);
#461 = DIRECTION('',(0.,0.,1.));
#462 = PLANE('',#463);
#463 = AXIS2_PLACEMENT_3D('',#464,#465,#466);
#464 = CARTESIAN_POINT('',(28.,10.303774696119,29.399460640045));
#465 = DIRECTION('',(-1.,2.299610308769E-29,0.));
#466 = DIRECTION('',(2.299610308769E-29,1.,7.199519387514E-16));
#467 = ADVANCED_FACE('',(#468),#502,.F.);
#468 = FACE_BOUND('',#469,.F.);
#469 = EDGE_LOOP('',(#470,#478,#479,#480,#488,#496));
#470 = ORIENTED_EDGE('',*,*,#471,.F.);
#471 = EDGE_CURVE('',#415,#472,#474,.T.);
#472 = VERTEX_POINT('',#473);
#473 = CARTESIAN_POINT('',(28.000026183076,16.143774696119,
    29.399460640045));
#474 = LINE('',#475,#476);
#475 = CARTESIAN_POINT('',(28.000026183076,34.003774696119,
    29.399460640045));
#476 = VECTOR('',#477,1.);
#477 = DIRECTION('',(0.,-1.,0.));
#478 = ORIENTED_EDGE('',*,*,#424,.T.);
#479 = ORIENTED_EDGE('',*,*,#433,.T.);
#480 = ORIENTED_EDGE('',*,*,#481,.T.);
#481 = EDGE_CURVE('',#434,#482,#484,.T.);
#482 = VERTEX_POINT('',#483);
#483 = CARTESIAN_POINT('',(28.000026183076,13.343774696119,
    32.299460639959));
#484 = LINE('',#485,#486);
#485 = CARTESIAN_POINT('',(28.000026183076,18.22377469612,
    32.299460639959));
#486 = VECTOR('',#487,1.);
#487 = DIRECTION('',(0.,-1.,0.));
#488 = ORIENTED_EDGE('',*,*,#489,.F.);
#489 = EDGE_CURVE('',#490,#482,#492,.T.);
#490 = VERTEX_POINT('',#491);
#491 = CARTESIAN_POINT('',(28.000026183076,13.343774696119,
    31.360041747032));
#492 = LINE('',#493,#494);
#493 = CARTESIAN_POINT('',(28.000026183076,13.343774696119,
    31.360041747032));
#494 = VECTOR('',#495,1.);
#495 = DIRECTION('',(0.,0.,1.));
#496 = ORIENTED_EDGE('',*,*,#497,.F.);
#497 = EDGE_CURVE('',#472,#490,#498,.T.);
#498 = LINE('',#499,#500);
#499 = CARTESIAN_POINT('',(28.000026183076,16.143774696119,
    29.399460640045));
#500 = VECTOR('',#501,1.);
#501 = DIRECTION('',(0.,-0.819152044289,0.573576436351));
#502 = PLANE('',#503);
#503 = AXIS2_PLACEMENT_3D('',#504,#505,#506);
#504 = CARTESIAN_POINT('',(28.000026183076,34.003774696119,
    29.399460640045));
#505 = DIRECTION('',(1.,0.,0.));
#506 = DIRECTION('',(0.,0.,1.));
#507 = ADVANCED_FACE('',(#508),#574,.F.);
#508 = FACE_BOUND('',#509,.T.);
#509 = EDGE_LOOP('',(#510,#520,#528,#536,#544,#552,#560,#568));
#510 = ORIENTED_EDGE('',*,*,#511,.T.);
#511 = EDGE_CURVE('',#512,#514,#516,.T.);
#512 = VERTEX_POINT('',#513);
#513 = CARTESIAN_POINT('',(66.955563091538,10.303774696119,
    23.299460640045));
#514 = VERTEX_POINT('',#515);
#515 = CARTESIAN_POINT('',(61.,10.303774696119,23.299460640045));
#516 = LINE('',#517,#518);
#517 = CARTESIAN_POINT('',(66.955563091538,10.303774696119,
    23.299460640045));
#518 = VECTOR('',#519,1.);
#519 = DIRECTION('',(-1.,-1.190026688646E-16,-8.646739060329E-16));
#520 = ORIENTED_EDGE('',*,*,#521,.T.);
#521 = EDGE_CURVE('',#514,#522,#524,.T.);
#522 = VERTEX_POINT('',#523);
#523 = CARTESIAN_POINT('',(61.,11.303774696119,23.299460640045));
#524 = LINE('',#525,#526);
#525 = CARTESIAN_POINT('',(61.,10.303774696119,23.299460640045));
#526 = VECTOR('',#527,1.);
#527 = DIRECTION('',(-1.190026688646E-16,1.,2.22044604925E-16));
#528 = ORIENTED_EDGE('',*,*,#529,.F.);
#529 = EDGE_CURVE('',#530,#522,#532,.T.);
#530 = VERTEX_POINT('',#531);
#531 = CARTESIAN_POINT('',(39.,11.303774696119,23.299460640045));
#532 = LINE('',#533,#534);
#533 = CARTESIAN_POINT('',(39.,11.303774696119,23.299460640045));
#534 = VECTOR('',#535,1.);
#535 = DIRECTION('',(1.,1.190026688646E-16,2.199320347397E-16));
#536 = ORIENTED_EDGE('',*,*,#537,.T.);
#537 = EDGE_CURVE('',#530,#538,#540,.T.);
#538 = VERTEX_POINT('',#539);
#539 = CARTESIAN_POINT('',(39.,10.303774696119,23.299460640045));
#540 = LINE('',#541,#542);
#541 = CARTESIAN_POINT('',(39.,11.303774696119,23.299460640045));
#542 = VECTOR('',#543,1.);
#543 = DIRECTION('',(1.190026688646E-16,-1.,-2.22044604925E-16));
#544 = ORIENTED_EDGE('',*,*,#545,.T.);
#545 = EDGE_CURVE('',#538,#546,#548,.T.);
#546 = VERTEX_POINT('',#547);
#547 = CARTESIAN_POINT('',(32.955563091538,10.303774696119,
    23.299460640045));
#548 = LINE('',#549,#550);
#549 = CARTESIAN_POINT('',(39.,10.303774696119,23.299460640045));
#550 = VECTOR('',#551,1.);
#551 = DIRECTION('',(-1.,-1.190026688646E-16,-8.537099982245E-16));
#552 = ORIENTED_EDGE('',*,*,#553,.T.);
#553 = EDGE_CURVE('',#546,#554,#556,.T.);
#554 = VERTEX_POINT('',#555);
#555 = CARTESIAN_POINT('',(32.955563091538,66.303774696119,
    23.299460640045));
#556 = LINE('',#557,#558);
#557 = CARTESIAN_POINT('',(32.955563091538,10.303774696119,
    23.299460640045));
#558 = VECTOR('',#559,1.);
#559 = DIRECTION('',(-1.190026688646E-16,1.,2.22044604925E-16));
#560 = ORIENTED_EDGE('',*,*,#561,.T.);
#561 = EDGE_CURVE('',#554,#562,#564,.T.);
#562 = VERTEX_POINT('',#563);
#563 = CARTESIAN_POINT('',(66.955563091538,66.303774696119,
    23.299460640045));
#564 = LINE('',#565,#566);
#565 = CARTESIAN_POINT('',(32.955563091538,66.303774696119,
    23.299460640045));
#566 = VECTOR('',#567,1.);
#567 = DIRECTION('',(1.,1.190026688646E-16,4.455388525779E-16));
#568 = ORIENTED_EDGE('',*,*,#569,.F.);
#569 = EDGE_CURVE('',#512,#562,#570,.T.);
#570 = LINE('',#571,#572);
#571 = CARTESIAN_POINT('',(66.955563091538,10.303774696119,
    23.299460640045));
#572 = VECTOR('',#573,1.);
#573 = DIRECTION('',(-1.190026688646E-16,1.,2.22044604925E-16));
#574 = PLANE('',#575);
#575 = AXIS2_PLACEMENT_3D('',#576,#577,#578);
#576 = CARTESIAN_POINT('',(32.955563091538,8.303774696119,
    23.299460640045));
#577 = DIRECTION('',(-4.251303410958E-16,-2.22044604925E-16,1.));
#578 = DIRECTION('',(-1.190026688646E-16,1.,2.22044604925E-16));
#579 = ADVANCED_FACE('',(#580),#621,.T.);
#580 = FACE_BOUND('',#581,.T.);
#581 = EDGE_LOOP('',(#582,#591,#592));
#582 = ORIENTED_EDGE('',*,*,#583,.F.);
#583 = EDGE_CURVE('',#512,#584,#586,.T.);
#584 = VERTEX_POINT('',#585);
#585 = CARTESIAN_POINT('',(71.911126183076,10.303774696119,
    26.299460640045));
#586 = CIRCLE('',#587,5.592934259035);
#587 = AXIS2_PLACEMENT_3D('',#588,#589,#590);
#588 = CARTESIAN_POINT('',(66.955563091538,10.303774696119,
    28.89239489908));
#589 = DIRECTION('',(1.190026688646E-16,-1.,-2.22044604925E-16));
#590 = DIRECTION('',(-1.,-1.190026688646E-16,-1.190026688646E-16));
#591 = ORIENTED_EDGE('',*,*,#569,.T.);
#592 = ORIENTED_EDGE('',*,*,#593,.T.);
#593 = EDGE_CURVE('',#562,#584,#594,.T.);
#594 = B_SPLINE_CURVE_WITH_KNOTS('',3,(#595,#596,#597,#598,#599,#600,
    #601,#602,#603,#604,#605,#606,#607,#608,#609,#610,#611,#612,#613,
    #614,#615,#616,#617,#618,#619,#620),.UNSPECIFIED.,.F.,.F.,(4,2,2,2,2
    ,2,2,2,2,2,2,2,4),(-6.520807778839,-6.519677799331,-6.512147728928,
    -6.497087588122,-6.469240592125,-6.441393596129,-6.385699604136,
    -6.27431162015,-6.051535652178,-5.605983716234,-4.714879844346,
    -2.357439922173,-1.062536984442),.UNSPECIFIED.);
#595 = CARTESIAN_POINT('',(66.955563091538,66.303774696119,
    23.299460640045));
#596 = CARTESIAN_POINT('',(66.959349896999,66.303774696119,
    23.299460640045));
#597 = CARTESIAN_POINT('',(66.963140035966,66.303679141599,
    23.299464500765));
#598 = CARTESIAN_POINT('',(66.992183524674,66.30222054539,
    23.299523432328));
#599 = CARTESIAN_POINT('',(67.017415805703,66.296600485384,
    23.299750491856));
#600 = CARTESIAN_POINT('',(67.089877551271,66.269022590341,
    23.300864933724));
#601 = CARTESIAN_POINT('',(67.134238644463,66.2360680074,23.302196989728
    ));
#602 = CARTESIAN_POINT('',(67.237829668432,66.1375346749,23.306182771627
    ));
#603 = CARTESIAN_POINT('',(67.285663948407,66.066839396543,
    23.309045564159));
#604 = CARTESIAN_POINT('',(67.371313455627,65.925677487138,
    23.314769345581));
#605 = CARTESIAN_POINT('',(67.407708516738,65.854355441808,
    23.317664781642));
#606 = CARTESIAN_POINT('',(67.508079203184,65.63908792937,
    23.326415076876));
#607 = CARTESIAN_POINT('',(67.562753092024,65.495005709821,
    23.332286125327));
#608 = CARTESIAN_POINT('',(67.713945121709,65.056825825249,
    23.350186674764));
#609 = CARTESIAN_POINT('',(67.79508169377,64.761873942963,
    23.362295348583));
#610 = CARTESIAN_POINT('',(68.021902026361,63.850314926199,
    23.399916497706));
#611 = CARTESIAN_POINT('',(68.144738676136,63.223293733665,
    23.426050189407));
#612 = CARTESIAN_POINT('',(68.491250212967,61.251481730077,
    23.509186330525));
#613 = CARTESIAN_POINT('',(68.681852018105,59.857465889981,
    23.569180486608));
#614 = CARTESIAN_POINT('',(69.215894716028,55.474895590302,
    23.76254760258));
#615 = CARTESIAN_POINT('',(69.503606956237,52.3833702015,23.905398100828
    ));
#616 = CARTESIAN_POINT('',(70.406379056723,41.605174422441,
    24.426418759281));
#617 = CARTESIAN_POINT('',(70.916840245441,32.990847927916,
    24.888901486966));
#618 = CARTESIAN_POINT('',(71.556381048158,19.641598445281,
    25.691493081348));
#619 = CARTESIAN_POINT('',(71.750345884272,14.907920055571,
    25.992180610934));
#620 = CARTESIAN_POINT('',(71.911126183076,10.303774696119,
    26.299460640045));
#621 = CYLINDRICAL_SURFACE('',#622,5.592934259035);
#622 = AXIS2_PLACEMENT_3D('',#623,#624,#625);
#623 = CARTESIAN_POINT('',(66.955563091538,8.303774696119,28.89239489908
    ));
#624 = DIRECTION('',(-1.190026688646E-16,1.,2.22044604925E-16));
#625 = DIRECTION('',(1.,1.190026688646E-16,1.190026688646E-16));
#626 = ADVANCED_FACE('',(#627),#645,.T.);
#627 = FACE_BOUND('',#628,.T.);
#628 = EDGE_LOOP('',(#629,#637,#638));
#629 = ORIENTED_EDGE('',*,*,#630,.T.);
#630 = EDGE_CURVE('',#631,#584,#633,.T.);
#631 = VERTEX_POINT('',#632);
#632 = CARTESIAN_POINT('',(69.955563091538,66.303774696119,
    26.299460640045));
#633 = LINE('',#634,#635);
#634 = CARTESIAN_POINT('',(69.955563091538,66.303774696119,
    26.299460640045));
#635 = VECTOR('',#636,1.);
#636 = DIRECTION('',(3.48994967025E-02,-0.999390827019,
    -2.177562081015E-16));
#637 = ORIENTED_EDGE('',*,*,#593,.F.);
#638 = ORIENTED_EDGE('',*,*,#639,.T.);
#639 = EDGE_CURVE('',#562,#631,#640,.T.);
#640 = CIRCLE('',#641,3.);
#641 = AXIS2_PLACEMENT_3D('',#642,#643,#644);
#642 = CARTESIAN_POINT('',(66.955563091538,66.303774696119,
    26.299460640045));
#643 = DIRECTION('',(1.190026688646E-16,-1.,-2.22044604925E-16));
#644 = DIRECTION('',(-1.,-1.190026688646E-16,-1.190026688646E-16));
#645 = CONICAL_SURFACE('',#646,3.,3.490658503989E-02);
#646 = AXIS2_PLACEMENT_3D('',#647,#648,#649);
#647 = CARTESIAN_POINT('',(66.955563091538,66.303774696119,
    26.299460640045));
#648 = DIRECTION('',(1.190026688646E-16,-1.,-2.22044604925E-16));
#649 = DIRECTION('',(-1.,-1.190026688646E-16,-1.190026688646E-16));
#650 = ADVANCED_FACE('',(#651),#684,.T.);
#651 = FACE_BOUND('',#652,.T.);
#652 = EDGE_LOOP('',(#653,#654,#662,#670,#678));
#653 = ORIENTED_EDGE('',*,*,#630,.F.);
#654 = ORIENTED_EDGE('',*,*,#655,.T.);
#655 = EDGE_CURVE('',#631,#656,#658,.T.);
#656 = VERTEX_POINT('',#657);
#657 = CARTESIAN_POINT('',(69.955563091538,66.303774696119,
    29.399460640045));
#658 = LINE('',#659,#660);
#659 = CARTESIAN_POINT('',(69.955563091538,66.303774696119,
    26.299460640045));
#660 = VECTOR('',#661,1.);
#661 = DIRECTION('',(-3.040398396355E-16,-2.22044604925E-16,1.));
#662 = ORIENTED_EDGE('',*,*,#663,.T.);
#663 = EDGE_CURVE('',#656,#664,#666,.T.);
#664 = VERTEX_POINT('',#665);
#665 = CARTESIAN_POINT('',(71.707188889244,16.143774696119,
    29.399460640045));
#666 = LINE('',#667,#668);
#667 = CARTESIAN_POINT('',(69.777411683415,71.405363541831,
    29.399460640045));
#668 = VECTOR('',#669,1.);
#669 = DIRECTION('',(3.48994967025E-02,-0.999390827019,
    -1.538966726949E-16));
#670 = ORIENTED_EDGE('',*,*,#671,.T.);
#671 = EDGE_CURVE('',#664,#672,#674,.T.);
#672 = VERTEX_POINT('',#673);
#673 = CARTESIAN_POINT('',(71.911126183076,10.303774696119,
    29.399460640045));
#674 = LINE('',#675,#676);
#675 = CARTESIAN_POINT('',(69.777411683415,71.405363541831,
    29.399460640045));
#676 = VECTOR('',#677,1.);
#677 = DIRECTION('',(3.48994967025E-02,-0.999390827019,
    -1.538966726949E-16));
#678 = ORIENTED_EDGE('',*,*,#679,.T.);
#679 = EDGE_CURVE('',#672,#584,#680,.T.);
#680 = LINE('',#681,#682);
#681 = CARTESIAN_POINT('',(71.911126183076,10.303774696119,
    36.814673271519));
#682 = VECTOR('',#683,1.);
#683 = DIRECTION('',(2.773765025951E-16,2.22044604925E-16,-1.));
#684 = PLANE('',#685);
#685 = AXIS2_PLACEMENT_3D('',#686,#687,#688);
#686 = CARTESIAN_POINT('',(69.955563091538,66.303774696119,
    26.299460640045));
#687 = DIRECTION('',(0.999390827019,3.48994967025E-02,3.072697049142E-16
    ));
#688 = DIRECTION('',(3.48994967025E-02,-0.999390827019,
    -2.177562081015E-16));
#689 = ADVANCED_FACE('',(#690),#716,.F.);
#690 = FACE_BOUND('',#691,.T.);
#691 = EDGE_LOOP('',(#692,#702,#708,#709,#710));
#692 = ORIENTED_EDGE('',*,*,#693,.T.);
#693 = EDGE_CURVE('',#694,#696,#698,.T.);
#694 = VERTEX_POINT('',#695);
#695 = CARTESIAN_POINT('',(71.911126183076,10.303774696119,
    23.200848458911));
#696 = VERTEX_POINT('',#697);
#697 = CARTESIAN_POINT('',(61.,10.303774696119,23.200848458911));
#698 = LINE('',#699,#700);
#699 = CARTESIAN_POINT('',(71.911126183076,10.303774696119,
    23.200848458911));
#700 = VECTOR('',#701,1.);
#701 = DIRECTION('',(-1.,-1.190026688646E-16,-1.190026688646E-16));
#702 = ORIENTED_EDGE('',*,*,#703,.T.);
#703 = EDGE_CURVE('',#696,#514,#704,.T.);
#704 = LINE('',#705,#706);
#705 = CARTESIAN_POINT('',(61.,10.303774696119,23.200848458911));
#706 = VECTOR('',#707,1.);
#707 = DIRECTION('',(-1.190026688646E-16,-2.22044604925E-16,1.));
#708 = ORIENTED_EDGE('',*,*,#511,.F.);
#709 = ORIENTED_EDGE('',*,*,#583,.T.);
#710 = ORIENTED_EDGE('',*,*,#711,.F.);
#711 = EDGE_CURVE('',#694,#584,#712,.T.);
#712 = LINE('',#713,#714);
#713 = CARTESIAN_POINT('',(71.911126183076,10.303774696119,
    23.200848458911));
#714 = VECTOR('',#715,1.);
#715 = DIRECTION('',(-2.981511004407E-16,-2.22044604925E-16,1.));
#716 = PLANE('',#717);
#717 = AXIS2_PLACEMENT_3D('',#718,#719,#720);
#718 = CARTESIAN_POINT('',(65.911126183076,10.303774696119,
    36.814673271519));
#719 = DIRECTION('',(1.190026688646E-16,-1.,-2.22044604925E-16));
#720 = DIRECTION('',(-1.,-1.190026688646E-16,-1.190026688646E-16));
#721 = ADVANCED_FACE('',(#722),#765,.F.);
#722 = FACE_BOUND('',#723,.F.);
#723 = EDGE_LOOP('',(#724,#725,#726,#734,#742,#750,#758));
#724 = ORIENTED_EDGE('',*,*,#703,.T.);
#725 = ORIENTED_EDGE('',*,*,#521,.T.);
#726 = ORIENTED_EDGE('',*,*,#727,.T.);
#727 = EDGE_CURVE('',#522,#728,#730,.T.);
#728 = VERTEX_POINT('',#729);
#729 = CARTESIAN_POINT('',(61.,11.303774696119,25.200848458911));
#730 = LINE('',#731,#732);
#731 = CARTESIAN_POINT('',(61.,11.303774696119,23.299460640045));
#732 = VECTOR('',#733,1.);
#733 = DIRECTION('',(-1.190026688646E-16,-2.22044604925E-16,1.));
#734 = ORIENTED_EDGE('',*,*,#735,.T.);
#735 = EDGE_CURVE('',#728,#736,#738,.T.);
#736 = VERTEX_POINT('',#737);
#737 = CARTESIAN_POINT('',(61.,7.303774696119,25.200848458911));
#738 = LINE('',#739,#740);
#739 = CARTESIAN_POINT('',(61.,11.303774696119,25.200848458911));
#740 = VECTOR('',#741,1.);
#741 = DIRECTION('',(1.190026688646E-16,-1.,-2.22044604925E-16));
#742 = ORIENTED_EDGE('',*,*,#743,.F.);
#743 = EDGE_CURVE('',#744,#736,#746,.T.);
#744 = VERTEX_POINT('',#745);
#745 = CARTESIAN_POINT('',(61.,7.303774696119,23.799460640045));
#746 = LINE('',#747,#748);
#747 = CARTESIAN_POINT('',(61.,7.303774696119,23.200848458911));
#748 = VECTOR('',#749,1.);
#749 = DIRECTION('',(-1.190026688646E-16,-2.22044604925E-16,1.));
#750 = ORIENTED_EDGE('',*,*,#751,.F.);
#751 = EDGE_CURVE('',#752,#744,#754,.T.);
#752 = VERTEX_POINT('',#753);
#753 = CARTESIAN_POINT('',(61.,7.902386877253,23.799460640045));
#754 = LINE('',#755,#756);
#755 = CARTESIAN_POINT('',(61.,7.902386877253,23.799460640045));
#756 = VECTOR('',#757,1.);
#757 = DIRECTION('',(0.,-1.,-2.22044604925E-16));
#758 = ORIENTED_EDGE('',*,*,#759,.F.);
#759 = EDGE_CURVE('',#696,#752,#760,.T.);
#760 = CIRCLE('',#761,1.75);
#761 = AXIS2_PLACEMENT_3D('',#762,#763,#764);
#762 = CARTESIAN_POINT('',(61.,8.803774696119,22.299460640045));
#763 = DIRECTION('',(1.,0.,0.));
#764 = DIRECTION('',(0.,-1.,-2.22044604925E-16));
#765 = PLANE('',#766);
#766 = AXIS2_PLACEMENT_3D('',#767,#768,#769);
#767 = CARTESIAN_POINT('',(61.,11.303774696119,17.200848458911));
#768 = DIRECTION('',(1.,1.190026688646E-16,3.358431033617E-16));
#769 = DIRECTION('',(1.190026688646E-16,-1.,-2.22044604925E-16));
#770 = ADVANCED_FACE('',(#771),#789,.T.);
#771 = FACE_BOUND('',#772,.T.);
#772 = EDGE_LOOP('',(#773,#774,#775,#783));
#773 = ORIENTED_EDGE('',*,*,#529,.T.);
#774 = ORIENTED_EDGE('',*,*,#727,.T.);
#775 = ORIENTED_EDGE('',*,*,#776,.T.);
#776 = EDGE_CURVE('',#728,#777,#779,.T.);
#777 = VERTEX_POINT('',#778);
#778 = CARTESIAN_POINT('',(39.,11.303774696119,25.200848458911));
#779 = LINE('',#780,#781);
#780 = CARTESIAN_POINT('',(61.,11.303774696119,25.200848458911));
#781 = VECTOR('',#782,1.);
#782 = DIRECTION('',(-1.,-1.190026688646E-16,-2.199320347397E-16));
#783 = ORIENTED_EDGE('',*,*,#784,.T.);
#784 = EDGE_CURVE('',#777,#530,#785,.T.);
#785 = LINE('',#786,#787);
#786 = CARTESIAN_POINT('',(39.,11.303774696119,25.200848458911));
#787 = VECTOR('',#788,1.);
#788 = DIRECTION('',(1.190026688646E-16,2.22044604925E-16,-1.));
#789 = PLANE('',#790);
#790 = AXIS2_PLACEMENT_3D('',#791,#792,#793);
#791 = CARTESIAN_POINT('',(66.955563091538,11.303774696119,
    41.299460640045));
#792 = DIRECTION('',(1.190026688646E-16,-1.,-2.22044604925E-16));
#793 = DIRECTION('',(-1.,-1.190026688646E-16,-1.190026688646E-16));
#794 = ADVANCED_FACE('',(#795),#838,.F.);
#795 = FACE_BOUND('',#796,.F.);
#796 = EDGE_LOOP('',(#797,#805,#806,#807,#815,#824,#832));
#797 = ORIENTED_EDGE('',*,*,#798,.F.);
#798 = EDGE_CURVE('',#777,#799,#801,.T.);
#799 = VERTEX_POINT('',#800);
#800 = CARTESIAN_POINT('',(39.,7.303774696119,25.200848458911));
#801 = LINE('',#802,#803);
#802 = CARTESIAN_POINT('',(39.,11.303774696119,25.200848458911));
#803 = VECTOR('',#804,1.);
#804 = DIRECTION('',(1.190026688646E-16,-1.,-2.22044604925E-16));
#805 = ORIENTED_EDGE('',*,*,#784,.T.);
#806 = ORIENTED_EDGE('',*,*,#537,.T.);
#807 = ORIENTED_EDGE('',*,*,#808,.T.);
#808 = EDGE_CURVE('',#538,#809,#811,.T.);
#809 = VERTEX_POINT('',#810);
#810 = CARTESIAN_POINT('',(39.,10.303774696119,23.200848458911));
#811 = LINE('',#812,#813);
#812 = CARTESIAN_POINT('',(39.,10.303774696119,23.299460640045));
#813 = VECTOR('',#814,1.);
#814 = DIRECTION('',(1.190026688646E-16,2.22044604925E-16,-1.));
#815 = ORIENTED_EDGE('',*,*,#816,.T.);
#816 = EDGE_CURVE('',#809,#817,#819,.T.);
#817 = VERTEX_POINT('',#818);
#818 = CARTESIAN_POINT('',(39.,7.902386877253,23.799460640045));
#819 = CIRCLE('',#820,1.75);
#820 = AXIS2_PLACEMENT_3D('',#821,#822,#823);
#821 = CARTESIAN_POINT('',(39.,8.803774696119,22.299460640045));
#822 = DIRECTION('',(1.,0.,0.));
#823 = DIRECTION('',(0.,-1.,-2.22044604925E-16));
#824 = ORIENTED_EDGE('',*,*,#825,.T.);
#825 = EDGE_CURVE('',#817,#826,#828,.T.);
#826 = VERTEX_POINT('',#827);
#827 = CARTESIAN_POINT('',(39.,7.303774696119,23.799460640045));
#828 = LINE('',#829,#830);
#829 = CARTESIAN_POINT('',(39.,7.902386877253,23.799460640045));
#830 = VECTOR('',#831,1.);
#831 = DIRECTION('',(0.,-1.,-2.22044604925E-16));
#832 = ORIENTED_EDGE('',*,*,#833,.F.);
#833 = EDGE_CURVE('',#799,#826,#834,.T.);
#834 = LINE('',#835,#836);
#835 = CARTESIAN_POINT('',(39.,7.303774696119,25.200848458911));
#836 = VECTOR('',#837,1.);
#837 = DIRECTION('',(-2.101443380386E-15,2.22044604925E-16,-1.));
#838 = PLANE('',#839);
#839 = AXIS2_PLACEMENT_3D('',#840,#841,#842);
#840 = CARTESIAN_POINT('',(39.,11.303774696119,17.200848458911));
#841 = DIRECTION('',(-1.,-1.190026688646E-16,3.146782001296E-16));
#842 = DIRECTION('',(-1.190026688646E-16,1.,2.22044604925E-16));
#843 = ADVANCED_FACE('',(#844),#871,.F.);
#844 = FACE_BOUND('',#845,.T.);
#845 = EDGE_LOOP('',(#846,#847,#848,#856,#864));
#846 = ORIENTED_EDGE('',*,*,#545,.F.);
#847 = ORIENTED_EDGE('',*,*,#808,.T.);
#848 = ORIENTED_EDGE('',*,*,#849,.T.);
#849 = EDGE_CURVE('',#809,#850,#852,.T.);
#850 = VERTEX_POINT('',#851);
#851 = CARTESIAN_POINT('',(28.,10.303774696119,23.200848458911));
#852 = LINE('',#853,#854);
#853 = CARTESIAN_POINT('',(39.,10.303774696119,23.200848458911));
#854 = VECTOR('',#855,1.);
#855 = DIRECTION('',(-1.,-1.190026688646E-16,-1.190026688646E-16));
#856 = ORIENTED_EDGE('',*,*,#857,.F.);
#857 = EDGE_CURVE('',#858,#850,#860,.T.);
#858 = VERTEX_POINT('',#859);
#859 = CARTESIAN_POINT('',(28.,10.303774696119,26.299460640045));
#860 = LINE('',#861,#862);
#861 = CARTESIAN_POINT('',(28.,10.303774696119,26.299460640045));
#862 = VECTOR('',#863,1.);
#863 = DIRECTION('',(1.190026688646E-16,2.22044604925E-16,-1.));
#864 = ORIENTED_EDGE('',*,*,#865,.T.);
#865 = EDGE_CURVE('',#858,#546,#866,.T.);
#866 = CIRCLE('',#867,5.592934259035);
#867 = AXIS2_PLACEMENT_3D('',#868,#869,#870);
#868 = CARTESIAN_POINT('',(32.955563091538,10.303774696119,
    28.89239489908));
#869 = DIRECTION('',(1.190026688646E-16,-1.,-2.22044604925E-16));
#870 = DIRECTION('',(-1.,-1.190026688646E-16,-1.190026688646E-16));
#871 = PLANE('',#872);
#872 = AXIS2_PLACEMENT_3D('',#873,#874,#875);
#873 = CARTESIAN_POINT('',(65.911126183076,10.303774696119,
    36.814673271519));
#874 = DIRECTION('',(1.190026688646E-16,-1.,-2.22044604925E-16));
#875 = DIRECTION('',(-1.,-1.190026688646E-16,-1.190026688646E-16));
#876 = ADVANCED_FACE('',(#877),#908,.T.);
#877 = FACE_BOUND('',#878,.T.);
#878 = EDGE_LOOP('',(#879,#880,#881));
#879 = ORIENTED_EDGE('',*,*,#553,.F.);
#880 = ORIENTED_EDGE('',*,*,#865,.F.);
#881 = ORIENTED_EDGE('',*,*,#882,.F.);
#882 = EDGE_CURVE('',#554,#858,#883,.T.);
#883 = B_SPLINE_CURVE_WITH_KNOTS('',3,(#884,#885,#886,#887,#888,#889,
    #890,#891,#892,#893,#894,#895,#896,#897,#898,#899,#900,#901,#902,
    #903,#904,#905,#906,#907),.UNSPECIFIED.,.F.,.F.,(4,2,2,2,2,2,2,2,2,2
    ,2,4),(6.520807778839,6.527207869734,6.539307365883,6.551406862031,
    6.575605854328,6.672741787499,6.769877720669,7.21534585088,
    7.660813981091,8.702983598248,9.745153215404,11.829492449718),
  .UNSPECIFIED.);
#884 = CARTESIAN_POINT('',(32.955563091538,66.303774696119,
    23.299460640045));
#885 = CARTESIAN_POINT('',(32.934115004216,66.303774696119,
    23.299460640045));
#886 = CARTESIAN_POINT('',(32.912773784292,66.300657007756,
    23.299586598484));
#887 = CARTESIAN_POINT('',(32.853399670022,66.284017581498,
    23.300258950576));
#888 = CARTESIAN_POINT('',(32.818734778501,66.264690055092,
    23.301039987981));
#889 = CARTESIAN_POINT('',(32.754307996654,66.216422812245,
    23.302991585727));
#890 = CARTESIAN_POINT('',(32.724572168893,66.187448372839,
    23.30416351608));
#891 = CARTESIAN_POINT('',(32.641258679109,66.092105496043,
    23.308022295705));
#892 = CARTESIAN_POINT('',(32.59373339236,66.017727526446,23.31103588345
    ));
#893 = CARTESIAN_POINT('',(32.395221993498,65.66563552533,
    23.325320448828));
#894 = CARTESIAN_POINT('',(32.284767271468,65.332038597027,
    23.338916707269));
#895 = CARTESIAN_POINT('',(32.085040825672,64.654626877,23.366703759781)
  );
#896 = CARTESIAN_POINT('',(32.001547802254,64.309124475411,
    23.380962609718));
#897 = CARTESIAN_POINT('',(31.608703861591,62.545139949561,
    23.454149613283));
#898 = CARTESIAN_POINT('',(31.375952083808,60.933140289298,
    23.522618081859));
#899 = CARTESIAN_POINT('',(30.957566104135,57.700446603055,
    23.663852248592));
#900 = CARTESIAN_POINT('',(30.781626640668,56.078507351314,
    23.736666263424));
#901 = CARTESIAN_POINT('',(30.285924097697,51.149743986626,
    23.962926411991));
#902 = CARTESIAN_POINT('',(29.99155003318,47.519677659291,
    24.138114200437));
#903 = CARTESIAN_POINT('',(29.455999867687,40.082974198444,
    24.517281524313));
#904 = CARTESIAN_POINT('',(29.217279966867,36.276161363916,
    24.721280222788));
#905 = CARTESIAN_POINT('',(28.573312848937,24.852240750254,
    25.364632926699));
#906 = CARTESIAN_POINT('',(28.241937068433,17.231945866276,
    25.837075447431));
#907 = CARTESIAN_POINT('',(28.,10.303774696119,26.299460640045));
#908 = CYLINDRICAL_SURFACE('',#909,5.592934259035);
#909 = AXIS2_PLACEMENT_3D('',#910,#911,#912);
#910 = CARTESIAN_POINT('',(32.955563091538,8.303774696119,28.89239489908
    ));
#911 = DIRECTION('',(-1.190026688646E-16,1.,2.22044604925E-16));
#912 = DIRECTION('',(1.,1.190026688646E-16,1.190026688646E-16));
#913 = ADVANCED_FACE('',(#914),#932,.T.);
#914 = FACE_BOUND('',#915,.T.);
#915 = EDGE_LOOP('',(#916,#925,#926));
#916 = ORIENTED_EDGE('',*,*,#917,.T.);
#917 = EDGE_CURVE('',#918,#554,#920,.T.);
#918 = VERTEX_POINT('',#919);
#919 = CARTESIAN_POINT('',(29.955563091538,66.303774696119,
    26.299460640045));
#920 = CIRCLE('',#921,3.);
#921 = AXIS2_PLACEMENT_3D('',#922,#923,#924);
#922 = CARTESIAN_POINT('',(32.955563091538,66.303774696119,
    26.299460640045));
#923 = DIRECTION('',(1.190026688646E-16,-1.,-2.22044604925E-16));
#924 = DIRECTION('',(-1.,-1.190026688646E-16,-1.190026688646E-16));
#925 = ORIENTED_EDGE('',*,*,#882,.T.);
#926 = ORIENTED_EDGE('',*,*,#927,.F.);
#927 = EDGE_CURVE('',#918,#858,#928,.T.);
#928 = LINE('',#929,#930);
#929 = CARTESIAN_POINT('',(29.955563091538,66.303774696119,
    26.299460640045));
#930 = VECTOR('',#931,1.);
#931 = DIRECTION('',(-3.48994967025E-02,-0.999390827019,
    -2.260624746008E-16));
#932 = CONICAL_SURFACE('',#933,3.,3.490658503989E-02);
#933 = AXIS2_PLACEMENT_3D('',#934,#935,#936);
#934 = CARTESIAN_POINT('',(32.955563091538,66.303774696119,
    26.299460640045));
#935 = DIRECTION('',(1.190026688646E-16,-1.,-2.22044604925E-16));
#936 = DIRECTION('',(-1.,-1.190026688646E-16,-1.190026688646E-16));
#937 = ADVANCED_FACE('',(#938),#971,.T.);
#938 = FACE_BOUND('',#939,.T.);
#939 = EDGE_LOOP('',(#940,#950,#958,#964,#965));
#940 = ORIENTED_EDGE('',*,*,#941,.T.);
#941 = EDGE_CURVE('',#942,#944,#946,.T.);
#942 = VERTEX_POINT('',#943);
#943 = CARTESIAN_POINT('',(28.,10.303774696119,29.399460640045));
#944 = VERTEX_POINT('',#945);
#945 = CARTESIAN_POINT('',(28.203937293832,16.143774696119,
    29.399460640045));
#946 = LINE('',#947,#948);
#947 = CARTESIAN_POINT('',(30.068781309063,69.545920249404,
    29.399460640045));
#948 = VECTOR('',#949,1.);
#949 = DIRECTION('',(3.48994967025E-02,0.999390827019,1.755833475149E-16
    ));
#950 = ORIENTED_EDGE('',*,*,#951,.T.);
#951 = EDGE_CURVE('',#944,#952,#954,.T.);
#952 = VERTEX_POINT('',#953);
#953 = CARTESIAN_POINT('',(29.955563091538,66.303774696119,
    29.399460640045));
#954 = LINE('',#955,#956);
#955 = CARTESIAN_POINT('',(30.068781309063,69.545920249404,
    29.399460640045));
#956 = VECTOR('',#957,1.);
#957 = DIRECTION('',(3.48994967025E-02,0.999390827019,1.755833475149E-16
    ));
#958 = ORIENTED_EDGE('',*,*,#959,.T.);
#959 = EDGE_CURVE('',#952,#918,#960,.T.);
#960 = LINE('',#961,#962);
#961 = CARTESIAN_POINT('',(29.955563091538,66.303774696119,
    38.299460640045));
#962 = VECTOR('',#963,1.);
#963 = DIRECTION('',(4.890770104064E-16,2.22044604925E-16,-1.));
#964 = ORIENTED_EDGE('',*,*,#927,.T.);
#965 = ORIENTED_EDGE('',*,*,#966,.F.);
#966 = EDGE_CURVE('',#942,#858,#967,.T.);
#967 = LINE('',#968,#969);
#968 = CARTESIAN_POINT('',(28.,10.303774696119,35.38665144463));
#969 = VECTOR('',#970,1.);
#970 = DIRECTION('',(1.190026688646E-16,2.22044604925E-16,-1.));
#971 = PLANE('',#972);
#972 = AXIS2_PLACEMENT_3D('',#973,#974,#975);
#973 = CARTESIAN_POINT('',(29.955563091538,66.303774696119,
    38.299460640045));
#974 = DIRECTION('',(-0.999390827019,3.48994967025E-02,
    -6.890698404654E-16));
#975 = DIRECTION('',(3.48994967025E-02,0.999390827019,2.260624746008E-16
    ));
#976 = ADVANCED_FACE('',(#977),#1001,.T.);
#977 = FACE_BOUND('',#978,.T.);
#978 = EDGE_LOOP('',(#979,#980,#986,#987,#995));
#979 = ORIENTED_EDGE('',*,*,#671,.F.);
#980 = ORIENTED_EDGE('',*,*,#981,.T.);
#981 = EDGE_CURVE('',#664,#944,#982,.T.);
#982 = LINE('',#983,#984);
#983 = CARTESIAN_POINT('',(71.911126183076,16.143774696119,
    29.399460640045));
#984 = VECTOR('',#985,1.);
#985 = DIRECTION('',(-1.,0.,0.));
#986 = ORIENTED_EDGE('',*,*,#941,.F.);
#987 = ORIENTED_EDGE('',*,*,#988,.T.);
#988 = EDGE_CURVE('',#942,#989,#991,.T.);
#989 = VERTEX_POINT('',#990);
#990 = CARTESIAN_POINT('',(28.,8.770364380557,29.399460640045));
#991 = LINE('',#992,#993);
#992 = CARTESIAN_POINT('',(28.,39.354569118975,29.399460640045));
#993 = VECTOR('',#994,1.);
#994 = DIRECTION('',(1.190026688646E-16,-1.,-1.648404264388E-16));
#995 = ORIENTED_EDGE('',*,*,#996,.F.);
#996 = EDGE_CURVE('',#672,#989,#997,.T.);
#997 = LINE('',#998,#999);
#998 = CARTESIAN_POINT('',(71.911126183076,10.303774696119,
    29.399460640045));
#999 = VECTOR('',#1000,1.);
#1000 = DIRECTION('',(-0.999390827019,-3.48994967025E-02,
    -3.162654044239E-16));
#1001 = PLANE('',#1002);
#1002 = AXIS2_PLACEMENT_3D('',#1003,#1004,#1005);
#1003 = CARTESIAN_POINT('',(69.777411683415,71.405363541831,
    29.399460640045));
#1004 = DIRECTION('',(-3.107018276635E-16,-1.648404264388E-16,1.));
#1005 = DIRECTION('',(3.48994967025E-02,-0.999390827019,
    -1.538966726949E-16));
#1006 = ADVANCED_FACE('',(#1007),#1086,.F.);
#1007 = FACE_BOUND('',#1008,.F.);
#1008 = EDGE_LOOP('',(#1009,#1010,#1011,#1012,#1020,#1028,#1036,#1045,
    #1053,#1062,#1071,#1079));
#1009 = ORIENTED_EDGE('',*,*,#857,.F.);
#1010 = ORIENTED_EDGE('',*,*,#966,.F.);
#1011 = ORIENTED_EDGE('',*,*,#988,.T.);
#1012 = ORIENTED_EDGE('',*,*,#1013,.T.);
#1013 = EDGE_CURVE('',#989,#1014,#1016,.T.);
#1014 = VERTEX_POINT('',#1015);
#1015 = CARTESIAN_POINT('',(28.,8.770364380557,35.38665144463));
#1016 = LINE('',#1017,#1018);
#1017 = CARTESIAN_POINT('',(28.,8.770364380557,25.849460640045));
#1018 = VECTOR('',#1019,1.);
#1019 = DIRECTION('',(-1.190026688646E-16,-2.691684467652E-16,1.));
#1020 = ORIENTED_EDGE('',*,*,#1021,.F.);
#1021 = EDGE_CURVE('',#1022,#1014,#1024,.T.);
#1022 = VERTEX_POINT('',#1023);
#1023 = CARTESIAN_POINT('',(28.,7.303774696119,35.38665144463));
#1024 = LINE('',#1025,#1026);
#1025 = CARTESIAN_POINT('',(28.,7.303774696119,35.38665144463));
#1026 = VECTOR('',#1027,1.);
#1027 = DIRECTION('',(-1.190026688646E-16,1.,2.22044604925E-16));
#1028 = ORIENTED_EDGE('',*,*,#1029,.T.);
#1029 = EDGE_CURVE('',#1022,#1030,#1032,.T.);
#1030 = VERTEX_POINT('',#1031);
#1031 = CARTESIAN_POINT('',(28.,7.303774696119,23.200848458911));
#1032 = LINE('',#1033,#1034);
#1033 = CARTESIAN_POINT('',(28.,7.303774696119,35.38665144463));
#1034 = VECTOR('',#1035,1.);
#1035 = DIRECTION('',(1.190026688646E-16,2.22044604925E-16,-1.));
#1036 = ORIENTED_EDGE('',*,*,#1037,.F.);
#1037 = EDGE_CURVE('',#1038,#1030,#1040,.T.);
#1038 = VERTEX_POINT('',#1039);
#1039 = CARTESIAN_POINT('',(28.,7.109084453239,21.862968966941));
#1040 = CIRCLE('',#1041,1.75);
#1041 = AXIS2_PLACEMENT_3D('',#1042,#1043,#1044);
#1042 = CARTESIAN_POINT('',(28.,8.803774696119,22.299460640045));
#1043 = DIRECTION('',(-1.,-1.190026688646E-16,-1.190026688646E-16));
#1044 = DIRECTION('',(-1.190026688646E-16,1.,2.22044604925E-16));
#1045 = ORIENTED_EDGE('',*,*,#1046,.T.);
#1046 = EDGE_CURVE('',#1038,#1047,#1049,.T.);
#1047 = VERTEX_POINT('',#1048);
#1048 = CARTESIAN_POINT('',(28.,7.90406639933,21.862968966941));
#1049 = LINE('',#1050,#1051);
#1050 = CARTESIAN_POINT('',(28.,5.803774696119,21.862968966941));
#1051 = VECTOR('',#1052,1.);
#1052 = DIRECTION('',(0.,1.,2.22044604925E-16));
#1053 = ORIENTED_EDGE('',*,*,#1054,.T.);
#1054 = EDGE_CURVE('',#1047,#1055,#1057,.T.);
#1055 = VERTEX_POINT('',#1056);
#1056 = CARTESIAN_POINT('',(28.,9.803774696119,22.299460640045));
#1057 = CIRCLE('',#1058,1.);
#1058 = AXIS2_PLACEMENT_3D('',#1059,#1060,#1061);
#1059 = CARTESIAN_POINT('',(28.,8.803774696119,22.299460640045));
#1060 = DIRECTION('',(-1.,-1.190026688646E-16,-1.190026688646E-16));
#1061 = DIRECTION('',(-1.190026688646E-16,1.,2.22044604925E-16));
#1062 = ORIENTED_EDGE('',*,*,#1063,.T.);
#1063 = EDGE_CURVE('',#1055,#1064,#1066,.T.);
#1064 = VERTEX_POINT('',#1065);
#1065 = CARTESIAN_POINT('',(28.,9.703482992908,21.862968966941));
#1066 = CIRCLE('',#1067,1.);
#1067 = AXIS2_PLACEMENT_3D('',#1068,#1069,#1070);
#1068 = CARTESIAN_POINT('',(28.,8.803774696119,22.299460640045));
#1069 = DIRECTION('',(-1.,-1.190026688646E-16,-1.190026688646E-16));
#1070 = DIRECTION('',(-1.190026688646E-16,1.,2.22044604925E-16));
#1071 = ORIENTED_EDGE('',*,*,#1072,.T.);
#1072 = EDGE_CURVE('',#1064,#1073,#1075,.T.);
#1073 = VERTEX_POINT('',#1074);
#1074 = CARTESIAN_POINT('',(28.,10.498464938999,21.862968966941));
#1075 = LINE('',#1076,#1077);
#1076 = CARTESIAN_POINT('',(28.,5.803774696119,21.862968966941));
#1077 = VECTOR('',#1078,1.);
#1078 = DIRECTION('',(0.,1.,2.22044604925E-16));
#1079 = ORIENTED_EDGE('',*,*,#1080,.F.);
#1080 = EDGE_CURVE('',#850,#1073,#1081,.T.);
#1081 = CIRCLE('',#1082,1.75);
#1082 = AXIS2_PLACEMENT_3D('',#1083,#1084,#1085);
#1083 = CARTESIAN_POINT('',(28.,8.803774696119,22.299460640045));
#1084 = DIRECTION('',(-1.,-1.190026688646E-16,-1.190026688646E-16));
#1085 = DIRECTION('',(-1.190026688646E-16,1.,2.22044604925E-16));
#1086 = PLANE('',#1087);
#1087 = AXIS2_PLACEMENT_3D('',#1088,#1089,#1090);
#1088 = CARTESIAN_POINT('',(28.,7.303774696119,22.299460640045));
#1089 = DIRECTION('',(1.,1.190026688646E-16,1.190026688646E-16));
#1090 = DIRECTION('',(1.190026688646E-16,-1.,-2.22044604925E-16));
#1091 = ADVANCED_FACE('',(#1092),#1127,.F.);
#1092 = FACE_BOUND('',#1093,.F.);
#1093 = EDGE_LOOP('',(#1094,#1104,#1112,#1118,#1119,#1120));
#1094 = ORIENTED_EDGE('',*,*,#1095,.T.);
#1095 = EDGE_CURVE('',#1096,#1098,#1100,.T.);
#1096 = VERTEX_POINT('',#1097);
#1097 = CARTESIAN_POINT('',(71.911126183076,7.303774696119,
    23.200848458911));
#1098 = VERTEX_POINT('',#1099);
#1099 = CARTESIAN_POINT('',(71.911126183076,7.303774696119,
    36.814673271519));
#1100 = LINE('',#1101,#1102);
#1101 = CARTESIAN_POINT('',(71.911126183076,7.303774696119,
    23.200848458911));
#1102 = VECTOR('',#1103,1.);
#1103 = DIRECTION('',(-2.413293889349E-16,-2.22044604925E-16,1.));
#1104 = ORIENTED_EDGE('',*,*,#1105,.T.);
#1105 = EDGE_CURVE('',#1098,#1106,#1108,.T.);
#1106 = VERTEX_POINT('',#1107);
#1107 = CARTESIAN_POINT('',(71.911126183076,10.303774696119,
    36.814673271519));
#1108 = LINE('',#1109,#1110);
#1109 = CARTESIAN_POINT('',(71.911126183076,7.303774696119,
    36.814673271519));
#1110 = VECTOR('',#1111,1.);
#1111 = DIRECTION('',(-1.190026688646E-16,1.,2.22044604925E-16));
#1112 = ORIENTED_EDGE('',*,*,#1113,.T.);
#1113 = EDGE_CURVE('',#1106,#672,#1114,.T.);
#1114 = LINE('',#1115,#1116);
#1115 = CARTESIAN_POINT('',(71.911126183076,10.303774696119,
    36.814673271519));
#1116 = VECTOR('',#1117,1.);
#1117 = DIRECTION('',(2.773765025951E-16,2.22044604925E-16,-1.));
#1118 = ORIENTED_EDGE('',*,*,#679,.T.);
#1119 = ORIENTED_EDGE('',*,*,#711,.F.);
#1120 = ORIENTED_EDGE('',*,*,#1121,.F.);
#1121 = EDGE_CURVE('',#1096,#694,#1122,.T.);
#1122 = CIRCLE('',#1123,1.75);
#1123 = AXIS2_PLACEMENT_3D('',#1124,#1125,#1126);
#1124 = CARTESIAN_POINT('',(71.911126183076,8.803774696119,
    22.299460640045));
#1125 = DIRECTION('',(-1.,-1.190026688646E-16,-2.401190354857E-16));
#1126 = DIRECTION('',(2.401190354857E-16,2.22044604925E-16,-1.));
#1127 = PLANE('',#1128);
#1128 = AXIS2_PLACEMENT_3D('',#1129,#1130,#1131);
#1129 = CARTESIAN_POINT('',(71.911126183076,7.303774696119,
    29.653281610042));
#1130 = DIRECTION('',(-1.,-1.190026688646E-16,-2.401190354857E-16));
#1131 = DIRECTION('',(-1.190026688646E-16,1.,2.22044604925E-16));
#1132 = ADVANCED_FACE('',(#1133),#1156,.F.);
#1133 = FACE_BOUND('',#1134,.T.);
#1134 = EDGE_LOOP('',(#1135,#1136,#1142,#1143,#1149,#1150));
#1135 = ORIENTED_EDGE('',*,*,#751,.F.);
#1136 = ORIENTED_EDGE('',*,*,#1137,.F.);
#1137 = EDGE_CURVE('',#817,#752,#1138,.T.);
#1138 = LINE('',#1139,#1140);
#1139 = CARTESIAN_POINT('',(39.,7.902386877253,23.799460640045));
#1140 = VECTOR('',#1141,1.);
#1141 = DIRECTION('',(1.,0.,0.));
#1142 = ORIENTED_EDGE('',*,*,#825,.T.);
#1143 = ORIENTED_EDGE('',*,*,#1144,.T.);
#1144 = EDGE_CURVE('',#826,#278,#1145,.T.);
#1145 = LINE('',#1146,#1147);
#1146 = CARTESIAN_POINT('',(39.,7.902386877253,23.799460640045));
#1147 = VECTOR('',#1148,1.);
#1148 = DIRECTION('',(0.,-1.,-2.22044604925E-16));
#1149 = ORIENTED_EDGE('',*,*,#301,.T.);
#1150 = ORIENTED_EDGE('',*,*,#1151,.F.);
#1151 = EDGE_CURVE('',#744,#294,#1152,.T.);
#1152 = LINE('',#1153,#1154);
#1153 = CARTESIAN_POINT('',(61.,7.902386877253,23.799460640045));
#1154 = VECTOR('',#1155,1.);
#1155 = DIRECTION('',(0.,-1.,-2.22044604925E-16));
#1156 = PLANE('',#1157);
#1157 = AXIS2_PLACEMENT_3D('',#1158,#1159,#1160);
#1158 = CARTESIAN_POINT('',(39.,8.803774696119,23.799460640045));
#1159 = DIRECTION('',(-1.182766006348E-16,2.22044604925E-16,-1.));
#1160 = DIRECTION('',(0.,1.,2.22044604925E-16));
#1161 = ADVANCED_FACE('',(#1162),#1226,.T.);
#1162 = FACE_BOUND('',#1163,.T.);
#1163 = EDGE_LOOP('',(#1164,#1172,#1178,#1179,#1188,#1196,#1203,#1204,
    #1212,#1218,#1219,#1225));
#1164 = ORIENTED_EDGE('',*,*,#1165,.F.);
#1165 = EDGE_CURVE('',#1166,#744,#1168,.T.);
#1166 = VERTEX_POINT('',#1167);
#1167 = CARTESIAN_POINT('',(61.,7.303774696119,23.200848458911));
#1168 = LINE('',#1169,#1170);
#1169 = CARTESIAN_POINT('',(61.,7.303774696119,23.200848458911));
#1170 = VECTOR('',#1171,1.);
#1171 = DIRECTION('',(-1.190026688646E-16,-2.22044604925E-16,1.));
#1172 = ORIENTED_EDGE('',*,*,#1173,.F.);
#1173 = EDGE_CURVE('',#1096,#1166,#1174,.T.);
#1174 = LINE('',#1175,#1176);
#1175 = CARTESIAN_POINT('',(71.911126183076,7.303774696119,
    23.200848458911));
#1176 = VECTOR('',#1177,1.);
#1177 = DIRECTION('',(-1.,-1.190026688646E-16,-1.190026688646E-16));
#1178 = ORIENTED_EDGE('',*,*,#1095,.T.);
#1179 = ORIENTED_EDGE('',*,*,#1180,.T.);
#1180 = EDGE_CURVE('',#1098,#1181,#1183,.T.);
#1181 = VERTEX_POINT('',#1182);
#1182 = CARTESIAN_POINT('',(68.343636722017,7.303774696119,
    42.299460640045));
#1183 = CIRCLE('',#1184,6.);
#1184 = AXIS2_PLACEMENT_3D('',#1185,#1186,#1187);
#1185 = CARTESIAN_POINT('',(65.911126183076,7.303774696119,
    36.814673271519));
#1186 = DIRECTION('',(1.190026688646E-16,-1.,-2.22044604925E-16));
#1187 = DIRECTION('',(-1.,-1.190026688646E-16,-1.190026688646E-16));
#1188 = ORIENTED_EDGE('',*,*,#1189,.T.);
#1189 = EDGE_CURVE('',#1181,#1190,#1192,.T.);
#1190 = VERTEX_POINT('',#1191);
#1191 = CARTESIAN_POINT('',(33.930158461017,7.303774696119,
    42.299460640045));
#1192 = LINE('',#1193,#1194);
#1193 = CARTESIAN_POINT('',(68.343636722016,7.303774696119,
    42.299460640045));
#1194 = VECTOR('',#1195,1.);
#1195 = DIRECTION('',(-1.,-1.190026688646E-16,-1.190026688646E-16));
#1196 = ORIENTED_EDGE('',*,*,#1197,.T.);
#1197 = EDGE_CURVE('',#1190,#1022,#1198,.T.);
#1198 = CIRCLE('',#1199,6.);
#1199 = AXIS2_PLACEMENT_3D('',#1200,#1201,#1202);
#1200 = CARTESIAN_POINT('',(33.930158461017,7.303774696119,
    36.299460640045));
#1201 = DIRECTION('',(1.190026688646E-16,-1.,-2.22044604925E-16));
#1202 = DIRECTION('',(-1.,-1.190026688646E-16,-1.190026688646E-16));
#1203 = ORIENTED_EDGE('',*,*,#1029,.T.);
#1204 = ORIENTED_EDGE('',*,*,#1205,.F.);
#1205 = EDGE_CURVE('',#1206,#1030,#1208,.T.);
#1206 = VERTEX_POINT('',#1207);
#1207 = CARTESIAN_POINT('',(39.,7.303774696119,23.200848458911));
#1208 = LINE('',#1209,#1210);
#1209 = CARTESIAN_POINT('',(39.,7.303774696119,23.200848458911));
#1210 = VECTOR('',#1211,1.);
#1211 = DIRECTION('',(-1.,-1.190026688646E-16,-1.190026688646E-16));
#1212 = ORIENTED_EDGE('',*,*,#1213,.F.);
#1213 = EDGE_CURVE('',#826,#1206,#1214,.T.);
#1214 = LINE('',#1215,#1216);
#1215 = CARTESIAN_POINT('',(39.,7.303774696119,25.200848458911));
#1216 = VECTOR('',#1217,1.);
#1217 = DIRECTION('',(-2.101443380386E-15,2.22044604925E-16,-1.));
#1218 = ORIENTED_EDGE('',*,*,#833,.F.);
#1219 = ORIENTED_EDGE('',*,*,#1220,.F.);
#1220 = EDGE_CURVE('',#736,#799,#1221,.T.);
#1221 = LINE('',#1222,#1223);
#1222 = CARTESIAN_POINT('',(61.,7.303774696119,25.200848458911));
#1223 = VECTOR('',#1224,1.);
#1224 = DIRECTION('',(-1.,-1.190026688646E-16,-2.199320347397E-16));
#1225 = ORIENTED_EDGE('',*,*,#743,.F.);
#1226 = PLANE('',#1227);
#1227 = AXIS2_PLACEMENT_3D('',#1228,#1229,#1230);
#1228 = CARTESIAN_POINT('',(65.911126183076,7.303774696119,
    36.814673271519));
#1229 = DIRECTION('',(1.190026688646E-16,-1.,-2.22044604925E-16));
#1230 = DIRECTION('',(-1.,-1.190026688646E-16,-1.190026688646E-16));
#1231 = ADVANCED_FACE('',(#1232),#1238,.F.);
#1232 = FACE_BOUND('',#1233,.T.);
#1233 = EDGE_LOOP('',(#1234,#1235,#1236,#1237));
#1234 = ORIENTED_EDGE('',*,*,#1220,.T.);
#1235 = ORIENTED_EDGE('',*,*,#798,.F.);
#1236 = ORIENTED_EDGE('',*,*,#776,.F.);
#1237 = ORIENTED_EDGE('',*,*,#735,.T.);
#1238 = PLANE('',#1239);
#1239 = AXIS2_PLACEMENT_3D('',#1240,#1241,#1242);
#1240 = CARTESIAN_POINT('',(61.,11.303774696119,25.200848458911));
#1241 = DIRECTION('',(-2.767048030444E-16,-2.22044604925E-16,1.));
#1242 = DIRECTION('',(-1.190026688646E-16,1.,2.22044604925E-16));
#1243 = ADVANCED_FACE('',(#1244),#1273,.T.);
#1244 = FACE_BOUND('',#1245,.T.);
#1245 = EDGE_LOOP('',(#1246,#1247,#1248,#1249,#1258,#1266));
#1246 = ORIENTED_EDGE('',*,*,#1113,.T.);
#1247 = ORIENTED_EDGE('',*,*,#996,.T.);
#1248 = ORIENTED_EDGE('',*,*,#1013,.T.);
#1249 = ORIENTED_EDGE('',*,*,#1250,.T.);
#1250 = EDGE_CURVE('',#1014,#1251,#1253,.T.);
#1251 = VERTEX_POINT('',#1252);
#1252 = CARTESIAN_POINT('',(30.613533670661,8.861630987429,
    41.299460640045));
#1253 = ELLIPSE('',#1254,6.003657265793,6.);
#1254 = AXIS2_PLACEMENT_3D('',#1255,#1256,#1257);
#1255 = CARTESIAN_POINT('',(33.930158461017,8.977450077223,
    36.299460640045));
#1256 = DIRECTION('',(-3.48994967025E-02,0.999390827019,
    2.648513433704E-16));
#1257 = DIRECTION('',(0.999390827019,3.48994967025E-02,
    -1.221948801343E-15));
#1258 = ORIENTED_EDGE('',*,*,#1259,.F.);
#1259 = EDGE_CURVE('',#1260,#1251,#1262,.T.);
#1260 = VERTEX_POINT('',#1261);
#1261 = CARTESIAN_POINT('',(69.896936296354,10.233437635372,
    41.299460640045));
#1262 = LINE('',#1263,#1264);
#1263 = CARTESIAN_POINT('',(71.911126183076,10.303774696119,
    41.299460640045));
#1264 = VECTOR('',#1265,1.);
#1265 = DIRECTION('',(-0.999390827019,-3.48994967025E-02,
    -3.162654044239E-16));
#1266 = ORIENTED_EDGE('',*,*,#1267,.T.);
#1267 = EDGE_CURVE('',#1260,#1106,#1268,.T.);
#1268 = ELLIPSE('',#1269,6.003657265793,6.);
#1269 = AXIS2_PLACEMENT_3D('',#1270,#1271,#1272);
#1270 = CARTESIAN_POINT('',(65.911126183076,10.094250079168,
    36.814673271519));
#1271 = DIRECTION('',(-3.48994967025E-02,0.999390827019,
    2.648513433704E-16));
#1272 = DIRECTION('',(0.999390827019,3.48994967025E-02,
    -1.221948801343E-15));
#1273 = PLANE('',#1274);
#1274 = AXIS2_PLACEMENT_3D('',#1275,#1276,#1277);
#1275 = CARTESIAN_POINT('',(71.911126183076,10.303774696119,
    29.399460640045));
#1276 = DIRECTION('',(-3.48994967025E-02,0.999390827019,
    2.648513433704E-16));
#1277 = DIRECTION('',(-5.578877082868E-16,-2.844946500602E-16,1.));
#1278 = ADVANCED_FACE('',(#1279),#1311,.F.);
#1279 = FACE_BOUND('',#1280,.F.);
#1280 = EDGE_LOOP('',(#1281,#1289,#1290,#1296,#1297,#1305));
#1281 = ORIENTED_EDGE('',*,*,#1282,.T.);
#1282 = EDGE_CURVE('',#1283,#664,#1285,.T.);
#1283 = VERTEX_POINT('',#1284);
#1284 = CARTESIAN_POINT('',(71.911126183076,16.143774696119,
    29.399460640045));
#1285 = LINE('',#1286,#1287);
#1286 = CARTESIAN_POINT('',(71.911126183076,16.143774696119,
    29.399460640045));
#1287 = VECTOR('',#1288,1.);
#1288 = DIRECTION('',(-1.,0.,0.));
#1289 = ORIENTED_EDGE('',*,*,#981,.T.);
#1290 = ORIENTED_EDGE('',*,*,#1291,.T.);
#1291 = EDGE_CURVE('',#944,#472,#1292,.T.);
#1292 = LINE('',#1293,#1294);
#1293 = CARTESIAN_POINT('',(71.911126183076,16.143774696119,
    29.399460640045));
#1294 = VECTOR('',#1295,1.);
#1295 = DIRECTION('',(-1.,0.,0.));
#1296 = ORIENTED_EDGE('',*,*,#497,.T.);
#1297 = ORIENTED_EDGE('',*,*,#1298,.F.);
#1298 = EDGE_CURVE('',#1299,#490,#1301,.T.);
#1299 = VERTEX_POINT('',#1300);
#1300 = CARTESIAN_POINT('',(71.911126183076,13.343774696119,
    31.360041747032));
#1301 = LINE('',#1302,#1303);
#1302 = CARTESIAN_POINT('',(71.911126183076,13.343774696119,
    31.360041747032));
#1303 = VECTOR('',#1304,1.);
#1304 = DIRECTION('',(-1.,0.,0.));
#1305 = ORIENTED_EDGE('',*,*,#1306,.F.);
#1306 = EDGE_CURVE('',#1283,#1299,#1307,.T.);
#1307 = LINE('',#1308,#1309);
#1308 = CARTESIAN_POINT('',(71.911126183076,16.143774696119,
    29.399460640045));
#1309 = VECTOR('',#1310,1.);
#1310 = DIRECTION('',(0.,-0.819152044289,0.573576436351));
#1311 = PLANE('',#1312);
#1312 = AXIS2_PLACEMENT_3D('',#1313,#1314,#1315);
#1313 = CARTESIAN_POINT('',(71.911126183076,16.143774696119,
    29.399460640045));
#1314 = DIRECTION('',(0.,0.573576436351,0.819152044289));
#1315 = DIRECTION('',(0.,-0.819152044289,0.573576436351));
#1316 = ADVANCED_FACE('',(#1317,#1349),#1453,.F.);
#1317 = FACE_BOUND('',#1318,.F.);
#1318 = EDGE_LOOP('',(#1319,#1327,#1328,#1336));
#1319 = ORIENTED_EDGE('',*,*,#1320,.F.);
#1320 = EDGE_CURVE('',#251,#1321,#1323,.T.);
#1321 = VERTEX_POINT('',#1322);
#1322 = CARTESIAN_POINT('',(31.5,25.420064547656,19.799460640045));
#1323 = LINE('',#1324,#1325);
#1324 = CARTESIAN_POINT('',(31.5,5.803774696119,19.799460640045));
#1325 = VECTOR('',#1326,1.);
#1326 = DIRECTION('',(0.,1.,2.22044604925E-16));
#1327 = ORIENTED_EDGE('',*,*,#258,.T.);
#1328 = ORIENTED_EDGE('',*,*,#1329,.T.);
#1329 = EDGE_CURVE('',#259,#1330,#1332,.T.);
#1330 = VERTEX_POINT('',#1331);
#1331 = CARTESIAN_POINT('',(27.5,25.199664020497,23.799460640045));
#1332 = LINE('',#1333,#1334);
#1333 = CARTESIAN_POINT('',(27.5,5.803774696119,23.799460640045));
#1334 = VECTOR('',#1335,1.);
#1335 = DIRECTION('',(0.,1.,2.22044604925E-16));
#1336 = ORIENTED_EDGE('',*,*,#1337,.F.);
#1337 = EDGE_CURVE('',#1321,#1330,#1338,.T.);
#1338 = B_SPLINE_CURVE_WITH_KNOTS('',3,(#1339,#1340,#1341,#1342,#1343,
    #1344,#1345,#1346,#1347,#1348),.UNSPECIFIED.,.F.,.F.,(4,2,2,2,4),(
    0.60298673226,0.753887905107,0.904789077955,1.055459567951,
    1.206130057947),.UNSPECIFIED.);
#1339 = CARTESIAN_POINT('',(31.5,25.420064547655,19.799460640045));
#1340 = CARTESIAN_POINT('',(30.997595493317,25.395515726304,
    19.799460640045));
#1341 = CARTESIAN_POINT('',(30.461736436895,25.368030899269,
    19.899888615001));
#1342 = CARTESIAN_POINT('',(29.475950124034,25.315156706115,
    20.308346878175));
#1343 = CARTESIAN_POINT('',(29.026019670584,25.289834458638,
    20.616378136247));
#1344 = CARTESIAN_POINT('',(28.316007411272,25.248876198156,
    21.326807732083));
#1345 = CARTESIAN_POINT('',(28.008379897646,25.230510425056,
    21.776377699101));
#1346 = CARTESIAN_POINT('',(27.600373244426,25.205870351386,
    22.761584599694));
#1347 = CARTESIAN_POINT('',(27.5,25.199664020497,23.297225673392));
#1348 = CARTESIAN_POINT('',(27.5,25.199664020497,23.799460640045));
#1349 = FACE_BOUND('',#1350,.F.);
#1350 = EDGE_LOOP('',(#1351,#1352,#1417,#1418));
#1351 = ORIENTED_EDGE('',*,*,#1046,.F.);
#1352 = ORIENTED_EDGE('',*,*,#1353,.F.);
#1353 = EDGE_CURVE('',#1073,#1038,#1354,.T.);
#1354 = B_SPLINE_CURVE_WITH_KNOTS('',7,(#1355,#1356,#1357,#1358,#1359,
    #1360,#1361,#1362,#1363,#1364,#1365,#1366,#1367,#1368,#1369,#1370,
    #1371,#1372,#1373,#1374,#1375,#1376,#1377,#1378,#1379,#1380,#1381,
    #1382,#1383,#1384,#1385,#1386,#1387,#1388,#1389,#1390,#1391,#1392,
    #1393,#1394,#1395,#1396,#1397,#1398,#1399,#1400,#1401,#1402,#1403,
    #1404,#1405,#1406,#1407,#1408,#1409,#1410,#1411,#1412,#1413,#1414,
    #1415,#1416),.UNSPECIFIED.,.F.,.F.,(8,6,6,6,6,6,6,6,6,6,8),(0.,
    6.555298116952E-02,0.208196405348,0.384104876612,0.426950070206,
    0.499997234862,0.57354306879,0.616297754294,0.791106564161,
    0.935379724729,1.),.UNSPECIFIED.);
#1355 = CARTESIAN_POINT('',(27.99974887906,10.49858179381,
    21.863422910465));
#1356 = CARTESIAN_POINT('',(28.025585819475,10.486563847322,
    21.816711124704));
#1357 = CARTESIAN_POINT('',(28.051845983844,10.473189382073,
    21.770951330398));
#1358 = CARTESIAN_POINT('',(28.0784800199,10.45853238826,21.726159964829
    ));
#1359 = CARTESIAN_POINT('',(28.105438480493,10.442662661327,
    21.682349872979));
#1360 = CARTESIAN_POINT('',(28.132672062415,10.425645967691,
    21.63953063153));
#1361 = CARTESIAN_POINT('',(28.160131845219,10.40754421046,
    21.597708872875));
#1362 = CARTESIAN_POINT('',(28.247909190035,10.346791688225,
    21.468063629795));
#1363 = CARTESIAN_POINT('',(28.308894954746,10.300302946295,
    21.383975256072));
#1364 = CARTESIAN_POINT('',(28.370312405287,10.249490167184,
    21.304542317196));
#1365 = CARTESIAN_POINT('',(28.431779672324,10.194760117386,
    21.229647328756));
#1366 = CARTESIAN_POINT('',(28.492930839246,10.136406621484,
    21.159171175938));
#1367 = CARTESIAN_POINT('',(28.553388079236,10.074626646399,
    21.09301862308));
#1368 = CARTESIAN_POINT('',(28.685894016164,9.929255624423,
    20.954819072831));
#1369 = CARTESIAN_POINT('',(28.757351028506,9.843945554075,
    20.885002450373));
#1370 = CARTESIAN_POINT('',(28.826350695918,9.753744514229,
    20.821517060937));
#1371 = CARTESIAN_POINT('',(28.891936160281,9.658666616361,
    20.764414717033));
#1372 = CARTESIAN_POINT('',(28.952814931193,9.558708076212,
    20.713964699879));
#1373 = CARTESIAN_POINT('',(29.007295257955,9.453861686344,
    20.670592118651));
#1374 = CARTESIAN_POINT('',(29.064620333505,9.31732090295,
    20.626271818947));
#1375 = CARTESIAN_POINT('',(29.07534682852,9.29029365319,20.618053156931
    ));
#1376 = CARTESIAN_POINT('',(29.085538493964,9.262994512897,
    20.610309230295));
#1377 = CARTESIAN_POINT('',(29.095162982222,9.235435103486,
    20.603052199199));
#1378 = CARTESIAN_POINT('',(29.104189206941,9.207626249303,
    20.596293580888));
#1379 = CARTESIAN_POINT('',(29.112587343029,9.179577977626,
    20.590044249693));
#1380 = CARTESIAN_POINT('',(29.133527353297,9.103087313882,
    20.57454562672));
#1381 = CARTESIAN_POINT('',(29.144829162012,9.054163889713,
    20.566278782186));
#1382 = CARTESIAN_POINT('',(29.154057824766,9.004676523386,
    20.559591550624));
#1383 = CARTESIAN_POINT('',(29.161077384844,8.954765175461,
    20.554538680835));
#1384 = CARTESIAN_POINT('',(29.16579360852,8.904562375472,
    20.551155374931));
#1385 = CARTESIAN_POINT('',(29.168155236728,8.854193107561,
    20.549460640045));
#1386 = CARTESIAN_POINT('',(29.168155236728,8.753012094555,
    20.549460640045));
#1387 = CARTESIAN_POINT('',(29.165761261512,8.702300242493,
    20.551178594368));
#1388 = CARTESIAN_POINT('',(29.160980627685,8.651758394813,
    20.554608093746));
#1389 = CARTESIAN_POINT('',(29.153865984648,8.601513700052,
    20.55972963752));
#1390 = CARTESIAN_POINT('',(29.144514014308,8.551701085742,
    20.566507151962));
#1391 = CARTESIAN_POINT('',(29.133064130782,8.50246314376,
    20.574884508589));
#1392 = CARTESIAN_POINT('',(29.111926518726,8.42574769035,
    20.590535814328));
#1393 = CARTESIAN_POINT('',(29.103503737842,8.397775462072,
    20.596806219439));
#1394 = CARTESIAN_POINT('',(29.094457279182,8.37004240424,
    20.603583077495));
#1395 = CARTESIAN_POINT('',(29.08481680842,8.342558374722,
    20.610855582424));
#1396 = CARTESIAN_POINT('',(29.074613215178,8.315334015854,
    20.618612302395));
#1397 = CARTESIAN_POINT('',(29.063878613031,8.288380754439,
    20.626841179824));
#1398 = CARTESIAN_POINT('',(29.006721539805,8.152666783886,
    20.67105313248));
#1399 = CARTESIAN_POINT('',(28.952541321089,8.048513180095,
    20.71420543451));
#1400 = CARTESIAN_POINT('',(28.89205110838,7.94918821161,20.764344850297
    ));
#1401 = CARTESIAN_POINT('',(28.826909812094,7.854684136833,
    20.821053988808));
#1402 = CARTESIAN_POINT('',(28.758386828494,7.76499628874,
    20.884068521651));
#1403 = CARTESIAN_POINT('',(28.687423330696,7.680137259342,
    20.953336590842));
#1404 = CARTESIAN_POINT('',(28.554771328978,7.534307703368,
    21.091485878305));
#1405 = CARTESIAN_POINT('',(28.49363322234,7.471759357827,
    21.158315565159));
#1406 = CARTESIAN_POINT('',(28.431780558354,7.412713028634,
    21.229566670161));
#1407 = CARTESIAN_POINT('',(28.369604177622,7.357371700432,
    21.305337546206));
#1408 = CARTESIAN_POINT('',(28.307482429144,7.306039589369,
    21.385751669009));
#1409 = CARTESIAN_POINT('',(28.245810617319,7.259139162476,
    21.470930638146));
#1410 = CARTESIAN_POINT('',(28.157789405658,7.198463880025,
    21.601280547566));
#1411 = CARTESIAN_POINT('',(28.130736120304,7.180695735595,
    21.642577382044));
#1412 = CARTESIAN_POINT('',(28.103905076202,7.163985272668,
    21.684843600547));
#1413 = CARTESIAN_POINT('',(28.077343375199,7.148392119895,
    21.728072423931));
#1414 = CARTESIAN_POINT('',(28.051098445516,7.133979497028,
    21.772254270347));
#1415 = CARTESIAN_POINT('',(28.025217814111,7.120814368736,
    21.817376458425));
#1416 = CARTESIAN_POINT('',(27.99974887906,7.108967598428,
    21.863422910465));
#1417 = ORIENTED_EDGE('',*,*,#1072,.F.);
#1418 = ORIENTED_EDGE('',*,*,#1419,.T.);
#1419 = EDGE_CURVE('',#1064,#1047,#1420,.T.);
#1420 = B_SPLINE_CURVE_WITH_KNOTS('',6,(#1421,#1422,#1423,#1424,#1425,
    #1426,#1427,#1428,#1429,#1430,#1431,#1432,#1433,#1434,#1435,#1436,
    #1437,#1438,#1439,#1440,#1441,#1442,#1443,#1444,#1445,#1446,#1447,
    #1448,#1449,#1450,#1451,#1452),.UNSPECIFIED.,.F.,.F.,(7,5,5,5,5,5,7)
  ,(0.,0.160856880792,0.330764920412,0.499999960448,0.669235000484,
    0.839143040104,1.),.UNSPECIFIED.);
#1421 = CARTESIAN_POINT('',(27.999748879058,9.703703081262,
    21.863422910469));
#1422 = CARTESIAN_POINT('',(28.03082794016,9.676477986734,
    21.807233655063));
#1423 = CARTESIAN_POINT('',(28.061813999594,9.645374331987,
    21.753768173307));
#1424 = CARTESIAN_POINT('',(28.092402895019,9.610719996285,
    21.703213830868));
#1425 = CARTESIAN_POINT('',(28.122278161,9.572814150384,21.655726803668)
  );
#1426 = CARTESIAN_POINT('',(28.151117601908,9.531930712127,
    21.611443504999));
#1427 = CARTESIAN_POINT('',(28.207628510612,9.442259088503,
    21.527236245418));
#1428 = CARTESIAN_POINT('',(28.235171466023,9.393110074374,
    21.487655291477));
#1429 = CARTESIAN_POINT('',(28.260821054906,9.341198640911,
    21.451948638881));
#1430 = CARTESIAN_POINT('',(28.284178104991,9.286832710086,
    21.420282575861));
#1431 = CARTESIAN_POINT('',(28.304866937676,9.230305911419,
    21.392808987786));
#1432 = CARTESIAN_POINT('',(28.340163734568,9.113723932862,
    21.346650917155));
#1433 = CARTESIAN_POINT('',(28.354801241698,9.053664607368,
    21.327924476217));
#1434 = CARTESIAN_POINT('',(28.366070138761,8.992182960796,
    21.31373773826));
#1435 = CARTESIAN_POINT('',(28.37368635204,8.929739160576,
    21.304225146852));
#1436 = CARTESIAN_POINT('',(28.377501000801,8.866786119595,
    21.299460640045));
#1437 = CARTESIAN_POINT('',(28.377501000801,8.740763272643,
    21.299460640045));
#1438 = CARTESIAN_POINT('',(28.37368635204,8.677810231662,
    21.304225146852));
#1439 = CARTESIAN_POINT('',(28.366070138761,8.615366431442,
    21.31373773826));
#1440 = CARTESIAN_POINT('',(28.354801241698,8.55388478487,
    21.327924476217));
#1441 = CARTESIAN_POINT('',(28.340163734568,8.493825459376,
    21.346650917155));
#1442 = CARTESIAN_POINT('',(28.304866937676,8.37724348082,
    21.392808987786));
#1443 = CARTESIAN_POINT('',(28.284178104991,8.320716682152,
    21.420282575861));
#1444 = CARTESIAN_POINT('',(28.260821054906,8.266350751327,
    21.451948638881));
#1445 = CARTESIAN_POINT('',(28.235171466023,8.214439317865,
    21.487655291477));
#1446 = CARTESIAN_POINT('',(28.207628510612,8.165290303735,
    21.527236245417));
#1447 = CARTESIAN_POINT('',(28.151117588394,8.075618658665,
    21.611443525138));
#1448 = CARTESIAN_POINT('',(28.122278147399,8.03473522506,
    21.655726825449));
#1449 = CARTESIAN_POINT('',(28.092402891831,7.996829394677,
    21.70321383709));
#1450 = CARTESIAN_POINT('',(28.061814007408,7.962175070156,
    21.753768160882));
#1451 = CARTESIAN_POINT('',(28.030827949835,7.931071413978,
    21.807233637572));
#1452 = CARTESIAN_POINT('',(27.999748879058,7.903846310976,
    21.863422910469));
#1453 = CYLINDRICAL_SURFACE('',#1454,4.);
#1454 = AXIS2_PLACEMENT_3D('',#1455,#1456,#1457);
#1455 = CARTESIAN_POINT('',(31.5,5.803774696119,23.799460640045));
#1456 = DIRECTION('',(0.,1.,2.22044604925E-16));
#1457 = DIRECTION('',(1.,0.,0.));
#1458 = ADVANCED_FACE('',(#1459),#1487,.T.);
#1459 = FACE_BOUND('',#1460,.T.);
#1460 = EDGE_LOOP('',(#1461,#1469,#1478,#1484,#1485,#1486));
#1461 = ORIENTED_EDGE('',*,*,#1462,.T.);
#1462 = EDGE_CURVE('',#1190,#1463,#1465,.T.);
#1463 = VERTEX_POINT('',#1464);
#1464 = CARTESIAN_POINT('',(33.930158461017,10.303774696119,
    42.299460640045));
#1465 = LINE('',#1466,#1467);
#1466 = CARTESIAN_POINT('',(33.930158461017,7.303774696119,
    42.299460640045));
#1467 = VECTOR('',#1468,1.);
#1468 = DIRECTION('',(-1.190026688646E-16,1.,2.22044604925E-16));
#1469 = ORIENTED_EDGE('',*,*,#1470,.T.);
#1470 = EDGE_CURVE('',#1463,#1471,#1473,.T.);
#1471 = VERTEX_POINT('',#1472);
#1472 = CARTESIAN_POINT('',(30.613533670661,10.303774696119,
    41.299460640045));
#1473 = CIRCLE('',#1474,6.);
#1474 = AXIS2_PLACEMENT_3D('',#1475,#1476,#1477);
#1475 = CARTESIAN_POINT('',(33.930158461017,10.303774696119,
    36.299460640045));
#1476 = DIRECTION('',(1.190026688646E-16,-1.,-2.22044604925E-16));
#1477 = DIRECTION('',(-1.,-1.190026688646E-16,-1.190026688646E-16));
#1478 = ORIENTED_EDGE('',*,*,#1479,.F.);
#1479 = EDGE_CURVE('',#1251,#1471,#1480,.T.);
#1480 = LINE('',#1481,#1482);
#1481 = CARTESIAN_POINT('',(30.613533670661,7.303774696119,
    41.299460640045));
#1482 = VECTOR('',#1483,1.);
#1483 = DIRECTION('',(-1.190026688646E-16,1.,2.22044604925E-16));
#1484 = ORIENTED_EDGE('',*,*,#1250,.F.);
#1485 = ORIENTED_EDGE('',*,*,#1021,.F.);
#1486 = ORIENTED_EDGE('',*,*,#1197,.F.);
#1487 = CYLINDRICAL_SURFACE('',#1488,6.);
#1488 = AXIS2_PLACEMENT_3D('',#1489,#1490,#1491);
#1489 = CARTESIAN_POINT('',(33.930158461017,7.303774696119,
    36.299460640045));
#1490 = DIRECTION('',(-1.190026688646E-16,1.,2.22044604925E-16));
#1491 = DIRECTION('',(1.,1.190026688646E-16,1.190026688646E-16));
#1492 = ADVANCED_FACE('',(#1493),#1518,.F.);
#1493 = FACE_BOUND('',#1494,.F.);
#1494 = EDGE_LOOP('',(#1495,#1503,#1511,#1517));
#1495 = ORIENTED_EDGE('',*,*,#1496,.F.);
#1496 = EDGE_CURVE('',#1497,#316,#1499,.T.);
#1497 = VERTEX_POINT('',#1498);
#1498 = CARTESIAN_POINT('',(71.911126183076,17.453774696119,
    36.899460032594));
#1499 = LINE('',#1500,#1501);
#1500 = CARTESIAN_POINT('',(71.911126183076,17.453774696119,
    36.899460032594));
#1501 = VECTOR('',#1502,1.);
#1502 = DIRECTION('',(0.,0.,1.));
#1503 = ORIENTED_EDGE('',*,*,#1504,.T.);
#1504 = EDGE_CURVE('',#1497,#1505,#1507,.T.);
#1505 = VERTEX_POINT('',#1506);
#1506 = CARTESIAN_POINT('',(65.538138786494,17.453774696119,
    36.899460032594));
#1507 = LINE('',#1508,#1509);
#1508 = CARTESIAN_POINT('',(71.911126183076,17.453774696119,
    36.899460032594));
#1509 = VECTOR('',#1510,1.);
#1510 = DIRECTION('',(-1.,-0.,-0.));
#1511 = ORIENTED_EDGE('',*,*,#1512,.F.);
#1512 = EDGE_CURVE('',#318,#1505,#1513,.T.);
#1513 = LINE('',#1514,#1515);
#1514 = CARTESIAN_POINT('',(65.538138786494,17.453774696119,
    40.299460640045));
#1515 = VECTOR('',#1516,1.);
#1516 = DIRECTION('',(8.090691329547E-17,6.978544726215E-16,-1.));
#1517 = ORIENTED_EDGE('',*,*,#315,.F.);
#1518 = PLANE('',#1519);
#1519 = AXIS2_PLACEMENT_3D('',#1520,#1521,#1522);
#1520 = CARTESIAN_POINT('',(71.911126183076,17.453774696119,
    36.899460032594));
#1521 = DIRECTION('',(0.,1.,0.));
#1522 = DIRECTION('',(0.,0.,1.));
#1523 = ADVANCED_FACE('',(#1524),#1560,.T.);
#1524 = FACE_BOUND('',#1525,.T.);
#1525 = EDGE_LOOP('',(#1526,#1535,#1536,#1545,#1554));
#1526 = ORIENTED_EDGE('',*,*,#1527,.F.);
#1527 = EDGE_CURVE('',#1497,#1528,#1530,.T.);
#1528 = VERTEX_POINT('',#1529);
#1529 = CARTESIAN_POINT('',(71.911126183076,22.053774696119,
    32.299460640045));
#1530 = CIRCLE('',#1531,4.599999800776);
#1531 = AXIS2_PLACEMENT_3D('',#1532,#1533,#1534);
#1532 = CARTESIAN_POINT('',(71.911126183076,22.053774496895,
    36.899460440821));
#1533 = DIRECTION('',(1.,0.,0.));
#1534 = DIRECTION('',(0.,1.,0.));
#1535 = ORIENTED_EDGE('',*,*,#1504,.T.);
#1536 = ORIENTED_EDGE('',*,*,#1537,.T.);
#1537 = EDGE_CURVE('',#1505,#1538,#1540,.T.);
#1538 = VERTEX_POINT('',#1539);
#1539 = CARTESIAN_POINT('',(65.538138786494,18.22377469612,
    34.351696775721));
#1540 = CIRCLE('',#1541,4.599999800776);
#1541 = AXIS2_PLACEMENT_3D('',#1542,#1543,#1544);
#1542 = CARTESIAN_POINT('',(65.538138786494,22.053774496895,
    36.899460440821));
#1543 = DIRECTION('',(1.,0.,0.));
#1544 = DIRECTION('',(0.,1.,0.));
#1545 = ORIENTED_EDGE('',*,*,#1546,.T.);
#1546 = EDGE_CURVE('',#1538,#1547,#1549,.T.);
#1547 = VERTEX_POINT('',#1548);
#1548 = CARTESIAN_POINT('',(65.538138786494,22.053774696119,
    32.299460640045));
#1549 = CIRCLE('',#1550,4.599999800776);
#1550 = AXIS2_PLACEMENT_3D('',#1551,#1552,#1553);
#1551 = CARTESIAN_POINT('',(65.538138786494,22.053774496895,
    36.899460440821));
#1552 = DIRECTION('',(1.,0.,0.));
#1553 = DIRECTION('',(0.,1.,0.));
#1554 = ORIENTED_EDGE('',*,*,#1555,.F.);
#1555 = EDGE_CURVE('',#1528,#1547,#1556,.T.);
#1556 = LINE('',#1557,#1558);
#1557 = CARTESIAN_POINT('',(71.911126183076,22.053774696119,
    32.299460640045));
#1558 = VECTOR('',#1559,1.);
#1559 = DIRECTION('',(-1.,-0.,-0.));
#1560 = CYLINDRICAL_SURFACE('',#1561,4.599999800776);
#1561 = AXIS2_PLACEMENT_3D('',#1562,#1563,#1564);
#1562 = CARTESIAN_POINT('',(71.911126183076,22.053774496895,
    36.899460440821));
#1563 = DIRECTION('',(1.,0.,0.));
#1564 = DIRECTION('',(0.,1.,0.));
#1565 = ADVANCED_FACE('',(#1566),#1584,.F.);
#1566 = FACE_BOUND('',#1567,.F.);
#1567 = EDGE_LOOP('',(#1568,#1576,#1582,#1583));
#1568 = ORIENTED_EDGE('',*,*,#1569,.T.);
#1569 = EDGE_CURVE('',#350,#1570,#1572,.T.);
#1570 = VERTEX_POINT('',#1571);
#1571 = CARTESIAN_POINT('',(34.372938786494,17.453774696119,
    36.899460032594));
#1572 = LINE('',#1573,#1574);
#1573 = CARTESIAN_POINT('',(34.372938786494,17.453774696119,
    40.299460640045));
#1574 = VECTOR('',#1575,1.);
#1575 = DIRECTION('',(8.090691329547E-17,6.978544726215E-16,-1.));
#1576 = ORIENTED_EDGE('',*,*,#1577,.T.);
#1577 = EDGE_CURVE('',#1570,#442,#1578,.T.);
#1578 = LINE('',#1579,#1580);
#1579 = CARTESIAN_POINT('',(71.911126183076,17.453774696119,
    36.899460032594));
#1580 = VECTOR('',#1581,1.);
#1581 = DIRECTION('',(-1.,-0.,-0.));
#1582 = ORIENTED_EDGE('',*,*,#450,.F.);
#1583 = ORIENTED_EDGE('',*,*,#349,.F.);
#1584 = PLANE('',#1585);
#1585 = AXIS2_PLACEMENT_3D('',#1586,#1587,#1588);
#1586 = CARTESIAN_POINT('',(71.911126183076,17.453774696119,
    36.899460032594));
#1587 = DIRECTION('',(0.,1.,0.));
#1588 = DIRECTION('',(0.,0.,1.));
#1589 = ADVANCED_FACE('',(#1590),#1618,.T.);
#1590 = FACE_BOUND('',#1591,.T.);
#1591 = EDGE_LOOP('',(#1592,#1593,#1594,#1603,#1611));
#1592 = ORIENTED_EDGE('',*,*,#357,.F.);
#1593 = ORIENTED_EDGE('',*,*,#1569,.T.);
#1594 = ORIENTED_EDGE('',*,*,#1595,.T.);
#1595 = EDGE_CURVE('',#1570,#1596,#1598,.T.);
#1596 = VERTEX_POINT('',#1597);
#1597 = CARTESIAN_POINT('',(34.372938786494,18.22377469612,
    34.351696775721));
#1598 = CIRCLE('',#1599,4.599999800776);
#1599 = AXIS2_PLACEMENT_3D('',#1600,#1601,#1602);
#1600 = CARTESIAN_POINT('',(34.372938786494,22.053774496895,
    36.899460440821));
#1601 = DIRECTION('',(1.,0.,0.));
#1602 = DIRECTION('',(0.,1.,0.));
#1603 = ORIENTED_EDGE('',*,*,#1604,.F.);
#1604 = EDGE_CURVE('',#1605,#1596,#1607,.T.);
#1605 = VERTEX_POINT('',#1606);
#1606 = CARTESIAN_POINT('',(34.372938786494,18.22377469612,
    36.769460902546));
#1607 = LINE('',#1608,#1609);
#1608 = CARTESIAN_POINT('',(34.372938786494,18.22377469612,
    40.299460640045));
#1609 = VECTOR('',#1610,1.);
#1610 = DIRECTION('',(0.,-2.22044604925E-16,-1.));
#1611 = ORIENTED_EDGE('',*,*,#1612,.F.);
#1612 = EDGE_CURVE('',#358,#1605,#1613,.T.);
#1613 = CIRCLE('',#1614,3.53);
#1614 = AXIS2_PLACEMENT_3D('',#1615,#1616,#1617);
#1615 = CARTESIAN_POINT('',(34.372938786494,21.75377469612,
    36.76946064004));
#1616 = DIRECTION('',(1.,0.,-2.22044604925E-16));
#1617 = DIRECTION('',(2.22044604925E-16,0.,1.));
#1618 = PLANE('',#1619);
#1619 = AXIS2_PLACEMENT_3D('',#1620,#1621,#1622);
#1620 = CARTESIAN_POINT('',(34.372938786494,17.453774696119,
    40.299460640045));
#1621 = DIRECTION('',(1.,-5.646125130925E-32,8.090691329547E-17));
#1622 = DIRECTION('',(6.360581310724E-45,1.,6.978544726215E-16));
#1623 = ADVANCED_FACE('',(#1624),#1658,.T.);
#1624 = FACE_BOUND('',#1625,.T.);
#1625 = EDGE_LOOP('',(#1626,#1627,#1636,#1644,#1652));
#1626 = ORIENTED_EDGE('',*,*,#365,.F.);
#1627 = ORIENTED_EDGE('',*,*,#1628,.F.);
#1628 = EDGE_CURVE('',#1629,#358,#1631,.T.);
#1629 = VERTEX_POINT('',#1630);
#1630 = CARTESIAN_POINT('',(34.372938786494,25.28377469612,
    36.769460818759));
#1631 = CIRCLE('',#1632,3.53);
#1632 = AXIS2_PLACEMENT_3D('',#1633,#1634,#1635);
#1633 = CARTESIAN_POINT('',(34.372938786494,21.75377469612,
    36.76946064004));
#1634 = DIRECTION('',(1.,0.,-2.22044604925E-16));
#1635 = DIRECTION('',(2.22044604925E-16,0.,1.));
#1636 = ORIENTED_EDGE('',*,*,#1637,.F.);
#1637 = EDGE_CURVE('',#1638,#1629,#1640,.T.);
#1638 = VERTEX_POINT('',#1639);
#1639 = CARTESIAN_POINT('',(34.372938786494,25.28377469612,
    32.299460639959));
#1640 = LINE('',#1641,#1642);
#1641 = CARTESIAN_POINT('',(34.372938786494,25.28377469612,
    36.299460640002));
#1642 = VECTOR('',#1643,1.);
#1643 = DIRECTION('',(0.,0.,1.));
#1644 = ORIENTED_EDGE('',*,*,#1645,.T.);
#1645 = EDGE_CURVE('',#1638,#1646,#1648,.T.);
#1646 = VERTEX_POINT('',#1647);
#1647 = CARTESIAN_POINT('',(34.372938786494,26.053774696121,
    32.299460640045));
#1648 = LINE('',#1649,#1650);
#1649 = CARTESIAN_POINT('',(34.372938786494,18.22377469612,
    32.299460639959));
#1650 = VECTOR('',#1651,1.);
#1651 = DIRECTION('',(0.,1.,-2.22044604925E-16));
#1652 = ORIENTED_EDGE('',*,*,#1653,.F.);
#1653 = EDGE_CURVE('',#366,#1646,#1654,.T.);
#1654 = LINE('',#1655,#1656);
#1655 = CARTESIAN_POINT('',(34.372938786494,26.053774696121,
    40.299460640045));
#1656 = VECTOR('',#1657,1.);
#1657 = DIRECTION('',(8.090691329547E-17,6.978544726215E-16,-1.));
#1658 = PLANE('',#1659);
#1659 = AXIS2_PLACEMENT_3D('',#1660,#1661,#1662);
#1660 = CARTESIAN_POINT('',(34.372938786494,17.453774696119,
    40.299460640045));
#1661 = DIRECTION('',(1.,-5.646125130925E-32,8.090691329547E-17));
#1662 = DIRECTION('',(6.360581310724E-45,1.,6.978544726215E-16));
#1663 = ADVANCED_FACE('',(#1664),#1682,.T.);
#1664 = FACE_BOUND('',#1665,.T.);
#1665 = EDGE_LOOP('',(#1666,#1667,#1668,#1676));
#1666 = ORIENTED_EDGE('',*,*,#373,.F.);
#1667 = ORIENTED_EDGE('',*,*,#1653,.T.);
#1668 = ORIENTED_EDGE('',*,*,#1669,.F.);
#1669 = EDGE_CURVE('',#1670,#1646,#1672,.T.);
#1670 = VERTEX_POINT('',#1671);
#1671 = CARTESIAN_POINT('',(65.538138786494,26.053774696121,
    32.299460640045));
#1672 = LINE('',#1673,#1674);
#1673 = CARTESIAN_POINT('',(53.142032484785,26.053774696121,
    32.299460640045));
#1674 = VECTOR('',#1675,1.);
#1675 = DIRECTION('',(-1.,0.,0.));
#1676 = ORIENTED_EDGE('',*,*,#1677,.F.);
#1677 = EDGE_CURVE('',#374,#1670,#1678,.T.);
#1678 = LINE('',#1679,#1680);
#1679 = CARTESIAN_POINT('',(65.538138786494,26.053774696121,
    40.299460640045));
#1680 = VECTOR('',#1681,1.);
#1681 = DIRECTION('',(8.090691329547E-17,6.978544726215E-16,-1.));
#1682 = PLANE('',#1683);
#1683 = AXIS2_PLACEMENT_3D('',#1684,#1685,#1686);
#1684 = CARTESIAN_POINT('',(34.372938786494,26.053774696121,
    40.299460640045));
#1685 = DIRECTION('',(0.,-1.,-6.978544726215E-16));
#1686 = DIRECTION('',(1.,-5.646125130924E-32,8.090691329547E-17));
#1687 = ADVANCED_FACE('',(#1688),#1715,.T.);
#1688 = FACE_BOUND('',#1689,.T.);
#1689 = EDGE_LOOP('',(#1690,#1691,#1692,#1700,#1708));
#1690 = ORIENTED_EDGE('',*,*,#381,.F.);
#1691 = ORIENTED_EDGE('',*,*,#1677,.T.);
#1692 = ORIENTED_EDGE('',*,*,#1693,.F.);
#1693 = EDGE_CURVE('',#1694,#1670,#1696,.T.);
#1694 = VERTEX_POINT('',#1695);
#1695 = CARTESIAN_POINT('',(65.538138786494,25.28377469612,
    32.299460639959));
#1696 = LINE('',#1697,#1698);
#1697 = CARTESIAN_POINT('',(65.538138786494,18.22377469612,
    32.299460639959));
#1698 = VECTOR('',#1699,1.);
#1699 = DIRECTION('',(0.,1.,-2.22044604925E-16));
#1700 = ORIENTED_EDGE('',*,*,#1701,.T.);
#1701 = EDGE_CURVE('',#1694,#1702,#1704,.T.);
#1702 = VERTEX_POINT('',#1703);
#1703 = CARTESIAN_POINT('',(65.538138786494,25.28377469612,
    36.769460818759));
#1704 = LINE('',#1705,#1706);
#1705 = CARTESIAN_POINT('',(65.538138786494,25.28377469612,
    36.299460640002));
#1706 = VECTOR('',#1707,1.);
#1707 = DIRECTION('',(0.,0.,1.));
#1708 = ORIENTED_EDGE('',*,*,#1709,.T.);
#1709 = EDGE_CURVE('',#1702,#382,#1710,.T.);
#1710 = CIRCLE('',#1711,3.53);
#1711 = AXIS2_PLACEMENT_3D('',#1712,#1713,#1714);
#1712 = CARTESIAN_POINT('',(65.538138786494,21.75377469612,
    36.76946064004));
#1713 = DIRECTION('',(1.,0.,-2.22044604925E-16));
#1714 = DIRECTION('',(2.22044604925E-16,0.,1.));
#1715 = PLANE('',#1716);
#1716 = AXIS2_PLACEMENT_3D('',#1717,#1718,#1719);
#1717 = CARTESIAN_POINT('',(65.538138786494,26.053774696121,
    40.299460640045));
#1718 = DIRECTION('',(-1.,5.646125130925E-32,-8.090691329547E-17));
#1719 = DIRECTION('',(-6.360581310724E-45,-1.,-6.978544726215E-16));
#1720 = ADVANCED_FACE('',(#1721),#1741,.T.);
#1721 = FACE_BOUND('',#1722,.T.);
#1722 = EDGE_LOOP('',(#1723,#1724,#1733,#1739,#1740));
#1723 = ORIENTED_EDGE('',*,*,#389,.F.);
#1724 = ORIENTED_EDGE('',*,*,#1725,.T.);
#1725 = EDGE_CURVE('',#382,#1726,#1728,.T.);
#1726 = VERTEX_POINT('',#1727);
#1727 = CARTESIAN_POINT('',(65.538138786494,18.22377469612,
    36.769460902546));
#1728 = CIRCLE('',#1729,3.53);
#1729 = AXIS2_PLACEMENT_3D('',#1730,#1731,#1732);
#1730 = CARTESIAN_POINT('',(65.538138786494,21.75377469612,
    36.76946064004));
#1731 = DIRECTION('',(1.,0.,-2.22044604925E-16));
#1732 = DIRECTION('',(2.22044604925E-16,0.,1.));
#1733 = ORIENTED_EDGE('',*,*,#1734,.T.);
#1734 = EDGE_CURVE('',#1726,#1538,#1735,.T.);
#1735 = LINE('',#1736,#1737);
#1736 = CARTESIAN_POINT('',(65.538138786494,18.22377469612,
    40.299460640045));
#1737 = VECTOR('',#1738,1.);
#1738 = DIRECTION('',(0.,-2.22044604925E-16,-1.));
#1739 = ORIENTED_EDGE('',*,*,#1537,.F.);
#1740 = ORIENTED_EDGE('',*,*,#1512,.F.);
#1741 = PLANE('',#1742);
#1742 = AXIS2_PLACEMENT_3D('',#1743,#1744,#1745);
#1743 = CARTESIAN_POINT('',(65.538138786494,26.053774696121,
    40.299460640045));
#1744 = DIRECTION('',(-1.,5.646125130925E-32,-8.090691329547E-17));
#1745 = DIRECTION('',(-6.360581310724E-45,-1.,-6.978544726215E-16));
#1746 = ADVANCED_FACE('',(#1747),#1766,.F.);
#1747 = FACE_BOUND('',#1748,.F.);
#1748 = EDGE_LOOP('',(#1749,#1750,#1758,#1765));
#1749 = ORIENTED_EDGE('',*,*,#397,.F.);
#1750 = ORIENTED_EDGE('',*,*,#1751,.T.);
#1751 = EDGE_CURVE('',#398,#1752,#1754,.T.);
#1752 = VERTEX_POINT('',#1753);
#1753 = CARTESIAN_POINT('',(52.455563091538,38.453774696119,
    29.399460640045));
#1754 = LINE('',#1755,#1756);
#1755 = CARTESIAN_POINT('',(52.455563091538,38.453774696119,
    40.299460640045));
#1756 = VECTOR('',#1757,1.);
#1757 = DIRECTION('',(8.090691329547E-17,6.978544726215E-16,-1.));
#1758 = ORIENTED_EDGE('',*,*,#1759,.T.);
#1759 = EDGE_CURVE('',#1752,#1752,#1760,.T.);
#1760 = CIRCLE('',#1761,2.5);
#1761 = AXIS2_PLACEMENT_3D('',#1762,#1763,#1764);
#1762 = CARTESIAN_POINT('',(49.955563091538,38.453774696119,
    29.399460640045));
#1763 = DIRECTION('',(-8.090691329547E-17,-6.978544726215E-16,1.));
#1764 = DIRECTION('',(1.,-5.646125130925E-32,8.090691329547E-17));
#1765 = ORIENTED_EDGE('',*,*,#1751,.F.);
#1766 = CYLINDRICAL_SURFACE('',#1767,2.5);
#1767 = AXIS2_PLACEMENT_3D('',#1768,#1769,#1770);
#1768 = CARTESIAN_POINT('',(49.955563091538,38.453774696119,
    40.299460640045));
#1769 = DIRECTION('',(-8.090691329547E-17,-6.978544726215E-16,1.));
#1770 = DIRECTION('',(1.,-5.646125130925E-32,8.090691329547E-17));
#1771 = ADVANCED_FACE('',(#1772),#1792,.T.);
#1772 = FACE_BOUND('',#1773,.T.);
#1773 = EDGE_LOOP('',(#1774,#1775,#1776,#1777,#1785));
#1774 = ORIENTED_EDGE('',*,*,#1595,.F.);
#1775 = ORIENTED_EDGE('',*,*,#1577,.T.);
#1776 = ORIENTED_EDGE('',*,*,#441,.T.);
#1777 = ORIENTED_EDGE('',*,*,#1778,.F.);
#1778 = EDGE_CURVE('',#1779,#434,#1781,.T.);
#1779 = VERTEX_POINT('',#1780);
#1780 = CARTESIAN_POINT('',(34.372938786494,22.053774696119,
    32.299460640045));
#1781 = LINE('',#1782,#1783);
#1782 = CARTESIAN_POINT('',(71.911126183076,22.053774696119,
    32.299460640045));
#1783 = VECTOR('',#1784,1.);
#1784 = DIRECTION('',(-1.,-0.,-0.));
#1785 = ORIENTED_EDGE('',*,*,#1786,.F.);
#1786 = EDGE_CURVE('',#1596,#1779,#1787,.T.);
#1787 = CIRCLE('',#1788,4.599999800776);
#1788 = AXIS2_PLACEMENT_3D('',#1789,#1790,#1791);
#1789 = CARTESIAN_POINT('',(34.372938786494,22.053774496895,
    36.899460440821));
#1790 = DIRECTION('',(1.,0.,0.));
#1791 = DIRECTION('',(0.,1.,0.));
#1792 = CYLINDRICAL_SURFACE('',#1793,4.599999800776);
#1793 = AXIS2_PLACEMENT_3D('',#1794,#1795,#1796);
#1794 = CARTESIAN_POINT('',(71.911126183076,22.053774496895,
    36.899460440821));
#1795 = DIRECTION('',(1.,0.,0.));
#1796 = DIRECTION('',(0.,1.,0.));
#1797 = ADVANCED_FACE('',(#1798),#1826,.T.);
#1798 = FACE_BOUND('',#1799,.T.);
#1799 = EDGE_LOOP('',(#1800,#1801,#1802,#1810,#1819,#1825));
#1800 = ORIENTED_EDGE('',*,*,#1105,.T.);
#1801 = ORIENTED_EDGE('',*,*,#1267,.F.);
#1802 = ORIENTED_EDGE('',*,*,#1803,.T.);
#1803 = EDGE_CURVE('',#1260,#1804,#1806,.T.);
#1804 = VERTEX_POINT('',#1805);
#1805 = CARTESIAN_POINT('',(69.896936296354,10.303774696119,
    41.299460640045));
#1806 = LINE('',#1807,#1808);
#1807 = CARTESIAN_POINT('',(69.896936296354,7.303774696119,
    41.299460640045));
#1808 = VECTOR('',#1809,1.);
#1809 = DIRECTION('',(-1.190026688646E-16,1.,2.22044604925E-16));
#1810 = ORIENTED_EDGE('',*,*,#1811,.T.);
#1811 = EDGE_CURVE('',#1804,#1812,#1814,.T.);
#1812 = VERTEX_POINT('',#1813);
#1813 = CARTESIAN_POINT('',(68.343636722017,10.303774696119,
    42.299460640045));
#1814 = CIRCLE('',#1815,6.);
#1815 = AXIS2_PLACEMENT_3D('',#1816,#1817,#1818);
#1816 = CARTESIAN_POINT('',(65.911126183076,10.303774696119,
    36.814673271519));
#1817 = DIRECTION('',(1.190026688646E-16,-1.,-2.22044604925E-16));
#1818 = DIRECTION('',(-1.,-1.190026688646E-16,-1.190026688646E-16));
#1819 = ORIENTED_EDGE('',*,*,#1820,.F.);
#1820 = EDGE_CURVE('',#1181,#1812,#1821,.T.);
#1821 = LINE('',#1822,#1823);
#1822 = CARTESIAN_POINT('',(68.343636722016,7.303774696119,
    42.299460640045));
#1823 = VECTOR('',#1824,1.);
#1824 = DIRECTION('',(-1.190026688646E-16,1.,2.22044604925E-16));
#1825 = ORIENTED_EDGE('',*,*,#1180,.F.);
#1826 = CYLINDRICAL_SURFACE('',#1827,6.);
#1827 = AXIS2_PLACEMENT_3D('',#1828,#1829,#1830);
#1828 = CARTESIAN_POINT('',(65.911126183076,7.303774696119,
    36.814673271519));
#1829 = DIRECTION('',(-1.190026688646E-16,1.,2.22044604925E-16));
#1830 = DIRECTION('',(1.,1.190026688646E-16,1.190026688646E-16));
#1831 = ADVANCED_FACE('',(#1832),#1852,.F.);
#1832 = FACE_BOUND('',#1833,.F.);
#1833 = EDGE_LOOP('',(#1834,#1843,#1849,#1850,#1851));
#1834 = ORIENTED_EDGE('',*,*,#1835,.T.);
#1835 = EDGE_CURVE('',#1166,#1836,#1838,.T.);
#1836 = VERTEX_POINT('',#1837);
#1837 = CARTESIAN_POINT('',(61.,7.902386877253,20.799460640045));
#1838 = CIRCLE('',#1839,1.75);
#1839 = AXIS2_PLACEMENT_3D('',#1840,#1841,#1842);
#1840 = CARTESIAN_POINT('',(61.,8.803774696119,22.299460640045));
#1841 = DIRECTION('',(1.,1.190026688646E-16,3.358431033617E-16));
#1842 = DIRECTION('',(-3.358431033617E-16,-2.22044604925E-16,1.));
#1843 = ORIENTED_EDGE('',*,*,#1844,.T.);
#1844 = EDGE_CURVE('',#1836,#286,#1845,.T.);
#1845 = LINE('',#1846,#1847);
#1846 = CARTESIAN_POINT('',(61.,7.902386877253,20.799460640045));
#1847 = VECTOR('',#1848,1.);
#1848 = DIRECTION('',(0.,-1.,-2.22044604925E-16));
#1849 = ORIENTED_EDGE('',*,*,#293,.F.);
#1850 = ORIENTED_EDGE('',*,*,#1151,.F.);
#1851 = ORIENTED_EDGE('',*,*,#1165,.F.);
#1852 = PLANE('',#1853);
#1853 = AXIS2_PLACEMENT_3D('',#1854,#1855,#1856);
#1854 = CARTESIAN_POINT('',(61.,8.803774696119,23.799460640045));
#1855 = DIRECTION('',(-1.,0.,0.));
#1856 = DIRECTION('',(0.,1.,2.22044604925E-16));
#1857 = ADVANCED_FACE('',(#1858),#1876,.F.);
#1858 = FACE_BOUND('',#1859,.T.);
#1859 = EDGE_LOOP('',(#1860,#1868,#1874,#1875));
#1860 = ORIENTED_EDGE('',*,*,#1861,.F.);
#1861 = EDGE_CURVE('',#1862,#276,#1864,.T.);
#1862 = VERTEX_POINT('',#1863);
#1863 = CARTESIAN_POINT('',(39.,7.902386877253,20.799460640045));
#1864 = LINE('',#1865,#1866);
#1865 = CARTESIAN_POINT('',(39.,7.902386877253,20.799460640045));
#1866 = VECTOR('',#1867,1.);
#1867 = DIRECTION('',(0.,-1.,-2.22044604925E-16));
#1868 = ORIENTED_EDGE('',*,*,#1869,.T.);
#1869 = EDGE_CURVE('',#1862,#1836,#1870,.T.);
#1870 = LINE('',#1871,#1872);
#1871 = CARTESIAN_POINT('',(39.,7.902386877253,20.799460640045));
#1872 = VECTOR('',#1873,1.);
#1873 = DIRECTION('',(1.,0.,0.));
#1874 = ORIENTED_EDGE('',*,*,#1844,.T.);
#1875 = ORIENTED_EDGE('',*,*,#285,.T.);
#1876 = PLANE('',#1877);
#1877 = AXIS2_PLACEMENT_3D('',#1878,#1879,#1880);
#1878 = CARTESIAN_POINT('',(39.,8.803774696119,20.799460640045));
#1879 = DIRECTION('',(1.182766006348E-16,-2.22044604925E-16,1.));
#1880 = DIRECTION('',(0.,-1.,-2.22044604925E-16));
#1881 = ADVANCED_FACE('',(#1882),#1895,.F.);
#1882 = FACE_BOUND('',#1883,.F.);
#1883 = EDGE_LOOP('',(#1884,#1885,#1886,#1887,#1888));
#1884 = ORIENTED_EDGE('',*,*,#1213,.F.);
#1885 = ORIENTED_EDGE('',*,*,#1144,.T.);
#1886 = ORIENTED_EDGE('',*,*,#275,.F.);
#1887 = ORIENTED_EDGE('',*,*,#1861,.F.);
#1888 = ORIENTED_EDGE('',*,*,#1889,.T.);
#1889 = EDGE_CURVE('',#1862,#1206,#1890,.T.);
#1890 = CIRCLE('',#1891,1.75);
#1891 = AXIS2_PLACEMENT_3D('',#1892,#1893,#1894);
#1892 = CARTESIAN_POINT('',(39.,8.803774696119,22.299460640045));
#1893 = DIRECTION('',(-1.,-1.190026688646E-16,3.146782001296E-16));
#1894 = DIRECTION('',(-3.146782001296E-16,2.22044604925E-16,-1.));
#1895 = PLANE('',#1896);
#1896 = AXIS2_PLACEMENT_3D('',#1897,#1898,#1899);
#1897 = CARTESIAN_POINT('',(39.,8.803774696119,23.799460640045));
#1898 = DIRECTION('',(1.,0.,0.));
#1899 = DIRECTION('',(0.,-1.,-2.22044604925E-16));
#1900 = ADVANCED_FACE('',(#1901),#1912,.F.);
#1901 = FACE_BOUND('',#1902,.T.);
#1902 = EDGE_LOOP('',(#1903,#1909,#1910,#1911));
#1903 = ORIENTED_EDGE('',*,*,#1904,.T.);
#1904 = EDGE_CURVE('',#1812,#1463,#1905,.T.);
#1905 = LINE('',#1906,#1907);
#1906 = CARTESIAN_POINT('',(68.343636722016,10.303774696119,
    42.299460640045));
#1907 = VECTOR('',#1908,1.);
#1908 = DIRECTION('',(-1.,-1.190026688646E-16,-1.190026688646E-16));
#1909 = ORIENTED_EDGE('',*,*,#1462,.F.);
#1910 = ORIENTED_EDGE('',*,*,#1189,.F.);
#1911 = ORIENTED_EDGE('',*,*,#1820,.T.);
#1912 = PLANE('',#1913);
#1913 = AXIS2_PLACEMENT_3D('',#1914,#1915,#1916);
#1914 = CARTESIAN_POINT('',(68.343636722016,7.303774696119,
    42.299460640045));
#1915 = DIRECTION('',(1.190026688646E-16,2.22044604925E-16,-1.));
#1916 = DIRECTION('',(1.190026688646E-16,-1.,-2.22044604925E-16));
#1917 = ADVANCED_FACE('',(#1918),#1929,.T.);
#1918 = FACE_BOUND('',#1919,.T.);
#1919 = EDGE_LOOP('',(#1920,#1921,#1922,#1923));
#1920 = ORIENTED_EDGE('',*,*,#1803,.F.);
#1921 = ORIENTED_EDGE('',*,*,#1259,.T.);
#1922 = ORIENTED_EDGE('',*,*,#1479,.T.);
#1923 = ORIENTED_EDGE('',*,*,#1924,.T.);
#1924 = EDGE_CURVE('',#1471,#1804,#1925,.T.);
#1925 = LINE('',#1926,#1927);
#1926 = CARTESIAN_POINT('',(68.911126183076,10.303774696119,
    41.299460640045));
#1927 = VECTOR('',#1928,1.);
#1928 = DIRECTION('',(1.,1.190026688646E-16,3.107018276635E-16));
#1929 = PLANE('',#1930);
#1930 = AXIS2_PLACEMENT_3D('',#1931,#1932,#1933);
#1931 = CARTESIAN_POINT('',(71.911126183076,10.303774696119,
    41.299460640045));
#1932 = DIRECTION('',(3.107018276635E-16,1.648404264388E-16,-1.));
#1933 = DIRECTION('',(-3.48994967025E-02,0.999390827019,
    1.538966726949E-16));
#1934 = ADVANCED_FACE('',(#1935),#1953,.F.);
#1935 = FACE_BOUND('',#1936,.F.);
#1936 = EDGE_LOOP('',(#1937,#1938,#1939,#1947));
#1937 = ORIENTED_EDGE('',*,*,#1298,.T.);
#1938 = ORIENTED_EDGE('',*,*,#489,.T.);
#1939 = ORIENTED_EDGE('',*,*,#1940,.F.);
#1940 = EDGE_CURVE('',#1941,#482,#1943,.T.);
#1941 = VERTEX_POINT('',#1942);
#1942 = CARTESIAN_POINT('',(71.911126183076,13.343774696119,
    32.299460639959));
#1943 = LINE('',#1944,#1945);
#1944 = CARTESIAN_POINT('',(71.911126183076,13.343774696119,
    32.299460639959));
#1945 = VECTOR('',#1946,1.);
#1946 = DIRECTION('',(-1.,0.,0.));
#1947 = ORIENTED_EDGE('',*,*,#1948,.F.);
#1948 = EDGE_CURVE('',#1299,#1941,#1949,.T.);
#1949 = LINE('',#1950,#1951);
#1950 = CARTESIAN_POINT('',(71.911126183076,13.343774696119,
    31.360041747032));
#1951 = VECTOR('',#1952,1.);
#1952 = DIRECTION('',(0.,0.,1.));
#1953 = PLANE('',#1954);
#1954 = AXIS2_PLACEMENT_3D('',#1955,#1956,#1957);
#1955 = CARTESIAN_POINT('',(71.911126183076,13.343774696119,
    31.360041747032));
#1956 = DIRECTION('',(0.,1.,0.));
#1957 = DIRECTION('',(0.,0.,1.));
#1958 = ADVANCED_FACE('',(#1959),#1988,.F.);
#1959 = FACE_BOUND('',#1960,.T.);
#1960 = EDGE_LOOP('',(#1961,#1970,#1971,#1972,#1973,#1982));
#1961 = ORIENTED_EDGE('',*,*,#1962,.F.);
#1962 = EDGE_CURVE('',#1321,#1963,#1965,.T.);
#1963 = VERTEX_POINT('',#1964);
#1964 = CARTESIAN_POINT('',(47.215027907468,25.803774696119,
    19.799460640045));
#1965 = CIRCLE('',#1966,322.);
#1966 = AXIS2_PLACEMENT_3D('',#1967,#1968,#1969);
#1967 = CARTESIAN_POINT('',(47.215027907468,-296.1962253038,
    19.799460640045));
#1968 = DIRECTION('',(2.344220913482E-17,2.22044604925E-16,-1.));
#1969 = DIRECTION('',(-1.,5.205216065911E-33,-2.344220913482E-17));
#1970 = ORIENTED_EDGE('',*,*,#1320,.F.);
#1971 = ORIENTED_EDGE('',*,*,#250,.F.);
#1972 = ORIENTED_EDGE('',*,*,#100,.T.);
#1973 = ORIENTED_EDGE('',*,*,#1974,.F.);
#1974 = EDGE_CURVE('',#1975,#101,#1977,.T.);
#1975 = VERTEX_POINT('',#1976);
#1976 = CARTESIAN_POINT('',(52.784972092532,25.803774696119,
    19.799460640045));
#1977 = CIRCLE('',#1978,322.);
#1978 = AXIS2_PLACEMENT_3D('',#1979,#1980,#1981);
#1979 = CARTESIAN_POINT('',(52.784972092532,-296.1962253038,
    19.799460640045));
#1980 = DIRECTION('',(2.344220913482E-17,2.22044604925E-16,-1.));
#1981 = DIRECTION('',(-1.,5.205216065911E-33,-2.344220913482E-17));
#1982 = ORIENTED_EDGE('',*,*,#1983,.T.);
#1983 = EDGE_CURVE('',#1975,#1963,#1984,.T.);
#1984 = LINE('',#1985,#1986);
#1985 = CARTESIAN_POINT('',(52.784972092532,25.803774696119,
    19.799460640045));
#1986 = VECTOR('',#1987,1.);
#1987 = DIRECTION('',(-1.,2.212939884951E-32,-9.966195241257E-17));
#1988 = PLANE('',#1989);
#1989 = AXIS2_PLACEMENT_3D('',#1990,#1991,#1992);
#1990 = CARTESIAN_POINT('',(31.5,5.803774696119,19.799460640045));
#1991 = DIRECTION('',(2.344220913482E-17,2.22044604925E-16,-1.));
#1992 = DIRECTION('',(0.,1.,2.22044604925E-16));
#1993 = ADVANCED_FACE('',(#1994),#2053,.T.);
#1994 = FACE_BOUND('',#1995,.T.);
#1995 = EDGE_LOOP('',(#1996,#2004,#2005,#2006,#2014,#2023,#2038,#2046));
#1996 = ORIENTED_EDGE('',*,*,#1997,.T.);
#1997 = EDGE_CURVE('',#1998,#1330,#2000,.T.);
#1998 = VERTEX_POINT('',#1999);
#1999 = CARTESIAN_POINT('',(27.5,25.199664020497,24.799460640045));
#2000 = LINE('',#2001,#2002);
#2001 = CARTESIAN_POINT('',(27.5,25.199664020497,24.799460640045));
#2002 = VECTOR('',#2003,1.);
#2003 = DIRECTION('',(0.,2.22044604925E-16,-1.));
#2004 = ORIENTED_EDGE('',*,*,#1337,.F.);
#2005 = ORIENTED_EDGE('',*,*,#1962,.T.);
#2006 = ORIENTED_EDGE('',*,*,#2007,.T.);
#2007 = EDGE_CURVE('',#1963,#2008,#2010,.T.);
#2008 = VERTEX_POINT('',#2009);
#2009 = CARTESIAN_POINT('',(47.215027907468,25.803774696119,
    9.799460640045));
#2010 = LINE('',#2011,#2012);
#2011 = CARTESIAN_POINT('',(47.215027907468,25.803774696119,
    19.799460640045));
#2012 = VECTOR('',#2013,1.);
#2013 = DIRECTION('',(0.,2.22044604925E-16,-1.));
#2014 = ORIENTED_EDGE('',*,*,#2015,.T.);
#2015 = EDGE_CURVE('',#2008,#2016,#2018,.T.);
#2016 = VERTEX_POINT('',#2017);
#2017 = CARTESIAN_POINT('',(32.5,25.467369082681,9.799460640045));
#2018 = CIRCLE('',#2019,322.);
#2019 = AXIS2_PLACEMENT_3D('',#2020,#2021,#2022);
#2020 = CARTESIAN_POINT('',(47.215027907468,-296.1962253038,
    9.799460640045));
#2021 = DIRECTION('',(9.91270557701E-17,-2.22044604925E-16,1.));
#2022 = DIRECTION('',(1.,2.201062793585E-32,-9.91270557701E-17));
#2023 = ORIENTED_EDGE('',*,*,#2024,.F.);
#2024 = EDGE_CURVE('',#2025,#2016,#2027,.T.);
#2025 = VERTEX_POINT('',#2026);
#2026 = CARTESIAN_POINT('',(25.5,25.070731545058,16.799460640045));
#2027 = B_SPLINE_CURVE_WITH_KNOTS('',3,(#2028,#2029,#2030,#2031,#2032,
    #2033,#2034,#2035,#2036,#2037),.UNSPECIFIED.,.F.,.F.,(4,2,2,2,4),(
    -2.110620710757,-1.846935308952,-1.583249907146,-1.319167894303,
    -1.055085881459),.UNSPECIFIED.);
#2028 = CARTESIAN_POINT('',(25.5,25.070731545058,16.799460640045));
#2029 = CARTESIAN_POINT('',(25.5,25.070731545058,15.920509300693));
#2030 = CARTESIAN_POINT('',(25.675668932559,25.08275630224,
    14.983125483257));
#2031 = CARTESIAN_POINT('',(26.389679925037,25.129828554566,
    13.259043065531));
#2032 = CARTESIAN_POINT('',(26.928009070312,25.164667824232,
    12.47233343797));
#2033 = CARTESIAN_POINT('',(28.170430042967,25.240691091739,
    11.229159198726));
#2034 = CARTESIAN_POINT('',(28.957737360422,25.286927464133,
    10.690113500925));
#2035 = CARTESIAN_POINT('',(30.68283939217,25.380255357673,
    9.975262926529));
#2036 = CARTESIAN_POINT('',(31.62064627884,25.427141606606,
    9.799460640045));
#2037 = CARTESIAN_POINT('',(32.5,25.467369082681,9.799460640045));
#2038 = ORIENTED_EDGE('',*,*,#2039,.F.);
#2039 = EDGE_CURVE('',#2040,#2025,#2042,.T.);
#2040 = VERTEX_POINT('',#2041);
#2041 = CARTESIAN_POINT('',(25.5,25.070731545058,24.799460640045));
#2042 = LINE('',#2043,#2044);
#2043 = CARTESIAN_POINT('',(25.5,25.070731545058,24.799460640045));
#2044 = VECTOR('',#2045,1.);
#2045 = DIRECTION('',(0.,2.22044604925E-16,-1.));
#2046 = ORIENTED_EDGE('',*,*,#2047,.T.);
#2047 = EDGE_CURVE('',#2040,#1998,#2048,.T.);
#2048 = CIRCLE('',#2049,322.);
#2049 = AXIS2_PLACEMENT_3D('',#2050,#2051,#2052);
#2050 = CARTESIAN_POINT('',(47.215027907468,-296.1962253038,
    24.799460640045));
#2051 = DIRECTION('',(0.,2.22044604925E-16,-1.));
#2052 = DIRECTION('',(0.,1.,2.22044604925E-16));
#2053 = CYLINDRICAL_SURFACE('',#2054,322.);
#2054 = AXIS2_PLACEMENT_3D('',#2055,#2056,#2057);
#2055 = CARTESIAN_POINT('',(47.215027907468,-296.1962253038,
    11.299460640045));
#2056 = DIRECTION('',(0.,2.22044604925E-16,-1.));
#2057 = DIRECTION('',(0.,1.,2.22044604925E-16));
#2058 = ADVANCED_FACE('',(#2059),#2070,.F.);
#2059 = FACE_BOUND('',#2060,.T.);
#2060 = EDGE_LOOP('',(#2061,#2062,#2068,#2069));
#2061 = ORIENTED_EDGE('',*,*,#1997,.F.);
#2062 = ORIENTED_EDGE('',*,*,#2063,.F.);
#2063 = EDGE_CURVE('',#234,#1998,#2064,.T.);
#2064 = LINE('',#2065,#2066);
#2065 = CARTESIAN_POINT('',(27.5,5.803774696119,24.799460640045));
#2066 = VECTOR('',#2067,1.);
#2067 = DIRECTION('',(0.,1.,2.22044604925E-16));
#2068 = ORIENTED_EDGE('',*,*,#267,.F.);
#2069 = ORIENTED_EDGE('',*,*,#1329,.T.);
#2070 = PLANE('',#2071);
#2071 = AXIS2_PLACEMENT_3D('',#2072,#2073,#2074);
#2072 = CARTESIAN_POINT('',(27.5,5.803774696119,24.799460640045));
#2073 = DIRECTION('',(-1.,0.,0.));
#2074 = DIRECTION('',(0.,1.,2.22044604925E-16));
#2075 = ADVANCED_FACE('',(#2076),#2082,.F.);
#2076 = FACE_BOUND('',#2077,.F.);
#2077 = EDGE_LOOP('',(#2078,#2079,#2080,#2081));
#2078 = ORIENTED_EDGE('',*,*,#1811,.T.);
#2079 = ORIENTED_EDGE('',*,*,#1904,.T.);
#2080 = ORIENTED_EDGE('',*,*,#1470,.T.);
#2081 = ORIENTED_EDGE('',*,*,#1924,.T.);
#2082 = PLANE('',#2083);
#2083 = AXIS2_PLACEMENT_3D('',#2084,#2085,#2086);
#2084 = CARTESIAN_POINT('',(65.911126183076,10.303774696119,
    36.814673271519));
#2085 = DIRECTION('',(1.190026688646E-16,-1.,-2.22044604925E-16));
#2086 = DIRECTION('',(-1.,-1.190026688646E-16,-1.190026688646E-16));
#2087 = ADVANCED_FACE('',(#2088),#2105,.F.);
#2088 = FACE_BOUND('',#2089,.F.);
#2089 = EDGE_LOOP('',(#2090,#2098,#2099));
#2090 = ORIENTED_EDGE('',*,*,#2091,.F.);
#2091 = EDGE_CURVE('',#1538,#2092,#2094,.T.);
#2092 = VERTEX_POINT('',#2093);
#2093 = CARTESIAN_POINT('',(65.538138786494,18.22377469612,
    32.299460639959));
#2094 = LINE('',#2095,#2096);
#2095 = CARTESIAN_POINT('',(65.538138786494,18.22377469612,
    40.299460640045));
#2096 = VECTOR('',#2097,1.);
#2097 = DIRECTION('',(0.,-2.22044604925E-16,-1.));
#2098 = ORIENTED_EDGE('',*,*,#1546,.T.);
#2099 = ORIENTED_EDGE('',*,*,#2100,.F.);
#2100 = EDGE_CURVE('',#2092,#1547,#2101,.T.);
#2101 = LINE('',#2102,#2103);
#2102 = CARTESIAN_POINT('',(65.538138786494,18.22377469612,
    32.299460639959));
#2103 = VECTOR('',#2104,1.);
#2104 = DIRECTION('',(0.,1.,-2.22044604925E-16));
#2105 = PLANE('',#2106);
#2106 = AXIS2_PLACEMENT_3D('',#2107,#2108,#2109);
#2107 = CARTESIAN_POINT('',(65.538138786494,18.22377469612,
    40.299460640045));
#2108 = DIRECTION('',(-1.,0.,0.));
#2109 = DIRECTION('',(0.,-2.22044604925E-16,-1.));
#2110 = ADVANCED_FACE('',(#2111),#2136,.F.);
#2111 = FACE_BOUND('',#2112,.F.);
#2112 = EDGE_LOOP('',(#2113,#2114,#2115,#2123,#2129,#2130));
#2113 = ORIENTED_EDGE('',*,*,#1734,.T.);
#2114 = ORIENTED_EDGE('',*,*,#2091,.T.);
#2115 = ORIENTED_EDGE('',*,*,#2116,.T.);
#2116 = EDGE_CURVE('',#2092,#2117,#2119,.T.);
#2117 = VERTEX_POINT('',#2118);
#2118 = CARTESIAN_POINT('',(34.372938786494,18.22377469612,
    32.299460639959));
#2119 = LINE('',#2120,#2121);
#2120 = CARTESIAN_POINT('',(71.911126183076,18.22377469612,
    32.299460639959));
#2121 = VECTOR('',#2122,1.);
#2122 = DIRECTION('',(-1.,0.,0.));
#2123 = ORIENTED_EDGE('',*,*,#2124,.F.);
#2124 = EDGE_CURVE('',#1596,#2117,#2125,.T.);
#2125 = LINE('',#2126,#2127);
#2126 = CARTESIAN_POINT('',(34.372938786494,18.22377469612,
    40.299460640045));
#2127 = VECTOR('',#2128,1.);
#2128 = DIRECTION('',(0.,-2.22044604925E-16,-1.));
#2129 = ORIENTED_EDGE('',*,*,#1604,.F.);
#2130 = ORIENTED_EDGE('',*,*,#2131,.F.);
#2131 = EDGE_CURVE('',#1726,#1605,#2132,.T.);
#2132 = LINE('',#2133,#2134);
#2133 = CARTESIAN_POINT('',(71.911126183076,18.22377469612,
    36.769460902546));
#2134 = VECTOR('',#2135,1.);
#2135 = DIRECTION('',(-1.,0.,0.));
#2136 = PLANE('',#2137);
#2137 = AXIS2_PLACEMENT_3D('',#2138,#2139,#2140);
#2138 = CARTESIAN_POINT('',(71.911126183076,18.22377469612,
    32.299460639959));
#2139 = DIRECTION('',(0.,1.,0.));
#2140 = DIRECTION('',(0.,0.,1.));
#2141 = ADVANCED_FACE('',(#2142),#2153,.T.);
#2142 = FACE_BOUND('',#2143,.T.);
#2143 = EDGE_LOOP('',(#2144,#2150,#2151,#2152));
#2144 = ORIENTED_EDGE('',*,*,#2145,.F.);
#2145 = EDGE_CURVE('',#1694,#1638,#2146,.T.);
#2146 = LINE('',#2147,#2148);
#2147 = CARTESIAN_POINT('',(71.911126183076,25.28377469612,
    32.299460639959));
#2148 = VECTOR('',#2149,1.);
#2149 = DIRECTION('',(-1.,0.,0.));
#2150 = ORIENTED_EDGE('',*,*,#1693,.T.);
#2151 = ORIENTED_EDGE('',*,*,#1669,.T.);
#2152 = ORIENTED_EDGE('',*,*,#1645,.F.);
#2153 = PLANE('',#2154);
#2154 = AXIS2_PLACEMENT_3D('',#2155,#2156,#2157);
#2155 = CARTESIAN_POINT('',(71.911126183076,31.103752430406,
    32.299460639959));
#2156 = DIRECTION('',(0.,0.,1.));
#2157 = DIRECTION('',(0.,-1.,0.));
#2158 = ADVANCED_FACE('',(#2159),#2170,.T.);
#2159 = FACE_BOUND('',#2160,.T.);
#2160 = EDGE_LOOP('',(#2161,#2162,#2163,#2164));
#2161 = ORIENTED_EDGE('',*,*,#1701,.F.);
#2162 = ORIENTED_EDGE('',*,*,#2145,.T.);
#2163 = ORIENTED_EDGE('',*,*,#1637,.T.);
#2164 = ORIENTED_EDGE('',*,*,#2165,.F.);
#2165 = EDGE_CURVE('',#1702,#1629,#2166,.T.);
#2166 = LINE('',#2167,#2168);
#2167 = CARTESIAN_POINT('',(71.911126183076,25.28377469612,
    36.769460818759));
#2168 = VECTOR('',#2169,1.);
#2169 = DIRECTION('',(-1.,0.,0.));
#2170 = PLANE('',#2171);
#2171 = AXIS2_PLACEMENT_3D('',#2172,#2173,#2174);
#2172 = CARTESIAN_POINT('',(71.911126183076,25.28377469612,
    32.299460639959));
#2173 = DIRECTION('',(0.,1.,0.));
#2174 = DIRECTION('',(0.,0.,1.));
#2175 = ADVANCED_FACE('',(#2176),#2179,.T.);
#2176 = FACE_BOUND('',#2177,.T.);
#2177 = EDGE_LOOP('',(#2178));
#2178 = ORIENTED_EDGE('',*,*,#1759,.T.);
#2179 = PLANE('',#2180);
#2180 = AXIS2_PLACEMENT_3D('',#2181,#2182,#2183);
#2181 = CARTESIAN_POINT('',(69.777411683415,71.405363541831,
    29.399460640045));
#2182 = DIRECTION('',(-3.107018276635E-16,-1.648404264388E-16,1.));
#2183 = DIRECTION('',(3.48994967025E-02,-0.999390827019,
    -1.538966726949E-16));
#2184 = ADVANCED_FACE('',(#2185),#2195,.T.);
#2185 = FACE_BOUND('',#2186,.T.);
#2186 = EDGE_LOOP('',(#2187,#2188,#2189));
#2187 = ORIENTED_EDGE('',*,*,#2124,.F.);
#2188 = ORIENTED_EDGE('',*,*,#1786,.T.);
#2189 = ORIENTED_EDGE('',*,*,#2190,.F.);
#2190 = EDGE_CURVE('',#2117,#1779,#2191,.T.);
#2191 = LINE('',#2192,#2193);
#2192 = CARTESIAN_POINT('',(34.372938786494,18.22377469612,
    32.299460639959));
#2193 = VECTOR('',#2194,1.);
#2194 = DIRECTION('',(0.,1.,-2.22044604925E-16));
#2195 = PLANE('',#2196);
#2196 = AXIS2_PLACEMENT_3D('',#2197,#2198,#2199);
#2197 = CARTESIAN_POINT('',(34.372938786494,18.22377469612,
    40.299460640045));
#2198 = DIRECTION('',(-1.,0.,0.));
#2199 = DIRECTION('',(0.,-2.22044604925E-16,-1.));
#2200 = ADVANCED_FACE('',(#2201),#2219,.F.);
#2201 = FACE_BOUND('',#2202,.T.);
#2202 = EDGE_LOOP('',(#2203,#2211,#2212,#2213));
#2203 = ORIENTED_EDGE('',*,*,#2204,.T.);
#2204 = EDGE_CURVE('',#2205,#84,#2207,.T.);
#2205 = VERTEX_POINT('',#2206);
#2206 = CARTESIAN_POINT('',(72.5,25.199664020497,24.799460640045));
#2207 = LINE('',#2208,#2209);
#2208 = CARTESIAN_POINT('',(72.5,25.199664020497,24.799460640045));
#2209 = VECTOR('',#2210,1.);
#2210 = DIRECTION('',(0.,2.22044604925E-16,-1.));
#2211 = ORIENTED_EDGE('',*,*,#81,.F.);
#2212 = ORIENTED_EDGE('',*,*,#243,.F.);
#2213 = ORIENTED_EDGE('',*,*,#2214,.T.);
#2214 = EDGE_CURVE('',#236,#2205,#2215,.T.);
#2215 = LINE('',#2216,#2217);
#2216 = CARTESIAN_POINT('',(72.5,5.803774696119,24.799460640045));
#2217 = VECTOR('',#2218,1.);
#2218 = DIRECTION('',(0.,1.,2.22044604925E-16));
#2219 = PLANE('',#2220);
#2220 = AXIS2_PLACEMENT_3D('',#2221,#2222,#2223);
#2221 = CARTESIAN_POINT('',(72.5,5.803774696119,23.799460640045));
#2222 = DIRECTION('',(1.,0.,0.));
#2223 = DIRECTION('',(0.,-1.,-2.22044604925E-16));
#2224 = ADVANCED_FACE('',(#2225),#2277,.T.);
#2225 = FACE_BOUND('',#2226,.T.);
#2226 = EDGE_LOOP('',(#2227,#2228,#2229,#2230,#2239,#2247,#2262,#2271));
#2227 = ORIENTED_EDGE('',*,*,#1974,.T.);
#2228 = ORIENTED_EDGE('',*,*,#108,.F.);
#2229 = ORIENTED_EDGE('',*,*,#2204,.F.);
#2230 = ORIENTED_EDGE('',*,*,#2231,.T.);
#2231 = EDGE_CURVE('',#2205,#2232,#2234,.T.);
#2232 = VERTEX_POINT('',#2233);
#2233 = CARTESIAN_POINT('',(74.5,25.070731545058,24.799460640045));
#2234 = CIRCLE('',#2235,322.);
#2235 = AXIS2_PLACEMENT_3D('',#2236,#2237,#2238);
#2236 = CARTESIAN_POINT('',(52.784972092532,-296.1962253038,
    24.799460640045));
#2237 = DIRECTION('',(0.,2.22044604925E-16,-1.));
#2238 = DIRECTION('',(0.,1.,2.22044604925E-16));
#2239 = ORIENTED_EDGE('',*,*,#2240,.T.);
#2240 = EDGE_CURVE('',#2232,#2241,#2243,.T.);
#2241 = VERTEX_POINT('',#2242);
#2242 = CARTESIAN_POINT('',(74.5,25.070731545058,16.799460640045));
#2243 = LINE('',#2244,#2245);
#2244 = CARTESIAN_POINT('',(74.5,25.070731545058,24.799460640045));
#2245 = VECTOR('',#2246,1.);
#2246 = DIRECTION('',(0.,2.22044604925E-16,-1.));
#2247 = ORIENTED_EDGE('',*,*,#2248,.F.);
#2248 = EDGE_CURVE('',#2249,#2241,#2251,.T.);
#2249 = VERTEX_POINT('',#2250);
#2250 = CARTESIAN_POINT('',(67.5,25.467369082681,9.799460640045));
#2251 = B_SPLINE_CURVE_WITH_KNOTS('',3,(#2252,#2253,#2254,#2255,#2256,
    #2257,#2258,#2259,#2260,#2261),.UNSPECIFIED.,.F.,.F.,(4,2,2,2,4),(
    -1.055534829298,-0.791452816454,-0.527370803611,-0.263685401806,0.),
  .UNSPECIFIED.);
#2252 = CARTESIAN_POINT('',(67.5,25.467369082681,9.799460640045));
#2253 = CARTESIAN_POINT('',(68.37935372116,25.427141606606,
    9.799460640045));
#2254 = CARTESIAN_POINT('',(69.31716060783,25.380255357673,
    9.975262926529));
#2255 = CARTESIAN_POINT('',(71.042262639578,25.286927464133,
    10.690113500925));
#2256 = CARTESIAN_POINT('',(71.829569957033,25.240691091739,
    11.229159198726));
#2257 = CARTESIAN_POINT('',(73.071990929688,25.164667824232,
    12.47233343797));
#2258 = CARTESIAN_POINT('',(73.610320074963,25.129828554566,
    13.259043065531));
#2259 = CARTESIAN_POINT('',(74.324331067441,25.08275630224,
    14.983125483257));
#2260 = CARTESIAN_POINT('',(74.5,25.070731545058,15.920509300693));
#2261 = CARTESIAN_POINT('',(74.5,25.070731545058,16.799460640045));
#2262 = ORIENTED_EDGE('',*,*,#2263,.T.);
#2263 = EDGE_CURVE('',#2249,#2264,#2266,.T.);
#2264 = VERTEX_POINT('',#2265);
#2265 = CARTESIAN_POINT('',(52.784972092532,25.803774696119,
    9.799460640045));
#2266 = CIRCLE('',#2267,322.);
#2267 = AXIS2_PLACEMENT_3D('',#2268,#2269,#2270);
#2268 = CARTESIAN_POINT('',(52.784972092532,-296.1962253038,
    9.799460640045));
#2269 = DIRECTION('',(9.91270557701E-17,-2.22044604925E-16,1.));
#2270 = DIRECTION('',(1.,2.201062793585E-32,-9.91270557701E-17));
#2271 = ORIENTED_EDGE('',*,*,#2272,.F.);
#2272 = EDGE_CURVE('',#1975,#2264,#2273,.T.);
#2273 = LINE('',#2274,#2275);
#2274 = CARTESIAN_POINT('',(52.784972092532,25.803774696119,
    19.799460640045));
#2275 = VECTOR('',#2276,1.);
#2276 = DIRECTION('',(0.,2.22044604925E-16,-1.));
#2277 = CYLINDRICAL_SURFACE('',#2278,322.);
#2278 = AXIS2_PLACEMENT_3D('',#2279,#2280,#2281);
#2279 = CARTESIAN_POINT('',(52.784972092532,-296.1962253038,
    11.299460640045));
#2280 = DIRECTION('',(0.,2.22044604925E-16,-1.));
#2281 = DIRECTION('',(0.,1.,2.22044604925E-16));
#2282 = ADVANCED_FACE('',(#2283),#2330,.F.);
#2283 = FACE_BOUND('',#2284,.T.);
#2284 = EDGE_LOOP('',(#2285,#2293,#2302,#2310,#2319,#2325,#2326,#2327,
    #2328,#2329));
#2285 = ORIENTED_EDGE('',*,*,#2286,.F.);
#2286 = EDGE_CURVE('',#2287,#2040,#2289,.T.);
#2287 = VERTEX_POINT('',#2288);
#2288 = CARTESIAN_POINT('',(25.5,5.303774696119,24.799460640045));
#2289 = LINE('',#2290,#2291);
#2290 = CARTESIAN_POINT('',(25.5,5.303774696119,24.799460640045));
#2291 = VECTOR('',#2292,1.);
#2292 = DIRECTION('',(0.,1.,2.22044604925E-16));
#2293 = ORIENTED_EDGE('',*,*,#2294,.F.);
#2294 = EDGE_CURVE('',#2295,#2287,#2297,.T.);
#2295 = VERTEX_POINT('',#2296);
#2296 = CARTESIAN_POINT('',(27.,3.803774696119,24.799460640045));
#2297 = CIRCLE('',#2298,1.5);
#2298 = AXIS2_PLACEMENT_3D('',#2299,#2300,#2301);
#2299 = CARTESIAN_POINT('',(27.,5.303774696119,24.799460640045));
#2300 = DIRECTION('',(0.,2.22044604925E-16,-1.));
#2301 = DIRECTION('',(0.,1.,2.22044604925E-16));
#2302 = ORIENTED_EDGE('',*,*,#2303,.F.);
#2303 = EDGE_CURVE('',#2304,#2295,#2306,.T.);
#2304 = VERTEX_POINT('',#2305);
#2305 = CARTESIAN_POINT('',(73.,3.803774696119,24.799460640045));
#2306 = LINE('',#2307,#2308);
#2307 = CARTESIAN_POINT('',(73.,3.803774696119,24.799460640045));
#2308 = VECTOR('',#2309,1.);
#2309 = DIRECTION('',(-1.,-1.327440572921E-16,-2.947510175757E-32));
#2310 = ORIENTED_EDGE('',*,*,#2311,.F.);
#2311 = EDGE_CURVE('',#2312,#2304,#2314,.T.);
#2312 = VERTEX_POINT('',#2313);
#2313 = CARTESIAN_POINT('',(74.5,5.303774696119,24.799460640045));
#2314 = CIRCLE('',#2315,1.5);
#2315 = AXIS2_PLACEMENT_3D('',#2316,#2317,#2318);
#2316 = CARTESIAN_POINT('',(73.,5.303774696119,24.799460640045));
#2317 = DIRECTION('',(0.,2.22044604925E-16,-1.));
#2318 = DIRECTION('',(0.,1.,2.22044604925E-16));
#2319 = ORIENTED_EDGE('',*,*,#2320,.T.);
#2320 = EDGE_CURVE('',#2312,#2232,#2321,.T.);
#2321 = LINE('',#2322,#2323);
#2322 = CARTESIAN_POINT('',(74.5,5.303774696119,24.799460640045));
#2323 = VECTOR('',#2324,1.);
#2324 = DIRECTION('',(0.,1.,2.22044604925E-16));
#2325 = ORIENTED_EDGE('',*,*,#2231,.F.);
#2326 = ORIENTED_EDGE('',*,*,#2214,.F.);
#2327 = ORIENTED_EDGE('',*,*,#233,.F.);
#2328 = ORIENTED_EDGE('',*,*,#2063,.T.);
#2329 = ORIENTED_EDGE('',*,*,#2047,.F.);
#2330 = PLANE('',#2331);
#2331 = AXIS2_PLACEMENT_3D('',#2332,#2333,#2334);
#2332 = CARTESIAN_POINT('',(0.,25.803774696119,24.799460640045));
#2333 = DIRECTION('',(0.,2.22044604925E-16,-1.));
#2334 = DIRECTION('',(0.,1.,2.22044604925E-16));
#2335 = ADVANCED_FACE('',(#2336),#2347,.F.);
#2336 = FACE_BOUND('',#2337,.T.);
#2337 = EDGE_LOOP('',(#2338,#2339,#2340,#2341));
#2338 = ORIENTED_EDGE('',*,*,#2007,.F.);
#2339 = ORIENTED_EDGE('',*,*,#1983,.F.);
#2340 = ORIENTED_EDGE('',*,*,#2272,.T.);
#2341 = ORIENTED_EDGE('',*,*,#2342,.F.);
#2342 = EDGE_CURVE('',#2008,#2264,#2343,.T.);
#2343 = LINE('',#2344,#2345);
#2344 = CARTESIAN_POINT('',(47.215027907468,25.803774696119,
    9.799460640045));
#2345 = VECTOR('',#2346,1.);
#2346 = DIRECTION('',(1.,0.,0.));
#2347 = PLANE('',#2348);
#2348 = AXIS2_PLACEMENT_3D('',#2349,#2350,#2351);
#2349 = CARTESIAN_POINT('',(0.,25.803774696119,24.799460640045));
#2350 = DIRECTION('',(0.,-1.,-2.22044604925E-16));
#2351 = DIRECTION('',(-1.,0.,0.));
#2352 = ADVANCED_FACE('',(#2353),#2380,.F.);
#2353 = FACE_BOUND('',#2354,.T.);
#2354 = EDGE_LOOP('',(#2355,#2356,#2357,#2358,#2366,#2374));
#2355 = ORIENTED_EDGE('',*,*,#2015,.F.);
#2356 = ORIENTED_EDGE('',*,*,#2342,.T.);
#2357 = ORIENTED_EDGE('',*,*,#2263,.F.);
#2358 = ORIENTED_EDGE('',*,*,#2359,.F.);
#2359 = EDGE_CURVE('',#2360,#2249,#2362,.T.);
#2360 = VERTEX_POINT('',#2361);
#2361 = CARTESIAN_POINT('',(67.5,24.803774696119,9.799460640045));
#2362 = LINE('',#2363,#2364);
#2363 = CARTESIAN_POINT('',(67.5,24.803774696119,9.799460640045));
#2364 = VECTOR('',#2365,1.);
#2365 = DIRECTION('',(0.,1.,2.22044604925E-16));
#2366 = ORIENTED_EDGE('',*,*,#2367,.F.);
#2367 = EDGE_CURVE('',#2368,#2360,#2370,.T.);
#2368 = VERTEX_POINT('',#2369);
#2369 = CARTESIAN_POINT('',(32.5,24.803774696119,9.799460640045));
#2370 = LINE('',#2371,#2372);
#2371 = CARTESIAN_POINT('',(32.5,24.803774696119,9.799460640045));
#2372 = VECTOR('',#2373,1.);
#2373 = DIRECTION('',(1.,2.817360375789E-32,-1.268826313857E-16));
#2374 = ORIENTED_EDGE('',*,*,#2375,.T.);
#2375 = EDGE_CURVE('',#2368,#2016,#2376,.T.);
#2376 = LINE('',#2377,#2378);
#2377 = CARTESIAN_POINT('',(32.5,24.803774696119,9.799460640045));
#2378 = VECTOR('',#2379,1.);
#2379 = DIRECTION('',(0.,1.,2.22044604925E-16));
#2380 = PLANE('',#2381);
#2381 = AXIS2_PLACEMENT_3D('',#2382,#2383,#2384);
#2382 = CARTESIAN_POINT('',(67.5,24.803774696119,9.799460640045));
#2383 = DIRECTION('',(9.91270557701E-17,-2.22044604925E-16,1.));
#2384 = DIRECTION('',(0.,-1.,-2.22044604925E-16));
#2385 = ADVANCED_FACE('',(#2386),#2405,.T.);
#2386 = FACE_BOUND('',#2387,.T.);
#2387 = EDGE_LOOP('',(#2388,#2389,#2390,#2399));
#2388 = ORIENTED_EDGE('',*,*,#2024,.T.);
#2389 = ORIENTED_EDGE('',*,*,#2375,.F.);
#2390 = ORIENTED_EDGE('',*,*,#2391,.F.);
#2391 = EDGE_CURVE('',#2392,#2368,#2394,.T.);
#2392 = VERTEX_POINT('',#2393);
#2393 = CARTESIAN_POINT('',(25.5,24.803774696119,16.799460640045));
#2394 = CIRCLE('',#2395,7.);
#2395 = AXIS2_PLACEMENT_3D('',#2396,#2397,#2398);
#2396 = CARTESIAN_POINT('',(32.5,24.803774696119,16.799460640045));
#2397 = DIRECTION('',(0.,-1.,-2.22044604925E-16));
#2398 = DIRECTION('',(1.,0.,0.));
#2399 = ORIENTED_EDGE('',*,*,#2400,.T.);
#2400 = EDGE_CURVE('',#2392,#2025,#2401,.T.);
#2401 = LINE('',#2402,#2403);
#2402 = CARTESIAN_POINT('',(25.5,24.803774696119,16.799460640045));
#2403 = VECTOR('',#2404,1.);
#2404 = DIRECTION('',(0.,1.,2.22044604925E-16));
#2405 = CYLINDRICAL_SURFACE('',#2406,7.);
#2406 = AXIS2_PLACEMENT_3D('',#2407,#2408,#2409);
#2407 = CARTESIAN_POINT('',(32.5,24.803774696119,16.799460640045));
#2408 = DIRECTION('',(0.,1.,2.22044604925E-16));
#2409 = DIRECTION('',(1.,0.,0.));
#2410 = ADVANCED_FACE('',(#2411),#2438,.F.);
#2411 = FACE_BOUND('',#2412,.T.);
#2412 = EDGE_LOOP('',(#2413,#2414,#2415,#2423,#2431,#2437));
#2413 = ORIENTED_EDGE('',*,*,#2039,.T.);
#2414 = ORIENTED_EDGE('',*,*,#2400,.F.);
#2415 = ORIENTED_EDGE('',*,*,#2416,.F.);
#2416 = EDGE_CURVE('',#2417,#2392,#2419,.T.);
#2417 = VERTEX_POINT('',#2418);
#2418 = CARTESIAN_POINT('',(25.5,24.803774696119,24.299460640045));
#2419 = LINE('',#2420,#2421);
#2420 = CARTESIAN_POINT('',(25.5,24.803774696119,24.299460640045));
#2421 = VECTOR('',#2422,1.);
#2422 = DIRECTION('',(0.,2.22044604925E-16,-1.));
#2423 = ORIENTED_EDGE('',*,*,#2424,.F.);
#2424 = EDGE_CURVE('',#2425,#2417,#2427,.T.);
#2425 = VERTEX_POINT('',#2426);
#2426 = CARTESIAN_POINT('',(25.5,5.303774696119,24.299460640045));
#2427 = LINE('',#2428,#2429);
#2428 = CARTESIAN_POINT('',(25.5,5.303774696119,24.299460640045));
#2429 = VECTOR('',#2430,1.);
#2430 = DIRECTION('',(-2.277380563334E-16,1.,2.22044604925E-16));
#2431 = ORIENTED_EDGE('',*,*,#2432,.T.);
#2432 = EDGE_CURVE('',#2425,#2287,#2433,.T.);
#2433 = LINE('',#2434,#2435);
#2434 = CARTESIAN_POINT('',(25.5,5.303774696119,24.299460640045));
#2435 = VECTOR('',#2436,1.);
#2436 = DIRECTION('',(0.,-2.22044604925E-16,1.));
#2437 = ORIENTED_EDGE('',*,*,#2286,.T.);
#2438 = PLANE('',#2439);
#2439 = AXIS2_PLACEMENT_3D('',#2440,#2441,#2442);
#2440 = CARTESIAN_POINT('',(25.5,24.803774696119,16.799460640045));
#2441 = DIRECTION('',(1.,0.,0.));
#2442 = DIRECTION('',(0.,-1.,-2.22044604925E-16));
#2443 = ADVANCED_FACE('',(#2444),#2478,.F.);
#2444 = FACE_BOUND('',#2445,.T.);
#2445 = EDGE_LOOP('',(#2446,#2447,#2448,#2456,#2464,#2472));
#2446 = ORIENTED_EDGE('',*,*,#2240,.F.);
#2447 = ORIENTED_EDGE('',*,*,#2320,.F.);
#2448 = ORIENTED_EDGE('',*,*,#2449,.F.);
#2449 = EDGE_CURVE('',#2450,#2312,#2452,.T.);
#2450 = VERTEX_POINT('',#2451);
#2451 = CARTESIAN_POINT('',(74.5,5.303774696119,24.299460640045));
#2452 = LINE('',#2453,#2454);
#2453 = CARTESIAN_POINT('',(74.5,5.303774696119,24.299460640045));
#2454 = VECTOR('',#2455,1.);
#2455 = DIRECTION('',(0.,-2.22044604925E-16,1.));
#2456 = ORIENTED_EDGE('',*,*,#2457,.F.);
#2457 = EDGE_CURVE('',#2458,#2450,#2460,.T.);
#2458 = VERTEX_POINT('',#2459);
#2459 = CARTESIAN_POINT('',(74.5,24.803774696119,24.299460640045));
#2460 = LINE('',#2461,#2462);
#2461 = CARTESIAN_POINT('',(74.5,24.803774696119,24.299460640045));
#2462 = VECTOR('',#2463,1.);
#2463 = DIRECTION('',(1.366428338E-15,-1.,-2.22044604925E-16));
#2464 = ORIENTED_EDGE('',*,*,#2465,.F.);
#2465 = EDGE_CURVE('',#2466,#2458,#2468,.T.);
#2466 = VERTEX_POINT('',#2467);
#2467 = CARTESIAN_POINT('',(74.5,24.803774696119,16.799460640045));
#2468 = LINE('',#2469,#2470);
#2469 = CARTESIAN_POINT('',(74.5,24.803774696119,16.799460640045));
#2470 = VECTOR('',#2471,1.);
#2471 = DIRECTION('',(0.,-2.22044604925E-16,1.));
#2472 = ORIENTED_EDGE('',*,*,#2473,.T.);
#2473 = EDGE_CURVE('',#2466,#2241,#2474,.T.);
#2474 = LINE('',#2475,#2476);
#2475 = CARTESIAN_POINT('',(74.5,24.803774696119,16.799460640045));
#2476 = VECTOR('',#2477,1.);
#2477 = DIRECTION('',(0.,1.,2.22044604925E-16));
#2478 = PLANE('',#2479);
#2479 = AXIS2_PLACEMENT_3D('',#2480,#2481,#2482);
#2480 = CARTESIAN_POINT('',(74.5,24.803774696119,16.799460640045));
#2481 = DIRECTION('',(-1.,0.,0.));
#2482 = DIRECTION('',(0.,1.,2.22044604925E-16));
#2483 = ADVANCED_FACE('',(#2484),#2496,.T.);
#2484 = FACE_BOUND('',#2485,.T.);
#2485 = EDGE_LOOP('',(#2486,#2487,#2488,#2495));
#2486 = ORIENTED_EDGE('',*,*,#2248,.T.);
#2487 = ORIENTED_EDGE('',*,*,#2473,.F.);
#2488 = ORIENTED_EDGE('',*,*,#2489,.F.);
#2489 = EDGE_CURVE('',#2360,#2466,#2490,.T.);
#2490 = CIRCLE('',#2491,7.);
#2491 = AXIS2_PLACEMENT_3D('',#2492,#2493,#2494);
#2492 = CARTESIAN_POINT('',(67.5,24.803774696119,16.799460640045));
#2493 = DIRECTION('',(-0.,-1.,-2.22044604925E-16));
#2494 = DIRECTION('',(-1.,0.,0.));
#2495 = ORIENTED_EDGE('',*,*,#2359,.T.);
#2496 = CYLINDRICAL_SURFACE('',#2497,7.);
#2497 = AXIS2_PLACEMENT_3D('',#2498,#2499,#2500);
#2498 = CARTESIAN_POINT('',(67.5,24.803774696119,16.799460640045));
#2499 = DIRECTION('',(0.,1.,2.22044604925E-16));
#2500 = DIRECTION('',(1.,0.,0.));
#2501 = ADVANCED_FACE('',(#2502),#2521,.T.);
#2502 = FACE_BOUND('',#2503,.T.);
#2503 = EDGE_LOOP('',(#2504,#2505,#2506,#2515));
#2504 = ORIENTED_EDGE('',*,*,#2294,.T.);
#2505 = ORIENTED_EDGE('',*,*,#2432,.F.);
#2506 = ORIENTED_EDGE('',*,*,#2507,.F.);
#2507 = EDGE_CURVE('',#2508,#2425,#2510,.T.);
#2508 = VERTEX_POINT('',#2509);
#2509 = CARTESIAN_POINT('',(27.,3.803774696119,24.299460640045));
#2510 = CIRCLE('',#2511,1.5);
#2511 = AXIS2_PLACEMENT_3D('',#2512,#2513,#2514);
#2512 = CARTESIAN_POINT('',(27.,5.303774696119,24.299460640045));
#2513 = DIRECTION('',(0.,2.22044604925E-16,-1.));
#2514 = DIRECTION('',(0.,1.,2.22044604925E-16));
#2515 = ORIENTED_EDGE('',*,*,#2516,.T.);
#2516 = EDGE_CURVE('',#2508,#2295,#2517,.T.);
#2517 = LINE('',#2518,#2519);
#2518 = CARTESIAN_POINT('',(27.,3.803774696119,24.299460640045));
#2519 = VECTOR('',#2520,1.);
#2520 = DIRECTION('',(0.,-2.22044604925E-16,1.));
#2521 = CYLINDRICAL_SURFACE('',#2522,1.5);
#2522 = AXIS2_PLACEMENT_3D('',#2523,#2524,#2525);
#2523 = CARTESIAN_POINT('',(27.,5.303774696119,24.299460640045));
#2524 = DIRECTION('',(0.,-2.22044604925E-16,1.));
#2525 = DIRECTION('',(0.,-1.,-2.22044604925E-16));
#2526 = ADVANCED_FACE('',(#2527),#2545,.F.);
#2527 = FACE_BOUND('',#2528,.T.);
#2528 = EDGE_LOOP('',(#2529,#2530,#2531,#2539));
#2529 = ORIENTED_EDGE('',*,*,#2303,.T.);
#2530 = ORIENTED_EDGE('',*,*,#2516,.F.);
#2531 = ORIENTED_EDGE('',*,*,#2532,.F.);
#2532 = EDGE_CURVE('',#2533,#2508,#2535,.T.);
#2533 = VERTEX_POINT('',#2534);
#2534 = CARTESIAN_POINT('',(73.,3.803774696119,24.299460640045));
#2535 = LINE('',#2536,#2537);
#2536 = CARTESIAN_POINT('',(73.,3.803774696119,24.299460640045));
#2537 = VECTOR('',#2538,1.);
#2538 = DIRECTION('',(-1.,-1.327440572921E-16,-2.947510175757E-32));
#2539 = ORIENTED_EDGE('',*,*,#2540,.T.);
#2540 = EDGE_CURVE('',#2533,#2304,#2541,.T.);
#2541 = LINE('',#2542,#2543);
#2542 = CARTESIAN_POINT('',(73.,3.803774696119,24.299460640045));
#2543 = VECTOR('',#2544,1.);
#2544 = DIRECTION('',(0.,-2.22044604925E-16,1.));
#2545 = PLANE('',#2546);
#2546 = AXIS2_PLACEMENT_3D('',#2547,#2548,#2549);
#2547 = CARTESIAN_POINT('',(73.,3.803774696119,24.299460640045));
#2548 = DIRECTION('',(-1.319898296939E-16,1.,2.22044604925E-16));
#2549 = DIRECTION('',(1.,1.319898296939E-16,2.93076295885E-32));
#2550 = ADVANCED_FACE('',(#2551),#2563,.T.);
#2551 = FACE_BOUND('',#2552,.T.);
#2552 = EDGE_LOOP('',(#2553,#2554,#2555,#2562));
#2553 = ORIENTED_EDGE('',*,*,#2311,.T.);
#2554 = ORIENTED_EDGE('',*,*,#2540,.F.);
#2555 = ORIENTED_EDGE('',*,*,#2556,.F.);
#2556 = EDGE_CURVE('',#2450,#2533,#2557,.T.);
#2557 = CIRCLE('',#2558,1.5);
#2558 = AXIS2_PLACEMENT_3D('',#2559,#2560,#2561);
#2559 = CARTESIAN_POINT('',(73.,5.303774696119,24.299460640045));
#2560 = DIRECTION('',(0.,2.22044604925E-16,-1.));
#2561 = DIRECTION('',(0.,1.,2.22044604925E-16));
#2562 = ORIENTED_EDGE('',*,*,#2449,.T.);
#2563 = CYLINDRICAL_SURFACE('',#2564,1.5);
#2564 = AXIS2_PLACEMENT_3D('',#2565,#2566,#2567);
#2565 = CARTESIAN_POINT('',(73.,5.303774696119,24.299460640045));
#2566 = DIRECTION('',(0.,-2.22044604925E-16,1.));
#2567 = DIRECTION('',(0.,-1.,-2.22044604925E-16));
#2568 = ADVANCED_FACE('',(#2569),#2632,.F.);
#2569 = FACE_BOUND('',#2570,.T.);
#2570 = EDGE_LOOP('',(#2571,#2579,#2587,#2596,#2604,#2613,#2621,#2627,
    #2628,#2629,#2630,#2631));
#2571 = ORIENTED_EDGE('',*,*,#2572,.F.);
#2572 = EDGE_CURVE('',#2573,#2458,#2575,.T.);
#2573 = VERTEX_POINT('',#2574);
#2574 = CARTESIAN_POINT('',(75.,24.803774696119,24.299460640045));
#2575 = LINE('',#2576,#2577);
#2576 = CARTESIAN_POINT('',(75.,24.803774696119,24.299460640045));
#2577 = VECTOR('',#2578,1.);
#2578 = DIRECTION('',(-1.,0.,0.));
#2579 = ORIENTED_EDGE('',*,*,#2580,.T.);
#2580 = EDGE_CURVE('',#2573,#2581,#2583,.T.);
#2581 = VERTEX_POINT('',#2582);
#2582 = CARTESIAN_POINT('',(75.,24.803774696119,16.799460640045));
#2583 = LINE('',#2584,#2585);
#2584 = CARTESIAN_POINT('',(75.,24.803774696119,24.299460640045));
#2585 = VECTOR('',#2586,1.);
#2586 = DIRECTION('',(0.,2.22044604925E-16,-1.));
#2587 = ORIENTED_EDGE('',*,*,#2588,.T.);
#2588 = EDGE_CURVE('',#2581,#2589,#2591,.T.);
#2589 = VERTEX_POINT('',#2590);
#2590 = CARTESIAN_POINT('',(67.5,24.803774696119,9.299460640045));
#2591 = CIRCLE('',#2592,7.5);
#2592 = AXIS2_PLACEMENT_3D('',#2593,#2594,#2595);
#2593 = CARTESIAN_POINT('',(67.5,24.803774696119,16.799460640045));
#2594 = DIRECTION('',(-0.,1.,2.22044604925E-16));
#2595 = DIRECTION('',(1.,0.,0.));
#2596 = ORIENTED_EDGE('',*,*,#2597,.T.);
#2597 = EDGE_CURVE('',#2589,#2598,#2600,.T.);
#2598 = VERTEX_POINT('',#2599);
#2599 = CARTESIAN_POINT('',(32.5,24.803774696119,9.299460640045));
#2600 = LINE('',#2601,#2602);
#2601 = CARTESIAN_POINT('',(67.5,24.803774696119,9.299460640045));
#2602 = VECTOR('',#2603,1.);
#2603 = DIRECTION('',(-1.,-2.817360375789E-32,1.268826313857E-16));
#2604 = ORIENTED_EDGE('',*,*,#2605,.T.);
#2605 = EDGE_CURVE('',#2598,#2606,#2608,.T.);
#2606 = VERTEX_POINT('',#2607);
#2607 = CARTESIAN_POINT('',(25.,24.803774696119,16.799460640045));
#2608 = CIRCLE('',#2609,7.5);
#2609 = AXIS2_PLACEMENT_3D('',#2610,#2611,#2612);
#2610 = CARTESIAN_POINT('',(32.5,24.803774696119,16.799460640045));
#2611 = DIRECTION('',(0.,1.,2.22044604925E-16));
#2612 = DIRECTION('',(-1.,0.,0.));
#2613 = ORIENTED_EDGE('',*,*,#2614,.T.);
#2614 = EDGE_CURVE('',#2606,#2615,#2617,.T.);
#2615 = VERTEX_POINT('',#2616);
#2616 = CARTESIAN_POINT('',(25.,24.803774696119,24.299460640045));
#2617 = LINE('',#2618,#2619);
#2618 = CARTESIAN_POINT('',(25.,24.803774696119,16.799460640045));
#2619 = VECTOR('',#2620,1.);
#2620 = DIRECTION('',(0.,-2.22044604925E-16,1.));
#2621 = ORIENTED_EDGE('',*,*,#2622,.F.);
#2622 = EDGE_CURVE('',#2417,#2615,#2623,.T.);
#2623 = LINE('',#2624,#2625);
#2624 = CARTESIAN_POINT('',(25.5,24.803774696119,24.299460640045));
#2625 = VECTOR('',#2626,1.);
#2626 = DIRECTION('',(-1.,0.,0.));
#2627 = ORIENTED_EDGE('',*,*,#2416,.T.);
#2628 = ORIENTED_EDGE('',*,*,#2391,.T.);
#2629 = ORIENTED_EDGE('',*,*,#2367,.T.);
#2630 = ORIENTED_EDGE('',*,*,#2489,.T.);
#2631 = ORIENTED_EDGE('',*,*,#2465,.T.);
#2632 = PLANE('',#2633);
#2633 = AXIS2_PLACEMENT_3D('',#2634,#2635,#2636);
#2634 = CARTESIAN_POINT('',(32.5,24.803774696119,16.799460640045));
#2635 = DIRECTION('',(0.,-1.,-2.22044604925E-16));
#2636 = DIRECTION('',(-1.,0.,0.));
#2637 = ADVANCED_FACE('',(#2638),#2687,.T.);
#2638 = FACE_BOUND('',#2639,.T.);
#2639 = EDGE_LOOP('',(#2640,#2641,#2642,#2650,#2659,#2667,#2676,#2682,
    #2683,#2684,#2685,#2686));
#2640 = ORIENTED_EDGE('',*,*,#2424,.T.);
#2641 = ORIENTED_EDGE('',*,*,#2622,.T.);
#2642 = ORIENTED_EDGE('',*,*,#2643,.T.);
#2643 = EDGE_CURVE('',#2615,#2644,#2646,.T.);
#2644 = VERTEX_POINT('',#2645);
#2645 = CARTESIAN_POINT('',(25.,5.303774696119,24.299460640045));
#2646 = LINE('',#2647,#2648);
#2647 = CARTESIAN_POINT('',(25.,24.803774696119,24.299460640045));
#2648 = VECTOR('',#2649,1.);
#2649 = DIRECTION('',(4.554761126667E-16,-1.,-2.22044604925E-16));
#2650 = ORIENTED_EDGE('',*,*,#2651,.T.);
#2651 = EDGE_CURVE('',#2644,#2652,#2654,.T.);
#2652 = VERTEX_POINT('',#2653);
#2653 = CARTESIAN_POINT('',(27.,3.303774696119,24.299460640045));
#2654 = CIRCLE('',#2655,2.);
#2655 = AXIS2_PLACEMENT_3D('',#2656,#2657,#2658);
#2656 = CARTESIAN_POINT('',(27.,5.303774696119,24.299460640045));
#2657 = DIRECTION('',(0.,-2.22044604925E-16,1.));
#2658 = DIRECTION('',(0.,-1.,-2.22044604925E-16));
#2659 = ORIENTED_EDGE('',*,*,#2660,.T.);
#2660 = EDGE_CURVE('',#2652,#2661,#2663,.T.);
#2661 = VERTEX_POINT('',#2662);
#2662 = CARTESIAN_POINT('',(73.,3.303774696119,24.299460640045));
#2663 = LINE('',#2664,#2665);
#2664 = CARTESIAN_POINT('',(27.,3.303774696119,24.299460640045));
#2665 = VECTOR('',#2666,1.);
#2666 = DIRECTION('',(1.,4.223674550204E-16,9.37844146832E-32));
#2667 = ORIENTED_EDGE('',*,*,#2668,.T.);
#2668 = EDGE_CURVE('',#2661,#2669,#2671,.T.);
#2669 = VERTEX_POINT('',#2670);
#2670 = CARTESIAN_POINT('',(75.,5.303774696119,24.299460640045));
#2671 = CIRCLE('',#2672,2.);
#2672 = AXIS2_PLACEMENT_3D('',#2673,#2674,#2675);
#2673 = CARTESIAN_POINT('',(73.,5.303774696119,24.299460640045));
#2674 = DIRECTION('',(0.,-2.22044604925E-16,1.));
#2675 = DIRECTION('',(0.,-1.,-2.22044604925E-16));
#2676 = ORIENTED_EDGE('',*,*,#2677,.T.);
#2677 = EDGE_CURVE('',#2669,#2573,#2678,.T.);
#2678 = LINE('',#2679,#2680);
#2679 = CARTESIAN_POINT('',(75.,5.303774696119,24.299460640045));
#2680 = VECTOR('',#2681,1.);
#2681 = DIRECTION('',(0.,1.,2.22044604925E-16));
#2682 = ORIENTED_EDGE('',*,*,#2572,.T.);
#2683 = ORIENTED_EDGE('',*,*,#2457,.T.);
#2684 = ORIENTED_EDGE('',*,*,#2556,.T.);
#2685 = ORIENTED_EDGE('',*,*,#2532,.T.);
#2686 = ORIENTED_EDGE('',*,*,#2507,.T.);
#2687 = PLANE('',#2688);
#2688 = AXIS2_PLACEMENT_3D('',#2689,#2690,#2691);
#2689 = CARTESIAN_POINT('',(27.,5.303774696119,24.299460640045));
#2690 = DIRECTION('',(0.,-2.22044604925E-16,1.));
#2691 = DIRECTION('',(0.,-1.,-2.22044604925E-16));
#2692 = ADVANCED_FACE('',(#2693),#2727,.F.);
#2693 = FACE_BOUND('',#2694,.T.);
#2694 = EDGE_LOOP('',(#2695,#2705,#2711,#2712,#2713,#2721));
#2695 = ORIENTED_EDGE('',*,*,#2696,.T.);
#2696 = EDGE_CURVE('',#2697,#2699,#2701,.T.);
#2697 = VERTEX_POINT('',#2698);
#2698 = CARTESIAN_POINT('',(75.,25.036544716661,24.799460640045));
#2699 = VERTEX_POINT('',#2700);
#2700 = CARTESIAN_POINT('',(75.,25.036544716661,16.799460640045));
#2701 = LINE('',#2702,#2703);
#2702 = CARTESIAN_POINT('',(75.,25.036544716661,24.799460640045));
#2703 = VECTOR('',#2704,1.);
#2704 = DIRECTION('',(0.,2.22044604925E-16,-1.));
#2705 = ORIENTED_EDGE('',*,*,#2706,.F.);
#2706 = EDGE_CURVE('',#2581,#2699,#2707,.T.);
#2707 = LINE('',#2708,#2709);
#2708 = CARTESIAN_POINT('',(75.,24.803774696119,16.799460640045));
#2709 = VECTOR('',#2710,1.);
#2710 = DIRECTION('',(0.,1.,2.22044604925E-16));
#2711 = ORIENTED_EDGE('',*,*,#2580,.F.);
#2712 = ORIENTED_EDGE('',*,*,#2677,.F.);
#2713 = ORIENTED_EDGE('',*,*,#2714,.T.);
#2714 = EDGE_CURVE('',#2669,#2715,#2717,.T.);
#2715 = VERTEX_POINT('',#2716);
#2716 = CARTESIAN_POINT('',(75.,5.303774696119,24.799460640045));
#2717 = LINE('',#2718,#2719);
#2718 = CARTESIAN_POINT('',(75.,5.303774696119,24.299460640045));
#2719 = VECTOR('',#2720,1.);
#2720 = DIRECTION('',(0.,-2.22044604925E-16,1.));
#2721 = ORIENTED_EDGE('',*,*,#2722,.T.);
#2722 = EDGE_CURVE('',#2715,#2697,#2723,.T.);
#2723 = LINE('',#2724,#2725);
#2724 = CARTESIAN_POINT('',(75.,5.303774696119,24.799460640045));
#2725 = VECTOR('',#2726,1.);
#2726 = DIRECTION('',(0.,1.,2.22044604925E-16));
#2727 = PLANE('',#2728);
#2728 = AXIS2_PLACEMENT_3D('',#2729,#2730,#2731);
#2729 = CARTESIAN_POINT('',(75.,24.803774696119,24.799460640045));
#2730 = DIRECTION('',(1.,0.,0.));
#2731 = DIRECTION('',(0.,-1.,-2.22044604925E-16));
#2732 = ADVANCED_FACE('',(#2733),#2758,.F.);
#2733 = FACE_BOUND('',#2734,.F.);
#2734 = EDGE_LOOP('',(#2735,#2736,#2737,#2745));
#2735 = ORIENTED_EDGE('',*,*,#2706,.F.);
#2736 = ORIENTED_EDGE('',*,*,#2588,.T.);
#2737 = ORIENTED_EDGE('',*,*,#2738,.T.);
#2738 = EDGE_CURVE('',#2589,#2739,#2741,.T.);
#2739 = VERTEX_POINT('',#2740);
#2740 = CARTESIAN_POINT('',(67.5,25.467369082681,9.299460640045));
#2741 = LINE('',#2742,#2743);
#2742 = CARTESIAN_POINT('',(67.5,24.803774696119,9.299460640045));
#2743 = VECTOR('',#2744,1.);
#2744 = DIRECTION('',(0.,1.,2.22044604925E-16));
#2745 = ORIENTED_EDGE('',*,*,#2746,.F.);
#2746 = EDGE_CURVE('',#2699,#2739,#2747,.T.);
#2747 = B_SPLINE_CURVE_WITH_KNOTS('',3,(#2748,#2749,#2750,#2751,#2752,
    #2753,#2754,#2755,#2756,#2757),.UNSPECIFIED.,.F.,.F.,(4,2,2,2,4),(0.
    ,0.282522279735,0.565044559469,0.847998817647,1.130953075825),
  .UNSPECIFIED.);
#2748 = CARTESIAN_POINT('',(75.,25.036544716661,16.799460640045));
#2749 = CARTESIAN_POINT('',(75.,25.036544716661,15.857719707597));
#2750 = CARTESIAN_POINT('',(74.811780256292,25.049734506131,
    14.853380437504));
#2751 = CARTESIAN_POINT('',(74.046775628177,25.101273414118,
    13.006165545827));
#2752 = CARTESIAN_POINT('',(73.470005281203,25.139383404113,
    12.163277239613));
#2753 = CARTESIAN_POINT('',(72.13886757787,25.222305758282,
    10.831313852795));
#2754 = CARTESIAN_POINT('',(71.295331533936,25.272627352925,
    10.253759760637));
#2755 = CARTESIAN_POINT('',(69.447002653819,25.37372567522,
    9.487831398678));
#2756 = CARTESIAN_POINT('',(68.442195483773,25.42426680726,
    9.299460640045));
#2757 = CARTESIAN_POINT('',(67.5,25.467369082681,9.299460640045));
#2758 = CYLINDRICAL_SURFACE('',#2759,7.5);
#2759 = AXIS2_PLACEMENT_3D('',#2760,#2761,#2762);
#2760 = CARTESIAN_POINT('',(67.5,24.803774696119,16.799460640045));
#2761 = DIRECTION('',(0.,1.,2.22044604925E-16));
#2762 = DIRECTION('',(1.,0.,0.));
#2763 = ADVANCED_FACE('',(#2764),#2800,.F.);
#2764 = FACE_BOUND('',#2765,.T.);
#2765 = EDGE_LOOP('',(#2766,#2777,#2783,#2784,#2785,#2794));
#2766 = ORIENTED_EDGE('',*,*,#2767,.F.);
#2767 = EDGE_CURVE('',#2768,#2770,#2772,.T.);
#2768 = VERTEX_POINT('',#2769);
#2769 = CARTESIAN_POINT('',(32.5,25.467369082681,9.299460640045));
#2770 = VERTEX_POINT('',#2771);
#2771 = CARTESIAN_POINT('',(47.215027907468,25.803774696119,
    9.299460640045));
#2772 = CIRCLE('',#2773,322.);
#2773 = AXIS2_PLACEMENT_3D('',#2774,#2775,#2776);
#2774 = CARTESIAN_POINT('',(47.215027907468,-296.1962253038,
    9.299460640045));
#2775 = DIRECTION('',(-9.91270557701E-17,2.22044604925E-16,-1.));
#2776 = DIRECTION('',(-1.,-2.201062793585E-32,9.91270557701E-17));
#2777 = ORIENTED_EDGE('',*,*,#2778,.F.);
#2778 = EDGE_CURVE('',#2598,#2768,#2779,.T.);
#2779 = LINE('',#2780,#2781);
#2780 = CARTESIAN_POINT('',(32.5,24.803774696119,9.299460640045));
#2781 = VECTOR('',#2782,1.);
#2782 = DIRECTION('',(0.,1.,2.22044604925E-16));
#2783 = ORIENTED_EDGE('',*,*,#2597,.F.);
#2784 = ORIENTED_EDGE('',*,*,#2738,.T.);
#2785 = ORIENTED_EDGE('',*,*,#2786,.F.);
#2786 = EDGE_CURVE('',#2787,#2739,#2789,.T.);
#2787 = VERTEX_POINT('',#2788);
#2788 = CARTESIAN_POINT('',(52.784972092532,25.803774696119,
    9.299460640045));
#2789 = CIRCLE('',#2790,322.);
#2790 = AXIS2_PLACEMENT_3D('',#2791,#2792,#2793);
#2791 = CARTESIAN_POINT('',(52.784972092532,-296.1962253038,
    9.299460640045));
#2792 = DIRECTION('',(-9.91270557701E-17,2.22044604925E-16,-1.));
#2793 = DIRECTION('',(-1.,-2.201062793585E-32,9.91270557701E-17));
#2794 = ORIENTED_EDGE('',*,*,#2795,.T.);
#2795 = EDGE_CURVE('',#2787,#2770,#2796,.T.);
#2796 = LINE('',#2797,#2798);
#2797 = CARTESIAN_POINT('',(52.784972092532,25.803774696119,
    9.299460640045));
#2798 = VECTOR('',#2799,1.);
#2799 = DIRECTION('',(-1.,0.,0.));
#2800 = PLANE('',#2801);
#2801 = AXIS2_PLACEMENT_3D('',#2802,#2803,#2804);
#2802 = CARTESIAN_POINT('',(32.5,24.803774696119,9.299460640045));
#2803 = DIRECTION('',(-9.91270557701E-17,2.22044604925E-16,-1.));
#2804 = DIRECTION('',(0.,1.,2.22044604925E-16));
#2805 = ADVANCED_FACE('',(#2806),#2831,.F.);
#2806 = FACE_BOUND('',#2807,.F.);
#2807 = EDGE_LOOP('',(#2808,#2809,#2810,#2818));
#2808 = ORIENTED_EDGE('',*,*,#2778,.F.);
#2809 = ORIENTED_EDGE('',*,*,#2605,.T.);
#2810 = ORIENTED_EDGE('',*,*,#2811,.T.);
#2811 = EDGE_CURVE('',#2606,#2812,#2814,.T.);
#2812 = VERTEX_POINT('',#2813);
#2813 = CARTESIAN_POINT('',(25.,25.036544716661,16.799460640045));
#2814 = LINE('',#2815,#2816);
#2815 = CARTESIAN_POINT('',(25.,24.803774696119,16.799460640045));
#2816 = VECTOR('',#2817,1.);
#2817 = DIRECTION('',(0.,1.,2.22044604925E-16));
#2818 = ORIENTED_EDGE('',*,*,#2819,.F.);
#2819 = EDGE_CURVE('',#2768,#2812,#2820,.T.);
#2820 = B_SPLINE_CURVE_WITH_KNOTS('',3,(#2821,#2822,#2823,#2824,#2825,
    #2826,#2827,#2828,#2829,#2830),.UNSPECIFIED.,.F.,.F.,(4,2,2,2,4),(
    1.13043767265,1.413391930827,1.696346189005,1.97886846874,
    2.261390748474),.UNSPECIFIED.);
#2821 = CARTESIAN_POINT('',(32.5,25.467369082681,9.299460640045));
#2822 = CARTESIAN_POINT('',(31.557804516227,25.42426680726,
    9.299460640045));
#2823 = CARTESIAN_POINT('',(30.552997346181,25.37372567522,
    9.487831398678));
#2824 = CARTESIAN_POINT('',(28.704668466064,25.272627352925,
    10.253759760637));
#2825 = CARTESIAN_POINT('',(27.86113242213,25.222305758282,
    10.831313852795));
#2826 = CARTESIAN_POINT('',(26.529994718797,25.139383404113,
    12.163277239613));
#2827 = CARTESIAN_POINT('',(25.953224371823,25.101273414118,
    13.006165545827));
#2828 = CARTESIAN_POINT('',(25.188219743708,25.049734506131,
    14.853380437504));
#2829 = CARTESIAN_POINT('',(25.,25.036544716661,15.857719707597));
#2830 = CARTESIAN_POINT('',(25.,25.036544716661,16.799460640045));
#2831 = CYLINDRICAL_SURFACE('',#2832,7.5);
#2832 = AXIS2_PLACEMENT_3D('',#2833,#2834,#2835);
#2833 = CARTESIAN_POINT('',(32.5,24.803774696119,16.799460640045));
#2834 = DIRECTION('',(0.,1.,2.22044604925E-16));
#2835 = DIRECTION('',(1.,0.,0.));
#2836 = ADVANCED_FACE('',(#2837),#2864,.F.);
#2837 = FACE_BOUND('',#2838,.T.);
#2838 = EDGE_LOOP('',(#2839,#2847,#2855,#2861,#2862,#2863));
#2839 = ORIENTED_EDGE('',*,*,#2840,.F.);
#2840 = EDGE_CURVE('',#2841,#2812,#2843,.T.);
#2841 = VERTEX_POINT('',#2842);
#2842 = CARTESIAN_POINT('',(25.,25.036544716661,24.799460640045));
#2843 = LINE('',#2844,#2845);
#2844 = CARTESIAN_POINT('',(25.,25.036544716661,24.799460640045));
#2845 = VECTOR('',#2846,1.);
#2846 = DIRECTION('',(0.,2.22044604925E-16,-1.));
#2847 = ORIENTED_EDGE('',*,*,#2848,.F.);
#2848 = EDGE_CURVE('',#2849,#2841,#2851,.T.);
#2849 = VERTEX_POINT('',#2850);
#2850 = CARTESIAN_POINT('',(25.,5.303774696119,24.799460640045));
#2851 = LINE('',#2852,#2853);
#2852 = CARTESIAN_POINT('',(25.,5.303774696119,24.799460640045));
#2853 = VECTOR('',#2854,1.);
#2854 = DIRECTION('',(0.,1.,2.22044604925E-16));
#2855 = ORIENTED_EDGE('',*,*,#2856,.F.);
#2856 = EDGE_CURVE('',#2644,#2849,#2857,.T.);
#2857 = LINE('',#2858,#2859);
#2858 = CARTESIAN_POINT('',(25.,5.303774696119,24.299460640045));
#2859 = VECTOR('',#2860,1.);
#2860 = DIRECTION('',(0.,-2.22044604925E-16,1.));
#2861 = ORIENTED_EDGE('',*,*,#2643,.F.);
#2862 = ORIENTED_EDGE('',*,*,#2614,.F.);
#2863 = ORIENTED_EDGE('',*,*,#2811,.T.);
#2864 = PLANE('',#2865);
#2865 = AXIS2_PLACEMENT_3D('',#2866,#2867,#2868);
#2866 = CARTESIAN_POINT('',(25.,24.803774696119,24.799460640045));
#2867 = DIRECTION('',(-1.,-9.629649721936E-32,4.336808689942E-16));
#2868 = DIRECTION('',(0.,1.,2.22044604925E-16));
#2869 = ADVANCED_FACE('',(#2870),#2889,.F.);
#2870 = FACE_BOUND('',#2871,.F.);
#2871 = EDGE_LOOP('',(#2872,#2873,#2874,#2882));
#2872 = ORIENTED_EDGE('',*,*,#2856,.F.);
#2873 = ORIENTED_EDGE('',*,*,#2651,.T.);
#2874 = ORIENTED_EDGE('',*,*,#2875,.T.);
#2875 = EDGE_CURVE('',#2652,#2876,#2878,.T.);
#2876 = VERTEX_POINT('',#2877);
#2877 = CARTESIAN_POINT('',(27.,3.303774696119,24.799460640045));
#2878 = LINE('',#2879,#2880);
#2879 = CARTESIAN_POINT('',(27.,3.303774696119,24.299460640045));
#2880 = VECTOR('',#2881,1.);
#2881 = DIRECTION('',(0.,-2.22044604925E-16,1.));
#2882 = ORIENTED_EDGE('',*,*,#2883,.F.);
#2883 = EDGE_CURVE('',#2849,#2876,#2884,.T.);
#2884 = CIRCLE('',#2885,2.);
#2885 = AXIS2_PLACEMENT_3D('',#2886,#2887,#2888);
#2886 = CARTESIAN_POINT('',(27.,5.303774696119,24.799460640045));
#2887 = DIRECTION('',(0.,-2.22044604925E-16,1.));
#2888 = DIRECTION('',(0.,-1.,-2.22044604925E-16));
#2889 = CYLINDRICAL_SURFACE('',#2890,2.);
#2890 = AXIS2_PLACEMENT_3D('',#2891,#2892,#2893);
#2891 = CARTESIAN_POINT('',(27.,5.303774696119,24.299460640045));
#2892 = DIRECTION('',(0.,-2.22044604925E-16,1.));
#2893 = DIRECTION('',(0.,-1.,-2.22044604925E-16));
#2894 = ADVANCED_FACE('',(#2895),#2913,.F.);
#2895 = FACE_BOUND('',#2896,.T.);
#2896 = EDGE_LOOP('',(#2897,#2905,#2911,#2912));
#2897 = ORIENTED_EDGE('',*,*,#2898,.T.);
#2898 = EDGE_CURVE('',#2876,#2899,#2901,.T.);
#2899 = VERTEX_POINT('',#2900);
#2900 = CARTESIAN_POINT('',(73.,3.303774696119,24.799460640045));
#2901 = LINE('',#2902,#2903);
#2902 = CARTESIAN_POINT('',(27.,3.303774696119,24.799460640045));
#2903 = VECTOR('',#2904,1.);
#2904 = DIRECTION('',(1.,4.223674550204E-16,9.37844146832E-32));
#2905 = ORIENTED_EDGE('',*,*,#2906,.F.);
#2906 = EDGE_CURVE('',#2661,#2899,#2907,.T.);
#2907 = LINE('',#2908,#2909);
#2908 = CARTESIAN_POINT('',(73.,3.303774696119,24.299460640045));
#2909 = VECTOR('',#2910,1.);
#2910 = DIRECTION('',(0.,-2.22044604925E-16,1.));
#2911 = ORIENTED_EDGE('',*,*,#2660,.F.);
#2912 = ORIENTED_EDGE('',*,*,#2875,.T.);
#2913 = PLANE('',#2914);
#2914 = AXIS2_PLACEMENT_3D('',#2915,#2916,#2917);
#2915 = CARTESIAN_POINT('',(27.,3.303774696119,24.299460640045));
#2916 = DIRECTION('',(4.242530240161E-16,-1.,-2.22044604925E-16));
#2917 = DIRECTION('',(-1.,-4.242530240161E-16,-9.42030951059E-32));
#2918 = ADVANCED_FACE('',(#2919),#2931,.F.);
#2919 = FACE_BOUND('',#2920,.F.);
#2920 = EDGE_LOOP('',(#2921,#2922,#2923,#2924));
#2921 = ORIENTED_EDGE('',*,*,#2906,.F.);
#2922 = ORIENTED_EDGE('',*,*,#2668,.T.);
#2923 = ORIENTED_EDGE('',*,*,#2714,.T.);
#2924 = ORIENTED_EDGE('',*,*,#2925,.F.);
#2925 = EDGE_CURVE('',#2899,#2715,#2926,.T.);
#2926 = CIRCLE('',#2927,2.);
#2927 = AXIS2_PLACEMENT_3D('',#2928,#2929,#2930);
#2928 = CARTESIAN_POINT('',(73.,5.303774696119,24.799460640045));
#2929 = DIRECTION('',(0.,-2.22044604925E-16,1.));
#2930 = DIRECTION('',(0.,-1.,-2.22044604925E-16));
#2931 = CYLINDRICAL_SURFACE('',#2932,2.);
#2932 = AXIS2_PLACEMENT_3D('',#2933,#2934,#2935);
#2933 = CARTESIAN_POINT('',(73.,5.303774696119,24.299460640045));
#2934 = DIRECTION('',(0.,-2.22044604925E-16,1.));
#2935 = DIRECTION('',(0.,-1.,-2.22044604925E-16));
#2936 = ADVANCED_FACE('',(#2937),#2974,.T.);
#2937 = FACE_BOUND('',#2938,.T.);
#2938 = EDGE_LOOP('',(#2939,#2940,#2941,#2942,#2951,#2959,#2968));
#2939 = ORIENTED_EDGE('',*,*,#2786,.T.);
#2940 = ORIENTED_EDGE('',*,*,#2746,.F.);
#2941 = ORIENTED_EDGE('',*,*,#2696,.F.);
#2942 = ORIENTED_EDGE('',*,*,#2943,.T.);
#2943 = EDGE_CURVE('',#2697,#2944,#2946,.T.);
#2944 = VERTEX_POINT('',#2945);
#2945 = CARTESIAN_POINT('',(89.734225815794,23.676800519326,
    24.799460640045));
#2946 = CIRCLE('',#2947,322.);
#2947 = AXIS2_PLACEMENT_3D('',#2948,#2949,#2950);
#2948 = CARTESIAN_POINT('',(52.784972092532,-296.1962253038,
    24.799460640045));
#2949 = DIRECTION('',(0.,2.22044604925E-16,-1.));
#2950 = DIRECTION('',(0.,1.,2.22044604925E-16));
#2951 = ORIENTED_EDGE('',*,*,#2952,.T.);
#2952 = EDGE_CURVE('',#2944,#2953,#2955,.T.);
#2953 = VERTEX_POINT('',#2954);
#2954 = CARTESIAN_POINT('',(89.734225815787,23.676800519327,
    -2.200539359955));
#2955 = LINE('',#2956,#2957);
#2956 = CARTESIAN_POINT('',(89.734225815794,23.676800519326,
    24.799460640045));
#2957 = VECTOR('',#2958,1.);
#2958 = DIRECTION('',(0.,2.22044604925E-16,-1.));
#2959 = ORIENTED_EDGE('',*,*,#2960,.T.);
#2960 = EDGE_CURVE('',#2953,#2961,#2963,.T.);
#2961 = VERTEX_POINT('',#2962);
#2962 = CARTESIAN_POINT('',(52.784972092532,25.803774696119,
    -2.200539359955));
#2963 = CIRCLE('',#2964,322.);
#2964 = AXIS2_PLACEMENT_3D('',#2965,#2966,#2967);
#2965 = CARTESIAN_POINT('',(52.784972092532,-296.1962253038,
    -2.200539359955));
#2966 = DIRECTION('',(0.,-2.22044604925E-16,1.));
#2967 = DIRECTION('',(0.,-1.,-2.22044604925E-16));
#2968 = ORIENTED_EDGE('',*,*,#2969,.F.);
#2969 = EDGE_CURVE('',#2787,#2961,#2970,.T.);
#2970 = LINE('',#2971,#2972);
#2971 = CARTESIAN_POINT('',(52.784972092532,25.803774696119,
    9.299460640045));
#2972 = VECTOR('',#2973,1.);
#2973 = DIRECTION('',(0.,2.22044604925E-16,-1.));
#2974 = CYLINDRICAL_SURFACE('',#2975,322.);
#2975 = AXIS2_PLACEMENT_3D('',#2976,#2977,#2978);
#2976 = CARTESIAN_POINT('',(52.784972092532,-296.1962253038,
    11.299460640045));
#2977 = DIRECTION('',(0.,2.22044604925E-16,-1.));
#2978 = DIRECTION('',(0.,1.,2.22044604925E-16));
#2979 = ADVANCED_FACE('',(#2980),#3089,.F.);
#2980 = FACE_BOUND('',#2981,.T.);
#2981 = EDGE_LOOP('',(#2982,#2983,#2984,#2985,#2986,#2987,#2996,#3005,
    #3029,#3040,#3048,#3057,#3081,#3088));
#2982 = ORIENTED_EDGE('',*,*,#2722,.F.);
#2983 = ORIENTED_EDGE('',*,*,#2925,.F.);
#2984 = ORIENTED_EDGE('',*,*,#2898,.F.);
#2985 = ORIENTED_EDGE('',*,*,#2883,.F.);
#2986 = ORIENTED_EDGE('',*,*,#2848,.T.);
#2987 = ORIENTED_EDGE('',*,*,#2988,.F.);
#2988 = EDGE_CURVE('',#2989,#2841,#2991,.T.);
#2989 = VERTEX_POINT('',#2990);
#2990 = CARTESIAN_POINT('',(10.265774184213,23.676800519327,
    24.799460640045));
#2991 = CIRCLE('',#2992,322.);
#2992 = AXIS2_PLACEMENT_3D('',#2993,#2994,#2995);
#2993 = CARTESIAN_POINT('',(47.215027907468,-296.1962253038,
    24.799460640045));
#2994 = DIRECTION('',(0.,2.22044604925E-16,-1.));
#2995 = DIRECTION('',(0.,1.,2.22044604925E-16));
#2996 = ORIENTED_EDGE('',*,*,#2997,.F.);
#2997 = EDGE_CURVE('',#2998,#2989,#3000,.T.);
#2998 = VERTEX_POINT('',#2999);
#2999 = CARTESIAN_POINT('',(8.228279200145,7.891011326254,
    24.799460640045));
#3000 = CIRCLE('',#3001,8.2);
#3001 = AXIS2_PLACEMENT_3D('',#3002,#3003,#3004);
#3002 = CARTESIAN_POINT('',(11.206717912562,15.530965700226,
    24.799460640045));
#3003 = DIRECTION('',(0.,2.22044604925E-16,-1.));
#3004 = DIRECTION('',(0.,1.,2.22044604925E-16));
#3005 = ORIENTED_EDGE('',*,*,#3006,.T.);
#3006 = EDGE_CURVE('',#2998,#3007,#3009,.T.);
#3007 = VERTEX_POINT('',#3008);
#3008 = CARTESIAN_POINT('',(15.953038218488,5.477034746122,
    24.799460120593));
#3009 = B_SPLINE_CURVE_WITH_KNOTS('',3,(#3010,#3011,#3012,#3013,#3014,
    #3015,#3016,#3017,#3018,#3019,#3020,#3021,#3022,#3023,#3024,#3025,
    #3026,#3027,#3028),.UNSPECIFIED.,.F.,.F.,(4,3,3,3,3,3,4),(
    -0.704558839668,-0.580461624901,-0.518413017517,-0.456364410134,
    -0.332267195367,-0.2081699806,-1.414546875633E-06),.UNSPECIFIED.);
#3010 = CARTESIAN_POINT('',(8.228279200145,7.891011326254,
    24.799460640045));
#3011 = CARTESIAN_POINT('',(8.730295750063,7.695300010013,
    24.799460640045));
#3012 = CARTESIAN_POINT('',(9.234805239083,7.524705188968,
    24.799460640045));
#3013 = CARTESIAN_POINT('',(9.7348615062,7.380661972882,24.799460640045)
  );
#3014 = CARTESIAN_POINT('',(9.984889639759,7.308640364839,
    24.799460640045));
#3015 = CARTESIAN_POINT('',(10.233804467842,7.243256658036,
    24.799460640045));
#3016 = CARTESIAN_POINT('',(10.48069535368,7.185057647386,
    24.799460640045));
#3017 = CARTESIAN_POINT('',(10.727586239517,7.126858636736,
    24.799460640045));
#3018 = CARTESIAN_POINT('',(10.972453183108,7.07584432224,
    24.799460640045));
#3019 = CARTESIAN_POINT('',(11.214737909211,7.029505797608,
    24.799460640045));
#3020 = CARTESIAN_POINT('',(11.699307361418,6.936828748344,
    24.799460640045));
#3021 = CARTESIAN_POINT('',(12.173547943676,6.862854858538,
    24.799460640045));
#3022 = CARTESIAN_POINT('',(12.633693516491,6.781441892682,
    24.799460640045));
#3023 = CARTESIAN_POINT('',(13.093839089307,6.700028926826,
    24.799460640045));
#3024 = CARTESIAN_POINT('',(13.539889652679,6.611176884919,
    24.799460640045));
#3025 = CARTESIAN_POINT('',(13.968007343563,6.489365522583,
    24.799460640045));
#3026 = CARTESIAN_POINT('',(14.686159205235,6.285031390879,
    24.799460640045));
#3027 = CARTESIAN_POINT('',(15.35385003899,5.987953545675,
    24.799460640045));
#3028 = CARTESIAN_POINT('',(15.95303790825,5.477034218456,
    24.799460640045));
#3029 = ORIENTED_EDGE('',*,*,#3030,.T.);
#3030 = EDGE_CURVE('',#3007,#3031,#3033,.T.);
#3031 = VERTEX_POINT('',#3032);
#3032 = CARTESIAN_POINT('',(20.987071847418,1.803774696119,
    24.799460640531));
#3033 = B_SPLINE_CURVE_WITH_KNOTS('',3,(#3034,#3035,#3036,#3037,#3038,
    #3039),.UNSPECIFIED.,.F.,.F.,(4,2,4),(-0.625126734321,
    -0.312327359248,-3.333000542227E-11),.UNSPECIFIED.);
#3034 = CARTESIAN_POINT('',(15.953041338289,5.477033879627,
    24.799460640045));
#3035 = CARTESIAN_POINT('',(16.859404633955,4.961615952696,
    24.799460640045));
#3036 = CARTESIAN_POINT('',(17.733444500647,4.396200827429,
    24.799460640045));
#3037 = CARTESIAN_POINT('',(19.41602780487,3.166992105145,
    24.799460640045));
#3038 = CARTESIAN_POINT('',(20.219498268896,2.507125023435,
    24.799460640045));
#3039 = CARTESIAN_POINT('',(20.987071847315,1.803774696006,
    24.799460640045));
#3040 = ORIENTED_EDGE('',*,*,#3041,.T.);
#3041 = EDGE_CURVE('',#3031,#3042,#3044,.T.);
#3042 = VERTEX_POINT('',#3043);
#3043 = CARTESIAN_POINT('',(79.012928152808,1.803774696119,
    24.799460640045));
#3044 = LINE('',#3045,#3046);
#3045 = CARTESIAN_POINT('',(20.987071847192,1.803774696119,
    24.799460640045));
#3046 = VECTOR('',#3047,1.);
#3047 = DIRECTION('',(1.,0.,0.));
#3048 = ORIENTED_EDGE('',*,*,#3049,.T.);
#3049 = EDGE_CURVE('',#3042,#3050,#3052,.T.);
#3050 = VERTEX_POINT('',#3051);
#3051 = CARTESIAN_POINT('',(84.046961781512,5.477034746122,
    24.799460120593));
#3052 = B_SPLINE_CURVE_WITH_KNOTS('',3,(#3053,#3054,#3055,#3056),
  .UNSPECIFIED.,.F.,.F.,(4,4),(-0.625126829552,0.),
  .PIECEWISE_BEZIER_KNOTS.);
#3053 = CARTESIAN_POINT('',(79.012928152808,1.803774696119,
    24.799460640045));
#3054 = CARTESIAN_POINT('',(80.56726126525,3.228056008418,
    24.799460640045));
#3055 = CARTESIAN_POINT('',(82.245271434885,4.452475736254,
    24.799460640045));
#3056 = CARTESIAN_POINT('',(84.046958661711,5.477033879627,
    24.799460640045));
#3057 = ORIENTED_EDGE('',*,*,#3058,.T.);
#3058 = EDGE_CURVE('',#3050,#3059,#3061,.T.);
#3059 = VERTEX_POINT('',#3060);
#3060 = CARTESIAN_POINT('',(91.771720799855,7.891011326253,
    24.799460640045));
#3061 = B_SPLINE_CURVE_WITH_KNOTS('',3,(#3062,#3063,#3064,#3065,#3066,
    #3067,#3068,#3069,#3070,#3071,#3072,#3073,#3074,#3075,#3076,#3077,
    #3078,#3079,#3080),.UNSPECIFIED.,.F.,.F.,(4,3,3,3,3,3,4),(
    1.414546884016E-06,0.2081699806,0.332267195367,0.456364410134,
    0.518413017517,0.580461624901,0.704558839668),.UNSPECIFIED.);
#3062 = CARTESIAN_POINT('',(84.04696209175,5.477034218456,
    24.799460640045));
#3063 = CARTESIAN_POINT('',(84.64614996101,5.987953545675,
    24.799460640045));
#3064 = CARTESIAN_POINT('',(85.313840794765,6.285031390879,
    24.799460640045));
#3065 = CARTESIAN_POINT('',(86.031992656436,6.489365522583,
    24.799460640045));
#3066 = CARTESIAN_POINT('',(86.460110347321,6.611176884919,
    24.799460640045));
#3067 = CARTESIAN_POINT('',(86.906160910693,6.700028926826,
    24.799460640045));
#3068 = CARTESIAN_POINT('',(87.366306483508,6.781441892682,
    24.799460640045));
#3069 = CARTESIAN_POINT('',(87.826452056324,6.862854858538,
    24.799460640045));
#3070 = CARTESIAN_POINT('',(88.300692638582,6.936828748344,
    24.799460640045));
#3071 = CARTESIAN_POINT('',(88.785262090789,7.029505797608,
    24.799460640045));
#3072 = CARTESIAN_POINT('',(89.027546816892,7.07584432224,
    24.799460640045));
#3073 = CARTESIAN_POINT('',(89.272413760483,7.126858636736,
    24.799460640045));
#3074 = CARTESIAN_POINT('',(89.51930464632,7.185057647386,
    24.799460640045));
#3075 = CARTESIAN_POINT('',(89.766195532157,7.243256658036,
    24.799460640045));
#3076 = CARTESIAN_POINT('',(90.015110360241,7.308640364839,
    24.799460640045));
#3077 = CARTESIAN_POINT('',(90.265138493799,7.380661972882,
    24.799460640045));
#3078 = CARTESIAN_POINT('',(90.765194760917,7.524705188968,
    24.799460640045));
#3079 = CARTESIAN_POINT('',(91.269704249937,7.695300010013,
    24.799460640045));
#3080 = CARTESIAN_POINT('',(91.771720799855,7.891011326253,
    24.799460640045));
#3081 = ORIENTED_EDGE('',*,*,#3082,.F.);
#3082 = EDGE_CURVE('',#2944,#3059,#3083,.T.);
#3083 = CIRCLE('',#3084,8.2);
#3084 = AXIS2_PLACEMENT_3D('',#3085,#3086,#3087);
#3085 = CARTESIAN_POINT('',(88.793282087438,15.530965700226,
    24.799460640045));
#3086 = DIRECTION('',(0.,2.22044604925E-16,-1.));
#3087 = DIRECTION('',(0.,1.,2.22044604925E-16));
#3088 = ORIENTED_EDGE('',*,*,#2943,.F.);
#3089 = PLANE('',#3090);
#3090 = AXIS2_PLACEMENT_3D('',#3091,#3092,#3093);
#3091 = CARTESIAN_POINT('',(0.,25.803774696119,24.799460640045));
#3092 = DIRECTION('',(0.,2.22044604925E-16,-1.));
#3093 = DIRECTION('',(0.,1.,2.22044604925E-16));
#3094 = ADVANCED_FACE('',(#3095),#3124,.T.);
#3095 = FACE_BOUND('',#3096,.T.);
#3096 = EDGE_LOOP('',(#3097,#3098,#3099,#3100,#3108,#3117,#3123));
#3097 = ORIENTED_EDGE('',*,*,#2840,.T.);
#3098 = ORIENTED_EDGE('',*,*,#2819,.F.);
#3099 = ORIENTED_EDGE('',*,*,#2767,.T.);
#3100 = ORIENTED_EDGE('',*,*,#3101,.T.);
#3101 = EDGE_CURVE('',#2770,#3102,#3104,.T.);
#3102 = VERTEX_POINT('',#3103);
#3103 = CARTESIAN_POINT('',(47.215027907468,25.803774696119,
    -2.200539359955));
#3104 = LINE('',#3105,#3106);
#3105 = CARTESIAN_POINT('',(47.215027907468,25.803774696119,
    9.299460640045));
#3106 = VECTOR('',#3107,1.);
#3107 = DIRECTION('',(0.,2.22044604925E-16,-1.));
#3108 = ORIENTED_EDGE('',*,*,#3109,.T.);
#3109 = EDGE_CURVE('',#3102,#3110,#3112,.T.);
#3110 = VERTEX_POINT('',#3111);
#3111 = CARTESIAN_POINT('',(10.265774184206,23.676800519326,
    -2.200539359955));
#3112 = CIRCLE('',#3113,322.);
#3113 = AXIS2_PLACEMENT_3D('',#3114,#3115,#3116);
#3114 = CARTESIAN_POINT('',(47.215027907468,-296.1962253038,
    -2.200539359955));
#3115 = DIRECTION('',(0.,-2.22044604925E-16,1.));
#3116 = DIRECTION('',(0.,-1.,-2.22044604925E-16));
#3117 = ORIENTED_EDGE('',*,*,#3118,.F.);
#3118 = EDGE_CURVE('',#2989,#3110,#3119,.T.);
#3119 = LINE('',#3120,#3121);
#3120 = CARTESIAN_POINT('',(10.265774184206,23.676800519326,
    24.799460640045));
#3121 = VECTOR('',#3122,1.);
#3122 = DIRECTION('',(0.,2.22044604925E-16,-1.));
#3123 = ORIENTED_EDGE('',*,*,#2988,.T.);
#3124 = CYLINDRICAL_SURFACE('',#3125,322.);
#3125 = AXIS2_PLACEMENT_3D('',#3126,#3127,#3128);
#3126 = CARTESIAN_POINT('',(47.215027907468,-296.1962253038,
    11.299460640045));
#3127 = DIRECTION('',(0.,2.22044604925E-16,-1.));
#3128 = DIRECTION('',(0.,1.,2.22044604925E-16));
#3129 = ADVANCED_FACE('',(#3130),#3141,.F.);
#3130 = FACE_BOUND('',#3131,.T.);
#3131 = EDGE_LOOP('',(#3132,#3133,#3134,#3135));
#3132 = ORIENTED_EDGE('',*,*,#3101,.F.);
#3133 = ORIENTED_EDGE('',*,*,#2795,.F.);
#3134 = ORIENTED_EDGE('',*,*,#2969,.T.);
#3135 = ORIENTED_EDGE('',*,*,#3136,.T.);
#3136 = EDGE_CURVE('',#2961,#3102,#3137,.T.);
#3137 = LINE('',#3138,#3139);
#3138 = CARTESIAN_POINT('',(52.784972092532,25.803774696119,
    -2.200539359955));
#3139 = VECTOR('',#3140,1.);
#3140 = DIRECTION('',(-1.,0.,0.));
#3141 = PLANE('',#3142);
#3142 = AXIS2_PLACEMENT_3D('',#3143,#3144,#3145);
#3143 = CARTESIAN_POINT('',(0.,25.803774696119,24.799460640045));
#3144 = DIRECTION('',(0.,-1.,-2.22044604925E-16));
#3145 = DIRECTION('',(-1.,0.,0.));
#3146 = ADVANCED_FACE('',(#3147),#3166,.T.);
#3147 = FACE_BOUND('',#3148,.T.);
#3148 = EDGE_LOOP('',(#3149,#3150,#3158,#3165));
#3149 = ORIENTED_EDGE('',*,*,#3082,.T.);
#3150 = ORIENTED_EDGE('',*,*,#3151,.T.);
#3151 = EDGE_CURVE('',#3059,#3152,#3154,.T.);
#3152 = VERTEX_POINT('',#3153);
#3153 = CARTESIAN_POINT('',(91.771720799855,7.891011326253,
    -2.200539359955));
#3154 = LINE('',#3155,#3156);
#3155 = CARTESIAN_POINT('',(91.771720799855,7.891011326253,
    24.799460640045));
#3156 = VECTOR('',#3157,1.);
#3157 = DIRECTION('',(0.,2.22044604925E-16,-1.));
#3158 = ORIENTED_EDGE('',*,*,#3159,.T.);
#3159 = EDGE_CURVE('',#3152,#2953,#3160,.T.);
#3160 = CIRCLE('',#3161,8.2);
#3161 = AXIS2_PLACEMENT_3D('',#3162,#3163,#3164);
#3162 = CARTESIAN_POINT('',(88.793282087438,15.530965700226,
    -2.200539359955));
#3163 = DIRECTION('',(0.,-2.22044604925E-16,1.));
#3164 = DIRECTION('',(0.,-1.,-2.22044604925E-16));
#3165 = ORIENTED_EDGE('',*,*,#2952,.F.);
#3166 = CYLINDRICAL_SURFACE('',#3167,8.2);
#3167 = AXIS2_PLACEMENT_3D('',#3168,#3169,#3170);
#3168 = CARTESIAN_POINT('',(88.793282087438,15.530965700226,
    24.799460640045));
#3169 = DIRECTION('',(0.,2.22044604925E-16,-1.));
#3170 = DIRECTION('',(0.,1.,2.22044604925E-16));
#3171 = ADVANCED_FACE('',(#3172),#3260,.F.);
#3172 = FACE_BOUND('',#3173,.T.);
#3173 = EDGE_LOOP('',(#3174,#3184,#3192,#3216,#3223,#3224,#3225,#3226,
    #3227,#3251));
#3174 = ORIENTED_EDGE('',*,*,#3175,.T.);
#3175 = EDGE_CURVE('',#3176,#3178,#3180,.T.);
#3176 = VERTEX_POINT('',#3177);
#3177 = CARTESIAN_POINT('',(79.012928152582,1.803774696119,
    -2.200539360441));
#3178 = VERTEX_POINT('',#3179);
#3179 = CARTESIAN_POINT('',(20.987071847192,1.803774696119,
    -2.200539359955));
#3180 = LINE('',#3181,#3182);
#3181 = CARTESIAN_POINT('',(79.012928152808,1.803774696119,
    -2.200539359955));
#3182 = VECTOR('',#3183,1.);
#3183 = DIRECTION('',(-1.,0.,0.));
#3184 = ORIENTED_EDGE('',*,*,#3185,.T.);
#3185 = EDGE_CURVE('',#3178,#3186,#3188,.T.);
#3186 = VERTEX_POINT('',#3187);
#3187 = CARTESIAN_POINT('',(15.953034230924,5.477037622352,
    -2.200539216811));
#3188 = B_SPLINE_CURVE_WITH_KNOTS('',2,(#3189,#3190,#3191),
  .UNSPECIFIED.,.F.,.F.,(3,3),(0.,0.74281796323),
  .PIECEWISE_BEZIER_KNOTS.);
#3189 = CARTESIAN_POINT('',(20.987071847192,1.803774696119,
    -2.200539359955));
#3190 = CARTESIAN_POINT('',(18.655569188737,3.940199404202,
    -2.200539359955));
#3191 = CARTESIAN_POINT('',(15.953034407124,5.477037821143,
    -2.200539359955));
#3192 = ORIENTED_EDGE('',*,*,#3193,.T.);
#3193 = EDGE_CURVE('',#3186,#3194,#3196,.T.);
#3194 = VERTEX_POINT('',#3195);
#3195 = CARTESIAN_POINT('',(8.228279200145,7.891011326254,
    -2.200539359955));
#3196 = B_SPLINE_CURVE_WITH_KNOTS('',3,(#3197,#3198,#3199,#3200,#3201,
    #3202,#3203,#3204,#3205,#3206,#3207,#3208,#3209,#3210,#3211,#3212,
    #3213,#3214,#3215),.UNSPECIFIED.,.F.,.F.,(4,3,3,3,3,3,4),(
    -1.253321222094,-0.883015427629,-0.662261570721,-0.441507713814,
    -0.331130785361,-0.220753856907,0.),.UNSPECIFIED.);
#3197 = CARTESIAN_POINT('',(15.953034147673,5.477037425045,
    -2.200539359955));
#3198 = CARTESIAN_POINT('',(15.353847245317,5.987954788672,
    -2.200539359955));
#3199 = CARTESIAN_POINT('',(14.686157702832,6.285031818354,
    -2.200539359955));
#3200 = CARTESIAN_POINT('',(13.968007343563,6.489365522583,
    -2.200539359955));
#3201 = CARTESIAN_POINT('',(13.539889652679,6.611176884919,
    -2.200539359955));
#3202 = CARTESIAN_POINT('',(13.093839089307,6.700028926826,
    -2.200539359955));
#3203 = CARTESIAN_POINT('',(12.633693516491,6.781441892682,
    -2.200539359955));
#3204 = CARTESIAN_POINT('',(12.173547943676,6.862854858538,
    -2.200539359955));
#3205 = CARTESIAN_POINT('',(11.699307361418,6.936828748344,
    -2.200539359955));
#3206 = CARTESIAN_POINT('',(11.214737909211,7.029505797608,
    -2.200539359955));
#3207 = CARTESIAN_POINT('',(10.972453183108,7.07584432224,
    -2.200539359955));
#3208 = CARTESIAN_POINT('',(10.727586239517,7.126858636736,
    -2.200539359955));
#3209 = CARTESIAN_POINT('',(10.48069535368,7.185057647386,
    -2.200539359955));
#3210 = CARTESIAN_POINT('',(10.233804467842,7.243256658036,
    -2.200539359955));
#3211 = CARTESIAN_POINT('',(9.984889639759,7.308640364839,
    -2.200539359955));
#3212 = CARTESIAN_POINT('',(9.7348615062,7.380661972882,-2.200539359955)
  );
#3213 = CARTESIAN_POINT('',(9.234805239083,7.524705188968,
    -2.200539359955));
#3214 = CARTESIAN_POINT('',(8.730295750063,7.695300010013,
    -2.200539359955));
#3215 = CARTESIAN_POINT('',(8.228279200145,7.891011326254,
    -2.200539359955));
#3216 = ORIENTED_EDGE('',*,*,#3217,.F.);
#3217 = EDGE_CURVE('',#3110,#3194,#3218,.T.);
#3218 = CIRCLE('',#3219,8.2);
#3219 = AXIS2_PLACEMENT_3D('',#3220,#3221,#3222);
#3220 = CARTESIAN_POINT('',(11.206717912562,15.530965700226,
    -2.200539359955));
#3221 = DIRECTION('',(0.,-2.22044604925E-16,1.));
#3222 = DIRECTION('',(0.,-1.,-2.22044604925E-16));
#3223 = ORIENTED_EDGE('',*,*,#3109,.F.);
#3224 = ORIENTED_EDGE('',*,*,#3136,.F.);
#3225 = ORIENTED_EDGE('',*,*,#2960,.F.);
#3226 = ORIENTED_EDGE('',*,*,#3159,.F.);
#3227 = ORIENTED_EDGE('',*,*,#3228,.T.);
#3228 = EDGE_CURVE('',#3152,#3229,#3231,.T.);
#3229 = VERTEX_POINT('',#3230);
#3230 = CARTESIAN_POINT('',(84.046961781512,5.477034746122,
    -2.200538840503));
#3231 = B_SPLINE_CURVE_WITH_KNOTS('',3,(#3232,#3233,#3234,#3235,#3236,
    #3237,#3238,#3239,#3240,#3241,#3242,#3243,#3244,#3245,#3246,#3247,
    #3248,#3249,#3250),.UNSPECIFIED.,.F.,.F.,(4,3,3,3,3,3,4),(0.,
    0.220753915791,0.331130873687,0.441507831582,0.662261747373,
    0.883015663164,1.253322331102),.UNSPECIFIED.);
#3232 = CARTESIAN_POINT('',(91.771720799855,7.891011326253,
    -2.200539359955));
#3233 = CARTESIAN_POINT('',(91.269704249937,7.695300010013,
    -2.200539359955));
#3234 = CARTESIAN_POINT('',(90.765194760917,7.524705188968,
    -2.200539359955));
#3235 = CARTESIAN_POINT('',(90.265138493799,7.380661972882,
    -2.200539359955));
#3236 = CARTESIAN_POINT('',(90.015110360241,7.308640364839,
    -2.200539359955));
#3237 = CARTESIAN_POINT('',(89.766195532157,7.243256658036,
    -2.200539359955));
#3238 = CARTESIAN_POINT('',(89.51930464632,7.185057647386,
    -2.200539359955));
#3239 = CARTESIAN_POINT('',(89.272413760483,7.126858636736,
    -2.200539359955));
#3240 = CARTESIAN_POINT('',(89.027546816892,7.07584432224,
    -2.200539359955));
#3241 = CARTESIAN_POINT('',(88.785262090789,7.029505797608,
    -2.200539359955));
#3242 = CARTESIAN_POINT('',(88.300692638582,6.936828748344,
    -2.200539359955));
#3243 = CARTESIAN_POINT('',(87.826452056324,6.862854858538,
    -2.200539359955));
#3244 = CARTESIAN_POINT('',(87.366306483508,6.781441892682,
    -2.200539359955));
#3245 = CARTESIAN_POINT('',(86.906160910693,6.700028926826,
    -2.200539359955));
#3246 = CARTESIAN_POINT('',(86.460110347321,6.611176884919,
    -2.200539359955));
#3247 = CARTESIAN_POINT('',(86.031992656436,6.489365522583,
    -2.200539359955));
#3248 = CARTESIAN_POINT('',(85.313840794765,6.285031390878,
    -2.200539359955));
#3249 = CARTESIAN_POINT('',(84.64614996101,5.987953545675,
    -2.200539359955));
#3250 = CARTESIAN_POINT('',(84.04696209175,5.477034218456,
    -2.200539359955));
#3251 = ORIENTED_EDGE('',*,*,#3252,.T.);
#3252 = EDGE_CURVE('',#3229,#3176,#3253,.T.);
#3253 = B_SPLINE_CURVE_WITH_KNOTS('',3,(#3254,#3255,#3256,#3257,#3258,
    #3259),.UNSPECIFIED.,.F.,.F.,(4,2,4),(-0.625126734321,
    -0.312327359248,-3.333056053378E-11),.UNSPECIFIED.);
#3254 = CARTESIAN_POINT('',(84.046958661711,5.477033879627,
    -2.200539359955));
#3255 = CARTESIAN_POINT('',(83.140595366045,4.961615952696,
    -2.200539359955));
#3256 = CARTESIAN_POINT('',(82.266555499353,4.396200827429,
    -2.200539359955));
#3257 = CARTESIAN_POINT('',(80.58397219513,3.166992105145,
    -2.200539359955));
#3258 = CARTESIAN_POINT('',(79.780501731104,2.507125023435,
    -2.200539359955));
#3259 = CARTESIAN_POINT('',(79.012928152685,1.803774696006,
    -2.200539359955));
#3260 = PLANE('',#3261);
#3261 = AXIS2_PLACEMENT_3D('',#3262,#3263,#3264);
#3262 = CARTESIAN_POINT('',(0.,25.803774696119,-2.200539359955));
#3263 = DIRECTION('',(0.,-2.22044604925E-16,1.));
#3264 = DIRECTION('',(0.,-1.,-2.22044604925E-16));
#3265 = ADVANCED_FACE('',(#3266),#3277,.T.);
#3266 = FACE_BOUND('',#3267,.T.);
#3267 = EDGE_LOOP('',(#3268,#3269,#3270,#3271));
#3268 = ORIENTED_EDGE('',*,*,#2997,.T.);
#3269 = ORIENTED_EDGE('',*,*,#3118,.T.);
#3270 = ORIENTED_EDGE('',*,*,#3217,.T.);
#3271 = ORIENTED_EDGE('',*,*,#3272,.F.);
#3272 = EDGE_CURVE('',#2998,#3194,#3273,.T.);
#3273 = LINE('',#3274,#3275);
#3274 = CARTESIAN_POINT('',(8.228279200145,7.891011326254,
    24.799460640045));
#3275 = VECTOR('',#3276,1.);
#3276 = DIRECTION('',(0.,2.22044604925E-16,-1.));
#3277 = CYLINDRICAL_SURFACE('',#3278,8.2);
#3278 = AXIS2_PLACEMENT_3D('',#3279,#3280,#3281);
#3279 = CARTESIAN_POINT('',(11.206717912562,15.530965700226,
    24.799460640045));
#3280 = DIRECTION('',(0.,2.22044604925E-16,-1.));
#3281 = DIRECTION('',(0.,1.,2.22044604925E-16));
#3282 = ADVANCED_FACE('',(#3283),#3316,.F.);
#3283 = FACE_BOUND('',#3284,.F.);
#3284 = EDGE_LOOP('',(#3285,#3286,#3287,#3302,#3315));
#3285 = ORIENTED_EDGE('',*,*,#3272,.F.);
#3286 = ORIENTED_EDGE('',*,*,#3006,.T.);
#3287 = ORIENTED_EDGE('',*,*,#3288,.F.);
#3288 = EDGE_CURVE('',#3289,#3007,#3291,.T.);
#3289 = VERTEX_POINT('',#3290);
#3290 = CARTESIAN_POINT('',(18.,1.803774696119,11.299460640045));
#3291 = B_SPLINE_CURVE_WITH_KNOTS('',3,(#3292,#3293,#3294,#3295,#3296,
    #3297,#3298,#3299,#3300,#3301),.UNSPECIFIED.,.F.,.F.,(4,2,2,2,4),(
    1.000000033129E-06,0.350042272152,0.721060728065,1.22486670878,
    1.547204174331),.UNSPECIFIED.);
#3292 = CARTESIAN_POINT('',(18.,1.803774696119,11.299460640045));
#3293 = CARTESIAN_POINT('',(18.,1.803774696119,12.466265896224));
#3294 = CARTESIAN_POINT('',(17.975506215341,1.89418326681,
    13.619768845937));
#3295 = CARTESIAN_POINT('',(17.868448308685,2.249261409056,
    15.992057081523));
#3296 = CARTESIAN_POINT('',(17.782827720268,2.523328955297,
    17.200455066176));
#3297 = CARTESIAN_POINT('',(17.482903118207,3.314880503993,
    19.968576951236));
#3298 = CARTESIAN_POINT('',(17.235095198685,3.870813098083,21.4621591631
    ));
#3299 = CARTESIAN_POINT('',(16.682787575612,4.716814347233,
    23.423937704092));
#3300 = CARTESIAN_POINT('',(16.374307741104,5.11782363427,
    24.268818039063));
#3301 = CARTESIAN_POINT('',(15.95303575302,5.47703605619,24.79945620693)
  );
#3302 = ORIENTED_EDGE('',*,*,#3303,.F.);
#3303 = EDGE_CURVE('',#3186,#3289,#3304,.T.);
#3304 = B_SPLINE_CURVE_WITH_KNOTS('',3,(#3305,#3306,#3307,#3308,#3309,
    #3310,#3311,#3312,#3313,#3314),.UNSPECIFIED.,.F.,.F.,(4,2,2,2,4),(0.
    ,0.23003042144,0.58954676181,0.854392793264,1.104262135581),
  .UNSPECIFIED.);
#3305 = CARTESIAN_POINT('',(15.95303415246,5.477037420963,
    -2.200536942918));
#3306 = CARTESIAN_POINT('',(16.374254197999,5.117869630515,
    -1.669965357776));
#3307 = CARTESIAN_POINT('',(16.6827084594,4.71691673231,-0.825230237579)
  );
#3308 = CARTESIAN_POINT('',(17.234982055053,3.871015782408,
    1.136255234515));
#3309 = CARTESIAN_POINT('',(17.482780598876,3.315161277628,
    2.629567105127));
#3310 = CARTESIAN_POINT('',(17.782758001947,2.523544293076,
    5.397562507917));
#3311 = CARTESIAN_POINT('',(17.868407234347,2.249393748837,
    6.606154163278));
#3312 = CARTESIAN_POINT('',(17.975499014647,1.894210818814,
    8.978804146059));
#3313 = CARTESIAN_POINT('',(18.,1.803774696119,10.132478547101));
#3314 = CARTESIAN_POINT('',(18.,1.803774696119,11.299460640045));
#3315 = ORIENTED_EDGE('',*,*,#3193,.T.);
#3316 = B_SPLINE_SURFACE_WITH_KNOTS('',3,1,(
    (#3317,#3318)
    ,(#3319,#3320)
    ,(#3321,#3322)
    ,(#3323,#3324)
    ,(#3325,#3326)
    ,(#3327,#3328)
    ,(#3329,#3330)
    ,(#3331,#3332)
    ,(#3333,#3334)
    ,(#3335,#3336
    )),.UNSPECIFIED.,.F.,.F.,.F.,(4,1,1,1,1,1,1,4),(2,2),(0.626057580735
    ,0.672800383143,0.696171784347,0.719543185551,0.766285987959,
    0.813028790367,0.906514395184,1.),(0.,3.24),.UNSPECIFIED.);
#3317 = CARTESIAN_POINT('',(8.228279200145,7.891011326254,
    24.799460640045));
#3318 = CARTESIAN_POINT('',(8.228279200145,7.891011326254,
    -7.600539359955));
#3319 = CARTESIAN_POINT('',(8.730295750063,7.695300010013,
    24.799460640045));
#3320 = CARTESIAN_POINT('',(8.730295750063,7.695300010013,
    -7.600539359955));
#3321 = CARTESIAN_POINT('',(9.487059983593,7.439407778446,
    24.799460640045));
#3322 = CARTESIAN_POINT('',(9.487059983593,7.439407778446,
    -7.600539359955));
#3323 = CARTESIAN_POINT('',(10.482719295926,7.177872951232,
    24.799460640045));
#3324 = CARTESIAN_POINT('',(10.482719295926,7.177872951232,
    -7.600539359955));
#3325 = CARTESIAN_POINT('',(11.462187070289,6.973815693247,
    24.799460640045));
#3326 = CARTESIAN_POINT('',(11.462187070289,6.973815693247,
    -7.600539359955));
#3327 = CARTESIAN_POINT('',(12.647788525934,6.788880968732,
    24.799460640045));
#3328 = CARTESIAN_POINT('',(12.647788525934,6.788880968732,
    -7.600539359955));
#3329 = CARTESIAN_POINT('',(14.431990779424,6.433472801106,
    24.799460640045));
#3330 = CARTESIAN_POINT('',(14.431990779424,6.433472801106,
    -7.600539359955));
#3331 = CARTESIAN_POINT('',(16.393250508962,5.494822785132,
    24.799460640045));
#3332 = CARTESIAN_POINT('',(16.393250508962,5.494822785132,
    -7.600539359955));
#3333 = CARTESIAN_POINT('',(17.55301900526,3.395584623821,
    24.799460640045));
#3334 = CARTESIAN_POINT('',(17.55301900526,3.395584623821,
    -7.600539359955));
#3335 = CARTESIAN_POINT('',(18.,1.803774696119,24.799460640045));
#3336 = CARTESIAN_POINT('',(18.,1.803774696119,-7.600539359955));
#3337 = ADVANCED_FACE('',(#3338),#3349,.F.);
#3338 = FACE_BOUND('',#3339,.F.);
#3339 = EDGE_LOOP('',(#3340,#3341,#3348));
#3340 = ORIENTED_EDGE('',*,*,#3030,.T.);
#3341 = ORIENTED_EDGE('',*,*,#3342,.F.);
#3342 = EDGE_CURVE('',#3289,#3031,#3343,.T.);
#3343 = CIRCLE('',#3344,32.);
#3344 = AXIS2_PLACEMENT_3D('',#3345,#3346,#3347);
#3345 = CARTESIAN_POINT('',(50.,1.803774696119,11.299460640045));
#3346 = DIRECTION('',(-0.,1.,2.22044604925E-16));
#3347 = DIRECTION('',(1.,0.,0.));
#3348 = ORIENTED_EDGE('',*,*,#3288,.T.);
#3349 = ( BOUNDED_SURFACE() B_SPLINE_SURFACE(2,2,(
    (#3350,#3351,#3352)
    ,(#3353,#3354,#3355)
    ,(#3356,#3357,#3358
)),.UNSPECIFIED.,.F.,.F.,.F.) B_SPLINE_SURFACE_WITH_KNOTS((3,3),(3,3),(
    0.,0.747272287934),(0.432899296838,0.873637816355),
.PIECEWISE_BEZIER_KNOTS.) GEOMETRIC_REPRESENTATION_ITEM() 
RATIONAL_B_SPLINE_SURFACE((
    (1.,0.975816799381,1.)
    ,(1.,0.975816799381,1.)
,(1.,0.975816799381,1.))) REPRESENTATION_ITEM('') SURFACE() );
#3350 = CARTESIAN_POINT('',(18.000109250448,1.803774696119,
    11.215842359961));
#3351 = CARTESIAN_POINT('',(17.981378155465,1.803774696119,
    18.38404759543));
#3352 = CARTESIAN_POINT('',(21.022447361459,1.803774696119,
    24.875227398523));
#3353 = CARTESIAN_POINT('',(15.870988805314,3.953010523248,
    12.199783055541));
#3354 = CARTESIAN_POINT('',(16.072667489246,3.953010523248,
    19.844926554369));
#3355 = CARTESIAN_POINT('',(19.516548874214,3.953010523248,
    26.673438428526));
#3356 = CARTESIAN_POINT('',(13.40101129027,5.49544763365,13.341245672075
    ));
#3357 = CARTESIAN_POINT('',(13.858385794166,5.49544763365,
    21.539681864725));
#3358 = CARTESIAN_POINT('',(17.769566728637,5.49544763365,
    28.759530280003));
#3359 = ADVANCED_FACE('',(#3360),#3385,.F.);
#3360 = FACE_BOUND('',#3361,.F.);
#3361 = EDGE_LOOP('',(#3362,#3363,#3378));
#3362 = ORIENTED_EDGE('',*,*,#3049,.T.);
#3363 = ORIENTED_EDGE('',*,*,#3364,.F.);
#3364 = EDGE_CURVE('',#3365,#3050,#3367,.T.);
#3365 = VERTEX_POINT('',#3366);
#3366 = CARTESIAN_POINT('',(82.,1.803774696119,11.299460640045));
#3367 = B_SPLINE_CURVE_WITH_KNOTS('',3,(#3368,#3369,#3370,#3371,#3372,
    #3373,#3374,#3375,#3376,#3377),.UNSPECIFIED.,.F.,.F.,(4,2,2,2,4),(
    1.000000032558E-06,0.350042272152,0.721060728064,1.224866708779,
    1.547204174328),.UNSPECIFIED.);
#3368 = CARTESIAN_POINT('',(82.000000000001,1.803774696121,
    11.299450640045));
#3369 = CARTESIAN_POINT('',(82.000000000001,1.803774696121,
    12.466255896224));
#3370 = CARTESIAN_POINT('',(82.024493784659,1.894183266809,
    13.619768845936));
#3371 = CARTESIAN_POINT('',(82.131551691315,2.249261409056,
    15.992057081523));
#3372 = CARTESIAN_POINT('',(82.217172279732,2.523328955297,
    17.200455066176));
#3373 = CARTESIAN_POINT('',(82.517096881793,3.314880503994,
    19.968576951237));
#3374 = CARTESIAN_POINT('',(82.764904801315,3.870813098084,
    21.462159163101));
#3375 = CARTESIAN_POINT('',(83.317212424387,4.716814347231,
    23.423937704088));
#3376 = CARTESIAN_POINT('',(83.625692258895,5.117823634269,
    24.268818039061));
#3377 = CARTESIAN_POINT('',(84.04696424698,5.47703605619,24.79945620693)
  );
#3378 = ORIENTED_EDGE('',*,*,#3379,.F.);
#3379 = EDGE_CURVE('',#3042,#3365,#3380,.T.);
#3380 = CIRCLE('',#3381,32.);
#3381 = AXIS2_PLACEMENT_3D('',#3382,#3383,#3384);
#3382 = CARTESIAN_POINT('',(50.,1.803774696119,11.299460640045));
#3383 = DIRECTION('',(-0.,1.,2.22044604925E-16));
#3384 = DIRECTION('',(1.,0.,0.));
#3385 = ( BOUNDED_SURFACE() B_SPLINE_SURFACE(2,2,(
    (#3386,#3387,#3388)
    ,(#3389,#3390,#3391)
    ,(#3392,#3393,#3394
)),.UNSPECIFIED.,.F.,.F.,.F.) B_SPLINE_SURFACE_WITH_KNOTS((3,3),(3,3),(
    0.,0.747272287934),(3.14159265359,3.579718098881),
.PIECEWISE_BEZIER_KNOTS.) GEOMETRIC_REPRESENTATION_ITEM() 
RATIONAL_B_SPLINE_SURFACE((
    (1.,0.976101562327,1.)
    ,(1.,0.976101562327,1.)
,(1.,0.976101562327,1.))) REPRESENTATION_ITEM('') SURFACE() );
#3386 = CARTESIAN_POINT('',(79.012928152808,1.803774696119,
    24.799460640045));
#3387 = CARTESIAN_POINT('',(82.018507145554,1.803774696119,
    18.340153427147));
#3388 = CARTESIAN_POINT('',(81.999890749552,1.803774696119,
    11.215842359961));
#3389 = CARTESIAN_POINT('',(81.358411719647,3.953010523248,
    24.799460640045));
#3390 = CARTESIAN_POINT('',(84.363990712393,3.953010523248,
    17.817965565197));
#3391 = CARTESIAN_POINT('',(84.12383992208,3.953010523248,
    10.220788052484));
#3392 = CARTESIAN_POINT('',(84.079390556346,5.49544763365,
    24.799460640045));
#3393 = CARTESIAN_POINT('',(87.084969549091,5.49544763365,17.21217913325
    ));
#3394 = CARTESIAN_POINT('',(86.58781828048,5.49544763365,9.066432613679)
  );
#3395 = ADVANCED_FACE('',(#3396),#3415,.T.);
#3396 = FACE_BOUND('',#3397,.T.);
#3397 = EDGE_LOOP('',(#3398,#3411,#3412,#3413,#3414));
#3398 = ORIENTED_EDGE('',*,*,#3399,.F.);
#3399 = EDGE_CURVE('',#3229,#3365,#3400,.T.);
#3400 = B_SPLINE_CURVE_WITH_KNOTS('',3,(#3401,#3402,#3403,#3404,#3405,
    #3406,#3407,#3408,#3409,#3410),.UNSPECIFIED.,.F.,.F.,(4,2,2,2,4),(
    2.475188291341E-07,0.230030631071,0.589546893764,0.854392897488,
    1.104262213644),.UNSPECIFIED.);
#3401 = CARTESIAN_POINT('',(84.04696424698,5.47703605619,-2.20053492684)
  );
#3402 = CARTESIAN_POINT('',(83.625744703302,5.117868352843,
    -1.669962818441));
#3403 = CARTESIAN_POINT('',(83.317291393862,4.716916533238,
    -0.825229808209));
#3404 = CARTESIAN_POINT('',(82.765017888389,3.871015655644,
    1.136255578849));
#3405 = CARTESIAN_POINT('',(82.517219381889,3.315161226867,
    2.629567282621));
#3406 = CARTESIAN_POINT('',(82.217241998053,2.523544293076,
    5.397562507917));
#3407 = CARTESIAN_POINT('',(82.131592765653,2.249393748837,
    6.606154163279));
#3408 = CARTESIAN_POINT('',(82.024500985353,1.894210818814,
    8.978804146059));
#3409 = CARTESIAN_POINT('',(82.,1.803774696119,10.132478547101));
#3410 = CARTESIAN_POINT('',(82.,1.803774696119,11.299460640045));
#3411 = ORIENTED_EDGE('',*,*,#3228,.F.);
#3412 = ORIENTED_EDGE('',*,*,#3151,.F.);
#3413 = ORIENTED_EDGE('',*,*,#3058,.F.);
#3414 = ORIENTED_EDGE('',*,*,#3364,.F.);
#3415 = B_SPLINE_SURFACE_WITH_KNOTS('',3,1,(
    (#3416,#3417)
    ,(#3418,#3419)
    ,(#3420,#3421)
    ,(#3422,#3423)
    ,(#3424,#3425)
    ,(#3426,#3427)
    ,(#3428,#3429)
    ,(#3430,#3431)
    ,(#3432,#3433)
    ,(#3434,#3435
    )),.UNSPECIFIED.,.F.,.F.,.F.,(4,1,1,1,1,1,1,4),(2,2),(0.626057580735
    ,0.672800383143,0.696171784347,0.719543185551,0.766285987959,
    0.813028790367,0.906514395184,1.),(0.,3.24),.UNSPECIFIED.);
#3416 = CARTESIAN_POINT('',(91.771720799855,7.891011326253,
    24.799460640045));
#3417 = CARTESIAN_POINT('',(91.771720799855,7.891011326253,
    -7.600539359955));
#3418 = CARTESIAN_POINT('',(91.269704249937,7.695300010013,
    24.799460640045));
#3419 = CARTESIAN_POINT('',(91.269704249937,7.695300010013,
    -7.600539359955));
#3420 = CARTESIAN_POINT('',(90.512940016407,7.439407778446,
    24.799460640045));
#3421 = CARTESIAN_POINT('',(90.512940016407,7.439407778446,
    -7.600539359955));
#3422 = CARTESIAN_POINT('',(89.517280704074,7.177872951232,
    24.799460640045));
#3423 = CARTESIAN_POINT('',(89.517280704074,7.177872951232,
    -7.600539359955));
#3424 = CARTESIAN_POINT('',(88.53781292971,6.973815693247,
    24.799460640045));
#3425 = CARTESIAN_POINT('',(88.53781292971,6.973815693247,
    -7.600539359955));
#3426 = CARTESIAN_POINT('',(87.352211474066,6.788880968732,
    24.799460640045));
#3427 = CARTESIAN_POINT('',(87.352211474066,6.788880968732,
    -7.600539359955));
#3428 = CARTESIAN_POINT('',(85.568009220576,6.433472801106,
    24.799460640045));
#3429 = CARTESIAN_POINT('',(85.568009220576,6.433472801106,
    -7.600539359955));
#3430 = CARTESIAN_POINT('',(83.606749491038,5.494822785132,
    24.799460640045));
#3431 = CARTESIAN_POINT('',(83.606749491038,5.494822785132,
    -7.600539359955));
#3432 = CARTESIAN_POINT('',(82.44698099474,3.395584623821,
    24.799460640045));
#3433 = CARTESIAN_POINT('',(82.44698099474,3.395584623821,
    -7.600539359955));
#3434 = CARTESIAN_POINT('',(82.,1.803774696119,24.799460640045));
#3435 = CARTESIAN_POINT('',(82.,1.803774696119,-7.600539359955));
#3436 = ADVANCED_FACE('',(#3437),#3448,.F.);
#3437 = FACE_BOUND('',#3438,.F.);
#3438 = EDGE_LOOP('',(#3439,#3440,#3441));
#3439 = ORIENTED_EDGE('',*,*,#3185,.T.);
#3440 = ORIENTED_EDGE('',*,*,#3303,.T.);
#3441 = ORIENTED_EDGE('',*,*,#3442,.F.);
#3442 = EDGE_CURVE('',#3178,#3289,#3443,.T.);
#3443 = CIRCLE('',#3444,32.);
#3444 = AXIS2_PLACEMENT_3D('',#3445,#3446,#3447);
#3445 = CARTESIAN_POINT('',(50.,1.803774696119,11.299460640045));
#3446 = DIRECTION('',(-0.,1.,2.22044604925E-16));
#3447 = DIRECTION('',(1.,0.,0.));
#3448 = ( BOUNDED_SURFACE() B_SPLINE_SURFACE(2,2,(
    (#3449,#3450,#3451)
    ,(#3452,#3453,#3454)
    ,(#3455,#3456,#3457
)),.UNSPECIFIED.,.F.,.F.,.F.) B_SPLINE_SURFACE_WITH_KNOTS((3,3),(3,3),(
    0.,0.747272287934),(0.,0.438125445291),.PIECEWISE_BEZIER_KNOTS.) 
GEOMETRIC_REPRESENTATION_ITEM() RATIONAL_B_SPLINE_SURFACE((
    (1.,0.976101562327,1.)
    ,(1.,0.976101562327,1.)
,(1.,0.976101562327,1.))) REPRESENTATION_ITEM('') SURFACE() );
#3449 = CARTESIAN_POINT('',(20.987071847192,1.803774696119,
    -2.200539359955));
#3450 = CARTESIAN_POINT('',(17.981492854446,1.803774696119,
    4.258767852943));
#3451 = CARTESIAN_POINT('',(18.000109250448,1.803774696119,
    11.383078920129));
#3452 = CARTESIAN_POINT('',(18.641588280353,3.953010523248,
    -2.200539359955));
#3453 = CARTESIAN_POINT('',(15.636009287607,3.953010523248,
    4.780955714893));
#3454 = CARTESIAN_POINT('',(15.87616007792,3.953010523248,
    12.378133227606));
#3455 = CARTESIAN_POINT('',(15.920609443654,5.49544763365,
    -2.200539359955));
#3456 = CARTESIAN_POINT('',(12.915030450909,5.49544763365,5.38674214684)
  );
#3457 = CARTESIAN_POINT('',(13.41218171952,5.49544763365,13.532488666411
    ));
#3458 = ADVANCED_FACE('',(#3459),#3470,.F.);
#3459 = FACE_BOUND('',#3460,.F.);
#3460 = EDGE_LOOP('',(#3461,#3462,#3469));
#3461 = ORIENTED_EDGE('',*,*,#3252,.T.);
#3462 = ORIENTED_EDGE('',*,*,#3463,.F.);
#3463 = EDGE_CURVE('',#3365,#3176,#3464,.T.);
#3464 = CIRCLE('',#3465,32.);
#3465 = AXIS2_PLACEMENT_3D('',#3466,#3467,#3468);
#3466 = CARTESIAN_POINT('',(50.,1.803774696119,11.299460640045));
#3467 = DIRECTION('',(-0.,1.,2.22044604925E-16));
#3468 = DIRECTION('',(1.,0.,0.));
#3469 = ORIENTED_EDGE('',*,*,#3399,.F.);
#3470 = ( BOUNDED_SURFACE() B_SPLINE_SURFACE(2,2,(
    (#3471,#3472,#3473)
    ,(#3474,#3475,#3476)
    ,(#3477,#3478,#3479
)),.UNSPECIFIED.,.F.,.F.,.F.) B_SPLINE_SURFACE_WITH_KNOTS((3,3),(3,3),(
    0.,0.747272287934),(3.574491950428,4.015230469945),
.PIECEWISE_BEZIER_KNOTS.) GEOMETRIC_REPRESENTATION_ITEM() 
RATIONAL_B_SPLINE_SURFACE((
    (1.,0.975816799381,1.)
    ,(1.,0.975816799381,1.)
,(1.,0.975816799381,1.))) REPRESENTATION_ITEM('') SURFACE() );
#3471 = CARTESIAN_POINT('',(81.999890749552,1.803774696119,
    11.383078920129));
#3472 = CARTESIAN_POINT('',(82.018621844535,1.803774696119,4.21487368466
    ));
#3473 = CARTESIAN_POINT('',(78.977552638541,1.803774696119,
    -2.276306118433));
#3474 = CARTESIAN_POINT('',(84.129011194686,3.953010523248,
    10.399138224549));
#3475 = CARTESIAN_POINT('',(83.927332510754,3.953010523248,
    2.753994725721));
#3476 = CARTESIAN_POINT('',(80.483451125786,3.953010523248,
    -4.074517148436));
#3477 = CARTESIAN_POINT('',(86.59898870973,5.49544763365,9.257675608015)
  );
#3478 = CARTESIAN_POINT('',(86.141614205834,5.49544763365,1.059239415365
    ));
#3479 = CARTESIAN_POINT('',(82.230433271363,5.49544763365,
    -6.160608999913));
#3480 = ADVANCED_FACE('',(#3481,#3510),#3578,.T.);
#3481 = FACE_BOUND('',#3482,.T.);
#3482 = EDGE_LOOP('',(#3483,#3484,#3485,#3486,#3487,#3493,#3494,#3495,
    #3503,#3509));
#3483 = ORIENTED_EDGE('',*,*,#639,.F.);
#3484 = ORIENTED_EDGE('',*,*,#561,.F.);
#3485 = ORIENTED_EDGE('',*,*,#917,.F.);
#3486 = ORIENTED_EDGE('',*,*,#959,.F.);
#3487 = ORIENTED_EDGE('',*,*,#3488,.F.);
#3488 = EDGE_CURVE('',#417,#952,#3489,.T.);
#3489 = LINE('',#3490,#3491);
#3490 = CARTESIAN_POINT('',(28.,66.303774696119,29.399460640045));
#3491 = VECTOR('',#3492,1.);
#3492 = DIRECTION('',(1.,-2.306367877968E-29,9.386139316637E-17));
#3493 = ORIENTED_EDGE('',*,*,#457,.T.);
#3494 = ORIENTED_EDGE('',*,*,#333,.T.);
#3495 = ORIENTED_EDGE('',*,*,#3496,.F.);
#3496 = EDGE_CURVE('',#3497,#326,#3499,.T.);
#3497 = VERTEX_POINT('',#3498);
#3498 = CARTESIAN_POINT('',(71.911126183076,66.303774696119,
    29.399460640045));
#3499 = LINE('',#3500,#3501);
#3500 = CARTESIAN_POINT('',(71.911126183076,66.303774696119,
    29.399460640045));
#3501 = VECTOR('',#3502,1.);
#3502 = DIRECTION('',(0.,0.,1.));
#3503 = ORIENTED_EDGE('',*,*,#3504,.F.);
#3504 = EDGE_CURVE('',#656,#3497,#3505,.T.);
#3505 = LINE('',#3506,#3507);
#3506 = CARTESIAN_POINT('',(28.,66.303774696119,29.399460640045));
#3507 = VECTOR('',#3508,1.);
#3508 = DIRECTION('',(1.,-2.306367877968E-29,9.386139316637E-17));
#3509 = ORIENTED_EDGE('',*,*,#655,.F.);
#3510 = FACE_BOUND('',#3511,.T.);
#3511 = EDGE_LOOP('',(#3512,#3522,#3531,#3539,#3548,#3556,#3564,#3572));
#3512 = ORIENTED_EDGE('',*,*,#3513,.T.);
#3513 = EDGE_CURVE('',#3514,#3516,#3518,.T.);
#3514 = VERTEX_POINT('',#3515);
#3515 = CARTESIAN_POINT('',(34.372938786494,66.303774696119,
    28.471033515254));
#3516 = VERTEX_POINT('',#3517);
#3517 = CARTESIAN_POINT('',(37.656990220811,66.303774696119,
    28.471033515254));
#3518 = LINE('',#3519,#3520);
#3519 = CARTESIAN_POINT('',(34.372938786494,66.303774696119,
    28.471033515254));
#3520 = VECTOR('',#3521,1.);
#3521 = DIRECTION('',(1.,0.,0.));
#3522 = ORIENTED_EDGE('',*,*,#3523,.T.);
#3523 = EDGE_CURVE('',#3516,#3524,#3526,.T.);
#3524 = VERTEX_POINT('',#3525);
#3525 = CARTESIAN_POINT('',(38.955563091538,66.303774696119,
    28.299460640045));
#3526 = CIRCLE('',#3527,5.);
#3527 = AXIS2_PLACEMENT_3D('',#3528,#3529,#3530);
#3528 = CARTESIAN_POINT('',(38.955563091538,66.303774696119,
    33.299460640045));
#3529 = DIRECTION('',(1.190026688646E-16,-1.,-2.22044604925E-16));
#3530 = DIRECTION('',(-1.,-1.190026688646E-16,-1.190026688646E-16));
#3531 = ORIENTED_EDGE('',*,*,#3532,.F.);
#3532 = EDGE_CURVE('',#3533,#3524,#3535,.T.);
#3533 = VERTEX_POINT('',#3534);
#3534 = CARTESIAN_POINT('',(60.955563091538,66.303774696119,
    28.299460640045));
#3535 = LINE('',#3536,#3537);
#3536 = CARTESIAN_POINT('',(60.955563091538,66.303774696119,
    28.299460640045));
#3537 = VECTOR('',#3538,1.);
#3538 = DIRECTION('',(-1.,-1.190026688646E-16,8.285606288539E-17));
#3539 = ORIENTED_EDGE('',*,*,#3540,.T.);
#3540 = EDGE_CURVE('',#3533,#3541,#3543,.T.);
#3541 = VERTEX_POINT('',#3542);
#3542 = CARTESIAN_POINT('',(62.254135962263,66.303774696119,
    28.471033515254));
#3543 = CIRCLE('',#3544,5.);
#3544 = AXIS2_PLACEMENT_3D('',#3545,#3546,#3547);
#3545 = CARTESIAN_POINT('',(60.955563091538,66.303774696119,
    33.299460640045));
#3546 = DIRECTION('',(1.190026688646E-16,-1.,-2.22044604925E-16));
#3547 = DIRECTION('',(-1.,-1.190026688646E-16,-1.190026688646E-16));
#3548 = ORIENTED_EDGE('',*,*,#3549,.T.);
#3549 = EDGE_CURVE('',#3541,#3550,#3552,.T.);
#3550 = VERTEX_POINT('',#3551);
#3551 = CARTESIAN_POINT('',(65.538138786494,66.303774696119,
    28.471033515254));
#3552 = LINE('',#3553,#3554);
#3553 = CARTESIAN_POINT('',(34.372938786494,66.303774696119,
    28.471033515254));
#3554 = VECTOR('',#3555,1.);
#3555 = DIRECTION('',(1.,0.,0.));
#3556 = ORIENTED_EDGE('',*,*,#3557,.T.);
#3557 = EDGE_CURVE('',#3550,#3558,#3560,.T.);
#3558 = VERTEX_POINT('',#3559);
#3559 = CARTESIAN_POINT('',(65.538138786494,66.303774696119,
    34.127887764746));
#3560 = LINE('',#3561,#3562);
#3561 = CARTESIAN_POINT('',(65.538138786494,66.303774696119,
    34.799460640023));
#3562 = VECTOR('',#3563,1.);
#3563 = DIRECTION('',(0.,-2.22044604925E-16,1.));
#3564 = ORIENTED_EDGE('',*,*,#3565,.F.);
#3565 = EDGE_CURVE('',#3566,#3558,#3568,.T.);
#3566 = VERTEX_POINT('',#3567);
#3567 = CARTESIAN_POINT('',(34.372938786494,66.303774696119,
    34.127887764746));
#3568 = LINE('',#3569,#3570);
#3569 = CARTESIAN_POINT('',(34.372938786494,66.303774696119,
    34.127887764746));
#3570 = VECTOR('',#3571,1.);
#3571 = DIRECTION('',(1.,0.,0.));
#3572 = ORIENTED_EDGE('',*,*,#3573,.F.);
#3573 = EDGE_CURVE('',#3514,#3566,#3574,.T.);
#3574 = LINE('',#3575,#3576);
#3575 = CARTESIAN_POINT('',(34.372938786494,66.303774696119,
    30.349460640022));
#3576 = VECTOR('',#3577,1.);
#3577 = DIRECTION('',(0.,0.,1.));
#3578 = PLANE('',#3579);
#3579 = AXIS2_PLACEMENT_3D('',#3580,#3581,#3582);
#3580 = CARTESIAN_POINT('',(49.955563091538,66.303774696119,
    32.204237708779));
#3581 = DIRECTION('',(0.,1.,0.));
#3582 = DIRECTION('',(0.,-0.,1.));
#3583 = ADVANCED_FACE('',(#3584),#3603,.F.);
#3584 = FACE_BOUND('',#3585,.F.);
#3585 = EDGE_LOOP('',(#3586,#3595,#3602));
#3586 = ORIENTED_EDGE('',*,*,#3587,.T.);
#3587 = EDGE_CURVE('',#3514,#3588,#3590,.T.);
#3588 = VERTEX_POINT('',#3589);
#3589 = CARTESIAN_POINT('',(34.372938786494,70.30377469612,31.29946064)
  );
#3590 = CIRCLE('',#3591,3.);
#3591 = AXIS2_PLACEMENT_3D('',#3592,#3593,#3594);
#3592 = CARTESIAN_POINT('',(34.372938786494,67.30377469612,31.29946064)
  );
#3593 = DIRECTION('',(1.,0.,0.));
#3594 = DIRECTION('',(0.,1.,0.));
#3595 = ORIENTED_EDGE('',*,*,#3596,.T.);
#3596 = EDGE_CURVE('',#3588,#3566,#3597,.T.);
#3597 = CIRCLE('',#3598,3.);
#3598 = AXIS2_PLACEMENT_3D('',#3599,#3600,#3601);
#3599 = CARTESIAN_POINT('',(34.372938786494,67.30377469612,31.29946064)
  );
#3600 = DIRECTION('',(1.,0.,0.));
#3601 = DIRECTION('',(0.,1.,0.));
#3602 = ORIENTED_EDGE('',*,*,#3573,.F.);
#3603 = PLANE('',#3604);
#3604 = AXIS2_PLACEMENT_3D('',#3605,#3606,#3607);
#3605 = CARTESIAN_POINT('',(34.372938786494,67.30377469612,31.29946064)
  );
#3606 = DIRECTION('',(1.,0.,0.));
#3607 = DIRECTION('',(0.,1.,0.));
#3608 = ADVANCED_FACE('',(#3609),#3633,.F.);
#3609 = FACE_BOUND('',#3610,.F.);
#3610 = EDGE_LOOP('',(#3611,#3612,#3621));
#3611 = ORIENTED_EDGE('',*,*,#3523,.T.);
#3612 = ORIENTED_EDGE('',*,*,#3613,.T.);
#3613 = EDGE_CURVE('',#3524,#3614,#3616,.T.);
#3614 = VERTEX_POINT('',#3615);
#3615 = CARTESIAN_POINT('',(38.955563091538,66.803774695986,
    28.341420748473));
#3616 = CIRCLE('',#3617,3.);
#3617 = AXIS2_PLACEMENT_3D('',#3618,#3619,#3620);
#3618 = CARTESIAN_POINT('',(38.955563091538,66.303774696119,
    31.299460640045));
#3619 = DIRECTION('',(1.,1.190026688646E-16,1.190026688646E-16));
#3620 = DIRECTION('',(1.190026688646E-16,-1.,-2.22044604925E-16));
#3621 = ORIENTED_EDGE('',*,*,#3622,.T.);
#3622 = EDGE_CURVE('',#3614,#3516,#3623,.T.);
#3623 = B_SPLINE_CURVE_WITH_KNOTS('',8,(#3624,#3625,#3626,#3627,#3628,
    #3629,#3630,#3631,#3632),.UNSPECIFIED.,.F.,.F.,(9,9),(0.,1.),
  .PIECEWISE_BEZIER_KNOTS.);
#3624 = CARTESIAN_POINT('',(38.955563091538,66.803774695987,
    28.341420748473));
#3625 = CARTESIAN_POINT('',(38.783520594126,66.803774695987,
    28.341420748473));
#3626 = CARTESIAN_POINT('',(38.611314517324,66.783593116599,
    28.344832029394));
#3627 = CARTESIAN_POINT('',(38.440996818514,66.74316184099,
    28.351666339064));
#3628 = CARTESIAN_POINT('',(38.27407602983,66.68376605472,
    28.362498587751));
#3629 = CARTESIAN_POINT('',(38.111647209454,66.607466729462,
    28.378582717476));
#3630 = CARTESIAN_POINT('',(37.954429575761,66.516855056999,
    28.401292784396));
#3631 = CARTESIAN_POINT('',(37.802830152474,66.414713145202,
    28.431810850434));
#3632 = CARTESIAN_POINT('',(37.656990220812,66.303774696119,
    28.471033515254));
#3633 = ( BOUNDED_SURFACE() B_SPLINE_SURFACE(2,2,(
    (#3634,#3635,#3636)
    ,(#3637,#3638,#3639)
    ,(#3640,#3641,#3642
)),.UNSPECIFIED.,.F.,.F.,.F.) B_SPLINE_SURFACE_WITH_KNOTS((3,3),(3,3),(
    -6.938893903907E-17,1.570796326795),(1.570796326795,3.041425232428),
.PIECEWISE_BEZIER_KNOTS.) GEOMETRIC_REPRESENTATION_ITEM() 
RATIONAL_B_SPLINE_SURFACE((
    (1.,0.74161984871,1.)
    ,(0.707106781187,0.524404424085,0.707106781187)
,(1.,0.74161984871,1.))) REPRESENTATION_ITEM('') SURFACE() );
#3634 = CARTESIAN_POINT('',(38.955563091538,66.303774696119,
    28.299460640045));
#3635 = CARTESIAN_POINT('',(34.432892922871,66.303774696119,
    28.299460640045));
#3636 = CARTESIAN_POINT('',(33.980625906005,66.303774696119,
    32.799460640045));
#3637 = CARTESIAN_POINT('',(38.955563091538,69.303774696119,
    28.299460640045));
#3638 = CARTESIAN_POINT('',(34.432892922871,69.303774696119,
    28.299460640045));
#3639 = CARTESIAN_POINT('',(33.980625906005,69.303774696119,
    32.799460640045));
#3640 = CARTESIAN_POINT('',(38.955563091538,69.303774696119,
    31.299460640045));
#3641 = CARTESIAN_POINT('',(37.146495024071,69.303774696119,
    31.299460640045));
#3642 = CARTESIAN_POINT('',(36.965588217325,69.303774696119,
    33.099460640045));
#3643 = ADVANCED_FACE('',(#3644),#3663,.T.);
#3644 = FACE_BOUND('',#3645,.T.);
#3645 = EDGE_LOOP('',(#3646,#3655,#3656,#3657));
#3646 = ORIENTED_EDGE('',*,*,#3647,.F.);
#3647 = EDGE_CURVE('',#3533,#3648,#3650,.T.);
#3648 = VERTEX_POINT('',#3649);
#3649 = CARTESIAN_POINT('',(60.955563091538,66.803774695986,
    28.341420748473));
#3650 = CIRCLE('',#3651,3.);
#3651 = AXIS2_PLACEMENT_3D('',#3652,#3653,#3654);
#3652 = CARTESIAN_POINT('',(60.955563091538,66.303774696119,
    31.299460640045));
#3653 = DIRECTION('',(1.,1.190026688646E-16,1.190026688646E-16));
#3654 = DIRECTION('',(1.190026688646E-16,-1.,-2.22044604925E-16));
#3655 = ORIENTED_EDGE('',*,*,#3532,.T.);
#3656 = ORIENTED_EDGE('',*,*,#3613,.T.);
#3657 = ORIENTED_EDGE('',*,*,#3658,.T.);
#3658 = EDGE_CURVE('',#3614,#3648,#3659,.T.);
#3659 = LINE('',#3660,#3661);
#3660 = CARTESIAN_POINT('',(66.955563091538,66.803774695986,
    28.341420748473));
#3661 = VECTOR('',#3662,1.);
#3662 = DIRECTION('',(1.,1.190026688646E-16,1.058245161609E-17));
#3663 = CYLINDRICAL_SURFACE('',#3664,3.);
#3664 = AXIS2_PLACEMENT_3D('',#3665,#3666,#3667);
#3665 = CARTESIAN_POINT('',(66.955563091538,66.303774696119,
    31.299460640045));
#3666 = DIRECTION('',(1.,1.190026688646E-16,1.058245161609E-17));
#3667 = DIRECTION('',(-1.058245161609E-17,-2.22044604925E-16,1.));
#3668 = ADVANCED_FACE('',(#3669),#3685,.F.);
#3669 = FACE_BOUND('',#3670,.F.);
#3670 = EDGE_LOOP('',(#3671,#3672,#3673));
#3671 = ORIENTED_EDGE('',*,*,#3647,.F.);
#3672 = ORIENTED_EDGE('',*,*,#3540,.T.);
#3673 = ORIENTED_EDGE('',*,*,#3674,.F.);
#3674 = EDGE_CURVE('',#3648,#3541,#3675,.T.);
#3675 = B_SPLINE_CURVE_WITH_KNOTS('',8,(#3676,#3677,#3678,#3679,#3680,
    #3681,#3682,#3683,#3684),.UNSPECIFIED.,.F.,.F.,(9,9),(0.,1.),
  .PIECEWISE_BEZIER_KNOTS.);
#3676 = CARTESIAN_POINT('',(60.955563091538,66.803774695987,
    28.341420748473));
#3677 = CARTESIAN_POINT('',(61.127605588951,66.803774695987,
    28.341420748473));
#3678 = CARTESIAN_POINT('',(61.299811665748,66.783593116599,
    28.344832029394));
#3679 = CARTESIAN_POINT('',(61.47012936457,66.743161840988,
    28.351666339064));
#3680 = CARTESIAN_POINT('',(61.637050153236,66.683766054724,
    28.36249858775));
#3681 = CARTESIAN_POINT('',(61.799478973629,66.607466729459,
    28.378582717476));
#3682 = CARTESIAN_POINT('',(61.956696607312,66.516855057001,
    28.401292784396));
#3683 = CARTESIAN_POINT('',(62.108296030602,66.414713145201,
    28.431810850434));
#3684 = CARTESIAN_POINT('',(62.254135962264,66.303774696119,
    28.471033515254));
#3685 = ( BOUNDED_SURFACE() B_SPLINE_SURFACE(2,2,(
    (#3686,#3687,#3688)
    ,(#3689,#3690,#3691)
    ,(#3692,#3693,#3694
)),.UNSPECIFIED.,.F.,.F.,.F.) B_SPLINE_SURFACE_WITH_KNOTS((3,3),(3,3),(
    -6.123233995737E-17,1.570796326795),(0.100167421162,1.570796326795),
.PIECEWISE_BEZIER_KNOTS.) GEOMETRIC_REPRESENTATION_ITEM() 
RATIONAL_B_SPLINE_SURFACE((
    (1.,0.74161984871,1.)
    ,(0.707106781187,0.524404424085,0.707106781187)
,(1.,0.74161984871,1.))) REPRESENTATION_ITEM('') SURFACE() );
#3686 = CARTESIAN_POINT('',(65.930500277071,66.303774696119,
    32.799460640045));
#3687 = CARTESIAN_POINT('',(65.478233260204,66.303774696119,
    28.299460640045));
#3688 = CARTESIAN_POINT('',(60.955563091538,66.303774696119,
    28.299460640045));
#3689 = CARTESIAN_POINT('',(65.930500277071,69.303774696119,
    32.799460640045));
#3690 = CARTESIAN_POINT('',(65.478233260204,69.303774696119,
    28.299460640045));
#3691 = CARTESIAN_POINT('',(60.955563091538,69.303774696119,
    28.299460640045));
#3692 = CARTESIAN_POINT('',(62.945537965751,69.303774696119,
    33.099460640045));
#3693 = CARTESIAN_POINT('',(62.764631159005,69.303774696119,
    31.299460640045));
#3694 = CARTESIAN_POINT('',(60.955563091538,69.303774696119,
    31.299460640045));
#3695 = ADVANCED_FACE('',(#3696),#3715,.T.);
#3696 = FACE_BOUND('',#3697,.T.);
#3697 = EDGE_LOOP('',(#3698,#3707,#3714));
#3698 = ORIENTED_EDGE('',*,*,#3699,.T.);
#3699 = EDGE_CURVE('',#3550,#3700,#3702,.T.);
#3700 = VERTEX_POINT('',#3701);
#3701 = CARTESIAN_POINT('',(65.538138786494,70.30377469612,31.29946064)
  );
#3702 = CIRCLE('',#3703,3.);
#3703 = AXIS2_PLACEMENT_3D('',#3704,#3705,#3706);
#3704 = CARTESIAN_POINT('',(65.538138786494,67.30377469612,31.29946064)
  );
#3705 = DIRECTION('',(1.,0.,0.));
#3706 = DIRECTION('',(0.,1.,0.));
#3707 = ORIENTED_EDGE('',*,*,#3708,.T.);
#3708 = EDGE_CURVE('',#3700,#3558,#3709,.T.);
#3709 = CIRCLE('',#3710,3.);
#3710 = AXIS2_PLACEMENT_3D('',#3711,#3712,#3713);
#3711 = CARTESIAN_POINT('',(65.538138786494,67.30377469612,31.29946064)
  );
#3712 = DIRECTION('',(1.,0.,0.));
#3713 = DIRECTION('',(0.,1.,0.));
#3714 = ORIENTED_EDGE('',*,*,#3557,.F.);
#3715 = PLANE('',#3716);
#3716 = AXIS2_PLACEMENT_3D('',#3717,#3718,#3719);
#3717 = CARTESIAN_POINT('',(65.538138786494,67.30377469612,31.29946064)
  );
#3718 = DIRECTION('',(1.,0.,0.));
#3719 = DIRECTION('',(0.,1.,0.));
#3720 = ADVANCED_FACE('',(#3721),#3728,.T.);
#3721 = FACE_BOUND('',#3722,.T.);
#3722 = EDGE_LOOP('',(#3723,#3724,#3725,#3726,#3727));
#3723 = ORIENTED_EDGE('',*,*,#951,.F.);
#3724 = ORIENTED_EDGE('',*,*,#1291,.T.);
#3725 = ORIENTED_EDGE('',*,*,#471,.F.);
#3726 = ORIENTED_EDGE('',*,*,#414,.T.);
#3727 = ORIENTED_EDGE('',*,*,#3488,.T.);
#3728 = PLANE('',#3729);
#3729 = AXIS2_PLACEMENT_3D('',#3730,#3731,#3732);
#3730 = CARTESIAN_POINT('',(28.547523483487,41.652332014454,
    29.399460640045));
#3731 = DIRECTION('',(-1.972872727621E-14,8.276587615237E-16,-1.));
#3732 = DIRECTION('',(-1.,0.,1.972872727621E-14));
#3733 = ADVANCED_FACE('',(#3734),#3745,.T.);
#3734 = FACE_BOUND('',#3735,.T.);
#3735 = EDGE_LOOP('',(#3736,#3737,#3738,#3744));
#3736 = ORIENTED_EDGE('',*,*,#663,.F.);
#3737 = ORIENTED_EDGE('',*,*,#3504,.T.);
#3738 = ORIENTED_EDGE('',*,*,#3739,.T.);
#3739 = EDGE_CURVE('',#3497,#1283,#3740,.T.);
#3740 = LINE('',#3741,#3742);
#3741 = CARTESIAN_POINT('',(71.911126183076,66.303774696119,
    29.399460640045));
#3742 = VECTOR('',#3743,1.);
#3743 = DIRECTION('',(-2.299610308769E-29,-1.,-7.199519387514E-16));
#3744 = ORIENTED_EDGE('',*,*,#1282,.T.);
#3745 = PLANE('',#3746);
#3746 = AXIS2_PLACEMENT_3D('',#3747,#3748,#3749);
#3747 = CARTESIAN_POINT('',(71.363607401226,41.65232549907,
    29.399460640045));
#3748 = DIRECTION('',(-2.070575965199E-15,-0.,-1.));
#3749 = DIRECTION('',(-1.,0.,2.070575965199E-15));
#3750 = ADVANCED_FACE('',(#3751),#3766,.T.);
#3751 = FACE_BOUND('',#3752,.T.);
#3752 = EDGE_LOOP('',(#3753,#3754,#3755,#3756,#3757,#3758,#3764,#3765));
#3753 = ORIENTED_EDGE('',*,*,#3739,.F.);
#3754 = ORIENTED_EDGE('',*,*,#3496,.T.);
#3755 = ORIENTED_EDGE('',*,*,#325,.T.);
#3756 = ORIENTED_EDGE('',*,*,#1496,.F.);
#3757 = ORIENTED_EDGE('',*,*,#1527,.T.);
#3758 = ORIENTED_EDGE('',*,*,#3759,.F.);
#3759 = EDGE_CURVE('',#1941,#1528,#3760,.T.);
#3760 = LINE('',#3761,#3762);
#3761 = CARTESIAN_POINT('',(71.911126183076,18.22377469612,
    32.299460639959));
#3762 = VECTOR('',#3763,1.);
#3763 = DIRECTION('',(0.,1.,-2.22044604925E-16));
#3764 = ORIENTED_EDGE('',*,*,#1948,.F.);
#3765 = ORIENTED_EDGE('',*,*,#1306,.F.);
#3766 = PLANE('',#3767);
#3767 = AXIS2_PLACEMENT_3D('',#3768,#3769,#3770);
#3768 = CARTESIAN_POINT('',(71.911126183076,39.318200281025,
    34.546062635461));
#3769 = DIRECTION('',(1.,0.,0.));
#3770 = DIRECTION('',(-0.,0.,1.));
#3771 = ADVANCED_FACE('',(#3772),#3782,.T.);
#3772 = FACE_BOUND('',#3773,.T.);
#3773 = EDGE_LOOP('',(#3774,#3775,#3776,#3777,#3778,#3779,#3780,#3781));
#3774 = ORIENTED_EDGE('',*,*,#481,.T.);
#3775 = ORIENTED_EDGE('',*,*,#1940,.F.);
#3776 = ORIENTED_EDGE('',*,*,#3759,.T.);
#3777 = ORIENTED_EDGE('',*,*,#1555,.T.);
#3778 = ORIENTED_EDGE('',*,*,#2100,.F.);
#3779 = ORIENTED_EDGE('',*,*,#2116,.T.);
#3780 = ORIENTED_EDGE('',*,*,#2190,.T.);
#3781 = ORIENTED_EDGE('',*,*,#1778,.T.);
#3782 = PLANE('',#3783);
#3783 = AXIS2_PLACEMENT_3D('',#3784,#3785,#3786);
#3784 = CARTESIAN_POINT('',(49.955568554157,16.807098726777,
    32.299460639969));
#3785 = DIRECTION('',(0.,-4.657869896016E-12,1.));
#3786 = DIRECTION('',(0.,1.,4.657869896016E-12));
#3787 = ADVANCED_FACE('',(#3788,#3796,#3824,#4062,#4240,#4290,#4404,
    #4502,#4672,#4866,#4894,#4928),#4994,.T.);
#3788 = FACE_BOUND('',#3789,.T.);
#3789 = EDGE_LOOP('',(#3790,#3791,#3792,#3793,#3794,#3795));
#3790 = ORIENTED_EDGE('',*,*,#3442,.F.);
#3791 = ORIENTED_EDGE('',*,*,#3175,.F.);
#3792 = ORIENTED_EDGE('',*,*,#3463,.F.);
#3793 = ORIENTED_EDGE('',*,*,#3379,.F.);
#3794 = ORIENTED_EDGE('',*,*,#3041,.F.);
#3795 = ORIENTED_EDGE('',*,*,#3342,.F.);
#3796 = FACE_BOUND('',#3797,.T.);
#3797 = EDGE_LOOP('',(#3798,#3809,#3818));
#3798 = ORIENTED_EDGE('',*,*,#3799,.F.);
#3799 = EDGE_CURVE('',#3800,#3802,#3804,.T.);
#3800 = VERTEX_POINT('',#3801);
#3801 = CARTESIAN_POINT('',(78.986467652639,1.803774696119,
    1.810799352881));
#3802 = VERTEX_POINT('',#3803);
#3803 = CARTESIAN_POINT('',(78.04014978562,1.803774696119,
    23.299460640045));
#3804 = CIRCLE('',#3805,30.5);
#3805 = AXIS2_PLACEMENT_3D('',#3806,#3807,#3808);
#3806 = CARTESIAN_POINT('',(50.,1.803774696119,11.299460640045));
#3807 = DIRECTION('',(-0.,-1.,-2.22044604925E-16));
#3808 = DIRECTION('',(-1.,0.,0.));
#3809 = ORIENTED_EDGE('',*,*,#3810,.T.);
#3810 = EDGE_CURVE('',#3800,#3811,#3813,.T.);
#3811 = VERTEX_POINT('',#3812);
#3812 = CARTESIAN_POINT('',(77.969948630816,1.803774696119,
    23.299460640044));
#3813 = CIRCLE('',#3814,30.5);
#3814 = AXIS2_PLACEMENT_3D('',#3815,#3816,#3817);
#3815 = CARTESIAN_POINT('',(49.969747354884,1.803774696119,
    11.206540045443));
#3816 = DIRECTION('',(-0.,-1.,-2.331468351713E-15));
#3817 = DIRECTION('',(-1.,0.,0.));
#3818 = ORIENTED_EDGE('',*,*,#3819,.F.);
#3819 = EDGE_CURVE('',#3802,#3811,#3820,.T.);
#3820 = LINE('',#3821,#3822);
#3821 = CARTESIAN_POINT('',(78.04014978562,1.803774696119,
    23.299460640045));
#3822 = VECTOR('',#3823,1.);
#3823 = DIRECTION('',(-1.,2.747388953499E-32,-1.237313986722E-16));
#3824 = FACE_BOUND('',#3825,.T.);
#3825 = EDGE_LOOP('',(#3826,#3836,#3844,#3852,#3868,#3892,#3912,#3920,
    #3936,#3960,#3968,#3984,#4016,#4048));
#3826 = ORIENTED_EDGE('',*,*,#3827,.T.);
#3827 = EDGE_CURVE('',#3828,#3830,#3832,.T.);
#3828 = VERTEX_POINT('',#3829);
#3829 = CARTESIAN_POINT('',(31.993985293558,1.803774696119,9.77073024977
    ));
#3830 = VERTEX_POINT('',#3831);
#3831 = CARTESIAN_POINT('',(31.993985293558,1.803774696119,
    9.466395814674));
#3832 = LINE('',#3833,#3834);
#3833 = CARTESIAN_POINT('',(31.993985293558,1.803774696119,9.77073024977
    ));
#3834 = VECTOR('',#3835,1.);
#3835 = DIRECTION('',(0.,2.331468351713E-15,-1.));
#3836 = ORIENTED_EDGE('',*,*,#3837,.T.);
#3837 = EDGE_CURVE('',#3830,#3838,#3840,.T.);
#3838 = VERTEX_POINT('',#3839);
#3839 = CARTESIAN_POINT('',(31.780283370481,1.803774696119,
    9.466395814674));
#3840 = LINE('',#3841,#3842);
#3841 = CARTESIAN_POINT('',(31.993985293558,1.803774696119,
    9.466395814674));
#3842 = VECTOR('',#3843,1.);
#3843 = DIRECTION('',(-1.,0.,0.));
#3844 = ORIENTED_EDGE('',*,*,#3845,.T.);
#3845 = EDGE_CURVE('',#3838,#3846,#3848,.T.);
#3846 = VERTEX_POINT('',#3847);
#3847 = CARTESIAN_POINT('',(31.780283370481,1.803774696119,
    10.847349089914));
#3848 = LINE('',#3849,#3850);
#3849 = CARTESIAN_POINT('',(31.780283370481,1.803774696119,
    9.466395814674));
#3850 = VECTOR('',#3851,1.);
#3851 = DIRECTION('',(0.,-2.331468351713E-15,1.));
#3852 = ORIENTED_EDGE('',*,*,#3853,.T.);
#3853 = EDGE_CURVE('',#3846,#3854,#3856,.T.);
#3854 = VERTEX_POINT('',#3855);
#3855 = CARTESIAN_POINT('',(31.843726128894,1.803774696119,
    11.381126884385));
#3856 = B_SPLINE_CURVE_WITH_KNOTS('',3,(#3857,#3858,#3859,#3860,#3861,
    #3862,#3863,#3864,#3865,#3866,#3867),.UNSPECIFIED.,.F.,.F.,(4,1,1,1,
    1,1,1,1,4),(0.,0.16344525485,0.315488712713,0.456290823937,
    0.585864149575,0.705428685807,0.813370712982,0.91171823816,1.),
  .UNSPECIFIED.);
#3857 = CARTESIAN_POINT('',(31.780283370481,1.803774696119,
    10.847349089914));
#3858 = CARTESIAN_POINT('',(31.780471858373,1.803774696119,
    10.876766096245));
#3859 = CARTESIAN_POINT('',(31.780835685407,1.803774696119,
    10.93354800446));
#3860 = CARTESIAN_POINT('',(31.783455721207,1.803774696119,
    11.015652333983));
#3861 = CARTESIAN_POINT('',(31.788980681959,1.803774696119,
    11.091489081461));
#3862 = CARTESIAN_POINT('',(31.795245874094,1.803774696119,
    11.161404118108));
#3863 = CARTESIAN_POINT('',(31.804258372162,1.803774696119,
    11.225073375131));
#3864 = CARTESIAN_POINT('',(31.815264079158,1.803774696119,
    11.282686837597));
#3865 = CARTESIAN_POINT('',(31.827670853724,1.803774696119,
    11.334299793422));
#3866 = CARTESIAN_POINT('',(31.838570323099,1.803774696119,
    11.366089372764));
#3867 = CARTESIAN_POINT('',(31.843726128894,1.803774696119,
    11.381126884385));
#3868 = ORIENTED_EDGE('',*,*,#3869,.T.);
#3869 = EDGE_CURVE('',#3854,#3870,#3872,.T.);
#3870 = VERTEX_POINT('',#3871);
#3871 = CARTESIAN_POINT('',(32.662280816394,1.803774696119,
    11.878174660828));
#3872 = B_SPLINE_CURVE_WITH_KNOTS('',3,(#3873,#3874,#3875,#3876,#3877,
    #3878,#3879,#3880,#3881,#3882,#3883,#3884,#3885,#3886,#3887,#3888,
    #3889,#3890,#3891),.UNSPECIFIED.,.F.,.F.,(4,1,1,1,1,1,1,1,1,1,1,1,1,
    1,1,1,4),(0.,6.137070629846E-02,0.120906468018,0.179423665,
    0.23760668744,0.295938468249,0.354218226821,0.413537066595,
    0.474086782553,0.53512118908,0.596987664962,0.660019833547,
    0.724277496484,0.790011850226,0.857747684334,0.927829032216,1.),
  .UNSPECIFIED.);
#3873 = CARTESIAN_POINT('',(31.843726128894,1.803774696119,
    11.381126884385));
#3874 = CARTESIAN_POINT('',(31.851338807392,1.803774696119,
    11.400673491754));
#3875 = CARTESIAN_POINT('',(31.866336550204,1.803774696119,
    11.439182275524));
#3876 = CARTESIAN_POINT('',(31.894425525826,1.803774696119,
    11.493770268778));
#3877 = CARTESIAN_POINT('',(31.925881092395,1.803774696119,
    11.545168794727));
#3878 = CARTESIAN_POINT('',(31.96180854238,1.803774696119,
    11.593091417847));
#3879 = CARTESIAN_POINT('',(32.002045410838,1.803774696119,
    11.637297563579));
#3880 = CARTESIAN_POINT('',(32.04564371175,1.803774696119,11.67874764166
    ));
#3881 = CARTESIAN_POINT('',(32.093452538414,1.803774696119,
    11.716564726971));
#3882 = CARTESIAN_POINT('',(32.145444555111,1.803774696119,
    11.750096331133));
#3883 = CARTESIAN_POINT('',(32.200421244842,1.803774696119,
    11.780295380477));
#3884 = CARTESIAN_POINT('',(32.25835100357,1.803774696119,
    11.806452777078));
#3885 = CARTESIAN_POINT('',(32.318907169671,1.803774696119,
    11.829235790329));
#3886 = CARTESIAN_POINT('',(32.382658601276,1.803774696119,
    11.846301049566));
#3887 = CARTESIAN_POINT('',(32.448605778656,1.803774696119,
    11.861088421952));
#3888 = CARTESIAN_POINT('',(32.517524209444,1.803774696119,
    11.870711859966));
#3889 = CARTESIAN_POINT('',(32.589011237271,1.803774696119,
    11.877261697727));
#3890 = CARTESIAN_POINT('',(32.637619611933,1.803774696119,
    11.877867374093));
#3891 = CARTESIAN_POINT('',(32.662280816394,1.803774696119,
    11.878174660828));
#3892 = ORIENTED_EDGE('',*,*,#3893,.T.);
#3893 = EDGE_CURVE('',#3870,#3894,#3896,.T.);
#3894 = VERTEX_POINT('',#3895);
#3895 = CARTESIAN_POINT('',(33.550956447404,1.803774696119,
    11.328655430058));
#3896 = B_SPLINE_CURVE_WITH_KNOTS('',3,(#3897,#3898,#3899,#3900,#3901,
    #3902,#3903,#3904,#3905,#3906,#3907,#3908,#3909,#3910,#3911),
  .UNSPECIFIED.,.F.,.F.,(4,1,1,1,1,1,1,1,1,1,1,1,4),(0.,
    9.649142376912E-02,0.188473674992,0.276839914959,0.362136562171,
    0.443436754565,0.520165520999,0.592709663569,0.662917334353,
    0.735418800203,0.814880969999,0.90306055574,1.),.UNSPECIFIED.);
#3897 = CARTESIAN_POINT('',(32.662280816394,1.803774696119,
    11.878174660828));
#3898 = CARTESIAN_POINT('',(32.698261323329,1.803774696119,
    11.877591944589));
#3899 = CARTESIAN_POINT('',(32.768540920262,1.803774696119,
    11.876453743215));
#3900 = CARTESIAN_POINT('',(32.871006102785,1.803774696119,
    11.863192959912));
#3901 = CARTESIAN_POINT('',(32.968320796163,1.803774696119,
    11.844446145375));
#3902 = CARTESIAN_POINT('',(33.059199131882,1.803774696119,
    11.816071559789));
#3903 = CARTESIAN_POINT('',(33.143066822789,1.803774696119,
    11.781348179276));
#3904 = CARTESIAN_POINT('',(33.219351102391,1.803774696119,
    11.741482684498));
#3905 = CARTESIAN_POINT('',(33.28736715947,1.803774696119,
    11.695769958331));
#3906 = CARTESIAN_POINT('',(33.348683444138,1.803774696119,
    11.643722228065));
#3907 = CARTESIAN_POINT('',(33.404024775998,1.803774696119,
    11.581834437522));
#3908 = CARTESIAN_POINT('',(33.45609066436,1.803774696119,
    11.508900938216));
#3909 = CARTESIAN_POINT('',(33.506206412303,1.803774696119,
    11.423810786847));
#3910 = CARTESIAN_POINT('',(33.535576503423,1.803774696119,
    11.361358958749));
#3911 = CARTESIAN_POINT('',(33.550956447404,1.803774696119,
    11.328655430058));
#3912 = ORIENTED_EDGE('',*,*,#3913,.T.);
#3913 = EDGE_CURVE('',#3894,#3914,#3916,.T.);
#3914 = VERTEX_POINT('',#3915);
#3915 = CARTESIAN_POINT('',(33.337254524327,1.803774696119,
    11.328655430058));
#3916 = LINE('',#3917,#3918);
#3917 = CARTESIAN_POINT('',(33.550956447404,1.803774696119,
    11.328655430058));
#3918 = VECTOR('',#3919,1.);
#3919 = DIRECTION('',(-1.,0.,0.));
#3920 = ORIENTED_EDGE('',*,*,#3921,.T.);
#3921 = EDGE_CURVE('',#3914,#3922,#3924,.T.);
#3922 = VERTEX_POINT('',#3923);
#3923 = CARTESIAN_POINT('',(32.682792384904,1.803774696119,
    11.664472737751));
#3924 = B_SPLINE_CURVE_WITH_KNOTS('',3,(#3925,#3926,#3927,#3928,#3929,
    #3930,#3931,#3932,#3933,#3934,#3935),.UNSPECIFIED.,.F.,.F.,(4,1,1,1,
    1,1,1,1,4),(0.,0.124716486702,0.243805373916,0.360061534064,
    0.475111999658,0.593525097812,0.719350170384,0.853854771304,1.),
  .UNSPECIFIED.);
#3925 = CARTESIAN_POINT('',(33.337254524327,1.803774696119,
    11.328655430058));
#3926 = CARTESIAN_POINT('',(33.320067199782,1.803774696119,
    11.355941749111));
#3927 = CARTESIAN_POINT('',(33.286468096743,1.803774696119,
    11.409283142821));
#3928 = CARTESIAN_POINT('',(33.223638148085,1.803774696119,
    11.478348343555));
#3929 = CARTESIAN_POINT('',(33.154781701052,1.803774696119,
    11.537371614887));
#3930 = CARTESIAN_POINT('',(33.077574988028,1.803774696119,
    11.584935909385));
#3931 = CARTESIAN_POINT('',(32.991696761117,1.803774696119,
    11.620797392463));
#3932 = CARTESIAN_POINT('',(32.897095354991,1.803774696119,
    11.646362013788));
#3933 = CARTESIAN_POINT('',(32.793000969489,1.803774696119,
    11.661667509632));
#3934 = CARTESIAN_POINT('',(32.720530541625,1.803774696119,
    11.663512157967));
#3935 = CARTESIAN_POINT('',(32.682792384904,1.803774696119,
    11.664472737751));
#3936 = ORIENTED_EDGE('',*,*,#3937,.T.);
#3937 = EDGE_CURVE('',#3922,#3938,#3940,.T.);
#3938 = VERTEX_POINT('',#3939);
#3939 = CARTESIAN_POINT('',(31.993985293558,1.803774696119,
    10.963263302655));
#3940 = B_SPLINE_CURVE_WITH_KNOTS('',3,(#3941,#3942,#3943,#3944,#3945,
    #3946,#3947,#3948,#3949,#3950,#3951,#3952,#3953,#3954,#3955,#3956,
    #3957,#3958,#3959),.UNSPECIFIED.,.F.,.F.,(4,1,1,1,1,1,1,1,1,1,1,1,1,
    1,1,1,4),(0.,9.81712978277E-02,0.189264435688,0.274463056018,
    0.355023171282,0.430920462043,0.501086045386,0.566607627038,
    0.629720863428,0.662710695113,0.698765561632,0.738610537389,
    0.782581228078,0.830408787249,0.88257786607,0.939228681045,1.),
  .UNSPECIFIED.);
#3941 = CARTESIAN_POINT('',(32.682792384904,1.803774696119,
    11.664472737751));
#3942 = CARTESIAN_POINT('',(32.645531339866,1.803774696119,
    11.663499725803));
#3943 = CARTESIAN_POINT('',(32.573695774704,1.803774696119,
    11.661623856161));
#3944 = CARTESIAN_POINT('',(32.470396354336,1.803774696119,
    11.646355183072));
#3945 = CARTESIAN_POINT('',(32.376102298257,1.803774696119,
    11.620791829031));
#3946 = CARTESIAN_POINT('',(32.291356876045,1.803774696119,
    11.584999337674));
#3947 = CARTESIAN_POINT('',(32.217160004951,1.803774696119,
    11.541150043228));
#3948 = CARTESIAN_POINT('',(32.153198275166,1.803774696119,
    11.492164278317));
#3949 = CARTESIAN_POINT('',(32.101392700862,1.803774696119,
    11.436932203052));
#3950 = CARTESIAN_POINT('',(32.066549593181,1.803774696119,
    11.386053867122));
#3951 = CARTESIAN_POINT('',(32.044890683708,1.803774696119,
    11.340725664596));
#3952 = CARTESIAN_POINT('',(32.031098322623,1.803774696119,
    11.301705416275));
#3953 = CARTESIAN_POINT('',(32.019890139833,1.803774696119,
    11.257582297723));
#3954 = CARTESIAN_POINT('',(32.010514928938,1.803774696119,
    11.208504234328));
#3955 = CARTESIAN_POINT('',(32.002778646805,1.803774696119,
    11.154401106931));
#3956 = CARTESIAN_POINT('',(31.997878114351,1.803774696119,
    11.095149209278));
#3957 = CARTESIAN_POINT('',(31.994336303263,1.803774696119,
    11.030883202662));
#3958 = CARTESIAN_POINT('',(31.994105002349,1.803774696119,
    10.986324478273));
#3959 = CARTESIAN_POINT('',(31.993985293558,1.803774696119,
    10.963263302655));
#3960 = ORIENTED_EDGE('',*,*,#3961,.T.);
#3961 = EDGE_CURVE('',#3938,#3962,#3964,.T.);
#3962 = VERTEX_POINT('',#3963);
#3963 = CARTESIAN_POINT('',(31.993985293558,1.803774696119,
    10.873107803857));
#3964 = LINE('',#3965,#3966);
#3965 = CARTESIAN_POINT('',(31.993985293558,1.803774696119,
    10.963263302655));
#3966 = VECTOR('',#3967,1.);
#3967 = DIRECTION('',(0.,2.331468351713E-15,-1.));
#3968 = ORIENTED_EDGE('',*,*,#3969,.T.);
#3969 = EDGE_CURVE('',#3962,#3970,#3972,.T.);
#3970 = VERTEX_POINT('',#3971);
#3971 = CARTESIAN_POINT('',(32.68947057,1.803774696119,11.206540045443)
  );
#3972 = B_SPLINE_CURVE_WITH_KNOTS('',3,(#3973,#3974,#3975,#3976,#3977,
    #3978,#3979,#3980,#3981,#3982,#3983),.UNSPECIFIED.,.F.,.F.,(4,1,1,1,
    1,1,1,1,4),(0.,0.126560713015,0.250895261888,0.374719265315,
    0.499826423593,0.624963531433,0.749039474739,0.873180119941,1.),
  .UNSPECIFIED.);
#3973 = CARTESIAN_POINT('',(31.993985293558,1.803774696119,
    10.873107803856));
#3974 = CARTESIAN_POINT('',(32.015675839505,1.803774696119,
    10.898921779967));
#3975 = CARTESIAN_POINT('',(32.058675401346,1.803774696119,
    10.950095672262));
#3976 = CARTESIAN_POINT('',(32.132934564984,1.803774696119,
    11.017152785798));
#3977 = CARTESIAN_POINT('',(32.214044645082,1.803774696119,
    11.074905670878));
#3978 = CARTESIAN_POINT('',(32.301867555181,1.803774696119,
    11.122271206145));
#3979 = CARTESIAN_POINT('',(32.39425205565,1.803774696119,
    11.160154461102));
#3980 = CARTESIAN_POINT('',(32.490197537416,1.803774696119,
    11.186649582717));
#3981 = CARTESIAN_POINT('',(32.58884391783,1.803774696119,
    11.203767300321));
#3982 = CARTESIAN_POINT('',(32.655690469764,1.803774696119,
    11.20560924226));
#3983 = CARTESIAN_POINT('',(32.68947057,1.803774696119,11.206540045443)
  );
#3984 = ORIENTED_EDGE('',*,*,#3985,.T.);
#3985 = EDGE_CURVE('',#3970,#3986,#3988,.T.);
#3986 = VERTEX_POINT('',#3987);
#3987 = CARTESIAN_POINT('',(33.581485293558,1.803774696119,
    10.330743771405));
#3988 = B_SPLINE_CURVE_WITH_KNOTS('',3,(#3989,#3990,#3991,#3992,#3993,
    #3994,#3995,#3996,#3997,#3998,#3999,#4000,#4001,#4002,#4003,#4004,
    #4005,#4006,#4007,#4008,#4009,#4010,#4011,#4012,#4013,#4014,#4015),
  .UNSPECIFIED.,.F.,.F.,(4,1,1,1,1,1,1,1,1,1,1,1,1,1,1,1,1,1,1,1,1,1,1,1
    ,4),(0.,4.286475903119E-02,8.522225756723E-02,0.127202284144,
    0.169025312609,0.2108820331,0.252962677727,0.2956282851,
    0.338553293631,0.381463247717,0.423581562143,0.465066165395,
    0.506312218842,0.547039505462,0.587675832893,0.628674786298,
    0.669946464603,0.711035574456,0.751995828635,0.792672607484,
    0.833446017885,0.874190607042,0.915493583029,0.957477806839,1.),
  .UNSPECIFIED.);
#3989 = CARTESIAN_POINT('',(32.68947057,1.803774696119,11.206540045443)
  );
#3990 = CARTESIAN_POINT('',(32.709361674732,1.803774696119,
    11.206189643505));
#3991 = CARTESIAN_POINT('',(32.748908493354,1.803774696119,
    11.205492986277));
#3992 = CARTESIAN_POINT('',(32.807660562453,1.803774696119,
    11.199397818065));
#3993 = CARTESIAN_POINT('',(32.865545646387,1.803774696119,
    11.190554030897));
#3994 = CARTESIAN_POINT('',(32.922428744748,1.803774696119,
    11.177571837588));
#3995 = CARTESIAN_POINT('',(32.978391938638,1.803774696119,
    11.160908716496));
#3996 = CARTESIAN_POINT('',(33.033342746849,1.803774696119,
    11.140078399597));
#3997 = CARTESIAN_POINT('',(33.087726092603,1.803774696119,
    11.116527756634));
#3998 = CARTESIAN_POINT('',(33.140553442041,1.803774696119,
    11.08878768858));
#3999 = CARTESIAN_POINT('',(33.191298648844,1.803774696119,
    11.057925119091));
#4000 = CARTESIAN_POINT('',(33.239578958731,1.803774696119,
    11.024493123804));
#4001 = CARTESIAN_POINT('',(33.285141482646,1.803774696119,
    10.988666681269));
#4002 = CARTESIAN_POINT('',(33.327552558503,1.803774696119,10.9500925133
    ));
#4003 = CARTESIAN_POINT('',(33.366756554614,1.803774696119,
    10.908826449046));
#4004 = CARTESIAN_POINT('',(33.403280757701,1.803774696119,
    10.865308388857));
#4005 = CARTESIAN_POINT('',(33.436521202759,1.803774696119,
    10.818930659478));
#4006 = CARTESIAN_POINT('',(33.467159990796,1.803774696119,
    10.77053892587));
#4007 = CARTESIAN_POINT('',(33.493733074175,1.803774696119,
    10.719810868777));
#4008 = CARTESIAN_POINT('',(33.517058691435,1.803774696119,
    10.667846485995));
#4009 = CARTESIAN_POINT('',(33.537339733079,1.803774696119,
    10.61475688839));
#4010 = CARTESIAN_POINT('',(33.553508693903,1.803774696119,
    10.560364333262));
#4011 = CARTESIAN_POINT('',(33.565857933467,1.803774696119,
    10.504703111945));
#4012 = CARTESIAN_POINT('',(33.5750497129,1.803774696119,10.447864410123
    ));
#4013 = CARTESIAN_POINT('',(33.580263243188,1.803774696119,
    10.389673199967));
#4014 = CARTESIAN_POINT('',(33.581076218296,1.803774696119,
    10.350470103462));
#4015 = CARTESIAN_POINT('',(33.581485293558,1.803774696119,
    10.330743771405));
#4016 = ORIENTED_EDGE('',*,*,#4017,.T.);
#4017 = EDGE_CURVE('',#3986,#4018,#4020,.T.);
#4018 = VERTEX_POINT('',#4019);
#4019 = CARTESIAN_POINT('',(32.682792384904,1.803774696119,9.43586696852
    ));
#4020 = B_SPLINE_CURVE_WITH_KNOTS('',3,(#4021,#4022,#4023,#4024,#4025,
    #4026,#4027,#4028,#4029,#4030,#4031,#4032,#4033,#4034,#4035,#4036,
    #4037,#4038,#4039,#4040,#4041,#4042,#4043,#4044,#4045,#4046,#4047),
  .UNSPECIFIED.,.F.,.F.,(4,1,1,1,1,1,1,1,1,1,1,1,1,1,1,1,1,1,1,1,1,1,1,1
    ,4),(0.,4.203411866385E-02,8.390543308623E-02,0.125068934449,
    0.166158469703,0.207210272871,0.248490732056,0.289878112233,
    0.332169514204,0.374475842154,0.416224980456,0.457609586959,
    0.499073170467,0.540553361553,0.582248849195,0.624549750126,
    0.667432800921,0.710322543306,0.75246711857,0.794064756844,
    0.835215707295,0.876228344225,0.917446188706,0.958643140471,1.),
  .UNSPECIFIED.);
#4021 = CARTESIAN_POINT('',(33.581485293558,1.803774696119,
    10.330743771405));
#4022 = CARTESIAN_POINT('',(33.581132075074,1.803774696119,
    10.311011307877));
#4023 = CARTESIAN_POINT('',(33.580427006172,1.803774696119,
    10.271622807515));
#4024 = CARTESIAN_POINT('',(33.574337143435,1.803774696119,
    10.213194154243));
#4025 = CARTESIAN_POINT('',(33.565650214559,1.803774696119,
    10.155547877766));
#4026 = CARTESIAN_POINT('',(33.551901714582,1.803774696119,
    10.099278163507));
#4027 = CARTESIAN_POINT('',(33.535353712659,1.803774696119,
    10.043744180611));
#4028 = CARTESIAN_POINT('',(33.514858924901,1.803774696119,
    9.989356120088));
#4029 = CARTESIAN_POINT('',(33.490217233281,1.803774696119,
    9.936097416571));
#4030 = CARTESIAN_POINT('',(33.462315957162,1.803774696119,
    9.883928629998));
#4031 = CARTESIAN_POINT('',(33.430962315554,1.803774696119,
    9.833549806266));
#4032 = CARTESIAN_POINT('',(33.396582181291,1.803774696119,
    9.785702570392));
#4033 = CARTESIAN_POINT('',(33.359134048982,1.803774696119,
    9.740739010563));
#4034 = CARTESIAN_POINT('',(33.319134549248,1.803774696119,
    9.698205516399));
#4035 = CARTESIAN_POINT('',(33.27609528087,1.803774696119,9.658512464765
    ));
#4036 = CARTESIAN_POINT('',(33.230038509292,1.803774696119,
    9.621756194014));
#4037 = CARTESIAN_POINT('',(33.181418228267,1.803774696119,
    9.587320579712));
#4038 = CARTESIAN_POINT('',(33.130083751038,1.803774696119,
    9.555948402108));
#4039 = CARTESIAN_POINT('',(33.076827170636,1.803774696119,
    9.528201909386));
#4040 = CARTESIAN_POINT('',(33.023001519602,1.803774696119,
    9.502884053265));
#4041 = CARTESIAN_POINT('',(32.967893791847,1.803774696119,
    9.482790304084));
#4042 = CARTESIAN_POINT('',(32.912531403417,1.803774696119,
    9.465085302776));
#4043 = CARTESIAN_POINT('',(32.855939354266,1.803774696119,
    9.452542786028));
#4044 = CARTESIAN_POINT('',(32.798811538248,1.803774696119,
    9.442866582152));
#4045 = CARTESIAN_POINT('',(32.740952376311,1.803774696119,
    9.436971477312));
#4046 = CARTESIAN_POINT('',(32.702204067359,1.803774696119,
    9.436235613243));
#4047 = CARTESIAN_POINT('',(32.682792384904,1.803774696119,9.43586696852
    ));
#4048 = ORIENTED_EDGE('',*,*,#4049,.T.);
#4049 = EDGE_CURVE('',#4018,#3828,#4050,.T.);
#4050 = B_SPLINE_CURVE_WITH_KNOTS('',3,(#4051,#4052,#4053,#4054,#4055,
    #4056,#4057,#4058,#4059,#4060,#4061),.UNSPECIFIED.,.F.,.F.,(4,1,1,1,
    1,1,1,1,4),(0.,0.120911078749,0.238762228639,0.354754859085,
    0.47035939945,0.589144098793,0.716328904836,0.852445285858,1.),
  .UNSPECIFIED.);
#4051 = CARTESIAN_POINT('',(32.682792384904,1.803774696119,9.43586696852
    ));
#4052 = CARTESIAN_POINT('',(32.650780942491,1.803774696119,
    9.436789990878));
#4053 = CARTESIAN_POINT('',(32.587568179761,1.803774696119,
    9.438612676421));
#4054 = CARTESIAN_POINT('',(32.494542265608,1.803774696119,
    9.452914562834));
#4055 = CARTESIAN_POINT('',(32.404774420195,1.803774696119,
    9.475716061204));
#4056 = CARTESIAN_POINT('',(32.317758091672,1.803774696119,9.50838383839
    ));
#4057 = CARTESIAN_POINT('',(32.232784443402,1.803774696119,
    9.552981275186));
#4058 = CARTESIAN_POINT('',(32.150133531486,1.803774696119,9.6117253166)
  );
#4059 = CARTESIAN_POINT('',(32.069566227699,1.803774696119,
    9.685142887025));
#4060 = CARTESIAN_POINT('',(32.019847203701,1.803774696119,
    9.741444389389));
#4061 = CARTESIAN_POINT('',(31.993985293558,1.803774696119,9.77073024977
    ));
#4062 = FACE_BOUND('',#4063,.T.);
#4063 = EDGE_LOOP('',(#4064,#4074,#4082,#4090,#4106,#4130,#4138,#4146,
    #4154,#4170,#4186,#4210,#4226,#4234));
#4064 = ORIENTED_EDGE('',*,*,#4065,.T.);
#4065 = EDGE_CURVE('',#4066,#4068,#4070,.T.);
#4066 = VERTEX_POINT('',#4067);
#4067 = CARTESIAN_POINT('',(25.216581447404,1.803774696119,
    11.206540045443));
#4068 = VERTEX_POINT('',#4069);
#4069 = CARTESIAN_POINT('',(25.216581447404,1.803774696119,
    8.764232353135));
#4070 = LINE('',#4071,#4072);
#4071 = CARTESIAN_POINT('',(25.216581447404,1.803774696119,
    11.206540045443));
#4072 = VECTOR('',#4073,1.);
#4073 = DIRECTION('',(0.,2.331468351713E-15,-1.));
#4074 = ORIENTED_EDGE('',*,*,#4075,.T.);
#4075 = EDGE_CURVE('',#4068,#4076,#4078,.T.);
#4076 = VERTEX_POINT('',#4077);
#4077 = CARTESIAN_POINT('',(25.002879524327,1.803774696119,
    8.764232353135));
#4078 = LINE('',#4079,#4080);
#4079 = CARTESIAN_POINT('',(25.216581447404,1.803774696119,
    8.764232353135));
#4080 = VECTOR('',#4081,1.);
#4081 = DIRECTION('',(-1.,0.,0.));
#4082 = ORIENTED_EDGE('',*,*,#4083,.T.);
#4083 = EDGE_CURVE('',#4076,#4084,#4086,.T.);
#4084 = VERTEX_POINT('',#4085);
#4085 = CARTESIAN_POINT('',(25.002879524327,1.803774696119,
    9.795057924049));
#4086 = LINE('',#4087,#4088);
#4087 = CARTESIAN_POINT('',(25.002879524327,1.803774696119,
    8.764232353135));
#4088 = VECTOR('',#4089,1.);
#4089 = DIRECTION('',(0.,-2.331468351713E-15,1.));
#4090 = ORIENTED_EDGE('',*,*,#4091,.T.);
#4091 = EDGE_CURVE('',#4084,#4092,#4094,.T.);
#4092 = VERTEX_POINT('',#4093);
#4093 = CARTESIAN_POINT('',(24.340785173365,1.803774696119,9.43586696852
    ));
#4094 = B_SPLINE_CURVE_WITH_KNOTS('',3,(#4095,#4096,#4097,#4098,#4099,
    #4100,#4101,#4102,#4103,#4104,#4105),.UNSPECIFIED.,.F.,.F.,(4,1,1,1,
    1,1,1,1,4),(0.,0.14072351325,0.273995891219,0.400684160059,
    0.522554679005,0.641533770551,0.759969142862,0.878404515174,1.),
  .UNSPECIFIED.);
#4095 = CARTESIAN_POINT('',(25.002879524327,1.803774696119,
    9.795057924049));
#4096 = CARTESIAN_POINT('',(24.979939717314,1.803774696119,
    9.766384964802));
#4097 = CARTESIAN_POINT('',(24.935274737585,1.803774696119,
    9.710557243897));
#4098 = CARTESIAN_POINT('',(24.860097915388,1.803774696119,9.63771739797
    ));
#4099 = CARTESIAN_POINT('',(24.782897197037,1.803774696119,
    9.574581193173));
#4100 = CARTESIAN_POINT('',(24.701006138923,1.803774696119,
    9.524322899961));
#4101 = CARTESIAN_POINT('',(24.61592712419,1.803774696119,9.484619608924
    ));
#4102 = CARTESIAN_POINT('',(24.527301323248,1.803774696119,
    9.456461228023));
#4103 = CARTESIAN_POINT('',(24.435112269569,1.803774696119,
    9.439145392618));
#4104 = CARTESIAN_POINT('',(24.372502301418,1.803774696119,
    9.436969326179));
#4105 = CARTESIAN_POINT('',(24.340785173365,1.803774696119,9.43586696852
    ));
#4106 = ORIENTED_EDGE('',*,*,#4107,.T.);
#4107 = EDGE_CURVE('',#4092,#4108,#4110,.T.);
#4108 = VERTEX_POINT('',#4109);
#4109 = CARTESIAN_POINT('',(23.690139139712,1.803774696119,
    10.317864414433));
#4110 = B_SPLINE_CURVE_WITH_KNOTS('',3,(#4111,#4112,#4113,#4114,#4115,
    #4116,#4117,#4118,#4119,#4120,#4121,#4122,#4123,#4124,#4125,#4126,
    #4127,#4128,#4129),.UNSPECIFIED.,.F.,.F.,(4,1,1,1,1,1,1,1,1,1,1,1,1,
    1,1,1,4),(0.,7.72285532335E-02,0.151154907264,0.223453637951,
    0.29549722492,0.366919857354,0.436794085007,0.506696430852,
    0.577863846741,0.615911809767,0.658048025519,0.703775986058,
    0.754080142869,0.80897942108,0.867913192843,0.931701816176,1.),
  .UNSPECIFIED.);
#4111 = CARTESIAN_POINT('',(24.340785173365,1.803774696119,9.43586696852
    ));
#4112 = CARTESIAN_POINT('',(24.308583602538,1.803774696119,9.43705448447
    ));
#4113 = CARTESIAN_POINT('',(24.245557360968,1.803774696119,
    9.439378739628));
#4114 = CARTESIAN_POINT('',(24.153789794379,1.803774696119,
    9.457757486365));
#4115 = CARTESIAN_POINT('',(24.068091413408,1.803774696119,
    9.489161029057));
#4116 = CARTESIAN_POINT('',(23.988716973941,1.803774696119,
    9.532137165745));
#4117 = CARTESIAN_POINT('',(23.917398742512,1.803774696119,
    9.585662785711));
#4118 = CARTESIAN_POINT('',(23.854227742208,1.803774696119,
    9.647460660935));
#4119 = CARTESIAN_POINT('',(23.802628913031,1.803774696119,9.7190845231)
  );
#4120 = CARTESIAN_POINT('',(23.767523085245,1.803774696119,
    9.785253510175));
#4121 = CARTESIAN_POINT('',(23.744681177407,1.803774696119,
    9.844130769564));
#4122 = CARTESIAN_POINT('',(23.730222345541,1.803774696119,
    9.894638110936));
#4123 = CARTESIAN_POINT('',(23.717962855256,1.803774696119,
    9.950918555484));
#4124 = CARTESIAN_POINT('',(23.707281427875,1.803774696119,
    10.012943132318));
#4125 = CARTESIAN_POINT('',(23.700162455399,1.803774696119,
    10.08100957923));
#4126 = CARTESIAN_POINT('',(23.694444313514,1.803774696119,
    10.15481081306));
#4127 = CARTESIAN_POINT('',(23.690378190202,1.803774696119,
    10.234342602355));
#4128 = CARTESIAN_POINT('',(23.690220616444,1.803774696119,
    10.289397272025));
#4129 = CARTESIAN_POINT('',(23.690139139712,1.803774696119,
    10.317864414433));
#4130 = ORIENTED_EDGE('',*,*,#4131,.T.);
#4131 = EDGE_CURVE('',#4108,#4132,#4134,.T.);
#4132 = VERTEX_POINT('',#4133);
#4133 = CARTESIAN_POINT('',(23.690139139712,1.803774696119,
    11.206540045443));
#4134 = LINE('',#4135,#4136);
#4135 = CARTESIAN_POINT('',(23.690139139712,1.803774696119,
    10.317864414433));
#4136 = VECTOR('',#4137,1.);
#4137 = DIRECTION('',(0.,-2.331468351713E-15,1.));
#4138 = ORIENTED_EDGE('',*,*,#4139,.T.);
#4139 = EDGE_CURVE('',#4132,#4140,#4142,.T.);
#4140 = VERTEX_POINT('',#4141);
#4141 = CARTESIAN_POINT('',(23.903841062789,1.803774696119,
    11.206540045443));
#4142 = LINE('',#4143,#4144);
#4143 = CARTESIAN_POINT('',(23.690139139712,1.803774696119,
    11.206540045443));
#4144 = VECTOR('',#4145,1.);
#4145 = DIRECTION('',(1.,0.,-0.));
#4146 = ORIENTED_EDGE('',*,*,#4147,.T.);
#4147 = EDGE_CURVE('',#4140,#4148,#4150,.T.);
#4148 = VERTEX_POINT('',#4149);
#4149 = CARTESIAN_POINT('',(23.903841062789,1.803774696119,
    10.387985357943));
#4150 = LINE('',#4151,#4152);
#4151 = CARTESIAN_POINT('',(23.903841062788,1.803774696119,
    11.206540045443));
#4152 = VECTOR('',#4153,1.);
#4153 = DIRECTION('',(0.,2.331468351713E-15,-1.));
#4154 = ORIENTED_EDGE('',*,*,#4155,.T.);
#4155 = EDGE_CURVE('',#4148,#4156,#4158,.T.);
#4156 = VERTEX_POINT('',#4157);
#4157 = CARTESIAN_POINT('',(23.928645750288,1.803774696119,
    9.992064384385));
#4158 = B_SPLINE_CURVE_WITH_KNOTS('',3,(#4159,#4160,#4161,#4162,#4163,
    #4164,#4165,#4166,#4167,#4168,#4169),.UNSPECIFIED.,.F.,.F.,(4,1,1,1,
    1,1,1,1,4),(0.,0.178866569931,0.34214130727,0.489870991121,
    0.62331210328,0.740055623438,0.841468004108,0.928901093404,1.),
  .UNSPECIFIED.);
#4159 = CARTESIAN_POINT('',(23.903841062788,1.803774696119,
    10.387985357943));
#4160 = CARTESIAN_POINT('',(23.903970536906,1.803774696119,
    10.364293505992));
#4161 = CARTESIAN_POINT('',(23.904218198856,1.803774696119,
    10.318975025287));
#4162 = CARTESIAN_POINT('',(23.905036902924,1.803774696119,
    10.254092012276));
#4163 = CARTESIAN_POINT('',(23.906864488715,1.803774696119,
    10.195243749291));
#4164 = CARTESIAN_POINT('',(23.90981780058,1.803774696119,
    10.142618837464));
#4165 = CARTESIAN_POINT('',(23.912923840065,1.803774696119,
    10.096143910926));
#4166 = CARTESIAN_POINT('',(23.917198739787,1.803774696119,
    10.055886461391));
#4167 = CARTESIAN_POINT('',(23.922172309732,1.803774696119,
    10.021791196409));
#4168 = CARTESIAN_POINT('',(23.926641427088,1.803774696119,
    10.001268475858));
#4169 = CARTESIAN_POINT('',(23.928645750288,1.803774696119,
    9.992064384385));
#4170 = ORIENTED_EDGE('',*,*,#4171,.T.);
#4171 = EDGE_CURVE('',#4156,#4172,#4174,.T.);
#4172 = VERTEX_POINT('',#4173);
#4173 = CARTESIAN_POINT('',(24.378469217837,1.803774696119,
    9.649568891597));
#4174 = B_SPLINE_CURVE_WITH_KNOTS('',3,(#4175,#4176,#4177,#4178,#4179,
    #4180,#4181,#4182,#4183,#4184,#4185),.UNSPECIFIED.,.F.,.F.,(4,1,1,1,
    1,1,1,1,4),(0.,0.136257395952,0.261954050111,0.379637675161,
    0.494379032591,0.609866211517,0.729887485775,0.859212547919,1.),
  .UNSPECIFIED.);
#4175 = CARTESIAN_POINT('',(23.928645750288,1.803774696119,
    9.992064384385));
#4176 = CARTESIAN_POINT('',(23.936418317041,1.803774696119,
    9.965058108575));
#4177 = CARTESIAN_POINT('',(23.951361031354,1.803774696119,
    9.913138700623));
#4178 = CARTESIAN_POINT('',(23.986091887264,1.803774696119,9.84261123948
    ));
#4179 = CARTESIAN_POINT('',(24.029470785861,1.803774696119,
    9.782478049817));
#4180 = CARTESIAN_POINT('',(24.082434726325,1.803774696119,
    9.733550650201));
#4181 = CARTESIAN_POINT('',(24.144046756192,1.803774696119,
    9.695170656461));
#4182 = CARTESIAN_POINT('',(24.214708624632,1.803774696119,
    9.668590611784));
#4183 = CARTESIAN_POINT('',(24.293755285477,1.803774696119,
    9.652093500943));
#4184 = CARTESIAN_POINT('',(24.349443518954,1.803774696119,
    9.650433903392));
#4185 = CARTESIAN_POINT('',(24.378469217837,1.803774696119,
    9.649568891597));
#4186 = ORIENTED_EDGE('',*,*,#4187,.T.);
#4187 = EDGE_CURVE('',#4172,#4188,#4190,.T.);
#4188 = VERTEX_POINT('',#4189);
#4189 = CARTESIAN_POINT('',(24.969965612067,1.803774696119,
    10.110363663232));
#4190 = B_SPLINE_CURVE_WITH_KNOTS('',3,(#4191,#4192,#4193,#4194,#4195,
    #4196,#4197,#4198,#4199,#4200,#4201,#4202,#4203,#4204,#4205,#4206,
    #4207,#4208,#4209),.UNSPECIFIED.,.F.,.F.,(4,1,1,1,1,1,1,1,1,1,1,1,1,
    1,1,1,4),(0.,6.401997539919E-02,0.126693877203,0.189084394719,
    0.250362631944,0.312516479375,0.374242602415,0.437850162257,
    0.502657325979,0.567745439123,0.630575914087,0.692772090085,
    0.754267545622,0.815120553633,0.876051358555,0.937981798119,1.),
  .UNSPECIFIED.);
#4191 = CARTESIAN_POINT('',(24.378469217837,1.803774696119,
    9.649568891597));
#4192 = CARTESIAN_POINT('',(24.395660327802,1.803774696119,
    9.649892623431));
#4193 = CARTESIAN_POINT('',(24.42968109025,1.803774696119,9.650533280366
    ));
#4194 = CARTESIAN_POINT('',(24.48012866467,1.803774696119,9.656965307765
    ));
#4195 = CARTESIAN_POINT('',(24.529066116815,1.803774696119,
    9.667475953812));
#4196 = CARTESIAN_POINT('',(24.576964741391,1.803774696119,
    9.681698506041));
#4197 = CARTESIAN_POINT('',(24.622809381263,1.803774696119,
    9.701051629964));
#4198 = CARTESIAN_POINT('',(24.667936330934,1.803774696119,9.72345591949
    ));
#4199 = CARTESIAN_POINT('',(24.711067033805,1.803774696119,9.75087992867
    ));
#4200 = CARTESIAN_POINT('',(24.752967384205,1.803774696119,
    9.781649602589));
#4201 = CARTESIAN_POINT('',(24.791963777429,1.803774696119,
    9.815714921254));
#4202 = CARTESIAN_POINT('',(24.82824526135,1.803774696119,9.851669724574
    ));
#4203 = CARTESIAN_POINT('',(24.860588310636,1.803774696119,
    9.889956798466));
#4204 = CARTESIAN_POINT('',(24.889890334138,1.803774696119,
    9.929961877439));
#4205 = CARTESIAN_POINT('',(24.915184846343,1.803774696119,
    9.972233686919));
#4206 = CARTESIAN_POINT('',(24.937264532553,1.803774696119,
    10.016364589266));
#4207 = CARTESIAN_POINT('',(24.955998640275,1.803774696119,
    10.062412620491));
#4208 = CARTESIAN_POINT('',(24.965307757684,1.803774696119,
    10.094372439226));
#4209 = CARTESIAN_POINT('',(24.969965612067,1.803774696119,
    10.110363663231));
#4210 = ORIENTED_EDGE('',*,*,#4211,.T.);
#4211 = EDGE_CURVE('',#4188,#4212,#4214,.T.);
#4212 = VERTEX_POINT('',#4213);
#4213 = CARTESIAN_POINT('',(25.002879524327,1.803774696119,
    10.577359606741));
#4214 = B_SPLINE_CURVE_WITH_KNOTS('',3,(#4215,#4216,#4217,#4218,#4219,
    #4220,#4221,#4222,#4223,#4224,#4225),.UNSPECIFIED.,.F.,.F.,(4,1,1,1,
    1,1,1,1,4),(0.,7.599907819765E-02,0.165611345572,0.269045027248,
    0.387447975373,0.518826658472,0.665393555314,0.825082797562,1.),
  .UNSPECIFIED.);
#4215 = CARTESIAN_POINT('',(24.969965612067,1.803774696119,
    10.110363663231));
#4216 = CARTESIAN_POINT('',(24.972645829527,1.803774696119,
    10.121943988766));
#4217 = CARTESIAN_POINT('',(24.978486353259,1.803774696119,
    10.147178943445));
#4218 = CARTESIAN_POINT('',(24.984823766619,1.803774696119,
    10.188799331692));
#4219 = CARTESIAN_POINT('',(24.990496446102,1.803774696119,
    10.237163452646));
#4220 = CARTESIAN_POINT('',(24.995291977281,1.803774696119,
    10.292197950354));
#4221 = CARTESIAN_POINT('',(24.998233219983,1.803774696119,
    10.35410449196));
#4222 = CARTESIAN_POINT('',(25.001402487365,1.803774696119,
    10.422460626626));
#4223 = CARTESIAN_POINT('',(25.002582236165,1.803774696119,
    10.49769453364));
#4224 = CARTESIAN_POINT('',(25.002777466623,1.803774696119,
    10.55001094138));
#4225 = CARTESIAN_POINT('',(25.002879524327,1.803774696119,
    10.577359606741));
#4226 = ORIENTED_EDGE('',*,*,#4227,.T.);
#4227 = EDGE_CURVE('',#4212,#4228,#4230,.T.);
#4228 = VERTEX_POINT('',#4229);
#4229 = CARTESIAN_POINT('',(25.002879524327,1.803774696119,
    11.206540045443));
#4230 = LINE('',#4231,#4232);
#4231 = CARTESIAN_POINT('',(25.002879524327,1.803774696119,
    10.577359606741));
#4232 = VECTOR('',#4233,1.);
#4233 = DIRECTION('',(0.,-2.331468351713E-15,1.));
#4234 = ORIENTED_EDGE('',*,*,#4235,.T.);
#4235 = EDGE_CURVE('',#4228,#4066,#4236,.T.);
#4236 = LINE('',#4237,#4238);
#4237 = CARTESIAN_POINT('',(25.002879524327,1.803774696119,
    11.206540045443));
#4238 = VECTOR('',#4239,1.);
#4239 = DIRECTION('',(1.,0.,-0.));
#4240 = FACE_BOUND('',#4241,.T.);
#4241 = EDGE_LOOP('',(#4242,#4252,#4260,#4268,#4276,#4284));
#4242 = ORIENTED_EDGE('',*,*,#4243,.T.);
#4243 = EDGE_CURVE('',#4244,#4246,#4248,.T.);
#4244 = VERTEX_POINT('',#4245);
#4245 = CARTESIAN_POINT('',(37.153360293558,1.803774696119,
    11.206540045443));
#4246 = VERTEX_POINT('',#4247);
#4247 = CARTESIAN_POINT('',(37.153360293558,1.803774696119,
    8.825290045443));
#4248 = LINE('',#4249,#4250);
#4249 = CARTESIAN_POINT('',(37.153360293558,1.803774696119,
    11.206540045443));
#4250 = VECTOR('',#4251,1.);
#4251 = DIRECTION('',(0.,2.331468351713E-15,-1.));
#4252 = ORIENTED_EDGE('',*,*,#4253,.T.);
#4253 = EDGE_CURVE('',#4246,#4254,#4256,.T.);
#4254 = VERTEX_POINT('',#4255);
#4255 = CARTESIAN_POINT('',(36.939658370481,1.803774696119,
    8.825290045443));
#4256 = LINE('',#4257,#4258);
#4257 = CARTESIAN_POINT('',(37.153360293558,1.803774696119,
    8.825290045443));
#4258 = VECTOR('',#4259,1.);
#4259 = DIRECTION('',(-1.,0.,0.));
#4260 = ORIENTED_EDGE('',*,*,#4261,.T.);
#4261 = EDGE_CURVE('',#4254,#4262,#4264,.T.);
#4262 = VERTEX_POINT('',#4263);
#4263 = CARTESIAN_POINT('',(36.939658370481,1.803774696119,
    10.962309276212));
#4264 = LINE('',#4265,#4266);
#4265 = CARTESIAN_POINT('',(36.939658370481,1.803774696119,
    8.825290045443));
#4266 = VECTOR('',#4267,1.);
#4267 = DIRECTION('',(0.,-2.331468351713E-15,1.));
#4268 = ORIENTED_EDGE('',*,*,#4269,.T.);
#4269 = EDGE_CURVE('',#4262,#4270,#4272,.T.);
#4270 = VERTEX_POINT('',#4271);
#4271 = CARTESIAN_POINT('',(36.023792985865,1.803774696119,
    10.962309276212));
#4272 = LINE('',#4273,#4274);
#4273 = CARTESIAN_POINT('',(36.939658370481,1.803774696119,
    10.962309276212));
#4274 = VECTOR('',#4275,1.);
#4275 = DIRECTION('',(-1.,0.,0.));
#4276 = ORIENTED_EDGE('',*,*,#4277,.T.);
#4277 = EDGE_CURVE('',#4270,#4278,#4280,.T.);
#4278 = VERTEX_POINT('',#4279);
#4279 = CARTESIAN_POINT('',(36.023792985865,1.803774696119,
    11.206540045443));
#4280 = LINE('',#4281,#4282);
#4281 = CARTESIAN_POINT('',(36.023792985865,1.803774696119,
    10.962309276212));
#4282 = VECTOR('',#4283,1.);
#4283 = DIRECTION('',(0.,-2.331468351713E-15,1.));
#4284 = ORIENTED_EDGE('',*,*,#4285,.T.);
#4285 = EDGE_CURVE('',#4278,#4244,#4286,.T.);
#4286 = LINE('',#4287,#4288);
#4287 = CARTESIAN_POINT('',(36.023792985865,1.803774696119,
    11.206540045443));
#4288 = VECTOR('',#4289,1.);
#4289 = DIRECTION('',(1.,0.,-0.));
#4290 = FACE_BOUND('',#4291,.T.);
#4291 = EDGE_LOOP('',(#4292,#4310,#4326,#4342,#4366,#4390));
#4292 = ORIENTED_EDGE('',*,*,#4293,.T.);
#4293 = EDGE_CURVE('',#4294,#4296,#4298,.T.);
#4294 = VERTEX_POINT('',#4295);
#4295 = CARTESIAN_POINT('',(35.510526759904,1.803774696119,
    9.723982954097));
#4296 = VERTEX_POINT('',#4297);
#4297 = CARTESIAN_POINT('',(34.8474783825,1.803774696119,9.43586696852)
  );
#4298 = B_SPLINE_CURVE_WITH_KNOTS('',3,(#4299,#4300,#4301,#4302,#4303,
    #4304,#4305,#4306,#4307,#4308,#4309),.UNSPECIFIED.,.F.,.F.,(4,1,1,1,
    1,1,1,1,4),(0.,0.128497521138,0.252712985515,0.374819132567,
    0.496436426373,0.617910556746,0.741287617309,0.868700400745,1.),
  .UNSPECIFIED.);
#4299 = CARTESIAN_POINT('',(35.510526759904,1.803774696119,
    9.723982954097));
#4300 = CARTESIAN_POINT('',(35.488450129224,1.803774696119,
    9.700867861498));
#4301 = CARTESIAN_POINT('',(35.445032550426,1.803774696119,9.65540796461
    ));
#4302 = CARTESIAN_POINT('',(35.371997076739,1.803774696119,
    9.597215300901));
#4303 = CARTESIAN_POINT('',(35.295461102019,1.803774696119,
    9.546925972078));
#4304 = CARTESIAN_POINT('',(35.214005393344,1.803774696119,
    9.506460904064));
#4305 = CARTESIAN_POINT('',(35.128496163199,1.803774696119,
    9.474593983968));
#4306 = CARTESIAN_POINT('',(35.038539857122,1.803774696119,
    9.452437803149));
#4307 = CARTESIAN_POINT('',(34.944463122497,1.803774696119,
    9.437977931286));
#4308 = CARTESIAN_POINT('',(34.880128808858,1.803774696119,
    9.436577635315));
#4309 = CARTESIAN_POINT('',(34.8474783825,1.803774696119,9.43586696852)
  );
#4310 = ORIENTED_EDGE('',*,*,#4311,.T.);
#4311 = EDGE_CURVE('',#4296,#4312,#4314,.T.);
#4312 = VERTEX_POINT('',#4313);
#4313 = CARTESIAN_POINT('',(34.186338057981,1.803774696119,
    9.722551914433));
#4314 = B_SPLINE_CURVE_WITH_KNOTS('',3,(#4315,#4316,#4317,#4318,#4319,
    #4320,#4321,#4322,#4323,#4324,#4325),.UNSPECIFIED.,.F.,.F.,(4,1,1,1,
    1,1,1,1,4),(0.,0.131751427302,0.258332350514,0.382133976093,
    0.5038043916,0.624692986541,0.746870589728,0.871513504235,1.),
  .UNSPECIFIED.);
#4315 = CARTESIAN_POINT('',(34.8474783825,1.803774696119,9.43586696852)
  );
#4316 = CARTESIAN_POINT('',(34.814827177226,1.803774696119,
    9.436562219455));
#4317 = CARTESIAN_POINT('',(34.750806143237,1.803774696119,
    9.437925436629));
#4318 = CARTESIAN_POINT('',(34.657047563737,1.803774696119,
    9.452495261475));
#4319 = CARTESIAN_POINT('',(34.567549890894,1.803774696119,
    9.474775164745));
#4320 = CARTESIAN_POINT('',(34.481970356583,1.803774696119,9.50557599537
    ));
#4321 = CARTESIAN_POINT('',(34.401404984141,1.803774696119,
    9.546861393867));
#4322 = CARTESIAN_POINT('',(34.324680262703,1.803774696119,
    9.596125572294));
#4323 = CARTESIAN_POINT('',(34.25200654773,1.803774696119,9.654488372558
    ));
#4324 = CARTESIAN_POINT('',(34.208448022467,1.803774696119,
    9.699635558363));
#4325 = CARTESIAN_POINT('',(34.186338057981,1.803774696119,
    9.722551914433));
#4326 = ORIENTED_EDGE('',*,*,#4327,.T.);
#4327 = EDGE_CURVE('',#4312,#4328,#4330,.T.);
#4328 = VERTEX_POINT('',#4329);
#4329 = CARTESIAN_POINT('',(33.947831447404,1.803774696119,
    10.34123806227));
#4330 = B_SPLINE_CURVE_WITH_KNOTS('',3,(#4331,#4332,#4333,#4334,#4335,
    #4336,#4337,#4338,#4339,#4340,#4341),.UNSPECIFIED.,.F.,.F.,(4,1,1,1,
    1,1,1,1,4),(0.,0.128157279593,0.253834362797,0.376505622522,
    0.498533685668,0.621367728732,0.744564744904,0.870633798255,1.),
  .UNSPECIFIED.);
#4331 = CARTESIAN_POINT('',(34.186338057981,1.803774696119,
    9.722551914433));
#4332 = CARTESIAN_POINT('',(34.167300335662,1.803774696119,
    9.744468929765));
#4333 = CARTESIAN_POINT('',(34.129593323393,1.803774696119,
    9.787878805808));
#4334 = CARTESIAN_POINT('',(34.081243254002,1.803774696119,
    9.858265571056));
#4335 = CARTESIAN_POINT('',(34.039590728252,1.803774696119,9.93115910378
    ));
#4336 = CARTESIAN_POINT('',(34.006210392295,1.803774696119,
    10.007527374247));
#4337 = CARTESIAN_POINT('',(33.979890760109,1.803774696119,
    10.086703713014));
#4338 = CARTESIAN_POINT('',(33.961204277478,1.803774696119,
    10.168960259892));
#4339 = CARTESIAN_POINT('',(33.950089327099,1.803774696119,
    10.254115356801));
#4340 = CARTESIAN_POINT('',(33.948590522805,1.803774696119,
    10.311948325207));
#4341 = CARTESIAN_POINT('',(33.947831447404,1.803774696119,
    10.34123806227));
#4342 = ORIENTED_EDGE('',*,*,#4343,.T.);
#4343 = EDGE_CURVE('',#4328,#4344,#4346,.T.);
#4344 = VERTEX_POINT('',#4345);
#4345 = CARTESIAN_POINT('',(34.8474783825,1.803774696119,11.237068891597
    ));
#4346 = B_SPLINE_CURVE_WITH_KNOTS('',3,(#4347,#4348,#4349,#4350,#4351,
    #4352,#4353,#4354,#4355,#4356,#4357,#4358,#4359,#4360,#4361,#4362,
    #4363,#4364,#4365),.UNSPECIFIED.,.F.,.F.,(4,1,1,1,1,1,1,1,1,1,1,1,1,
    1,1,1,4),(0.,6.241602615882E-02,0.123336978537,0.183265139853,
    0.24317244307,0.30289835392,0.363773597504,0.425605304952,
    0.48965904251,0.553784576792,0.616221532811,0.677854471308,
    0.739516897488,0.802096535576,0.865865841278,0.931507795197,1.),
  .UNSPECIFIED.);
#4347 = CARTESIAN_POINT('',(33.947831447404,1.803774696119,
    10.34123806227));
#4348 = CARTESIAN_POINT('',(33.948499107258,1.803774696119,
    10.370697565797));
#4349 = CARTESIAN_POINT('',(33.949818434266,1.803774696119,
    10.428910918647));
#4350 = CARTESIAN_POINT('',(33.962298644703,1.803774696119,
    10.514649094299));
#4351 = CARTESIAN_POINT('',(33.981709972773,1.803774696119,
    10.597785214733));
#4352 = CARTESIAN_POINT('',(34.009490205534,1.803774696119,
    10.677971218876));
#4353 = CARTESIAN_POINT('',(34.045112419158,1.803774696119,
    10.755452213954));
#4354 = CARTESIAN_POINT('',(34.088580904784,1.803774696119,
    10.829889782309));
#4355 = CARTESIAN_POINT('',(34.140200701453,1.803774696119,
    10.901430787268));
#4356 = CARTESIAN_POINT('',(34.198714134962,1.803774696119,
    10.969467752222));
#4357 = CARTESIAN_POINT('',(34.263383357844,1.803774696119,
    11.032173694787));
#4358 = CARTESIAN_POINT('',(34.333539165897,1.803774696119,
    11.086825606751));
#4359 = CARTESIAN_POINT('',(34.407802892431,1.803774696119,
    11.133648822437));
#4360 = CARTESIAN_POINT('',(34.487162030998,1.803774696119,
    11.171365383775));
#4361 = CARTESIAN_POINT('',(34.570891874717,1.803774696119,
    11.201103590594));
#4362 = CARTESIAN_POINT('',(34.659173022839,1.803774696119,
    11.221990566059));
#4363 = CARTESIAN_POINT('',(34.751868329605,1.803774696119,
    11.234619140199));
#4364 = CARTESIAN_POINT('',(34.815160064142,1.803774696119,
    11.236240821293));
#4365 = CARTESIAN_POINT('',(34.8474783825,1.803774696119,11.237068891597
    ));
#4366 = ORIENTED_EDGE('',*,*,#4367,.T.);
#4367 = EDGE_CURVE('',#4344,#4368,#4370,.T.);
#4368 = VERTEX_POINT('',#4369);
#4369 = CARTESIAN_POINT('',(35.749033370481,1.803774696119,
    10.34123806227));
#4370 = B_SPLINE_CURVE_WITH_KNOTS('',3,(#4371,#4372,#4373,#4374,#4375,
    #4376,#4377,#4378,#4379,#4380,#4381,#4382,#4383,#4384,#4385,#4386,
    #4387,#4388,#4389),.UNSPECIFIED.,.F.,.F.,(4,1,1,1,1,1,1,1,1,1,1,1,1,
    1,1,1,4),(0.,6.874226160549E-02,0.134635192224,0.198324187067,
    0.26082501256,0.322713588159,0.384554534608,0.446912857725,
    0.510957632515,0.574930701001,0.636684537796,0.697483115294,
    0.757133807524,0.816965663675,0.876818351657,0.937662580384,1.),
  .UNSPECIFIED.);
#4371 = CARTESIAN_POINT('',(34.8474783825,1.803774696119,11.237068891597
    ));
#4372 = CARTESIAN_POINT('',(34.87995503988,1.803774696119,
    11.236238042027));
#4373 = CARTESIAN_POINT('',(34.943562214085,1.803774696119,
    11.234610781171));
#4374 = CARTESIAN_POINT('',(35.036584712501,1.803774696119,
    11.222039629885));
#4375 = CARTESIAN_POINT('',(35.12502407824,1.803774696119,
    11.201113216744));
#4376 = CARTESIAN_POINT('',(35.208863535447,1.803774696119,
    11.171267654726));
#4377 = CARTESIAN_POINT('',(35.288563868822,1.803774696119,
    11.133647616925));
#4378 = CARTESIAN_POINT('',(35.363257896211,1.803774696119,
    11.086967163837));
#4379 = CARTESIAN_POINT('',(35.433470695874,1.803774696119,
    11.032157486791));
#4380 = CARTESIAN_POINT('',(35.498153599557,1.803774696119,
    10.969472143905));
#4381 = CARTESIAN_POINT('',(35.556663364967,1.803774696119,
    10.901429655761));
#4382 = CARTESIAN_POINT('',(35.608284108149,1.803774696119,10.829890076)
  );
#4383 = CARTESIAN_POINT('',(35.651752347904,1.803774696119,
    10.755452137429));
#4384 = CARTESIAN_POINT('',(35.687374625903,1.803774696119,
    10.677971239282));
#4385 = CARTESIAN_POINT('',(35.715154841477,1.803774696119,
    10.597785209261));
#4386 = CARTESIAN_POINT('',(35.734566174168,1.803774696119,
    10.514649095784));
#4387 = CARTESIAN_POINT('',(35.747046383363,1.803774696119,
    10.428910918262));
#4388 = CARTESIAN_POINT('',(35.748365710541,1.803774696119,
    10.370697565668));
#4389 = CARTESIAN_POINT('',(35.749033370481,1.803774696119,
    10.34123806227));
#4390 = ORIENTED_EDGE('',*,*,#4391,.T.);
#4391 = EDGE_CURVE('',#4368,#4294,#4392,.T.);
#4392 = B_SPLINE_CURVE_WITH_KNOTS('',3,(#4393,#4394,#4395,#4396,#4397,
    #4398,#4399,#4400,#4401,#4402,#4403),.UNSPECIFIED.,.F.,.F.,(4,1,1,1,
    1,1,1,1,4),(0.,0.128919131812,0.255237724925,0.378678595979,
    0.501087887185,0.62271367943,0.746240794938,0.871589047232,1.),
  .UNSPECIFIED.);
#4393 = CARTESIAN_POINT('',(35.749033370481,1.803774696119,
    10.34123806227));
#4394 = CARTESIAN_POINT('',(35.748269118258,1.803774696119,
    10.312107519439));
#4395 = CARTESIAN_POINT('',(35.746756030201,1.803774696119,
    10.254434051014));
#4396 = CARTESIAN_POINT('',(35.735652255278,1.803774696119,
    10.169439032964));
#4397 = CARTESIAN_POINT('',(35.717038665955,1.803774696119,
    10.08732170219));
#4398 = CARTESIAN_POINT('',(35.690687483725,1.803774696119,
    10.008450976565));
#4399 = CARTESIAN_POINT('',(35.656999469922,1.803774696119,
    9.932417367402));
#4400 = CARTESIAN_POINT('',(35.615932236517,1.803774696119,
    9.859343723463));
#4401 = CARTESIAN_POINT('',(35.567088966878,1.803774696119,
    9.789275237781));
#4402 = CARTESIAN_POINT('',(35.529531924853,1.803774696119,
    9.745921465476));
#4403 = CARTESIAN_POINT('',(35.510526759904,1.803774696119,
    9.723982954097));
#4404 = FACE_BOUND('',#4405,.T.);
#4405 = EDGE_LOOP('',(#4406,#4416,#4424,#4432,#4440,#4448,#4456,#4464,
    #4472,#4480,#4488,#4496));
#4406 = ORIENTED_EDGE('',*,*,#4407,.T.);
#4407 = EDGE_CURVE('',#4408,#4410,#4412,.T.);
#4408 = VERTEX_POINT('',#4409);
#4409 = CARTESIAN_POINT('',(30.375956447404,1.803774696119,
    9.466395814674));
#4410 = VERTEX_POINT('',#4411);
#4411 = CARTESIAN_POINT('',(30.375956447404,1.803774696119,
    8.764232353135));
#4412 = LINE('',#4413,#4414);
#4413 = CARTESIAN_POINT('',(30.375956447404,1.803774696119,
    9.466395814674));
#4414 = VECTOR('',#4415,1.);
#4415 = DIRECTION('',(0.,2.331468351713E-15,-1.));
#4416 = ORIENTED_EDGE('',*,*,#4417,.T.);
#4417 = EDGE_CURVE('',#4410,#4418,#4420,.T.);
#4418 = VERTEX_POINT('',#4419);
#4419 = CARTESIAN_POINT('',(30.162254524327,1.803774696119,
    8.764232353135));
#4420 = LINE('',#4421,#4422);
#4421 = CARTESIAN_POINT('',(30.375956447404,1.803774696119,
    8.764232353135));
#4422 = VECTOR('',#4423,1.);
#4423 = DIRECTION('',(-1.,0.,0.));
#4424 = ORIENTED_EDGE('',*,*,#4425,.T.);
#4425 = EDGE_CURVE('',#4418,#4426,#4428,.T.);
#4426 = VERTEX_POINT('',#4427);
#4427 = CARTESIAN_POINT('',(30.162254524327,1.803774696119,
    9.466395814674));
#4428 = LINE('',#4429,#4430);
#4429 = CARTESIAN_POINT('',(30.162254524327,1.803774696119,
    8.764232353135));
#4430 = VECTOR('',#4431,1.);
#4431 = DIRECTION('',(0.,-2.331468351713E-15,1.));
#4432 = ORIENTED_EDGE('',*,*,#4433,.T.);
#4433 = EDGE_CURVE('',#4426,#4434,#4436,.T.);
#4434 = VERTEX_POINT('',#4435);
#4435 = CARTESIAN_POINT('',(29.856966062789,1.803774696119,
    9.466395814674));
#4436 = LINE('',#4437,#4438);
#4437 = CARTESIAN_POINT('',(30.162254524327,1.803774696119,
    9.466395814674));
#4438 = VECTOR('',#4439,1.);
#4439 = DIRECTION('',(-1.,0.,0.));
#4440 = ORIENTED_EDGE('',*,*,#4441,.T.);
#4441 = EDGE_CURVE('',#4434,#4442,#4444,.T.);
#4442 = VERTEX_POINT('',#4443);
#4443 = CARTESIAN_POINT('',(29.856966062789,1.803774696119,
    9.680097737751));
#4444 = LINE('',#4445,#4446);
#4445 = CARTESIAN_POINT('',(29.856966062788,1.803774696119,
    9.466395814674));
#4446 = VECTOR('',#4447,1.);
#4447 = DIRECTION('',(0.,-2.331468351713E-15,1.));
#4448 = ORIENTED_EDGE('',*,*,#4449,.T.);
#4449 = EDGE_CURVE('',#4442,#4450,#4452,.T.);
#4450 = VERTEX_POINT('',#4451);
#4451 = CARTESIAN_POINT('',(30.162254524327,1.803774696119,
    9.680097737751));
#4452 = LINE('',#4453,#4454);
#4453 = CARTESIAN_POINT('',(29.856966062788,1.803774696119,
    9.680097737751));
#4454 = VECTOR('',#4455,1.);
#4455 = DIRECTION('',(1.,0.,-0.));
#4456 = ORIENTED_EDGE('',*,*,#4457,.T.);
#4457 = EDGE_CURVE('',#4450,#4458,#4460,.T.);
#4458 = VERTEX_POINT('',#4459);
#4459 = CARTESIAN_POINT('',(30.162254524327,1.803774696119,
    11.206540045443));
#4460 = LINE('',#4461,#4462);
#4461 = CARTESIAN_POINT('',(30.162254524327,1.803774696119,
    9.680097737751));
#4462 = VECTOR('',#4463,1.);
#4463 = DIRECTION('',(0.,-2.331468351713E-15,1.));
#4464 = ORIENTED_EDGE('',*,*,#4465,.T.);
#4465 = EDGE_CURVE('',#4458,#4466,#4468,.T.);
#4466 = VERTEX_POINT('',#4467);
#4467 = CARTESIAN_POINT('',(30.375956447404,1.803774696119,
    11.206540045443));
#4468 = LINE('',#4469,#4470);
#4469 = CARTESIAN_POINT('',(30.162254524327,1.803774696119,
    11.206540045443));
#4470 = VECTOR('',#4471,1.);
#4471 = DIRECTION('',(1.,0.,-0.));
#4472 = ORIENTED_EDGE('',*,*,#4473,.T.);
#4473 = EDGE_CURVE('',#4466,#4474,#4476,.T.);
#4474 = VERTEX_POINT('',#4475);
#4475 = CARTESIAN_POINT('',(30.375956447404,1.803774696119,
    9.680097737751));
#4476 = LINE('',#4477,#4478);
#4477 = CARTESIAN_POINT('',(30.375956447404,1.803774696119,
    11.206540045443));
#4478 = VECTOR('',#4479,1.);
#4479 = DIRECTION('',(0.,2.331468351713E-15,-1.));
#4480 = ORIENTED_EDGE('',*,*,#4481,.T.);
#4481 = EDGE_CURVE('',#4474,#4482,#4484,.T.);
#4482 = VERTEX_POINT('',#4483);
#4483 = CARTESIAN_POINT('',(30.681244908942,1.803774696119,
    9.680097737751));
#4484 = LINE('',#4485,#4486);
#4485 = CARTESIAN_POINT('',(30.375956447404,1.803774696119,
    9.680097737751));
#4486 = VECTOR('',#4487,1.);
#4487 = DIRECTION('',(1.,0.,-0.));
#4488 = ORIENTED_EDGE('',*,*,#4489,.T.);
#4489 = EDGE_CURVE('',#4482,#4490,#4492,.T.);
#4490 = VERTEX_POINT('',#4491);
#4491 = CARTESIAN_POINT('',(30.681244908942,1.803774696119,
    9.466395814674));
#4492 = LINE('',#4493,#4494);
#4493 = CARTESIAN_POINT('',(30.681244908942,1.803774696119,
    9.680097737751));
#4494 = VECTOR('',#4495,1.);
#4495 = DIRECTION('',(0.,2.331468351713E-15,-1.));
#4496 = ORIENTED_EDGE('',*,*,#4497,.T.);
#4497 = EDGE_CURVE('',#4490,#4408,#4498,.T.);
#4498 = LINE('',#4499,#4500);
#4499 = CARTESIAN_POINT('',(30.681244908942,1.803774696119,
    9.466395814674));
#4500 = VECTOR('',#4501,1.);
#4501 = DIRECTION('',(-1.,0.,0.));
#4502 = FACE_BOUND('',#4503,.T.);
#4503 = EDGE_LOOP('',(#4504,#4526,#4534,#4554,#4578,#4594,#4610,#4626,
    #4642,#4650));
#4504 = ORIENTED_EDGE('',*,*,#4505,.T.);
#4505 = EDGE_CURVE('',#4506,#4508,#4510,.T.);
#4506 = VERTEX_POINT('',#4507);
#4507 = CARTESIAN_POINT('',(28.703071080817,1.803774696119,
    11.02336696852));
#4508 = VERTEX_POINT('',#4509);
#4509 = CARTESIAN_POINT('',(28.062442324808,1.803774696119,
    10.657020814674));
#4510 = B_SPLINE_CURVE_WITH_KNOTS('',3,(#4511,#4512,#4513,#4514,#4515,
    #4516,#4517,#4518,#4519,#4520,#4521,#4522,#4523,#4524,#4525),
  .UNSPECIFIED.,.F.,.F.,(4,1,1,1,1,1,1,1,1,1,1,1,4),(0.,
    8.259226333144E-02,0.163878894098,0.24565873963,0.327725695354,
    0.40860996091,0.485749085954,0.559169056197,0.630268475858,
    0.705306028432,0.792064966097,0.88979643741,1.),.UNSPECIFIED.);
#4511 = CARTESIAN_POINT('',(28.703071080817,1.803774696119,
    11.02336696852));
#4512 = CARTESIAN_POINT('',(28.681741103608,1.803774696119,
    11.022953272828));
#4513 = CARTESIAN_POINT('',(28.639418337102,1.803774696119,
    11.022132421216));
#4514 = CARTESIAN_POINT('',(28.576389468088,1.803774696119,
    11.014150531829));
#4515 = CARTESIAN_POINT('',(28.514382039625,1.803774696119,
    11.001243969308));
#4516 = CARTESIAN_POINT('',(28.453652692081,1.803774696119,
    10.983629529626));
#4517 = CARTESIAN_POINT('',(28.395433955841,1.803774696119,
    10.962145992746));
#4518 = CARTESIAN_POINT('',(28.341518679818,1.803774696119,
    10.936222441381));
#4519 = CARTESIAN_POINT('',(28.291934104543,1.803774696119,
    10.907545560115));
#4520 = CARTESIAN_POINT('',(28.245590239777,1.803774696119,
    10.874745763341));
#4521 = CARTESIAN_POINT('',(28.200638367514,1.803774696119,
    10.834599121827));
#4522 = CARTESIAN_POINT('',(28.156046068721,1.803774696119,
    10.784500533083));
#4523 = CARTESIAN_POINT('',(28.108232845629,1.803774696119,
    10.725249911501));
#4524 = CARTESIAN_POINT('',(28.078304211995,1.803774696119,
    10.68065544947));
#4525 = CARTESIAN_POINT('',(28.062442324808,1.803774696119,
    10.657020814674));
#4526 = ORIENTED_EDGE('',*,*,#4527,.T.);
#4527 = EDGE_CURVE('',#4508,#4528,#4530,.T.);
#4528 = VERTEX_POINT('',#4529);
#4529 = CARTESIAN_POINT('',(27.872591062789,1.803774696119,
    10.756716577895));
#4530 = LINE('',#4531,#4532);
#4531 = CARTESIAN_POINT('',(28.062442324808,1.803774696119,
    10.657020814674));
#4532 = VECTOR('',#4533,1.);
#4533 = DIRECTION('',(-0.885352122396,-1.083948805978E-15,0.464921089399
    ));
#4534 = ORIENTED_EDGE('',*,*,#4535,.T.);
#4535 = EDGE_CURVE('',#4528,#4536,#4538,.T.);
#4536 = VERTEX_POINT('',#4537);
#4537 = CARTESIAN_POINT('',(28.676358340433,1.803774696119,
    11.237068891597));
#4538 = B_SPLINE_CURVE_WITH_KNOTS('',3,(#4539,#4540,#4541,#4542,#4543,
    #4544,#4545,#4546,#4547,#4548,#4549,#4550,#4551,#4552,#4553),
  .UNSPECIFIED.,.F.,.F.,(4,1,1,1,1,1,1,1,1,1,1,1,4),(0.,
    9.336985673619E-02,0.181660766071,0.265874227043,0.346354784034,
    0.424599861718,0.501903183837,0.579992090987,0.658443430529,
    0.738672236488,0.821894148436,0.908800792047,1.),.UNSPECIFIED.);
#4539 = CARTESIAN_POINT('',(27.872591062788,1.803774696119,
    10.756716577895));
#4540 = CARTESIAN_POINT('',(27.887719889193,1.803774696119,
    10.783552130066));
#4541 = CARTESIAN_POINT('',(27.917154594251,1.803774696119,
    10.835763487519));
#4542 = CARTESIAN_POINT('',(27.967773674513,1.803774696119,
    10.907494806876));
#4543 = CARTESIAN_POINT('',(28.020836138177,1.803774696119,
    10.97202512783));
#4544 = CARTESIAN_POINT('',(28.078737230694,1.803774696119,
    11.027630481906));
#4545 = CARTESIAN_POINT('',(28.139744637268,1.803774696119,
    11.076106870611));
#4546 = CARTESIAN_POINT('',(28.204196675613,1.803774696119,
    11.118518854929));
#4547 = CARTESIAN_POINT('',(28.272428889108,1.803774696119,
    11.154658419664));
#4548 = CARTESIAN_POINT('',(28.344444505431,1.803774696119,
    11.185106121663));
#4549 = CARTESIAN_POINT('',(28.420848307189,1.803774696119,
    11.208516866762));
#4550 = CARTESIAN_POINT('',(28.501825446033,1.803774696119,
    11.225052417067));
#4551 = CARTESIAN_POINT('',(28.58753105271,1.803774696119,
    11.235273605202));
#4552 = CARTESIAN_POINT('',(28.646277292941,1.803774696119,
    11.236460924195));
#4553 = CARTESIAN_POINT('',(28.676358340433,1.803774696119,
    11.237068891597));
#4554 = ORIENTED_EDGE('',*,*,#4555,.T.);
#4555 = EDGE_CURVE('',#4536,#4556,#4558,.T.);
#4556 = VERTEX_POINT('',#4557);
#4557 = CARTESIAN_POINT('',(29.55167760125,1.803774696119,10.34123806227
    ));
#4558 = B_SPLINE_CURVE_WITH_KNOTS('',3,(#4559,#4560,#4561,#4562,#4563,
    #4564,#4565,#4566,#4567,#4568,#4569,#4570,#4571,#4572,#4573,#4574,
    #4575,#4576,#4577),.UNSPECIFIED.,.F.,.F.,(4,1,1,1,1,1,1,1,1,1,1,1,1,
    1,1,1,4),(0.,7.157865768914E-02,0.139629224693,0.204796697397,
    0.268134963397,0.329813746987,0.391301397775,0.453433515097,
    0.51655169032,0.579631270705,0.641118921493,0.701294046699,
    0.760810335676,0.819931721778,0.878919575499,0.93898282225,1.),
  .UNSPECIFIED.);
#4559 = CARTESIAN_POINT('',(28.676358340433,1.803774696119,
    11.237068891597));
#4560 = CARTESIAN_POINT('',(28.709792435863,1.803774696119,
    11.236288402667));
#4561 = CARTESIAN_POINT('',(28.775012670133,1.803774696119,
    11.234765894875));
#4562 = CARTESIAN_POINT('',(28.869949533794,1.803774696119,
    11.221640128893));
#4563 = CARTESIAN_POINT('',(28.959334459525,1.803774696119,
    11.200227684853));
#4564 = CARTESIAN_POINT('',(29.043162421986,1.803774696119,
    11.17031541466));
#4565 = CARTESIAN_POINT('',(29.121228133114,1.803774696119,
    11.13124432452));
#4566 = CARTESIAN_POINT('',(29.193686750406,1.803774696119,
    11.083646891365));
#4567 = CARTESIAN_POINT('',(29.260919320685,1.803774696119,
    11.027767625228));
#4568 = CARTESIAN_POINT('',(29.320807220148,1.803774696119,
    10.963122509213));
#4569 = CARTESIAN_POINT('',(29.374721361778,1.803774696119,
    10.893942463267));
#4570 = CARTESIAN_POINT('',(29.422295892869,1.803774696119,
    10.82185462043));
#4571 = CARTESIAN_POINT('',(29.462067823636,1.803774696119,
    10.747040355207));
#4572 = CARTESIAN_POINT('',(29.494420581644,1.803774696119,
    10.669975945099));
#4573 = CARTESIAN_POINT('',(29.520549605847,1.803774696119,
    10.591147117528));
#4574 = CARTESIAN_POINT('',(29.538760523947,1.803774696119,
    10.509836636914));
#4575 = CARTESIAN_POINT('',(29.549258263199,1.803774696119,
    10.426264569779));
#4576 = CARTESIAN_POINT('',(29.550866930609,1.803774696119,
    10.369728703871));
#4577 = CARTESIAN_POINT('',(29.55167760125,1.803774696119,10.34123806227
    ));
#4578 = ORIENTED_EDGE('',*,*,#4579,.T.);
#4579 = EDGE_CURVE('',#4556,#4580,#4582,.T.);
#4580 = VERTEX_POINT('',#4581);
#4581 = CARTESIAN_POINT('',(29.351332048365,1.803774696119,
    9.760235958905));
#4582 = B_SPLINE_CURVE_WITH_KNOTS('',3,(#4583,#4584,#4585,#4586,#4587,
    #4588,#4589,#4590,#4591,#4592,#4593),.UNSPECIFIED.,.F.,.F.,(4,1,1,1,
    1,1,1,1,4),(0.,0.128044807961,0.253767900024,0.377428426581,
    0.500550841483,0.623295883242,0.746578331934,0.872347540605,1.),
  .UNSPECIFIED.);
#4583 = CARTESIAN_POINT('',(29.55167760125,1.803774696119,10.34123806227
    ));
#4584 = CARTESIAN_POINT('',(29.55095700688,1.803774696119,
    10.314503543718));
#4585 = CARTESIAN_POINT('',(29.549528884,1.803774696119,10.261519258458)
  );
#4586 = CARTESIAN_POINT('',(29.540527223291,1.803774696119,
    10.183097521911));
#4587 = CARTESIAN_POINT('',(29.524574009615,1.803774696119,
    10.10687816403));
#4588 = CARTESIAN_POINT('',(29.502682617785,1.803774696119,
    10.032797852109));
#4589 = CARTESIAN_POINT('',(29.47441293065,1.803774696119,9.960980621666
    ));
#4590 = CARTESIAN_POINT('',(29.439828867219,1.803774696119,
    9.891382764094));
#4591 = CARTESIAN_POINT('',(29.398876553044,1.803774696119,
    9.824078338581));
#4592 = CARTESIAN_POINT('',(29.367258537507,1.803774696119,
    9.781621920827));
#4593 = CARTESIAN_POINT('',(29.351332048365,1.803774696119,
    9.760235958905));
#4594 = ORIENTED_EDGE('',*,*,#4595,.T.);
#4595 = EDGE_CURVE('',#4580,#4596,#4598,.T.);
#4596 = VERTEX_POINT('',#4597);
#4597 = CARTESIAN_POINT('',(28.671111195,1.803774696119,9.43586696852));
#4598 = B_SPLINE_CURVE_WITH_KNOTS('',3,(#4599,#4600,#4601,#4602,#4603,
    #4604,#4605,#4606,#4607,#4608,#4609),.UNSPECIFIED.,.F.,.F.,(4,1,1,1,
    1,1,1,1,4),(0.,0.128835254488,0.253589334986,0.374643257314,
    0.495340042238,0.616324774636,0.739759335441,0.866842320381,1.),
  .UNSPECIFIED.);
#4599 = CARTESIAN_POINT('',(29.351332048365,1.803774696119,
    9.760235958905));
#4600 = CARTESIAN_POINT('',(29.329759499905,1.803774696119,
    9.734471602648));
#4601 = CARTESIAN_POINT('',(29.287297766588,1.803774696119,
    9.683759039574));
#4602 = CARTESIAN_POINT('',(29.215481746249,1.803774696119,
    9.617126000069));
#4603 = CARTESIAN_POINT('',(29.137716791237,1.803774696119,9.5613069316)
  );
#4604 = CARTESIAN_POINT('',(29.054977452766,1.803774696119,
    9.515037790763));
#4605 = CARTESIAN_POINT('',(28.966302101664,1.803774696119,
    9.479881255934));
#4606 = CARTESIAN_POINT('',(28.872882744726,1.803774696119,
    9.453682347308));
#4607 = CARTESIAN_POINT('',(28.773655658382,1.803774696119,
    9.439001593373));
#4608 = CARTESIAN_POINT('',(28.705820499205,1.803774696119,
    9.436927977998));
#4609 = CARTESIAN_POINT('',(28.671111195,1.803774696119,9.43586696852));
#4610 = ORIENTED_EDGE('',*,*,#4611,.T.);
#4611 = EDGE_CURVE('',#4596,#4612,#4614,.T.);
#4612 = VERTEX_POINT('',#4613);
#4613 = CARTESIAN_POINT('',(27.970378773125,1.803774696119,
    9.778362461308));
#4614 = B_SPLINE_CURVE_WITH_KNOTS('',3,(#4615,#4616,#4617,#4618,#4619,
    #4620,#4621,#4622,#4623,#4624,#4625),.UNSPECIFIED.,.F.,.F.,(4,1,1,1,
    1,1,1,1,4),(0.,0.132040234426,0.259032840779,0.381879823925,
    0.502258443715,0.622752189527,0.744742631859,0.870108927342,1.),
  .UNSPECIFIED.);
#4615 = CARTESIAN_POINT('',(28.671111195,1.803774696119,9.43586696852));
#4616 = CARTESIAN_POINT('',(28.635428092106,1.803774696119,
    9.436788205356));
#4617 = CARTESIAN_POINT('',(28.565425978351,1.803774696119,
    9.438595462027));
#4618 = CARTESIAN_POINT('',(28.463350553146,1.803774696119,
    9.455350163865));
#4619 = CARTESIAN_POINT('',(28.366766565642,1.803774696119,
    9.481919848309));
#4620 = CARTESIAN_POINT('',(28.275712665389,1.803774696119,
    9.519444123631));
#4621 = CARTESIAN_POINT('',(28.190179620841,1.803774696119,
    9.567858032975));
#4622 = CARTESIAN_POINT('',(28.110723397827,1.803774696119,
    9.627825964411));
#4623 = CARTESIAN_POINT('',(28.035985136611,1.803774696119,
    9.697506841612));
#4624 = CARTESIAN_POINT('',(27.992504478499,1.803774696119,9.75109395374
    ));
#4625 = CARTESIAN_POINT('',(27.970378773125,1.803774696119,
    9.778362461308));
#4626 = ORIENTED_EDGE('',*,*,#4627,.T.);
#4627 = EDGE_CURVE('',#4612,#4628,#4630,.T.);
#4628 = VERTEX_POINT('',#4629);
#4629 = CARTESIAN_POINT('',(27.781004524327,1.803774696119,
    10.382261199289));
#4630 = B_SPLINE_CURVE_WITH_KNOTS('',3,(#4631,#4632,#4633,#4634,#4635,
    #4636,#4637,#4638,#4639,#4640,#4641),.UNSPECIFIED.,.F.,.F.,(4,1,1,1,
    1,1,1,1,4),(0.,0.118521840013,0.236254763162,0.356174433991,
    0.477249654899,0.601539870822,0.729618382168,0.862158266141,1.),
  .UNSPECIFIED.);
#4631 = CARTESIAN_POINT('',(27.970378773125,1.803774696119,
    9.778362461308));
#4632 = CARTESIAN_POINT('',(27.955324552595,1.803774696119,
    9.798911683644));
#4633 = CARTESIAN_POINT('',(27.925316316934,1.803774696119,
    9.839873346538));
#4634 = CARTESIAN_POINT('',(27.887728557803,1.803774696119,
    9.906664794494));
#4635 = CARTESIAN_POINT('',(27.855100401573,1.803774696119,
    9.976544681007));
#4636 = CARTESIAN_POINT('',(27.82902029774,1.803774696119,
    10.050642579561));
#4637 = CARTESIAN_POINT('',(27.80790235139,1.803774696119,
    10.128080543929));
#4638 = CARTESIAN_POINT('',(27.792623694355,1.803774696119,10.2094121681
    ));
#4639 = CARTESIAN_POINT('',(27.783663650284,1.803774696119,
    10.294613232794));
#4640 = CARTESIAN_POINT('',(27.781902411552,1.803774696119,
    10.352665764288));
#4641 = CARTESIAN_POINT('',(27.781004524327,1.803774696119,
    10.382261199289));
#4642 = ORIENTED_EDGE('',*,*,#4643,.T.);
#4643 = EDGE_CURVE('',#4628,#4644,#4646,.T.);
#4644 = VERTEX_POINT('',#4645);
#4645 = CARTESIAN_POINT('',(29.337975678173,1.803774696119,
    10.382261199289));
#4646 = LINE('',#4647,#4648);
#4647 = CARTESIAN_POINT('',(27.781004524327,1.803774696119,
    10.382261199289));
#4648 = VECTOR('',#4649,1.);
#4649 = DIRECTION('',(1.,0.,-0.));
#4650 = ORIENTED_EDGE('',*,*,#4651,.T.);
#4651 = EDGE_CURVE('',#4644,#4506,#4652,.T.);
#4652 = B_SPLINE_CURVE_WITH_KNOTS('',3,(#4653,#4654,#4655,#4656,#4657,
    #4658,#4659,#4660,#4661,#4662,#4663,#4664,#4665,#4666,#4667,#4668,
    #4669,#4670,#4671),.UNSPECIFIED.,.F.,.F.,(4,1,1,1,1,1,1,1,1,1,1,1,1,
    1,1,1,4),(0.,6.838461510377E-02,0.134475587543,0.198391057784,
    0.260753477448,0.321829222808,0.38303723848,0.444653123106,
    0.507398011204,0.569825237973,0.630777640631,0.690928686524,
    0.750945132692,0.811049476729,0.872330852547,0.935004093589,1.),
  .UNSPECIFIED.);
#4653 = CARTESIAN_POINT('',(29.337975678173,1.803774696119,
    10.382261199289));
#4654 = CARTESIAN_POINT('',(29.336928195942,1.803774696119,
    10.405189550857));
#4655 = CARTESIAN_POINT('',(29.334868364381,1.803774696119,
    10.45027722948));
#4656 = CARTESIAN_POINT('',(29.325265025905,1.803774696119,
    10.516251994398));
#4657 = CARTESIAN_POINT('',(29.310127913748,1.803774696119,
    10.579098857549));
#4658 = CARTESIAN_POINT('',(29.288853783631,1.803774696119,
    10.638346427177));
#4659 = CARTESIAN_POINT('',(29.263090804985,1.803774696119,
    10.694768531791));
#4660 = CARTESIAN_POINT('',(29.231531951243,1.803774696119,
    10.747946631942));
#4661 = CARTESIAN_POINT('',(29.193881290429,1.803774696119,
    10.797638509351));
#4662 = CARTESIAN_POINT('',(29.151885769955,1.803774696119,
    10.844288651178));
#4663 = CARTESIAN_POINT('',(29.105140406878,1.803774696119,
    10.885831776187));
#4664 = CARTESIAN_POINT('',(29.055962323501,1.803774696119,
    10.923014502518));
#4665 = CARTESIAN_POINT('',(29.003647237321,1.803774696119,
    10.954178667435));
#4666 = CARTESIAN_POINT('',(28.948607648372,1.803774696119,10.979474271)
  );
#4667 = CARTESIAN_POINT('',(28.890932558837,1.803774696119,
    10.999276961033));
#4668 = CARTESIAN_POINT('',(28.830603797517,1.803774696119,
    11.012794174747));
#4669 = CARTESIAN_POINT('',(28.767740079068,1.803774696119,
    11.02184775996));
#4670 = CARTESIAN_POINT('',(28.724887285021,1.803774696119,
    11.022854460749));
#4671 = CARTESIAN_POINT('',(28.703071080817,1.803774696119,
    11.02336696852));
#4672 = FACE_BOUND('',#4673,.T.);
#4673 = EDGE_LOOP('',(#4674,#4696,#4704,#4720,#4744,#4764,#4780,#4788,
    #4812,#4836));
#4674 = ORIENTED_EDGE('',*,*,#4675,.T.);
#4675 = EDGE_CURVE('',#4676,#4678,#4680,.T.);
#4676 = VERTEX_POINT('',#4677);
#4677 = CARTESIAN_POINT('',(26.440597372885,1.803774696119,9.43586696852
    ));
#4678 = VERTEX_POINT('',#4679);
#4679 = CARTESIAN_POINT('',(25.643985293558,1.803774696119,
    9.843713272606));
#4680 = B_SPLINE_CURVE_WITH_KNOTS('',3,(#4681,#4682,#4683,#4684,#4685,
    #4686,#4687,#4688,#4689,#4690,#4691,#4692,#4693,#4694,#4695),
  .UNSPECIFIED.,.F.,.F.,(4,1,1,1,1,1,1,1,1,1,1,1,4),(0.,
    9.126880443432E-02,0.182081404553,0.271909654527,0.362049458505,
    0.450066348425,0.533976473971,0.613602453741,0.690197614265,
    0.7654128769,0.841436550693,0.919732748606,1.),.UNSPECIFIED.);
#4681 = CARTESIAN_POINT('',(26.440597372885,1.803774696119,9.43586696852
    ));
#4682 = CARTESIAN_POINT('',(26.412103942232,1.803774696119,9.43649418369
    ));
#4683 = CARTESIAN_POINT('',(26.355259504465,1.803774696119,
    9.437745478915));
#4684 = CARTESIAN_POINT('',(26.270935559399,1.803774696119,
    9.448276490515));
#4685 = CARTESIAN_POINT('',(26.187853615005,1.803774696119,
    9.464153588109));
#4686 = CARTESIAN_POINT('',(26.107471389235,1.803774696119,
    9.487675459792));
#4687 = CARTESIAN_POINT('',(26.030763492805,1.803774696119,
    9.516157696988));
#4688 = CARTESIAN_POINT('',(25.958961695441,1.803774696119,
    9.548143133021));
#4689 = CARTESIAN_POINT('',(25.893756196201,1.803774696119,
    9.585286961417));
#4690 = CARTESIAN_POINT('',(25.833934032876,1.803774696119,9.62591796782
    ));
#4691 = CARTESIAN_POINT('',(25.779383325535,1.803774696119,
    9.671747441177));
#4692 = CARTESIAN_POINT('',(25.729544108265,1.803774696119,
    9.723323246127));
#4693 = CARTESIAN_POINT('',(25.683394361214,1.803774696119,
    9.780376961354));
#4694 = CARTESIAN_POINT('',(25.657230062892,1.803774696119,
    9.822426932103));
#4695 = CARTESIAN_POINT('',(25.643985293558,1.803774696119,
    9.843713272606));
#4696 = ORIENTED_EDGE('',*,*,#4697,.T.);
#4697 = EDGE_CURVE('',#4678,#4698,#4700,.T.);
#4698 = VERTEX_POINT('',#4699);
#4699 = CARTESIAN_POINT('',(25.82286525149,1.803774696119,9.954857353135
    ));
#4700 = LINE('',#4701,#4702);
#4701 = CARTESIAN_POINT('',(25.643985293558,1.803774696119,
    9.843713272606));
#4702 = VECTOR('',#4703,1.);
#4703 = DIRECTION('',(0.849395098773,-1.23044988074E-15,0.527757488038)
  );
#4704 = ORIENTED_EDGE('',*,*,#4705,.T.);
#4705 = EDGE_CURVE('',#4698,#4706,#4708,.T.);
#4706 = VERTEX_POINT('',#4707);
#4707 = CARTESIAN_POINT('',(26.456338809183,1.803774696119,
    9.649568891597));
#4708 = B_SPLINE_CURVE_WITH_KNOTS('',3,(#4709,#4710,#4711,#4712,#4713,
    #4714,#4715,#4716,#4717,#4718,#4719),.UNSPECIFIED.,.F.,.F.,(4,1,1,1,
    1,1,1,1,4),(0.,0.128324237769,0.252584475062,0.373506483311,
    0.493364451386,0.614608597343,0.738470244236,0.86599471787,1.),
  .UNSPECIFIED.);
#4709 = CARTESIAN_POINT('',(25.82286525149,1.803774696119,9.954857353135
    ));
#4710 = CARTESIAN_POINT('',(25.842479856328,1.803774696119,9.93048124947
    ));
#4711 = CARTESIAN_POINT('',(25.881087875768,1.803774696119,
    9.882501027999));
#4712 = CARTESIAN_POINT('',(25.948129749069,1.803774696119,
    9.820581769825));
#4713 = CARTESIAN_POINT('',(26.019575014815,1.803774696119,
    9.767400264622));
#4714 = CARTESIAN_POINT('',(26.096644543707,1.803774696119,
    9.724058962634));
#4715 = CARTESIAN_POINT('',(26.179230239814,1.803774696119,
    9.690570797294));
#4716 = CARTESIAN_POINT('',(26.267006415397,1.803774696119,
    9.666873818193));
#4717 = CARTESIAN_POINT('',(26.359960553555,1.803774696119,
    9.652107181554));
#4718 = CARTESIAN_POINT('',(26.423686340756,1.803774696119,
    9.650428851472));
#4719 = CARTESIAN_POINT('',(26.456338809183,1.803774696119,
    9.649568891597));
#4720 = ORIENTED_EDGE('',*,*,#4721,.T.);
#4721 = EDGE_CURVE('',#4706,#4722,#4724,.T.);
#4722 = VERTEX_POINT('',#4723);
#4723 = CARTESIAN_POINT('',(27.200956447404,1.803774696119,
    10.331697797847));
#4724 = B_SPLINE_CURVE_WITH_KNOTS('',3,(#4725,#4726,#4727,#4728,#4729,
    #4730,#4731,#4732,#4733,#4734,#4735,#4736,#4737,#4738,#4739,#4740,
    #4741,#4742,#4743),.UNSPECIFIED.,.F.,.F.,(4,1,1,1,1,1,1,1,1,1,1,1,1,
    1,1,1,4),(0.,6.952164132605E-02,0.136920982261,0.201969242865,
    0.265461550385,0.328247884513,0.39081671667,0.453550175679,
    0.517541981632,0.580738371917,0.641921509174,0.701596724409,
    0.760312880246,0.818756513015,0.877718079536,0.938094053028,1.),
  .UNSPECIFIED.);
#4725 = CARTESIAN_POINT('',(26.456338809183,1.803774696119,
    9.649568891597));
#4726 = CARTESIAN_POINT('',(26.48243659951,1.803774696119,9.650287921743
    ));
#4727 = CARTESIAN_POINT('',(26.533835487947,1.803774696119,
    9.651704032065));
#4728 = CARTESIAN_POINT('',(26.609291281631,1.803774696119,
    9.660555814149));
#4729 = CARTESIAN_POINT('',(26.681165811173,1.803774696119,
    9.676640823372));
#4730 = CARTESIAN_POINT('',(26.749909579193,1.803774696119,
    9.697834599264));
#4731 = CARTESIAN_POINT('',(26.815033649658,1.803774696119,
    9.726239707241));
#4732 = CARTESIAN_POINT('',(26.87670864953,1.803774696119,9.760808487745
    ));
#4733 = CARTESIAN_POINT('',(26.935481634692,1.803774696119,
    9.800983604456));
#4734 = CARTESIAN_POINT('',(26.989649453354,1.803774696119,
    9.847527207664));
#4735 = CARTESIAN_POINT('',(27.03919918853,1.803774696119,9.898144872618
    ));
#4736 = CARTESIAN_POINT('',(27.082128985403,1.803774696119,
    9.952405868927));
#4737 = CARTESIAN_POINT('',(27.119505720308,1.803774696119,
    10.008684937766));
#4738 = CARTESIAN_POINT('',(27.148833165603,1.803774696119,
    10.068387462385));
#4739 = CARTESIAN_POINT('',(27.172832879802,1.803774696119,
    10.130147598619));
#4740 = CARTESIAN_POINT('',(27.188621737642,1.803774696119,
    10.195131132573));
#4741 = CARTESIAN_POINT('',(27.199143253629,1.803774696119,
    10.26250554487));
#4742 = CARTESIAN_POINT('',(27.200347028992,1.803774696119,
    10.308442129581));
#4743 = CARTESIAN_POINT('',(27.200956447404,1.803774696119,
    10.331697797847));
#4744 = ORIENTED_EDGE('',*,*,#4745,.T.);
#4745 = EDGE_CURVE('',#4722,#4746,#4748,.T.);
#4746 = VERTEX_POINT('',#4747);
#4747 = CARTESIAN_POINT('',(26.454907769519,1.803774696119,
    11.02336696852));
#4748 = B_SPLINE_CURVE_WITH_KNOTS('',3,(#4749,#4750,#4751,#4752,#4753,
    #4754,#4755,#4756,#4757,#4758,#4759,#4760,#4761,#4762,#4763),
  .UNSPECIFIED.,.F.,.F.,(4,1,1,1,1,1,1,1,1,1,1,1,4),(0.,
    8.052524235254E-02,0.159965476945,0.240321361295,0.322528527629,
    0.405023583207,0.4865966364,0.567865473629,0.651332773385,
    0.736237567294,0.82152906901,0.909004906074,1.),.UNSPECIFIED.);
#4749 = CARTESIAN_POINT('',(27.200956447404,1.803774696119,
    10.331697797847));
#4750 = CARTESIAN_POINT('',(27.199745920453,1.803774696119,
    10.362156850352));
#4751 = CARTESIAN_POINT('',(27.197341177351,1.803774696119,
    10.422664546062));
#4752 = CARTESIAN_POINT('',(27.178494291375,1.803774696119,
    10.511980540305));
#4753 = CARTESIAN_POINT('',(27.147643899969,1.803774696119,
    10.598333979638));
#4754 = CARTESIAN_POINT('',(27.105422398004,1.803774696119,
    10.681111765788));
#4755 = CARTESIAN_POINT('',(27.052029919055,1.803774696119,
    10.757716003568));
#4756 = CARTESIAN_POINT('',(26.989319657239,1.803774696119,
    10.826420818069));
#4757 = CARTESIAN_POINT('',(26.91725685238,1.803774696119,
    10.885894937271));
#4758 = CARTESIAN_POINT('',(26.836476463059,1.803774696119,
    10.93520213737));
#4759 = CARTESIAN_POINT('',(26.748875212609,1.803774696119,
    10.974840674977));
#4760 = CARTESIAN_POINT('',(26.655400873486,1.803774696119,
    11.003080485386));
#4761 = CARTESIAN_POINT('',(26.556817272862,1.803774696119,
    11.020125045999));
#4762 = CARTESIAN_POINT('',(26.489321253859,1.803774696119,
    11.022272214388));
#4763 = CARTESIAN_POINT('',(26.454907769519,1.803774696119,
    11.02336696852));
#4764 = ORIENTED_EDGE('',*,*,#4765,.T.);
#4765 = EDGE_CURVE('',#4746,#4766,#4768,.T.);
#4766 = VERTEX_POINT('',#4767);
#4767 = CARTESIAN_POINT('',(25.82286525149,1.803774696119,
    10.718078506982));
#4768 = B_SPLINE_CURVE_WITH_KNOTS('',3,(#4769,#4770,#4771,#4772,#4773,
    #4774,#4775,#4776,#4777,#4778,#4779),.UNSPECIFIED.,.F.,.F.,(4,1,1,1,
    1,1,1,1,4),(0.,0.129981078577,0.255447312027,0.377298344718,
    0.498441778542,0.619372125337,0.741856501958,0.868563689146,1.),
  .UNSPECIFIED.);
#4769 = CARTESIAN_POINT('',(26.454907769519,1.803774696119,
    11.02336696852));
#4770 = CARTESIAN_POINT('',(26.423369688719,1.803774696119,
    11.022482846321));
#4771 = CARTESIAN_POINT('',(26.361388990797,1.803774696119,
    11.020745311582));
#4772 = CARTESIAN_POINT('',(26.270787677205,1.803774696119,
    11.006097927604));
#4773 = CARTESIAN_POINT('',(26.184532059287,1.803774696119,
    10.982119669736));
#4774 = CARTESIAN_POINT('',(26.102625202771,1.803774696119,
    10.948681714971));
#4775 = CARTESIAN_POINT('',(26.025216775507,1.803774696119,
    10.905460315759));
#4776 = CARTESIAN_POINT('',(25.952806926143,1.803774696119,
    10.852148094189));
#4777 = CARTESIAN_POINT('',(25.883954825279,1.803774696119,
    10.790278728615));
#4778 = CARTESIAN_POINT('',(25.843475632283,1.803774696119,
    10.742437394577));
#4779 = CARTESIAN_POINT('',(25.82286525149,1.803774696119,
    10.718078506981));
#4780 = ORIENTED_EDGE('',*,*,#4781,.T.);
#4781 = EDGE_CURVE('',#4766,#4782,#4784,.T.);
#4782 = VERTEX_POINT('',#4783);
#4783 = CARTESIAN_POINT('',(25.643985293558,1.803774696119,
    10.835423759385));
#4784 = LINE('',#4785,#4786);
#4785 = CARTESIAN_POINT('',(25.82286525149,1.803774696119,
    10.718078506981));
#4786 = VECTOR('',#4787,1.);
#4787 = DIRECTION('',(-0.8361437835,-1.278834456275E-15,0.548510321976)
  );
#4788 = ORIENTED_EDGE('',*,*,#4789,.T.);
#4789 = EDGE_CURVE('',#4782,#4790,#4792,.T.);
#4790 = VERTEX_POINT('',#4791);
#4791 = CARTESIAN_POINT('',(26.458246862067,1.803774696119,
    11.237068891597));
#4792 = B_SPLINE_CURVE_WITH_KNOTS('',3,(#4793,#4794,#4795,#4796,#4797,
    #4798,#4799,#4800,#4801,#4802,#4803,#4804,#4805,#4806,#4807,#4808,
    #4809,#4810,#4811),.UNSPECIFIED.,.F.,.F.,(4,1,1,1,1,1,1,1,1,1,1,1,1,
    1,1,1,4),(0.,5.963339613625E-02,0.119068861505,0.178196546216,
    0.236956647552,0.295931988076,0.355855768743,0.416473305117,
    0.477741599732,0.539902990454,0.602537515124,0.665422385077,
    0.729765256045,0.794828770842,0.86182653997,0.930010932434,1.),
  .UNSPECIFIED.);
#4793 = CARTESIAN_POINT('',(25.643985293558,1.803774696119,
    10.835423759385));
#4794 = CARTESIAN_POINT('',(25.654590498102,1.803774696119,
    10.850997628949));
#4795 = CARTESIAN_POINT('',(25.67576570718,1.803774696119,
    10.882093676437));
#4796 = CARTESIAN_POINT('',(25.711163073783,1.803774696119,
    10.925938691529));
#4797 = CARTESIAN_POINT('',(25.749344602139,1.803774696119,
    10.966978978952));
#4798 = CARTESIAN_POINT('',(25.790161334128,1.803774696119,
    11.005159526522));
#4799 = CARTESIAN_POINT('',(25.833080310457,1.803774696119,
    11.041394000308));
#4800 = CARTESIAN_POINT('',(25.879567691807,1.803774696119,
    11.073950160824));
#4801 = CARTESIAN_POINT('',(25.92812451675,1.803774696119,
    11.104657959851));
#4802 = CARTESIAN_POINT('',(25.979320818701,1.803774696119,
    11.132289217546));
#4803 = CARTESIAN_POINT('',(26.032627275742,1.803774696119,
    11.157126554168));
#4804 = CARTESIAN_POINT('',(26.08796887939,1.803774696119,11.17848376139
    ));
#4805 = CARTESIAN_POINT('',(26.145105144825,1.803774696119,
    11.196833065586));
#4806 = CARTESIAN_POINT('',(26.204103250761,1.803774696119,
    11.211418117587));
#4807 = CARTESIAN_POINT('',(26.265079510146,1.803774696119,
    11.223059598767));
#4808 = CARTESIAN_POINT('',(26.32787622571,1.803774696119,
    11.230784170724));
#4809 = CARTESIAN_POINT('',(26.392471769622,1.803774696119,
    11.236550388772));
#4810 = CARTESIAN_POINT('',(26.436131751137,1.803774696119,
    11.236894558927));
#4811 = CARTESIAN_POINT('',(26.458246862067,1.803774696119,
    11.237068891597));
#4812 = ORIENTED_EDGE('',*,*,#4813,.T.);
#4813 = EDGE_CURVE('',#4790,#4814,#4816,.T.);
#4814 = VERTEX_POINT('',#4815);
#4815 = CARTESIAN_POINT('',(27.414658370481,1.803774696119,
    10.350778326693));
#4816 = B_SPLINE_CURVE_WITH_KNOTS('',3,(#4817,#4818,#4819,#4820,#4821,
    #4822,#4823,#4824,#4825,#4826,#4827,#4828,#4829,#4830,#4831,#4832,
    #4833,#4834,#4835),.UNSPECIFIED.,.F.,.F.,(4,1,1,1,1,1,1,1,1,1,1,1,1,
    1,1,1,4),(0.,6.955854372741E-02,0.136335250558,0.201095766118,
    0.26444995478,0.327004991157,0.38939138744,0.451976490303,
    0.515669982885,0.578973246463,0.6401670288,0.699739843425,
    0.758684985426,0.817820401291,0.876983987481,0.937634284862,1.),
  .UNSPECIFIED.);
#4817 = CARTESIAN_POINT('',(26.458246862067,1.803774696119,
    11.237068891597));
#4818 = CARTESIAN_POINT('',(26.491999981145,1.803774696119,
    11.236462503019));
#4819 = CARTESIAN_POINT('',(26.558156339515,1.803774696119,
    11.235273977004));
#4820 = CARTESIAN_POINT('',(26.654986474159,1.803774696119,
    11.222205353562));
#4821 = CARTESIAN_POINT('',(26.747524344173,1.803774696119,
    11.202503832487));
#4822 = CARTESIAN_POINT('',(26.835738334146,1.803774696119,
    11.174225649235));
#4823 = CARTESIAN_POINT('',(26.919642177447,1.803774696119,
    11.137823293212));
#4824 = CARTESIAN_POINT('',(26.999157638253,1.803774696119,
    11.093357249537));
#4825 = CARTESIAN_POINT('',(27.074021429204,1.803774696119,
    11.040458263906));
#4826 = CARTESIAN_POINT('',(27.143493229624,1.803774696119,
    10.980067879745));
#4827 = CARTESIAN_POINT('',(27.20729810638,1.803774696119,
    10.914589872228));
#4828 = CARTESIAN_POINT('',(27.262084675172,1.803774696119,
    10.843934838777));
#4829 = CARTESIAN_POINT('',(27.309604403932,1.803774696119,
    10.770700483014));
#4830 = CARTESIAN_POINT('',(27.347763964486,1.803774696119,
    10.693269359045));
#4831 = CARTESIAN_POINT('',(27.378139819794,1.803774696119,
    10.612670596648));
#4832 = CARTESIAN_POINT('',(27.398894000528,1.803774696119,
    10.528258522689));
#4833 = CARTESIAN_POINT('',(27.412317268512,1.803774696119,
    10.440729042696));
#4834 = CARTESIAN_POINT('',(27.413870782079,1.803774696119,
    10.381039349727));
#4835 = CARTESIAN_POINT('',(27.414658370481,1.803774696119,
    10.350778326693));
#4836 = ORIENTED_EDGE('',*,*,#4837,.T.);
#4837 = EDGE_CURVE('',#4814,#4676,#4838,.T.);
#4838 = B_SPLINE_CURVE_WITH_KNOTS('',3,(#4839,#4840,#4841,#4842,#4843,
    #4844,#4845,#4846,#4847,#4848,#4849,#4850,#4851,#4852,#4853,#4854,
    #4855,#4856,#4857,#4858,#4859,#4860,#4861,#4862,#4863,#4864,#4865),
  .UNSPECIFIED.,.F.,.F.,(4,1,1,1,1,1,1,1,1,1,1,1,1,1,1,1,1,1,1,1,1,1,1,1
    ,4),(0.,4.129144695325E-02,8.213550321446E-02,0.122636035226,
    0.162830869755,0.203006600577,0.243526083162,0.284172936247,
    0.325409810796,0.366854666099,0.407550595166,0.448187374057,
    0.488682851084,0.52901496519,0.569842728695,0.611370238165,
    0.653237735282,0.695446119073,0.737751394547,0.780043360577,
    0.82280707039,0.865978142233,0.909595030166,0.954231404705,1.),
  .UNSPECIFIED.);
#4839 = CARTESIAN_POINT('',(27.414658370481,1.803774696119,
    10.350778326693));
#4840 = CARTESIAN_POINT('',(27.414358322002,1.803774696119,
    10.330246213183));
#4841 = CARTESIAN_POINT('',(27.413761476055,1.803774696119,
    10.289404450552));
#4842 = CARTESIAN_POINT('',(27.406915771647,1.803774696119,
    10.228787985542));
#4843 = CARTESIAN_POINT('',(27.39807216774,1.803774696119,10.16897877881
    ));
#4844 = CARTESIAN_POINT('',(27.383086800196,1.803774696119,
    10.110734955467));
#4845 = CARTESIAN_POINT('',(27.36577808472,1.803774696119,
    10.053173142045));
#4846 = CARTESIAN_POINT('',(27.343683124702,1.803774696119,
    9.996987139194));
#4847 = CARTESIAN_POINT('',(27.31776465066,1.803774696119,9.941915852858
    ));
#4848 = CARTESIAN_POINT('',(27.288337879372,1.803774696119,
    9.888101147539));
#4849 = CARTESIAN_POINT('',(27.25521214386,1.803774696119,9.836428335854
    ));
#4850 = CARTESIAN_POINT('',(27.218553661952,1.803774696119,
    9.787610217569));
#4851 = CARTESIAN_POINT('',(27.179743140346,1.803774696119,
    9.741060341414));
#4852 = CARTESIAN_POINT('',(27.136964928406,1.803774696119,
    9.698385782812));
#4853 = CARTESIAN_POINT('',(27.0920343782,1.803774696119,9.657879909816)
  );
#4854 = CARTESIAN_POINT('',(27.043680324024,1.803774696119,
    9.620624828799));
#4855 = CARTESIAN_POINT('',(26.992180110662,1.803774696119,
    9.586511047442));
#4856 = CARTESIAN_POINT('',(26.938307171551,1.803774696119,
    9.554907767294));
#4857 = CARTESIAN_POINT('',(26.88209285902,1.803774696119,9.526768580209
    ));
#4858 = CARTESIAN_POINT('',(26.82387696366,1.803774696119,9.502525252309
    ));
#4859 = CARTESIAN_POINT('',(26.764010277693,1.803774696119,
    9.481806624788));
#4860 = CARTESIAN_POINT('',(26.702397036734,1.803774696119,
    9.465403949375));
#4861 = CARTESIAN_POINT('',(26.63944619394,1.803774696119,9.451648880995
    ));
#4862 = CARTESIAN_POINT('',(26.574661676511,1.803774696119,
    9.442996203411));
#4863 = CARTESIAN_POINT('',(26.508291325296,1.803774696119,
    9.436882328442));
#4864 = CARTESIAN_POINT('',(26.463349638414,1.803774696119,
    9.436208235911));
#4865 = CARTESIAN_POINT('',(26.440597372885,1.803774696119,9.43586696852
    ));
#4866 = FACE_BOUND('',#4867,.T.);
#4867 = EDGE_LOOP('',(#4868,#4878,#4887));
#4868 = ORIENTED_EDGE('',*,*,#4869,.F.);
#4869 = EDGE_CURVE('',#4870,#4872,#4874,.T.);
#4870 = VERTEX_POINT('',#4871);
#4871 = CARTESIAN_POINT('',(21.969546078952,1.803774696119,
    23.299460640044));
#4872 = VERTEX_POINT('',#4873);
#4873 = CARTESIAN_POINT('',(21.95985021438,1.803774696119,
    23.299460640045));
#4874 = LINE('',#4875,#4876);
#4875 = CARTESIAN_POINT('',(78.04014978562,1.803774696119,
    23.299460640045));
#4876 = VECTOR('',#4877,1.);
#4877 = DIRECTION('',(-1.,2.747388953499E-32,-1.237313986722E-16));
#4878 = ORIENTED_EDGE('',*,*,#4879,.T.);
#4879 = EDGE_CURVE('',#4870,#4880,#4882,.T.);
#4880 = VERTEX_POINT('',#4881);
#4881 = CARTESIAN_POINT('',(20.983279702246,1.803774696119,
    20.69520133261));
#4882 = CIRCLE('',#4883,30.5);
#4883 = AXIS2_PLACEMENT_3D('',#4884,#4885,#4886);
#4884 = CARTESIAN_POINT('',(49.969747354884,1.803774696119,
    11.206540045443));
#4885 = DIRECTION('',(-0.,-1.,-2.331468351713E-15));
#4886 = DIRECTION('',(-1.,0.,0.));
#4887 = ORIENTED_EDGE('',*,*,#4888,.F.);
#4888 = EDGE_CURVE('',#4872,#4880,#4889,.T.);
#4889 = CIRCLE('',#4890,30.5);
#4890 = AXIS2_PLACEMENT_3D('',#4891,#4892,#4893);
#4891 = CARTESIAN_POINT('',(50.,1.803774696119,11.299460640045));
#4892 = DIRECTION('',(-0.,-1.,-2.22044604925E-16));
#4893 = DIRECTION('',(-1.,0.,0.));
#4894 = FACE_BOUND('',#4895,.T.);
#4895 = EDGE_LOOP('',(#4896,#4906,#4914,#4922));
#4896 = ORIENTED_EDGE('',*,*,#4897,.T.);
#4897 = EDGE_CURVE('',#4898,#4900,#4902,.T.);
#4898 = VERTEX_POINT('',#4899);
#4899 = CARTESIAN_POINT('',(31.322350678173,1.803774696119,
    11.206540045443));
#4900 = VERTEX_POINT('',#4901);
#4901 = CARTESIAN_POINT('',(31.322350678173,1.803774696119,
    9.466395814674));
#4902 = LINE('',#4903,#4904);
#4903 = CARTESIAN_POINT('',(31.322350678173,1.803774696119,
    11.206540045443));
#4904 = VECTOR('',#4905,1.);
#4905 = DIRECTION('',(0.,2.331468351713E-15,-1.));
#4906 = ORIENTED_EDGE('',*,*,#4907,.T.);
#4907 = EDGE_CURVE('',#4900,#4908,#4910,.T.);
#4908 = VERTEX_POINT('',#4909);
#4909 = CARTESIAN_POINT('',(31.108648755096,1.803774696119,
    9.466395814674));
#4910 = LINE('',#4911,#4912);
#4911 = CARTESIAN_POINT('',(31.322350678173,1.803774696119,
    9.466395814674));
#4912 = VECTOR('',#4913,1.);
#4913 = DIRECTION('',(-1.,0.,0.));
#4914 = ORIENTED_EDGE('',*,*,#4915,.T.);
#4915 = EDGE_CURVE('',#4908,#4916,#4918,.T.);
#4916 = VERTEX_POINT('',#4917);
#4917 = CARTESIAN_POINT('',(31.108648755096,1.803774696119,
    11.206540045443));
#4918 = LINE('',#4919,#4920);
#4919 = CARTESIAN_POINT('',(31.108648755096,1.803774696119,
    9.466395814674));
#4920 = VECTOR('',#4921,1.);
#4921 = DIRECTION('',(0.,-2.331468351713E-15,1.));
#4922 = ORIENTED_EDGE('',*,*,#4923,.T.);
#4923 = EDGE_CURVE('',#4916,#4898,#4924,.T.);
#4924 = LINE('',#4925,#4926);
#4925 = CARTESIAN_POINT('',(31.108648755096,1.803774696119,
    11.206540045443));
#4926 = VECTOR('',#4927,1.);
#4927 = DIRECTION('',(1.,0.,-0.));
#4928 = FACE_BOUND('',#4929,.T.);
#4929 = EDGE_LOOP('',(#4930,#4948,#4964,#4980));
#4930 = ORIENTED_EDGE('',*,*,#4931,.T.);
#4931 = EDGE_CURVE('',#4932,#4934,#4936,.T.);
#4932 = VERTEX_POINT('',#4933);
#4933 = CARTESIAN_POINT('',(31.413937216635,1.803774696119,
    8.917830610347));
#4934 = VERTEX_POINT('',#4935);
#4935 = CARTESIAN_POINT('',(31.216453743077,1.803774696119,
    8.733703506981));
#4936 = B_SPLINE_CURVE_WITH_KNOTS('',3,(#4937,#4938,#4939,#4940,#4941,
    #4942,#4943,#4944,#4945,#4946,#4947),.UNSPECIFIED.,.F.,.F.,(4,1,1,1,
    1,1,1,1,4),(0.,0.123289868728,0.242149081334,0.363437476054,
    0.489745393341,0.618114844593,0.744893781257,0.868932266589,1.),
  .UNSPECIFIED.);
#4937 = CARTESIAN_POINT('',(31.413937216635,1.803774696119,
    8.917830610347));
#4938 = CARTESIAN_POINT('',(31.413215298776,1.803774696119,
    8.905495157314));
#4939 = CARTESIAN_POINT('',(31.41179740655,1.803774696119,8.881267549233
    ));
#4940 = CARTESIAN_POINT('',(31.400114234677,1.803774696119,
    8.846504678624));
#4941 = CARTESIAN_POINT('',(31.381839972611,1.803774696119,8.81454047829
    ));
#4942 = CARTESIAN_POINT('',(31.356339803493,1.803774696119,
    8.786628486717));
#4943 = CARTESIAN_POINT('',(31.325973109987,1.803774696119,
    8.763329360561));
#4944 = CARTESIAN_POINT('',(31.292066324436,1.803774696119,
    8.746040817789));
#4945 = CARTESIAN_POINT('',(31.255078912895,1.803774696119,
    8.735446745825));
#4946 = CARTESIAN_POINT('',(31.229563155124,1.803774696119,
    8.734295163572));
#4947 = CARTESIAN_POINT('',(31.216453743077,1.803774696119,
    8.733703506981));
#4948 = ORIENTED_EDGE('',*,*,#4949,.T.);
#4949 = EDGE_CURVE('',#4934,#4950,#4952,.T.);
#4950 = VERTEX_POINT('',#4951);
#4951 = CARTESIAN_POINT('',(31.017062216635,1.803774696119,
    8.917830610347));
#4952 = B_SPLINE_CURVE_WITH_KNOTS('',3,(#4953,#4954,#4955,#4956,#4957,
    #4958,#4959,#4960,#4961,#4962,#4963),.UNSPECIFIED.,.F.,.F.,(4,1,1,1,
    1,1,1,1,4),(0.,0.131899264331,0.258284092317,0.384341124779,
    0.511979615126,0.638632008421,0.759229763165,0.877412168035,1.),
  .UNSPECIFIED.);
#4953 = CARTESIAN_POINT('',(31.216453743077,1.803774696119,
    8.733703506981));
#4954 = CARTESIAN_POINT('',(31.203192687157,1.803774696119,
    8.734318653522));
#4955 = CARTESIAN_POINT('',(31.177224992728,1.803774696119,
    8.735523228595));
#4956 = CARTESIAN_POINT('',(31.139673858827,1.803774696119,
    8.745838447821));
#4957 = CARTESIAN_POINT('',(31.105481141683,1.803774696119,
    8.763323412383));
#4958 = CARTESIAN_POINT('',(31.075152362699,1.803774696119,
    8.786781909567));
#4959 = CARTESIAN_POINT('',(31.049127418368,1.803774696119,
    8.814370013063));
#4960 = CARTESIAN_POINT('',(31.030906970773,1.803774696119,
    8.846524350421));
#4961 = CARTESIAN_POINT('',(31.01919639413,1.803774696119,8.881262460026
    ));
#4962 = CARTESIAN_POINT('',(31.0177822342,1.803774696119,8.905493440344)
  );
#4963 = CARTESIAN_POINT('',(31.017062216635,1.803774696119,
    8.917830610347));
#4964 = ORIENTED_EDGE('',*,*,#4965,.T.);
#4965 = EDGE_CURVE('',#4950,#4966,#4968,.T.);
#4966 = VERTEX_POINT('',#4967);
#4967 = CARTESIAN_POINT('',(31.216453743077,1.803774696119,
    9.100049660828));
#4968 = B_SPLINE_CURVE_WITH_KNOTS('',3,(#4969,#4970,#4971,#4972,#4973,
    #4974,#4975,#4976,#4977,#4978,#4979),.UNSPECIFIED.,.F.,.F.,(4,1,1,1,
    1,1,1,1,4),(0.,0.120162134993,0.237546320277,0.357497050927,
    0.484917122465,0.613329268085,0.740150370129,0.867301254563,1.),
  .UNSPECIFIED.);
#4969 = CARTESIAN_POINT('',(31.017062216635,1.803774696119,
    8.917830610347));
#4970 = CARTESIAN_POINT('',(31.017798471801,1.803774696119,
    8.929847522588));
#4971 = CARTESIAN_POINT('',(31.019253961133,1.803774696119,
    8.953603535946));
#4972 = CARTESIAN_POINT('',(31.030897925461,1.803774696119,
    8.987739416039));
#4973 = CARTESIAN_POINT('',(31.049282697994,1.803774696119,
    9.019446973195));
#4974 = CARTESIAN_POINT('',(31.075135674536,1.803774696119,
    9.046981509964));
#4975 = CARTESIAN_POINT('',(31.105485563717,1.803774696119,
    9.070427038922));
#4976 = CARTESIAN_POINT('',(31.13967268409,1.803774696119,9.087915441641
    ));
#4977 = CARTESIAN_POINT('',(31.17722530174,1.803774696119,9.098229749385
    ));
#4978 = CARTESIAN_POINT('',(31.203192791617,1.803774696119,
    9.099434450116));
#4979 = CARTESIAN_POINT('',(31.216453743077,1.803774696119,
    9.100049660828));
#4980 = ORIENTED_EDGE('',*,*,#4981,.T.);
#4981 = EDGE_CURVE('',#4966,#4932,#4982,.T.);
#4982 = B_SPLINE_CURVE_WITH_KNOTS('',3,(#4983,#4984,#4985,#4986,#4987,
    #4988,#4989,#4990,#4991,#4992,#4993),.UNSPECIFIED.,.F.,.F.,(4,1,1,1,
    1,1,1,1,4),(0.,0.131866751702,0.256661403453,0.384213212943,
    0.513365233153,0.640443151825,0.761085004778,0.879145524653,1.),
  .UNSPECIFIED.);
#4983 = CARTESIAN_POINT('',(31.216453743077,1.803774696119,
    9.100049660828));
#4984 = CARTESIAN_POINT('',(31.229563051717,1.803774696119,
    9.099457940463));
#4985 = CARTESIAN_POINT('',(31.25507860822,1.803774696119,9.098306234082
    ));
#4986 = CARTESIAN_POINT('',(31.292067477742,1.803774696119,9.0877130613)
  );
#4987 = CARTESIAN_POINT('',(31.325968646419,1.803774696119,
    9.070421054423));
#4988 = CARTESIAN_POINT('',(31.356356575495,1.803774696119,
    9.047135024921));
#4989 = CARTESIAN_POINT('',(31.381686403323,1.803774696119,
    9.019277871627));
#4990 = CARTESIAN_POINT('',(31.400122942565,1.803774696119,
    8.987758766342));
#4991 = CARTESIAN_POINT('',(31.411740014848,1.803774696119,
    8.953598609361));
#4992 = CARTESIAN_POINT('',(31.413199128245,1.803774696119,8.92984586764
    ));
#4993 = CARTESIAN_POINT('',(31.413937216635,1.803774696119,
    8.917830610347));
#4994 = PLANE('',#4995);
#4995 = AXIS2_PLACEMENT_3D('',#4996,#4997,#4998);
#4996 = CARTESIAN_POINT('',(50.,1.803774696119,11.299460640045));
#4997 = DIRECTION('',(-0.,-1.,-2.22461551373E-16));
#4998 = DIRECTION('',(0.,2.22461551373E-16,-1.));
#4999 = ADVANCED_FACE('',(#5000),#5043,.F.);
#5000 = FACE_BOUND('',#5001,.F.);
#5001 = EDGE_LOOP('',(#5002,#5012,#5021,#5027,#5028,#5036));
#5002 = ORIENTED_EDGE('',*,*,#5003,.F.);
#5003 = EDGE_CURVE('',#5004,#5006,#5008,.T.);
#5004 = VERTEX_POINT('',#5005);
#5005 = CARTESIAN_POINT('',(78.04014978562,2.803774696119,
    -0.700539359955));
#5006 = VERTEX_POINT('',#5007);
#5007 = CARTESIAN_POINT('',(78.04014978562,2.303774696119,
    -0.700539359955));
#5008 = LINE('',#5009,#5010);
#5009 = CARTESIAN_POINT('',(78.04014978562,2.803774696119,
    -0.700539359955));
#5010 = VECTOR('',#5011,1.);
#5011 = DIRECTION('',(0.,-1.,-2.22044604925E-16));
#5012 = ORIENTED_EDGE('',*,*,#5013,.T.);
#5013 = EDGE_CURVE('',#5004,#5014,#5016,.T.);
#5014 = VERTEX_POINT('',#5015);
#5015 = CARTESIAN_POINT('',(78.04014978562,2.803774696119,
    23.299460640045));
#5016 = CIRCLE('',#5017,30.5);
#5017 = AXIS2_PLACEMENT_3D('',#5018,#5019,#5020);
#5018 = CARTESIAN_POINT('',(50.,2.803774696119,11.299460640045));
#5019 = DIRECTION('',(-0.,-1.,-2.22044604925E-16));
#5020 = DIRECTION('',(-1.,0.,0.));
#5021 = ORIENTED_EDGE('',*,*,#5022,.T.);
#5022 = EDGE_CURVE('',#5014,#3802,#5023,.T.);
#5023 = LINE('',#5024,#5025);
#5024 = CARTESIAN_POINT('',(78.04014978562,2.803774696119,
    23.299460640045));
#5025 = VECTOR('',#5026,1.);
#5026 = DIRECTION('',(0.,-1.,-2.22044604925E-16));
#5027 = ORIENTED_EDGE('',*,*,#3799,.F.);
#5028 = ORIENTED_EDGE('',*,*,#5029,.T.);
#5029 = EDGE_CURVE('',#3800,#5030,#5032,.T.);
#5030 = VERTEX_POINT('',#5031);
#5031 = CARTESIAN_POINT('',(78.986467652638,2.303774696119,
    1.810799352879));
#5032 = LINE('',#5033,#5034);
#5033 = CARTESIAN_POINT('',(78.986467652638,1.803774696119,
    1.810799352878));
#5034 = VECTOR('',#5035,1.);
#5035 = DIRECTION('',(0.,1.,2.331468351713E-15));
#5036 = ORIENTED_EDGE('',*,*,#5037,.F.);
#5037 = EDGE_CURVE('',#5006,#5030,#5038,.T.);
#5038 = CIRCLE('',#5039,30.5);
#5039 = AXIS2_PLACEMENT_3D('',#5040,#5041,#5042);
#5040 = CARTESIAN_POINT('',(50.,2.303774696119,11.299460640045));
#5041 = DIRECTION('',(0.,-1.,-2.22044604925E-16));
#5042 = DIRECTION('',(-1.,-0.,0.));
#5043 = CYLINDRICAL_SURFACE('',#5044,30.5);
#5044 = AXIS2_PLACEMENT_3D('',#5045,#5046,#5047);
#5045 = CARTESIAN_POINT('',(50.,2.803774696119,11.299460640045));
#5046 = DIRECTION('',(0.,-1.,-2.22044604925E-16));
#5047 = DIRECTION('',(-1.,0.,0.));
#5048 = ADVANCED_FACE('',(#5049),#5154,.F.);
#5049 = FACE_BOUND('',#5050,.F.);
#5050 = EDGE_LOOP('',(#5051,#5052,#5053,#5061,#5069,#5077,#5085,#5093,
    #5101,#5109,#5117,#5125,#5131,#5132,#5140,#5148));
#5051 = ORIENTED_EDGE('',*,*,#3819,.F.);
#5052 = ORIENTED_EDGE('',*,*,#5022,.F.);
#5053 = ORIENTED_EDGE('',*,*,#5054,.T.);
#5054 = EDGE_CURVE('',#5014,#5055,#5057,.T.);
#5055 = VERTEX_POINT('',#5056);
#5056 = CARTESIAN_POINT('',(60.583005244258,2.803774696119,
    23.299460640045));
#5057 = LINE('',#5058,#5059);
#5058 = CARTESIAN_POINT('',(78.04014978562,2.803774696119,
    23.299460640045));
#5059 = VECTOR('',#5060,1.);
#5060 = DIRECTION('',(-1.,2.824276699978E-32,-1.271941149361E-16));
#5061 = ORIENTED_EDGE('',*,*,#5062,.F.);
#5062 = EDGE_CURVE('',#5063,#5055,#5065,.T.);
#5063 = VERTEX_POINT('',#5064);
#5064 = CARTESIAN_POINT('',(60.583005244258,3.803774696119,
    23.299460640045));
#5065 = LINE('',#5066,#5067);
#5066 = CARTESIAN_POINT('',(60.583005244258,3.803774696119,
    23.299460640045));
#5067 = VECTOR('',#5068,1.);
#5068 = DIRECTION('',(0.,-1.,-2.22044604925E-16));
#5069 = ORIENTED_EDGE('',*,*,#5070,.T.);
#5070 = EDGE_CURVE('',#5063,#5071,#5073,.T.);
#5071 = VERTEX_POINT('',#5072);
#5072 = CARTESIAN_POINT('',(59.810708435174,3.803774696119,
    23.299460640045));
#5073 = LINE('',#5074,#5075);
#5074 = CARTESIAN_POINT('',(60.583005244258,3.803774696119,
    23.299460640045));
#5075 = VECTOR('',#5076,1.);
#5076 = DIRECTION('',(-1.,0.,0.));
#5077 = ORIENTED_EDGE('',*,*,#5078,.T.);
#5078 = EDGE_CURVE('',#5071,#5079,#5081,.T.);
#5079 = VERTEX_POINT('',#5080);
#5080 = CARTESIAN_POINT('',(59.810708435174,2.803774696119,
    23.299460640045));
#5081 = LINE('',#5082,#5083);
#5082 = CARTESIAN_POINT('',(59.810708435174,3.803774696119,
    23.299460640045));
#5083 = VECTOR('',#5084,1.);
#5084 = DIRECTION('',(0.,-1.,-2.22044604925E-16));
#5085 = ORIENTED_EDGE('',*,*,#5086,.T.);
#5086 = EDGE_CURVE('',#5079,#5087,#5089,.T.);
#5087 = VERTEX_POINT('',#5088);
#5088 = CARTESIAN_POINT('',(40.189291564826,2.803774696119,
    23.299460640045));
#5089 = LINE('',#5090,#5091);
#5090 = CARTESIAN_POINT('',(59.810708435174,2.803774696119,
    23.299460640045));
#5091 = VECTOR('',#5092,1.);
#5092 = DIRECTION('',(-1.,2.826848986741E-32,-1.273099604332E-16));
#5093 = ORIENTED_EDGE('',*,*,#5094,.F.);
#5094 = EDGE_CURVE('',#5095,#5087,#5097,.T.);
#5095 = VERTEX_POINT('',#5096);
#5096 = CARTESIAN_POINT('',(40.189291564826,3.803774696119,
    23.299460640045));
#5097 = LINE('',#5098,#5099);
#5098 = CARTESIAN_POINT('',(40.189291564826,3.803774696119,
    23.299460640045));
#5099 = VECTOR('',#5100,1.);
#5100 = DIRECTION('',(0.,-1.,-2.22044604925E-16));
#5101 = ORIENTED_EDGE('',*,*,#5102,.T.);
#5102 = EDGE_CURVE('',#5095,#5103,#5105,.T.);
#5103 = VERTEX_POINT('',#5104);
#5104 = CARTESIAN_POINT('',(39.416994755742,3.803774696119,
    23.299460640045));
#5105 = LINE('',#5106,#5107);
#5106 = CARTESIAN_POINT('',(40.189291564826,3.803774696119,
    23.299460640045));
#5107 = VECTOR('',#5108,1.);
#5108 = DIRECTION('',(-1.,0.,0.));
#5109 = ORIENTED_EDGE('',*,*,#5110,.T.);
#5110 = EDGE_CURVE('',#5103,#5111,#5113,.T.);
#5111 = VERTEX_POINT('',#5112);
#5112 = CARTESIAN_POINT('',(39.416994755742,2.803774696119,
    23.299460640045));
#5113 = LINE('',#5114,#5115);
#5114 = CARTESIAN_POINT('',(39.416994755742,3.803774696119,
    23.299460640045));
#5115 = VECTOR('',#5116,1.);
#5116 = DIRECTION('',(0.,-1.,-2.22044604925E-16));
#5117 = ORIENTED_EDGE('',*,*,#5118,.T.);
#5118 = EDGE_CURVE('',#5111,#5119,#5121,.T.);
#5119 = VERTEX_POINT('',#5120);
#5120 = CARTESIAN_POINT('',(21.95985021438,2.803774696119,
    23.299460640045));
#5121 = LINE('',#5122,#5123);
#5122 = CARTESIAN_POINT('',(39.416994755742,2.803774696119,
    23.299460640045));
#5123 = VECTOR('',#5124,1.);
#5124 = DIRECTION('',(-1.,2.824276699978E-32,-1.271941149361E-16));
#5125 = ORIENTED_EDGE('',*,*,#5126,.T.);
#5126 = EDGE_CURVE('',#5119,#4872,#5127,.T.);
#5127 = LINE('',#5128,#5129);
#5128 = CARTESIAN_POINT('',(21.95985021438,2.803774696119,
    23.299460640045));
#5129 = VECTOR('',#5130,1.);
#5130 = DIRECTION('',(0.,-1.,-2.22044604925E-16));
#5131 = ORIENTED_EDGE('',*,*,#4869,.F.);
#5132 = ORIENTED_EDGE('',*,*,#5133,.T.);
#5133 = EDGE_CURVE('',#4870,#5134,#5136,.T.);
#5134 = VERTEX_POINT('',#5135);
#5135 = CARTESIAN_POINT('',(21.969546078953,2.303774696119,
    23.299460640045));
#5136 = LINE('',#5137,#5138);
#5137 = CARTESIAN_POINT('',(21.969546078953,1.803774696119,
    23.299460640045));
#5138 = VECTOR('',#5139,1.);
#5139 = DIRECTION('',(0.,1.,2.331468351713E-15));
#5140 = ORIENTED_EDGE('',*,*,#5141,.F.);
#5141 = EDGE_CURVE('',#5142,#5134,#5144,.T.);
#5142 = VERTEX_POINT('',#5143);
#5143 = CARTESIAN_POINT('',(77.969948630815,2.303774696119,
    23.299460640045));
#5144 = LINE('',#5145,#5146);
#5145 = CARTESIAN_POINT('',(35.964798784632,2.303774696119,
    23.299460640045));
#5146 = VECTOR('',#5147,1.);
#5147 = DIRECTION('',(-1.,2.884758401174E-31,-1.237313986722E-16));
#5148 = ORIENTED_EDGE('',*,*,#5149,.F.);
#5149 = EDGE_CURVE('',#3811,#5142,#5150,.T.);
#5150 = LINE('',#5151,#5152);
#5151 = CARTESIAN_POINT('',(77.969948630815,1.803774696119,
    23.299460640045));
#5152 = VECTOR('',#5153,1.);
#5153 = DIRECTION('',(0.,1.,2.331468351713E-15));
#5154 = PLANE('',#5155);
#5155 = AXIS2_PLACEMENT_3D('',#5156,#5157,#5158);
#5156 = CARTESIAN_POINT('',(21.95985021438,2.803774696119,
    23.299460640045));
#5157 = DIRECTION('',(-1.237313986722E-16,-2.22044604925E-16,1.));
#5158 = DIRECTION('',(0.,-1.,-2.22044604925E-16));
#5159 = ADVANCED_FACE('',(#5160),#5196,.F.);
#5160 = FACE_BOUND('',#5161,.F.);
#5161 = EDGE_LOOP('',(#5162,#5163,#5172,#5180,#5189,#5195));
#5162 = ORIENTED_EDGE('',*,*,#5126,.F.);
#5163 = ORIENTED_EDGE('',*,*,#5164,.T.);
#5164 = EDGE_CURVE('',#5119,#5165,#5167,.T.);
#5165 = VERTEX_POINT('',#5166);
#5166 = CARTESIAN_POINT('',(21.95985021438,2.803774696119,
    -0.700539359955));
#5167 = CIRCLE('',#5168,30.5);
#5168 = AXIS2_PLACEMENT_3D('',#5169,#5170,#5171);
#5169 = CARTESIAN_POINT('',(50.,2.803774696119,11.299460640045));
#5170 = DIRECTION('',(-0.,-1.,-2.22044604925E-16));
#5171 = DIRECTION('',(-1.,0.,0.));
#5172 = ORIENTED_EDGE('',*,*,#5173,.T.);
#5173 = EDGE_CURVE('',#5165,#5174,#5176,.T.);
#5174 = VERTEX_POINT('',#5175);
#5175 = CARTESIAN_POINT('',(21.95985021438,2.303774696119,
    -0.700539359955));
#5176 = LINE('',#5177,#5178);
#5177 = CARTESIAN_POINT('',(21.95985021438,2.803774696119,
    -0.700539359955));
#5178 = VECTOR('',#5179,1.);
#5179 = DIRECTION('',(0.,-1.,-2.22044604925E-16));
#5180 = ORIENTED_EDGE('',*,*,#5181,.F.);
#5181 = EDGE_CURVE('',#5182,#5174,#5184,.T.);
#5182 = VERTEX_POINT('',#5183);
#5183 = CARTESIAN_POINT('',(20.983279702247,2.303774696119,
    20.695201332611));
#5184 = CIRCLE('',#5185,30.5);
#5185 = AXIS2_PLACEMENT_3D('',#5186,#5187,#5188);
#5186 = CARTESIAN_POINT('',(50.,2.303774696119,11.299460640045));
#5187 = DIRECTION('',(0.,-1.,-2.22044604925E-16));
#5188 = DIRECTION('',(-1.,-0.,0.));
#5189 = ORIENTED_EDGE('',*,*,#5190,.F.);
#5190 = EDGE_CURVE('',#4880,#5182,#5191,.T.);
#5191 = LINE('',#5192,#5193);
#5192 = CARTESIAN_POINT('',(20.983279702246,1.803774696119,
    20.69520133261));
#5193 = VECTOR('',#5194,1.);
#5194 = DIRECTION('',(0.,1.,2.331468351713E-15));
#5195 = ORIENTED_EDGE('',*,*,#4888,.F.);
#5196 = CYLINDRICAL_SURFACE('',#5197,30.5);
#5197 = AXIS2_PLACEMENT_3D('',#5198,#5199,#5200);
#5198 = CARTESIAN_POINT('',(50.,2.803774696119,11.299460640045));
#5199 = DIRECTION('',(0.,-1.,-2.22044604925E-16));
#5200 = DIRECTION('',(-1.,0.,0.));
#5201 = ADVANCED_FACE('',(#5202),#5282,.F.);
#5202 = FACE_BOUND('',#5203,.F.);
#5203 = EDGE_LOOP('',(#5204,#5210,#5211,#5219,#5227,#5235,#5243,#5251,
    #5259,#5267,#5275,#5281));
#5204 = ORIENTED_EDGE('',*,*,#5205,.F.);
#5205 = EDGE_CURVE('',#5174,#5006,#5206,.T.);
#5206 = LINE('',#5207,#5208);
#5207 = CARTESIAN_POINT('',(64.004948570252,2.303774696119,
    -0.700539359955));
#5208 = VECTOR('',#5209,1.);
#5209 = DIRECTION('',(1.,-2.884758401174E-31,1.237313986722E-16));
#5210 = ORIENTED_EDGE('',*,*,#5173,.F.);
#5211 = ORIENTED_EDGE('',*,*,#5212,.T.);
#5212 = EDGE_CURVE('',#5165,#5213,#5215,.T.);
#5213 = VERTEX_POINT('',#5214);
#5214 = CARTESIAN_POINT('',(39.416994755742,2.803774696119,
    -0.700539359955));
#5215 = LINE('',#5216,#5217);
#5216 = CARTESIAN_POINT('',(21.95985021438,2.803774696119,
    -0.700539359955));
#5217 = VECTOR('',#5218,1.);
#5218 = DIRECTION('',(1.,-5.648553399955E-32,2.543882298722E-16));
#5219 = ORIENTED_EDGE('',*,*,#5220,.F.);
#5220 = EDGE_CURVE('',#5221,#5213,#5223,.T.);
#5221 = VERTEX_POINT('',#5222);
#5222 = CARTESIAN_POINT('',(39.416994755742,3.803774696119,
    -0.700539359955));
#5223 = LINE('',#5224,#5225);
#5224 = CARTESIAN_POINT('',(39.416994755742,3.803774696119,
    -0.700539359955));
#5225 = VECTOR('',#5226,1.);
#5226 = DIRECTION('',(0.,-1.,-2.22044604925E-16));
#5227 = ORIENTED_EDGE('',*,*,#5228,.T.);
#5228 = EDGE_CURVE('',#5221,#5229,#5231,.T.);
#5229 = VERTEX_POINT('',#5230);
#5230 = CARTESIAN_POINT('',(40.189291564826,3.803774696119,
    -0.700539359955));
#5231 = LINE('',#5232,#5233);
#5232 = CARTESIAN_POINT('',(39.416994755742,3.803774696119,
    -0.700539359955));
#5233 = VECTOR('',#5234,1.);
#5234 = DIRECTION('',(1.,0.,0.));
#5235 = ORIENTED_EDGE('',*,*,#5236,.T.);
#5236 = EDGE_CURVE('',#5229,#5237,#5239,.T.);
#5237 = VERTEX_POINT('',#5238);
#5238 = CARTESIAN_POINT('',(40.189291564826,2.803774696119,
    -0.700539359955));
#5239 = LINE('',#5240,#5241);
#5240 = CARTESIAN_POINT('',(40.189291564826,3.803774696119,
    -0.700539359955));
#5241 = VECTOR('',#5242,1.);
#5242 = DIRECTION('',(0.,-1.,-2.22044604925E-16));
#5243 = ORIENTED_EDGE('',*,*,#5244,.T.);
#5244 = EDGE_CURVE('',#5237,#5245,#5247,.T.);
#5245 = VERTEX_POINT('',#5246);
#5246 = CARTESIAN_POINT('',(59.810708435174,2.803774696119,
    -0.700539359955));
#5247 = LINE('',#5248,#5249);
#5248 = CARTESIAN_POINT('',(40.189291564826,2.803774696119,
    -0.700539359955));
#5249 = VECTOR('',#5250,1.);
#5250 = DIRECTION('',(1.,0.,0.));
#5251 = ORIENTED_EDGE('',*,*,#5252,.F.);
#5252 = EDGE_CURVE('',#5253,#5245,#5255,.T.);
#5253 = VERTEX_POINT('',#5254);
#5254 = CARTESIAN_POINT('',(59.810708435174,3.803774696119,
    -0.700539359955));
#5255 = LINE('',#5256,#5257);
#5256 = CARTESIAN_POINT('',(59.810708435174,3.803774696119,
    -0.700539359955));
#5257 = VECTOR('',#5258,1.);
#5258 = DIRECTION('',(0.,-1.,-2.22044604925E-16));
#5259 = ORIENTED_EDGE('',*,*,#5260,.T.);
#5260 = EDGE_CURVE('',#5253,#5261,#5263,.T.);
#5261 = VERTEX_POINT('',#5262);
#5262 = CARTESIAN_POINT('',(60.583005244258,3.803774696119,
    -0.700539359955));
#5263 = LINE('',#5264,#5265);
#5264 = CARTESIAN_POINT('',(59.810708435174,3.803774696119,
    -0.700539359955));
#5265 = VECTOR('',#5266,1.);
#5266 = DIRECTION('',(1.,0.,0.));
#5267 = ORIENTED_EDGE('',*,*,#5268,.T.);
#5268 = EDGE_CURVE('',#5261,#5269,#5271,.T.);
#5269 = VERTEX_POINT('',#5270);
#5270 = CARTESIAN_POINT('',(60.583005244258,2.803774696119,
    -0.700539359955));
#5271 = LINE('',#5272,#5273);
#5272 = CARTESIAN_POINT('',(60.583005244258,3.803774696119,
    -0.700539359955));
#5273 = VECTOR('',#5274,1.);
#5274 = DIRECTION('',(0.,-1.,-2.22044604925E-16));
#5275 = ORIENTED_EDGE('',*,*,#5276,.T.);
#5276 = EDGE_CURVE('',#5269,#5004,#5277,.T.);
#5277 = LINE('',#5278,#5279);
#5278 = CARTESIAN_POINT('',(60.583005244258,2.803774696119,
    -0.700539359955));
#5279 = VECTOR('',#5280,1.);
#5280 = DIRECTION('',(1.,-5.648553399955E-32,2.543882298722E-16));
#5281 = ORIENTED_EDGE('',*,*,#5003,.T.);
#5282 = PLANE('',#5283);
#5283 = AXIS2_PLACEMENT_3D('',#5284,#5285,#5286);
#5284 = CARTESIAN_POINT('',(78.04014978562,2.803774696119,
    -0.700539359955));
#5285 = DIRECTION('',(1.237313986722E-16,2.22044604925E-16,-1.));
#5286 = DIRECTION('',(0.,1.,2.22044604925E-16));
#5287 = ADVANCED_FACE('',(#5288),#5308,.F.);
#5288 = FACE_BOUND('',#5289,.F.);
#5289 = EDGE_LOOP('',(#5290,#5291,#5298,#5299,#5306,#5307));
#5290 = ORIENTED_EDGE('',*,*,#5037,.T.);
#5291 = ORIENTED_EDGE('',*,*,#5292,.T.);
#5292 = EDGE_CURVE('',#5030,#5142,#5293,.T.);
#5293 = CIRCLE('',#5294,30.5);
#5294 = AXIS2_PLACEMENT_3D('',#5295,#5296,#5297);
#5295 = CARTESIAN_POINT('',(49.969747354884,2.303774696119,
    11.206540045443));
#5296 = DIRECTION('',(-0.,-1.,-2.331468351713E-15));
#5297 = DIRECTION('',(-1.,0.,0.));
#5298 = ORIENTED_EDGE('',*,*,#5141,.T.);
#5299 = ORIENTED_EDGE('',*,*,#5300,.T.);
#5300 = EDGE_CURVE('',#5134,#5182,#5301,.T.);
#5301 = CIRCLE('',#5302,30.5);
#5302 = AXIS2_PLACEMENT_3D('',#5303,#5304,#5305);
#5303 = CARTESIAN_POINT('',(49.969747354884,2.303774696119,
    11.206540045443));
#5304 = DIRECTION('',(-0.,-1.,-2.331468351713E-15));
#5305 = DIRECTION('',(-1.,0.,0.));
#5306 = ORIENTED_EDGE('',*,*,#5181,.T.);
#5307 = ORIENTED_EDGE('',*,*,#5205,.T.);
#5308 = PLANE('',#5309);
#5309 = AXIS2_PLACEMENT_3D('',#5310,#5311,#5312);
#5310 = CARTESIAN_POINT('',(49.969747354884,2.303774696119,
    11.206540045443));
#5311 = DIRECTION('',(0.,-1.,-2.331468351713E-15));
#5312 = DIRECTION('',(-1.,0.,0.));
#5313 = ADVANCED_FACE('',(#5314),#5320,.T.);
#5314 = FACE_BOUND('',#5315,.T.);
#5315 = EDGE_LOOP('',(#5316,#5317,#5318,#5319));
#5316 = ORIENTED_EDGE('',*,*,#5029,.T.);
#5317 = ORIENTED_EDGE('',*,*,#5292,.T.);
#5318 = ORIENTED_EDGE('',*,*,#5149,.F.);
#5319 = ORIENTED_EDGE('',*,*,#3810,.F.);
#5320 = CYLINDRICAL_SURFACE('',#5321,30.5);
#5321 = AXIS2_PLACEMENT_3D('',#5322,#5323,#5324);
#5322 = CARTESIAN_POINT('',(49.969747354884,1.803774696119,
    11.206540045443));
#5323 = DIRECTION('',(0.,1.,2.331468351713E-15));
#5324 = DIRECTION('',(1.,0.,-0.));
#5325 = ADVANCED_FACE('',(#5326),#5338,.T.);
#5326 = FACE_BOUND('',#5327,.T.);
#5327 = EDGE_LOOP('',(#5328,#5335,#5336,#5337));
#5328 = ORIENTED_EDGE('',*,*,#5329,.F.);
#5329 = EDGE_CURVE('',#5269,#5055,#5330,.T.);
#5330 = CIRCLE('',#5331,16.);
#5331 = AXIS2_PLACEMENT_3D('',#5332,#5333,#5334);
#5332 = CARTESIAN_POINT('',(50.,2.803774696119,11.299460640045));
#5333 = DIRECTION('',(-0.,-1.,-2.22044604925E-16));
#5334 = DIRECTION('',(-1.,0.,0.));
#5335 = ORIENTED_EDGE('',*,*,#5276,.T.);
#5336 = ORIENTED_EDGE('',*,*,#5013,.T.);
#5337 = ORIENTED_EDGE('',*,*,#5054,.T.);
#5338 = PLANE('',#5339);
#5339 = AXIS2_PLACEMENT_3D('',#5340,#5341,#5342);
#5340 = CARTESIAN_POINT('',(50.,2.803774696119,11.299460640045));
#5341 = DIRECTION('',(0.,-1.,-2.22044604925E-16));
#5342 = DIRECTION('',(-1.,0.,0.));
#5343 = ADVANCED_FACE('',(#5344),#5350,.T.);
#5344 = FACE_BOUND('',#5345,.T.);
#5345 = EDGE_LOOP('',(#5346,#5347,#5348,#5349));
#5346 = ORIENTED_EDGE('',*,*,#5133,.T.);
#5347 = ORIENTED_EDGE('',*,*,#5300,.T.);
#5348 = ORIENTED_EDGE('',*,*,#5190,.F.);
#5349 = ORIENTED_EDGE('',*,*,#4879,.F.);
#5350 = CYLINDRICAL_SURFACE('',#5351,30.5);
#5351 = AXIS2_PLACEMENT_3D('',#5352,#5353,#5354);
#5352 = CARTESIAN_POINT('',(49.969747354884,1.803774696119,
    11.206540045443));
#5353 = DIRECTION('',(0.,1.,2.331468351713E-15));
#5354 = DIRECTION('',(1.,0.,-0.));
#5355 = ADVANCED_FACE('',(#5356),#5368,.T.);
#5356 = FACE_BOUND('',#5357,.T.);
#5357 = EDGE_LOOP('',(#5358,#5365,#5366,#5367));
#5358 = ORIENTED_EDGE('',*,*,#5359,.F.);
#5359 = EDGE_CURVE('',#5111,#5213,#5360,.T.);
#5360 = CIRCLE('',#5361,16.);
#5361 = AXIS2_PLACEMENT_3D('',#5362,#5363,#5364);
#5362 = CARTESIAN_POINT('',(50.,2.803774696119,11.299460640045));
#5363 = DIRECTION('',(-0.,-1.,-2.22044604925E-16));
#5364 = DIRECTION('',(-1.,0.,0.));
#5365 = ORIENTED_EDGE('',*,*,#5118,.T.);
#5366 = ORIENTED_EDGE('',*,*,#5164,.T.);
#5367 = ORIENTED_EDGE('',*,*,#5212,.T.);
#5368 = PLANE('',#5369);
#5369 = AXIS2_PLACEMENT_3D('',#5370,#5371,#5372);
#5370 = CARTESIAN_POINT('',(50.,2.803774696119,11.299460640045));
#5371 = DIRECTION('',(0.,-1.,-2.22044604925E-16));
#5372 = DIRECTION('',(-1.,0.,0.));
#5373 = ADVANCED_FACE('',(#5374),#5386,.F.);
#5374 = FACE_BOUND('',#5375,.F.);
#5375 = EDGE_LOOP('',(#5376,#5377,#5384,#5385));
#5376 = ORIENTED_EDGE('',*,*,#5110,.F.);
#5377 = ORIENTED_EDGE('',*,*,#5378,.T.);
#5378 = EDGE_CURVE('',#5103,#5221,#5379,.T.);
#5379 = CIRCLE('',#5380,16.);
#5380 = AXIS2_PLACEMENT_3D('',#5381,#5382,#5383);
#5381 = CARTESIAN_POINT('',(50.,3.803774696119,11.299460640045));
#5382 = DIRECTION('',(-0.,-1.,-2.22044604925E-16));
#5383 = DIRECTION('',(-1.,0.,0.));
#5384 = ORIENTED_EDGE('',*,*,#5220,.T.);
#5385 = ORIENTED_EDGE('',*,*,#5359,.F.);
#5386 = CYLINDRICAL_SURFACE('',#5387,16.);
#5387 = AXIS2_PLACEMENT_3D('',#5388,#5389,#5390);
#5388 = CARTESIAN_POINT('',(50.,3.803774696119,11.299460640045));
#5389 = DIRECTION('',(0.,-1.,-2.22044604925E-16));
#5390 = DIRECTION('',(-1.,0.,0.));
#5391 = ADVANCED_FACE('',(#5392),#5404,.T.);
#5392 = FACE_BOUND('',#5393,.T.);
#5393 = EDGE_LOOP('',(#5394,#5401,#5402,#5403));
#5394 = ORIENTED_EDGE('',*,*,#5395,.T.);
#5395 = EDGE_CURVE('',#5229,#5095,#5396,.T.);
#5396 = CIRCLE('',#5397,15.5);
#5397 = AXIS2_PLACEMENT_3D('',#5398,#5399,#5400);
#5398 = CARTESIAN_POINT('',(50.,3.803774696119,11.299460640045));
#5399 = DIRECTION('',(0.,1.,2.22044604925E-16));
#5400 = DIRECTION('',(-1.,0.,0.));
#5401 = ORIENTED_EDGE('',*,*,#5102,.T.);
#5402 = ORIENTED_EDGE('',*,*,#5378,.T.);
#5403 = ORIENTED_EDGE('',*,*,#5228,.T.);
#5404 = PLANE('',#5405);
#5405 = AXIS2_PLACEMENT_3D('',#5406,#5407,#5408);
#5406 = CARTESIAN_POINT('',(50.,3.803774696119,11.299460640045));
#5407 = DIRECTION('',(0.,-1.,-2.22044604925E-16));
#5408 = DIRECTION('',(-1.,0.,0.));
#5409 = ADVANCED_FACE('',(#5410),#5422,.T.);
#5410 = FACE_BOUND('',#5411,.T.);
#5411 = EDGE_LOOP('',(#5412,#5419,#5420,#5421));
#5412 = ORIENTED_EDGE('',*,*,#5413,.T.);
#5413 = EDGE_CURVE('',#5237,#5087,#5414,.T.);
#5414 = CIRCLE('',#5415,15.5);
#5415 = AXIS2_PLACEMENT_3D('',#5416,#5417,#5418);
#5416 = CARTESIAN_POINT('',(50.,2.803774696119,11.299460640045));
#5417 = DIRECTION('',(0.,1.,2.22044604925E-16));
#5418 = DIRECTION('',(-1.,0.,0.));
#5419 = ORIENTED_EDGE('',*,*,#5094,.F.);
#5420 = ORIENTED_EDGE('',*,*,#5395,.F.);
#5421 = ORIENTED_EDGE('',*,*,#5236,.T.);
#5422 = CYLINDRICAL_SURFACE('',#5423,15.5);
#5423 = AXIS2_PLACEMENT_3D('',#5424,#5425,#5426);
#5424 = CARTESIAN_POINT('',(50.,3.803774696119,11.299460640045));
#5425 = DIRECTION('',(0.,-1.,-2.22044604925E-16));
#5426 = DIRECTION('',(-1.,0.,0.));
#5427 = ADVANCED_FACE('',(#5428,#5440),#5451,.T.);
#5428 = FACE_BOUND('',#5429,.T.);
#5429 = EDGE_LOOP('',(#5430,#5431,#5432,#5439));
#5430 = ORIENTED_EDGE('',*,*,#5413,.F.);
#5431 = ORIENTED_EDGE('',*,*,#5244,.T.);
#5432 = ORIENTED_EDGE('',*,*,#5433,.F.);
#5433 = EDGE_CURVE('',#5079,#5245,#5434,.T.);
#5434 = CIRCLE('',#5435,15.5);
#5435 = AXIS2_PLACEMENT_3D('',#5436,#5437,#5438);
#5436 = CARTESIAN_POINT('',(50.,2.803774696119,11.299460640045));
#5437 = DIRECTION('',(0.,1.,2.22044604925E-16));
#5438 = DIRECTION('',(-1.,0.,0.));
#5439 = ORIENTED_EDGE('',*,*,#5086,.T.);
#5440 = FACE_BOUND('',#5441,.T.);
#5441 = EDGE_LOOP('',(#5442));
#5442 = ORIENTED_EDGE('',*,*,#5443,.F.);
#5443 = EDGE_CURVE('',#5444,#5444,#5446,.T.);
#5444 = VERTEX_POINT('',#5445);
#5445 = CARTESIAN_POINT('',(40.5,2.803774696119,11.299460640045));
#5446 = CIRCLE('',#5447,9.5);
#5447 = AXIS2_PLACEMENT_3D('',#5448,#5449,#5450);
#5448 = CARTESIAN_POINT('',(50.,2.803774696119,11.299460640045));
#5449 = DIRECTION('',(-0.,-1.,-2.22044604925E-16));
#5450 = DIRECTION('',(-1.,0.,0.));
#5451 = PLANE('',#5452);
#5452 = AXIS2_PLACEMENT_3D('',#5453,#5454,#5455);
#5453 = CARTESIAN_POINT('',(50.,2.803774696119,11.299460640045));
#5454 = DIRECTION('',(0.,-1.,-2.22044604925E-16));
#5455 = DIRECTION('',(-1.,0.,0.));
#5456 = ADVANCED_FACE('',(#5457),#5469,.T.);
#5457 = FACE_BOUND('',#5458,.T.);
#5458 = EDGE_LOOP('',(#5459,#5460,#5461,#5468));
#5459 = ORIENTED_EDGE('',*,*,#5433,.T.);
#5460 = ORIENTED_EDGE('',*,*,#5252,.F.);
#5461 = ORIENTED_EDGE('',*,*,#5462,.F.);
#5462 = EDGE_CURVE('',#5071,#5253,#5463,.T.);
#5463 = CIRCLE('',#5464,15.5);
#5464 = AXIS2_PLACEMENT_3D('',#5465,#5466,#5467);
#5465 = CARTESIAN_POINT('',(50.,3.803774696119,11.299460640045));
#5466 = DIRECTION('',(0.,1.,2.22044604925E-16));
#5467 = DIRECTION('',(-1.,0.,0.));
#5468 = ORIENTED_EDGE('',*,*,#5078,.T.);
#5469 = CYLINDRICAL_SURFACE('',#5470,15.5);
#5470 = AXIS2_PLACEMENT_3D('',#5471,#5472,#5473);
#5471 = CARTESIAN_POINT('',(50.,3.803774696119,11.299460640045));
#5472 = DIRECTION('',(0.,-1.,-2.22044604925E-16));
#5473 = DIRECTION('',(-1.,0.,0.));
#5474 = ADVANCED_FACE('',(#5475),#5487,.T.);
#5475 = FACE_BOUND('',#5476,.T.);
#5476 = EDGE_LOOP('',(#5477,#5484,#5485,#5486));
#5477 = ORIENTED_EDGE('',*,*,#5478,.T.);
#5478 = EDGE_CURVE('',#5261,#5063,#5479,.T.);
#5479 = CIRCLE('',#5480,16.);
#5480 = AXIS2_PLACEMENT_3D('',#5481,#5482,#5483);
#5481 = CARTESIAN_POINT('',(50.,3.803774696119,11.299460640045));
#5482 = DIRECTION('',(-0.,-1.,-2.22044604925E-16));
#5483 = DIRECTION('',(-1.,0.,0.));
#5484 = ORIENTED_EDGE('',*,*,#5070,.T.);
#5485 = ORIENTED_EDGE('',*,*,#5462,.T.);
#5486 = ORIENTED_EDGE('',*,*,#5260,.T.);
#5487 = PLANE('',#5488);
#5488 = AXIS2_PLACEMENT_3D('',#5489,#5490,#5491);
#5489 = CARTESIAN_POINT('',(50.,3.803774696119,11.299460640045));
#5490 = DIRECTION('',(0.,-1.,-2.22044604925E-16));
#5491 = DIRECTION('',(-1.,0.,0.));
#5492 = ADVANCED_FACE('',(#5493),#5499,.F.);
#5493 = FACE_BOUND('',#5494,.F.);
#5494 = EDGE_LOOP('',(#5495,#5496,#5497,#5498));
#5495 = ORIENTED_EDGE('',*,*,#5268,.F.);
#5496 = ORIENTED_EDGE('',*,*,#5478,.T.);
#5497 = ORIENTED_EDGE('',*,*,#5062,.T.);
#5498 = ORIENTED_EDGE('',*,*,#5329,.F.);
#5499 = CYLINDRICAL_SURFACE('',#5500,16.);
#5500 = AXIS2_PLACEMENT_3D('',#5501,#5502,#5503);
#5501 = CARTESIAN_POINT('',(50.,3.803774696119,11.299460640045));
#5502 = DIRECTION('',(0.,-1.,-2.22044604925E-16));
#5503 = DIRECTION('',(-1.,0.,0.));
#5504 = ADVANCED_FACE('',(#5505),#5523,.F.);
#5505 = FACE_BOUND('',#5506,.F.);
#5506 = EDGE_LOOP('',(#5507,#5516,#5521,#5522));
#5507 = ORIENTED_EDGE('',*,*,#5508,.T.);
#5508 = EDGE_CURVE('',#5509,#5509,#5511,.T.);
#5509 = VERTEX_POINT('',#5510);
#5510 = CARTESIAN_POINT('',(40.5,3.803774696119,11.299460640045));
#5511 = CIRCLE('',#5512,9.5);
#5512 = AXIS2_PLACEMENT_3D('',#5513,#5514,#5515);
#5513 = CARTESIAN_POINT('',(50.,3.803774696119,11.299460640045));
#5514 = DIRECTION('',(-0.,-1.,-2.22044604925E-16));
#5515 = DIRECTION('',(-1.,0.,0.));
#5516 = ORIENTED_EDGE('',*,*,#5517,.T.);
#5517 = EDGE_CURVE('',#5509,#5444,#5518,.T.);
#5518 = B_SPLINE_CURVE_WITH_KNOTS('',1,(#5519,#5520),.UNSPECIFIED.,.F.,
  .F.,(2,2),(0.,1.),.PIECEWISE_BEZIER_KNOTS.);
#5519 = CARTESIAN_POINT('',(40.5,3.803774696119,11.299460640045));
#5520 = CARTESIAN_POINT('',(40.5,2.803774696119,11.299460640045));
#5521 = ORIENTED_EDGE('',*,*,#5443,.F.);
#5522 = ORIENTED_EDGE('',*,*,#5517,.F.);
#5523 = CYLINDRICAL_SURFACE('',#5524,9.5);
#5524 = AXIS2_PLACEMENT_3D('',#5525,#5526,#5527);
#5525 = CARTESIAN_POINT('',(50.,3.803774696119,11.299460640045));
#5526 = DIRECTION('',(0.,-1.,-2.22044604925E-16));
#5527 = DIRECTION('',(-1.,0.,0.));
#5528 = ADVANCED_FACE('',(#5529,#5532),#5543,.T.);
#5529 = FACE_BOUND('',#5530,.T.);
#5530 = EDGE_LOOP('',(#5531));
#5531 = ORIENTED_EDGE('',*,*,#5508,.T.);
#5532 = FACE_BOUND('',#5533,.T.);
#5533 = EDGE_LOOP('',(#5534));
#5534 = ORIENTED_EDGE('',*,*,#5535,.F.);
#5535 = EDGE_CURVE('',#5536,#5536,#5538,.T.);
#5536 = VERTEX_POINT('',#5537);
#5537 = CARTESIAN_POINT('',(41.5,3.803774696119,11.299460640045));
#5538 = CIRCLE('',#5539,8.5);
#5539 = AXIS2_PLACEMENT_3D('',#5540,#5541,#5542);
#5540 = CARTESIAN_POINT('',(50.,3.803774696119,11.299460640045));
#5541 = DIRECTION('',(-0.,-1.,-2.22044604925E-16));
#5542 = DIRECTION('',(-1.,0.,0.));
#5543 = PLANE('',#5544);
#5544 = AXIS2_PLACEMENT_3D('',#5545,#5546,#5547);
#5545 = CARTESIAN_POINT('',(50.,3.803774696119,11.299460640045));
#5546 = DIRECTION('',(0.,-1.,-2.22044604925E-16));
#5547 = DIRECTION('',(-1.,0.,0.));
#5548 = ADVANCED_FACE('',(#5549),#5567,.F.);
#5549 = FACE_BOUND('',#5550,.F.);
#5550 = EDGE_LOOP('',(#5551,#5560,#5565,#5566));
#5551 = ORIENTED_EDGE('',*,*,#5552,.T.);
#5552 = EDGE_CURVE('',#5553,#5553,#5555,.T.);
#5553 = VERTEX_POINT('',#5554);
#5554 = CARTESIAN_POINT('',(41.5,4.053774696119,11.299460640045));
#5555 = CIRCLE('',#5556,8.5);
#5556 = AXIS2_PLACEMENT_3D('',#5557,#5558,#5559);
#5557 = CARTESIAN_POINT('',(50.,4.053774696119,11.299460640045));
#5558 = DIRECTION('',(-0.,-1.,-2.22044604925E-16));
#5559 = DIRECTION('',(-1.,0.,0.));
#5560 = ORIENTED_EDGE('',*,*,#5561,.T.);
#5561 = EDGE_CURVE('',#5553,#5536,#5562,.T.);
#5562 = B_SPLINE_CURVE_WITH_KNOTS('',1,(#5563,#5564),.UNSPECIFIED.,.F.,
  .F.,(2,2),(0.,0.25),.PIECEWISE_BEZIER_KNOTS.);
#5563 = CARTESIAN_POINT('',(41.5,4.053774696119,11.299460640045));
#5564 = CARTESIAN_POINT('',(41.5,3.803774696119,11.299460640045));
#5565 = ORIENTED_EDGE('',*,*,#5535,.F.);
#5566 = ORIENTED_EDGE('',*,*,#5561,.F.);
#5567 = CYLINDRICAL_SURFACE('',#5568,8.5);
#5568 = AXIS2_PLACEMENT_3D('',#5569,#5570,#5571);
#5569 = CARTESIAN_POINT('',(50.,4.053774696119,11.299460640045));
#5570 = DIRECTION('',(0.,-1.,-2.22044604925E-16));
#5571 = DIRECTION('',(-1.,0.,0.));
#5572 = ADVANCED_FACE('',(#5573,#5576),#5587,.T.);
#5573 = FACE_BOUND('',#5574,.T.);
#5574 = EDGE_LOOP('',(#5575));
#5575 = ORIENTED_EDGE('',*,*,#5552,.T.);
#5576 = FACE_BOUND('',#5577,.T.);
#5577 = EDGE_LOOP('',(#5578));
#5578 = ORIENTED_EDGE('',*,*,#5579,.F.);
#5579 = EDGE_CURVE('',#5580,#5580,#5582,.T.);
#5580 = VERTEX_POINT('',#5581);
#5581 = CARTESIAN_POINT('',(42.5,4.053774696119,11.299460640045));
#5582 = CIRCLE('',#5583,7.5);
#5583 = AXIS2_PLACEMENT_3D('',#5584,#5585,#5586);
#5584 = CARTESIAN_POINT('',(50.,4.053774696119,11.299460640045));
#5585 = DIRECTION('',(-0.,-1.,-2.22044604925E-16));
#5586 = DIRECTION('',(-1.,0.,0.));
#5587 = PLANE('',#5588);
#5588 = AXIS2_PLACEMENT_3D('',#5589,#5590,#5591);
#5589 = CARTESIAN_POINT('',(50.,4.053774696119,11.299460640045));
#5590 = DIRECTION('',(0.,-1.,-2.22044604925E-16));
#5591 = DIRECTION('',(-1.,0.,0.));
#5592 = ADVANCED_FACE('',(#5593),#5611,.F.);
#5593 = FACE_BOUND('',#5594,.F.);
#5594 = EDGE_LOOP('',(#5595,#5604,#5609,#5610));
#5595 = ORIENTED_EDGE('',*,*,#5596,.T.);
#5596 = EDGE_CURVE('',#5597,#5597,#5599,.T.);
#5597 = VERTEX_POINT('',#5598);
#5598 = CARTESIAN_POINT('',(42.5,4.303774696119,11.299460640045));
#5599 = CIRCLE('',#5600,7.5);
#5600 = AXIS2_PLACEMENT_3D('',#5601,#5602,#5603);
#5601 = CARTESIAN_POINT('',(50.,4.303774696119,11.299460640045));
#5602 = DIRECTION('',(-0.,-1.,-2.22044604925E-16));
#5603 = DIRECTION('',(-1.,0.,0.));
#5604 = ORIENTED_EDGE('',*,*,#5605,.T.);
#5605 = EDGE_CURVE('',#5597,#5580,#5606,.T.);
#5606 = B_SPLINE_CURVE_WITH_KNOTS('',1,(#5607,#5608),.UNSPECIFIED.,.F.,
  .F.,(2,2),(0.,0.25),.PIECEWISE_BEZIER_KNOTS.);
#5607 = CARTESIAN_POINT('',(42.5,4.303774696119,11.299460640045));
#5608 = CARTESIAN_POINT('',(42.5,4.053774696119,11.299460640045));
#5609 = ORIENTED_EDGE('',*,*,#5579,.F.);
#5610 = ORIENTED_EDGE('',*,*,#5605,.F.);
#5611 = CYLINDRICAL_SURFACE('',#5612,7.5);
#5612 = AXIS2_PLACEMENT_3D('',#5613,#5614,#5615);
#5613 = CARTESIAN_POINT('',(50.,4.303774696119,11.299460640045));
#5614 = DIRECTION('',(0.,-1.,-2.22044604925E-16));
#5615 = DIRECTION('',(-1.,0.,0.));
#5616 = ADVANCED_FACE('',(#5617,#5620),#5631,.T.);
#5617 = FACE_BOUND('',#5618,.T.);
#5618 = EDGE_LOOP('',(#5619));
#5619 = ORIENTED_EDGE('',*,*,#5596,.T.);
#5620 = FACE_BOUND('',#5621,.T.);
#5621 = EDGE_LOOP('',(#5622));
#5622 = ORIENTED_EDGE('',*,*,#5623,.F.);
#5623 = EDGE_CURVE('',#5624,#5624,#5626,.T.);
#5624 = VERTEX_POINT('',#5625);
#5625 = CARTESIAN_POINT('',(43.5,4.303774696119,11.299460640045));
#5626 = CIRCLE('',#5627,6.5);
#5627 = AXIS2_PLACEMENT_3D('',#5628,#5629,#5630);
#5628 = CARTESIAN_POINT('',(50.,4.303774696119,11.299460640045));
#5629 = DIRECTION('',(-0.,-1.,-2.22044604925E-16));
#5630 = DIRECTION('',(-1.,0.,0.));
#5631 = PLANE('',#5632);
#5632 = AXIS2_PLACEMENT_3D('',#5633,#5634,#5635);
#5633 = CARTESIAN_POINT('',(50.,4.303774696119,11.299460640045));
#5634 = DIRECTION('',(0.,-1.,-2.22044604925E-16));
#5635 = DIRECTION('',(-1.,0.,0.));
#5636 = ADVANCED_FACE('',(#5637),#5655,.F.);
#5637 = FACE_BOUND('',#5638,.F.);
#5638 = EDGE_LOOP('',(#5639,#5648,#5653,#5654));
#5639 = ORIENTED_EDGE('',*,*,#5640,.T.);
#5640 = EDGE_CURVE('',#5641,#5641,#5643,.T.);
#5641 = VERTEX_POINT('',#5642);
#5642 = CARTESIAN_POINT('',(43.5,4.553774696119,11.299460640045));
#5643 = CIRCLE('',#5644,6.5);
#5644 = AXIS2_PLACEMENT_3D('',#5645,#5646,#5647);
#5645 = CARTESIAN_POINT('',(50.,4.553774696119,11.299460640045));
#5646 = DIRECTION('',(-0.,-1.,-2.22044604925E-16));
#5647 = DIRECTION('',(-1.,0.,0.));
#5648 = ORIENTED_EDGE('',*,*,#5649,.T.);
#5649 = EDGE_CURVE('',#5641,#5624,#5650,.T.);
#5650 = B_SPLINE_CURVE_WITH_KNOTS('',1,(#5651,#5652),.UNSPECIFIED.,.F.,
  .F.,(2,2),(0.,0.25),.PIECEWISE_BEZIER_KNOTS.);
#5651 = CARTESIAN_POINT('',(43.5,4.553774696119,11.299460640045));
#5652 = CARTESIAN_POINT('',(43.5,4.303774696119,11.299460640045));
#5653 = ORIENTED_EDGE('',*,*,#5623,.F.);
#5654 = ORIENTED_EDGE('',*,*,#5649,.F.);
#5655 = CYLINDRICAL_SURFACE('',#5656,6.5);
#5656 = AXIS2_PLACEMENT_3D('',#5657,#5658,#5659);
#5657 = CARTESIAN_POINT('',(50.,4.553774696119,11.299460640045));
#5658 = DIRECTION('',(0.,-1.,-2.22044604925E-16));
#5659 = DIRECTION('',(-1.,0.,0.));
#5660 = ADVANCED_FACE('',(#5661,#5664),#5700,.T.);
#5661 = FACE_BOUND('',#5662,.T.);
#5662 = EDGE_LOOP('',(#5663));
#5663 = ORIENTED_EDGE('',*,*,#5640,.T.);
#5664 = FACE_BOUND('',#5665,.T.);
#5665 = EDGE_LOOP('',(#5666,#5677,#5685,#5694));
#5666 = ORIENTED_EDGE('',*,*,#5667,.F.);
#5667 = EDGE_CURVE('',#5668,#5670,#5672,.T.);
#5668 = VERTEX_POINT('',#5669);
#5669 = CARTESIAN_POINT('',(53.570714214271,4.553774696119,
    7.799460640045));
#5670 = VERTEX_POINT('',#5671);
#5671 = CARTESIAN_POINT('',(53.570714214271,4.553774696119,
    14.799460640045));
#5672 = CIRCLE('',#5673,5.);
#5673 = AXIS2_PLACEMENT_3D('',#5674,#5675,#5676);
#5674 = CARTESIAN_POINT('',(50.,4.553774696119,11.299460640045));
#5675 = DIRECTION('',(-0.,-1.,-2.22044604925E-16));
#5676 = DIRECTION('',(-1.,0.,0.));
#5677 = ORIENTED_EDGE('',*,*,#5678,.F.);
#5678 = EDGE_CURVE('',#5679,#5668,#5681,.T.);
#5679 = VERTEX_POINT('',#5680);
#5680 = CARTESIAN_POINT('',(46.429285785729,4.553774696119,
    7.799460640045));
#5681 = LINE('',#5682,#5683);
#5682 = CARTESIAN_POINT('',(46.429285785729,4.553774696119,
    7.799460640045));
#5683 = VECTOR('',#5684,1.);
#5684 = DIRECTION('',(1.,0.,0.));
#5685 = ORIENTED_EDGE('',*,*,#5686,.F.);
#5686 = EDGE_CURVE('',#5687,#5679,#5689,.T.);
#5687 = VERTEX_POINT('',#5688);
#5688 = CARTESIAN_POINT('',(46.429285785729,4.553774696119,
    14.799460640045));
#5689 = CIRCLE('',#5690,5.);
#5690 = AXIS2_PLACEMENT_3D('',#5691,#5692,#5693);
#5691 = CARTESIAN_POINT('',(50.,4.553774696119,11.299460640045));
#5692 = DIRECTION('',(-0.,-1.,-2.22044604925E-16));
#5693 = DIRECTION('',(-1.,0.,0.));
#5694 = ORIENTED_EDGE('',*,*,#5695,.F.);
#5695 = EDGE_CURVE('',#5670,#5687,#5696,.T.);
#5696 = LINE('',#5697,#5698);
#5697 = CARTESIAN_POINT('',(53.570714214271,4.553774696119,
    14.799460640045));
#5698 = VECTOR('',#5699,1.);
#5699 = DIRECTION('',(-1.,0.,0.));
#5700 = PLANE('',#5701);
#5701 = AXIS2_PLACEMENT_3D('',#5702,#5703,#5704);
#5702 = CARTESIAN_POINT('',(50.,4.553774696119,11.299460640045));
#5703 = DIRECTION('',(0.,-1.,-2.22044604925E-16));
#5704 = DIRECTION('',(-1.,0.,0.));
#5705 = ADVANCED_FACE('',(#5706),#5732,.F.);
#5706 = FACE_BOUND('',#5707,.F.);
#5707 = EDGE_LOOP('',(#5708,#5716,#5725,#5731));
#5708 = ORIENTED_EDGE('',*,*,#5709,.F.);
#5709 = EDGE_CURVE('',#5710,#5668,#5712,.T.);
#5710 = VERTEX_POINT('',#5711);
#5711 = CARTESIAN_POINT('',(53.570714214271,6.553774696119,
    7.799460640045));
#5712 = LINE('',#5713,#5714);
#5713 = CARTESIAN_POINT('',(53.570714214271,6.553774696119,
    7.799460640045));
#5714 = VECTOR('',#5715,1.);
#5715 = DIRECTION('',(0.,-1.,-2.22044604925E-16));
#5716 = ORIENTED_EDGE('',*,*,#5717,.T.);
#5717 = EDGE_CURVE('',#5710,#5718,#5720,.T.);
#5718 = VERTEX_POINT('',#5719);
#5719 = CARTESIAN_POINT('',(53.570714214271,6.553774696119,
    14.799460640045));
#5720 = CIRCLE('',#5721,5.);
#5721 = AXIS2_PLACEMENT_3D('',#5722,#5723,#5724);
#5722 = CARTESIAN_POINT('',(50.,6.553774696119,11.299460640045));
#5723 = DIRECTION('',(-0.,-1.,-2.22044604925E-16));
#5724 = DIRECTION('',(-1.,0.,0.));
#5725 = ORIENTED_EDGE('',*,*,#5726,.T.);
#5726 = EDGE_CURVE('',#5718,#5670,#5727,.T.);
#5727 = LINE('',#5728,#5729);
#5728 = CARTESIAN_POINT('',(53.570714214271,6.553774696119,
    14.799460640045));
#5729 = VECTOR('',#5730,1.);
#5730 = DIRECTION('',(0.,-1.,-2.22044604925E-16));
#5731 = ORIENTED_EDGE('',*,*,#5667,.F.);
#5732 = CYLINDRICAL_SURFACE('',#5733,5.);
#5733 = AXIS2_PLACEMENT_3D('',#5734,#5735,#5736);
#5734 = CARTESIAN_POINT('',(50.,6.553774696119,11.299460640045));
#5735 = DIRECTION('',(0.,-1.,-2.22044604925E-16));
#5736 = DIRECTION('',(-1.,0.,0.));
#5737 = ADVANCED_FACE('',(#5738),#5764,.F.);
#5738 = FACE_BOUND('',#5739,.T.);
#5739 = EDGE_LOOP('',(#5740,#5741,#5742,#5750,#5758));
#5740 = ORIENTED_EDGE('',*,*,#5678,.T.);
#5741 = ORIENTED_EDGE('',*,*,#5709,.F.);
#5742 = ORIENTED_EDGE('',*,*,#5743,.F.);
#5743 = EDGE_CURVE('',#5744,#5710,#5746,.T.);
#5744 = VERTEX_POINT('',#5745);
#5745 = CARTESIAN_POINT('',(50.,6.553774696119,7.799460640045));
#5746 = LINE('',#5747,#5748);
#5747 = CARTESIAN_POINT('',(50.,6.553774696119,7.799460640045));
#5748 = VECTOR('',#5749,1.);
#5749 = DIRECTION('',(1.,0.,0.));
#5750 = ORIENTED_EDGE('',*,*,#5751,.F.);
#5751 = EDGE_CURVE('',#5752,#5744,#5754,.T.);
#5752 = VERTEX_POINT('',#5753);
#5753 = CARTESIAN_POINT('',(46.429285785729,6.553774696119,
    7.799460640045));
#5754 = LINE('',#5755,#5756);
#5755 = CARTESIAN_POINT('',(46.429285785729,6.553774696119,
    7.799460640045));
#5756 = VECTOR('',#5757,1.);
#5757 = DIRECTION('',(1.,0.,0.));
#5758 = ORIENTED_EDGE('',*,*,#5759,.T.);
#5759 = EDGE_CURVE('',#5752,#5679,#5760,.T.);
#5760 = LINE('',#5761,#5762);
#5761 = CARTESIAN_POINT('',(46.429285785729,6.553774696119,
    7.799460640045));
#5762 = VECTOR('',#5763,1.);
#5763 = DIRECTION('',(0.,-1.,-2.22044604925E-16));
#5764 = PLANE('',#5765);
#5765 = AXIS2_PLACEMENT_3D('',#5766,#5767,#5768);
#5766 = CARTESIAN_POINT('',(53.570714214271,6.553774696119,
    7.799460640045));
#5767 = DIRECTION('',(0.,2.22044604925E-16,-1.));
#5768 = DIRECTION('',(0.,1.,2.22044604925E-16));
#5769 = ADVANCED_FACE('',(#5770),#5789,.F.);
#5770 = FACE_BOUND('',#5771,.F.);
#5771 = EDGE_LOOP('',(#5772,#5780,#5787,#5788));
#5772 = ORIENTED_EDGE('',*,*,#5773,.F.);
#5773 = EDGE_CURVE('',#5774,#5687,#5776,.T.);
#5774 = VERTEX_POINT('',#5775);
#5775 = CARTESIAN_POINT('',(46.429285785729,6.553774696119,
    14.799460640045));
#5776 = LINE('',#5777,#5778);
#5777 = CARTESIAN_POINT('',(46.429285785729,6.553774696119,
    14.799460640045));
#5778 = VECTOR('',#5779,1.);
#5779 = DIRECTION('',(0.,-1.,-2.22044604925E-16));
#5780 = ORIENTED_EDGE('',*,*,#5781,.T.);
#5781 = EDGE_CURVE('',#5774,#5752,#5782,.T.);
#5782 = CIRCLE('',#5783,5.);
#5783 = AXIS2_PLACEMENT_3D('',#5784,#5785,#5786);
#5784 = CARTESIAN_POINT('',(50.,6.553774696119,11.299460640045));
#5785 = DIRECTION('',(-0.,-1.,-2.22044604925E-16));
#5786 = DIRECTION('',(-1.,0.,0.));
#5787 = ORIENTED_EDGE('',*,*,#5759,.T.);
#5788 = ORIENTED_EDGE('',*,*,#5686,.F.);
#5789 = CYLINDRICAL_SURFACE('',#5790,5.);
#5790 = AXIS2_PLACEMENT_3D('',#5791,#5792,#5793);
#5791 = CARTESIAN_POINT('',(50.,6.553774696119,11.299460640045));
#5792 = DIRECTION('',(0.,-1.,-2.22044604925E-16));
#5793 = DIRECTION('',(-1.,0.,0.));
#5794 = ADVANCED_FACE('',(#5795),#5814,.F.);
#5795 = FACE_BOUND('',#5796,.T.);
#5796 = EDGE_LOOP('',(#5797,#5798,#5799,#5807,#5813));
#5797 = ORIENTED_EDGE('',*,*,#5695,.T.);
#5798 = ORIENTED_EDGE('',*,*,#5773,.F.);
#5799 = ORIENTED_EDGE('',*,*,#5800,.F.);
#5800 = EDGE_CURVE('',#5801,#5774,#5803,.T.);
#5801 = VERTEX_POINT('',#5802);
#5802 = CARTESIAN_POINT('',(50.,6.553774696119,14.799460640045));
#5803 = LINE('',#5804,#5805);
#5804 = CARTESIAN_POINT('',(50.,6.553774696119,14.799460640045));
#5805 = VECTOR('',#5806,1.);
#5806 = DIRECTION('',(-1.,0.,0.));
#5807 = ORIENTED_EDGE('',*,*,#5808,.F.);
#5808 = EDGE_CURVE('',#5718,#5801,#5809,.T.);
#5809 = LINE('',#5810,#5811);
#5810 = CARTESIAN_POINT('',(53.570714214271,6.553774696119,
    14.799460640045));
#5811 = VECTOR('',#5812,1.);
#5812 = DIRECTION('',(-1.,0.,0.));
#5813 = ORIENTED_EDGE('',*,*,#5726,.T.);
#5814 = PLANE('',#5815);
#5815 = AXIS2_PLACEMENT_3D('',#5816,#5817,#5818);
#5816 = CARTESIAN_POINT('',(46.429285785729,6.553774696119,
    14.799460640045));
#5817 = DIRECTION('',(0.,-2.22044604925E-16,1.));
#5818 = DIRECTION('',(0.,-1.,-2.22044604925E-16));
#5819 = ADVANCED_FACE('',(#5820),#5832,.T.);
#5820 = FACE_BOUND('',#5821,.T.);
#5821 = EDGE_LOOP('',(#5822,#5829,#5830,#5831));
#5822 = ORIENTED_EDGE('',*,*,#5823,.F.);
#5823 = EDGE_CURVE('',#5744,#5801,#5824,.T.);
#5824 = CIRCLE('',#5825,3.5);
#5825 = AXIS2_PLACEMENT_3D('',#5826,#5827,#5828);
#5826 = CARTESIAN_POINT('',(50.,6.553774696119,11.299460640045));
#5827 = DIRECTION('',(-0.,-1.,-2.22044604925E-16));
#5828 = DIRECTION('',(-1.,0.,0.));
#5829 = ORIENTED_EDGE('',*,*,#5743,.T.);
#5830 = ORIENTED_EDGE('',*,*,#5717,.T.);
#5831 = ORIENTED_EDGE('',*,*,#5808,.T.);
#5832 = PLANE('',#5833);
#5833 = AXIS2_PLACEMENT_3D('',#5834,#5835,#5836);
#5834 = CARTESIAN_POINT('',(50.,6.553774696119,11.299460640045));
#5835 = DIRECTION('',(0.,-1.,-2.22044604925E-16));
#5836 = DIRECTION('',(-1.,0.,0.));
#5837 = ADVANCED_FACE('',(#5838),#5859,.T.);
#5838 = FACE_BOUND('',#5839,.T.);
#5839 = EDGE_LOOP('',(#5840,#5849,#5850,#5851,#5852));
#5840 = ORIENTED_EDGE('',*,*,#5841,.F.);
#5841 = EDGE_CURVE('',#5801,#5842,#5844,.T.);
#5842 = VERTEX_POINT('',#5843);
#5843 = CARTESIAN_POINT('',(46.5,6.553774696119,11.299460640045));
#5844 = CIRCLE('',#5845,3.5);
#5845 = AXIS2_PLACEMENT_3D('',#5846,#5847,#5848);
#5846 = CARTESIAN_POINT('',(50.,6.553774696119,11.299460640045));
#5847 = DIRECTION('',(-0.,-1.,-2.22044604925E-16));
#5848 = DIRECTION('',(-1.,0.,0.));
#5849 = ORIENTED_EDGE('',*,*,#5800,.T.);
#5850 = ORIENTED_EDGE('',*,*,#5781,.T.);
#5851 = ORIENTED_EDGE('',*,*,#5751,.T.);
#5852 = ORIENTED_EDGE('',*,*,#5853,.F.);
#5853 = EDGE_CURVE('',#5842,#5744,#5854,.T.);
#5854 = CIRCLE('',#5855,3.5);
#5855 = AXIS2_PLACEMENT_3D('',#5856,#5857,#5858);
#5856 = CARTESIAN_POINT('',(50.,6.553774696119,11.299460640045));
#5857 = DIRECTION('',(-0.,-1.,-2.22044604925E-16));
#5858 = DIRECTION('',(-1.,0.,0.));
#5859 = PLANE('',#5860);
#5860 = AXIS2_PLACEMENT_3D('',#5861,#5862,#5863);
#5861 = CARTESIAN_POINT('',(50.,6.553774696119,11.299460640045));
#5862 = DIRECTION('',(0.,-1.,-2.22044604925E-16));
#5863 = DIRECTION('',(-1.,0.,0.));
#5864 = ADVANCED_FACE('',(#5865),#5885,.F.);
#5865 = FACE_BOUND('',#5866,.F.);
#5866 = EDGE_LOOP('',(#5867,#5876,#5881,#5882,#5883,#5884));
#5867 = ORIENTED_EDGE('',*,*,#5868,.T.);
#5868 = EDGE_CURVE('',#5869,#5869,#5871,.T.);
#5869 = VERTEX_POINT('',#5870);
#5870 = CARTESIAN_POINT('',(47.982560968513,7.553774696119,
    11.299460640045));
#5871 = CIRCLE('',#5872,2.017439031487);
#5872 = AXIS2_PLACEMENT_3D('',#5873,#5874,#5875);
#5873 = CARTESIAN_POINT('',(50.,7.553774696119,11.299460640045));
#5874 = DIRECTION('',(-0.,-1.,-2.22044604925E-16));
#5875 = DIRECTION('',(-1.,0.,0.));
#5876 = ORIENTED_EDGE('',*,*,#5877,.T.);
#5877 = EDGE_CURVE('',#5869,#5842,#5878,.T.);
#5878 = B_SPLINE_CURVE_WITH_KNOTS('',1,(#5879,#5880),.UNSPECIFIED.,.F.,
  .F.,(2,2),(-1.788291649971,0.),.PIECEWISE_BEZIER_KNOTS.);
#5879 = CARTESIAN_POINT('',(47.982560968513,7.553774696119,
    11.299460640045));
#5880 = CARTESIAN_POINT('',(46.5,6.553774696119,11.299460640045));
#5881 = ORIENTED_EDGE('',*,*,#5841,.F.);
#5882 = ORIENTED_EDGE('',*,*,#5823,.F.);
#5883 = ORIENTED_EDGE('',*,*,#5853,.F.);
#5884 = ORIENTED_EDGE('',*,*,#5877,.F.);
#5885 = CONICAL_SURFACE('',#5886,3.5,0.977384381117);
#5886 = AXIS2_PLACEMENT_3D('',#5887,#5888,#5889);
#5887 = CARTESIAN_POINT('',(50.,6.553774696119,11.299460640045));
#5888 = DIRECTION('',(0.,-1.,-2.22044604925E-16));
#5889 = DIRECTION('',(-1.,0.,0.));
#5890 = ADVANCED_FACE('',(#5891),#5894,.T.);
#5891 = FACE_BOUND('',#5892,.T.);
#5892 = EDGE_LOOP('',(#5893));
#5893 = ORIENTED_EDGE('',*,*,#5868,.T.);
#5894 = PLANE('',#5895);
#5895 = AXIS2_PLACEMENT_3D('',#5896,#5897,#5898);
#5896 = CARTESIAN_POINT('',(50.,7.553774696119,11.299460640045));
#5897 = DIRECTION('',(0.,-1.,-2.22044604925E-16));
#5898 = DIRECTION('',(-1.,0.,0.));
#5899 = ADVANCED_FACE('',(#5900),#5925,.T.);
#5900 = FACE_BOUND('',#5901,.T.);
#5901 = EDGE_LOOP('',(#5902,#5903,#5911,#5919));
#5902 = ORIENTED_EDGE('',*,*,#3827,.F.);
#5903 = ORIENTED_EDGE('',*,*,#5904,.F.);
#5904 = EDGE_CURVE('',#5905,#3828,#5907,.T.);
#5905 = VERTEX_POINT('',#5906);
#5906 = CARTESIAN_POINT('',(31.993985293558,1.793774696119,9.77073024977
    ));
#5907 = LINE('',#5908,#5909);
#5908 = CARTESIAN_POINT('',(31.993985293558,1.793774696119,9.77073024977
    ));
#5909 = VECTOR('',#5910,1.);
#5910 = DIRECTION('',(0.,1.,2.331468351713E-15));
#5911 = ORIENTED_EDGE('',*,*,#5912,.T.);
#5912 = EDGE_CURVE('',#5905,#5913,#5915,.T.);
#5913 = VERTEX_POINT('',#5914);
#5914 = CARTESIAN_POINT('',(31.993985293558,1.793774696119,
    9.466395814674));
#5915 = LINE('',#5916,#5917);
#5916 = CARTESIAN_POINT('',(31.993985293558,1.793774696119,9.77073024977
    ));
#5917 = VECTOR('',#5918,1.);
#5918 = DIRECTION('',(0.,2.331468351713E-15,-1.));
#5919 = ORIENTED_EDGE('',*,*,#5920,.T.);
#5920 = EDGE_CURVE('',#5913,#3830,#5921,.T.);
#5921 = LINE('',#5922,#5923);
#5922 = CARTESIAN_POINT('',(31.993985293558,1.793774696119,
    9.466395814674));
#5923 = VECTOR('',#5924,1.);
#5924 = DIRECTION('',(0.,1.,2.331468351713E-15));
#5925 = PLANE('',#5926);
#5926 = AXIS2_PLACEMENT_3D('',#5927,#5928,#5929);
#5927 = CARTESIAN_POINT('',(31.993985293558,1.793774696119,9.77073024977
    ));
#5928 = DIRECTION('',(1.,0.,-0.));
#5929 = DIRECTION('',(0.,-1.,-2.331468351713E-15));
#5930 = ADVANCED_FACE('',(#5931),#5957,.T.);
#5931 = FACE_BOUND('',#5932,.T.);
#5932 = EDGE_LOOP('',(#5933,#5934,#5942,#5956));
#5933 = ORIENTED_EDGE('',*,*,#4049,.F.);
#5934 = ORIENTED_EDGE('',*,*,#5935,.F.);
#5935 = EDGE_CURVE('',#5936,#4018,#5938,.T.);
#5936 = VERTEX_POINT('',#5937);
#5937 = CARTESIAN_POINT('',(32.682792384904,1.793774696119,9.43586696852
    ));
#5938 = LINE('',#5939,#5940);
#5939 = CARTESIAN_POINT('',(32.682792384904,1.793774696119,9.43586696852
    ));
#5940 = VECTOR('',#5941,1.);
#5941 = DIRECTION('',(0.,1.,2.331468351713E-15));
#5942 = ORIENTED_EDGE('',*,*,#5943,.T.);
#5943 = EDGE_CURVE('',#5936,#5905,#5944,.T.);
#5944 = B_SPLINE_CURVE_WITH_KNOTS('',3,(#5945,#5946,#5947,#5948,#5949,
    #5950,#5951,#5952,#5953,#5954,#5955),.UNSPECIFIED.,.F.,.F.,(4,1,1,1,
    1,1,1,1,4),(0.,0.120911078749,0.238762228639,0.354754859085,
    0.47035939945,0.589144098793,0.716328904836,0.852445285858,1.),
  .UNSPECIFIED.);
#5945 = CARTESIAN_POINT('',(32.682792384904,1.793774696119,9.43586696852
    ));
#5946 = CARTESIAN_POINT('',(32.650780942491,1.793774696119,
    9.436789990878));
#5947 = CARTESIAN_POINT('',(32.587568179761,1.793774696119,
    9.438612676421));
#5948 = CARTESIAN_POINT('',(32.494542265608,1.793774696119,
    9.452914562834));
#5949 = CARTESIAN_POINT('',(32.404774420195,1.793774696119,
    9.475716061204));
#5950 = CARTESIAN_POINT('',(32.317758091672,1.793774696119,9.50838383839
    ));
#5951 = CARTESIAN_POINT('',(32.232784443402,1.793774696119,
    9.552981275186));
#5952 = CARTESIAN_POINT('',(32.150133531486,1.793774696119,9.6117253166)
  );
#5953 = CARTESIAN_POINT('',(32.069566227699,1.793774696119,
    9.685142887025));
#5954 = CARTESIAN_POINT('',(32.019847203701,1.793774696119,
    9.741444389389));
#5955 = CARTESIAN_POINT('',(31.993985293558,1.793774696119,9.77073024977
    ));
#5956 = ORIENTED_EDGE('',*,*,#5904,.T.);
#5957 = B_SPLINE_SURFACE_WITH_KNOTS('',3,1,(
    (#5958,#5959)
    ,(#5960,#5961)
    ,(#5962,#5963)
    ,(#5964,#5965)
    ,(#5966,#5967)
    ,(#5968,#5969)
    ,(#5970,#5971)
    ,(#5972,#5973)
    ,(#5974,#5975)
    ,(#5976,#5977)
    ,(#5978,#5979
  )),.UNSPECIFIED.,.F.,.F.,.F.,(4,1,1,1,1,1,1,1,4),(2,2),(0.,
    0.120911078749,0.238762228639,0.354754859085,0.47035939945,
    0.589144098793,0.716328904836,0.852445285858,1.),(0.,1.2E-03),
  .UNSPECIFIED.);
#5958 = CARTESIAN_POINT('',(32.682792384904,1.793774696119,9.43586696852
    ));
#5959 = CARTESIAN_POINT('',(32.682792384904,1.805774696119,9.43586696852
    ));
#5960 = CARTESIAN_POINT('',(32.650780942491,1.793774696119,
    9.436789990878));
#5961 = CARTESIAN_POINT('',(32.650780942491,1.805774696119,
    9.436789990878));
#5962 = CARTESIAN_POINT('',(32.587568179761,1.793774696119,
    9.438612676421));
#5963 = CARTESIAN_POINT('',(32.587568179761,1.805774696119,
    9.438612676421));
#5964 = CARTESIAN_POINT('',(32.494542265608,1.793774696119,
    9.452914562834));
#5965 = CARTESIAN_POINT('',(32.494542265608,1.805774696119,
    9.452914562834));
#5966 = CARTESIAN_POINT('',(32.404774420195,1.793774696119,
    9.475716061204));
#5967 = CARTESIAN_POINT('',(32.404774420195,1.805774696119,
    9.475716061204));
#5968 = CARTESIAN_POINT('',(32.317758091672,1.793774696119,9.50838383839
    ));
#5969 = CARTESIAN_POINT('',(32.317758091672,1.805774696119,9.50838383839
    ));
#5970 = CARTESIAN_POINT('',(32.232784443402,1.793774696119,
    9.552981275186));
#5971 = CARTESIAN_POINT('',(32.232784443402,1.805774696119,
    9.552981275186));
#5972 = CARTESIAN_POINT('',(32.150133531486,1.793774696119,9.6117253166)
  );
#5973 = CARTESIAN_POINT('',(32.150133531486,1.805774696119,9.6117253166)
  );
#5974 = CARTESIAN_POINT('',(32.069566227699,1.793774696119,
    9.685142887025));
#5975 = CARTESIAN_POINT('',(32.069566227699,1.805774696119,
    9.685142887025));
#5976 = CARTESIAN_POINT('',(32.019847203701,1.793774696119,
    9.741444389389));
#5977 = CARTESIAN_POINT('',(32.019847203701,1.805774696119,
    9.741444389389));
#5978 = CARTESIAN_POINT('',(31.993985293558,1.793774696119,9.77073024977
    ));
#5979 = CARTESIAN_POINT('',(31.993985293558,1.805774696119,9.77073024977
    ));
#5980 = ADVANCED_FACE('',(#5981),#5999,.T.);
#5981 = FACE_BOUND('',#5982,.T.);
#5982 = EDGE_LOOP('',(#5983,#5984,#5985,#5993));
#5983 = ORIENTED_EDGE('',*,*,#3837,.F.);
#5984 = ORIENTED_EDGE('',*,*,#5920,.F.);
#5985 = ORIENTED_EDGE('',*,*,#5986,.T.);
#5986 = EDGE_CURVE('',#5913,#5987,#5989,.T.);
#5987 = VERTEX_POINT('',#5988);
#5988 = CARTESIAN_POINT('',(31.780283370481,1.793774696119,
    9.466395814674));
#5989 = LINE('',#5990,#5991);
#5990 = CARTESIAN_POINT('',(31.993985293558,1.793774696119,
    9.466395814674));
#5991 = VECTOR('',#5992,1.);
#5992 = DIRECTION('',(-1.,0.,0.));
#5993 = ORIENTED_EDGE('',*,*,#5994,.T.);
#5994 = EDGE_CURVE('',#5987,#3838,#5995,.T.);
#5995 = LINE('',#5996,#5997);
#5996 = CARTESIAN_POINT('',(31.780283370481,1.793774696119,
    9.466395814674));
#5997 = VECTOR('',#5998,1.);
#5998 = DIRECTION('',(0.,1.,2.331468351713E-15));
#5999 = PLANE('',#6000);
#6000 = AXIS2_PLACEMENT_3D('',#6001,#6002,#6003);
#6001 = CARTESIAN_POINT('',(31.993985293558,1.793774696119,
    9.466395814674));
#6002 = DIRECTION('',(0.,2.331468351713E-15,-1.));
#6003 = DIRECTION('',(0.,-1.,-2.331468351713E-15));
#6004 = ADVANCED_FACE('',(#6005),#6047,.T.);
#6005 = FACE_BOUND('',#6006,.T.);
#6006 = EDGE_LOOP('',(#6007,#6008,#6016,#6046));
#6007 = ORIENTED_EDGE('',*,*,#4017,.F.);
#6008 = ORIENTED_EDGE('',*,*,#6009,.F.);
#6009 = EDGE_CURVE('',#6010,#3986,#6012,.T.);
#6010 = VERTEX_POINT('',#6011);
#6011 = CARTESIAN_POINT('',(33.581485293558,1.793774696119,
    10.330743771405));
#6012 = LINE('',#6013,#6014);
#6013 = CARTESIAN_POINT('',(33.581485293558,1.793774696119,
    10.330743771405));
#6014 = VECTOR('',#6015,1.);
#6015 = DIRECTION('',(0.,1.,2.331468351713E-15));
#6016 = ORIENTED_EDGE('',*,*,#6017,.T.);
#6017 = EDGE_CURVE('',#6010,#5936,#6018,.T.);
#6018 = B_SPLINE_CURVE_WITH_KNOTS('',3,(#6019,#6020,#6021,#6022,#6023,
    #6024,#6025,#6026,#6027,#6028,#6029,#6030,#6031,#6032,#6033,#6034,
    #6035,#6036,#6037,#6038,#6039,#6040,#6041,#6042,#6043,#6044,#6045),
  .UNSPECIFIED.,.F.,.F.,(4,1,1,1,1,1,1,1,1,1,1,1,1,1,1,1,1,1,1,1,1,1,1,1
    ,4),(0.,4.203411866385E-02,8.390543308623E-02,0.125068934449,
    0.166158469703,0.207210272871,0.248490732056,0.289878112233,
    0.332169514204,0.374475842154,0.416224980456,0.457609586959,
    0.499073170467,0.540553361553,0.582248849195,0.624549750126,
    0.667432800921,0.710322543306,0.75246711857,0.794064756844,
    0.835215707295,0.876228344225,0.917446188706,0.958643140471,1.),
  .UNSPECIFIED.);
#6019 = CARTESIAN_POINT('',(33.581485293558,1.793774696119,
    10.330743771405));
#6020 = CARTESIAN_POINT('',(33.581132075074,1.793774696119,
    10.311011307877));
#6021 = CARTESIAN_POINT('',(33.580427006172,1.793774696119,
    10.271622807515));
#6022 = CARTESIAN_POINT('',(33.574337143435,1.793774696119,
    10.213194154243));
#6023 = CARTESIAN_POINT('',(33.565650214559,1.793774696119,
    10.155547877766));
#6024 = CARTESIAN_POINT('',(33.551901714582,1.793774696119,
    10.099278163507));
#6025 = CARTESIAN_POINT('',(33.535353712659,1.793774696119,
    10.043744180611));
#6026 = CARTESIAN_POINT('',(33.514858924901,1.793774696119,
    9.989356120088));
#6027 = CARTESIAN_POINT('',(33.490217233281,1.793774696119,
    9.936097416571));
#6028 = CARTESIAN_POINT('',(33.462315957162,1.793774696119,
    9.883928629998));
#6029 = CARTESIAN_POINT('',(33.430962315554,1.793774696119,
    9.833549806266));
#6030 = CARTESIAN_POINT('',(33.396582181291,1.793774696119,
    9.785702570392));
#6031 = CARTESIAN_POINT('',(33.359134048982,1.793774696119,
    9.740739010563));
#6032 = CARTESIAN_POINT('',(33.319134549248,1.793774696119,
    9.698205516399));
#6033 = CARTESIAN_POINT('',(33.27609528087,1.793774696119,9.658512464765
    ));
#6034 = CARTESIAN_POINT('',(33.230038509292,1.793774696119,
    9.621756194014));
#6035 = CARTESIAN_POINT('',(33.181418228267,1.793774696119,
    9.587320579712));
#6036 = CARTESIAN_POINT('',(33.130083751038,1.793774696119,
    9.555948402108));
#6037 = CARTESIAN_POINT('',(33.076827170636,1.793774696119,
    9.528201909386));
#6038 = CARTESIAN_POINT('',(33.023001519602,1.793774696119,
    9.502884053265));
#6039 = CARTESIAN_POINT('',(32.967893791847,1.793774696119,
    9.482790304084));
#6040 = CARTESIAN_POINT('',(32.912531403417,1.793774696119,
    9.465085302776));
#6041 = CARTESIAN_POINT('',(32.855939354266,1.793774696119,
    9.452542786028));
#6042 = CARTESIAN_POINT('',(32.798811538248,1.793774696119,
    9.442866582152));
#6043 = CARTESIAN_POINT('',(32.740952376311,1.793774696119,
    9.436971477312));
#6044 = CARTESIAN_POINT('',(32.702204067359,1.793774696119,
    9.436235613243));
#6045 = CARTESIAN_POINT('',(32.682792384904,1.793774696119,9.43586696852
    ));
#6046 = ORIENTED_EDGE('',*,*,#5935,.T.);
#6047 = B_SPLINE_SURFACE_WITH_KNOTS('',3,1,(
    (#6048,#6049)
    ,(#6050,#6051)
    ,(#6052,#6053)
    ,(#6054,#6055)
    ,(#6056,#6057)
    ,(#6058,#6059)
    ,(#6060,#6061)
    ,(#6062,#6063)
    ,(#6064,#6065)
    ,(#6066,#6067)
    ,(#6068,#6069)
    ,(#6070,#6071)
    ,(#6072,#6073)
    ,(#6074,#6075)
    ,(#6076,#6077)
    ,(#6078,#6079)
    ,(#6080,#6081)
    ,(#6082,#6083)
    ,(#6084,#6085)
    ,(#6086,#6087)
    ,(#6088,#6089)
    ,(#6090,#6091)
    ,(#6092,#6093)
    ,(#6094,#6095)
    ,(#6096,#6097)
    ,(#6098,#6099)
    ,(#6100,#6101
    )),.UNSPECIFIED.,.F.,.F.,.F.,(4,1,1,1,1,1,1,1,1,1,1,1,1,1,1,1,1,1,1,
    1,1,1,1,1,4),(2,2),(0.,4.203411866385E-02,8.390543308623E-02,
    0.125068934449,0.166158469703,0.207210272871,0.248490732056,
    0.289878112233,0.332169514204,0.374475842154,0.416224980456,
    0.457609586959,0.499073170467,0.540553361553,0.582248849195,
    0.624549750126,0.667432800921,0.710322543306,0.75246711857,
    0.794064756844,0.835215707295,0.876228344225,0.917446188706,
    0.958643140471,1.),(0.,1.2E-03),.UNSPECIFIED.);
#6048 = CARTESIAN_POINT('',(33.581485293558,1.793774696119,
    10.330743771405));
#6049 = CARTESIAN_POINT('',(33.581485293558,1.805774696119,
    10.330743771405));
#6050 = CARTESIAN_POINT('',(33.581132075074,1.793774696119,
    10.311011307877));
#6051 = CARTESIAN_POINT('',(33.581132075074,1.805774696119,
    10.311011307877));
#6052 = CARTESIAN_POINT('',(33.580427006172,1.793774696119,
    10.271622807515));
#6053 = CARTESIAN_POINT('',(33.580427006172,1.805774696119,
    10.271622807515));
#6054 = CARTESIAN_POINT('',(33.574337143435,1.793774696119,
    10.213194154243));
#6055 = CARTESIAN_POINT('',(33.574337143435,1.805774696119,
    10.213194154243));
#6056 = CARTESIAN_POINT('',(33.565650214559,1.793774696119,
    10.155547877766));
#6057 = CARTESIAN_POINT('',(33.565650214559,1.805774696119,
    10.155547877766));
#6058 = CARTESIAN_POINT('',(33.551901714582,1.793774696119,
    10.099278163507));
#6059 = CARTESIAN_POINT('',(33.551901714582,1.805774696119,
    10.099278163507));
#6060 = CARTESIAN_POINT('',(33.535353712659,1.793774696119,
    10.043744180611));
#6061 = CARTESIAN_POINT('',(33.535353712659,1.805774696119,
    10.043744180611));
#6062 = CARTESIAN_POINT('',(33.514858924901,1.793774696119,
    9.989356120088));
#6063 = CARTESIAN_POINT('',(33.514858924901,1.805774696119,
    9.989356120088));
#6064 = CARTESIAN_POINT('',(33.490217233281,1.793774696119,
    9.936097416571));
#6065 = CARTESIAN_POINT('',(33.490217233281,1.805774696119,
    9.936097416571));
#6066 = CARTESIAN_POINT('',(33.462315957162,1.793774696119,
    9.883928629998));
#6067 = CARTESIAN_POINT('',(33.462315957162,1.805774696119,
    9.883928629998));
#6068 = CARTESIAN_POINT('',(33.430962315554,1.793774696119,
    9.833549806266));
#6069 = CARTESIAN_POINT('',(33.430962315554,1.805774696119,
    9.833549806266));
#6070 = CARTESIAN_POINT('',(33.396582181291,1.793774696119,
    9.785702570392));
#6071 = CARTESIAN_POINT('',(33.396582181291,1.805774696119,
    9.785702570392));
#6072 = CARTESIAN_POINT('',(33.359134048982,1.793774696119,
    9.740739010563));
#6073 = CARTESIAN_POINT('',(33.359134048982,1.805774696119,
    9.740739010563));
#6074 = CARTESIAN_POINT('',(33.319134549248,1.793774696119,
    9.698205516399));
#6075 = CARTESIAN_POINT('',(33.319134549248,1.805774696119,
    9.698205516399));
#6076 = CARTESIAN_POINT('',(33.27609528087,1.793774696119,9.658512464765
    ));
#6077 = CARTESIAN_POINT('',(33.27609528087,1.805774696119,9.658512464765
    ));
#6078 = CARTESIAN_POINT('',(33.230038509292,1.793774696119,
    9.621756194014));
#6079 = CARTESIAN_POINT('',(33.230038509292,1.805774696119,
    9.621756194014));
#6080 = CARTESIAN_POINT('',(33.181418228267,1.793774696119,
    9.587320579712));
#6081 = CARTESIAN_POINT('',(33.181418228267,1.805774696119,
    9.587320579712));
#6082 = CARTESIAN_POINT('',(33.130083751038,1.793774696119,
    9.555948402108));
#6083 = CARTESIAN_POINT('',(33.130083751038,1.805774696119,
    9.555948402108));
#6084 = CARTESIAN_POINT('',(33.076827170636,1.793774696119,
    9.528201909386));
#6085 = CARTESIAN_POINT('',(33.076827170636,1.805774696119,
    9.528201909386));
#6086 = CARTESIAN_POINT('',(33.023001519602,1.793774696119,
    9.502884053265));
#6087 = CARTESIAN_POINT('',(33.023001519602,1.805774696119,
    9.502884053265));
#6088 = CARTESIAN_POINT('',(32.967893791847,1.793774696119,
    9.482790304084));
#6089 = CARTESIAN_POINT('',(32.967893791847,1.805774696119,
    9.482790304084));
#6090 = CARTESIAN_POINT('',(32.912531403417,1.793774696119,
    9.465085302776));
#6091 = CARTESIAN_POINT('',(32.912531403417,1.805774696119,
    9.465085302776));
#6092 = CARTESIAN_POINT('',(32.855939354266,1.793774696119,
    9.452542786028));
#6093 = CARTESIAN_POINT('',(32.855939354266,1.805774696119,
    9.452542786028));
#6094 = CARTESIAN_POINT('',(32.798811538248,1.793774696119,
    9.442866582152));
#6095 = CARTESIAN_POINT('',(32.798811538248,1.805774696119,
    9.442866582152));
#6096 = CARTESIAN_POINT('',(32.740952376311,1.793774696119,
    9.436971477312));
#6097 = CARTESIAN_POINT('',(32.740952376311,1.805774696119,
    9.436971477312));
#6098 = CARTESIAN_POINT('',(32.702204067359,1.793774696119,
    9.436235613243));
#6099 = CARTESIAN_POINT('',(32.702204067359,1.805774696119,
    9.436235613243));
#6100 = CARTESIAN_POINT('',(32.682792384904,1.793774696119,9.43586696852
    ));
#6101 = CARTESIAN_POINT('',(32.682792384904,1.805774696119,9.43586696852
    ));
#6102 = ADVANCED_FACE('',(#6103),#6121,.T.);
#6103 = FACE_BOUND('',#6104,.T.);
#6104 = EDGE_LOOP('',(#6105,#6106,#6107,#6115));
#6105 = ORIENTED_EDGE('',*,*,#3845,.F.);
#6106 = ORIENTED_EDGE('',*,*,#5994,.F.);
#6107 = ORIENTED_EDGE('',*,*,#6108,.T.);
#6108 = EDGE_CURVE('',#5987,#6109,#6111,.T.);
#6109 = VERTEX_POINT('',#6110);
#6110 = CARTESIAN_POINT('',(31.780283370481,1.793774696119,
    10.847349089914));
#6111 = LINE('',#6112,#6113);
#6112 = CARTESIAN_POINT('',(31.780283370481,1.793774696119,
    9.466395814674));
#6113 = VECTOR('',#6114,1.);
#6114 = DIRECTION('',(0.,-2.331468351713E-15,1.));
#6115 = ORIENTED_EDGE('',*,*,#6116,.T.);
#6116 = EDGE_CURVE('',#6109,#3846,#6117,.T.);
#6117 = LINE('',#6118,#6119);
#6118 = CARTESIAN_POINT('',(31.780283370481,1.793774696119,
    10.847349089914));
#6119 = VECTOR('',#6120,1.);
#6120 = DIRECTION('',(0.,1.,2.331468351713E-15));
#6121 = PLANE('',#6122);
#6122 = AXIS2_PLACEMENT_3D('',#6123,#6124,#6125);
#6123 = CARTESIAN_POINT('',(31.780283370481,1.793774696119,
    9.466395814674));
#6124 = DIRECTION('',(-1.,0.,0.));
#6125 = DIRECTION('',(0.,1.,2.331468351713E-15));
#6126 = ADVANCED_FACE('',(#6127),#6169,.T.);
#6127 = FACE_BOUND('',#6128,.T.);
#6128 = EDGE_LOOP('',(#6129,#6130,#6138,#6168));
#6129 = ORIENTED_EDGE('',*,*,#3985,.F.);
#6130 = ORIENTED_EDGE('',*,*,#6131,.F.);
#6131 = EDGE_CURVE('',#6132,#3970,#6134,.T.);
#6132 = VERTEX_POINT('',#6133);
#6133 = CARTESIAN_POINT('',(32.68947057,1.793774696119,11.206540045443)
  );
#6134 = LINE('',#6135,#6136);
#6135 = CARTESIAN_POINT('',(32.68947057,1.793774696119,11.206540045443)
  );
#6136 = VECTOR('',#6137,1.);
#6137 = DIRECTION('',(0.,1.,2.331468351713E-15));
#6138 = ORIENTED_EDGE('',*,*,#6139,.T.);
#6139 = EDGE_CURVE('',#6132,#6010,#6140,.T.);
#6140 = B_SPLINE_CURVE_WITH_KNOTS('',3,(#6141,#6142,#6143,#6144,#6145,
    #6146,#6147,#6148,#6149,#6150,#6151,#6152,#6153,#6154,#6155,#6156,
    #6157,#6158,#6159,#6160,#6161,#6162,#6163,#6164,#6165,#6166,#6167),
  .UNSPECIFIED.,.F.,.F.,(4,1,1,1,1,1,1,1,1,1,1,1,1,1,1,1,1,1,1,1,1,1,1,1
    ,4),(0.,4.286475903119E-02,8.522225756723E-02,0.127202284144,
    0.169025312609,0.2108820331,0.252962677727,0.2956282851,
    0.338553293631,0.381463247717,0.423581562143,0.465066165395,
    0.506312218842,0.547039505462,0.587675832893,0.628674786298,
    0.669946464603,0.711035574456,0.751995828635,0.792672607484,
    0.833446017885,0.874190607042,0.915493583029,0.957477806839,1.),
  .UNSPECIFIED.);
#6141 = CARTESIAN_POINT('',(32.68947057,1.793774696119,11.206540045443)
  );
#6142 = CARTESIAN_POINT('',(32.709361674732,1.793774696119,
    11.206189643505));
#6143 = CARTESIAN_POINT('',(32.748908493354,1.793774696119,
    11.205492986277));
#6144 = CARTESIAN_POINT('',(32.807660562453,1.793774696119,
    11.199397818065));
#6145 = CARTESIAN_POINT('',(32.865545646387,1.793774696119,
    11.190554030897));
#6146 = CARTESIAN_POINT('',(32.922428744748,1.793774696119,
    11.177571837588));
#6147 = CARTESIAN_POINT('',(32.978391938638,1.793774696119,
    11.160908716496));
#6148 = CARTESIAN_POINT('',(33.033342746849,1.793774696119,
    11.140078399597));
#6149 = CARTESIAN_POINT('',(33.087726092603,1.793774696119,
    11.116527756634));
#6150 = CARTESIAN_POINT('',(33.140553442041,1.793774696119,
    11.08878768858));
#6151 = CARTESIAN_POINT('',(33.191298648844,1.793774696119,
    11.057925119091));
#6152 = CARTESIAN_POINT('',(33.239578958731,1.793774696119,
    11.024493123804));
#6153 = CARTESIAN_POINT('',(33.285141482646,1.793774696119,
    10.988666681269));
#6154 = CARTESIAN_POINT('',(33.327552558503,1.793774696119,10.9500925133
    ));
#6155 = CARTESIAN_POINT('',(33.366756554614,1.793774696119,
    10.908826449046));
#6156 = CARTESIAN_POINT('',(33.403280757701,1.793774696119,
    10.865308388857));
#6157 = CARTESIAN_POINT('',(33.436521202759,1.793774696119,
    10.818930659478));
#6158 = CARTESIAN_POINT('',(33.467159990796,1.793774696119,
    10.77053892587));
#6159 = CARTESIAN_POINT('',(33.493733074175,1.793774696119,
    10.719810868777));
#6160 = CARTESIAN_POINT('',(33.517058691435,1.793774696119,
    10.667846485995));
#6161 = CARTESIAN_POINT('',(33.537339733079,1.793774696119,
    10.61475688839));
#6162 = CARTESIAN_POINT('',(33.553508693903,1.793774696119,
    10.560364333262));
#6163 = CARTESIAN_POINT('',(33.565857933467,1.793774696119,
    10.504703111945));
#6164 = CARTESIAN_POINT('',(33.5750497129,1.793774696119,10.447864410123
    ));
#6165 = CARTESIAN_POINT('',(33.580263243188,1.793774696119,
    10.389673199967));
#6166 = CARTESIAN_POINT('',(33.581076218296,1.793774696119,
    10.350470103462));
#6167 = CARTESIAN_POINT('',(33.581485293558,1.793774696119,
    10.330743771405));
#6168 = ORIENTED_EDGE('',*,*,#6009,.T.);
#6169 = B_SPLINE_SURFACE_WITH_KNOTS('',3,1,(
    (#6170,#6171)
    ,(#6172,#6173)
    ,(#6174,#6175)
    ,(#6176,#6177)
    ,(#6178,#6179)
    ,(#6180,#6181)
    ,(#6182,#6183)
    ,(#6184,#6185)
    ,(#6186,#6187)
    ,(#6188,#6189)
    ,(#6190,#6191)
    ,(#6192,#6193)
    ,(#6194,#6195)
    ,(#6196,#6197)
    ,(#6198,#6199)
    ,(#6200,#6201)
    ,(#6202,#6203)
    ,(#6204,#6205)
    ,(#6206,#6207)
    ,(#6208,#6209)
    ,(#6210,#6211)
    ,(#6212,#6213)
    ,(#6214,#6215)
    ,(#6216,#6217)
    ,(#6218,#6219)
    ,(#6220,#6221)
    ,(#6222,#6223
    )),.UNSPECIFIED.,.F.,.F.,.F.,(4,1,1,1,1,1,1,1,1,1,1,1,1,1,1,1,1,1,1,
    1,1,1,1,1,4),(2,2),(0.,4.286475903119E-02,8.522225756723E-02,
    0.127202284144,0.169025312609,0.2108820331,0.252962677727,
    0.2956282851,0.338553293631,0.381463247717,0.423581562143,
    0.465066165395,0.506312218842,0.547039505462,0.587675832893,
    0.628674786298,0.669946464603,0.711035574456,0.751995828635,
    0.792672607484,0.833446017885,0.874190607042,0.915493583029,
    0.957477806839,1.),(0.,1.2E-03),.UNSPECIFIED.);
#6170 = CARTESIAN_POINT('',(32.68947057,1.793774696119,11.206540045443)
  );
#6171 = CARTESIAN_POINT('',(32.68947057,1.805774696119,11.206540045443)
  );
#6172 = CARTESIAN_POINT('',(32.709361674732,1.793774696119,
    11.206189643505));
#6173 = CARTESIAN_POINT('',(32.709361674732,1.805774696119,
    11.206189643505));
#6174 = CARTESIAN_POINT('',(32.748908493354,1.793774696119,
    11.205492986277));
#6175 = CARTESIAN_POINT('',(32.748908493354,1.805774696119,
    11.205492986277));
#6176 = CARTESIAN_POINT('',(32.807660562453,1.793774696119,
    11.199397818065));
#6177 = CARTESIAN_POINT('',(32.807660562453,1.805774696119,
    11.199397818065));
#6178 = CARTESIAN_POINT('',(32.865545646387,1.793774696119,
    11.190554030897));
#6179 = CARTESIAN_POINT('',(32.865545646387,1.805774696119,
    11.190554030897));
#6180 = CARTESIAN_POINT('',(32.922428744748,1.793774696119,
    11.177571837588));
#6181 = CARTESIAN_POINT('',(32.922428744748,1.805774696119,
    11.177571837588));
#6182 = CARTESIAN_POINT('',(32.978391938638,1.793774696119,
    11.160908716496));
#6183 = CARTESIAN_POINT('',(32.978391938638,1.805774696119,
    11.160908716496));
#6184 = CARTESIAN_POINT('',(33.033342746849,1.793774696119,
    11.140078399597));
#6185 = CARTESIAN_POINT('',(33.033342746849,1.805774696119,
    11.140078399597));
#6186 = CARTESIAN_POINT('',(33.087726092603,1.793774696119,
    11.116527756634));
#6187 = CARTESIAN_POINT('',(33.087726092603,1.805774696119,
    11.116527756634));
#6188 = CARTESIAN_POINT('',(33.140553442041,1.793774696119,
    11.08878768858));
#6189 = CARTESIAN_POINT('',(33.140553442041,1.805774696119,
    11.08878768858));
#6190 = CARTESIAN_POINT('',(33.191298648844,1.793774696119,
    11.057925119091));
#6191 = CARTESIAN_POINT('',(33.191298648844,1.805774696119,
    11.057925119091));
#6192 = CARTESIAN_POINT('',(33.239578958731,1.793774696119,
    11.024493123804));
#6193 = CARTESIAN_POINT('',(33.239578958731,1.805774696119,
    11.024493123804));
#6194 = CARTESIAN_POINT('',(33.285141482646,1.793774696119,
    10.988666681269));
#6195 = CARTESIAN_POINT('',(33.285141482646,1.805774696119,
    10.988666681269));
#6196 = CARTESIAN_POINT('',(33.327552558503,1.793774696119,10.9500925133
    ));
#6197 = CARTESIAN_POINT('',(33.327552558503,1.805774696119,10.9500925133
    ));
#6198 = CARTESIAN_POINT('',(33.366756554614,1.793774696119,
    10.908826449046));
#6199 = CARTESIAN_POINT('',(33.366756554614,1.805774696119,
    10.908826449046));
#6200 = CARTESIAN_POINT('',(33.403280757701,1.793774696119,
    10.865308388857));
#6201 = CARTESIAN_POINT('',(33.403280757701,1.805774696119,
    10.865308388857));
#6202 = CARTESIAN_POINT('',(33.436521202759,1.793774696119,
    10.818930659478));
#6203 = CARTESIAN_POINT('',(33.436521202759,1.805774696119,
    10.818930659478));
#6204 = CARTESIAN_POINT('',(33.467159990796,1.793774696119,
    10.77053892587));
#6205 = CARTESIAN_POINT('',(33.467159990796,1.805774696119,
    10.77053892587));
#6206 = CARTESIAN_POINT('',(33.493733074175,1.793774696119,
    10.719810868777));
#6207 = CARTESIAN_POINT('',(33.493733074175,1.805774696119,
    10.719810868777));
#6208 = CARTESIAN_POINT('',(33.517058691435,1.793774696119,
    10.667846485995));
#6209 = CARTESIAN_POINT('',(33.517058691435,1.805774696119,
    10.667846485995));
#6210 = CARTESIAN_POINT('',(33.537339733079,1.793774696119,
    10.61475688839));
#6211 = CARTESIAN_POINT('',(33.537339733079,1.805774696119,
    10.61475688839));
#6212 = CARTESIAN_POINT('',(33.553508693903,1.793774696119,
    10.560364333262));
#6213 = CARTESIAN_POINT('',(33.553508693903,1.805774696119,
    10.560364333262));
#6214 = CARTESIAN_POINT('',(33.565857933467,1.793774696119,
    10.504703111945));
#6215 = CARTESIAN_POINT('',(33.565857933467,1.805774696119,
    10.504703111945));
#6216 = CARTESIAN_POINT('',(33.5750497129,1.793774696119,10.447864410123
    ));
#6217 = CARTESIAN_POINT('',(33.5750497129,1.805774696119,10.447864410123
    ));
#6218 = CARTESIAN_POINT('',(33.580263243188,1.793774696119,
    10.389673199967));
#6219 = CARTESIAN_POINT('',(33.580263243188,1.805774696119,
    10.389673199967));
#6220 = CARTESIAN_POINT('',(33.581076218296,1.793774696119,
    10.350470103462));
#6221 = CARTESIAN_POINT('',(33.581076218296,1.805774696119,
    10.350470103462));
#6222 = CARTESIAN_POINT('',(33.581485293558,1.793774696119,
    10.330743771405));
#6223 = CARTESIAN_POINT('',(33.581485293558,1.805774696119,
    10.330743771405));
#6224 = ADVANCED_FACE('',(#6225),#6251,.T.);
#6225 = FACE_BOUND('',#6226,.T.);
#6226 = EDGE_LOOP('',(#6227,#6228,#6229,#6245));
#6227 = ORIENTED_EDGE('',*,*,#3853,.F.);
#6228 = ORIENTED_EDGE('',*,*,#6116,.F.);
#6229 = ORIENTED_EDGE('',*,*,#6230,.T.);
#6230 = EDGE_CURVE('',#6109,#6231,#6233,.T.);
#6231 = VERTEX_POINT('',#6232);
#6232 = CARTESIAN_POINT('',(31.843726128894,1.793774696119,
    11.381126884385));
#6233 = B_SPLINE_CURVE_WITH_KNOTS('',3,(#6234,#6235,#6236,#6237,#6238,
    #6239,#6240,#6241,#6242,#6243,#6244),.UNSPECIFIED.,.F.,.F.,(4,1,1,1,
    1,1,1,1,4),(0.,0.16344525485,0.315488712713,0.456290823937,
    0.585864149575,0.705428685807,0.813370712982,0.91171823816,1.),
  .UNSPECIFIED.);
#6234 = CARTESIAN_POINT('',(31.780283370481,1.793774696119,
    10.847349089914));
#6235 = CARTESIAN_POINT('',(31.780471858373,1.793774696119,
    10.876766096245));
#6236 = CARTESIAN_POINT('',(31.780835685407,1.793774696119,
    10.93354800446));
#6237 = CARTESIAN_POINT('',(31.783455721207,1.793774696119,
    11.015652333983));
#6238 = CARTESIAN_POINT('',(31.788980681959,1.793774696119,
    11.091489081461));
#6239 = CARTESIAN_POINT('',(31.795245874094,1.793774696119,
    11.161404118108));
#6240 = CARTESIAN_POINT('',(31.804258372162,1.793774696119,
    11.225073375131));
#6241 = CARTESIAN_POINT('',(31.815264079158,1.793774696119,
    11.282686837597));
#6242 = CARTESIAN_POINT('',(31.827670853724,1.793774696119,
    11.334299793422));
#6243 = CARTESIAN_POINT('',(31.838570323099,1.793774696119,
    11.366089372764));
#6244 = CARTESIAN_POINT('',(31.843726128894,1.793774696119,
    11.381126884385));
#6245 = ORIENTED_EDGE('',*,*,#6246,.T.);
#6246 = EDGE_CURVE('',#6231,#3854,#6247,.T.);
#6247 = LINE('',#6248,#6249);
#6248 = CARTESIAN_POINT('',(31.843726128894,1.793774696119,
    11.381126884385));
#6249 = VECTOR('',#6250,1.);
#6250 = DIRECTION('',(0.,1.,2.331468351713E-15));
#6251 = B_SPLINE_SURFACE_WITH_KNOTS('',3,1,(
    (#6252,#6253)
    ,(#6254,#6255)
    ,(#6256,#6257)
    ,(#6258,#6259)
    ,(#6260,#6261)
    ,(#6262,#6263)
    ,(#6264,#6265)
    ,(#6266,#6267)
    ,(#6268,#6269)
    ,(#6270,#6271)
    ,(#6272,#6273
  )),.UNSPECIFIED.,.F.,.F.,.F.,(4,1,1,1,1,1,1,1,4),(2,2),(0.,
    0.16344525485,0.315488712713,0.456290823937,0.585864149575,
    0.705428685807,0.813370712982,0.91171823816,1.),(0.,1.2E-03),
  .UNSPECIFIED.);
#6252 = CARTESIAN_POINT('',(31.780283370481,1.793774696119,
    10.847349089914));
#6253 = CARTESIAN_POINT('',(31.780283370481,1.805774696119,
    10.847349089914));
#6254 = CARTESIAN_POINT('',(31.780471858373,1.793774696119,
    10.876766096245));
#6255 = CARTESIAN_POINT('',(31.780471858373,1.805774696119,
    10.876766096245));
#6256 = CARTESIAN_POINT('',(31.780835685407,1.793774696119,
    10.93354800446));
#6257 = CARTESIAN_POINT('',(31.780835685407,1.805774696119,
    10.93354800446));
#6258 = CARTESIAN_POINT('',(31.783455721207,1.793774696119,
    11.015652333983));
#6259 = CARTESIAN_POINT('',(31.783455721207,1.805774696119,
    11.015652333983));
#6260 = CARTESIAN_POINT('',(31.788980681959,1.793774696119,
    11.091489081461));
#6261 = CARTESIAN_POINT('',(31.788980681959,1.805774696119,
    11.091489081461));
#6262 = CARTESIAN_POINT('',(31.795245874094,1.793774696119,
    11.161404118108));
#6263 = CARTESIAN_POINT('',(31.795245874094,1.805774696119,
    11.161404118108));
#6264 = CARTESIAN_POINT('',(31.804258372162,1.793774696119,
    11.225073375131));
#6265 = CARTESIAN_POINT('',(31.804258372162,1.805774696119,
    11.225073375131));
#6266 = CARTESIAN_POINT('',(31.815264079158,1.793774696119,
    11.282686837597));
#6267 = CARTESIAN_POINT('',(31.815264079158,1.805774696119,
    11.282686837597));
#6268 = CARTESIAN_POINT('',(31.827670853724,1.793774696119,
    11.334299793422));
#6269 = CARTESIAN_POINT('',(31.827670853724,1.805774696119,
    11.334299793422));
#6270 = CARTESIAN_POINT('',(31.838570323099,1.793774696119,
    11.366089372764));
#6271 = CARTESIAN_POINT('',(31.838570323099,1.805774696119,
    11.366089372764));
#6272 = CARTESIAN_POINT('',(31.843726128894,1.793774696119,
    11.381126884385));
#6273 = CARTESIAN_POINT('',(31.843726128894,1.805774696119,
    11.381126884385));
#6274 = ADVANCED_FACE('',(#6275),#6301,.T.);
#6275 = FACE_BOUND('',#6276,.T.);
#6276 = EDGE_LOOP('',(#6277,#6278,#6286,#6300));
#6277 = ORIENTED_EDGE('',*,*,#3969,.F.);
#6278 = ORIENTED_EDGE('',*,*,#6279,.F.);
#6279 = EDGE_CURVE('',#6280,#3962,#6282,.T.);
#6280 = VERTEX_POINT('',#6281);
#6281 = CARTESIAN_POINT('',(31.993985293558,1.793774696119,
    10.873107803857));
#6282 = LINE('',#6283,#6284);
#6283 = CARTESIAN_POINT('',(31.993985293558,1.793774696119,
    10.873107803856));
#6284 = VECTOR('',#6285,1.);
#6285 = DIRECTION('',(0.,1.,2.331468351713E-15));
#6286 = ORIENTED_EDGE('',*,*,#6287,.T.);
#6287 = EDGE_CURVE('',#6280,#6132,#6288,.T.);
#6288 = B_SPLINE_CURVE_WITH_KNOTS('',3,(#6289,#6290,#6291,#6292,#6293,
    #6294,#6295,#6296,#6297,#6298,#6299),.UNSPECIFIED.,.F.,.F.,(4,1,1,1,
    1,1,1,1,4),(0.,0.126560713015,0.250895261888,0.374719265315,
    0.499826423593,0.624963531433,0.749039474739,0.873180119941,1.),
  .UNSPECIFIED.);
#6289 = CARTESIAN_POINT('',(31.993985293558,1.793774696119,
    10.873107803856));
#6290 = CARTESIAN_POINT('',(32.015675839505,1.793774696119,
    10.898921779967));
#6291 = CARTESIAN_POINT('',(32.058675401346,1.793774696119,
    10.950095672262));
#6292 = CARTESIAN_POINT('',(32.132934564984,1.793774696119,
    11.017152785798));
#6293 = CARTESIAN_POINT('',(32.214044645082,1.793774696119,
    11.074905670878));
#6294 = CARTESIAN_POINT('',(32.301867555181,1.793774696119,
    11.122271206145));
#6295 = CARTESIAN_POINT('',(32.39425205565,1.793774696119,
    11.160154461102));
#6296 = CARTESIAN_POINT('',(32.490197537416,1.793774696119,
    11.186649582717));
#6297 = CARTESIAN_POINT('',(32.58884391783,1.793774696119,
    11.203767300321));
#6298 = CARTESIAN_POINT('',(32.655690469764,1.793774696119,
    11.20560924226));
#6299 = CARTESIAN_POINT('',(32.68947057,1.793774696119,11.206540045443)
  );
#6300 = ORIENTED_EDGE('',*,*,#6131,.T.);
#6301 = B_SPLINE_SURFACE_WITH_KNOTS('',3,1,(
    (#6302,#6303)
    ,(#6304,#6305)
    ,(#6306,#6307)
    ,(#6308,#6309)
    ,(#6310,#6311)
    ,(#6312,#6313)
    ,(#6314,#6315)
    ,(#6316,#6317)
    ,(#6318,#6319)
    ,(#6320,#6321)
    ,(#6322,#6323
  )),.UNSPECIFIED.,.F.,.F.,.F.,(4,1,1,1,1,1,1,1,4),(2,2),(0.,
    0.126560713015,0.250895261888,0.374719265315,0.499826423593,
    0.624963531433,0.749039474739,0.873180119941,1.),(0.,1.2E-03),
  .UNSPECIFIED.);
#6302 = CARTESIAN_POINT('',(31.993985293558,1.793774696119,
    10.873107803856));
#6303 = CARTESIAN_POINT('',(31.993985293558,1.805774696119,
    10.873107803856));
#6304 = CARTESIAN_POINT('',(32.015675839505,1.793774696119,
    10.898921779967));
#6305 = CARTESIAN_POINT('',(32.015675839505,1.805774696119,
    10.898921779967));
#6306 = CARTESIAN_POINT('',(32.058675401346,1.793774696119,
    10.950095672262));
#6307 = CARTESIAN_POINT('',(32.058675401346,1.805774696119,
    10.950095672262));
#6308 = CARTESIAN_POINT('',(32.132934564984,1.793774696119,
    11.017152785798));
#6309 = CARTESIAN_POINT('',(32.132934564984,1.805774696119,
    11.017152785798));
#6310 = CARTESIAN_POINT('',(32.214044645082,1.793774696119,
    11.074905670878));
#6311 = CARTESIAN_POINT('',(32.214044645082,1.805774696119,
    11.074905670878));
#6312 = CARTESIAN_POINT('',(32.301867555181,1.793774696119,
    11.122271206145));
#6313 = CARTESIAN_POINT('',(32.301867555181,1.805774696119,
    11.122271206145));
#6314 = CARTESIAN_POINT('',(32.39425205565,1.793774696119,
    11.160154461102));
#6315 = CARTESIAN_POINT('',(32.39425205565,1.805774696119,
    11.160154461102));
#6316 = CARTESIAN_POINT('',(32.490197537416,1.793774696119,
    11.186649582717));
#6317 = CARTESIAN_POINT('',(32.490197537416,1.805774696119,
    11.186649582717));
#6318 = CARTESIAN_POINT('',(32.58884391783,1.793774696119,
    11.203767300321));
#6319 = CARTESIAN_POINT('',(32.58884391783,1.805774696119,
    11.203767300321));
#6320 = CARTESIAN_POINT('',(32.655690469764,1.793774696119,
    11.20560924226));
#6321 = CARTESIAN_POINT('',(32.655690469764,1.805774696119,
    11.20560924226));
#6322 = CARTESIAN_POINT('',(32.68947057,1.793774696119,11.206540045443)
  );
#6323 = CARTESIAN_POINT('',(32.68947057,1.805774696119,11.206540045443)
  );
#6324 = ADVANCED_FACE('',(#6325),#6359,.T.);
#6325 = FACE_BOUND('',#6326,.T.);
#6326 = EDGE_LOOP('',(#6327,#6328,#6329,#6353));
#6327 = ORIENTED_EDGE('',*,*,#3869,.F.);
#6328 = ORIENTED_EDGE('',*,*,#6246,.F.);
#6329 = ORIENTED_EDGE('',*,*,#6330,.T.);
#6330 = EDGE_CURVE('',#6231,#6331,#6333,.T.);
#6331 = VERTEX_POINT('',#6332);
#6332 = CARTESIAN_POINT('',(32.662280816394,1.793774696119,
    11.878174660828));
#6333 = B_SPLINE_CURVE_WITH_KNOTS('',3,(#6334,#6335,#6336,#6337,#6338,
    #6339,#6340,#6341,#6342,#6343,#6344,#6345,#6346,#6347,#6348,#6349,
    #6350,#6351,#6352),.UNSPECIFIED.,.F.,.F.,(4,1,1,1,1,1,1,1,1,1,1,1,1,
    1,1,1,4),(0.,6.137070629846E-02,0.120906468018,0.179423665,
    0.23760668744,0.295938468249,0.354218226821,0.413537066595,
    0.474086782553,0.53512118908,0.596987664962,0.660019833547,
    0.724277496484,0.790011850226,0.857747684334,0.927829032216,1.),
  .UNSPECIFIED.);
#6334 = CARTESIAN_POINT('',(31.843726128894,1.793774696119,
    11.381126884385));
#6335 = CARTESIAN_POINT('',(31.851338807392,1.793774696119,
    11.400673491754));
#6336 = CARTESIAN_POINT('',(31.866336550204,1.793774696119,
    11.439182275524));
#6337 = CARTESIAN_POINT('',(31.894425525826,1.793774696119,
    11.493770268778));
#6338 = CARTESIAN_POINT('',(31.925881092395,1.793774696119,
    11.545168794727));
#6339 = CARTESIAN_POINT('',(31.96180854238,1.793774696119,
    11.593091417847));
#6340 = CARTESIAN_POINT('',(32.002045410838,1.793774696119,
    11.637297563579));
#6341 = CARTESIAN_POINT('',(32.04564371175,1.793774696119,11.67874764166
    ));
#6342 = CARTESIAN_POINT('',(32.093452538414,1.793774696119,
    11.716564726971));
#6343 = CARTESIAN_POINT('',(32.145444555111,1.793774696119,
    11.750096331133));
#6344 = CARTESIAN_POINT('',(32.200421244842,1.793774696119,
    11.780295380477));
#6345 = CARTESIAN_POINT('',(32.25835100357,1.793774696119,
    11.806452777078));
#6346 = CARTESIAN_POINT('',(32.318907169671,1.793774696119,
    11.829235790329));
#6347 = CARTESIAN_POINT('',(32.382658601276,1.793774696119,
    11.846301049566));
#6348 = CARTESIAN_POINT('',(32.448605778656,1.793774696119,
    11.861088421952));
#6349 = CARTESIAN_POINT('',(32.517524209444,1.793774696119,
    11.870711859966));
#6350 = CARTESIAN_POINT('',(32.589011237271,1.793774696119,
    11.877261697727));
#6351 = CARTESIAN_POINT('',(32.637619611933,1.793774696119,
    11.877867374093));
#6352 = CARTESIAN_POINT('',(32.662280816394,1.793774696119,
    11.878174660828));
#6353 = ORIENTED_EDGE('',*,*,#6354,.T.);
#6354 = EDGE_CURVE('',#6331,#3870,#6355,.T.);
#6355 = LINE('',#6356,#6357);
#6356 = CARTESIAN_POINT('',(32.662280816394,1.793774696119,
    11.878174660828));
#6357 = VECTOR('',#6358,1.);
#6358 = DIRECTION('',(0.,1.,2.331468351713E-15));
#6359 = B_SPLINE_SURFACE_WITH_KNOTS('',3,1,(
    (#6360,#6361)
    ,(#6362,#6363)
    ,(#6364,#6365)
    ,(#6366,#6367)
    ,(#6368,#6369)
    ,(#6370,#6371)
    ,(#6372,#6373)
    ,(#6374,#6375)
    ,(#6376,#6377)
    ,(#6378,#6379)
    ,(#6380,#6381)
    ,(#6382,#6383)
    ,(#6384,#6385)
    ,(#6386,#6387)
    ,(#6388,#6389)
    ,(#6390,#6391)
    ,(#6392,#6393)
    ,(#6394,#6395)
    ,(#6396,#6397
    )),.UNSPECIFIED.,.F.,.F.,.F.,(4,1,1,1,1,1,1,1,1,1,1,1,1,1,1,1,4),(2,
    2),(0.,6.137070629846E-02,0.120906468018,0.179423665,0.23760668744,
    0.295938468249,0.354218226821,0.413537066595,0.474086782553,
    0.53512118908,0.596987664962,0.660019833547,0.724277496484,
    0.790011850226,0.857747684334,0.927829032216,1.),(0.,1.2E-03),
  .UNSPECIFIED.);
#6360 = CARTESIAN_POINT('',(31.843726128894,1.793774696119,
    11.381126884385));
#6361 = CARTESIAN_POINT('',(31.843726128894,1.805774696119,
    11.381126884385));
#6362 = CARTESIAN_POINT('',(31.851338807392,1.793774696119,
    11.400673491754));
#6363 = CARTESIAN_POINT('',(31.851338807392,1.805774696119,
    11.400673491754));
#6364 = CARTESIAN_POINT('',(31.866336550204,1.793774696119,
    11.439182275524));
#6365 = CARTESIAN_POINT('',(31.866336550204,1.805774696119,
    11.439182275524));
#6366 = CARTESIAN_POINT('',(31.894425525826,1.793774696119,
    11.493770268778));
#6367 = CARTESIAN_POINT('',(31.894425525826,1.805774696119,
    11.493770268778));
#6368 = CARTESIAN_POINT('',(31.925881092395,1.793774696119,
    11.545168794727));
#6369 = CARTESIAN_POINT('',(31.925881092395,1.805774696119,
    11.545168794727));
#6370 = CARTESIAN_POINT('',(31.96180854238,1.793774696119,
    11.593091417847));
#6371 = CARTESIAN_POINT('',(31.96180854238,1.805774696119,
    11.593091417847));
#6372 = CARTESIAN_POINT('',(32.002045410838,1.793774696119,
    11.637297563579));
#6373 = CARTESIAN_POINT('',(32.002045410838,1.805774696119,
    11.637297563579));
#6374 = CARTESIAN_POINT('',(32.04564371175,1.793774696119,11.67874764166
    ));
#6375 = CARTESIAN_POINT('',(32.04564371175,1.805774696119,11.67874764166
    ));
#6376 = CARTESIAN_POINT('',(32.093452538414,1.793774696119,
    11.716564726971));
#6377 = CARTESIAN_POINT('',(32.093452538414,1.805774696119,
    11.716564726971));
#6378 = CARTESIAN_POINT('',(32.145444555111,1.793774696119,
    11.750096331133));
#6379 = CARTESIAN_POINT('',(32.145444555111,1.805774696119,
    11.750096331133));
#6380 = CARTESIAN_POINT('',(32.200421244842,1.793774696119,
    11.780295380477));
#6381 = CARTESIAN_POINT('',(32.200421244842,1.805774696119,
    11.780295380477));
#6382 = CARTESIAN_POINT('',(32.25835100357,1.793774696119,
    11.806452777078));
#6383 = CARTESIAN_POINT('',(32.25835100357,1.805774696119,
    11.806452777078));
#6384 = CARTESIAN_POINT('',(32.318907169671,1.793774696119,
    11.829235790329));
#6385 = CARTESIAN_POINT('',(32.318907169671,1.805774696119,
    11.829235790329));
#6386 = CARTESIAN_POINT('',(32.382658601276,1.793774696119,
    11.846301049566));
#6387 = CARTESIAN_POINT('',(32.382658601276,1.805774696119,
    11.846301049566));
#6388 = CARTESIAN_POINT('',(32.448605778656,1.793774696119,
    11.861088421952));
#6389 = CARTESIAN_POINT('',(32.448605778656,1.805774696119,
    11.861088421952));
#6390 = CARTESIAN_POINT('',(32.517524209444,1.793774696119,
    11.870711859966));
#6391 = CARTESIAN_POINT('',(32.517524209444,1.805774696119,
    11.870711859966));
#6392 = CARTESIAN_POINT('',(32.589011237271,1.793774696119,
    11.877261697727));
#6393 = CARTESIAN_POINT('',(32.589011237271,1.805774696119,
    11.877261697727));
#6394 = CARTESIAN_POINT('',(32.637619611933,1.793774696119,
    11.877867374093));
#6395 = CARTESIAN_POINT('',(32.637619611933,1.805774696119,
    11.877867374093));
#6396 = CARTESIAN_POINT('',(32.662280816394,1.793774696119,
    11.878174660828));
#6397 = CARTESIAN_POINT('',(32.662280816394,1.805774696119,
    11.878174660828));
#6398 = ADVANCED_FACE('',(#6399),#6417,.T.);
#6399 = FACE_BOUND('',#6400,.T.);
#6400 = EDGE_LOOP('',(#6401,#6402,#6410,#6416));
#6401 = ORIENTED_EDGE('',*,*,#3961,.F.);
#6402 = ORIENTED_EDGE('',*,*,#6403,.F.);
#6403 = EDGE_CURVE('',#6404,#3938,#6406,.T.);
#6404 = VERTEX_POINT('',#6405);
#6405 = CARTESIAN_POINT('',(31.993985293558,1.793774696119,
    10.963263302655));
#6406 = LINE('',#6407,#6408);
#6407 = CARTESIAN_POINT('',(31.993985293558,1.793774696119,
    10.963263302655));
#6408 = VECTOR('',#6409,1.);
#6409 = DIRECTION('',(0.,1.,2.331468351713E-15));
#6410 = ORIENTED_EDGE('',*,*,#6411,.T.);
#6411 = EDGE_CURVE('',#6404,#6280,#6412,.T.);
#6412 = LINE('',#6413,#6414);
#6413 = CARTESIAN_POINT('',(31.993985293558,1.793774696119,
    10.963263302655));
#6414 = VECTOR('',#6415,1.);
#6415 = DIRECTION('',(0.,2.331468351713E-15,-1.));
#6416 = ORIENTED_EDGE('',*,*,#6279,.T.);
#6417 = PLANE('',#6418);
#6418 = AXIS2_PLACEMENT_3D('',#6419,#6420,#6421);
#6419 = CARTESIAN_POINT('',(31.993985293558,1.793774696119,
    10.963263302655));
#6420 = DIRECTION('',(1.,0.,-0.));
#6421 = DIRECTION('',(0.,-1.,-2.331468351713E-15));
#6422 = ADVANCED_FACE('',(#6423),#6453,.T.);
#6423 = FACE_BOUND('',#6424,.T.);
#6424 = EDGE_LOOP('',(#6425,#6426,#6427,#6447));
#6425 = ORIENTED_EDGE('',*,*,#3893,.F.);
#6426 = ORIENTED_EDGE('',*,*,#6354,.F.);
#6427 = ORIENTED_EDGE('',*,*,#6428,.T.);
#6428 = EDGE_CURVE('',#6331,#6429,#6431,.T.);
#6429 = VERTEX_POINT('',#6430);
#6430 = CARTESIAN_POINT('',(33.550956447404,1.793774696119,
    11.328655430058));
#6431 = B_SPLINE_CURVE_WITH_KNOTS('',3,(#6432,#6433,#6434,#6435,#6436,
    #6437,#6438,#6439,#6440,#6441,#6442,#6443,#6444,#6445,#6446),
  .UNSPECIFIED.,.F.,.F.,(4,1,1,1,1,1,1,1,1,1,1,1,4),(0.,
    9.649142376912E-02,0.188473674992,0.276839914959,0.362136562171,
    0.443436754565,0.520165520999,0.592709663569,0.662917334353,
    0.735418800203,0.814880969999,0.90306055574,1.),.UNSPECIFIED.);
#6432 = CARTESIAN_POINT('',(32.662280816394,1.793774696119,
    11.878174660828));
#6433 = CARTESIAN_POINT('',(32.698261323329,1.793774696119,
    11.877591944589));
#6434 = CARTESIAN_POINT('',(32.768540920262,1.793774696119,
    11.876453743215));
#6435 = CARTESIAN_POINT('',(32.871006102785,1.793774696119,
    11.863192959912));
#6436 = CARTESIAN_POINT('',(32.968320796163,1.793774696119,
    11.844446145375));
#6437 = CARTESIAN_POINT('',(33.059199131882,1.793774696119,
    11.816071559789));
#6438 = CARTESIAN_POINT('',(33.143066822789,1.793774696119,
    11.781348179276));
#6439 = CARTESIAN_POINT('',(33.219351102391,1.793774696119,
    11.741482684498));
#6440 = CARTESIAN_POINT('',(33.28736715947,1.793774696119,
    11.695769958331));
#6441 = CARTESIAN_POINT('',(33.348683444138,1.793774696119,
    11.643722228065));
#6442 = CARTESIAN_POINT('',(33.404024775998,1.793774696119,
    11.581834437522));
#6443 = CARTESIAN_POINT('',(33.45609066436,1.793774696119,
    11.508900938216));
#6444 = CARTESIAN_POINT('',(33.506206412303,1.793774696119,
    11.423810786847));
#6445 = CARTESIAN_POINT('',(33.535576503423,1.793774696119,
    11.361358958749));
#6446 = CARTESIAN_POINT('',(33.550956447404,1.793774696119,
    11.328655430058));
#6447 = ORIENTED_EDGE('',*,*,#6448,.T.);
#6448 = EDGE_CURVE('',#6429,#3894,#6449,.T.);
#6449 = LINE('',#6450,#6451);
#6450 = CARTESIAN_POINT('',(33.550956447404,1.793774696119,
    11.328655430058));
#6451 = VECTOR('',#6452,1.);
#6452 = DIRECTION('',(0.,1.,2.331468351713E-15));
#6453 = B_SPLINE_SURFACE_WITH_KNOTS('',3,1,(
    (#6454,#6455)
    ,(#6456,#6457)
    ,(#6458,#6459)
    ,(#6460,#6461)
    ,(#6462,#6463)
    ,(#6464,#6465)
    ,(#6466,#6467)
    ,(#6468,#6469)
    ,(#6470,#6471)
    ,(#6472,#6473)
    ,(#6474,#6475)
    ,(#6476,#6477)
    ,(#6478,#6479)
    ,(#6480,#6481)
    ,(#6482,#6483
    )),.UNSPECIFIED.,.F.,.F.,.F.,(4,1,1,1,1,1,1,1,1,1,1,1,4),(2,2),(0.,
    9.649142376912E-02,0.188473674992,0.276839914959,0.362136562171,
    0.443436754565,0.520165520999,0.592709663569,0.662917334353,
    0.735418800203,0.814880969999,0.90306055574,1.),(0.,1.2E-03),
  .UNSPECIFIED.);
#6454 = CARTESIAN_POINT('',(32.662280816394,1.793774696119,
    11.878174660828));
#6455 = CARTESIAN_POINT('',(32.662280816394,1.805774696119,
    11.878174660828));
#6456 = CARTESIAN_POINT('',(32.698261323329,1.793774696119,
    11.877591944589));
#6457 = CARTESIAN_POINT('',(32.698261323329,1.805774696119,
    11.877591944589));
#6458 = CARTESIAN_POINT('',(32.768540920262,1.793774696119,
    11.876453743215));
#6459 = CARTESIAN_POINT('',(32.768540920262,1.805774696119,
    11.876453743215));
#6460 = CARTESIAN_POINT('',(32.871006102785,1.793774696119,
    11.863192959912));
#6461 = CARTESIAN_POINT('',(32.871006102785,1.805774696119,
    11.863192959912));
#6462 = CARTESIAN_POINT('',(32.968320796163,1.793774696119,
    11.844446145375));
#6463 = CARTESIAN_POINT('',(32.968320796163,1.805774696119,
    11.844446145375));
#6464 = CARTESIAN_POINT('',(33.059199131882,1.793774696119,
    11.816071559789));
#6465 = CARTESIAN_POINT('',(33.059199131882,1.805774696119,
    11.816071559789));
#6466 = CARTESIAN_POINT('',(33.143066822789,1.793774696119,
    11.781348179276));
#6467 = CARTESIAN_POINT('',(33.143066822789,1.805774696119,
    11.781348179276));
#6468 = CARTESIAN_POINT('',(33.219351102391,1.793774696119,
    11.741482684498));
#6469 = CARTESIAN_POINT('',(33.219351102391,1.805774696119,
    11.741482684498));
#6470 = CARTESIAN_POINT('',(33.28736715947,1.793774696119,
    11.695769958331));
#6471 = CARTESIAN_POINT('',(33.28736715947,1.805774696119,
    11.695769958331));
#6472 = CARTESIAN_POINT('',(33.348683444138,1.793774696119,
    11.643722228065));
#6473 = CARTESIAN_POINT('',(33.348683444138,1.805774696119,
    11.643722228065));
#6474 = CARTESIAN_POINT('',(33.404024775998,1.793774696119,
    11.581834437522));
#6475 = CARTESIAN_POINT('',(33.404024775998,1.805774696119,
    11.581834437522));
#6476 = CARTESIAN_POINT('',(33.45609066436,1.793774696119,
    11.508900938216));
#6477 = CARTESIAN_POINT('',(33.45609066436,1.805774696119,
    11.508900938216));
#6478 = CARTESIAN_POINT('',(33.506206412303,1.793774696119,
    11.423810786847));
#6479 = CARTESIAN_POINT('',(33.506206412303,1.805774696119,
    11.423810786847));
#6480 = CARTESIAN_POINT('',(33.535576503423,1.793774696119,
    11.361358958749));
#6481 = CARTESIAN_POINT('',(33.535576503423,1.805774696119,
    11.361358958749));
#6482 = CARTESIAN_POINT('',(33.550956447404,1.793774696119,
    11.328655430058));
#6483 = CARTESIAN_POINT('',(33.550956447404,1.805774696119,
    11.328655430058));
#6484 = ADVANCED_FACE('',(#6485),#6519,.T.);
#6485 = FACE_BOUND('',#6486,.T.);
#6486 = EDGE_LOOP('',(#6487,#6488,#6496,#6518));
#6487 = ORIENTED_EDGE('',*,*,#3937,.F.);
#6488 = ORIENTED_EDGE('',*,*,#6489,.F.);
#6489 = EDGE_CURVE('',#6490,#3922,#6492,.T.);
#6490 = VERTEX_POINT('',#6491);
#6491 = CARTESIAN_POINT('',(32.682792384904,1.793774696119,
    11.664472737751));
#6492 = LINE('',#6493,#6494);
#6493 = CARTESIAN_POINT('',(32.682792384904,1.793774696119,
    11.664472737751));
#6494 = VECTOR('',#6495,1.);
#6495 = DIRECTION('',(0.,1.,2.331468351713E-15));
#6496 = ORIENTED_EDGE('',*,*,#6497,.T.);
#6497 = EDGE_CURVE('',#6490,#6404,#6498,.T.);
#6498 = B_SPLINE_CURVE_WITH_KNOTS('',3,(#6499,#6500,#6501,#6502,#6503,
    #6504,#6505,#6506,#6507,#6508,#6509,#6510,#6511,#6512,#6513,#6514,
    #6515,#6516,#6517),.UNSPECIFIED.,.F.,.F.,(4,1,1,1,1,1,1,1,1,1,1,1,1,
    1,1,1,4),(0.,9.81712978277E-02,0.189264435688,0.274463056018,
    0.355023171282,0.430920462043,0.501086045386,0.566607627038,
    0.629720863428,0.662710695113,0.698765561632,0.738610537389,
    0.782581228078,0.830408787249,0.88257786607,0.939228681045,1.),
  .UNSPECIFIED.);
#6499 = CARTESIAN_POINT('',(32.682792384904,1.793774696119,
    11.664472737751));
#6500 = CARTESIAN_POINT('',(32.645531339866,1.793774696119,
    11.663499725803));
#6501 = CARTESIAN_POINT('',(32.573695774704,1.793774696119,
    11.661623856161));
#6502 = CARTESIAN_POINT('',(32.470396354336,1.793774696119,
    11.646355183072));
#6503 = CARTESIAN_POINT('',(32.376102298257,1.793774696119,
    11.620791829031));
#6504 = CARTESIAN_POINT('',(32.291356876045,1.793774696119,
    11.584999337674));
#6505 = CARTESIAN_POINT('',(32.217160004951,1.793774696119,
    11.541150043228));
#6506 = CARTESIAN_POINT('',(32.153198275166,1.793774696119,
    11.492164278317));
#6507 = CARTESIAN_POINT('',(32.101392700862,1.793774696119,
    11.436932203052));
#6508 = CARTESIAN_POINT('',(32.066549593181,1.793774696119,
    11.386053867122));
#6509 = CARTESIAN_POINT('',(32.044890683708,1.793774696119,
    11.340725664596));
#6510 = CARTESIAN_POINT('',(32.031098322623,1.793774696119,
    11.301705416275));
#6511 = CARTESIAN_POINT('',(32.019890139833,1.793774696119,
    11.257582297723));
#6512 = CARTESIAN_POINT('',(32.010514928938,1.793774696119,
    11.208504234328));
#6513 = CARTESIAN_POINT('',(32.002778646805,1.793774696119,
    11.154401106931));
#6514 = CARTESIAN_POINT('',(31.997878114351,1.793774696119,
    11.095149209278));
#6515 = CARTESIAN_POINT('',(31.994336303263,1.793774696119,
    11.030883202662));
#6516 = CARTESIAN_POINT('',(31.994105002349,1.793774696119,
    10.986324478273));
#6517 = CARTESIAN_POINT('',(31.993985293558,1.793774696119,
    10.963263302655));
#6518 = ORIENTED_EDGE('',*,*,#6403,.T.);
#6519 = B_SPLINE_SURFACE_WITH_KNOTS('',3,1,(
    (#6520,#6521)
    ,(#6522,#6523)
    ,(#6524,#6525)
    ,(#6526,#6527)
    ,(#6528,#6529)
    ,(#6530,#6531)
    ,(#6532,#6533)
    ,(#6534,#6535)
    ,(#6536,#6537)
    ,(#6538,#6539)
    ,(#6540,#6541)
    ,(#6542,#6543)
    ,(#6544,#6545)
    ,(#6546,#6547)
    ,(#6548,#6549)
    ,(#6550,#6551)
    ,(#6552,#6553)
    ,(#6554,#6555)
    ,(#6556,#6557
    )),.UNSPECIFIED.,.F.,.F.,.F.,(4,1,1,1,1,1,1,1,1,1,1,1,1,1,1,1,4),(2,
    2),(0.,9.81712978277E-02,0.189264435688,0.274463056018,
    0.355023171282,0.430920462043,0.501086045386,0.566607627038,
    0.629720863428,0.662710695113,0.698765561632,0.738610537389,
    0.782581228078,0.830408787249,0.88257786607,0.939228681045,1.),(0.,
    1.2E-03),.UNSPECIFIED.);
#6520 = CARTESIAN_POINT('',(32.682792384904,1.793774696119,
    11.664472737751));
#6521 = CARTESIAN_POINT('',(32.682792384904,1.805774696119,
    11.664472737751));
#6522 = CARTESIAN_POINT('',(32.645531339866,1.793774696119,
    11.663499725803));
#6523 = CARTESIAN_POINT('',(32.645531339866,1.805774696119,
    11.663499725803));
#6524 = CARTESIAN_POINT('',(32.573695774704,1.793774696119,
    11.661623856161));
#6525 = CARTESIAN_POINT('',(32.573695774704,1.805774696119,
    11.661623856161));
#6526 = CARTESIAN_POINT('',(32.470396354336,1.793774696119,
    11.646355183072));
#6527 = CARTESIAN_POINT('',(32.470396354336,1.805774696119,
    11.646355183072));
#6528 = CARTESIAN_POINT('',(32.376102298257,1.793774696119,
    11.620791829031));
#6529 = CARTESIAN_POINT('',(32.376102298257,1.805774696119,
    11.620791829031));
#6530 = CARTESIAN_POINT('',(32.291356876045,1.793774696119,
    11.584999337674));
#6531 = CARTESIAN_POINT('',(32.291356876045,1.805774696119,
    11.584999337674));
#6532 = CARTESIAN_POINT('',(32.217160004951,1.793774696119,
    11.541150043228));
#6533 = CARTESIAN_POINT('',(32.217160004951,1.805774696119,
    11.541150043228));
#6534 = CARTESIAN_POINT('',(32.153198275166,1.793774696119,
    11.492164278317));
#6535 = CARTESIAN_POINT('',(32.153198275166,1.805774696119,
    11.492164278317));
#6536 = CARTESIAN_POINT('',(32.101392700862,1.793774696119,
    11.436932203052));
#6537 = CARTESIAN_POINT('',(32.101392700862,1.805774696119,
    11.436932203052));
#6538 = CARTESIAN_POINT('',(32.066549593181,1.793774696119,
    11.386053867122));
#6539 = CARTESIAN_POINT('',(32.066549593181,1.805774696119,
    11.386053867122));
#6540 = CARTESIAN_POINT('',(32.044890683708,1.793774696119,
    11.340725664596));
#6541 = CARTESIAN_POINT('',(32.044890683708,1.805774696119,
    11.340725664596));
#6542 = CARTESIAN_POINT('',(32.031098322623,1.793774696119,
    11.301705416275));
#6543 = CARTESIAN_POINT('',(32.031098322623,1.805774696119,
    11.301705416275));
#6544 = CARTESIAN_POINT('',(32.019890139833,1.793774696119,
    11.257582297723));
#6545 = CARTESIAN_POINT('',(32.019890139833,1.805774696119,
    11.257582297723));
#6546 = CARTESIAN_POINT('',(32.010514928938,1.793774696119,
    11.208504234328));
#6547 = CARTESIAN_POINT('',(32.010514928938,1.805774696119,
    11.208504234328));
#6548 = CARTESIAN_POINT('',(32.002778646805,1.793774696119,
    11.154401106931));
#6549 = CARTESIAN_POINT('',(32.002778646805,1.805774696119,
    11.154401106931));
#6550 = CARTESIAN_POINT('',(31.997878114351,1.793774696119,
    11.095149209278));
#6551 = CARTESIAN_POINT('',(31.997878114351,1.805774696119,
    11.095149209278));
#6552 = CARTESIAN_POINT('',(31.994336303263,1.793774696119,
    11.030883202662));
#6553 = CARTESIAN_POINT('',(31.994336303263,1.805774696119,
    11.030883202662));
#6554 = CARTESIAN_POINT('',(31.994105002349,1.793774696119,
    10.986324478273));
#6555 = CARTESIAN_POINT('',(31.994105002349,1.805774696119,
    10.986324478273));
#6556 = CARTESIAN_POINT('',(31.993985293558,1.793774696119,
    10.963263302655));
#6557 = CARTESIAN_POINT('',(31.993985293558,1.805774696119,
    10.963263302655));
#6558 = ADVANCED_FACE('',(#6559),#6577,.T.);
#6559 = FACE_BOUND('',#6560,.T.);
#6560 = EDGE_LOOP('',(#6561,#6562,#6563,#6571));
#6561 = ORIENTED_EDGE('',*,*,#3913,.F.);
#6562 = ORIENTED_EDGE('',*,*,#6448,.F.);
#6563 = ORIENTED_EDGE('',*,*,#6564,.T.);
#6564 = EDGE_CURVE('',#6429,#6565,#6567,.T.);
#6565 = VERTEX_POINT('',#6566);
#6566 = CARTESIAN_POINT('',(33.337254524327,1.793774696119,
    11.328655430058));
#6567 = LINE('',#6568,#6569);
#6568 = CARTESIAN_POINT('',(33.550956447404,1.793774696119,
    11.328655430058));
#6569 = VECTOR('',#6570,1.);
#6570 = DIRECTION('',(-1.,0.,0.));
#6571 = ORIENTED_EDGE('',*,*,#6572,.T.);
#6572 = EDGE_CURVE('',#6565,#3914,#6573,.T.);
#6573 = LINE('',#6574,#6575);
#6574 = CARTESIAN_POINT('',(33.337254524327,1.793774696119,
    11.328655430058));
#6575 = VECTOR('',#6576,1.);
#6576 = DIRECTION('',(0.,1.,2.331468351713E-15));
#6577 = PLANE('',#6578);
#6578 = AXIS2_PLACEMENT_3D('',#6579,#6580,#6581);
#6579 = CARTESIAN_POINT('',(33.550956447404,1.793774696119,
    11.328655430058));
#6580 = DIRECTION('',(0.,2.331468351713E-15,-1.));
#6581 = DIRECTION('',(0.,-1.,-2.331468351713E-15));
#6582 = ADVANCED_FACE('',(#6583),#6602,.T.);
#6583 = FACE_BOUND('',#6584,.T.);
#6584 = EDGE_LOOP('',(#6585,#6586,#6587,#6601));
#6585 = ORIENTED_EDGE('',*,*,#3921,.F.);
#6586 = ORIENTED_EDGE('',*,*,#6572,.F.);
#6587 = ORIENTED_EDGE('',*,*,#6588,.T.);
#6588 = EDGE_CURVE('',#6565,#6490,#6589,.T.);
#6589 = B_SPLINE_CURVE_WITH_KNOTS('',3,(#6590,#6591,#6592,#6593,#6594,
    #6595,#6596,#6597,#6598,#6599,#6600),.UNSPECIFIED.,.F.,.F.,(4,1,1,1,
    1,1,1,1,4),(0.,0.124716486702,0.243805373916,0.360061534064,
    0.475111999658,0.593525097812,0.719350170384,0.853854771304,1.),
  .UNSPECIFIED.);
#6590 = CARTESIAN_POINT('',(33.337254524327,1.793774696119,
    11.328655430058));
#6591 = CARTESIAN_POINT('',(33.320067199782,1.793774696119,
    11.355941749111));
#6592 = CARTESIAN_POINT('',(33.286468096743,1.793774696119,
    11.409283142821));
#6593 = CARTESIAN_POINT('',(33.223638148085,1.793774696119,
    11.478348343555));
#6594 = CARTESIAN_POINT('',(33.154781701052,1.793774696119,
    11.537371614887));
#6595 = CARTESIAN_POINT('',(33.077574988028,1.793774696119,
    11.584935909385));
#6596 = CARTESIAN_POINT('',(32.991696761117,1.793774696119,
    11.620797392463));
#6597 = CARTESIAN_POINT('',(32.897095354991,1.793774696119,
    11.646362013788));
#6598 = CARTESIAN_POINT('',(32.793000969489,1.793774696119,
    11.661667509632));
#6599 = CARTESIAN_POINT('',(32.720530541625,1.793774696119,
    11.663512157967));
#6600 = CARTESIAN_POINT('',(32.682792384904,1.793774696119,
    11.664472737751));
#6601 = ORIENTED_EDGE('',*,*,#6489,.T.);
#6602 = B_SPLINE_SURFACE_WITH_KNOTS('',3,1,(
    (#6603,#6604)
    ,(#6605,#6606)
    ,(#6607,#6608)
    ,(#6609,#6610)
    ,(#6611,#6612)
    ,(#6613,#6614)
    ,(#6615,#6616)
    ,(#6617,#6618)
    ,(#6619,#6620)
    ,(#6621,#6622)
    ,(#6623,#6624
  )),.UNSPECIFIED.,.F.,.F.,.F.,(4,1,1,1,1,1,1,1,4),(2,2),(0.,
    0.124716486702,0.243805373916,0.360061534064,0.475111999658,
    0.593525097812,0.719350170384,0.853854771304,1.),(0.,1.2E-03),
  .UNSPECIFIED.);
#6603 = CARTESIAN_POINT('',(33.337254524327,1.793774696119,
    11.328655430058));
#6604 = CARTESIAN_POINT('',(33.337254524327,1.805774696119,
    11.328655430058));
#6605 = CARTESIAN_POINT('',(33.320067199782,1.793774696119,
    11.355941749111));
#6606 = CARTESIAN_POINT('',(33.320067199782,1.805774696119,
    11.355941749111));
#6607 = CARTESIAN_POINT('',(33.286468096743,1.793774696119,
    11.409283142821));
#6608 = CARTESIAN_POINT('',(33.286468096743,1.805774696119,
    11.409283142821));
#6609 = CARTESIAN_POINT('',(33.223638148085,1.793774696119,
    11.478348343555));
#6610 = CARTESIAN_POINT('',(33.223638148085,1.805774696119,
    11.478348343555));
#6611 = CARTESIAN_POINT('',(33.154781701052,1.793774696119,
    11.537371614887));
#6612 = CARTESIAN_POINT('',(33.154781701052,1.805774696119,
    11.537371614887));
#6613 = CARTESIAN_POINT('',(33.077574988028,1.793774696119,
    11.584935909385));
#6614 = CARTESIAN_POINT('',(33.077574988028,1.805774696119,
    11.584935909385));
#6615 = CARTESIAN_POINT('',(32.991696761117,1.793774696119,
    11.620797392463));
#6616 = CARTESIAN_POINT('',(32.991696761117,1.805774696119,
    11.620797392463));
#6617 = CARTESIAN_POINT('',(32.897095354991,1.793774696119,
    11.646362013788));
#6618 = CARTESIAN_POINT('',(32.897095354991,1.805774696119,
    11.646362013788));
#6619 = CARTESIAN_POINT('',(32.793000969489,1.793774696119,
    11.661667509632));
#6620 = CARTESIAN_POINT('',(32.793000969489,1.805774696119,
    11.661667509632));
#6621 = CARTESIAN_POINT('',(32.720530541625,1.793774696119,
    11.663512157967));
#6622 = CARTESIAN_POINT('',(32.720530541625,1.805774696119,
    11.663512157967));
#6623 = CARTESIAN_POINT('',(32.682792384904,1.793774696119,
    11.664472737751));
#6624 = CARTESIAN_POINT('',(32.682792384904,1.805774696119,
    11.664472737751));
#6625 = ADVANCED_FACE('',(#6626,#6642),#6732,.T.);
#6626 = FACE_BOUND('',#6627,.T.);
#6627 = EDGE_LOOP('',(#6628,#6629,#6630,#6631,#6632,#6633,#6634,#6635,
    #6636,#6637,#6638,#6639,#6640,#6641));
#6628 = ORIENTED_EDGE('',*,*,#5912,.F.);
#6629 = ORIENTED_EDGE('',*,*,#5943,.F.);
#6630 = ORIENTED_EDGE('',*,*,#6017,.F.);
#6631 = ORIENTED_EDGE('',*,*,#6139,.F.);
#6632 = ORIENTED_EDGE('',*,*,#6287,.F.);
#6633 = ORIENTED_EDGE('',*,*,#6411,.F.);
#6634 = ORIENTED_EDGE('',*,*,#6497,.F.);
#6635 = ORIENTED_EDGE('',*,*,#6588,.F.);
#6636 = ORIENTED_EDGE('',*,*,#6564,.F.);
#6637 = ORIENTED_EDGE('',*,*,#6428,.F.);
#6638 = ORIENTED_EDGE('',*,*,#6330,.F.);
#6639 = ORIENTED_EDGE('',*,*,#6230,.F.);
#6640 = ORIENTED_EDGE('',*,*,#6108,.F.);
#6641 = ORIENTED_EDGE('',*,*,#5986,.F.);
#6642 = FACE_BOUND('',#6643,.T.);
#6643 = EDGE_LOOP('',(#6644,#6666,#6686,#6710));
#6644 = ORIENTED_EDGE('',*,*,#6645,.F.);
#6645 = EDGE_CURVE('',#6646,#6648,#6650,.T.);
#6646 = VERTEX_POINT('',#6647);
#6647 = CARTESIAN_POINT('',(32.665619908942,1.793774696119,
    9.649568891597));
#6648 = VERTEX_POINT('',#6649);
#6649 = CARTESIAN_POINT('',(33.367783370481,1.793774696119,
    10.339330009385));
#6650 = B_SPLINE_CURVE_WITH_KNOTS('',3,(#6651,#6652,#6653,#6654,#6655,
    #6656,#6657,#6658,#6659,#6660,#6661,#6662,#6663,#6664,#6665),
  .UNSPECIFIED.,.F.,.F.,(4,1,1,1,1,1,1,1,1,1,1,1,4),(0.,
    8.551889925268E-02,0.169309286799,0.252217903213,0.336756454186,
    0.420595494256,0.502741103514,0.584803550716,0.668268484624,
    0.751823129777,0.833628628446,0.916219799115,1.),.UNSPECIFIED.);
#6651 = CARTESIAN_POINT('',(32.665619908942,1.793774696119,
    9.649568891597));
#6652 = CARTESIAN_POINT('',(32.696869191407,1.793774696119,
    9.650630973662));
#6653 = CARTESIAN_POINT('',(32.758736144481,1.793774696119,
    9.652733670943));
#6654 = CARTESIAN_POINT('',(32.84941982035,1.793774696119,9.670684698999
    ));
#6655 = CARTESIAN_POINT('',(32.936966091153,1.793774696119,
    9.698814677395));
#6656 = CARTESIAN_POINT('',(33.019701212829,1.793774696119,
    9.739052778253));
#6657 = CARTESIAN_POINT('',(33.097198728676,1.793774696119,
    9.788102607998));
#6658 = CARTESIAN_POINT('',(33.165965704737,1.793774696119,9.84752519652
    ));
#6659 = CARTESIAN_POINT('',(33.226112620865,1.793774696119,
    9.915388234039));
#6660 = CARTESIAN_POINT('',(33.276991727097,1.793774696119,
    9.991078134233));
#6661 = CARTESIAN_POINT('',(33.317494317502,1.793774696119,
    10.072736146651));
#6662 = CARTESIAN_POINT('',(33.34616689396,1.793774696119,
    10.158808628267));
#6663 = CARTESIAN_POINT('',(33.364706641941,1.793774696119,
    10.24790479301));
#6664 = CARTESIAN_POINT('',(33.366752919492,1.793774696119,
    10.308710081958));
#6665 = CARTESIAN_POINT('',(33.367783370481,1.793774696119,
    10.339330009385));
#6666 = ORIENTED_EDGE('',*,*,#6667,.F.);
#6667 = EDGE_CURVE('',#6668,#6646,#6670,.T.);
#6668 = VERTEX_POINT('',#6669);
#6669 = CARTESIAN_POINT('',(31.993985293558,1.793774696119,
    10.326927665635));
#6670 = B_SPLINE_CURVE_WITH_KNOTS('',3,(#6671,#6672,#6673,#6674,#6675,
    #6676,#6677,#6678,#6679,#6680,#6681,#6682,#6683,#6684,#6685),
  .UNSPECIFIED.,.F.,.F.,(4,1,1,1,1,1,1,1,1,1,1,1,4),(0.,
    8.924279322085E-02,0.1743490578,0.257613108753,0.339527367323,
    0.420997390148,0.501579058941,0.582541759998,0.666132658334,
    0.750049131022,0.832742939744,0.915647421332,1.),.UNSPECIFIED.);
#6671 = CARTESIAN_POINT('',(31.993985293558,1.793774696119,
    10.326927665635));
#6672 = CARTESIAN_POINT('',(31.99489667833,1.793774696119,
    10.295210875709));
#6673 = CARTESIAN_POINT('',(31.996677203912,1.793774696119,
    10.233247413558));
#6674 = CARTESIAN_POINT('',(32.013480091537,1.793774696119,
    10.142959416051));
#6675 = CARTESIAN_POINT('',(32.040572055967,1.793774696119,
    10.058072157648));
#6676 = CARTESIAN_POINT('',(32.078567792787,1.793774696119,
    9.978854109777));
#6677 = CARTESIAN_POINT('',(32.126180552265,1.793774696119,
    9.906144648283));
#6678 = CARTESIAN_POINT('',(32.183528433339,1.793774696119,
    9.841290389813));
#6679 = CARTESIAN_POINT('',(32.249622429169,1.793774696119,
    9.784207842752));
#6680 = CARTESIAN_POINT('',(32.324272643754,1.793774696119,9.73665210752
    ));
#6681 = CARTESIAN_POINT('',(32.404587066245,1.793774696119,
    9.698235445876));
#6682 = CARTESIAN_POINT('',(32.4886255943,1.793774696119,9.669414311624)
  );
#6683 = CARTESIAN_POINT('',(32.576263461881,1.793774696119,
    9.653089608004));
#6684 = CARTESIAN_POINT('',(32.63566300124,1.793774696119,9.65074921803)
  );
#6685 = CARTESIAN_POINT('',(32.665619908942,1.793774696119,
    9.649568891597));
#6686 = ORIENTED_EDGE('',*,*,#6687,.F.);
#6687 = EDGE_CURVE('',#6688,#6668,#6690,.T.);
#6688 = VERTEX_POINT('',#6689);
#6689 = CARTESIAN_POINT('',(32.678499265914,1.793774696119,
    10.992838122366));
#6690 = B_SPLINE_CURVE_WITH_KNOTS('',3,(#6691,#6692,#6693,#6694,#6695,
    #6696,#6697,#6698,#6699,#6700,#6701,#6702,#6703,#6704,#6705,#6706,
    #6707,#6708,#6709),.UNSPECIFIED.,.F.,.F.,(4,1,1,1,1,1,1,1,1,1,1,1,1,
    1,1,1,4),(0.,7.012149921956E-02,0.137121848674,0.201487121077,
    0.263765119167,0.324560095037,0.384738886959,0.444904604352,
    0.505231919617,0.565493994984,0.625099744146,0.684349713944,
    0.743882825485,0.804608205752,0.867238913772,0.932094288021,1.),
  .UNSPECIFIED.);
#6691 = CARTESIAN_POINT('',(32.678499265913,1.793774696119,
    10.992838122366));
#6692 = CARTESIAN_POINT('',(32.653350708998,1.793774696119,
    10.992315874073));
#6693 = CARTESIAN_POINT('',(32.60417297244,1.793774696119,
    10.991294623069));
#6694 = CARTESIAN_POINT('',(32.532347031787,1.793774696119,
    10.982515635659));
#6695 = CARTESIAN_POINT('',(32.464289042355,1.793774696119,
    10.968349255364));
#6696 = CARTESIAN_POINT('',(32.400061407856,1.793774696119,
    10.948235839918));
#6697 = CARTESIAN_POINT('',(32.339421624025,1.793774696119,
    10.922571577439));
#6698 = CARTESIAN_POINT('',(32.283050895159,1.793774696119,
    10.89009362874));
#6699 = CARTESIAN_POINT('',(32.229740526027,1.793774696119,
    10.853106399081));
#6700 = CARTESIAN_POINT('',(32.181192683078,1.793774696119,
    10.809963582263));
#6701 = CARTESIAN_POINT('',(32.137293206178,1.793774696119,
    10.762416826743));
#6702 = CARTESIAN_POINT('',(32.099036202275,1.793774696119,
    10.710679139242));
#6703 = CARTESIAN_POINT('',(32.066437264635,1.793774696119,
    10.655529036104));
#6704 = CARTESIAN_POINT('',(32.039442278544,1.793774696119,
    10.596972734029));
#6705 = CARTESIAN_POINT('',(32.018833441423,1.793774696119,
    10.534555168819));
#6706 = CARTESIAN_POINT('',(32.005009329267,1.793774696119,
    10.468432376766));
#6707 = CARTESIAN_POINT('',(31.995343668719,1.793774696119,
    10.398921145505));
#6708 = CARTESIAN_POINT('',(31.994444968169,1.793774696119,
    10.351290283428));
#6709 = CARTESIAN_POINT('',(31.993985293558,1.793774696119,
    10.326927665635));
#6710 = ORIENTED_EDGE('',*,*,#6711,.F.);
#6711 = EDGE_CURVE('',#6648,#6688,#6712,.T.);
#6712 = B_SPLINE_CURVE_WITH_KNOTS('',3,(#6713,#6714,#6715,#6716,#6717,
    #6718,#6719,#6720,#6721,#6722,#6723,#6724,#6725,#6726,#6727,#6728,
    #6729,#6730,#6731),.UNSPECIFIED.,.F.,.F.,(4,1,1,1,1,1,1,1,1,1,1,1,1,
    1,1,1,4),(0.,6.498304418159E-02,0.127802644947,0.189056336471,
    0.248394647375,0.307690705955,0.366976619496,0.427340044226,
    0.488794715391,0.550673693406,0.612045111422,0.673369139006,
    0.734929753934,0.797809968299,0.862891672566,0.930095337543,1.),
  .UNSPECIFIED.);
#6713 = CARTESIAN_POINT('',(33.367783370481,1.793774696119,
    10.339330009385));
#6714 = CARTESIAN_POINT('',(33.367289596636,1.793774696119,
    10.36241675374));
#6715 = CARTESIAN_POINT('',(33.366318487877,1.793774696119,
    10.407821628642));
#6716 = CARTESIAN_POINT('',(33.356981553729,1.793774696119,
    10.474454374869));
#6717 = CARTESIAN_POINT('',(33.341890575669,1.793774696119,
    10.537918302538));
#6718 = CARTESIAN_POINT('',(33.320502047805,1.793774696119,
    10.59821725016));
#6719 = CARTESIAN_POINT('',(33.294000303606,1.793774696119,
    10.655697083819));
#6720 = CARTESIAN_POINT('',(33.260667994071,1.793774696119,
    10.70996184889));
#6721 = CARTESIAN_POINT('',(33.221444743686,1.793774696119,
    10.761059872129));
#6722 = CARTESIAN_POINT('',(33.176637553061,1.793774696119,
    10.808613218124));
#6723 = CARTESIAN_POINT('',(33.127259693254,1.793774696119,
    10.851925412709));
#6724 = CARTESIAN_POINT('',(33.073702523723,1.793774696119,
    10.889983258216));
#6725 = CARTESIAN_POINT('',(33.01603868418,1.793774696119,
    10.921110087986));
#6726 = CARTESIAN_POINT('',(32.955686372237,1.793774696119,
    10.948011979293));
#6727 = CARTESIAN_POINT('',(32.891181197186,1.793774696119,
    10.967660059441));
#6728 = CARTESIAN_POINT('',(32.823452265416,1.793774696119,
    10.982654300167));
#6729 = CARTESIAN_POINT('',(32.752020414771,1.793774696119,
    10.991232758425));
#6730 = CARTESIAN_POINT('',(32.703326070729,1.793774696119,
    10.992296019069));
#6731 = CARTESIAN_POINT('',(32.678499265913,1.793774696119,
    10.992838122366));
#6732 = PLANE('',#6733);
#6733 = AXIS2_PLACEMENT_3D('',#6734,#6735,#6736);
#6734 = CARTESIAN_POINT('',(31.791345645207,1.793774696119,
    11.117006358575));
#6735 = DIRECTION('',(0.,-1.,-2.331468351713E-15));
#6736 = DIRECTION('',(-1.,0.,0.));
#6737 = ADVANCED_FACE('',(#6738),#6775,.T.);
#6738 = FACE_BOUND('',#6739,.T.);
#6739 = EDGE_LOOP('',(#6740,#6762,#6768,#6769));
#6740 = ORIENTED_EDGE('',*,*,#6741,.F.);
#6741 = EDGE_CURVE('',#6742,#6744,#6746,.T.);
#6742 = VERTEX_POINT('',#6743);
#6743 = CARTESIAN_POINT('',(32.665619908942,1.803774696119,
    9.649568891597));
#6744 = VERTEX_POINT('',#6745);
#6745 = CARTESIAN_POINT('',(33.367783370481,1.803774696119,
    10.339330009385));
#6746 = B_SPLINE_CURVE_WITH_KNOTS('',3,(#6747,#6748,#6749,#6750,#6751,
    #6752,#6753,#6754,#6755,#6756,#6757,#6758,#6759,#6760,#6761),
  .UNSPECIFIED.,.F.,.F.,(4,1,1,1,1,1,1,1,1,1,1,1,4),(0.,
    8.551889925268E-02,0.169309286799,0.252217903213,0.336756454186,
    0.420595494256,0.502741103514,0.584803550716,0.668268484624,
    0.751823129777,0.833628628446,0.916219799115,1.),.UNSPECIFIED.);
#6747 = CARTESIAN_POINT('',(32.665619908942,1.803774696119,
    9.649568891597));
#6748 = CARTESIAN_POINT('',(32.696869191407,1.803774696119,
    9.650630973662));
#6749 = CARTESIAN_POINT('',(32.758736144481,1.803774696119,
    9.652733670943));
#6750 = CARTESIAN_POINT('',(32.84941982035,1.803774696119,9.670684698999
    ));
#6751 = CARTESIAN_POINT('',(32.936966091153,1.803774696119,
    9.698814677395));
#6752 = CARTESIAN_POINT('',(33.019701212829,1.803774696119,
    9.739052778253));
#6753 = CARTESIAN_POINT('',(33.097198728676,1.803774696119,
    9.788102607998));
#6754 = CARTESIAN_POINT('',(33.165965704737,1.803774696119,9.84752519652
    ));
#6755 = CARTESIAN_POINT('',(33.226112620865,1.803774696119,
    9.915388234039));
#6756 = CARTESIAN_POINT('',(33.276991727097,1.803774696119,
    9.991078134233));
#6757 = CARTESIAN_POINT('',(33.317494317502,1.803774696119,
    10.072736146651));
#6758 = CARTESIAN_POINT('',(33.34616689396,1.803774696119,
    10.158808628267));
#6759 = CARTESIAN_POINT('',(33.364706641941,1.803774696119,
    10.24790479301));
#6760 = CARTESIAN_POINT('',(33.366752919492,1.803774696119,
    10.308710081958));
#6761 = CARTESIAN_POINT('',(33.367783370481,1.803774696119,
    10.339330009385));
#6762 = ORIENTED_EDGE('',*,*,#6763,.F.);
#6763 = EDGE_CURVE('',#6646,#6742,#6764,.T.);
#6764 = LINE('',#6765,#6766);
#6765 = CARTESIAN_POINT('',(32.665619908942,1.793774696119,
    9.649568891597));
#6766 = VECTOR('',#6767,1.);
#6767 = DIRECTION('',(0.,1.,2.331468351713E-15));
#6768 = ORIENTED_EDGE('',*,*,#6645,.T.);
#6769 = ORIENTED_EDGE('',*,*,#6770,.T.);
#6770 = EDGE_CURVE('',#6648,#6744,#6771,.T.);
#6771 = LINE('',#6772,#6773);
#6772 = CARTESIAN_POINT('',(33.367783370481,1.793774696119,
    10.339330009385));
#6773 = VECTOR('',#6774,1.);
#6774 = DIRECTION('',(0.,1.,2.331468351713E-15));
#6775 = B_SPLINE_SURFACE_WITH_KNOTS('',3,1,(
    (#6776,#6777)
    ,(#6778,#6779)
    ,(#6780,#6781)
    ,(#6782,#6783)
    ,(#6784,#6785)
    ,(#6786,#6787)
    ,(#6788,#6789)
    ,(#6790,#6791)
    ,(#6792,#6793)
    ,(#6794,#6795)
    ,(#6796,#6797)
    ,(#6798,#6799)
    ,(#6800,#6801)
    ,(#6802,#6803)
    ,(#6804,#6805
    )),.UNSPECIFIED.,.F.,.F.,.F.,(4,1,1,1,1,1,1,1,1,1,1,1,4),(2,2),(0.,
    8.551889925268E-02,0.169309286799,0.252217903213,0.336756454186,
    0.420595494256,0.502741103514,0.584803550716,0.668268484624,
    0.751823129777,0.833628628446,0.916219799115,1.),(0.,1.2E-03),
  .UNSPECIFIED.);
#6776 = CARTESIAN_POINT('',(32.665619908942,1.793774696119,
    9.649568891597));
#6777 = CARTESIAN_POINT('',(32.665619908942,1.805774696119,
    9.649568891597));
#6778 = CARTESIAN_POINT('',(32.696869191407,1.793774696119,
    9.650630973662));
#6779 = CARTESIAN_POINT('',(32.696869191407,1.805774696119,
    9.650630973662));
#6780 = CARTESIAN_POINT('',(32.758736144481,1.793774696119,
    9.652733670943));
#6781 = CARTESIAN_POINT('',(32.758736144481,1.805774696119,
    9.652733670943));
#6782 = CARTESIAN_POINT('',(32.84941982035,1.793774696119,9.670684698999
    ));
#6783 = CARTESIAN_POINT('',(32.84941982035,1.805774696119,9.670684698999
    ));
#6784 = CARTESIAN_POINT('',(32.936966091153,1.793774696119,
    9.698814677395));
#6785 = CARTESIAN_POINT('',(32.936966091153,1.805774696119,
    9.698814677395));
#6786 = CARTESIAN_POINT('',(33.019701212829,1.793774696119,
    9.739052778253));
#6787 = CARTESIAN_POINT('',(33.019701212829,1.805774696119,
    9.739052778253));
#6788 = CARTESIAN_POINT('',(33.097198728676,1.793774696119,
    9.788102607998));
#6789 = CARTESIAN_POINT('',(33.097198728676,1.805774696119,
    9.788102607998));
#6790 = CARTESIAN_POINT('',(33.165965704737,1.793774696119,9.84752519652
    ));
#6791 = CARTESIAN_POINT('',(33.165965704737,1.805774696119,9.84752519652
    ));
#6792 = CARTESIAN_POINT('',(33.226112620865,1.793774696119,
    9.915388234039));
#6793 = CARTESIAN_POINT('',(33.226112620865,1.805774696119,
    9.915388234039));
#6794 = CARTESIAN_POINT('',(33.276991727097,1.793774696119,
    9.991078134233));
#6795 = CARTESIAN_POINT('',(33.276991727097,1.805774696119,
    9.991078134233));
#6796 = CARTESIAN_POINT('',(33.317494317502,1.793774696119,
    10.072736146651));
#6797 = CARTESIAN_POINT('',(33.317494317502,1.805774696119,
    10.072736146651));
#6798 = CARTESIAN_POINT('',(33.34616689396,1.793774696119,
    10.158808628267));
#6799 = CARTESIAN_POINT('',(33.34616689396,1.805774696119,
    10.158808628267));
#6800 = CARTESIAN_POINT('',(33.364706641941,1.793774696119,
    10.24790479301));
#6801 = CARTESIAN_POINT('',(33.364706641941,1.805774696119,
    10.24790479301));
#6802 = CARTESIAN_POINT('',(33.366752919492,1.793774696119,
    10.308710081958));
#6803 = CARTESIAN_POINT('',(33.366752919492,1.805774696119,
    10.308710081958));
#6804 = CARTESIAN_POINT('',(33.367783370481,1.793774696119,
    10.339330009385));
#6805 = CARTESIAN_POINT('',(33.367783370481,1.805774696119,
    10.339330009385));
#6806 = ADVANCED_FACE('',(#6807),#6837,.T.);
#6807 = FACE_BOUND('',#6808,.T.);
#6808 = EDGE_LOOP('',(#6809,#6829,#6835,#6836));
#6809 = ORIENTED_EDGE('',*,*,#6810,.F.);
#6810 = EDGE_CURVE('',#6811,#6742,#6813,.T.);
#6811 = VERTEX_POINT('',#6812);
#6812 = CARTESIAN_POINT('',(31.993985293558,1.803774696119,
    10.326927665635));
#6813 = B_SPLINE_CURVE_WITH_KNOTS('',3,(#6814,#6815,#6816,#6817,#6818,
    #6819,#6820,#6821,#6822,#6823,#6824,#6825,#6826,#6827,#6828),
  .UNSPECIFIED.,.F.,.F.,(4,1,1,1,1,1,1,1,1,1,1,1,4),(0.,
    8.924279322085E-02,0.1743490578,0.257613108753,0.339527367323,
    0.420997390148,0.501579058941,0.582541759998,0.666132658334,
    0.750049131022,0.832742939744,0.915647421332,1.),.UNSPECIFIED.);
#6814 = CARTESIAN_POINT('',(31.993985293558,1.803774696119,
    10.326927665635));
#6815 = CARTESIAN_POINT('',(31.99489667833,1.803774696119,
    10.295210875709));
#6816 = CARTESIAN_POINT('',(31.996677203912,1.803774696119,
    10.233247413558));
#6817 = CARTESIAN_POINT('',(32.013480091537,1.803774696119,
    10.142959416051));
#6818 = CARTESIAN_POINT('',(32.040572055967,1.803774696119,
    10.058072157648));
#6819 = CARTESIAN_POINT('',(32.078567792787,1.803774696119,
    9.978854109777));
#6820 = CARTESIAN_POINT('',(32.126180552265,1.803774696119,
    9.906144648283));
#6821 = CARTESIAN_POINT('',(32.183528433339,1.803774696119,
    9.841290389813));
#6822 = CARTESIAN_POINT('',(32.249622429169,1.803774696119,
    9.784207842752));
#6823 = CARTESIAN_POINT('',(32.324272643754,1.803774696119,9.73665210752
    ));
#6824 = CARTESIAN_POINT('',(32.404587066245,1.803774696119,
    9.698235445876));
#6825 = CARTESIAN_POINT('',(32.4886255943,1.803774696119,9.669414311624)
  );
#6826 = CARTESIAN_POINT('',(32.576263461881,1.803774696119,
    9.653089608004));
#6827 = CARTESIAN_POINT('',(32.63566300124,1.803774696119,9.65074921803)
  );
#6828 = CARTESIAN_POINT('',(32.665619908942,1.803774696119,
    9.649568891597));
#6829 = ORIENTED_EDGE('',*,*,#6830,.F.);
#6830 = EDGE_CURVE('',#6668,#6811,#6831,.T.);
#6831 = LINE('',#6832,#6833);
#6832 = CARTESIAN_POINT('',(31.993985293558,1.793774696119,
    10.326927665635));
#6833 = VECTOR('',#6834,1.);
#6834 = DIRECTION('',(0.,1.,2.331468351713E-15));
#6835 = ORIENTED_EDGE('',*,*,#6667,.T.);
#6836 = ORIENTED_EDGE('',*,*,#6763,.T.);
#6837 = B_SPLINE_SURFACE_WITH_KNOTS('',3,1,(
    (#6838,#6839)
    ,(#6840,#6841)
    ,(#6842,#6843)
    ,(#6844,#6845)
    ,(#6846,#6847)
    ,(#6848,#6849)
    ,(#6850,#6851)
    ,(#6852,#6853)
    ,(#6854,#6855)
    ,(#6856,#6857)
    ,(#6858,#6859)
    ,(#6860,#6861)
    ,(#6862,#6863)
    ,(#6864,#6865)
    ,(#6866,#6867
    )),.UNSPECIFIED.,.F.,.F.,.F.,(4,1,1,1,1,1,1,1,1,1,1,1,4),(2,2),(0.,
    8.924279322085E-02,0.1743490578,0.257613108753,0.339527367323,
    0.420997390148,0.501579058941,0.582541759998,0.666132658334,
    0.750049131022,0.832742939744,0.915647421332,1.),(0.,1.2E-03),
  .UNSPECIFIED.);
#6838 = CARTESIAN_POINT('',(31.993985293558,1.793774696119,
    10.326927665635));
#6839 = CARTESIAN_POINT('',(31.993985293558,1.805774696119,
    10.326927665635));
#6840 = CARTESIAN_POINT('',(31.99489667833,1.793774696119,
    10.295210875709));
#6841 = CARTESIAN_POINT('',(31.99489667833,1.805774696119,
    10.295210875709));
#6842 = CARTESIAN_POINT('',(31.996677203912,1.793774696119,
    10.233247413558));
#6843 = CARTESIAN_POINT('',(31.996677203912,1.805774696119,
    10.233247413558));
#6844 = CARTESIAN_POINT('',(32.013480091537,1.793774696119,
    10.142959416051));
#6845 = CARTESIAN_POINT('',(32.013480091537,1.805774696119,
    10.142959416051));
#6846 = CARTESIAN_POINT('',(32.040572055967,1.793774696119,
    10.058072157648));
#6847 = CARTESIAN_POINT('',(32.040572055967,1.805774696119,
    10.058072157648));
#6848 = CARTESIAN_POINT('',(32.078567792787,1.793774696119,
    9.978854109777));
#6849 = CARTESIAN_POINT('',(32.078567792787,1.805774696119,
    9.978854109777));
#6850 = CARTESIAN_POINT('',(32.126180552265,1.793774696119,
    9.906144648283));
#6851 = CARTESIAN_POINT('',(32.126180552265,1.805774696119,
    9.906144648283));
#6852 = CARTESIAN_POINT('',(32.183528433339,1.793774696119,
    9.841290389813));
#6853 = CARTESIAN_POINT('',(32.183528433339,1.805774696119,
    9.841290389813));
#6854 = CARTESIAN_POINT('',(32.249622429169,1.793774696119,
    9.784207842752));
#6855 = CARTESIAN_POINT('',(32.249622429169,1.805774696119,
    9.784207842752));
#6856 = CARTESIAN_POINT('',(32.324272643754,1.793774696119,9.73665210752
    ));
#6857 = CARTESIAN_POINT('',(32.324272643754,1.805774696119,9.73665210752
    ));
#6858 = CARTESIAN_POINT('',(32.404587066245,1.793774696119,
    9.698235445876));
#6859 = CARTESIAN_POINT('',(32.404587066245,1.805774696119,
    9.698235445876));
#6860 = CARTESIAN_POINT('',(32.4886255943,1.793774696119,9.669414311624)
  );
#6861 = CARTESIAN_POINT('',(32.4886255943,1.805774696119,9.669414311624)
  );
#6862 = CARTESIAN_POINT('',(32.576263461881,1.793774696119,
    9.653089608004));
#6863 = CARTESIAN_POINT('',(32.576263461881,1.805774696119,
    9.653089608004));
#6864 = CARTESIAN_POINT('',(32.63566300124,1.793774696119,9.65074921803)
  );
#6865 = CARTESIAN_POINT('',(32.63566300124,1.805774696119,9.65074921803)
  );
#6866 = CARTESIAN_POINT('',(32.665619908942,1.793774696119,
    9.649568891597));
#6867 = CARTESIAN_POINT('',(32.665619908942,1.805774696119,
    9.649568891597));
#6868 = ADVANCED_FACE('',(#6869),#6903,.T.);
#6869 = FACE_BOUND('',#6870,.T.);
#6870 = EDGE_LOOP('',(#6871,#6895,#6901,#6902));
#6871 = ORIENTED_EDGE('',*,*,#6872,.F.);
#6872 = EDGE_CURVE('',#6873,#6811,#6875,.T.);
#6873 = VERTEX_POINT('',#6874);
#6874 = CARTESIAN_POINT('',(32.678499265914,1.803774696119,
    10.992838122366));
#6875 = B_SPLINE_CURVE_WITH_KNOTS('',3,(#6876,#6877,#6878,#6879,#6880,
    #6881,#6882,#6883,#6884,#6885,#6886,#6887,#6888,#6889,#6890,#6891,
    #6892,#6893,#6894),.UNSPECIFIED.,.F.,.F.,(4,1,1,1,1,1,1,1,1,1,1,1,1,
    1,1,1,4),(0.,7.012149921956E-02,0.137121848674,0.201487121077,
    0.263765119167,0.324560095037,0.384738886959,0.444904604352,
    0.505231919617,0.565493994984,0.625099744146,0.684349713944,
    0.743882825485,0.804608205752,0.867238913772,0.932094288021,1.),
  .UNSPECIFIED.);
#6876 = CARTESIAN_POINT('',(32.678499265913,1.803774696119,
    10.992838122366));
#6877 = CARTESIAN_POINT('',(32.653350708998,1.803774696119,
    10.992315874073));
#6878 = CARTESIAN_POINT('',(32.60417297244,1.803774696119,
    10.991294623069));
#6879 = CARTESIAN_POINT('',(32.532347031787,1.803774696119,
    10.982515635659));
#6880 = CARTESIAN_POINT('',(32.464289042355,1.803774696119,
    10.968349255364));
#6881 = CARTESIAN_POINT('',(32.400061407856,1.803774696119,
    10.948235839918));
#6882 = CARTESIAN_POINT('',(32.339421624025,1.803774696119,
    10.922571577439));
#6883 = CARTESIAN_POINT('',(32.283050895159,1.803774696119,
    10.89009362874));
#6884 = CARTESIAN_POINT('',(32.229740526027,1.803774696119,
    10.853106399081));
#6885 = CARTESIAN_POINT('',(32.181192683078,1.803774696119,
    10.809963582263));
#6886 = CARTESIAN_POINT('',(32.137293206178,1.803774696119,
    10.762416826743));
#6887 = CARTESIAN_POINT('',(32.099036202275,1.803774696119,
    10.710679139242));
#6888 = CARTESIAN_POINT('',(32.066437264635,1.803774696119,
    10.655529036104));
#6889 = CARTESIAN_POINT('',(32.039442278544,1.803774696119,
    10.596972734029));
#6890 = CARTESIAN_POINT('',(32.018833441423,1.803774696119,
    10.534555168819));
#6891 = CARTESIAN_POINT('',(32.005009329267,1.803774696119,
    10.468432376766));
#6892 = CARTESIAN_POINT('',(31.995343668719,1.803774696119,
    10.398921145505));
#6893 = CARTESIAN_POINT('',(31.994444968169,1.803774696119,
    10.351290283428));
#6894 = CARTESIAN_POINT('',(31.993985293558,1.803774696119,
    10.326927665635));
#6895 = ORIENTED_EDGE('',*,*,#6896,.F.);
#6896 = EDGE_CURVE('',#6688,#6873,#6897,.T.);
#6897 = LINE('',#6898,#6899);
#6898 = CARTESIAN_POINT('',(32.678499265913,1.793774696119,
    10.992838122366));
#6899 = VECTOR('',#6900,1.);
#6900 = DIRECTION('',(0.,1.,2.331468351713E-15));
#6901 = ORIENTED_EDGE('',*,*,#6687,.T.);
#6902 = ORIENTED_EDGE('',*,*,#6830,.T.);
#6903 = B_SPLINE_SURFACE_WITH_KNOTS('',3,1,(
    (#6904,#6905)
    ,(#6906,#6907)
    ,(#6908,#6909)
    ,(#6910,#6911)
    ,(#6912,#6913)
    ,(#6914,#6915)
    ,(#6916,#6917)
    ,(#6918,#6919)
    ,(#6920,#6921)
    ,(#6922,#6923)
    ,(#6924,#6925)
    ,(#6926,#6927)
    ,(#6928,#6929)
    ,(#6930,#6931)
    ,(#6932,#6933)
    ,(#6934,#6935)
    ,(#6936,#6937)
    ,(#6938,#6939)
    ,(#6940,#6941
    )),.UNSPECIFIED.,.F.,.F.,.F.,(4,1,1,1,1,1,1,1,1,1,1,1,1,1,1,1,4),(2,
    2),(0.,7.012149921956E-02,0.137121848674,0.201487121077,
    0.263765119167,0.324560095037,0.384738886959,0.444904604352,
    0.505231919617,0.565493994984,0.625099744146,0.684349713944,
    0.743882825485,0.804608205752,0.867238913772,0.932094288021,1.),(0.,
    1.2E-03),.UNSPECIFIED.);
#6904 = CARTESIAN_POINT('',(32.678499265913,1.793774696119,
    10.992838122366));
#6905 = CARTESIAN_POINT('',(32.678499265913,1.805774696119,
    10.992838122366));
#6906 = CARTESIAN_POINT('',(32.653350708998,1.793774696119,
    10.992315874073));
#6907 = CARTESIAN_POINT('',(32.653350708998,1.805774696119,
    10.992315874073));
#6908 = CARTESIAN_POINT('',(32.60417297244,1.793774696119,
    10.991294623069));
#6909 = CARTESIAN_POINT('',(32.60417297244,1.805774696119,
    10.991294623069));
#6910 = CARTESIAN_POINT('',(32.532347031787,1.793774696119,
    10.982515635659));
#6911 = CARTESIAN_POINT('',(32.532347031787,1.805774696119,
    10.982515635659));
#6912 = CARTESIAN_POINT('',(32.464289042355,1.793774696119,
    10.968349255364));
#6913 = CARTESIAN_POINT('',(32.464289042355,1.805774696119,
    10.968349255364));
#6914 = CARTESIAN_POINT('',(32.400061407856,1.793774696119,
    10.948235839918));
#6915 = CARTESIAN_POINT('',(32.400061407856,1.805774696119,
    10.948235839918));
#6916 = CARTESIAN_POINT('',(32.339421624025,1.793774696119,
    10.922571577439));
#6917 = CARTESIAN_POINT('',(32.339421624025,1.805774696119,
    10.922571577439));
#6918 = CARTESIAN_POINT('',(32.283050895159,1.793774696119,
    10.89009362874));
#6919 = CARTESIAN_POINT('',(32.283050895159,1.805774696119,
    10.89009362874));
#6920 = CARTESIAN_POINT('',(32.229740526027,1.793774696119,
    10.853106399081));
#6921 = CARTESIAN_POINT('',(32.229740526027,1.805774696119,
    10.853106399081));
#6922 = CARTESIAN_POINT('',(32.181192683078,1.793774696119,
    10.809963582263));
#6923 = CARTESIAN_POINT('',(32.181192683078,1.805774696119,
    10.809963582263));
#6924 = CARTESIAN_POINT('',(32.137293206178,1.793774696119,
    10.762416826743));
#6925 = CARTESIAN_POINT('',(32.137293206178,1.805774696119,
    10.762416826743));
#6926 = CARTESIAN_POINT('',(32.099036202275,1.793774696119,
    10.710679139242));
#6927 = CARTESIAN_POINT('',(32.099036202275,1.805774696119,
    10.710679139242));
#6928 = CARTESIAN_POINT('',(32.066437264635,1.793774696119,
    10.655529036104));
#6929 = CARTESIAN_POINT('',(32.066437264635,1.805774696119,
    10.655529036104));
#6930 = CARTESIAN_POINT('',(32.039442278544,1.793774696119,
    10.596972734029));
#6931 = CARTESIAN_POINT('',(32.039442278544,1.805774696119,
    10.596972734029));
#6932 = CARTESIAN_POINT('',(32.018833441423,1.793774696119,
    10.534555168819));
#6933 = CARTESIAN_POINT('',(32.018833441423,1.805774696119,
    10.534555168819));
#6934 = CARTESIAN_POINT('',(32.005009329267,1.793774696119,
    10.468432376766));
#6935 = CARTESIAN_POINT('',(32.005009329267,1.805774696119,
    10.468432376766));
#6936 = CARTESIAN_POINT('',(31.995343668719,1.793774696119,
    10.398921145505));
#6937 = CARTESIAN_POINT('',(31.995343668719,1.805774696119,
    10.398921145505));
#6938 = CARTESIAN_POINT('',(31.994444968169,1.793774696119,
    10.351290283428));
#6939 = CARTESIAN_POINT('',(31.994444968169,1.805774696119,
    10.351290283428));
#6940 = CARTESIAN_POINT('',(31.993985293558,1.793774696119,
    10.326927665635));
#6941 = CARTESIAN_POINT('',(31.993985293558,1.805774696119,
    10.326927665635));
#6942 = ADVANCED_FACE('',(#6943),#6970,.T.);
#6943 = FACE_BOUND('',#6944,.T.);
#6944 = EDGE_LOOP('',(#6945,#6967,#6968,#6969));
#6945 = ORIENTED_EDGE('',*,*,#6946,.F.);
#6946 = EDGE_CURVE('',#6744,#6873,#6947,.T.);
#6947 = B_SPLINE_CURVE_WITH_KNOTS('',3,(#6948,#6949,#6950,#6951,#6952,
    #6953,#6954,#6955,#6956,#6957,#6958,#6959,#6960,#6961,#6962,#6963,
    #6964,#6965,#6966),.UNSPECIFIED.,.F.,.F.,(4,1,1,1,1,1,1,1,1,1,1,1,1,
    1,1,1,4),(0.,6.498304418159E-02,0.127802644947,0.189056336471,
    0.248394647375,0.307690705955,0.366976619496,0.427340044226,
    0.488794715391,0.550673693406,0.612045111422,0.673369139006,
    0.734929753934,0.797809968299,0.862891672566,0.930095337543,1.),
  .UNSPECIFIED.);
#6948 = CARTESIAN_POINT('',(33.367783370481,1.803774696119,
    10.339330009385));
#6949 = CARTESIAN_POINT('',(33.367289596636,1.803774696119,
    10.36241675374));
#6950 = CARTESIAN_POINT('',(33.366318487877,1.803774696119,
    10.407821628642));
#6951 = CARTESIAN_POINT('',(33.356981553729,1.803774696119,
    10.474454374869));
#6952 = CARTESIAN_POINT('',(33.341890575669,1.803774696119,
    10.537918302538));
#6953 = CARTESIAN_POINT('',(33.320502047805,1.803774696119,
    10.59821725016));
#6954 = CARTESIAN_POINT('',(33.294000303606,1.803774696119,
    10.655697083819));
#6955 = CARTESIAN_POINT('',(33.260667994071,1.803774696119,
    10.70996184889));
#6956 = CARTESIAN_POINT('',(33.221444743686,1.803774696119,
    10.761059872129));
#6957 = CARTESIAN_POINT('',(33.176637553061,1.803774696119,
    10.808613218124));
#6958 = CARTESIAN_POINT('',(33.127259693254,1.803774696119,
    10.851925412709));
#6959 = CARTESIAN_POINT('',(33.073702523723,1.803774696119,
    10.889983258216));
#6960 = CARTESIAN_POINT('',(33.01603868418,1.803774696119,
    10.921110087986));
#6961 = CARTESIAN_POINT('',(32.955686372237,1.803774696119,
    10.948011979293));
#6962 = CARTESIAN_POINT('',(32.891181197186,1.803774696119,
    10.967660059441));
#6963 = CARTESIAN_POINT('',(32.823452265416,1.803774696119,
    10.982654300167));
#6964 = CARTESIAN_POINT('',(32.752020414771,1.803774696119,
    10.991232758425));
#6965 = CARTESIAN_POINT('',(32.703326070729,1.803774696119,
    10.992296019069));
#6966 = CARTESIAN_POINT('',(32.678499265913,1.803774696119,
    10.992838122366));
#6967 = ORIENTED_EDGE('',*,*,#6770,.F.);
#6968 = ORIENTED_EDGE('',*,*,#6711,.T.);
#6969 = ORIENTED_EDGE('',*,*,#6896,.T.);
#6970 = B_SPLINE_SURFACE_WITH_KNOTS('',3,1,(
    (#6971,#6972)
    ,(#6973,#6974)
    ,(#6975,#6976)
    ,(#6977,#6978)
    ,(#6979,#6980)
    ,(#6981,#6982)
    ,(#6983,#6984)
    ,(#6985,#6986)
    ,(#6987,#6988)
    ,(#6989,#6990)
    ,(#6991,#6992)
    ,(#6993,#6994)
    ,(#6995,#6996)
    ,(#6997,#6998)
    ,(#6999,#7000)
    ,(#7001,#7002)
    ,(#7003,#7004)
    ,(#7005,#7006)
    ,(#7007,#7008
    )),.UNSPECIFIED.,.F.,.F.,.F.,(4,1,1,1,1,1,1,1,1,1,1,1,1,1,1,1,4),(2,
    2),(0.,6.498304418159E-02,0.127802644947,0.189056336471,
    0.248394647375,0.307690705955,0.366976619496,0.427340044226,
    0.488794715391,0.550673693406,0.612045111422,0.673369139006,
    0.734929753934,0.797809968299,0.862891672566,0.930095337543,1.),(0.,
    1.2E-03),.UNSPECIFIED.);
#6971 = CARTESIAN_POINT('',(33.367783370481,1.793774696119,
    10.339330009385));
#6972 = CARTESIAN_POINT('',(33.367783370481,1.805774696119,
    10.339330009385));
#6973 = CARTESIAN_POINT('',(33.367289596636,1.793774696119,
    10.36241675374));
#6974 = CARTESIAN_POINT('',(33.367289596636,1.805774696119,
    10.36241675374));
#6975 = CARTESIAN_POINT('',(33.366318487877,1.793774696119,
    10.407821628642));
#6976 = CARTESIAN_POINT('',(33.366318487877,1.805774696119,
    10.407821628642));
#6977 = CARTESIAN_POINT('',(33.356981553729,1.793774696119,
    10.474454374869));
#6978 = CARTESIAN_POINT('',(33.356981553729,1.805774696119,
    10.474454374869));
#6979 = CARTESIAN_POINT('',(33.341890575669,1.793774696119,
    10.537918302538));
#6980 = CARTESIAN_POINT('',(33.341890575669,1.805774696119,
    10.537918302538));
#6981 = CARTESIAN_POINT('',(33.320502047805,1.793774696119,
    10.59821725016));
#6982 = CARTESIAN_POINT('',(33.320502047805,1.805774696119,
    10.59821725016));
#6983 = CARTESIAN_POINT('',(33.294000303606,1.793774696119,
    10.655697083819));
#6984 = CARTESIAN_POINT('',(33.294000303606,1.805774696119,
    10.655697083819));
#6985 = CARTESIAN_POINT('',(33.260667994071,1.793774696119,
    10.70996184889));
#6986 = CARTESIAN_POINT('',(33.260667994071,1.805774696119,
    10.70996184889));
#6987 = CARTESIAN_POINT('',(33.221444743686,1.793774696119,
    10.761059872129));
#6988 = CARTESIAN_POINT('',(33.221444743686,1.805774696119,
    10.761059872129));
#6989 = CARTESIAN_POINT('',(33.176637553061,1.793774696119,
    10.808613218124));
#6990 = CARTESIAN_POINT('',(33.176637553061,1.805774696119,
    10.808613218124));
#6991 = CARTESIAN_POINT('',(33.127259693254,1.793774696119,
    10.851925412709));
#6992 = CARTESIAN_POINT('',(33.127259693254,1.805774696119,
    10.851925412709));
#6993 = CARTESIAN_POINT('',(33.073702523723,1.793774696119,
    10.889983258216));
#6994 = CARTESIAN_POINT('',(33.073702523723,1.805774696119,
    10.889983258216));
#6995 = CARTESIAN_POINT('',(33.01603868418,1.793774696119,
    10.921110087986));
#6996 = CARTESIAN_POINT('',(33.01603868418,1.805774696119,
    10.921110087986));
#6997 = CARTESIAN_POINT('',(32.955686372237,1.793774696119,
    10.948011979293));
#6998 = CARTESIAN_POINT('',(32.955686372237,1.805774696119,
    10.948011979293));
#6999 = CARTESIAN_POINT('',(32.891181197186,1.793774696119,
    10.967660059441));
#7000 = CARTESIAN_POINT('',(32.891181197186,1.805774696119,
    10.967660059441));
#7001 = CARTESIAN_POINT('',(32.823452265416,1.793774696119,
    10.982654300167));
#7002 = CARTESIAN_POINT('',(32.823452265416,1.805774696119,
    10.982654300167));
#7003 = CARTESIAN_POINT('',(32.752020414771,1.793774696119,
    10.991232758425));
#7004 = CARTESIAN_POINT('',(32.752020414771,1.805774696119,
    10.991232758425));
#7005 = CARTESIAN_POINT('',(32.703326070729,1.793774696119,
    10.992296019069));
#7006 = CARTESIAN_POINT('',(32.703326070729,1.805774696119,
    10.992296019069));
#7007 = CARTESIAN_POINT('',(32.678499265913,1.793774696119,
    10.992838122366));
#7008 = CARTESIAN_POINT('',(32.678499265913,1.805774696119,
    10.992838122366));
#7009 = ADVANCED_FACE('',(#7010),#7016,.T.);
#7010 = FACE_BOUND('',#7011,.T.);
#7011 = EDGE_LOOP('',(#7012,#7013,#7014,#7015));
#7012 = ORIENTED_EDGE('',*,*,#6810,.T.);
#7013 = ORIENTED_EDGE('',*,*,#6741,.T.);
#7014 = ORIENTED_EDGE('',*,*,#6946,.T.);
#7015 = ORIENTED_EDGE('',*,*,#6872,.T.);
#7016 = PLANE('',#7017);
#7017 = AXIS2_PLACEMENT_3D('',#7018,#7019,#7020);
#7018 = CARTESIAN_POINT('',(49.969747354884,1.803774696119,
    11.206540045443));
#7019 = DIRECTION('',(0.,-1.,-2.331468351713E-15));
#7020 = DIRECTION('',(-1.,0.,0.));
#7021 = ADVANCED_FACE('',(#7022),#7047,.T.);
#7022 = FACE_BOUND('',#7023,.T.);
#7023 = EDGE_LOOP('',(#7024,#7025,#7033,#7041));
#7024 = ORIENTED_EDGE('',*,*,#4065,.F.);
#7025 = ORIENTED_EDGE('',*,*,#7026,.F.);
#7026 = EDGE_CURVE('',#7027,#4066,#7029,.T.);
#7027 = VERTEX_POINT('',#7028);
#7028 = CARTESIAN_POINT('',(25.216581447404,1.793774696119,
    11.206540045443));
#7029 = LINE('',#7030,#7031);
#7030 = CARTESIAN_POINT('',(25.216581447404,1.793774696119,
    11.206540045443));
#7031 = VECTOR('',#7032,1.);
#7032 = DIRECTION('',(0.,1.,2.331468351713E-15));
#7033 = ORIENTED_EDGE('',*,*,#7034,.T.);
#7034 = EDGE_CURVE('',#7027,#7035,#7037,.T.);
#7035 = VERTEX_POINT('',#7036);
#7036 = CARTESIAN_POINT('',(25.216581447404,1.793774696119,
    8.764232353135));
#7037 = LINE('',#7038,#7039);
#7038 = CARTESIAN_POINT('',(25.216581447404,1.793774696119,
    11.206540045443));
#7039 = VECTOR('',#7040,1.);
#7040 = DIRECTION('',(0.,2.331468351713E-15,-1.));
#7041 = ORIENTED_EDGE('',*,*,#7042,.T.);
#7042 = EDGE_CURVE('',#7035,#4068,#7043,.T.);
#7043 = LINE('',#7044,#7045);
#7044 = CARTESIAN_POINT('',(25.216581447404,1.793774696119,
    8.764232353135));
#7045 = VECTOR('',#7046,1.);
#7046 = DIRECTION('',(0.,1.,2.331468351713E-15));
#7047 = PLANE('',#7048);
#7048 = AXIS2_PLACEMENT_3D('',#7049,#7050,#7051);
#7049 = CARTESIAN_POINT('',(25.216581447404,1.793774696119,
    11.206540045443));
#7050 = DIRECTION('',(1.,0.,-0.));
#7051 = DIRECTION('',(0.,-1.,-2.331468351713E-15));
#7052 = ADVANCED_FACE('',(#7053),#7071,.T.);
#7053 = FACE_BOUND('',#7054,.T.);
#7054 = EDGE_LOOP('',(#7055,#7056,#7064,#7070));
#7055 = ORIENTED_EDGE('',*,*,#4235,.F.);
#7056 = ORIENTED_EDGE('',*,*,#7057,.F.);
#7057 = EDGE_CURVE('',#7058,#4228,#7060,.T.);
#7058 = VERTEX_POINT('',#7059);
#7059 = CARTESIAN_POINT('',(25.002879524327,1.793774696119,
    11.206540045443));
#7060 = LINE('',#7061,#7062);
#7061 = CARTESIAN_POINT('',(25.002879524327,1.793774696119,
    11.206540045443));
#7062 = VECTOR('',#7063,1.);
#7063 = DIRECTION('',(0.,1.,2.331468351713E-15));
#7064 = ORIENTED_EDGE('',*,*,#7065,.T.);
#7065 = EDGE_CURVE('',#7058,#7027,#7066,.T.);
#7066 = LINE('',#7067,#7068);
#7067 = CARTESIAN_POINT('',(25.002879524327,1.793774696119,
    11.206540045443));
#7068 = VECTOR('',#7069,1.);
#7069 = DIRECTION('',(1.,0.,-0.));
#7070 = ORIENTED_EDGE('',*,*,#7026,.T.);
#7071 = PLANE('',#7072);
#7072 = AXIS2_PLACEMENT_3D('',#7073,#7074,#7075);
#7073 = CARTESIAN_POINT('',(25.002879524327,1.793774696119,
    11.206540045443));
#7074 = DIRECTION('',(0.,-2.331468351713E-15,1.));
#7075 = DIRECTION('',(0.,1.,2.331468351713E-15));
#7076 = ADVANCED_FACE('',(#7077),#7095,.T.);
#7077 = FACE_BOUND('',#7078,.T.);
#7078 = EDGE_LOOP('',(#7079,#7080,#7081,#7089));
#7079 = ORIENTED_EDGE('',*,*,#4075,.F.);
#7080 = ORIENTED_EDGE('',*,*,#7042,.F.);
#7081 = ORIENTED_EDGE('',*,*,#7082,.T.);
#7082 = EDGE_CURVE('',#7035,#7083,#7085,.T.);
#7083 = VERTEX_POINT('',#7084);
#7084 = CARTESIAN_POINT('',(25.002879524327,1.793774696119,
    8.764232353135));
#7085 = LINE('',#7086,#7087);
#7086 = CARTESIAN_POINT('',(25.216581447404,1.793774696119,
    8.764232353135));
#7087 = VECTOR('',#7088,1.);
#7088 = DIRECTION('',(-1.,0.,0.));
#7089 = ORIENTED_EDGE('',*,*,#7090,.T.);
#7090 = EDGE_CURVE('',#7083,#4076,#7091,.T.);
#7091 = LINE('',#7092,#7093);
#7092 = CARTESIAN_POINT('',(25.002879524327,1.793774696119,
    8.764232353135));
#7093 = VECTOR('',#7094,1.);
#7094 = DIRECTION('',(0.,1.,2.331468351713E-15));
#7095 = PLANE('',#7096);
#7096 = AXIS2_PLACEMENT_3D('',#7097,#7098,#7099);
#7097 = CARTESIAN_POINT('',(25.216581447404,1.793774696119,
    8.764232353135));
#7098 = DIRECTION('',(0.,2.331468351713E-15,-1.));
#7099 = DIRECTION('',(0.,-1.,-2.331468351713E-15));
#7100 = ADVANCED_FACE('',(#7101),#7119,.T.);
#7101 = FACE_BOUND('',#7102,.T.);
#7102 = EDGE_LOOP('',(#7103,#7104,#7112,#7118));
#7103 = ORIENTED_EDGE('',*,*,#4227,.F.);
#7104 = ORIENTED_EDGE('',*,*,#7105,.F.);
#7105 = EDGE_CURVE('',#7106,#4212,#7108,.T.);
#7106 = VERTEX_POINT('',#7107);
#7107 = CARTESIAN_POINT('',(25.002879524327,1.793774696119,
    10.577359606741));
#7108 = LINE('',#7109,#7110);
#7109 = CARTESIAN_POINT('',(25.002879524327,1.793774696119,
    10.577359606741));
#7110 = VECTOR('',#7111,1.);
#7111 = DIRECTION('',(0.,1.,2.331468351713E-15));
#7112 = ORIENTED_EDGE('',*,*,#7113,.T.);
#7113 = EDGE_CURVE('',#7106,#7058,#7114,.T.);
#7114 = LINE('',#7115,#7116);
#7115 = CARTESIAN_POINT('',(25.002879524327,1.793774696119,
    10.577359606741));
#7116 = VECTOR('',#7117,1.);
#7117 = DIRECTION('',(0.,-2.331468351713E-15,1.));
#7118 = ORIENTED_EDGE('',*,*,#7057,.T.);
#7119 = PLANE('',#7120);
#7120 = AXIS2_PLACEMENT_3D('',#7121,#7122,#7123);
#7121 = CARTESIAN_POINT('',(25.002879524327,1.793774696119,
    10.577359606741));
#7122 = DIRECTION('',(-1.,0.,0.));
#7123 = DIRECTION('',(0.,1.,2.331468351713E-15));
#7124 = ADVANCED_FACE('',(#7125),#7143,.T.);
#7125 = FACE_BOUND('',#7126,.T.);
#7126 = EDGE_LOOP('',(#7127,#7128,#7129,#7137));
#7127 = ORIENTED_EDGE('',*,*,#4083,.F.);
#7128 = ORIENTED_EDGE('',*,*,#7090,.F.);
#7129 = ORIENTED_EDGE('',*,*,#7130,.T.);
#7130 = EDGE_CURVE('',#7083,#7131,#7133,.T.);
#7131 = VERTEX_POINT('',#7132);
#7132 = CARTESIAN_POINT('',(25.002879524327,1.793774696119,
    9.795057924049));
#7133 = LINE('',#7134,#7135);
#7134 = CARTESIAN_POINT('',(25.002879524327,1.793774696119,
    8.764232353135));
#7135 = VECTOR('',#7136,1.);
#7136 = DIRECTION('',(0.,-2.331468351713E-15,1.));
#7137 = ORIENTED_EDGE('',*,*,#7138,.T.);
#7138 = EDGE_CURVE('',#7131,#4084,#7139,.T.);
#7139 = LINE('',#7140,#7141);
#7140 = CARTESIAN_POINT('',(25.002879524327,1.793774696119,
    9.795057924049));
#7141 = VECTOR('',#7142,1.);
#7142 = DIRECTION('',(0.,1.,2.331468351713E-15));
#7143 = PLANE('',#7144);
#7144 = AXIS2_PLACEMENT_3D('',#7145,#7146,#7147);
#7145 = CARTESIAN_POINT('',(25.002879524327,1.793774696119,
    8.764232353135));
#7146 = DIRECTION('',(-1.,0.,0.));
#7147 = DIRECTION('',(0.,1.,2.331468351713E-15));
#7148 = ADVANCED_FACE('',(#7149),#7175,.T.);
#7149 = FACE_BOUND('',#7150,.T.);
#7150 = EDGE_LOOP('',(#7151,#7152,#7160,#7174));
#7151 = ORIENTED_EDGE('',*,*,#4211,.F.);
#7152 = ORIENTED_EDGE('',*,*,#7153,.F.);
#7153 = EDGE_CURVE('',#7154,#4188,#7156,.T.);
#7154 = VERTEX_POINT('',#7155);
#7155 = CARTESIAN_POINT('',(24.969965612067,1.793774696119,
    10.110363663232));
#7156 = LINE('',#7157,#7158);
#7157 = CARTESIAN_POINT('',(24.969965612067,1.793774696119,
    10.110363663231));
#7158 = VECTOR('',#7159,1.);
#7159 = DIRECTION('',(0.,1.,2.331468351713E-15));
#7160 = ORIENTED_EDGE('',*,*,#7161,.T.);
#7161 = EDGE_CURVE('',#7154,#7106,#7162,.T.);
#7162 = B_SPLINE_CURVE_WITH_KNOTS('',3,(#7163,#7164,#7165,#7166,#7167,
    #7168,#7169,#7170,#7171,#7172,#7173),.UNSPECIFIED.,.F.,.F.,(4,1,1,1,
    1,1,1,1,4),(0.,7.599907819765E-02,0.165611345572,0.269045027248,
    0.387447975373,0.518826658472,0.665393555314,0.825082797562,1.),
  .UNSPECIFIED.);
#7163 = CARTESIAN_POINT('',(24.969965612067,1.793774696119,
    10.110363663231));
#7164 = CARTESIAN_POINT('',(24.972645829527,1.793774696119,
    10.121943988766));
#7165 = CARTESIAN_POINT('',(24.978486353259,1.793774696119,
    10.147178943445));
#7166 = CARTESIAN_POINT('',(24.984823766619,1.793774696119,
    10.188799331692));
#7167 = CARTESIAN_POINT('',(24.990496446102,1.793774696119,
    10.237163452646));
#7168 = CARTESIAN_POINT('',(24.995291977281,1.793774696119,
    10.292197950354));
#7169 = CARTESIAN_POINT('',(24.998233219983,1.793774696119,
    10.35410449196));
#7170 = CARTESIAN_POINT('',(25.001402487365,1.793774696119,
    10.422460626626));
#7171 = CARTESIAN_POINT('',(25.002582236165,1.793774696119,
    10.49769453364));
#7172 = CARTESIAN_POINT('',(25.002777466623,1.793774696119,
    10.55001094138));
#7173 = CARTESIAN_POINT('',(25.002879524327,1.793774696119,
    10.577359606741));
#7174 = ORIENTED_EDGE('',*,*,#7105,.T.);
#7175 = B_SPLINE_SURFACE_WITH_KNOTS('',3,1,(
    (#7176,#7177)
    ,(#7178,#7179)
    ,(#7180,#7181)
    ,(#7182,#7183)
    ,(#7184,#7185)
    ,(#7186,#7187)
    ,(#7188,#7189)
    ,(#7190,#7191)
    ,(#7192,#7193)
    ,(#7194,#7195)
    ,(#7196,#7197
  )),.UNSPECIFIED.,.F.,.F.,.F.,(4,1,1,1,1,1,1,1,4),(2,2),(0.,
    7.599907819765E-02,0.165611345572,0.269045027248,0.387447975373,
    0.518826658472,0.665393555314,0.825082797562,1.),(0.,1.2E-03),
  .UNSPECIFIED.);
#7176 = CARTESIAN_POINT('',(24.969965612067,1.793774696119,
    10.110363663231));
#7177 = CARTESIAN_POINT('',(24.969965612067,1.805774696119,
    10.110363663231));
#7178 = CARTESIAN_POINT('',(24.972645829527,1.793774696119,
    10.121943988766));
#7179 = CARTESIAN_POINT('',(24.972645829527,1.805774696119,
    10.121943988766));
#7180 = CARTESIAN_POINT('',(24.978486353259,1.793774696119,
    10.147178943445));
#7181 = CARTESIAN_POINT('',(24.978486353259,1.805774696119,
    10.147178943445));
#7182 = CARTESIAN_POINT('',(24.984823766619,1.793774696119,
    10.188799331692));
#7183 = CARTESIAN_POINT('',(24.984823766619,1.805774696119,
    10.188799331692));
#7184 = CARTESIAN_POINT('',(24.990496446102,1.793774696119,
    10.237163452646));
#7185 = CARTESIAN_POINT('',(24.990496446102,1.805774696119,
    10.237163452646));
#7186 = CARTESIAN_POINT('',(24.995291977281,1.793774696119,
    10.292197950354));
#7187 = CARTESIAN_POINT('',(24.995291977281,1.805774696119,
    10.292197950354));
#7188 = CARTESIAN_POINT('',(24.998233219983,1.793774696119,
    10.35410449196));
#7189 = CARTESIAN_POINT('',(24.998233219983,1.805774696119,
    10.35410449196));
#7190 = CARTESIAN_POINT('',(25.001402487365,1.793774696119,
    10.422460626626));
#7191 = CARTESIAN_POINT('',(25.001402487365,1.805774696119,
    10.422460626626));
#7192 = CARTESIAN_POINT('',(25.002582236165,1.793774696119,
    10.49769453364));
#7193 = CARTESIAN_POINT('',(25.002582236165,1.805774696119,
    10.49769453364));
#7194 = CARTESIAN_POINT('',(25.002777466623,1.793774696119,
    10.55001094138));
#7195 = CARTESIAN_POINT('',(25.002777466623,1.805774696119,
    10.55001094138));
#7196 = CARTESIAN_POINT('',(25.002879524327,1.793774696119,
    10.577359606741));
#7197 = CARTESIAN_POINT('',(25.002879524327,1.805774696119,
    10.577359606741));
#7198 = ADVANCED_FACE('',(#7199),#7225,.T.);
#7199 = FACE_BOUND('',#7200,.T.);
#7200 = EDGE_LOOP('',(#7201,#7202,#7203,#7219));
#7201 = ORIENTED_EDGE('',*,*,#4091,.F.);
#7202 = ORIENTED_EDGE('',*,*,#7138,.F.);
#7203 = ORIENTED_EDGE('',*,*,#7204,.T.);
#7204 = EDGE_CURVE('',#7131,#7205,#7207,.T.);
#7205 = VERTEX_POINT('',#7206);
#7206 = CARTESIAN_POINT('',(24.340785173365,1.793774696119,9.43586696852
    ));
#7207 = B_SPLINE_CURVE_WITH_KNOTS('',3,(#7208,#7209,#7210,#7211,#7212,
    #7213,#7214,#7215,#7216,#7217,#7218),.UNSPECIFIED.,.F.,.F.,(4,1,1,1,
    1,1,1,1,4),(0.,0.14072351325,0.273995891219,0.400684160059,
    0.522554679005,0.641533770551,0.759969142862,0.878404515174,1.),
  .UNSPECIFIED.);
#7208 = CARTESIAN_POINT('',(25.002879524327,1.793774696119,
    9.795057924049));
#7209 = CARTESIAN_POINT('',(24.979939717314,1.793774696119,
    9.766384964802));
#7210 = CARTESIAN_POINT('',(24.935274737585,1.793774696119,
    9.710557243897));
#7211 = CARTESIAN_POINT('',(24.860097915388,1.793774696119,9.63771739797
    ));
#7212 = CARTESIAN_POINT('',(24.782897197037,1.793774696119,
    9.574581193173));
#7213 = CARTESIAN_POINT('',(24.701006138923,1.793774696119,
    9.524322899961));
#7214 = CARTESIAN_POINT('',(24.61592712419,1.793774696119,9.484619608924
    ));
#7215 = CARTESIAN_POINT('',(24.527301323248,1.793774696119,
    9.456461228023));
#7216 = CARTESIAN_POINT('',(24.435112269569,1.793774696119,
    9.439145392618));
#7217 = CARTESIAN_POINT('',(24.372502301418,1.793774696119,
    9.436969326179));
#7218 = CARTESIAN_POINT('',(24.340785173365,1.793774696119,9.43586696852
    ));
#7219 = ORIENTED_EDGE('',*,*,#7220,.T.);
#7220 = EDGE_CURVE('',#7205,#4092,#7221,.T.);
#7221 = LINE('',#7222,#7223);
#7222 = CARTESIAN_POINT('',(24.340785173365,1.793774696119,9.43586696852
    ));
#7223 = VECTOR('',#7224,1.);
#7224 = DIRECTION('',(0.,1.,2.331468351713E-15));
#7225 = B_SPLINE_SURFACE_WITH_KNOTS('',3,1,(
    (#7226,#7227)
    ,(#7228,#7229)
    ,(#7230,#7231)
    ,(#7232,#7233)
    ,(#7234,#7235)
    ,(#7236,#7237)
    ,(#7238,#7239)
    ,(#7240,#7241)
    ,(#7242,#7243)
    ,(#7244,#7245)
    ,(#7246,#7247
  )),.UNSPECIFIED.,.F.,.F.,.F.,(4,1,1,1,1,1,1,1,4),(2,2),(0.,
    0.14072351325,0.273995891219,0.400684160059,0.522554679005,
    0.641533770551,0.759969142862,0.878404515174,1.),(0.,1.2E-03),
  .UNSPECIFIED.);
#7226 = CARTESIAN_POINT('',(25.002879524327,1.793774696119,
    9.795057924049));
#7227 = CARTESIAN_POINT('',(25.002879524327,1.805774696119,
    9.795057924049));
#7228 = CARTESIAN_POINT('',(24.979939717314,1.793774696119,
    9.766384964802));
#7229 = CARTESIAN_POINT('',(24.979939717314,1.805774696119,
    9.766384964802));
#7230 = CARTESIAN_POINT('',(24.935274737585,1.793774696119,
    9.710557243897));
#7231 = CARTESIAN_POINT('',(24.935274737585,1.805774696119,
    9.710557243897));
#7232 = CARTESIAN_POINT('',(24.860097915388,1.793774696119,9.63771739797
    ));
#7233 = CARTESIAN_POINT('',(24.860097915388,1.805774696119,9.63771739797
    ));
#7234 = CARTESIAN_POINT('',(24.782897197037,1.793774696119,
    9.574581193173));
#7235 = CARTESIAN_POINT('',(24.782897197037,1.805774696119,
    9.574581193173));
#7236 = CARTESIAN_POINT('',(24.701006138923,1.793774696119,
    9.524322899961));
#7237 = CARTESIAN_POINT('',(24.701006138923,1.805774696119,
    9.524322899961));
#7238 = CARTESIAN_POINT('',(24.61592712419,1.793774696119,9.484619608924
    ));
#7239 = CARTESIAN_POINT('',(24.61592712419,1.805774696119,9.484619608924
    ));
#7240 = CARTESIAN_POINT('',(24.527301323248,1.793774696119,
    9.456461228023));
#7241 = CARTESIAN_POINT('',(24.527301323248,1.805774696119,
    9.456461228023));
#7242 = CARTESIAN_POINT('',(24.435112269569,1.793774696119,
    9.439145392618));
#7243 = CARTESIAN_POINT('',(24.435112269569,1.805774696119,
    9.439145392618));
#7244 = CARTESIAN_POINT('',(24.372502301418,1.793774696119,
    9.436969326179));
#7245 = CARTESIAN_POINT('',(24.372502301418,1.805774696119,
    9.436969326179));
#7246 = CARTESIAN_POINT('',(24.340785173365,1.793774696119,9.43586696852
    ));
#7247 = CARTESIAN_POINT('',(24.340785173365,1.805774696119,9.43586696852
    ));
#7248 = ADVANCED_FACE('',(#7249),#7283,.T.);
#7249 = FACE_BOUND('',#7250,.T.);
#7250 = EDGE_LOOP('',(#7251,#7252,#7260,#7282));
#7251 = ORIENTED_EDGE('',*,*,#4187,.F.);
#7252 = ORIENTED_EDGE('',*,*,#7253,.F.);
#7253 = EDGE_CURVE('',#7254,#4172,#7256,.T.);
#7254 = VERTEX_POINT('',#7255);
#7255 = CARTESIAN_POINT('',(24.378469217837,1.793774696119,
    9.649568891597));
#7256 = LINE('',#7257,#7258);
#7257 = CARTESIAN_POINT('',(24.378469217837,1.793774696119,
    9.649568891597));
#7258 = VECTOR('',#7259,1.);
#7259 = DIRECTION('',(0.,1.,2.331468351713E-15));
#7260 = ORIENTED_EDGE('',*,*,#7261,.T.);
#7261 = EDGE_CURVE('',#7254,#7154,#7262,.T.);
#7262 = B_SPLINE_CURVE_WITH_KNOTS('',3,(#7263,#7264,#7265,#7266,#7267,
    #7268,#7269,#7270,#7271,#7272,#7273,#7274,#7275,#7276,#7277,#7278,
    #7279,#7280,#7281),.UNSPECIFIED.,.F.,.F.,(4,1,1,1,1,1,1,1,1,1,1,1,1,
    1,1,1,4),(0.,6.401997539919E-02,0.126693877203,0.189084394719,
    0.250362631944,0.312516479375,0.374242602415,0.437850162257,
    0.502657325979,0.567745439123,0.630575914087,0.692772090085,
    0.754267545622,0.815120553633,0.876051358555,0.937981798119,1.),
  .UNSPECIFIED.);
#7263 = CARTESIAN_POINT('',(24.378469217837,1.793774696119,
    9.649568891597));
#7264 = CARTESIAN_POINT('',(24.395660327802,1.793774696119,
    9.649892623431));
#7265 = CARTESIAN_POINT('',(24.42968109025,1.793774696119,9.650533280366
    ));
#7266 = CARTESIAN_POINT('',(24.48012866467,1.793774696119,9.656965307765
    ));
#7267 = CARTESIAN_POINT('',(24.529066116815,1.793774696119,
    9.667475953812));
#7268 = CARTESIAN_POINT('',(24.576964741391,1.793774696119,
    9.681698506041));
#7269 = CARTESIAN_POINT('',(24.622809381263,1.793774696119,
    9.701051629964));
#7270 = CARTESIAN_POINT('',(24.667936330934,1.793774696119,9.72345591949
    ));
#7271 = CARTESIAN_POINT('',(24.711067033805,1.793774696119,9.75087992867
    ));
#7272 = CARTESIAN_POINT('',(24.752967384205,1.793774696119,
    9.781649602589));
#7273 = CARTESIAN_POINT('',(24.791963777429,1.793774696119,
    9.815714921254));
#7274 = CARTESIAN_POINT('',(24.82824526135,1.793774696119,9.851669724574
    ));
#7275 = CARTESIAN_POINT('',(24.860588310636,1.793774696119,
    9.889956798466));
#7276 = CARTESIAN_POINT('',(24.889890334138,1.793774696119,
    9.929961877439));
#7277 = CARTESIAN_POINT('',(24.915184846343,1.793774696119,
    9.972233686919));
#7278 = CARTESIAN_POINT('',(24.937264532553,1.793774696119,
    10.016364589266));
#7279 = CARTESIAN_POINT('',(24.955998640275,1.793774696119,
    10.062412620491));
#7280 = CARTESIAN_POINT('',(24.965307757684,1.793774696119,
    10.094372439226));
#7281 = CARTESIAN_POINT('',(24.969965612067,1.793774696119,
    10.110363663231));
#7282 = ORIENTED_EDGE('',*,*,#7153,.T.);
#7283 = B_SPLINE_SURFACE_WITH_KNOTS('',3,1,(
    (#7284,#7285)
    ,(#7286,#7287)
    ,(#7288,#7289)
    ,(#7290,#7291)
    ,(#7292,#7293)
    ,(#7294,#7295)
    ,(#7296,#7297)
    ,(#7298,#7299)
    ,(#7300,#7301)
    ,(#7302,#7303)
    ,(#7304,#7305)
    ,(#7306,#7307)
    ,(#7308,#7309)
    ,(#7310,#7311)
    ,(#7312,#7313)
    ,(#7314,#7315)
    ,(#7316,#7317)
    ,(#7318,#7319)
    ,(#7320,#7321
    )),.UNSPECIFIED.,.F.,.F.,.F.,(4,1,1,1,1,1,1,1,1,1,1,1,1,1,1,1,4),(2,
    2),(0.,6.401997539919E-02,0.126693877203,0.189084394719,
    0.250362631944,0.312516479375,0.374242602415,0.437850162257,
    0.502657325979,0.567745439123,0.630575914087,0.692772090085,
    0.754267545622,0.815120553633,0.876051358555,0.937981798119,1.),(0.,
    1.2E-03),.UNSPECIFIED.);
#7284 = CARTESIAN_POINT('',(24.378469217837,1.793774696119,
    9.649568891597));
#7285 = CARTESIAN_POINT('',(24.378469217837,1.805774696119,
    9.649568891597));
#7286 = CARTESIAN_POINT('',(24.395660327802,1.793774696119,
    9.649892623431));
#7287 = CARTESIAN_POINT('',(24.395660327802,1.805774696119,
    9.649892623431));
#7288 = CARTESIAN_POINT('',(24.42968109025,1.793774696119,9.650533280366
    ));
#7289 = CARTESIAN_POINT('',(24.42968109025,1.805774696119,9.650533280366
    ));
#7290 = CARTESIAN_POINT('',(24.48012866467,1.793774696119,9.656965307765
    ));
#7291 = CARTESIAN_POINT('',(24.48012866467,1.805774696119,9.656965307765
    ));
#7292 = CARTESIAN_POINT('',(24.529066116815,1.793774696119,
    9.667475953812));
#7293 = CARTESIAN_POINT('',(24.529066116815,1.805774696119,
    9.667475953812));
#7294 = CARTESIAN_POINT('',(24.576964741391,1.793774696119,
    9.681698506041));
#7295 = CARTESIAN_POINT('',(24.576964741391,1.805774696119,
    9.681698506041));
#7296 = CARTESIAN_POINT('',(24.622809381263,1.793774696119,
    9.701051629964));
#7297 = CARTESIAN_POINT('',(24.622809381263,1.805774696119,
    9.701051629964));
#7298 = CARTESIAN_POINT('',(24.667936330934,1.793774696119,9.72345591949
    ));
#7299 = CARTESIAN_POINT('',(24.667936330934,1.805774696119,9.72345591949
    ));
#7300 = CARTESIAN_POINT('',(24.711067033805,1.793774696119,9.75087992867
    ));
#7301 = CARTESIAN_POINT('',(24.711067033805,1.805774696119,9.75087992867
    ));
#7302 = CARTESIAN_POINT('',(24.752967384205,1.793774696119,
    9.781649602589));
#7303 = CARTESIAN_POINT('',(24.752967384205,1.805774696119,
    9.781649602589));
#7304 = CARTESIAN_POINT('',(24.791963777429,1.793774696119,
    9.815714921254));
#7305 = CARTESIAN_POINT('',(24.791963777429,1.805774696119,
    9.815714921254));
#7306 = CARTESIAN_POINT('',(24.82824526135,1.793774696119,9.851669724574
    ));
#7307 = CARTESIAN_POINT('',(24.82824526135,1.805774696119,9.851669724574
    ));
#7308 = CARTESIAN_POINT('',(24.860588310636,1.793774696119,
    9.889956798466));
#7309 = CARTESIAN_POINT('',(24.860588310636,1.805774696119,
    9.889956798466));
#7310 = CARTESIAN_POINT('',(24.889890334138,1.793774696119,
    9.929961877439));
#7311 = CARTESIAN_POINT('',(24.889890334138,1.805774696119,
    9.929961877439));
#7312 = CARTESIAN_POINT('',(24.915184846343,1.793774696119,
    9.972233686919));
#7313 = CARTESIAN_POINT('',(24.915184846343,1.805774696119,
    9.972233686919));
#7314 = CARTESIAN_POINT('',(24.937264532553,1.793774696119,
    10.016364589266));
#7315 = CARTESIAN_POINT('',(24.937264532553,1.805774696119,
    10.016364589266));
#7316 = CARTESIAN_POINT('',(24.955998640275,1.793774696119,
    10.062412620491));
#7317 = CARTESIAN_POINT('',(24.955998640275,1.805774696119,
    10.062412620491));
#7318 = CARTESIAN_POINT('',(24.965307757684,1.793774696119,
    10.094372439226));
#7319 = CARTESIAN_POINT('',(24.965307757684,1.805774696119,
    10.094372439226));
#7320 = CARTESIAN_POINT('',(24.969965612067,1.793774696119,
    10.110363663231));
#7321 = CARTESIAN_POINT('',(24.969965612067,1.805774696119,
    10.110363663231));
#7322 = ADVANCED_FACE('',(#7323),#7357,.T.);
#7323 = FACE_BOUND('',#7324,.T.);
#7324 = EDGE_LOOP('',(#7325,#7326,#7327,#7351));
#7325 = ORIENTED_EDGE('',*,*,#4107,.F.);
#7326 = ORIENTED_EDGE('',*,*,#7220,.F.);
#7327 = ORIENTED_EDGE('',*,*,#7328,.T.);
#7328 = EDGE_CURVE('',#7205,#7329,#7331,.T.);
#7329 = VERTEX_POINT('',#7330);
#7330 = CARTESIAN_POINT('',(23.690139139712,1.793774696119,
    10.317864414433));
#7331 = B_SPLINE_CURVE_WITH_KNOTS('',3,(#7332,#7333,#7334,#7335,#7336,
    #7337,#7338,#7339,#7340,#7341,#7342,#7343,#7344,#7345,#7346,#7347,
    #7348,#7349,#7350),.UNSPECIFIED.,.F.,.F.,(4,1,1,1,1,1,1,1,1,1,1,1,1,
    1,1,1,4),(0.,7.72285532335E-02,0.151154907264,0.223453637951,
    0.29549722492,0.366919857354,0.436794085007,0.506696430852,
    0.577863846741,0.615911809767,0.658048025519,0.703775986058,
    0.754080142869,0.80897942108,0.867913192843,0.931701816176,1.),
  .UNSPECIFIED.);
#7332 = CARTESIAN_POINT('',(24.340785173365,1.793774696119,9.43586696852
    ));
#7333 = CARTESIAN_POINT('',(24.308583602538,1.793774696119,9.43705448447
    ));
#7334 = CARTESIAN_POINT('',(24.245557360968,1.793774696119,
    9.439378739628));
#7335 = CARTESIAN_POINT('',(24.153789794379,1.793774696119,
    9.457757486365));
#7336 = CARTESIAN_POINT('',(24.068091413408,1.793774696119,
    9.489161029057));
#7337 = CARTESIAN_POINT('',(23.988716973941,1.793774696119,
    9.532137165745));
#7338 = CARTESIAN_POINT('',(23.917398742512,1.793774696119,
    9.585662785711));
#7339 = CARTESIAN_POINT('',(23.854227742208,1.793774696119,
    9.647460660935));
#7340 = CARTESIAN_POINT('',(23.802628913031,1.793774696119,9.7190845231)
  );
#7341 = CARTESIAN_POINT('',(23.767523085245,1.793774696119,
    9.785253510175));
#7342 = CARTESIAN_POINT('',(23.744681177407,1.793774696119,
    9.844130769564));
#7343 = CARTESIAN_POINT('',(23.730222345541,1.793774696119,
    9.894638110936));
#7344 = CARTESIAN_POINT('',(23.717962855256,1.793774696119,
    9.950918555484));
#7345 = CARTESIAN_POINT('',(23.707281427875,1.793774696119,
    10.012943132318));
#7346 = CARTESIAN_POINT('',(23.700162455399,1.793774696119,
    10.08100957923));
#7347 = CARTESIAN_POINT('',(23.694444313514,1.793774696119,
    10.15481081306));
#7348 = CARTESIAN_POINT('',(23.690378190202,1.793774696119,
    10.234342602355));
#7349 = CARTESIAN_POINT('',(23.690220616444,1.793774696119,
    10.289397272025));
#7350 = CARTESIAN_POINT('',(23.690139139712,1.793774696119,
    10.317864414433));
#7351 = ORIENTED_EDGE('',*,*,#7352,.T.);
#7352 = EDGE_CURVE('',#7329,#4108,#7353,.T.);
#7353 = LINE('',#7354,#7355);
#7354 = CARTESIAN_POINT('',(23.690139139712,1.793774696119,
    10.317864414433));
#7355 = VECTOR('',#7356,1.);
#7356 = DIRECTION('',(0.,1.,2.331468351713E-15));
#7357 = B_SPLINE_SURFACE_WITH_KNOTS('',3,1,(
    (#7358,#7359)
    ,(#7360,#7361)
    ,(#7362,#7363)
    ,(#7364,#7365)
    ,(#7366,#7367)
    ,(#7368,#7369)
    ,(#7370,#7371)
    ,(#7372,#7373)
    ,(#7374,#7375)
    ,(#7376,#7377)
    ,(#7378,#7379)
    ,(#7380,#7381)
    ,(#7382,#7383)
    ,(#7384,#7385)
    ,(#7386,#7387)
    ,(#7388,#7389)
    ,(#7390,#7391)
    ,(#7392,#7393)
    ,(#7394,#7395
    )),.UNSPECIFIED.,.F.,.F.,.F.,(4,1,1,1,1,1,1,1,1,1,1,1,1,1,1,1,4),(2,
    2),(0.,7.72285532335E-02,0.151154907264,0.223453637951,0.29549722492
    ,0.366919857354,0.436794085007,0.506696430852,0.577863846741,
    0.615911809767,0.658048025519,0.703775986058,0.754080142869,
    0.80897942108,0.867913192843,0.931701816176,1.),(0.,1.2E-03),
  .UNSPECIFIED.);
#7358 = CARTESIAN_POINT('',(24.340785173365,1.793774696119,9.43586696852
    ));
#7359 = CARTESIAN_POINT('',(24.340785173365,1.805774696119,9.43586696852
    ));
#7360 = CARTESIAN_POINT('',(24.308583602538,1.793774696119,9.43705448447
    ));
#7361 = CARTESIAN_POINT('',(24.308583602538,1.805774696119,9.43705448447
    ));
#7362 = CARTESIAN_POINT('',(24.245557360968,1.793774696119,
    9.439378739628));
#7363 = CARTESIAN_POINT('',(24.245557360968,1.805774696119,
    9.439378739628));
#7364 = CARTESIAN_POINT('',(24.153789794379,1.793774696119,
    9.457757486365));
#7365 = CARTESIAN_POINT('',(24.153789794379,1.805774696119,
    9.457757486365));
#7366 = CARTESIAN_POINT('',(24.068091413408,1.793774696119,
    9.489161029057));
#7367 = CARTESIAN_POINT('',(24.068091413408,1.805774696119,
    9.489161029057));
#7368 = CARTESIAN_POINT('',(23.988716973941,1.793774696119,
    9.532137165745));
#7369 = CARTESIAN_POINT('',(23.988716973941,1.805774696119,
    9.532137165745));
#7370 = CARTESIAN_POINT('',(23.917398742512,1.793774696119,
    9.585662785711));
#7371 = CARTESIAN_POINT('',(23.917398742512,1.805774696119,
    9.585662785711));
#7372 = CARTESIAN_POINT('',(23.854227742208,1.793774696119,
    9.647460660935));
#7373 = CARTESIAN_POINT('',(23.854227742208,1.805774696119,
    9.647460660935));
#7374 = CARTESIAN_POINT('',(23.802628913031,1.793774696119,9.7190845231)
  );
#7375 = CARTESIAN_POINT('',(23.802628913031,1.805774696119,9.7190845231)
  );
#7376 = CARTESIAN_POINT('',(23.767523085245,1.793774696119,
    9.785253510175));
#7377 = CARTESIAN_POINT('',(23.767523085245,1.805774696119,
    9.785253510175));
#7378 = CARTESIAN_POINT('',(23.744681177407,1.793774696119,
    9.844130769564));
#7379 = CARTESIAN_POINT('',(23.744681177407,1.805774696119,
    9.844130769564));
#7380 = CARTESIAN_POINT('',(23.730222345541,1.793774696119,
    9.894638110936));
#7381 = CARTESIAN_POINT('',(23.730222345541,1.805774696119,
    9.894638110936));
#7382 = CARTESIAN_POINT('',(23.717962855256,1.793774696119,
    9.950918555484));
#7383 = CARTESIAN_POINT('',(23.717962855256,1.805774696119,
    9.950918555484));
#7384 = CARTESIAN_POINT('',(23.707281427875,1.793774696119,
    10.012943132318));
#7385 = CARTESIAN_POINT('',(23.707281427875,1.805774696119,
    10.012943132318));
#7386 = CARTESIAN_POINT('',(23.700162455399,1.793774696119,
    10.08100957923));
#7387 = CARTESIAN_POINT('',(23.700162455399,1.805774696119,
    10.08100957923));
#7388 = CARTESIAN_POINT('',(23.694444313514,1.793774696119,
    10.15481081306));
#7389 = CARTESIAN_POINT('',(23.694444313514,1.805774696119,
    10.15481081306));
#7390 = CARTESIAN_POINT('',(23.690378190202,1.793774696119,
    10.234342602355));
#7391 = CARTESIAN_POINT('',(23.690378190202,1.805774696119,
    10.234342602355));
#7392 = CARTESIAN_POINT('',(23.690220616444,1.793774696119,
    10.289397272025));
#7393 = CARTESIAN_POINT('',(23.690220616444,1.805774696119,
    10.289397272025));
#7394 = CARTESIAN_POINT('',(23.690139139712,1.793774696119,
    10.317864414433));
#7395 = CARTESIAN_POINT('',(23.690139139712,1.805774696119,
    10.317864414433));
#7396 = ADVANCED_FACE('',(#7397),#7423,.T.);
#7397 = FACE_BOUND('',#7398,.T.);
#7398 = EDGE_LOOP('',(#7399,#7400,#7408,#7422));
#7399 = ORIENTED_EDGE('',*,*,#4171,.F.);
#7400 = ORIENTED_EDGE('',*,*,#7401,.F.);
#7401 = EDGE_CURVE('',#7402,#4156,#7404,.T.);
#7402 = VERTEX_POINT('',#7403);
#7403 = CARTESIAN_POINT('',(23.928645750288,1.793774696119,
    9.992064384385));
#7404 = LINE('',#7405,#7406);
#7405 = CARTESIAN_POINT('',(23.928645750288,1.793774696119,
    9.992064384385));
#7406 = VECTOR('',#7407,1.);
#7407 = DIRECTION('',(0.,1.,2.331468351713E-15));
#7408 = ORIENTED_EDGE('',*,*,#7409,.T.);
#7409 = EDGE_CURVE('',#7402,#7254,#7410,.T.);
#7410 = B_SPLINE_CURVE_WITH_KNOTS('',3,(#7411,#7412,#7413,#7414,#7415,
    #7416,#7417,#7418,#7419,#7420,#7421),.UNSPECIFIED.,.F.,.F.,(4,1,1,1,
    1,1,1,1,4),(0.,0.136257395952,0.261954050111,0.379637675161,
    0.494379032591,0.609866211517,0.729887485775,0.859212547919,1.),
  .UNSPECIFIED.);
#7411 = CARTESIAN_POINT('',(23.928645750288,1.793774696119,
    9.992064384385));
#7412 = CARTESIAN_POINT('',(23.936418317041,1.793774696119,
    9.965058108575));
#7413 = CARTESIAN_POINT('',(23.951361031354,1.793774696119,
    9.913138700623));
#7414 = CARTESIAN_POINT('',(23.986091887264,1.793774696119,9.84261123948
    ));
#7415 = CARTESIAN_POINT('',(24.029470785861,1.793774696119,
    9.782478049817));
#7416 = CARTESIAN_POINT('',(24.082434726325,1.793774696119,
    9.733550650201));
#7417 = CARTESIAN_POINT('',(24.144046756192,1.793774696119,
    9.695170656461));
#7418 = CARTESIAN_POINT('',(24.214708624632,1.793774696119,
    9.668590611784));
#7419 = CARTESIAN_POINT('',(24.293755285477,1.793774696119,
    9.652093500943));
#7420 = CARTESIAN_POINT('',(24.349443518954,1.793774696119,
    9.650433903392));
#7421 = CARTESIAN_POINT('',(24.378469217837,1.793774696119,
    9.649568891597));
#7422 = ORIENTED_EDGE('',*,*,#7253,.T.);
#7423 = B_SPLINE_SURFACE_WITH_KNOTS('',3,1,(
    (#7424,#7425)
    ,(#7426,#7427)
    ,(#7428,#7429)
    ,(#7430,#7431)
    ,(#7432,#7433)
    ,(#7434,#7435)
    ,(#7436,#7437)
    ,(#7438,#7439)
    ,(#7440,#7441)
    ,(#7442,#7443)
    ,(#7444,#7445
  )),.UNSPECIFIED.,.F.,.F.,.F.,(4,1,1,1,1,1,1,1,4),(2,2),(0.,
    0.136257395952,0.261954050111,0.379637675161,0.494379032591,
    0.609866211517,0.729887485775,0.859212547919,1.),(0.,1.2E-03),
  .UNSPECIFIED.);
#7424 = CARTESIAN_POINT('',(23.928645750288,1.793774696119,
    9.992064384385));
#7425 = CARTESIAN_POINT('',(23.928645750288,1.805774696119,
    9.992064384385));
#7426 = CARTESIAN_POINT('',(23.936418317041,1.793774696119,
    9.965058108575));
#7427 = CARTESIAN_POINT('',(23.936418317041,1.805774696119,
    9.965058108575));
#7428 = CARTESIAN_POINT('',(23.951361031354,1.793774696119,
    9.913138700623));
#7429 = CARTESIAN_POINT('',(23.951361031354,1.805774696119,
    9.913138700623));
#7430 = CARTESIAN_POINT('',(23.986091887264,1.793774696119,9.84261123948
    ));
#7431 = CARTESIAN_POINT('',(23.986091887264,1.805774696119,9.84261123948
    ));
#7432 = CARTESIAN_POINT('',(24.029470785861,1.793774696119,
    9.782478049817));
#7433 = CARTESIAN_POINT('',(24.029470785861,1.805774696119,
    9.782478049817));
#7434 = CARTESIAN_POINT('',(24.082434726325,1.793774696119,
    9.733550650201));
#7435 = CARTESIAN_POINT('',(24.082434726325,1.805774696119,
    9.733550650201));
#7436 = CARTESIAN_POINT('',(24.144046756192,1.793774696119,
    9.695170656461));
#7437 = CARTESIAN_POINT('',(24.144046756192,1.805774696119,
    9.695170656461));
#7438 = CARTESIAN_POINT('',(24.214708624632,1.793774696119,
    9.668590611784));
#7439 = CARTESIAN_POINT('',(24.214708624632,1.805774696119,
    9.668590611784));
#7440 = CARTESIAN_POINT('',(24.293755285477,1.793774696119,
    9.652093500943));
#7441 = CARTESIAN_POINT('',(24.293755285477,1.805774696119,
    9.652093500943));
#7442 = CARTESIAN_POINT('',(24.349443518954,1.793774696119,
    9.650433903392));
#7443 = CARTESIAN_POINT('',(24.349443518954,1.805774696119,
    9.650433903392));
#7444 = CARTESIAN_POINT('',(24.378469217837,1.793774696119,
    9.649568891597));
#7445 = CARTESIAN_POINT('',(24.378469217837,1.805774696119,
    9.649568891597));
#7446 = ADVANCED_FACE('',(#7447),#7465,.T.);
#7447 = FACE_BOUND('',#7448,.T.);
#7448 = EDGE_LOOP('',(#7449,#7450,#7451,#7459));
#7449 = ORIENTED_EDGE('',*,*,#4131,.F.);
#7450 = ORIENTED_EDGE('',*,*,#7352,.F.);
#7451 = ORIENTED_EDGE('',*,*,#7452,.T.);
#7452 = EDGE_CURVE('',#7329,#7453,#7455,.T.);
#7453 = VERTEX_POINT('',#7454);
#7454 = CARTESIAN_POINT('',(23.690139139712,1.793774696119,
    11.206540045443));
#7455 = LINE('',#7456,#7457);
#7456 = CARTESIAN_POINT('',(23.690139139712,1.793774696119,
    10.317864414433));
#7457 = VECTOR('',#7458,1.);
#7458 = DIRECTION('',(0.,-2.331468351713E-15,1.));
#7459 = ORIENTED_EDGE('',*,*,#7460,.T.);
#7460 = EDGE_CURVE('',#7453,#4132,#7461,.T.);
#7461 = LINE('',#7462,#7463);
#7462 = CARTESIAN_POINT('',(23.690139139712,1.793774696119,
    11.206540045443));
#7463 = VECTOR('',#7464,1.);
#7464 = DIRECTION('',(0.,1.,2.331468351713E-15));
#7465 = PLANE('',#7466);
#7466 = AXIS2_PLACEMENT_3D('',#7467,#7468,#7469);
#7467 = CARTESIAN_POINT('',(23.690139139712,1.793774696119,
    10.317864414433));
#7468 = DIRECTION('',(-1.,0.,0.));
#7469 = DIRECTION('',(0.,1.,2.331468351713E-15));
#7470 = ADVANCED_FACE('',(#7471),#7497,.T.);
#7471 = FACE_BOUND('',#7472,.T.);
#7472 = EDGE_LOOP('',(#7473,#7474,#7482,#7496));
#7473 = ORIENTED_EDGE('',*,*,#4155,.F.);
#7474 = ORIENTED_EDGE('',*,*,#7475,.F.);
#7475 = EDGE_CURVE('',#7476,#4148,#7478,.T.);
#7476 = VERTEX_POINT('',#7477);
#7477 = CARTESIAN_POINT('',(23.903841062789,1.793774696119,
    10.387985357943));
#7478 = LINE('',#7479,#7480);
#7479 = CARTESIAN_POINT('',(23.903841062788,1.793774696119,
    10.387985357943));
#7480 = VECTOR('',#7481,1.);
#7481 = DIRECTION('',(0.,1.,2.331468351713E-15));
#7482 = ORIENTED_EDGE('',*,*,#7483,.T.);
#7483 = EDGE_CURVE('',#7476,#7402,#7484,.T.);
#7484 = B_SPLINE_CURVE_WITH_KNOTS('',3,(#7485,#7486,#7487,#7488,#7489,
    #7490,#7491,#7492,#7493,#7494,#7495),.UNSPECIFIED.,.F.,.F.,(4,1,1,1,
    1,1,1,1,4),(0.,0.178866569931,0.34214130727,0.489870991121,
    0.62331210328,0.740055623438,0.841468004108,0.928901093404,1.),
  .UNSPECIFIED.);
#7485 = CARTESIAN_POINT('',(23.903841062788,1.793774696119,
    10.387985357943));
#7486 = CARTESIAN_POINT('',(23.903970536906,1.793774696119,
    10.364293505992));
#7487 = CARTESIAN_POINT('',(23.904218198856,1.793774696119,
    10.318975025287));
#7488 = CARTESIAN_POINT('',(23.905036902924,1.793774696119,
    10.254092012276));
#7489 = CARTESIAN_POINT('',(23.906864488715,1.793774696119,
    10.195243749291));
#7490 = CARTESIAN_POINT('',(23.90981780058,1.793774696119,
    10.142618837464));
#7491 = CARTESIAN_POINT('',(23.912923840065,1.793774696119,
    10.096143910926));
#7492 = CARTESIAN_POINT('',(23.917198739787,1.793774696119,
    10.055886461391));
#7493 = CARTESIAN_POINT('',(23.922172309732,1.793774696119,
    10.021791196409));
#7494 = CARTESIAN_POINT('',(23.926641427088,1.793774696119,
    10.001268475858));
#7495 = CARTESIAN_POINT('',(23.928645750288,1.793774696119,
    9.992064384385));
#7496 = ORIENTED_EDGE('',*,*,#7401,.T.);
#7497 = B_SPLINE_SURFACE_WITH_KNOTS('',3,1,(
    (#7498,#7499)
    ,(#7500,#7501)
    ,(#7502,#7503)
    ,(#7504,#7505)
    ,(#7506,#7507)
    ,(#7508,#7509)
    ,(#7510,#7511)
    ,(#7512,#7513)
    ,(#7514,#7515)
    ,(#7516,#7517)
    ,(#7518,#7519
  )),.UNSPECIFIED.,.F.,.F.,.F.,(4,1,1,1,1,1,1,1,4),(2,2),(0.,
    0.178866569931,0.34214130727,0.489870991121,0.62331210328,
    0.740055623438,0.841468004108,0.928901093404,1.),(0.,1.2E-03),
  .UNSPECIFIED.);
#7498 = CARTESIAN_POINT('',(23.903841062788,1.793774696119,
    10.387985357943));
#7499 = CARTESIAN_POINT('',(23.903841062788,1.805774696119,
    10.387985357943));
#7500 = CARTESIAN_POINT('',(23.903970536906,1.793774696119,
    10.364293505992));
#7501 = CARTESIAN_POINT('',(23.903970536906,1.805774696119,
    10.364293505992));
#7502 = CARTESIAN_POINT('',(23.904218198856,1.793774696119,
    10.318975025287));
#7503 = CARTESIAN_POINT('',(23.904218198856,1.805774696119,
    10.318975025287));
#7504 = CARTESIAN_POINT('',(23.905036902924,1.793774696119,
    10.254092012276));
#7505 = CARTESIAN_POINT('',(23.905036902924,1.805774696119,
    10.254092012276));
#7506 = CARTESIAN_POINT('',(23.906864488715,1.793774696119,
    10.195243749291));
#7507 = CARTESIAN_POINT('',(23.906864488715,1.805774696119,
    10.195243749291));
#7508 = CARTESIAN_POINT('',(23.90981780058,1.793774696119,
    10.142618837464));
#7509 = CARTESIAN_POINT('',(23.90981780058,1.805774696119,
    10.142618837464));
#7510 = CARTESIAN_POINT('',(23.912923840065,1.793774696119,
    10.096143910926));
#7511 = CARTESIAN_POINT('',(23.912923840065,1.805774696119,
    10.096143910926));
#7512 = CARTESIAN_POINT('',(23.917198739787,1.793774696119,
    10.055886461391));
#7513 = CARTESIAN_POINT('',(23.917198739787,1.805774696119,
    10.055886461391));
#7514 = CARTESIAN_POINT('',(23.922172309732,1.793774696119,
    10.021791196409));
#7515 = CARTESIAN_POINT('',(23.922172309732,1.805774696119,
    10.021791196409));
#7516 = CARTESIAN_POINT('',(23.926641427088,1.793774696119,
    10.001268475858));
#7517 = CARTESIAN_POINT('',(23.926641427088,1.805774696119,
    10.001268475858));
#7518 = CARTESIAN_POINT('',(23.928645750288,1.793774696119,
    9.992064384385));
#7519 = CARTESIAN_POINT('',(23.928645750288,1.805774696119,
    9.992064384385));
#7520 = ADVANCED_FACE('',(#7521),#7539,.T.);
#7521 = FACE_BOUND('',#7522,.T.);
#7522 = EDGE_LOOP('',(#7523,#7524,#7525,#7533));
#7523 = ORIENTED_EDGE('',*,*,#4139,.F.);
#7524 = ORIENTED_EDGE('',*,*,#7460,.F.);
#7525 = ORIENTED_EDGE('',*,*,#7526,.T.);
#7526 = EDGE_CURVE('',#7453,#7527,#7529,.T.);
#7527 = VERTEX_POINT('',#7528);
#7528 = CARTESIAN_POINT('',(23.903841062789,1.793774696119,
    11.206540045443));
#7529 = LINE('',#7530,#7531);
#7530 = CARTESIAN_POINT('',(23.690139139712,1.793774696119,
    11.206540045443));
#7531 = VECTOR('',#7532,1.);
#7532 = DIRECTION('',(1.,0.,-0.));
#7533 = ORIENTED_EDGE('',*,*,#7534,.T.);
#7534 = EDGE_CURVE('',#7527,#4140,#7535,.T.);
#7535 = LINE('',#7536,#7537);
#7536 = CARTESIAN_POINT('',(23.903841062788,1.793774696119,
    11.206540045443));
#7537 = VECTOR('',#7538,1.);
#7538 = DIRECTION('',(0.,1.,2.331468351713E-15));
#7539 = PLANE('',#7540);
#7540 = AXIS2_PLACEMENT_3D('',#7541,#7542,#7543);
#7541 = CARTESIAN_POINT('',(23.690139139712,1.793774696119,
    11.206540045443));
#7542 = DIRECTION('',(0.,-2.331468351713E-15,1.));
#7543 = DIRECTION('',(0.,1.,2.331468351713E-15));
#7544 = ADVANCED_FACE('',(#7545),#7556,.T.);
#7545 = FACE_BOUND('',#7546,.T.);
#7546 = EDGE_LOOP('',(#7547,#7548,#7549,#7555));
#7547 = ORIENTED_EDGE('',*,*,#4147,.F.);
#7548 = ORIENTED_EDGE('',*,*,#7534,.F.);
#7549 = ORIENTED_EDGE('',*,*,#7550,.T.);
#7550 = EDGE_CURVE('',#7527,#7476,#7551,.T.);
#7551 = LINE('',#7552,#7553);
#7552 = CARTESIAN_POINT('',(23.903841062788,1.793774696119,
    11.206540045443));
#7553 = VECTOR('',#7554,1.);
#7554 = DIRECTION('',(0.,2.331468351713E-15,-1.));
#7555 = ORIENTED_EDGE('',*,*,#7475,.T.);
#7556 = PLANE('',#7557);
#7557 = AXIS2_PLACEMENT_3D('',#7558,#7559,#7560);
#7558 = CARTESIAN_POINT('',(23.903841062788,1.793774696119,
    11.206540045443));
#7559 = DIRECTION('',(1.,0.,-0.));
#7560 = DIRECTION('',(0.,-1.,-2.331468351713E-15));
#7561 = ADVANCED_FACE('',(#7562),#7578,.T.);
#7562 = FACE_BOUND('',#7563,.T.);
#7563 = EDGE_LOOP('',(#7564,#7565,#7566,#7567,#7568,#7569,#7570,#7571,
    #7572,#7573,#7574,#7575,#7576,#7577));
#7564 = ORIENTED_EDGE('',*,*,#7034,.F.);
#7565 = ORIENTED_EDGE('',*,*,#7065,.F.);
#7566 = ORIENTED_EDGE('',*,*,#7113,.F.);
#7567 = ORIENTED_EDGE('',*,*,#7161,.F.);
#7568 = ORIENTED_EDGE('',*,*,#7261,.F.);
#7569 = ORIENTED_EDGE('',*,*,#7409,.F.);
#7570 = ORIENTED_EDGE('',*,*,#7483,.F.);
#7571 = ORIENTED_EDGE('',*,*,#7550,.F.);
#7572 = ORIENTED_EDGE('',*,*,#7526,.F.);
#7573 = ORIENTED_EDGE('',*,*,#7452,.F.);
#7574 = ORIENTED_EDGE('',*,*,#7328,.F.);
#7575 = ORIENTED_EDGE('',*,*,#7204,.F.);
#7576 = ORIENTED_EDGE('',*,*,#7130,.F.);
#7577 = ORIENTED_EDGE('',*,*,#7082,.F.);
#7578 = PLANE('',#7579);
#7579 = AXIS2_PLACEMENT_3D('',#7580,#7581,#7582);
#7580 = CARTESIAN_POINT('',(24.71496336102,1.793774696119,9.534066578811
    ));
#7581 = DIRECTION('',(-6.414908455441E-15,-1.,2.800780493151E-15));
#7582 = DIRECTION('',(-1.,6.414908455441E-15,1.4956156043E-29));
#7583 = ADVANCED_FACE('',(#7584),#7609,.T.);
#7584 = FACE_BOUND('',#7585,.T.);
#7585 = EDGE_LOOP('',(#7586,#7587,#7595,#7603));
#7586 = ORIENTED_EDGE('',*,*,#4243,.F.);
#7587 = ORIENTED_EDGE('',*,*,#7588,.F.);
#7588 = EDGE_CURVE('',#7589,#4244,#7591,.T.);
#7589 = VERTEX_POINT('',#7590);
#7590 = CARTESIAN_POINT('',(37.153360293558,1.793774696119,
    11.206540045443));
#7591 = LINE('',#7592,#7593);
#7592 = CARTESIAN_POINT('',(37.153360293558,1.793774696119,
    11.206540045443));
#7593 = VECTOR('',#7594,1.);
#7594 = DIRECTION('',(0.,1.,2.331468351713E-15));
#7595 = ORIENTED_EDGE('',*,*,#7596,.T.);
#7596 = EDGE_CURVE('',#7589,#7597,#7599,.T.);
#7597 = VERTEX_POINT('',#7598);
#7598 = CARTESIAN_POINT('',(37.153360293558,1.793774696119,
    8.825290045443));
#7599 = LINE('',#7600,#7601);
#7600 = CARTESIAN_POINT('',(37.153360293558,1.793774696119,
    11.206540045443));
#7601 = VECTOR('',#7602,1.);
#7602 = DIRECTION('',(0.,2.331468351713E-15,-1.));
#7603 = ORIENTED_EDGE('',*,*,#7604,.T.);
#7604 = EDGE_CURVE('',#7597,#4246,#7605,.T.);
#7605 = LINE('',#7606,#7607);
#7606 = CARTESIAN_POINT('',(37.153360293558,1.793774696119,
    8.825290045443));
#7607 = VECTOR('',#7608,1.);
#7608 = DIRECTION('',(0.,1.,2.331468351713E-15));
#7609 = PLANE('',#7610);
#7610 = AXIS2_PLACEMENT_3D('',#7611,#7612,#7613);
#7611 = CARTESIAN_POINT('',(37.153360293558,1.793774696119,
    11.206540045443));
#7612 = DIRECTION('',(1.,0.,-0.));
#7613 = DIRECTION('',(0.,-1.,-2.331468351713E-15));
#7614 = ADVANCED_FACE('',(#7615),#7633,.T.);
#7615 = FACE_BOUND('',#7616,.T.);
#7616 = EDGE_LOOP('',(#7617,#7618,#7626,#7632));
#7617 = ORIENTED_EDGE('',*,*,#4285,.F.);
#7618 = ORIENTED_EDGE('',*,*,#7619,.F.);
#7619 = EDGE_CURVE('',#7620,#4278,#7622,.T.);
#7620 = VERTEX_POINT('',#7621);
#7621 = CARTESIAN_POINT('',(36.023792985865,1.793774696119,
    11.206540045443));
#7622 = LINE('',#7623,#7624);
#7623 = CARTESIAN_POINT('',(36.023792985865,1.793774696119,
    11.206540045443));
#7624 = VECTOR('',#7625,1.);
#7625 = DIRECTION('',(0.,1.,2.331468351713E-15));
#7626 = ORIENTED_EDGE('',*,*,#7627,.T.);
#7627 = EDGE_CURVE('',#7620,#7589,#7628,.T.);
#7628 = LINE('',#7629,#7630);
#7629 = CARTESIAN_POINT('',(36.023792985865,1.793774696119,
    11.206540045443));
#7630 = VECTOR('',#7631,1.);
#7631 = DIRECTION('',(1.,0.,-0.));
#7632 = ORIENTED_EDGE('',*,*,#7588,.T.);
#7633 = PLANE('',#7634);
#7634 = AXIS2_PLACEMENT_3D('',#7635,#7636,#7637);
#7635 = CARTESIAN_POINT('',(36.023792985865,1.793774696119,
    11.206540045443));
#7636 = DIRECTION('',(0.,-2.331468351713E-15,1.));
#7637 = DIRECTION('',(0.,1.,2.331468351713E-15));
#7638 = ADVANCED_FACE('',(#7639),#7657,.T.);
#7639 = FACE_BOUND('',#7640,.T.);
#7640 = EDGE_LOOP('',(#7641,#7642,#7643,#7651));
#7641 = ORIENTED_EDGE('',*,*,#4253,.F.);
#7642 = ORIENTED_EDGE('',*,*,#7604,.F.);
#7643 = ORIENTED_EDGE('',*,*,#7644,.T.);
#7644 = EDGE_CURVE('',#7597,#7645,#7647,.T.);
#7645 = VERTEX_POINT('',#7646);
#7646 = CARTESIAN_POINT('',(36.939658370481,1.793774696119,
    8.825290045443));
#7647 = LINE('',#7648,#7649);
#7648 = CARTESIAN_POINT('',(37.153360293558,1.793774696119,
    8.825290045443));
#7649 = VECTOR('',#7650,1.);
#7650 = DIRECTION('',(-1.,0.,0.));
#7651 = ORIENTED_EDGE('',*,*,#7652,.T.);
#7652 = EDGE_CURVE('',#7645,#4254,#7653,.T.);
#7653 = LINE('',#7654,#7655);
#7654 = CARTESIAN_POINT('',(36.939658370481,1.793774696119,
    8.825290045443));
#7655 = VECTOR('',#7656,1.);
#7656 = DIRECTION('',(0.,1.,2.331468351713E-15));
#7657 = PLANE('',#7658);
#7658 = AXIS2_PLACEMENT_3D('',#7659,#7660,#7661);
#7659 = CARTESIAN_POINT('',(37.153360293558,1.793774696119,
    8.825290045443));
#7660 = DIRECTION('',(0.,2.331468351713E-15,-1.));
#7661 = DIRECTION('',(0.,-1.,-2.331468351713E-15));
#7662 = ADVANCED_FACE('',(#7663),#7681,.T.);
#7663 = FACE_BOUND('',#7664,.T.);
#7664 = EDGE_LOOP('',(#7665,#7666,#7674,#7680));
#7665 = ORIENTED_EDGE('',*,*,#4277,.F.);
#7666 = ORIENTED_EDGE('',*,*,#7667,.F.);
#7667 = EDGE_CURVE('',#7668,#4270,#7670,.T.);
#7668 = VERTEX_POINT('',#7669);
#7669 = CARTESIAN_POINT('',(36.023792985865,1.793774696119,
    10.962309276212));
#7670 = LINE('',#7671,#7672);
#7671 = CARTESIAN_POINT('',(36.023792985865,1.793774696119,
    10.962309276212));
#7672 = VECTOR('',#7673,1.);
#7673 = DIRECTION('',(0.,1.,2.331468351713E-15));
#7674 = ORIENTED_EDGE('',*,*,#7675,.T.);
#7675 = EDGE_CURVE('',#7668,#7620,#7676,.T.);
#7676 = LINE('',#7677,#7678);
#7677 = CARTESIAN_POINT('',(36.023792985865,1.793774696119,
    10.962309276212));
#7678 = VECTOR('',#7679,1.);
#7679 = DIRECTION('',(0.,-2.331468351713E-15,1.));
#7680 = ORIENTED_EDGE('',*,*,#7619,.T.);
#7681 = PLANE('',#7682);
#7682 = AXIS2_PLACEMENT_3D('',#7683,#7684,#7685);
#7683 = CARTESIAN_POINT('',(36.023792985865,1.793774696119,
    10.962309276212));
#7684 = DIRECTION('',(-1.,0.,0.));
#7685 = DIRECTION('',(0.,1.,2.331468351713E-15));
#7686 = ADVANCED_FACE('',(#7687),#7705,.T.);
#7687 = FACE_BOUND('',#7688,.T.);
#7688 = EDGE_LOOP('',(#7689,#7690,#7691,#7699));
#7689 = ORIENTED_EDGE('',*,*,#4261,.F.);
#7690 = ORIENTED_EDGE('',*,*,#7652,.F.);
#7691 = ORIENTED_EDGE('',*,*,#7692,.T.);
#7692 = EDGE_CURVE('',#7645,#7693,#7695,.T.);
#7693 = VERTEX_POINT('',#7694);
#7694 = CARTESIAN_POINT('',(36.939658370481,1.793774696119,
    10.962309276212));
#7695 = LINE('',#7696,#7697);
#7696 = CARTESIAN_POINT('',(36.939658370481,1.793774696119,
    8.825290045443));
#7697 = VECTOR('',#7698,1.);
#7698 = DIRECTION('',(0.,-2.331468351713E-15,1.));
#7699 = ORIENTED_EDGE('',*,*,#7700,.T.);
#7700 = EDGE_CURVE('',#7693,#4262,#7701,.T.);
#7701 = LINE('',#7702,#7703);
#7702 = CARTESIAN_POINT('',(36.939658370481,1.793774696119,
    10.962309276212));
#7703 = VECTOR('',#7704,1.);
#7704 = DIRECTION('',(0.,1.,2.331468351713E-15));
#7705 = PLANE('',#7706);
#7706 = AXIS2_PLACEMENT_3D('',#7707,#7708,#7709);
#7707 = CARTESIAN_POINT('',(36.939658370481,1.793774696119,
    8.825290045443));
#7708 = DIRECTION('',(-1.,0.,0.));
#7709 = DIRECTION('',(0.,1.,2.331468351713E-15));
#7710 = ADVANCED_FACE('',(#7711),#7722,.T.);
#7711 = FACE_BOUND('',#7712,.T.);
#7712 = EDGE_LOOP('',(#7713,#7714,#7715,#7721));
#7713 = ORIENTED_EDGE('',*,*,#4269,.F.);
#7714 = ORIENTED_EDGE('',*,*,#7700,.F.);
#7715 = ORIENTED_EDGE('',*,*,#7716,.T.);
#7716 = EDGE_CURVE('',#7693,#7668,#7717,.T.);
#7717 = LINE('',#7718,#7719);
#7718 = CARTESIAN_POINT('',(36.939658370481,1.793774696119,
    10.962309276212));
#7719 = VECTOR('',#7720,1.);
#7720 = DIRECTION('',(-1.,0.,0.));
#7721 = ORIENTED_EDGE('',*,*,#7667,.T.);
#7722 = PLANE('',#7723);
#7723 = AXIS2_PLACEMENT_3D('',#7724,#7725,#7726);
#7724 = CARTESIAN_POINT('',(36.939658370481,1.793774696119,
    10.962309276212));
#7725 = DIRECTION('',(0.,2.331468351713E-15,-1.));
#7726 = DIRECTION('',(0.,-1.,-2.331468351713E-15));
#7727 = ADVANCED_FACE('',(#7728),#7736,.F.);
#7728 = FACE_BOUND('',#7729,.T.);
#7729 = EDGE_LOOP('',(#7730,#7731,#7732,#7733,#7734,#7735));
#7730 = ORIENTED_EDGE('',*,*,#7596,.F.);
#7731 = ORIENTED_EDGE('',*,*,#7627,.F.);
#7732 = ORIENTED_EDGE('',*,*,#7675,.F.);
#7733 = ORIENTED_EDGE('',*,*,#7716,.F.);
#7734 = ORIENTED_EDGE('',*,*,#7692,.F.);
#7735 = ORIENTED_EDGE('',*,*,#7644,.F.);
#7736 = PLANE('',#7737);
#7737 = AXIS2_PLACEMENT_3D('',#7738,#7739,#7740);
#7738 = CARTESIAN_POINT('',(49.969747354884,1.793774696119,
    11.206540045443));
#7739 = DIRECTION('',(0.,1.,2.331468351713E-15));
#7740 = DIRECTION('',(1.,0.,-0.));
#7741 = ADVANCED_FACE('',(#7742),#7775,.T.);
#7742 = FACE_BOUND('',#7743,.T.);
#7743 = EDGE_LOOP('',(#7744,#7745,#7753,#7769));
#7744 = ORIENTED_EDGE('',*,*,#4293,.F.);
#7745 = ORIENTED_EDGE('',*,*,#7746,.F.);
#7746 = EDGE_CURVE('',#7747,#4294,#7749,.T.);
#7747 = VERTEX_POINT('',#7748);
#7748 = CARTESIAN_POINT('',(35.510526759904,1.793774696119,
    9.723982954097));
#7749 = LINE('',#7750,#7751);
#7750 = CARTESIAN_POINT('',(35.510526759904,1.793774696119,
    9.723982954097));
#7751 = VECTOR('',#7752,1.);
#7752 = DIRECTION('',(0.,1.,2.331468351713E-15));
#7753 = ORIENTED_EDGE('',*,*,#7754,.T.);
#7754 = EDGE_CURVE('',#7747,#7755,#7757,.T.);
#7755 = VERTEX_POINT('',#7756);
#7756 = CARTESIAN_POINT('',(34.8474783825,1.793774696119,9.43586696852)
  );
#7757 = B_SPLINE_CURVE_WITH_KNOTS('',3,(#7758,#7759,#7760,#7761,#7762,
    #7763,#7764,#7765,#7766,#7767,#7768),.UNSPECIFIED.,.F.,.F.,(4,1,1,1,
    1,1,1,1,4),(0.,0.128497521138,0.252712985515,0.374819132567,
    0.496436426373,0.617910556746,0.741287617309,0.868700400745,1.),
  .UNSPECIFIED.);
#7758 = CARTESIAN_POINT('',(35.510526759904,1.793774696119,
    9.723982954097));
#7759 = CARTESIAN_POINT('',(35.488450129224,1.793774696119,
    9.700867861498));
#7760 = CARTESIAN_POINT('',(35.445032550426,1.793774696119,9.65540796461
    ));
#7761 = CARTESIAN_POINT('',(35.371997076739,1.793774696119,
    9.597215300901));
#7762 = CARTESIAN_POINT('',(35.295461102019,1.793774696119,
    9.546925972078));
#7763 = CARTESIAN_POINT('',(35.214005393344,1.793774696119,
    9.506460904064));
#7764 = CARTESIAN_POINT('',(35.128496163199,1.793774696119,
    9.474593983968));
#7765 = CARTESIAN_POINT('',(35.038539857122,1.793774696119,
    9.452437803149));
#7766 = CARTESIAN_POINT('',(34.944463122497,1.793774696119,
    9.437977931286));
#7767 = CARTESIAN_POINT('',(34.880128808858,1.793774696119,
    9.436577635315));
#7768 = CARTESIAN_POINT('',(34.8474783825,1.793774696119,9.43586696852)
  );
#7769 = ORIENTED_EDGE('',*,*,#7770,.T.);
#7770 = EDGE_CURVE('',#7755,#4296,#7771,.T.);
#7771 = LINE('',#7772,#7773);
#7772 = CARTESIAN_POINT('',(34.8474783825,1.793774696119,9.43586696852)
  );
#7773 = VECTOR('',#7774,1.);
#7774 = DIRECTION('',(0.,1.,2.331468351713E-15));
#7775 = B_SPLINE_SURFACE_WITH_KNOTS('',3,1,(
    (#7776,#7777)
    ,(#7778,#7779)
    ,(#7780,#7781)
    ,(#7782,#7783)
    ,(#7784,#7785)
    ,(#7786,#7787)
    ,(#7788,#7789)
    ,(#7790,#7791)
    ,(#7792,#7793)
    ,(#7794,#7795)
    ,(#7796,#7797
  )),.UNSPECIFIED.,.F.,.F.,.F.,(4,1,1,1,1,1,1,1,4),(2,2),(0.,
    0.128497521138,0.252712985515,0.374819132567,0.496436426373,
    0.617910556746,0.741287617309,0.868700400745,1.),(0.,1.2E-03),
  .UNSPECIFIED.);
#7776 = CARTESIAN_POINT('',(35.510526759904,1.793774696119,
    9.723982954097));
#7777 = CARTESIAN_POINT('',(35.510526759904,1.805774696119,
    9.723982954097));
#7778 = CARTESIAN_POINT('',(35.488450129224,1.793774696119,
    9.700867861498));
#7779 = CARTESIAN_POINT('',(35.488450129224,1.805774696119,
    9.700867861498));
#7780 = CARTESIAN_POINT('',(35.445032550426,1.793774696119,9.65540796461
    ));
#7781 = CARTESIAN_POINT('',(35.445032550426,1.805774696119,9.65540796461
    ));
#7782 = CARTESIAN_POINT('',(35.371997076739,1.793774696119,
    9.597215300901));
#7783 = CARTESIAN_POINT('',(35.371997076739,1.805774696119,
    9.597215300901));
#7784 = CARTESIAN_POINT('',(35.295461102019,1.793774696119,
    9.546925972078));
#7785 = CARTESIAN_POINT('',(35.295461102019,1.805774696119,
    9.546925972078));
#7786 = CARTESIAN_POINT('',(35.214005393344,1.793774696119,
    9.506460904064));
#7787 = CARTESIAN_POINT('',(35.214005393344,1.805774696119,
    9.506460904064));
#7788 = CARTESIAN_POINT('',(35.128496163199,1.793774696119,
    9.474593983968));
#7789 = CARTESIAN_POINT('',(35.128496163199,1.805774696119,
    9.474593983968));
#7790 = CARTESIAN_POINT('',(35.038539857122,1.793774696119,
    9.452437803149));
#7791 = CARTESIAN_POINT('',(35.038539857122,1.805774696119,
    9.452437803149));
#7792 = CARTESIAN_POINT('',(34.944463122497,1.793774696119,
    9.437977931286));
#7793 = CARTESIAN_POINT('',(34.944463122497,1.805774696119,
    9.437977931286));
#7794 = CARTESIAN_POINT('',(34.880128808858,1.793774696119,
    9.436577635315));
#7795 = CARTESIAN_POINT('',(34.880128808858,1.805774696119,
    9.436577635315));
#7796 = CARTESIAN_POINT('',(34.8474783825,1.793774696119,9.43586696852)
  );
#7797 = CARTESIAN_POINT('',(34.8474783825,1.805774696119,9.43586696852)
  );
#7798 = ADVANCED_FACE('',(#7799),#7825,.T.);
#7799 = FACE_BOUND('',#7800,.T.);
#7800 = EDGE_LOOP('',(#7801,#7802,#7810,#7824));
#7801 = ORIENTED_EDGE('',*,*,#4391,.F.);
#7802 = ORIENTED_EDGE('',*,*,#7803,.F.);
#7803 = EDGE_CURVE('',#7804,#4368,#7806,.T.);
#7804 = VERTEX_POINT('',#7805);
#7805 = CARTESIAN_POINT('',(35.749033370481,1.793774696119,
    10.34123806227));
#7806 = LINE('',#7807,#7808);
#7807 = CARTESIAN_POINT('',(35.749033370481,1.793774696119,
    10.34123806227));
#7808 = VECTOR('',#7809,1.);
#7809 = DIRECTION('',(0.,1.,2.331468351713E-15));
#7810 = ORIENTED_EDGE('',*,*,#7811,.T.);
#7811 = EDGE_CURVE('',#7804,#7747,#7812,.T.);
#7812 = B_SPLINE_CURVE_WITH_KNOTS('',3,(#7813,#7814,#7815,#7816,#7817,
    #7818,#7819,#7820,#7821,#7822,#7823),.UNSPECIFIED.,.F.,.F.,(4,1,1,1,
    1,1,1,1,4),(0.,0.128919131812,0.255237724925,0.378678595979,
    0.501087887185,0.62271367943,0.746240794938,0.871589047232,1.),
  .UNSPECIFIED.);
#7813 = CARTESIAN_POINT('',(35.749033370481,1.793774696119,
    10.34123806227));
#7814 = CARTESIAN_POINT('',(35.748269118258,1.793774696119,
    10.312107519439));
#7815 = CARTESIAN_POINT('',(35.746756030201,1.793774696119,
    10.254434051014));
#7816 = CARTESIAN_POINT('',(35.735652255278,1.793774696119,
    10.169439032964));
#7817 = CARTESIAN_POINT('',(35.717038665955,1.793774696119,
    10.08732170219));
#7818 = CARTESIAN_POINT('',(35.690687483725,1.793774696119,
    10.008450976565));
#7819 = CARTESIAN_POINT('',(35.656999469922,1.793774696119,
    9.932417367402));
#7820 = CARTESIAN_POINT('',(35.615932236517,1.793774696119,
    9.859343723463));
#7821 = CARTESIAN_POINT('',(35.567088966878,1.793774696119,
    9.789275237781));
#7822 = CARTESIAN_POINT('',(35.529531924853,1.793774696119,
    9.745921465476));
#7823 = CARTESIAN_POINT('',(35.510526759904,1.793774696119,
    9.723982954097));
#7824 = ORIENTED_EDGE('',*,*,#7746,.T.);
#7825 = B_SPLINE_SURFACE_WITH_KNOTS('',3,1,(
    (#7826,#7827)
    ,(#7828,#7829)
    ,(#7830,#7831)
    ,(#7832,#7833)
    ,(#7834,#7835)
    ,(#7836,#7837)
    ,(#7838,#7839)
    ,(#7840,#7841)
    ,(#7842,#7843)
    ,(#7844,#7845)
    ,(#7846,#7847
  )),.UNSPECIFIED.,.F.,.F.,.F.,(4,1,1,1,1,1,1,1,4),(2,2),(0.,
    0.128919131812,0.255237724925,0.378678595979,0.501087887185,
    0.62271367943,0.746240794938,0.871589047232,1.),(0.,1.2E-03),
  .UNSPECIFIED.);
#7826 = CARTESIAN_POINT('',(35.749033370481,1.793774696119,
    10.34123806227));
#7827 = CARTESIAN_POINT('',(35.749033370481,1.805774696119,
    10.34123806227));
#7828 = CARTESIAN_POINT('',(35.748269118258,1.793774696119,
    10.312107519439));
#7829 = CARTESIAN_POINT('',(35.748269118258,1.805774696119,
    10.312107519439));
#7830 = CARTESIAN_POINT('',(35.746756030201,1.793774696119,
    10.254434051014));
#7831 = CARTESIAN_POINT('',(35.746756030201,1.805774696119,
    10.254434051014));
#7832 = CARTESIAN_POINT('',(35.735652255278,1.793774696119,
    10.169439032964));
#7833 = CARTESIAN_POINT('',(35.735652255278,1.805774696119,
    10.169439032964));
#7834 = CARTESIAN_POINT('',(35.717038665955,1.793774696119,
    10.08732170219));
#7835 = CARTESIAN_POINT('',(35.717038665955,1.805774696119,
    10.08732170219));
#7836 = CARTESIAN_POINT('',(35.690687483725,1.793774696119,
    10.008450976565));
#7837 = CARTESIAN_POINT('',(35.690687483725,1.805774696119,
    10.008450976565));
#7838 = CARTESIAN_POINT('',(35.656999469922,1.793774696119,
    9.932417367402));
#7839 = CARTESIAN_POINT('',(35.656999469922,1.805774696119,
    9.932417367402));
#7840 = CARTESIAN_POINT('',(35.615932236517,1.793774696119,
    9.859343723463));
#7841 = CARTESIAN_POINT('',(35.615932236517,1.805774696119,
    9.859343723463));
#7842 = CARTESIAN_POINT('',(35.567088966878,1.793774696119,
    9.789275237781));
#7843 = CARTESIAN_POINT('',(35.567088966878,1.805774696119,
    9.789275237781));
#7844 = CARTESIAN_POINT('',(35.529531924853,1.793774696119,
    9.745921465476));
#7845 = CARTESIAN_POINT('',(35.529531924853,1.805774696119,
    9.745921465476));
#7846 = CARTESIAN_POINT('',(35.510526759904,1.793774696119,
    9.723982954097));
#7847 = CARTESIAN_POINT('',(35.510526759904,1.805774696119,
    9.723982954097));
#7848 = ADVANCED_FACE('',(#7849),#7875,.T.);
#7849 = FACE_BOUND('',#7850,.T.);
#7850 = EDGE_LOOP('',(#7851,#7852,#7853,#7869));
#7851 = ORIENTED_EDGE('',*,*,#4311,.F.);
#7852 = ORIENTED_EDGE('',*,*,#7770,.F.);
#7853 = ORIENTED_EDGE('',*,*,#7854,.T.);
#7854 = EDGE_CURVE('',#7755,#7855,#7857,.T.);
#7855 = VERTEX_POINT('',#7856);
#7856 = CARTESIAN_POINT('',(34.186338057981,1.793774696119,
    9.722551914433));
#7857 = B_SPLINE_CURVE_WITH_KNOTS('',3,(#7858,#7859,#7860,#7861,#7862,
    #7863,#7864,#7865,#7866,#7867,#7868),.UNSPECIFIED.,.F.,.F.,(4,1,1,1,
    1,1,1,1,4),(0.,0.131751427302,0.258332350514,0.382133976093,
    0.5038043916,0.624692986541,0.746870589728,0.871513504235,1.),
  .UNSPECIFIED.);
#7858 = CARTESIAN_POINT('',(34.8474783825,1.793774696119,9.43586696852)
  );
#7859 = CARTESIAN_POINT('',(34.814827177226,1.793774696119,
    9.436562219455));
#7860 = CARTESIAN_POINT('',(34.750806143237,1.793774696119,
    9.437925436629));
#7861 = CARTESIAN_POINT('',(34.657047563737,1.793774696119,
    9.452495261475));
#7862 = CARTESIAN_POINT('',(34.567549890894,1.793774696119,
    9.474775164745));
#7863 = CARTESIAN_POINT('',(34.481970356583,1.793774696119,9.50557599537
    ));
#7864 = CARTESIAN_POINT('',(34.401404984141,1.793774696119,
    9.546861393867));
#7865 = CARTESIAN_POINT('',(34.324680262703,1.793774696119,
    9.596125572294));
#7866 = CARTESIAN_POINT('',(34.25200654773,1.793774696119,9.654488372558
    ));
#7867 = CARTESIAN_POINT('',(34.208448022467,1.793774696119,
    9.699635558363));
#7868 = CARTESIAN_POINT('',(34.186338057981,1.793774696119,
    9.722551914433));
#7869 = ORIENTED_EDGE('',*,*,#7870,.T.);
#7870 = EDGE_CURVE('',#7855,#4312,#7871,.T.);
#7871 = LINE('',#7872,#7873);
#7872 = CARTESIAN_POINT('',(34.186338057981,1.793774696119,
    9.722551914433));
#7873 = VECTOR('',#7874,1.);
#7874 = DIRECTION('',(0.,1.,2.331468351713E-15));
#7875 = B_SPLINE_SURFACE_WITH_KNOTS('',3,1,(
    (#7876,#7877)
    ,(#7878,#7879)
    ,(#7880,#7881)
    ,(#7882,#7883)
    ,(#7884,#7885)
    ,(#7886,#7887)
    ,(#7888,#7889)
    ,(#7890,#7891)
    ,(#7892,#7893)
    ,(#7894,#7895)
    ,(#7896,#7897
  )),.UNSPECIFIED.,.F.,.F.,.F.,(4,1,1,1,1,1,1,1,4),(2,2),(0.,
    0.131751427302,0.258332350514,0.382133976093,0.5038043916,
    0.624692986541,0.746870589728,0.871513504235,1.),(0.,1.2E-03),
  .UNSPECIFIED.);
#7876 = CARTESIAN_POINT('',(34.8474783825,1.793774696119,9.43586696852)
  );
#7877 = CARTESIAN_POINT('',(34.8474783825,1.805774696119,9.43586696852)
  );
#7878 = CARTESIAN_POINT('',(34.814827177226,1.793774696119,
    9.436562219455));
#7879 = CARTESIAN_POINT('',(34.814827177226,1.805774696119,
    9.436562219455));
#7880 = CARTESIAN_POINT('',(34.750806143237,1.793774696119,
    9.437925436629));
#7881 = CARTESIAN_POINT('',(34.750806143237,1.805774696119,
    9.437925436629));
#7882 = CARTESIAN_POINT('',(34.657047563737,1.793774696119,
    9.452495261475));
#7883 = CARTESIAN_POINT('',(34.657047563737,1.805774696119,
    9.452495261475));
#7884 = CARTESIAN_POINT('',(34.567549890894,1.793774696119,
    9.474775164745));
#7885 = CARTESIAN_POINT('',(34.567549890894,1.805774696119,
    9.474775164745));
#7886 = CARTESIAN_POINT('',(34.481970356583,1.793774696119,9.50557599537
    ));
#7887 = CARTESIAN_POINT('',(34.481970356583,1.805774696119,9.50557599537
    ));
#7888 = CARTESIAN_POINT('',(34.401404984141,1.793774696119,
    9.546861393867));
#7889 = CARTESIAN_POINT('',(34.401404984141,1.805774696119,
    9.546861393867));
#7890 = CARTESIAN_POINT('',(34.324680262703,1.793774696119,
    9.596125572294));
#7891 = CARTESIAN_POINT('',(34.324680262703,1.805774696119,
    9.596125572294));
#7892 = CARTESIAN_POINT('',(34.25200654773,1.793774696119,9.654488372558
    ));
#7893 = CARTESIAN_POINT('',(34.25200654773,1.805774696119,9.654488372558
    ));
#7894 = CARTESIAN_POINT('',(34.208448022467,1.793774696119,
    9.699635558363));
#7895 = CARTESIAN_POINT('',(34.208448022467,1.805774696119,
    9.699635558363));
#7896 = CARTESIAN_POINT('',(34.186338057981,1.793774696119,
    9.722551914433));
#7897 = CARTESIAN_POINT('',(34.186338057981,1.805774696119,
    9.722551914433));
#7898 = ADVANCED_FACE('',(#7899),#7933,.T.);
#7899 = FACE_BOUND('',#7900,.T.);
#7900 = EDGE_LOOP('',(#7901,#7902,#7910,#7932));
#7901 = ORIENTED_EDGE('',*,*,#4367,.F.);
#7902 = ORIENTED_EDGE('',*,*,#7903,.F.);
#7903 = EDGE_CURVE('',#7904,#4344,#7906,.T.);
#7904 = VERTEX_POINT('',#7905);
#7905 = CARTESIAN_POINT('',(34.8474783825,1.793774696119,11.237068891597
    ));
#7906 = LINE('',#7907,#7908);
#7907 = CARTESIAN_POINT('',(34.8474783825,1.793774696119,11.237068891597
    ));
#7908 = VECTOR('',#7909,1.);
#7909 = DIRECTION('',(0.,1.,2.331468351713E-15));
#7910 = ORIENTED_EDGE('',*,*,#7911,.T.);
#7911 = EDGE_CURVE('',#7904,#7804,#7912,.T.);
#7912 = B_SPLINE_CURVE_WITH_KNOTS('',3,(#7913,#7914,#7915,#7916,#7917,
    #7918,#7919,#7920,#7921,#7922,#7923,#7924,#7925,#7926,#7927,#7928,
    #7929,#7930,#7931),.UNSPECIFIED.,.F.,.F.,(4,1,1,1,1,1,1,1,1,1,1,1,1,
    1,1,1,4),(0.,6.874226160549E-02,0.134635192224,0.198324187067,
    0.26082501256,0.322713588159,0.384554534608,0.446912857725,
    0.510957632515,0.574930701001,0.636684537796,0.697483115294,
    0.757133807524,0.816965663675,0.876818351657,0.937662580384,1.),
  .UNSPECIFIED.);
#7913 = CARTESIAN_POINT('',(34.8474783825,1.793774696119,11.237068891597
    ));
#7914 = CARTESIAN_POINT('',(34.87995503988,1.793774696119,
    11.236238042027));
#7915 = CARTESIAN_POINT('',(34.943562214085,1.793774696119,
    11.234610781171));
#7916 = CARTESIAN_POINT('',(35.036584712501,1.793774696119,
    11.222039629885));
#7917 = CARTESIAN_POINT('',(35.12502407824,1.793774696119,
    11.201113216744));
#7918 = CARTESIAN_POINT('',(35.208863535447,1.793774696119,
    11.171267654726));
#7919 = CARTESIAN_POINT('',(35.288563868822,1.793774696119,
    11.133647616925));
#7920 = CARTESIAN_POINT('',(35.363257896211,1.793774696119,
    11.086967163837));
#7921 = CARTESIAN_POINT('',(35.433470695874,1.793774696119,
    11.032157486791));
#7922 = CARTESIAN_POINT('',(35.498153599557,1.793774696119,
    10.969472143905));
#7923 = CARTESIAN_POINT('',(35.556663364967,1.793774696119,
    10.901429655761));
#7924 = CARTESIAN_POINT('',(35.608284108149,1.793774696119,10.829890076)
  );
#7925 = CARTESIAN_POINT('',(35.651752347904,1.793774696119,
    10.755452137429));
#7926 = CARTESIAN_POINT('',(35.687374625903,1.793774696119,
    10.677971239282));
#7927 = CARTESIAN_POINT('',(35.715154841477,1.793774696119,
    10.597785209261));
#7928 = CARTESIAN_POINT('',(35.734566174168,1.793774696119,
    10.514649095784));
#7929 = CARTESIAN_POINT('',(35.747046383363,1.793774696119,
    10.428910918262));
#7930 = CARTESIAN_POINT('',(35.748365710541,1.793774696119,
    10.370697565668));
#7931 = CARTESIAN_POINT('',(35.749033370481,1.793774696119,
    10.34123806227));
#7932 = ORIENTED_EDGE('',*,*,#7803,.T.);
#7933 = B_SPLINE_SURFACE_WITH_KNOTS('',3,1,(
    (#7934,#7935)
    ,(#7936,#7937)
    ,(#7938,#7939)
    ,(#7940,#7941)
    ,(#7942,#7943)
    ,(#7944,#7945)
    ,(#7946,#7947)
    ,(#7948,#7949)
    ,(#7950,#7951)
    ,(#7952,#7953)
    ,(#7954,#7955)
    ,(#7956,#7957)
    ,(#7958,#7959)
    ,(#7960,#7961)
    ,(#7962,#7963)
    ,(#7964,#7965)
    ,(#7966,#7967)
    ,(#7968,#7969)
    ,(#7970,#7971
    )),.UNSPECIFIED.,.F.,.F.,.F.,(4,1,1,1,1,1,1,1,1,1,1,1,1,1,1,1,4),(2,
    2),(0.,6.874226160549E-02,0.134635192224,0.198324187067,
    0.26082501256,0.322713588159,0.384554534608,0.446912857725,
    0.510957632515,0.574930701001,0.636684537796,0.697483115294,
    0.757133807524,0.816965663675,0.876818351657,0.937662580384,1.),(0.,
    1.2E-03),.UNSPECIFIED.);
#7934 = CARTESIAN_POINT('',(34.8474783825,1.793774696119,11.237068891597
    ));
#7935 = CARTESIAN_POINT('',(34.8474783825,1.805774696119,11.237068891597
    ));
#7936 = CARTESIAN_POINT('',(34.87995503988,1.793774696119,
    11.236238042027));
#7937 = CARTESIAN_POINT('',(34.87995503988,1.805774696119,
    11.236238042027));
#7938 = CARTESIAN_POINT('',(34.943562214085,1.793774696119,
    11.234610781171));
#7939 = CARTESIAN_POINT('',(34.943562214085,1.805774696119,
    11.234610781171));
#7940 = CARTESIAN_POINT('',(35.036584712501,1.793774696119,
    11.222039629885));
#7941 = CARTESIAN_POINT('',(35.036584712501,1.805774696119,
    11.222039629885));
#7942 = CARTESIAN_POINT('',(35.12502407824,1.793774696119,
    11.201113216744));
#7943 = CARTESIAN_POINT('',(35.12502407824,1.805774696119,
    11.201113216744));
#7944 = CARTESIAN_POINT('',(35.208863535447,1.793774696119,
    11.171267654726));
#7945 = CARTESIAN_POINT('',(35.208863535447,1.805774696119,
    11.171267654726));
#7946 = CARTESIAN_POINT('',(35.288563868822,1.793774696119,
    11.133647616925));
#7947 = CARTESIAN_POINT('',(35.288563868822,1.805774696119,
    11.133647616925));
#7948 = CARTESIAN_POINT('',(35.363257896211,1.793774696119,
    11.086967163837));
#7949 = CARTESIAN_POINT('',(35.363257896211,1.805774696119,
    11.086967163837));
#7950 = CARTESIAN_POINT('',(35.433470695874,1.793774696119,
    11.032157486791));
#7951 = CARTESIAN_POINT('',(35.433470695874,1.805774696119,
    11.032157486791));
#7952 = CARTESIAN_POINT('',(35.498153599557,1.793774696119,
    10.969472143905));
#7953 = CARTESIAN_POINT('',(35.498153599557,1.805774696119,
    10.969472143905));
#7954 = CARTESIAN_POINT('',(35.556663364967,1.793774696119,
    10.901429655761));
#7955 = CARTESIAN_POINT('',(35.556663364967,1.805774696119,
    10.901429655761));
#7956 = CARTESIAN_POINT('',(35.608284108149,1.793774696119,10.829890076)
  );
#7957 = CARTESIAN_POINT('',(35.608284108149,1.805774696119,10.829890076)
  );
#7958 = CARTESIAN_POINT('',(35.651752347904,1.793774696119,
    10.755452137429));
#7959 = CARTESIAN_POINT('',(35.651752347904,1.805774696119,
    10.755452137429));
#7960 = CARTESIAN_POINT('',(35.687374625903,1.793774696119,
    10.677971239282));
#7961 = CARTESIAN_POINT('',(35.687374625903,1.805774696119,
    10.677971239282));
#7962 = CARTESIAN_POINT('',(35.715154841477,1.793774696119,
    10.597785209261));
#7963 = CARTESIAN_POINT('',(35.715154841477,1.805774696119,
    10.597785209261));
#7964 = CARTESIAN_POINT('',(35.734566174168,1.793774696119,
    10.514649095784));
#7965 = CARTESIAN_POINT('',(35.734566174168,1.805774696119,
    10.514649095784));
#7966 = CARTESIAN_POINT('',(35.747046383363,1.793774696119,
    10.428910918262));
#7967 = CARTESIAN_POINT('',(35.747046383363,1.805774696119,
    10.428910918262));
#7968 = CARTESIAN_POINT('',(35.748365710541,1.793774696119,
    10.370697565668));
#7969 = CARTESIAN_POINT('',(35.748365710541,1.805774696119,
    10.370697565668));
#7970 = CARTESIAN_POINT('',(35.749033370481,1.793774696119,
    10.34123806227));
#7971 = CARTESIAN_POINT('',(35.749033370481,1.805774696119,
    10.34123806227));
#7972 = ADVANCED_FACE('',(#7973),#7999,.T.);
#7973 = FACE_BOUND('',#7974,.T.);
#7974 = EDGE_LOOP('',(#7975,#7976,#7977,#7993));
#7975 = ORIENTED_EDGE('',*,*,#4327,.F.);
#7976 = ORIENTED_EDGE('',*,*,#7870,.F.);
#7977 = ORIENTED_EDGE('',*,*,#7978,.T.);
#7978 = EDGE_CURVE('',#7855,#7979,#7981,.T.);
#7979 = VERTEX_POINT('',#7980);
#7980 = CARTESIAN_POINT('',(33.947831447404,1.793774696119,
    10.34123806227));
#7981 = B_SPLINE_CURVE_WITH_KNOTS('',3,(#7982,#7983,#7984,#7985,#7986,
    #7987,#7988,#7989,#7990,#7991,#7992),.UNSPECIFIED.,.F.,.F.,(4,1,1,1,
    1,1,1,1,4),(0.,0.128157279593,0.253834362797,0.376505622522,
    0.498533685668,0.621367728732,0.744564744904,0.870633798255,1.),
  .UNSPECIFIED.);
#7982 = CARTESIAN_POINT('',(34.186338057981,1.793774696119,
    9.722551914433));
#7983 = CARTESIAN_POINT('',(34.167300335662,1.793774696119,
    9.744468929765));
#7984 = CARTESIAN_POINT('',(34.129593323393,1.793774696119,
    9.787878805808));
#7985 = CARTESIAN_POINT('',(34.081243254002,1.793774696119,
    9.858265571056));
#7986 = CARTESIAN_POINT('',(34.039590728252,1.793774696119,9.93115910378
    ));
#7987 = CARTESIAN_POINT('',(34.006210392295,1.793774696119,
    10.007527374247));
#7988 = CARTESIAN_POINT('',(33.979890760109,1.793774696119,
    10.086703713014));
#7989 = CARTESIAN_POINT('',(33.961204277478,1.793774696119,
    10.168960259892));
#7990 = CARTESIAN_POINT('',(33.950089327099,1.793774696119,
    10.254115356801));
#7991 = CARTESIAN_POINT('',(33.948590522805,1.793774696119,
    10.311948325207));
#7992 = CARTESIAN_POINT('',(33.947831447404,1.793774696119,
    10.34123806227));
#7993 = ORIENTED_EDGE('',*,*,#7994,.T.);
#7994 = EDGE_CURVE('',#7979,#4328,#7995,.T.);
#7995 = LINE('',#7996,#7997);
#7996 = CARTESIAN_POINT('',(33.947831447404,1.793774696119,
    10.34123806227));
#7997 = VECTOR('',#7998,1.);
#7998 = DIRECTION('',(0.,1.,2.331468351713E-15));
#7999 = B_SPLINE_SURFACE_WITH_KNOTS('',3,1,(
    (#8000,#8001)
    ,(#8002,#8003)
    ,(#8004,#8005)
    ,(#8006,#8007)
    ,(#8008,#8009)
    ,(#8010,#8011)
    ,(#8012,#8013)
    ,(#8014,#8015)
    ,(#8016,#8017)
    ,(#8018,#8019)
    ,(#8020,#8021
  )),.UNSPECIFIED.,.F.,.F.,.F.,(4,1,1,1,1,1,1,1,4),(2,2),(0.,
    0.128157279593,0.253834362797,0.376505622522,0.498533685668,
    0.621367728732,0.744564744904,0.870633798255,1.),(0.,1.2E-03),
  .UNSPECIFIED.);
#8000 = CARTESIAN_POINT('',(34.186338057981,1.793774696119,
    9.722551914433));
#8001 = CARTESIAN_POINT('',(34.186338057981,1.805774696119,
    9.722551914433));
#8002 = CARTESIAN_POINT('',(34.167300335662,1.793774696119,
    9.744468929765));
#8003 = CARTESIAN_POINT('',(34.167300335662,1.805774696119,
    9.744468929765));
#8004 = CARTESIAN_POINT('',(34.129593323393,1.793774696119,
    9.787878805808));
#8005 = CARTESIAN_POINT('',(34.129593323393,1.805774696119,
    9.787878805808));
#8006 = CARTESIAN_POINT('',(34.081243254002,1.793774696119,
    9.858265571056));
#8007 = CARTESIAN_POINT('',(34.081243254002,1.805774696119,
    9.858265571056));
#8008 = CARTESIAN_POINT('',(34.039590728252,1.793774696119,9.93115910378
    ));
#8009 = CARTESIAN_POINT('',(34.039590728252,1.805774696119,9.93115910378
    ));
#8010 = CARTESIAN_POINT('',(34.006210392295,1.793774696119,
    10.007527374247));
#8011 = CARTESIAN_POINT('',(34.006210392295,1.805774696119,
    10.007527374247));
#8012 = CARTESIAN_POINT('',(33.979890760109,1.793774696119,
    10.086703713014));
#8013 = CARTESIAN_POINT('',(33.979890760109,1.805774696119,
    10.086703713014));
#8014 = CARTESIAN_POINT('',(33.961204277478,1.793774696119,
    10.168960259892));
#8015 = CARTESIAN_POINT('',(33.961204277478,1.805774696119,
    10.168960259892));
#8016 = CARTESIAN_POINT('',(33.950089327099,1.793774696119,
    10.254115356801));
#8017 = CARTESIAN_POINT('',(33.950089327099,1.805774696119,
    10.254115356801));
#8018 = CARTESIAN_POINT('',(33.948590522805,1.793774696119,
    10.311948325207));
#8019 = CARTESIAN_POINT('',(33.948590522805,1.805774696119,
    10.311948325207));
#8020 = CARTESIAN_POINT('',(33.947831447404,1.793774696119,
    10.34123806227));
#8021 = CARTESIAN_POINT('',(33.947831447404,1.805774696119,
    10.34123806227));
#8022 = ADVANCED_FACE('',(#8023),#8050,.T.);
#8023 = FACE_BOUND('',#8024,.T.);
#8024 = EDGE_LOOP('',(#8025,#8026,#8027,#8049));
#8025 = ORIENTED_EDGE('',*,*,#4343,.F.);
#8026 = ORIENTED_EDGE('',*,*,#7994,.F.);
#8027 = ORIENTED_EDGE('',*,*,#8028,.T.);
#8028 = EDGE_CURVE('',#7979,#7904,#8029,.T.);
#8029 = B_SPLINE_CURVE_WITH_KNOTS('',3,(#8030,#8031,#8032,#8033,#8034,
    #8035,#8036,#8037,#8038,#8039,#8040,#8041,#8042,#8043,#8044,#8045,
    #8046,#8047,#8048),.UNSPECIFIED.,.F.,.F.,(4,1,1,1,1,1,1,1,1,1,1,1,1,
    1,1,1,4),(0.,6.241602615882E-02,0.123336978537,0.183265139853,
    0.24317244307,0.30289835392,0.363773597504,0.425605304952,
    0.48965904251,0.553784576792,0.616221532811,0.677854471308,
    0.739516897488,0.802096535576,0.865865841278,0.931507795197,1.),
  .UNSPECIFIED.);
#8030 = CARTESIAN_POINT('',(33.947831447404,1.793774696119,
    10.34123806227));
#8031 = CARTESIAN_POINT('',(33.948499107258,1.793774696119,
    10.370697565797));
#8032 = CARTESIAN_POINT('',(33.949818434266,1.793774696119,
    10.428910918647));
#8033 = CARTESIAN_POINT('',(33.962298644703,1.793774696119,
    10.514649094299));
#8034 = CARTESIAN_POINT('',(33.981709972773,1.793774696119,
    10.597785214733));
#8035 = CARTESIAN_POINT('',(34.009490205534,1.793774696119,
    10.677971218876));
#8036 = CARTESIAN_POINT('',(34.045112419158,1.793774696119,
    10.755452213954));
#8037 = CARTESIAN_POINT('',(34.088580904784,1.793774696119,
    10.829889782309));
#8038 = CARTESIAN_POINT('',(34.140200701453,1.793774696119,
    10.901430787268));
#8039 = CARTESIAN_POINT('',(34.198714134962,1.793774696119,
    10.969467752222));
#8040 = CARTESIAN_POINT('',(34.263383357844,1.793774696119,
    11.032173694787));
#8041 = CARTESIAN_POINT('',(34.333539165897,1.793774696119,
    11.086825606751));
#8042 = CARTESIAN_POINT('',(34.407802892431,1.793774696119,
    11.133648822437));
#8043 = CARTESIAN_POINT('',(34.487162030998,1.793774696119,
    11.171365383775));
#8044 = CARTESIAN_POINT('',(34.570891874717,1.793774696119,
    11.201103590594));
#8045 = CARTESIAN_POINT('',(34.659173022839,1.793774696119,
    11.221990566059));
#8046 = CARTESIAN_POINT('',(34.751868329605,1.793774696119,
    11.234619140199));
#8047 = CARTESIAN_POINT('',(34.815160064142,1.793774696119,
    11.236240821293));
#8048 = CARTESIAN_POINT('',(34.8474783825,1.793774696119,11.237068891597
    ));
#8049 = ORIENTED_EDGE('',*,*,#7903,.T.);
#8050 = B_SPLINE_SURFACE_WITH_KNOTS('',3,1,(
    (#8051,#8052)
    ,(#8053,#8054)
    ,(#8055,#8056)
    ,(#8057,#8058)
    ,(#8059,#8060)
    ,(#8061,#8062)
    ,(#8063,#8064)
    ,(#8065,#8066)
    ,(#8067,#8068)
    ,(#8069,#8070)
    ,(#8071,#8072)
    ,(#8073,#8074)
    ,(#8075,#8076)
    ,(#8077,#8078)
    ,(#8079,#8080)
    ,(#8081,#8082)
    ,(#8083,#8084)
    ,(#8085,#8086)
    ,(#8087,#8088
    )),.UNSPECIFIED.,.F.,.F.,.F.,(4,1,1,1,1,1,1,1,1,1,1,1,1,1,1,1,4),(2,
    2),(0.,6.241602615882E-02,0.123336978537,0.183265139853,
    0.24317244307,0.30289835392,0.363773597504,0.425605304952,
    0.48965904251,0.553784576792,0.616221532811,0.677854471308,
    0.739516897488,0.802096535576,0.865865841278,0.931507795197,1.),(0.,
    1.2E-03),.UNSPECIFIED.);
#8051 = CARTESIAN_POINT('',(33.947831447404,1.793774696119,
    10.34123806227));
#8052 = CARTESIAN_POINT('',(33.947831447404,1.805774696119,
    10.34123806227));
#8053 = CARTESIAN_POINT('',(33.948499107258,1.793774696119,
    10.370697565797));
#8054 = CARTESIAN_POINT('',(33.948499107258,1.805774696119,
    10.370697565797));
#8055 = CARTESIAN_POINT('',(33.949818434266,1.793774696119,
    10.428910918647));
#8056 = CARTESIAN_POINT('',(33.949818434266,1.805774696119,
    10.428910918647));
#8057 = CARTESIAN_POINT('',(33.962298644703,1.793774696119,
    10.514649094299));
#8058 = CARTESIAN_POINT('',(33.962298644703,1.805774696119,
    10.514649094299));
#8059 = CARTESIAN_POINT('',(33.981709972773,1.793774696119,
    10.597785214733));
#8060 = CARTESIAN_POINT('',(33.981709972773,1.805774696119,
    10.597785214733));
#8061 = CARTESIAN_POINT('',(34.009490205534,1.793774696119,
    10.677971218876));
#8062 = CARTESIAN_POINT('',(34.009490205534,1.805774696119,
    10.677971218876));
#8063 = CARTESIAN_POINT('',(34.045112419158,1.793774696119,
    10.755452213954));
#8064 = CARTESIAN_POINT('',(34.045112419158,1.805774696119,
    10.755452213954));
#8065 = CARTESIAN_POINT('',(34.088580904784,1.793774696119,
    10.829889782309));
#8066 = CARTESIAN_POINT('',(34.088580904784,1.805774696119,
    10.829889782309));
#8067 = CARTESIAN_POINT('',(34.140200701453,1.793774696119,
    10.901430787268));
#8068 = CARTESIAN_POINT('',(34.140200701453,1.805774696119,
    10.901430787268));
#8069 = CARTESIAN_POINT('',(34.198714134962,1.793774696119,
    10.969467752222));
#8070 = CARTESIAN_POINT('',(34.198714134962,1.805774696119,
    10.969467752222));
#8071 = CARTESIAN_POINT('',(34.263383357844,1.793774696119,
    11.032173694787));
#8072 = CARTESIAN_POINT('',(34.263383357844,1.805774696119,
    11.032173694787));
#8073 = CARTESIAN_POINT('',(34.333539165897,1.793774696119,
    11.086825606751));
#8074 = CARTESIAN_POINT('',(34.333539165897,1.805774696119,
    11.086825606751));
#8075 = CARTESIAN_POINT('',(34.407802892431,1.793774696119,
    11.133648822437));
#8076 = CARTESIAN_POINT('',(34.407802892431,1.805774696119,
    11.133648822437));
#8077 = CARTESIAN_POINT('',(34.487162030998,1.793774696119,
    11.171365383775));
#8078 = CARTESIAN_POINT('',(34.487162030998,1.805774696119,
    11.171365383775));
#8079 = CARTESIAN_POINT('',(34.570891874717,1.793774696119,
    11.201103590594));
#8080 = CARTESIAN_POINT('',(34.570891874717,1.805774696119,
    11.201103590594));
#8081 = CARTESIAN_POINT('',(34.659173022839,1.793774696119,
    11.221990566059));
#8082 = CARTESIAN_POINT('',(34.659173022839,1.805774696119,
    11.221990566059));
#8083 = CARTESIAN_POINT('',(34.751868329605,1.793774696119,
    11.234619140199));
#8084 = CARTESIAN_POINT('',(34.751868329605,1.805774696119,
    11.234619140199));
#8085 = CARTESIAN_POINT('',(34.815160064142,1.793774696119,
    11.236240821293));
#8086 = CARTESIAN_POINT('',(34.815160064142,1.805774696119,
    11.236240821293));
#8087 = CARTESIAN_POINT('',(34.8474783825,1.793774696119,11.237068891597
    ));
#8088 = CARTESIAN_POINT('',(34.8474783825,1.805774696119,11.237068891597
    ));
#8089 = ADVANCED_FACE('',(#8090,#8098),#8188,.T.);
#8090 = FACE_BOUND('',#8091,.T.);
#8091 = EDGE_LOOP('',(#8092,#8093,#8094,#8095,#8096,#8097));
#8092 = ORIENTED_EDGE('',*,*,#7754,.F.);
#8093 = ORIENTED_EDGE('',*,*,#7811,.F.);
#8094 = ORIENTED_EDGE('',*,*,#7911,.F.);
#8095 = ORIENTED_EDGE('',*,*,#8028,.F.);
#8096 = ORIENTED_EDGE('',*,*,#7978,.F.);
#8097 = ORIENTED_EDGE('',*,*,#7854,.F.);
#8098 = FACE_BOUND('',#8099,.T.);
#8099 = EDGE_LOOP('',(#8100,#8126,#8150,#8170));
#8100 = ORIENTED_EDGE('',*,*,#8101,.F.);
#8101 = EDGE_CURVE('',#8102,#8104,#8106,.T.);
#8102 = VERTEX_POINT('',#8103);
#8103 = CARTESIAN_POINT('',(34.848432408942,1.793774696119,
    9.649568891597));
#8104 = VERTEX_POINT('',#8105);
#8105 = CARTESIAN_POINT('',(35.535331447404,1.793774696119,
    10.342669101933));
#8106 = B_SPLINE_CURVE_WITH_KNOTS('',3,(#8107,#8108,#8109,#8110,#8111,
    #8112,#8113,#8114,#8115,#8116,#8117,#8118,#8119,#8120,#8121,#8122,
    #8123,#8124,#8125),.UNSPECIFIED.,.F.,.F.,(4,1,1,1,1,1,1,1,1,1,1,1,1,
    1,1,1,4),(0.,6.384589973479E-02,0.126043627841,0.18716535772,
    0.247399289521,0.308380030604,0.369779616664,0.432583924687,
    0.497640785995,0.562401136962,0.625557103333,0.68733200462,
    0.748312745703,0.809791039123,0.871767571973,0.93483619095,1.),
  .UNSPECIFIED.);
#8107 = CARTESIAN_POINT('',(34.848432408942,1.793774696119,
    9.649568891597));
#8108 = CARTESIAN_POINT('',(34.871522105217,1.793774696119,
    9.650225158432));
#8109 = CARTESIAN_POINT('',(34.917105440971,1.793774696119,
    9.651520750681));
#8110 = CARTESIAN_POINT('',(34.984201979853,1.793774696119,
    9.661374978707));
#8111 = CARTESIAN_POINT('',(35.048795191724,1.793774696119,9.67698747701
    ));
#8112 = CARTESIAN_POINT('',(35.111007623178,1.793774696119,
    9.699169879573));
#8113 = CARTESIAN_POINT('',(35.170629477983,1.793774696119,
    9.727812166154));
#8114 = CARTESIAN_POINT('',(35.227717839261,1.793774696119,
    9.762992318362));
#8115 = CARTESIAN_POINT('',(35.28244062427,1.793774696119,9.804244383395
    ));
#8116 = CARTESIAN_POINT('',(35.333727349521,1.793774696119,
    9.851503808187));
#8117 = CARTESIAN_POINT('',(35.38079602976,1.793774696119,9.903128624115
    ));
#8118 = CARTESIAN_POINT('',(35.421942653122,1.793774696119,9.95813438257
    ));
#8119 = CARTESIAN_POINT('',(35.456930091564,1.793774696119,
    10.015628878876));
#8120 = CARTESIAN_POINT('',(35.486076699698,1.793774696119,
    10.075671901098));
#8121 = CARTESIAN_POINT('',(35.507784983028,1.793774696119,
    10.138871918414));
#8122 = CARTESIAN_POINT('',(35.523550914397,1.793774696119,
    10.204513205017));
#8123 = CARTESIAN_POINT('',(35.533395845855,1.793774696119,
    10.272729497302));
#8124 = CARTESIAN_POINT('',(35.534679257001,1.793774696119,
    10.319103332971));
#8125 = CARTESIAN_POINT('',(35.535331447404,1.793774696119,
    10.342669101933));
#8126 = ORIENTED_EDGE('',*,*,#8127,.F.);
#8127 = EDGE_CURVE('',#8128,#8102,#8130,.T.);
#8128 = VERTEX_POINT('',#8129);
#8129 = CARTESIAN_POINT('',(34.161533370481,1.793774696119,
    10.342669101933));
#8130 = B_SPLINE_CURVE_WITH_KNOTS('',3,(#8131,#8132,#8133,#8134,#8135,
    #8136,#8137,#8138,#8139,#8140,#8141,#8142,#8143,#8144,#8145,#8146,
    #8147,#8148,#8149),.UNSPECIFIED.,.F.,.F.,(4,1,1,1,1,1,1,1,1,1,1,1,1,
    1,1,1,4),(0.,6.518479598607E-02,0.128273727114,0.190270220393,
    0.251768313776,0.312768694578,0.37479327941,0.437969586063,
    0.503047399863,0.568125213664,0.630949748712,0.692369109387,
    0.75297316775,0.813641066918,0.874355208692,0.936572968465,1.),
  .UNSPECIFIED.);
#8131 = CARTESIAN_POINT('',(34.161533370481,1.793774696119,
    10.342669101933));
#8132 = CARTESIAN_POINT('',(34.162185336338,1.793774696119,
    10.319103192133));
#8133 = CARTESIAN_POINT('',(34.163468305612,1.793774696119,
    10.272729079318));
#8134 = CARTESIAN_POINT('',(34.173316451021,1.793774696119,
    10.204514802856));
#8135 = CARTESIAN_POINT('',(34.189070487828,1.793774696119,
    10.138866055863));
#8136 = CARTESIAN_POINT('',(34.210822605995,1.793774696119,
    10.075693532201));
#8137 = CARTESIAN_POINT('',(34.239842568989,1.793774696119,
    10.015473417654));
#8138 = CARTESIAN_POINT('',(34.275504708565,1.793774696119,
    9.958303192638));
#8139 = CARTESIAN_POINT('',(34.316483316922,1.793774696119,9.90293807827
    ));
#8140 = CARTESIAN_POINT('',(34.364119965247,1.793774696119,9.85167069052
    ));
#8141 = CARTESIAN_POINT('',(34.41535315627,1.793774696119,9.80422596028)
  );
#8142 = CARTESIAN_POINT('',(34.470098119748,1.793774696119,
    9.762976322135));
#8143 = CARTESIAN_POINT('',(34.527101828391,1.793774696119,
    9.727966779485));
#8144 = CARTESIAN_POINT('',(34.586550471237,1.793774696119,9.69892489081
    ));
#8145 = CARTESIAN_POINT('',(34.648770878869,1.793774696119,
    9.677189289624));
#8146 = CARTESIAN_POINT('',(34.713273586401,1.793774696119,
    9.661284831405));
#8147 = CARTESIAN_POINT('',(34.780083848163,1.793774696119,
    9.651562394053));
#8148 = CARTESIAN_POINT('',(34.825503840028,1.793774696119,
    9.650237642452));
#8149 = CARTESIAN_POINT('',(34.848432408942,1.793774696119,
    9.649568891597));
#8150 = ORIENTED_EDGE('',*,*,#8151,.F.);
#8151 = EDGE_CURVE('',#8152,#8128,#8154,.T.);
#8152 = VERTEX_POINT('',#8153);
#8153 = CARTESIAN_POINT('',(34.848432408942,1.793774696119,
    11.02336696852));
#8154 = B_SPLINE_CURVE_WITH_KNOTS('',3,(#8155,#8156,#8157,#8158,#8159,
    #8160,#8161,#8162,#8163,#8164,#8165,#8166,#8167,#8168,#8169),
  .UNSPECIFIED.,.F.,.F.,(4,1,1,1,1,1,1,1,1,1,1,1,4),(0.,
    8.560569497353E-02,0.168983263922,0.25090758233,0.333708096114,
    0.416004984256,0.497659567574,0.579893285642,0.663902321043,
    0.748466253808,0.83179088648,0.915251908832,1.),.UNSPECIFIED.);
#8155 = CARTESIAN_POINT('',(34.848432408942,1.793774696119,
    11.02336696852));
#8156 = CARTESIAN_POINT('',(34.817662325793,1.793774696119,
    11.022475509981));
#8157 = CARTESIAN_POINT('',(34.756923036388,1.793774696119,
    11.020715795588));
#8158 = CARTESIAN_POINT('',(34.668164203578,1.793774696119,
    11.003217812881));
#8159 = CARTESIAN_POINT('',(34.583178090574,1.793774696119,
    10.975933000866));
#8160 = CARTESIAN_POINT('',(34.502738521567,1.793774696119,
    10.937885925932));
#8161 = CARTESIAN_POINT('',(34.428194100303,1.793774696119,
    10.889572122312));
#8162 = CARTESIAN_POINT('',(34.360601215974,1.793774696119,
    10.832125230053));
#8163 = CARTESIAN_POINT('',(34.302261535899,1.793774696119,
    10.764488306186));
#8164 = CARTESIAN_POINT('',(34.252368493988,1.793774696119,
    10.689269701757));
#8165 = CARTESIAN_POINT('',(34.211855442251,1.793774696119,
    10.608113740779));
#8166 = CARTESIAN_POINT('',(34.182475442461,1.793774696119,
    10.522531294441));
#8167 = CARTESIAN_POINT('',(34.164787799209,1.793774696119,
    10.433552798067));
#8168 = CARTESIAN_POINT('',(34.162623699665,1.793774696119,
    10.373117808761));
#8169 = CARTESIAN_POINT('',(34.161533370481,1.793774696119,
    10.342669101933));
#8170 = ORIENTED_EDGE('',*,*,#8171,.F.);
#8171 = EDGE_CURVE('',#8104,#8152,#8172,.T.);
#8172 = B_SPLINE_CURVE_WITH_KNOTS('',3,(#8173,#8174,#8175,#8176,#8177,
    #8178,#8179,#8180,#8181,#8182,#8183,#8184,#8185,#8186,#8187),
  .UNSPECIFIED.,.F.,.F.,(4,1,1,1,1,1,1,1,1,1,1,1,4),(0.,
    8.473274469802E-02,0.168178653646,0.251488197612,0.335840671389,
    0.419834494151,0.502344875988,0.583649019732,0.665931005276,
    0.748716525264,0.831047336137,0.914409806795,1.),.UNSPECIFIED.);
#8173 = CARTESIAN_POINT('',(35.535331447404,1.793774696119,
    10.342669101933));
#8174 = CARTESIAN_POINT('',(35.534238233466,1.793774696119,
    10.373116463269));
#8175 = CARTESIAN_POINT('',(35.532068408225,1.793774696119,
    10.433548782023));
#8176 = CARTESIAN_POINT('',(35.514423184865,1.793774696119,
    10.522547063674));
#8177 = CARTESIAN_POINT('',(35.484905019445,1.793774696119,
    10.607987573776));
#8178 = CARTESIAN_POINT('',(35.445044745214,1.793774696119,
    10.689369436423));
#8179 = CARTESIAN_POINT('',(35.395102300005,1.793774696119,
    10.764666111303));
#8180 = CARTESIAN_POINT('',(35.336260206427,1.793774696119,
    10.831797960479));
#8181 = CARTESIAN_POINT('',(35.269149981715,1.793774696119,
    10.889754735768));
#8182 = CARTESIAN_POINT('',(35.194571612833,1.793774696119,
    10.937842953907));
#8183 = CARTESIAN_POINT('',(35.114048407254,1.793774696119,
    10.976051644835));
#8184 = CARTESIAN_POINT('',(35.0288293745,1.793774696119,11.003129162242
    ));
#8185 = CARTESIAN_POINT('',(34.939947045158,1.793774696119,
    11.020731152963));
#8186 = CARTESIAN_POINT('',(34.879204262001,1.793774696119,
    11.022480673908));
#8187 = CARTESIAN_POINT('',(34.848432408942,1.793774696119,
    11.02336696852));
#8188 = PLANE('',#8189);
#8189 = AXIS2_PLACEMENT_3D('',#8190,#8191,#8192);
#8190 = CARTESIAN_POINT('',(35.210906372956,1.793774696119,
    9.506842683882));
#8191 = DIRECTION('',(0.,-1.,-2.331468351713E-15));
#8192 = DIRECTION('',(-1.,0.,0.));
#8193 = ADVANCED_FACE('',(#8194),#8235,.T.);
#8194 = FACE_BOUND('',#8195,.T.);
#8195 = EDGE_LOOP('',(#8196,#8222,#8228,#8229));
#8196 = ORIENTED_EDGE('',*,*,#8197,.F.);
#8197 = EDGE_CURVE('',#8198,#8200,#8202,.T.);
#8198 = VERTEX_POINT('',#8199);
#8199 = CARTESIAN_POINT('',(34.848432408942,1.803774696119,
    9.649568891597));
#8200 = VERTEX_POINT('',#8201);
#8201 = CARTESIAN_POINT('',(35.535331447404,1.803774696119,
    10.342669101933));
#8202 = B_SPLINE_CURVE_WITH_KNOTS('',3,(#8203,#8204,#8205,#8206,#8207,
    #8208,#8209,#8210,#8211,#8212,#8213,#8214,#8215,#8216,#8217,#8218,
    #8219,#8220,#8221),.UNSPECIFIED.,.F.,.F.,(4,1,1,1,1,1,1,1,1,1,1,1,1,
    1,1,1,4),(0.,6.384589973479E-02,0.126043627841,0.18716535772,
    0.247399289521,0.308380030604,0.369779616664,0.432583924687,
    0.497640785995,0.562401136962,0.625557103333,0.68733200462,
    0.748312745703,0.809791039123,0.871767571973,0.93483619095,1.),
  .UNSPECIFIED.);
#8203 = CARTESIAN_POINT('',(34.848432408942,1.803774696119,
    9.649568891597));
#8204 = CARTESIAN_POINT('',(34.871522105217,1.803774696119,
    9.650225158432));
#8205 = CARTESIAN_POINT('',(34.917105440971,1.803774696119,
    9.651520750681));
#8206 = CARTESIAN_POINT('',(34.984201979853,1.803774696119,
    9.661374978707));
#8207 = CARTESIAN_POINT('',(35.048795191724,1.803774696119,9.67698747701
    ));
#8208 = CARTESIAN_POINT('',(35.111007623178,1.803774696119,
    9.699169879573));
#8209 = CARTESIAN_POINT('',(35.170629477983,1.803774696119,
    9.727812166154));
#8210 = CARTESIAN_POINT('',(35.227717839261,1.803774696119,
    9.762992318362));
#8211 = CARTESIAN_POINT('',(35.28244062427,1.803774696119,9.804244383395
    ));
#8212 = CARTESIAN_POINT('',(35.333727349521,1.803774696119,
    9.851503808187));
#8213 = CARTESIAN_POINT('',(35.38079602976,1.803774696119,9.903128624115
    ));
#8214 = CARTESIAN_POINT('',(35.421942653122,1.803774696119,9.95813438257
    ));
#8215 = CARTESIAN_POINT('',(35.456930091564,1.803774696119,
    10.015628878876));
#8216 = CARTESIAN_POINT('',(35.486076699698,1.803774696119,
    10.075671901098));
#8217 = CARTESIAN_POINT('',(35.507784983028,1.803774696119,
    10.138871918414));
#8218 = CARTESIAN_POINT('',(35.523550914397,1.803774696119,
    10.204513205017));
#8219 = CARTESIAN_POINT('',(35.533395845855,1.803774696119,
    10.272729497302));
#8220 = CARTESIAN_POINT('',(35.534679257001,1.803774696119,
    10.319103332971));
#8221 = CARTESIAN_POINT('',(35.535331447404,1.803774696119,
    10.342669101933));
#8222 = ORIENTED_EDGE('',*,*,#8223,.F.);
#8223 = EDGE_CURVE('',#8102,#8198,#8224,.T.);
#8224 = LINE('',#8225,#8226);
#8225 = CARTESIAN_POINT('',(34.848432408942,1.793774696119,
    9.649568891597));
#8226 = VECTOR('',#8227,1.);
#8227 = DIRECTION('',(0.,1.,2.331468351713E-15));
#8228 = ORIENTED_EDGE('',*,*,#8101,.T.);
#8229 = ORIENTED_EDGE('',*,*,#8230,.T.);
#8230 = EDGE_CURVE('',#8104,#8200,#8231,.T.);
#8231 = LINE('',#8232,#8233);
#8232 = CARTESIAN_POINT('',(35.535331447404,1.793774696119,
    10.342669101933));
#8233 = VECTOR('',#8234,1.);
#8234 = DIRECTION('',(0.,1.,2.331468351713E-15));
#8235 = B_SPLINE_SURFACE_WITH_KNOTS('',3,1,(
    (#8236,#8237)
    ,(#8238,#8239)
    ,(#8240,#8241)
    ,(#8242,#8243)
    ,(#8244,#8245)
    ,(#8246,#8247)
    ,(#8248,#8249)
    ,(#8250,#8251)
    ,(#8252,#8253)
    ,(#8254,#8255)
    ,(#8256,#8257)
    ,(#8258,#8259)
    ,(#8260,#8261)
    ,(#8262,#8263)
    ,(#8264,#8265)
    ,(#8266,#8267)
    ,(#8268,#8269)
    ,(#8270,#8271)
    ,(#8272,#8273
    )),.UNSPECIFIED.,.F.,.F.,.F.,(4,1,1,1,1,1,1,1,1,1,1,1,1,1,1,1,4),(2,
    2),(0.,6.384589973479E-02,0.126043627841,0.18716535772,
    0.247399289521,0.308380030604,0.369779616664,0.432583924687,
    0.497640785995,0.562401136962,0.625557103333,0.68733200462,
    0.748312745703,0.809791039123,0.871767571973,0.93483619095,1.),(0.,
    1.2E-03),.UNSPECIFIED.);
#8236 = CARTESIAN_POINT('',(34.848432408942,1.793774696119,
    9.649568891597));
#8237 = CARTESIAN_POINT('',(34.848432408942,1.805774696119,
    9.649568891597));
#8238 = CARTESIAN_POINT('',(34.871522105217,1.793774696119,
    9.650225158432));
#8239 = CARTESIAN_POINT('',(34.871522105217,1.805774696119,
    9.650225158432));
#8240 = CARTESIAN_POINT('',(34.917105440971,1.793774696119,
    9.651520750681));
#8241 = CARTESIAN_POINT('',(34.917105440971,1.805774696119,
    9.651520750681));
#8242 = CARTESIAN_POINT('',(34.984201979853,1.793774696119,
    9.661374978707));
#8243 = CARTESIAN_POINT('',(34.984201979853,1.805774696119,
    9.661374978707));
#8244 = CARTESIAN_POINT('',(35.048795191724,1.793774696119,9.67698747701
    ));
#8245 = CARTESIAN_POINT('',(35.048795191724,1.805774696119,9.67698747701
    ));
#8246 = CARTESIAN_POINT('',(35.111007623178,1.793774696119,
    9.699169879573));
#8247 = CARTESIAN_POINT('',(35.111007623178,1.805774696119,
    9.699169879573));
#8248 = CARTESIAN_POINT('',(35.170629477983,1.793774696119,
    9.727812166154));
#8249 = CARTESIAN_POINT('',(35.170629477983,1.805774696119,
    9.727812166154));
#8250 = CARTESIAN_POINT('',(35.227717839261,1.793774696119,
    9.762992318362));
#8251 = CARTESIAN_POINT('',(35.227717839261,1.805774696119,
    9.762992318362));
#8252 = CARTESIAN_POINT('',(35.28244062427,1.793774696119,9.804244383395
    ));
#8253 = CARTESIAN_POINT('',(35.28244062427,1.805774696119,9.804244383395
    ));
#8254 = CARTESIAN_POINT('',(35.333727349521,1.793774696119,
    9.851503808187));
#8255 = CARTESIAN_POINT('',(35.333727349521,1.805774696119,
    9.851503808187));
#8256 = CARTESIAN_POINT('',(35.38079602976,1.793774696119,9.903128624115
    ));
#8257 = CARTESIAN_POINT('',(35.38079602976,1.805774696119,9.903128624115
    ));
#8258 = CARTESIAN_POINT('',(35.421942653122,1.793774696119,9.95813438257
    ));
#8259 = CARTESIAN_POINT('',(35.421942653122,1.805774696119,9.95813438257
    ));
#8260 = CARTESIAN_POINT('',(35.456930091564,1.793774696119,
    10.015628878876));
#8261 = CARTESIAN_POINT('',(35.456930091564,1.805774696119,
    10.015628878876));
#8262 = CARTESIAN_POINT('',(35.486076699698,1.793774696119,
    10.075671901098));
#8263 = CARTESIAN_POINT('',(35.486076699698,1.805774696119,
    10.075671901098));
#8264 = CARTESIAN_POINT('',(35.507784983028,1.793774696119,
    10.138871918414));
#8265 = CARTESIAN_POINT('',(35.507784983028,1.805774696119,
    10.138871918414));
#8266 = CARTESIAN_POINT('',(35.523550914397,1.793774696119,
    10.204513205017));
#8267 = CARTESIAN_POINT('',(35.523550914397,1.805774696119,
    10.204513205017));
#8268 = CARTESIAN_POINT('',(35.533395845855,1.793774696119,
    10.272729497302));
#8269 = CARTESIAN_POINT('',(35.533395845855,1.805774696119,
    10.272729497302));
#8270 = CARTESIAN_POINT('',(35.534679257001,1.793774696119,
    10.319103332971));
#8271 = CARTESIAN_POINT('',(35.534679257001,1.805774696119,
    10.319103332971));
#8272 = CARTESIAN_POINT('',(35.535331447404,1.793774696119,
    10.342669101933));
#8273 = CARTESIAN_POINT('',(35.535331447404,1.805774696119,
    10.342669101933));
#8274 = ADVANCED_FACE('',(#8275),#8309,.T.);
#8275 = FACE_BOUND('',#8276,.T.);
#8276 = EDGE_LOOP('',(#8277,#8301,#8307,#8308));
#8277 = ORIENTED_EDGE('',*,*,#8278,.F.);
#8278 = EDGE_CURVE('',#8279,#8198,#8281,.T.);
#8279 = VERTEX_POINT('',#8280);
#8280 = CARTESIAN_POINT('',(34.161533370481,1.803774696119,
    10.342669101933));
#8281 = B_SPLINE_CURVE_WITH_KNOTS('',3,(#8282,#8283,#8284,#8285,#8286,
    #8287,#8288,#8289,#8290,#8291,#8292,#8293,#8294,#8295,#8296,#8297,
    #8298,#8299,#8300),.UNSPECIFIED.,.F.,.F.,(4,1,1,1,1,1,1,1,1,1,1,1,1,
    1,1,1,4),(0.,6.518479598607E-02,0.128273727114,0.190270220393,
    0.251768313776,0.312768694578,0.37479327941,0.437969586063,
    0.503047399863,0.568125213664,0.630949748712,0.692369109387,
    0.75297316775,0.813641066918,0.874355208692,0.936572968465,1.),
  .UNSPECIFIED.);
#8282 = CARTESIAN_POINT('',(34.161533370481,1.803774696119,
    10.342669101933));
#8283 = CARTESIAN_POINT('',(34.162185336338,1.803774696119,
    10.319103192133));
#8284 = CARTESIAN_POINT('',(34.163468305612,1.803774696119,
    10.272729079318));
#8285 = CARTESIAN_POINT('',(34.173316451021,1.803774696119,
    10.204514802856));
#8286 = CARTESIAN_POINT('',(34.189070487828,1.803774696119,
    10.138866055863));
#8287 = CARTESIAN_POINT('',(34.210822605995,1.803774696119,
    10.075693532201));
#8288 = CARTESIAN_POINT('',(34.239842568989,1.803774696119,
    10.015473417654));
#8289 = CARTESIAN_POINT('',(34.275504708565,1.803774696119,
    9.958303192638));
#8290 = CARTESIAN_POINT('',(34.316483316922,1.803774696119,9.90293807827
    ));
#8291 = CARTESIAN_POINT('',(34.364119965247,1.803774696119,9.85167069052
    ));
#8292 = CARTESIAN_POINT('',(34.41535315627,1.803774696119,9.80422596028)
  );
#8293 = CARTESIAN_POINT('',(34.470098119748,1.803774696119,
    9.762976322135));
#8294 = CARTESIAN_POINT('',(34.527101828391,1.803774696119,
    9.727966779485));
#8295 = CARTESIAN_POINT('',(34.586550471237,1.803774696119,9.69892489081
    ));
#8296 = CARTESIAN_POINT('',(34.648770878869,1.803774696119,
    9.677189289624));
#8297 = CARTESIAN_POINT('',(34.713273586401,1.803774696119,
    9.661284831405));
#8298 = CARTESIAN_POINT('',(34.780083848163,1.803774696119,
    9.651562394053));
#8299 = CARTESIAN_POINT('',(34.825503840028,1.803774696119,
    9.650237642452));
#8300 = CARTESIAN_POINT('',(34.848432408942,1.803774696119,
    9.649568891597));
#8301 = ORIENTED_EDGE('',*,*,#8302,.F.);
#8302 = EDGE_CURVE('',#8128,#8279,#8303,.T.);
#8303 = LINE('',#8304,#8305);
#8304 = CARTESIAN_POINT('',(34.161533370481,1.793774696119,
    10.342669101933));
#8305 = VECTOR('',#8306,1.);
#8306 = DIRECTION('',(0.,1.,2.331468351713E-15));
#8307 = ORIENTED_EDGE('',*,*,#8127,.T.);
#8308 = ORIENTED_EDGE('',*,*,#8223,.T.);
#8309 = B_SPLINE_SURFACE_WITH_KNOTS('',3,1,(
    (#8310,#8311)
    ,(#8312,#8313)
    ,(#8314,#8315)
    ,(#8316,#8317)
    ,(#8318,#8319)
    ,(#8320,#8321)
    ,(#8322,#8323)
    ,(#8324,#8325)
    ,(#8326,#8327)
    ,(#8328,#8329)
    ,(#8330,#8331)
    ,(#8332,#8333)
    ,(#8334,#8335)
    ,(#8336,#8337)
    ,(#8338,#8339)
    ,(#8340,#8341)
    ,(#8342,#8343)
    ,(#8344,#8345)
    ,(#8346,#8347
    )),.UNSPECIFIED.,.F.,.F.,.F.,(4,1,1,1,1,1,1,1,1,1,1,1,1,1,1,1,4),(2,
    2),(0.,6.518479598607E-02,0.128273727114,0.190270220393,
    0.251768313776,0.312768694578,0.37479327941,0.437969586063,
    0.503047399863,0.568125213664,0.630949748712,0.692369109387,
    0.75297316775,0.813641066918,0.874355208692,0.936572968465,1.),(0.,
    1.2E-03),.UNSPECIFIED.);
#8310 = CARTESIAN_POINT('',(34.161533370481,1.793774696119,
    10.342669101933));
#8311 = CARTESIAN_POINT('',(34.161533370481,1.805774696119,
    10.342669101933));
#8312 = CARTESIAN_POINT('',(34.162185336338,1.793774696119,
    10.319103192133));
#8313 = CARTESIAN_POINT('',(34.162185336338,1.805774696119,
    10.319103192133));
#8314 = CARTESIAN_POINT('',(34.163468305612,1.793774696119,
    10.272729079318));
#8315 = CARTESIAN_POINT('',(34.163468305612,1.805774696119,
    10.272729079318));
#8316 = CARTESIAN_POINT('',(34.173316451021,1.793774696119,
    10.204514802856));
#8317 = CARTESIAN_POINT('',(34.173316451021,1.805774696119,
    10.204514802856));
#8318 = CARTESIAN_POINT('',(34.189070487828,1.793774696119,
    10.138866055863));
#8319 = CARTESIAN_POINT('',(34.189070487828,1.805774696119,
    10.138866055863));
#8320 = CARTESIAN_POINT('',(34.210822605995,1.793774696119,
    10.075693532201));
#8321 = CARTESIAN_POINT('',(34.210822605995,1.805774696119,
    10.075693532201));
#8322 = CARTESIAN_POINT('',(34.239842568989,1.793774696119,
    10.015473417654));
#8323 = CARTESIAN_POINT('',(34.239842568989,1.805774696119,
    10.015473417654));
#8324 = CARTESIAN_POINT('',(34.275504708565,1.793774696119,
    9.958303192638));
#8325 = CARTESIAN_POINT('',(34.275504708565,1.805774696119,
    9.958303192638));
#8326 = CARTESIAN_POINT('',(34.316483316922,1.793774696119,9.90293807827
    ));
#8327 = CARTESIAN_POINT('',(34.316483316922,1.805774696119,9.90293807827
    ));
#8328 = CARTESIAN_POINT('',(34.364119965247,1.793774696119,9.85167069052
    ));
#8329 = CARTESIAN_POINT('',(34.364119965247,1.805774696119,9.85167069052
    ));
#8330 = CARTESIAN_POINT('',(34.41535315627,1.793774696119,9.80422596028)
  );
#8331 = CARTESIAN_POINT('',(34.41535315627,1.805774696119,9.80422596028)
  );
#8332 = CARTESIAN_POINT('',(34.470098119748,1.793774696119,
    9.762976322135));
#8333 = CARTESIAN_POINT('',(34.470098119748,1.805774696119,
    9.762976322135));
#8334 = CARTESIAN_POINT('',(34.527101828391,1.793774696119,
    9.727966779485));
#8335 = CARTESIAN_POINT('',(34.527101828391,1.805774696119,
    9.727966779485));
#8336 = CARTESIAN_POINT('',(34.586550471237,1.793774696119,9.69892489081
    ));
#8337 = CARTESIAN_POINT('',(34.586550471237,1.805774696119,9.69892489081
    ));
#8338 = CARTESIAN_POINT('',(34.648770878869,1.793774696119,
    9.677189289624));
#8339 = CARTESIAN_POINT('',(34.648770878869,1.805774696119,
    9.677189289624));
#8340 = CARTESIAN_POINT('',(34.713273586401,1.793774696119,
    9.661284831405));
#8341 = CARTESIAN_POINT('',(34.713273586401,1.805774696119,
    9.661284831405));
#8342 = CARTESIAN_POINT('',(34.780083848163,1.793774696119,
    9.651562394053));
#8343 = CARTESIAN_POINT('',(34.780083848163,1.805774696119,
    9.651562394053));
#8344 = CARTESIAN_POINT('',(34.825503840028,1.793774696119,
    9.650237642452));
#8345 = CARTESIAN_POINT('',(34.825503840028,1.805774696119,
    9.650237642452));
#8346 = CARTESIAN_POINT('',(34.848432408942,1.793774696119,
    9.649568891597));
#8347 = CARTESIAN_POINT('',(34.848432408942,1.805774696119,
    9.649568891597));
#8348 = ADVANCED_FACE('',(#8349),#8379,.T.);
#8349 = FACE_BOUND('',#8350,.T.);
#8350 = EDGE_LOOP('',(#8351,#8371,#8377,#8378));
#8351 = ORIENTED_EDGE('',*,*,#8352,.F.);
#8352 = EDGE_CURVE('',#8353,#8279,#8355,.T.);
#8353 = VERTEX_POINT('',#8354);
#8354 = CARTESIAN_POINT('',(34.848432408942,1.803774696119,
    11.02336696852));
#8355 = B_SPLINE_CURVE_WITH_KNOTS('',3,(#8356,#8357,#8358,#8359,#8360,
    #8361,#8362,#8363,#8364,#8365,#8366,#8367,#8368,#8369,#8370),
  .UNSPECIFIED.,.F.,.F.,(4,1,1,1,1,1,1,1,1,1,1,1,4),(0.,
    8.560569497353E-02,0.168983263922,0.25090758233,0.333708096114,
    0.416004984256,0.497659567574,0.579893285642,0.663902321043,
    0.748466253808,0.83179088648,0.915251908832,1.),.UNSPECIFIED.);
#8356 = CARTESIAN_POINT('',(34.848432408942,1.803774696119,
    11.02336696852));
#8357 = CARTESIAN_POINT('',(34.817662325793,1.803774696119,
    11.022475509981));
#8358 = CARTESIAN_POINT('',(34.756923036388,1.803774696119,
    11.020715795588));
#8359 = CARTESIAN_POINT('',(34.668164203578,1.803774696119,
    11.003217812881));
#8360 = CARTESIAN_POINT('',(34.583178090574,1.803774696119,
    10.975933000866));
#8361 = CARTESIAN_POINT('',(34.502738521567,1.803774696119,
    10.937885925932));
#8362 = CARTESIAN_POINT('',(34.428194100303,1.803774696119,
    10.889572122312));
#8363 = CARTESIAN_POINT('',(34.360601215974,1.803774696119,
    10.832125230053));
#8364 = CARTESIAN_POINT('',(34.302261535899,1.803774696119,
    10.764488306186));
#8365 = CARTESIAN_POINT('',(34.252368493988,1.803774696119,
    10.689269701757));
#8366 = CARTESIAN_POINT('',(34.211855442251,1.803774696119,
    10.608113740779));
#8367 = CARTESIAN_POINT('',(34.182475442461,1.803774696119,
    10.522531294441));
#8368 = CARTESIAN_POINT('',(34.164787799209,1.803774696119,
    10.433552798067));
#8369 = CARTESIAN_POINT('',(34.162623699665,1.803774696119,
    10.373117808761));
#8370 = CARTESIAN_POINT('',(34.161533370481,1.803774696119,
    10.342669101933));
#8371 = ORIENTED_EDGE('',*,*,#8372,.F.);
#8372 = EDGE_CURVE('',#8152,#8353,#8373,.T.);
#8373 = LINE('',#8374,#8375);
#8374 = CARTESIAN_POINT('',(34.848432408942,1.793774696119,
    11.02336696852));
#8375 = VECTOR('',#8376,1.);
#8376 = DIRECTION('',(0.,1.,2.331468351713E-15));
#8377 = ORIENTED_EDGE('',*,*,#8151,.T.);
#8378 = ORIENTED_EDGE('',*,*,#8302,.T.);
#8379 = B_SPLINE_SURFACE_WITH_KNOTS('',3,1,(
    (#8380,#8381)
    ,(#8382,#8383)
    ,(#8384,#8385)
    ,(#8386,#8387)
    ,(#8388,#8389)
    ,(#8390,#8391)
    ,(#8392,#8393)
    ,(#8394,#8395)
    ,(#8396,#8397)
    ,(#8398,#8399)
    ,(#8400,#8401)
    ,(#8402,#8403)
    ,(#8404,#8405)
    ,(#8406,#8407)
    ,(#8408,#8409
    )),.UNSPECIFIED.,.F.,.F.,.F.,(4,1,1,1,1,1,1,1,1,1,1,1,4),(2,2),(0.,
    8.560569497353E-02,0.168983263922,0.25090758233,0.333708096114,
    0.416004984256,0.497659567574,0.579893285642,0.663902321043,
    0.748466253808,0.83179088648,0.915251908832,1.),(0.,1.2E-03),
  .UNSPECIFIED.);
#8380 = CARTESIAN_POINT('',(34.848432408942,1.793774696119,
    11.02336696852));
#8381 = CARTESIAN_POINT('',(34.848432408942,1.805774696119,
    11.02336696852));
#8382 = CARTESIAN_POINT('',(34.817662325793,1.793774696119,
    11.022475509981));
#8383 = CARTESIAN_POINT('',(34.817662325793,1.805774696119,
    11.022475509981));
#8384 = CARTESIAN_POINT('',(34.756923036388,1.793774696119,
    11.020715795588));
#8385 = CARTESIAN_POINT('',(34.756923036388,1.805774696119,
    11.020715795588));
#8386 = CARTESIAN_POINT('',(34.668164203578,1.793774696119,
    11.003217812881));
#8387 = CARTESIAN_POINT('',(34.668164203578,1.805774696119,
    11.003217812881));
#8388 = CARTESIAN_POINT('',(34.583178090574,1.793774696119,
    10.975933000866));
#8389 = CARTESIAN_POINT('',(34.583178090574,1.805774696119,
    10.975933000866));
#8390 = CARTESIAN_POINT('',(34.502738521567,1.793774696119,
    10.937885925932));
#8391 = CARTESIAN_POINT('',(34.502738521567,1.805774696119,
    10.937885925932));
#8392 = CARTESIAN_POINT('',(34.428194100303,1.793774696119,
    10.889572122312));
#8393 = CARTESIAN_POINT('',(34.428194100303,1.805774696119,
    10.889572122312));
#8394 = CARTESIAN_POINT('',(34.360601215974,1.793774696119,
    10.832125230053));
#8395 = CARTESIAN_POINT('',(34.360601215974,1.805774696119,
    10.832125230053));
#8396 = CARTESIAN_POINT('',(34.302261535899,1.793774696119,
    10.764488306186));
#8397 = CARTESIAN_POINT('',(34.302261535899,1.805774696119,
    10.764488306186));
#8398 = CARTESIAN_POINT('',(34.252368493988,1.793774696119,
    10.689269701757));
#8399 = CARTESIAN_POINT('',(34.252368493988,1.805774696119,
    10.689269701757));
#8400 = CARTESIAN_POINT('',(34.211855442251,1.793774696119,
    10.608113740779));
#8401 = CARTESIAN_POINT('',(34.211855442251,1.805774696119,
    10.608113740779));
#8402 = CARTESIAN_POINT('',(34.182475442461,1.793774696119,
    10.522531294441));
#8403 = CARTESIAN_POINT('',(34.182475442461,1.805774696119,
    10.522531294441));
#8404 = CARTESIAN_POINT('',(34.164787799209,1.793774696119,
    10.433552798067));
#8405 = CARTESIAN_POINT('',(34.164787799209,1.805774696119,
    10.433552798067));
#8406 = CARTESIAN_POINT('',(34.162623699665,1.793774696119,
    10.373117808761));
#8407 = CARTESIAN_POINT('',(34.162623699665,1.805774696119,
    10.373117808761));
#8408 = CARTESIAN_POINT('',(34.161533370481,1.793774696119,
    10.342669101933));
#8409 = CARTESIAN_POINT('',(34.161533370481,1.805774696119,
    10.342669101933));
#8410 = ADVANCED_FACE('',(#8411),#8434,.T.);
#8411 = FACE_BOUND('',#8412,.T.);
#8412 = EDGE_LOOP('',(#8413,#8431,#8432,#8433));
#8413 = ORIENTED_EDGE('',*,*,#8414,.F.);
#8414 = EDGE_CURVE('',#8200,#8353,#8415,.T.);
#8415 = B_SPLINE_CURVE_WITH_KNOTS('',3,(#8416,#8417,#8418,#8419,#8420,
    #8421,#8422,#8423,#8424,#8425,#8426,#8427,#8428,#8429,#8430),
  .UNSPECIFIED.,.F.,.F.,(4,1,1,1,1,1,1,1,1,1,1,1,4),(0.,
    8.473274469802E-02,0.168178653646,0.251488197612,0.335840671389,
    0.419834494151,0.502344875988,0.583649019732,0.665931005276,
    0.748716525264,0.831047336137,0.914409806795,1.),.UNSPECIFIED.);
#8416 = CARTESIAN_POINT('',(35.535331447404,1.803774696119,
    10.342669101933));
#8417 = CARTESIAN_POINT('',(35.534238233466,1.803774696119,
    10.373116463269));
#8418 = CARTESIAN_POINT('',(35.532068408225,1.803774696119,
    10.433548782023));
#8419 = CARTESIAN_POINT('',(35.514423184865,1.803774696119,
    10.522547063674));
#8420 = CARTESIAN_POINT('',(35.484905019445,1.803774696119,
    10.607987573776));
#8421 = CARTESIAN_POINT('',(35.445044745214,1.803774696119,
    10.689369436423));
#8422 = CARTESIAN_POINT('',(35.395102300005,1.803774696119,
    10.764666111303));
#8423 = CARTESIAN_POINT('',(35.336260206427,1.803774696119,
    10.831797960479));
#8424 = CARTESIAN_POINT('',(35.269149981715,1.803774696119,
    10.889754735768));
#8425 = CARTESIAN_POINT('',(35.194571612833,1.803774696119,
    10.937842953907));
#8426 = CARTESIAN_POINT('',(35.114048407254,1.803774696119,
    10.976051644835));
#8427 = CARTESIAN_POINT('',(35.0288293745,1.803774696119,11.003129162242
    ));
#8428 = CARTESIAN_POINT('',(34.939947045158,1.803774696119,
    11.020731152963));
#8429 = CARTESIAN_POINT('',(34.879204262001,1.803774696119,
    11.022480673908));
#8430 = CARTESIAN_POINT('',(34.848432408942,1.803774696119,
    11.02336696852));
#8431 = ORIENTED_EDGE('',*,*,#8230,.F.);
#8432 = ORIENTED_EDGE('',*,*,#8171,.T.);
#8433 = ORIENTED_EDGE('',*,*,#8372,.T.);
#8434 = B_SPLINE_SURFACE_WITH_KNOTS('',3,1,(
    (#8435,#8436)
    ,(#8437,#8438)
    ,(#8439,#8440)
    ,(#8441,#8442)
    ,(#8443,#8444)
    ,(#8445,#8446)
    ,(#8447,#8448)
    ,(#8449,#8450)
    ,(#8451,#8452)
    ,(#8453,#8454)
    ,(#8455,#8456)
    ,(#8457,#8458)
    ,(#8459,#8460)
    ,(#8461,#8462)
    ,(#8463,#8464
    )),.UNSPECIFIED.,.F.,.F.,.F.,(4,1,1,1,1,1,1,1,1,1,1,1,4),(2,2),(0.,
    8.473274469802E-02,0.168178653646,0.251488197612,0.335840671389,
    0.419834494151,0.502344875988,0.583649019732,0.665931005276,
    0.748716525264,0.831047336137,0.914409806795,1.),(0.,1.2E-03),
  .UNSPECIFIED.);
#8435 = CARTESIAN_POINT('',(35.535331447404,1.793774696119,
    10.342669101933));
#8436 = CARTESIAN_POINT('',(35.535331447404,1.805774696119,
    10.342669101933));
#8437 = CARTESIAN_POINT('',(35.534238233466,1.793774696119,
    10.373116463269));
#8438 = CARTESIAN_POINT('',(35.534238233466,1.805774696119,
    10.373116463269));
#8439 = CARTESIAN_POINT('',(35.532068408225,1.793774696119,
    10.433548782023));
#8440 = CARTESIAN_POINT('',(35.532068408225,1.805774696119,
    10.433548782023));
#8441 = CARTESIAN_POINT('',(35.514423184865,1.793774696119,
    10.522547063674));
#8442 = CARTESIAN_POINT('',(35.514423184865,1.805774696119,
    10.522547063674));
#8443 = CARTESIAN_POINT('',(35.484905019445,1.793774696119,
    10.607987573776));
#8444 = CARTESIAN_POINT('',(35.484905019445,1.805774696119,
    10.607987573776));
#8445 = CARTESIAN_POINT('',(35.445044745214,1.793774696119,
    10.689369436423));
#8446 = CARTESIAN_POINT('',(35.445044745214,1.805774696119,
    10.689369436423));
#8447 = CARTESIAN_POINT('',(35.395102300005,1.793774696119,
    10.764666111303));
#8448 = CARTESIAN_POINT('',(35.395102300005,1.805774696119,
    10.764666111303));
#8449 = CARTESIAN_POINT('',(35.336260206427,1.793774696119,
    10.831797960479));
#8450 = CARTESIAN_POINT('',(35.336260206427,1.805774696119,
    10.831797960479));
#8451 = CARTESIAN_POINT('',(35.269149981715,1.793774696119,
    10.889754735768));
#8452 = CARTESIAN_POINT('',(35.269149981715,1.805774696119,
    10.889754735768));
#8453 = CARTESIAN_POINT('',(35.194571612833,1.793774696119,
    10.937842953907));
#8454 = CARTESIAN_POINT('',(35.194571612833,1.805774696119,
    10.937842953907));
#8455 = CARTESIAN_POINT('',(35.114048407254,1.793774696119,
    10.976051644835));
#8456 = CARTESIAN_POINT('',(35.114048407254,1.805774696119,
    10.976051644835));
#8457 = CARTESIAN_POINT('',(35.0288293745,1.793774696119,11.003129162242
    ));
#8458 = CARTESIAN_POINT('',(35.0288293745,1.805774696119,11.003129162242
    ));
#8459 = CARTESIAN_POINT('',(34.939947045158,1.793774696119,
    11.020731152963));
#8460 = CARTESIAN_POINT('',(34.939947045158,1.805774696119,
    11.020731152963));
#8461 = CARTESIAN_POINT('',(34.879204262001,1.793774696119,
    11.022480673908));
#8462 = CARTESIAN_POINT('',(34.879204262001,1.805774696119,
    11.022480673908));
#8463 = CARTESIAN_POINT('',(34.848432408942,1.793774696119,
    11.02336696852));
#8464 = CARTESIAN_POINT('',(34.848432408942,1.805774696119,
    11.02336696852));
#8465 = ADVANCED_FACE('',(#8466),#8472,.T.);
#8466 = FACE_BOUND('',#8467,.T.);
#8467 = EDGE_LOOP('',(#8468,#8469,#8470,#8471));
#8468 = ORIENTED_EDGE('',*,*,#8278,.T.);
#8469 = ORIENTED_EDGE('',*,*,#8197,.T.);
#8470 = ORIENTED_EDGE('',*,*,#8414,.T.);
#8471 = ORIENTED_EDGE('',*,*,#8352,.T.);
#8472 = PLANE('',#8473);
#8473 = AXIS2_PLACEMENT_3D('',#8474,#8475,#8476);
#8474 = CARTESIAN_POINT('',(49.969747354884,1.803774696119,
    11.206540045443));
#8475 = DIRECTION('',(0.,-1.,-2.331468351713E-15));
#8476 = DIRECTION('',(-1.,0.,0.));
#8477 = ADVANCED_FACE('',(#8478),#8503,.T.);
#8478 = FACE_BOUND('',#8479,.T.);
#8479 = EDGE_LOOP('',(#8480,#8481,#8489,#8497));
#8480 = ORIENTED_EDGE('',*,*,#4407,.F.);
#8481 = ORIENTED_EDGE('',*,*,#8482,.F.);
#8482 = EDGE_CURVE('',#8483,#4408,#8485,.T.);
#8483 = VERTEX_POINT('',#8484);
#8484 = CARTESIAN_POINT('',(30.375956447404,1.793774696119,
    9.466395814674));
#8485 = LINE('',#8486,#8487);
#8486 = CARTESIAN_POINT('',(30.375956447404,1.793774696119,
    9.466395814674));
#8487 = VECTOR('',#8488,1.);
#8488 = DIRECTION('',(0.,1.,2.331468351713E-15));
#8489 = ORIENTED_EDGE('',*,*,#8490,.T.);
#8490 = EDGE_CURVE('',#8483,#8491,#8493,.T.);
#8491 = VERTEX_POINT('',#8492);
#8492 = CARTESIAN_POINT('',(30.375956447404,1.793774696119,
    8.764232353135));
#8493 = LINE('',#8494,#8495);
#8494 = CARTESIAN_POINT('',(30.375956447404,1.793774696119,
    9.466395814674));
#8495 = VECTOR('',#8496,1.);
#8496 = DIRECTION('',(0.,2.331468351713E-15,-1.));
#8497 = ORIENTED_EDGE('',*,*,#8498,.T.);
#8498 = EDGE_CURVE('',#8491,#4410,#8499,.T.);
#8499 = LINE('',#8500,#8501);
#8500 = CARTESIAN_POINT('',(30.375956447404,1.793774696119,
    8.764232353135));
#8501 = VECTOR('',#8502,1.);
#8502 = DIRECTION('',(0.,1.,2.331468351713E-15));
#8503 = PLANE('',#8504);
#8504 = AXIS2_PLACEMENT_3D('',#8505,#8506,#8507);
#8505 = CARTESIAN_POINT('',(30.375956447404,1.793774696119,
    9.466395814674));
#8506 = DIRECTION('',(1.,0.,-0.));
#8507 = DIRECTION('',(0.,-1.,-2.331468351713E-15));
#8508 = ADVANCED_FACE('',(#8509),#8527,.T.);
#8509 = FACE_BOUND('',#8510,.T.);
#8510 = EDGE_LOOP('',(#8511,#8512,#8520,#8526));
#8511 = ORIENTED_EDGE('',*,*,#4497,.F.);
#8512 = ORIENTED_EDGE('',*,*,#8513,.F.);
#8513 = EDGE_CURVE('',#8514,#4490,#8516,.T.);
#8514 = VERTEX_POINT('',#8515);
#8515 = CARTESIAN_POINT('',(30.681244908942,1.793774696119,
    9.466395814674));
#8516 = LINE('',#8517,#8518);
#8517 = CARTESIAN_POINT('',(30.681244908942,1.793774696119,
    9.466395814674));
#8518 = VECTOR('',#8519,1.);
#8519 = DIRECTION('',(0.,1.,2.331468351713E-15));
#8520 = ORIENTED_EDGE('',*,*,#8521,.T.);
#8521 = EDGE_CURVE('',#8514,#8483,#8522,.T.);
#8522 = LINE('',#8523,#8524);
#8523 = CARTESIAN_POINT('',(30.681244908942,1.793774696119,
    9.466395814674));
#8524 = VECTOR('',#8525,1.);
#8525 = DIRECTION('',(-1.,0.,0.));
#8526 = ORIENTED_EDGE('',*,*,#8482,.T.);
#8527 = PLANE('',#8528);
#8528 = AXIS2_PLACEMENT_3D('',#8529,#8530,#8531);
#8529 = CARTESIAN_POINT('',(30.681244908942,1.793774696119,
    9.466395814674));
#8530 = DIRECTION('',(0.,2.331468351713E-15,-1.));
#8531 = DIRECTION('',(0.,-1.,-2.331468351713E-15));
#8532 = ADVANCED_FACE('',(#8533),#8551,.T.);
#8533 = FACE_BOUND('',#8534,.T.);
#8534 = EDGE_LOOP('',(#8535,#8536,#8537,#8545));
#8535 = ORIENTED_EDGE('',*,*,#4417,.F.);
#8536 = ORIENTED_EDGE('',*,*,#8498,.F.);
#8537 = ORIENTED_EDGE('',*,*,#8538,.T.);
#8538 = EDGE_CURVE('',#8491,#8539,#8541,.T.);
#8539 = VERTEX_POINT('',#8540);
#8540 = CARTESIAN_POINT('',(30.162254524327,1.793774696119,
    8.764232353135));
#8541 = LINE('',#8542,#8543);
#8542 = CARTESIAN_POINT('',(30.375956447404,1.793774696119,
    8.764232353135));
#8543 = VECTOR('',#8544,1.);
#8544 = DIRECTION('',(-1.,0.,0.));
#8545 = ORIENTED_EDGE('',*,*,#8546,.T.);
#8546 = EDGE_CURVE('',#8539,#4418,#8547,.T.);
#8547 = LINE('',#8548,#8549);
#8548 = CARTESIAN_POINT('',(30.162254524327,1.793774696119,
    8.764232353135));
#8549 = VECTOR('',#8550,1.);
#8550 = DIRECTION('',(0.,1.,2.331468351713E-15));
#8551 = PLANE('',#8552);
#8552 = AXIS2_PLACEMENT_3D('',#8553,#8554,#8555);
#8553 = CARTESIAN_POINT('',(30.375956447404,1.793774696119,
    8.764232353135));
#8554 = DIRECTION('',(0.,2.331468351713E-15,-1.));
#8555 = DIRECTION('',(0.,-1.,-2.331468351713E-15));
#8556 = ADVANCED_FACE('',(#8557),#8575,.T.);
#8557 = FACE_BOUND('',#8558,.T.);
#8558 = EDGE_LOOP('',(#8559,#8560,#8568,#8574));
#8559 = ORIENTED_EDGE('',*,*,#4489,.F.);
#8560 = ORIENTED_EDGE('',*,*,#8561,.F.);
#8561 = EDGE_CURVE('',#8562,#4482,#8564,.T.);
#8562 = VERTEX_POINT('',#8563);
#8563 = CARTESIAN_POINT('',(30.681244908942,1.793774696119,
    9.680097737751));
#8564 = LINE('',#8565,#8566);
#8565 = CARTESIAN_POINT('',(30.681244908942,1.793774696119,
    9.680097737751));
#8566 = VECTOR('',#8567,1.);
#8567 = DIRECTION('',(0.,1.,2.331468351713E-15));
#8568 = ORIENTED_EDGE('',*,*,#8569,.T.);
#8569 = EDGE_CURVE('',#8562,#8514,#8570,.T.);
#8570 = LINE('',#8571,#8572);
#8571 = CARTESIAN_POINT('',(30.681244908942,1.793774696119,
    9.680097737751));
#8572 = VECTOR('',#8573,1.);
#8573 = DIRECTION('',(0.,2.331468351713E-15,-1.));
#8574 = ORIENTED_EDGE('',*,*,#8513,.T.);
#8575 = PLANE('',#8576);
#8576 = AXIS2_PLACEMENT_3D('',#8577,#8578,#8579);
#8577 = CARTESIAN_POINT('',(30.681244908942,1.793774696119,
    9.680097737751));
#8578 = DIRECTION('',(1.,0.,-0.));
#8579 = DIRECTION('',(0.,-1.,-2.331468351713E-15));
#8580 = ADVANCED_FACE('',(#8581),#8599,.T.);
#8581 = FACE_BOUND('',#8582,.T.);
#8582 = EDGE_LOOP('',(#8583,#8584,#8585,#8593));
#8583 = ORIENTED_EDGE('',*,*,#4425,.F.);
#8584 = ORIENTED_EDGE('',*,*,#8546,.F.);
#8585 = ORIENTED_EDGE('',*,*,#8586,.T.);
#8586 = EDGE_CURVE('',#8539,#8587,#8589,.T.);
#8587 = VERTEX_POINT('',#8588);
#8588 = CARTESIAN_POINT('',(30.162254524327,1.793774696119,
    9.466395814674));
#8589 = LINE('',#8590,#8591);
#8590 = CARTESIAN_POINT('',(30.162254524327,1.793774696119,
    8.764232353135));
#8591 = VECTOR('',#8592,1.);
#8592 = DIRECTION('',(0.,-2.331468351713E-15,1.));
#8593 = ORIENTED_EDGE('',*,*,#8594,.T.);
#8594 = EDGE_CURVE('',#8587,#4426,#8595,.T.);
#8595 = LINE('',#8596,#8597);
#8596 = CARTESIAN_POINT('',(30.162254524327,1.793774696119,
    9.466395814674));
#8597 = VECTOR('',#8598,1.);
#8598 = DIRECTION('',(0.,1.,2.331468351713E-15));
#8599 = PLANE('',#8600);
#8600 = AXIS2_PLACEMENT_3D('',#8601,#8602,#8603);
#8601 = CARTESIAN_POINT('',(30.162254524327,1.793774696119,
    8.764232353135));
#8602 = DIRECTION('',(-1.,0.,0.));
#8603 = DIRECTION('',(0.,1.,2.331468351713E-15));
#8604 = ADVANCED_FACE('',(#8605),#8623,.T.);
#8605 = FACE_BOUND('',#8606,.T.);
#8606 = EDGE_LOOP('',(#8607,#8608,#8616,#8622));
#8607 = ORIENTED_EDGE('',*,*,#4481,.F.);
#8608 = ORIENTED_EDGE('',*,*,#8609,.F.);
#8609 = EDGE_CURVE('',#8610,#4474,#8612,.T.);
#8610 = VERTEX_POINT('',#8611);
#8611 = CARTESIAN_POINT('',(30.375956447404,1.793774696119,
    9.680097737751));
#8612 = LINE('',#8613,#8614);
#8613 = CARTESIAN_POINT('',(30.375956447404,1.793774696119,
    9.680097737751));
#8614 = VECTOR('',#8615,1.);
#8615 = DIRECTION('',(0.,1.,2.331468351713E-15));
#8616 = ORIENTED_EDGE('',*,*,#8617,.T.);
#8617 = EDGE_CURVE('',#8610,#8562,#8618,.T.);
#8618 = LINE('',#8619,#8620);
#8619 = CARTESIAN_POINT('',(30.375956447404,1.793774696119,
    9.680097737751));
#8620 = VECTOR('',#8621,1.);
#8621 = DIRECTION('',(1.,0.,-0.));
#8622 = ORIENTED_EDGE('',*,*,#8561,.T.);
#8623 = PLANE('',#8624);
#8624 = AXIS2_PLACEMENT_3D('',#8625,#8626,#8627);
#8625 = CARTESIAN_POINT('',(30.375956447404,1.793774696119,
    9.680097737751));
#8626 = DIRECTION('',(0.,-2.331468351713E-15,1.));
#8627 = DIRECTION('',(0.,1.,2.331468351713E-15));
#8628 = ADVANCED_FACE('',(#8629),#8647,.T.);
#8629 = FACE_BOUND('',#8630,.T.);
#8630 = EDGE_LOOP('',(#8631,#8632,#8633,#8641));
#8631 = ORIENTED_EDGE('',*,*,#4433,.F.);
#8632 = ORIENTED_EDGE('',*,*,#8594,.F.);
#8633 = ORIENTED_EDGE('',*,*,#8634,.T.);
#8634 = EDGE_CURVE('',#8587,#8635,#8637,.T.);
#8635 = VERTEX_POINT('',#8636);
#8636 = CARTESIAN_POINT('',(29.856966062789,1.793774696119,
    9.466395814674));
#8637 = LINE('',#8638,#8639);
#8638 = CARTESIAN_POINT('',(30.162254524327,1.793774696119,
    9.466395814674));
#8639 = VECTOR('',#8640,1.);
#8640 = DIRECTION('',(-1.,0.,0.));
#8641 = ORIENTED_EDGE('',*,*,#8642,.T.);
#8642 = EDGE_CURVE('',#8635,#4434,#8643,.T.);
#8643 = LINE('',#8644,#8645);
#8644 = CARTESIAN_POINT('',(29.856966062788,1.793774696119,
    9.466395814674));
#8645 = VECTOR('',#8646,1.);
#8646 = DIRECTION('',(0.,1.,2.331468351713E-15));
#8647 = PLANE('',#8648);
#8648 = AXIS2_PLACEMENT_3D('',#8649,#8650,#8651);
#8649 = CARTESIAN_POINT('',(30.162254524327,1.793774696119,
    9.466395814674));
#8650 = DIRECTION('',(0.,2.331468351713E-15,-1.));
#8651 = DIRECTION('',(0.,-1.,-2.331468351713E-15));
#8652 = ADVANCED_FACE('',(#8653),#8671,.T.);
#8653 = FACE_BOUND('',#8654,.T.);
#8654 = EDGE_LOOP('',(#8655,#8656,#8664,#8670));
#8655 = ORIENTED_EDGE('',*,*,#4473,.F.);
#8656 = ORIENTED_EDGE('',*,*,#8657,.F.);
#8657 = EDGE_CURVE('',#8658,#4466,#8660,.T.);
#8658 = VERTEX_POINT('',#8659);
#8659 = CARTESIAN_POINT('',(30.375956447404,1.793774696119,
    11.206540045443));
#8660 = LINE('',#8661,#8662);
#8661 = CARTESIAN_POINT('',(30.375956447404,1.793774696119,
    11.206540045443));
#8662 = VECTOR('',#8663,1.);
#8663 = DIRECTION('',(0.,1.,2.331468351713E-15));
#8664 = ORIENTED_EDGE('',*,*,#8665,.T.);
#8665 = EDGE_CURVE('',#8658,#8610,#8666,.T.);
#8666 = LINE('',#8667,#8668);
#8667 = CARTESIAN_POINT('',(30.375956447404,1.793774696119,
    11.206540045443));
#8668 = VECTOR('',#8669,1.);
#8669 = DIRECTION('',(0.,2.331468351713E-15,-1.));
#8670 = ORIENTED_EDGE('',*,*,#8609,.T.);
#8671 = PLANE('',#8672);
#8672 = AXIS2_PLACEMENT_3D('',#8673,#8674,#8675);
#8673 = CARTESIAN_POINT('',(30.375956447404,1.793774696119,
    11.206540045443));
#8674 = DIRECTION('',(1.,0.,-0.));
#8675 = DIRECTION('',(0.,-1.,-2.331468351713E-15));
#8676 = ADVANCED_FACE('',(#8677),#8695,.T.);
#8677 = FACE_BOUND('',#8678,.T.);
#8678 = EDGE_LOOP('',(#8679,#8680,#8681,#8689));
#8679 = ORIENTED_EDGE('',*,*,#4441,.F.);
#8680 = ORIENTED_EDGE('',*,*,#8642,.F.);
#8681 = ORIENTED_EDGE('',*,*,#8682,.T.);
#8682 = EDGE_CURVE('',#8635,#8683,#8685,.T.);
#8683 = VERTEX_POINT('',#8684);
#8684 = CARTESIAN_POINT('',(29.856966062789,1.793774696119,
    9.680097737751));
#8685 = LINE('',#8686,#8687);
#8686 = CARTESIAN_POINT('',(29.856966062788,1.793774696119,
    9.466395814674));
#8687 = VECTOR('',#8688,1.);
#8688 = DIRECTION('',(0.,-2.331468351713E-15,1.));
#8689 = ORIENTED_EDGE('',*,*,#8690,.T.);
#8690 = EDGE_CURVE('',#8683,#4442,#8691,.T.);
#8691 = LINE('',#8692,#8693);
#8692 = CARTESIAN_POINT('',(29.856966062788,1.793774696119,
    9.680097737751));
#8693 = VECTOR('',#8694,1.);
#8694 = DIRECTION('',(0.,1.,2.331468351713E-15));
#8695 = PLANE('',#8696);
#8696 = AXIS2_PLACEMENT_3D('',#8697,#8698,#8699);
#8697 = CARTESIAN_POINT('',(29.856966062788,1.793774696119,
    9.466395814674));
#8698 = DIRECTION('',(-1.,0.,0.));
#8699 = DIRECTION('',(0.,1.,2.331468351713E-15));
#8700 = ADVANCED_FACE('',(#8701),#8719,.T.);
#8701 = FACE_BOUND('',#8702,.T.);
#8702 = EDGE_LOOP('',(#8703,#8704,#8712,#8718));
#8703 = ORIENTED_EDGE('',*,*,#4465,.F.);
#8704 = ORIENTED_EDGE('',*,*,#8705,.F.);
#8705 = EDGE_CURVE('',#8706,#4458,#8708,.T.);
#8706 = VERTEX_POINT('',#8707);
#8707 = CARTESIAN_POINT('',(30.162254524327,1.793774696119,
    11.206540045443));
#8708 = LINE('',#8709,#8710);
#8709 = CARTESIAN_POINT('',(30.162254524327,1.793774696119,
    11.206540045443));
#8710 = VECTOR('',#8711,1.);
#8711 = DIRECTION('',(0.,1.,2.331468351713E-15));
#8712 = ORIENTED_EDGE('',*,*,#8713,.T.);
#8713 = EDGE_CURVE('',#8706,#8658,#8714,.T.);
#8714 = LINE('',#8715,#8716);
#8715 = CARTESIAN_POINT('',(30.162254524327,1.793774696119,
    11.206540045443));
#8716 = VECTOR('',#8717,1.);
#8717 = DIRECTION('',(1.,0.,-0.));
#8718 = ORIENTED_EDGE('',*,*,#8657,.T.);
#8719 = PLANE('',#8720);
#8720 = AXIS2_PLACEMENT_3D('',#8721,#8722,#8723);
#8721 = CARTESIAN_POINT('',(30.162254524327,1.793774696119,
    11.206540045443));
#8722 = DIRECTION('',(0.,-2.331468351713E-15,1.));
#8723 = DIRECTION('',(0.,1.,2.331468351713E-15));
#8724 = ADVANCED_FACE('',(#8725),#8743,.T.);
#8725 = FACE_BOUND('',#8726,.T.);
#8726 = EDGE_LOOP('',(#8727,#8728,#8729,#8737));
#8727 = ORIENTED_EDGE('',*,*,#4449,.F.);
#8728 = ORIENTED_EDGE('',*,*,#8690,.F.);
#8729 = ORIENTED_EDGE('',*,*,#8730,.T.);
#8730 = EDGE_CURVE('',#8683,#8731,#8733,.T.);
#8731 = VERTEX_POINT('',#8732);
#8732 = CARTESIAN_POINT('',(30.162254524327,1.793774696119,
    9.680097737751));
#8733 = LINE('',#8734,#8735);
#8734 = CARTESIAN_POINT('',(29.856966062788,1.793774696119,
    9.680097737751));
#8735 = VECTOR('',#8736,1.);
#8736 = DIRECTION('',(1.,0.,-0.));
#8737 = ORIENTED_EDGE('',*,*,#8738,.T.);
#8738 = EDGE_CURVE('',#8731,#4450,#8739,.T.);
#8739 = LINE('',#8740,#8741);
#8740 = CARTESIAN_POINT('',(30.162254524327,1.793774696119,
    9.680097737751));
#8741 = VECTOR('',#8742,1.);
#8742 = DIRECTION('',(0.,1.,2.331468351713E-15));
#8743 = PLANE('',#8744);
#8744 = AXIS2_PLACEMENT_3D('',#8745,#8746,#8747);
#8745 = CARTESIAN_POINT('',(29.856966062788,1.793774696119,
    9.680097737751));
#8746 = DIRECTION('',(0.,-2.331468351713E-15,1.));
#8747 = DIRECTION('',(0.,1.,2.331468351713E-15));
#8748 = ADVANCED_FACE('',(#8749),#8760,.T.);
#8749 = FACE_BOUND('',#8750,.T.);
#8750 = EDGE_LOOP('',(#8751,#8752,#8753,#8759));
#8751 = ORIENTED_EDGE('',*,*,#4457,.F.);
#8752 = ORIENTED_EDGE('',*,*,#8738,.F.);
#8753 = ORIENTED_EDGE('',*,*,#8754,.T.);
#8754 = EDGE_CURVE('',#8731,#8706,#8755,.T.);
#8755 = LINE('',#8756,#8757);
#8756 = CARTESIAN_POINT('',(30.162254524327,1.793774696119,
    9.680097737751));
#8757 = VECTOR('',#8758,1.);
#8758 = DIRECTION('',(0.,-2.331468351713E-15,1.));
#8759 = ORIENTED_EDGE('',*,*,#8705,.T.);
#8760 = PLANE('',#8761);
#8761 = AXIS2_PLACEMENT_3D('',#8762,#8763,#8764);
#8762 = CARTESIAN_POINT('',(30.162254524327,1.793774696119,
    9.680097737751));
#8763 = DIRECTION('',(-1.,0.,0.));
#8764 = DIRECTION('',(0.,1.,2.331468351713E-15));
#8765 = ADVANCED_FACE('',(#8766),#8780,.F.);
#8766 = FACE_BOUND('',#8767,.T.);
#8767 = EDGE_LOOP('',(#8768,#8769,#8770,#8771,#8772,#8773,#8774,#8775,
    #8776,#8777,#8778,#8779));
#8768 = ORIENTED_EDGE('',*,*,#8490,.F.);
#8769 = ORIENTED_EDGE('',*,*,#8521,.F.);
#8770 = ORIENTED_EDGE('',*,*,#8569,.F.);
#8771 = ORIENTED_EDGE('',*,*,#8617,.F.);
#8772 = ORIENTED_EDGE('',*,*,#8665,.F.);
#8773 = ORIENTED_EDGE('',*,*,#8713,.F.);
#8774 = ORIENTED_EDGE('',*,*,#8754,.F.);
#8775 = ORIENTED_EDGE('',*,*,#8730,.F.);
#8776 = ORIENTED_EDGE('',*,*,#8682,.F.);
#8777 = ORIENTED_EDGE('',*,*,#8634,.F.);
#8778 = ORIENTED_EDGE('',*,*,#8586,.F.);
#8779 = ORIENTED_EDGE('',*,*,#8538,.F.);
#8780 = PLANE('',#8781);
#8781 = AXIS2_PLACEMENT_3D('',#8782,#8783,#8784);
#8782 = CARTESIAN_POINT('',(49.969747354884,1.793774696119,
    11.206540045443));
#8783 = DIRECTION('',(0.,1.,2.331468351713E-15));
#8784 = DIRECTION('',(1.,0.,-0.));
#8785 = ADVANCED_FACE('',(#8786),#8823,.T.);
#8786 = FACE_BOUND('',#8787,.T.);
#8787 = EDGE_LOOP('',(#8788,#8789,#8797,#8817));
#8788 = ORIENTED_EDGE('',*,*,#4505,.F.);
#8789 = ORIENTED_EDGE('',*,*,#8790,.F.);
#8790 = EDGE_CURVE('',#8791,#4506,#8793,.T.);
#8791 = VERTEX_POINT('',#8792);
#8792 = CARTESIAN_POINT('',(28.703071080817,1.793774696119,
    11.02336696852));
#8793 = LINE('',#8794,#8795);
#8794 = CARTESIAN_POINT('',(28.703071080817,1.793774696119,
    11.02336696852));
#8795 = VECTOR('',#8796,1.);
#8796 = DIRECTION('',(0.,1.,2.331468351713E-15));
#8797 = ORIENTED_EDGE('',*,*,#8798,.T.);
#8798 = EDGE_CURVE('',#8791,#8799,#8801,.T.);
#8799 = VERTEX_POINT('',#8800);
#8800 = CARTESIAN_POINT('',(28.062442324808,1.793774696119,
    10.657020814674));
#8801 = B_SPLINE_CURVE_WITH_KNOTS('',3,(#8802,#8803,#8804,#8805,#8806,
    #8807,#8808,#8809,#8810,#8811,#8812,#8813,#8814,#8815,#8816),
  .UNSPECIFIED.,.F.,.F.,(4,1,1,1,1,1,1,1,1,1,1,1,4),(0.,
    8.259226333144E-02,0.163878894098,0.24565873963,0.327725695354,
    0.40860996091,0.485749085954,0.559169056197,0.630268475858,
    0.705306028432,0.792064966097,0.88979643741,1.),.UNSPECIFIED.);
#8802 = CARTESIAN_POINT('',(28.703071080817,1.793774696119,
    11.02336696852));
#8803 = CARTESIAN_POINT('',(28.681741103608,1.793774696119,
    11.022953272828));
#8804 = CARTESIAN_POINT('',(28.639418337102,1.793774696119,
    11.022132421216));
#8805 = CARTESIAN_POINT('',(28.576389468088,1.793774696119,
    11.014150531829));
#8806 = CARTESIAN_POINT('',(28.514382039625,1.793774696119,
    11.001243969308));
#8807 = CARTESIAN_POINT('',(28.453652692081,1.793774696119,
    10.983629529626));
#8808 = CARTESIAN_POINT('',(28.395433955841,1.793774696119,
    10.962145992746));
#8809 = CARTESIAN_POINT('',(28.341518679818,1.793774696119,
    10.936222441381));
#8810 = CARTESIAN_POINT('',(28.291934104543,1.793774696119,
    10.907545560115));
#8811 = CARTESIAN_POINT('',(28.245590239777,1.793774696119,
    10.874745763341));
#8812 = CARTESIAN_POINT('',(28.200638367514,1.793774696119,
    10.834599121827));
#8813 = CARTESIAN_POINT('',(28.156046068721,1.793774696119,
    10.784500533083));
#8814 = CARTESIAN_POINT('',(28.108232845629,1.793774696119,
    10.725249911501));
#8815 = CARTESIAN_POINT('',(28.078304211995,1.793774696119,
    10.68065544947));
#8816 = CARTESIAN_POINT('',(28.062442324808,1.793774696119,
    10.657020814674));
#8817 = ORIENTED_EDGE('',*,*,#8818,.T.);
#8818 = EDGE_CURVE('',#8799,#4508,#8819,.T.);
#8819 = LINE('',#8820,#8821);
#8820 = CARTESIAN_POINT('',(28.062442324808,1.793774696119,
    10.657020814674));
#8821 = VECTOR('',#8822,1.);
#8822 = DIRECTION('',(0.,1.,2.331468351713E-15));
#8823 = B_SPLINE_SURFACE_WITH_KNOTS('',3,1,(
    (#8824,#8825)
    ,(#8826,#8827)
    ,(#8828,#8829)
    ,(#8830,#8831)
    ,(#8832,#8833)
    ,(#8834,#8835)
    ,(#8836,#8837)
    ,(#8838,#8839)
    ,(#8840,#8841)
    ,(#8842,#8843)
    ,(#8844,#8845)
    ,(#8846,#8847)
    ,(#8848,#8849)
    ,(#8850,#8851)
    ,(#8852,#8853
    )),.UNSPECIFIED.,.F.,.F.,.F.,(4,1,1,1,1,1,1,1,1,1,1,1,4),(2,2),(0.,
    8.259226333144E-02,0.163878894098,0.24565873963,0.327725695354,
    0.40860996091,0.485749085954,0.559169056197,0.630268475858,
    0.705306028432,0.792064966097,0.88979643741,1.),(0.,1.2E-03),
  .UNSPECIFIED.);
#8824 = CARTESIAN_POINT('',(28.703071080817,1.793774696119,
    11.02336696852));
#8825 = CARTESIAN_POINT('',(28.703071080817,1.805774696119,
    11.02336696852));
#8826 = CARTESIAN_POINT('',(28.681741103608,1.793774696119,
    11.022953272828));
#8827 = CARTESIAN_POINT('',(28.681741103608,1.805774696119,
    11.022953272828));
#8828 = CARTESIAN_POINT('',(28.639418337102,1.793774696119,
    11.022132421216));
#8829 = CARTESIAN_POINT('',(28.639418337102,1.805774696119,
    11.022132421216));
#8830 = CARTESIAN_POINT('',(28.576389468088,1.793774696119,
    11.014150531829));
#8831 = CARTESIAN_POINT('',(28.576389468088,1.805774696119,
    11.014150531829));
#8832 = CARTESIAN_POINT('',(28.514382039625,1.793774696119,
    11.001243969308));
#8833 = CARTESIAN_POINT('',(28.514382039625,1.805774696119,
    11.001243969308));
#8834 = CARTESIAN_POINT('',(28.453652692081,1.793774696119,
    10.983629529626));
#8835 = CARTESIAN_POINT('',(28.453652692081,1.805774696119,
    10.983629529626));
#8836 = CARTESIAN_POINT('',(28.395433955841,1.793774696119,
    10.962145992746));
#8837 = CARTESIAN_POINT('',(28.395433955841,1.805774696119,
    10.962145992746));
#8838 = CARTESIAN_POINT('',(28.341518679818,1.793774696119,
    10.936222441381));
#8839 = CARTESIAN_POINT('',(28.341518679818,1.805774696119,
    10.936222441381));
#8840 = CARTESIAN_POINT('',(28.291934104543,1.793774696119,
    10.907545560115));
#8841 = CARTESIAN_POINT('',(28.291934104543,1.805774696119,
    10.907545560115));
#8842 = CARTESIAN_POINT('',(28.245590239777,1.793774696119,
    10.874745763341));
#8843 = CARTESIAN_POINT('',(28.245590239777,1.805774696119,
    10.874745763341));
#8844 = CARTESIAN_POINT('',(28.200638367514,1.793774696119,
    10.834599121827));
#8845 = CARTESIAN_POINT('',(28.200638367514,1.805774696119,
    10.834599121827));
#8846 = CARTESIAN_POINT('',(28.156046068721,1.793774696119,
    10.784500533083));
#8847 = CARTESIAN_POINT('',(28.156046068721,1.805774696119,
    10.784500533083));
#8848 = CARTESIAN_POINT('',(28.108232845629,1.793774696119,
    10.725249911501));
#8849 = CARTESIAN_POINT('',(28.108232845629,1.805774696119,
    10.725249911501));
#8850 = CARTESIAN_POINT('',(28.078304211995,1.793774696119,
    10.68065544947));
#8851 = CARTESIAN_POINT('',(28.078304211995,1.805774696119,
    10.68065544947));
#8852 = CARTESIAN_POINT('',(28.062442324808,1.793774696119,
    10.657020814674));
#8853 = CARTESIAN_POINT('',(28.062442324808,1.805774696119,
    10.657020814674));
#8854 = ADVANCED_FACE('',(#8855),#8889,.T.);
#8855 = FACE_BOUND('',#8856,.T.);
#8856 = EDGE_LOOP('',(#8857,#8858,#8866,#8888));
#8857 = ORIENTED_EDGE('',*,*,#4651,.F.);
#8858 = ORIENTED_EDGE('',*,*,#8859,.F.);
#8859 = EDGE_CURVE('',#8860,#4644,#8862,.T.);
#8860 = VERTEX_POINT('',#8861);
#8861 = CARTESIAN_POINT('',(29.337975678173,1.793774696119,
    10.382261199289));
#8862 = LINE('',#8863,#8864);
#8863 = CARTESIAN_POINT('',(29.337975678173,1.793774696119,
    10.382261199289));
#8864 = VECTOR('',#8865,1.);
#8865 = DIRECTION('',(0.,1.,2.331468351713E-15));
#8866 = ORIENTED_EDGE('',*,*,#8867,.T.);
#8867 = EDGE_CURVE('',#8860,#8791,#8868,.T.);
#8868 = B_SPLINE_CURVE_WITH_KNOTS('',3,(#8869,#8870,#8871,#8872,#8873,
    #8874,#8875,#8876,#8877,#8878,#8879,#8880,#8881,#8882,#8883,#8884,
    #8885,#8886,#8887),.UNSPECIFIED.,.F.,.F.,(4,1,1,1,1,1,1,1,1,1,1,1,1,
    1,1,1,4),(0.,6.838461510377E-02,0.134475587543,0.198391057784,
    0.260753477448,0.321829222808,0.38303723848,0.444653123106,
    0.507398011204,0.569825237973,0.630777640631,0.690928686524,
    0.750945132692,0.811049476729,0.872330852547,0.935004093589,1.),
  .UNSPECIFIED.);
#8869 = CARTESIAN_POINT('',(29.337975678173,1.793774696119,
    10.382261199289));
#8870 = CARTESIAN_POINT('',(29.336928195942,1.793774696119,
    10.405189550857));
#8871 = CARTESIAN_POINT('',(29.334868364381,1.793774696119,
    10.45027722948));
#8872 = CARTESIAN_POINT('',(29.325265025905,1.793774696119,
    10.516251994398));
#8873 = CARTESIAN_POINT('',(29.310127913748,1.793774696119,
    10.579098857549));
#8874 = CARTESIAN_POINT('',(29.288853783631,1.793774696119,
    10.638346427177));
#8875 = CARTESIAN_POINT('',(29.263090804985,1.793774696119,
    10.694768531791));
#8876 = CARTESIAN_POINT('',(29.231531951243,1.793774696119,
    10.747946631942));
#8877 = CARTESIAN_POINT('',(29.193881290429,1.793774696119,
    10.797638509351));
#8878 = CARTESIAN_POINT('',(29.151885769955,1.793774696119,
    10.844288651178));
#8879 = CARTESIAN_POINT('',(29.105140406878,1.793774696119,
    10.885831776187));
#8880 = CARTESIAN_POINT('',(29.055962323501,1.793774696119,
    10.923014502518));
#8881 = CARTESIAN_POINT('',(29.003647237321,1.793774696119,
    10.954178667435));
#8882 = CARTESIAN_POINT('',(28.948607648372,1.793774696119,10.979474271)
  );
#8883 = CARTESIAN_POINT('',(28.890932558837,1.793774696119,
    10.999276961033));
#8884 = CARTESIAN_POINT('',(28.830603797517,1.793774696119,
    11.012794174747));
#8885 = CARTESIAN_POINT('',(28.767740079068,1.793774696119,
    11.02184775996));
#8886 = CARTESIAN_POINT('',(28.724887285021,1.793774696119,
    11.022854460749));
#8887 = CARTESIAN_POINT('',(28.703071080817,1.793774696119,
    11.02336696852));
#8888 = ORIENTED_EDGE('',*,*,#8790,.T.);
#8889 = B_SPLINE_SURFACE_WITH_KNOTS('',3,1,(
    (#8890,#8891)
    ,(#8892,#8893)
    ,(#8894,#8895)
    ,(#8896,#8897)
    ,(#8898,#8899)
    ,(#8900,#8901)
    ,(#8902,#8903)
    ,(#8904,#8905)
    ,(#8906,#8907)
    ,(#8908,#8909)
    ,(#8910,#8911)
    ,(#8912,#8913)
    ,(#8914,#8915)
    ,(#8916,#8917)
    ,(#8918,#8919)
    ,(#8920,#8921)
    ,(#8922,#8923)
    ,(#8924,#8925)
    ,(#8926,#8927
    )),.UNSPECIFIED.,.F.,.F.,.F.,(4,1,1,1,1,1,1,1,1,1,1,1,1,1,1,1,4),(2,
    2),(0.,6.838461510377E-02,0.134475587543,0.198391057784,
    0.260753477448,0.321829222808,0.38303723848,0.444653123106,
    0.507398011204,0.569825237973,0.630777640631,0.690928686524,
    0.750945132692,0.811049476729,0.872330852547,0.935004093589,1.),(0.,
    1.2E-03),.UNSPECIFIED.);
#8890 = CARTESIAN_POINT('',(29.337975678173,1.793774696119,
    10.382261199289));
#8891 = CARTESIAN_POINT('',(29.337975678173,1.805774696119,
    10.382261199289));
#8892 = CARTESIAN_POINT('',(29.336928195942,1.793774696119,
    10.405189550857));
#8893 = CARTESIAN_POINT('',(29.336928195942,1.805774696119,
    10.405189550857));
#8894 = CARTESIAN_POINT('',(29.334868364381,1.793774696119,
    10.45027722948));
#8895 = CARTESIAN_POINT('',(29.334868364381,1.805774696119,
    10.45027722948));
#8896 = CARTESIAN_POINT('',(29.325265025905,1.793774696119,
    10.516251994398));
#8897 = CARTESIAN_POINT('',(29.325265025905,1.805774696119,
    10.516251994398));
#8898 = CARTESIAN_POINT('',(29.310127913748,1.793774696119,
    10.579098857549));
#8899 = CARTESIAN_POINT('',(29.310127913748,1.805774696119,
    10.579098857549));
#8900 = CARTESIAN_POINT('',(29.288853783631,1.793774696119,
    10.638346427177));
#8901 = CARTESIAN_POINT('',(29.288853783631,1.805774696119,
    10.638346427177));
#8902 = CARTESIAN_POINT('',(29.263090804985,1.793774696119,
    10.694768531791));
#8903 = CARTESIAN_POINT('',(29.263090804985,1.805774696119,
    10.694768531791));
#8904 = CARTESIAN_POINT('',(29.231531951243,1.793774696119,
    10.747946631942));
#8905 = CARTESIAN_POINT('',(29.231531951243,1.805774696119,
    10.747946631942));
#8906 = CARTESIAN_POINT('',(29.193881290429,1.793774696119,
    10.797638509351));
#8907 = CARTESIAN_POINT('',(29.193881290429,1.805774696119,
    10.797638509351));
#8908 = CARTESIAN_POINT('',(29.151885769955,1.793774696119,
    10.844288651178));
#8909 = CARTESIAN_POINT('',(29.151885769955,1.805774696119,
    10.844288651178));
#8910 = CARTESIAN_POINT('',(29.105140406878,1.793774696119,
    10.885831776187));
#8911 = CARTESIAN_POINT('',(29.105140406878,1.805774696119,
    10.885831776187));
#8912 = CARTESIAN_POINT('',(29.055962323501,1.793774696119,
    10.923014502518));
#8913 = CARTESIAN_POINT('',(29.055962323501,1.805774696119,
    10.923014502518));
#8914 = CARTESIAN_POINT('',(29.003647237321,1.793774696119,
    10.954178667435));
#8915 = CARTESIAN_POINT('',(29.003647237321,1.805774696119,
    10.954178667435));
#8916 = CARTESIAN_POINT('',(28.948607648372,1.793774696119,10.979474271)
  );
#8917 = CARTESIAN_POINT('',(28.948607648372,1.805774696119,10.979474271)
  );
#8918 = CARTESIAN_POINT('',(28.890932558837,1.793774696119,
    10.999276961033));
#8919 = CARTESIAN_POINT('',(28.890932558837,1.805774696119,
    10.999276961033));
#8920 = CARTESIAN_POINT('',(28.830603797517,1.793774696119,
    11.012794174747));
#8921 = CARTESIAN_POINT('',(28.830603797517,1.805774696119,
    11.012794174747));
#8922 = CARTESIAN_POINT('',(28.767740079068,1.793774696119,
    11.02184775996));
#8923 = CARTESIAN_POINT('',(28.767740079068,1.805774696119,
    11.02184775996));
#8924 = CARTESIAN_POINT('',(28.724887285021,1.793774696119,
    11.022854460749));
#8925 = CARTESIAN_POINT('',(28.724887285021,1.805774696119,
    11.022854460749));
#8926 = CARTESIAN_POINT('',(28.703071080817,1.793774696119,
    11.02336696852));
#8927 = CARTESIAN_POINT('',(28.703071080817,1.805774696119,
    11.02336696852));
#8928 = ADVANCED_FACE('',(#8929),#8947,.T.);
#8929 = FACE_BOUND('',#8930,.T.);
#8930 = EDGE_LOOP('',(#8931,#8932,#8933,#8941));
#8931 = ORIENTED_EDGE('',*,*,#4527,.F.);
#8932 = ORIENTED_EDGE('',*,*,#8818,.F.);
#8933 = ORIENTED_EDGE('',*,*,#8934,.T.);
#8934 = EDGE_CURVE('',#8799,#8935,#8937,.T.);
#8935 = VERTEX_POINT('',#8936);
#8936 = CARTESIAN_POINT('',(27.872591062789,1.793774696119,
    10.756716577895));
#8937 = LINE('',#8938,#8939);
#8938 = CARTESIAN_POINT('',(28.062442324808,1.793774696119,
    10.657020814674));
#8939 = VECTOR('',#8940,1.);
#8940 = DIRECTION('',(-0.885352122396,-1.083948805978E-15,0.464921089399
    ));
#8941 = ORIENTED_EDGE('',*,*,#8942,.T.);
#8942 = EDGE_CURVE('',#8935,#4528,#8943,.T.);
#8943 = LINE('',#8944,#8945);
#8944 = CARTESIAN_POINT('',(27.872591062788,1.793774696119,
    10.756716577895));
#8945 = VECTOR('',#8946,1.);
#8946 = DIRECTION('',(0.,1.,2.331468351713E-15));
#8947 = PLANE('',#8948);
#8948 = AXIS2_PLACEMENT_3D('',#8949,#8950,#8951);
#8949 = CARTESIAN_POINT('',(28.062442324808,1.793774696119,
    10.657020814674));
#8950 = DIRECTION('',(-0.464921089399,2.064170453489E-15,-0.885352122396
    ));
#8951 = DIRECTION('',(0.,-1.,-2.331468351713E-15));
#8952 = ADVANCED_FACE('',(#8953),#8971,.T.);
#8953 = FACE_BOUND('',#8954,.T.);
#8954 = EDGE_LOOP('',(#8955,#8956,#8964,#8970));
#8955 = ORIENTED_EDGE('',*,*,#4643,.F.);
#8956 = ORIENTED_EDGE('',*,*,#8957,.F.);
#8957 = EDGE_CURVE('',#8958,#4628,#8960,.T.);
#8958 = VERTEX_POINT('',#8959);
#8959 = CARTESIAN_POINT('',(27.781004524327,1.793774696119,
    10.382261199289));
#8960 = LINE('',#8961,#8962);
#8961 = CARTESIAN_POINT('',(27.781004524327,1.793774696119,
    10.382261199289));
#8962 = VECTOR('',#8963,1.);
#8963 = DIRECTION('',(0.,1.,2.331468351713E-15));
#8964 = ORIENTED_EDGE('',*,*,#8965,.T.);
#8965 = EDGE_CURVE('',#8958,#8860,#8966,.T.);
#8966 = LINE('',#8967,#8968);
#8967 = CARTESIAN_POINT('',(27.781004524327,1.793774696119,
    10.382261199289));
#8968 = VECTOR('',#8969,1.);
#8969 = DIRECTION('',(1.,0.,-0.));
#8970 = ORIENTED_EDGE('',*,*,#8859,.T.);
#8971 = PLANE('',#8972);
#8972 = AXIS2_PLACEMENT_3D('',#8973,#8974,#8975);
#8973 = CARTESIAN_POINT('',(27.781004524327,1.793774696119,
    10.382261199289));
#8974 = DIRECTION('',(0.,-2.331468351713E-15,1.));
#8975 = DIRECTION('',(0.,1.,2.331468351713E-15));
#8976 = ADVANCED_FACE('',(#8977),#9007,.T.);
#8977 = FACE_BOUND('',#8978,.T.);
#8978 = EDGE_LOOP('',(#8979,#8980,#8981,#9001));
#8979 = ORIENTED_EDGE('',*,*,#4535,.F.);
#8980 = ORIENTED_EDGE('',*,*,#8942,.F.);
#8981 = ORIENTED_EDGE('',*,*,#8982,.T.);
#8982 = EDGE_CURVE('',#8935,#8983,#8985,.T.);
#8983 = VERTEX_POINT('',#8984);
#8984 = CARTESIAN_POINT('',(28.676358340433,1.793774696119,
    11.237068891597));
#8985 = B_SPLINE_CURVE_WITH_KNOTS('',3,(#8986,#8987,#8988,#8989,#8990,
    #8991,#8992,#8993,#8994,#8995,#8996,#8997,#8998,#8999,#9000),
  .UNSPECIFIED.,.F.,.F.,(4,1,1,1,1,1,1,1,1,1,1,1,4),(0.,
    9.336985673619E-02,0.181660766071,0.265874227043,0.346354784034,
    0.424599861718,0.501903183837,0.579992090987,0.658443430529,
    0.738672236488,0.821894148436,0.908800792047,1.),.UNSPECIFIED.);
#8986 = CARTESIAN_POINT('',(27.872591062788,1.793774696119,
    10.756716577895));
#8987 = CARTESIAN_POINT('',(27.887719889193,1.793774696119,
    10.783552130066));
#8988 = CARTESIAN_POINT('',(27.917154594251,1.793774696119,
    10.835763487519));
#8989 = CARTESIAN_POINT('',(27.967773674513,1.793774696119,
    10.907494806876));
#8990 = CARTESIAN_POINT('',(28.020836138177,1.793774696119,
    10.97202512783));
#8991 = CARTESIAN_POINT('',(28.078737230694,1.793774696119,
    11.027630481906));
#8992 = CARTESIAN_POINT('',(28.139744637268,1.793774696119,
    11.076106870611));
#8993 = CARTESIAN_POINT('',(28.204196675613,1.793774696119,
    11.118518854929));
#8994 = CARTESIAN_POINT('',(28.272428889108,1.793774696119,
    11.154658419664));
#8995 = CARTESIAN_POINT('',(28.344444505431,1.793774696119,
    11.185106121663));
#8996 = CARTESIAN_POINT('',(28.420848307189,1.793774696119,
    11.208516866762));
#8997 = CARTESIAN_POINT('',(28.501825446033,1.793774696119,
    11.225052417067));
#8998 = CARTESIAN_POINT('',(28.58753105271,1.793774696119,
    11.235273605202));
#8999 = CARTESIAN_POINT('',(28.646277292941,1.793774696119,
    11.236460924195));
#9000 = CARTESIAN_POINT('',(28.676358340433,1.793774696119,
    11.237068891597));
#9001 = ORIENTED_EDGE('',*,*,#9002,.T.);
#9002 = EDGE_CURVE('',#8983,#4536,#9003,.T.);
#9003 = LINE('',#9004,#9005);
#9004 = CARTESIAN_POINT('',(28.676358340433,1.793774696119,
    11.237068891597));
#9005 = VECTOR('',#9006,1.);
#9006 = DIRECTION('',(0.,1.,2.331468351713E-15));
#9007 = B_SPLINE_SURFACE_WITH_KNOTS('',3,1,(
    (#9008,#9009)
    ,(#9010,#9011)
    ,(#9012,#9013)
    ,(#9014,#9015)
    ,(#9016,#9017)
    ,(#9018,#9019)
    ,(#9020,#9021)
    ,(#9022,#9023)
    ,(#9024,#9025)
    ,(#9026,#9027)
    ,(#9028,#9029)
    ,(#9030,#9031)
    ,(#9032,#9033)
    ,(#9034,#9035)
    ,(#9036,#9037
    )),.UNSPECIFIED.,.F.,.F.,.F.,(4,1,1,1,1,1,1,1,1,1,1,1,4),(2,2),(0.,
    9.336985673619E-02,0.181660766071,0.265874227043,0.346354784034,
    0.424599861718,0.501903183837,0.579992090987,0.658443430529,
    0.738672236488,0.821894148436,0.908800792047,1.),(0.,1.2E-03),
  .UNSPECIFIED.);
#9008 = CARTESIAN_POINT('',(27.872591062788,1.793774696119,
    10.756716577895));
#9009 = CARTESIAN_POINT('',(27.872591062788,1.805774696119,
    10.756716577895));
#9010 = CARTESIAN_POINT('',(27.887719889193,1.793774696119,
    10.783552130066));
#9011 = CARTESIAN_POINT('',(27.887719889193,1.805774696119,
    10.783552130066));
#9012 = CARTESIAN_POINT('',(27.917154594251,1.793774696119,
    10.835763487519));
#9013 = CARTESIAN_POINT('',(27.917154594251,1.805774696119,
    10.835763487519));
#9014 = CARTESIAN_POINT('',(27.967773674513,1.793774696119,
    10.907494806876));
#9015 = CARTESIAN_POINT('',(27.967773674513,1.805774696119,
    10.907494806876));
#9016 = CARTESIAN_POINT('',(28.020836138177,1.793774696119,
    10.97202512783));
#9017 = CARTESIAN_POINT('',(28.020836138177,1.805774696119,
    10.97202512783));
#9018 = CARTESIAN_POINT('',(28.078737230694,1.793774696119,
    11.027630481906));
#9019 = CARTESIAN_POINT('',(28.078737230694,1.805774696119,
    11.027630481906));
#9020 = CARTESIAN_POINT('',(28.139744637268,1.793774696119,
    11.076106870611));
#9021 = CARTESIAN_POINT('',(28.139744637268,1.805774696119,
    11.076106870611));
#9022 = CARTESIAN_POINT('',(28.204196675613,1.793774696119,
    11.118518854929));
#9023 = CARTESIAN_POINT('',(28.204196675613,1.805774696119,
    11.118518854929));
#9024 = CARTESIAN_POINT('',(28.272428889108,1.793774696119,
    11.154658419664));
#9025 = CARTESIAN_POINT('',(28.272428889108,1.805774696119,
    11.154658419664));
#9026 = CARTESIAN_POINT('',(28.344444505431,1.793774696119,
    11.185106121663));
#9027 = CARTESIAN_POINT('',(28.344444505431,1.805774696119,
    11.185106121663));
#9028 = CARTESIAN_POINT('',(28.420848307189,1.793774696119,
    11.208516866762));
#9029 = CARTESIAN_POINT('',(28.420848307189,1.805774696119,
    11.208516866762));
#9030 = CARTESIAN_POINT('',(28.501825446033,1.793774696119,
    11.225052417067));
#9031 = CARTESIAN_POINT('',(28.501825446033,1.805774696119,
    11.225052417067));
#9032 = CARTESIAN_POINT('',(28.58753105271,1.793774696119,
    11.235273605202));
#9033 = CARTESIAN_POINT('',(28.58753105271,1.805774696119,
    11.235273605202));
#9034 = CARTESIAN_POINT('',(28.646277292941,1.793774696119,
    11.236460924195));
#9035 = CARTESIAN_POINT('',(28.646277292941,1.805774696119,
    11.236460924195));
#9036 = CARTESIAN_POINT('',(28.676358340433,1.793774696119,
    11.237068891597));
#9037 = CARTESIAN_POINT('',(28.676358340433,1.805774696119,
    11.237068891597));
#9038 = ADVANCED_FACE('',(#9039),#9065,.T.);
#9039 = FACE_BOUND('',#9040,.T.);
#9040 = EDGE_LOOP('',(#9041,#9042,#9050,#9064));
#9041 = ORIENTED_EDGE('',*,*,#4627,.F.);
#9042 = ORIENTED_EDGE('',*,*,#9043,.F.);
#9043 = EDGE_CURVE('',#9044,#4612,#9046,.T.);
#9044 = VERTEX_POINT('',#9045);
#9045 = CARTESIAN_POINT('',(27.970378773125,1.793774696119,
    9.778362461308));
#9046 = LINE('',#9047,#9048);
#9047 = CARTESIAN_POINT('',(27.970378773125,1.793774696119,
    9.778362461308));
#9048 = VECTOR('',#9049,1.);
#9049 = DIRECTION('',(0.,1.,2.331468351713E-15));
#9050 = ORIENTED_EDGE('',*,*,#9051,.T.);
#9051 = EDGE_CURVE('',#9044,#8958,#9052,.T.);
#9052 = B_SPLINE_CURVE_WITH_KNOTS('',3,(#9053,#9054,#9055,#9056,#9057,
    #9058,#9059,#9060,#9061,#9062,#9063),.UNSPECIFIED.,.F.,.F.,(4,1,1,1,
    1,1,1,1,4),(0.,0.118521840013,0.236254763162,0.356174433991,
    0.477249654899,0.601539870822,0.729618382168,0.862158266141,1.),
  .UNSPECIFIED.);
#9053 = CARTESIAN_POINT('',(27.970378773125,1.793774696119,
    9.778362461308));
#9054 = CARTESIAN_POINT('',(27.955324552595,1.793774696119,
    9.798911683644));
#9055 = CARTESIAN_POINT('',(27.925316316934,1.793774696119,
    9.839873346538));
#9056 = CARTESIAN_POINT('',(27.887728557803,1.793774696119,
    9.906664794494));
#9057 = CARTESIAN_POINT('',(27.855100401573,1.793774696119,
    9.976544681007));
#9058 = CARTESIAN_POINT('',(27.82902029774,1.793774696119,
    10.050642579561));
#9059 = CARTESIAN_POINT('',(27.80790235139,1.793774696119,
    10.128080543929));
#9060 = CARTESIAN_POINT('',(27.792623694355,1.793774696119,10.2094121681
    ));
#9061 = CARTESIAN_POINT('',(27.783663650284,1.793774696119,
    10.294613232794));
#9062 = CARTESIAN_POINT('',(27.781902411552,1.793774696119,
    10.352665764288));
#9063 = CARTESIAN_POINT('',(27.781004524327,1.793774696119,
    10.382261199289));
#9064 = ORIENTED_EDGE('',*,*,#8957,.T.);
#9065 = B_SPLINE_SURFACE_WITH_KNOTS('',3,1,(
    (#9066,#9067)
    ,(#9068,#9069)
    ,(#9070,#9071)
    ,(#9072,#9073)
    ,(#9074,#9075)
    ,(#9076,#9077)
    ,(#9078,#9079)
    ,(#9080,#9081)
    ,(#9082,#9083)
    ,(#9084,#9085)
    ,(#9086,#9087
  )),.UNSPECIFIED.,.F.,.F.,.F.,(4,1,1,1,1,1,1,1,4),(2,2),(0.,
    0.118521840013,0.236254763162,0.356174433991,0.477249654899,
    0.601539870822,0.729618382168,0.862158266141,1.),(0.,1.2E-03),
  .UNSPECIFIED.);
#9066 = CARTESIAN_POINT('',(27.970378773125,1.793774696119,
    9.778362461308));
#9067 = CARTESIAN_POINT('',(27.970378773125,1.805774696119,
    9.778362461308));
#9068 = CARTESIAN_POINT('',(27.955324552595,1.793774696119,
    9.798911683644));
#9069 = CARTESIAN_POINT('',(27.955324552595,1.805774696119,
    9.798911683644));
#9070 = CARTESIAN_POINT('',(27.925316316934,1.793774696119,
    9.839873346538));
#9071 = CARTESIAN_POINT('',(27.925316316934,1.805774696119,
    9.839873346538));
#9072 = CARTESIAN_POINT('',(27.887728557803,1.793774696119,
    9.906664794494));
#9073 = CARTESIAN_POINT('',(27.887728557803,1.805774696119,
    9.906664794494));
#9074 = CARTESIAN_POINT('',(27.855100401573,1.793774696119,
    9.976544681007));
#9075 = CARTESIAN_POINT('',(27.855100401573,1.805774696119,
    9.976544681007));
#9076 = CARTESIAN_POINT('',(27.82902029774,1.793774696119,
    10.050642579561));
#9077 = CARTESIAN_POINT('',(27.82902029774,1.805774696119,
    10.050642579561));
#9078 = CARTESIAN_POINT('',(27.80790235139,1.793774696119,
    10.128080543929));
#9079 = CARTESIAN_POINT('',(27.80790235139,1.805774696119,
    10.128080543929));
#9080 = CARTESIAN_POINT('',(27.792623694355,1.793774696119,10.2094121681
    ));
#9081 = CARTESIAN_POINT('',(27.792623694355,1.805774696119,10.2094121681
    ));
#9082 = CARTESIAN_POINT('',(27.783663650284,1.793774696119,
    10.294613232794));
#9083 = CARTESIAN_POINT('',(27.783663650284,1.805774696119,
    10.294613232794));
#9084 = CARTESIAN_POINT('',(27.781902411552,1.793774696119,
    10.352665764288));
#9085 = CARTESIAN_POINT('',(27.781902411552,1.805774696119,
    10.352665764288));
#9086 = CARTESIAN_POINT('',(27.781004524327,1.793774696119,
    10.382261199289));
#9087 = CARTESIAN_POINT('',(27.781004524327,1.805774696119,
    10.382261199289));
#9088 = ADVANCED_FACE('',(#9089),#9123,.T.);
#9089 = FACE_BOUND('',#9090,.T.);
#9090 = EDGE_LOOP('',(#9091,#9092,#9093,#9117));
#9091 = ORIENTED_EDGE('',*,*,#4555,.F.);
#9092 = ORIENTED_EDGE('',*,*,#9002,.F.);
#9093 = ORIENTED_EDGE('',*,*,#9094,.T.);
#9094 = EDGE_CURVE('',#8983,#9095,#9097,.T.);
#9095 = VERTEX_POINT('',#9096);
#9096 = CARTESIAN_POINT('',(29.55167760125,1.793774696119,10.34123806227
    ));
#9097 = B_SPLINE_CURVE_WITH_KNOTS('',3,(#9098,#9099,#9100,#9101,#9102,
    #9103,#9104,#9105,#9106,#9107,#9108,#9109,#9110,#9111,#9112,#9113,
    #9114,#9115,#9116),.UNSPECIFIED.,.F.,.F.,(4,1,1,1,1,1,1,1,1,1,1,1,1,
    1,1,1,4),(0.,7.157865768914E-02,0.139629224693,0.204796697397,
    0.268134963397,0.329813746987,0.391301397775,0.453433515097,
    0.51655169032,0.579631270705,0.641118921493,0.701294046699,
    0.760810335676,0.819931721778,0.878919575499,0.93898282225,1.),
  .UNSPECIFIED.);
#9098 = CARTESIAN_POINT('',(28.676358340433,1.793774696119,
    11.237068891597));
#9099 = CARTESIAN_POINT('',(28.709792435863,1.793774696119,
    11.236288402667));
#9100 = CARTESIAN_POINT('',(28.775012670133,1.793774696119,
    11.234765894875));
#9101 = CARTESIAN_POINT('',(28.869949533794,1.793774696119,
    11.221640128893));
#9102 = CARTESIAN_POINT('',(28.959334459525,1.793774696119,
    11.200227684853));
#9103 = CARTESIAN_POINT('',(29.043162421986,1.793774696119,
    11.17031541466));
#9104 = CARTESIAN_POINT('',(29.121228133114,1.793774696119,
    11.13124432452));
#9105 = CARTESIAN_POINT('',(29.193686750406,1.793774696119,
    11.083646891365));
#9106 = CARTESIAN_POINT('',(29.260919320685,1.793774696119,
    11.027767625228));
#9107 = CARTESIAN_POINT('',(29.320807220148,1.793774696119,
    10.963122509213));
#9108 = CARTESIAN_POINT('',(29.374721361778,1.793774696119,
    10.893942463267));
#9109 = CARTESIAN_POINT('',(29.422295892869,1.793774696119,
    10.82185462043));
#9110 = CARTESIAN_POINT('',(29.462067823636,1.793774696119,
    10.747040355207));
#9111 = CARTESIAN_POINT('',(29.494420581644,1.793774696119,
    10.669975945099));
#9112 = CARTESIAN_POINT('',(29.520549605847,1.793774696119,
    10.591147117528));
#9113 = CARTESIAN_POINT('',(29.538760523947,1.793774696119,
    10.509836636914));
#9114 = CARTESIAN_POINT('',(29.549258263199,1.793774696119,
    10.426264569779));
#9115 = CARTESIAN_POINT('',(29.550866930609,1.793774696119,
    10.369728703871));
#9116 = CARTESIAN_POINT('',(29.55167760125,1.793774696119,10.34123806227
    ));
#9117 = ORIENTED_EDGE('',*,*,#9118,.T.);
#9118 = EDGE_CURVE('',#9095,#4556,#9119,.T.);
#9119 = LINE('',#9120,#9121);
#9120 = CARTESIAN_POINT('',(29.55167760125,1.793774696119,10.34123806227
    ));
#9121 = VECTOR('',#9122,1.);
#9122 = DIRECTION('',(0.,1.,2.331468351713E-15));
#9123 = B_SPLINE_SURFACE_WITH_KNOTS('',3,1,(
    (#9124,#9125)
    ,(#9126,#9127)
    ,(#9128,#9129)
    ,(#9130,#9131)
    ,(#9132,#9133)
    ,(#9134,#9135)
    ,(#9136,#9137)
    ,(#9138,#9139)
    ,(#9140,#9141)
    ,(#9142,#9143)
    ,(#9144,#9145)
    ,(#9146,#9147)
    ,(#9148,#9149)
    ,(#9150,#9151)
    ,(#9152,#9153)
    ,(#9154,#9155)
    ,(#9156,#9157)
    ,(#9158,#9159)
    ,(#9160,#9161
    )),.UNSPECIFIED.,.F.,.F.,.F.,(4,1,1,1,1,1,1,1,1,1,1,1,1,1,1,1,4),(2,
    2),(0.,7.157865768914E-02,0.139629224693,0.204796697397,
    0.268134963397,0.329813746987,0.391301397775,0.453433515097,
    0.51655169032,0.579631270705,0.641118921493,0.701294046699,
    0.760810335676,0.819931721778,0.878919575499,0.93898282225,1.),(0.,
    1.2E-03),.UNSPECIFIED.);
#9124 = CARTESIAN_POINT('',(28.676358340433,1.793774696119,
    11.237068891597));
#9125 = CARTESIAN_POINT('',(28.676358340433,1.805774696119,
    11.237068891597));
#9126 = CARTESIAN_POINT('',(28.709792435863,1.793774696119,
    11.236288402667));
#9127 = CARTESIAN_POINT('',(28.709792435863,1.805774696119,
    11.236288402667));
#9128 = CARTESIAN_POINT('',(28.775012670133,1.793774696119,
    11.234765894875));
#9129 = CARTESIAN_POINT('',(28.775012670133,1.805774696119,
    11.234765894875));
#9130 = CARTESIAN_POINT('',(28.869949533794,1.793774696119,
    11.221640128893));
#9131 = CARTESIAN_POINT('',(28.869949533794,1.805774696119,
    11.221640128893));
#9132 = CARTESIAN_POINT('',(28.959334459525,1.793774696119,
    11.200227684853));
#9133 = CARTESIAN_POINT('',(28.959334459525,1.805774696119,
    11.200227684853));
#9134 = CARTESIAN_POINT('',(29.043162421986,1.793774696119,
    11.17031541466));
#9135 = CARTESIAN_POINT('',(29.043162421986,1.805774696119,
    11.17031541466));
#9136 = CARTESIAN_POINT('',(29.121228133114,1.793774696119,
    11.13124432452));
#9137 = CARTESIAN_POINT('',(29.121228133114,1.805774696119,
    11.13124432452));
#9138 = CARTESIAN_POINT('',(29.193686750406,1.793774696119,
    11.083646891365));
#9139 = CARTESIAN_POINT('',(29.193686750406,1.805774696119,
    11.083646891365));
#9140 = CARTESIAN_POINT('',(29.260919320685,1.793774696119,
    11.027767625228));
#9141 = CARTESIAN_POINT('',(29.260919320685,1.805774696119,
    11.027767625228));
#9142 = CARTESIAN_POINT('',(29.320807220148,1.793774696119,
    10.963122509213));
#9143 = CARTESIAN_POINT('',(29.320807220148,1.805774696119,
    10.963122509213));
#9144 = CARTESIAN_POINT('',(29.374721361778,1.793774696119,
    10.893942463267));
#9145 = CARTESIAN_POINT('',(29.374721361778,1.805774696119,
    10.893942463267));
#9146 = CARTESIAN_POINT('',(29.422295892869,1.793774696119,
    10.82185462043));
#9147 = CARTESIAN_POINT('',(29.422295892869,1.805774696119,
    10.82185462043));
#9148 = CARTESIAN_POINT('',(29.462067823636,1.793774696119,
    10.747040355207));
#9149 = CARTESIAN_POINT('',(29.462067823636,1.805774696119,
    10.747040355207));
#9150 = CARTESIAN_POINT('',(29.494420581644,1.793774696119,
    10.669975945099));
#9151 = CARTESIAN_POINT('',(29.494420581644,1.805774696119,
    10.669975945099));
#9152 = CARTESIAN_POINT('',(29.520549605847,1.793774696119,
    10.591147117528));
#9153 = CARTESIAN_POINT('',(29.520549605847,1.805774696119,
    10.591147117528));
#9154 = CARTESIAN_POINT('',(29.538760523947,1.793774696119,
    10.509836636914));
#9155 = CARTESIAN_POINT('',(29.538760523947,1.805774696119,
    10.509836636914));
#9156 = CARTESIAN_POINT('',(29.549258263199,1.793774696119,
    10.426264569779));
#9157 = CARTESIAN_POINT('',(29.549258263199,1.805774696119,
    10.426264569779));
#9158 = CARTESIAN_POINT('',(29.550866930609,1.793774696119,
    10.369728703871));
#9159 = CARTESIAN_POINT('',(29.550866930609,1.805774696119,
    10.369728703871));
#9160 = CARTESIAN_POINT('',(29.55167760125,1.793774696119,10.34123806227
    ));
#9161 = CARTESIAN_POINT('',(29.55167760125,1.805774696119,10.34123806227
    ));
#9162 = ADVANCED_FACE('',(#9163),#9189,.T.);
#9163 = FACE_BOUND('',#9164,.T.);
#9164 = EDGE_LOOP('',(#9165,#9166,#9174,#9188));
#9165 = ORIENTED_EDGE('',*,*,#4611,.F.);
#9166 = ORIENTED_EDGE('',*,*,#9167,.F.);
#9167 = EDGE_CURVE('',#9168,#4596,#9170,.T.);
#9168 = VERTEX_POINT('',#9169);
#9169 = CARTESIAN_POINT('',(28.671111195,1.793774696119,9.43586696852));
#9170 = LINE('',#9171,#9172);
#9171 = CARTESIAN_POINT('',(28.671111195,1.793774696119,9.43586696852));
#9172 = VECTOR('',#9173,1.);
#9173 = DIRECTION('',(0.,1.,2.331468351713E-15));
#9174 = ORIENTED_EDGE('',*,*,#9175,.T.);
#9175 = EDGE_CURVE('',#9168,#9044,#9176,.T.);
#9176 = B_SPLINE_CURVE_WITH_KNOTS('',3,(#9177,#9178,#9179,#9180,#9181,
    #9182,#9183,#9184,#9185,#9186,#9187),.UNSPECIFIED.,.F.,.F.,(4,1,1,1,
    1,1,1,1,4),(0.,0.132040234426,0.259032840779,0.381879823925,
    0.502258443715,0.622752189527,0.744742631859,0.870108927342,1.),
  .UNSPECIFIED.);
#9177 = CARTESIAN_POINT('',(28.671111195,1.793774696119,9.43586696852));
#9178 = CARTESIAN_POINT('',(28.635428092106,1.793774696119,
    9.436788205356));
#9179 = CARTESIAN_POINT('',(28.565425978351,1.793774696119,
    9.438595462027));
#9180 = CARTESIAN_POINT('',(28.463350553146,1.793774696119,
    9.455350163865));
#9181 = CARTESIAN_POINT('',(28.366766565642,1.793774696119,
    9.481919848309));
#9182 = CARTESIAN_POINT('',(28.275712665389,1.793774696119,
    9.519444123631));
#9183 = CARTESIAN_POINT('',(28.190179620841,1.793774696119,
    9.567858032975));
#9184 = CARTESIAN_POINT('',(28.110723397827,1.793774696119,
    9.627825964411));
#9185 = CARTESIAN_POINT('',(28.035985136611,1.793774696119,
    9.697506841612));
#9186 = CARTESIAN_POINT('',(27.992504478499,1.793774696119,9.75109395374
    ));
#9187 = CARTESIAN_POINT('',(27.970378773125,1.793774696119,
    9.778362461308));
#9188 = ORIENTED_EDGE('',*,*,#9043,.T.);
#9189 = B_SPLINE_SURFACE_WITH_KNOTS('',3,1,(
    (#9190,#9191)
    ,(#9192,#9193)
    ,(#9194,#9195)
    ,(#9196,#9197)
    ,(#9198,#9199)
    ,(#9200,#9201)
    ,(#9202,#9203)
    ,(#9204,#9205)
    ,(#9206,#9207)
    ,(#9208,#9209)
    ,(#9210,#9211
  )),.UNSPECIFIED.,.F.,.F.,.F.,(4,1,1,1,1,1,1,1,4),(2,2),(0.,
    0.132040234426,0.259032840779,0.381879823925,0.502258443715,
    0.622752189527,0.744742631859,0.870108927342,1.),(0.,1.2E-03),
  .UNSPECIFIED.);
#9190 = CARTESIAN_POINT('',(28.671111195,1.793774696119,9.43586696852));
#9191 = CARTESIAN_POINT('',(28.671111195,1.805774696119,9.43586696852));
#9192 = CARTESIAN_POINT('',(28.635428092106,1.793774696119,
    9.436788205356));
#9193 = CARTESIAN_POINT('',(28.635428092106,1.805774696119,
    9.436788205356));
#9194 = CARTESIAN_POINT('',(28.565425978351,1.793774696119,
    9.438595462027));
#9195 = CARTESIAN_POINT('',(28.565425978351,1.805774696119,
    9.438595462027));
#9196 = CARTESIAN_POINT('',(28.463350553146,1.793774696119,
    9.455350163865));
#9197 = CARTESIAN_POINT('',(28.463350553146,1.805774696119,
    9.455350163865));
#9198 = CARTESIAN_POINT('',(28.366766565642,1.793774696119,
    9.481919848309));
#9199 = CARTESIAN_POINT('',(28.366766565642,1.805774696119,
    9.481919848309));
#9200 = CARTESIAN_POINT('',(28.275712665389,1.793774696119,
    9.519444123631));
#9201 = CARTESIAN_POINT('',(28.275712665389,1.805774696119,
    9.519444123631));
#9202 = CARTESIAN_POINT('',(28.190179620841,1.793774696119,
    9.567858032975));
#9203 = CARTESIAN_POINT('',(28.190179620841,1.805774696119,
    9.567858032975));
#9204 = CARTESIAN_POINT('',(28.110723397827,1.793774696119,
    9.627825964411));
#9205 = CARTESIAN_POINT('',(28.110723397827,1.805774696119,
    9.627825964411));
#9206 = CARTESIAN_POINT('',(28.035985136611,1.793774696119,
    9.697506841612));
#9207 = CARTESIAN_POINT('',(28.035985136611,1.805774696119,
    9.697506841612));
#9208 = CARTESIAN_POINT('',(27.992504478499,1.793774696119,9.75109395374
    ));
#9209 = CARTESIAN_POINT('',(27.992504478499,1.805774696119,9.75109395374
    ));
#9210 = CARTESIAN_POINT('',(27.970378773125,1.793774696119,
    9.778362461308));
#9211 = CARTESIAN_POINT('',(27.970378773125,1.805774696119,
    9.778362461308));
#9212 = ADVANCED_FACE('',(#9213),#9239,.T.);
#9213 = FACE_BOUND('',#9214,.T.);
#9214 = EDGE_LOOP('',(#9215,#9216,#9217,#9233));
#9215 = ORIENTED_EDGE('',*,*,#4579,.F.);
#9216 = ORIENTED_EDGE('',*,*,#9118,.F.);
#9217 = ORIENTED_EDGE('',*,*,#9218,.T.);
#9218 = EDGE_CURVE('',#9095,#9219,#9221,.T.);
#9219 = VERTEX_POINT('',#9220);
#9220 = CARTESIAN_POINT('',(29.351332048365,1.793774696119,
    9.760235958905));
#9221 = B_SPLINE_CURVE_WITH_KNOTS('',3,(#9222,#9223,#9224,#9225,#9226,
    #9227,#9228,#9229,#9230,#9231,#9232),.UNSPECIFIED.,.F.,.F.,(4,1,1,1,
    1,1,1,1,4),(0.,0.128044807961,0.253767900024,0.377428426581,
    0.500550841483,0.623295883242,0.746578331934,0.872347540605,1.),
  .UNSPECIFIED.);
#9222 = CARTESIAN_POINT('',(29.55167760125,1.793774696119,10.34123806227
    ));
#9223 = CARTESIAN_POINT('',(29.55095700688,1.793774696119,
    10.314503543718));
#9224 = CARTESIAN_POINT('',(29.549528884,1.793774696119,10.261519258458)
  );
#9225 = CARTESIAN_POINT('',(29.540527223291,1.793774696119,
    10.183097521911));
#9226 = CARTESIAN_POINT('',(29.524574009615,1.793774696119,
    10.10687816403));
#9227 = CARTESIAN_POINT('',(29.502682617785,1.793774696119,
    10.032797852109));
#9228 = CARTESIAN_POINT('',(29.47441293065,1.793774696119,9.960980621666
    ));
#9229 = CARTESIAN_POINT('',(29.439828867219,1.793774696119,
    9.891382764094));
#9230 = CARTESIAN_POINT('',(29.398876553044,1.793774696119,
    9.824078338581));
#9231 = CARTESIAN_POINT('',(29.367258537507,1.793774696119,
    9.781621920827));
#9232 = CARTESIAN_POINT('',(29.351332048365,1.793774696119,
    9.760235958905));
#9233 = ORIENTED_EDGE('',*,*,#9234,.T.);
#9234 = EDGE_CURVE('',#9219,#4580,#9235,.T.);
#9235 = LINE('',#9236,#9237);
#9236 = CARTESIAN_POINT('',(29.351332048365,1.793774696119,
    9.760235958905));
#9237 = VECTOR('',#9238,1.);
#9238 = DIRECTION('',(0.,1.,2.331468351713E-15));
#9239 = B_SPLINE_SURFACE_WITH_KNOTS('',3,1,(
    (#9240,#9241)
    ,(#9242,#9243)
    ,(#9244,#9245)
    ,(#9246,#9247)
    ,(#9248,#9249)
    ,(#9250,#9251)
    ,(#9252,#9253)
    ,(#9254,#9255)
    ,(#9256,#9257)
    ,(#9258,#9259)
    ,(#9260,#9261
  )),.UNSPECIFIED.,.F.,.F.,.F.,(4,1,1,1,1,1,1,1,4),(2,2),(0.,
    0.128044807961,0.253767900024,0.377428426581,0.500550841483,
    0.623295883242,0.746578331934,0.872347540605,1.),(0.,1.2E-03),
  .UNSPECIFIED.);
#9240 = CARTESIAN_POINT('',(29.55167760125,1.793774696119,10.34123806227
    ));
#9241 = CARTESIAN_POINT('',(29.55167760125,1.805774696119,10.34123806227
    ));
#9242 = CARTESIAN_POINT('',(29.55095700688,1.793774696119,
    10.314503543718));
#9243 = CARTESIAN_POINT('',(29.55095700688,1.805774696119,
    10.314503543718));
#9244 = CARTESIAN_POINT('',(29.549528884,1.793774696119,10.261519258458)
  );
#9245 = CARTESIAN_POINT('',(29.549528884,1.805774696119,10.261519258458)
  );
#9246 = CARTESIAN_POINT('',(29.540527223291,1.793774696119,
    10.183097521911));
#9247 = CARTESIAN_POINT('',(29.540527223291,1.805774696119,
    10.183097521911));
#9248 = CARTESIAN_POINT('',(29.524574009615,1.793774696119,
    10.10687816403));
#9249 = CARTESIAN_POINT('',(29.524574009615,1.805774696119,
    10.10687816403));
#9250 = CARTESIAN_POINT('',(29.502682617785,1.793774696119,
    10.032797852109));
#9251 = CARTESIAN_POINT('',(29.502682617785,1.805774696119,
    10.032797852109));
#9252 = CARTESIAN_POINT('',(29.47441293065,1.793774696119,9.960980621666
    ));
#9253 = CARTESIAN_POINT('',(29.47441293065,1.805774696119,9.960980621666
    ));
#9254 = CARTESIAN_POINT('',(29.439828867219,1.793774696119,
    9.891382764094));
#9255 = CARTESIAN_POINT('',(29.439828867219,1.805774696119,
    9.891382764094));
#9256 = CARTESIAN_POINT('',(29.398876553044,1.793774696119,
    9.824078338581));
#9257 = CARTESIAN_POINT('',(29.398876553044,1.805774696119,
    9.824078338581));
#9258 = CARTESIAN_POINT('',(29.367258537507,1.793774696119,
    9.781621920827));
#9259 = CARTESIAN_POINT('',(29.367258537507,1.805774696119,
    9.781621920827));
#9260 = CARTESIAN_POINT('',(29.351332048365,1.793774696119,
    9.760235958905));
#9261 = CARTESIAN_POINT('',(29.351332048365,1.805774696119,
    9.760235958905));
#9262 = ADVANCED_FACE('',(#9263),#9282,.T.);
#9263 = FACE_BOUND('',#9264,.T.);
#9264 = EDGE_LOOP('',(#9265,#9266,#9267,#9281));
#9265 = ORIENTED_EDGE('',*,*,#4595,.F.);
#9266 = ORIENTED_EDGE('',*,*,#9234,.F.);
#9267 = ORIENTED_EDGE('',*,*,#9268,.T.);
#9268 = EDGE_CURVE('',#9219,#9168,#9269,.T.);
#9269 = B_SPLINE_CURVE_WITH_KNOTS('',3,(#9270,#9271,#9272,#9273,#9274,
    #9275,#9276,#9277,#9278,#9279,#9280),.UNSPECIFIED.,.F.,.F.,(4,1,1,1,
    1,1,1,1,4),(0.,0.128835254488,0.253589334986,0.374643257314,
    0.495340042238,0.616324774636,0.739759335441,0.866842320381,1.),
  .UNSPECIFIED.);
#9270 = CARTESIAN_POINT('',(29.351332048365,1.793774696119,
    9.760235958905));
#9271 = CARTESIAN_POINT('',(29.329759499905,1.793774696119,
    9.734471602648));
#9272 = CARTESIAN_POINT('',(29.287297766588,1.793774696119,
    9.683759039574));
#9273 = CARTESIAN_POINT('',(29.215481746249,1.793774696119,
    9.617126000069));
#9274 = CARTESIAN_POINT('',(29.137716791237,1.793774696119,9.5613069316)
  );
#9275 = CARTESIAN_POINT('',(29.054977452766,1.793774696119,
    9.515037790763));
#9276 = CARTESIAN_POINT('',(28.966302101664,1.793774696119,
    9.479881255934));
#9277 = CARTESIAN_POINT('',(28.872882744726,1.793774696119,
    9.453682347308));
#9278 = CARTESIAN_POINT('',(28.773655658382,1.793774696119,
    9.439001593373));
#9279 = CARTESIAN_POINT('',(28.705820499205,1.793774696119,
    9.436927977998));
#9280 = CARTESIAN_POINT('',(28.671111195,1.793774696119,9.43586696852));
#9281 = ORIENTED_EDGE('',*,*,#9167,.T.);
#9282 = B_SPLINE_SURFACE_WITH_KNOTS('',3,1,(
    (#9283,#9284)
    ,(#9285,#9286)
    ,(#9287,#9288)
    ,(#9289,#9290)
    ,(#9291,#9292)
    ,(#9293,#9294)
    ,(#9295,#9296)
    ,(#9297,#9298)
    ,(#9299,#9300)
    ,(#9301,#9302)
    ,(#9303,#9304
  )),.UNSPECIFIED.,.F.,.F.,.F.,(4,1,1,1,1,1,1,1,4),(2,2),(0.,
    0.128835254488,0.253589334986,0.374643257314,0.495340042238,
    0.616324774636,0.739759335441,0.866842320381,1.),(0.,1.2E-03),
  .UNSPECIFIED.);
#9283 = CARTESIAN_POINT('',(29.351332048365,1.793774696119,
    9.760235958905));
#9284 = CARTESIAN_POINT('',(29.351332048365,1.805774696119,
    9.760235958905));
#9285 = CARTESIAN_POINT('',(29.329759499905,1.793774696119,
    9.734471602648));
#9286 = CARTESIAN_POINT('',(29.329759499905,1.805774696119,
    9.734471602648));
#9287 = CARTESIAN_POINT('',(29.287297766588,1.793774696119,
    9.683759039574));
#9288 = CARTESIAN_POINT('',(29.287297766588,1.805774696119,
    9.683759039574));
#9289 = CARTESIAN_POINT('',(29.215481746249,1.793774696119,
    9.617126000069));
#9290 = CARTESIAN_POINT('',(29.215481746249,1.805774696119,
    9.617126000069));
#9291 = CARTESIAN_POINT('',(29.137716791237,1.793774696119,9.5613069316)
  );
#9292 = CARTESIAN_POINT('',(29.137716791237,1.805774696119,9.5613069316)
  );
#9293 = CARTESIAN_POINT('',(29.054977452766,1.793774696119,
    9.515037790763));
#9294 = CARTESIAN_POINT('',(29.054977452766,1.805774696119,
    9.515037790763));
#9295 = CARTESIAN_POINT('',(28.966302101664,1.793774696119,
    9.479881255934));
#9296 = CARTESIAN_POINT('',(28.966302101664,1.805774696119,
    9.479881255934));
#9297 = CARTESIAN_POINT('',(28.872882744726,1.793774696119,
    9.453682347308));
#9298 = CARTESIAN_POINT('',(28.872882744726,1.805774696119,
    9.453682347308));
#9299 = CARTESIAN_POINT('',(28.773655658382,1.793774696119,
    9.439001593373));
#9300 = CARTESIAN_POINT('',(28.773655658382,1.805774696119,
    9.439001593373));
#9301 = CARTESIAN_POINT('',(28.705820499205,1.793774696119,
    9.436927977998));
#9302 = CARTESIAN_POINT('',(28.705820499205,1.805774696119,
    9.436927977998));
#9303 = CARTESIAN_POINT('',(28.671111195,1.793774696119,9.43586696852));
#9304 = CARTESIAN_POINT('',(28.671111195,1.805774696119,9.43586696852));
#9305 = ADVANCED_FACE('',(#9306,#9318),#9380,.F.);
#9306 = FACE_BOUND('',#9307,.T.);
#9307 = EDGE_LOOP('',(#9308,#9309,#9310,#9311,#9312,#9313,#9314,#9315,
    #9316,#9317));
#9308 = ORIENTED_EDGE('',*,*,#8798,.F.);
#9309 = ORIENTED_EDGE('',*,*,#8867,.F.);
#9310 = ORIENTED_EDGE('',*,*,#8965,.F.);
#9311 = ORIENTED_EDGE('',*,*,#9051,.F.);
#9312 = ORIENTED_EDGE('',*,*,#9175,.F.);
#9313 = ORIENTED_EDGE('',*,*,#9268,.F.);
#9314 = ORIENTED_EDGE('',*,*,#9218,.F.);
#9315 = ORIENTED_EDGE('',*,*,#9094,.F.);
#9316 = ORIENTED_EDGE('',*,*,#8982,.F.);
#9317 = ORIENTED_EDGE('',*,*,#8934,.F.);
#9318 = FACE_BOUND('',#9319,.T.);
#9319 = EDGE_LOOP('',(#9320,#9330,#9346,#9362));
#9320 = ORIENTED_EDGE('',*,*,#9321,.F.);
#9321 = EDGE_CURVE('',#9322,#9324,#9326,.T.);
#9322 = VERTEX_POINT('',#9323);
#9323 = CARTESIAN_POINT('',(29.315556056779,1.793774696119,
    10.168559276212));
#9324 = VERTEX_POINT('',#9325);
#9325 = CARTESIAN_POINT('',(27.994706447404,1.793774696119,
    10.168559276212));
#9326 = LINE('',#9327,#9328);
#9327 = CARTESIAN_POINT('',(29.315556056779,1.793774696119,
    10.168559276212));
#9328 = VECTOR('',#9329,1.);
#9329 = DIRECTION('',(-1.,0.,0.));
#9330 = ORIENTED_EDGE('',*,*,#9331,.F.);
#9331 = EDGE_CURVE('',#9332,#9322,#9334,.T.);
#9332 = VERTEX_POINT('',#9333);
#9333 = CARTESIAN_POINT('',(29.108532318798,1.793774696119,
    9.812707413231));
#9334 = B_SPLINE_CURVE_WITH_KNOTS('',3,(#9335,#9336,#9337,#9338,#9339,
    #9340,#9341,#9342,#9343,#9344,#9345),.UNSPECIFIED.,.F.,.F.,(4,1,1,1,
    1,1,1,1,4),(0.,0.109983845112,0.222580497364,0.338499870962,
    0.458708565478,0.585535346458,0.717517742946,0.854666819751,1.),
  .UNSPECIFIED.);
#9335 = CARTESIAN_POINT('',(29.108532318798,1.793774696119,
    9.812707413231));
#9336 = CARTESIAN_POINT('',(29.11988971242,1.793774696119,9.822976938683
    ));
#9337 = CARTESIAN_POINT('',(29.1428743091,1.793774696119,9.84375995532)
  );
#9338 = CARTESIAN_POINT('',(29.173585985328,1.793774696119,9.87956661192
    ));
#9339 = CARTESIAN_POINT('',(29.202991342637,1.793774696119,
    9.918177942605));
#9340 = CARTESIAN_POINT('',(29.229752274242,1.793774696119,
    9.961071143447));
#9341 = CARTESIAN_POINT('',(29.254297917887,1.793774696119,
    10.007757780593));
#9342 = CARTESIAN_POINT('',(29.277266759505,1.793774696119,
    10.057844064565));
#9343 = CARTESIAN_POINT('',(29.29794037201,1.793774696119,
    10.111710069261));
#9344 = CARTESIAN_POINT('',(29.309571832587,1.793774696119,
    10.149247032379));
#9345 = CARTESIAN_POINT('',(29.315556056779,1.793774696119,
    10.168559276212));
#9346 = ORIENTED_EDGE('',*,*,#9347,.F.);
#9347 = EDGE_CURVE('',#9348,#9332,#9350,.T.);
#9348 = VERTEX_POINT('',#9349);
#9349 = CARTESIAN_POINT('',(28.660139890913,1.793774696119,
    9.649568891597));
#9350 = B_SPLINE_CURVE_WITH_KNOTS('',3,(#9351,#9352,#9353,#9354,#9355,
    #9356,#9357,#9358,#9359,#9360,#9361),.UNSPECIFIED.,.F.,.F.,(4,1,1,1,
    1,1,1,1,4),(0.,0.131091976257,0.259141276328,0.384161763483,
    0.505991952498,0.62909808939,0.750669123424,0.874038937615,1.),
  .UNSPECIFIED.);
#9351 = CARTESIAN_POINT('',(28.660139890913,1.793774696119,
    9.649568891597));
#9352 = CARTESIAN_POINT('',(28.681468705333,1.793774696119,
    9.649985046702));
#9353 = CARTESIAN_POINT('',(28.723631287277,1.793774696119,
    9.650807697851));
#9354 = CARTESIAN_POINT('',(28.785748621173,1.793774696119,
    9.658611482272));
#9355 = CARTESIAN_POINT('',(28.845402130615,1.793774696119,
    9.671510948159));
#9356 = CARTESIAN_POINT('',(28.90303197808,1.793774696119,9.689176391847
    ));
#9357 = CARTESIAN_POINT('',(28.95788296174,1.793774696119,9.712722601764
    ));
#9358 = CARTESIAN_POINT('',(29.011083330832,1.793774696119,
    9.740333689868));
#9359 = CARTESIAN_POINT('',(29.06128035042,1.793774696119,9.774039660276
    ));
#9360 = CARTESIAN_POINT('',(29.092672910378,1.793774696119,
    9.799729166867));
#9361 = CARTESIAN_POINT('',(29.108532318798,1.793774696119,
    9.812707413231));
#9362 = ORIENTED_EDGE('',*,*,#9363,.F.);
#9363 = EDGE_CURVE('',#9324,#9348,#9364,.T.);
#9364 = B_SPLINE_CURVE_WITH_KNOTS('',3,(#9365,#9366,#9367,#9368,#9369,
    #9370,#9371,#9372,#9373,#9374,#9375,#9376,#9377,#9378,#9379),
  .UNSPECIFIED.,.F.,.F.,(4,1,1,1,1,1,1,1,1,1,1,1,4),(0.,
    9.624012518015E-02,0.185231261129,0.267500523077,0.344400381778,
    0.419594868556,0.496890626593,0.576637918839,0.66026785242,
    0.745386615088,0.830040327386,0.914474211639,1.),.UNSPECIFIED.);
#9365 = CARTESIAN_POINT('',(27.994706447404,1.793774696119,
    10.168559276212));
#9366 = CARTESIAN_POINT('',(28.002528258038,1.793774696119,
    10.140213642482));
#9367 = CARTESIAN_POINT('',(28.017582725655,1.793774696119,
    10.085657422053));
#9368 = CARTESIAN_POINT('',(28.049039966466,1.793774696119,
    10.010109959091));
#9369 = CARTESIAN_POINT('',(28.084467211118,1.793774696119,
    9.942966940725));
#9370 = CARTESIAN_POINT('',(28.126391996214,1.793774696119,
    9.884742226092));
#9371 = CARTESIAN_POINT('',(28.173893664899,1.793774696119,
    9.833032693153));
#9372 = CARTESIAN_POINT('',(28.228761190951,1.793774696119,
    9.787844334315));
#9373 = CARTESIAN_POINT('',(28.290289897059,1.793774696119,
    9.747419247071));
#9374 = CARTESIAN_POINT('',(28.358161740985,1.793774696119,
    9.713297635827));
#9375 = CARTESIAN_POINT('',(28.430035884045,1.793774696119,
    9.684253285518));
#9376 = CARTESIAN_POINT('',(28.505287596797,1.793774696119,
    9.664777983552));
#9377 = CARTESIAN_POINT('',(28.582071198903,1.793774696119,9.65143649138
    ));
#9378 = CARTESIAN_POINT('',(28.634005775864,1.793774696119,
    9.650194085466));
#9379 = CARTESIAN_POINT('',(28.660139890913,1.793774696119,
    9.649568891597));
#9380 = PLANE('',#9381);
#9381 = AXIS2_PLACEMENT_3D('',#9382,#9383,#9384);
#9382 = CARTESIAN_POINT('',(28.331299872726,1.793774696119,
    10.929879286582));
#9383 = DIRECTION('',(7.241712566605E-15,1.,-1.0897098817E-13));
#9384 = DIRECTION('',(1.,-7.241712566605E-15,-1.688382366124E-29));
#9385 = ADVANCED_FACE('',(#9386),#9411,.T.);
#9386 = FACE_BOUND('',#9387,.T.);
#9387 = EDGE_LOOP('',(#9388,#9398,#9404,#9405));
#9388 = ORIENTED_EDGE('',*,*,#9389,.F.);
#9389 = EDGE_CURVE('',#9390,#9392,#9394,.T.);
#9390 = VERTEX_POINT('',#9391);
#9391 = CARTESIAN_POINT('',(29.315556056779,1.803774696119,
    10.168559276212));
#9392 = VERTEX_POINT('',#9393);
#9393 = CARTESIAN_POINT('',(27.994706447404,1.803774696119,
    10.168559276212));
#9394 = LINE('',#9395,#9396);
#9395 = CARTESIAN_POINT('',(29.315556056779,1.803774696119,
    10.168559276212));
#9396 = VECTOR('',#9397,1.);
#9397 = DIRECTION('',(-1.,0.,0.));
#9398 = ORIENTED_EDGE('',*,*,#9399,.F.);
#9399 = EDGE_CURVE('',#9322,#9390,#9400,.T.);
#9400 = LINE('',#9401,#9402);
#9401 = CARTESIAN_POINT('',(29.315556056779,1.793774696119,
    10.168559276212));
#9402 = VECTOR('',#9403,1.);
#9403 = DIRECTION('',(0.,1.,2.331468351713E-15));
#9404 = ORIENTED_EDGE('',*,*,#9321,.T.);
#9405 = ORIENTED_EDGE('',*,*,#9406,.T.);
#9406 = EDGE_CURVE('',#9324,#9392,#9407,.T.);
#9407 = LINE('',#9408,#9409);
#9408 = CARTESIAN_POINT('',(27.994706447404,1.793774696119,
    10.168559276212));
#9409 = VECTOR('',#9410,1.);
#9410 = DIRECTION('',(0.,1.,2.331468351713E-15));
#9411 = PLANE('',#9412);
#9412 = AXIS2_PLACEMENT_3D('',#9413,#9414,#9415);
#9413 = CARTESIAN_POINT('',(29.315556056779,1.793774696119,
    10.168559276212));
#9414 = DIRECTION('',(0.,2.331468351713E-15,-1.));
#9415 = DIRECTION('',(0.,-1.,-2.331468351713E-15));
#9416 = ADVANCED_FACE('',(#9417),#9443,.T.);
#9417 = FACE_BOUND('',#9418,.T.);
#9418 = EDGE_LOOP('',(#9419,#9435,#9441,#9442));
#9419 = ORIENTED_EDGE('',*,*,#9420,.F.);
#9420 = EDGE_CURVE('',#9421,#9390,#9423,.T.);
#9421 = VERTEX_POINT('',#9422);
#9422 = CARTESIAN_POINT('',(29.108532318798,1.803774696119,
    9.812707413231));
#9423 = B_SPLINE_CURVE_WITH_KNOTS('',3,(#9424,#9425,#9426,#9427,#9428,
    #9429,#9430,#9431,#9432,#9433,#9434),.UNSPECIFIED.,.F.,.F.,(4,1,1,1,
    1,1,1,1,4),(0.,0.109983845112,0.222580497364,0.338499870962,
    0.458708565478,0.585535346458,0.717517742946,0.854666819751,1.),
  .UNSPECIFIED.);
#9424 = CARTESIAN_POINT('',(29.108532318798,1.803774696119,
    9.812707413231));
#9425 = CARTESIAN_POINT('',(29.11988971242,1.803774696119,9.822976938683
    ));
#9426 = CARTESIAN_POINT('',(29.1428743091,1.803774696119,9.84375995532)
  );
#9427 = CARTESIAN_POINT('',(29.173585985328,1.803774696119,9.87956661192
    ));
#9428 = CARTESIAN_POINT('',(29.202991342637,1.803774696119,
    9.918177942605));
#9429 = CARTESIAN_POINT('',(29.229752274242,1.803774696119,
    9.961071143447));
#9430 = CARTESIAN_POINT('',(29.254297917887,1.803774696119,
    10.007757780593));
#9431 = CARTESIAN_POINT('',(29.277266759505,1.803774696119,
    10.057844064565));
#9432 = CARTESIAN_POINT('',(29.29794037201,1.803774696119,
    10.111710069261));
#9433 = CARTESIAN_POINT('',(29.309571832587,1.803774696119,
    10.149247032379));
#9434 = CARTESIAN_POINT('',(29.315556056779,1.803774696119,
    10.168559276212));
#9435 = ORIENTED_EDGE('',*,*,#9436,.F.);
#9436 = EDGE_CURVE('',#9332,#9421,#9437,.T.);
#9437 = LINE('',#9438,#9439);
#9438 = CARTESIAN_POINT('',(29.108532318798,1.793774696119,
    9.812707413231));
#9439 = VECTOR('',#9440,1.);
#9440 = DIRECTION('',(0.,1.,2.331468351713E-15));
#9441 = ORIENTED_EDGE('',*,*,#9331,.T.);
#9442 = ORIENTED_EDGE('',*,*,#9399,.T.);
#9443 = B_SPLINE_SURFACE_WITH_KNOTS('',3,1,(
    (#9444,#9445)
    ,(#9446,#9447)
    ,(#9448,#9449)
    ,(#9450,#9451)
    ,(#9452,#9453)
    ,(#9454,#9455)
    ,(#9456,#9457)
    ,(#9458,#9459)
    ,(#9460,#9461)
    ,(#9462,#9463)
    ,(#9464,#9465
  )),.UNSPECIFIED.,.F.,.F.,.F.,(4,1,1,1,1,1,1,1,4),(2,2),(0.,
    0.109983845112,0.222580497364,0.338499870962,0.458708565478,
    0.585535346458,0.717517742946,0.854666819751,1.),(0.,1.2E-03),
  .UNSPECIFIED.);
#9444 = CARTESIAN_POINT('',(29.108532318798,1.793774696119,
    9.812707413231));
#9445 = CARTESIAN_POINT('',(29.108532318798,1.805774696119,
    9.812707413231));
#9446 = CARTESIAN_POINT('',(29.11988971242,1.793774696119,9.822976938683
    ));
#9447 = CARTESIAN_POINT('',(29.11988971242,1.805774696119,9.822976938683
    ));
#9448 = CARTESIAN_POINT('',(29.1428743091,1.793774696119,9.84375995532)
  );
#9449 = CARTESIAN_POINT('',(29.1428743091,1.805774696119,9.84375995532)
  );
#9450 = CARTESIAN_POINT('',(29.173585985328,1.793774696119,9.87956661192
    ));
#9451 = CARTESIAN_POINT('',(29.173585985328,1.805774696119,9.87956661192
    ));
#9452 = CARTESIAN_POINT('',(29.202991342637,1.793774696119,
    9.918177942605));
#9453 = CARTESIAN_POINT('',(29.202991342637,1.805774696119,
    9.918177942605));
#9454 = CARTESIAN_POINT('',(29.229752274242,1.793774696119,
    9.961071143447));
#9455 = CARTESIAN_POINT('',(29.229752274242,1.805774696119,
    9.961071143447));
#9456 = CARTESIAN_POINT('',(29.254297917887,1.793774696119,
    10.007757780593));
#9457 = CARTESIAN_POINT('',(29.254297917887,1.805774696119,
    10.007757780593));
#9458 = CARTESIAN_POINT('',(29.277266759505,1.793774696119,
    10.057844064565));
#9459 = CARTESIAN_POINT('',(29.277266759505,1.805774696119,
    10.057844064565));
#9460 = CARTESIAN_POINT('',(29.29794037201,1.793774696119,
    10.111710069261));
#9461 = CARTESIAN_POINT('',(29.29794037201,1.805774696119,
    10.111710069261));
#9462 = CARTESIAN_POINT('',(29.309571832587,1.793774696119,
    10.149247032379));
#9463 = CARTESIAN_POINT('',(29.309571832587,1.805774696119,
    10.149247032379));
#9464 = CARTESIAN_POINT('',(29.315556056779,1.793774696119,
    10.168559276212));
#9465 = CARTESIAN_POINT('',(29.315556056779,1.805774696119,
    10.168559276212));
#9466 = ADVANCED_FACE('',(#9467),#9493,.T.);
#9467 = FACE_BOUND('',#9468,.T.);
#9468 = EDGE_LOOP('',(#9469,#9485,#9491,#9492));
#9469 = ORIENTED_EDGE('',*,*,#9470,.F.);
#9470 = EDGE_CURVE('',#9471,#9421,#9473,.T.);
#9471 = VERTEX_POINT('',#9472);
#9472 = CARTESIAN_POINT('',(28.660139890913,1.803774696119,
    9.649568891597));
#9473 = B_SPLINE_CURVE_WITH_KNOTS('',3,(#9474,#9475,#9476,#9477,#9478,
    #9479,#9480,#9481,#9482,#9483,#9484),.UNSPECIFIED.,.F.,.F.,(4,1,1,1,
    1,1,1,1,4),(0.,0.131091976257,0.259141276328,0.384161763483,
    0.505991952498,0.62909808939,0.750669123424,0.874038937615,1.),
  .UNSPECIFIED.);
#9474 = CARTESIAN_POINT('',(28.660139890913,1.803774696119,
    9.649568891597));
#9475 = CARTESIAN_POINT('',(28.681468705333,1.803774696119,
    9.649985046702));
#9476 = CARTESIAN_POINT('',(28.723631287277,1.803774696119,
    9.650807697851));
#9477 = CARTESIAN_POINT('',(28.785748621173,1.803774696119,
    9.658611482272));
#9478 = CARTESIAN_POINT('',(28.845402130615,1.803774696119,
    9.671510948159));
#9479 = CARTESIAN_POINT('',(28.90303197808,1.803774696119,9.689176391847
    ));
#9480 = CARTESIAN_POINT('',(28.95788296174,1.803774696119,9.712722601764
    ));
#9481 = CARTESIAN_POINT('',(29.011083330832,1.803774696119,
    9.740333689868));
#9482 = CARTESIAN_POINT('',(29.06128035042,1.803774696119,9.774039660276
    ));
#9483 = CARTESIAN_POINT('',(29.092672910378,1.803774696119,
    9.799729166867));
#9484 = CARTESIAN_POINT('',(29.108532318798,1.803774696119,
    9.812707413231));
#9485 = ORIENTED_EDGE('',*,*,#9486,.F.);
#9486 = EDGE_CURVE('',#9348,#9471,#9487,.T.);
#9487 = LINE('',#9488,#9489);
#9488 = CARTESIAN_POINT('',(28.660139890913,1.793774696119,
    9.649568891597));
#9489 = VECTOR('',#9490,1.);
#9490 = DIRECTION('',(0.,1.,2.331468351713E-15));
#9491 = ORIENTED_EDGE('',*,*,#9347,.T.);
#9492 = ORIENTED_EDGE('',*,*,#9436,.T.);
#9493 = B_SPLINE_SURFACE_WITH_KNOTS('',3,1,(
    (#9494,#9495)
    ,(#9496,#9497)
    ,(#9498,#9499)
    ,(#9500,#9501)
    ,(#9502,#9503)
    ,(#9504,#9505)
    ,(#9506,#9507)
    ,(#9508,#9509)
    ,(#9510,#9511)
    ,(#9512,#9513)
    ,(#9514,#9515
  )),.UNSPECIFIED.,.F.,.F.,.F.,(4,1,1,1,1,1,1,1,4),(2,2),(0.,
    0.131091976257,0.259141276328,0.384161763483,0.505991952498,
    0.62909808939,0.750669123424,0.874038937615,1.),(0.,1.2E-03),
  .UNSPECIFIED.);
#9494 = CARTESIAN_POINT('',(28.660139890913,1.793774696119,
    9.649568891597));
#9495 = CARTESIAN_POINT('',(28.660139890913,1.805774696119,
    9.649568891597));
#9496 = CARTESIAN_POINT('',(28.681468705333,1.793774696119,
    9.649985046702));
#9497 = CARTESIAN_POINT('',(28.681468705333,1.805774696119,
    9.649985046702));
#9498 = CARTESIAN_POINT('',(28.723631287277,1.793774696119,
    9.650807697851));
#9499 = CARTESIAN_POINT('',(28.723631287277,1.805774696119,
    9.650807697851));
#9500 = CARTESIAN_POINT('',(28.785748621173,1.793774696119,
    9.658611482272));
#9501 = CARTESIAN_POINT('',(28.785748621173,1.805774696119,
    9.658611482272));
#9502 = CARTESIAN_POINT('',(28.845402130615,1.793774696119,
    9.671510948159));
#9503 = CARTESIAN_POINT('',(28.845402130615,1.805774696119,
    9.671510948159));
#9504 = CARTESIAN_POINT('',(28.90303197808,1.793774696119,9.689176391847
    ));
#9505 = CARTESIAN_POINT('',(28.90303197808,1.805774696119,9.689176391847
    ));
#9506 = CARTESIAN_POINT('',(28.95788296174,1.793774696119,9.712722601764
    ));
#9507 = CARTESIAN_POINT('',(28.95788296174,1.805774696119,9.712722601764
    ));
#9508 = CARTESIAN_POINT('',(29.011083330832,1.793774696119,
    9.740333689868));
#9509 = CARTESIAN_POINT('',(29.011083330832,1.805774696119,
    9.740333689868));
#9510 = CARTESIAN_POINT('',(29.06128035042,1.793774696119,9.774039660276
    ));
#9511 = CARTESIAN_POINT('',(29.06128035042,1.805774696119,9.774039660276
    ));
#9512 = CARTESIAN_POINT('',(29.092672910378,1.793774696119,
    9.799729166867));
#9513 = CARTESIAN_POINT('',(29.092672910378,1.805774696119,
    9.799729166867));
#9514 = CARTESIAN_POINT('',(29.108532318798,1.793774696119,
    9.812707413231));
#9515 = CARTESIAN_POINT('',(29.108532318798,1.805774696119,
    9.812707413231));
#9516 = ADVANCED_FACE('',(#9517),#9540,.T.);
#9517 = FACE_BOUND('',#9518,.T.);
#9518 = EDGE_LOOP('',(#9519,#9537,#9538,#9539));
#9519 = ORIENTED_EDGE('',*,*,#9520,.F.);
#9520 = EDGE_CURVE('',#9392,#9471,#9521,.T.);
#9521 = B_SPLINE_CURVE_WITH_KNOTS('',3,(#9522,#9523,#9524,#9525,#9526,
    #9527,#9528,#9529,#9530,#9531,#9532,#9533,#9534,#9535,#9536),
  .UNSPECIFIED.,.F.,.F.,(4,1,1,1,1,1,1,1,1,1,1,1,4),(0.,
    9.624012518015E-02,0.185231261129,0.267500523077,0.344400381778,
    0.419594868556,0.496890626593,0.576637918839,0.66026785242,
    0.745386615088,0.830040327386,0.914474211639,1.),.UNSPECIFIED.);
#9522 = CARTESIAN_POINT('',(27.994706447404,1.803774696119,
    10.168559276212));
#9523 = CARTESIAN_POINT('',(28.002528258038,1.803774696119,
    10.140213642482));
#9524 = CARTESIAN_POINT('',(28.017582725655,1.803774696119,
    10.085657422053));
#9525 = CARTESIAN_POINT('',(28.049039966466,1.803774696119,
    10.010109959091));
#9526 = CARTESIAN_POINT('',(28.084467211118,1.803774696119,
    9.942966940725));
#9527 = CARTESIAN_POINT('',(28.126391996214,1.803774696119,
    9.884742226092));
#9528 = CARTESIAN_POINT('',(28.173893664899,1.803774696119,
    9.833032693153));
#9529 = CARTESIAN_POINT('',(28.228761190951,1.803774696119,
    9.787844334315));
#9530 = CARTESIAN_POINT('',(28.290289897059,1.803774696119,
    9.747419247071));
#9531 = CARTESIAN_POINT('',(28.358161740985,1.803774696119,
    9.713297635827));
#9532 = CARTESIAN_POINT('',(28.430035884045,1.803774696119,
    9.684253285518));
#9533 = CARTESIAN_POINT('',(28.505287596797,1.803774696119,
    9.664777983552));
#9534 = CARTESIAN_POINT('',(28.582071198903,1.803774696119,9.65143649138
    ));
#9535 = CARTESIAN_POINT('',(28.634005775864,1.803774696119,
    9.650194085466));
#9536 = CARTESIAN_POINT('',(28.660139890913,1.803774696119,
    9.649568891597));
#9537 = ORIENTED_EDGE('',*,*,#9406,.F.);
#9538 = ORIENTED_EDGE('',*,*,#9363,.T.);
#9539 = ORIENTED_EDGE('',*,*,#9486,.T.);
#9540 = B_SPLINE_SURFACE_WITH_KNOTS('',3,1,(
    (#9541,#9542)
    ,(#9543,#9544)
    ,(#9545,#9546)
    ,(#9547,#9548)
    ,(#9549,#9550)
    ,(#9551,#9552)
    ,(#9553,#9554)
    ,(#9555,#9556)
    ,(#9557,#9558)
    ,(#9559,#9560)
    ,(#9561,#9562)
    ,(#9563,#9564)
    ,(#9565,#9566)
    ,(#9567,#9568)
    ,(#9569,#9570
    )),.UNSPECIFIED.,.F.,.F.,.F.,(4,1,1,1,1,1,1,1,1,1,1,1,4),(2,2),(0.,
    9.624012518015E-02,0.185231261129,0.267500523077,0.344400381778,
    0.419594868556,0.496890626593,0.576637918839,0.66026785242,
    0.745386615088,0.830040327386,0.914474211639,1.),(0.,1.2E-03),
  .UNSPECIFIED.);
#9541 = CARTESIAN_POINT('',(27.994706447404,1.793774696119,
    10.168559276212));
#9542 = CARTESIAN_POINT('',(27.994706447404,1.805774696119,
    10.168559276212));
#9543 = CARTESIAN_POINT('',(28.002528258038,1.793774696119,
    10.140213642482));
#9544 = CARTESIAN_POINT('',(28.002528258038,1.805774696119,
    10.140213642482));
#9545 = CARTESIAN_POINT('',(28.017582725655,1.793774696119,
    10.085657422053));
#9546 = CARTESIAN_POINT('',(28.017582725655,1.805774696119,
    10.085657422053));
#9547 = CARTESIAN_POINT('',(28.049039966466,1.793774696119,
    10.010109959091));
#9548 = CARTESIAN_POINT('',(28.049039966466,1.805774696119,
    10.010109959091));
#9549 = CARTESIAN_POINT('',(28.084467211118,1.793774696119,
    9.942966940725));
#9550 = CARTESIAN_POINT('',(28.084467211118,1.805774696119,
    9.942966940725));
#9551 = CARTESIAN_POINT('',(28.126391996214,1.793774696119,
    9.884742226092));
#9552 = CARTESIAN_POINT('',(28.126391996214,1.805774696119,
    9.884742226092));
#9553 = CARTESIAN_POINT('',(28.173893664899,1.793774696119,
    9.833032693153));
#9554 = CARTESIAN_POINT('',(28.173893664899,1.805774696119,
    9.833032693153));
#9555 = CARTESIAN_POINT('',(28.228761190951,1.793774696119,
    9.787844334315));
#9556 = CARTESIAN_POINT('',(28.228761190951,1.805774696119,
    9.787844334315));
#9557 = CARTESIAN_POINT('',(28.290289897059,1.793774696119,
    9.747419247071));
#9558 = CARTESIAN_POINT('',(28.290289897059,1.805774696119,
    9.747419247071));
#9559 = CARTESIAN_POINT('',(28.358161740985,1.793774696119,
    9.713297635827));
#9560 = CARTESIAN_POINT('',(28.358161740985,1.805774696119,
    9.713297635827));
#9561 = CARTESIAN_POINT('',(28.430035884045,1.793774696119,
    9.684253285518));
#9562 = CARTESIAN_POINT('',(28.430035884045,1.805774696119,
    9.684253285518));
#9563 = CARTESIAN_POINT('',(28.505287596797,1.793774696119,
    9.664777983552));
#9564 = CARTESIAN_POINT('',(28.505287596797,1.805774696119,
    9.664777983552));
#9565 = CARTESIAN_POINT('',(28.582071198903,1.793774696119,9.65143649138
    ));
#9566 = CARTESIAN_POINT('',(28.582071198903,1.805774696119,9.65143649138
    ));
#9567 = CARTESIAN_POINT('',(28.634005775864,1.793774696119,
    9.650194085466));
#9568 = CARTESIAN_POINT('',(28.634005775864,1.805774696119,
    9.650194085466));
#9569 = CARTESIAN_POINT('',(28.660139890913,1.793774696119,
    9.649568891597));
#9570 = CARTESIAN_POINT('',(28.660139890913,1.805774696119,
    9.649568891597));
#9571 = ADVANCED_FACE('',(#9572),#9578,.T.);
#9572 = FACE_BOUND('',#9573,.T.);
#9573 = EDGE_LOOP('',(#9574,#9575,#9576,#9577));
#9574 = ORIENTED_EDGE('',*,*,#9389,.T.);
#9575 = ORIENTED_EDGE('',*,*,#9520,.T.);
#9576 = ORIENTED_EDGE('',*,*,#9470,.T.);
#9577 = ORIENTED_EDGE('',*,*,#9420,.T.);
#9578 = PLANE('',#9579);
#9579 = AXIS2_PLACEMENT_3D('',#9580,#9581,#9582);
#9580 = CARTESIAN_POINT('',(49.969747354884,1.803774696119,
    11.206540045443));
#9581 = DIRECTION('',(0.,-1.,-2.331468351713E-15));
#9582 = DIRECTION('',(-1.,0.,0.));
#9583 = ADVANCED_FACE('',(#9584),#9621,.T.);
#9584 = FACE_BOUND('',#9585,.T.);
#9585 = EDGE_LOOP('',(#9586,#9587,#9595,#9615));
#9586 = ORIENTED_EDGE('',*,*,#4675,.F.);
#9587 = ORIENTED_EDGE('',*,*,#9588,.F.);
#9588 = EDGE_CURVE('',#9589,#4676,#9591,.T.);
#9589 = VERTEX_POINT('',#9590);
#9590 = CARTESIAN_POINT('',(26.440597372885,1.793774696119,9.43586696852
    ));
#9591 = LINE('',#9592,#9593);
#9592 = CARTESIAN_POINT('',(26.440597372885,1.793774696119,9.43586696852
    ));
#9593 = VECTOR('',#9594,1.);
#9594 = DIRECTION('',(0.,1.,2.331468351713E-15));
#9595 = ORIENTED_EDGE('',*,*,#9596,.T.);
#9596 = EDGE_CURVE('',#9589,#9597,#9599,.T.);
#9597 = VERTEX_POINT('',#9598);
#9598 = CARTESIAN_POINT('',(25.643985293558,1.793774696119,
    9.843713272606));
#9599 = B_SPLINE_CURVE_WITH_KNOTS('',3,(#9600,#9601,#9602,#9603,#9604,
    #9605,#9606,#9607,#9608,#9609,#9610,#9611,#9612,#9613,#9614),
  .UNSPECIFIED.,.F.,.F.,(4,1,1,1,1,1,1,1,1,1,1,1,4),(0.,
    9.126880443432E-02,0.182081404553,0.271909654527,0.362049458505,
    0.450066348425,0.533976473971,0.613602453741,0.690197614265,
    0.7654128769,0.841436550693,0.919732748606,1.),.UNSPECIFIED.);
#9600 = CARTESIAN_POINT('',(26.440597372885,1.793774696119,9.43586696852
    ));
#9601 = CARTESIAN_POINT('',(26.412103942232,1.793774696119,9.43649418369
    ));
#9602 = CARTESIAN_POINT('',(26.355259504465,1.793774696119,
    9.437745478915));
#9603 = CARTESIAN_POINT('',(26.270935559399,1.793774696119,
    9.448276490515));
#9604 = CARTESIAN_POINT('',(26.187853615005,1.793774696119,
    9.464153588109));
#9605 = CARTESIAN_POINT('',(26.107471389235,1.793774696119,
    9.487675459792));
#9606 = CARTESIAN_POINT('',(26.030763492805,1.793774696119,
    9.516157696988));
#9607 = CARTESIAN_POINT('',(25.958961695441,1.793774696119,
    9.548143133021));
#9608 = CARTESIAN_POINT('',(25.893756196201,1.793774696119,
    9.585286961417));
#9609 = CARTESIAN_POINT('',(25.833934032876,1.793774696119,9.62591796782
    ));
#9610 = CARTESIAN_POINT('',(25.779383325535,1.793774696119,
    9.671747441177));
#9611 = CARTESIAN_POINT('',(25.729544108265,1.793774696119,
    9.723323246127));
#9612 = CARTESIAN_POINT('',(25.683394361214,1.793774696119,
    9.780376961354));
#9613 = CARTESIAN_POINT('',(25.657230062892,1.793774696119,
    9.822426932103));
#9614 = CARTESIAN_POINT('',(25.643985293558,1.793774696119,
    9.843713272606));
#9615 = ORIENTED_EDGE('',*,*,#9616,.T.);
#9616 = EDGE_CURVE('',#9597,#4678,#9617,.T.);
#9617 = LINE('',#9618,#9619);
#9618 = CARTESIAN_POINT('',(25.643985293558,1.793774696119,
    9.843713272606));
#9619 = VECTOR('',#9620,1.);
#9620 = DIRECTION('',(0.,1.,2.331468351713E-15));
#9621 = B_SPLINE_SURFACE_WITH_KNOTS('',3,1,(
    (#9622,#9623)
    ,(#9624,#9625)
    ,(#9626,#9627)
    ,(#9628,#9629)
    ,(#9630,#9631)
    ,(#9632,#9633)
    ,(#9634,#9635)
    ,(#9636,#9637)
    ,(#9638,#9639)
    ,(#9640,#9641)
    ,(#9642,#9643)
    ,(#9644,#9645)
    ,(#9646,#9647)
    ,(#9648,#9649)
    ,(#9650,#9651
    )),.UNSPECIFIED.,.F.,.F.,.F.,(4,1,1,1,1,1,1,1,1,1,1,1,4),(2,2),(0.,
    9.126880443432E-02,0.182081404553,0.271909654527,0.362049458505,
    0.450066348425,0.533976473971,0.613602453741,0.690197614265,
    0.7654128769,0.841436550693,0.919732748606,1.),(0.,1.2E-03),
  .UNSPECIFIED.);
#9622 = CARTESIAN_POINT('',(26.440597372885,1.793774696119,9.43586696852
    ));
#9623 = CARTESIAN_POINT('',(26.440597372885,1.805774696119,9.43586696852
    ));
#9624 = CARTESIAN_POINT('',(26.412103942232,1.793774696119,9.43649418369
    ));
#9625 = CARTESIAN_POINT('',(26.412103942232,1.805774696119,9.43649418369
    ));
#9626 = CARTESIAN_POINT('',(26.355259504465,1.793774696119,
    9.437745478915));
#9627 = CARTESIAN_POINT('',(26.355259504465,1.805774696119,
    9.437745478915));
#9628 = CARTESIAN_POINT('',(26.270935559399,1.793774696119,
    9.448276490515));
#9629 = CARTESIAN_POINT('',(26.270935559399,1.805774696119,
    9.448276490515));
#9630 = CARTESIAN_POINT('',(26.187853615005,1.793774696119,
    9.464153588109));
#9631 = CARTESIAN_POINT('',(26.187853615005,1.805774696119,
    9.464153588109));
#9632 = CARTESIAN_POINT('',(26.107471389235,1.793774696119,
    9.487675459792));
#9633 = CARTESIAN_POINT('',(26.107471389235,1.805774696119,
    9.487675459792));
#9634 = CARTESIAN_POINT('',(26.030763492805,1.793774696119,
    9.516157696988));
#9635 = CARTESIAN_POINT('',(26.030763492805,1.805774696119,
    9.516157696988));
#9636 = CARTESIAN_POINT('',(25.958961695441,1.793774696119,
    9.548143133021));
#9637 = CARTESIAN_POINT('',(25.958961695441,1.805774696119,
    9.548143133021));
#9638 = CARTESIAN_POINT('',(25.893756196201,1.793774696119,
    9.585286961417));
#9639 = CARTESIAN_POINT('',(25.893756196201,1.805774696119,
    9.585286961417));
#9640 = CARTESIAN_POINT('',(25.833934032876,1.793774696119,9.62591796782
    ));
#9641 = CARTESIAN_POINT('',(25.833934032876,1.805774696119,9.62591796782
    ));
#9642 = CARTESIAN_POINT('',(25.779383325535,1.793774696119,
    9.671747441177));
#9643 = CARTESIAN_POINT('',(25.779383325535,1.805774696119,
    9.671747441177));
#9644 = CARTESIAN_POINT('',(25.729544108265,1.793774696119,
    9.723323246127));
#9645 = CARTESIAN_POINT('',(25.729544108265,1.805774696119,
    9.723323246127));
#9646 = CARTESIAN_POINT('',(25.683394361214,1.793774696119,
    9.780376961354));
#9647 = CARTESIAN_POINT('',(25.683394361214,1.805774696119,
    9.780376961354));
#9648 = CARTESIAN_POINT('',(25.657230062892,1.793774696119,
    9.822426932103));
#9649 = CARTESIAN_POINT('',(25.657230062892,1.805774696119,
    9.822426932103));
#9650 = CARTESIAN_POINT('',(25.643985293558,1.793774696119,
    9.843713272606));
#9651 = CARTESIAN_POINT('',(25.643985293558,1.805774696119,
    9.843713272606));
#9652 = ADVANCED_FACE('',(#9653),#9695,.T.);
#9653 = FACE_BOUND('',#9654,.T.);
#9654 = EDGE_LOOP('',(#9655,#9656,#9664,#9694));
#9655 = ORIENTED_EDGE('',*,*,#4837,.F.);
#9656 = ORIENTED_EDGE('',*,*,#9657,.F.);
#9657 = EDGE_CURVE('',#9658,#4814,#9660,.T.);
#9658 = VERTEX_POINT('',#9659);
#9659 = CARTESIAN_POINT('',(27.414658370481,1.793774696119,
    10.350778326693));
#9660 = LINE('',#9661,#9662);
#9661 = CARTESIAN_POINT('',(27.414658370481,1.793774696119,
    10.350778326693));
#9662 = VECTOR('',#9663,1.);
#9663 = DIRECTION('',(0.,1.,2.331468351713E-15));
#9664 = ORIENTED_EDGE('',*,*,#9665,.T.);
#9665 = EDGE_CURVE('',#9658,#9589,#9666,.T.);
#9666 = B_SPLINE_CURVE_WITH_KNOTS('',3,(#9667,#9668,#9669,#9670,#9671,
    #9672,#9673,#9674,#9675,#9676,#9677,#9678,#9679,#9680,#9681,#9682,
    #9683,#9684,#9685,#9686,#9687,#9688,#9689,#9690,#9691,#9692,#9693),
  .UNSPECIFIED.,.F.,.F.,(4,1,1,1,1,1,1,1,1,1,1,1,1,1,1,1,1,1,1,1,1,1,1,1
    ,4),(0.,4.129144695325E-02,8.213550321446E-02,0.122636035226,
    0.162830869755,0.203006600577,0.243526083162,0.284172936247,
    0.325409810796,0.366854666099,0.407550595166,0.448187374057,
    0.488682851084,0.52901496519,0.569842728695,0.611370238165,
    0.653237735282,0.695446119073,0.737751394547,0.780043360577,
    0.82280707039,0.865978142233,0.909595030166,0.954231404705,1.),
  .UNSPECIFIED.);
#9667 = CARTESIAN_POINT('',(27.414658370481,1.793774696119,
    10.350778326693));
#9668 = CARTESIAN_POINT('',(27.414358322002,1.793774696119,
    10.330246213183));
#9669 = CARTESIAN_POINT('',(27.413761476055,1.793774696119,
    10.289404450552));
#9670 = CARTESIAN_POINT('',(27.406915771647,1.793774696119,
    10.228787985542));
#9671 = CARTESIAN_POINT('',(27.39807216774,1.793774696119,10.16897877881
    ));
#9672 = CARTESIAN_POINT('',(27.383086800196,1.793774696119,
    10.110734955467));
#9673 = CARTESIAN_POINT('',(27.36577808472,1.793774696119,
    10.053173142045));
#9674 = CARTESIAN_POINT('',(27.343683124702,1.793774696119,
    9.996987139194));
#9675 = CARTESIAN_POINT('',(27.31776465066,1.793774696119,9.941915852858
    ));
#9676 = CARTESIAN_POINT('',(27.288337879372,1.793774696119,
    9.888101147539));
#9677 = CARTESIAN_POINT('',(27.25521214386,1.793774696119,9.836428335854
    ));
#9678 = CARTESIAN_POINT('',(27.218553661952,1.793774696119,
    9.787610217569));
#9679 = CARTESIAN_POINT('',(27.179743140346,1.793774696119,
    9.741060341414));
#9680 = CARTESIAN_POINT('',(27.136964928406,1.793774696119,
    9.698385782812));
#9681 = CARTESIAN_POINT('',(27.0920343782,1.793774696119,9.657879909816)
  );
#9682 = CARTESIAN_POINT('',(27.043680324024,1.793774696119,
    9.620624828799));
#9683 = CARTESIAN_POINT('',(26.992180110662,1.793774696119,
    9.586511047442));
#9684 = CARTESIAN_POINT('',(26.938307171551,1.793774696119,
    9.554907767294));
#9685 = CARTESIAN_POINT('',(26.88209285902,1.793774696119,9.526768580209
    ));
#9686 = CARTESIAN_POINT('',(26.82387696366,1.793774696119,9.502525252309
    ));
#9687 = CARTESIAN_POINT('',(26.764010277693,1.793774696119,
    9.481806624788));
#9688 = CARTESIAN_POINT('',(26.702397036734,1.793774696119,
    9.465403949375));
#9689 = CARTESIAN_POINT('',(26.63944619394,1.793774696119,9.451648880995
    ));
#9690 = CARTESIAN_POINT('',(26.574661676511,1.793774696119,
    9.442996203411));
#9691 = CARTESIAN_POINT('',(26.508291325296,1.793774696119,
    9.436882328442));
#9692 = CARTESIAN_POINT('',(26.463349638414,1.793774696119,
    9.436208235911));
#9693 = CARTESIAN_POINT('',(26.440597372885,1.793774696119,9.43586696852
    ));
#9694 = ORIENTED_EDGE('',*,*,#9588,.T.);
#9695 = B_SPLINE_SURFACE_WITH_KNOTS('',3,1,(
    (#9696,#9697)
    ,(#9698,#9699)
    ,(#9700,#9701)
    ,(#9702,#9703)
    ,(#9704,#9705)
    ,(#9706,#9707)
    ,(#9708,#9709)
    ,(#9710,#9711)
    ,(#9712,#9713)
    ,(#9714,#9715)
    ,(#9716,#9717)
    ,(#9718,#9719)
    ,(#9720,#9721)
    ,(#9722,#9723)
    ,(#9724,#9725)
    ,(#9726,#9727)
    ,(#9728,#9729)
    ,(#9730,#9731)
    ,(#9732,#9733)
    ,(#9734,#9735)
    ,(#9736,#9737)
    ,(#9738,#9739)
    ,(#9740,#9741)
    ,(#9742,#9743)
    ,(#9744,#9745)
    ,(#9746,#9747)
    ,(#9748,#9749
    )),.UNSPECIFIED.,.F.,.F.,.F.,(4,1,1,1,1,1,1,1,1,1,1,1,1,1,1,1,1,1,1,
    1,1,1,1,1,4),(2,2),(0.,4.129144695325E-02,8.213550321446E-02,
    0.122636035226,0.162830869755,0.203006600577,0.243526083162,
    0.284172936247,0.325409810796,0.366854666099,0.407550595166,
    0.448187374057,0.488682851084,0.52901496519,0.569842728695,
    0.611370238165,0.653237735282,0.695446119073,0.737751394547,
    0.780043360577,0.82280707039,0.865978142233,0.909595030166,
    0.954231404705,1.),(0.,1.2E-03),.UNSPECIFIED.);
#9696 = CARTESIAN_POINT('',(27.414658370481,1.793774696119,
    10.350778326693));
#9697 = CARTESIAN_POINT('',(27.414658370481,1.805774696119,
    10.350778326693));
#9698 = CARTESIAN_POINT('',(27.414358322002,1.793774696119,
    10.330246213183));
#9699 = CARTESIAN_POINT('',(27.414358322002,1.805774696119,
    10.330246213183));
#9700 = CARTESIAN_POINT('',(27.413761476055,1.793774696119,
    10.289404450552));
#9701 = CARTESIAN_POINT('',(27.413761476055,1.805774696119,
    10.289404450552));
#9702 = CARTESIAN_POINT('',(27.406915771647,1.793774696119,
    10.228787985542));
#9703 = CARTESIAN_POINT('',(27.406915771647,1.805774696119,
    10.228787985542));
#9704 = CARTESIAN_POINT('',(27.39807216774,1.793774696119,10.16897877881
    ));
#9705 = CARTESIAN_POINT('',(27.39807216774,1.805774696119,10.16897877881
    ));
#9706 = CARTESIAN_POINT('',(27.383086800196,1.793774696119,
    10.110734955467));
#9707 = CARTESIAN_POINT('',(27.383086800196,1.805774696119,
    10.110734955467));
#9708 = CARTESIAN_POINT('',(27.36577808472,1.793774696119,
    10.053173142045));
#9709 = CARTESIAN_POINT('',(27.36577808472,1.805774696119,
    10.053173142045));
#9710 = CARTESIAN_POINT('',(27.343683124702,1.793774696119,
    9.996987139194));
#9711 = CARTESIAN_POINT('',(27.343683124702,1.805774696119,
    9.996987139194));
#9712 = CARTESIAN_POINT('',(27.31776465066,1.793774696119,9.941915852858
    ));
#9713 = CARTESIAN_POINT('',(27.31776465066,1.805774696119,9.941915852858
    ));
#9714 = CARTESIAN_POINT('',(27.288337879372,1.793774696119,
    9.888101147539));
#9715 = CARTESIAN_POINT('',(27.288337879372,1.805774696119,
    9.888101147539));
#9716 = CARTESIAN_POINT('',(27.25521214386,1.793774696119,9.836428335854
    ));
#9717 = CARTESIAN_POINT('',(27.25521214386,1.805774696119,9.836428335854
    ));
#9718 = CARTESIAN_POINT('',(27.218553661952,1.793774696119,
    9.787610217569));
#9719 = CARTESIAN_POINT('',(27.218553661952,1.805774696119,
    9.787610217569));
#9720 = CARTESIAN_POINT('',(27.179743140346,1.793774696119,
    9.741060341414));
#9721 = CARTESIAN_POINT('',(27.179743140346,1.805774696119,
    9.741060341414));
#9722 = CARTESIAN_POINT('',(27.136964928406,1.793774696119,
    9.698385782812));
#9723 = CARTESIAN_POINT('',(27.136964928406,1.805774696119,
    9.698385782812));
#9724 = CARTESIAN_POINT('',(27.0920343782,1.793774696119,9.657879909816)
  );
#9725 = CARTESIAN_POINT('',(27.0920343782,1.805774696119,9.657879909816)
  );
#9726 = CARTESIAN_POINT('',(27.043680324024,1.793774696119,
    9.620624828799));
#9727 = CARTESIAN_POINT('',(27.043680324024,1.805774696119,
    9.620624828799));
#9728 = CARTESIAN_POINT('',(26.992180110662,1.793774696119,
    9.586511047442));
#9729 = CARTESIAN_POINT('',(26.992180110662,1.805774696119,
    9.586511047442));
#9730 = CARTESIAN_POINT('',(26.938307171551,1.793774696119,
    9.554907767294));
#9731 = CARTESIAN_POINT('',(26.938307171551,1.805774696119,
    9.554907767294));
#9732 = CARTESIAN_POINT('',(26.88209285902,1.793774696119,9.526768580209
    ));
#9733 = CARTESIAN_POINT('',(26.88209285902,1.805774696119,9.526768580209
    ));
#9734 = CARTESIAN_POINT('',(26.82387696366,1.793774696119,9.502525252309
    ));
#9735 = CARTESIAN_POINT('',(26.82387696366,1.805774696119,9.502525252309
    ));
#9736 = CARTESIAN_POINT('',(26.764010277693,1.793774696119,
    9.481806624788));
#9737 = CARTESIAN_POINT('',(26.764010277693,1.805774696119,
    9.481806624788));
#9738 = CARTESIAN_POINT('',(26.702397036734,1.793774696119,
    9.465403949375));
#9739 = CARTESIAN_POINT('',(26.702397036734,1.805774696119,
    9.465403949375));
#9740 = CARTESIAN_POINT('',(26.63944619394,1.793774696119,9.451648880995
    ));
#9741 = CARTESIAN_POINT('',(26.63944619394,1.805774696119,9.451648880995
    ));
#9742 = CARTESIAN_POINT('',(26.574661676511,1.793774696119,
    9.442996203411));
#9743 = CARTESIAN_POINT('',(26.574661676511,1.805774696119,
    9.442996203411));
#9744 = CARTESIAN_POINT('',(26.508291325296,1.793774696119,
    9.436882328442));
#9745 = CARTESIAN_POINT('',(26.508291325296,1.805774696119,
    9.436882328442));
#9746 = CARTESIAN_POINT('',(26.463349638414,1.793774696119,
    9.436208235911));
#9747 = CARTESIAN_POINT('',(26.463349638414,1.805774696119,
    9.436208235911));
#9748 = CARTESIAN_POINT('',(26.440597372885,1.793774696119,9.43586696852
    ));
#9749 = CARTESIAN_POINT('',(26.440597372885,1.805774696119,9.43586696852
    ));
#9750 = ADVANCED_FACE('',(#9751),#9769,.T.);
#9751 = FACE_BOUND('',#9752,.T.);
#9752 = EDGE_LOOP('',(#9753,#9754,#9755,#9763));
#9753 = ORIENTED_EDGE('',*,*,#4697,.F.);
#9754 = ORIENTED_EDGE('',*,*,#9616,.F.);
#9755 = ORIENTED_EDGE('',*,*,#9756,.T.);
#9756 = EDGE_CURVE('',#9597,#9757,#9759,.T.);
#9757 = VERTEX_POINT('',#9758);
#9758 = CARTESIAN_POINT('',(25.82286525149,1.793774696119,9.954857353135
    ));
#9759 = LINE('',#9760,#9761);
#9760 = CARTESIAN_POINT('',(25.643985293558,1.793774696119,
    9.843713272606));
#9761 = VECTOR('',#9762,1.);
#9762 = DIRECTION('',(0.849395098773,-1.23044988074E-15,0.527757488038)
  );
#9763 = ORIENTED_EDGE('',*,*,#9764,.T.);
#9764 = EDGE_CURVE('',#9757,#4698,#9765,.T.);
#9765 = LINE('',#9766,#9767);
#9766 = CARTESIAN_POINT('',(25.82286525149,1.793774696119,9.954857353135
    ));
#9767 = VECTOR('',#9768,1.);
#9768 = DIRECTION('',(0.,1.,2.331468351713E-15));
#9769 = PLANE('',#9770);
#9770 = AXIS2_PLACEMENT_3D('',#9771,#9772,#9773);
#9771 = CARTESIAN_POINT('',(25.643985293558,1.793774696119,
    9.843713272606));
#9772 = DIRECTION('',(-0.527757488038,-1.980337790889E-15,0.849395098773
    ));
#9773 = DIRECTION('',(0.,1.,2.331468351713E-15));
#9774 = ADVANCED_FACE('',(#9775),#9809,.T.);
#9775 = FACE_BOUND('',#9776,.T.);
#9776 = EDGE_LOOP('',(#9777,#9778,#9786,#9808));
#9777 = ORIENTED_EDGE('',*,*,#4813,.F.);
#9778 = ORIENTED_EDGE('',*,*,#9779,.F.);
#9779 = EDGE_CURVE('',#9780,#4790,#9782,.T.);
#9780 = VERTEX_POINT('',#9781);
#9781 = CARTESIAN_POINT('',(26.458246862067,1.793774696119,
    11.237068891597));
#9782 = LINE('',#9783,#9784);
#9783 = CARTESIAN_POINT('',(26.458246862067,1.793774696119,
    11.237068891597));
#9784 = VECTOR('',#9785,1.);
#9785 = DIRECTION('',(0.,1.,2.331468351713E-15));
#9786 = ORIENTED_EDGE('',*,*,#9787,.T.);
#9787 = EDGE_CURVE('',#9780,#9658,#9788,.T.);
#9788 = B_SPLINE_CURVE_WITH_KNOTS('',3,(#9789,#9790,#9791,#9792,#9793,
    #9794,#9795,#9796,#9797,#9798,#9799,#9800,#9801,#9802,#9803,#9804,
    #9805,#9806,#9807),.UNSPECIFIED.,.F.,.F.,(4,1,1,1,1,1,1,1,1,1,1,1,1,
    1,1,1,4),(0.,6.955854372741E-02,0.136335250558,0.201095766118,
    0.26444995478,0.327004991157,0.38939138744,0.451976490303,
    0.515669982885,0.578973246463,0.6401670288,0.699739843425,
    0.758684985426,0.817820401291,0.876983987481,0.937634284862,1.),
  .UNSPECIFIED.);
#9789 = CARTESIAN_POINT('',(26.458246862067,1.793774696119,
    11.237068891597));
#9790 = CARTESIAN_POINT('',(26.491999981145,1.793774696119,
    11.236462503019));
#9791 = CARTESIAN_POINT('',(26.558156339515,1.793774696119,
    11.235273977004));
#9792 = CARTESIAN_POINT('',(26.654986474159,1.793774696119,
    11.222205353562));
#9793 = CARTESIAN_POINT('',(26.747524344173,1.793774696119,
    11.202503832487));
#9794 = CARTESIAN_POINT('',(26.835738334146,1.793774696119,
    11.174225649235));
#9795 = CARTESIAN_POINT('',(26.919642177447,1.793774696119,
    11.137823293212));
#9796 = CARTESIAN_POINT('',(26.999157638253,1.793774696119,
    11.093357249537));
#9797 = CARTESIAN_POINT('',(27.074021429204,1.793774696119,
    11.040458263906));
#9798 = CARTESIAN_POINT('',(27.143493229624,1.793774696119,
    10.980067879745));
#9799 = CARTESIAN_POINT('',(27.20729810638,1.793774696119,
    10.914589872228));
#9800 = CARTESIAN_POINT('',(27.262084675172,1.793774696119,
    10.843934838777));
#9801 = CARTESIAN_POINT('',(27.309604403932,1.793774696119,
    10.770700483014));
#9802 = CARTESIAN_POINT('',(27.347763964486,1.793774696119,
    10.693269359045));
#9803 = CARTESIAN_POINT('',(27.378139819794,1.793774696119,
    10.612670596648));
#9804 = CARTESIAN_POINT('',(27.398894000528,1.793774696119,
    10.528258522689));
#9805 = CARTESIAN_POINT('',(27.412317268512,1.793774696119,
    10.440729042696));
#9806 = CARTESIAN_POINT('',(27.413870782079,1.793774696119,
    10.381039349727));
#9807 = CARTESIAN_POINT('',(27.414658370481,1.793774696119,
    10.350778326693));
#9808 = ORIENTED_EDGE('',*,*,#9657,.T.);
#9809 = B_SPLINE_SURFACE_WITH_KNOTS('',3,1,(
    (#9810,#9811)
    ,(#9812,#9813)
    ,(#9814,#9815)
    ,(#9816,#9817)
    ,(#9818,#9819)
    ,(#9820,#9821)
    ,(#9822,#9823)
    ,(#9824,#9825)
    ,(#9826,#9827)
    ,(#9828,#9829)
    ,(#9830,#9831)
    ,(#9832,#9833)
    ,(#9834,#9835)
    ,(#9836,#9837)
    ,(#9838,#9839)
    ,(#9840,#9841)
    ,(#9842,#9843)
    ,(#9844,#9845)
    ,(#9846,#9847
    )),.UNSPECIFIED.,.F.,.F.,.F.,(4,1,1,1,1,1,1,1,1,1,1,1,1,1,1,1,4),(2,
    2),(0.,6.955854372741E-02,0.136335250558,0.201095766118,
    0.26444995478,0.327004991157,0.38939138744,0.451976490303,
    0.515669982885,0.578973246463,0.6401670288,0.699739843425,
    0.758684985426,0.817820401291,0.876983987481,0.937634284862,1.),(0.,
    1.2E-03),.UNSPECIFIED.);
#9810 = CARTESIAN_POINT('',(26.458246862067,1.793774696119,
    11.237068891597));
#9811 = CARTESIAN_POINT('',(26.458246862067,1.805774696119,
    11.237068891597));
#9812 = CARTESIAN_POINT('',(26.491999981145,1.793774696119,
    11.236462503019));
#9813 = CARTESIAN_POINT('',(26.491999981145,1.805774696119,
    11.236462503019));
#9814 = CARTESIAN_POINT('',(26.558156339515,1.793774696119,
    11.235273977004));
#9815 = CARTESIAN_POINT('',(26.558156339515,1.805774696119,
    11.235273977004));
#9816 = CARTESIAN_POINT('',(26.654986474159,1.793774696119,
    11.222205353562));
#9817 = CARTESIAN_POINT('',(26.654986474159,1.805774696119,
    11.222205353562));
#9818 = CARTESIAN_POINT('',(26.747524344173,1.793774696119,
    11.202503832487));
#9819 = CARTESIAN_POINT('',(26.747524344173,1.805774696119,
    11.202503832487));
#9820 = CARTESIAN_POINT('',(26.835738334146,1.793774696119,
    11.174225649235));
#9821 = CARTESIAN_POINT('',(26.835738334146,1.805774696119,
    11.174225649235));
#9822 = CARTESIAN_POINT('',(26.919642177447,1.793774696119,
    11.137823293212));
#9823 = CARTESIAN_POINT('',(26.919642177447,1.805774696119,
    11.137823293212));
#9824 = CARTESIAN_POINT('',(26.999157638253,1.793774696119,
    11.093357249537));
#9825 = CARTESIAN_POINT('',(26.999157638253,1.805774696119,
    11.093357249537));
#9826 = CARTESIAN_POINT('',(27.074021429204,1.793774696119,
    11.040458263906));
#9827 = CARTESIAN_POINT('',(27.074021429204,1.805774696119,
    11.040458263906));
#9828 = CARTESIAN_POINT('',(27.143493229624,1.793774696119,
    10.980067879745));
#9829 = CARTESIAN_POINT('',(27.143493229624,1.805774696119,
    10.980067879745));
#9830 = CARTESIAN_POINT('',(27.20729810638,1.793774696119,
    10.914589872228));
#9831 = CARTESIAN_POINT('',(27.20729810638,1.805774696119,
    10.914589872228));
#9832 = CARTESIAN_POINT('',(27.262084675172,1.793774696119,
    10.843934838777));
#9833 = CARTESIAN_POINT('',(27.262084675172,1.805774696119,
    10.843934838777));
#9834 = CARTESIAN_POINT('',(27.309604403932,1.793774696119,
    10.770700483014));
#9835 = CARTESIAN_POINT('',(27.309604403932,1.805774696119,
    10.770700483014));
#9836 = CARTESIAN_POINT('',(27.347763964486,1.793774696119,
    10.693269359045));
#9837 = CARTESIAN_POINT('',(27.347763964486,1.805774696119,
    10.693269359045));
#9838 = CARTESIAN_POINT('',(27.378139819794,1.793774696119,
    10.612670596648));
#9839 = CARTESIAN_POINT('',(27.378139819794,1.805774696119,
    10.612670596648));
#9840 = CARTESIAN_POINT('',(27.398894000528,1.793774696119,
    10.528258522689));
#9841 = CARTESIAN_POINT('',(27.398894000528,1.805774696119,
    10.528258522689));
#9842 = CARTESIAN_POINT('',(27.412317268512,1.793774696119,
    10.440729042696));
#9843 = CARTESIAN_POINT('',(27.412317268512,1.805774696119,
    10.440729042696));
#9844 = CARTESIAN_POINT('',(27.413870782079,1.793774696119,
    10.381039349727));
#9845 = CARTESIAN_POINT('',(27.413870782079,1.805774696119,
    10.381039349727));
#9846 = CARTESIAN_POINT('',(27.414658370481,1.793774696119,
    10.350778326693));
#9847 = CARTESIAN_POINT('',(27.414658370481,1.805774696119,
    10.350778326693));
#9848 = ADVANCED_FACE('',(#9849),#9875,.T.);
#9849 = FACE_BOUND('',#9850,.T.);
#9850 = EDGE_LOOP('',(#9851,#9852,#9853,#9869));
#9851 = ORIENTED_EDGE('',*,*,#4705,.F.);
#9852 = ORIENTED_EDGE('',*,*,#9764,.F.);
#9853 = ORIENTED_EDGE('',*,*,#9854,.T.);
#9854 = EDGE_CURVE('',#9757,#9855,#9857,.T.);
#9855 = VERTEX_POINT('',#9856);
#9856 = CARTESIAN_POINT('',(26.456338809183,1.793774696119,
    9.649568891597));
#9857 = B_SPLINE_CURVE_WITH_KNOTS('',3,(#9858,#9859,#9860,#9861,#9862,
    #9863,#9864,#9865,#9866,#9867,#9868),.UNSPECIFIED.,.F.,.F.,(4,1,1,1,
    1,1,1,1,4),(0.,0.128324237769,0.252584475062,0.373506483311,
    0.493364451386,0.614608597343,0.738470244236,0.86599471787,1.),
  .UNSPECIFIED.);
#9858 = CARTESIAN_POINT('',(25.82286525149,1.793774696119,9.954857353135
    ));
#9859 = CARTESIAN_POINT('',(25.842479856328,1.793774696119,9.93048124947
    ));
#9860 = CARTESIAN_POINT('',(25.881087875768,1.793774696119,
    9.882501027999));
#9861 = CARTESIAN_POINT('',(25.948129749069,1.793774696119,
    9.820581769825));
#9862 = CARTESIAN_POINT('',(26.019575014815,1.793774696119,
    9.767400264622));
#9863 = CARTESIAN_POINT('',(26.096644543707,1.793774696119,
    9.724058962634));
#9864 = CARTESIAN_POINT('',(26.179230239814,1.793774696119,
    9.690570797294));
#9865 = CARTESIAN_POINT('',(26.267006415397,1.793774696119,
    9.666873818193));
#9866 = CARTESIAN_POINT('',(26.359960553555,1.793774696119,
    9.652107181554));
#9867 = CARTESIAN_POINT('',(26.423686340756,1.793774696119,
    9.650428851472));
#9868 = CARTESIAN_POINT('',(26.456338809183,1.793774696119,
    9.649568891597));
#9869 = ORIENTED_EDGE('',*,*,#9870,.T.);
#9870 = EDGE_CURVE('',#9855,#4706,#9871,.T.);
#9871 = LINE('',#9872,#9873);
#9872 = CARTESIAN_POINT('',(26.456338809183,1.793774696119,
    9.649568891597));
#9873 = VECTOR('',#9874,1.);
#9874 = DIRECTION('',(0.,1.,2.331468351713E-15));
#9875 = B_SPLINE_SURFACE_WITH_KNOTS('',3,1,(
    (#9876,#9877)
    ,(#9878,#9879)
    ,(#9880,#9881)
    ,(#9882,#9883)
    ,(#9884,#9885)
    ,(#9886,#9887)
    ,(#9888,#9889)
    ,(#9890,#9891)
    ,(#9892,#9893)
    ,(#9894,#9895)
    ,(#9896,#9897
  )),.UNSPECIFIED.,.F.,.F.,.F.,(4,1,1,1,1,1,1,1,4),(2,2),(0.,
    0.128324237769,0.252584475062,0.373506483311,0.493364451386,
    0.614608597343,0.738470244236,0.86599471787,1.),(0.,1.2E-03),
  .UNSPECIFIED.);
#9876 = CARTESIAN_POINT('',(25.82286525149,1.793774696119,9.954857353135
    ));
#9877 = CARTESIAN_POINT('',(25.82286525149,1.805774696119,9.954857353135
    ));
#9878 = CARTESIAN_POINT('',(25.842479856328,1.793774696119,9.93048124947
    ));
#9879 = CARTESIAN_POINT('',(25.842479856328,1.805774696119,9.93048124947
    ));
#9880 = CARTESIAN_POINT('',(25.881087875768,1.793774696119,
    9.882501027999));
#9881 = CARTESIAN_POINT('',(25.881087875768,1.805774696119,
    9.882501027999));
#9882 = CARTESIAN_POINT('',(25.948129749069,1.793774696119,
    9.820581769825));
#9883 = CARTESIAN_POINT('',(25.948129749069,1.805774696119,
    9.820581769825));
#9884 = CARTESIAN_POINT('',(26.019575014815,1.793774696119,
    9.767400264622));
#9885 = CARTESIAN_POINT('',(26.019575014815,1.805774696119,
    9.767400264622));
#9886 = CARTESIAN_POINT('',(26.096644543707,1.793774696119,
    9.724058962634));
#9887 = CARTESIAN_POINT('',(26.096644543707,1.805774696119,
    9.724058962634));
#9888 = CARTESIAN_POINT('',(26.179230239814,1.793774696119,
    9.690570797294));
#9889 = CARTESIAN_POINT('',(26.179230239814,1.805774696119,
    9.690570797294));
#9890 = CARTESIAN_POINT('',(26.267006415397,1.793774696119,
    9.666873818193));
#9891 = CARTESIAN_POINT('',(26.267006415397,1.805774696119,
    9.666873818193));
#9892 = CARTESIAN_POINT('',(26.359960553555,1.793774696119,
    9.652107181554));
#9893 = CARTESIAN_POINT('',(26.359960553555,1.805774696119,
    9.652107181554));
#9894 = CARTESIAN_POINT('',(26.423686340756,1.793774696119,
    9.650428851472));
#9895 = CARTESIAN_POINT('',(26.423686340756,1.805774696119,
    9.650428851472));
#9896 = CARTESIAN_POINT('',(26.456338809183,1.793774696119,
    9.649568891597));
#9897 = CARTESIAN_POINT('',(26.456338809183,1.805774696119,
    9.649568891597));
#9898 = ADVANCED_FACE('',(#9899),#9933,.T.);
#9899 = FACE_BOUND('',#9900,.T.);
#9900 = EDGE_LOOP('',(#9901,#9902,#9910,#9932));
#9901 = ORIENTED_EDGE('',*,*,#4789,.F.);
#9902 = ORIENTED_EDGE('',*,*,#9903,.F.);
#9903 = EDGE_CURVE('',#9904,#4782,#9906,.T.);
#9904 = VERTEX_POINT('',#9905);
#9905 = CARTESIAN_POINT('',(25.643985293558,1.793774696119,
    10.835423759385));
#9906 = LINE('',#9907,#9908);
#9907 = CARTESIAN_POINT('',(25.643985293558,1.793774696119,
    10.835423759385));
#9908 = VECTOR('',#9909,1.);
#9909 = DIRECTION('',(0.,1.,2.331468351713E-15));
#9910 = ORIENTED_EDGE('',*,*,#9911,.T.);
#9911 = EDGE_CURVE('',#9904,#9780,#9912,.T.);
#9912 = B_SPLINE_CURVE_WITH_KNOTS('',3,(#9913,#9914,#9915,#9916,#9917,
    #9918,#9919,#9920,#9921,#9922,#9923,#9924,#9925,#9926,#9927,#9928,
    #9929,#9930,#9931),.UNSPECIFIED.,.F.,.F.,(4,1,1,1,1,1,1,1,1,1,1,1,1,
    1,1,1,4),(0.,5.963339613625E-02,0.119068861505,0.178196546216,
    0.236956647552,0.295931988076,0.355855768743,0.416473305117,
    0.477741599732,0.539902990454,0.602537515124,0.665422385077,
    0.729765256045,0.794828770842,0.86182653997,0.930010932434,1.),
  .UNSPECIFIED.);
#9913 = CARTESIAN_POINT('',(25.643985293558,1.793774696119,
    10.835423759385));
#9914 = CARTESIAN_POINT('',(25.654590498102,1.793774696119,
    10.850997628949));
#9915 = CARTESIAN_POINT('',(25.67576570718,1.793774696119,
    10.882093676437));
#9916 = CARTESIAN_POINT('',(25.711163073783,1.793774696119,
    10.925938691529));
#9917 = CARTESIAN_POINT('',(25.749344602139,1.793774696119,
    10.966978978952));
#9918 = CARTESIAN_POINT('',(25.790161334128,1.793774696119,
    11.005159526522));
#9919 = CARTESIAN_POINT('',(25.833080310457,1.793774696119,
    11.041394000308));
#9920 = CARTESIAN_POINT('',(25.879567691807,1.793774696119,
    11.073950160824));
#9921 = CARTESIAN_POINT('',(25.92812451675,1.793774696119,
    11.104657959851));
#9922 = CARTESIAN_POINT('',(25.979320818701,1.793774696119,
    11.132289217546));
#9923 = CARTESIAN_POINT('',(26.032627275742,1.793774696119,
    11.157126554168));
#9924 = CARTESIAN_POINT('',(26.08796887939,1.793774696119,11.17848376139
    ));
#9925 = CARTESIAN_POINT('',(26.145105144825,1.793774696119,
    11.196833065586));
#9926 = CARTESIAN_POINT('',(26.204103250761,1.793774696119,
    11.211418117587));
#9927 = CARTESIAN_POINT('',(26.265079510146,1.793774696119,
    11.223059598767));
#9928 = CARTESIAN_POINT('',(26.32787622571,1.793774696119,
    11.230784170724));
#9929 = CARTESIAN_POINT('',(26.392471769622,1.793774696119,
    11.236550388772));
#9930 = CARTESIAN_POINT('',(26.436131751137,1.793774696119,
    11.236894558927));
#9931 = CARTESIAN_POINT('',(26.458246862067,1.793774696119,
    11.237068891597));
#9932 = ORIENTED_EDGE('',*,*,#9779,.T.);
#9933 = B_SPLINE_SURFACE_WITH_KNOTS('',3,1,(
    (#9934,#9935)
    ,(#9936,#9937)
    ,(#9938,#9939)
    ,(#9940,#9941)
    ,(#9942,#9943)
    ,(#9944,#9945)
    ,(#9946,#9947)
    ,(#9948,#9949)
    ,(#9950,#9951)
    ,(#9952,#9953)
    ,(#9954,#9955)
    ,(#9956,#9957)
    ,(#9958,#9959)
    ,(#9960,#9961)
    ,(#9962,#9963)
    ,(#9964,#9965)
    ,(#9966,#9967)
    ,(#9968,#9969)
    ,(#9970,#9971
    )),.UNSPECIFIED.,.F.,.F.,.F.,(4,1,1,1,1,1,1,1,1,1,1,1,1,1,1,1,4),(2,
    2),(0.,5.963339613625E-02,0.119068861505,0.178196546216,
    0.236956647552,0.295931988076,0.355855768743,0.416473305117,
    0.477741599732,0.539902990454,0.602537515124,0.665422385077,
    0.729765256045,0.794828770842,0.86182653997,0.930010932434,1.),(0.,
    1.2E-03),.UNSPECIFIED.);
#9934 = CARTESIAN_POINT('',(25.643985293558,1.793774696119,
    10.835423759385));
#9935 = CARTESIAN_POINT('',(25.643985293558,1.805774696119,
    10.835423759385));
#9936 = CARTESIAN_POINT('',(25.654590498102,1.793774696119,
    10.850997628949));
#9937 = CARTESIAN_POINT('',(25.654590498102,1.805774696119,
    10.850997628949));
#9938 = CARTESIAN_POINT('',(25.67576570718,1.793774696119,
    10.882093676437));
#9939 = CARTESIAN_POINT('',(25.67576570718,1.805774696119,
    10.882093676437));
#9940 = CARTESIAN_POINT('',(25.711163073783,1.793774696119,
    10.925938691529));
#9941 = CARTESIAN_POINT('',(25.711163073783,1.805774696119,
    10.925938691529));
#9942 = CARTESIAN_POINT('',(25.749344602139,1.793774696119,
    10.966978978952));
#9943 = CARTESIAN_POINT('',(25.749344602139,1.805774696119,
    10.966978978952));
#9944 = CARTESIAN_POINT('',(25.790161334128,1.793774696119,
    11.005159526522));
#9945 = CARTESIAN_POINT('',(25.790161334128,1.805774696119,
    11.005159526522));
#9946 = CARTESIAN_POINT('',(25.833080310457,1.793774696119,
    11.041394000308));
#9947 = CARTESIAN_POINT('',(25.833080310457,1.805774696119,
    11.041394000308));
#9948 = CARTESIAN_POINT('',(25.879567691807,1.793774696119,
    11.073950160824));
#9949 = CARTESIAN_POINT('',(25.879567691807,1.805774696119,
    11.073950160824));
#9950 = CARTESIAN_POINT('',(25.92812451675,1.793774696119,
    11.104657959851));
#9951 = CARTESIAN_POINT('',(25.92812451675,1.805774696119,
    11.104657959851));
#9952 = CARTESIAN_POINT('',(25.979320818701,1.793774696119,
    11.132289217546));
#9953 = CARTESIAN_POINT('',(25.979320818701,1.805774696119,
    11.132289217546));
#9954 = CARTESIAN_POINT('',(26.032627275742,1.793774696119,
    11.157126554168));
#9955 = CARTESIAN_POINT('',(26.032627275742,1.805774696119,
    11.157126554168));
#9956 = CARTESIAN_POINT('',(26.08796887939,1.793774696119,11.17848376139
    ));
#9957 = CARTESIAN_POINT('',(26.08796887939,1.805774696119,11.17848376139
    ));
#9958 = CARTESIAN_POINT('',(26.145105144825,1.793774696119,
    11.196833065586));
#9959 = CARTESIAN_POINT('',(26.145105144825,1.805774696119,
    11.196833065586));
#9960 = CARTESIAN_POINT('',(26.204103250761,1.793774696119,
    11.211418117587));
#9961 = CARTESIAN_POINT('',(26.204103250761,1.805774696119,
    11.211418117587));
#9962 = CARTESIAN_POINT('',(26.265079510146,1.793774696119,
    11.223059598767));
#9963 = CARTESIAN_POINT('',(26.265079510146,1.805774696119,
    11.223059598767));
#9964 = CARTESIAN_POINT('',(26.32787622571,1.793774696119,
    11.230784170724));
#9965 = CARTESIAN_POINT('',(26.32787622571,1.805774696119,
    11.230784170724));
#9966 = CARTESIAN_POINT('',(26.392471769622,1.793774696119,
    11.236550388772));
#9967 = CARTESIAN_POINT('',(26.392471769622,1.805774696119,
    11.236550388772));
#9968 = CARTESIAN_POINT('',(26.436131751137,1.793774696119,
    11.236894558927));
#9969 = CARTESIAN_POINT('',(26.436131751137,1.805774696119,
    11.236894558927));
#9970 = CARTESIAN_POINT('',(26.458246862067,1.793774696119,
    11.237068891597));
#9971 = CARTESIAN_POINT('',(26.458246862067,1.805774696119,
    11.237068891597));
#9972 = ADVANCED_FACE('',(#9973),#10007,.T.);
#9973 = FACE_BOUND('',#9974,.T.);
#9974 = EDGE_LOOP('',(#9975,#9976,#9977,#10001));
#9975 = ORIENTED_EDGE('',*,*,#4721,.F.);
#9976 = ORIENTED_EDGE('',*,*,#9870,.F.);
#9977 = ORIENTED_EDGE('',*,*,#9978,.T.);
#9978 = EDGE_CURVE('',#9855,#9979,#9981,.T.);
#9979 = VERTEX_POINT('',#9980);
#9980 = CARTESIAN_POINT('',(27.200956447404,1.793774696119,
    10.331697797847));
#9981 = B_SPLINE_CURVE_WITH_KNOTS('',3,(#9982,#9983,#9984,#9985,#9986,
    #9987,#9988,#9989,#9990,#9991,#9992,#9993,#9994,#9995,#9996,#9997,
    #9998,#9999,#10000),.UNSPECIFIED.,.F.,.F.,(4,1,1,1,1,1,1,1,1,1,1,1,1
    ,1,1,1,4),(0.,6.952164132605E-02,0.136920982261,0.201969242865,
    0.265461550385,0.328247884513,0.39081671667,0.453550175679,
    0.517541981632,0.580738371917,0.641921509174,0.701596724409,
    0.760312880246,0.818756513015,0.877718079536,0.938094053028,1.),
  .UNSPECIFIED.);
#9982 = CARTESIAN_POINT('',(26.456338809183,1.793774696119,
    9.649568891597));
#9983 = CARTESIAN_POINT('',(26.48243659951,1.793774696119,9.650287921743
    ));
#9984 = CARTESIAN_POINT('',(26.533835487947,1.793774696119,
    9.651704032065));
#9985 = CARTESIAN_POINT('',(26.609291281631,1.793774696119,
    9.660555814149));
#9986 = CARTESIAN_POINT('',(26.681165811173,1.793774696119,
    9.676640823372));
#9987 = CARTESIAN_POINT('',(26.749909579193,1.793774696119,
    9.697834599264));
#9988 = CARTESIAN_POINT('',(26.815033649658,1.793774696119,
    9.726239707241));
#9989 = CARTESIAN_POINT('',(26.87670864953,1.793774696119,9.760808487745
    ));
#9990 = CARTESIAN_POINT('',(26.935481634692,1.793774696119,
    9.800983604456));
#9991 = CARTESIAN_POINT('',(26.989649453354,1.793774696119,
    9.847527207664));
#9992 = CARTESIAN_POINT('',(27.03919918853,1.793774696119,9.898144872618
    ));
#9993 = CARTESIAN_POINT('',(27.082128985403,1.793774696119,
    9.952405868927));
#9994 = CARTESIAN_POINT('',(27.119505720308,1.793774696119,
    10.008684937766));
#9995 = CARTESIAN_POINT('',(27.148833165603,1.793774696119,
    10.068387462385));
#9996 = CARTESIAN_POINT('',(27.172832879802,1.793774696119,
    10.130147598619));
#9997 = CARTESIAN_POINT('',(27.188621737642,1.793774696119,
    10.195131132573));
#9998 = CARTESIAN_POINT('',(27.199143253629,1.793774696119,
    10.26250554487));
#9999 = CARTESIAN_POINT('',(27.200347028992,1.793774696119,
    10.308442129581));
#10000 = CARTESIAN_POINT('',(27.200956447404,1.793774696119,
    10.331697797847));
#10001 = ORIENTED_EDGE('',*,*,#10002,.T.);
#10002 = EDGE_CURVE('',#9979,#4722,#10003,.T.);
#10003 = LINE('',#10004,#10005);
#10004 = CARTESIAN_POINT('',(27.200956447404,1.793774696119,
    10.331697797847));
#10005 = VECTOR('',#10006,1.);
#10006 = DIRECTION('',(0.,1.,2.331468351713E-15));
#10007 = B_SPLINE_SURFACE_WITH_KNOTS('',3,1,(
    (#10008,#10009)
    ,(#10010,#10011)
    ,(#10012,#10013)
    ,(#10014,#10015)
    ,(#10016,#10017)
    ,(#10018,#10019)
    ,(#10020,#10021)
    ,(#10022,#10023)
    ,(#10024,#10025)
    ,(#10026,#10027)
    ,(#10028,#10029)
    ,(#10030,#10031)
    ,(#10032,#10033)
    ,(#10034,#10035)
    ,(#10036,#10037)
    ,(#10038,#10039)
    ,(#10040,#10041)
    ,(#10042,#10043)
    ,(#10044,#10045
    )),.UNSPECIFIED.,.F.,.F.,.F.,(4,1,1,1,1,1,1,1,1,1,1,1,1,1,1,1,4),(2,
    2),(0.,6.952164132605E-02,0.136920982261,0.201969242865,
    0.265461550385,0.328247884513,0.39081671667,0.453550175679,
    0.517541981632,0.580738371917,0.641921509174,0.701596724409,
    0.760312880246,0.818756513015,0.877718079536,0.938094053028,1.),(0.,
    1.2E-03),.UNSPECIFIED.);
#10008 = CARTESIAN_POINT('',(26.456338809183,1.793774696119,
    9.649568891597));
#10009 = CARTESIAN_POINT('',(26.456338809183,1.805774696119,
    9.649568891597));
#10010 = CARTESIAN_POINT('',(26.48243659951,1.793774696119,
    9.650287921743));
#10011 = CARTESIAN_POINT('',(26.48243659951,1.805774696119,
    9.650287921743));
#10012 = CARTESIAN_POINT('',(26.533835487947,1.793774696119,
    9.651704032065));
#10013 = CARTESIAN_POINT('',(26.533835487947,1.805774696119,
    9.651704032065));
#10014 = CARTESIAN_POINT('',(26.609291281631,1.793774696119,
    9.660555814149));
#10015 = CARTESIAN_POINT('',(26.609291281631,1.805774696119,
    9.660555814149));
#10016 = CARTESIAN_POINT('',(26.681165811173,1.793774696119,
    9.676640823372));
#10017 = CARTESIAN_POINT('',(26.681165811173,1.805774696119,
    9.676640823372));
#10018 = CARTESIAN_POINT('',(26.749909579193,1.793774696119,
    9.697834599264));
#10019 = CARTESIAN_POINT('',(26.749909579193,1.805774696119,
    9.697834599264));
#10020 = CARTESIAN_POINT('',(26.815033649658,1.793774696119,
    9.726239707241));
#10021 = CARTESIAN_POINT('',(26.815033649658,1.805774696119,
    9.726239707241));
#10022 = CARTESIAN_POINT('',(26.87670864953,1.793774696119,
    9.760808487745));
#10023 = CARTESIAN_POINT('',(26.87670864953,1.805774696119,
    9.760808487745));
#10024 = CARTESIAN_POINT('',(26.935481634692,1.793774696119,
    9.800983604456));
#10025 = CARTESIAN_POINT('',(26.935481634692,1.805774696119,
    9.800983604456));
#10026 = CARTESIAN_POINT('',(26.989649453354,1.793774696119,
    9.847527207664));
#10027 = CARTESIAN_POINT('',(26.989649453354,1.805774696119,
    9.847527207664));
#10028 = CARTESIAN_POINT('',(27.03919918853,1.793774696119,
    9.898144872618));
#10029 = CARTESIAN_POINT('',(27.03919918853,1.805774696119,
    9.898144872618));
#10030 = CARTESIAN_POINT('',(27.082128985403,1.793774696119,
    9.952405868927));
#10031 = CARTESIAN_POINT('',(27.082128985403,1.805774696119,
    9.952405868927));
#10032 = CARTESIAN_POINT('',(27.119505720308,1.793774696119,
    10.008684937766));
#10033 = CARTESIAN_POINT('',(27.119505720308,1.805774696119,
    10.008684937766));
#10034 = CARTESIAN_POINT('',(27.148833165603,1.793774696119,
    10.068387462385));
#10035 = CARTESIAN_POINT('',(27.148833165603,1.805774696119,
    10.068387462385));
#10036 = CARTESIAN_POINT('',(27.172832879802,1.793774696119,
    10.130147598619));
#10037 = CARTESIAN_POINT('',(27.172832879802,1.805774696119,
    10.130147598619));
#10038 = CARTESIAN_POINT('',(27.188621737642,1.793774696119,
    10.195131132573));
#10039 = CARTESIAN_POINT('',(27.188621737642,1.805774696119,
    10.195131132573));
#10040 = CARTESIAN_POINT('',(27.199143253629,1.793774696119,
    10.26250554487));
#10041 = CARTESIAN_POINT('',(27.199143253629,1.805774696119,
    10.26250554487));
#10042 = CARTESIAN_POINT('',(27.200347028992,1.793774696119,
    10.308442129581));
#10043 = CARTESIAN_POINT('',(27.200347028992,1.805774696119,
    10.308442129581));
#10044 = CARTESIAN_POINT('',(27.200956447404,1.793774696119,
    10.331697797847));
#10045 = CARTESIAN_POINT('',(27.200956447404,1.805774696119,
    10.331697797847));
#10046 = ADVANCED_FACE('',(#10047),#10065,.T.);
#10047 = FACE_BOUND('',#10048,.T.);
#10048 = EDGE_LOOP('',(#10049,#10050,#10058,#10064));
#10049 = ORIENTED_EDGE('',*,*,#4781,.F.);
#10050 = ORIENTED_EDGE('',*,*,#10051,.F.);
#10051 = EDGE_CURVE('',#10052,#4766,#10054,.T.);
#10052 = VERTEX_POINT('',#10053);
#10053 = CARTESIAN_POINT('',(25.82286525149,1.793774696119,
    10.718078506982));
#10054 = LINE('',#10055,#10056);
#10055 = CARTESIAN_POINT('',(25.82286525149,1.793774696119,
    10.718078506981));
#10056 = VECTOR('',#10057,1.);
#10057 = DIRECTION('',(0.,1.,2.331468351713E-15));
#10058 = ORIENTED_EDGE('',*,*,#10059,.T.);
#10059 = EDGE_CURVE('',#10052,#9904,#10060,.T.);
#10060 = LINE('',#10061,#10062);
#10061 = CARTESIAN_POINT('',(25.82286525149,1.793774696119,
    10.718078506981));
#10062 = VECTOR('',#10063,1.);
#10063 = DIRECTION('',(-0.8361437835,-1.278834456275E-15,0.548510321976)
  );
#10064 = ORIENTED_EDGE('',*,*,#9903,.T.);
#10065 = PLANE('',#10066);
#10066 = AXIS2_PLACEMENT_3D('',#10067,#10068,#10069);
#10067 = CARTESIAN_POINT('',(25.82286525149,1.793774696119,
    10.718078506981));
#10068 = DIRECTION('',(-0.548510321976,1.949442768712E-15,-0.8361437835)
  );
#10069 = DIRECTION('',(0.,1.,2.331468351713E-15));
#10070 = ADVANCED_FACE('',(#10071),#10101,.T.);
#10071 = FACE_BOUND('',#10072,.T.);
#10072 = EDGE_LOOP('',(#10073,#10074,#10075,#10095));
#10073 = ORIENTED_EDGE('',*,*,#4745,.F.);
#10074 = ORIENTED_EDGE('',*,*,#10002,.F.);
#10075 = ORIENTED_EDGE('',*,*,#10076,.T.);
#10076 = EDGE_CURVE('',#9979,#10077,#10079,.T.);
#10077 = VERTEX_POINT('',#10078);
#10078 = CARTESIAN_POINT('',(26.454907769519,1.793774696119,
    11.02336696852));
#10079 = B_SPLINE_CURVE_WITH_KNOTS('',3,(#10080,#10081,#10082,#10083,
    #10084,#10085,#10086,#10087,#10088,#10089,#10090,#10091,#10092,
    #10093,#10094),.UNSPECIFIED.,.F.,.F.,(4,1,1,1,1,1,1,1,1,1,1,1,4),(0.
    ,8.052524235254E-02,0.159965476945,0.240321361295,0.322528527629,
    0.405023583207,0.4865966364,0.567865473629,0.651332773385,
    0.736237567294,0.82152906901,0.909004906074,1.),.UNSPECIFIED.);
#10080 = CARTESIAN_POINT('',(27.200956447404,1.793774696119,
    10.331697797847));
#10081 = CARTESIAN_POINT('',(27.199745920453,1.793774696119,
    10.362156850352));
#10082 = CARTESIAN_POINT('',(27.197341177351,1.793774696119,
    10.422664546062));
#10083 = CARTESIAN_POINT('',(27.178494291375,1.793774696119,
    10.511980540305));
#10084 = CARTESIAN_POINT('',(27.147643899969,1.793774696119,
    10.598333979638));
#10085 = CARTESIAN_POINT('',(27.105422398004,1.793774696119,
    10.681111765788));
#10086 = CARTESIAN_POINT('',(27.052029919055,1.793774696119,
    10.757716003568));
#10087 = CARTESIAN_POINT('',(26.989319657239,1.793774696119,
    10.826420818069));
#10088 = CARTESIAN_POINT('',(26.91725685238,1.793774696119,
    10.885894937271));
#10089 = CARTESIAN_POINT('',(26.836476463059,1.793774696119,
    10.93520213737));
#10090 = CARTESIAN_POINT('',(26.748875212609,1.793774696119,
    10.974840674977));
#10091 = CARTESIAN_POINT('',(26.655400873486,1.793774696119,
    11.003080485386));
#10092 = CARTESIAN_POINT('',(26.556817272862,1.793774696119,
    11.020125045999));
#10093 = CARTESIAN_POINT('',(26.489321253859,1.793774696119,
    11.022272214388));
#10094 = CARTESIAN_POINT('',(26.454907769519,1.793774696119,
    11.02336696852));
#10095 = ORIENTED_EDGE('',*,*,#10096,.T.);
#10096 = EDGE_CURVE('',#10077,#4746,#10097,.T.);
#10097 = LINE('',#10098,#10099);
#10098 = CARTESIAN_POINT('',(26.454907769519,1.793774696119,
    11.02336696852));
#10099 = VECTOR('',#10100,1.);
#10100 = DIRECTION('',(0.,1.,2.331468351713E-15));
#10101 = B_SPLINE_SURFACE_WITH_KNOTS('',3,1,(
    (#10102,#10103)
    ,(#10104,#10105)
    ,(#10106,#10107)
    ,(#10108,#10109)
    ,(#10110,#10111)
    ,(#10112,#10113)
    ,(#10114,#10115)
    ,(#10116,#10117)
    ,(#10118,#10119)
    ,(#10120,#10121)
    ,(#10122,#10123)
    ,(#10124,#10125)
    ,(#10126,#10127)
    ,(#10128,#10129)
    ,(#10130,#10131
    )),.UNSPECIFIED.,.F.,.F.,.F.,(4,1,1,1,1,1,1,1,1,1,1,1,4),(2,2),(0.,
    8.052524235254E-02,0.159965476945,0.240321361295,0.322528527629,
    0.405023583207,0.4865966364,0.567865473629,0.651332773385,
    0.736237567294,0.82152906901,0.909004906074,1.),(0.,1.2E-03),
  .UNSPECIFIED.);
#10102 = CARTESIAN_POINT('',(27.200956447404,1.793774696119,
    10.331697797847));
#10103 = CARTESIAN_POINT('',(27.200956447404,1.805774696119,
    10.331697797847));
#10104 = CARTESIAN_POINT('',(27.199745920453,1.793774696119,
    10.362156850352));
#10105 = CARTESIAN_POINT('',(27.199745920453,1.805774696119,
    10.362156850352));
#10106 = CARTESIAN_POINT('',(27.197341177351,1.793774696119,
    10.422664546062));
#10107 = CARTESIAN_POINT('',(27.197341177351,1.805774696119,
    10.422664546062));
#10108 = CARTESIAN_POINT('',(27.178494291375,1.793774696119,
    10.511980540305));
#10109 = CARTESIAN_POINT('',(27.178494291375,1.805774696119,
    10.511980540305));
#10110 = CARTESIAN_POINT('',(27.147643899969,1.793774696119,
    10.598333979638));
#10111 = CARTESIAN_POINT('',(27.147643899969,1.805774696119,
    10.598333979638));
#10112 = CARTESIAN_POINT('',(27.105422398004,1.793774696119,
    10.681111765788));
#10113 = CARTESIAN_POINT('',(27.105422398004,1.805774696119,
    10.681111765788));
#10114 = CARTESIAN_POINT('',(27.052029919055,1.793774696119,
    10.757716003568));
#10115 = CARTESIAN_POINT('',(27.052029919055,1.805774696119,
    10.757716003568));
#10116 = CARTESIAN_POINT('',(26.989319657239,1.793774696119,
    10.826420818069));
#10117 = CARTESIAN_POINT('',(26.989319657239,1.805774696119,
    10.826420818069));
#10118 = CARTESIAN_POINT('',(26.91725685238,1.793774696119,
    10.885894937271));
#10119 = CARTESIAN_POINT('',(26.91725685238,1.805774696119,
    10.885894937271));
#10120 = CARTESIAN_POINT('',(26.836476463059,1.793774696119,
    10.93520213737));
#10121 = CARTESIAN_POINT('',(26.836476463059,1.805774696119,
    10.93520213737));
#10122 = CARTESIAN_POINT('',(26.748875212609,1.793774696119,
    10.974840674977));
#10123 = CARTESIAN_POINT('',(26.748875212609,1.805774696119,
    10.974840674977));
#10124 = CARTESIAN_POINT('',(26.655400873486,1.793774696119,
    11.003080485386));
#10125 = CARTESIAN_POINT('',(26.655400873486,1.805774696119,
    11.003080485386));
#10126 = CARTESIAN_POINT('',(26.556817272862,1.793774696119,
    11.020125045999));
#10127 = CARTESIAN_POINT('',(26.556817272862,1.805774696119,
    11.020125045999));
#10128 = CARTESIAN_POINT('',(26.489321253859,1.793774696119,
    11.022272214388));
#10129 = CARTESIAN_POINT('',(26.489321253859,1.805774696119,
    11.022272214388));
#10130 = CARTESIAN_POINT('',(26.454907769519,1.793774696119,
    11.02336696852));
#10131 = CARTESIAN_POINT('',(26.454907769519,1.805774696119,
    11.02336696852));
#10132 = ADVANCED_FACE('',(#10133),#10152,.T.);
#10133 = FACE_BOUND('',#10134,.T.);
#10134 = EDGE_LOOP('',(#10135,#10136,#10137,#10151));
#10135 = ORIENTED_EDGE('',*,*,#4765,.F.);
#10136 = ORIENTED_EDGE('',*,*,#10096,.F.);
#10137 = ORIENTED_EDGE('',*,*,#10138,.T.);
#10138 = EDGE_CURVE('',#10077,#10052,#10139,.T.);
#10139 = B_SPLINE_CURVE_WITH_KNOTS('',3,(#10140,#10141,#10142,#10143,
    #10144,#10145,#10146,#10147,#10148,#10149,#10150),.UNSPECIFIED.,.F.,
  .F.,(4,1,1,1,1,1,1,1,4),(0.,0.129981078577,0.255447312027,
    0.377298344718,0.498441778542,0.619372125337,0.741856501958,
    0.868563689146,1.),.UNSPECIFIED.);
#10140 = CARTESIAN_POINT('',(26.454907769519,1.793774696119,
    11.02336696852));
#10141 = CARTESIAN_POINT('',(26.423369688719,1.793774696119,
    11.022482846321));
#10142 = CARTESIAN_POINT('',(26.361388990797,1.793774696119,
    11.020745311582));
#10143 = CARTESIAN_POINT('',(26.270787677205,1.793774696119,
    11.006097927604));
#10144 = CARTESIAN_POINT('',(26.184532059287,1.793774696119,
    10.982119669736));
#10145 = CARTESIAN_POINT('',(26.102625202771,1.793774696119,
    10.948681714971));
#10146 = CARTESIAN_POINT('',(26.025216775507,1.793774696119,
    10.905460315759));
#10147 = CARTESIAN_POINT('',(25.952806926143,1.793774696119,
    10.852148094189));
#10148 = CARTESIAN_POINT('',(25.883954825279,1.793774696119,
    10.790278728615));
#10149 = CARTESIAN_POINT('',(25.843475632283,1.793774696119,
    10.742437394577));
#10150 = CARTESIAN_POINT('',(25.82286525149,1.793774696119,
    10.718078506981));
#10151 = ORIENTED_EDGE('',*,*,#10051,.T.);
#10152 = B_SPLINE_SURFACE_WITH_KNOTS('',3,1,(
    (#10153,#10154)
    ,(#10155,#10156)
    ,(#10157,#10158)
    ,(#10159,#10160)
    ,(#10161,#10162)
    ,(#10163,#10164)
    ,(#10165,#10166)
    ,(#10167,#10168)
    ,(#10169,#10170)
    ,(#10171,#10172)
    ,(#10173,#10174
    )),.UNSPECIFIED.,.F.,.F.,.F.,(4,1,1,1,1,1,1,1,4),(2,2),(0.,
    0.129981078577,0.255447312027,0.377298344718,0.498441778542,
    0.619372125337,0.741856501958,0.868563689146,1.),(0.,1.2E-03),
  .UNSPECIFIED.);
#10153 = CARTESIAN_POINT('',(26.454907769519,1.793774696119,
    11.02336696852));
#10154 = CARTESIAN_POINT('',(26.454907769519,1.805774696119,
    11.02336696852));
#10155 = CARTESIAN_POINT('',(26.423369688719,1.793774696119,
    11.022482846321));
#10156 = CARTESIAN_POINT('',(26.423369688719,1.805774696119,
    11.022482846321));
#10157 = CARTESIAN_POINT('',(26.361388990797,1.793774696119,
    11.020745311582));
#10158 = CARTESIAN_POINT('',(26.361388990797,1.805774696119,
    11.020745311582));
#10159 = CARTESIAN_POINT('',(26.270787677205,1.793774696119,
    11.006097927604));
#10160 = CARTESIAN_POINT('',(26.270787677205,1.805774696119,
    11.006097927604));
#10161 = CARTESIAN_POINT('',(26.184532059287,1.793774696119,
    10.982119669736));
#10162 = CARTESIAN_POINT('',(26.184532059287,1.805774696119,
    10.982119669736));
#10163 = CARTESIAN_POINT('',(26.102625202771,1.793774696119,
    10.948681714971));
#10164 = CARTESIAN_POINT('',(26.102625202771,1.805774696119,
    10.948681714971));
#10165 = CARTESIAN_POINT('',(26.025216775507,1.793774696119,
    10.905460315759));
#10166 = CARTESIAN_POINT('',(26.025216775507,1.805774696119,
    10.905460315759));
#10167 = CARTESIAN_POINT('',(25.952806926143,1.793774696119,
    10.852148094189));
#10168 = CARTESIAN_POINT('',(25.952806926143,1.805774696119,
    10.852148094189));
#10169 = CARTESIAN_POINT('',(25.883954825279,1.793774696119,
    10.790278728615));
#10170 = CARTESIAN_POINT('',(25.883954825279,1.805774696119,
    10.790278728615));
#10171 = CARTESIAN_POINT('',(25.843475632283,1.793774696119,
    10.742437394577));
#10172 = CARTESIAN_POINT('',(25.843475632283,1.805774696119,
    10.742437394577));
#10173 = CARTESIAN_POINT('',(25.82286525149,1.793774696119,
    10.718078506981));
#10174 = CARTESIAN_POINT('',(25.82286525149,1.805774696119,
    10.718078506981));
#10175 = ADVANCED_FACE('',(#10176),#10188,.T.);
#10176 = FACE_BOUND('',#10177,.T.);
#10177 = EDGE_LOOP('',(#10178,#10179,#10180,#10181,#10182,#10183,#10184,
    #10185,#10186,#10187));
#10178 = ORIENTED_EDGE('',*,*,#9596,.F.);
#10179 = ORIENTED_EDGE('',*,*,#9665,.F.);
#10180 = ORIENTED_EDGE('',*,*,#9787,.F.);
#10181 = ORIENTED_EDGE('',*,*,#9911,.F.);
#10182 = ORIENTED_EDGE('',*,*,#10059,.F.);
#10183 = ORIENTED_EDGE('',*,*,#10138,.F.);
#10184 = ORIENTED_EDGE('',*,*,#10076,.F.);
#10185 = ORIENTED_EDGE('',*,*,#9978,.F.);
#10186 = ORIENTED_EDGE('',*,*,#9854,.F.);
#10187 = ORIENTED_EDGE('',*,*,#9756,.F.);
#10188 = PLANE('',#10189);
#10189 = AXIS2_PLACEMENT_3D('',#10190,#10191,#10192);
#10190 = CARTESIAN_POINT('',(25.986978800761,1.793774696119,
    9.53602734096));
#10191 = DIRECTION('',(-2.751196414776E-16,-1.,-1.482973497378E-14));
#10192 = DIRECTION('',(-1.,2.751196414776E-16,6.414327370396E-31));
#10193 = ADVANCED_FACE('',(#10194),#10219,.T.);
#10194 = FACE_BOUND('',#10195,.T.);
#10195 = EDGE_LOOP('',(#10196,#10197,#10205,#10213));
#10196 = ORIENTED_EDGE('',*,*,#4897,.F.);
#10197 = ORIENTED_EDGE('',*,*,#10198,.F.);
#10198 = EDGE_CURVE('',#10199,#4898,#10201,.T.);
#10199 = VERTEX_POINT('',#10200);
#10200 = CARTESIAN_POINT('',(31.322350678173,1.793774696119,
    11.206540045443));
#10201 = LINE('',#10202,#10203);
#10202 = CARTESIAN_POINT('',(31.322350678173,1.793774696119,
    11.206540045443));
#10203 = VECTOR('',#10204,1.);
#10204 = DIRECTION('',(0.,1.,2.331468351713E-15));
#10205 = ORIENTED_EDGE('',*,*,#10206,.T.);
#10206 = EDGE_CURVE('',#10199,#10207,#10209,.T.);
#10207 = VERTEX_POINT('',#10208);
#10208 = CARTESIAN_POINT('',(31.322350678173,1.793774696119,
    9.466395814674));
#10209 = LINE('',#10210,#10211);
#10210 = CARTESIAN_POINT('',(31.322350678173,1.793774696119,
    11.206540045443));
#10211 = VECTOR('',#10212,1.);
#10212 = DIRECTION('',(0.,2.331468351713E-15,-1.));
#10213 = ORIENTED_EDGE('',*,*,#10214,.T.);
#10214 = EDGE_CURVE('',#10207,#4900,#10215,.T.);
#10215 = LINE('',#10216,#10217);
#10216 = CARTESIAN_POINT('',(31.322350678173,1.793774696119,
    9.466395814674));
#10217 = VECTOR('',#10218,1.);
#10218 = DIRECTION('',(0.,1.,2.331468351713E-15));
#10219 = PLANE('',#10220);
#10220 = AXIS2_PLACEMENT_3D('',#10221,#10222,#10223);
#10221 = CARTESIAN_POINT('',(31.322350678173,1.793774696119,
    11.206540045443));
#10222 = DIRECTION('',(1.,0.,-0.));
#10223 = DIRECTION('',(0.,-1.,-2.331468351713E-15));
#10224 = ADVANCED_FACE('',(#10225),#10243,.T.);
#10225 = FACE_BOUND('',#10226,.T.);
#10226 = EDGE_LOOP('',(#10227,#10228,#10236,#10242));
#10227 = ORIENTED_EDGE('',*,*,#4923,.F.);
#10228 = ORIENTED_EDGE('',*,*,#10229,.F.);
#10229 = EDGE_CURVE('',#10230,#4916,#10232,.T.);
#10230 = VERTEX_POINT('',#10231);
#10231 = CARTESIAN_POINT('',(31.108648755096,1.793774696119,
    11.206540045443));
#10232 = LINE('',#10233,#10234);
#10233 = CARTESIAN_POINT('',(31.108648755096,1.793774696119,
    11.206540045443));
#10234 = VECTOR('',#10235,1.);
#10235 = DIRECTION('',(0.,1.,2.331468351713E-15));
#10236 = ORIENTED_EDGE('',*,*,#10237,.T.);
#10237 = EDGE_CURVE('',#10230,#10199,#10238,.T.);
#10238 = LINE('',#10239,#10240);
#10239 = CARTESIAN_POINT('',(31.108648755096,1.793774696119,
    11.206540045443));
#10240 = VECTOR('',#10241,1.);
#10241 = DIRECTION('',(1.,0.,-0.));
#10242 = ORIENTED_EDGE('',*,*,#10198,.T.);
#10243 = PLANE('',#10244);
#10244 = AXIS2_PLACEMENT_3D('',#10245,#10246,#10247);
#10245 = CARTESIAN_POINT('',(31.108648755096,1.793774696119,
    11.206540045443));
#10246 = DIRECTION('',(0.,-2.331468351713E-15,1.));
#10247 = DIRECTION('',(0.,1.,2.331468351713E-15));
#10248 = ADVANCED_FACE('',(#10249),#10267,.T.);
#10249 = FACE_BOUND('',#10250,.T.);
#10250 = EDGE_LOOP('',(#10251,#10252,#10253,#10261));
#10251 = ORIENTED_EDGE('',*,*,#4907,.F.);
#10252 = ORIENTED_EDGE('',*,*,#10214,.F.);
#10253 = ORIENTED_EDGE('',*,*,#10254,.T.);
#10254 = EDGE_CURVE('',#10207,#10255,#10257,.T.);
#10255 = VERTEX_POINT('',#10256);
#10256 = CARTESIAN_POINT('',(31.108648755096,1.793774696119,
    9.466395814674));
#10257 = LINE('',#10258,#10259);
#10258 = CARTESIAN_POINT('',(31.322350678173,1.793774696119,
    9.466395814674));
#10259 = VECTOR('',#10260,1.);
#10260 = DIRECTION('',(-1.,0.,0.));
#10261 = ORIENTED_EDGE('',*,*,#10262,.T.);
#10262 = EDGE_CURVE('',#10255,#4908,#10263,.T.);
#10263 = LINE('',#10264,#10265);
#10264 = CARTESIAN_POINT('',(31.108648755096,1.793774696119,
    9.466395814674));
#10265 = VECTOR('',#10266,1.);
#10266 = DIRECTION('',(0.,1.,2.331468351713E-15));
#10267 = PLANE('',#10268);
#10268 = AXIS2_PLACEMENT_3D('',#10269,#10270,#10271);
#10269 = CARTESIAN_POINT('',(31.322350678173,1.793774696119,
    9.466395814674));
#10270 = DIRECTION('',(0.,2.331468351713E-15,-1.));
#10271 = DIRECTION('',(0.,-1.,-2.331468351713E-15));
#10272 = ADVANCED_FACE('',(#10273),#10284,.T.);
#10273 = FACE_BOUND('',#10274,.T.);
#10274 = EDGE_LOOP('',(#10275,#10276,#10277,#10283));
#10275 = ORIENTED_EDGE('',*,*,#4915,.F.);
#10276 = ORIENTED_EDGE('',*,*,#10262,.F.);
#10277 = ORIENTED_EDGE('',*,*,#10278,.T.);
#10278 = EDGE_CURVE('',#10255,#10230,#10279,.T.);
#10279 = LINE('',#10280,#10281);
#10280 = CARTESIAN_POINT('',(31.108648755096,1.793774696119,
    9.466395814674));
#10281 = VECTOR('',#10282,1.);
#10282 = DIRECTION('',(0.,-2.331468351713E-15,1.));
#10283 = ORIENTED_EDGE('',*,*,#10229,.T.);
#10284 = PLANE('',#10285);
#10285 = AXIS2_PLACEMENT_3D('',#10286,#10287,#10288);
#10286 = CARTESIAN_POINT('',(31.108648755096,1.793774696119,
    9.466395814674));
#10287 = DIRECTION('',(-1.,0.,0.));
#10288 = DIRECTION('',(0.,1.,2.331468351713E-15));
#10289 = ADVANCED_FACE('',(#10290),#10296,.F.);
#10290 = FACE_BOUND('',#10291,.T.);
#10291 = EDGE_LOOP('',(#10292,#10293,#10294,#10295));
#10292 = ORIENTED_EDGE('',*,*,#10206,.F.);
#10293 = ORIENTED_EDGE('',*,*,#10237,.F.);
#10294 = ORIENTED_EDGE('',*,*,#10278,.F.);
#10295 = ORIENTED_EDGE('',*,*,#10254,.F.);
#10296 = PLANE('',#10297);
#10297 = AXIS2_PLACEMENT_3D('',#10298,#10299,#10300);
#10298 = CARTESIAN_POINT('',(49.969747354884,1.793774696119,
    11.206540045443));
#10299 = DIRECTION('',(0.,1.,2.331468351713E-15));
#10300 = DIRECTION('',(1.,0.,-0.));
#10301 = ADVANCED_FACE('',(#10302),#10335,.T.);
#10302 = FACE_BOUND('',#10303,.T.);
#10303 = EDGE_LOOP('',(#10304,#10305,#10313,#10329));
#10304 = ORIENTED_EDGE('',*,*,#4931,.F.);
#10305 = ORIENTED_EDGE('',*,*,#10306,.F.);
#10306 = EDGE_CURVE('',#10307,#4932,#10309,.T.);
#10307 = VERTEX_POINT('',#10308);
#10308 = CARTESIAN_POINT('',(31.413937216635,1.793774696119,
    8.917830610347));
#10309 = LINE('',#10310,#10311);
#10310 = CARTESIAN_POINT('',(31.413937216635,1.793774696119,
    8.917830610347));
#10311 = VECTOR('',#10312,1.);
#10312 = DIRECTION('',(0.,1.,2.331468351713E-15));
#10313 = ORIENTED_EDGE('',*,*,#10314,.T.);
#10314 = EDGE_CURVE('',#10307,#10315,#10317,.T.);
#10315 = VERTEX_POINT('',#10316);
#10316 = CARTESIAN_POINT('',(31.216453743077,1.793774696119,
    8.733703506981));
#10317 = B_SPLINE_CURVE_WITH_KNOTS('',3,(#10318,#10319,#10320,#10321,
    #10322,#10323,#10324,#10325,#10326,#10327,#10328),.UNSPECIFIED.,.F.,
  .F.,(4,1,1,1,1,1,1,1,4),(0.,0.123289868728,0.242149081334,
    0.363437476054,0.489745393341,0.618114844593,0.744893781257,
    0.868932266589,1.),.UNSPECIFIED.);
#10318 = CARTESIAN_POINT('',(31.413937216635,1.793774696119,
    8.917830610347));
#10319 = CARTESIAN_POINT('',(31.413215298776,1.793774696119,
    8.905495157314));
#10320 = CARTESIAN_POINT('',(31.41179740655,1.793774696119,
    8.881267549233));
#10321 = CARTESIAN_POINT('',(31.400114234677,1.793774696119,
    8.846504678624));
#10322 = CARTESIAN_POINT('',(31.381839972611,1.793774696119,
    8.81454047829));
#10323 = CARTESIAN_POINT('',(31.356339803493,1.793774696119,
    8.786628486717));
#10324 = CARTESIAN_POINT('',(31.325973109987,1.793774696119,
    8.763329360561));
#10325 = CARTESIAN_POINT('',(31.292066324436,1.793774696119,
    8.746040817789));
#10326 = CARTESIAN_POINT('',(31.255078912895,1.793774696119,
    8.735446745825));
#10327 = CARTESIAN_POINT('',(31.229563155124,1.793774696119,
    8.734295163572));
#10328 = CARTESIAN_POINT('',(31.216453743077,1.793774696119,
    8.733703506981));
#10329 = ORIENTED_EDGE('',*,*,#10330,.T.);
#10330 = EDGE_CURVE('',#10315,#4934,#10331,.T.);
#10331 = LINE('',#10332,#10333);
#10332 = CARTESIAN_POINT('',(31.216453743077,1.793774696119,
    8.733703506981));
#10333 = VECTOR('',#10334,1.);
#10334 = DIRECTION('',(0.,1.,2.331468351713E-15));
#10335 = B_SPLINE_SURFACE_WITH_KNOTS('',3,1,(
    (#10336,#10337)
    ,(#10338,#10339)
    ,(#10340,#10341)
    ,(#10342,#10343)
    ,(#10344,#10345)
    ,(#10346,#10347)
    ,(#10348,#10349)
    ,(#10350,#10351)
    ,(#10352,#10353)
    ,(#10354,#10355)
    ,(#10356,#10357
    )),.UNSPECIFIED.,.F.,.F.,.F.,(4,1,1,1,1,1,1,1,4),(2,2),(0.,
    0.123289868728,0.242149081334,0.363437476054,0.489745393341,
    0.618114844593,0.744893781257,0.868932266589,1.),(0.,1.2E-03),
  .UNSPECIFIED.);
#10336 = CARTESIAN_POINT('',(31.413937216635,1.793774696119,
    8.917830610347));
#10337 = CARTESIAN_POINT('',(31.413937216635,1.805774696119,
    8.917830610347));
#10338 = CARTESIAN_POINT('',(31.413215298776,1.793774696119,
    8.905495157314));
#10339 = CARTESIAN_POINT('',(31.413215298776,1.805774696119,
    8.905495157314));
#10340 = CARTESIAN_POINT('',(31.41179740655,1.793774696119,
    8.881267549233));
#10341 = CARTESIAN_POINT('',(31.41179740655,1.805774696119,
    8.881267549233));
#10342 = CARTESIAN_POINT('',(31.400114234677,1.793774696119,
    8.846504678624));
#10343 = CARTESIAN_POINT('',(31.400114234677,1.805774696119,
    8.846504678624));
#10344 = CARTESIAN_POINT('',(31.381839972611,1.793774696119,
    8.81454047829));
#10345 = CARTESIAN_POINT('',(31.381839972611,1.805774696119,
    8.81454047829));
#10346 = CARTESIAN_POINT('',(31.356339803493,1.793774696119,
    8.786628486717));
#10347 = CARTESIAN_POINT('',(31.356339803493,1.805774696119,
    8.786628486717));
#10348 = CARTESIAN_POINT('',(31.325973109987,1.793774696119,
    8.763329360561));
#10349 = CARTESIAN_POINT('',(31.325973109987,1.805774696119,
    8.763329360561));
#10350 = CARTESIAN_POINT('',(31.292066324436,1.793774696119,
    8.746040817789));
#10351 = CARTESIAN_POINT('',(31.292066324436,1.805774696119,
    8.746040817789));
#10352 = CARTESIAN_POINT('',(31.255078912895,1.793774696119,
    8.735446745825));
#10353 = CARTESIAN_POINT('',(31.255078912895,1.805774696119,
    8.735446745825));
#10354 = CARTESIAN_POINT('',(31.229563155124,1.793774696119,
    8.734295163572));
#10355 = CARTESIAN_POINT('',(31.229563155124,1.805774696119,
    8.734295163572));
#10356 = CARTESIAN_POINT('',(31.216453743077,1.793774696119,
    8.733703506981));
#10357 = CARTESIAN_POINT('',(31.216453743077,1.805774696119,
    8.733703506981));
#10358 = ADVANCED_FACE('',(#10359),#10385,.T.);
#10359 = FACE_BOUND('',#10360,.T.);
#10360 = EDGE_LOOP('',(#10361,#10362,#10370,#10384));
#10361 = ORIENTED_EDGE('',*,*,#4981,.F.);
#10362 = ORIENTED_EDGE('',*,*,#10363,.F.);
#10363 = EDGE_CURVE('',#10364,#4966,#10366,.T.);
#10364 = VERTEX_POINT('',#10365);
#10365 = CARTESIAN_POINT('',(31.216453743077,1.793774696119,
    9.100049660828));
#10366 = LINE('',#10367,#10368);
#10367 = CARTESIAN_POINT('',(31.216453743077,1.793774696119,
    9.100049660828));
#10368 = VECTOR('',#10369,1.);
#10369 = DIRECTION('',(0.,1.,2.331468351713E-15));
#10370 = ORIENTED_EDGE('',*,*,#10371,.T.);
#10371 = EDGE_CURVE('',#10364,#10307,#10372,.T.);
#10372 = B_SPLINE_CURVE_WITH_KNOTS('',3,(#10373,#10374,#10375,#10376,
    #10377,#10378,#10379,#10380,#10381,#10382,#10383),.UNSPECIFIED.,.F.,
  .F.,(4,1,1,1,1,1,1,1,4),(0.,0.131866751702,0.256661403453,
    0.384213212943,0.513365233153,0.640443151825,0.761085004778,
    0.879145524653,1.),.UNSPECIFIED.);
#10373 = CARTESIAN_POINT('',(31.216453743077,1.793774696119,
    9.100049660828));
#10374 = CARTESIAN_POINT('',(31.229563051717,1.793774696119,
    9.099457940463));
#10375 = CARTESIAN_POINT('',(31.25507860822,1.793774696119,
    9.098306234082));
#10376 = CARTESIAN_POINT('',(31.292067477742,1.793774696119,9.0877130613
    ));
#10377 = CARTESIAN_POINT('',(31.325968646419,1.793774696119,
    9.070421054423));
#10378 = CARTESIAN_POINT('',(31.356356575495,1.793774696119,
    9.047135024921));
#10379 = CARTESIAN_POINT('',(31.381686403323,1.793774696119,
    9.019277871627));
#10380 = CARTESIAN_POINT('',(31.400122942565,1.793774696119,
    8.987758766342));
#10381 = CARTESIAN_POINT('',(31.411740014848,1.793774696119,
    8.953598609361));
#10382 = CARTESIAN_POINT('',(31.413199128245,1.793774696119,
    8.92984586764));
#10383 = CARTESIAN_POINT('',(31.413937216635,1.793774696119,
    8.917830610347));
#10384 = ORIENTED_EDGE('',*,*,#10306,.T.);
#10385 = B_SPLINE_SURFACE_WITH_KNOTS('',3,1,(
    (#10386,#10387)
    ,(#10388,#10389)
    ,(#10390,#10391)
    ,(#10392,#10393)
    ,(#10394,#10395)
    ,(#10396,#10397)
    ,(#10398,#10399)
    ,(#10400,#10401)
    ,(#10402,#10403)
    ,(#10404,#10405)
    ,(#10406,#10407
    )),.UNSPECIFIED.,.F.,.F.,.F.,(4,1,1,1,1,1,1,1,4),(2,2),(0.,
    0.131866751702,0.256661403453,0.384213212943,0.513365233153,
    0.640443151825,0.761085004778,0.879145524653,1.),(0.,1.2E-03),
  .UNSPECIFIED.);
#10386 = CARTESIAN_POINT('',(31.216453743077,1.793774696119,
    9.100049660828));
#10387 = CARTESIAN_POINT('',(31.216453743077,1.805774696119,
    9.100049660828));
#10388 = CARTESIAN_POINT('',(31.229563051717,1.793774696119,
    9.099457940463));
#10389 = CARTESIAN_POINT('',(31.229563051717,1.805774696119,
    9.099457940463));
#10390 = CARTESIAN_POINT('',(31.25507860822,1.793774696119,
    9.098306234082));
#10391 = CARTESIAN_POINT('',(31.25507860822,1.805774696119,
    9.098306234082));
#10392 = CARTESIAN_POINT('',(31.292067477742,1.793774696119,9.0877130613
    ));
#10393 = CARTESIAN_POINT('',(31.292067477742,1.805774696119,9.0877130613
    ));
#10394 = CARTESIAN_POINT('',(31.325968646419,1.793774696119,
    9.070421054423));
#10395 = CARTESIAN_POINT('',(31.325968646419,1.805774696119,
    9.070421054423));
#10396 = CARTESIAN_POINT('',(31.356356575495,1.793774696119,
    9.047135024921));
#10397 = CARTESIAN_POINT('',(31.356356575495,1.805774696119,
    9.047135024921));
#10398 = CARTESIAN_POINT('',(31.381686403323,1.793774696119,
    9.019277871627));
#10399 = CARTESIAN_POINT('',(31.381686403323,1.805774696119,
    9.019277871627));
#10400 = CARTESIAN_POINT('',(31.400122942565,1.793774696119,
    8.987758766342));
#10401 = CARTESIAN_POINT('',(31.400122942565,1.805774696119,
    8.987758766342));
#10402 = CARTESIAN_POINT('',(31.411740014848,1.793774696119,
    8.953598609361));
#10403 = CARTESIAN_POINT('',(31.411740014848,1.805774696119,
    8.953598609361));
#10404 = CARTESIAN_POINT('',(31.413199128245,1.793774696119,
    8.92984586764));
#10405 = CARTESIAN_POINT('',(31.413199128245,1.805774696119,
    8.92984586764));
#10406 = CARTESIAN_POINT('',(31.413937216635,1.793774696119,
    8.917830610347));
#10407 = CARTESIAN_POINT('',(31.413937216635,1.805774696119,
    8.917830610347));
#10408 = ADVANCED_FACE('',(#10409),#10435,.T.);
#10409 = FACE_BOUND('',#10410,.T.);
#10410 = EDGE_LOOP('',(#10411,#10412,#10413,#10429));
#10411 = ORIENTED_EDGE('',*,*,#4949,.F.);
#10412 = ORIENTED_EDGE('',*,*,#10330,.F.);
#10413 = ORIENTED_EDGE('',*,*,#10414,.T.);
#10414 = EDGE_CURVE('',#10315,#10415,#10417,.T.);
#10415 = VERTEX_POINT('',#10416);
#10416 = CARTESIAN_POINT('',(31.017062216635,1.793774696119,
    8.917830610347));
#10417 = B_SPLINE_CURVE_WITH_KNOTS('',3,(#10418,#10419,#10420,#10421,
    #10422,#10423,#10424,#10425,#10426,#10427,#10428),.UNSPECIFIED.,.F.,
  .F.,(4,1,1,1,1,1,1,1,4),(0.,0.131899264331,0.258284092317,
    0.384341124779,0.511979615126,0.638632008421,0.759229763165,
    0.877412168035,1.),.UNSPECIFIED.);
#10418 = CARTESIAN_POINT('',(31.216453743077,1.793774696119,
    8.733703506981));
#10419 = CARTESIAN_POINT('',(31.203192687157,1.793774696119,
    8.734318653522));
#10420 = CARTESIAN_POINT('',(31.177224992728,1.793774696119,
    8.735523228595));
#10421 = CARTESIAN_POINT('',(31.139673858827,1.793774696119,
    8.745838447821));
#10422 = CARTESIAN_POINT('',(31.105481141683,1.793774696119,
    8.763323412383));
#10423 = CARTESIAN_POINT('',(31.075152362699,1.793774696119,
    8.786781909567));
#10424 = CARTESIAN_POINT('',(31.049127418368,1.793774696119,
    8.814370013063));
#10425 = CARTESIAN_POINT('',(31.030906970773,1.793774696119,
    8.846524350421));
#10426 = CARTESIAN_POINT('',(31.01919639413,1.793774696119,
    8.881262460026));
#10427 = CARTESIAN_POINT('',(31.0177822342,1.793774696119,8.905493440344
    ));
#10428 = CARTESIAN_POINT('',(31.017062216635,1.793774696119,
    8.917830610347));
#10429 = ORIENTED_EDGE('',*,*,#10430,.T.);
#10430 = EDGE_CURVE('',#10415,#4950,#10431,.T.);
#10431 = LINE('',#10432,#10433);
#10432 = CARTESIAN_POINT('',(31.017062216635,1.793774696119,
    8.917830610347));
#10433 = VECTOR('',#10434,1.);
#10434 = DIRECTION('',(0.,1.,2.331468351713E-15));
#10435 = B_SPLINE_SURFACE_WITH_KNOTS('',3,1,(
    (#10436,#10437)
    ,(#10438,#10439)
    ,(#10440,#10441)
    ,(#10442,#10443)
    ,(#10444,#10445)
    ,(#10446,#10447)
    ,(#10448,#10449)
    ,(#10450,#10451)
    ,(#10452,#10453)
    ,(#10454,#10455)
    ,(#10456,#10457
    )),.UNSPECIFIED.,.F.,.F.,.F.,(4,1,1,1,1,1,1,1,4),(2,2),(0.,
    0.131899264331,0.258284092317,0.384341124779,0.511979615126,
    0.638632008421,0.759229763165,0.877412168035,1.),(0.,1.2E-03),
  .UNSPECIFIED.);
#10436 = CARTESIAN_POINT('',(31.216453743077,1.793774696119,
    8.733703506981));
#10437 = CARTESIAN_POINT('',(31.216453743077,1.805774696119,
    8.733703506981));
#10438 = CARTESIAN_POINT('',(31.203192687157,1.793774696119,
    8.734318653522));
#10439 = CARTESIAN_POINT('',(31.203192687157,1.805774696119,
    8.734318653522));
#10440 = CARTESIAN_POINT('',(31.177224992728,1.793774696119,
    8.735523228595));
#10441 = CARTESIAN_POINT('',(31.177224992728,1.805774696119,
    8.735523228595));
#10442 = CARTESIAN_POINT('',(31.139673858827,1.793774696119,
    8.745838447821));
#10443 = CARTESIAN_POINT('',(31.139673858827,1.805774696119,
    8.745838447821));
#10444 = CARTESIAN_POINT('',(31.105481141683,1.793774696119,
    8.763323412383));
#10445 = CARTESIAN_POINT('',(31.105481141683,1.805774696119,
    8.763323412383));
#10446 = CARTESIAN_POINT('',(31.075152362699,1.793774696119,
    8.786781909567));
#10447 = CARTESIAN_POINT('',(31.075152362699,1.805774696119,
    8.786781909567));
#10448 = CARTESIAN_POINT('',(31.049127418368,1.793774696119,
    8.814370013063));
#10449 = CARTESIAN_POINT('',(31.049127418368,1.805774696119,
    8.814370013063));
#10450 = CARTESIAN_POINT('',(31.030906970773,1.793774696119,
    8.846524350421));
#10451 = CARTESIAN_POINT('',(31.030906970773,1.805774696119,
    8.846524350421));
#10452 = CARTESIAN_POINT('',(31.01919639413,1.793774696119,
    8.881262460026));
#10453 = CARTESIAN_POINT('',(31.01919639413,1.805774696119,
    8.881262460026));
#10454 = CARTESIAN_POINT('',(31.0177822342,1.793774696119,8.905493440344
    ));
#10455 = CARTESIAN_POINT('',(31.0177822342,1.805774696119,8.905493440344
    ));
#10456 = CARTESIAN_POINT('',(31.017062216635,1.793774696119,
    8.917830610347));
#10457 = CARTESIAN_POINT('',(31.017062216635,1.805774696119,
    8.917830610347));
#10458 = ADVANCED_FACE('',(#10459),#10478,.T.);
#10459 = FACE_BOUND('',#10460,.T.);
#10460 = EDGE_LOOP('',(#10461,#10462,#10463,#10477));
#10461 = ORIENTED_EDGE('',*,*,#4965,.F.);
#10462 = ORIENTED_EDGE('',*,*,#10430,.F.);
#10463 = ORIENTED_EDGE('',*,*,#10464,.T.);
#10464 = EDGE_CURVE('',#10415,#10364,#10465,.T.);
#10465 = B_SPLINE_CURVE_WITH_KNOTS('',3,(#10466,#10467,#10468,#10469,
    #10470,#10471,#10472,#10473,#10474,#10475,#10476),.UNSPECIFIED.,.F.,
  .F.,(4,1,1,1,1,1,1,1,4),(0.,0.120162134993,0.237546320277,
    0.357497050927,0.484917122465,0.613329268085,0.740150370129,
    0.867301254563,1.),.UNSPECIFIED.);
#10466 = CARTESIAN_POINT('',(31.017062216635,1.793774696119,
    8.917830610347));
#10467 = CARTESIAN_POINT('',(31.017798471801,1.793774696119,
    8.929847522588));
#10468 = CARTESIAN_POINT('',(31.019253961133,1.793774696119,
    8.953603535946));
#10469 = CARTESIAN_POINT('',(31.030897925461,1.793774696119,
    8.987739416039));
#10470 = CARTESIAN_POINT('',(31.049282697994,1.793774696119,
    9.019446973195));
#10471 = CARTESIAN_POINT('',(31.075135674536,1.793774696119,
    9.046981509964));
#10472 = CARTESIAN_POINT('',(31.105485563717,1.793774696119,
    9.070427038922));
#10473 = CARTESIAN_POINT('',(31.13967268409,1.793774696119,
    9.087915441641));
#10474 = CARTESIAN_POINT('',(31.17722530174,1.793774696119,
    9.098229749385));
#10475 = CARTESIAN_POINT('',(31.203192791617,1.793774696119,
    9.099434450116));
#10476 = CARTESIAN_POINT('',(31.216453743077,1.793774696119,
    9.100049660828));
#10477 = ORIENTED_EDGE('',*,*,#10363,.T.);
#10478 = B_SPLINE_SURFACE_WITH_KNOTS('',3,1,(
    (#10479,#10480)
    ,(#10481,#10482)
    ,(#10483,#10484)
    ,(#10485,#10486)
    ,(#10487,#10488)
    ,(#10489,#10490)
    ,(#10491,#10492)
    ,(#10493,#10494)
    ,(#10495,#10496)
    ,(#10497,#10498)
    ,(#10499,#10500
    )),.UNSPECIFIED.,.F.,.F.,.F.,(4,1,1,1,1,1,1,1,4),(2,2),(0.,
    0.120162134993,0.237546320277,0.357497050927,0.484917122465,
    0.613329268085,0.740150370129,0.867301254563,1.),(0.,1.2E-03),
  .UNSPECIFIED.);
#10479 = CARTESIAN_POINT('',(31.017062216635,1.793774696119,
    8.917830610347));
#10480 = CARTESIAN_POINT('',(31.017062216635,1.805774696119,
    8.917830610347));
#10481 = CARTESIAN_POINT('',(31.017798471801,1.793774696119,
    8.929847522588));
#10482 = CARTESIAN_POINT('',(31.017798471801,1.805774696119,
    8.929847522588));
#10483 = CARTESIAN_POINT('',(31.019253961133,1.793774696119,
    8.953603535946));
#10484 = CARTESIAN_POINT('',(31.019253961133,1.805774696119,
    8.953603535946));
#10485 = CARTESIAN_POINT('',(31.030897925461,1.793774696119,
    8.987739416039));
#10486 = CARTESIAN_POINT('',(31.030897925461,1.805774696119,
    8.987739416039));
#10487 = CARTESIAN_POINT('',(31.049282697994,1.793774696119,
    9.019446973195));
#10488 = CARTESIAN_POINT('',(31.049282697994,1.805774696119,
    9.019446973195));
#10489 = CARTESIAN_POINT('',(31.075135674536,1.793774696119,
    9.046981509964));
#10490 = CARTESIAN_POINT('',(31.075135674536,1.805774696119,
    9.046981509964));
#10491 = CARTESIAN_POINT('',(31.105485563717,1.793774696119,
    9.070427038922));
#10492 = CARTESIAN_POINT('',(31.105485563717,1.805774696119,
    9.070427038922));
#10493 = CARTESIAN_POINT('',(31.13967268409,1.793774696119,
    9.087915441641));
#10494 = CARTESIAN_POINT('',(31.13967268409,1.805774696119,
    9.087915441641));
#10495 = CARTESIAN_POINT('',(31.17722530174,1.793774696119,
    9.098229749385));
#10496 = CARTESIAN_POINT('',(31.17722530174,1.805774696119,
    9.098229749385));
#10497 = CARTESIAN_POINT('',(31.203192791617,1.793774696119,
    9.099434450116));
#10498 = CARTESIAN_POINT('',(31.203192791617,1.805774696119,
    9.099434450116));
#10499 = CARTESIAN_POINT('',(31.216453743077,1.793774696119,
    9.100049660828));
#10500 = CARTESIAN_POINT('',(31.216453743077,1.805774696119,
    9.100049660828));
#10501 = ADVANCED_FACE('',(#10502),#10508,.T.);
#10502 = FACE_BOUND('',#10503,.T.);
#10503 = EDGE_LOOP('',(#10504,#10505,#10506,#10507));
#10504 = ORIENTED_EDGE('',*,*,#10314,.F.);
#10505 = ORIENTED_EDGE('',*,*,#10371,.F.);
#10506 = ORIENTED_EDGE('',*,*,#10464,.F.);
#10507 = ORIENTED_EDGE('',*,*,#10414,.F.);
#10508 = PLANE('',#10509);
#10509 = AXIS2_PLACEMENT_3D('',#10510,#10511,#10512);
#10510 = CARTESIAN_POINT('',(31.353460740548,1.793774696119,
    8.785539258054));
#10511 = DIRECTION('',(1.123675101453E-14,-1.,-2.989085969174E-15));
#10512 = DIRECTION('',(-1.,-1.123675101453E-14,-2.619812936645E-29));
#10513 = ADVANCED_FACE('',(#10514),#10526,.T.);
#10514 = FACE_BOUND('',#10515,.T.);
#10515 = EDGE_LOOP('',(#10516,#10517,#10518,#10519,#10520,#10521,#10522,
    #10523,#10524,#10525));
#10516 = ORIENTED_EDGE('',*,*,#3596,.T.);
#10517 = ORIENTED_EDGE('',*,*,#3565,.T.);
#10518 = ORIENTED_EDGE('',*,*,#3708,.F.);
#10519 = ORIENTED_EDGE('',*,*,#3699,.F.);
#10520 = ORIENTED_EDGE('',*,*,#3549,.F.);
#10521 = ORIENTED_EDGE('',*,*,#3674,.F.);
#10522 = ORIENTED_EDGE('',*,*,#3658,.F.);
#10523 = ORIENTED_EDGE('',*,*,#3622,.T.);
#10524 = ORIENTED_EDGE('',*,*,#3513,.F.);
#10525 = ORIENTED_EDGE('',*,*,#3587,.T.);
#10526 = CYLINDRICAL_SURFACE('',#10527,3.);
#10527 = AXIS2_PLACEMENT_3D('',#10528,#10529,#10530);
#10528 = CARTESIAN_POINT('',(34.372938786494,67.30377469612,31.29946064)
  );
#10529 = DIRECTION('',(1.,0.,0.));
#10530 = DIRECTION('',(0.,1.,0.));
#10531 = ADVANCED_FACE('',(#10532),#10557,.T.);
#10532 = FACE_BOUND('',#10533,.T.);
#10533 = EDGE_LOOP('',(#10534,#10535,#10536,#10537,#10538,#10543,#10544,
    #10545,#10546,#10547,#10548,#10549,#10550,#10551,#10552,#10553,
    #10554,#10555,#10556));
#10534 = ORIENTED_EDGE('',*,*,#1889,.T.);
#10535 = ORIENTED_EDGE('',*,*,#1205,.T.);
#10536 = ORIENTED_EDGE('',*,*,#1037,.F.);
#10537 = ORIENTED_EDGE('',*,*,#1353,.F.);
#10538 = ORIENTED_EDGE('',*,*,#10539,.F.);
#10539 = EDGE_CURVE('',#33,#1073,#10540,.T.);
#10540 = B_SPLINE_CURVE_WITH_KNOTS('',1,(#10541,#10542),.UNSPECIFIED.,
  .F.,.F.,(2,2),(1.207922650792E-13,44.),.PIECEWISE_BEZIER_KNOTS.);
#10541 = CARTESIAN_POINT('',(72.,10.498464938999,21.862968966941));
#10542 = CARTESIAN_POINT('',(28.,10.498464938999,21.862968966941));
#10543 = ORIENTED_EDGE('',*,*,#124,.T.);
#10544 = ORIENTED_EDGE('',*,*,#21,.T.);
#10545 = ORIENTED_EDGE('',*,*,#32,.T.);
#10546 = ORIENTED_EDGE('',*,*,#10539,.T.);
#10547 = ORIENTED_EDGE('',*,*,#1080,.F.);
#10548 = ORIENTED_EDGE('',*,*,#849,.F.);
#10549 = ORIENTED_EDGE('',*,*,#816,.T.);
#10550 = ORIENTED_EDGE('',*,*,#1137,.T.);
#10551 = ORIENTED_EDGE('',*,*,#759,.F.);
#10552 = ORIENTED_EDGE('',*,*,#693,.F.);
#10553 = ORIENTED_EDGE('',*,*,#1121,.F.);
#10554 = ORIENTED_EDGE('',*,*,#1173,.T.);
#10555 = ORIENTED_EDGE('',*,*,#1835,.T.);
#10556 = ORIENTED_EDGE('',*,*,#1869,.F.);
#10557 = CYLINDRICAL_SURFACE('',#10558,1.75);
#10558 = AXIS2_PLACEMENT_3D('',#10559,#10560,#10561);
#10559 = CARTESIAN_POINT('',(72.,8.803774696119,22.299460640045));
#10560 = DIRECTION('',(-1.,-1.190026688646E-16,-1.190026688646E-16));
#10561 = DIRECTION('',(-1.190026688646E-16,1.,2.22044604925E-16));
#10562 = ADVANCED_FACE('',(#10563),#10577,.F.);
#10563 = FACE_BOUND('',#10564,.F.);
#10564 = EDGE_LOOP('',(#10565,#10566,#10567,#10572,#10573,#10574,#10575,
    #10576));
#10565 = ORIENTED_EDGE('',*,*,#1419,.F.);
#10566 = ORIENTED_EDGE('',*,*,#1063,.F.);
#10567 = ORIENTED_EDGE('',*,*,#10568,.F.);
#10568 = EDGE_CURVE('',#50,#1055,#10569,.T.);
#10569 = B_SPLINE_CURVE_WITH_KNOTS('',1,(#10570,#10571),.UNSPECIFIED.,
  .F.,.F.,(2,2),(11.999999999998,55.999999999998),
  .PIECEWISE_BEZIER_KNOTS.);
#10570 = CARTESIAN_POINT('',(72.,9.803774696119,22.299460640045));
#10571 = CARTESIAN_POINT('',(28.,9.803774696119,22.299460640045));
#10572 = ORIENTED_EDGE('',*,*,#49,.T.);
#10573 = ORIENTED_EDGE('',*,*,#190,.T.);
#10574 = ORIENTED_EDGE('',*,*,#58,.T.);
#10575 = ORIENTED_EDGE('',*,*,#10568,.T.);
#10576 = ORIENTED_EDGE('',*,*,#1054,.F.);
#10577 = CYLINDRICAL_SURFACE('',#10578,1.);
#10578 = AXIS2_PLACEMENT_3D('',#10579,#10580,#10581);
#10579 = CARTESIAN_POINT('',(83.999999999998,8.803774696119,
    22.299460640045));
#10580 = DIRECTION('',(-1.,-1.190026688646E-16,-1.190026688646E-16));
#10581 = DIRECTION('',(-1.190026688646E-16,1.,2.22044604925E-16));
#10582 = ADVANCED_FACE('',(#10583),#10591,.T.);
#10583 = FACE_BOUND('',#10584,.T.);
#10584 = EDGE_LOOP('',(#10585,#10586,#10587,#10588,#10589,#10590));
#10585 = ORIENTED_EDGE('',*,*,#1709,.F.);
#10586 = ORIENTED_EDGE('',*,*,#2165,.T.);
#10587 = ORIENTED_EDGE('',*,*,#1628,.T.);
#10588 = ORIENTED_EDGE('',*,*,#1612,.T.);
#10589 = ORIENTED_EDGE('',*,*,#2131,.F.);
#10590 = ORIENTED_EDGE('',*,*,#1725,.F.);
#10591 = CYLINDRICAL_SURFACE('',#10592,3.53);
#10592 = AXIS2_PLACEMENT_3D('',#10593,#10594,#10595);
#10593 = CARTESIAN_POINT('',(34.372938786494,21.75377469612,
    36.76946064004));
#10594 = DIRECTION('',(1.,0.,-2.22044604925E-16));
#10595 = DIRECTION('',(2.22044604925E-16,0.,1.));
#10596 = ( GEOMETRIC_REPRESENTATION_CONTEXT(3) 
GLOBAL_UNCERTAINTY_ASSIGNED_CONTEXT((#10600)) 
GLOBAL_UNIT_ASSIGNED_CONTEXT((#10597,#10598,#10599)) 
REPRESENTATION_CONTEXT('Context #1',
  '3D Context with UNIT and UNCERTAINTY') );
#10597 = ( LENGTH_UNIT() NAMED_UNIT(*) SI_UNIT(.MILLI.,.METRE.) );
#10598 = ( NAMED_UNIT(*) PLANE_ANGLE_UNIT() SI_UNIT($,.RADIAN.) );
#10599 = ( NAMED_UNIT(*) SI_UNIT($,.STERADIAN.) SOLID_ANGLE_UNIT() );
#10600 = UNCERTAINTY_MEASURE_WITH_UNIT(LENGTH_MEASURE(5.E-05),#10597,
  'distance_accuracy_value','confusion accuracy');
#10601 = PRODUCT_RELATED_PRODUCT_CATEGORY('part',$,(#7));
#10602 = MECHANICAL_DESIGN_GEOMETRIC_PRESENTATION_REPRESENTATION('',(
    #10603,#10614,#10622,#10630,#10637,#10644,#10651,#10658,#10665,
    #10672,#10679,#10686,#10693,#10700,#10707,#10714,#10721,#10728,
    #10735,#10742,#10749,#10756,#10763,#10770,#10777,#10784,#10791,
    #10798,#10805,#10812,#10819,#10826,#10833,#10840,#10847,#10855,
    #10862,#10869,#10876,#10883,#10890,#10897,#10904,#10911,#10918,
    #10925,#10932,#10939,#10946,#10953,#10960,#10967,#10974,#10981,
    #10988,#10995,#11002,#11009,#11016,#11023,#11030,#11037,#11044,
    #11051,#11058,#11066,#11073,#11080,#11087,#11094,#11101,#11108,
    #11115,#11122,#11129,#11136,#11143,#11150,#11157,#11164,#11171,
    #11178,#11185,#11192,#11199,#11206,#11213,#11220,#11227,#11234,
    #11242,#11249,#11257,#11264,#11271,#11278,#11285,#11292,#11299,
    #11306,#11313,#11320,#11327,#11334,#11341,#11348,#11355,#11362,
    #11369,#11376,#11383,#11390,#11397,#11404,#11411,#11418,#11426,
    #11433,#11441,#11448,#11455,#11462,#11469,#11476,#11483,#11490,
    #11497,#11504,#11511,#11518,#11525,#11532,#11539,#11546,#11553,
    #11560,#11567,#11574,#11581,#11588,#11595,#11602,#11609,#11616,
    #11623,#11630,#11637,#11644,#11651,#11658,#11665,#11672,#11679,
    #11686,#11693,#11700,#11707,#11714,#11721,#11728,#11735,#11742,
    #11749,#11756,#11763,#11770,#11777,#11784,#11791,#11798,#11805,
    #11812,#11819,#11826,#11833,#11840,#11847,#11854,#11861,#11868,
    #11875,#11882,#11889,#11896,#11903,#11910,#11917,#11924,#11931,
    #11938,#11945,#11952,#11959,#11966,#11973,#11980,#11987,#11994,
    #12001,#12008,#12015,#12022,#12029,#12036,#12043,#12050,#12057,
    #12064,#12071,#12078,#12085,#12092,#12099,#12106,#12113,#12120,
    #12127,#12134,#12141,#12148,#12155,#12162),#10596);
#10603 = STYLED_ITEM('color',(#10604),#15);
#10604 = PRESENTATION_STYLE_ASSIGNMENT((#10605,#10611));
#10605 = SURFACE_STYLE_USAGE(.BOTH.,#10606);
#10606 = SURFACE_SIDE_STYLE('',(#10607));
#10607 = SURFACE_STYLE_FILL_AREA(#10608);
#10608 = FILL_AREA_STYLE('',(#10609));
#10609 = FILL_AREA_STYLE_COLOUR('',#10610);
#10610 = COLOUR_RGB('',0.678431390124,0.709803936702,0.741176476869);
#10611 = CURVE_STYLE('',#10612,POSITIVE_LENGTH_MEASURE(0.1),#10613);
#10612 = DRAUGHTING_PRE_DEFINED_CURVE_FONT('continuous');
#10613 = COLOUR_RGB('',9.803921802644E-02,9.803921802644E-02,
  9.803921802644E-02);
#10614 = OVER_RIDING_STYLED_ITEM('overriding color',(#10615),#229,#10603
  );
#10615 = PRESENTATION_STYLE_ASSIGNMENT((#10616));
#10616 = SURFACE_STYLE_USAGE(.BOTH.,#10617);
#10617 = SURFACE_SIDE_STYLE('',(#10618));
#10618 = SURFACE_STYLE_FILL_AREA(#10619);
#10619 = FILL_AREA_STYLE('',(#10620));
#10620 = FILL_AREA_STYLE_COLOUR('',#10621);
#10621 = COLOUR_RGB('',0.176470590079,0.176470590079,0.176470590079);
#10622 = OVER_RIDING_STYLED_ITEM('overriding color',(#10623),#311,#10603
  );
#10623 = PRESENTATION_STYLE_ASSIGNMENT((#10624));
#10624 = SURFACE_STYLE_USAGE(.BOTH.,#10625);
#10625 = SURFACE_SIDE_STYLE('',(#10626));
#10626 = SURFACE_STYLE_FILL_AREA(#10627);
#10627 = FILL_AREA_STYLE('',(#10628));
#10628 = FILL_AREA_STYLE_COLOUR('',#10629);
#10629 = COLOUR_RGB('',0.800000010877,0.800000010877,0.800000010877);
#10630 = OVER_RIDING_STYLED_ITEM('overriding color',(#10631),#410,#10603
  );
#10631 = PRESENTATION_STYLE_ASSIGNMENT((#10632));
#10632 = SURFACE_STYLE_USAGE(.BOTH.,#10633);
#10633 = SURFACE_SIDE_STYLE('',(#10634));
#10634 = SURFACE_STYLE_FILL_AREA(#10635);
#10635 = FILL_AREA_STYLE('',(#10636));
#10636 = FILL_AREA_STYLE_COLOUR('',#10629);
#10637 = OVER_RIDING_STYLED_ITEM('overriding color',(#10638),#467,#10603
  );
#10638 = PRESENTATION_STYLE_ASSIGNMENT((#10639));
#10639 = SURFACE_STYLE_USAGE(.BOTH.,#10640);
#10640 = SURFACE_SIDE_STYLE('',(#10641));
#10641 = SURFACE_STYLE_FILL_AREA(#10642);
#10642 = FILL_AREA_STYLE('',(#10643));
#10643 = FILL_AREA_STYLE_COLOUR('',#10629);
#10644 = OVER_RIDING_STYLED_ITEM('overriding color',(#10645),#507,#10603
  );
#10645 = PRESENTATION_STYLE_ASSIGNMENT((#10646));
#10646 = SURFACE_STYLE_USAGE(.BOTH.,#10647);
#10647 = SURFACE_SIDE_STYLE('',(#10648));
#10648 = SURFACE_STYLE_FILL_AREA(#10649);
#10649 = FILL_AREA_STYLE('',(#10650));
#10650 = FILL_AREA_STYLE_COLOUR('',#10629);
#10651 = OVER_RIDING_STYLED_ITEM('overriding color',(#10652),#579,#10603
  );
#10652 = PRESENTATION_STYLE_ASSIGNMENT((#10653));
#10653 = SURFACE_STYLE_USAGE(.BOTH.,#10654);
#10654 = SURFACE_SIDE_STYLE('',(#10655));
#10655 = SURFACE_STYLE_FILL_AREA(#10656);
#10656 = FILL_AREA_STYLE('',(#10657));
#10657 = FILL_AREA_STYLE_COLOUR('',#10629);
#10658 = OVER_RIDING_STYLED_ITEM('overriding color',(#10659),#626,#10603
  );
#10659 = PRESENTATION_STYLE_ASSIGNMENT((#10660));
#10660 = SURFACE_STYLE_USAGE(.BOTH.,#10661);
#10661 = SURFACE_SIDE_STYLE('',(#10662));
#10662 = SURFACE_STYLE_FILL_AREA(#10663);
#10663 = FILL_AREA_STYLE('',(#10664));
#10664 = FILL_AREA_STYLE_COLOUR('',#10629);
#10665 = OVER_RIDING_STYLED_ITEM('overriding color',(#10666),#650,#10603
  );
#10666 = PRESENTATION_STYLE_ASSIGNMENT((#10667));
#10667 = SURFACE_STYLE_USAGE(.BOTH.,#10668);
#10668 = SURFACE_SIDE_STYLE('',(#10669));
#10669 = SURFACE_STYLE_FILL_AREA(#10670);
#10670 = FILL_AREA_STYLE('',(#10671));
#10671 = FILL_AREA_STYLE_COLOUR('',#10629);
#10672 = OVER_RIDING_STYLED_ITEM('overriding color',(#10673),#770,#10603
  );
#10673 = PRESENTATION_STYLE_ASSIGNMENT((#10674));
#10674 = SURFACE_STYLE_USAGE(.BOTH.,#10675);
#10675 = SURFACE_SIDE_STYLE('',(#10676));
#10676 = SURFACE_STYLE_FILL_AREA(#10677);
#10677 = FILL_AREA_STYLE('',(#10678));
#10678 = FILL_AREA_STYLE_COLOUR('',#10629);
#10679 = OVER_RIDING_STYLED_ITEM('overriding color',(#10680),#876,#10603
  );
#10680 = PRESENTATION_STYLE_ASSIGNMENT((#10681));
#10681 = SURFACE_STYLE_USAGE(.BOTH.,#10682);
#10682 = SURFACE_SIDE_STYLE('',(#10683));
#10683 = SURFACE_STYLE_FILL_AREA(#10684);
#10684 = FILL_AREA_STYLE('',(#10685));
#10685 = FILL_AREA_STYLE_COLOUR('',#10629);
#10686 = OVER_RIDING_STYLED_ITEM('overriding color',(#10687),#913,#10603
  );
#10687 = PRESENTATION_STYLE_ASSIGNMENT((#10688));
#10688 = SURFACE_STYLE_USAGE(.BOTH.,#10689);
#10689 = SURFACE_SIDE_STYLE('',(#10690));
#10690 = SURFACE_STYLE_FILL_AREA(#10691);
#10691 = FILL_AREA_STYLE('',(#10692));
#10692 = FILL_AREA_STYLE_COLOUR('',#10629);
#10693 = OVER_RIDING_STYLED_ITEM('overriding color',(#10694),#937,#10603
  );
#10694 = PRESENTATION_STYLE_ASSIGNMENT((#10695));
#10695 = SURFACE_STYLE_USAGE(.BOTH.,#10696);
#10696 = SURFACE_SIDE_STYLE('',(#10697));
#10697 = SURFACE_STYLE_FILL_AREA(#10698);
#10698 = FILL_AREA_STYLE('',(#10699));
#10699 = FILL_AREA_STYLE_COLOUR('',#10629);
#10700 = OVER_RIDING_STYLED_ITEM('overriding color',(#10701),#976,#10603
  );
#10701 = PRESENTATION_STYLE_ASSIGNMENT((#10702));
#10702 = SURFACE_STYLE_USAGE(.BOTH.,#10703);
#10703 = SURFACE_SIDE_STYLE('',(#10704));
#10704 = SURFACE_STYLE_FILL_AREA(#10705);
#10705 = FILL_AREA_STYLE('',(#10706));
#10706 = FILL_AREA_STYLE_COLOUR('',#10629);
#10707 = OVER_RIDING_STYLED_ITEM('overriding color',(#10708),#1231,
  #10603);
#10708 = PRESENTATION_STYLE_ASSIGNMENT((#10709));
#10709 = SURFACE_STYLE_USAGE(.BOTH.,#10710);
#10710 = SURFACE_SIDE_STYLE('',(#10711));
#10711 = SURFACE_STYLE_FILL_AREA(#10712);
#10712 = FILL_AREA_STYLE('',(#10713));
#10713 = FILL_AREA_STYLE_COLOUR('',#10629);
#10714 = OVER_RIDING_STYLED_ITEM('overriding color',(#10715),#1243,
  #10603);
#10715 = PRESENTATION_STYLE_ASSIGNMENT((#10716));
#10716 = SURFACE_STYLE_USAGE(.BOTH.,#10717);
#10717 = SURFACE_SIDE_STYLE('',(#10718));
#10718 = SURFACE_STYLE_FILL_AREA(#10719);
#10719 = FILL_AREA_STYLE('',(#10720));
#10720 = FILL_AREA_STYLE_COLOUR('',#10629);
#10721 = OVER_RIDING_STYLED_ITEM('overriding color',(#10722),#1278,
  #10603);
#10722 = PRESENTATION_STYLE_ASSIGNMENT((#10723));
#10723 = SURFACE_STYLE_USAGE(.BOTH.,#10724);
#10724 = SURFACE_SIDE_STYLE('',(#10725));
#10725 = SURFACE_STYLE_FILL_AREA(#10726);
#10726 = FILL_AREA_STYLE('',(#10727));
#10727 = FILL_AREA_STYLE_COLOUR('',#10629);
#10728 = OVER_RIDING_STYLED_ITEM('overriding color',(#10729),#1458,
  #10603);
#10729 = PRESENTATION_STYLE_ASSIGNMENT((#10730));
#10730 = SURFACE_STYLE_USAGE(.BOTH.,#10731);
#10731 = SURFACE_SIDE_STYLE('',(#10732));
#10732 = SURFACE_STYLE_FILL_AREA(#10733);
#10733 = FILL_AREA_STYLE('',(#10734));
#10734 = FILL_AREA_STYLE_COLOUR('',#10629);
#10735 = OVER_RIDING_STYLED_ITEM('overriding color',(#10736),#1492,
  #10603);
#10736 = PRESENTATION_STYLE_ASSIGNMENT((#10737));
#10737 = SURFACE_STYLE_USAGE(.BOTH.,#10738);
#10738 = SURFACE_SIDE_STYLE('',(#10739));
#10739 = SURFACE_STYLE_FILL_AREA(#10740);
#10740 = FILL_AREA_STYLE('',(#10741));
#10741 = FILL_AREA_STYLE_COLOUR('',#10629);
#10742 = OVER_RIDING_STYLED_ITEM('overriding color',(#10743),#1523,
  #10603);
#10743 = PRESENTATION_STYLE_ASSIGNMENT((#10744));
#10744 = SURFACE_STYLE_USAGE(.BOTH.,#10745);
#10745 = SURFACE_SIDE_STYLE('',(#10746));
#10746 = SURFACE_STYLE_FILL_AREA(#10747);
#10747 = FILL_AREA_STYLE('',(#10748));
#10748 = FILL_AREA_STYLE_COLOUR('',#10629);
#10749 = OVER_RIDING_STYLED_ITEM('overriding color',(#10750),#1565,
  #10603);
#10750 = PRESENTATION_STYLE_ASSIGNMENT((#10751));
#10751 = SURFACE_STYLE_USAGE(.BOTH.,#10752);
#10752 = SURFACE_SIDE_STYLE('',(#10753));
#10753 = SURFACE_STYLE_FILL_AREA(#10754);
#10754 = FILL_AREA_STYLE('',(#10755));
#10755 = FILL_AREA_STYLE_COLOUR('',#10629);
#10756 = OVER_RIDING_STYLED_ITEM('overriding color',(#10757),#1589,
  #10603);
#10757 = PRESENTATION_STYLE_ASSIGNMENT((#10758));
#10758 = SURFACE_STYLE_USAGE(.BOTH.,#10759);
#10759 = SURFACE_SIDE_STYLE('',(#10760));
#10760 = SURFACE_STYLE_FILL_AREA(#10761);
#10761 = FILL_AREA_STYLE('',(#10762));
#10762 = FILL_AREA_STYLE_COLOUR('',#10629);
#10763 = OVER_RIDING_STYLED_ITEM('overriding color',(#10764),#1623,
  #10603);
#10764 = PRESENTATION_STYLE_ASSIGNMENT((#10765));
#10765 = SURFACE_STYLE_USAGE(.BOTH.,#10766);
#10766 = SURFACE_SIDE_STYLE('',(#10767));
#10767 = SURFACE_STYLE_FILL_AREA(#10768);
#10768 = FILL_AREA_STYLE('',(#10769));
#10769 = FILL_AREA_STYLE_COLOUR('',#10629);
#10770 = OVER_RIDING_STYLED_ITEM('overriding color',(#10771),#1663,
  #10603);
#10771 = PRESENTATION_STYLE_ASSIGNMENT((#10772));
#10772 = SURFACE_STYLE_USAGE(.BOTH.,#10773);
#10773 = SURFACE_SIDE_STYLE('',(#10774));
#10774 = SURFACE_STYLE_FILL_AREA(#10775);
#10775 = FILL_AREA_STYLE('',(#10776));
#10776 = FILL_AREA_STYLE_COLOUR('',#10629);
#10777 = OVER_RIDING_STYLED_ITEM('overriding color',(#10778),#1687,
  #10603);
#10778 = PRESENTATION_STYLE_ASSIGNMENT((#10779));
#10779 = SURFACE_STYLE_USAGE(.BOTH.,#10780);
#10780 = SURFACE_SIDE_STYLE('',(#10781));
#10781 = SURFACE_STYLE_FILL_AREA(#10782);
#10782 = FILL_AREA_STYLE('',(#10783));
#10783 = FILL_AREA_STYLE_COLOUR('',#10629);
#10784 = OVER_RIDING_STYLED_ITEM('overriding color',(#10785),#1720,
  #10603);
#10785 = PRESENTATION_STYLE_ASSIGNMENT((#10786));
#10786 = SURFACE_STYLE_USAGE(.BOTH.,#10787);
#10787 = SURFACE_SIDE_STYLE('',(#10788));
#10788 = SURFACE_STYLE_FILL_AREA(#10789);
#10789 = FILL_AREA_STYLE('',(#10790));
#10790 = FILL_AREA_STYLE_COLOUR('',#10629);
#10791 = OVER_RIDING_STYLED_ITEM('overriding color',(#10792),#1746,
  #10603);
#10792 = PRESENTATION_STYLE_ASSIGNMENT((#10793));
#10793 = SURFACE_STYLE_USAGE(.BOTH.,#10794);
#10794 = SURFACE_SIDE_STYLE('',(#10795));
#10795 = SURFACE_STYLE_FILL_AREA(#10796);
#10796 = FILL_AREA_STYLE('',(#10797));
#10797 = FILL_AREA_STYLE_COLOUR('',#10629);
#10798 = OVER_RIDING_STYLED_ITEM('overriding color',(#10799),#1771,
  #10603);
#10799 = PRESENTATION_STYLE_ASSIGNMENT((#10800));
#10800 = SURFACE_STYLE_USAGE(.BOTH.,#10801);
#10801 = SURFACE_SIDE_STYLE('',(#10802));
#10802 = SURFACE_STYLE_FILL_AREA(#10803);
#10803 = FILL_AREA_STYLE('',(#10804));
#10804 = FILL_AREA_STYLE_COLOUR('',#10629);
#10805 = OVER_RIDING_STYLED_ITEM('overriding color',(#10806),#1797,
  #10603);
#10806 = PRESENTATION_STYLE_ASSIGNMENT((#10807));
#10807 = SURFACE_STYLE_USAGE(.BOTH.,#10808);
#10808 = SURFACE_SIDE_STYLE('',(#10809));
#10809 = SURFACE_STYLE_FILL_AREA(#10810);
#10810 = FILL_AREA_STYLE('',(#10811));
#10811 = FILL_AREA_STYLE_COLOUR('',#10629);
#10812 = OVER_RIDING_STYLED_ITEM('overriding color',(#10813),#1900,
  #10603);
#10813 = PRESENTATION_STYLE_ASSIGNMENT((#10814));
#10814 = SURFACE_STYLE_USAGE(.BOTH.,#10815);
#10815 = SURFACE_SIDE_STYLE('',(#10816));
#10816 = SURFACE_STYLE_FILL_AREA(#10817);
#10817 = FILL_AREA_STYLE('',(#10818));
#10818 = FILL_AREA_STYLE_COLOUR('',#10629);
#10819 = OVER_RIDING_STYLED_ITEM('overriding color',(#10820),#1917,
  #10603);
#10820 = PRESENTATION_STYLE_ASSIGNMENT((#10821));
#10821 = SURFACE_STYLE_USAGE(.BOTH.,#10822);
#10822 = SURFACE_SIDE_STYLE('',(#10823));
#10823 = SURFACE_STYLE_FILL_AREA(#10824);
#10824 = FILL_AREA_STYLE('',(#10825));
#10825 = FILL_AREA_STYLE_COLOUR('',#10629);
#10826 = OVER_RIDING_STYLED_ITEM('overriding color',(#10827),#1934,
  #10603);
#10827 = PRESENTATION_STYLE_ASSIGNMENT((#10828));
#10828 = SURFACE_STYLE_USAGE(.BOTH.,#10829);
#10829 = SURFACE_SIDE_STYLE('',(#10830));
#10830 = SURFACE_STYLE_FILL_AREA(#10831);
#10831 = FILL_AREA_STYLE('',(#10832));
#10832 = FILL_AREA_STYLE_COLOUR('',#10629);
#10833 = OVER_RIDING_STYLED_ITEM('overriding color',(#10834),#1958,
  #10603);
#10834 = PRESENTATION_STYLE_ASSIGNMENT((#10835));
#10835 = SURFACE_STYLE_USAGE(.BOTH.,#10836);
#10836 = SURFACE_SIDE_STYLE('',(#10837));
#10837 = SURFACE_STYLE_FILL_AREA(#10838);
#10838 = FILL_AREA_STYLE('',(#10839));
#10839 = FILL_AREA_STYLE_COLOUR('',#10621);
#10840 = OVER_RIDING_STYLED_ITEM('overriding color',(#10841),#1993,
  #10603);
#10841 = PRESENTATION_STYLE_ASSIGNMENT((#10842));
#10842 = SURFACE_STYLE_USAGE(.BOTH.,#10843);
#10843 = SURFACE_SIDE_STYLE('',(#10844));
#10844 = SURFACE_STYLE_FILL_AREA(#10845);
#10845 = FILL_AREA_STYLE('',(#10846));
#10846 = FILL_AREA_STYLE_COLOUR('',#10621);
#10847 = OVER_RIDING_STYLED_ITEM('overriding color',(#10848),#2058,
  #10603);
#10848 = PRESENTATION_STYLE_ASSIGNMENT((#10849));
#10849 = SURFACE_STYLE_USAGE(.BOTH.,#10850);
#10850 = SURFACE_SIDE_STYLE('',(#10851));
#10851 = SURFACE_STYLE_FILL_AREA(#10852);
#10852 = FILL_AREA_STYLE('',(#10853));
#10853 = FILL_AREA_STYLE_COLOUR('',#10854);
#10854 = COLOUR_RGB('',0.627451011593,0.627451011593,0.627451011593);
#10855 = OVER_RIDING_STYLED_ITEM('overriding color',(#10856),#2075,
  #10603);
#10856 = PRESENTATION_STYLE_ASSIGNMENT((#10857));
#10857 = SURFACE_STYLE_USAGE(.BOTH.,#10858);
#10858 = SURFACE_SIDE_STYLE('',(#10859));
#10859 = SURFACE_STYLE_FILL_AREA(#10860);
#10860 = FILL_AREA_STYLE('',(#10861));
#10861 = FILL_AREA_STYLE_COLOUR('',#10629);
#10862 = OVER_RIDING_STYLED_ITEM('overriding color',(#10863),#2087,
  #10603);
#10863 = PRESENTATION_STYLE_ASSIGNMENT((#10864));
#10864 = SURFACE_STYLE_USAGE(.BOTH.,#10865);
#10865 = SURFACE_SIDE_STYLE('',(#10866));
#10866 = SURFACE_STYLE_FILL_AREA(#10867);
#10867 = FILL_AREA_STYLE('',(#10868));
#10868 = FILL_AREA_STYLE_COLOUR('',#10629);
#10869 = OVER_RIDING_STYLED_ITEM('overriding color',(#10870),#2110,
  #10603);
#10870 = PRESENTATION_STYLE_ASSIGNMENT((#10871));
#10871 = SURFACE_STYLE_USAGE(.BOTH.,#10872);
#10872 = SURFACE_SIDE_STYLE('',(#10873));
#10873 = SURFACE_STYLE_FILL_AREA(#10874);
#10874 = FILL_AREA_STYLE('',(#10875));
#10875 = FILL_AREA_STYLE_COLOUR('',#10629);
#10876 = OVER_RIDING_STYLED_ITEM('overriding color',(#10877),#2141,
  #10603);
#10877 = PRESENTATION_STYLE_ASSIGNMENT((#10878));
#10878 = SURFACE_STYLE_USAGE(.BOTH.,#10879);
#10879 = SURFACE_SIDE_STYLE('',(#10880));
#10880 = SURFACE_STYLE_FILL_AREA(#10881);
#10881 = FILL_AREA_STYLE('',(#10882));
#10882 = FILL_AREA_STYLE_COLOUR('',#10629);
#10883 = OVER_RIDING_STYLED_ITEM('overriding color',(#10884),#2158,
  #10603);
#10884 = PRESENTATION_STYLE_ASSIGNMENT((#10885));
#10885 = SURFACE_STYLE_USAGE(.BOTH.,#10886);
#10886 = SURFACE_SIDE_STYLE('',(#10887));
#10887 = SURFACE_STYLE_FILL_AREA(#10888);
#10888 = FILL_AREA_STYLE('',(#10889));
#10889 = FILL_AREA_STYLE_COLOUR('',#10629);
#10890 = OVER_RIDING_STYLED_ITEM('overriding color',(#10891),#2175,
  #10603);
#10891 = PRESENTATION_STYLE_ASSIGNMENT((#10892));
#10892 = SURFACE_STYLE_USAGE(.BOTH.,#10893);
#10893 = SURFACE_SIDE_STYLE('',(#10894));
#10894 = SURFACE_STYLE_FILL_AREA(#10895);
#10895 = FILL_AREA_STYLE('',(#10896));
#10896 = FILL_AREA_STYLE_COLOUR('',#10629);
#10897 = OVER_RIDING_STYLED_ITEM('overriding color',(#10898),#2184,
  #10603);
#10898 = PRESENTATION_STYLE_ASSIGNMENT((#10899));
#10899 = SURFACE_STYLE_USAGE(.BOTH.,#10900);
#10900 = SURFACE_SIDE_STYLE('',(#10901));
#10901 = SURFACE_STYLE_FILL_AREA(#10902);
#10902 = FILL_AREA_STYLE('',(#10903));
#10903 = FILL_AREA_STYLE_COLOUR('',#10629);
#10904 = OVER_RIDING_STYLED_ITEM('overriding color',(#10905),#2200,
  #10603);
#10905 = PRESENTATION_STYLE_ASSIGNMENT((#10906));
#10906 = SURFACE_STYLE_USAGE(.BOTH.,#10907);
#10907 = SURFACE_SIDE_STYLE('',(#10908));
#10908 = SURFACE_STYLE_FILL_AREA(#10909);
#10909 = FILL_AREA_STYLE('',(#10910));
#10910 = FILL_AREA_STYLE_COLOUR('',#10854);
#10911 = OVER_RIDING_STYLED_ITEM('overriding color',(#10912),#2224,
  #10603);
#10912 = PRESENTATION_STYLE_ASSIGNMENT((#10913));
#10913 = SURFACE_STYLE_USAGE(.BOTH.,#10914);
#10914 = SURFACE_SIDE_STYLE('',(#10915));
#10915 = SURFACE_STYLE_FILL_AREA(#10916);
#10916 = FILL_AREA_STYLE('',(#10917));
#10917 = FILL_AREA_STYLE_COLOUR('',#10621);
#10918 = OVER_RIDING_STYLED_ITEM('overriding color',(#10919),#2282,
  #10603);
#10919 = PRESENTATION_STYLE_ASSIGNMENT((#10920));
#10920 = SURFACE_STYLE_USAGE(.BOTH.,#10921);
#10921 = SURFACE_SIDE_STYLE('',(#10922));
#10922 = SURFACE_STYLE_FILL_AREA(#10923);
#10923 = FILL_AREA_STYLE('',(#10924));
#10924 = FILL_AREA_STYLE_COLOUR('',#10621);
#10925 = OVER_RIDING_STYLED_ITEM('overriding color',(#10926),#2335,
  #10603);
#10926 = PRESENTATION_STYLE_ASSIGNMENT((#10927));
#10927 = SURFACE_STYLE_USAGE(.BOTH.,#10928);
#10928 = SURFACE_SIDE_STYLE('',(#10929));
#10929 = SURFACE_STYLE_FILL_AREA(#10930);
#10930 = FILL_AREA_STYLE('',(#10931));
#10931 = FILL_AREA_STYLE_COLOUR('',#10621);
#10932 = OVER_RIDING_STYLED_ITEM('overriding color',(#10933),#2352,
  #10603);
#10933 = PRESENTATION_STYLE_ASSIGNMENT((#10934));
#10934 = SURFACE_STYLE_USAGE(.BOTH.,#10935);
#10935 = SURFACE_SIDE_STYLE('',(#10936));
#10936 = SURFACE_STYLE_FILL_AREA(#10937);
#10937 = FILL_AREA_STYLE('',(#10938));
#10938 = FILL_AREA_STYLE_COLOUR('',#10854);
#10939 = OVER_RIDING_STYLED_ITEM('overriding color',(#10940),#2385,
  #10603);
#10940 = PRESENTATION_STYLE_ASSIGNMENT((#10941));
#10941 = SURFACE_STYLE_USAGE(.BOTH.,#10942);
#10942 = SURFACE_SIDE_STYLE('',(#10943));
#10943 = SURFACE_STYLE_FILL_AREA(#10944);
#10944 = FILL_AREA_STYLE('',(#10945));
#10945 = FILL_AREA_STYLE_COLOUR('',#10854);
#10946 = OVER_RIDING_STYLED_ITEM('overriding color',(#10947),#2410,
  #10603);
#10947 = PRESENTATION_STYLE_ASSIGNMENT((#10948));
#10948 = SURFACE_STYLE_USAGE(.BOTH.,#10949);
#10949 = SURFACE_SIDE_STYLE('',(#10950));
#10950 = SURFACE_STYLE_FILL_AREA(#10951);
#10951 = FILL_AREA_STYLE('',(#10952));
#10952 = FILL_AREA_STYLE_COLOUR('',#10854);
#10953 = OVER_RIDING_STYLED_ITEM('overriding color',(#10954),#2443,
  #10603);
#10954 = PRESENTATION_STYLE_ASSIGNMENT((#10955));
#10955 = SURFACE_STYLE_USAGE(.BOTH.,#10956);
#10956 = SURFACE_SIDE_STYLE('',(#10957));
#10957 = SURFACE_STYLE_FILL_AREA(#10958);
#10958 = FILL_AREA_STYLE('',(#10959));
#10959 = FILL_AREA_STYLE_COLOUR('',#10854);
#10960 = OVER_RIDING_STYLED_ITEM('overriding color',(#10961),#2483,
  #10603);
#10961 = PRESENTATION_STYLE_ASSIGNMENT((#10962));
#10962 = SURFACE_STYLE_USAGE(.BOTH.,#10963);
#10963 = SURFACE_SIDE_STYLE('',(#10964));
#10964 = SURFACE_STYLE_FILL_AREA(#10965);
#10965 = FILL_AREA_STYLE('',(#10966));
#10966 = FILL_AREA_STYLE_COLOUR('',#10854);
#10967 = OVER_RIDING_STYLED_ITEM('overriding color',(#10968),#2501,
  #10603);
#10968 = PRESENTATION_STYLE_ASSIGNMENT((#10969));
#10969 = SURFACE_STYLE_USAGE(.BOTH.,#10970);
#10970 = SURFACE_SIDE_STYLE('',(#10971));
#10971 = SURFACE_STYLE_FILL_AREA(#10972);
#10972 = FILL_AREA_STYLE('',(#10973));
#10973 = FILL_AREA_STYLE_COLOUR('',#10854);
#10974 = OVER_RIDING_STYLED_ITEM('overriding color',(#10975),#2526,
  #10603);
#10975 = PRESENTATION_STYLE_ASSIGNMENT((#10976));
#10976 = SURFACE_STYLE_USAGE(.BOTH.,#10977);
#10977 = SURFACE_SIDE_STYLE('',(#10978));
#10978 = SURFACE_STYLE_FILL_AREA(#10979);
#10979 = FILL_AREA_STYLE('',(#10980));
#10980 = FILL_AREA_STYLE_COLOUR('',#10854);
#10981 = OVER_RIDING_STYLED_ITEM('overriding color',(#10982),#2550,
  #10603);
#10982 = PRESENTATION_STYLE_ASSIGNMENT((#10983));
#10983 = SURFACE_STYLE_USAGE(.BOTH.,#10984);
#10984 = SURFACE_SIDE_STYLE('',(#10985));
#10985 = SURFACE_STYLE_FILL_AREA(#10986);
#10986 = FILL_AREA_STYLE('',(#10987));
#10987 = FILL_AREA_STYLE_COLOUR('',#10854);
#10988 = OVER_RIDING_STYLED_ITEM('overriding color',(#10989),#2568,
  #10603);
#10989 = PRESENTATION_STYLE_ASSIGNMENT((#10990));
#10990 = SURFACE_STYLE_USAGE(.BOTH.,#10991);
#10991 = SURFACE_SIDE_STYLE('',(#10992));
#10992 = SURFACE_STYLE_FILL_AREA(#10993);
#10993 = FILL_AREA_STYLE('',(#10994));
#10994 = FILL_AREA_STYLE_COLOUR('',#10854);
#10995 = OVER_RIDING_STYLED_ITEM('overriding color',(#10996),#2637,
  #10603);
#10996 = PRESENTATION_STYLE_ASSIGNMENT((#10997));
#10997 = SURFACE_STYLE_USAGE(.BOTH.,#10998);
#10998 = SURFACE_SIDE_STYLE('',(#10999));
#10999 = SURFACE_STYLE_FILL_AREA(#11000);
#11000 = FILL_AREA_STYLE('',(#11001));
#11001 = FILL_AREA_STYLE_COLOUR('',#10854);
#11002 = OVER_RIDING_STYLED_ITEM('overriding color',(#11003),#2692,
  #10603);
#11003 = PRESENTATION_STYLE_ASSIGNMENT((#11004));
#11004 = SURFACE_STYLE_USAGE(.BOTH.,#11005);
#11005 = SURFACE_SIDE_STYLE('',(#11006));
#11006 = SURFACE_STYLE_FILL_AREA(#11007);
#11007 = FILL_AREA_STYLE('',(#11008));
#11008 = FILL_AREA_STYLE_COLOUR('',#10854);
#11009 = OVER_RIDING_STYLED_ITEM('overriding color',(#11010),#2732,
  #10603);
#11010 = PRESENTATION_STYLE_ASSIGNMENT((#11011));
#11011 = SURFACE_STYLE_USAGE(.BOTH.,#11012);
#11012 = SURFACE_SIDE_STYLE('',(#11013));
#11013 = SURFACE_STYLE_FILL_AREA(#11014);
#11014 = FILL_AREA_STYLE('',(#11015));
#11015 = FILL_AREA_STYLE_COLOUR('',#10854);
#11016 = OVER_RIDING_STYLED_ITEM('overriding color',(#11017),#2763,
  #10603);
#11017 = PRESENTATION_STYLE_ASSIGNMENT((#11018));
#11018 = SURFACE_STYLE_USAGE(.BOTH.,#11019);
#11019 = SURFACE_SIDE_STYLE('',(#11020));
#11020 = SURFACE_STYLE_FILL_AREA(#11021);
#11021 = FILL_AREA_STYLE('',(#11022));
#11022 = FILL_AREA_STYLE_COLOUR('',#10854);
#11023 = OVER_RIDING_STYLED_ITEM('overriding color',(#11024),#2805,
  #10603);
#11024 = PRESENTATION_STYLE_ASSIGNMENT((#11025));
#11025 = SURFACE_STYLE_USAGE(.BOTH.,#11026);
#11026 = SURFACE_SIDE_STYLE('',(#11027));
#11027 = SURFACE_STYLE_FILL_AREA(#11028);
#11028 = FILL_AREA_STYLE('',(#11029));
#11029 = FILL_AREA_STYLE_COLOUR('',#10854);
#11030 = OVER_RIDING_STYLED_ITEM('overriding color',(#11031),#2836,
  #10603);
#11031 = PRESENTATION_STYLE_ASSIGNMENT((#11032));
#11032 = SURFACE_STYLE_USAGE(.BOTH.,#11033);
#11033 = SURFACE_SIDE_STYLE('',(#11034));
#11034 = SURFACE_STYLE_FILL_AREA(#11035);
#11035 = FILL_AREA_STYLE('',(#11036));
#11036 = FILL_AREA_STYLE_COLOUR('',#10854);
#11037 = OVER_RIDING_STYLED_ITEM('overriding color',(#11038),#2869,
  #10603);
#11038 = PRESENTATION_STYLE_ASSIGNMENT((#11039));
#11039 = SURFACE_STYLE_USAGE(.BOTH.,#11040);
#11040 = SURFACE_SIDE_STYLE('',(#11041));
#11041 = SURFACE_STYLE_FILL_AREA(#11042);
#11042 = FILL_AREA_STYLE('',(#11043));
#11043 = FILL_AREA_STYLE_COLOUR('',#10854);
#11044 = OVER_RIDING_STYLED_ITEM('overriding color',(#11045),#2894,
  #10603);
#11045 = PRESENTATION_STYLE_ASSIGNMENT((#11046));
#11046 = SURFACE_STYLE_USAGE(.BOTH.,#11047);
#11047 = SURFACE_SIDE_STYLE('',(#11048));
#11048 = SURFACE_STYLE_FILL_AREA(#11049);
#11049 = FILL_AREA_STYLE('',(#11050));
#11050 = FILL_AREA_STYLE_COLOUR('',#10854);
#11051 = OVER_RIDING_STYLED_ITEM('overriding color',(#11052),#2918,
  #10603);
#11052 = PRESENTATION_STYLE_ASSIGNMENT((#11053));
#11053 = SURFACE_STYLE_USAGE(.BOTH.,#11054);
#11054 = SURFACE_SIDE_STYLE('',(#11055));
#11055 = SURFACE_STYLE_FILL_AREA(#11056);
#11056 = FILL_AREA_STYLE('',(#11057));
#11057 = FILL_AREA_STYLE_COLOUR('',#10854);
#11058 = OVER_RIDING_STYLED_ITEM('overriding color',(#11059),#2936,
  #10603);
#11059 = PRESENTATION_STYLE_ASSIGNMENT((#11060));
#11060 = SURFACE_STYLE_USAGE(.BOTH.,#11061);
#11061 = SURFACE_SIDE_STYLE('',(#11062));
#11062 = SURFACE_STYLE_FILL_AREA(#11063);
#11063 = FILL_AREA_STYLE('',(#11064));
#11064 = FILL_AREA_STYLE_COLOUR('',#11065);
#11065 = COLOUR_RGB('',0.250980406631,0.250980406631,0.250980406631);
#11066 = OVER_RIDING_STYLED_ITEM('overriding color',(#11067),#2979,
  #10603);
#11067 = PRESENTATION_STYLE_ASSIGNMENT((#11068));
#11068 = SURFACE_STYLE_USAGE(.BOTH.,#11069);
#11069 = SURFACE_SIDE_STYLE('',(#11070));
#11070 = SURFACE_STYLE_FILL_AREA(#11071);
#11071 = FILL_AREA_STYLE('',(#11072));
#11072 = FILL_AREA_STYLE_COLOUR('',#11065);
#11073 = OVER_RIDING_STYLED_ITEM('overriding color',(#11074),#3094,
  #10603);
#11074 = PRESENTATION_STYLE_ASSIGNMENT((#11075));
#11075 = SURFACE_STYLE_USAGE(.BOTH.,#11076);
#11076 = SURFACE_SIDE_STYLE('',(#11077));
#11077 = SURFACE_STYLE_FILL_AREA(#11078);
#11078 = FILL_AREA_STYLE('',(#11079));
#11079 = FILL_AREA_STYLE_COLOUR('',#11065);
#11080 = OVER_RIDING_STYLED_ITEM('overriding color',(#11081),#3129,
  #10603);
#11081 = PRESENTATION_STYLE_ASSIGNMENT((#11082));
#11082 = SURFACE_STYLE_USAGE(.BOTH.,#11083);
#11083 = SURFACE_SIDE_STYLE('',(#11084));
#11084 = SURFACE_STYLE_FILL_AREA(#11085);
#11085 = FILL_AREA_STYLE('',(#11086));
#11086 = FILL_AREA_STYLE_COLOUR('',#11065);
#11087 = OVER_RIDING_STYLED_ITEM('overriding color',(#11088),#3146,
  #10603);
#11088 = PRESENTATION_STYLE_ASSIGNMENT((#11089));
#11089 = SURFACE_STYLE_USAGE(.BOTH.,#11090);
#11090 = SURFACE_SIDE_STYLE('',(#11091));
#11091 = SURFACE_STYLE_FILL_AREA(#11092);
#11092 = FILL_AREA_STYLE('',(#11093));
#11093 = FILL_AREA_STYLE_COLOUR('',#11065);
#11094 = OVER_RIDING_STYLED_ITEM('overriding color',(#11095),#3171,
  #10603);
#11095 = PRESENTATION_STYLE_ASSIGNMENT((#11096));
#11096 = SURFACE_STYLE_USAGE(.BOTH.,#11097);
#11097 = SURFACE_SIDE_STYLE('',(#11098));
#11098 = SURFACE_STYLE_FILL_AREA(#11099);
#11099 = FILL_AREA_STYLE('',(#11100));
#11100 = FILL_AREA_STYLE_COLOUR('',#11065);
#11101 = OVER_RIDING_STYLED_ITEM('overriding color',(#11102),#3265,
  #10603);
#11102 = PRESENTATION_STYLE_ASSIGNMENT((#11103));
#11103 = SURFACE_STYLE_USAGE(.BOTH.,#11104);
#11104 = SURFACE_SIDE_STYLE('',(#11105));
#11105 = SURFACE_STYLE_FILL_AREA(#11106);
#11106 = FILL_AREA_STYLE('',(#11107));
#11107 = FILL_AREA_STYLE_COLOUR('',#11065);
#11108 = OVER_RIDING_STYLED_ITEM('overriding color',(#11109),#3282,
  #10603);
#11109 = PRESENTATION_STYLE_ASSIGNMENT((#11110));
#11110 = SURFACE_STYLE_USAGE(.BOTH.,#11111);
#11111 = SURFACE_SIDE_STYLE('',(#11112));
#11112 = SURFACE_STYLE_FILL_AREA(#11113);
#11113 = FILL_AREA_STYLE('',(#11114));
#11114 = FILL_AREA_STYLE_COLOUR('',#11065);
#11115 = OVER_RIDING_STYLED_ITEM('overriding color',(#11116),#3337,
  #10603);
#11116 = PRESENTATION_STYLE_ASSIGNMENT((#11117));
#11117 = SURFACE_STYLE_USAGE(.BOTH.,#11118);
#11118 = SURFACE_SIDE_STYLE('',(#11119));
#11119 = SURFACE_STYLE_FILL_AREA(#11120);
#11120 = FILL_AREA_STYLE('',(#11121));
#11121 = FILL_AREA_STYLE_COLOUR('',#11065);
#11122 = OVER_RIDING_STYLED_ITEM('overriding color',(#11123),#3359,
  #10603);
#11123 = PRESENTATION_STYLE_ASSIGNMENT((#11124));
#11124 = SURFACE_STYLE_USAGE(.BOTH.,#11125);
#11125 = SURFACE_SIDE_STYLE('',(#11126));
#11126 = SURFACE_STYLE_FILL_AREA(#11127);
#11127 = FILL_AREA_STYLE('',(#11128));
#11128 = FILL_AREA_STYLE_COLOUR('',#11065);
#11129 = OVER_RIDING_STYLED_ITEM('overriding color',(#11130),#3395,
  #10603);
#11130 = PRESENTATION_STYLE_ASSIGNMENT((#11131));
#11131 = SURFACE_STYLE_USAGE(.BOTH.,#11132);
#11132 = SURFACE_SIDE_STYLE('',(#11133));
#11133 = SURFACE_STYLE_FILL_AREA(#11134);
#11134 = FILL_AREA_STYLE('',(#11135));
#11135 = FILL_AREA_STYLE_COLOUR('',#11065);
#11136 = OVER_RIDING_STYLED_ITEM('overriding color',(#11137),#3436,
  #10603);
#11137 = PRESENTATION_STYLE_ASSIGNMENT((#11138));
#11138 = SURFACE_STYLE_USAGE(.BOTH.,#11139);
#11139 = SURFACE_SIDE_STYLE('',(#11140));
#11140 = SURFACE_STYLE_FILL_AREA(#11141);
#11141 = FILL_AREA_STYLE('',(#11142));
#11142 = FILL_AREA_STYLE_COLOUR('',#11065);
#11143 = OVER_RIDING_STYLED_ITEM('overriding color',(#11144),#3458,
  #10603);
#11144 = PRESENTATION_STYLE_ASSIGNMENT((#11145));
#11145 = SURFACE_STYLE_USAGE(.BOTH.,#11146);
#11146 = SURFACE_SIDE_STYLE('',(#11147));
#11147 = SURFACE_STYLE_FILL_AREA(#11148);
#11148 = FILL_AREA_STYLE('',(#11149));
#11149 = FILL_AREA_STYLE_COLOUR('',#11065);
#11150 = OVER_RIDING_STYLED_ITEM('overriding color',(#11151),#3480,
  #10603);
#11151 = PRESENTATION_STYLE_ASSIGNMENT((#11152));
#11152 = SURFACE_STYLE_USAGE(.BOTH.,#11153);
#11153 = SURFACE_SIDE_STYLE('',(#11154));
#11154 = SURFACE_STYLE_FILL_AREA(#11155);
#11155 = FILL_AREA_STYLE('',(#11156));
#11156 = FILL_AREA_STYLE_COLOUR('',#10629);
#11157 = OVER_RIDING_STYLED_ITEM('overriding color',(#11158),#3583,
  #10603);
#11158 = PRESENTATION_STYLE_ASSIGNMENT((#11159));
#11159 = SURFACE_STYLE_USAGE(.BOTH.,#11160);
#11160 = SURFACE_SIDE_STYLE('',(#11161));
#11161 = SURFACE_STYLE_FILL_AREA(#11162);
#11162 = FILL_AREA_STYLE('',(#11163));
#11163 = FILL_AREA_STYLE_COLOUR('',#10629);
#11164 = OVER_RIDING_STYLED_ITEM('overriding color',(#11165),#3695,
  #10603);
#11165 = PRESENTATION_STYLE_ASSIGNMENT((#11166));
#11166 = SURFACE_STYLE_USAGE(.BOTH.,#11167);
#11167 = SURFACE_SIDE_STYLE('',(#11168));
#11168 = SURFACE_STYLE_FILL_AREA(#11169);
#11169 = FILL_AREA_STYLE('',(#11170));
#11170 = FILL_AREA_STYLE_COLOUR('',#10629);
#11171 = OVER_RIDING_STYLED_ITEM('overriding color',(#11172),#3720,
  #10603);
#11172 = PRESENTATION_STYLE_ASSIGNMENT((#11173));
#11173 = SURFACE_STYLE_USAGE(.BOTH.,#11174);
#11174 = SURFACE_SIDE_STYLE('',(#11175));
#11175 = SURFACE_STYLE_FILL_AREA(#11176);
#11176 = FILL_AREA_STYLE('',(#11177));
#11177 = FILL_AREA_STYLE_COLOUR('',#10629);
#11178 = OVER_RIDING_STYLED_ITEM('overriding color',(#11179),#3733,
  #10603);
#11179 = PRESENTATION_STYLE_ASSIGNMENT((#11180));
#11180 = SURFACE_STYLE_USAGE(.BOTH.,#11181);
#11181 = SURFACE_SIDE_STYLE('',(#11182));
#11182 = SURFACE_STYLE_FILL_AREA(#11183);
#11183 = FILL_AREA_STYLE('',(#11184));
#11184 = FILL_AREA_STYLE_COLOUR('',#10629);
#11185 = OVER_RIDING_STYLED_ITEM('overriding color',(#11186),#3750,
  #10603);
#11186 = PRESENTATION_STYLE_ASSIGNMENT((#11187));
#11187 = SURFACE_STYLE_USAGE(.BOTH.,#11188);
#11188 = SURFACE_SIDE_STYLE('',(#11189));
#11189 = SURFACE_STYLE_FILL_AREA(#11190);
#11190 = FILL_AREA_STYLE('',(#11191));
#11191 = FILL_AREA_STYLE_COLOUR('',#10629);
#11192 = OVER_RIDING_STYLED_ITEM('overriding color',(#11193),#3771,
  #10603);
#11193 = PRESENTATION_STYLE_ASSIGNMENT((#11194));
#11194 = SURFACE_STYLE_USAGE(.BOTH.,#11195);
#11195 = SURFACE_SIDE_STYLE('',(#11196));
#11196 = SURFACE_STYLE_FILL_AREA(#11197);
#11197 = FILL_AREA_STYLE('',(#11198));
#11198 = FILL_AREA_STYLE_COLOUR('',#10629);
#11199 = OVER_RIDING_STYLED_ITEM('overriding color',(#11200),#3787,
  #10603);
#11200 = PRESENTATION_STYLE_ASSIGNMENT((#11201));
#11201 = SURFACE_STYLE_USAGE(.BOTH.,#11202);
#11202 = SURFACE_SIDE_STYLE('',(#11203));
#11203 = SURFACE_STYLE_FILL_AREA(#11204);
#11204 = FILL_AREA_STYLE('',(#11205));
#11205 = FILL_AREA_STYLE_COLOUR('',#10854);
#11206 = OVER_RIDING_STYLED_ITEM('overriding color',(#11207),#4999,
  #10603);
#11207 = PRESENTATION_STYLE_ASSIGNMENT((#11208));
#11208 = SURFACE_STYLE_USAGE(.BOTH.,#11209);
#11209 = SURFACE_SIDE_STYLE('',(#11210));
#11210 = SURFACE_STYLE_FILL_AREA(#11211);
#11211 = FILL_AREA_STYLE('',(#11212));
#11212 = FILL_AREA_STYLE_COLOUR('',#10854);
#11213 = OVER_RIDING_STYLED_ITEM('overriding color',(#11214),#5048,
  #10603);
#11214 = PRESENTATION_STYLE_ASSIGNMENT((#11215));
#11215 = SURFACE_STYLE_USAGE(.BOTH.,#11216);
#11216 = SURFACE_SIDE_STYLE('',(#11217));
#11217 = SURFACE_STYLE_FILL_AREA(#11218);
#11218 = FILL_AREA_STYLE('',(#11219));
#11219 = FILL_AREA_STYLE_COLOUR('',#10854);
#11220 = OVER_RIDING_STYLED_ITEM('overriding color',(#11221),#5159,
  #10603);
#11221 = PRESENTATION_STYLE_ASSIGNMENT((#11222));
#11222 = SURFACE_STYLE_USAGE(.BOTH.,#11223);
#11223 = SURFACE_SIDE_STYLE('',(#11224));
#11224 = SURFACE_STYLE_FILL_AREA(#11225);
#11225 = FILL_AREA_STYLE('',(#11226));
#11226 = FILL_AREA_STYLE_COLOUR('',#10854);
#11227 = OVER_RIDING_STYLED_ITEM('overriding color',(#11228),#5201,
  #10603);
#11228 = PRESENTATION_STYLE_ASSIGNMENT((#11229));
#11229 = SURFACE_STYLE_USAGE(.BOTH.,#11230);
#11230 = SURFACE_SIDE_STYLE('',(#11231));
#11231 = SURFACE_STYLE_FILL_AREA(#11232);
#11232 = FILL_AREA_STYLE('',(#11233));
#11233 = FILL_AREA_STYLE_COLOUR('',#10854);
#11234 = OVER_RIDING_STYLED_ITEM('overriding color',(#11235),#5287,
  #10603);
#11235 = PRESENTATION_STYLE_ASSIGNMENT((#11236));
#11236 = SURFACE_STYLE_USAGE(.BOTH.,#11237);
#11237 = SURFACE_SIDE_STYLE('',(#11238));
#11238 = SURFACE_STYLE_FILL_AREA(#11239);
#11239 = FILL_AREA_STYLE('',(#11240));
#11240 = FILL_AREA_STYLE_COLOUR('',#11241);
#11241 = COLOUR_RGB('',0.423529408994,0.768627468855,0.854901964685);
#11242 = OVER_RIDING_STYLED_ITEM('overriding color',(#11243),#5313,
  #10603);
#11243 = PRESENTATION_STYLE_ASSIGNMENT((#11244));
#11244 = SURFACE_STYLE_USAGE(.BOTH.,#11245);
#11245 = SURFACE_SIDE_STYLE('',(#11246));
#11246 = SURFACE_STYLE_FILL_AREA(#11247);
#11247 = FILL_AREA_STYLE('',(#11248));
#11248 = FILL_AREA_STYLE_COLOUR('',#11241);
#11249 = OVER_RIDING_STYLED_ITEM('overriding color',(#11250),#5325,
  #10603);
#11250 = PRESENTATION_STYLE_ASSIGNMENT((#11251));
#11251 = SURFACE_STYLE_USAGE(.BOTH.,#11252);
#11252 = SURFACE_SIDE_STYLE('',(#11253));
#11253 = SURFACE_STYLE_FILL_AREA(#11254);
#11254 = FILL_AREA_STYLE('',(#11255));
#11255 = FILL_AREA_STYLE_COLOUR('',#11256);
#11256 = COLOUR_RGB('',0.199999998682,0.199999998682,0.199999998682);
#11257 = OVER_RIDING_STYLED_ITEM('overriding color',(#11258),#5343,
  #10603);
#11258 = PRESENTATION_STYLE_ASSIGNMENT((#11259));
#11259 = SURFACE_STYLE_USAGE(.BOTH.,#11260);
#11260 = SURFACE_SIDE_STYLE('',(#11261));
#11261 = SURFACE_STYLE_FILL_AREA(#11262);
#11262 = FILL_AREA_STYLE('',(#11263));
#11263 = FILL_AREA_STYLE_COLOUR('',#11241);
#11264 = OVER_RIDING_STYLED_ITEM('overriding color',(#11265),#5355,
  #10603);
#11265 = PRESENTATION_STYLE_ASSIGNMENT((#11266));
#11266 = SURFACE_STYLE_USAGE(.BOTH.,#11267);
#11267 = SURFACE_SIDE_STYLE('',(#11268));
#11268 = SURFACE_STYLE_FILL_AREA(#11269);
#11269 = FILL_AREA_STYLE('',(#11270));
#11270 = FILL_AREA_STYLE_COLOUR('',#11256);
#11271 = OVER_RIDING_STYLED_ITEM('overriding color',(#11272),#5373,
  #10603);
#11272 = PRESENTATION_STYLE_ASSIGNMENT((#11273));
#11273 = SURFACE_STYLE_USAGE(.BOTH.,#11274);
#11274 = SURFACE_SIDE_STYLE('',(#11275));
#11275 = SURFACE_STYLE_FILL_AREA(#11276);
#11276 = FILL_AREA_STYLE('',(#11277));
#11277 = FILL_AREA_STYLE_COLOUR('',#10854);
#11278 = OVER_RIDING_STYLED_ITEM('overriding color',(#11279),#5391,
  #10603);
#11279 = PRESENTATION_STYLE_ASSIGNMENT((#11280));
#11280 = SURFACE_STYLE_USAGE(.BOTH.,#11281);
#11281 = SURFACE_SIDE_STYLE('',(#11282));
#11282 = SURFACE_STYLE_FILL_AREA(#11283);
#11283 = FILL_AREA_STYLE('',(#11284));
#11284 = FILL_AREA_STYLE_COLOUR('',#10854);
#11285 = OVER_RIDING_STYLED_ITEM('overriding color',(#11286),#5409,
  #10603);
#11286 = PRESENTATION_STYLE_ASSIGNMENT((#11287));
#11287 = SURFACE_STYLE_USAGE(.BOTH.,#11288);
#11288 = SURFACE_SIDE_STYLE('',(#11289));
#11289 = SURFACE_STYLE_FILL_AREA(#11290);
#11290 = FILL_AREA_STYLE('',(#11291));
#11291 = FILL_AREA_STYLE_COLOUR('',#10854);
#11292 = OVER_RIDING_STYLED_ITEM('overriding color',(#11293),#5427,
  #10603);
#11293 = PRESENTATION_STYLE_ASSIGNMENT((#11294));
#11294 = SURFACE_STYLE_USAGE(.BOTH.,#11295);
#11295 = SURFACE_SIDE_STYLE('',(#11296));
#11296 = SURFACE_STYLE_FILL_AREA(#11297);
#11297 = FILL_AREA_STYLE('',(#11298));
#11298 = FILL_AREA_STYLE_COLOUR('',#11256);
#11299 = OVER_RIDING_STYLED_ITEM('overriding color',(#11300),#5456,
  #10603);
#11300 = PRESENTATION_STYLE_ASSIGNMENT((#11301));
#11301 = SURFACE_STYLE_USAGE(.BOTH.,#11302);
#11302 = SURFACE_SIDE_STYLE('',(#11303));
#11303 = SURFACE_STYLE_FILL_AREA(#11304);
#11304 = FILL_AREA_STYLE('',(#11305));
#11305 = FILL_AREA_STYLE_COLOUR('',#10854);
#11306 = OVER_RIDING_STYLED_ITEM('overriding color',(#11307),#5474,
  #10603);
#11307 = PRESENTATION_STYLE_ASSIGNMENT((#11308));
#11308 = SURFACE_STYLE_USAGE(.BOTH.,#11309);
#11309 = SURFACE_SIDE_STYLE('',(#11310));
#11310 = SURFACE_STYLE_FILL_AREA(#11311);
#11311 = FILL_AREA_STYLE('',(#11312));
#11312 = FILL_AREA_STYLE_COLOUR('',#10854);
#11313 = OVER_RIDING_STYLED_ITEM('overriding color',(#11314),#5492,
  #10603);
#11314 = PRESENTATION_STYLE_ASSIGNMENT((#11315));
#11315 = SURFACE_STYLE_USAGE(.BOTH.,#11316);
#11316 = SURFACE_SIDE_STYLE('',(#11317));
#11317 = SURFACE_STYLE_FILL_AREA(#11318);
#11318 = FILL_AREA_STYLE('',(#11319));
#11319 = FILL_AREA_STYLE_COLOUR('',#10854);
#11320 = OVER_RIDING_STYLED_ITEM('overriding color',(#11321),#5504,
  #10603);
#11321 = PRESENTATION_STYLE_ASSIGNMENT((#11322));
#11322 = SURFACE_STYLE_USAGE(.BOTH.,#11323);
#11323 = SURFACE_SIDE_STYLE('',(#11324));
#11324 = SURFACE_STYLE_FILL_AREA(#11325);
#11325 = FILL_AREA_STYLE('',(#11326));
#11326 = FILL_AREA_STYLE_COLOUR('',#10854);
#11327 = OVER_RIDING_STYLED_ITEM('overriding color',(#11328),#5528,
  #10603);
#11328 = PRESENTATION_STYLE_ASSIGNMENT((#11329));
#11329 = SURFACE_STYLE_USAGE(.BOTH.,#11330);
#11330 = SURFACE_SIDE_STYLE('',(#11331));
#11331 = SURFACE_STYLE_FILL_AREA(#11332);
#11332 = FILL_AREA_STYLE('',(#11333));
#11333 = FILL_AREA_STYLE_COLOUR('',#11256);
#11334 = OVER_RIDING_STYLED_ITEM('overriding color',(#11335),#5548,
  #10603);
#11335 = PRESENTATION_STYLE_ASSIGNMENT((#11336));
#11336 = SURFACE_STYLE_USAGE(.BOTH.,#11337);
#11337 = SURFACE_SIDE_STYLE('',(#11338));
#11338 = SURFACE_STYLE_FILL_AREA(#11339);
#11339 = FILL_AREA_STYLE('',(#11340));
#11340 = FILL_AREA_STYLE_COLOUR('',#10854);
#11341 = OVER_RIDING_STYLED_ITEM('overriding color',(#11342),#5572,
  #10603);
#11342 = PRESENTATION_STYLE_ASSIGNMENT((#11343));
#11343 = SURFACE_STYLE_USAGE(.BOTH.,#11344);
#11344 = SURFACE_SIDE_STYLE('',(#11345));
#11345 = SURFACE_STYLE_FILL_AREA(#11346);
#11346 = FILL_AREA_STYLE('',(#11347));
#11347 = FILL_AREA_STYLE_COLOUR('',#11256);
#11348 = OVER_RIDING_STYLED_ITEM('overriding color',(#11349),#5592,
  #10603);
#11349 = PRESENTATION_STYLE_ASSIGNMENT((#11350));
#11350 = SURFACE_STYLE_USAGE(.BOTH.,#11351);
#11351 = SURFACE_SIDE_STYLE('',(#11352));
#11352 = SURFACE_STYLE_FILL_AREA(#11353);
#11353 = FILL_AREA_STYLE('',(#11354));
#11354 = FILL_AREA_STYLE_COLOUR('',#10854);
#11355 = OVER_RIDING_STYLED_ITEM('overriding color',(#11356),#5616,
  #10603);
#11356 = PRESENTATION_STYLE_ASSIGNMENT((#11357));
#11357 = SURFACE_STYLE_USAGE(.BOTH.,#11358);
#11358 = SURFACE_SIDE_STYLE('',(#11359));
#11359 = SURFACE_STYLE_FILL_AREA(#11360);
#11360 = FILL_AREA_STYLE('',(#11361));
#11361 = FILL_AREA_STYLE_COLOUR('',#11256);
#11362 = OVER_RIDING_STYLED_ITEM('overriding color',(#11363),#5636,
  #10603);
#11363 = PRESENTATION_STYLE_ASSIGNMENT((#11364));
#11364 = SURFACE_STYLE_USAGE(.BOTH.,#11365);
#11365 = SURFACE_SIDE_STYLE('',(#11366));
#11366 = SURFACE_STYLE_FILL_AREA(#11367);
#11367 = FILL_AREA_STYLE('',(#11368));
#11368 = FILL_AREA_STYLE_COLOUR('',#10854);
#11369 = OVER_RIDING_STYLED_ITEM('overriding color',(#11370),#5660,
  #10603);
#11370 = PRESENTATION_STYLE_ASSIGNMENT((#11371));
#11371 = SURFACE_STYLE_USAGE(.BOTH.,#11372);
#11372 = SURFACE_SIDE_STYLE('',(#11373));
#11373 = SURFACE_STYLE_FILL_AREA(#11374);
#11374 = FILL_AREA_STYLE('',(#11375));
#11375 = FILL_AREA_STYLE_COLOUR('',#11065);
#11376 = OVER_RIDING_STYLED_ITEM('overriding color',(#11377),#5705,
  #10603);
#11377 = PRESENTATION_STYLE_ASSIGNMENT((#11378));
#11378 = SURFACE_STYLE_USAGE(.BOTH.,#11379);
#11379 = SURFACE_SIDE_STYLE('',(#11380));
#11380 = SURFACE_STYLE_FILL_AREA(#11381);
#11381 = FILL_AREA_STYLE('',(#11382));
#11382 = FILL_AREA_STYLE_COLOUR('',#10854);
#11383 = OVER_RIDING_STYLED_ITEM('overriding color',(#11384),#5737,
  #10603);
#11384 = PRESENTATION_STYLE_ASSIGNMENT((#11385));
#11385 = SURFACE_STYLE_USAGE(.BOTH.,#11386);
#11386 = SURFACE_SIDE_STYLE('',(#11387));
#11387 = SURFACE_STYLE_FILL_AREA(#11388);
#11388 = FILL_AREA_STYLE('',(#11389));
#11389 = FILL_AREA_STYLE_COLOUR('',#10854);
#11390 = OVER_RIDING_STYLED_ITEM('overriding color',(#11391),#5769,
  #10603);
#11391 = PRESENTATION_STYLE_ASSIGNMENT((#11392));
#11392 = SURFACE_STYLE_USAGE(.BOTH.,#11393);
#11393 = SURFACE_SIDE_STYLE('',(#11394));
#11394 = SURFACE_STYLE_FILL_AREA(#11395);
#11395 = FILL_AREA_STYLE('',(#11396));
#11396 = FILL_AREA_STYLE_COLOUR('',#10854);
#11397 = OVER_RIDING_STYLED_ITEM('overriding color',(#11398),#5794,
  #10603);
#11398 = PRESENTATION_STYLE_ASSIGNMENT((#11399));
#11399 = SURFACE_STYLE_USAGE(.BOTH.,#11400);
#11400 = SURFACE_SIDE_STYLE('',(#11401));
#11401 = SURFACE_STYLE_FILL_AREA(#11402);
#11402 = FILL_AREA_STYLE('',(#11403));
#11403 = FILL_AREA_STYLE_COLOUR('',#10854);
#11404 = OVER_RIDING_STYLED_ITEM('overriding color',(#11405),#5819,
  #10603);
#11405 = PRESENTATION_STYLE_ASSIGNMENT((#11406));
#11406 = SURFACE_STYLE_USAGE(.BOTH.,#11407);
#11407 = SURFACE_SIDE_STYLE('',(#11408));
#11408 = SURFACE_STYLE_FILL_AREA(#11409);
#11409 = FILL_AREA_STYLE('',(#11410));
#11410 = FILL_AREA_STYLE_COLOUR('',#10621);
#11411 = OVER_RIDING_STYLED_ITEM('overriding color',(#11412),#5837,
  #10603);
#11412 = PRESENTATION_STYLE_ASSIGNMENT((#11413));
#11413 = SURFACE_STYLE_USAGE(.BOTH.,#11414);
#11414 = SURFACE_SIDE_STYLE('',(#11415));
#11415 = SURFACE_STYLE_FILL_AREA(#11416);
#11416 = FILL_AREA_STYLE('',(#11417));
#11417 = FILL_AREA_STYLE_COLOUR('',#10621);
#11418 = OVER_RIDING_STYLED_ITEM('overriding color',(#11419),#5864,
  #10603);
#11419 = PRESENTATION_STYLE_ASSIGNMENT((#11420));
#11420 = SURFACE_STYLE_USAGE(.BOTH.,#11421);
#11421 = SURFACE_SIDE_STYLE('',(#11422));
#11422 = SURFACE_STYLE_FILL_AREA(#11423);
#11423 = FILL_AREA_STYLE('',(#11424));
#11424 = FILL_AREA_STYLE_COLOUR('',#11425);
#11425 = COLOUR_RGB('',0.60392159809,0.60392159809,0.60392159809);
#11426 = OVER_RIDING_STYLED_ITEM('overriding color',(#11427),#5890,
  #10603);
#11427 = PRESENTATION_STYLE_ASSIGNMENT((#11428));
#11428 = SURFACE_STYLE_USAGE(.BOTH.,#11429);
#11429 = SURFACE_SIDE_STYLE('',(#11430));
#11430 = SURFACE_STYLE_FILL_AREA(#11431);
#11431 = FILL_AREA_STYLE('',(#11432));
#11432 = FILL_AREA_STYLE_COLOUR('',#11065);
#11433 = OVER_RIDING_STYLED_ITEM('overriding color',(#11434),#5899,
  #10603);
#11434 = PRESENTATION_STYLE_ASSIGNMENT((#11435));
#11435 = SURFACE_STYLE_USAGE(.BOTH.,#11436);
#11436 = SURFACE_SIDE_STYLE('',(#11437));
#11437 = SURFACE_STYLE_FILL_AREA(#11438);
#11438 = FILL_AREA_STYLE('',(#11439));
#11439 = FILL_AREA_STYLE_COLOUR('',#11440);
#11440 = COLOUR_RGB('',0.698039232327,0.698039232327,0.698039232327);
#11441 = OVER_RIDING_STYLED_ITEM('overriding color',(#11442),#5930,
  #10603);
#11442 = PRESENTATION_STYLE_ASSIGNMENT((#11443));
#11443 = SURFACE_STYLE_USAGE(.BOTH.,#11444);
#11444 = SURFACE_SIDE_STYLE('',(#11445));
#11445 = SURFACE_STYLE_FILL_AREA(#11446);
#11446 = FILL_AREA_STYLE('',(#11447));
#11447 = FILL_AREA_STYLE_COLOUR('',#11440);
#11448 = OVER_RIDING_STYLED_ITEM('overriding color',(#11449),#5980,
  #10603);
#11449 = PRESENTATION_STYLE_ASSIGNMENT((#11450));
#11450 = SURFACE_STYLE_USAGE(.BOTH.,#11451);
#11451 = SURFACE_SIDE_STYLE('',(#11452));
#11452 = SURFACE_STYLE_FILL_AREA(#11453);
#11453 = FILL_AREA_STYLE('',(#11454));
#11454 = FILL_AREA_STYLE_COLOUR('',#11440);
#11455 = OVER_RIDING_STYLED_ITEM('overriding color',(#11456),#6004,
  #10603);
#11456 = PRESENTATION_STYLE_ASSIGNMENT((#11457));
#11457 = SURFACE_STYLE_USAGE(.BOTH.,#11458);
#11458 = SURFACE_SIDE_STYLE('',(#11459));
#11459 = SURFACE_STYLE_FILL_AREA(#11460);
#11460 = FILL_AREA_STYLE('',(#11461));
#11461 = FILL_AREA_STYLE_COLOUR('',#11440);
#11462 = OVER_RIDING_STYLED_ITEM('overriding color',(#11463),#6102,
  #10603);
#11463 = PRESENTATION_STYLE_ASSIGNMENT((#11464));
#11464 = SURFACE_STYLE_USAGE(.BOTH.,#11465);
#11465 = SURFACE_SIDE_STYLE('',(#11466));
#11466 = SURFACE_STYLE_FILL_AREA(#11467);
#11467 = FILL_AREA_STYLE('',(#11468));
#11468 = FILL_AREA_STYLE_COLOUR('',#11440);
#11469 = OVER_RIDING_STYLED_ITEM('overriding color',(#11470),#6126,
  #10603);
#11470 = PRESENTATION_STYLE_ASSIGNMENT((#11471));
#11471 = SURFACE_STYLE_USAGE(.BOTH.,#11472);
#11472 = SURFACE_SIDE_STYLE('',(#11473));
#11473 = SURFACE_STYLE_FILL_AREA(#11474);
#11474 = FILL_AREA_STYLE('',(#11475));
#11475 = FILL_AREA_STYLE_COLOUR('',#11440);
#11476 = OVER_RIDING_STYLED_ITEM('overriding color',(#11477),#6224,
  #10603);
#11477 = PRESENTATION_STYLE_ASSIGNMENT((#11478));
#11478 = SURFACE_STYLE_USAGE(.BOTH.,#11479);
#11479 = SURFACE_SIDE_STYLE('',(#11480));
#11480 = SURFACE_STYLE_FILL_AREA(#11481);
#11481 = FILL_AREA_STYLE('',(#11482));
#11482 = FILL_AREA_STYLE_COLOUR('',#11440);
#11483 = OVER_RIDING_STYLED_ITEM('overriding color',(#11484),#6274,
  #10603);
#11484 = PRESENTATION_STYLE_ASSIGNMENT((#11485));
#11485 = SURFACE_STYLE_USAGE(.BOTH.,#11486);
#11486 = SURFACE_SIDE_STYLE('',(#11487));
#11487 = SURFACE_STYLE_FILL_AREA(#11488);
#11488 = FILL_AREA_STYLE('',(#11489));
#11489 = FILL_AREA_STYLE_COLOUR('',#11440);
#11490 = OVER_RIDING_STYLED_ITEM('overriding color',(#11491),#6324,
  #10603);
#11491 = PRESENTATION_STYLE_ASSIGNMENT((#11492));
#11492 = SURFACE_STYLE_USAGE(.BOTH.,#11493);
#11493 = SURFACE_SIDE_STYLE('',(#11494));
#11494 = SURFACE_STYLE_FILL_AREA(#11495);
#11495 = FILL_AREA_STYLE('',(#11496));
#11496 = FILL_AREA_STYLE_COLOUR('',#11440);
#11497 = OVER_RIDING_STYLED_ITEM('overriding color',(#11498),#6398,
  #10603);
#11498 = PRESENTATION_STYLE_ASSIGNMENT((#11499));
#11499 = SURFACE_STYLE_USAGE(.BOTH.,#11500);
#11500 = SURFACE_SIDE_STYLE('',(#11501));
#11501 = SURFACE_STYLE_FILL_AREA(#11502);
#11502 = FILL_AREA_STYLE('',(#11503));
#11503 = FILL_AREA_STYLE_COLOUR('',#11440);
#11504 = OVER_RIDING_STYLED_ITEM('overriding color',(#11505),#6422,
  #10603);
#11505 = PRESENTATION_STYLE_ASSIGNMENT((#11506));
#11506 = SURFACE_STYLE_USAGE(.BOTH.,#11507);
#11507 = SURFACE_SIDE_STYLE('',(#11508));
#11508 = SURFACE_STYLE_FILL_AREA(#11509);
#11509 = FILL_AREA_STYLE('',(#11510));
#11510 = FILL_AREA_STYLE_COLOUR('',#11440);
#11511 = OVER_RIDING_STYLED_ITEM('overriding color',(#11512),#6484,
  #10603);
#11512 = PRESENTATION_STYLE_ASSIGNMENT((#11513));
#11513 = SURFACE_STYLE_USAGE(.BOTH.,#11514);
#11514 = SURFACE_SIDE_STYLE('',(#11515));
#11515 = SURFACE_STYLE_FILL_AREA(#11516);
#11516 = FILL_AREA_STYLE('',(#11517));
#11517 = FILL_AREA_STYLE_COLOUR('',#11440);
#11518 = OVER_RIDING_STYLED_ITEM('overriding color',(#11519),#6558,
  #10603);
#11519 = PRESENTATION_STYLE_ASSIGNMENT((#11520));
#11520 = SURFACE_STYLE_USAGE(.BOTH.,#11521);
#11521 = SURFACE_SIDE_STYLE('',(#11522));
#11522 = SURFACE_STYLE_FILL_AREA(#11523);
#11523 = FILL_AREA_STYLE('',(#11524));
#11524 = FILL_AREA_STYLE_COLOUR('',#11440);
#11525 = OVER_RIDING_STYLED_ITEM('overriding color',(#11526),#6582,
  #10603);
#11526 = PRESENTATION_STYLE_ASSIGNMENT((#11527));
#11527 = SURFACE_STYLE_USAGE(.BOTH.,#11528);
#11528 = SURFACE_SIDE_STYLE('',(#11529));
#11529 = SURFACE_STYLE_FILL_AREA(#11530);
#11530 = FILL_AREA_STYLE('',(#11531));
#11531 = FILL_AREA_STYLE_COLOUR('',#11440);
#11532 = OVER_RIDING_STYLED_ITEM('overriding color',(#11533),#6625,
  #10603);
#11533 = PRESENTATION_STYLE_ASSIGNMENT((#11534));
#11534 = SURFACE_STYLE_USAGE(.BOTH.,#11535);
#11535 = SURFACE_SIDE_STYLE('',(#11536));
#11536 = SURFACE_STYLE_FILL_AREA(#11537);
#11537 = FILL_AREA_STYLE('',(#11538));
#11538 = FILL_AREA_STYLE_COLOUR('',#11440);
#11539 = OVER_RIDING_STYLED_ITEM('overriding color',(#11540),#6737,
  #10603);
#11540 = PRESENTATION_STYLE_ASSIGNMENT((#11541));
#11541 = SURFACE_STYLE_USAGE(.BOTH.,#11542);
#11542 = SURFACE_SIDE_STYLE('',(#11543));
#11543 = SURFACE_STYLE_FILL_AREA(#11544);
#11544 = FILL_AREA_STYLE('',(#11545));
#11545 = FILL_AREA_STYLE_COLOUR('',#11440);
#11546 = OVER_RIDING_STYLED_ITEM('overriding color',(#11547),#6806,
  #10603);
#11547 = PRESENTATION_STYLE_ASSIGNMENT((#11548));
#11548 = SURFACE_STYLE_USAGE(.BOTH.,#11549);
#11549 = SURFACE_SIDE_STYLE('',(#11550));
#11550 = SURFACE_STYLE_FILL_AREA(#11551);
#11551 = FILL_AREA_STYLE('',(#11552));
#11552 = FILL_AREA_STYLE_COLOUR('',#11440);
#11553 = OVER_RIDING_STYLED_ITEM('overriding color',(#11554),#6868,
  #10603);
#11554 = PRESENTATION_STYLE_ASSIGNMENT((#11555));
#11555 = SURFACE_STYLE_USAGE(.BOTH.,#11556);
#11556 = SURFACE_SIDE_STYLE('',(#11557));
#11557 = SURFACE_STYLE_FILL_AREA(#11558);
#11558 = FILL_AREA_STYLE('',(#11559));
#11559 = FILL_AREA_STYLE_COLOUR('',#11440);
#11560 = OVER_RIDING_STYLED_ITEM('overriding color',(#11561),#6942,
  #10603);
#11561 = PRESENTATION_STYLE_ASSIGNMENT((#11562));
#11562 = SURFACE_STYLE_USAGE(.BOTH.,#11563);
#11563 = SURFACE_SIDE_STYLE('',(#11564));
#11564 = SURFACE_STYLE_FILL_AREA(#11565);
#11565 = FILL_AREA_STYLE('',(#11566));
#11566 = FILL_AREA_STYLE_COLOUR('',#11440);
#11567 = OVER_RIDING_STYLED_ITEM('overriding color',(#11568),#7009,
  #10603);
#11568 = PRESENTATION_STYLE_ASSIGNMENT((#11569));
#11569 = SURFACE_STYLE_USAGE(.BOTH.,#11570);
#11570 = SURFACE_SIDE_STYLE('',(#11571));
#11571 = SURFACE_STYLE_FILL_AREA(#11572);
#11572 = FILL_AREA_STYLE('',(#11573));
#11573 = FILL_AREA_STYLE_COLOUR('',#11241);
#11574 = OVER_RIDING_STYLED_ITEM('overriding color',(#11575),#7021,
  #10603);
#11575 = PRESENTATION_STYLE_ASSIGNMENT((#11576));
#11576 = SURFACE_STYLE_USAGE(.BOTH.,#11577);
#11577 = SURFACE_SIDE_STYLE('',(#11578));
#11578 = SURFACE_STYLE_FILL_AREA(#11579);
#11579 = FILL_AREA_STYLE('',(#11580));
#11580 = FILL_AREA_STYLE_COLOUR('',#11440);
#11581 = OVER_RIDING_STYLED_ITEM('overriding color',(#11582),#7052,
  #10603);
#11582 = PRESENTATION_STYLE_ASSIGNMENT((#11583));
#11583 = SURFACE_STYLE_USAGE(.BOTH.,#11584);
#11584 = SURFACE_SIDE_STYLE('',(#11585));
#11585 = SURFACE_STYLE_FILL_AREA(#11586);
#11586 = FILL_AREA_STYLE('',(#11587));
#11587 = FILL_AREA_STYLE_COLOUR('',#11440);
#11588 = OVER_RIDING_STYLED_ITEM('overriding color',(#11589),#7076,
  #10603);
#11589 = PRESENTATION_STYLE_ASSIGNMENT((#11590));
#11590 = SURFACE_STYLE_USAGE(.BOTH.,#11591);
#11591 = SURFACE_SIDE_STYLE('',(#11592));
#11592 = SURFACE_STYLE_FILL_AREA(#11593);
#11593 = FILL_AREA_STYLE('',(#11594));
#11594 = FILL_AREA_STYLE_COLOUR('',#11440);
#11595 = OVER_RIDING_STYLED_ITEM('overriding color',(#11596),#7100,
  #10603);
#11596 = PRESENTATION_STYLE_ASSIGNMENT((#11597));
#11597 = SURFACE_STYLE_USAGE(.BOTH.,#11598);
#11598 = SURFACE_SIDE_STYLE('',(#11599));
#11599 = SURFACE_STYLE_FILL_AREA(#11600);
#11600 = FILL_AREA_STYLE('',(#11601));
#11601 = FILL_AREA_STYLE_COLOUR('',#11440);
#11602 = OVER_RIDING_STYLED_ITEM('overriding color',(#11603),#7124,
  #10603);
#11603 = PRESENTATION_STYLE_ASSIGNMENT((#11604));
#11604 = SURFACE_STYLE_USAGE(.BOTH.,#11605);
#11605 = SURFACE_SIDE_STYLE('',(#11606));
#11606 = SURFACE_STYLE_FILL_AREA(#11607);
#11607 = FILL_AREA_STYLE('',(#11608));
#11608 = FILL_AREA_STYLE_COLOUR('',#11440);
#11609 = OVER_RIDING_STYLED_ITEM('overriding color',(#11610),#7148,
  #10603);
#11610 = PRESENTATION_STYLE_ASSIGNMENT((#11611));
#11611 = SURFACE_STYLE_USAGE(.BOTH.,#11612);
#11612 = SURFACE_SIDE_STYLE('',(#11613));
#11613 = SURFACE_STYLE_FILL_AREA(#11614);
#11614 = FILL_AREA_STYLE('',(#11615));
#11615 = FILL_AREA_STYLE_COLOUR('',#11440);
#11616 = OVER_RIDING_STYLED_ITEM('overriding color',(#11617),#7198,
  #10603);
#11617 = PRESENTATION_STYLE_ASSIGNMENT((#11618));
#11618 = SURFACE_STYLE_USAGE(.BOTH.,#11619);
#11619 = SURFACE_SIDE_STYLE('',(#11620));
#11620 = SURFACE_STYLE_FILL_AREA(#11621);
#11621 = FILL_AREA_STYLE('',(#11622));
#11622 = FILL_AREA_STYLE_COLOUR('',#11440);
#11623 = OVER_RIDING_STYLED_ITEM('overriding color',(#11624),#7248,
  #10603);
#11624 = PRESENTATION_STYLE_ASSIGNMENT((#11625));
#11625 = SURFACE_STYLE_USAGE(.BOTH.,#11626);
#11626 = SURFACE_SIDE_STYLE('',(#11627));
#11627 = SURFACE_STYLE_FILL_AREA(#11628);
#11628 = FILL_AREA_STYLE('',(#11629));
#11629 = FILL_AREA_STYLE_COLOUR('',#11440);
#11630 = OVER_RIDING_STYLED_ITEM('overriding color',(#11631),#7322,
  #10603);
#11631 = PRESENTATION_STYLE_ASSIGNMENT((#11632));
#11632 = SURFACE_STYLE_USAGE(.BOTH.,#11633);
#11633 = SURFACE_SIDE_STYLE('',(#11634));
#11634 = SURFACE_STYLE_FILL_AREA(#11635);
#11635 = FILL_AREA_STYLE('',(#11636));
#11636 = FILL_AREA_STYLE_COLOUR('',#11440);
#11637 = OVER_RIDING_STYLED_ITEM('overriding color',(#11638),#7396,
  #10603);
#11638 = PRESENTATION_STYLE_ASSIGNMENT((#11639));
#11639 = SURFACE_STYLE_USAGE(.BOTH.,#11640);
#11640 = SURFACE_SIDE_STYLE('',(#11641));
#11641 = SURFACE_STYLE_FILL_AREA(#11642);
#11642 = FILL_AREA_STYLE('',(#11643));
#11643 = FILL_AREA_STYLE_COLOUR('',#11440);
#11644 = OVER_RIDING_STYLED_ITEM('overriding color',(#11645),#7446,
  #10603);
#11645 = PRESENTATION_STYLE_ASSIGNMENT((#11646));
#11646 = SURFACE_STYLE_USAGE(.BOTH.,#11647);
#11647 = SURFACE_SIDE_STYLE('',(#11648));
#11648 = SURFACE_STYLE_FILL_AREA(#11649);
#11649 = FILL_AREA_STYLE('',(#11650));
#11650 = FILL_AREA_STYLE_COLOUR('',#11440);
#11651 = OVER_RIDING_STYLED_ITEM('overriding color',(#11652),#7470,
  #10603);
#11652 = PRESENTATION_STYLE_ASSIGNMENT((#11653));
#11653 = SURFACE_STYLE_USAGE(.BOTH.,#11654);
#11654 = SURFACE_SIDE_STYLE('',(#11655));
#11655 = SURFACE_STYLE_FILL_AREA(#11656);
#11656 = FILL_AREA_STYLE('',(#11657));
#11657 = FILL_AREA_STYLE_COLOUR('',#11440);
#11658 = OVER_RIDING_STYLED_ITEM('overriding color',(#11659),#7520,
  #10603);
#11659 = PRESENTATION_STYLE_ASSIGNMENT((#11660));
#11660 = SURFACE_STYLE_USAGE(.BOTH.,#11661);
#11661 = SURFACE_SIDE_STYLE('',(#11662));
#11662 = SURFACE_STYLE_FILL_AREA(#11663);
#11663 = FILL_AREA_STYLE('',(#11664));
#11664 = FILL_AREA_STYLE_COLOUR('',#11440);
#11665 = OVER_RIDING_STYLED_ITEM('overriding color',(#11666),#7544,
  #10603);
#11666 = PRESENTATION_STYLE_ASSIGNMENT((#11667));
#11667 = SURFACE_STYLE_USAGE(.BOTH.,#11668);
#11668 = SURFACE_SIDE_STYLE('',(#11669));
#11669 = SURFACE_STYLE_FILL_AREA(#11670);
#11670 = FILL_AREA_STYLE('',(#11671));
#11671 = FILL_AREA_STYLE_COLOUR('',#11440);
#11672 = OVER_RIDING_STYLED_ITEM('overriding color',(#11673),#7561,
  #10603);
#11673 = PRESENTATION_STYLE_ASSIGNMENT((#11674));
#11674 = SURFACE_STYLE_USAGE(.BOTH.,#11675);
#11675 = SURFACE_SIDE_STYLE('',(#11676));
#11676 = SURFACE_STYLE_FILL_AREA(#11677);
#11677 = FILL_AREA_STYLE('',(#11678));
#11678 = FILL_AREA_STYLE_COLOUR('',#11440);
#11679 = OVER_RIDING_STYLED_ITEM('overriding color',(#11680),#7583,
  #10603);
#11680 = PRESENTATION_STYLE_ASSIGNMENT((#11681));
#11681 = SURFACE_STYLE_USAGE(.BOTH.,#11682);
#11682 = SURFACE_SIDE_STYLE('',(#11683));
#11683 = SURFACE_STYLE_FILL_AREA(#11684);
#11684 = FILL_AREA_STYLE('',(#11685));
#11685 = FILL_AREA_STYLE_COLOUR('',#11440);
#11686 = OVER_RIDING_STYLED_ITEM('overriding color',(#11687),#7614,
  #10603);
#11687 = PRESENTATION_STYLE_ASSIGNMENT((#11688));
#11688 = SURFACE_STYLE_USAGE(.BOTH.,#11689);
#11689 = SURFACE_SIDE_STYLE('',(#11690));
#11690 = SURFACE_STYLE_FILL_AREA(#11691);
#11691 = FILL_AREA_STYLE('',(#11692));
#11692 = FILL_AREA_STYLE_COLOUR('',#11440);
#11693 = OVER_RIDING_STYLED_ITEM('overriding color',(#11694),#7638,
  #10603);
#11694 = PRESENTATION_STYLE_ASSIGNMENT((#11695));
#11695 = SURFACE_STYLE_USAGE(.BOTH.,#11696);
#11696 = SURFACE_SIDE_STYLE('',(#11697));
#11697 = SURFACE_STYLE_FILL_AREA(#11698);
#11698 = FILL_AREA_STYLE('',(#11699));
#11699 = FILL_AREA_STYLE_COLOUR('',#11440);
#11700 = OVER_RIDING_STYLED_ITEM('overriding color',(#11701),#7662,
  #10603);
#11701 = PRESENTATION_STYLE_ASSIGNMENT((#11702));
#11702 = SURFACE_STYLE_USAGE(.BOTH.,#11703);
#11703 = SURFACE_SIDE_STYLE('',(#11704));
#11704 = SURFACE_STYLE_FILL_AREA(#11705);
#11705 = FILL_AREA_STYLE('',(#11706));
#11706 = FILL_AREA_STYLE_COLOUR('',#11440);
#11707 = OVER_RIDING_STYLED_ITEM('overriding color',(#11708),#7686,
  #10603);
#11708 = PRESENTATION_STYLE_ASSIGNMENT((#11709));
#11709 = SURFACE_STYLE_USAGE(.BOTH.,#11710);
#11710 = SURFACE_SIDE_STYLE('',(#11711));
#11711 = SURFACE_STYLE_FILL_AREA(#11712);
#11712 = FILL_AREA_STYLE('',(#11713));
#11713 = FILL_AREA_STYLE_COLOUR('',#11440);
#11714 = OVER_RIDING_STYLED_ITEM('overriding color',(#11715),#7710,
  #10603);
#11715 = PRESENTATION_STYLE_ASSIGNMENT((#11716));
#11716 = SURFACE_STYLE_USAGE(.BOTH.,#11717);
#11717 = SURFACE_SIDE_STYLE('',(#11718));
#11718 = SURFACE_STYLE_FILL_AREA(#11719);
#11719 = FILL_AREA_STYLE('',(#11720));
#11720 = FILL_AREA_STYLE_COLOUR('',#11440);
#11721 = OVER_RIDING_STYLED_ITEM('overriding color',(#11722),#7727,
  #10603);
#11722 = PRESENTATION_STYLE_ASSIGNMENT((#11723));
#11723 = SURFACE_STYLE_USAGE(.BOTH.,#11724);
#11724 = SURFACE_SIDE_STYLE('',(#11725));
#11725 = SURFACE_STYLE_FILL_AREA(#11726);
#11726 = FILL_AREA_STYLE('',(#11727));
#11727 = FILL_AREA_STYLE_COLOUR('',#11440);
#11728 = OVER_RIDING_STYLED_ITEM('overriding color',(#11729),#7741,
  #10603);
#11729 = PRESENTATION_STYLE_ASSIGNMENT((#11730));
#11730 = SURFACE_STYLE_USAGE(.BOTH.,#11731);
#11731 = SURFACE_SIDE_STYLE('',(#11732));
#11732 = SURFACE_STYLE_FILL_AREA(#11733);
#11733 = FILL_AREA_STYLE('',(#11734));
#11734 = FILL_AREA_STYLE_COLOUR('',#11440);
#11735 = OVER_RIDING_STYLED_ITEM('overriding color',(#11736),#7798,
  #10603);
#11736 = PRESENTATION_STYLE_ASSIGNMENT((#11737));
#11737 = SURFACE_STYLE_USAGE(.BOTH.,#11738);
#11738 = SURFACE_SIDE_STYLE('',(#11739));
#11739 = SURFACE_STYLE_FILL_AREA(#11740);
#11740 = FILL_AREA_STYLE('',(#11741));
#11741 = FILL_AREA_STYLE_COLOUR('',#11440);
#11742 = OVER_RIDING_STYLED_ITEM('overriding color',(#11743),#7848,
  #10603);
#11743 = PRESENTATION_STYLE_ASSIGNMENT((#11744));
#11744 = SURFACE_STYLE_USAGE(.BOTH.,#11745);
#11745 = SURFACE_SIDE_STYLE('',(#11746));
#11746 = SURFACE_STYLE_FILL_AREA(#11747);
#11747 = FILL_AREA_STYLE('',(#11748));
#11748 = FILL_AREA_STYLE_COLOUR('',#11440);
#11749 = OVER_RIDING_STYLED_ITEM('overriding color',(#11750),#7898,
  #10603);
#11750 = PRESENTATION_STYLE_ASSIGNMENT((#11751));
#11751 = SURFACE_STYLE_USAGE(.BOTH.,#11752);
#11752 = SURFACE_SIDE_STYLE('',(#11753));
#11753 = SURFACE_STYLE_FILL_AREA(#11754);
#11754 = FILL_AREA_STYLE('',(#11755));
#11755 = FILL_AREA_STYLE_COLOUR('',#11440);
#11756 = OVER_RIDING_STYLED_ITEM('overriding color',(#11757),#7972,
  #10603);
#11757 = PRESENTATION_STYLE_ASSIGNMENT((#11758));
#11758 = SURFACE_STYLE_USAGE(.BOTH.,#11759);
#11759 = SURFACE_SIDE_STYLE('',(#11760));
#11760 = SURFACE_STYLE_FILL_AREA(#11761);
#11761 = FILL_AREA_STYLE('',(#11762));
#11762 = FILL_AREA_STYLE_COLOUR('',#11440);
#11763 = OVER_RIDING_STYLED_ITEM('overriding color',(#11764),#8022,
  #10603);
#11764 = PRESENTATION_STYLE_ASSIGNMENT((#11765));
#11765 = SURFACE_STYLE_USAGE(.BOTH.,#11766);
#11766 = SURFACE_SIDE_STYLE('',(#11767));
#11767 = SURFACE_STYLE_FILL_AREA(#11768);
#11768 = FILL_AREA_STYLE('',(#11769));
#11769 = FILL_AREA_STYLE_COLOUR('',#11440);
#11770 = OVER_RIDING_STYLED_ITEM('overriding color',(#11771),#8089,
  #10603);
#11771 = PRESENTATION_STYLE_ASSIGNMENT((#11772));
#11772 = SURFACE_STYLE_USAGE(.BOTH.,#11773);
#11773 = SURFACE_SIDE_STYLE('',(#11774));
#11774 = SURFACE_STYLE_FILL_AREA(#11775);
#11775 = FILL_AREA_STYLE('',(#11776));
#11776 = FILL_AREA_STYLE_COLOUR('',#11440);
#11777 = OVER_RIDING_STYLED_ITEM('overriding color',(#11778),#8193,
  #10603);
#11778 = PRESENTATION_STYLE_ASSIGNMENT((#11779));
#11779 = SURFACE_STYLE_USAGE(.BOTH.,#11780);
#11780 = SURFACE_SIDE_STYLE('',(#11781));
#11781 = SURFACE_STYLE_FILL_AREA(#11782);
#11782 = FILL_AREA_STYLE('',(#11783));
#11783 = FILL_AREA_STYLE_COLOUR('',#11440);
#11784 = OVER_RIDING_STYLED_ITEM('overriding color',(#11785),#8274,
  #10603);
#11785 = PRESENTATION_STYLE_ASSIGNMENT((#11786));
#11786 = SURFACE_STYLE_USAGE(.BOTH.,#11787);
#11787 = SURFACE_SIDE_STYLE('',(#11788));
#11788 = SURFACE_STYLE_FILL_AREA(#11789);
#11789 = FILL_AREA_STYLE('',(#11790));
#11790 = FILL_AREA_STYLE_COLOUR('',#11440);
#11791 = OVER_RIDING_STYLED_ITEM('overriding color',(#11792),#8348,
  #10603);
#11792 = PRESENTATION_STYLE_ASSIGNMENT((#11793));
#11793 = SURFACE_STYLE_USAGE(.BOTH.,#11794);
#11794 = SURFACE_SIDE_STYLE('',(#11795));
#11795 = SURFACE_STYLE_FILL_AREA(#11796);
#11796 = FILL_AREA_STYLE('',(#11797));
#11797 = FILL_AREA_STYLE_COLOUR('',#11440);
#11798 = OVER_RIDING_STYLED_ITEM('overriding color',(#11799),#8410,
  #10603);
#11799 = PRESENTATION_STYLE_ASSIGNMENT((#11800));
#11800 = SURFACE_STYLE_USAGE(.BOTH.,#11801);
#11801 = SURFACE_SIDE_STYLE('',(#11802));
#11802 = SURFACE_STYLE_FILL_AREA(#11803);
#11803 = FILL_AREA_STYLE('',(#11804));
#11804 = FILL_AREA_STYLE_COLOUR('',#11440);
#11805 = OVER_RIDING_STYLED_ITEM('overriding color',(#11806),#8465,
  #10603);
#11806 = PRESENTATION_STYLE_ASSIGNMENT((#11807));
#11807 = SURFACE_STYLE_USAGE(.BOTH.,#11808);
#11808 = SURFACE_SIDE_STYLE('',(#11809));
#11809 = SURFACE_STYLE_FILL_AREA(#11810);
#11810 = FILL_AREA_STYLE('',(#11811));
#11811 = FILL_AREA_STYLE_COLOUR('',#11241);
#11812 = OVER_RIDING_STYLED_ITEM('overriding color',(#11813),#8477,
  #10603);
#11813 = PRESENTATION_STYLE_ASSIGNMENT((#11814));
#11814 = SURFACE_STYLE_USAGE(.BOTH.,#11815);
#11815 = SURFACE_SIDE_STYLE('',(#11816));
#11816 = SURFACE_STYLE_FILL_AREA(#11817);
#11817 = FILL_AREA_STYLE('',(#11818));
#11818 = FILL_AREA_STYLE_COLOUR('',#11440);
#11819 = OVER_RIDING_STYLED_ITEM('overriding color',(#11820),#8508,
  #10603);
#11820 = PRESENTATION_STYLE_ASSIGNMENT((#11821));
#11821 = SURFACE_STYLE_USAGE(.BOTH.,#11822);
#11822 = SURFACE_SIDE_STYLE('',(#11823));
#11823 = SURFACE_STYLE_FILL_AREA(#11824);
#11824 = FILL_AREA_STYLE('',(#11825));
#11825 = FILL_AREA_STYLE_COLOUR('',#11440);
#11826 = OVER_RIDING_STYLED_ITEM('overriding color',(#11827),#8532,
  #10603);
#11827 = PRESENTATION_STYLE_ASSIGNMENT((#11828));
#11828 = SURFACE_STYLE_USAGE(.BOTH.,#11829);
#11829 = SURFACE_SIDE_STYLE('',(#11830));
#11830 = SURFACE_STYLE_FILL_AREA(#11831);
#11831 = FILL_AREA_STYLE('',(#11832));
#11832 = FILL_AREA_STYLE_COLOUR('',#11440);
#11833 = OVER_RIDING_STYLED_ITEM('overriding color',(#11834),#8556,
  #10603);
#11834 = PRESENTATION_STYLE_ASSIGNMENT((#11835));
#11835 = SURFACE_STYLE_USAGE(.BOTH.,#11836);
#11836 = SURFACE_SIDE_STYLE('',(#11837));
#11837 = SURFACE_STYLE_FILL_AREA(#11838);
#11838 = FILL_AREA_STYLE('',(#11839));
#11839 = FILL_AREA_STYLE_COLOUR('',#11440);
#11840 = OVER_RIDING_STYLED_ITEM('overriding color',(#11841),#8580,
  #10603);
#11841 = PRESENTATION_STYLE_ASSIGNMENT((#11842));
#11842 = SURFACE_STYLE_USAGE(.BOTH.,#11843);
#11843 = SURFACE_SIDE_STYLE('',(#11844));
#11844 = SURFACE_STYLE_FILL_AREA(#11845);
#11845 = FILL_AREA_STYLE('',(#11846));
#11846 = FILL_AREA_STYLE_COLOUR('',#11440);
#11847 = OVER_RIDING_STYLED_ITEM('overriding color',(#11848),#8604,
  #10603);
#11848 = PRESENTATION_STYLE_ASSIGNMENT((#11849));
#11849 = SURFACE_STYLE_USAGE(.BOTH.,#11850);
#11850 = SURFACE_SIDE_STYLE('',(#11851));
#11851 = SURFACE_STYLE_FILL_AREA(#11852);
#11852 = FILL_AREA_STYLE('',(#11853));
#11853 = FILL_AREA_STYLE_COLOUR('',#11440);
#11854 = OVER_RIDING_STYLED_ITEM('overriding color',(#11855),#8628,
  #10603);
#11855 = PRESENTATION_STYLE_ASSIGNMENT((#11856));
#11856 = SURFACE_STYLE_USAGE(.BOTH.,#11857);
#11857 = SURFACE_SIDE_STYLE('',(#11858));
#11858 = SURFACE_STYLE_FILL_AREA(#11859);
#11859 = FILL_AREA_STYLE('',(#11860));
#11860 = FILL_AREA_STYLE_COLOUR('',#11440);
#11861 = OVER_RIDING_STYLED_ITEM('overriding color',(#11862),#8652,
  #10603);
#11862 = PRESENTATION_STYLE_ASSIGNMENT((#11863));
#11863 = SURFACE_STYLE_USAGE(.BOTH.,#11864);
#11864 = SURFACE_SIDE_STYLE('',(#11865));
#11865 = SURFACE_STYLE_FILL_AREA(#11866);
#11866 = FILL_AREA_STYLE('',(#11867));
#11867 = FILL_AREA_STYLE_COLOUR('',#11440);
#11868 = OVER_RIDING_STYLED_ITEM('overriding color',(#11869),#8676,
  #10603);
#11869 = PRESENTATION_STYLE_ASSIGNMENT((#11870));
#11870 = SURFACE_STYLE_USAGE(.BOTH.,#11871);
#11871 = SURFACE_SIDE_STYLE('',(#11872));
#11872 = SURFACE_STYLE_FILL_AREA(#11873);
#11873 = FILL_AREA_STYLE('',(#11874));
#11874 = FILL_AREA_STYLE_COLOUR('',#11440);
#11875 = OVER_RIDING_STYLED_ITEM('overriding color',(#11876),#8700,
  #10603);
#11876 = PRESENTATION_STYLE_ASSIGNMENT((#11877));
#11877 = SURFACE_STYLE_USAGE(.BOTH.,#11878);
#11878 = SURFACE_SIDE_STYLE('',(#11879));
#11879 = SURFACE_STYLE_FILL_AREA(#11880);
#11880 = FILL_AREA_STYLE('',(#11881));
#11881 = FILL_AREA_STYLE_COLOUR('',#11440);
#11882 = OVER_RIDING_STYLED_ITEM('overriding color',(#11883),#8724,
  #10603);
#11883 = PRESENTATION_STYLE_ASSIGNMENT((#11884));
#11884 = SURFACE_STYLE_USAGE(.BOTH.,#11885);
#11885 = SURFACE_SIDE_STYLE('',(#11886));
#11886 = SURFACE_STYLE_FILL_AREA(#11887);
#11887 = FILL_AREA_STYLE('',(#11888));
#11888 = FILL_AREA_STYLE_COLOUR('',#11440);
#11889 = OVER_RIDING_STYLED_ITEM('overriding color',(#11890),#8748,
  #10603);
#11890 = PRESENTATION_STYLE_ASSIGNMENT((#11891));
#11891 = SURFACE_STYLE_USAGE(.BOTH.,#11892);
#11892 = SURFACE_SIDE_STYLE('',(#11893));
#11893 = SURFACE_STYLE_FILL_AREA(#11894);
#11894 = FILL_AREA_STYLE('',(#11895));
#11895 = FILL_AREA_STYLE_COLOUR('',#11440);
#11896 = OVER_RIDING_STYLED_ITEM('overriding color',(#11897),#8765,
  #10603);
#11897 = PRESENTATION_STYLE_ASSIGNMENT((#11898));
#11898 = SURFACE_STYLE_USAGE(.BOTH.,#11899);
#11899 = SURFACE_SIDE_STYLE('',(#11900));
#11900 = SURFACE_STYLE_FILL_AREA(#11901);
#11901 = FILL_AREA_STYLE('',(#11902));
#11902 = FILL_AREA_STYLE_COLOUR('',#11440);
#11903 = OVER_RIDING_STYLED_ITEM('overriding color',(#11904),#8785,
  #10603);
#11904 = PRESENTATION_STYLE_ASSIGNMENT((#11905));
#11905 = SURFACE_STYLE_USAGE(.BOTH.,#11906);
#11906 = SURFACE_SIDE_STYLE('',(#11907));
#11907 = SURFACE_STYLE_FILL_AREA(#11908);
#11908 = FILL_AREA_STYLE('',(#11909));
#11909 = FILL_AREA_STYLE_COLOUR('',#11440);
#11910 = OVER_RIDING_STYLED_ITEM('overriding color',(#11911),#8854,
  #10603);
#11911 = PRESENTATION_STYLE_ASSIGNMENT((#11912));
#11912 = SURFACE_STYLE_USAGE(.BOTH.,#11913);
#11913 = SURFACE_SIDE_STYLE('',(#11914));
#11914 = SURFACE_STYLE_FILL_AREA(#11915);
#11915 = FILL_AREA_STYLE('',(#11916));
#11916 = FILL_AREA_STYLE_COLOUR('',#11440);
#11917 = OVER_RIDING_STYLED_ITEM('overriding color',(#11918),#8928,
  #10603);
#11918 = PRESENTATION_STYLE_ASSIGNMENT((#11919));
#11919 = SURFACE_STYLE_USAGE(.BOTH.,#11920);
#11920 = SURFACE_SIDE_STYLE('',(#11921));
#11921 = SURFACE_STYLE_FILL_AREA(#11922);
#11922 = FILL_AREA_STYLE('',(#11923));
#11923 = FILL_AREA_STYLE_COLOUR('',#11440);
#11924 = OVER_RIDING_STYLED_ITEM('overriding color',(#11925),#8952,
  #10603);
#11925 = PRESENTATION_STYLE_ASSIGNMENT((#11926));
#11926 = SURFACE_STYLE_USAGE(.BOTH.,#11927);
#11927 = SURFACE_SIDE_STYLE('',(#11928));
#11928 = SURFACE_STYLE_FILL_AREA(#11929);
#11929 = FILL_AREA_STYLE('',(#11930));
#11930 = FILL_AREA_STYLE_COLOUR('',#11440);
#11931 = OVER_RIDING_STYLED_ITEM('overriding color',(#11932),#8976,
  #10603);
#11932 = PRESENTATION_STYLE_ASSIGNMENT((#11933));
#11933 = SURFACE_STYLE_USAGE(.BOTH.,#11934);
#11934 = SURFACE_SIDE_STYLE('',(#11935));
#11935 = SURFACE_STYLE_FILL_AREA(#11936);
#11936 = FILL_AREA_STYLE('',(#11937));
#11937 = FILL_AREA_STYLE_COLOUR('',#11440);
#11938 = OVER_RIDING_STYLED_ITEM('overriding color',(#11939),#9038,
  #10603);
#11939 = PRESENTATION_STYLE_ASSIGNMENT((#11940));
#11940 = SURFACE_STYLE_USAGE(.BOTH.,#11941);
#11941 = SURFACE_SIDE_STYLE('',(#11942));
#11942 = SURFACE_STYLE_FILL_AREA(#11943);
#11943 = FILL_AREA_STYLE('',(#11944));
#11944 = FILL_AREA_STYLE_COLOUR('',#11440);
#11945 = OVER_RIDING_STYLED_ITEM('overriding color',(#11946),#9088,
  #10603);
#11946 = PRESENTATION_STYLE_ASSIGNMENT((#11947));
#11947 = SURFACE_STYLE_USAGE(.BOTH.,#11948);
#11948 = SURFACE_SIDE_STYLE('',(#11949));
#11949 = SURFACE_STYLE_FILL_AREA(#11950);
#11950 = FILL_AREA_STYLE('',(#11951));
#11951 = FILL_AREA_STYLE_COLOUR('',#11440);
#11952 = OVER_RIDING_STYLED_ITEM('overriding color',(#11953),#9162,
  #10603);
#11953 = PRESENTATION_STYLE_ASSIGNMENT((#11954));
#11954 = SURFACE_STYLE_USAGE(.BOTH.,#11955);
#11955 = SURFACE_SIDE_STYLE('',(#11956));
#11956 = SURFACE_STYLE_FILL_AREA(#11957);
#11957 = FILL_AREA_STYLE('',(#11958));
#11958 = FILL_AREA_STYLE_COLOUR('',#11440);
#11959 = OVER_RIDING_STYLED_ITEM('overriding color',(#11960),#9212,
  #10603);
#11960 = PRESENTATION_STYLE_ASSIGNMENT((#11961));
#11961 = SURFACE_STYLE_USAGE(.BOTH.,#11962);
#11962 = SURFACE_SIDE_STYLE('',(#11963));
#11963 = SURFACE_STYLE_FILL_AREA(#11964);
#11964 = FILL_AREA_STYLE('',(#11965));
#11965 = FILL_AREA_STYLE_COLOUR('',#11440);
#11966 = OVER_RIDING_STYLED_ITEM('overriding color',(#11967),#9262,
  #10603);
#11967 = PRESENTATION_STYLE_ASSIGNMENT((#11968));
#11968 = SURFACE_STYLE_USAGE(.BOTH.,#11969);
#11969 = SURFACE_SIDE_STYLE('',(#11970));
#11970 = SURFACE_STYLE_FILL_AREA(#11971);
#11971 = FILL_AREA_STYLE('',(#11972));
#11972 = FILL_AREA_STYLE_COLOUR('',#11440);
#11973 = OVER_RIDING_STYLED_ITEM('overriding color',(#11974),#9305,
  #10603);
#11974 = PRESENTATION_STYLE_ASSIGNMENT((#11975));
#11975 = SURFACE_STYLE_USAGE(.BOTH.,#11976);
#11976 = SURFACE_SIDE_STYLE('',(#11977));
#11977 = SURFACE_STYLE_FILL_AREA(#11978);
#11978 = FILL_AREA_STYLE('',(#11979));
#11979 = FILL_AREA_STYLE_COLOUR('',#11440);
#11980 = OVER_RIDING_STYLED_ITEM('overriding color',(#11981),#9385,
  #10603);
#11981 = PRESENTATION_STYLE_ASSIGNMENT((#11982));
#11982 = SURFACE_STYLE_USAGE(.BOTH.,#11983);
#11983 = SURFACE_SIDE_STYLE('',(#11984));
#11984 = SURFACE_STYLE_FILL_AREA(#11985);
#11985 = FILL_AREA_STYLE('',(#11986));
#11986 = FILL_AREA_STYLE_COLOUR('',#11440);
#11987 = OVER_RIDING_STYLED_ITEM('overriding color',(#11988),#9416,
  #10603);
#11988 = PRESENTATION_STYLE_ASSIGNMENT((#11989));
#11989 = SURFACE_STYLE_USAGE(.BOTH.,#11990);
#11990 = SURFACE_SIDE_STYLE('',(#11991));
#11991 = SURFACE_STYLE_FILL_AREA(#11992);
#11992 = FILL_AREA_STYLE('',(#11993));
#11993 = FILL_AREA_STYLE_COLOUR('',#11440);
#11994 = OVER_RIDING_STYLED_ITEM('overriding color',(#11995),#9466,
  #10603);
#11995 = PRESENTATION_STYLE_ASSIGNMENT((#11996));
#11996 = SURFACE_STYLE_USAGE(.BOTH.,#11997);
#11997 = SURFACE_SIDE_STYLE('',(#11998));
#11998 = SURFACE_STYLE_FILL_AREA(#11999);
#11999 = FILL_AREA_STYLE('',(#12000));
#12000 = FILL_AREA_STYLE_COLOUR('',#11440);
#12001 = OVER_RIDING_STYLED_ITEM('overriding color',(#12002),#9516,
  #10603);
#12002 = PRESENTATION_STYLE_ASSIGNMENT((#12003));
#12003 = SURFACE_STYLE_USAGE(.BOTH.,#12004);
#12004 = SURFACE_SIDE_STYLE('',(#12005));
#12005 = SURFACE_STYLE_FILL_AREA(#12006);
#12006 = FILL_AREA_STYLE('',(#12007));
#12007 = FILL_AREA_STYLE_COLOUR('',#11440);
#12008 = OVER_RIDING_STYLED_ITEM('overriding color',(#12009),#9571,
  #10603);
#12009 = PRESENTATION_STYLE_ASSIGNMENT((#12010));
#12010 = SURFACE_STYLE_USAGE(.BOTH.,#12011);
#12011 = SURFACE_SIDE_STYLE('',(#12012));
#12012 = SURFACE_STYLE_FILL_AREA(#12013);
#12013 = FILL_AREA_STYLE('',(#12014));
#12014 = FILL_AREA_STYLE_COLOUR('',#11241);
#12015 = OVER_RIDING_STYLED_ITEM('overriding color',(#12016),#9583,
  #10603);
#12016 = PRESENTATION_STYLE_ASSIGNMENT((#12017));
#12017 = SURFACE_STYLE_USAGE(.BOTH.,#12018);
#12018 = SURFACE_SIDE_STYLE('',(#12019));
#12019 = SURFACE_STYLE_FILL_AREA(#12020);
#12020 = FILL_AREA_STYLE('',(#12021));
#12021 = FILL_AREA_STYLE_COLOUR('',#11440);
#12022 = OVER_RIDING_STYLED_ITEM('overriding color',(#12023),#9652,
  #10603);
#12023 = PRESENTATION_STYLE_ASSIGNMENT((#12024));
#12024 = SURFACE_STYLE_USAGE(.BOTH.,#12025);
#12025 = SURFACE_SIDE_STYLE('',(#12026));
#12026 = SURFACE_STYLE_FILL_AREA(#12027);
#12027 = FILL_AREA_STYLE('',(#12028));
#12028 = FILL_AREA_STYLE_COLOUR('',#11440);
#12029 = OVER_RIDING_STYLED_ITEM('overriding color',(#12030),#9750,
  #10603);
#12030 = PRESENTATION_STYLE_ASSIGNMENT((#12031));
#12031 = SURFACE_STYLE_USAGE(.BOTH.,#12032);
#12032 = SURFACE_SIDE_STYLE('',(#12033));
#12033 = SURFACE_STYLE_FILL_AREA(#12034);
#12034 = FILL_AREA_STYLE('',(#12035));
#12035 = FILL_AREA_STYLE_COLOUR('',#11440);
#12036 = OVER_RIDING_STYLED_ITEM('overriding color',(#12037),#9774,
  #10603);
#12037 = PRESENTATION_STYLE_ASSIGNMENT((#12038));
#12038 = SURFACE_STYLE_USAGE(.BOTH.,#12039);
#12039 = SURFACE_SIDE_STYLE('',(#12040));
#12040 = SURFACE_STYLE_FILL_AREA(#12041);
#12041 = FILL_AREA_STYLE('',(#12042));
#12042 = FILL_AREA_STYLE_COLOUR('',#11440);
#12043 = OVER_RIDING_STYLED_ITEM('overriding color',(#12044),#9848,
  #10603);
#12044 = PRESENTATION_STYLE_ASSIGNMENT((#12045));
#12045 = SURFACE_STYLE_USAGE(.BOTH.,#12046);
#12046 = SURFACE_SIDE_STYLE('',(#12047));
#12047 = SURFACE_STYLE_FILL_AREA(#12048);
#12048 = FILL_AREA_STYLE('',(#12049));
#12049 = FILL_AREA_STYLE_COLOUR('',#11440);
#12050 = OVER_RIDING_STYLED_ITEM('overriding color',(#12051),#9898,
  #10603);
#12051 = PRESENTATION_STYLE_ASSIGNMENT((#12052));
#12052 = SURFACE_STYLE_USAGE(.BOTH.,#12053);
#12053 = SURFACE_SIDE_STYLE('',(#12054));
#12054 = SURFACE_STYLE_FILL_AREA(#12055);
#12055 = FILL_AREA_STYLE('',(#12056));
#12056 = FILL_AREA_STYLE_COLOUR('',#11440);
#12057 = OVER_RIDING_STYLED_ITEM('overriding color',(#12058),#9972,
  #10603);
#12058 = PRESENTATION_STYLE_ASSIGNMENT((#12059));
#12059 = SURFACE_STYLE_USAGE(.BOTH.,#12060);
#12060 = SURFACE_SIDE_STYLE('',(#12061));
#12061 = SURFACE_STYLE_FILL_AREA(#12062);
#12062 = FILL_AREA_STYLE('',(#12063));
#12063 = FILL_AREA_STYLE_COLOUR('',#11440);
#12064 = OVER_RIDING_STYLED_ITEM('overriding color',(#12065),#10046,
  #10603);
#12065 = PRESENTATION_STYLE_ASSIGNMENT((#12066));
#12066 = SURFACE_STYLE_USAGE(.BOTH.,#12067);
#12067 = SURFACE_SIDE_STYLE('',(#12068));
#12068 = SURFACE_STYLE_FILL_AREA(#12069);
#12069 = FILL_AREA_STYLE('',(#12070));
#12070 = FILL_AREA_STYLE_COLOUR('',#11440);
#12071 = OVER_RIDING_STYLED_ITEM('overriding color',(#12072),#10070,
  #10603);
#12072 = PRESENTATION_STYLE_ASSIGNMENT((#12073));
#12073 = SURFACE_STYLE_USAGE(.BOTH.,#12074);
#12074 = SURFACE_SIDE_STYLE('',(#12075));
#12075 = SURFACE_STYLE_FILL_AREA(#12076);
#12076 = FILL_AREA_STYLE('',(#12077));
#12077 = FILL_AREA_STYLE_COLOUR('',#11440);
#12078 = OVER_RIDING_STYLED_ITEM('overriding color',(#12079),#10132,
  #10603);
#12079 = PRESENTATION_STYLE_ASSIGNMENT((#12080));
#12080 = SURFACE_STYLE_USAGE(.BOTH.,#12081);
#12081 = SURFACE_SIDE_STYLE('',(#12082));
#12082 = SURFACE_STYLE_FILL_AREA(#12083);
#12083 = FILL_AREA_STYLE('',(#12084));
#12084 = FILL_AREA_STYLE_COLOUR('',#11440);
#12085 = OVER_RIDING_STYLED_ITEM('overriding color',(#12086),#10175,
  #10603);
#12086 = PRESENTATION_STYLE_ASSIGNMENT((#12087));
#12087 = SURFACE_STYLE_USAGE(.BOTH.,#12088);
#12088 = SURFACE_SIDE_STYLE('',(#12089));
#12089 = SURFACE_STYLE_FILL_AREA(#12090);
#12090 = FILL_AREA_STYLE('',(#12091));
#12091 = FILL_AREA_STYLE_COLOUR('',#11440);
#12092 = OVER_RIDING_STYLED_ITEM('overriding color',(#12093),#10193,
  #10603);
#12093 = PRESENTATION_STYLE_ASSIGNMENT((#12094));
#12094 = SURFACE_STYLE_USAGE(.BOTH.,#12095);
#12095 = SURFACE_SIDE_STYLE('',(#12096));
#12096 = SURFACE_STYLE_FILL_AREA(#12097);
#12097 = FILL_AREA_STYLE('',(#12098));
#12098 = FILL_AREA_STYLE_COLOUR('',#11440);
#12099 = OVER_RIDING_STYLED_ITEM('overriding color',(#12100),#10224,
  #10603);
#12100 = PRESENTATION_STYLE_ASSIGNMENT((#12101));
#12101 = SURFACE_STYLE_USAGE(.BOTH.,#12102);
#12102 = SURFACE_SIDE_STYLE('',(#12103));
#12103 = SURFACE_STYLE_FILL_AREA(#12104);
#12104 = FILL_AREA_STYLE('',(#12105));
#12105 = FILL_AREA_STYLE_COLOUR('',#11440);
#12106 = OVER_RIDING_STYLED_ITEM('overriding color',(#12107),#10248,
  #10603);
#12107 = PRESENTATION_STYLE_ASSIGNMENT((#12108));
#12108 = SURFACE_STYLE_USAGE(.BOTH.,#12109);
#12109 = SURFACE_SIDE_STYLE('',(#12110));
#12110 = SURFACE_STYLE_FILL_AREA(#12111);
#12111 = FILL_AREA_STYLE('',(#12112));
#12112 = FILL_AREA_STYLE_COLOUR('',#11440);
#12113 = OVER_RIDING_STYLED_ITEM('overriding color',(#12114),#10272,
  #10603);
#12114 = PRESENTATION_STYLE_ASSIGNMENT((#12115));
#12115 = SURFACE_STYLE_USAGE(.BOTH.,#12116);
#12116 = SURFACE_SIDE_STYLE('',(#12117));
#12117 = SURFACE_STYLE_FILL_AREA(#12118);
#12118 = FILL_AREA_STYLE('',(#12119));
#12119 = FILL_AREA_STYLE_COLOUR('',#11440);
#12120 = OVER_RIDING_STYLED_ITEM('overriding color',(#12121),#10289,
  #10603);
#12121 = PRESENTATION_STYLE_ASSIGNMENT((#12122));
#12122 = SURFACE_STYLE_USAGE(.BOTH.,#12123);
#12123 = SURFACE_SIDE_STYLE('',(#12124));
#12124 = SURFACE_STYLE_FILL_AREA(#12125);
#12125 = FILL_AREA_STYLE('',(#12126));
#12126 = FILL_AREA_STYLE_COLOUR('',#11440);
#12127 = OVER_RIDING_STYLED_ITEM('overriding color',(#12128),#10301,
  #10603);
#12128 = PRESENTATION_STYLE_ASSIGNMENT((#12129));
#12129 = SURFACE_STYLE_USAGE(.BOTH.,#12130);
#12130 = SURFACE_SIDE_STYLE('',(#12131));
#12131 = SURFACE_STYLE_FILL_AREA(#12132);
#12132 = FILL_AREA_STYLE('',(#12133));
#12133 = FILL_AREA_STYLE_COLOUR('',#11440);
#12134 = OVER_RIDING_STYLED_ITEM('overriding color',(#12135),#10358,
  #10603);
#12135 = PRESENTATION_STYLE_ASSIGNMENT((#12136));
#12136 = SURFACE_STYLE_USAGE(.BOTH.,#12137);
#12137 = SURFACE_SIDE_STYLE('',(#12138));
#12138 = SURFACE_STYLE_FILL_AREA(#12139);
#12139 = FILL_AREA_STYLE('',(#12140));
#12140 = FILL_AREA_STYLE_COLOUR('',#11440);
#12141 = OVER_RIDING_STYLED_ITEM('overriding color',(#12142),#10408,
  #10603);
#12142 = PRESENTATION_STYLE_ASSIGNMENT((#12143));
#12143 = SURFACE_STYLE_USAGE(.BOTH.,#12144);
#12144 = SURFACE_SIDE_STYLE('',(#12145));
#12145 = SURFACE_STYLE_FILL_AREA(#12146);
#12146 = FILL_AREA_STYLE('',(#12147));
#12147 = FILL_AREA_STYLE_COLOUR('',#11440);
#12148 = OVER_RIDING_STYLED_ITEM('overriding color',(#12149),#10458,
  #10603);
#12149 = PRESENTATION_STYLE_ASSIGNMENT((#12150));
#12150 = SURFACE_STYLE_USAGE(.BOTH.,#12151);
#12151 = SURFACE_SIDE_STYLE('',(#12152));
#12152 = SURFACE_STYLE_FILL_AREA(#12153);
#12153 = FILL_AREA_STYLE('',(#12154));
#12154 = FILL_AREA_STYLE_COLOUR('',#11440);
#12155 = OVER_RIDING_STYLED_ITEM('overriding color',(#12156),#10501,
  #10603);
#12156 = PRESENTATION_STYLE_ASSIGNMENT((#12157));
#12157 = SURFACE_STYLE_USAGE(.BOTH.,#12158);
#12158 = SURFACE_SIDE_STYLE('',(#12159));
#12159 = SURFACE_STYLE_FILL_AREA(#12160);
#12160 = FILL_AREA_STYLE('',(#12161));
#12161 = FILL_AREA_STYLE_COLOUR('',#11440);
#12162 = OVER_RIDING_STYLED_ITEM('overriding color',(#12163),#10582,
  #10603);
#12163 = PRESENTATION_STYLE_ASSIGNMENT((#12164));
#12164 = SURFACE_STYLE_USAGE(.BOTH.,#12165);
#12165 = SURFACE_SIDE_STYLE('',(#12166));
#12166 = SURFACE_STYLE_FILL_AREA(#12167);
#12167 = FILL_AREA_STYLE('',(#12168));
#12168 = FILL_AREA_STYLE_COLOUR('',#10629);
ENDSEC;
END-ISO-10303-21;
