ISO-10303-21;
HEADER;
FILE_DESCRIPTION(('FreeCAD Model'),'2;1');
FILE_NAME('Open CASCADE Shape Model','2026-08-27T17:49:28',(''),(''),
  'Open CASCADE STEP processor 7.8','FreeCAD','Unknown');
FILE_SCHEMA(('AUTOMOTIVE_DESIGN { 1 0 10303 214 1 1 1 1 }'));
ENDSEC;
DATA;
#1 = APPLICATION_PROTOCOL_DEFINITION('international standard',
  'automotive_design',2000,#2);
#2 = APPLICATION_CONTEXT(
  'core data for automotive mechanical design processes');
#3 = SHAPE_DEFINITION_REPRESENTATION(#4,#10);
#4 = PRODUCT_DEFINITION_SHAPE('','',#5);
#5 = PRODUCT_DEFINITION('design','',#6,#9);
#6 = PRODUCT_DEFINITION_FORMATION('','',#7);
#7 = PRODUCT('Body','Body','',(#8));
#8 = PRODUCT_CONTEXT('',#2,'mechanical');
#9 = PRODUCT_DEFINITION_CONTEXT('part definition',#2,'design');
#10 = ADVANCED_BREP_SHAPE_REPRESENTATION('',(#11,#15),#2561);
#11 = AXIS2_PLACEMENT_3D('',#12,#13,#14);
#12 = CARTESIAN_POINT('',(0.,0.,0.));
#13 = DIRECTION('',(0.,0.,1.));
#14 = DIRECTION('',(1.,0.,-0.));
#15 = MANIFOLD_SOLID_BREP('',#16);
#16 = CLOSED_SHELL('',(#17,#122,#427,#452,#477,#774,#1053,#1078,#1102,
    #1374,#1399,#1424,#1449,#1471,#1488,#1552,#1616,#1633,#1650,#1667,
    #1684,#1701,#1718,#1735,#1752,#1769,#1786,#1803,#1820,#1837,#1854,
    #1889,#1906,#1918,#1935,#1947,#1964,#1981,#1998,#2015,#2032,#2049,
    #2066,#2083,#2100,#2117,#2134,#2151,#2168,#2185,#2202,#2219,#2236,
    #2253,#2270,#2287,#2299,#2316,#2333,#2350,#2362,#2379,#2396,#2413,
    #2430,#2447,#2464,#2481,#2498,#2510,#2527,#2544));
#17 = ADVANCED_FACE('',(#18,#84,#95,#106),#117,.T.);
#18 = FACE_BOUND('',#19,.T.);
#19 = EDGE_LOOP('',(#20,#30,#38,#46,#54,#62,#70,#78));
#20 = ORIENTED_EDGE('',*,*,#21,.T.);
#21 = EDGE_CURVE('',#22,#24,#26,.T.);
#22 = VERTEX_POINT('',#23);
#23 = CARTESIAN_POINT('',(-18.8,-28.724,-21.5));
#24 = VERTEX_POINT('',#25);
#25 = CARTESIAN_POINT('',(-24.8,-28.724,-21.5));
#26 = LINE('',#27,#28);
#27 = CARTESIAN_POINT('',(-16.8,-28.724,-21.5));
#28 = VECTOR('',#29,1.);
#29 = DIRECTION('',(-1.,-6.123233995737E-16,0.));
#30 = ORIENTED_EDGE('',*,*,#31,.F.);
#31 = EDGE_CURVE('',#32,#24,#34,.T.);
#32 = VERTEX_POINT('',#33);
#33 = CARTESIAN_POINT('',(-24.8,-28.724,19.5));
#34 = LINE('',#35,#36);
#35 = CARTESIAN_POINT('',(-24.8,-28.724,19.5));
#36 = VECTOR('',#37,1.);
#37 = DIRECTION('',(0.,0.,-1.));
#38 = ORIENTED_EDGE('',*,*,#39,.F.);
#39 = EDGE_CURVE('',#40,#32,#42,.T.);
#40 = VERTEX_POINT('',#41);
#41 = CARTESIAN_POINT('',(-18.8,-28.724,19.5));
#42 = LINE('',#43,#44);
#43 = CARTESIAN_POINT('',(-16.8,-28.724,19.5));
#44 = VECTOR('',#45,1.);
#45 = DIRECTION('',(-1.,-2.449293598295E-16,0.));
#46 = ORIENTED_EDGE('',*,*,#47,.T.);
#47 = EDGE_CURVE('',#40,#48,#50,.T.);
#48 = VERTEX_POINT('',#49);
#49 = CARTESIAN_POINT('',(-18.8,-28.724,14.5));
#50 = LINE('',#51,#52);
#51 = CARTESIAN_POINT('',(-18.8,-28.724,19.5));
#52 = VECTOR('',#53,1.);
#53 = DIRECTION('',(0.,0.,-1.));
#54 = ORIENTED_EDGE('',*,*,#55,.T.);
#55 = EDGE_CURVE('',#48,#56,#58,.T.);
#56 = VERTEX_POINT('',#57);
#57 = CARTESIAN_POINT('',(-19.,-28.724,14.5));
#58 = LINE('',#59,#60);
#59 = CARTESIAN_POINT('',(-16.8,-28.724,14.5));
#60 = VECTOR('',#61,1.);
#61 = DIRECTION('',(-1.,-2.449293598295E-16,0.));
#62 = ORIENTED_EDGE('',*,*,#63,.T.);
#63 = EDGE_CURVE('',#56,#64,#66,.T.);
#64 = VERTEX_POINT('',#65);
#65 = CARTESIAN_POINT('',(-19.,-28.724,-16.5));
#66 = LINE('',#67,#68);
#67 = CARTESIAN_POINT('',(-19.,-28.724,14.5));
#68 = VECTOR('',#69,1.);
#69 = DIRECTION('',(5.438524293788E-32,-2.22044604925E-16,-1.));
#70 = ORIENTED_EDGE('',*,*,#71,.F.);
#71 = EDGE_CURVE('',#72,#64,#74,.T.);
#72 = VERTEX_POINT('',#73);
#73 = CARTESIAN_POINT('',(-18.8,-28.724,-16.5));
#74 = LINE('',#75,#76);
#75 = CARTESIAN_POINT('',(-16.8,-28.724,-16.5));
#76 = VECTOR('',#77,1.);
#77 = DIRECTION('',(-1.,-6.123233995737E-16,0.));
#78 = ORIENTED_EDGE('',*,*,#79,.T.);
#79 = EDGE_CURVE('',#72,#22,#80,.T.);
#80 = LINE('',#81,#82);
#81 = CARTESIAN_POINT('',(-18.8,-28.724,-16.5));
#82 = VECTOR('',#83,1.);
#83 = DIRECTION('',(0.,0.,-1.));
#84 = FACE_BOUND('',#85,.T.);
#85 = EDGE_LOOP('',(#86));
#86 = ORIENTED_EDGE('',*,*,#87,.F.);
#87 = EDGE_CURVE('',#88,#88,#90,.T.);
#88 = VERTEX_POINT('',#89);
#89 = CARTESIAN_POINT('',(-21.05,-28.724,17.));
#90 = CIRCLE('',#91,1.45);
#91 = AXIS2_PLACEMENT_3D('',#92,#93,#94);
#92 = CARTESIAN_POINT('',(-22.5,-28.724,17.));
#93 = DIRECTION('',(-2.449293598295E-16,1.,-2.22044604925E-16));
#94 = DIRECTION('',(1.,2.449293598295E-16,0.));
#95 = FACE_BOUND('',#96,.T.);
#96 = EDGE_LOOP('',(#97));
#97 = ORIENTED_EDGE('',*,*,#98,.F.);
#98 = EDGE_CURVE('',#99,#99,#101,.T.);
#99 = VERTEX_POINT('',#100);
#100 = CARTESIAN_POINT('',(-21.05,-28.724,-19.));
#101 = CIRCLE('',#102,1.45);
#102 = AXIS2_PLACEMENT_3D('',#103,#104,#105);
#103 = CARTESIAN_POINT('',(-22.5,-28.724,-19.));
#104 = DIRECTION('',(-4.898587196589E-16,1.,-2.22044604925E-16));
#105 = DIRECTION('',(1.,4.898587196589E-16,0.));
#106 = FACE_BOUND('',#107,.T.);
#107 = EDGE_LOOP('',(#108));
#108 = ORIENTED_EDGE('',*,*,#109,.F.);
#109 = EDGE_CURVE('',#110,#110,#112,.T.);
#110 = VERTEX_POINT('',#111);
#111 = CARTESIAN_POINT('',(-21.05,-28.724,-1.5));
#112 = CIRCLE('',#113,1.45);
#113 = AXIS2_PLACEMENT_3D('',#114,#115,#116);
#114 = CARTESIAN_POINT('',(-22.5,-28.724,-1.5));
#115 = DIRECTION('',(-1.224646799147E-16,1.,-2.22044604925E-16));
#116 = DIRECTION('',(1.,1.224646799147E-16,0.));
#117 = PLANE('',#118);
#118 = AXIS2_PLACEMENT_3D('',#119,#120,#121);
#119 = CARTESIAN_POINT('',(-22.27969924812,-28.724,-1.));
#120 = DIRECTION('',(-1.224646799147E-16,1.,-2.226183154143E-16));
#121 = DIRECTION('',(2.726288074037E-32,-2.226183154143E-16,-1.));
#122 = ADVANCED_FACE('',(#123,#334,#345,#356,#367,#378,#389,#400,#411),
  #422,.F.);
#123 = FACE_BOUND('',#124,.F.);
#124 = EDGE_LOOP('',(#125,#135,#144,#152,#161,#169,#178,#186,#195,#203,
    #212,#220,#229,#237,#244,#245,#254,#262,#270,#279,#287,#295,#303,
    #311,#319,#328));
#125 = ORIENTED_EDGE('',*,*,#126,.T.);
#126 = EDGE_CURVE('',#127,#129,#131,.T.);
#127 = VERTEX_POINT('',#128);
#128 = CARTESIAN_POINT('',(28.8,-33.724,-21.5));
#129 = VERTEX_POINT('',#130);
#130 = CARTESIAN_POINT('',(28.8,-30.724,-21.5));
#131 = LINE('',#132,#133);
#132 = CARTESIAN_POINT('',(28.8,-33.724,-21.5));
#133 = VECTOR('',#134,1.);
#134 = DIRECTION('',(-6.123233995737E-16,1.,0.));
#135 = ORIENTED_EDGE('',*,*,#136,.F.);
#136 = EDGE_CURVE('',#137,#129,#139,.T.);
#137 = VERTEX_POINT('',#138);
#138 = CARTESIAN_POINT('',(26.8,-28.724,-21.5));
#139 = CIRCLE('',#140,2.);
#140 = AXIS2_PLACEMENT_3D('',#141,#142,#143);
#141 = CARTESIAN_POINT('',(26.8,-30.724,-21.5));
#142 = DIRECTION('',(-0.,-0.,-1.));
#143 = DIRECTION('',(0.,-1.,0.));
#144 = ORIENTED_EDGE('',*,*,#145,.T.);
#145 = EDGE_CURVE('',#137,#146,#148,.T.);
#146 = VERTEX_POINT('',#147);
#147 = CARTESIAN_POINT('',(20.8,-28.724,-21.5));
#148 = LINE('',#149,#150);
#149 = CARTESIAN_POINT('',(28.8,-28.724,-21.5));
#150 = VECTOR('',#151,1.);
#151 = DIRECTION('',(-1.,-6.123233995737E-16,0.));
#152 = ORIENTED_EDGE('',*,*,#153,.F.);
#153 = EDGE_CURVE('',#154,#146,#156,.T.);
#154 = VERTEX_POINT('',#155);
#155 = CARTESIAN_POINT('',(18.8,-26.724,-21.5));
#156 = CIRCLE('',#157,2.);
#157 = AXIS2_PLACEMENT_3D('',#158,#159,#160);
#158 = CARTESIAN_POINT('',(20.8,-26.724,-21.5));
#159 = DIRECTION('',(-0.,0.,1.));
#160 = DIRECTION('',(0.,-1.,0.));
#161 = ORIENTED_EDGE('',*,*,#162,.T.);
#162 = EDGE_CURVE('',#154,#163,#165,.T.);
#163 = VERTEX_POINT('',#164);
#164 = CARTESIAN_POINT('',(18.8,10.652273101108,-21.5));
#165 = LINE('',#166,#167);
#166 = CARTESIAN_POINT('',(18.8,-28.724,-21.5));
#167 = VECTOR('',#168,1.);
#168 = DIRECTION('',(-6.123233995737E-16,1.,0.));
#169 = ORIENTED_EDGE('',*,*,#170,.T.);
#170 = EDGE_CURVE('',#163,#171,#173,.T.);
#171 = VERTEX_POINT('',#172);
#172 = CARTESIAN_POINT('',(18.044363426966,12.642959617789,-21.5));
#173 = CIRCLE('',#174,3.);
#174 = AXIS2_PLACEMENT_3D('',#175,#176,#177);
#175 = CARTESIAN_POINT('',(15.8,10.652273101108,-21.5));
#176 = DIRECTION('',(-0.,0.,1.));
#177 = DIRECTION('',(0.,-1.,0.));
#178 = ORIENTED_EDGE('',*,*,#179,.T.);
#179 = EDGE_CURVE('',#171,#180,#182,.T.);
#180 = VERTEX_POINT('',#181);
#181 = CARTESIAN_POINT('',(14.386734970957,16.766686516681,-21.5));
#182 = LINE('',#183,#184);
#183 = CARTESIAN_POINT('',(18.8,11.791030861361,-21.5));
#184 = VECTOR('',#185,1.);
#185 = DIRECTION('',(-0.663562172227,0.748121142322,-0.));
#186 = ORIENTED_EDGE('',*,*,#187,.T.);
#187 = EDGE_CURVE('',#180,#188,#190,.T.);
#188 = VERTEX_POINT('',#189);
#189 = CARTESIAN_POINT('',(12.142371543991,17.776,-21.5));
#190 = CIRCLE('',#191,3.);
#191 = AXIS2_PLACEMENT_3D('',#192,#193,#194);
#192 = CARTESIAN_POINT('',(12.142371543991,14.776,-21.5));
#193 = DIRECTION('',(-0.,0.,1.));
#194 = DIRECTION('',(0.,-1.,0.));
#195 = ORIENTED_EDGE('',*,*,#196,.T.);
#196 = EDGE_CURVE('',#188,#197,#199,.T.);
#197 = VERTEX_POINT('',#198);
#198 = CARTESIAN_POINT('',(-10.15424868893,17.776,-21.5));
#199 = LINE('',#200,#201);
#200 = CARTESIAN_POINT('',(13.491502622129,17.776,-21.5));
#201 = VECTOR('',#202,1.);
#202 = DIRECTION('',(-1.,-6.123233995737E-16,0.));
#203 = ORIENTED_EDGE('',*,*,#204,.F.);
#204 = EDGE_CURVE('',#205,#197,#207,.T.);
#205 = VERTEX_POINT('',#206);
#206 = CARTESIAN_POINT('',(-12.40424868893,16.760313483298,-21.5));
#207 = CIRCLE('',#208,3.);
#208 = AXIS2_PLACEMENT_3D('',#209,#210,#211);
#209 = CARTESIAN_POINT('',(-10.15424868893,14.776,-21.5));
#210 = DIRECTION('',(-0.,-0.,-1.));
#211 = DIRECTION('',(0.,-1.,0.));
#212 = ORIENTED_EDGE('',*,*,#213,.T.);
#213 = EDGE_CURVE('',#205,#214,#216,.T.);
#214 = VERTEX_POINT('',#215);
#215 = CARTESIAN_POINT('',(-16.05,12.626420064271,-21.5));
#216 = LINE('',#217,#218);
#217 = CARTESIAN_POINT('',(-11.50849737787,17.776,-21.5));
#218 = VECTOR('',#219,1.);
#219 = DIRECTION('',(-0.661437827766,-0.75,0.));
#220 = ORIENTED_EDGE('',*,*,#221,.F.);
#221 = EDGE_CURVE('',#222,#214,#224,.T.);
#222 = VERTEX_POINT('',#223);
#223 = CARTESIAN_POINT('',(-16.8,10.642106580972,-21.5));
#224 = CIRCLE('',#225,3.);
#225 = AXIS2_PLACEMENT_3D('',#226,#227,#228);
#226 = CARTESIAN_POINT('',(-13.8,10.642106580972,-21.5));
#227 = DIRECTION('',(-0.,-0.,-1.));
#228 = DIRECTION('',(0.,-1.,0.));
#229 = ORIENTED_EDGE('',*,*,#230,.T.);
#230 = EDGE_CURVE('',#222,#231,#233,.T.);
#231 = VERTEX_POINT('',#232);
#232 = CARTESIAN_POINT('',(-16.8,-26.724,-21.5));
#233 = LINE('',#234,#235);
#234 = CARTESIAN_POINT('',(-16.8,11.776,-21.5));
#235 = VECTOR('',#236,1.);
#236 = DIRECTION('',(6.123233995737E-16,-1.,0.));
#237 = ORIENTED_EDGE('',*,*,#238,.F.);
#238 = EDGE_CURVE('',#22,#231,#239,.T.);
#239 = CIRCLE('',#240,2.);
#240 = AXIS2_PLACEMENT_3D('',#241,#242,#243);
#241 = CARTESIAN_POINT('',(-18.8,-26.724,-21.5));
#242 = DIRECTION('',(-0.,0.,1.));
#243 = DIRECTION('',(0.,-1.,0.));
#244 = ORIENTED_EDGE('',*,*,#21,.T.);
#245 = ORIENTED_EDGE('',*,*,#246,.T.);
#246 = EDGE_CURVE('',#24,#247,#249,.T.);
#247 = VERTEX_POINT('',#248);
#248 = CARTESIAN_POINT('',(-26.8,-30.724,-21.5));
#249 = CIRCLE('',#250,2.);
#250 = AXIS2_PLACEMENT_3D('',#251,#252,#253);
#251 = CARTESIAN_POINT('',(-24.8,-30.724,-21.5));
#252 = DIRECTION('',(-0.,0.,1.));
#253 = DIRECTION('',(0.,-1.,0.));
#254 = ORIENTED_EDGE('',*,*,#255,.T.);
#255 = EDGE_CURVE('',#247,#256,#258,.T.);
#256 = VERTEX_POINT('',#257);
#257 = CARTESIAN_POINT('',(-26.8,-33.724,-21.5));
#258 = LINE('',#259,#260);
#259 = CARTESIAN_POINT('',(-26.8,-28.724,-21.5));
#260 = VECTOR('',#261,1.);
#261 = DIRECTION('',(6.123233995737E-16,-1.,0.));
#262 = ORIENTED_EDGE('',*,*,#263,.T.);
#263 = EDGE_CURVE('',#256,#264,#266,.T.);
#264 = VERTEX_POINT('',#265);
#265 = CARTESIAN_POINT('',(-14.8,-33.724,-21.5));
#266 = LINE('',#267,#268);
#267 = CARTESIAN_POINT('',(-26.8,-33.724,-21.5));
#268 = VECTOR('',#269,1.);
#269 = DIRECTION('',(1.,6.123233995737E-16,0.));
#270 = ORIENTED_EDGE('',*,*,#271,.T.);
#271 = EDGE_CURVE('',#264,#272,#274,.T.);
#272 = VERTEX_POINT('',#273);
#273 = CARTESIAN_POINT('',(-11.8,-30.724,-21.5));
#274 = CIRCLE('',#275,3.);
#275 = AXIS2_PLACEMENT_3D('',#276,#277,#278);
#276 = CARTESIAN_POINT('',(-14.8,-30.724,-21.5));
#277 = DIRECTION('',(-0.,0.,1.));
#278 = DIRECTION('',(0.,-1.,0.));
#279 = ORIENTED_EDGE('',*,*,#280,.T.);
#280 = EDGE_CURVE('',#272,#281,#283,.T.);
#281 = VERTEX_POINT('',#282);
#282 = CARTESIAN_POINT('',(-11.8,8.776,-21.5));
#283 = LINE('',#284,#285);
#284 = CARTESIAN_POINT('',(-11.8,-33.724,-21.5));
#285 = VECTOR('',#286,1.);
#286 = DIRECTION('',(-6.123233995737E-16,1.,0.));
#287 = ORIENTED_EDGE('',*,*,#288,.T.);
#288 = EDGE_CURVE('',#281,#289,#291,.T.);
#289 = VERTEX_POINT('',#290);
#290 = CARTESIAN_POINT('',(-8.8,12.776,-21.5));
#291 = LINE('',#292,#293);
#292 = CARTESIAN_POINT('',(-11.8,8.776,-21.5));
#293 = VECTOR('',#294,1.);
#294 = DIRECTION('',(0.6,0.8,0.));
#295 = ORIENTED_EDGE('',*,*,#296,.T.);
#296 = EDGE_CURVE('',#289,#297,#299,.T.);
#297 = VERTEX_POINT('',#298);
#298 = CARTESIAN_POINT('',(10.7,12.776,-21.5));
#299 = LINE('',#300,#301);
#300 = CARTESIAN_POINT('',(-8.8,12.776,-21.5));
#301 = VECTOR('',#302,1.);
#302 = DIRECTION('',(1.,6.123233995737E-16,0.));
#303 = ORIENTED_EDGE('',*,*,#304,.T.);
#304 = EDGE_CURVE('',#297,#305,#307,.T.);
#305 = VERTEX_POINT('',#306);
#306 = CARTESIAN_POINT('',(13.8,8.852990950813,-21.5));
#307 = LINE('',#308,#309);
#308 = CARTESIAN_POINT('',(10.7,12.776,-21.5));
#309 = VECTOR('',#310,1.);
#310 = DIRECTION('',(0.62,-0.784601809837,0.));
#311 = ORIENTED_EDGE('',*,*,#312,.T.);
#312 = EDGE_CURVE('',#305,#313,#315,.T.);
#313 = VERTEX_POINT('',#314);
#314 = CARTESIAN_POINT('',(13.8,-30.724,-21.5));
#315 = LINE('',#316,#317);
#316 = CARTESIAN_POINT('',(13.8,8.852990950813,-21.5));
#317 = VECTOR('',#318,1.);
#318 = DIRECTION('',(6.123233995737E-16,-1.,0.));
#319 = ORIENTED_EDGE('',*,*,#320,.T.);
#320 = EDGE_CURVE('',#313,#321,#323,.T.);
#321 = VERTEX_POINT('',#322);
#322 = CARTESIAN_POINT('',(16.8,-33.724,-21.5));
#323 = CIRCLE('',#324,3.);
#324 = AXIS2_PLACEMENT_3D('',#325,#326,#327);
#325 = CARTESIAN_POINT('',(16.8,-30.724,-21.5));
#326 = DIRECTION('',(-0.,0.,1.));
#327 = DIRECTION('',(0.,-1.,0.));
#328 = ORIENTED_EDGE('',*,*,#329,.T.);
#329 = EDGE_CURVE('',#321,#127,#330,.T.);
#330 = LINE('',#331,#332);
#331 = CARTESIAN_POINT('',(13.8,-33.724,-21.5));
#332 = VECTOR('',#333,1.);
#333 = DIRECTION('',(1.,6.123233995737E-16,0.));
#334 = FACE_BOUND('',#335,.F.);
#335 = EDGE_LOOP('',(#336));
#336 = ORIENTED_EDGE('',*,*,#337,.T.);
#337 = EDGE_CURVE('',#338,#338,#340,.T.);
#338 = VERTEX_POINT('',#339);
#339 = CARTESIAN_POINT('',(-12.55,-25.224,-21.5));
#340 = CIRCLE('',#341,1.45);
#341 = AXIS2_PLACEMENT_3D('',#342,#343,#344);
#342 = CARTESIAN_POINT('',(-14.,-25.224,-21.5));
#343 = DIRECTION('',(0.,0.,-1.));
#344 = DIRECTION('',(1.,2.449293598295E-16,0.));
#345 = FACE_BOUND('',#346,.F.);
#346 = EDGE_LOOP('',(#347));
#347 = ORIENTED_EDGE('',*,*,#348,.T.);
#348 = EDGE_CURVE('',#349,#349,#351,.T.);
#349 = VERTEX_POINT('',#350);
#350 = CARTESIAN_POINT('',(-12.55,-8.224,-21.5));
#351 = CIRCLE('',#352,1.45);
#352 = AXIS2_PLACEMENT_3D('',#353,#354,#355);
#353 = CARTESIAN_POINT('',(-14.,-8.224,-21.5));
#354 = DIRECTION('',(0.,0.,-1.));
#355 = DIRECTION('',(1.,2.449293598295E-16,0.));
#356 = FACE_BOUND('',#357,.F.);
#357 = EDGE_LOOP('',(#358));
#358 = ORIENTED_EDGE('',*,*,#359,.F.);
#359 = EDGE_CURVE('',#360,#360,#362,.T.);
#360 = VERTEX_POINT('',#361);
#361 = CARTESIAN_POINT('',(14.55,-25.224,-21.5));
#362 = CIRCLE('',#363,1.45);
#363 = AXIS2_PLACEMENT_3D('',#364,#365,#366);
#364 = CARTESIAN_POINT('',(16.,-25.224,-21.5));
#365 = DIRECTION('',(0.,0.,1.));
#366 = DIRECTION('',(-1.,-6.123233995737E-16,0.));
#367 = FACE_BOUND('',#368,.F.);
#368 = EDGE_LOOP('',(#369));
#369 = ORIENTED_EDGE('',*,*,#370,.F.);
#370 = EDGE_CURVE('',#371,#371,#373,.T.);
#371 = VERTEX_POINT('',#372);
#372 = CARTESIAN_POINT('',(14.55,-8.224,-21.5));
#373 = CIRCLE('',#374,1.45);
#374 = AXIS2_PLACEMENT_3D('',#375,#376,#377);
#375 = CARTESIAN_POINT('',(16.,-8.224,-21.5));
#376 = DIRECTION('',(0.,0.,1.));
#377 = DIRECTION('',(-1.,-6.123233995737E-16,0.));
#378 = FACE_BOUND('',#379,.F.);
#379 = EDGE_LOOP('',(#380));
#380 = ORIENTED_EDGE('',*,*,#381,.T.);
#381 = EDGE_CURVE('',#382,#382,#384,.T.);
#382 = VERTEX_POINT('',#383);
#383 = CARTESIAN_POINT('',(-12.55,8.776,-21.5));
#384 = CIRCLE('',#385,1.45);
#385 = AXIS2_PLACEMENT_3D('',#386,#387,#388);
#386 = CARTESIAN_POINT('',(-14.,8.776,-21.5));
#387 = DIRECTION('',(0.,0.,-1.));
#388 = DIRECTION('',(1.,2.449293598295E-16,0.));
#389 = FACE_BOUND('',#390,.F.);
#390 = EDGE_LOOP('',(#391));
#391 = ORIENTED_EDGE('',*,*,#392,.T.);
#392 = EDGE_CURVE('',#393,#393,#395,.T.);
#393 = VERTEX_POINT('',#394);
#394 = CARTESIAN_POINT('',(-6.05,15.076,-21.5));
#395 = CIRCLE('',#396,1.45);
#396 = AXIS2_PLACEMENT_3D('',#397,#398,#399);
#397 = CARTESIAN_POINT('',(-7.5,15.076,-21.5));
#398 = DIRECTION('',(0.,0.,-1.));
#399 = DIRECTION('',(1.,2.449293598295E-16,0.));
#400 = FACE_BOUND('',#401,.F.);
#401 = EDGE_LOOP('',(#402));
#402 = ORIENTED_EDGE('',*,*,#403,.F.);
#403 = EDGE_CURVE('',#404,#404,#406,.T.);
#404 = VERTEX_POINT('',#405);
#405 = CARTESIAN_POINT('',(14.55,8.776,-21.5));
#406 = CIRCLE('',#407,1.45);
#407 = AXIS2_PLACEMENT_3D('',#408,#409,#410);
#408 = CARTESIAN_POINT('',(16.,8.776,-21.5));
#409 = DIRECTION('',(0.,0.,1.));
#410 = DIRECTION('',(-1.,-6.123233995737E-16,0.));
#411 = FACE_BOUND('',#412,.F.);
#412 = EDGE_LOOP('',(#413));
#413 = ORIENTED_EDGE('',*,*,#414,.F.);
#414 = EDGE_CURVE('',#415,#415,#417,.T.);
#415 = VERTEX_POINT('',#416);
#416 = CARTESIAN_POINT('',(8.05,15.076,-21.5));
#417 = CIRCLE('',#418,1.45);
#418 = AXIS2_PLACEMENT_3D('',#419,#420,#421);
#419 = CARTESIAN_POINT('',(9.5,15.076,-21.5));
#420 = DIRECTION('',(0.,0.,1.));
#421 = DIRECTION('',(-1.,-6.123233995737E-16,0.));
#422 = PLANE('',#423);
#423 = AXIS2_PLACEMENT_3D('',#424,#425,#426);
#424 = CARTESIAN_POINT('',(0.999149066909,-8.78751771702,-21.5));
#425 = DIRECTION('',(0.,0.,1.));
#426 = DIRECTION('',(1.,6.123233995737E-16,0.));
#427 = ADVANCED_FACE('',(#428),#447,.T.);
#428 = FACE_BOUND('',#429,.F.);
#429 = EDGE_LOOP('',(#430,#439,#445,#446));
#430 = ORIENTED_EDGE('',*,*,#431,.T.);
#431 = EDGE_CURVE('',#32,#432,#434,.T.);
#432 = VERTEX_POINT('',#433);
#433 = CARTESIAN_POINT('',(-26.8,-30.724,19.5));
#434 = CIRCLE('',#435,2.);
#435 = AXIS2_PLACEMENT_3D('',#436,#437,#438);
#436 = CARTESIAN_POINT('',(-24.8,-30.724,19.5));
#437 = DIRECTION('',(-0.,0.,1.));
#438 = DIRECTION('',(0.,-1.,0.));
#439 = ORIENTED_EDGE('',*,*,#440,.T.);
#440 = EDGE_CURVE('',#432,#247,#441,.T.);
#441 = LINE('',#442,#443);
#442 = CARTESIAN_POINT('',(-26.8,-30.724,19.5));
#443 = VECTOR('',#444,1.);
#444 = DIRECTION('',(0.,0.,-1.));
#445 = ORIENTED_EDGE('',*,*,#246,.F.);
#446 = ORIENTED_EDGE('',*,*,#31,.F.);
#447 = CYLINDRICAL_SURFACE('',#448,2.);
#448 = AXIS2_PLACEMENT_3D('',#449,#450,#451);
#449 = CARTESIAN_POINT('',(-24.8,-30.724,19.5));
#450 = DIRECTION('',(0.,0.,-1.));
#451 = DIRECTION('',(-1.224646799147E-16,1.,0.));
#452 = ADVANCED_FACE('',(#453),#472,.F.);
#453 = FACE_BOUND('',#454,.T.);
#454 = EDGE_LOOP('',(#455,#464,#470,#471));
#455 = ORIENTED_EDGE('',*,*,#456,.T.);
#456 = EDGE_CURVE('',#72,#457,#459,.T.);
#457 = VERTEX_POINT('',#458);
#458 = CARTESIAN_POINT('',(-16.8,-26.724,-16.5));
#459 = CIRCLE('',#460,2.);
#460 = AXIS2_PLACEMENT_3D('',#461,#462,#463);
#461 = CARTESIAN_POINT('',(-18.8,-26.724,-16.5));
#462 = DIRECTION('',(-0.,0.,1.));
#463 = DIRECTION('',(0.,-1.,0.));
#464 = ORIENTED_EDGE('',*,*,#465,.T.);
#465 = EDGE_CURVE('',#457,#231,#466,.T.);
#466 = LINE('',#467,#468);
#467 = CARTESIAN_POINT('',(-16.8,-26.724,-16.5));
#468 = VECTOR('',#469,1.);
#469 = DIRECTION('',(0.,0.,-1.));
#470 = ORIENTED_EDGE('',*,*,#238,.F.);
#471 = ORIENTED_EDGE('',*,*,#79,.F.);
#472 = CYLINDRICAL_SURFACE('',#473,2.);
#473 = AXIS2_PLACEMENT_3D('',#474,#475,#476);
#474 = CARTESIAN_POINT('',(-18.8,-26.724,-16.5));
#475 = DIRECTION('',(0.,0.,-1.));
#476 = DIRECTION('',(1.224646799147E-16,-1.,0.));
#477 = ADVANCED_FACE('',(#478,#681,#692,#703,#714,#725,#736,#747,#758),
  #769,.T.);
#478 = FACE_BOUND('',#479,.T.);
#479 = EDGE_LOOP('',(#480,#490,#499,#507,#516,#524,#533,#541,#550,#558,
    #567,#575,#584,#592,#599,#600,#601,#609,#617,#626,#634,#642,#650,
    #658,#666,#675));
#480 = ORIENTED_EDGE('',*,*,#481,.T.);
#481 = EDGE_CURVE('',#482,#484,#486,.T.);
#482 = VERTEX_POINT('',#483);
#483 = CARTESIAN_POINT('',(28.8,-33.724,19.5));
#484 = VERTEX_POINT('',#485);
#485 = CARTESIAN_POINT('',(28.8,-30.724,19.5));
#486 = LINE('',#487,#488);
#487 = CARTESIAN_POINT('',(28.8,-33.724,19.5));
#488 = VECTOR('',#489,1.);
#489 = DIRECTION('',(-2.449293598295E-16,1.,0.));
#490 = ORIENTED_EDGE('',*,*,#491,.F.);
#491 = EDGE_CURVE('',#492,#484,#494,.T.);
#492 = VERTEX_POINT('',#493);
#493 = CARTESIAN_POINT('',(26.8,-28.724,19.5));
#494 = CIRCLE('',#495,2.);
#495 = AXIS2_PLACEMENT_3D('',#496,#497,#498);
#496 = CARTESIAN_POINT('',(26.8,-30.724,19.5));
#497 = DIRECTION('',(-0.,-0.,-1.));
#498 = DIRECTION('',(0.,-1.,0.));
#499 = ORIENTED_EDGE('',*,*,#500,.T.);
#500 = EDGE_CURVE('',#492,#501,#503,.T.);
#501 = VERTEX_POINT('',#502);
#502 = CARTESIAN_POINT('',(20.8,-28.724,19.5));
#503 = LINE('',#504,#505);
#504 = CARTESIAN_POINT('',(28.8,-28.724,19.5));
#505 = VECTOR('',#506,1.);
#506 = DIRECTION('',(-1.,-2.449293598295E-16,0.));
#507 = ORIENTED_EDGE('',*,*,#508,.T.);
#508 = EDGE_CURVE('',#501,#509,#511,.T.);
#509 = VERTEX_POINT('',#510);
#510 = CARTESIAN_POINT('',(18.8,-26.724,19.5));
#511 = CIRCLE('',#512,2.);
#512 = AXIS2_PLACEMENT_3D('',#513,#514,#515);
#513 = CARTESIAN_POINT('',(20.8,-26.724,19.5));
#514 = DIRECTION('',(-0.,-0.,-1.));
#515 = DIRECTION('',(0.,-1.,0.));
#516 = ORIENTED_EDGE('',*,*,#517,.T.);
#517 = EDGE_CURVE('',#509,#518,#520,.T.);
#518 = VERTEX_POINT('',#519);
#519 = CARTESIAN_POINT('',(18.8,10.652273101108,19.5));
#520 = LINE('',#521,#522);
#521 = CARTESIAN_POINT('',(18.8,-28.724,19.5));
#522 = VECTOR('',#523,1.);
#523 = DIRECTION('',(-2.449293598295E-16,1.,0.));
#524 = ORIENTED_EDGE('',*,*,#525,.F.);
#525 = EDGE_CURVE('',#526,#518,#528,.T.);
#526 = VERTEX_POINT('',#527);
#527 = CARTESIAN_POINT('',(18.044363426966,12.642959617789,19.5));
#528 = CIRCLE('',#529,3.);
#529 = AXIS2_PLACEMENT_3D('',#530,#531,#532);
#530 = CARTESIAN_POINT('',(15.8,10.652273101108,19.5));
#531 = DIRECTION('',(-0.,-0.,-1.));
#532 = DIRECTION('',(0.,-1.,0.));
#533 = ORIENTED_EDGE('',*,*,#534,.T.);
#534 = EDGE_CURVE('',#526,#535,#537,.T.);
#535 = VERTEX_POINT('',#536);
#536 = CARTESIAN_POINT('',(14.386734970957,16.766686516681,19.5));
#537 = LINE('',#538,#539);
#538 = CARTESIAN_POINT('',(18.8,11.791030861361,19.5));
#539 = VECTOR('',#540,1.);
#540 = DIRECTION('',(-0.663562172227,0.748121142322,-0.));
#541 = ORIENTED_EDGE('',*,*,#542,.F.);
#542 = EDGE_CURVE('',#543,#535,#545,.T.);
#543 = VERTEX_POINT('',#544);
#544 = CARTESIAN_POINT('',(12.142371543991,17.776,19.5));
#545 = CIRCLE('',#546,3.);
#546 = AXIS2_PLACEMENT_3D('',#547,#548,#549);
#547 = CARTESIAN_POINT('',(12.142371543991,14.776,19.5));
#548 = DIRECTION('',(-0.,-0.,-1.));
#549 = DIRECTION('',(0.,-1.,0.));
#550 = ORIENTED_EDGE('',*,*,#551,.T.);
#551 = EDGE_CURVE('',#543,#552,#554,.T.);
#552 = VERTEX_POINT('',#553);
#553 = CARTESIAN_POINT('',(-10.15424868893,17.776,19.5));
#554 = LINE('',#555,#556);
#555 = CARTESIAN_POINT('',(13.491502622129,17.776,19.5));
#556 = VECTOR('',#557,1.);
#557 = DIRECTION('',(-1.,-2.449293598295E-16,0.));
#558 = ORIENTED_EDGE('',*,*,#559,.F.);
#559 = EDGE_CURVE('',#560,#552,#562,.T.);
#560 = VERTEX_POINT('',#561);
#561 = CARTESIAN_POINT('',(-12.40424868893,16.760313483298,19.5));
#562 = CIRCLE('',#563,3.);
#563 = AXIS2_PLACEMENT_3D('',#564,#565,#566);
#564 = CARTESIAN_POINT('',(-10.15424868893,14.776,19.5));
#565 = DIRECTION('',(-0.,-0.,-1.));
#566 = DIRECTION('',(0.,-1.,0.));
#567 = ORIENTED_EDGE('',*,*,#568,.T.);
#568 = EDGE_CURVE('',#560,#569,#571,.T.);
#569 = VERTEX_POINT('',#570);
#570 = CARTESIAN_POINT('',(-16.05,12.626420064271,19.5));
#571 = LINE('',#572,#573);
#572 = CARTESIAN_POINT('',(-11.50849737787,17.776,19.5));
#573 = VECTOR('',#574,1.);
#574 = DIRECTION('',(-0.661437827766,-0.75,0.));
#575 = ORIENTED_EDGE('',*,*,#576,.F.);
#576 = EDGE_CURVE('',#577,#569,#579,.T.);
#577 = VERTEX_POINT('',#578);
#578 = CARTESIAN_POINT('',(-16.8,10.642106580972,19.5));
#579 = CIRCLE('',#580,3.);
#580 = AXIS2_PLACEMENT_3D('',#581,#582,#583);
#581 = CARTESIAN_POINT('',(-13.8,10.642106580972,19.5));
#582 = DIRECTION('',(-0.,-0.,-1.));
#583 = DIRECTION('',(0.,-1.,0.));
#584 = ORIENTED_EDGE('',*,*,#585,.T.);
#585 = EDGE_CURVE('',#577,#586,#588,.T.);
#586 = VERTEX_POINT('',#587);
#587 = CARTESIAN_POINT('',(-16.8,-26.724,19.5));
#588 = LINE('',#589,#590);
#589 = CARTESIAN_POINT('',(-16.8,11.776,19.5));
#590 = VECTOR('',#591,1.);
#591 = DIRECTION('',(2.449293598295E-16,-1.,0.));
#592 = ORIENTED_EDGE('',*,*,#593,.F.);
#593 = EDGE_CURVE('',#40,#586,#594,.T.);
#594 = CIRCLE('',#595,2.);
#595 = AXIS2_PLACEMENT_3D('',#596,#597,#598);
#596 = CARTESIAN_POINT('',(-18.8,-26.724,19.5));
#597 = DIRECTION('',(-0.,0.,1.));
#598 = DIRECTION('',(0.,-1.,0.));
#599 = ORIENTED_EDGE('',*,*,#39,.T.);
#600 = ORIENTED_EDGE('',*,*,#431,.T.);
#601 = ORIENTED_EDGE('',*,*,#602,.T.);
#602 = EDGE_CURVE('',#432,#603,#605,.T.);
#603 = VERTEX_POINT('',#604);
#604 = CARTESIAN_POINT('',(-26.8,-33.724,19.5));
#605 = LINE('',#606,#607);
#606 = CARTESIAN_POINT('',(-26.8,-28.724,19.5));
#607 = VECTOR('',#608,1.);
#608 = DIRECTION('',(2.449293598295E-16,-1.,0.));
#609 = ORIENTED_EDGE('',*,*,#610,.T.);
#610 = EDGE_CURVE('',#603,#611,#613,.T.);
#611 = VERTEX_POINT('',#612);
#612 = CARTESIAN_POINT('',(-14.8,-33.724,19.5));
#613 = LINE('',#614,#615);
#614 = CARTESIAN_POINT('',(-26.8,-33.724,19.5));
#615 = VECTOR('',#616,1.);
#616 = DIRECTION('',(1.,2.449293598295E-16,0.));
#617 = ORIENTED_EDGE('',*,*,#618,.T.);
#618 = EDGE_CURVE('',#611,#619,#621,.T.);
#619 = VERTEX_POINT('',#620);
#620 = CARTESIAN_POINT('',(-11.8,-30.724,19.5));
#621 = CIRCLE('',#622,3.);
#622 = AXIS2_PLACEMENT_3D('',#623,#624,#625);
#623 = CARTESIAN_POINT('',(-14.8,-30.724,19.5));
#624 = DIRECTION('',(-0.,0.,1.));
#625 = DIRECTION('',(0.,-1.,0.));
#626 = ORIENTED_EDGE('',*,*,#627,.T.);
#627 = EDGE_CURVE('',#619,#628,#630,.T.);
#628 = VERTEX_POINT('',#629);
#629 = CARTESIAN_POINT('',(-11.8,8.776,19.5));
#630 = LINE('',#631,#632);
#631 = CARTESIAN_POINT('',(-11.8,-33.724,19.5));
#632 = VECTOR('',#633,1.);
#633 = DIRECTION('',(-2.449293598295E-16,1.,0.));
#634 = ORIENTED_EDGE('',*,*,#635,.T.);
#635 = EDGE_CURVE('',#628,#636,#638,.T.);
#636 = VERTEX_POINT('',#637);
#637 = CARTESIAN_POINT('',(-8.8,12.776,19.5));
#638 = LINE('',#639,#640);
#639 = CARTESIAN_POINT('',(-11.8,8.776,19.5));
#640 = VECTOR('',#641,1.);
#641 = DIRECTION('',(0.6,0.8,0.));
#642 = ORIENTED_EDGE('',*,*,#643,.T.);
#643 = EDGE_CURVE('',#636,#644,#646,.T.);
#644 = VERTEX_POINT('',#645);
#645 = CARTESIAN_POINT('',(10.7,12.776,19.5));
#646 = LINE('',#647,#648);
#647 = CARTESIAN_POINT('',(-8.8,12.776,19.5));
#648 = VECTOR('',#649,1.);
#649 = DIRECTION('',(1.,2.449293598295E-16,0.));
#650 = ORIENTED_EDGE('',*,*,#651,.T.);
#651 = EDGE_CURVE('',#644,#652,#654,.T.);
#652 = VERTEX_POINT('',#653);
#653 = CARTESIAN_POINT('',(13.8,8.852990950813,19.5));
#654 = LINE('',#655,#656);
#655 = CARTESIAN_POINT('',(10.7,12.776,19.5));
#656 = VECTOR('',#657,1.);
#657 = DIRECTION('',(0.62,-0.784601809837,0.));
#658 = ORIENTED_EDGE('',*,*,#659,.T.);
#659 = EDGE_CURVE('',#652,#660,#662,.T.);
#660 = VERTEX_POINT('',#661);
#661 = CARTESIAN_POINT('',(13.8,-30.724,19.5));
#662 = LINE('',#663,#664);
#663 = CARTESIAN_POINT('',(13.8,8.852990950813,19.5));
#664 = VECTOR('',#665,1.);
#665 = DIRECTION('',(2.449293598295E-16,-1.,0.));
#666 = ORIENTED_EDGE('',*,*,#667,.F.);
#667 = EDGE_CURVE('',#668,#660,#670,.T.);
#668 = VERTEX_POINT('',#669);
#669 = CARTESIAN_POINT('',(16.8,-33.724,19.5));
#670 = CIRCLE('',#671,3.);
#671 = AXIS2_PLACEMENT_3D('',#672,#673,#674);
#672 = CARTESIAN_POINT('',(16.8,-30.724,19.5));
#673 = DIRECTION('',(-0.,-0.,-1.));
#674 = DIRECTION('',(0.,-1.,0.));
#675 = ORIENTED_EDGE('',*,*,#676,.T.);
#676 = EDGE_CURVE('',#668,#482,#677,.T.);
#677 = LINE('',#678,#679);
#678 = CARTESIAN_POINT('',(13.8,-33.724,19.5));
#679 = VECTOR('',#680,1.);
#680 = DIRECTION('',(1.,2.449293598295E-16,0.));
#681 = FACE_BOUND('',#682,.T.);
#682 = EDGE_LOOP('',(#683));
#683 = ORIENTED_EDGE('',*,*,#684,.F.);
#684 = EDGE_CURVE('',#685,#685,#687,.T.);
#685 = VERTEX_POINT('',#686);
#686 = CARTESIAN_POINT('',(-12.55,-25.224,19.5));
#687 = CIRCLE('',#688,1.45);
#688 = AXIS2_PLACEMENT_3D('',#689,#690,#691);
#689 = CARTESIAN_POINT('',(-14.,-25.224,19.5));
#690 = DIRECTION('',(0.,-0.,1.));
#691 = DIRECTION('',(1.,1.224646799147E-16,0.));
#692 = FACE_BOUND('',#693,.T.);
#693 = EDGE_LOOP('',(#694));
#694 = ORIENTED_EDGE('',*,*,#695,.F.);
#695 = EDGE_CURVE('',#696,#696,#698,.T.);
#696 = VERTEX_POINT('',#697);
#697 = CARTESIAN_POINT('',(-12.55,-8.224,19.5));
#698 = CIRCLE('',#699,1.45);
#699 = AXIS2_PLACEMENT_3D('',#700,#701,#702);
#700 = CARTESIAN_POINT('',(-14.,-8.224,19.5));
#701 = DIRECTION('',(0.,-0.,1.));
#702 = DIRECTION('',(1.,1.224646799147E-16,0.));
#703 = FACE_BOUND('',#704,.T.);
#704 = EDGE_LOOP('',(#705));
#705 = ORIENTED_EDGE('',*,*,#706,.F.);
#706 = EDGE_CURVE('',#707,#707,#709,.T.);
#707 = VERTEX_POINT('',#708);
#708 = CARTESIAN_POINT('',(14.55,-25.224,19.5));
#709 = CIRCLE('',#710,1.45);
#710 = AXIS2_PLACEMENT_3D('',#711,#712,#713);
#711 = CARTESIAN_POINT('',(16.,-25.224,19.5));
#712 = DIRECTION('',(0.,0.,1.));
#713 = DIRECTION('',(-1.,-6.123233995737E-16,0.));
#714 = FACE_BOUND('',#715,.T.);
#715 = EDGE_LOOP('',(#716));
#716 = ORIENTED_EDGE('',*,*,#717,.F.);
#717 = EDGE_CURVE('',#718,#718,#720,.T.);
#718 = VERTEX_POINT('',#719);
#719 = CARTESIAN_POINT('',(14.55,-8.224,19.5));
#720 = CIRCLE('',#721,1.45);
#721 = AXIS2_PLACEMENT_3D('',#722,#723,#724);
#722 = CARTESIAN_POINT('',(16.,-8.224,19.5));
#723 = DIRECTION('',(0.,0.,1.));
#724 = DIRECTION('',(-1.,-6.123233995737E-16,0.));
#725 = FACE_BOUND('',#726,.T.);
#726 = EDGE_LOOP('',(#727));
#727 = ORIENTED_EDGE('',*,*,#728,.F.);
#728 = EDGE_CURVE('',#729,#729,#731,.T.);
#729 = VERTEX_POINT('',#730);
#730 = CARTESIAN_POINT('',(-12.55,8.776,19.5));
#731 = CIRCLE('',#732,1.45);
#732 = AXIS2_PLACEMENT_3D('',#733,#734,#735);
#733 = CARTESIAN_POINT('',(-14.,8.776,19.5));
#734 = DIRECTION('',(0.,-0.,1.));
#735 = DIRECTION('',(1.,1.224646799147E-16,0.));
#736 = FACE_BOUND('',#737,.T.);
#737 = EDGE_LOOP('',(#738));
#738 = ORIENTED_EDGE('',*,*,#739,.F.);
#739 = EDGE_CURVE('',#740,#740,#742,.T.);
#740 = VERTEX_POINT('',#741);
#741 = CARTESIAN_POINT('',(-6.05,15.076,19.5));
#742 = CIRCLE('',#743,1.45);
#743 = AXIS2_PLACEMENT_3D('',#744,#745,#746);
#744 = CARTESIAN_POINT('',(-7.5,15.076,19.5));
#745 = DIRECTION('',(0.,-0.,1.));
#746 = DIRECTION('',(1.,1.224646799147E-16,0.));
#747 = FACE_BOUND('',#748,.T.);
#748 = EDGE_LOOP('',(#749));
#749 = ORIENTED_EDGE('',*,*,#750,.F.);
#750 = EDGE_CURVE('',#751,#751,#753,.T.);
#751 = VERTEX_POINT('',#752);
#752 = CARTESIAN_POINT('',(14.55,8.776,19.5));
#753 = CIRCLE('',#754,1.45);
#754 = AXIS2_PLACEMENT_3D('',#755,#756,#757);
#755 = CARTESIAN_POINT('',(16.,8.776,19.5));
#756 = DIRECTION('',(0.,0.,1.));
#757 = DIRECTION('',(-1.,-6.123233995737E-16,0.));
#758 = FACE_BOUND('',#759,.T.);
#759 = EDGE_LOOP('',(#760));
#760 = ORIENTED_EDGE('',*,*,#761,.F.);
#761 = EDGE_CURVE('',#762,#762,#764,.T.);
#762 = VERTEX_POINT('',#763);
#763 = CARTESIAN_POINT('',(8.05,15.076,19.5));
#764 = CIRCLE('',#765,1.45);
#765 = AXIS2_PLACEMENT_3D('',#766,#767,#768);
#766 = CARTESIAN_POINT('',(9.5,15.076,19.5));
#767 = DIRECTION('',(0.,0.,1.));
#768 = DIRECTION('',(-1.,-6.123233995737E-16,0.));
#769 = PLANE('',#770);
#770 = AXIS2_PLACEMENT_3D('',#771,#772,#773);
#771 = CARTESIAN_POINT('',(0.999149066909,-8.78751771702,19.5));
#772 = DIRECTION('',(0.,0.,1.));
#773 = DIRECTION('',(1.,2.449293598295E-16,0.));
#774 = ADVANCED_FACE('',(#775,#960,#971,#982,#993,#1004,#1015,#1026,
    #1037),#1048,.T.);
#775 = FACE_BOUND('',#776,.T.);
#776 = EDGE_LOOP('',(#777,#787,#796,#804,#812,#820,#828,#836,#845,#853,
    #861,#869,#878,#886,#895,#903,#912,#920,#929,#937,#946,#952,#953,
    #954));
#777 = ORIENTED_EDGE('',*,*,#778,.T.);
#778 = EDGE_CURVE('',#779,#781,#783,.T.);
#779 = VERTEX_POINT('',#780);
#780 = CARTESIAN_POINT('',(-19.,-33.724,-16.5));
#781 = VERTEX_POINT('',#782);
#782 = CARTESIAN_POINT('',(-14.8,-33.724,-16.5));
#783 = LINE('',#784,#785);
#784 = CARTESIAN_POINT('',(-26.8,-33.724,-16.5));
#785 = VECTOR('',#786,1.);
#786 = DIRECTION('',(1.,6.123233995737E-16,0.));
#787 = ORIENTED_EDGE('',*,*,#788,.T.);
#788 = EDGE_CURVE('',#781,#789,#791,.T.);
#789 = VERTEX_POINT('',#790);
#790 = CARTESIAN_POINT('',(-11.8,-30.724,-16.5));
#791 = CIRCLE('',#792,3.);
#792 = AXIS2_PLACEMENT_3D('',#793,#794,#795);
#793 = CARTESIAN_POINT('',(-14.8,-30.724,-16.5));
#794 = DIRECTION('',(-0.,0.,1.));
#795 = DIRECTION('',(0.,-1.,0.));
#796 = ORIENTED_EDGE('',*,*,#797,.T.);
#797 = EDGE_CURVE('',#789,#798,#800,.T.);
#798 = VERTEX_POINT('',#799);
#799 = CARTESIAN_POINT('',(-11.8,8.776,-16.5));
#800 = LINE('',#801,#802);
#801 = CARTESIAN_POINT('',(-11.8,-33.724,-16.5));
#802 = VECTOR('',#803,1.);
#803 = DIRECTION('',(-6.123233995737E-16,1.,0.));
#804 = ORIENTED_EDGE('',*,*,#805,.T.);
#805 = EDGE_CURVE('',#798,#806,#808,.T.);
#806 = VERTEX_POINT('',#807);
#807 = CARTESIAN_POINT('',(-8.8,12.776,-16.5));
#808 = LINE('',#809,#810);
#809 = CARTESIAN_POINT('',(-11.8,8.776,-16.5));
#810 = VECTOR('',#811,1.);
#811 = DIRECTION('',(0.6,0.8,0.));
#812 = ORIENTED_EDGE('',*,*,#813,.T.);
#813 = EDGE_CURVE('',#806,#814,#816,.T.);
#814 = VERTEX_POINT('',#815);
#815 = CARTESIAN_POINT('',(10.7,12.776,-16.5));
#816 = LINE('',#817,#818);
#817 = CARTESIAN_POINT('',(-8.8,12.776,-16.5));
#818 = VECTOR('',#819,1.);
#819 = DIRECTION('',(1.,6.123233995737E-16,0.));
#820 = ORIENTED_EDGE('',*,*,#821,.T.);
#821 = EDGE_CURVE('',#814,#822,#824,.T.);
#822 = VERTEX_POINT('',#823);
#823 = CARTESIAN_POINT('',(13.8,8.852990950813,-16.5));
#824 = LINE('',#825,#826);
#825 = CARTESIAN_POINT('',(10.7,12.776,-16.5));
#826 = VECTOR('',#827,1.);
#827 = DIRECTION('',(0.62,-0.784601809837,0.));
#828 = ORIENTED_EDGE('',*,*,#829,.T.);
#829 = EDGE_CURVE('',#822,#830,#832,.T.);
#830 = VERTEX_POINT('',#831);
#831 = CARTESIAN_POINT('',(13.8,-30.724,-16.5));
#832 = LINE('',#833,#834);
#833 = CARTESIAN_POINT('',(13.8,8.852990950813,-16.5));
#834 = VECTOR('',#835,1.);
#835 = DIRECTION('',(6.123233995737E-16,-1.,0.));
#836 = ORIENTED_EDGE('',*,*,#837,.T.);
#837 = EDGE_CURVE('',#830,#838,#840,.T.);
#838 = VERTEX_POINT('',#839);
#839 = CARTESIAN_POINT('',(16.8,-33.724,-16.5));
#840 = CIRCLE('',#841,3.);
#841 = AXIS2_PLACEMENT_3D('',#842,#843,#844);
#842 = CARTESIAN_POINT('',(16.8,-30.724,-16.5));
#843 = DIRECTION('',(-0.,0.,1.));
#844 = DIRECTION('',(0.,-1.,0.));
#845 = ORIENTED_EDGE('',*,*,#846,.T.);
#846 = EDGE_CURVE('',#838,#847,#849,.T.);
#847 = VERTEX_POINT('',#848);
#848 = CARTESIAN_POINT('',(21.,-33.724,-16.5));
#849 = LINE('',#850,#851);
#850 = CARTESIAN_POINT('',(13.8,-33.724,-16.5));
#851 = VECTOR('',#852,1.);
#852 = DIRECTION('',(1.,6.123233995737E-16,0.));
#853 = ORIENTED_EDGE('',*,*,#854,.F.);
#854 = EDGE_CURVE('',#855,#847,#857,.T.);
#855 = VERTEX_POINT('',#856);
#856 = CARTESIAN_POINT('',(21.,-28.724,-16.5));
#857 = LINE('',#858,#859);
#858 = CARTESIAN_POINT('',(21.,-28.724,-16.5));
#859 = VECTOR('',#860,1.);
#860 = DIRECTION('',(3.673940397442E-16,-1.,2.22044604925E-16));
#861 = ORIENTED_EDGE('',*,*,#862,.T.);
#862 = EDGE_CURVE('',#855,#863,#865,.T.);
#863 = VERTEX_POINT('',#864);
#864 = CARTESIAN_POINT('',(20.8,-28.724,-16.5));
#865 = LINE('',#866,#867);
#866 = CARTESIAN_POINT('',(28.8,-28.724,-16.5));
#867 = VECTOR('',#868,1.);
#868 = DIRECTION('',(-1.,-6.123233995737E-16,0.));
#869 = ORIENTED_EDGE('',*,*,#870,.F.);
#870 = EDGE_CURVE('',#871,#863,#873,.T.);
#871 = VERTEX_POINT('',#872);
#872 = CARTESIAN_POINT('',(18.8,-26.724,-16.5));
#873 = CIRCLE('',#874,2.);
#874 = AXIS2_PLACEMENT_3D('',#875,#876,#877);
#875 = CARTESIAN_POINT('',(20.8,-26.724,-16.5));
#876 = DIRECTION('',(-0.,0.,1.));
#877 = DIRECTION('',(0.,-1.,0.));
#878 = ORIENTED_EDGE('',*,*,#879,.T.);
#879 = EDGE_CURVE('',#871,#880,#882,.T.);
#880 = VERTEX_POINT('',#881);
#881 = CARTESIAN_POINT('',(18.8,10.652273101108,-16.5));
#882 = LINE('',#883,#884);
#883 = CARTESIAN_POINT('',(18.8,-28.724,-16.5));
#884 = VECTOR('',#885,1.);
#885 = DIRECTION('',(-6.123233995737E-16,1.,0.));
#886 = ORIENTED_EDGE('',*,*,#887,.T.);
#887 = EDGE_CURVE('',#880,#888,#890,.T.);
#888 = VERTEX_POINT('',#889);
#889 = CARTESIAN_POINT('',(18.044363426966,12.642959617789,-16.5));
#890 = CIRCLE('',#891,3.);
#891 = AXIS2_PLACEMENT_3D('',#892,#893,#894);
#892 = CARTESIAN_POINT('',(15.8,10.652273101108,-16.5));
#893 = DIRECTION('',(-0.,0.,1.));
#894 = DIRECTION('',(0.,-1.,0.));
#895 = ORIENTED_EDGE('',*,*,#896,.T.);
#896 = EDGE_CURVE('',#888,#897,#899,.T.);
#897 = VERTEX_POINT('',#898);
#898 = CARTESIAN_POINT('',(14.386734970957,16.766686516681,-16.5));
#899 = LINE('',#900,#901);
#900 = CARTESIAN_POINT('',(18.8,11.791030861361,-16.5));
#901 = VECTOR('',#902,1.);
#902 = DIRECTION('',(-0.663562172227,0.748121142322,-0.));
#903 = ORIENTED_EDGE('',*,*,#904,.T.);
#904 = EDGE_CURVE('',#897,#905,#907,.T.);
#905 = VERTEX_POINT('',#906);
#906 = CARTESIAN_POINT('',(12.142371543991,17.776,-16.5));
#907 = CIRCLE('',#908,3.);
#908 = AXIS2_PLACEMENT_3D('',#909,#910,#911);
#909 = CARTESIAN_POINT('',(12.142371543991,14.776,-16.5));
#910 = DIRECTION('',(-0.,0.,1.));
#911 = DIRECTION('',(0.,-1.,0.));
#912 = ORIENTED_EDGE('',*,*,#913,.T.);
#913 = EDGE_CURVE('',#905,#914,#916,.T.);
#914 = VERTEX_POINT('',#915);
#915 = CARTESIAN_POINT('',(-10.15424868893,17.776,-16.5));
#916 = LINE('',#917,#918);
#917 = CARTESIAN_POINT('',(13.491502622129,17.776,-16.5));
#918 = VECTOR('',#919,1.);
#919 = DIRECTION('',(-1.,-6.123233995737E-16,0.));
#920 = ORIENTED_EDGE('',*,*,#921,.F.);
#921 = EDGE_CURVE('',#922,#914,#924,.T.);
#922 = VERTEX_POINT('',#923);
#923 = CARTESIAN_POINT('',(-12.40424868893,16.760313483298,-16.5));
#924 = CIRCLE('',#925,3.);
#925 = AXIS2_PLACEMENT_3D('',#926,#927,#928);
#926 = CARTESIAN_POINT('',(-10.15424868893,14.776,-16.5));
#927 = DIRECTION('',(-0.,-0.,-1.));
#928 = DIRECTION('',(0.,-1.,0.));
#929 = ORIENTED_EDGE('',*,*,#930,.T.);
#930 = EDGE_CURVE('',#922,#931,#933,.T.);
#931 = VERTEX_POINT('',#932);
#932 = CARTESIAN_POINT('',(-16.05,12.626420064271,-16.5));
#933 = LINE('',#934,#935);
#934 = CARTESIAN_POINT('',(-11.50849737787,17.776,-16.5));
#935 = VECTOR('',#936,1.);
#936 = DIRECTION('',(-0.661437827766,-0.75,0.));
#937 = ORIENTED_EDGE('',*,*,#938,.F.);
#938 = EDGE_CURVE('',#939,#931,#941,.T.);
#939 = VERTEX_POINT('',#940);
#940 = CARTESIAN_POINT('',(-16.8,10.642106580972,-16.5));
#941 = CIRCLE('',#942,3.);
#942 = AXIS2_PLACEMENT_3D('',#943,#944,#945);
#943 = CARTESIAN_POINT('',(-13.8,10.642106580972,-16.5));
#944 = DIRECTION('',(-0.,-0.,-1.));
#945 = DIRECTION('',(0.,-1.,0.));
#946 = ORIENTED_EDGE('',*,*,#947,.T.);
#947 = EDGE_CURVE('',#939,#457,#948,.T.);
#948 = LINE('',#949,#950);
#949 = CARTESIAN_POINT('',(-16.8,11.776,-16.5));
#950 = VECTOR('',#951,1.);
#951 = DIRECTION('',(6.123233995737E-16,-1.,0.));
#952 = ORIENTED_EDGE('',*,*,#456,.F.);
#953 = ORIENTED_EDGE('',*,*,#71,.T.);
#954 = ORIENTED_EDGE('',*,*,#955,.T.);
#955 = EDGE_CURVE('',#64,#779,#956,.T.);
#956 = LINE('',#957,#958);
#957 = CARTESIAN_POINT('',(-19.,-28.724,-16.5));
#958 = VECTOR('',#959,1.);
#959 = DIRECTION('',(2.449293598295E-16,-1.,2.22044604925E-16));
#960 = FACE_BOUND('',#961,.T.);
#961 = EDGE_LOOP('',(#962));
#962 = ORIENTED_EDGE('',*,*,#963,.F.);
#963 = EDGE_CURVE('',#964,#964,#966,.T.);
#964 = VERTEX_POINT('',#965);
#965 = CARTESIAN_POINT('',(-12.55,-25.224,-16.5));
#966 = CIRCLE('',#967,1.45);
#967 = AXIS2_PLACEMENT_3D('',#968,#969,#970);
#968 = CARTESIAN_POINT('',(-14.,-25.224,-16.5));
#969 = DIRECTION('',(0.,-0.,1.));
#970 = DIRECTION('',(1.,2.449293598295E-16,0.));
#971 = FACE_BOUND('',#972,.T.);
#972 = EDGE_LOOP('',(#973));
#973 = ORIENTED_EDGE('',*,*,#974,.F.);
#974 = EDGE_CURVE('',#975,#975,#977,.T.);
#975 = VERTEX_POINT('',#976);
#976 = CARTESIAN_POINT('',(-12.55,-8.224,-16.5));
#977 = CIRCLE('',#978,1.45);
#978 = AXIS2_PLACEMENT_3D('',#979,#980,#981);
#979 = CARTESIAN_POINT('',(-14.,-8.224,-16.5));
#980 = DIRECTION('',(0.,-0.,1.));
#981 = DIRECTION('',(1.,2.449293598295E-16,0.));
#982 = FACE_BOUND('',#983,.T.);
#983 = EDGE_LOOP('',(#984));
#984 = ORIENTED_EDGE('',*,*,#985,.F.);
#985 = EDGE_CURVE('',#986,#986,#988,.T.);
#986 = VERTEX_POINT('',#987);
#987 = CARTESIAN_POINT('',(14.55,-25.224,-16.5));
#988 = CIRCLE('',#989,1.45);
#989 = AXIS2_PLACEMENT_3D('',#990,#991,#992);
#990 = CARTESIAN_POINT('',(16.,-25.224,-16.5));
#991 = DIRECTION('',(0.,0.,1.));
#992 = DIRECTION('',(-1.,-6.123233995737E-16,0.));
#993 = FACE_BOUND('',#994,.T.);
#994 = EDGE_LOOP('',(#995));
#995 = ORIENTED_EDGE('',*,*,#996,.F.);
#996 = EDGE_CURVE('',#997,#997,#999,.T.);
#997 = VERTEX_POINT('',#998);
#998 = CARTESIAN_POINT('',(14.55,-8.224,-16.5));
#999 = CIRCLE('',#1000,1.45);
#1000 = AXIS2_PLACEMENT_3D('',#1001,#1002,#1003);
#1001 = CARTESIAN_POINT('',(16.,-8.224,-16.5));
#1002 = DIRECTION('',(0.,0.,1.));
#1003 = DIRECTION('',(-1.,-6.123233995737E-16,0.));
#1004 = FACE_BOUND('',#1005,.T.);
#1005 = EDGE_LOOP('',(#1006));
#1006 = ORIENTED_EDGE('',*,*,#1007,.F.);
#1007 = EDGE_CURVE('',#1008,#1008,#1010,.T.);
#1008 = VERTEX_POINT('',#1009);
#1009 = CARTESIAN_POINT('',(-12.55,8.776,-16.5));
#1010 = CIRCLE('',#1011,1.45);
#1011 = AXIS2_PLACEMENT_3D('',#1012,#1013,#1014);
#1012 = CARTESIAN_POINT('',(-14.,8.776,-16.5));
#1013 = DIRECTION('',(0.,-0.,1.));
#1014 = DIRECTION('',(1.,2.449293598295E-16,0.));
#1015 = FACE_BOUND('',#1016,.T.);
#1016 = EDGE_LOOP('',(#1017));
#1017 = ORIENTED_EDGE('',*,*,#1018,.F.);
#1018 = EDGE_CURVE('',#1019,#1019,#1021,.T.);
#1019 = VERTEX_POINT('',#1020);
#1020 = CARTESIAN_POINT('',(-6.05,15.076,-16.5));
#1021 = CIRCLE('',#1022,1.45);
#1022 = AXIS2_PLACEMENT_3D('',#1023,#1024,#1025);
#1023 = CARTESIAN_POINT('',(-7.5,15.076,-16.5));
#1024 = DIRECTION('',(0.,-0.,1.));
#1025 = DIRECTION('',(1.,2.449293598295E-16,0.));
#1026 = FACE_BOUND('',#1027,.T.);
#1027 = EDGE_LOOP('',(#1028));
#1028 = ORIENTED_EDGE('',*,*,#1029,.F.);
#1029 = EDGE_CURVE('',#1030,#1030,#1032,.T.);
#1030 = VERTEX_POINT('',#1031);
#1031 = CARTESIAN_POINT('',(14.55,8.776,-16.5));
#1032 = CIRCLE('',#1033,1.45);
#1033 = AXIS2_PLACEMENT_3D('',#1034,#1035,#1036);
#1034 = CARTESIAN_POINT('',(16.,8.776,-16.5));
#1035 = DIRECTION('',(0.,0.,1.));
#1036 = DIRECTION('',(-1.,-6.123233995737E-16,0.));
#1037 = FACE_BOUND('',#1038,.T.);
#1038 = EDGE_LOOP('',(#1039));
#1039 = ORIENTED_EDGE('',*,*,#1040,.F.);
#1040 = EDGE_CURVE('',#1041,#1041,#1043,.T.);
#1041 = VERTEX_POINT('',#1042);
#1042 = CARTESIAN_POINT('',(8.05,15.076,-16.5));
#1043 = CIRCLE('',#1044,1.45);
#1044 = AXIS2_PLACEMENT_3D('',#1045,#1046,#1047);
#1045 = CARTESIAN_POINT('',(9.5,15.076,-16.5));
#1046 = DIRECTION('',(0.,0.,1.));
#1047 = DIRECTION('',(-1.,-6.123233995737E-16,0.));
#1048 = PLANE('',#1049);
#1049 = AXIS2_PLACEMENT_3D('',#1050,#1051,#1052);
#1050 = CARTESIAN_POINT('',(0.999149066909,-8.78751771702,-16.5));
#1051 = DIRECTION('',(0.,0.,1.));
#1052 = DIRECTION('',(1.,6.123233995737E-16,0.));
#1053 = ADVANCED_FACE('',(#1054),#1073,.F.);
#1054 = FACE_BOUND('',#1055,.T.);
#1055 = EDGE_LOOP('',(#1056,#1057,#1065,#1072));
#1056 = ORIENTED_EDGE('',*,*,#593,.T.);
#1057 = ORIENTED_EDGE('',*,*,#1058,.T.);
#1058 = EDGE_CURVE('',#586,#1059,#1061,.T.);
#1059 = VERTEX_POINT('',#1060);
#1060 = CARTESIAN_POINT('',(-16.8,-26.724,14.5));
#1061 = LINE('',#1062,#1063);
#1062 = CARTESIAN_POINT('',(-16.8,-26.724,19.5));
#1063 = VECTOR('',#1064,1.);
#1064 = DIRECTION('',(0.,0.,-1.));
#1065 = ORIENTED_EDGE('',*,*,#1066,.F.);
#1066 = EDGE_CURVE('',#48,#1059,#1067,.T.);
#1067 = CIRCLE('',#1068,2.);
#1068 = AXIS2_PLACEMENT_3D('',#1069,#1070,#1071);
#1069 = CARTESIAN_POINT('',(-18.8,-26.724,14.5));
#1070 = DIRECTION('',(-0.,0.,1.));
#1071 = DIRECTION('',(0.,-1.,0.));
#1072 = ORIENTED_EDGE('',*,*,#47,.F.);
#1073 = CYLINDRICAL_SURFACE('',#1074,2.);
#1074 = AXIS2_PLACEMENT_3D('',#1075,#1076,#1077);
#1075 = CARTESIAN_POINT('',(-18.8,-26.724,19.5));
#1076 = DIRECTION('',(0.,0.,-1.));
#1077 = DIRECTION('',(1.224646799147E-16,-1.,0.));
#1078 = ADVANCED_FACE('',(#1079),#1097,.T.);
#1079 = FACE_BOUND('',#1080,.T.);
#1080 = EDGE_LOOP('',(#1081,#1089,#1095,#1096));
#1081 = ORIENTED_EDGE('',*,*,#1082,.T.);
#1082 = EDGE_CURVE('',#56,#1083,#1085,.T.);
#1083 = VERTEX_POINT('',#1084);
#1084 = CARTESIAN_POINT('',(-19.,-33.724,14.5));
#1085 = LINE('',#1086,#1087);
#1086 = CARTESIAN_POINT('',(-19.,-28.724,14.5));
#1087 = VECTOR('',#1088,1.);
#1088 = DIRECTION('',(2.449293598295E-16,-1.,2.22044604925E-16));
#1089 = ORIENTED_EDGE('',*,*,#1090,.T.);
#1090 = EDGE_CURVE('',#1083,#779,#1091,.T.);
#1091 = LINE('',#1092,#1093);
#1092 = CARTESIAN_POINT('',(-19.,-33.724,14.5));
#1093 = VECTOR('',#1094,1.);
#1094 = DIRECTION('',(5.438524293788E-32,-2.22044604925E-16,-1.));
#1095 = ORIENTED_EDGE('',*,*,#955,.F.);
#1096 = ORIENTED_EDGE('',*,*,#63,.F.);
#1097 = PLANE('',#1098);
#1098 = AXIS2_PLACEMENT_3D('',#1099,#1100,#1101);
#1099 = CARTESIAN_POINT('',(-19.,-28.724,14.5));
#1100 = DIRECTION('',(1.,2.449293598295E-16,0.));
#1101 = DIRECTION('',(5.438524293788E-32,-2.22044604925E-16,-1.));
#1102 = ADVANCED_FACE('',(#1103,#1281,#1292,#1303,#1314,#1325,#1336,
    #1347,#1358),#1369,.F.);
#1103 = FACE_BOUND('',#1104,.F.);
#1104 = EDGE_LOOP('',(#1105,#1113,#1122,#1130,#1138,#1146,#1154,#1162,
    #1171,#1179,#1187,#1195,#1204,#1212,#1221,#1229,#1238,#1246,#1255,
    #1263,#1272,#1278,#1279,#1280));
#1105 = ORIENTED_EDGE('',*,*,#1106,.T.);
#1106 = EDGE_CURVE('',#1083,#1107,#1109,.T.);
#1107 = VERTEX_POINT('',#1108);
#1108 = CARTESIAN_POINT('',(-14.8,-33.724,14.5));
#1109 = LINE('',#1110,#1111);
#1110 = CARTESIAN_POINT('',(-26.8,-33.724,14.5));
#1111 = VECTOR('',#1112,1.);
#1112 = DIRECTION('',(1.,2.449293598295E-16,0.));
#1113 = ORIENTED_EDGE('',*,*,#1114,.T.);
#1114 = EDGE_CURVE('',#1107,#1115,#1117,.T.);
#1115 = VERTEX_POINT('',#1116);
#1116 = CARTESIAN_POINT('',(-11.8,-30.724,14.5));
#1117 = CIRCLE('',#1118,3.);
#1118 = AXIS2_PLACEMENT_3D('',#1119,#1120,#1121);
#1119 = CARTESIAN_POINT('',(-14.8,-30.724,14.5));
#1120 = DIRECTION('',(-0.,0.,1.));
#1121 = DIRECTION('',(0.,-1.,0.));
#1122 = ORIENTED_EDGE('',*,*,#1123,.T.);
#1123 = EDGE_CURVE('',#1115,#1124,#1126,.T.);
#1124 = VERTEX_POINT('',#1125);
#1125 = CARTESIAN_POINT('',(-11.8,8.776,14.5));
#1126 = LINE('',#1127,#1128);
#1127 = CARTESIAN_POINT('',(-11.8,-33.724,14.5));
#1128 = VECTOR('',#1129,1.);
#1129 = DIRECTION('',(-2.449293598295E-16,1.,0.));
#1130 = ORIENTED_EDGE('',*,*,#1131,.T.);
#1131 = EDGE_CURVE('',#1124,#1132,#1134,.T.);
#1132 = VERTEX_POINT('',#1133);
#1133 = CARTESIAN_POINT('',(-8.8,12.776,14.5));
#1134 = LINE('',#1135,#1136);
#1135 = CARTESIAN_POINT('',(-11.8,8.776,14.5));
#1136 = VECTOR('',#1137,1.);
#1137 = DIRECTION('',(0.6,0.8,0.));
#1138 = ORIENTED_EDGE('',*,*,#1139,.T.);
#1139 = EDGE_CURVE('',#1132,#1140,#1142,.T.);
#1140 = VERTEX_POINT('',#1141);
#1141 = CARTESIAN_POINT('',(10.7,12.776,14.5));
#1142 = LINE('',#1143,#1144);
#1143 = CARTESIAN_POINT('',(-8.8,12.776,14.5));
#1144 = VECTOR('',#1145,1.);
#1145 = DIRECTION('',(1.,2.449293598295E-16,0.));
#1146 = ORIENTED_EDGE('',*,*,#1147,.T.);
#1147 = EDGE_CURVE('',#1140,#1148,#1150,.T.);
#1148 = VERTEX_POINT('',#1149);
#1149 = CARTESIAN_POINT('',(13.8,8.852990950813,14.5));
#1150 = LINE('',#1151,#1152);
#1151 = CARTESIAN_POINT('',(10.7,12.776,14.5));
#1152 = VECTOR('',#1153,1.);
#1153 = DIRECTION('',(0.62,-0.784601809837,0.));
#1154 = ORIENTED_EDGE('',*,*,#1155,.T.);
#1155 = EDGE_CURVE('',#1148,#1156,#1158,.T.);
#1156 = VERTEX_POINT('',#1157);
#1157 = CARTESIAN_POINT('',(13.8,-30.724,14.5));
#1158 = LINE('',#1159,#1160);
#1159 = CARTESIAN_POINT('',(13.8,8.852990950813,14.5));
#1160 = VECTOR('',#1161,1.);
#1161 = DIRECTION('',(2.449293598295E-16,-1.,0.));
#1162 = ORIENTED_EDGE('',*,*,#1163,.F.);
#1163 = EDGE_CURVE('',#1164,#1156,#1166,.T.);
#1164 = VERTEX_POINT('',#1165);
#1165 = CARTESIAN_POINT('',(16.8,-33.724,14.5));
#1166 = CIRCLE('',#1167,3.);
#1167 = AXIS2_PLACEMENT_3D('',#1168,#1169,#1170);
#1168 = CARTESIAN_POINT('',(16.8,-30.724,14.5));
#1169 = DIRECTION('',(-0.,-0.,-1.));
#1170 = DIRECTION('',(0.,-1.,0.));
#1171 = ORIENTED_EDGE('',*,*,#1172,.T.);
#1172 = EDGE_CURVE('',#1164,#1173,#1175,.T.);
#1173 = VERTEX_POINT('',#1174);
#1174 = CARTESIAN_POINT('',(21.,-33.724,14.5));
#1175 = LINE('',#1176,#1177);
#1176 = CARTESIAN_POINT('',(13.8,-33.724,14.5));
#1177 = VECTOR('',#1178,1.);
#1178 = DIRECTION('',(1.,2.449293598295E-16,0.));
#1179 = ORIENTED_EDGE('',*,*,#1180,.F.);
#1180 = EDGE_CURVE('',#1181,#1173,#1183,.T.);
#1181 = VERTEX_POINT('',#1182);
#1182 = CARTESIAN_POINT('',(21.,-28.724,14.5));
#1183 = LINE('',#1184,#1185);
#1184 = CARTESIAN_POINT('',(21.,-28.724,14.5));
#1185 = VECTOR('',#1186,1.);
#1186 = DIRECTION('',(3.673940397442E-16,-1.,2.22044604925E-16));
#1187 = ORIENTED_EDGE('',*,*,#1188,.T.);
#1188 = EDGE_CURVE('',#1181,#1189,#1191,.T.);
#1189 = VERTEX_POINT('',#1190);
#1190 = CARTESIAN_POINT('',(20.8,-28.724,14.5));
#1191 = LINE('',#1192,#1193);
#1192 = CARTESIAN_POINT('',(28.8,-28.724,14.5));
#1193 = VECTOR('',#1194,1.);
#1194 = DIRECTION('',(-1.,-2.449293598295E-16,0.));
#1195 = ORIENTED_EDGE('',*,*,#1196,.T.);
#1196 = EDGE_CURVE('',#1189,#1197,#1199,.T.);
#1197 = VERTEX_POINT('',#1198);
#1198 = CARTESIAN_POINT('',(18.8,-26.724,14.5));
#1199 = CIRCLE('',#1200,2.);
#1200 = AXIS2_PLACEMENT_3D('',#1201,#1202,#1203);
#1201 = CARTESIAN_POINT('',(20.8,-26.724,14.5));
#1202 = DIRECTION('',(-0.,-0.,-1.));
#1203 = DIRECTION('',(0.,-1.,0.));
#1204 = ORIENTED_EDGE('',*,*,#1205,.T.);
#1205 = EDGE_CURVE('',#1197,#1206,#1208,.T.);
#1206 = VERTEX_POINT('',#1207);
#1207 = CARTESIAN_POINT('',(18.8,10.652273101108,14.5));
#1208 = LINE('',#1209,#1210);
#1209 = CARTESIAN_POINT('',(18.8,-28.724,14.5));
#1210 = VECTOR('',#1211,1.);
#1211 = DIRECTION('',(-2.449293598295E-16,1.,0.));
#1212 = ORIENTED_EDGE('',*,*,#1213,.F.);
#1213 = EDGE_CURVE('',#1214,#1206,#1216,.T.);
#1214 = VERTEX_POINT('',#1215);
#1215 = CARTESIAN_POINT('',(18.044363426966,12.642959617789,14.5));
#1216 = CIRCLE('',#1217,3.);
#1217 = AXIS2_PLACEMENT_3D('',#1218,#1219,#1220);
#1218 = CARTESIAN_POINT('',(15.8,10.652273101108,14.5));
#1219 = DIRECTION('',(-0.,-0.,-1.));
#1220 = DIRECTION('',(0.,-1.,0.));
#1221 = ORIENTED_EDGE('',*,*,#1222,.T.);
#1222 = EDGE_CURVE('',#1214,#1223,#1225,.T.);
#1223 = VERTEX_POINT('',#1224);
#1224 = CARTESIAN_POINT('',(14.386734970957,16.766686516681,14.5));
#1225 = LINE('',#1226,#1227);
#1226 = CARTESIAN_POINT('',(18.8,11.791030861361,14.5));
#1227 = VECTOR('',#1228,1.);
#1228 = DIRECTION('',(-0.663562172227,0.748121142322,-0.));
#1229 = ORIENTED_EDGE('',*,*,#1230,.F.);
#1230 = EDGE_CURVE('',#1231,#1223,#1233,.T.);
#1231 = VERTEX_POINT('',#1232);
#1232 = CARTESIAN_POINT('',(12.142371543991,17.776,14.5));
#1233 = CIRCLE('',#1234,3.);
#1234 = AXIS2_PLACEMENT_3D('',#1235,#1236,#1237);
#1235 = CARTESIAN_POINT('',(12.142371543991,14.776,14.5));
#1236 = DIRECTION('',(-0.,-0.,-1.));
#1237 = DIRECTION('',(0.,-1.,0.));
#1238 = ORIENTED_EDGE('',*,*,#1239,.T.);
#1239 = EDGE_CURVE('',#1231,#1240,#1242,.T.);
#1240 = VERTEX_POINT('',#1241);
#1241 = CARTESIAN_POINT('',(-10.15424868893,17.776,14.5));
#1242 = LINE('',#1243,#1244);
#1243 = CARTESIAN_POINT('',(13.491502622129,17.776,14.5));
#1244 = VECTOR('',#1245,1.);
#1245 = DIRECTION('',(-1.,-2.449293598295E-16,0.));
#1246 = ORIENTED_EDGE('',*,*,#1247,.F.);
#1247 = EDGE_CURVE('',#1248,#1240,#1250,.T.);
#1248 = VERTEX_POINT('',#1249);
#1249 = CARTESIAN_POINT('',(-12.40424868893,16.760313483298,14.5));
#1250 = CIRCLE('',#1251,3.);
#1251 = AXIS2_PLACEMENT_3D('',#1252,#1253,#1254);
#1252 = CARTESIAN_POINT('',(-10.15424868893,14.776,14.5));
#1253 = DIRECTION('',(-0.,-0.,-1.));
#1254 = DIRECTION('',(0.,-1.,0.));
#1255 = ORIENTED_EDGE('',*,*,#1256,.T.);
#1256 = EDGE_CURVE('',#1248,#1257,#1259,.T.);
#1257 = VERTEX_POINT('',#1258);
#1258 = CARTESIAN_POINT('',(-16.05,12.626420064271,14.5));
#1259 = LINE('',#1260,#1261);
#1260 = CARTESIAN_POINT('',(-11.50849737787,17.776,14.5));
#1261 = VECTOR('',#1262,1.);
#1262 = DIRECTION('',(-0.661437827766,-0.75,0.));
#1263 = ORIENTED_EDGE('',*,*,#1264,.F.);
#1264 = EDGE_CURVE('',#1265,#1257,#1267,.T.);
#1265 = VERTEX_POINT('',#1266);
#1266 = CARTESIAN_POINT('',(-16.8,10.642106580972,14.5));
#1267 = CIRCLE('',#1268,3.);
#1268 = AXIS2_PLACEMENT_3D('',#1269,#1270,#1271);
#1269 = CARTESIAN_POINT('',(-13.8,10.642106580972,14.5));
#1270 = DIRECTION('',(-0.,-0.,-1.));
#1271 = DIRECTION('',(0.,-1.,0.));
#1272 = ORIENTED_EDGE('',*,*,#1273,.T.);
#1273 = EDGE_CURVE('',#1265,#1059,#1274,.T.);
#1274 = LINE('',#1275,#1276);
#1275 = CARTESIAN_POINT('',(-16.8,11.776,14.5));
#1276 = VECTOR('',#1277,1.);
#1277 = DIRECTION('',(2.449293598295E-16,-1.,0.));
#1278 = ORIENTED_EDGE('',*,*,#1066,.F.);
#1279 = ORIENTED_EDGE('',*,*,#55,.T.);
#1280 = ORIENTED_EDGE('',*,*,#1082,.T.);
#1281 = FACE_BOUND('',#1282,.F.);
#1282 = EDGE_LOOP('',(#1283));
#1283 = ORIENTED_EDGE('',*,*,#1284,.T.);
#1284 = EDGE_CURVE('',#1285,#1285,#1287,.T.);
#1285 = VERTEX_POINT('',#1286);
#1286 = CARTESIAN_POINT('',(-12.55,-25.224,14.5));
#1287 = CIRCLE('',#1288,1.45);
#1288 = AXIS2_PLACEMENT_3D('',#1289,#1290,#1291);
#1289 = CARTESIAN_POINT('',(-14.,-25.224,14.5));
#1290 = DIRECTION('',(0.,0.,-1.));
#1291 = DIRECTION('',(1.,1.224646799147E-16,0.));
#1292 = FACE_BOUND('',#1293,.F.);
#1293 = EDGE_LOOP('',(#1294));
#1294 = ORIENTED_EDGE('',*,*,#1295,.T.);
#1295 = EDGE_CURVE('',#1296,#1296,#1298,.T.);
#1296 = VERTEX_POINT('',#1297);
#1297 = CARTESIAN_POINT('',(-12.55,-8.224,14.5));
#1298 = CIRCLE('',#1299,1.45);
#1299 = AXIS2_PLACEMENT_3D('',#1300,#1301,#1302);
#1300 = CARTESIAN_POINT('',(-14.,-8.224,14.5));
#1301 = DIRECTION('',(0.,0.,-1.));
#1302 = DIRECTION('',(1.,1.224646799147E-16,0.));
#1303 = FACE_BOUND('',#1304,.F.);
#1304 = EDGE_LOOP('',(#1305));
#1305 = ORIENTED_EDGE('',*,*,#1306,.F.);
#1306 = EDGE_CURVE('',#1307,#1307,#1309,.T.);
#1307 = VERTEX_POINT('',#1308);
#1308 = CARTESIAN_POINT('',(14.55,-25.224,14.5));
#1309 = CIRCLE('',#1310,1.45);
#1310 = AXIS2_PLACEMENT_3D('',#1311,#1312,#1313);
#1311 = CARTESIAN_POINT('',(16.,-25.224,14.5));
#1312 = DIRECTION('',(0.,0.,1.));
#1313 = DIRECTION('',(-1.,-6.123233995737E-16,0.));
#1314 = FACE_BOUND('',#1315,.F.);
#1315 = EDGE_LOOP('',(#1316));
#1316 = ORIENTED_EDGE('',*,*,#1317,.F.);
#1317 = EDGE_CURVE('',#1318,#1318,#1320,.T.);
#1318 = VERTEX_POINT('',#1319);
#1319 = CARTESIAN_POINT('',(14.55,-8.224,14.5));
#1320 = CIRCLE('',#1321,1.45);
#1321 = AXIS2_PLACEMENT_3D('',#1322,#1323,#1324);
#1322 = CARTESIAN_POINT('',(16.,-8.224,14.5));
#1323 = DIRECTION('',(0.,0.,1.));
#1324 = DIRECTION('',(-1.,-6.123233995737E-16,0.));
#1325 = FACE_BOUND('',#1326,.F.);
#1326 = EDGE_LOOP('',(#1327));
#1327 = ORIENTED_EDGE('',*,*,#1328,.T.);
#1328 = EDGE_CURVE('',#1329,#1329,#1331,.T.);
#1329 = VERTEX_POINT('',#1330);
#1330 = CARTESIAN_POINT('',(-12.55,8.776,14.5));
#1331 = CIRCLE('',#1332,1.45);
#1332 = AXIS2_PLACEMENT_3D('',#1333,#1334,#1335);
#1333 = CARTESIAN_POINT('',(-14.,8.776,14.5));
#1334 = DIRECTION('',(0.,0.,-1.));
#1335 = DIRECTION('',(1.,1.224646799147E-16,0.));
#1336 = FACE_BOUND('',#1337,.F.);
#1337 = EDGE_LOOP('',(#1338));
#1338 = ORIENTED_EDGE('',*,*,#1339,.T.);
#1339 = EDGE_CURVE('',#1340,#1340,#1342,.T.);
#1340 = VERTEX_POINT('',#1341);
#1341 = CARTESIAN_POINT('',(-6.05,15.076,14.5));
#1342 = CIRCLE('',#1343,1.45);
#1343 = AXIS2_PLACEMENT_3D('',#1344,#1345,#1346);
#1344 = CARTESIAN_POINT('',(-7.5,15.076,14.5));
#1345 = DIRECTION('',(0.,0.,-1.));
#1346 = DIRECTION('',(1.,1.224646799147E-16,0.));
#1347 = FACE_BOUND('',#1348,.F.);
#1348 = EDGE_LOOP('',(#1349));
#1349 = ORIENTED_EDGE('',*,*,#1350,.F.);
#1350 = EDGE_CURVE('',#1351,#1351,#1353,.T.);
#1351 = VERTEX_POINT('',#1352);
#1352 = CARTESIAN_POINT('',(14.55,8.776,14.5));
#1353 = CIRCLE('',#1354,1.45);
#1354 = AXIS2_PLACEMENT_3D('',#1355,#1356,#1357);
#1355 = CARTESIAN_POINT('',(16.,8.776,14.5));
#1356 = DIRECTION('',(0.,0.,1.));
#1357 = DIRECTION('',(-1.,-6.123233995737E-16,0.));
#1358 = FACE_BOUND('',#1359,.F.);
#1359 = EDGE_LOOP('',(#1360));
#1360 = ORIENTED_EDGE('',*,*,#1361,.F.);
#1361 = EDGE_CURVE('',#1362,#1362,#1364,.T.);
#1362 = VERTEX_POINT('',#1363);
#1363 = CARTESIAN_POINT('',(8.05,15.076,14.5));
#1364 = CIRCLE('',#1365,1.45);
#1365 = AXIS2_PLACEMENT_3D('',#1366,#1367,#1368);
#1366 = CARTESIAN_POINT('',(9.5,15.076,14.5));
#1367 = DIRECTION('',(0.,0.,1.));
#1368 = DIRECTION('',(-1.,-6.123233995737E-16,0.));
#1369 = PLANE('',#1370);
#1370 = AXIS2_PLACEMENT_3D('',#1371,#1372,#1373);
#1371 = CARTESIAN_POINT('',(0.999149066909,-8.78751771702,14.5));
#1372 = DIRECTION('',(0.,0.,1.));
#1373 = DIRECTION('',(1.,2.449293598295E-16,0.));
#1374 = ADVANCED_FACE('',(#1375),#1394,.F.);
#1375 = FACE_BOUND('',#1376,.T.);
#1376 = EDGE_LOOP('',(#1377,#1385,#1386,#1387));
#1377 = ORIENTED_EDGE('',*,*,#1378,.F.);
#1378 = EDGE_CURVE('',#88,#1379,#1381,.T.);
#1379 = VERTEX_POINT('',#1380);
#1380 = CARTESIAN_POINT('',(-21.05,-33.724,17.));
#1381 = LINE('',#1382,#1383);
#1382 = CARTESIAN_POINT('',(-21.05,-28.724,17.));
#1383 = VECTOR('',#1384,1.);
#1384 = DIRECTION('',(1.594721140689E-16,-1.,2.22044604925E-16));
#1385 = ORIENTED_EDGE('',*,*,#87,.T.);
#1386 = ORIENTED_EDGE('',*,*,#1378,.T.);
#1387 = ORIENTED_EDGE('',*,*,#1388,.T.);
#1388 = EDGE_CURVE('',#1379,#1379,#1389,.T.);
#1389 = CIRCLE('',#1390,1.45);
#1390 = AXIS2_PLACEMENT_3D('',#1391,#1392,#1393);
#1391 = CARTESIAN_POINT('',(-22.5,-33.724,17.));
#1392 = DIRECTION('',(2.449293598295E-16,-1.,2.22044604925E-16));
#1393 = DIRECTION('',(1.,2.449293598295E-16,0.));
#1394 = CYLINDRICAL_SURFACE('',#1395,1.45);
#1395 = AXIS2_PLACEMENT_3D('',#1396,#1397,#1398);
#1396 = CARTESIAN_POINT('',(-22.5,-28.724,17.));
#1397 = DIRECTION('',(2.449293598295E-16,-1.,2.22044604925E-16));
#1398 = DIRECTION('',(1.,2.449293598295E-16,0.));
#1399 = ADVANCED_FACE('',(#1400),#1419,.F.);
#1400 = FACE_BOUND('',#1401,.T.);
#1401 = EDGE_LOOP('',(#1402,#1410,#1411,#1412));
#1402 = ORIENTED_EDGE('',*,*,#1403,.F.);
#1403 = EDGE_CURVE('',#99,#1404,#1406,.T.);
#1404 = VERTEX_POINT('',#1405);
#1405 = CARTESIAN_POINT('',(-21.05,-33.724,-19.));
#1406 = LINE('',#1407,#1408);
#1407 = CARTESIAN_POINT('',(-21.05,-28.724,-19.));
#1408 = VECTOR('',#1409,1.);
#1409 = DIRECTION('',(4.044014738984E-16,-1.,2.22044604925E-16));
#1410 = ORIENTED_EDGE('',*,*,#98,.T.);
#1411 = ORIENTED_EDGE('',*,*,#1403,.T.);
#1412 = ORIENTED_EDGE('',*,*,#1413,.T.);
#1413 = EDGE_CURVE('',#1404,#1404,#1414,.T.);
#1414 = CIRCLE('',#1415,1.45);
#1415 = AXIS2_PLACEMENT_3D('',#1416,#1417,#1418);
#1416 = CARTESIAN_POINT('',(-22.5,-33.724,-19.));
#1417 = DIRECTION('',(4.898587196589E-16,-1.,2.22044604925E-16));
#1418 = DIRECTION('',(1.,4.898587196589E-16,0.));
#1419 = CYLINDRICAL_SURFACE('',#1420,1.45);
#1420 = AXIS2_PLACEMENT_3D('',#1421,#1422,#1423);
#1421 = CARTESIAN_POINT('',(-22.5,-28.724,-19.));
#1422 = DIRECTION('',(4.898587196589E-16,-1.,2.22044604925E-16));
#1423 = DIRECTION('',(1.,4.898587196589E-16,0.));
#1424 = ADVANCED_FACE('',(#1425),#1444,.F.);
#1425 = FACE_BOUND('',#1426,.T.);
#1426 = EDGE_LOOP('',(#1427,#1435,#1436,#1437));
#1427 = ORIENTED_EDGE('',*,*,#1428,.F.);
#1428 = EDGE_CURVE('',#110,#1429,#1431,.T.);
#1429 = VERTEX_POINT('',#1430);
#1430 = CARTESIAN_POINT('',(-21.05,-33.724,-1.5));
#1431 = LINE('',#1432,#1433);
#1432 = CARTESIAN_POINT('',(-21.05,-28.724,-1.5));
#1433 = VECTOR('',#1434,1.);
#1434 = DIRECTION('',(3.700743415417E-17,-1.,2.22044604925E-16));
#1435 = ORIENTED_EDGE('',*,*,#109,.T.);
#1436 = ORIENTED_EDGE('',*,*,#1428,.T.);
#1437 = ORIENTED_EDGE('',*,*,#1438,.T.);
#1438 = EDGE_CURVE('',#1429,#1429,#1439,.T.);
#1439 = CIRCLE('',#1440,1.45);
#1440 = AXIS2_PLACEMENT_3D('',#1441,#1442,#1443);
#1441 = CARTESIAN_POINT('',(-22.5,-33.724,-1.5));
#1442 = DIRECTION('',(1.224646799147E-16,-1.,2.22044604925E-16));
#1443 = DIRECTION('',(1.,1.224646799147E-16,0.));
#1444 = CYLINDRICAL_SURFACE('',#1445,1.45);
#1445 = AXIS2_PLACEMENT_3D('',#1446,#1447,#1448);
#1446 = CARTESIAN_POINT('',(-22.5,-28.724,-1.5));
#1447 = DIRECTION('',(1.224646799147E-16,-1.,2.22044604925E-16));
#1448 = DIRECTION('',(1.,1.224646799147E-16,0.));
#1449 = ADVANCED_FACE('',(#1450),#1466,.T.);
#1450 = FACE_BOUND('',#1451,.T.);
#1451 = EDGE_LOOP('',(#1452,#1453,#1459,#1460));
#1452 = ORIENTED_EDGE('',*,*,#126,.T.);
#1453 = ORIENTED_EDGE('',*,*,#1454,.F.);
#1454 = EDGE_CURVE('',#484,#129,#1455,.T.);
#1455 = LINE('',#1456,#1457);
#1456 = CARTESIAN_POINT('',(28.8,-30.724,19.5));
#1457 = VECTOR('',#1458,1.);
#1458 = DIRECTION('',(0.,0.,-1.));
#1459 = ORIENTED_EDGE('',*,*,#481,.F.);
#1460 = ORIENTED_EDGE('',*,*,#1461,.T.);
#1461 = EDGE_CURVE('',#482,#127,#1462,.T.);
#1462 = LINE('',#1463,#1464);
#1463 = CARTESIAN_POINT('',(28.8,-33.724,19.5));
#1464 = VECTOR('',#1465,1.);
#1465 = DIRECTION('',(0.,0.,-1.));
#1466 = PLANE('',#1467);
#1467 = AXIS2_PLACEMENT_3D('',#1468,#1469,#1470);
#1468 = CARTESIAN_POINT('',(28.8,-31.224,-1.));
#1469 = DIRECTION('',(1.,1.224646799147E-16,0.));
#1470 = DIRECTION('',(0.,0.,-1.));
#1471 = ADVANCED_FACE('',(#1472),#1483,.T.);
#1472 = FACE_BOUND('',#1473,.T.);
#1473 = EDGE_LOOP('',(#1474,#1475,#1476,#1477));
#1474 = ORIENTED_EDGE('',*,*,#491,.T.);
#1475 = ORIENTED_EDGE('',*,*,#1454,.T.);
#1476 = ORIENTED_EDGE('',*,*,#136,.F.);
#1477 = ORIENTED_EDGE('',*,*,#1478,.F.);
#1478 = EDGE_CURVE('',#492,#137,#1479,.T.);
#1479 = LINE('',#1480,#1481);
#1480 = CARTESIAN_POINT('',(26.8,-28.724,19.5));
#1481 = VECTOR('',#1482,1.);
#1482 = DIRECTION('',(0.,0.,-1.));
#1483 = CYLINDRICAL_SURFACE('',#1484,2.);
#1484 = AXIS2_PLACEMENT_3D('',#1485,#1486,#1487);
#1485 = CARTESIAN_POINT('',(26.8,-30.724,19.5));
#1486 = DIRECTION('',(0.,0.,-1.));
#1487 = DIRECTION('',(-3.876806625282E-16,1.,0.));
#1488 = ADVANCED_FACE('',(#1489,#1514,#1525,#1536),#1547,.T.);
#1489 = FACE_BOUND('',#1490,.T.);
#1490 = EDGE_LOOP('',(#1491,#1492,#1498,#1499,#1500,#1501,#1507,#1508));
#1491 = ORIENTED_EDGE('',*,*,#846,.F.);
#1492 = ORIENTED_EDGE('',*,*,#1493,.T.);
#1493 = EDGE_CURVE('',#838,#321,#1494,.T.);
#1494 = LINE('',#1495,#1496);
#1495 = CARTESIAN_POINT('',(16.8,-33.724,-16.5));
#1496 = VECTOR('',#1497,1.);
#1497 = DIRECTION('',(0.,0.,-1.));
#1498 = ORIENTED_EDGE('',*,*,#329,.T.);
#1499 = ORIENTED_EDGE('',*,*,#1461,.F.);
#1500 = ORIENTED_EDGE('',*,*,#676,.F.);
#1501 = ORIENTED_EDGE('',*,*,#1502,.T.);
#1502 = EDGE_CURVE('',#668,#1164,#1503,.T.);
#1503 = LINE('',#1504,#1505);
#1504 = CARTESIAN_POINT('',(16.8,-33.724,19.5));
#1505 = VECTOR('',#1506,1.);
#1506 = DIRECTION('',(0.,0.,-1.));
#1507 = ORIENTED_EDGE('',*,*,#1172,.T.);
#1508 = ORIENTED_EDGE('',*,*,#1509,.T.);
#1509 = EDGE_CURVE('',#1173,#847,#1510,.T.);
#1510 = LINE('',#1511,#1512);
#1511 = CARTESIAN_POINT('',(21.,-33.724,14.5));
#1512 = VECTOR('',#1513,1.);
#1513 = DIRECTION('',(8.157786440681E-32,-2.22044604925E-16,-1.));
#1514 = FACE_BOUND('',#1515,.T.);
#1515 = EDGE_LOOP('',(#1516));
#1516 = ORIENTED_EDGE('',*,*,#1517,.F.);
#1517 = EDGE_CURVE('',#1518,#1518,#1520,.T.);
#1518 = VERTEX_POINT('',#1519);
#1519 = CARTESIAN_POINT('',(23.05,-33.724,17.));
#1520 = CIRCLE('',#1521,1.45);
#1521 = AXIS2_PLACEMENT_3D('',#1522,#1523,#1524);
#1522 = CARTESIAN_POINT('',(24.5,-33.724,17.));
#1523 = DIRECTION('',(4.898587196589E-16,-1.,2.22044604925E-16));
#1524 = DIRECTION('',(-1.,-4.898587196589E-16,0.));
#1525 = FACE_BOUND('',#1526,.T.);
#1526 = EDGE_LOOP('',(#1527));
#1527 = ORIENTED_EDGE('',*,*,#1528,.F.);
#1528 = EDGE_CURVE('',#1529,#1529,#1531,.T.);
#1529 = VERTEX_POINT('',#1530);
#1530 = CARTESIAN_POINT('',(23.05,-33.724,-1.5));
#1531 = CIRCLE('',#1532,1.45);
#1532 = AXIS2_PLACEMENT_3D('',#1533,#1534,#1535);
#1533 = CARTESIAN_POINT('',(24.5,-33.724,-1.5));
#1534 = DIRECTION('',(2.449293598295E-16,-1.,2.22044604925E-16));
#1535 = DIRECTION('',(-1.,-2.449293598295E-16,0.));
#1536 = FACE_BOUND('',#1537,.T.);
#1537 = EDGE_LOOP('',(#1538));
#1538 = ORIENTED_EDGE('',*,*,#1539,.F.);
#1539 = EDGE_CURVE('',#1540,#1540,#1542,.T.);
#1540 = VERTEX_POINT('',#1541);
#1541 = CARTESIAN_POINT('',(23.05,-33.724,-19.));
#1542 = CIRCLE('',#1543,1.45);
#1543 = AXIS2_PLACEMENT_3D('',#1544,#1545,#1546);
#1544 = CARTESIAN_POINT('',(24.5,-33.724,-19.));
#1545 = DIRECTION('',(4.898587196589E-16,-1.,2.22044604925E-16));
#1546 = DIRECTION('',(-1.,-4.898587196589E-16,0.));
#1547 = PLANE('',#1548);
#1548 = AXIS2_PLACEMENT_3D('',#1549,#1550,#1551);
#1549 = CARTESIAN_POINT('',(22.621518987342,-33.724,-1.));
#1550 = DIRECTION('',(3.608551394047E-16,-1.,0.));
#1551 = DIRECTION('',(-1.,-3.608551394047E-16,0.));
#1552 = ADVANCED_FACE('',(#1553,#1578,#1589,#1600),#1611,.T.);
#1553 = FACE_BOUND('',#1554,.T.);
#1554 = EDGE_LOOP('',(#1555,#1556,#1562,#1563,#1569,#1570,#1576,#1577));
#1555 = ORIENTED_EDGE('',*,*,#145,.T.);
#1556 = ORIENTED_EDGE('',*,*,#1557,.F.);
#1557 = EDGE_CURVE('',#863,#146,#1558,.T.);
#1558 = LINE('',#1559,#1560);
#1559 = CARTESIAN_POINT('',(20.8,-28.724,-16.5));
#1560 = VECTOR('',#1561,1.);
#1561 = DIRECTION('',(0.,0.,-1.));
#1562 = ORIENTED_EDGE('',*,*,#862,.F.);
#1563 = ORIENTED_EDGE('',*,*,#1564,.F.);
#1564 = EDGE_CURVE('',#1181,#855,#1565,.T.);
#1565 = LINE('',#1566,#1567);
#1566 = CARTESIAN_POINT('',(21.,-28.724,14.5));
#1567 = VECTOR('',#1568,1.);
#1568 = DIRECTION('',(8.157786440681E-32,-2.22044604925E-16,-1.));
#1569 = ORIENTED_EDGE('',*,*,#1188,.T.);
#1570 = ORIENTED_EDGE('',*,*,#1571,.F.);
#1571 = EDGE_CURVE('',#501,#1189,#1572,.T.);
#1572 = LINE('',#1573,#1574);
#1573 = CARTESIAN_POINT('',(20.8,-28.724,19.5));
#1574 = VECTOR('',#1575,1.);
#1575 = DIRECTION('',(0.,0.,-1.));
#1576 = ORIENTED_EDGE('',*,*,#500,.F.);
#1577 = ORIENTED_EDGE('',*,*,#1478,.T.);
#1578 = FACE_BOUND('',#1579,.T.);
#1579 = EDGE_LOOP('',(#1580));
#1580 = ORIENTED_EDGE('',*,*,#1581,.T.);
#1581 = EDGE_CURVE('',#1582,#1582,#1584,.T.);
#1582 = VERTEX_POINT('',#1583);
#1583 = CARTESIAN_POINT('',(23.05,-28.724,17.));
#1584 = CIRCLE('',#1585,1.45);
#1585 = AXIS2_PLACEMENT_3D('',#1586,#1587,#1588);
#1586 = CARTESIAN_POINT('',(24.5,-28.724,17.));
#1587 = DIRECTION('',(4.898587196589E-16,-1.,2.22044604925E-16));
#1588 = DIRECTION('',(-1.,-4.898587196589E-16,0.));
#1589 = FACE_BOUND('',#1590,.T.);
#1590 = EDGE_LOOP('',(#1591));
#1591 = ORIENTED_EDGE('',*,*,#1592,.T.);
#1592 = EDGE_CURVE('',#1593,#1593,#1595,.T.);
#1593 = VERTEX_POINT('',#1594);
#1594 = CARTESIAN_POINT('',(23.05,-28.724,-1.5));
#1595 = CIRCLE('',#1596,1.45);
#1596 = AXIS2_PLACEMENT_3D('',#1597,#1598,#1599);
#1597 = CARTESIAN_POINT('',(24.5,-28.724,-1.5));
#1598 = DIRECTION('',(2.449293598295E-16,-1.,2.22044604925E-16));
#1599 = DIRECTION('',(-1.,-2.449293598295E-16,0.));
#1600 = FACE_BOUND('',#1601,.T.);
#1601 = EDGE_LOOP('',(#1602));
#1602 = ORIENTED_EDGE('',*,*,#1603,.T.);
#1603 = EDGE_CURVE('',#1604,#1604,#1606,.T.);
#1604 = VERTEX_POINT('',#1605);
#1605 = CARTESIAN_POINT('',(23.05,-28.724,-19.));
#1606 = CIRCLE('',#1607,1.45);
#1607 = AXIS2_PLACEMENT_3D('',#1608,#1609,#1610);
#1608 = CARTESIAN_POINT('',(24.5,-28.724,-19.));
#1609 = DIRECTION('',(4.898587196589E-16,-1.,2.22044604925E-16));
#1610 = DIRECTION('',(-1.,-4.898587196589E-16,0.));
#1611 = PLANE('',#1612);
#1612 = AXIS2_PLACEMENT_3D('',#1613,#1614,#1615);
#1613 = CARTESIAN_POINT('',(24.27969924812,-28.724,-1.));
#1614 = DIRECTION('',(-3.876806625282E-16,1.,0.));
#1615 = DIRECTION('',(1.,3.876806625282E-16,0.));
#1616 = ADVANCED_FACE('',(#1617),#1628,.T.);
#1617 = FACE_BOUND('',#1618,.F.);
#1618 = EDGE_LOOP('',(#1619,#1620,#1621,#1622));
#1619 = ORIENTED_EDGE('',*,*,#837,.T.);
#1620 = ORIENTED_EDGE('',*,*,#1493,.T.);
#1621 = ORIENTED_EDGE('',*,*,#320,.F.);
#1622 = ORIENTED_EDGE('',*,*,#1623,.F.);
#1623 = EDGE_CURVE('',#830,#313,#1624,.T.);
#1624 = LINE('',#1625,#1626);
#1625 = CARTESIAN_POINT('',(13.8,-30.724,-16.5));
#1626 = VECTOR('',#1627,1.);
#1627 = DIRECTION('',(0.,0.,-1.));
#1628 = CYLINDRICAL_SURFACE('',#1629,3.);
#1629 = AXIS2_PLACEMENT_3D('',#1630,#1631,#1632);
#1630 = CARTESIAN_POINT('',(16.8,-30.724,-16.5));
#1631 = DIRECTION('',(0.,0.,-1.));
#1632 = DIRECTION('',(-1.,-6.123233995737E-16,0.));
#1633 = ADVANCED_FACE('',(#1634),#1645,.F.);
#1634 = FACE_BOUND('',#1635,.T.);
#1635 = EDGE_LOOP('',(#1636,#1637,#1638,#1639));
#1636 = ORIENTED_EDGE('',*,*,#870,.T.);
#1637 = ORIENTED_EDGE('',*,*,#1557,.T.);
#1638 = ORIENTED_EDGE('',*,*,#153,.F.);
#1639 = ORIENTED_EDGE('',*,*,#1640,.F.);
#1640 = EDGE_CURVE('',#871,#154,#1641,.T.);
#1641 = LINE('',#1642,#1643);
#1642 = CARTESIAN_POINT('',(18.8,-26.724,-16.5));
#1643 = VECTOR('',#1644,1.);
#1644 = DIRECTION('',(0.,0.,-1.));
#1645 = CYLINDRICAL_SURFACE('',#1646,2.);
#1646 = AXIS2_PLACEMENT_3D('',#1647,#1648,#1649);
#1647 = CARTESIAN_POINT('',(20.8,-26.724,-16.5));
#1648 = DIRECTION('',(0.,0.,-1.));
#1649 = DIRECTION('',(-1.,-6.123233995737E-16,0.));
#1650 = ADVANCED_FACE('',(#1651),#1662,.T.);
#1651 = FACE_BOUND('',#1652,.T.);
#1652 = EDGE_LOOP('',(#1653,#1654,#1660,#1661));
#1653 = ORIENTED_EDGE('',*,*,#829,.F.);
#1654 = ORIENTED_EDGE('',*,*,#1655,.T.);
#1655 = EDGE_CURVE('',#822,#305,#1656,.T.);
#1656 = LINE('',#1657,#1658);
#1657 = CARTESIAN_POINT('',(13.8,8.852990950813,-16.5));
#1658 = VECTOR('',#1659,1.);
#1659 = DIRECTION('',(-0.,0.,-1.));
#1660 = ORIENTED_EDGE('',*,*,#312,.T.);
#1661 = ORIENTED_EDGE('',*,*,#1623,.F.);
#1662 = PLANE('',#1663);
#1663 = AXIS2_PLACEMENT_3D('',#1664,#1665,#1666);
#1664 = CARTESIAN_POINT('',(13.8,8.852990950813,-16.5));
#1665 = DIRECTION('',(-1.,-6.123233995737E-16,0.));
#1666 = DIRECTION('',(6.123233995737E-16,-1.,0.));
#1667 = ADVANCED_FACE('',(#1668),#1679,.T.);
#1668 = FACE_BOUND('',#1669,.T.);
#1669 = EDGE_LOOP('',(#1670,#1671,#1672,#1673));
#1670 = ORIENTED_EDGE('',*,*,#879,.F.);
#1671 = ORIENTED_EDGE('',*,*,#1640,.T.);
#1672 = ORIENTED_EDGE('',*,*,#162,.T.);
#1673 = ORIENTED_EDGE('',*,*,#1674,.F.);
#1674 = EDGE_CURVE('',#880,#163,#1675,.T.);
#1675 = LINE('',#1676,#1677);
#1676 = CARTESIAN_POINT('',(18.8,10.652273101108,-16.5));
#1677 = VECTOR('',#1678,1.);
#1678 = DIRECTION('',(0.,0.,-1.));
#1679 = PLANE('',#1680);
#1680 = AXIS2_PLACEMENT_3D('',#1681,#1682,#1683);
#1681 = CARTESIAN_POINT('',(18.8,-28.724,-16.5));
#1682 = DIRECTION('',(1.,6.123233995737E-16,0.));
#1683 = DIRECTION('',(-6.123233995737E-16,1.,0.));
#1684 = ADVANCED_FACE('',(#1685),#1696,.T.);
#1685 = FACE_BOUND('',#1686,.T.);
#1686 = EDGE_LOOP('',(#1687,#1693,#1694,#1695));
#1687 = ORIENTED_EDGE('',*,*,#1688,.T.);
#1688 = EDGE_CURVE('',#814,#297,#1689,.T.);
#1689 = LINE('',#1690,#1691);
#1690 = CARTESIAN_POINT('',(10.7,12.776,-16.5));
#1691 = VECTOR('',#1692,1.);
#1692 = DIRECTION('',(-0.,0.,-1.));
#1693 = ORIENTED_EDGE('',*,*,#304,.T.);
#1694 = ORIENTED_EDGE('',*,*,#1655,.F.);
#1695 = ORIENTED_EDGE('',*,*,#821,.F.);
#1696 = PLANE('',#1697);
#1697 = AXIS2_PLACEMENT_3D('',#1698,#1699,#1700);
#1698 = CARTESIAN_POINT('',(10.7,12.776,-16.5));
#1699 = DIRECTION('',(-0.784601809837,-0.62,0.));
#1700 = DIRECTION('',(0.62,-0.784601809837,0.));
#1701 = ADVANCED_FACE('',(#1702),#1713,.T.);
#1702 = FACE_BOUND('',#1703,.F.);
#1703 = EDGE_LOOP('',(#1704,#1705,#1711,#1712));
#1704 = ORIENTED_EDGE('',*,*,#887,.T.);
#1705 = ORIENTED_EDGE('',*,*,#1706,.T.);
#1706 = EDGE_CURVE('',#888,#171,#1707,.T.);
#1707 = LINE('',#1708,#1709);
#1708 = CARTESIAN_POINT('',(18.044363426966,12.642959617789,-16.5));
#1709 = VECTOR('',#1710,1.);
#1710 = DIRECTION('',(0.,0.,-1.));
#1711 = ORIENTED_EDGE('',*,*,#170,.F.);
#1712 = ORIENTED_EDGE('',*,*,#1674,.F.);
#1713 = CYLINDRICAL_SURFACE('',#1714,3.);
#1714 = AXIS2_PLACEMENT_3D('',#1715,#1716,#1717);
#1715 = CARTESIAN_POINT('',(15.8,10.652273101108,-16.5));
#1716 = DIRECTION('',(0.,0.,-1.));
#1717 = DIRECTION('',(1.,6.123233995737E-16,0.));
#1718 = ADVANCED_FACE('',(#1719),#1730,.T.);
#1719 = FACE_BOUND('',#1720,.T.);
#1720 = EDGE_LOOP('',(#1721,#1727,#1728,#1729));
#1721 = ORIENTED_EDGE('',*,*,#1722,.T.);
#1722 = EDGE_CURVE('',#806,#289,#1723,.T.);
#1723 = LINE('',#1724,#1725);
#1724 = CARTESIAN_POINT('',(-8.8,12.776,-16.5));
#1725 = VECTOR('',#1726,1.);
#1726 = DIRECTION('',(-0.,0.,-1.));
#1727 = ORIENTED_EDGE('',*,*,#296,.T.);
#1728 = ORIENTED_EDGE('',*,*,#1688,.F.);
#1729 = ORIENTED_EDGE('',*,*,#813,.F.);
#1730 = PLANE('',#1731);
#1731 = AXIS2_PLACEMENT_3D('',#1732,#1733,#1734);
#1732 = CARTESIAN_POINT('',(-8.8,12.776,-16.5));
#1733 = DIRECTION('',(6.123233995737E-16,-1.,0.));
#1734 = DIRECTION('',(1.,6.123233995737E-16,0.));
#1735 = ADVANCED_FACE('',(#1736),#1747,.T.);
#1736 = FACE_BOUND('',#1737,.T.);
#1737 = EDGE_LOOP('',(#1738,#1739,#1740,#1741));
#1738 = ORIENTED_EDGE('',*,*,#896,.F.);
#1739 = ORIENTED_EDGE('',*,*,#1706,.T.);
#1740 = ORIENTED_EDGE('',*,*,#179,.T.);
#1741 = ORIENTED_EDGE('',*,*,#1742,.F.);
#1742 = EDGE_CURVE('',#897,#180,#1743,.T.);
#1743 = LINE('',#1744,#1745);
#1744 = CARTESIAN_POINT('',(14.386734970957,16.766686516681,-16.5));
#1745 = VECTOR('',#1746,1.);
#1746 = DIRECTION('',(0.,0.,-1.));
#1747 = PLANE('',#1748);
#1748 = AXIS2_PLACEMENT_3D('',#1749,#1750,#1751);
#1749 = CARTESIAN_POINT('',(18.8,11.791030861361,-16.5));
#1750 = DIRECTION('',(0.748121142322,0.663562172227,0.));
#1751 = DIRECTION('',(-0.663562172227,0.748121142322,0.));
#1752 = ADVANCED_FACE('',(#1753),#1764,.T.);
#1753 = FACE_BOUND('',#1754,.T.);
#1754 = EDGE_LOOP('',(#1755,#1761,#1762,#1763));
#1755 = ORIENTED_EDGE('',*,*,#1756,.T.);
#1756 = EDGE_CURVE('',#798,#281,#1757,.T.);
#1757 = LINE('',#1758,#1759);
#1758 = CARTESIAN_POINT('',(-11.8,8.776,-16.5));
#1759 = VECTOR('',#1760,1.);
#1760 = DIRECTION('',(-0.,0.,-1.));
#1761 = ORIENTED_EDGE('',*,*,#288,.T.);
#1762 = ORIENTED_EDGE('',*,*,#1722,.F.);
#1763 = ORIENTED_EDGE('',*,*,#805,.F.);
#1764 = PLANE('',#1765);
#1765 = AXIS2_PLACEMENT_3D('',#1766,#1767,#1768);
#1766 = CARTESIAN_POINT('',(-11.8,8.776,-16.5));
#1767 = DIRECTION('',(0.8,-0.6,0.));
#1768 = DIRECTION('',(0.6,0.8,0.));
#1769 = ADVANCED_FACE('',(#1770),#1781,.T.);
#1770 = FACE_BOUND('',#1771,.F.);
#1771 = EDGE_LOOP('',(#1772,#1773,#1779,#1780));
#1772 = ORIENTED_EDGE('',*,*,#904,.T.);
#1773 = ORIENTED_EDGE('',*,*,#1774,.T.);
#1774 = EDGE_CURVE('',#905,#188,#1775,.T.);
#1775 = LINE('',#1776,#1777);
#1776 = CARTESIAN_POINT('',(12.142371543991,17.776,-16.5));
#1777 = VECTOR('',#1778,1.);
#1778 = DIRECTION('',(0.,0.,-1.));
#1779 = ORIENTED_EDGE('',*,*,#187,.F.);
#1780 = ORIENTED_EDGE('',*,*,#1742,.F.);
#1781 = CYLINDRICAL_SURFACE('',#1782,3.);
#1782 = AXIS2_PLACEMENT_3D('',#1783,#1784,#1785);
#1783 = CARTESIAN_POINT('',(12.142371543991,14.776,-16.5));
#1784 = DIRECTION('',(0.,0.,-1.));
#1785 = DIRECTION('',(0.748121142322,0.663562172227,0.));
#1786 = ADVANCED_FACE('',(#1787),#1798,.T.);
#1787 = FACE_BOUND('',#1788,.T.);
#1788 = EDGE_LOOP('',(#1789,#1790,#1796,#1797));
#1789 = ORIENTED_EDGE('',*,*,#797,.F.);
#1790 = ORIENTED_EDGE('',*,*,#1791,.T.);
#1791 = EDGE_CURVE('',#789,#272,#1792,.T.);
#1792 = LINE('',#1793,#1794);
#1793 = CARTESIAN_POINT('',(-11.8,-30.724,-16.5));
#1794 = VECTOR('',#1795,1.);
#1795 = DIRECTION('',(0.,0.,-1.));
#1796 = ORIENTED_EDGE('',*,*,#280,.T.);
#1797 = ORIENTED_EDGE('',*,*,#1756,.F.);
#1798 = PLANE('',#1799);
#1799 = AXIS2_PLACEMENT_3D('',#1800,#1801,#1802);
#1800 = CARTESIAN_POINT('',(-11.8,-33.724,-16.5));
#1801 = DIRECTION('',(1.,6.123233995737E-16,0.));
#1802 = DIRECTION('',(-6.123233995737E-16,1.,0.));
#1803 = ADVANCED_FACE('',(#1804),#1815,.T.);
#1804 = FACE_BOUND('',#1805,.T.);
#1805 = EDGE_LOOP('',(#1806,#1807,#1808,#1809));
#1806 = ORIENTED_EDGE('',*,*,#913,.F.);
#1807 = ORIENTED_EDGE('',*,*,#1774,.T.);
#1808 = ORIENTED_EDGE('',*,*,#196,.T.);
#1809 = ORIENTED_EDGE('',*,*,#1810,.F.);
#1810 = EDGE_CURVE('',#914,#197,#1811,.T.);
#1811 = LINE('',#1812,#1813);
#1812 = CARTESIAN_POINT('',(-10.15424868893,17.776,-16.5));
#1813 = VECTOR('',#1814,1.);
#1814 = DIRECTION('',(0.,0.,-1.));
#1815 = PLANE('',#1816);
#1816 = AXIS2_PLACEMENT_3D('',#1817,#1818,#1819);
#1817 = CARTESIAN_POINT('',(13.491502622129,17.776,-16.5));
#1818 = DIRECTION('',(-6.123233995737E-16,1.,0.));
#1819 = DIRECTION('',(-1.,-6.123233995737E-16,0.));
#1820 = ADVANCED_FACE('',(#1821),#1832,.T.);
#1821 = FACE_BOUND('',#1822,.F.);
#1822 = EDGE_LOOP('',(#1823,#1824,#1825,#1826));
#1823 = ORIENTED_EDGE('',*,*,#788,.T.);
#1824 = ORIENTED_EDGE('',*,*,#1791,.T.);
#1825 = ORIENTED_EDGE('',*,*,#271,.F.);
#1826 = ORIENTED_EDGE('',*,*,#1827,.F.);
#1827 = EDGE_CURVE('',#781,#264,#1828,.T.);
#1828 = LINE('',#1829,#1830);
#1829 = CARTESIAN_POINT('',(-14.8,-33.724,-16.5));
#1830 = VECTOR('',#1831,1.);
#1831 = DIRECTION('',(0.,0.,-1.));
#1832 = CYLINDRICAL_SURFACE('',#1833,3.);
#1833 = AXIS2_PLACEMENT_3D('',#1834,#1835,#1836);
#1834 = CARTESIAN_POINT('',(-14.8,-30.724,-16.5));
#1835 = DIRECTION('',(0.,0.,-1.));
#1836 = DIRECTION('',(1.224646799147E-16,-1.,0.));
#1837 = ADVANCED_FACE('',(#1838),#1849,.T.);
#1838 = FACE_BOUND('',#1839,.T.);
#1839 = EDGE_LOOP('',(#1840,#1841,#1842,#1843));
#1840 = ORIENTED_EDGE('',*,*,#921,.T.);
#1841 = ORIENTED_EDGE('',*,*,#1810,.T.);
#1842 = ORIENTED_EDGE('',*,*,#204,.F.);
#1843 = ORIENTED_EDGE('',*,*,#1844,.F.);
#1844 = EDGE_CURVE('',#922,#205,#1845,.T.);
#1845 = LINE('',#1846,#1847);
#1846 = CARTESIAN_POINT('',(-12.40424868893,16.760313483298,-16.5));
#1847 = VECTOR('',#1848,1.);
#1848 = DIRECTION('',(0.,0.,-1.));
#1849 = CYLINDRICAL_SURFACE('',#1850,3.);
#1850 = AXIS2_PLACEMENT_3D('',#1851,#1852,#1853);
#1851 = CARTESIAN_POINT('',(-10.15424868893,14.776,-16.5));
#1852 = DIRECTION('',(0.,0.,-1.));
#1853 = DIRECTION('',(-0.75,0.661437827766,0.));
#1854 = ADVANCED_FACE('',(#1855,#1875,#1878,#1881),#1884,.T.);
#1855 = FACE_BOUND('',#1856,.T.);
#1856 = EDGE_LOOP('',(#1857,#1858,#1859,#1860,#1861,#1862,#1868,#1869));
#1857 = ORIENTED_EDGE('',*,*,#263,.T.);
#1858 = ORIENTED_EDGE('',*,*,#1827,.F.);
#1859 = ORIENTED_EDGE('',*,*,#778,.F.);
#1860 = ORIENTED_EDGE('',*,*,#1090,.F.);
#1861 = ORIENTED_EDGE('',*,*,#1106,.T.);
#1862 = ORIENTED_EDGE('',*,*,#1863,.F.);
#1863 = EDGE_CURVE('',#611,#1107,#1864,.T.);
#1864 = LINE('',#1865,#1866);
#1865 = CARTESIAN_POINT('',(-14.8,-33.724,19.5));
#1866 = VECTOR('',#1867,1.);
#1867 = DIRECTION('',(0.,0.,-1.));
#1868 = ORIENTED_EDGE('',*,*,#610,.F.);
#1869 = ORIENTED_EDGE('',*,*,#1870,.T.);
#1870 = EDGE_CURVE('',#603,#256,#1871,.T.);
#1871 = LINE('',#1872,#1873);
#1872 = CARTESIAN_POINT('',(-26.8,-33.724,19.5));
#1873 = VECTOR('',#1874,1.);
#1874 = DIRECTION('',(0.,0.,-1.));
#1875 = FACE_BOUND('',#1876,.T.);
#1876 = EDGE_LOOP('',(#1877));
#1877 = ORIENTED_EDGE('',*,*,#1413,.F.);
#1878 = FACE_BOUND('',#1879,.T.);
#1879 = EDGE_LOOP('',(#1880));
#1880 = ORIENTED_EDGE('',*,*,#1388,.F.);
#1881 = FACE_BOUND('',#1882,.T.);
#1882 = EDGE_LOOP('',(#1883));
#1883 = ORIENTED_EDGE('',*,*,#1438,.F.);
#1884 = PLANE('',#1885);
#1885 = AXIS2_PLACEMENT_3D('',#1886,#1887,#1888);
#1886 = CARTESIAN_POINT('',(-20.62151898734,-33.724,-1.));
#1887 = DIRECTION('',(1.224646799147E-16,-1.,0.));
#1888 = DIRECTION('',(0.,0.,1.));
#1889 = ADVANCED_FACE('',(#1890),#1901,.T.);
#1890 = FACE_BOUND('',#1891,.T.);
#1891 = EDGE_LOOP('',(#1892,#1893,#1894,#1895));
#1892 = ORIENTED_EDGE('',*,*,#930,.F.);
#1893 = ORIENTED_EDGE('',*,*,#1844,.T.);
#1894 = ORIENTED_EDGE('',*,*,#213,.T.);
#1895 = ORIENTED_EDGE('',*,*,#1896,.F.);
#1896 = EDGE_CURVE('',#931,#214,#1897,.T.);
#1897 = LINE('',#1898,#1899);
#1898 = CARTESIAN_POINT('',(-16.05,12.626420064271,-16.5));
#1899 = VECTOR('',#1900,1.);
#1900 = DIRECTION('',(0.,0.,-1.));
#1901 = PLANE('',#1902);
#1902 = AXIS2_PLACEMENT_3D('',#1903,#1904,#1905);
#1903 = CARTESIAN_POINT('',(-11.50849737787,17.776,-16.5));
#1904 = DIRECTION('',(-0.75,0.661437827766,0.));
#1905 = DIRECTION('',(-0.661437827766,-0.75,0.));
#1906 = ADVANCED_FACE('',(#1907),#1913,.T.);
#1907 = FACE_BOUND('',#1908,.T.);
#1908 = EDGE_LOOP('',(#1909,#1910,#1911,#1912));
#1909 = ORIENTED_EDGE('',*,*,#255,.T.);
#1910 = ORIENTED_EDGE('',*,*,#1870,.F.);
#1911 = ORIENTED_EDGE('',*,*,#602,.F.);
#1912 = ORIENTED_EDGE('',*,*,#440,.T.);
#1913 = PLANE('',#1914);
#1914 = AXIS2_PLACEMENT_3D('',#1915,#1916,#1917);
#1915 = CARTESIAN_POINT('',(-26.8,-31.224,-1.));
#1916 = DIRECTION('',(-1.,-1.224646799147E-16,0.));
#1917 = DIRECTION('',(0.,0.,1.));
#1918 = ADVANCED_FACE('',(#1919),#1930,.T.);
#1919 = FACE_BOUND('',#1920,.T.);
#1920 = EDGE_LOOP('',(#1921,#1922,#1923,#1924));
#1921 = ORIENTED_EDGE('',*,*,#938,.T.);
#1922 = ORIENTED_EDGE('',*,*,#1896,.T.);
#1923 = ORIENTED_EDGE('',*,*,#221,.F.);
#1924 = ORIENTED_EDGE('',*,*,#1925,.F.);
#1925 = EDGE_CURVE('',#939,#222,#1926,.T.);
#1926 = LINE('',#1927,#1928);
#1927 = CARTESIAN_POINT('',(-16.8,10.642106580972,-16.5));
#1928 = VECTOR('',#1929,1.);
#1929 = DIRECTION('',(0.,0.,-1.));
#1930 = CYLINDRICAL_SURFACE('',#1931,3.);
#1931 = AXIS2_PLACEMENT_3D('',#1932,#1933,#1934);
#1932 = CARTESIAN_POINT('',(-13.8,10.642106580972,-16.5));
#1933 = DIRECTION('',(0.,0.,-1.));
#1934 = DIRECTION('',(-1.,-6.123233995737E-16,0.));
#1935 = ADVANCED_FACE('',(#1936),#1942,.T.);
#1936 = FACE_BOUND('',#1937,.T.);
#1937 = EDGE_LOOP('',(#1938,#1939,#1940,#1941));
#1938 = ORIENTED_EDGE('',*,*,#947,.F.);
#1939 = ORIENTED_EDGE('',*,*,#1925,.T.);
#1940 = ORIENTED_EDGE('',*,*,#230,.T.);
#1941 = ORIENTED_EDGE('',*,*,#465,.F.);
#1942 = PLANE('',#1943);
#1943 = AXIS2_PLACEMENT_3D('',#1944,#1945,#1946);
#1944 = CARTESIAN_POINT('',(-16.8,11.776,-16.5));
#1945 = DIRECTION('',(-1.,-6.123233995737E-16,0.));
#1946 = DIRECTION('',(6.123233995737E-16,-1.,0.));
#1947 = ADVANCED_FACE('',(#1948),#1959,.F.);
#1948 = FACE_BOUND('',#1949,.T.);
#1949 = EDGE_LOOP('',(#1950,#1956,#1957,#1958));
#1950 = ORIENTED_EDGE('',*,*,#1951,.F.);
#1951 = EDGE_CURVE('',#338,#964,#1952,.T.);
#1952 = LINE('',#1953,#1954);
#1953 = CARTESIAN_POINT('',(-12.55,-25.224,-21.5));
#1954 = VECTOR('',#1955,1.);
#1955 = DIRECTION('',(-7.401486830834E-17,-1.812841431263E-32,1.));
#1956 = ORIENTED_EDGE('',*,*,#337,.T.);
#1957 = ORIENTED_EDGE('',*,*,#1951,.T.);
#1958 = ORIENTED_EDGE('',*,*,#963,.T.);
#1959 = CYLINDRICAL_SURFACE('',#1960,1.45);
#1960 = AXIS2_PLACEMENT_3D('',#1961,#1962,#1963);
#1961 = CARTESIAN_POINT('',(-14.,-25.224,-21.5));
#1962 = DIRECTION('',(0.,0.,1.));
#1963 = DIRECTION('',(1.,2.449293598295E-16,0.));
#1964 = ADVANCED_FACE('',(#1965),#1976,.F.);
#1965 = FACE_BOUND('',#1966,.T.);
#1966 = EDGE_LOOP('',(#1967,#1973,#1974,#1975));
#1967 = ORIENTED_EDGE('',*,*,#1968,.F.);
#1968 = EDGE_CURVE('',#349,#975,#1969,.T.);
#1969 = LINE('',#1970,#1971);
#1970 = CARTESIAN_POINT('',(-12.55,-8.224,-21.5));
#1971 = VECTOR('',#1972,1.);
#1972 = DIRECTION('',(-7.401486830834E-17,-1.812841431263E-32,1.));
#1973 = ORIENTED_EDGE('',*,*,#348,.T.);
#1974 = ORIENTED_EDGE('',*,*,#1968,.T.);
#1975 = ORIENTED_EDGE('',*,*,#974,.T.);
#1976 = CYLINDRICAL_SURFACE('',#1977,1.45);
#1977 = AXIS2_PLACEMENT_3D('',#1978,#1979,#1980);
#1978 = CARTESIAN_POINT('',(-14.,-8.224,-21.5));
#1979 = DIRECTION('',(0.,0.,1.));
#1980 = DIRECTION('',(1.,2.449293598295E-16,0.));
#1981 = ADVANCED_FACE('',(#1982),#1993,.F.);
#1982 = FACE_BOUND('',#1983,.F.);
#1983 = EDGE_LOOP('',(#1984,#1990,#1991,#1992));
#1984 = ORIENTED_EDGE('',*,*,#1985,.F.);
#1985 = EDGE_CURVE('',#360,#986,#1986,.T.);
#1986 = LINE('',#1987,#1988);
#1987 = CARTESIAN_POINT('',(14.55,-25.224,-21.5));
#1988 = VECTOR('',#1989,1.);
#1989 = DIRECTION('',(7.401486830834E-17,4.532103578156E-32,1.));
#1990 = ORIENTED_EDGE('',*,*,#359,.T.);
#1991 = ORIENTED_EDGE('',*,*,#1985,.T.);
#1992 = ORIENTED_EDGE('',*,*,#985,.F.);
#1993 = CYLINDRICAL_SURFACE('',#1994,1.45);
#1994 = AXIS2_PLACEMENT_3D('',#1995,#1996,#1997);
#1995 = CARTESIAN_POINT('',(16.,-25.224,-21.5));
#1996 = DIRECTION('',(0.,0.,1.));
#1997 = DIRECTION('',(-1.,-6.123233995737E-16,0.));
#1998 = ADVANCED_FACE('',(#1999),#2010,.F.);
#1999 = FACE_BOUND('',#2000,.F.);
#2000 = EDGE_LOOP('',(#2001,#2007,#2008,#2009));
#2001 = ORIENTED_EDGE('',*,*,#2002,.F.);
#2002 = EDGE_CURVE('',#371,#997,#2003,.T.);
#2003 = LINE('',#2004,#2005);
#2004 = CARTESIAN_POINT('',(14.55,-8.224,-21.5));
#2005 = VECTOR('',#2006,1.);
#2006 = DIRECTION('',(7.401486830834E-17,4.532103578156E-32,1.));
#2007 = ORIENTED_EDGE('',*,*,#370,.T.);
#2008 = ORIENTED_EDGE('',*,*,#2002,.T.);
#2009 = ORIENTED_EDGE('',*,*,#996,.F.);
#2010 = CYLINDRICAL_SURFACE('',#2011,1.45);
#2011 = AXIS2_PLACEMENT_3D('',#2012,#2013,#2014);
#2012 = CARTESIAN_POINT('',(16.,-8.224,-21.5));
#2013 = DIRECTION('',(0.,0.,1.));
#2014 = DIRECTION('',(-1.,-6.123233995737E-16,0.));
#2015 = ADVANCED_FACE('',(#2016),#2027,.F.);
#2016 = FACE_BOUND('',#2017,.T.);
#2017 = EDGE_LOOP('',(#2018,#2024,#2025,#2026));
#2018 = ORIENTED_EDGE('',*,*,#2019,.F.);
#2019 = EDGE_CURVE('',#382,#1008,#2020,.T.);
#2020 = LINE('',#2021,#2022);
#2021 = CARTESIAN_POINT('',(-12.55,8.776,-21.5));
#2022 = VECTOR('',#2023,1.);
#2023 = DIRECTION('',(-7.401486830834E-17,-1.812841431263E-32,1.));
#2024 = ORIENTED_EDGE('',*,*,#381,.T.);
#2025 = ORIENTED_EDGE('',*,*,#2019,.T.);
#2026 = ORIENTED_EDGE('',*,*,#1007,.T.);
#2027 = CYLINDRICAL_SURFACE('',#2028,1.45);
#2028 = AXIS2_PLACEMENT_3D('',#2029,#2030,#2031);
#2029 = CARTESIAN_POINT('',(-14.,8.776,-21.5));
#2030 = DIRECTION('',(0.,0.,1.));
#2031 = DIRECTION('',(1.,2.449293598295E-16,0.));
#2032 = ADVANCED_FACE('',(#2033),#2044,.F.);
#2033 = FACE_BOUND('',#2034,.T.);
#2034 = EDGE_LOOP('',(#2035,#2041,#2042,#2043));
#2035 = ORIENTED_EDGE('',*,*,#2036,.F.);
#2036 = EDGE_CURVE('',#393,#1019,#2037,.T.);
#2037 = LINE('',#2038,#2039);
#2038 = CARTESIAN_POINT('',(-6.05,15.076,-21.5));
#2039 = VECTOR('',#2040,1.);
#2040 = DIRECTION('',(-7.401486830834E-17,-1.812841431263E-32,1.));
#2041 = ORIENTED_EDGE('',*,*,#392,.T.);
#2042 = ORIENTED_EDGE('',*,*,#2036,.T.);
#2043 = ORIENTED_EDGE('',*,*,#1018,.T.);
#2044 = CYLINDRICAL_SURFACE('',#2045,1.45);
#2045 = AXIS2_PLACEMENT_3D('',#2046,#2047,#2048);
#2046 = CARTESIAN_POINT('',(-7.5,15.076,-21.5));
#2047 = DIRECTION('',(0.,0.,1.));
#2048 = DIRECTION('',(1.,2.449293598295E-16,0.));
#2049 = ADVANCED_FACE('',(#2050),#2061,.F.);
#2050 = FACE_BOUND('',#2051,.F.);
#2051 = EDGE_LOOP('',(#2052,#2058,#2059,#2060));
#2052 = ORIENTED_EDGE('',*,*,#2053,.F.);
#2053 = EDGE_CURVE('',#404,#1030,#2054,.T.);
#2054 = LINE('',#2055,#2056);
#2055 = CARTESIAN_POINT('',(14.55,8.776,-21.5));
#2056 = VECTOR('',#2057,1.);
#2057 = DIRECTION('',(7.401486830834E-17,4.532103578156E-32,1.));
#2058 = ORIENTED_EDGE('',*,*,#403,.T.);
#2059 = ORIENTED_EDGE('',*,*,#2053,.T.);
#2060 = ORIENTED_EDGE('',*,*,#1029,.F.);
#2061 = CYLINDRICAL_SURFACE('',#2062,1.45);
#2062 = AXIS2_PLACEMENT_3D('',#2063,#2064,#2065);
#2063 = CARTESIAN_POINT('',(16.,8.776,-21.5));
#2064 = DIRECTION('',(0.,0.,1.));
#2065 = DIRECTION('',(-1.,-6.123233995737E-16,0.));
#2066 = ADVANCED_FACE('',(#2067),#2078,.F.);
#2067 = FACE_BOUND('',#2068,.F.);
#2068 = EDGE_LOOP('',(#2069,#2075,#2076,#2077));
#2069 = ORIENTED_EDGE('',*,*,#2070,.F.);
#2070 = EDGE_CURVE('',#415,#1041,#2071,.T.);
#2071 = LINE('',#2072,#2073);
#2072 = CARTESIAN_POINT('',(8.05,15.076,-21.5));
#2073 = VECTOR('',#2074,1.);
#2074 = DIRECTION('',(7.401486830834E-17,4.532103578156E-32,1.));
#2075 = ORIENTED_EDGE('',*,*,#414,.T.);
#2076 = ORIENTED_EDGE('',*,*,#2070,.T.);
#2077 = ORIENTED_EDGE('',*,*,#1040,.F.);
#2078 = CYLINDRICAL_SURFACE('',#2079,1.45);
#2079 = AXIS2_PLACEMENT_3D('',#2080,#2081,#2082);
#2080 = CARTESIAN_POINT('',(9.5,15.076,-21.5));
#2081 = DIRECTION('',(0.,0.,1.));
#2082 = DIRECTION('',(-1.,-6.123233995737E-16,0.));
#2083 = ADVANCED_FACE('',(#2084),#2095,.T.);
#2084 = FACE_BOUND('',#2085,.T.);
#2085 = EDGE_LOOP('',(#2086,#2087,#2093,#2094));
#2086 = ORIENTED_EDGE('',*,*,#667,.T.);
#2087 = ORIENTED_EDGE('',*,*,#2088,.T.);
#2088 = EDGE_CURVE('',#660,#1156,#2089,.T.);
#2089 = LINE('',#2090,#2091);
#2090 = CARTESIAN_POINT('',(13.8,-30.724,19.5));
#2091 = VECTOR('',#2092,1.);
#2092 = DIRECTION('',(0.,0.,-1.));
#2093 = ORIENTED_EDGE('',*,*,#1163,.F.);
#2094 = ORIENTED_EDGE('',*,*,#1502,.F.);
#2095 = CYLINDRICAL_SURFACE('',#2096,3.);
#2096 = AXIS2_PLACEMENT_3D('',#2097,#2098,#2099);
#2097 = CARTESIAN_POINT('',(16.8,-30.724,19.5));
#2098 = DIRECTION('',(0.,0.,-1.));
#2099 = DIRECTION('',(3.608551394047E-16,-1.,0.));
#2100 = ADVANCED_FACE('',(#2101),#2112,.F.);
#2101 = FACE_BOUND('',#2102,.F.);
#2102 = EDGE_LOOP('',(#2103,#2104,#2110,#2111));
#2103 = ORIENTED_EDGE('',*,*,#508,.T.);
#2104 = ORIENTED_EDGE('',*,*,#2105,.T.);
#2105 = EDGE_CURVE('',#509,#1197,#2106,.T.);
#2106 = LINE('',#2107,#2108);
#2107 = CARTESIAN_POINT('',(18.8,-26.724,19.5));
#2108 = VECTOR('',#2109,1.);
#2109 = DIRECTION('',(0.,0.,-1.));
#2110 = ORIENTED_EDGE('',*,*,#1196,.F.);
#2111 = ORIENTED_EDGE('',*,*,#1571,.F.);
#2112 = CYLINDRICAL_SURFACE('',#2113,2.);
#2113 = AXIS2_PLACEMENT_3D('',#2114,#2115,#2116);
#2114 = CARTESIAN_POINT('',(20.8,-26.724,19.5));
#2115 = DIRECTION('',(0.,0.,-1.));
#2116 = DIRECTION('',(3.876806625282E-16,-1.,0.));
#2117 = ADVANCED_FACE('',(#2118),#2129,.T.);
#2118 = FACE_BOUND('',#2119,.T.);
#2119 = EDGE_LOOP('',(#2120,#2121,#2127,#2128));
#2120 = ORIENTED_EDGE('',*,*,#659,.F.);
#2121 = ORIENTED_EDGE('',*,*,#2122,.T.);
#2122 = EDGE_CURVE('',#652,#1148,#2123,.T.);
#2123 = LINE('',#2124,#2125);
#2124 = CARTESIAN_POINT('',(13.8,8.852990950813,19.5));
#2125 = VECTOR('',#2126,1.);
#2126 = DIRECTION('',(-0.,0.,-1.));
#2127 = ORIENTED_EDGE('',*,*,#1155,.T.);
#2128 = ORIENTED_EDGE('',*,*,#2088,.F.);
#2129 = PLANE('',#2130);
#2130 = AXIS2_PLACEMENT_3D('',#2131,#2132,#2133);
#2131 = CARTESIAN_POINT('',(13.8,8.852990950813,19.5));
#2132 = DIRECTION('',(-1.,-2.449293598295E-16,0.));
#2133 = DIRECTION('',(2.449293598295E-16,-1.,0.));
#2134 = ADVANCED_FACE('',(#2135),#2146,.T.);
#2135 = FACE_BOUND('',#2136,.T.);
#2136 = EDGE_LOOP('',(#2137,#2138,#2139,#2140));
#2137 = ORIENTED_EDGE('',*,*,#517,.F.);
#2138 = ORIENTED_EDGE('',*,*,#2105,.T.);
#2139 = ORIENTED_EDGE('',*,*,#1205,.T.);
#2140 = ORIENTED_EDGE('',*,*,#2141,.F.);
#2141 = EDGE_CURVE('',#518,#1206,#2142,.T.);
#2142 = LINE('',#2143,#2144);
#2143 = CARTESIAN_POINT('',(18.8,10.652273101108,19.5));
#2144 = VECTOR('',#2145,1.);
#2145 = DIRECTION('',(0.,0.,-1.));
#2146 = PLANE('',#2147);
#2147 = AXIS2_PLACEMENT_3D('',#2148,#2149,#2150);
#2148 = CARTESIAN_POINT('',(18.8,-28.724,19.5));
#2149 = DIRECTION('',(1.,2.449293598295E-16,0.));
#2150 = DIRECTION('',(-2.449293598295E-16,1.,0.));
#2151 = ADVANCED_FACE('',(#2152),#2163,.T.);
#2152 = FACE_BOUND('',#2153,.T.);
#2153 = EDGE_LOOP('',(#2154,#2160,#2161,#2162));
#2154 = ORIENTED_EDGE('',*,*,#2155,.T.);
#2155 = EDGE_CURVE('',#644,#1140,#2156,.T.);
#2156 = LINE('',#2157,#2158);
#2157 = CARTESIAN_POINT('',(10.7,12.776,19.5));
#2158 = VECTOR('',#2159,1.);
#2159 = DIRECTION('',(-0.,0.,-1.));
#2160 = ORIENTED_EDGE('',*,*,#1147,.T.);
#2161 = ORIENTED_EDGE('',*,*,#2122,.F.);
#2162 = ORIENTED_EDGE('',*,*,#651,.F.);
#2163 = PLANE('',#2164);
#2164 = AXIS2_PLACEMENT_3D('',#2165,#2166,#2167);
#2165 = CARTESIAN_POINT('',(10.7,12.776,19.5));
#2166 = DIRECTION('',(-0.784601809837,-0.62,0.));
#2167 = DIRECTION('',(0.62,-0.784601809837,0.));
#2168 = ADVANCED_FACE('',(#2169),#2180,.T.);
#2169 = FACE_BOUND('',#2170,.T.);
#2170 = EDGE_LOOP('',(#2171,#2172,#2173,#2174));
#2171 = ORIENTED_EDGE('',*,*,#525,.T.);
#2172 = ORIENTED_EDGE('',*,*,#2141,.T.);
#2173 = ORIENTED_EDGE('',*,*,#1213,.F.);
#2174 = ORIENTED_EDGE('',*,*,#2175,.F.);
#2175 = EDGE_CURVE('',#526,#1214,#2176,.T.);
#2176 = LINE('',#2177,#2178);
#2177 = CARTESIAN_POINT('',(18.044363426966,12.642959617789,19.5));
#2178 = VECTOR('',#2179,1.);
#2179 = DIRECTION('',(0.,0.,-1.));
#2180 = CYLINDRICAL_SURFACE('',#2181,3.);
#2181 = AXIS2_PLACEMENT_3D('',#2182,#2183,#2184);
#2182 = CARTESIAN_POINT('',(15.8,10.652273101108,19.5));
#2183 = DIRECTION('',(0.,0.,-1.));
#2184 = DIRECTION('',(0.748121142322,0.663562172227,0.));
#2185 = ADVANCED_FACE('',(#2186),#2197,.T.);
#2186 = FACE_BOUND('',#2187,.T.);
#2187 = EDGE_LOOP('',(#2188,#2194,#2195,#2196));
#2188 = ORIENTED_EDGE('',*,*,#2189,.T.);
#2189 = EDGE_CURVE('',#636,#1132,#2190,.T.);
#2190 = LINE('',#2191,#2192);
#2191 = CARTESIAN_POINT('',(-8.8,12.776,19.5));
#2192 = VECTOR('',#2193,1.);
#2193 = DIRECTION('',(-0.,0.,-1.));
#2194 = ORIENTED_EDGE('',*,*,#1139,.T.);
#2195 = ORIENTED_EDGE('',*,*,#2155,.F.);
#2196 = ORIENTED_EDGE('',*,*,#643,.F.);
#2197 = PLANE('',#2198);
#2198 = AXIS2_PLACEMENT_3D('',#2199,#2200,#2201);
#2199 = CARTESIAN_POINT('',(-8.8,12.776,19.5));
#2200 = DIRECTION('',(2.449293598295E-16,-1.,0.));
#2201 = DIRECTION('',(1.,2.449293598295E-16,0.));
#2202 = ADVANCED_FACE('',(#2203),#2214,.T.);
#2203 = FACE_BOUND('',#2204,.T.);
#2204 = EDGE_LOOP('',(#2205,#2206,#2207,#2208));
#2205 = ORIENTED_EDGE('',*,*,#534,.F.);
#2206 = ORIENTED_EDGE('',*,*,#2175,.T.);
#2207 = ORIENTED_EDGE('',*,*,#1222,.T.);
#2208 = ORIENTED_EDGE('',*,*,#2209,.F.);
#2209 = EDGE_CURVE('',#535,#1223,#2210,.T.);
#2210 = LINE('',#2211,#2212);
#2211 = CARTESIAN_POINT('',(14.386734970957,16.766686516681,19.5));
#2212 = VECTOR('',#2213,1.);
#2213 = DIRECTION('',(0.,0.,-1.));
#2214 = PLANE('',#2215);
#2215 = AXIS2_PLACEMENT_3D('',#2216,#2217,#2218);
#2216 = CARTESIAN_POINT('',(18.8,11.791030861361,19.5));
#2217 = DIRECTION('',(0.748121142322,0.663562172227,0.));
#2218 = DIRECTION('',(-0.663562172227,0.748121142322,0.));
#2219 = ADVANCED_FACE('',(#2220),#2231,.T.);
#2220 = FACE_BOUND('',#2221,.T.);
#2221 = EDGE_LOOP('',(#2222,#2228,#2229,#2230));
#2222 = ORIENTED_EDGE('',*,*,#2223,.T.);
#2223 = EDGE_CURVE('',#628,#1124,#2224,.T.);
#2224 = LINE('',#2225,#2226);
#2225 = CARTESIAN_POINT('',(-11.8,8.776,19.5));
#2226 = VECTOR('',#2227,1.);
#2227 = DIRECTION('',(-0.,0.,-1.));
#2228 = ORIENTED_EDGE('',*,*,#1131,.T.);
#2229 = ORIENTED_EDGE('',*,*,#2189,.F.);
#2230 = ORIENTED_EDGE('',*,*,#635,.F.);
#2231 = PLANE('',#2232);
#2232 = AXIS2_PLACEMENT_3D('',#2233,#2234,#2235);
#2233 = CARTESIAN_POINT('',(-11.8,8.776,19.5));
#2234 = DIRECTION('',(0.8,-0.6,0.));
#2235 = DIRECTION('',(0.6,0.8,0.));
#2236 = ADVANCED_FACE('',(#2237),#2248,.T.);
#2237 = FACE_BOUND('',#2238,.T.);
#2238 = EDGE_LOOP('',(#2239,#2240,#2241,#2242));
#2239 = ORIENTED_EDGE('',*,*,#542,.T.);
#2240 = ORIENTED_EDGE('',*,*,#2209,.T.);
#2241 = ORIENTED_EDGE('',*,*,#1230,.F.);
#2242 = ORIENTED_EDGE('',*,*,#2243,.F.);
#2243 = EDGE_CURVE('',#543,#1231,#2244,.T.);
#2244 = LINE('',#2245,#2246);
#2245 = CARTESIAN_POINT('',(12.142371543991,17.776,19.5));
#2246 = VECTOR('',#2247,1.);
#2247 = DIRECTION('',(0.,0.,-1.));
#2248 = CYLINDRICAL_SURFACE('',#2249,3.);
#2249 = AXIS2_PLACEMENT_3D('',#2250,#2251,#2252);
#2250 = CARTESIAN_POINT('',(12.142371543991,14.776,19.5));
#2251 = DIRECTION('',(0.,0.,-1.));
#2252 = DIRECTION('',(-2.449293598295E-16,1.,0.));
#2253 = ADVANCED_FACE('',(#2254),#2265,.T.);
#2254 = FACE_BOUND('',#2255,.T.);
#2255 = EDGE_LOOP('',(#2256,#2257,#2263,#2264));
#2256 = ORIENTED_EDGE('',*,*,#627,.F.);
#2257 = ORIENTED_EDGE('',*,*,#2258,.T.);
#2258 = EDGE_CURVE('',#619,#1115,#2259,.T.);
#2259 = LINE('',#2260,#2261);
#2260 = CARTESIAN_POINT('',(-11.8,-30.724,19.5));
#2261 = VECTOR('',#2262,1.);
#2262 = DIRECTION('',(0.,0.,-1.));
#2263 = ORIENTED_EDGE('',*,*,#1123,.T.);
#2264 = ORIENTED_EDGE('',*,*,#2223,.F.);
#2265 = PLANE('',#2266);
#2266 = AXIS2_PLACEMENT_3D('',#2267,#2268,#2269);
#2267 = CARTESIAN_POINT('',(-11.8,-33.724,19.5));
#2268 = DIRECTION('',(1.,2.449293598295E-16,0.));
#2269 = DIRECTION('',(-2.449293598295E-16,1.,0.));
#2270 = ADVANCED_FACE('',(#2271),#2282,.T.);
#2271 = FACE_BOUND('',#2272,.T.);
#2272 = EDGE_LOOP('',(#2273,#2274,#2275,#2276));
#2273 = ORIENTED_EDGE('',*,*,#551,.F.);
#2274 = ORIENTED_EDGE('',*,*,#2243,.T.);
#2275 = ORIENTED_EDGE('',*,*,#1239,.T.);
#2276 = ORIENTED_EDGE('',*,*,#2277,.F.);
#2277 = EDGE_CURVE('',#552,#1240,#2278,.T.);
#2278 = LINE('',#2279,#2280);
#2279 = CARTESIAN_POINT('',(-10.15424868893,17.776,19.5));
#2280 = VECTOR('',#2281,1.);
#2281 = DIRECTION('',(0.,0.,-1.));
#2282 = PLANE('',#2283);
#2283 = AXIS2_PLACEMENT_3D('',#2284,#2285,#2286);
#2284 = CARTESIAN_POINT('',(13.491502622129,17.776,19.5));
#2285 = DIRECTION('',(-2.449293598295E-16,1.,0.));
#2286 = DIRECTION('',(-1.,-2.449293598295E-16,0.));
#2287 = ADVANCED_FACE('',(#2288),#2294,.T.);
#2288 = FACE_BOUND('',#2289,.F.);
#2289 = EDGE_LOOP('',(#2290,#2291,#2292,#2293));
#2290 = ORIENTED_EDGE('',*,*,#618,.T.);
#2291 = ORIENTED_EDGE('',*,*,#2258,.T.);
#2292 = ORIENTED_EDGE('',*,*,#1114,.F.);
#2293 = ORIENTED_EDGE('',*,*,#1863,.F.);
#2294 = CYLINDRICAL_SURFACE('',#2295,3.);
#2295 = AXIS2_PLACEMENT_3D('',#2296,#2297,#2298);
#2296 = CARTESIAN_POINT('',(-14.8,-30.724,19.5));
#2297 = DIRECTION('',(0.,0.,-1.));
#2298 = DIRECTION('',(1.224646799147E-16,-1.,0.));
#2299 = ADVANCED_FACE('',(#2300),#2311,.T.);
#2300 = FACE_BOUND('',#2301,.T.);
#2301 = EDGE_LOOP('',(#2302,#2303,#2304,#2305));
#2302 = ORIENTED_EDGE('',*,*,#559,.T.);
#2303 = ORIENTED_EDGE('',*,*,#2277,.T.);
#2304 = ORIENTED_EDGE('',*,*,#1247,.F.);
#2305 = ORIENTED_EDGE('',*,*,#2306,.F.);
#2306 = EDGE_CURVE('',#560,#1248,#2307,.T.);
#2307 = LINE('',#2308,#2309);
#2308 = CARTESIAN_POINT('',(-12.40424868893,16.760313483298,19.5));
#2309 = VECTOR('',#2310,1.);
#2310 = DIRECTION('',(0.,0.,-1.));
#2311 = CYLINDRICAL_SURFACE('',#2312,3.);
#2312 = AXIS2_PLACEMENT_3D('',#2313,#2314,#2315);
#2313 = CARTESIAN_POINT('',(-10.15424868893,14.776,19.5));
#2314 = DIRECTION('',(0.,0.,-1.));
#2315 = DIRECTION('',(-0.75,0.661437827766,0.));
#2316 = ADVANCED_FACE('',(#2317),#2328,.T.);
#2317 = FACE_BOUND('',#2318,.T.);
#2318 = EDGE_LOOP('',(#2319,#2320,#2321,#2322));
#2319 = ORIENTED_EDGE('',*,*,#568,.F.);
#2320 = ORIENTED_EDGE('',*,*,#2306,.T.);
#2321 = ORIENTED_EDGE('',*,*,#1256,.T.);
#2322 = ORIENTED_EDGE('',*,*,#2323,.F.);
#2323 = EDGE_CURVE('',#569,#1257,#2324,.T.);
#2324 = LINE('',#2325,#2326);
#2325 = CARTESIAN_POINT('',(-16.05,12.626420064271,19.5));
#2326 = VECTOR('',#2327,1.);
#2327 = DIRECTION('',(0.,0.,-1.));
#2328 = PLANE('',#2329);
#2329 = AXIS2_PLACEMENT_3D('',#2330,#2331,#2332);
#2330 = CARTESIAN_POINT('',(-11.50849737787,17.776,19.5));
#2331 = DIRECTION('',(-0.75,0.661437827766,0.));
#2332 = DIRECTION('',(-0.661437827766,-0.75,0.));
#2333 = ADVANCED_FACE('',(#2334),#2345,.T.);
#2334 = FACE_BOUND('',#2335,.T.);
#2335 = EDGE_LOOP('',(#2336,#2337,#2338,#2339));
#2336 = ORIENTED_EDGE('',*,*,#576,.T.);
#2337 = ORIENTED_EDGE('',*,*,#2323,.T.);
#2338 = ORIENTED_EDGE('',*,*,#1264,.F.);
#2339 = ORIENTED_EDGE('',*,*,#2340,.F.);
#2340 = EDGE_CURVE('',#577,#1265,#2341,.T.);
#2341 = LINE('',#2342,#2343);
#2342 = CARTESIAN_POINT('',(-16.8,10.642106580972,19.5));
#2343 = VECTOR('',#2344,1.);
#2344 = DIRECTION('',(0.,0.,-1.));
#2345 = CYLINDRICAL_SURFACE('',#2346,3.);
#2346 = AXIS2_PLACEMENT_3D('',#2347,#2348,#2349);
#2347 = CARTESIAN_POINT('',(-13.8,10.642106580972,19.5));
#2348 = DIRECTION('',(0.,0.,-1.));
#2349 = DIRECTION('',(-1.,-2.449293598295E-16,0.));
#2350 = ADVANCED_FACE('',(#2351),#2357,.T.);
#2351 = FACE_BOUND('',#2352,.T.);
#2352 = EDGE_LOOP('',(#2353,#2354,#2355,#2356));
#2353 = ORIENTED_EDGE('',*,*,#585,.F.);
#2354 = ORIENTED_EDGE('',*,*,#2340,.T.);
#2355 = ORIENTED_EDGE('',*,*,#1273,.T.);
#2356 = ORIENTED_EDGE('',*,*,#1058,.F.);
#2357 = PLANE('',#2358);
#2358 = AXIS2_PLACEMENT_3D('',#2359,#2360,#2361);
#2359 = CARTESIAN_POINT('',(-16.8,11.776,19.5));
#2360 = DIRECTION('',(-1.,-2.449293598295E-16,0.));
#2361 = DIRECTION('',(2.449293598295E-16,-1.,0.));
#2362 = ADVANCED_FACE('',(#2363),#2374,.F.);
#2363 = FACE_BOUND('',#2364,.T.);
#2364 = EDGE_LOOP('',(#2365,#2371,#2372,#2373));
#2365 = ORIENTED_EDGE('',*,*,#2366,.F.);
#2366 = EDGE_CURVE('',#1285,#685,#2367,.T.);
#2367 = LINE('',#2368,#2369);
#2368 = CARTESIAN_POINT('',(-12.55,-25.224,14.5));
#2369 = VECTOR('',#2370,1.);
#2370 = DIRECTION('',(-7.401486830834E-17,-9.064207156313E-33,1.));
#2371 = ORIENTED_EDGE('',*,*,#1284,.T.);
#2372 = ORIENTED_EDGE('',*,*,#2366,.T.);
#2373 = ORIENTED_EDGE('',*,*,#684,.T.);
#2374 = CYLINDRICAL_SURFACE('',#2375,1.45);
#2375 = AXIS2_PLACEMENT_3D('',#2376,#2377,#2378);
#2376 = CARTESIAN_POINT('',(-14.,-25.224,14.5));
#2377 = DIRECTION('',(0.,0.,1.));
#2378 = DIRECTION('',(1.,1.224646799147E-16,0.));
#2379 = ADVANCED_FACE('',(#2380),#2391,.F.);
#2380 = FACE_BOUND('',#2381,.T.);
#2381 = EDGE_LOOP('',(#2382,#2388,#2389,#2390));
#2382 = ORIENTED_EDGE('',*,*,#2383,.F.);
#2383 = EDGE_CURVE('',#1296,#696,#2384,.T.);
#2384 = LINE('',#2385,#2386);
#2385 = CARTESIAN_POINT('',(-12.55,-8.224,14.5));
#2386 = VECTOR('',#2387,1.);
#2387 = DIRECTION('',(-7.401486830834E-17,-9.064207156313E-33,1.));
#2388 = ORIENTED_EDGE('',*,*,#1295,.T.);
#2389 = ORIENTED_EDGE('',*,*,#2383,.T.);
#2390 = ORIENTED_EDGE('',*,*,#695,.T.);
#2391 = CYLINDRICAL_SURFACE('',#2392,1.45);
#2392 = AXIS2_PLACEMENT_3D('',#2393,#2394,#2395);
#2393 = CARTESIAN_POINT('',(-14.,-8.224,14.5));
#2394 = DIRECTION('',(0.,0.,1.));
#2395 = DIRECTION('',(1.,1.224646799147E-16,0.));
#2396 = ADVANCED_FACE('',(#2397),#2408,.F.);
#2397 = FACE_BOUND('',#2398,.F.);
#2398 = EDGE_LOOP('',(#2399,#2405,#2406,#2407));
#2399 = ORIENTED_EDGE('',*,*,#2400,.F.);
#2400 = EDGE_CURVE('',#1307,#707,#2401,.T.);
#2401 = LINE('',#2402,#2403);
#2402 = CARTESIAN_POINT('',(14.55,-25.224,14.5));
#2403 = VECTOR('',#2404,1.);
#2404 = DIRECTION('',(7.401486830834E-17,4.532103578156E-32,1.));
#2405 = ORIENTED_EDGE('',*,*,#1306,.T.);
#2406 = ORIENTED_EDGE('',*,*,#2400,.T.);
#2407 = ORIENTED_EDGE('',*,*,#706,.F.);
#2408 = CYLINDRICAL_SURFACE('',#2409,1.45);
#2409 = AXIS2_PLACEMENT_3D('',#2410,#2411,#2412);
#2410 = CARTESIAN_POINT('',(16.,-25.224,14.5));
#2411 = DIRECTION('',(0.,0.,1.));
#2412 = DIRECTION('',(-1.,-6.123233995737E-16,0.));
#2413 = ADVANCED_FACE('',(#2414),#2425,.F.);
#2414 = FACE_BOUND('',#2415,.F.);
#2415 = EDGE_LOOP('',(#2416,#2422,#2423,#2424));
#2416 = ORIENTED_EDGE('',*,*,#2417,.F.);
#2417 = EDGE_CURVE('',#1318,#718,#2418,.T.);
#2418 = LINE('',#2419,#2420);
#2419 = CARTESIAN_POINT('',(14.55,-8.224,14.5));
#2420 = VECTOR('',#2421,1.);
#2421 = DIRECTION('',(7.401486830834E-17,4.532103578156E-32,1.));
#2422 = ORIENTED_EDGE('',*,*,#1317,.T.);
#2423 = ORIENTED_EDGE('',*,*,#2417,.T.);
#2424 = ORIENTED_EDGE('',*,*,#717,.F.);
#2425 = CYLINDRICAL_SURFACE('',#2426,1.45);
#2426 = AXIS2_PLACEMENT_3D('',#2427,#2428,#2429);
#2427 = CARTESIAN_POINT('',(16.,-8.224,14.5));
#2428 = DIRECTION('',(0.,0.,1.));
#2429 = DIRECTION('',(-1.,-6.123233995737E-16,0.));
#2430 = ADVANCED_FACE('',(#2431),#2442,.F.);
#2431 = FACE_BOUND('',#2432,.T.);
#2432 = EDGE_LOOP('',(#2433,#2439,#2440,#2441));
#2433 = ORIENTED_EDGE('',*,*,#2434,.F.);
#2434 = EDGE_CURVE('',#1329,#729,#2435,.T.);
#2435 = LINE('',#2436,#2437);
#2436 = CARTESIAN_POINT('',(-12.55,8.776,14.5));
#2437 = VECTOR('',#2438,1.);
#2438 = DIRECTION('',(-7.401486830834E-17,-9.064207156313E-33,1.));
#2439 = ORIENTED_EDGE('',*,*,#1328,.T.);
#2440 = ORIENTED_EDGE('',*,*,#2434,.T.);
#2441 = ORIENTED_EDGE('',*,*,#728,.T.);
#2442 = CYLINDRICAL_SURFACE('',#2443,1.45);
#2443 = AXIS2_PLACEMENT_3D('',#2444,#2445,#2446);
#2444 = CARTESIAN_POINT('',(-14.,8.776,14.5));
#2445 = DIRECTION('',(0.,0.,1.));
#2446 = DIRECTION('',(1.,1.224646799147E-16,0.));
#2447 = ADVANCED_FACE('',(#2448),#2459,.F.);
#2448 = FACE_BOUND('',#2449,.T.);
#2449 = EDGE_LOOP('',(#2450,#2456,#2457,#2458));
#2450 = ORIENTED_EDGE('',*,*,#2451,.F.);
#2451 = EDGE_CURVE('',#1340,#740,#2452,.T.);
#2452 = LINE('',#2453,#2454);
#2453 = CARTESIAN_POINT('',(-6.05,15.076,14.5));
#2454 = VECTOR('',#2455,1.);
#2455 = DIRECTION('',(-7.401486830834E-17,-9.064207156313E-33,1.));
#2456 = ORIENTED_EDGE('',*,*,#1339,.T.);
#2457 = ORIENTED_EDGE('',*,*,#2451,.T.);
#2458 = ORIENTED_EDGE('',*,*,#739,.T.);
#2459 = CYLINDRICAL_SURFACE('',#2460,1.45);
#2460 = AXIS2_PLACEMENT_3D('',#2461,#2462,#2463);
#2461 = CARTESIAN_POINT('',(-7.5,15.076,14.5));
#2462 = DIRECTION('',(0.,0.,1.));
#2463 = DIRECTION('',(1.,1.224646799147E-16,0.));
#2464 = ADVANCED_FACE('',(#2465),#2476,.F.);
#2465 = FACE_BOUND('',#2466,.F.);
#2466 = EDGE_LOOP('',(#2467,#2473,#2474,#2475));
#2467 = ORIENTED_EDGE('',*,*,#2468,.F.);
#2468 = EDGE_CURVE('',#1351,#751,#2469,.T.);
#2469 = LINE('',#2470,#2471);
#2470 = CARTESIAN_POINT('',(14.55,8.776,14.5));
#2471 = VECTOR('',#2472,1.);
#2472 = DIRECTION('',(7.401486830834E-17,4.532103578156E-32,1.));
#2473 = ORIENTED_EDGE('',*,*,#1350,.T.);
#2474 = ORIENTED_EDGE('',*,*,#2468,.T.);
#2475 = ORIENTED_EDGE('',*,*,#750,.F.);
#2476 = CYLINDRICAL_SURFACE('',#2477,1.45);
#2477 = AXIS2_PLACEMENT_3D('',#2478,#2479,#2480);
#2478 = CARTESIAN_POINT('',(16.,8.776,14.5));
#2479 = DIRECTION('',(0.,0.,1.));
#2480 = DIRECTION('',(-1.,-6.123233995737E-16,0.));
#2481 = ADVANCED_FACE('',(#2482),#2493,.F.);
#2482 = FACE_BOUND('',#2483,.F.);
#2483 = EDGE_LOOP('',(#2484,#2490,#2491,#2492));
#2484 = ORIENTED_EDGE('',*,*,#2485,.F.);
#2485 = EDGE_CURVE('',#1362,#762,#2486,.T.);
#2486 = LINE('',#2487,#2488);
#2487 = CARTESIAN_POINT('',(8.05,15.076,14.5));
#2488 = VECTOR('',#2489,1.);
#2489 = DIRECTION('',(7.401486830834E-17,4.532103578156E-32,1.));
#2490 = ORIENTED_EDGE('',*,*,#1361,.T.);
#2491 = ORIENTED_EDGE('',*,*,#2485,.T.);
#2492 = ORIENTED_EDGE('',*,*,#761,.F.);
#2493 = CYLINDRICAL_SURFACE('',#2494,1.45);
#2494 = AXIS2_PLACEMENT_3D('',#2495,#2496,#2497);
#2495 = CARTESIAN_POINT('',(9.5,15.076,14.5));
#2496 = DIRECTION('',(0.,0.,1.));
#2497 = DIRECTION('',(-1.,-6.123233995737E-16,0.));
#2498 = ADVANCED_FACE('',(#2499),#2505,.T.);
#2499 = FACE_BOUND('',#2500,.F.);
#2500 = EDGE_LOOP('',(#2501,#2502,#2503,#2504));
#2501 = ORIENTED_EDGE('',*,*,#1180,.T.);
#2502 = ORIENTED_EDGE('',*,*,#1509,.T.);
#2503 = ORIENTED_EDGE('',*,*,#854,.F.);
#2504 = ORIENTED_EDGE('',*,*,#1564,.F.);
#2505 = PLANE('',#2506);
#2506 = AXIS2_PLACEMENT_3D('',#2507,#2508,#2509);
#2507 = CARTESIAN_POINT('',(21.,-28.724,14.5));
#2508 = DIRECTION('',(-1.,-3.673940397442E-16,0.));
#2509 = DIRECTION('',(-8.157786440681E-32,2.22044604925E-16,1.));
#2510 = ADVANCED_FACE('',(#2511),#2522,.F.);
#2511 = FACE_BOUND('',#2512,.F.);
#2512 = EDGE_LOOP('',(#2513,#2519,#2520,#2521));
#2513 = ORIENTED_EDGE('',*,*,#2514,.F.);
#2514 = EDGE_CURVE('',#1582,#1518,#2515,.T.);
#2515 = LINE('',#2516,#2517);
#2516 = CARTESIAN_POINT('',(23.05,-28.724,17.));
#2517 = VECTOR('',#2518,1.);
#2518 = DIRECTION('',(5.753159654195E-16,-1.,2.22044604925E-16));
#2519 = ORIENTED_EDGE('',*,*,#1581,.T.);
#2520 = ORIENTED_EDGE('',*,*,#2514,.T.);
#2521 = ORIENTED_EDGE('',*,*,#1517,.F.);
#2522 = CYLINDRICAL_SURFACE('',#2523,1.45);
#2523 = AXIS2_PLACEMENT_3D('',#2524,#2525,#2526);
#2524 = CARTESIAN_POINT('',(24.5,-28.724,17.));
#2525 = DIRECTION('',(4.898587196589E-16,-1.,2.22044604925E-16));
#2526 = DIRECTION('',(-1.,-4.898587196589E-16,0.));
#2527 = ADVANCED_FACE('',(#2528),#2539,.F.);
#2528 = FACE_BOUND('',#2529,.F.);
#2529 = EDGE_LOOP('',(#2530,#2536,#2537,#2538));
#2530 = ORIENTED_EDGE('',*,*,#2531,.F.);
#2531 = EDGE_CURVE('',#1593,#1529,#2532,.T.);
#2532 = LINE('',#2533,#2534);
#2533 = CARTESIAN_POINT('',(23.05,-28.724,-1.5));
#2534 = VECTOR('',#2535,1.);
#2535 = DIRECTION('',(3.3038660559E-16,-1.,2.22044604925E-16));
#2536 = ORIENTED_EDGE('',*,*,#1592,.T.);
#2537 = ORIENTED_EDGE('',*,*,#2531,.T.);
#2538 = ORIENTED_EDGE('',*,*,#1528,.F.);
#2539 = CYLINDRICAL_SURFACE('',#2540,1.45);
#2540 = AXIS2_PLACEMENT_3D('',#2541,#2542,#2543);
#2541 = CARTESIAN_POINT('',(24.5,-28.724,-1.5));
#2542 = DIRECTION('',(2.449293598295E-16,-1.,2.22044604925E-16));
#2543 = DIRECTION('',(-1.,-2.449293598295E-16,0.));
#2544 = ADVANCED_FACE('',(#2545),#2556,.F.);
#2545 = FACE_BOUND('',#2546,.F.);
#2546 = EDGE_LOOP('',(#2547,#2553,#2554,#2555));
#2547 = ORIENTED_EDGE('',*,*,#2548,.F.);
#2548 = EDGE_CURVE('',#1604,#1540,#2549,.T.);
#2549 = LINE('',#2550,#2551);
#2550 = CARTESIAN_POINT('',(23.05,-28.724,-19.));
#2551 = VECTOR('',#2552,1.);
#2552 = DIRECTION('',(5.753159654195E-16,-1.,2.22044604925E-16));
#2553 = ORIENTED_EDGE('',*,*,#1603,.T.);
#2554 = ORIENTED_EDGE('',*,*,#2548,.T.);
#2555 = ORIENTED_EDGE('',*,*,#1539,.F.);
#2556 = CYLINDRICAL_SURFACE('',#2557,1.45);
#2557 = AXIS2_PLACEMENT_3D('',#2558,#2559,#2560);
#2558 = CARTESIAN_POINT('',(24.5,-28.724,-19.));
#2559 = DIRECTION('',(4.898587196589E-16,-1.,2.22044604925E-16));
#2560 = DIRECTION('',(-1.,-4.898587196589E-16,0.));
#2561 = ( GEOMETRIC_REPRESENTATION_CONTEXT(3) 
GLOBAL_UNCERTAINTY_ASSIGNED_CONTEXT((#2565)) 
GLOBAL_UNIT_ASSIGNED_CONTEXT((#2562,#2563,#2564)) REPRESENTATION_CONTEXT
('Context #1','3D Context with UNIT and UNCERTAINTY') );
#2562 = ( LENGTH_UNIT() NAMED_UNIT(*) SI_UNIT(.MILLI.,.METRE.) );
#2563 = ( NAMED_UNIT(*) PLANE_ANGLE_UNIT() SI_UNIT($,.RADIAN.) );
#2564 = ( NAMED_UNIT(*) SI_UNIT($,.STERADIAN.) SOLID_ANGLE_UNIT() );
#2565 = UNCERTAINTY_MEASURE_WITH_UNIT(LENGTH_MEASURE(1.E-07),#2562,
  'distance_accuracy_value','confusion accuracy');
#2566 = PRODUCT_RELATED_PRODUCT_CATEGORY('part',$,(#7));
#2567 = MECHANICAL_DESIGN_GEOMETRIC_PRESENTATION_REPRESENTATION('',(
    #2568),#2561);
#2568 = STYLED_ITEM('color',(#2569),#15);
#2569 = PRESENTATION_STYLE_ASSIGNMENT((#2570,#2576));
#2570 = SURFACE_STYLE_USAGE(.BOTH.,#2571);
#2571 = SURFACE_SIDE_STYLE('',(#2572));
#2572 = SURFACE_STYLE_FILL_AREA(#2573);
#2573 = FILL_AREA_STYLE('',(#2574));
#2574 = FILL_AREA_STYLE_COLOUR('',#2575);
#2575 = COLOUR_RGB('',0.678431390124,0.709803936702,0.741176476869);
#2576 = CURVE_STYLE('',#2577,POSITIVE_LENGTH_MEASURE(0.1),#2578);
#2577 = DRAUGHTING_PRE_DEFINED_CURVE_FONT('continuous');
#2578 = COLOUR_RGB('',9.803921802644E-02,9.803921802644E-02,
  9.803921802644E-02);
ENDSEC;
END-ISO-10303-21;
