ISO-10303-21;
HEADER;
FILE_DESCRIPTION(('FreeCAD Model'),'2;1');
FILE_NAME('Open CASCADE Shape Model','2026-08-17T21:40:35',(''),(''),
  'Open CASCADE STEP processor 7.8','FreeCAD','Unknown');
FILE_SCHEMA(('AUTOMOTIVE_DESIGN { 1 0 10303 214 1 1 1 1 }'));
ENDSEC;
DATA;
#1 = APPLICATION_PROTOCOL_DEFINITION('international standard',
  'automotive_design',2000,#2);
#2 = APPLICATION_CONTEXT(
  'core data for automotive mechanical design processes');
#3 = SHAPE_DEFINITION_REPRESENTATION(#4,#10);
#4 = PRODUCT_DEFINITION_SHAPE('','',#5);
#5 = PRODUCT_DEFINITION('design','',#6,#9);
#6 = PRODUCT_DEFINITION_FORMATION('','',#7);
#7 = PRODUCT('OmniWheel50','OmniWheel50','',(#8));
#8 = PRODUCT_CONTEXT('',#2,'mechanical');
#9 = PRODUCT_DEFINITION_CONTEXT('part definition',#2,'design');
#10 = SHAPE_REPRESENTATION('',(#11,#15,#19,#23),#27);
#11 = AXIS2_PLACEMENT_3D('',#12,#13,#14);
#12 = CARTESIAN_POINT('',(0.,0.,0.));
#13 = DIRECTION('',(0.,0.,1.));
#14 = DIRECTION('',(1.,0.,-0.));
#15 = AXIS2_PLACEMENT_3D('',#16,#17,#18);
#16 = CARTESIAN_POINT('',(4.803728001091,-0.63864591922,40.5));
#17 = DIRECTION('',(0.,0.,1.));
#18 = DIRECTION('',(1.,0.,0.));
#19 = AXIS2_PLACEMENT_3D('',#20,#21,#22);
#20 = CARTESIAN_POINT('',(4.803728001091,-0.63864591922,43.5));
#21 = DIRECTION('',(0.,-0.,1.));
#22 = DIRECTION('',(0.5,0.866025403784,0.));
#23 = AXIS2_PLACEMENT_3D('',#24,#25,#26);
#24 = CARTESIAN_POINT('',(0.,0.,0.));
#25 = DIRECTION('',(0.,0.,1.));
#26 = DIRECTION('',(1.,0.,0.));
#27 = ( GEOMETRIC_REPRESENTATION_CONTEXT(3) 
GLOBAL_UNCERTAINTY_ASSIGNED_CONTEXT((#31)) GLOBAL_UNIT_ASSIGNED_CONTEXT(
(#28,#29,#30)) REPRESENTATION_CONTEXT('Context #1',
  '3D Context with UNIT and UNCERTAINTY') );
#28 = ( LENGTH_UNIT() NAMED_UNIT(*) SI_UNIT(.MILLI.,.METRE.) );
#29 = ( NAMED_UNIT(*) PLANE_ANGLE_UNIT() SI_UNIT($,.RADIAN.) );
#30 = ( NAMED_UNIT(*) SI_UNIT($,.STERADIAN.) SOLID_ANGLE_UNIT() );
#31 = UNCERTAINTY_MEASURE_WITH_UNIT(LENGTH_MEASURE(2.E-06),#28,
  'distance_accuracy_value','confusion accuracy');
#32 = PRODUCT_RELATED_PRODUCT_CATEGORY('part',$,(#7));
#33 = SHAPE_DEFINITION_REPRESENTATION(#34,#40);
#34 = PRODUCT_DEFINITION_SHAPE('','',#35);
#35 = PRODUCT_DEFINITION('design','',#36,#39);
#36 = PRODUCT_DEFINITION_FORMATION('','',#37);
#37 = PRODUCT('OmniBase_Predeterminado','OmniBase_Predeterminado','',(
    #38));
#38 = PRODUCT_CONTEXT('',#2,'mechanical');
#39 = PRODUCT_DEFINITION_CONTEXT('part definition',#2,'design');
#40 = ADVANCED_BREP_SHAPE_REPRESENTATION('',(#11,#41),#3472);
#41 = MANIFOLD_SOLID_BREP('',#42);
#42 = CLOSED_SHELL('',(#43,#85,#127,#159,#201,#233,#275,#307,#349,#381,
    #423,#465,#507,#549,#591,#633,#675,#717,#759,#801,#1462,#1494,#1518,
    #1543,#1567,#1592,#1616,#1641,#1665,#1690,#1714,#1739,#1763,#1788,
    #1812,#1830,#1854,#1879,#1903,#1928,#1952,#1977,#2001,#2026,#2050,
    #2075,#2099,#2124,#2148,#2173,#2197,#2222,#2246,#2271,#2295,#2320,
    #2344,#2362,#2386,#2411,#2435,#2453,#2477,#2502,#2526,#2544,#2568,
    #2593,#2617,#2635,#2659,#2684,#2708,#2726,#2750,#2775,#2799,#2817,
    #2841,#2866,#2890,#2908,#2932,#2957,#2981,#2999,#3023,#3048,#3072,
    #3097,#3121,#3146,#3170,#3187,#3320,#3338,#3350,#3368,#3380,#3398,
    #3410,#3428,#3440,#3460));
#43 = ADVANCED_FACE('',(#44),#80,.T.);
#44 = FACE_BOUND('',#45,.T.);
#45 = EDGE_LOOP('',(#46,#57,#65,#74));
#46 = ORIENTED_EDGE('',*,*,#47,.F.);
#47 = EDGE_CURVE('',#48,#50,#52,.T.);
#48 = VERTEX_POINT('',#49);
#49 = CARTESIAN_POINT('',(-5.,6.123233995737E-16,-6.));
#50 = VERTEX_POINT('',#51);
#51 = CARTESIAN_POINT('',(5.,0.,-6.));
#52 = CIRCLE('',#53,5.);
#53 = AXIS2_PLACEMENT_3D('',#54,#55,#56);
#54 = CARTESIAN_POINT('',(0.,0.,-6.));
#55 = DIRECTION('',(0.,0.,-1.));
#56 = DIRECTION('',(-1.,0.,0.));
#57 = ORIENTED_EDGE('',*,*,#58,.T.);
#58 = EDGE_CURVE('',#48,#59,#61,.T.);
#59 = VERTEX_POINT('',#60);
#60 = CARTESIAN_POINT('',(-5.,6.123233995737E-16,0.));
#61 = LINE('',#62,#63);
#62 = CARTESIAN_POINT('',(-5.,6.123233995737E-16,-6.));
#63 = VECTOR('',#64,1.);
#64 = DIRECTION('',(-0.,-0.,1.));
#65 = ORIENTED_EDGE('',*,*,#66,.T.);
#66 = EDGE_CURVE('',#59,#67,#69,.T.);
#67 = VERTEX_POINT('',#68);
#68 = CARTESIAN_POINT('',(5.,0.,0.));
#69 = CIRCLE('',#70,5.);
#70 = AXIS2_PLACEMENT_3D('',#71,#72,#73);
#71 = CARTESIAN_POINT('',(0.,0.,0.));
#72 = DIRECTION('',(0.,0.,-1.));
#73 = DIRECTION('',(1.,0.,0.));
#74 = ORIENTED_EDGE('',*,*,#75,.F.);
#75 = EDGE_CURVE('',#50,#67,#76,.T.);
#76 = LINE('',#77,#78);
#77 = CARTESIAN_POINT('',(5.,0.,-6.));
#78 = VECTOR('',#79,1.);
#79 = DIRECTION('',(-0.,-0.,1.));
#80 = CYLINDRICAL_SURFACE('',#81,5.);
#81 = AXIS2_PLACEMENT_3D('',#82,#83,#84);
#82 = CARTESIAN_POINT('',(0.,0.,-6.));
#83 = DIRECTION('',(-0.,-0.,1.));
#84 = DIRECTION('',(1.,0.,0.));
#85 = ADVANCED_FACE('',(#86),#122,.F.);
#86 = FACE_BOUND('',#87,.F.);
#87 = EDGE_LOOP('',(#88,#98,#107,#115));
#88 = ORIENTED_EDGE('',*,*,#89,.T.);
#89 = EDGE_CURVE('',#90,#92,#94,.T.);
#90 = VERTEX_POINT('',#91);
#91 = CARTESIAN_POINT('',(-6.8,8.,2.227448980154));
#92 = VERTEX_POINT('',#93);
#93 = CARTESIAN_POINT('',(-6.,8.,3.));
#94 = LINE('',#95,#96);
#95 = CARTESIAN_POINT('',(-6.,8.,3.));
#96 = VECTOR('',#97,1.);
#97 = DIRECTION('',(0.719339800339,0.,0.694658370459));
#98 = ORIENTED_EDGE('',*,*,#99,.F.);
#99 = EDGE_CURVE('',#100,#92,#102,.T.);
#100 = VERTEX_POINT('',#101);
#101 = CARTESIAN_POINT('',(-10.,8.,3.));
#102 = CIRCLE('',#103,2.);
#103 = AXIS2_PLACEMENT_3D('',#104,#105,#106);
#104 = CARTESIAN_POINT('',(-8.,8.,3.));
#105 = DIRECTION('',(0.,-0.,1.));
#106 = DIRECTION('',(1.,0.,0.));
#107 = ORIENTED_EDGE('',*,*,#108,.F.);
#108 = EDGE_CURVE('',#109,#100,#111,.T.);
#109 = VERTEX_POINT('',#110);
#110 = CARTESIAN_POINT('',(-9.2,8.,2.227448980154));
#111 = LINE('',#112,#113);
#112 = CARTESIAN_POINT('',(-10.,8.,3.));
#113 = VECTOR('',#114,1.);
#114 = DIRECTION('',(-0.719339800339,8.80937183984E-17,0.694658370459));
#115 = ORIENTED_EDGE('',*,*,#116,.T.);
#116 = EDGE_CURVE('',#109,#90,#117,.T.);
#117 = CIRCLE('',#118,1.2);
#118 = AXIS2_PLACEMENT_3D('',#119,#120,#121);
#119 = CARTESIAN_POINT('',(-8.,8.,2.227448980154));
#120 = DIRECTION('',(0.,-0.,1.));
#121 = DIRECTION('',(1.,0.,0.));
#122 = CONICAL_SURFACE('',#123,2.,0.802851455917);
#123 = AXIS2_PLACEMENT_3D('',#124,#125,#126);
#124 = CARTESIAN_POINT('',(-8.,8.,3.));
#125 = DIRECTION('',(-0.,-0.,1.));
#126 = DIRECTION('',(1.,0.,0.));
#127 = ADVANCED_FACE('',(#128),#154,.F.);
#128 = FACE_BOUND('',#129,.F.);
#129 = EDGE_LOOP('',(#130,#138,#139,#147));
#130 = ORIENTED_EDGE('',*,*,#131,.T.);
#131 = EDGE_CURVE('',#132,#90,#134,.T.);
#132 = VERTEX_POINT('',#133);
#133 = CARTESIAN_POINT('',(-6.8,8.,0.));
#134 = LINE('',#135,#136);
#135 = CARTESIAN_POINT('',(-6.8,8.,3.));
#136 = VECTOR('',#137,1.);
#137 = DIRECTION('',(-0.,-0.,1.));
#138 = ORIENTED_EDGE('',*,*,#116,.F.);
#139 = ORIENTED_EDGE('',*,*,#140,.F.);
#140 = EDGE_CURVE('',#141,#109,#143,.T.);
#141 = VERTEX_POINT('',#142);
#142 = CARTESIAN_POINT('',(-9.2,8.,0.));
#143 = LINE('',#144,#145);
#144 = CARTESIAN_POINT('',(-9.2,8.,3.));
#145 = VECTOR('',#146,1.);
#146 = DIRECTION('',(-0.,-0.,1.));
#147 = ORIENTED_EDGE('',*,*,#148,.T.);
#148 = EDGE_CURVE('',#141,#132,#149,.T.);
#149 = CIRCLE('',#150,1.2);
#150 = AXIS2_PLACEMENT_3D('',#151,#152,#153);
#151 = CARTESIAN_POINT('',(-8.,8.,0.));
#152 = DIRECTION('',(0.,-0.,1.));
#153 = DIRECTION('',(1.,0.,0.));
#154 = CYLINDRICAL_SURFACE('',#155,1.2);
#155 = AXIS2_PLACEMENT_3D('',#156,#157,#158);
#156 = CARTESIAN_POINT('',(-8.,8.,3.));
#157 = DIRECTION('',(-0.,-0.,1.));
#158 = DIRECTION('',(1.,0.,0.));
#159 = ADVANCED_FACE('',(#160),#196,.F.);
#160 = FACE_BOUND('',#161,.F.);
#161 = EDGE_LOOP('',(#162,#172,#181,#189));
#162 = ORIENTED_EDGE('',*,*,#163,.T.);
#163 = EDGE_CURVE('',#164,#166,#168,.T.);
#164 = VERTEX_POINT('',#165);
#165 = CARTESIAN_POINT('',(9.2,8.,2.227448980154));
#166 = VERTEX_POINT('',#167);
#167 = CARTESIAN_POINT('',(10.,8.,3.));
#168 = LINE('',#169,#170);
#169 = CARTESIAN_POINT('',(10.,8.,3.));
#170 = VECTOR('',#171,1.);
#171 = DIRECTION('',(0.719339800339,0.,0.694658370459));
#172 = ORIENTED_EDGE('',*,*,#173,.F.);
#173 = EDGE_CURVE('',#174,#166,#176,.T.);
#174 = VERTEX_POINT('',#175);
#175 = CARTESIAN_POINT('',(6.,8.,3.));
#176 = CIRCLE('',#177,2.);
#177 = AXIS2_PLACEMENT_3D('',#178,#179,#180);
#178 = CARTESIAN_POINT('',(8.,8.,3.));
#179 = DIRECTION('',(0.,-0.,1.));
#180 = DIRECTION('',(1.,0.,0.));
#181 = ORIENTED_EDGE('',*,*,#182,.F.);
#182 = EDGE_CURVE('',#183,#174,#185,.T.);
#183 = VERTEX_POINT('',#184);
#184 = CARTESIAN_POINT('',(6.8,8.,2.227448980154));
#185 = LINE('',#186,#187);
#186 = CARTESIAN_POINT('',(6.,8.,3.));
#187 = VECTOR('',#188,1.);
#188 = DIRECTION('',(-0.719339800339,8.80937183984E-17,0.694658370459));
#189 = ORIENTED_EDGE('',*,*,#190,.T.);
#190 = EDGE_CURVE('',#183,#164,#191,.T.);
#191 = CIRCLE('',#192,1.2);
#192 = AXIS2_PLACEMENT_3D('',#193,#194,#195);
#193 = CARTESIAN_POINT('',(8.,8.,2.227448980154));
#194 = DIRECTION('',(0.,-0.,1.));
#195 = DIRECTION('',(1.,0.,0.));
#196 = CONICAL_SURFACE('',#197,2.,0.802851455917);
#197 = AXIS2_PLACEMENT_3D('',#198,#199,#200);
#198 = CARTESIAN_POINT('',(8.,8.,3.));
#199 = DIRECTION('',(-0.,-0.,1.));
#200 = DIRECTION('',(1.,0.,0.));
#201 = ADVANCED_FACE('',(#202),#228,.F.);
#202 = FACE_BOUND('',#203,.F.);
#203 = EDGE_LOOP('',(#204,#212,#213,#221));
#204 = ORIENTED_EDGE('',*,*,#205,.T.);
#205 = EDGE_CURVE('',#206,#164,#208,.T.);
#206 = VERTEX_POINT('',#207);
#207 = CARTESIAN_POINT('',(9.2,8.,0.));
#208 = LINE('',#209,#210);
#209 = CARTESIAN_POINT('',(9.2,8.,3.));
#210 = VECTOR('',#211,1.);
#211 = DIRECTION('',(-0.,-0.,1.));
#212 = ORIENTED_EDGE('',*,*,#190,.F.);
#213 = ORIENTED_EDGE('',*,*,#214,.F.);
#214 = EDGE_CURVE('',#215,#183,#217,.T.);
#215 = VERTEX_POINT('',#216);
#216 = CARTESIAN_POINT('',(6.8,8.,0.));
#217 = LINE('',#218,#219);
#218 = CARTESIAN_POINT('',(6.8,8.,3.));
#219 = VECTOR('',#220,1.);
#220 = DIRECTION('',(-0.,-0.,1.));
#221 = ORIENTED_EDGE('',*,*,#222,.T.);
#222 = EDGE_CURVE('',#215,#206,#223,.T.);
#223 = CIRCLE('',#224,1.2);
#224 = AXIS2_PLACEMENT_3D('',#225,#226,#227);
#225 = CARTESIAN_POINT('',(8.,8.,0.));
#226 = DIRECTION('',(0.,-0.,1.));
#227 = DIRECTION('',(1.,0.,0.));
#228 = CYLINDRICAL_SURFACE('',#229,1.2);
#229 = AXIS2_PLACEMENT_3D('',#230,#231,#232);
#230 = CARTESIAN_POINT('',(8.,8.,3.));
#231 = DIRECTION('',(-0.,-0.,1.));
#232 = DIRECTION('',(1.,0.,0.));
#233 = ADVANCED_FACE('',(#234),#270,.F.);
#234 = FACE_BOUND('',#235,.F.);
#235 = EDGE_LOOP('',(#236,#246,#255,#263));
#236 = ORIENTED_EDGE('',*,*,#237,.T.);
#237 = EDGE_CURVE('',#238,#240,#242,.T.);
#238 = VERTEX_POINT('',#239);
#239 = CARTESIAN_POINT('',(9.2,-8.,2.227448980154));
#240 = VERTEX_POINT('',#241);
#241 = CARTESIAN_POINT('',(10.,-8.,3.));
#242 = LINE('',#243,#244);
#243 = CARTESIAN_POINT('',(10.,-8.,3.));
#244 = VECTOR('',#245,1.);
#245 = DIRECTION('',(0.719339800339,0.,0.694658370459));
#246 = ORIENTED_EDGE('',*,*,#247,.F.);
#247 = EDGE_CURVE('',#248,#240,#250,.T.);
#248 = VERTEX_POINT('',#249);
#249 = CARTESIAN_POINT('',(6.,-8.,3.));
#250 = CIRCLE('',#251,2.);
#251 = AXIS2_PLACEMENT_3D('',#252,#253,#254);
#252 = CARTESIAN_POINT('',(8.,-8.,3.));
#253 = DIRECTION('',(0.,-0.,1.));
#254 = DIRECTION('',(1.,0.,0.));
#255 = ORIENTED_EDGE('',*,*,#256,.F.);
#256 = EDGE_CURVE('',#257,#248,#259,.T.);
#257 = VERTEX_POINT('',#258);
#258 = CARTESIAN_POINT('',(6.8,-8.,2.227448980154));
#259 = LINE('',#260,#261);
#260 = CARTESIAN_POINT('',(6.,-8.,3.));
#261 = VECTOR('',#262,1.);
#262 = DIRECTION('',(-0.719339800339,8.80937183984E-17,0.694658370459));
#263 = ORIENTED_EDGE('',*,*,#264,.T.);
#264 = EDGE_CURVE('',#257,#238,#265,.T.);
#265 = CIRCLE('',#266,1.2);
#266 = AXIS2_PLACEMENT_3D('',#267,#268,#269);
#267 = CARTESIAN_POINT('',(8.,-8.,2.227448980154));
#268 = DIRECTION('',(0.,-0.,1.));
#269 = DIRECTION('',(1.,0.,0.));
#270 = CONICAL_SURFACE('',#271,2.,0.802851455917);
#271 = AXIS2_PLACEMENT_3D('',#272,#273,#274);
#272 = CARTESIAN_POINT('',(8.,-8.,3.));
#273 = DIRECTION('',(-0.,-0.,1.));
#274 = DIRECTION('',(1.,0.,0.));
#275 = ADVANCED_FACE('',(#276),#302,.F.);
#276 = FACE_BOUND('',#277,.F.);
#277 = EDGE_LOOP('',(#278,#286,#287,#295));
#278 = ORIENTED_EDGE('',*,*,#279,.T.);
#279 = EDGE_CURVE('',#280,#238,#282,.T.);
#280 = VERTEX_POINT('',#281);
#281 = CARTESIAN_POINT('',(9.2,-8.,0.));
#282 = LINE('',#283,#284);
#283 = CARTESIAN_POINT('',(9.2,-8.,3.));
#284 = VECTOR('',#285,1.);
#285 = DIRECTION('',(-0.,-0.,1.));
#286 = ORIENTED_EDGE('',*,*,#264,.F.);
#287 = ORIENTED_EDGE('',*,*,#288,.F.);
#288 = EDGE_CURVE('',#289,#257,#291,.T.);
#289 = VERTEX_POINT('',#290);
#290 = CARTESIAN_POINT('',(6.8,-8.,0.));
#291 = LINE('',#292,#293);
#292 = CARTESIAN_POINT('',(6.8,-8.,3.));
#293 = VECTOR('',#294,1.);
#294 = DIRECTION('',(-0.,-0.,1.));
#295 = ORIENTED_EDGE('',*,*,#296,.T.);
#296 = EDGE_CURVE('',#289,#280,#297,.T.);
#297 = CIRCLE('',#298,1.2);
#298 = AXIS2_PLACEMENT_3D('',#299,#300,#301);
#299 = CARTESIAN_POINT('',(8.,-8.,0.));
#300 = DIRECTION('',(0.,-0.,1.));
#301 = DIRECTION('',(1.,0.,0.));
#302 = CYLINDRICAL_SURFACE('',#303,1.2);
#303 = AXIS2_PLACEMENT_3D('',#304,#305,#306);
#304 = CARTESIAN_POINT('',(8.,-8.,3.));
#305 = DIRECTION('',(-0.,-0.,1.));
#306 = DIRECTION('',(1.,0.,0.));
#307 = ADVANCED_FACE('',(#308),#344,.F.);
#308 = FACE_BOUND('',#309,.F.);
#309 = EDGE_LOOP('',(#310,#320,#329,#337));
#310 = ORIENTED_EDGE('',*,*,#311,.T.);
#311 = EDGE_CURVE('',#312,#314,#316,.T.);
#312 = VERTEX_POINT('',#313);
#313 = CARTESIAN_POINT('',(-6.8,-8.,2.227448980154));
#314 = VERTEX_POINT('',#315);
#315 = CARTESIAN_POINT('',(-6.,-8.,3.));
#316 = LINE('',#317,#318);
#317 = CARTESIAN_POINT('',(-6.,-8.,3.));
#318 = VECTOR('',#319,1.);
#319 = DIRECTION('',(0.719339800339,0.,0.694658370459));
#320 = ORIENTED_EDGE('',*,*,#321,.F.);
#321 = EDGE_CURVE('',#322,#314,#324,.T.);
#322 = VERTEX_POINT('',#323);
#323 = CARTESIAN_POINT('',(-10.,-8.,3.));
#324 = CIRCLE('',#325,2.);
#325 = AXIS2_PLACEMENT_3D('',#326,#327,#328);
#326 = CARTESIAN_POINT('',(-8.,-8.,3.));
#327 = DIRECTION('',(0.,-0.,1.));
#328 = DIRECTION('',(1.,0.,0.));
#329 = ORIENTED_EDGE('',*,*,#330,.F.);
#330 = EDGE_CURVE('',#331,#322,#333,.T.);
#331 = VERTEX_POINT('',#332);
#332 = CARTESIAN_POINT('',(-9.2,-8.,2.227448980154));
#333 = LINE('',#334,#335);
#334 = CARTESIAN_POINT('',(-10.,-8.,3.));
#335 = VECTOR('',#336,1.);
#336 = DIRECTION('',(-0.719339800339,8.80937183984E-17,0.694658370459));
#337 = ORIENTED_EDGE('',*,*,#338,.T.);
#338 = EDGE_CURVE('',#331,#312,#339,.T.);
#339 = CIRCLE('',#340,1.2);
#340 = AXIS2_PLACEMENT_3D('',#341,#342,#343);
#341 = CARTESIAN_POINT('',(-8.,-8.,2.227448980154));
#342 = DIRECTION('',(0.,-0.,1.));
#343 = DIRECTION('',(1.,0.,0.));
#344 = CONICAL_SURFACE('',#345,2.,0.802851455917);
#345 = AXIS2_PLACEMENT_3D('',#346,#347,#348);
#346 = CARTESIAN_POINT('',(-8.,-8.,3.));
#347 = DIRECTION('',(-0.,-0.,1.));
#348 = DIRECTION('',(1.,0.,0.));
#349 = ADVANCED_FACE('',(#350),#376,.F.);
#350 = FACE_BOUND('',#351,.F.);
#351 = EDGE_LOOP('',(#352,#360,#361,#369));
#352 = ORIENTED_EDGE('',*,*,#353,.T.);
#353 = EDGE_CURVE('',#354,#312,#356,.T.);
#354 = VERTEX_POINT('',#355);
#355 = CARTESIAN_POINT('',(-6.8,-8.,0.));
#356 = LINE('',#357,#358);
#357 = CARTESIAN_POINT('',(-6.8,-8.,3.));
#358 = VECTOR('',#359,1.);
#359 = DIRECTION('',(-0.,-0.,1.));
#360 = ORIENTED_EDGE('',*,*,#338,.F.);
#361 = ORIENTED_EDGE('',*,*,#362,.F.);
#362 = EDGE_CURVE('',#363,#331,#365,.T.);
#363 = VERTEX_POINT('',#364);
#364 = CARTESIAN_POINT('',(-9.2,-8.,0.));
#365 = LINE('',#366,#367);
#366 = CARTESIAN_POINT('',(-9.2,-8.,3.));
#367 = VECTOR('',#368,1.);
#368 = DIRECTION('',(-0.,-0.,1.));
#369 = ORIENTED_EDGE('',*,*,#370,.T.);
#370 = EDGE_CURVE('',#363,#354,#371,.T.);
#371 = CIRCLE('',#372,1.2);
#372 = AXIS2_PLACEMENT_3D('',#373,#374,#375);
#373 = CARTESIAN_POINT('',(-8.,-8.,0.));
#374 = DIRECTION('',(0.,-0.,1.));
#375 = DIRECTION('',(1.,0.,0.));
#376 = CYLINDRICAL_SURFACE('',#377,1.2);
#377 = AXIS2_PLACEMENT_3D('',#378,#379,#380);
#378 = CARTESIAN_POINT('',(-8.,-8.,3.));
#379 = DIRECTION('',(-0.,-0.,1.));
#380 = DIRECTION('',(1.,0.,0.));
#381 = ADVANCED_FACE('',(#382),#418,.F.);
#382 = FACE_BOUND('',#383,.F.);
#383 = EDGE_LOOP('',(#384,#394,#403,#411));
#384 = ORIENTED_EDGE('',*,*,#385,.T.);
#385 = EDGE_CURVE('',#386,#388,#390,.T.);
#386 = VERTEX_POINT('',#387);
#387 = CARTESIAN_POINT('',(-2.,0.,3.));
#388 = VERTEX_POINT('',#389);
#389 = CARTESIAN_POINT('',(-2.,0.,-6.));
#390 = LINE('',#391,#392);
#391 = CARTESIAN_POINT('',(-2.,0.,3.));
#392 = VECTOR('',#393,1.);
#393 = DIRECTION('',(-0.,-0.,-1.));
#394 = ORIENTED_EDGE('',*,*,#395,.F.);
#395 = EDGE_CURVE('',#396,#388,#398,.T.);
#396 = VERTEX_POINT('',#397);
#397 = CARTESIAN_POINT('',(2.,2.449293598295E-16,-6.));
#398 = CIRCLE('',#399,2.);
#399 = AXIS2_PLACEMENT_3D('',#400,#401,#402);
#400 = CARTESIAN_POINT('',(0.,0.,-6.));
#401 = DIRECTION('',(0.,0.,-1.));
#402 = DIRECTION('',(-1.,0.,0.));
#403 = ORIENTED_EDGE('',*,*,#404,.F.);
#404 = EDGE_CURVE('',#405,#396,#407,.T.);
#405 = VERTEX_POINT('',#406);
#406 = CARTESIAN_POINT('',(2.,2.449293598295E-16,3.));
#407 = LINE('',#408,#409);
#408 = CARTESIAN_POINT('',(2.,2.449293598295E-16,3.));
#409 = VECTOR('',#410,1.);
#410 = DIRECTION('',(-0.,-0.,-1.));
#411 = ORIENTED_EDGE('',*,*,#412,.F.);
#412 = EDGE_CURVE('',#386,#405,#413,.T.);
#413 = CIRCLE('',#414,2.);
#414 = AXIS2_PLACEMENT_3D('',#415,#416,#417);
#415 = CARTESIAN_POINT('',(0.,0.,3.));
#416 = DIRECTION('',(-0.,0.,1.));
#417 = DIRECTION('',(1.,0.,0.));
#418 = CYLINDRICAL_SURFACE('',#419,2.);
#419 = AXIS2_PLACEMENT_3D('',#420,#421,#422);
#420 = CARTESIAN_POINT('',(0.,0.,3.));
#421 = DIRECTION('',(-0.,-0.,-1.));
#422 = DIRECTION('',(-1.,0.,0.));
#423 = ADVANCED_FACE('',(#424),#460,.F.);
#424 = FACE_BOUND('',#425,.F.);
#425 = EDGE_LOOP('',(#426,#436,#445,#453));
#426 = ORIENTED_EDGE('',*,*,#427,.T.);
#427 = EDGE_CURVE('',#428,#430,#432,.T.);
#428 = VERTEX_POINT('',#429);
#429 = CARTESIAN_POINT('',(4.729313608562,17.379388949289,3.));
#430 = VERTEX_POINT('',#431);
#431 = CARTESIAN_POINT('',(4.729313608562,17.379388949289,0.));
#432 = LINE('',#433,#434);
#433 = CARTESIAN_POINT('',(4.729313608562,17.379388949289,3.));
#434 = VECTOR('',#435,1.);
#435 = DIRECTION('',(-0.,-0.,-1.));
#436 = ORIENTED_EDGE('',*,*,#437,.T.);
#437 = EDGE_CURVE('',#430,#438,#440,.T.);
#438 = VERTEX_POINT('',#439);
#439 = CARTESIAN_POINT('',(4.638852539741,16.866358734301,0.));
#440 = CIRCLE('',#441,1.5);
#441 = AXIS2_PLACEMENT_3D('',#442,#443,#444);
#442 = CARTESIAN_POINT('',(6.138852539741,16.866358734301,0.));
#443 = DIRECTION('',(-0.,0.,1.));
#444 = DIRECTION('',(1.,0.,0.));
#445 = ORIENTED_EDGE('',*,*,#446,.F.);
#446 = EDGE_CURVE('',#447,#438,#449,.T.);
#447 = VERTEX_POINT('',#448);
#448 = CARTESIAN_POINT('',(4.638852539741,16.866358734301,3.));
#449 = LINE('',#450,#451);
#450 = CARTESIAN_POINT('',(4.638852539741,16.866358734301,3.));
#451 = VECTOR('',#452,1.);
#452 = DIRECTION('',(-0.,-0.,-1.));
#453 = ORIENTED_EDGE('',*,*,#454,.F.);
#454 = EDGE_CURVE('',#428,#447,#455,.T.);
#455 = CIRCLE('',#456,1.5);
#456 = AXIS2_PLACEMENT_3D('',#457,#458,#459);
#457 = CARTESIAN_POINT('',(6.138852539741,16.866358734301,3.));
#458 = DIRECTION('',(-0.,0.,1.));
#459 = DIRECTION('',(1.,0.,0.));
#460 = CYLINDRICAL_SURFACE('',#461,1.5);
#461 = AXIS2_PLACEMENT_3D('',#462,#463,#464);
#462 = CARTESIAN_POINT('',(6.138852539741,16.866358734301,3.));
#463 = DIRECTION('',(-0.,-0.,-1.));
#464 = DIRECTION('',(-1.,0.,0.));
#465 = ADVANCED_FACE('',(#466),#502,.F.);
#466 = FACE_BOUND('',#467,.F.);
#467 = EDGE_LOOP('',(#468,#478,#487,#495));
#468 = ORIENTED_EDGE('',*,*,#469,.T.);
#469 = EDGE_CURVE('',#470,#472,#474,.T.);
#470 = VERTEX_POINT('',#471);
#471 = CARTESIAN_POINT('',(10.388202198697,14.713763031183,3.));
#472 = VERTEX_POINT('',#473);
#473 = CARTESIAN_POINT('',(10.388202198697,14.713763031183,0.));
#474 = LINE('',#475,#476);
#475 = CARTESIAN_POINT('',(10.388202198697,14.713763031183,3.));
#476 = VECTOR('',#477,1.);
#477 = DIRECTION('',(-0.,-0.,-1.));
#478 = ORIENTED_EDGE('',*,*,#479,.T.);
#479 = EDGE_CURVE('',#472,#480,#482,.T.);
#480 = VERTEX_POINT('',#481);
#481 = CARTESIAN_POINT('',(10.037268863375,13.749581616653,0.));
#482 = CIRCLE('',#483,1.5);
#483 = AXIS2_PLACEMENT_3D('',#484,#485,#486);
#484 = CARTESIAN_POINT('',(11.537268863375,13.749581616653,0.));
#485 = DIRECTION('',(-0.,0.,1.));
#486 = DIRECTION('',(1.,0.,0.));
#487 = ORIENTED_EDGE('',*,*,#488,.F.);
#488 = EDGE_CURVE('',#489,#480,#491,.T.);
#489 = VERTEX_POINT('',#490);
#490 = CARTESIAN_POINT('',(10.037268863375,13.749581616653,3.));
#491 = LINE('',#492,#493);
#492 = CARTESIAN_POINT('',(10.037268863375,13.749581616653,3.));
#493 = VECTOR('',#494,1.);
#494 = DIRECTION('',(-0.,-0.,-1.));
#495 = ORIENTED_EDGE('',*,*,#496,.F.);
#496 = EDGE_CURVE('',#470,#489,#497,.T.);
#497 = CIRCLE('',#498,1.5);
#498 = AXIS2_PLACEMENT_3D('',#499,#500,#501);
#499 = CARTESIAN_POINT('',(11.537268863375,13.749581616653,3.));
#500 = DIRECTION('',(-0.,0.,1.));
#501 = DIRECTION('',(1.,0.,0.));
#502 = CYLINDRICAL_SURFACE('',#503,1.5);
#503 = AXIS2_PLACEMENT_3D('',#504,#505,#506);
#504 = CARTESIAN_POINT('',(11.537268863375,13.749581616653,3.));
#505 = DIRECTION('',(-0.,-0.,-1.));
#506 = DIRECTION('',(-1.,0.,0.));
#507 = ADVANCED_FACE('',(#508),#544,.F.);
#508 = FACE_BOUND('',#509,.F.);
#509 = EDGE_LOOP('',(#510,#520,#529,#537));
#510 = ORIENTED_EDGE('',*,*,#511,.T.);
#511 = EDGE_CURVE('',#512,#514,#516,.T.);
#512 = VERTEX_POINT('',#513);
#513 = CARTESIAN_POINT('',(14.794120290133,10.273440139501,3.));
#514 = VERTEX_POINT('',#515);
#515 = CARTESIAN_POINT('',(14.794120290133,10.273440139501,0.));
#516 = LINE('',#517,#518);
#517 = CARTESIAN_POINT('',(14.794120290133,10.273440139501,3.));
#518 = VECTOR('',#519,1.);
#519 = DIRECTION('',(-0.,-0.,-1.));
#520 = ORIENTED_EDGE('',*,*,#521,.T.);
#521 = EDGE_CURVE('',#514,#522,#524,.T.);
#522 = VERTEX_POINT('',#523);
#523 = CARTESIAN_POINT('',(14.044120290133,8.974402033824,0.));
#524 = CIRCLE('',#525,1.5);
#525 = AXIS2_PLACEMENT_3D('',#526,#527,#528);
#526 = CARTESIAN_POINT('',(15.544120290133,8.974402033824,0.));
#527 = DIRECTION('',(-0.,0.,1.));
#528 = DIRECTION('',(1.,0.,0.));
#529 = ORIENTED_EDGE('',*,*,#530,.F.);
#530 = EDGE_CURVE('',#531,#522,#533,.T.);
#531 = VERTEX_POINT('',#532);
#532 = CARTESIAN_POINT('',(14.044120290133,8.974402033824,3.));
#533 = LINE('',#534,#535);
#534 = CARTESIAN_POINT('',(14.044120290133,8.974402033824,3.));
#535 = VECTOR('',#536,1.);
#536 = DIRECTION('',(-0.,-0.,-1.));
#537 = ORIENTED_EDGE('',*,*,#538,.F.);
#538 = EDGE_CURVE('',#512,#531,#539,.T.);
#539 = CIRCLE('',#540,1.5);
#540 = AXIS2_PLACEMENT_3D('',#541,#542,#543);
#541 = CARTESIAN_POINT('',(15.544120290133,8.974402033824,3.));
#542 = DIRECTION('',(-0.,0.,1.));
#543 = DIRECTION('',(1.,0.,0.));
#544 = CYLINDRICAL_SURFACE('',#545,1.5);
#545 = AXIS2_PLACEMENT_3D('',#546,#547,#548);
#546 = CARTESIAN_POINT('',(15.544120290133,8.974402033824,3.));
#547 = DIRECTION('',(-0.,-0.,-1.));
#548 = DIRECTION('',(-1.,0.,0.));
#549 = ADVANCED_FACE('',(#550),#586,.F.);
#550 = FACE_BOUND('',#551,.F.);
#551 = EDGE_LOOP('',(#552,#562,#571,#579));
#552 = ORIENTED_EDGE('',*,*,#553,.T.);
#553 = EDGE_CURVE('',#554,#556,#558,.T.);
#554 = VERTEX_POINT('',#555);
#555 = CARTESIAN_POINT('',(17.415649136616,4.593988747166,3.));
#556 = VERTEX_POINT('',#557);
#557 = CARTESIAN_POINT('',(17.415649136616,4.593988747166,0.));
#558 = LINE('',#559,#560);
#559 = CARTESIAN_POINT('',(17.415649136616,4.593988747166,3.));
#560 = VECTOR('',#561,1.);
#561 = DIRECTION('',(-0.,-0.,-1.));
#562 = ORIENTED_EDGE('',*,*,#563,.T.);
#563 = EDGE_CURVE('',#556,#564,#566,.T.);
#564 = VERTEX_POINT('',#565);
#565 = CARTESIAN_POINT('',(16.176121403117,3.116777117648,0.));
#566 = CIRCLE('',#567,1.5);
#567 = AXIS2_PLACEMENT_3D('',#568,#569,#570);
#568 = CARTESIAN_POINT('',(17.676121403117,3.116777117648,0.));
#569 = DIRECTION('',(-0.,0.,1.));
#570 = DIRECTION('',(1.,0.,0.));
#571 = ORIENTED_EDGE('',*,*,#572,.F.);
#572 = EDGE_CURVE('',#573,#564,#575,.T.);
#573 = VERTEX_POINT('',#574);
#574 = CARTESIAN_POINT('',(16.176121403117,3.116777117648,3.));
#575 = LINE('',#576,#577);
#576 = CARTESIAN_POINT('',(16.176121403117,3.116777117648,3.));
#577 = VECTOR('',#578,1.);
#578 = DIRECTION('',(-0.,-0.,-1.));
#579 = ORIENTED_EDGE('',*,*,#580,.F.);
#580 = EDGE_CURVE('',#554,#573,#581,.T.);
#581 = CIRCLE('',#582,1.5);
#582 = AXIS2_PLACEMENT_3D('',#583,#584,#585);
#583 = CARTESIAN_POINT('',(17.676121403117,3.116777117648,3.));
#584 = DIRECTION('',(-0.,0.,1.));
#585 = DIRECTION('',(1.,0.,0.));
#586 = CYLINDRICAL_SURFACE('',#587,1.5);
#587 = AXIS2_PLACEMENT_3D('',#588,#589,#590);
#588 = CARTESIAN_POINT('',(17.676121403117,3.116777117648,3.));
#589 = DIRECTION('',(-0.,-0.,-1.));
#590 = DIRECTION('',(-1.,0.,0.));
#591 = ADVANCED_FACE('',(#592),#628,.F.);
#592 = FACE_BOUND('',#593,.F.);
#593 = EDGE_LOOP('',(#594,#604,#613,#621));
#594 = ORIENTED_EDGE('',*,*,#595,.T.);
#595 = EDGE_CURVE('',#596,#598,#600,.T.);
#596 = VERTEX_POINT('',#597);
#597 = CARTESIAN_POINT('',(17.936593669617,-1.63956548813,3.));
#598 = VERTEX_POINT('',#599);
#599 = CARTESIAN_POINT('',(17.936593669617,-1.63956548813,0.));
#600 = LINE('',#601,#602);
#601 = CARTESIAN_POINT('',(17.936593669617,-1.63956548813,3.));
#602 = VECTOR('',#603,1.);
#603 = DIRECTION('',(-0.,-0.,-1.));
#604 = ORIENTED_EDGE('',*,*,#605,.T.);
#605 = EDGE_CURVE('',#598,#606,#608,.T.);
#606 = VERTEX_POINT('',#607);
#607 = CARTESIAN_POINT('',(16.176121403117,-3.116777117648,0.));
#608 = CIRCLE('',#609,1.5);
#609 = AXIS2_PLACEMENT_3D('',#610,#611,#612);
#610 = CARTESIAN_POINT('',(17.676121403117,-3.116777117648,0.));
#611 = DIRECTION('',(-0.,0.,1.));
#612 = DIRECTION('',(1.,0.,0.));
#613 = ORIENTED_EDGE('',*,*,#614,.F.);
#614 = EDGE_CURVE('',#615,#606,#617,.T.);
#615 = VERTEX_POINT('',#616);
#616 = CARTESIAN_POINT('',(16.176121403117,-3.116777117648,3.));
#617 = LINE('',#618,#619);
#618 = CARTESIAN_POINT('',(16.176121403117,-3.116777117648,3.));
#619 = VECTOR('',#620,1.);
#620 = DIRECTION('',(-0.,-0.,-1.));
#621 = ORIENTED_EDGE('',*,*,#622,.F.);
#622 = EDGE_CURVE('',#596,#615,#623,.T.);
#623 = CIRCLE('',#624,1.5);
#624 = AXIS2_PLACEMENT_3D('',#625,#626,#627);
#625 = CARTESIAN_POINT('',(17.676121403117,-3.116777117648,3.));
#626 = DIRECTION('',(-0.,0.,1.));
#627 = DIRECTION('',(1.,0.,0.));
#628 = CYLINDRICAL_SURFACE('',#629,1.5);
#629 = AXIS2_PLACEMENT_3D('',#630,#631,#632);
#630 = CARTESIAN_POINT('',(17.676121403117,-3.116777117648,3.));
#631 = DIRECTION('',(-0.,-0.,-1.));
#632 = DIRECTION('',(-1.,0.,0.));
#633 = ADVANCED_FACE('',(#634),#670,.F.);
#634 = FACE_BOUND('',#635,.F.);
#635 = EDGE_LOOP('',(#636,#646,#655,#663));
#636 = ORIENTED_EDGE('',*,*,#637,.T.);
#637 = EDGE_CURVE('',#638,#640,#642,.T.);
#638 = VERTEX_POINT('',#639);
#639 = CARTESIAN_POINT('',(16.294120290133,-7.675363928147,3.));
#640 = VERTEX_POINT('',#641);
#641 = CARTESIAN_POINT('',(16.294120290133,-7.675363928147,0.));
#642 = LINE('',#643,#644);
#643 = CARTESIAN_POINT('',(16.294120290133,-7.675363928147,3.));
#644 = VECTOR('',#645,1.);
#645 = DIRECTION('',(-0.,-0.,-1.));
#646 = ORIENTED_EDGE('',*,*,#647,.T.);
#647 = EDGE_CURVE('',#640,#648,#650,.T.);
#648 = VERTEX_POINT('',#649);
#649 = CARTESIAN_POINT('',(14.044120290133,-8.974402033824,0.));
#650 = CIRCLE('',#651,1.5);
#651 = AXIS2_PLACEMENT_3D('',#652,#653,#654);
#652 = CARTESIAN_POINT('',(15.544120290133,-8.974402033824,0.));
#653 = DIRECTION('',(-0.,0.,1.));
#654 = DIRECTION('',(1.,0.,0.));
#655 = ORIENTED_EDGE('',*,*,#656,.F.);
#656 = EDGE_CURVE('',#657,#648,#659,.T.);
#657 = VERTEX_POINT('',#658);
#658 = CARTESIAN_POINT('',(14.044120290133,-8.974402033824,3.));
#659 = LINE('',#660,#661);
#660 = CARTESIAN_POINT('',(14.044120290133,-8.974402033824,3.));
#661 = VECTOR('',#662,1.);
#662 = DIRECTION('',(-0.,-0.,-1.));
#663 = ORIENTED_EDGE('',*,*,#664,.F.);
#664 = EDGE_CURVE('',#638,#657,#665,.T.);
#665 = CIRCLE('',#666,1.5);
#666 = AXIS2_PLACEMENT_3D('',#667,#668,#669);
#667 = CARTESIAN_POINT('',(15.544120290133,-8.974402033824,3.));
#668 = DIRECTION('',(-0.,0.,1.));
#669 = DIRECTION('',(1.,0.,0.));
#670 = CYLINDRICAL_SURFACE('',#671,1.5);
#671 = AXIS2_PLACEMENT_3D('',#672,#673,#674);
#672 = CARTESIAN_POINT('',(15.544120290133,-8.974402033824,3.));
#673 = DIRECTION('',(-0.,-0.,-1.));
#674 = DIRECTION('',(-1.,0.,0.));
#675 = ADVANCED_FACE('',(#676),#712,.F.);
#676 = FACE_BOUND('',#677,.F.);
#677 = EDGE_LOOP('',(#678,#688,#697,#705));
#678 = ORIENTED_EDGE('',*,*,#679,.T.);
#679 = EDGE_CURVE('',#680,#682,#684,.T.);
#680 = VERTEX_POINT('',#681);
#681 = CARTESIAN_POINT('',(12.686335528054,-12.78540020212,3.));
#682 = VERTEX_POINT('',#683);
#683 = CARTESIAN_POINT('',(12.686335528054,-12.78540020212,0.));
#684 = LINE('',#685,#686);
#685 = CARTESIAN_POINT('',(12.686335528054,-12.78540020212,3.));
#686 = VECTOR('',#687,1.);
#687 = DIRECTION('',(-0.,-0.,-1.));
#688 = ORIENTED_EDGE('',*,*,#689,.T.);
#689 = EDGE_CURVE('',#682,#690,#692,.T.);
#690 = VERTEX_POINT('',#691);
#691 = CARTESIAN_POINT('',(10.037268863375,-13.74958161665,0.));
#692 = CIRCLE('',#693,1.5);
#693 = AXIS2_PLACEMENT_3D('',#694,#695,#696);
#694 = CARTESIAN_POINT('',(11.537268863375,-13.74958161665,0.));
#695 = DIRECTION('',(-0.,0.,1.));
#696 = DIRECTION('',(1.,0.,0.));
#697 = ORIENTED_EDGE('',*,*,#698,.F.);
#698 = EDGE_CURVE('',#699,#690,#701,.T.);
#699 = VERTEX_POINT('',#700);
#700 = CARTESIAN_POINT('',(10.037268863375,-13.74958161665,3.));
#701 = LINE('',#702,#703);
#702 = CARTESIAN_POINT('',(10.037268863375,-13.74958161665,3.));
#703 = VECTOR('',#704,1.);
#704 = DIRECTION('',(-0.,-0.,-1.));
#705 = ORIENTED_EDGE('',*,*,#706,.F.);
#706 = EDGE_CURVE('',#680,#699,#707,.T.);
#707 = CIRCLE('',#708,1.5);
#708 = AXIS2_PLACEMENT_3D('',#709,#710,#711);
#709 = CARTESIAN_POINT('',(11.537268863375,-13.74958161665,3.));
#710 = DIRECTION('',(-0.,0.,1.));
#711 = DIRECTION('',(1.,0.,0.));
#712 = CYLINDRICAL_SURFACE('',#713,1.5);
#713 = AXIS2_PLACEMENT_3D('',#714,#715,#716);
#714 = CARTESIAN_POINT('',(11.537268863375,-13.74958161665,3.));
#715 = DIRECTION('',(-0.,-0.,-1.));
#716 = DIRECTION('',(-1.,0.,0.));
#717 = ADVANCED_FACE('',(#718),#754,.F.);
#718 = FACE_BOUND('',#719,.F.);
#719 = EDGE_LOOP('',(#720,#730,#739,#747));
#720 = ORIENTED_EDGE('',*,*,#721,.T.);
#721 = EDGE_CURVE('',#722,#724,#726,.T.);
#722 = VERTEX_POINT('',#723);
#723 = CARTESIAN_POINT('',(7.54839147092,-16.35332851931,3.));
#724 = VERTEX_POINT('',#725);
#725 = CARTESIAN_POINT('',(7.54839147092,-16.35332851931,0.));
#726 = LINE('',#727,#728);
#727 = CARTESIAN_POINT('',(7.54839147092,-16.35332851931,3.));
#728 = VECTOR('',#729,1.);
#729 = DIRECTION('',(-0.,-0.,-1.));
#730 = ORIENTED_EDGE('',*,*,#731,.T.);
#731 = EDGE_CURVE('',#724,#732,#734,.T.);
#732 = VERTEX_POINT('',#733);
#733 = CARTESIAN_POINT('',(4.638852539741,-16.8663587343,0.));
#734 = CIRCLE('',#735,1.5);
#735 = AXIS2_PLACEMENT_3D('',#736,#737,#738);
#736 = CARTESIAN_POINT('',(6.138852539741,-16.8663587343,0.));
#737 = DIRECTION('',(-0.,0.,1.));
#738 = DIRECTION('',(1.,0.,0.));
#739 = ORIENTED_EDGE('',*,*,#740,.F.);
#740 = EDGE_CURVE('',#741,#732,#743,.T.);
#741 = VERTEX_POINT('',#742);
#742 = CARTESIAN_POINT('',(4.638852539741,-16.8663587343,3.));
#743 = LINE('',#744,#745);
#744 = CARTESIAN_POINT('',(4.638852539741,-16.8663587343,3.));
#745 = VECTOR('',#746,1.);
#746 = DIRECTION('',(-0.,-0.,-1.));
#747 = ORIENTED_EDGE('',*,*,#748,.F.);
#748 = EDGE_CURVE('',#722,#741,#749,.T.);
#749 = CIRCLE('',#750,1.5);
#750 = AXIS2_PLACEMENT_3D('',#751,#752,#753);
#751 = CARTESIAN_POINT('',(6.138852539741,-16.8663587343,3.));
#752 = DIRECTION('',(-0.,0.,1.));
#753 = DIRECTION('',(1.,0.,0.));
#754 = CYLINDRICAL_SURFACE('',#755,1.5);
#755 = AXIS2_PLACEMENT_3D('',#756,#757,#758);
#756 = CARTESIAN_POINT('',(6.138852539741,-16.8663587343,3.));
#757 = DIRECTION('',(-0.,-0.,-1.));
#758 = DIRECTION('',(-1.,0.,0.));
#759 = ADVANCED_FACE('',(#760),#796,.T.);
#760 = FACE_BOUND('',#761,.T.);
#761 = EDGE_LOOP('',(#762,#773,#781,#790));
#762 = ORIENTED_EDGE('',*,*,#763,.F.);
#763 = EDGE_CURVE('',#764,#766,#768,.T.);
#764 = VERTEX_POINT('',#765);
#765 = CARTESIAN_POINT('',(-22.,0.,3.));
#766 = VERTEX_POINT('',#767);
#767 = CARTESIAN_POINT('',(-21.87582468166,-2.334158198797,3.));
#768 = CIRCLE('',#769,22.);
#769 = AXIS2_PLACEMENT_3D('',#770,#771,#772);
#770 = CARTESIAN_POINT('',(0.,0.,3.));
#771 = DIRECTION('',(-0.,0.,1.));
#772 = DIRECTION('',(1.,0.,0.));
#773 = ORIENTED_EDGE('',*,*,#774,.T.);
#774 = EDGE_CURVE('',#764,#775,#777,.T.);
#775 = VERTEX_POINT('',#776);
#776 = CARTESIAN_POINT('',(-22.,0.,0.));
#777 = LINE('',#778,#779);
#778 = CARTESIAN_POINT('',(-22.,0.,3.));
#779 = VECTOR('',#780,1.);
#780 = DIRECTION('',(-0.,-0.,-1.));
#781 = ORIENTED_EDGE('',*,*,#782,.T.);
#782 = EDGE_CURVE('',#775,#783,#785,.T.);
#783 = VERTEX_POINT('',#784);
#784 = CARTESIAN_POINT('',(-21.87582468166,-2.334158198797,0.));
#785 = CIRCLE('',#786,22.);
#786 = AXIS2_PLACEMENT_3D('',#787,#788,#789);
#787 = CARTESIAN_POINT('',(0.,0.,0.));
#788 = DIRECTION('',(-0.,0.,1.));
#789 = DIRECTION('',(1.,0.,0.));
#790 = ORIENTED_EDGE('',*,*,#791,.F.);
#791 = EDGE_CURVE('',#766,#783,#792,.T.);
#792 = LINE('',#793,#794);
#793 = CARTESIAN_POINT('',(-21.87582468166,-2.334158198797,3.));
#794 = VECTOR('',#795,1.);
#795 = DIRECTION('',(-0.,-0.,-1.));
#796 = CYLINDRICAL_SURFACE('',#797,22.);
#797 = AXIS2_PLACEMENT_3D('',#798,#799,#800);
#798 = CARTESIAN_POINT('',(0.,0.,3.));
#799 = DIRECTION('',(-0.,-0.,-1.));
#800 = DIRECTION('',(-1.,0.,0.));
#801 = ADVANCED_FACE('',(#802,#1407,#1417,#1427,#1437,#1447),#1457,.F.);
#802 = FACE_BOUND('',#803,.T.);
#803 = EDGE_LOOP('',(#804,#815,#823,#832,#840,#849,#857,#866,#872,#873,
    #882,#890,#899,#905,#906,#915,#923,#932,#938,#939,#948,#956,#965,
    #971,#972,#981,#989,#998,#1004,#1005,#1014,#1022,#1031,#1037,#1038,
    #1047,#1055,#1064,#1070,#1071,#1080,#1088,#1097,#1103,#1104,#1113,
    #1121,#1130,#1138,#1147,#1155,#1164,#1172,#1181,#1189,#1198,#1206,
    #1215,#1223,#1232,#1240,#1249,#1257,#1266,#1274,#1283,#1289,#1290,
    #1299,#1307,#1316,#1324,#1333,#1341,#1350,#1358,#1367,#1375,#1384,
    #1392,#1401));
#804 = ORIENTED_EDGE('',*,*,#805,.T.);
#805 = EDGE_CURVE('',#806,#808,#810,.T.);
#806 = VERTEX_POINT('',#807);
#807 = CARTESIAN_POINT('',(-7.54839147092,16.353328519312,0.));
#808 = VERTEX_POINT('',#809);
#809 = CARTESIAN_POINT('',(-4.729313608562,17.379388949289,0.));
#810 = CIRCLE('',#811,1.5);
#811 = AXIS2_PLACEMENT_3D('',#812,#813,#814);
#812 = CARTESIAN_POINT('',(-6.138852539741,16.866358734301,0.));
#813 = DIRECTION('',(-0.,0.,1.));
#814 = DIRECTION('',(1.,0.,0.));
#815 = ORIENTED_EDGE('',*,*,#816,.T.);
#816 = EDGE_CURVE('',#808,#817,#819,.T.);
#817 = VERTEX_POINT('',#818);
#818 = CARTESIAN_POINT('',(-6.097394181865,21.138159432433,0.));
#819 = LINE('',#820,#821);
#820 = CARTESIAN_POINT('',(1.409538931179,0.513030214989,0.));
#821 = VECTOR('',#822,1.);
#822 = DIRECTION('',(-0.342020143326,0.939692620786,0.));
#823 = ORIENTED_EDGE('',*,*,#824,.F.);
#824 = EDGE_CURVE('',#825,#817,#827,.T.);
#825 = VERTEX_POINT('',#826);
#826 = CARTESIAN_POINT('',(-1.5,21.948804067648,0.));
#827 = CIRCLE('',#828,22.);
#828 = AXIS2_PLACEMENT_3D('',#829,#830,#831);
#829 = CARTESIAN_POINT('',(0.,0.,0.));
#830 = DIRECTION('',(-0.,0.,1.));
#831 = DIRECTION('',(1.,0.,0.));
#832 = ORIENTED_EDGE('',*,*,#833,.T.);
#833 = EDGE_CURVE('',#825,#834,#836,.T.);
#834 = VERTEX_POINT('',#835);
#835 = CARTESIAN_POINT('',(-1.5,17.948804067648,0.));
#836 = LINE('',#837,#838);
#837 = CARTESIAN_POINT('',(-1.5,0.,0.));
#838 = VECTOR('',#839,1.);
#839 = DIRECTION('',(0.,-1.,0.));
#840 = ORIENTED_EDGE('',*,*,#841,.T.);
#841 = EDGE_CURVE('',#834,#842,#844,.T.);
#842 = VERTEX_POINT('',#843);
#843 = CARTESIAN_POINT('',(1.5,17.948804067648,0.));
#844 = CIRCLE('',#845,1.5);
#845 = AXIS2_PLACEMENT_3D('',#846,#847,#848);
#846 = CARTESIAN_POINT('',(-2.465190328816E-29,17.948804067648,0.));
#847 = DIRECTION('',(-0.,0.,1.));
#848 = DIRECTION('',(1.,0.,0.));
#849 = ORIENTED_EDGE('',*,*,#850,.T.);
#850 = EDGE_CURVE('',#842,#851,#853,.T.);
#851 = VERTEX_POINT('',#852);
#852 = CARTESIAN_POINT('',(1.5,21.948804067648,0.));
#853 = LINE('',#854,#855);
#854 = CARTESIAN_POINT('',(1.5,8.131516293641E-17,0.));
#855 = VECTOR('',#856,1.);
#856 = DIRECTION('',(-5.421010862428E-17,1.,0.));
#857 = ORIENTED_EDGE('',*,*,#858,.F.);
#858 = EDGE_CURVE('',#859,#851,#861,.T.);
#859 = VERTEX_POINT('',#860);
#860 = CARTESIAN_POINT('',(6.097394181865,21.138159432433,0.));
#861 = CIRCLE('',#862,22.);
#862 = AXIS2_PLACEMENT_3D('',#863,#864,#865);
#863 = CARTESIAN_POINT('',(0.,0.,0.));
#864 = DIRECTION('',(-0.,0.,1.));
#865 = DIRECTION('',(1.,0.,0.));
#866 = ORIENTED_EDGE('',*,*,#867,.T.);
#867 = EDGE_CURVE('',#859,#430,#868,.T.);
#868 = LINE('',#869,#870);
#869 = CARTESIAN_POINT('',(-1.409538931179,0.513030214988,0.));
#870 = VECTOR('',#871,1.);
#871 = DIRECTION('',(-0.342020143326,-0.939692620786,0.));
#872 = ORIENTED_EDGE('',*,*,#437,.T.);
#873 = ORIENTED_EDGE('',*,*,#874,.T.);
#874 = EDGE_CURVE('',#438,#875,#877,.T.);
#875 = VERTEX_POINT('',#876);
#876 = CARTESIAN_POINT('',(7.54839147092,16.353328519312,0.));
#877 = CIRCLE('',#878,1.5);
#878 = AXIS2_PLACEMENT_3D('',#879,#880,#881);
#879 = CARTESIAN_POINT('',(6.138852539741,16.866358734301,0.));
#880 = DIRECTION('',(-0.,0.,1.));
#881 = DIRECTION('',(1.,0.,0.));
#882 = ORIENTED_EDGE('',*,*,#883,.T.);
#883 = EDGE_CURVE('',#875,#884,#886,.T.);
#884 = VERTEX_POINT('',#885);
#885 = CARTESIAN_POINT('',(8.916472044223,20.112099002456,0.));
#886 = LINE('',#887,#888);
#887 = CARTESIAN_POINT('',(1.409538931179,-0.513030214989,0.));
#888 = VECTOR('',#889,1.);
#889 = DIRECTION('',(0.342020143326,0.939692620786,0.));
#890 = ORIENTED_EDGE('',*,*,#891,.F.);
#891 = EDGE_CURVE('',#892,#884,#894,.T.);
#892 = VERTEX_POINT('',#893);
#893 = CARTESIAN_POINT('',(12.959352637443,17.777940803659,0.));
#894 = CIRCLE('',#895,22.);
#895 = AXIS2_PLACEMENT_3D('',#896,#897,#898);
#896 = CARTESIAN_POINT('',(0.,0.,0.));
#897 = DIRECTION('',(-0.,0.,1.));
#898 = DIRECTION('',(1.,0.,0.));
#899 = ORIENTED_EDGE('',*,*,#900,.T.);
#900 = EDGE_CURVE('',#892,#472,#901,.T.);
#901 = LINE('',#902,#903);
#902 = CARTESIAN_POINT('',(-1.149066664678,0.96418141453,0.));
#903 = VECTOR('',#904,1.);
#904 = DIRECTION('',(-0.642787609687,-0.766044443119,0.));
#905 = ORIENTED_EDGE('',*,*,#479,.T.);
#906 = ORIENTED_EDGE('',*,*,#907,.T.);
#907 = EDGE_CURVE('',#480,#908,#910,.T.);
#908 = VERTEX_POINT('',#909);
#909 = CARTESIAN_POINT('',(12.686335528054,12.785400202123,0.));
#910 = CIRCLE('',#911,1.5);
#911 = AXIS2_PLACEMENT_3D('',#912,#913,#914);
#912 = CARTESIAN_POINT('',(11.537268863375,13.749581616653,0.));
#913 = DIRECTION('',(-0.,0.,1.));
#914 = DIRECTION('',(1.,0.,0.));
#915 = ORIENTED_EDGE('',*,*,#916,.T.);
#916 = EDGE_CURVE('',#908,#917,#919,.T.);
#917 = VERTEX_POINT('',#918);
#918 = CARTESIAN_POINT('',(15.2574859668,15.849577974599,0.));
#919 = LINE('',#920,#921);
#920 = CARTESIAN_POINT('',(1.149066664678,-0.96418141453,0.));
#921 = VECTOR('',#922,1.);
#922 = DIRECTION('',(0.642787609687,0.766044443119,0.));
#923 = ORIENTED_EDGE('',*,*,#924,.F.);
#924 = EDGE_CURVE('',#925,#917,#927,.T.);
#925 = VERTEX_POINT('',#926);
#926 = CARTESIAN_POINT('',(18.25822190527,12.273440139501,0.));
#927 = CIRCLE('',#928,22.);
#928 = AXIS2_PLACEMENT_3D('',#929,#930,#931);
#929 = CARTESIAN_POINT('',(0.,0.,0.));
#930 = DIRECTION('',(-0.,0.,1.));
#931 = DIRECTION('',(1.,0.,0.));
#932 = ORIENTED_EDGE('',*,*,#933,.T.);
#933 = EDGE_CURVE('',#925,#514,#934,.T.);
#934 = LINE('',#935,#936);
#935 = CARTESIAN_POINT('',(-0.75,1.299038105677,0.));
#936 = VECTOR('',#937,1.);
#937 = DIRECTION('',(-0.866025403784,-0.5,0.));
#938 = ORIENTED_EDGE('',*,*,#521,.T.);
#939 = ORIENTED_EDGE('',*,*,#940,.T.);
#940 = EDGE_CURVE('',#522,#941,#943,.T.);
#941 = VERTEX_POINT('',#942);
#942 = CARTESIAN_POINT('',(16.294120290133,7.675363928147,0.));
#943 = CIRCLE('',#944,1.5);
#944 = AXIS2_PLACEMENT_3D('',#945,#946,#947);
#945 = CARTESIAN_POINT('',(15.544120290133,8.974402033824,0.));
#946 = DIRECTION('',(-0.,0.,1.));
#947 = DIRECTION('',(1.,0.,0.));
#948 = ORIENTED_EDGE('',*,*,#949,.T.);
#949 = EDGE_CURVE('',#941,#950,#952,.T.);
#950 = VERTEX_POINT('',#951);
#951 = CARTESIAN_POINT('',(19.75822190527,9.675363928147,0.));
#952 = LINE('',#953,#954);
#953 = CARTESIAN_POINT('',(0.75,-1.299038105677,0.));
#954 = VECTOR('',#955,1.);
#955 = DIRECTION('',(0.866025403784,0.5,0.));
#956 = ORIENTED_EDGE('',*,*,#957,.F.);
#957 = EDGE_CURVE('',#958,#950,#960,.T.);
#958 = VERTEX_POINT('',#959);
#959 = CARTESIAN_POINT('',(21.354880148665,5.288581457834,0.));
#960 = CIRCLE('',#961,22.);
#961 = AXIS2_PLACEMENT_3D('',#962,#963,#964);
#962 = CARTESIAN_POINT('',(0.,0.,0.));
#963 = DIRECTION('',(-0.,0.,1.));
#964 = DIRECTION('',(1.,0.,0.));
#965 = ORIENTED_EDGE('',*,*,#966,.T.);
#966 = EDGE_CURVE('',#958,#556,#967,.T.);
#967 = LINE('',#968,#969);
#968 = CARTESIAN_POINT('',(-0.2604722665,1.477211629518,0.));
#969 = VECTOR('',#970,1.);
#970 = DIRECTION('',(-0.984807753012,-0.173648177667,0.));
#971 = ORIENTED_EDGE('',*,*,#563,.T.);
#972 = ORIENTED_EDGE('',*,*,#973,.T.);
#973 = EDGE_CURVE('',#564,#974,#976,.T.);
#974 = VERTEX_POINT('',#975);
#975 = CARTESIAN_POINT('',(17.936593669617,1.63956548813,0.));
#976 = CIRCLE('',#977,1.5);
#977 = AXIS2_PLACEMENT_3D('',#978,#979,#980);
#978 = CARTESIAN_POINT('',(17.676121403117,3.116777117648,0.));
#979 = DIRECTION('',(-0.,0.,1.));
#980 = DIRECTION('',(1.,0.,0.));
#981 = ORIENTED_EDGE('',*,*,#982,.T.);
#982 = EDGE_CURVE('',#974,#983,#985,.T.);
#983 = VERTEX_POINT('',#984);
#984 = CARTESIAN_POINT('',(21.875824681666,2.334158198797,0.));
#985 = LINE('',#986,#987);
#986 = CARTESIAN_POINT('',(0.2604722665,-1.477211629518,0.));
#987 = VECTOR('',#988,1.);
#988 = DIRECTION('',(0.984807753012,0.173648177667,0.));
#989 = ORIENTED_EDGE('',*,*,#990,.F.);
#990 = EDGE_CURVE('',#991,#983,#993,.T.);
#991 = VERTEX_POINT('',#992);
#992 = CARTESIAN_POINT('',(21.875824681666,-2.334158198797,0.));
#993 = CIRCLE('',#994,22.);
#994 = AXIS2_PLACEMENT_3D('',#995,#996,#997);
#995 = CARTESIAN_POINT('',(0.,0.,0.));
#996 = DIRECTION('',(-0.,0.,1.));
#997 = DIRECTION('',(1.,0.,0.));
#998 = ORIENTED_EDGE('',*,*,#999,.T.);
#999 = EDGE_CURVE('',#991,#598,#1000,.T.);
#1000 = LINE('',#1001,#1002);
#1001 = CARTESIAN_POINT('',(0.2604722665,1.477211629518,0.));
#1002 = VECTOR('',#1003,1.);
#1003 = DIRECTION('',(-0.984807753012,0.173648177667,0.));
#1004 = ORIENTED_EDGE('',*,*,#605,.T.);
#1005 = ORIENTED_EDGE('',*,*,#1006,.T.);
#1006 = EDGE_CURVE('',#606,#1007,#1009,.T.);
#1007 = VERTEX_POINT('',#1008);
#1008 = CARTESIAN_POINT('',(17.415649136616,-4.593988747166,0.));
#1009 = CIRCLE('',#1010,1.5);
#1010 = AXIS2_PLACEMENT_3D('',#1011,#1012,#1013);
#1011 = CARTESIAN_POINT('',(17.676121403117,-3.116777117648,0.));
#1012 = DIRECTION('',(-0.,0.,1.));
#1013 = DIRECTION('',(1.,0.,0.));
#1014 = ORIENTED_EDGE('',*,*,#1015,.T.);
#1015 = EDGE_CURVE('',#1007,#1016,#1018,.T.);
#1016 = VERTEX_POINT('',#1017);
#1017 = CARTESIAN_POINT('',(21.354880148665,-5.288581457834,0.));
#1018 = LINE('',#1019,#1020);
#1019 = CARTESIAN_POINT('',(-0.2604722665,-1.477211629518,0.));
#1020 = VECTOR('',#1021,1.);
#1021 = DIRECTION('',(0.984807753012,-0.173648177667,0.));
#1022 = ORIENTED_EDGE('',*,*,#1023,.F.);
#1023 = EDGE_CURVE('',#1024,#1016,#1026,.T.);
#1024 = VERTEX_POINT('',#1025);
#1025 = CARTESIAN_POINT('',(19.75822190527,-9.675363928147,0.));
#1026 = CIRCLE('',#1027,22.);
#1027 = AXIS2_PLACEMENT_3D('',#1028,#1029,#1030);
#1028 = CARTESIAN_POINT('',(0.,0.,0.));
#1029 = DIRECTION('',(-0.,0.,1.));
#1030 = DIRECTION('',(1.,0.,0.));
#1031 = ORIENTED_EDGE('',*,*,#1032,.T.);
#1032 = EDGE_CURVE('',#1024,#640,#1033,.T.);
#1033 = LINE('',#1034,#1035);
#1034 = CARTESIAN_POINT('',(0.75,1.299038105677,0.));
#1035 = VECTOR('',#1036,1.);
#1036 = DIRECTION('',(-0.866025403784,0.5,0.));
#1037 = ORIENTED_EDGE('',*,*,#647,.T.);
#1038 = ORIENTED_EDGE('',*,*,#1039,.T.);
#1039 = EDGE_CURVE('',#648,#1040,#1042,.T.);
#1040 = VERTEX_POINT('',#1041);
#1041 = CARTESIAN_POINT('',(14.794120290133,-10.2734401395,0.));
#1042 = CIRCLE('',#1043,1.5);
#1043 = AXIS2_PLACEMENT_3D('',#1044,#1045,#1046);
#1044 = CARTESIAN_POINT('',(15.544120290133,-8.974402033824,0.));
#1045 = DIRECTION('',(-0.,0.,1.));
#1046 = DIRECTION('',(1.,0.,0.));
#1047 = ORIENTED_EDGE('',*,*,#1048,.T.);
#1048 = EDGE_CURVE('',#1040,#1049,#1051,.T.);
#1049 = VERTEX_POINT('',#1050);
#1050 = CARTESIAN_POINT('',(18.25822190527,-12.2734401395,0.));
#1051 = LINE('',#1052,#1053);
#1052 = CARTESIAN_POINT('',(-0.75,-1.299038105677,0.));
#1053 = VECTOR('',#1054,1.);
#1054 = DIRECTION('',(0.866025403784,-0.5,0.));
#1055 = ORIENTED_EDGE('',*,*,#1056,.F.);
#1056 = EDGE_CURVE('',#1057,#1049,#1059,.T.);
#1057 = VERTEX_POINT('',#1058);
#1058 = CARTESIAN_POINT('',(15.2574859668,-15.84957797459,0.));
#1059 = CIRCLE('',#1060,22.);
#1060 = AXIS2_PLACEMENT_3D('',#1061,#1062,#1063);
#1061 = CARTESIAN_POINT('',(0.,0.,0.));
#1062 = DIRECTION('',(-0.,0.,1.));
#1063 = DIRECTION('',(1.,0.,0.));
#1064 = ORIENTED_EDGE('',*,*,#1065,.T.);
#1065 = EDGE_CURVE('',#1057,#682,#1066,.T.);
#1066 = LINE('',#1067,#1068);
#1067 = CARTESIAN_POINT('',(1.149066664678,0.96418141453,0.));
#1068 = VECTOR('',#1069,1.);
#1069 = DIRECTION('',(-0.642787609687,0.766044443119,0.));
#1070 = ORIENTED_EDGE('',*,*,#689,.T.);
#1071 = ORIENTED_EDGE('',*,*,#1072,.T.);
#1072 = EDGE_CURVE('',#690,#1073,#1075,.T.);
#1073 = VERTEX_POINT('',#1074);
#1074 = CARTESIAN_POINT('',(10.388202198697,-14.71376303118,0.));
#1075 = CIRCLE('',#1076,1.5);
#1076 = AXIS2_PLACEMENT_3D('',#1077,#1078,#1079);
#1077 = CARTESIAN_POINT('',(11.537268863375,-13.74958161665,0.));
#1078 = DIRECTION('',(-0.,0.,1.));
#1079 = DIRECTION('',(1.,0.,0.));
#1080 = ORIENTED_EDGE('',*,*,#1081,.T.);
#1081 = EDGE_CURVE('',#1073,#1082,#1084,.T.);
#1082 = VERTEX_POINT('',#1083);
#1083 = CARTESIAN_POINT('',(12.959352637443,-17.77794080365,0.));
#1084 = LINE('',#1085,#1086);
#1085 = CARTESIAN_POINT('',(-1.149066664678,-0.96418141453,0.));
#1086 = VECTOR('',#1087,1.);
#1087 = DIRECTION('',(0.642787609687,-0.766044443119,0.));
#1088 = ORIENTED_EDGE('',*,*,#1089,.F.);
#1089 = EDGE_CURVE('',#1090,#1082,#1092,.T.);
#1090 = VERTEX_POINT('',#1091);
#1091 = CARTESIAN_POINT('',(8.916472044223,-20.11209900245,0.));
#1092 = CIRCLE('',#1093,22.);
#1093 = AXIS2_PLACEMENT_3D('',#1094,#1095,#1096);
#1094 = CARTESIAN_POINT('',(0.,0.,0.));
#1095 = DIRECTION('',(-0.,0.,1.));
#1096 = DIRECTION('',(1.,0.,0.));
#1097 = ORIENTED_EDGE('',*,*,#1098,.T.);
#1098 = EDGE_CURVE('',#1090,#724,#1099,.T.);
#1099 = LINE('',#1100,#1101);
#1100 = CARTESIAN_POINT('',(1.409538931179,0.513030214989,0.));
#1101 = VECTOR('',#1102,1.);
#1102 = DIRECTION('',(-0.342020143326,0.939692620786,0.));
#1103 = ORIENTED_EDGE('',*,*,#731,.T.);
#1104 = ORIENTED_EDGE('',*,*,#1105,.T.);
#1105 = EDGE_CURVE('',#732,#1106,#1108,.T.);
#1106 = VERTEX_POINT('',#1107);
#1107 = CARTESIAN_POINT('',(4.729313608562,-17.37938894928,0.));
#1108 = CIRCLE('',#1109,1.5);
#1109 = AXIS2_PLACEMENT_3D('',#1110,#1111,#1112);
#1110 = CARTESIAN_POINT('',(6.138852539741,-16.8663587343,0.));
#1111 = DIRECTION('',(-0.,0.,1.));
#1112 = DIRECTION('',(1.,0.,0.));
#1113 = ORIENTED_EDGE('',*,*,#1114,.T.);
#1114 = EDGE_CURVE('',#1106,#1115,#1117,.T.);
#1115 = VERTEX_POINT('',#1116);
#1116 = CARTESIAN_POINT('',(6.097394181865,-21.13815943243,0.));
#1117 = LINE('',#1118,#1119);
#1118 = CARTESIAN_POINT('',(-1.409538931179,-0.513030214989,0.));
#1119 = VECTOR('',#1120,1.);
#1120 = DIRECTION('',(0.342020143326,-0.939692620786,0.));
#1121 = ORIENTED_EDGE('',*,*,#1122,.F.);
#1122 = EDGE_CURVE('',#1123,#1115,#1125,.T.);
#1123 = VERTEX_POINT('',#1124);
#1124 = CARTESIAN_POINT('',(1.5,-21.94880406764,0.));
#1125 = CIRCLE('',#1126,22.);
#1126 = AXIS2_PLACEMENT_3D('',#1127,#1128,#1129);
#1127 = CARTESIAN_POINT('',(0.,0.,0.));
#1128 = DIRECTION('',(-0.,0.,1.));
#1129 = DIRECTION('',(1.,0.,0.));
#1130 = ORIENTED_EDGE('',*,*,#1131,.T.);
#1131 = EDGE_CURVE('',#1123,#1132,#1134,.T.);
#1132 = VERTEX_POINT('',#1133);
#1133 = CARTESIAN_POINT('',(1.5,-17.94880406764,0.));
#1134 = LINE('',#1135,#1136);
#1135 = CARTESIAN_POINT('',(1.5,1.626303258728E-16,0.));
#1136 = VECTOR('',#1137,1.);
#1137 = DIRECTION('',(-1.084202172486E-16,1.,0.));
#1138 = ORIENTED_EDGE('',*,*,#1139,.T.);
#1139 = EDGE_CURVE('',#1132,#1140,#1142,.T.);
#1140 = VERTEX_POINT('',#1141);
#1141 = CARTESIAN_POINT('',(-1.5,-17.94880406764,0.));
#1142 = CIRCLE('',#1143,1.5);
#1143 = AXIS2_PLACEMENT_3D('',#1144,#1145,#1146);
#1144 = CARTESIAN_POINT('',(2.198094544997E-15,-17.94880406764,0.));
#1145 = DIRECTION('',(-0.,0.,1.));
#1146 = DIRECTION('',(1.,0.,0.));
#1147 = ORIENTED_EDGE('',*,*,#1148,.T.);
#1148 = EDGE_CURVE('',#1140,#1149,#1151,.T.);
#1149 = VERTEX_POINT('',#1150);
#1150 = CARTESIAN_POINT('',(-1.5,-21.94880406764,0.));
#1151 = LINE('',#1152,#1153);
#1152 = CARTESIAN_POINT('',(-1.5,-1.626303258728E-16,0.));
#1153 = VECTOR('',#1154,1.);
#1154 = DIRECTION('',(1.084202172486E-16,-1.,0.));
#1155 = ORIENTED_EDGE('',*,*,#1156,.F.);
#1156 = EDGE_CURVE('',#1157,#1149,#1159,.T.);
#1157 = VERTEX_POINT('',#1158);
#1158 = CARTESIAN_POINT('',(-6.097394181865,-21.13815943243,0.));
#1159 = CIRCLE('',#1160,22.);
#1160 = AXIS2_PLACEMENT_3D('',#1161,#1162,#1163);
#1161 = CARTESIAN_POINT('',(0.,0.,0.));
#1162 = DIRECTION('',(-0.,0.,1.));
#1163 = DIRECTION('',(1.,0.,0.));
#1164 = ORIENTED_EDGE('',*,*,#1165,.T.);
#1165 = EDGE_CURVE('',#1157,#1166,#1168,.T.);
#1166 = VERTEX_POINT('',#1167);
#1167 = CARTESIAN_POINT('',(-4.729313608562,-17.37938894928,0.));
#1168 = LINE('',#1169,#1170);
#1169 = CARTESIAN_POINT('',(1.409538931179,-0.513030214988,0.));
#1170 = VECTOR('',#1171,1.);
#1171 = DIRECTION('',(0.342020143326,0.939692620786,0.));
#1172 = ORIENTED_EDGE('',*,*,#1173,.T.);
#1173 = EDGE_CURVE('',#1166,#1174,#1176,.T.);
#1174 = VERTEX_POINT('',#1175);
#1175 = CARTESIAN_POINT('',(-7.54839147092,-16.35332851931,0.));
#1176 = CIRCLE('',#1177,1.5);
#1177 = AXIS2_PLACEMENT_3D('',#1178,#1179,#1180);
#1178 = CARTESIAN_POINT('',(-6.138852539741,-16.8663587343,0.));
#1179 = DIRECTION('',(-0.,0.,1.));
#1180 = DIRECTION('',(1.,0.,0.));
#1181 = ORIENTED_EDGE('',*,*,#1182,.T.);
#1182 = EDGE_CURVE('',#1174,#1183,#1185,.T.);
#1183 = VERTEX_POINT('',#1184);
#1184 = CARTESIAN_POINT('',(-8.916472044223,-20.11209900245,0.));
#1185 = LINE('',#1186,#1187);
#1186 = CARTESIAN_POINT('',(-1.409538931179,0.513030214989,0.));
#1187 = VECTOR('',#1188,1.);
#1188 = DIRECTION('',(-0.342020143326,-0.939692620786,0.));
#1189 = ORIENTED_EDGE('',*,*,#1190,.F.);
#1190 = EDGE_CURVE('',#1191,#1183,#1193,.T.);
#1191 = VERTEX_POINT('',#1192);
#1192 = CARTESIAN_POINT('',(-12.95935263744,-17.77794080365,0.));
#1193 = CIRCLE('',#1194,22.);
#1194 = AXIS2_PLACEMENT_3D('',#1195,#1196,#1197);
#1195 = CARTESIAN_POINT('',(0.,0.,0.));
#1196 = DIRECTION('',(-0.,0.,1.));
#1197 = DIRECTION('',(1.,0.,0.));
#1198 = ORIENTED_EDGE('',*,*,#1199,.T.);
#1199 = EDGE_CURVE('',#1191,#1200,#1202,.T.);
#1200 = VERTEX_POINT('',#1201);
#1201 = CARTESIAN_POINT('',(-10.38820219869,-14.71376303118,0.));
#1202 = LINE('',#1203,#1204);
#1203 = CARTESIAN_POINT('',(1.149066664678,-0.96418141453,0.));
#1204 = VECTOR('',#1205,1.);
#1205 = DIRECTION('',(0.642787609687,0.766044443119,0.));
#1206 = ORIENTED_EDGE('',*,*,#1207,.T.);
#1207 = EDGE_CURVE('',#1200,#1208,#1210,.T.);
#1208 = VERTEX_POINT('',#1209);
#1209 = CARTESIAN_POINT('',(-12.68633552805,-12.78540020212,0.));
#1210 = CIRCLE('',#1211,1.5);
#1211 = AXIS2_PLACEMENT_3D('',#1212,#1213,#1214);
#1212 = CARTESIAN_POINT('',(-11.53726886337,-13.74958161665,0.));
#1213 = DIRECTION('',(-0.,0.,1.));
#1214 = DIRECTION('',(1.,0.,0.));
#1215 = ORIENTED_EDGE('',*,*,#1216,.T.);
#1216 = EDGE_CURVE('',#1208,#1217,#1219,.T.);
#1217 = VERTEX_POINT('',#1218);
#1218 = CARTESIAN_POINT('',(-15.2574859668,-15.84957797459,0.));
#1219 = LINE('',#1220,#1221);
#1220 = CARTESIAN_POINT('',(-1.149066664678,0.96418141453,0.));
#1221 = VECTOR('',#1222,1.);
#1222 = DIRECTION('',(-0.642787609687,-0.766044443119,0.));
#1223 = ORIENTED_EDGE('',*,*,#1224,.F.);
#1224 = EDGE_CURVE('',#1225,#1217,#1227,.T.);
#1225 = VERTEX_POINT('',#1226);
#1226 = CARTESIAN_POINT('',(-18.25822190527,-12.2734401395,0.));
#1227 = CIRCLE('',#1228,22.);
#1228 = AXIS2_PLACEMENT_3D('',#1229,#1230,#1231);
#1229 = CARTESIAN_POINT('',(0.,0.,0.));
#1230 = DIRECTION('',(-0.,0.,1.));
#1231 = DIRECTION('',(1.,0.,0.));
#1232 = ORIENTED_EDGE('',*,*,#1233,.T.);
#1233 = EDGE_CURVE('',#1225,#1234,#1236,.T.);
#1234 = VERTEX_POINT('',#1235);
#1235 = CARTESIAN_POINT('',(-14.79412029013,-10.2734401395,0.));
#1236 = LINE('',#1237,#1238);
#1237 = CARTESIAN_POINT('',(0.75,-1.299038105677,0.));
#1238 = VECTOR('',#1239,1.);
#1239 = DIRECTION('',(0.866025403784,0.5,0.));
#1240 = ORIENTED_EDGE('',*,*,#1241,.T.);
#1241 = EDGE_CURVE('',#1234,#1242,#1244,.T.);
#1242 = VERTEX_POINT('',#1243);
#1243 = CARTESIAN_POINT('',(-16.29412029013,-7.675363928147,0.));
#1244 = CIRCLE('',#1245,1.5);
#1245 = AXIS2_PLACEMENT_3D('',#1246,#1247,#1248);
#1246 = CARTESIAN_POINT('',(-15.54412029013,-8.974402033824,0.));
#1247 = DIRECTION('',(-0.,0.,1.));
#1248 = DIRECTION('',(1.,0.,0.));
#1249 = ORIENTED_EDGE('',*,*,#1250,.T.);
#1250 = EDGE_CURVE('',#1242,#1251,#1253,.T.);
#1251 = VERTEX_POINT('',#1252);
#1252 = CARTESIAN_POINT('',(-19.75822190527,-9.675363928147,0.));
#1253 = LINE('',#1254,#1255);
#1254 = CARTESIAN_POINT('',(-0.75,1.299038105677,0.));
#1255 = VECTOR('',#1256,1.);
#1256 = DIRECTION('',(-0.866025403784,-0.5,0.));
#1257 = ORIENTED_EDGE('',*,*,#1258,.F.);
#1258 = EDGE_CURVE('',#1259,#1251,#1261,.T.);
#1259 = VERTEX_POINT('',#1260);
#1260 = CARTESIAN_POINT('',(-21.35488014866,-5.288581457834,0.));
#1261 = CIRCLE('',#1262,22.);
#1262 = AXIS2_PLACEMENT_3D('',#1263,#1264,#1265);
#1263 = CARTESIAN_POINT('',(0.,0.,0.));
#1264 = DIRECTION('',(-0.,0.,1.));
#1265 = DIRECTION('',(1.,0.,0.));
#1266 = ORIENTED_EDGE('',*,*,#1267,.T.);
#1267 = EDGE_CURVE('',#1259,#1268,#1270,.T.);
#1268 = VERTEX_POINT('',#1269);
#1269 = CARTESIAN_POINT('',(-17.41564913661,-4.593988747166,0.));
#1270 = LINE('',#1271,#1272);
#1271 = CARTESIAN_POINT('',(0.2604722665,-1.477211629518,0.));
#1272 = VECTOR('',#1273,1.);
#1273 = DIRECTION('',(0.984807753012,0.173648177667,0.));
#1274 = ORIENTED_EDGE('',*,*,#1275,.T.);
#1275 = EDGE_CURVE('',#1268,#1276,#1278,.T.);
#1276 = VERTEX_POINT('',#1277);
#1277 = CARTESIAN_POINT('',(-17.93659366961,-1.63956548813,0.));
#1278 = CIRCLE('',#1279,1.5);
#1279 = AXIS2_PLACEMENT_3D('',#1280,#1281,#1282);
#1280 = CARTESIAN_POINT('',(-17.67612140311,-3.116777117648,0.));
#1281 = DIRECTION('',(-0.,0.,1.));
#1282 = DIRECTION('',(1.,0.,0.));
#1283 = ORIENTED_EDGE('',*,*,#1284,.T.);
#1284 = EDGE_CURVE('',#1276,#783,#1285,.T.);
#1285 = LINE('',#1286,#1287);
#1286 = CARTESIAN_POINT('',(-0.2604722665,1.477211629518,0.));
#1287 = VECTOR('',#1288,1.);
#1288 = DIRECTION('',(-0.984807753012,-0.173648177667,0.));
#1289 = ORIENTED_EDGE('',*,*,#782,.F.);
#1290 = ORIENTED_EDGE('',*,*,#1291,.F.);
#1291 = EDGE_CURVE('',#1292,#775,#1294,.T.);
#1292 = VERTEX_POINT('',#1293);
#1293 = CARTESIAN_POINT('',(-21.87582468166,2.334158198797,0.));
#1294 = CIRCLE('',#1295,22.);
#1295 = AXIS2_PLACEMENT_3D('',#1296,#1297,#1298);
#1296 = CARTESIAN_POINT('',(0.,0.,0.));
#1297 = DIRECTION('',(-0.,0.,1.));
#1298 = DIRECTION('',(1.,0.,0.));
#1299 = ORIENTED_EDGE('',*,*,#1300,.T.);
#1300 = EDGE_CURVE('',#1292,#1301,#1303,.T.);
#1301 = VERTEX_POINT('',#1302);
#1302 = CARTESIAN_POINT('',(-17.93659366961,1.63956548813,0.));
#1303 = LINE('',#1304,#1305);
#1304 = CARTESIAN_POINT('',(-0.2604722665,-1.477211629518,0.));
#1305 = VECTOR('',#1306,1.);
#1306 = DIRECTION('',(0.984807753012,-0.173648177667,0.));
#1307 = ORIENTED_EDGE('',*,*,#1308,.T.);
#1308 = EDGE_CURVE('',#1301,#1309,#1311,.T.);
#1309 = VERTEX_POINT('',#1310);
#1310 = CARTESIAN_POINT('',(-17.41564913661,4.593988747166,0.));
#1311 = CIRCLE('',#1312,1.5);
#1312 = AXIS2_PLACEMENT_3D('',#1313,#1314,#1315);
#1313 = CARTESIAN_POINT('',(-17.67612140311,3.116777117648,0.));
#1314 = DIRECTION('',(-0.,0.,1.));
#1315 = DIRECTION('',(1.,0.,0.));
#1316 = ORIENTED_EDGE('',*,*,#1317,.T.);
#1317 = EDGE_CURVE('',#1309,#1318,#1320,.T.);
#1318 = VERTEX_POINT('',#1319);
#1319 = CARTESIAN_POINT('',(-21.35488014866,5.288581457834,0.));
#1320 = LINE('',#1321,#1322);
#1321 = CARTESIAN_POINT('',(0.2604722665,1.477211629518,0.));
#1322 = VECTOR('',#1323,1.);
#1323 = DIRECTION('',(-0.984807753012,0.173648177667,0.));
#1324 = ORIENTED_EDGE('',*,*,#1325,.F.);
#1325 = EDGE_CURVE('',#1326,#1318,#1328,.T.);
#1326 = VERTEX_POINT('',#1327);
#1327 = CARTESIAN_POINT('',(-19.75822190527,9.675363928147,0.));
#1328 = CIRCLE('',#1329,22.);
#1329 = AXIS2_PLACEMENT_3D('',#1330,#1331,#1332);
#1330 = CARTESIAN_POINT('',(0.,0.,0.));
#1331 = DIRECTION('',(-0.,0.,1.));
#1332 = DIRECTION('',(1.,0.,0.));
#1333 = ORIENTED_EDGE('',*,*,#1334,.T.);
#1334 = EDGE_CURVE('',#1326,#1335,#1337,.T.);
#1335 = VERTEX_POINT('',#1336);
#1336 = CARTESIAN_POINT('',(-16.29412029013,7.675363928147,0.));
#1337 = LINE('',#1338,#1339);
#1338 = CARTESIAN_POINT('',(-0.75,-1.299038105677,0.));
#1339 = VECTOR('',#1340,1.);
#1340 = DIRECTION('',(0.866025403784,-0.5,0.));
#1341 = ORIENTED_EDGE('',*,*,#1342,.T.);
#1342 = EDGE_CURVE('',#1335,#1343,#1345,.T.);
#1343 = VERTEX_POINT('',#1344);
#1344 = CARTESIAN_POINT('',(-14.79412029013,10.273440139501,0.));
#1345 = CIRCLE('',#1346,1.5);
#1346 = AXIS2_PLACEMENT_3D('',#1347,#1348,#1349);
#1347 = CARTESIAN_POINT('',(-15.54412029013,8.974402033824,0.));
#1348 = DIRECTION('',(-0.,0.,1.));
#1349 = DIRECTION('',(1.,0.,0.));
#1350 = ORIENTED_EDGE('',*,*,#1351,.T.);
#1351 = EDGE_CURVE('',#1343,#1352,#1354,.T.);
#1352 = VERTEX_POINT('',#1353);
#1353 = CARTESIAN_POINT('',(-18.25822190527,12.273440139501,0.));
#1354 = LINE('',#1355,#1356);
#1355 = CARTESIAN_POINT('',(0.75,1.299038105677,0.));
#1356 = VECTOR('',#1357,1.);
#1357 = DIRECTION('',(-0.866025403784,0.5,0.));
#1358 = ORIENTED_EDGE('',*,*,#1359,.F.);
#1359 = EDGE_CURVE('',#1360,#1352,#1362,.T.);
#1360 = VERTEX_POINT('',#1361);
#1361 = CARTESIAN_POINT('',(-15.2574859668,15.849577974599,0.));
#1362 = CIRCLE('',#1363,22.);
#1363 = AXIS2_PLACEMENT_3D('',#1364,#1365,#1366);
#1364 = CARTESIAN_POINT('',(0.,0.,0.));
#1365 = DIRECTION('',(-0.,0.,1.));
#1366 = DIRECTION('',(1.,0.,0.));
#1367 = ORIENTED_EDGE('',*,*,#1368,.T.);
#1368 = EDGE_CURVE('',#1360,#1369,#1371,.T.);
#1369 = VERTEX_POINT('',#1370);
#1370 = CARTESIAN_POINT('',(-12.68633552805,12.785400202123,0.));
#1371 = LINE('',#1372,#1373);
#1372 = CARTESIAN_POINT('',(-1.149066664678,-0.96418141453,0.));
#1373 = VECTOR('',#1374,1.);
#1374 = DIRECTION('',(0.642787609687,-0.766044443119,0.));
#1375 = ORIENTED_EDGE('',*,*,#1376,.T.);
#1376 = EDGE_CURVE('',#1369,#1377,#1379,.T.);
#1377 = VERTEX_POINT('',#1378);
#1378 = CARTESIAN_POINT('',(-10.38820219869,14.713763031183,0.));
#1379 = CIRCLE('',#1380,1.5);
#1380 = AXIS2_PLACEMENT_3D('',#1381,#1382,#1383);
#1381 = CARTESIAN_POINT('',(-11.53726886337,13.749581616653,0.));
#1382 = DIRECTION('',(-0.,0.,1.));
#1383 = DIRECTION('',(1.,0.,0.));
#1384 = ORIENTED_EDGE('',*,*,#1385,.T.);
#1385 = EDGE_CURVE('',#1377,#1386,#1388,.T.);
#1386 = VERTEX_POINT('',#1387);
#1387 = CARTESIAN_POINT('',(-12.95935263744,17.777940803659,0.));
#1388 = LINE('',#1389,#1390);
#1389 = CARTESIAN_POINT('',(1.149066664678,0.96418141453,0.));
#1390 = VECTOR('',#1391,1.);
#1391 = DIRECTION('',(-0.642787609687,0.766044443119,0.));
#1392 = ORIENTED_EDGE('',*,*,#1393,.F.);
#1393 = EDGE_CURVE('',#1394,#1386,#1396,.T.);
#1394 = VERTEX_POINT('',#1395);
#1395 = CARTESIAN_POINT('',(-8.916472044223,20.112099002456,0.));
#1396 = CIRCLE('',#1397,22.);
#1397 = AXIS2_PLACEMENT_3D('',#1398,#1399,#1400);
#1398 = CARTESIAN_POINT('',(0.,0.,0.));
#1399 = DIRECTION('',(-0.,0.,1.));
#1400 = DIRECTION('',(1.,0.,0.));
#1401 = ORIENTED_EDGE('',*,*,#1402,.T.);
#1402 = EDGE_CURVE('',#1394,#806,#1403,.T.);
#1403 = LINE('',#1404,#1405);
#1404 = CARTESIAN_POINT('',(-1.409538931179,-0.513030214989,0.));
#1405 = VECTOR('',#1406,1.);
#1406 = DIRECTION('',(0.342020143326,-0.939692620786,0.));
#1407 = FACE_BOUND('',#1408,.T.);
#1408 = EDGE_LOOP('',(#1409,#1416));
#1409 = ORIENTED_EDGE('',*,*,#1410,.T.);
#1410 = EDGE_CURVE('',#354,#363,#1411,.T.);
#1411 = CIRCLE('',#1412,1.2);
#1412 = AXIS2_PLACEMENT_3D('',#1413,#1414,#1415);
#1413 = CARTESIAN_POINT('',(-8.,-8.,0.));
#1414 = DIRECTION('',(0.,-0.,1.));
#1415 = DIRECTION('',(1.,0.,0.));
#1416 = ORIENTED_EDGE('',*,*,#370,.T.);
#1417 = FACE_BOUND('',#1418,.T.);
#1418 = EDGE_LOOP('',(#1419,#1426));
#1419 = ORIENTED_EDGE('',*,*,#1420,.T.);
#1420 = EDGE_CURVE('',#280,#289,#1421,.T.);
#1421 = CIRCLE('',#1422,1.2);
#1422 = AXIS2_PLACEMENT_3D('',#1423,#1424,#1425);
#1423 = CARTESIAN_POINT('',(8.,-8.,0.));
#1424 = DIRECTION('',(0.,-0.,1.));
#1425 = DIRECTION('',(1.,0.,0.));
#1426 = ORIENTED_EDGE('',*,*,#296,.T.);
#1427 = FACE_BOUND('',#1428,.T.);
#1428 = EDGE_LOOP('',(#1429,#1436));
#1429 = ORIENTED_EDGE('',*,*,#1430,.T.);
#1430 = EDGE_CURVE('',#206,#215,#1431,.T.);
#1431 = CIRCLE('',#1432,1.2);
#1432 = AXIS2_PLACEMENT_3D('',#1433,#1434,#1435);
#1433 = CARTESIAN_POINT('',(8.,8.,0.));
#1434 = DIRECTION('',(0.,-0.,1.));
#1435 = DIRECTION('',(1.,0.,0.));
#1436 = ORIENTED_EDGE('',*,*,#222,.T.);
#1437 = FACE_BOUND('',#1438,.T.);
#1438 = EDGE_LOOP('',(#1439,#1446));
#1439 = ORIENTED_EDGE('',*,*,#1440,.T.);
#1440 = EDGE_CURVE('',#132,#141,#1441,.T.);
#1441 = CIRCLE('',#1442,1.2);
#1442 = AXIS2_PLACEMENT_3D('',#1443,#1444,#1445);
#1443 = CARTESIAN_POINT('',(-8.,8.,0.));
#1444 = DIRECTION('',(0.,-0.,1.));
#1445 = DIRECTION('',(1.,0.,0.));
#1446 = ORIENTED_EDGE('',*,*,#148,.T.);
#1447 = FACE_BOUND('',#1448,.T.);
#1448 = EDGE_LOOP('',(#1449,#1456));
#1449 = ORIENTED_EDGE('',*,*,#1450,.F.);
#1450 = EDGE_CURVE('',#67,#59,#1451,.T.);
#1451 = CIRCLE('',#1452,5.);
#1452 = AXIS2_PLACEMENT_3D('',#1453,#1454,#1455);
#1453 = CARTESIAN_POINT('',(0.,0.,0.));
#1454 = DIRECTION('',(0.,0.,-1.));
#1455 = DIRECTION('',(1.,0.,0.));
#1456 = ORIENTED_EDGE('',*,*,#66,.F.);
#1457 = PLANE('',#1458);
#1458 = AXIS2_PLACEMENT_3D('',#1459,#1460,#1461);
#1459 = CARTESIAN_POINT('',(0.,0.,0.));
#1460 = DIRECTION('',(-0.,0.,1.));
#1461 = DIRECTION('',(1.,0.,0.));
#1462 = ADVANCED_FACE('',(#1463),#1489,.F.);
#1463 = FACE_BOUND('',#1464,.F.);
#1464 = EDGE_LOOP('',(#1465,#1473,#1482,#1488));
#1465 = ORIENTED_EDGE('',*,*,#1466,.F.);
#1466 = EDGE_CURVE('',#1467,#808,#1469,.T.);
#1467 = VERTEX_POINT('',#1468);
#1468 = CARTESIAN_POINT('',(-4.729313608562,17.379388949289,3.));
#1469 = LINE('',#1470,#1471);
#1470 = CARTESIAN_POINT('',(-4.729313608562,17.379388949289,3.));
#1471 = VECTOR('',#1472,1.);
#1472 = DIRECTION('',(-0.,-0.,-1.));
#1473 = ORIENTED_EDGE('',*,*,#1474,.F.);
#1474 = EDGE_CURVE('',#1475,#1467,#1477,.T.);
#1475 = VERTEX_POINT('',#1476);
#1476 = CARTESIAN_POINT('',(-7.54839147092,16.353328519312,3.));
#1477 = CIRCLE('',#1478,1.5);
#1478 = AXIS2_PLACEMENT_3D('',#1479,#1480,#1481);
#1479 = CARTESIAN_POINT('',(-6.138852539741,16.866358734301,3.));
#1480 = DIRECTION('',(-0.,0.,1.));
#1481 = DIRECTION('',(1.,0.,0.));
#1482 = ORIENTED_EDGE('',*,*,#1483,.T.);
#1483 = EDGE_CURVE('',#1475,#806,#1484,.T.);
#1484 = LINE('',#1485,#1486);
#1485 = CARTESIAN_POINT('',(-7.54839147092,16.353328519312,3.));
#1486 = VECTOR('',#1487,1.);
#1487 = DIRECTION('',(-0.,-0.,-1.));
#1488 = ORIENTED_EDGE('',*,*,#805,.T.);
#1489 = CYLINDRICAL_SURFACE('',#1490,1.5);
#1490 = AXIS2_PLACEMENT_3D('',#1491,#1492,#1493);
#1491 = CARTESIAN_POINT('',(-6.138852539741,16.866358734301,3.));
#1492 = DIRECTION('',(-0.,-0.,-1.));
#1493 = DIRECTION('',(-1.,0.,0.));
#1494 = ADVANCED_FACE('',(#1495),#1513,.T.);
#1495 = FACE_BOUND('',#1496,.T.);
#1496 = EDGE_LOOP('',(#1497,#1498,#1506,#1512));
#1497 = ORIENTED_EDGE('',*,*,#1402,.F.);
#1498 = ORIENTED_EDGE('',*,*,#1499,.F.);
#1499 = EDGE_CURVE('',#1500,#1394,#1502,.T.);
#1500 = VERTEX_POINT('',#1501);
#1501 = CARTESIAN_POINT('',(-8.916472044223,20.112099002456,3.));
#1502 = LINE('',#1503,#1504);
#1503 = CARTESIAN_POINT('',(-8.916472044223,20.112099002456,3.));
#1504 = VECTOR('',#1505,1.);
#1505 = DIRECTION('',(-0.,-0.,-1.));
#1506 = ORIENTED_EDGE('',*,*,#1507,.T.);
#1507 = EDGE_CURVE('',#1500,#1475,#1508,.T.);
#1508 = LINE('',#1509,#1510);
#1509 = CARTESIAN_POINT('',(-1.409538931179,-0.513030214989,3.));
#1510 = VECTOR('',#1511,1.);
#1511 = DIRECTION('',(0.342020143326,-0.939692620786,0.));
#1512 = ORIENTED_EDGE('',*,*,#1483,.T.);
#1513 = PLANE('',#1514);
#1514 = AXIS2_PLACEMENT_3D('',#1515,#1516,#1517);
#1515 = CARTESIAN_POINT('',(-1.409538931179,-0.513030214989,3.));
#1516 = DIRECTION('',(0.939692620786,0.342020143326,-0.));
#1517 = DIRECTION('',(-0.342020143326,0.939692620786,0.));
#1518 = ADVANCED_FACE('',(#1519),#1538,.T.);
#1519 = FACE_BOUND('',#1520,.T.);
#1520 = EDGE_LOOP('',(#1521,#1522,#1530,#1537));
#1521 = ORIENTED_EDGE('',*,*,#1393,.T.);
#1522 = ORIENTED_EDGE('',*,*,#1523,.F.);
#1523 = EDGE_CURVE('',#1524,#1386,#1526,.T.);
#1524 = VERTEX_POINT('',#1525);
#1525 = CARTESIAN_POINT('',(-12.95935263744,17.777940803659,3.));
#1526 = LINE('',#1527,#1528);
#1527 = CARTESIAN_POINT('',(-12.95935263744,17.777940803659,3.));
#1528 = VECTOR('',#1529,1.);
#1529 = DIRECTION('',(-0.,-0.,-1.));
#1530 = ORIENTED_EDGE('',*,*,#1531,.F.);
#1531 = EDGE_CURVE('',#1500,#1524,#1532,.T.);
#1532 = CIRCLE('',#1533,22.);
#1533 = AXIS2_PLACEMENT_3D('',#1534,#1535,#1536);
#1534 = CARTESIAN_POINT('',(0.,0.,3.));
#1535 = DIRECTION('',(-0.,0.,1.));
#1536 = DIRECTION('',(1.,0.,0.));
#1537 = ORIENTED_EDGE('',*,*,#1499,.T.);
#1538 = CYLINDRICAL_SURFACE('',#1539,22.);
#1539 = AXIS2_PLACEMENT_3D('',#1540,#1541,#1542);
#1540 = CARTESIAN_POINT('',(0.,0.,3.));
#1541 = DIRECTION('',(-0.,-0.,-1.));
#1542 = DIRECTION('',(-1.,0.,0.));
#1543 = ADVANCED_FACE('',(#1544),#1562,.T.);
#1544 = FACE_BOUND('',#1545,.T.);
#1545 = EDGE_LOOP('',(#1546,#1547,#1555,#1561));
#1546 = ORIENTED_EDGE('',*,*,#1385,.F.);
#1547 = ORIENTED_EDGE('',*,*,#1548,.F.);
#1548 = EDGE_CURVE('',#1549,#1377,#1551,.T.);
#1549 = VERTEX_POINT('',#1550);
#1550 = CARTESIAN_POINT('',(-10.38820219869,14.713763031183,3.));
#1551 = LINE('',#1552,#1553);
#1552 = CARTESIAN_POINT('',(-10.38820219869,14.713763031183,3.));
#1553 = VECTOR('',#1554,1.);
#1554 = DIRECTION('',(-0.,-0.,-1.));
#1555 = ORIENTED_EDGE('',*,*,#1556,.T.);
#1556 = EDGE_CURVE('',#1549,#1524,#1557,.T.);
#1557 = LINE('',#1558,#1559);
#1558 = CARTESIAN_POINT('',(1.149066664678,0.96418141453,3.));
#1559 = VECTOR('',#1560,1.);
#1560 = DIRECTION('',(-0.642787609687,0.766044443119,0.));
#1561 = ORIENTED_EDGE('',*,*,#1523,.T.);
#1562 = PLANE('',#1563);
#1563 = AXIS2_PLACEMENT_3D('',#1564,#1565,#1566);
#1564 = CARTESIAN_POINT('',(1.149066664678,0.96418141453,3.));
#1565 = DIRECTION('',(-0.766044443119,-0.642787609687,0.));
#1566 = DIRECTION('',(0.642787609687,-0.766044443119,0.));
#1567 = ADVANCED_FACE('',(#1568),#1587,.F.);
#1568 = FACE_BOUND('',#1569,.F.);
#1569 = EDGE_LOOP('',(#1570,#1571,#1580,#1586));
#1570 = ORIENTED_EDGE('',*,*,#1548,.F.);
#1571 = ORIENTED_EDGE('',*,*,#1572,.F.);
#1572 = EDGE_CURVE('',#1573,#1549,#1575,.T.);
#1573 = VERTEX_POINT('',#1574);
#1574 = CARTESIAN_POINT('',(-12.68633552805,12.785400202123,3.));
#1575 = CIRCLE('',#1576,1.5);
#1576 = AXIS2_PLACEMENT_3D('',#1577,#1578,#1579);
#1577 = CARTESIAN_POINT('',(-11.53726886337,13.749581616653,3.));
#1578 = DIRECTION('',(-0.,0.,1.));
#1579 = DIRECTION('',(1.,0.,0.));
#1580 = ORIENTED_EDGE('',*,*,#1581,.T.);
#1581 = EDGE_CURVE('',#1573,#1369,#1582,.T.);
#1582 = LINE('',#1583,#1584);
#1583 = CARTESIAN_POINT('',(-12.68633552805,12.785400202123,3.));
#1584 = VECTOR('',#1585,1.);
#1585 = DIRECTION('',(-0.,-0.,-1.));
#1586 = ORIENTED_EDGE('',*,*,#1376,.T.);
#1587 = CYLINDRICAL_SURFACE('',#1588,1.5);
#1588 = AXIS2_PLACEMENT_3D('',#1589,#1590,#1591);
#1589 = CARTESIAN_POINT('',(-11.53726886337,13.749581616653,3.));
#1590 = DIRECTION('',(-0.,-0.,-1.));
#1591 = DIRECTION('',(-1.,0.,0.));
#1592 = ADVANCED_FACE('',(#1593),#1611,.T.);
#1593 = FACE_BOUND('',#1594,.T.);
#1594 = EDGE_LOOP('',(#1595,#1596,#1604,#1610));
#1595 = ORIENTED_EDGE('',*,*,#1368,.F.);
#1596 = ORIENTED_EDGE('',*,*,#1597,.F.);
#1597 = EDGE_CURVE('',#1598,#1360,#1600,.T.);
#1598 = VERTEX_POINT('',#1599);
#1599 = CARTESIAN_POINT('',(-15.2574859668,15.849577974599,3.));
#1600 = LINE('',#1601,#1602);
#1601 = CARTESIAN_POINT('',(-15.2574859668,15.849577974599,3.));
#1602 = VECTOR('',#1603,1.);
#1603 = DIRECTION('',(-0.,-0.,-1.));
#1604 = ORIENTED_EDGE('',*,*,#1605,.T.);
#1605 = EDGE_CURVE('',#1598,#1573,#1606,.T.);
#1606 = LINE('',#1607,#1608);
#1607 = CARTESIAN_POINT('',(-1.149066664678,-0.96418141453,3.));
#1608 = VECTOR('',#1609,1.);
#1609 = DIRECTION('',(0.642787609687,-0.766044443119,0.));
#1610 = ORIENTED_EDGE('',*,*,#1581,.T.);
#1611 = PLANE('',#1612);
#1612 = AXIS2_PLACEMENT_3D('',#1613,#1614,#1615);
#1613 = CARTESIAN_POINT('',(-1.149066664678,-0.96418141453,3.));
#1614 = DIRECTION('',(0.766044443119,0.642787609687,-0.));
#1615 = DIRECTION('',(-0.642787609687,0.766044443119,0.));
#1616 = ADVANCED_FACE('',(#1617),#1636,.T.);
#1617 = FACE_BOUND('',#1618,.T.);
#1618 = EDGE_LOOP('',(#1619,#1620,#1628,#1635));
#1619 = ORIENTED_EDGE('',*,*,#1359,.T.);
#1620 = ORIENTED_EDGE('',*,*,#1621,.F.);
#1621 = EDGE_CURVE('',#1622,#1352,#1624,.T.);
#1622 = VERTEX_POINT('',#1623);
#1623 = CARTESIAN_POINT('',(-18.25822190527,12.273440139501,3.));
#1624 = LINE('',#1625,#1626);
#1625 = CARTESIAN_POINT('',(-18.25822190527,12.273440139501,3.));
#1626 = VECTOR('',#1627,1.);
#1627 = DIRECTION('',(-0.,-0.,-1.));
#1628 = ORIENTED_EDGE('',*,*,#1629,.F.);
#1629 = EDGE_CURVE('',#1598,#1622,#1630,.T.);
#1630 = CIRCLE('',#1631,22.);
#1631 = AXIS2_PLACEMENT_3D('',#1632,#1633,#1634);
#1632 = CARTESIAN_POINT('',(0.,0.,3.));
#1633 = DIRECTION('',(-0.,0.,1.));
#1634 = DIRECTION('',(1.,0.,0.));
#1635 = ORIENTED_EDGE('',*,*,#1597,.T.);
#1636 = CYLINDRICAL_SURFACE('',#1637,22.);
#1637 = AXIS2_PLACEMENT_3D('',#1638,#1639,#1640);
#1638 = CARTESIAN_POINT('',(0.,0.,3.));
#1639 = DIRECTION('',(-0.,-0.,-1.));
#1640 = DIRECTION('',(-1.,0.,0.));
#1641 = ADVANCED_FACE('',(#1642),#1660,.T.);
#1642 = FACE_BOUND('',#1643,.T.);
#1643 = EDGE_LOOP('',(#1644,#1645,#1653,#1659));
#1644 = ORIENTED_EDGE('',*,*,#1351,.F.);
#1645 = ORIENTED_EDGE('',*,*,#1646,.F.);
#1646 = EDGE_CURVE('',#1647,#1343,#1649,.T.);
#1647 = VERTEX_POINT('',#1648);
#1648 = CARTESIAN_POINT('',(-14.79412029013,10.273440139501,3.));
#1649 = LINE('',#1650,#1651);
#1650 = CARTESIAN_POINT('',(-14.79412029013,10.273440139501,3.));
#1651 = VECTOR('',#1652,1.);
#1652 = DIRECTION('',(-0.,-0.,-1.));
#1653 = ORIENTED_EDGE('',*,*,#1654,.T.);
#1654 = EDGE_CURVE('',#1647,#1622,#1655,.T.);
#1655 = LINE('',#1656,#1657);
#1656 = CARTESIAN_POINT('',(0.75,1.299038105677,3.));
#1657 = VECTOR('',#1658,1.);
#1658 = DIRECTION('',(-0.866025403784,0.5,0.));
#1659 = ORIENTED_EDGE('',*,*,#1621,.T.);
#1660 = PLANE('',#1661);
#1661 = AXIS2_PLACEMENT_3D('',#1662,#1663,#1664);
#1662 = CARTESIAN_POINT('',(0.75,1.299038105677,3.));
#1663 = DIRECTION('',(-0.5,-0.866025403784,0.));
#1664 = DIRECTION('',(0.866025403784,-0.5,0.));
#1665 = ADVANCED_FACE('',(#1666),#1685,.F.);
#1666 = FACE_BOUND('',#1667,.F.);
#1667 = EDGE_LOOP('',(#1668,#1669,#1678,#1684));
#1668 = ORIENTED_EDGE('',*,*,#1646,.F.);
#1669 = ORIENTED_EDGE('',*,*,#1670,.F.);
#1670 = EDGE_CURVE('',#1671,#1647,#1673,.T.);
#1671 = VERTEX_POINT('',#1672);
#1672 = CARTESIAN_POINT('',(-16.29412029013,7.675363928147,3.));
#1673 = CIRCLE('',#1674,1.5);
#1674 = AXIS2_PLACEMENT_3D('',#1675,#1676,#1677);
#1675 = CARTESIAN_POINT('',(-15.54412029013,8.974402033824,3.));
#1676 = DIRECTION('',(-0.,0.,1.));
#1677 = DIRECTION('',(1.,0.,0.));
#1678 = ORIENTED_EDGE('',*,*,#1679,.T.);
#1679 = EDGE_CURVE('',#1671,#1335,#1680,.T.);
#1680 = LINE('',#1681,#1682);
#1681 = CARTESIAN_POINT('',(-16.29412029013,7.675363928147,3.));
#1682 = VECTOR('',#1683,1.);
#1683 = DIRECTION('',(-0.,-0.,-1.));
#1684 = ORIENTED_EDGE('',*,*,#1342,.T.);
#1685 = CYLINDRICAL_SURFACE('',#1686,1.5);
#1686 = AXIS2_PLACEMENT_3D('',#1687,#1688,#1689);
#1687 = CARTESIAN_POINT('',(-15.54412029013,8.974402033824,3.));
#1688 = DIRECTION('',(-0.,-0.,-1.));
#1689 = DIRECTION('',(-1.,0.,0.));
#1690 = ADVANCED_FACE('',(#1691),#1709,.T.);
#1691 = FACE_BOUND('',#1692,.T.);
#1692 = EDGE_LOOP('',(#1693,#1694,#1702,#1708));
#1693 = ORIENTED_EDGE('',*,*,#1334,.F.);
#1694 = ORIENTED_EDGE('',*,*,#1695,.F.);
#1695 = EDGE_CURVE('',#1696,#1326,#1698,.T.);
#1696 = VERTEX_POINT('',#1697);
#1697 = CARTESIAN_POINT('',(-19.75822190527,9.675363928147,3.));
#1698 = LINE('',#1699,#1700);
#1699 = CARTESIAN_POINT('',(-19.75822190527,9.675363928147,3.));
#1700 = VECTOR('',#1701,1.);
#1701 = DIRECTION('',(-0.,-0.,-1.));
#1702 = ORIENTED_EDGE('',*,*,#1703,.T.);
#1703 = EDGE_CURVE('',#1696,#1671,#1704,.T.);
#1704 = LINE('',#1705,#1706);
#1705 = CARTESIAN_POINT('',(-0.75,-1.299038105677,3.));
#1706 = VECTOR('',#1707,1.);
#1707 = DIRECTION('',(0.866025403784,-0.5,0.));
#1708 = ORIENTED_EDGE('',*,*,#1679,.T.);
#1709 = PLANE('',#1710);
#1710 = AXIS2_PLACEMENT_3D('',#1711,#1712,#1713);
#1711 = CARTESIAN_POINT('',(-0.75,-1.299038105677,3.));
#1712 = DIRECTION('',(0.5,0.866025403784,-0.));
#1713 = DIRECTION('',(-0.866025403784,0.5,0.));
#1714 = ADVANCED_FACE('',(#1715),#1734,.T.);
#1715 = FACE_BOUND('',#1716,.T.);
#1716 = EDGE_LOOP('',(#1717,#1718,#1726,#1733));
#1717 = ORIENTED_EDGE('',*,*,#1325,.T.);
#1718 = ORIENTED_EDGE('',*,*,#1719,.F.);
#1719 = EDGE_CURVE('',#1720,#1318,#1722,.T.);
#1720 = VERTEX_POINT('',#1721);
#1721 = CARTESIAN_POINT('',(-21.35488014866,5.288581457834,3.));
#1722 = LINE('',#1723,#1724);
#1723 = CARTESIAN_POINT('',(-21.35488014866,5.288581457834,3.));
#1724 = VECTOR('',#1725,1.);
#1725 = DIRECTION('',(-0.,-0.,-1.));
#1726 = ORIENTED_EDGE('',*,*,#1727,.F.);
#1727 = EDGE_CURVE('',#1696,#1720,#1728,.T.);
#1728 = CIRCLE('',#1729,22.);
#1729 = AXIS2_PLACEMENT_3D('',#1730,#1731,#1732);
#1730 = CARTESIAN_POINT('',(0.,0.,3.));
#1731 = DIRECTION('',(-0.,0.,1.));
#1732 = DIRECTION('',(1.,0.,0.));
#1733 = ORIENTED_EDGE('',*,*,#1695,.T.);
#1734 = CYLINDRICAL_SURFACE('',#1735,22.);
#1735 = AXIS2_PLACEMENT_3D('',#1736,#1737,#1738);
#1736 = CARTESIAN_POINT('',(0.,0.,3.));
#1737 = DIRECTION('',(-0.,-0.,-1.));
#1738 = DIRECTION('',(-1.,0.,0.));
#1739 = ADVANCED_FACE('',(#1740),#1758,.T.);
#1740 = FACE_BOUND('',#1741,.T.);
#1741 = EDGE_LOOP('',(#1742,#1743,#1751,#1757));
#1742 = ORIENTED_EDGE('',*,*,#1317,.F.);
#1743 = ORIENTED_EDGE('',*,*,#1744,.F.);
#1744 = EDGE_CURVE('',#1745,#1309,#1747,.T.);
#1745 = VERTEX_POINT('',#1746);
#1746 = CARTESIAN_POINT('',(-17.41564913661,4.593988747166,3.));
#1747 = LINE('',#1748,#1749);
#1748 = CARTESIAN_POINT('',(-17.41564913661,4.593988747166,3.));
#1749 = VECTOR('',#1750,1.);
#1750 = DIRECTION('',(-0.,-0.,-1.));
#1751 = ORIENTED_EDGE('',*,*,#1752,.T.);
#1752 = EDGE_CURVE('',#1745,#1720,#1753,.T.);
#1753 = LINE('',#1754,#1755);
#1754 = CARTESIAN_POINT('',(0.2604722665,1.477211629518,3.));
#1755 = VECTOR('',#1756,1.);
#1756 = DIRECTION('',(-0.984807753012,0.173648177667,0.));
#1757 = ORIENTED_EDGE('',*,*,#1719,.T.);
#1758 = PLANE('',#1759);
#1759 = AXIS2_PLACEMENT_3D('',#1760,#1761,#1762);
#1760 = CARTESIAN_POINT('',(0.2604722665,1.477211629518,3.));
#1761 = DIRECTION('',(-0.173648177667,-0.984807753012,0.));
#1762 = DIRECTION('',(0.984807753012,-0.173648177667,0.));
#1763 = ADVANCED_FACE('',(#1764),#1783,.F.);
#1764 = FACE_BOUND('',#1765,.F.);
#1765 = EDGE_LOOP('',(#1766,#1767,#1776,#1782));
#1766 = ORIENTED_EDGE('',*,*,#1744,.F.);
#1767 = ORIENTED_EDGE('',*,*,#1768,.F.);
#1768 = EDGE_CURVE('',#1769,#1745,#1771,.T.);
#1769 = VERTEX_POINT('',#1770);
#1770 = CARTESIAN_POINT('',(-17.93659366961,1.63956548813,3.));
#1771 = CIRCLE('',#1772,1.5);
#1772 = AXIS2_PLACEMENT_3D('',#1773,#1774,#1775);
#1773 = CARTESIAN_POINT('',(-17.67612140311,3.116777117648,3.));
#1774 = DIRECTION('',(-0.,0.,1.));
#1775 = DIRECTION('',(1.,0.,0.));
#1776 = ORIENTED_EDGE('',*,*,#1777,.T.);
#1777 = EDGE_CURVE('',#1769,#1301,#1778,.T.);
#1778 = LINE('',#1779,#1780);
#1779 = CARTESIAN_POINT('',(-17.93659366961,1.63956548813,3.));
#1780 = VECTOR('',#1781,1.);
#1781 = DIRECTION('',(-0.,-0.,-1.));
#1782 = ORIENTED_EDGE('',*,*,#1308,.T.);
#1783 = CYLINDRICAL_SURFACE('',#1784,1.5);
#1784 = AXIS2_PLACEMENT_3D('',#1785,#1786,#1787);
#1785 = CARTESIAN_POINT('',(-17.67612140311,3.116777117648,3.));
#1786 = DIRECTION('',(-0.,-0.,-1.));
#1787 = DIRECTION('',(-1.,0.,0.));
#1788 = ADVANCED_FACE('',(#1789),#1807,.T.);
#1789 = FACE_BOUND('',#1790,.T.);
#1790 = EDGE_LOOP('',(#1791,#1792,#1800,#1806));
#1791 = ORIENTED_EDGE('',*,*,#1300,.F.);
#1792 = ORIENTED_EDGE('',*,*,#1793,.F.);
#1793 = EDGE_CURVE('',#1794,#1292,#1796,.T.);
#1794 = VERTEX_POINT('',#1795);
#1795 = CARTESIAN_POINT('',(-21.87582468166,2.334158198797,3.));
#1796 = LINE('',#1797,#1798);
#1797 = CARTESIAN_POINT('',(-21.87582468166,2.334158198797,3.));
#1798 = VECTOR('',#1799,1.);
#1799 = DIRECTION('',(-0.,-0.,-1.));
#1800 = ORIENTED_EDGE('',*,*,#1801,.T.);
#1801 = EDGE_CURVE('',#1794,#1769,#1802,.T.);
#1802 = LINE('',#1803,#1804);
#1803 = CARTESIAN_POINT('',(-0.2604722665,-1.477211629518,3.));
#1804 = VECTOR('',#1805,1.);
#1805 = DIRECTION('',(0.984807753012,-0.173648177667,0.));
#1806 = ORIENTED_EDGE('',*,*,#1777,.T.);
#1807 = PLANE('',#1808);
#1808 = AXIS2_PLACEMENT_3D('',#1809,#1810,#1811);
#1809 = CARTESIAN_POINT('',(-0.2604722665,-1.477211629518,3.));
#1810 = DIRECTION('',(0.173648177667,0.984807753012,-0.));
#1811 = DIRECTION('',(-0.984807753012,0.173648177667,0.));
#1812 = ADVANCED_FACE('',(#1813),#1825,.T.);
#1813 = FACE_BOUND('',#1814,.T.);
#1814 = EDGE_LOOP('',(#1815,#1816,#1823,#1824));
#1815 = ORIENTED_EDGE('',*,*,#774,.F.);
#1816 = ORIENTED_EDGE('',*,*,#1817,.F.);
#1817 = EDGE_CURVE('',#1794,#764,#1818,.T.);
#1818 = CIRCLE('',#1819,22.);
#1819 = AXIS2_PLACEMENT_3D('',#1820,#1821,#1822);
#1820 = CARTESIAN_POINT('',(0.,0.,3.));
#1821 = DIRECTION('',(-0.,0.,1.));
#1822 = DIRECTION('',(1.,0.,0.));
#1823 = ORIENTED_EDGE('',*,*,#1793,.T.);
#1824 = ORIENTED_EDGE('',*,*,#1291,.T.);
#1825 = CYLINDRICAL_SURFACE('',#1826,22.);
#1826 = AXIS2_PLACEMENT_3D('',#1827,#1828,#1829);
#1827 = CARTESIAN_POINT('',(0.,0.,3.));
#1828 = DIRECTION('',(-0.,-0.,-1.));
#1829 = DIRECTION('',(-1.,0.,0.));
#1830 = ADVANCED_FACE('',(#1831),#1849,.T.);
#1831 = FACE_BOUND('',#1832,.T.);
#1832 = EDGE_LOOP('',(#1833,#1834,#1842,#1848));
#1833 = ORIENTED_EDGE('',*,*,#1284,.F.);
#1834 = ORIENTED_EDGE('',*,*,#1835,.F.);
#1835 = EDGE_CURVE('',#1836,#1276,#1838,.T.);
#1836 = VERTEX_POINT('',#1837);
#1837 = CARTESIAN_POINT('',(-17.93659366961,-1.63956548813,3.));
#1838 = LINE('',#1839,#1840);
#1839 = CARTESIAN_POINT('',(-17.93659366961,-1.63956548813,3.));
#1840 = VECTOR('',#1841,1.);
#1841 = DIRECTION('',(-0.,-0.,-1.));
#1842 = ORIENTED_EDGE('',*,*,#1843,.T.);
#1843 = EDGE_CURVE('',#1836,#766,#1844,.T.);
#1844 = LINE('',#1845,#1846);
#1845 = CARTESIAN_POINT('',(-0.2604722665,1.477211629518,3.));
#1846 = VECTOR('',#1847,1.);
#1847 = DIRECTION('',(-0.984807753012,-0.173648177667,0.));
#1848 = ORIENTED_EDGE('',*,*,#791,.T.);
#1849 = PLANE('',#1850);
#1850 = AXIS2_PLACEMENT_3D('',#1851,#1852,#1853);
#1851 = CARTESIAN_POINT('',(-0.2604722665,1.477211629518,3.));
#1852 = DIRECTION('',(0.173648177667,-0.984807753012,0.));
#1853 = DIRECTION('',(0.984807753012,0.173648177667,0.));
#1854 = ADVANCED_FACE('',(#1855),#1874,.F.);
#1855 = FACE_BOUND('',#1856,.F.);
#1856 = EDGE_LOOP('',(#1857,#1858,#1867,#1873));
#1857 = ORIENTED_EDGE('',*,*,#1835,.F.);
#1858 = ORIENTED_EDGE('',*,*,#1859,.F.);
#1859 = EDGE_CURVE('',#1860,#1836,#1862,.T.);
#1860 = VERTEX_POINT('',#1861);
#1861 = CARTESIAN_POINT('',(-17.41564913661,-4.593988747166,3.));
#1862 = CIRCLE('',#1863,1.5);
#1863 = AXIS2_PLACEMENT_3D('',#1864,#1865,#1866);
#1864 = CARTESIAN_POINT('',(-17.67612140311,-3.116777117648,3.));
#1865 = DIRECTION('',(-0.,0.,1.));
#1866 = DIRECTION('',(1.,0.,0.));
#1867 = ORIENTED_EDGE('',*,*,#1868,.T.);
#1868 = EDGE_CURVE('',#1860,#1268,#1869,.T.);
#1869 = LINE('',#1870,#1871);
#1870 = CARTESIAN_POINT('',(-17.41564913661,-4.593988747166,3.));
#1871 = VECTOR('',#1872,1.);
#1872 = DIRECTION('',(-0.,-0.,-1.));
#1873 = ORIENTED_EDGE('',*,*,#1275,.T.);
#1874 = CYLINDRICAL_SURFACE('',#1875,1.5);
#1875 = AXIS2_PLACEMENT_3D('',#1876,#1877,#1878);
#1876 = CARTESIAN_POINT('',(-17.67612140311,-3.116777117648,3.));
#1877 = DIRECTION('',(-0.,-0.,-1.));
#1878 = DIRECTION('',(-1.,0.,0.));
#1879 = ADVANCED_FACE('',(#1880),#1898,.T.);
#1880 = FACE_BOUND('',#1881,.T.);
#1881 = EDGE_LOOP('',(#1882,#1883,#1891,#1897));
#1882 = ORIENTED_EDGE('',*,*,#1267,.F.);
#1883 = ORIENTED_EDGE('',*,*,#1884,.F.);
#1884 = EDGE_CURVE('',#1885,#1259,#1887,.T.);
#1885 = VERTEX_POINT('',#1886);
#1886 = CARTESIAN_POINT('',(-21.35488014866,-5.288581457834,3.));
#1887 = LINE('',#1888,#1889);
#1888 = CARTESIAN_POINT('',(-21.35488014866,-5.288581457834,3.));
#1889 = VECTOR('',#1890,1.);
#1890 = DIRECTION('',(-0.,-0.,-1.));
#1891 = ORIENTED_EDGE('',*,*,#1892,.T.);
#1892 = EDGE_CURVE('',#1885,#1860,#1893,.T.);
#1893 = LINE('',#1894,#1895);
#1894 = CARTESIAN_POINT('',(0.2604722665,-1.477211629518,3.));
#1895 = VECTOR('',#1896,1.);
#1896 = DIRECTION('',(0.984807753012,0.173648177667,0.));
#1897 = ORIENTED_EDGE('',*,*,#1868,.T.);
#1898 = PLANE('',#1899);
#1899 = AXIS2_PLACEMENT_3D('',#1900,#1901,#1902);
#1900 = CARTESIAN_POINT('',(0.2604722665,-1.477211629518,3.));
#1901 = DIRECTION('',(-0.173648177667,0.984807753012,0.));
#1902 = DIRECTION('',(-0.984807753012,-0.173648177667,0.));
#1903 = ADVANCED_FACE('',(#1904),#1923,.T.);
#1904 = FACE_BOUND('',#1905,.T.);
#1905 = EDGE_LOOP('',(#1906,#1907,#1915,#1922));
#1906 = ORIENTED_EDGE('',*,*,#1258,.T.);
#1907 = ORIENTED_EDGE('',*,*,#1908,.F.);
#1908 = EDGE_CURVE('',#1909,#1251,#1911,.T.);
#1909 = VERTEX_POINT('',#1910);
#1910 = CARTESIAN_POINT('',(-19.75822190527,-9.675363928147,3.));
#1911 = LINE('',#1912,#1913);
#1912 = CARTESIAN_POINT('',(-19.75822190527,-9.675363928147,3.));
#1913 = VECTOR('',#1914,1.);
#1914 = DIRECTION('',(-0.,-0.,-1.));
#1915 = ORIENTED_EDGE('',*,*,#1916,.F.);
#1916 = EDGE_CURVE('',#1885,#1909,#1917,.T.);
#1917 = CIRCLE('',#1918,22.);
#1918 = AXIS2_PLACEMENT_3D('',#1919,#1920,#1921);
#1919 = CARTESIAN_POINT('',(0.,0.,3.));
#1920 = DIRECTION('',(-0.,0.,1.));
#1921 = DIRECTION('',(1.,0.,0.));
#1922 = ORIENTED_EDGE('',*,*,#1884,.T.);
#1923 = CYLINDRICAL_SURFACE('',#1924,22.);
#1924 = AXIS2_PLACEMENT_3D('',#1925,#1926,#1927);
#1925 = CARTESIAN_POINT('',(0.,0.,3.));
#1926 = DIRECTION('',(-0.,-0.,-1.));
#1927 = DIRECTION('',(-1.,0.,0.));
#1928 = ADVANCED_FACE('',(#1929),#1947,.T.);
#1929 = FACE_BOUND('',#1930,.T.);
#1930 = EDGE_LOOP('',(#1931,#1932,#1940,#1946));
#1931 = ORIENTED_EDGE('',*,*,#1250,.F.);
#1932 = ORIENTED_EDGE('',*,*,#1933,.F.);
#1933 = EDGE_CURVE('',#1934,#1242,#1936,.T.);
#1934 = VERTEX_POINT('',#1935);
#1935 = CARTESIAN_POINT('',(-16.29412029013,-7.675363928147,3.));
#1936 = LINE('',#1937,#1938);
#1937 = CARTESIAN_POINT('',(-16.29412029013,-7.675363928147,3.));
#1938 = VECTOR('',#1939,1.);
#1939 = DIRECTION('',(-0.,-0.,-1.));
#1940 = ORIENTED_EDGE('',*,*,#1941,.T.);
#1941 = EDGE_CURVE('',#1934,#1909,#1942,.T.);
#1942 = LINE('',#1943,#1944);
#1943 = CARTESIAN_POINT('',(-0.75,1.299038105677,3.));
#1944 = VECTOR('',#1945,1.);
#1945 = DIRECTION('',(-0.866025403784,-0.5,0.));
#1946 = ORIENTED_EDGE('',*,*,#1908,.T.);
#1947 = PLANE('',#1948);
#1948 = AXIS2_PLACEMENT_3D('',#1949,#1950,#1951);
#1949 = CARTESIAN_POINT('',(-0.75,1.299038105677,3.));
#1950 = DIRECTION('',(0.5,-0.866025403784,0.));
#1951 = DIRECTION('',(0.866025403784,0.5,0.));
#1952 = ADVANCED_FACE('',(#1953),#1972,.F.);
#1953 = FACE_BOUND('',#1954,.F.);
#1954 = EDGE_LOOP('',(#1955,#1956,#1965,#1971));
#1955 = ORIENTED_EDGE('',*,*,#1933,.F.);
#1956 = ORIENTED_EDGE('',*,*,#1957,.F.);
#1957 = EDGE_CURVE('',#1958,#1934,#1960,.T.);
#1958 = VERTEX_POINT('',#1959);
#1959 = CARTESIAN_POINT('',(-14.79412029013,-10.2734401395,3.));
#1960 = CIRCLE('',#1961,1.5);
#1961 = AXIS2_PLACEMENT_3D('',#1962,#1963,#1964);
#1962 = CARTESIAN_POINT('',(-15.54412029013,-8.974402033824,3.));
#1963 = DIRECTION('',(-0.,0.,1.));
#1964 = DIRECTION('',(1.,0.,0.));
#1965 = ORIENTED_EDGE('',*,*,#1966,.T.);
#1966 = EDGE_CURVE('',#1958,#1234,#1967,.T.);
#1967 = LINE('',#1968,#1969);
#1968 = CARTESIAN_POINT('',(-14.79412029013,-10.2734401395,3.));
#1969 = VECTOR('',#1970,1.);
#1970 = DIRECTION('',(-0.,-0.,-1.));
#1971 = ORIENTED_EDGE('',*,*,#1241,.T.);
#1972 = CYLINDRICAL_SURFACE('',#1973,1.5);
#1973 = AXIS2_PLACEMENT_3D('',#1974,#1975,#1976);
#1974 = CARTESIAN_POINT('',(-15.54412029013,-8.974402033824,3.));
#1975 = DIRECTION('',(-0.,-0.,-1.));
#1976 = DIRECTION('',(-1.,0.,0.));
#1977 = ADVANCED_FACE('',(#1978),#1996,.T.);
#1978 = FACE_BOUND('',#1979,.T.);
#1979 = EDGE_LOOP('',(#1980,#1981,#1989,#1995));
#1980 = ORIENTED_EDGE('',*,*,#1233,.F.);
#1981 = ORIENTED_EDGE('',*,*,#1982,.F.);
#1982 = EDGE_CURVE('',#1983,#1225,#1985,.T.);
#1983 = VERTEX_POINT('',#1984);
#1984 = CARTESIAN_POINT('',(-18.25822190527,-12.2734401395,3.));
#1985 = LINE('',#1986,#1987);
#1986 = CARTESIAN_POINT('',(-18.25822190527,-12.2734401395,3.));
#1987 = VECTOR('',#1988,1.);
#1988 = DIRECTION('',(-0.,-0.,-1.));
#1989 = ORIENTED_EDGE('',*,*,#1990,.T.);
#1990 = EDGE_CURVE('',#1983,#1958,#1991,.T.);
#1991 = LINE('',#1992,#1993);
#1992 = CARTESIAN_POINT('',(0.75,-1.299038105677,3.));
#1993 = VECTOR('',#1994,1.);
#1994 = DIRECTION('',(0.866025403784,0.5,0.));
#1995 = ORIENTED_EDGE('',*,*,#1966,.T.);
#1996 = PLANE('',#1997);
#1997 = AXIS2_PLACEMENT_3D('',#1998,#1999,#2000);
#1998 = CARTESIAN_POINT('',(0.75,-1.299038105677,3.));
#1999 = DIRECTION('',(-0.5,0.866025403784,0.));
#2000 = DIRECTION('',(-0.866025403784,-0.5,0.));
#2001 = ADVANCED_FACE('',(#2002),#2021,.T.);
#2002 = FACE_BOUND('',#2003,.T.);
#2003 = EDGE_LOOP('',(#2004,#2005,#2013,#2020));
#2004 = ORIENTED_EDGE('',*,*,#1224,.T.);
#2005 = ORIENTED_EDGE('',*,*,#2006,.F.);
#2006 = EDGE_CURVE('',#2007,#1217,#2009,.T.);
#2007 = VERTEX_POINT('',#2008);
#2008 = CARTESIAN_POINT('',(-15.2574859668,-15.84957797459,3.));
#2009 = LINE('',#2010,#2011);
#2010 = CARTESIAN_POINT('',(-15.2574859668,-15.84957797459,3.));
#2011 = VECTOR('',#2012,1.);
#2012 = DIRECTION('',(-0.,-0.,-1.));
#2013 = ORIENTED_EDGE('',*,*,#2014,.F.);
#2014 = EDGE_CURVE('',#1983,#2007,#2015,.T.);
#2015 = CIRCLE('',#2016,22.);
#2016 = AXIS2_PLACEMENT_3D('',#2017,#2018,#2019);
#2017 = CARTESIAN_POINT('',(0.,0.,3.));
#2018 = DIRECTION('',(-0.,0.,1.));
#2019 = DIRECTION('',(1.,0.,0.));
#2020 = ORIENTED_EDGE('',*,*,#1982,.T.);
#2021 = CYLINDRICAL_SURFACE('',#2022,22.);
#2022 = AXIS2_PLACEMENT_3D('',#2023,#2024,#2025);
#2023 = CARTESIAN_POINT('',(0.,0.,3.));
#2024 = DIRECTION('',(-0.,-0.,-1.));
#2025 = DIRECTION('',(-1.,0.,0.));
#2026 = ADVANCED_FACE('',(#2027),#2045,.T.);
#2027 = FACE_BOUND('',#2028,.T.);
#2028 = EDGE_LOOP('',(#2029,#2030,#2038,#2044));
#2029 = ORIENTED_EDGE('',*,*,#1216,.F.);
#2030 = ORIENTED_EDGE('',*,*,#2031,.F.);
#2031 = EDGE_CURVE('',#2032,#1208,#2034,.T.);
#2032 = VERTEX_POINT('',#2033);
#2033 = CARTESIAN_POINT('',(-12.68633552805,-12.78540020212,3.));
#2034 = LINE('',#2035,#2036);
#2035 = CARTESIAN_POINT('',(-12.68633552805,-12.78540020212,3.));
#2036 = VECTOR('',#2037,1.);
#2037 = DIRECTION('',(-0.,-0.,-1.));
#2038 = ORIENTED_EDGE('',*,*,#2039,.T.);
#2039 = EDGE_CURVE('',#2032,#2007,#2040,.T.);
#2040 = LINE('',#2041,#2042);
#2041 = CARTESIAN_POINT('',(-1.149066664678,0.96418141453,3.));
#2042 = VECTOR('',#2043,1.);
#2043 = DIRECTION('',(-0.642787609687,-0.766044443119,0.));
#2044 = ORIENTED_EDGE('',*,*,#2006,.T.);
#2045 = PLANE('',#2046);
#2046 = AXIS2_PLACEMENT_3D('',#2047,#2048,#2049);
#2047 = CARTESIAN_POINT('',(-1.149066664678,0.96418141453,3.));
#2048 = DIRECTION('',(0.766044443119,-0.642787609687,0.));
#2049 = DIRECTION('',(0.642787609687,0.766044443119,0.));
#2050 = ADVANCED_FACE('',(#2051),#2070,.F.);
#2051 = FACE_BOUND('',#2052,.F.);
#2052 = EDGE_LOOP('',(#2053,#2054,#2063,#2069));
#2053 = ORIENTED_EDGE('',*,*,#2031,.F.);
#2054 = ORIENTED_EDGE('',*,*,#2055,.F.);
#2055 = EDGE_CURVE('',#2056,#2032,#2058,.T.);
#2056 = VERTEX_POINT('',#2057);
#2057 = CARTESIAN_POINT('',(-10.38820219869,-14.71376303118,3.));
#2058 = CIRCLE('',#2059,1.5);
#2059 = AXIS2_PLACEMENT_3D('',#2060,#2061,#2062);
#2060 = CARTESIAN_POINT('',(-11.53726886337,-13.74958161665,3.));
#2061 = DIRECTION('',(-0.,0.,1.));
#2062 = DIRECTION('',(1.,0.,0.));
#2063 = ORIENTED_EDGE('',*,*,#2064,.T.);
#2064 = EDGE_CURVE('',#2056,#1200,#2065,.T.);
#2065 = LINE('',#2066,#2067);
#2066 = CARTESIAN_POINT('',(-10.38820219869,-14.71376303118,3.));
#2067 = VECTOR('',#2068,1.);
#2068 = DIRECTION('',(-0.,-0.,-1.));
#2069 = ORIENTED_EDGE('',*,*,#1207,.T.);
#2070 = CYLINDRICAL_SURFACE('',#2071,1.5);
#2071 = AXIS2_PLACEMENT_3D('',#2072,#2073,#2074);
#2072 = CARTESIAN_POINT('',(-11.53726886337,-13.74958161665,3.));
#2073 = DIRECTION('',(-0.,-0.,-1.));
#2074 = DIRECTION('',(-1.,0.,0.));
#2075 = ADVANCED_FACE('',(#2076),#2094,.T.);
#2076 = FACE_BOUND('',#2077,.T.);
#2077 = EDGE_LOOP('',(#2078,#2079,#2087,#2093));
#2078 = ORIENTED_EDGE('',*,*,#1199,.F.);
#2079 = ORIENTED_EDGE('',*,*,#2080,.F.);
#2080 = EDGE_CURVE('',#2081,#1191,#2083,.T.);
#2081 = VERTEX_POINT('',#2082);
#2082 = CARTESIAN_POINT('',(-12.95935263744,-17.77794080365,3.));
#2083 = LINE('',#2084,#2085);
#2084 = CARTESIAN_POINT('',(-12.95935263744,-17.77794080365,3.));
#2085 = VECTOR('',#2086,1.);
#2086 = DIRECTION('',(-0.,-0.,-1.));
#2087 = ORIENTED_EDGE('',*,*,#2088,.T.);
#2088 = EDGE_CURVE('',#2081,#2056,#2089,.T.);
#2089 = LINE('',#2090,#2091);
#2090 = CARTESIAN_POINT('',(1.149066664678,-0.96418141453,3.));
#2091 = VECTOR('',#2092,1.);
#2092 = DIRECTION('',(0.642787609687,0.766044443119,0.));
#2093 = ORIENTED_EDGE('',*,*,#2064,.T.);
#2094 = PLANE('',#2095);
#2095 = AXIS2_PLACEMENT_3D('',#2096,#2097,#2098);
#2096 = CARTESIAN_POINT('',(1.149066664678,-0.96418141453,3.));
#2097 = DIRECTION('',(-0.766044443119,0.642787609687,0.));
#2098 = DIRECTION('',(-0.642787609687,-0.766044443119,0.));
#2099 = ADVANCED_FACE('',(#2100),#2119,.T.);
#2100 = FACE_BOUND('',#2101,.T.);
#2101 = EDGE_LOOP('',(#2102,#2103,#2111,#2118));
#2102 = ORIENTED_EDGE('',*,*,#1190,.T.);
#2103 = ORIENTED_EDGE('',*,*,#2104,.F.);
#2104 = EDGE_CURVE('',#2105,#1183,#2107,.T.);
#2105 = VERTEX_POINT('',#2106);
#2106 = CARTESIAN_POINT('',(-8.916472044223,-20.11209900245,3.));
#2107 = LINE('',#2108,#2109);
#2108 = CARTESIAN_POINT('',(-8.916472044223,-20.11209900245,3.));
#2109 = VECTOR('',#2110,1.);
#2110 = DIRECTION('',(-0.,-0.,-1.));
#2111 = ORIENTED_EDGE('',*,*,#2112,.F.);
#2112 = EDGE_CURVE('',#2081,#2105,#2113,.T.);
#2113 = CIRCLE('',#2114,22.);
#2114 = AXIS2_PLACEMENT_3D('',#2115,#2116,#2117);
#2115 = CARTESIAN_POINT('',(0.,0.,3.));
#2116 = DIRECTION('',(-0.,0.,1.));
#2117 = DIRECTION('',(1.,0.,0.));
#2118 = ORIENTED_EDGE('',*,*,#2080,.T.);
#2119 = CYLINDRICAL_SURFACE('',#2120,22.);
#2120 = AXIS2_PLACEMENT_3D('',#2121,#2122,#2123);
#2121 = CARTESIAN_POINT('',(0.,0.,3.));
#2122 = DIRECTION('',(-0.,-0.,-1.));
#2123 = DIRECTION('',(-1.,0.,0.));
#2124 = ADVANCED_FACE('',(#2125),#2143,.T.);
#2125 = FACE_BOUND('',#2126,.T.);
#2126 = EDGE_LOOP('',(#2127,#2128,#2136,#2142));
#2127 = ORIENTED_EDGE('',*,*,#1182,.F.);
#2128 = ORIENTED_EDGE('',*,*,#2129,.F.);
#2129 = EDGE_CURVE('',#2130,#1174,#2132,.T.);
#2130 = VERTEX_POINT('',#2131);
#2131 = CARTESIAN_POINT('',(-7.54839147092,-16.35332851931,3.));
#2132 = LINE('',#2133,#2134);
#2133 = CARTESIAN_POINT('',(-7.54839147092,-16.35332851931,3.));
#2134 = VECTOR('',#2135,1.);
#2135 = DIRECTION('',(-0.,-0.,-1.));
#2136 = ORIENTED_EDGE('',*,*,#2137,.T.);
#2137 = EDGE_CURVE('',#2130,#2105,#2138,.T.);
#2138 = LINE('',#2139,#2140);
#2139 = CARTESIAN_POINT('',(-1.409538931179,0.513030214989,3.));
#2140 = VECTOR('',#2141,1.);
#2141 = DIRECTION('',(-0.342020143326,-0.939692620786,0.));
#2142 = ORIENTED_EDGE('',*,*,#2104,.T.);
#2143 = PLANE('',#2144);
#2144 = AXIS2_PLACEMENT_3D('',#2145,#2146,#2147);
#2145 = CARTESIAN_POINT('',(-1.409538931179,0.513030214989,3.));
#2146 = DIRECTION('',(0.939692620786,-0.342020143326,0.));
#2147 = DIRECTION('',(0.342020143326,0.939692620786,0.));
#2148 = ADVANCED_FACE('',(#2149),#2168,.F.);
#2149 = FACE_BOUND('',#2150,.F.);
#2150 = EDGE_LOOP('',(#2151,#2152,#2161,#2167));
#2151 = ORIENTED_EDGE('',*,*,#2129,.F.);
#2152 = ORIENTED_EDGE('',*,*,#2153,.F.);
#2153 = EDGE_CURVE('',#2154,#2130,#2156,.T.);
#2154 = VERTEX_POINT('',#2155);
#2155 = CARTESIAN_POINT('',(-4.729313608562,-17.37938894928,3.));
#2156 = CIRCLE('',#2157,1.5);
#2157 = AXIS2_PLACEMENT_3D('',#2158,#2159,#2160);
#2158 = CARTESIAN_POINT('',(-6.138852539741,-16.8663587343,3.));
#2159 = DIRECTION('',(-0.,0.,1.));
#2160 = DIRECTION('',(1.,0.,0.));
#2161 = ORIENTED_EDGE('',*,*,#2162,.T.);
#2162 = EDGE_CURVE('',#2154,#1166,#2163,.T.);
#2163 = LINE('',#2164,#2165);
#2164 = CARTESIAN_POINT('',(-4.729313608562,-17.37938894928,3.));
#2165 = VECTOR('',#2166,1.);
#2166 = DIRECTION('',(-0.,-0.,-1.));
#2167 = ORIENTED_EDGE('',*,*,#1173,.T.);
#2168 = CYLINDRICAL_SURFACE('',#2169,1.5);
#2169 = AXIS2_PLACEMENT_3D('',#2170,#2171,#2172);
#2170 = CARTESIAN_POINT('',(-6.138852539741,-16.8663587343,3.));
#2171 = DIRECTION('',(-0.,-0.,-1.));
#2172 = DIRECTION('',(-1.,0.,0.));
#2173 = ADVANCED_FACE('',(#2174),#2192,.T.);
#2174 = FACE_BOUND('',#2175,.T.);
#2175 = EDGE_LOOP('',(#2176,#2177,#2185,#2191));
#2176 = ORIENTED_EDGE('',*,*,#1165,.F.);
#2177 = ORIENTED_EDGE('',*,*,#2178,.F.);
#2178 = EDGE_CURVE('',#2179,#1157,#2181,.T.);
#2179 = VERTEX_POINT('',#2180);
#2180 = CARTESIAN_POINT('',(-6.097394181865,-21.13815943243,3.));
#2181 = LINE('',#2182,#2183);
#2182 = CARTESIAN_POINT('',(-6.097394181865,-21.13815943243,3.));
#2183 = VECTOR('',#2184,1.);
#2184 = DIRECTION('',(-0.,-0.,-1.));
#2185 = ORIENTED_EDGE('',*,*,#2186,.T.);
#2186 = EDGE_CURVE('',#2179,#2154,#2187,.T.);
#2187 = LINE('',#2188,#2189);
#2188 = CARTESIAN_POINT('',(1.409538931179,-0.513030214988,3.));
#2189 = VECTOR('',#2190,1.);
#2190 = DIRECTION('',(0.342020143326,0.939692620786,0.));
#2191 = ORIENTED_EDGE('',*,*,#2162,.T.);
#2192 = PLANE('',#2193);
#2193 = AXIS2_PLACEMENT_3D('',#2194,#2195,#2196);
#2194 = CARTESIAN_POINT('',(1.409538931179,-0.513030214988,3.));
#2195 = DIRECTION('',(-0.939692620786,0.342020143326,0.));
#2196 = DIRECTION('',(-0.342020143326,-0.939692620786,0.));
#2197 = ADVANCED_FACE('',(#2198),#2217,.T.);
#2198 = FACE_BOUND('',#2199,.T.);
#2199 = EDGE_LOOP('',(#2200,#2201,#2209,#2216));
#2200 = ORIENTED_EDGE('',*,*,#1156,.T.);
#2201 = ORIENTED_EDGE('',*,*,#2202,.F.);
#2202 = EDGE_CURVE('',#2203,#1149,#2205,.T.);
#2203 = VERTEX_POINT('',#2204);
#2204 = CARTESIAN_POINT('',(-1.5,-21.94880406764,3.));
#2205 = LINE('',#2206,#2207);
#2206 = CARTESIAN_POINT('',(-1.5,-21.94880406764,3.));
#2207 = VECTOR('',#2208,1.);
#2208 = DIRECTION('',(-0.,-0.,-1.));
#2209 = ORIENTED_EDGE('',*,*,#2210,.F.);
#2210 = EDGE_CURVE('',#2179,#2203,#2211,.T.);
#2211 = CIRCLE('',#2212,22.);
#2212 = AXIS2_PLACEMENT_3D('',#2213,#2214,#2215);
#2213 = CARTESIAN_POINT('',(0.,0.,3.));
#2214 = DIRECTION('',(-0.,0.,1.));
#2215 = DIRECTION('',(1.,0.,0.));
#2216 = ORIENTED_EDGE('',*,*,#2178,.T.);
#2217 = CYLINDRICAL_SURFACE('',#2218,22.);
#2218 = AXIS2_PLACEMENT_3D('',#2219,#2220,#2221);
#2219 = CARTESIAN_POINT('',(0.,0.,3.));
#2220 = DIRECTION('',(-0.,-0.,-1.));
#2221 = DIRECTION('',(-1.,0.,0.));
#2222 = ADVANCED_FACE('',(#2223),#2241,.T.);
#2223 = FACE_BOUND('',#2224,.T.);
#2224 = EDGE_LOOP('',(#2225,#2226,#2234,#2240));
#2225 = ORIENTED_EDGE('',*,*,#1148,.F.);
#2226 = ORIENTED_EDGE('',*,*,#2227,.F.);
#2227 = EDGE_CURVE('',#2228,#1140,#2230,.T.);
#2228 = VERTEX_POINT('',#2229);
#2229 = CARTESIAN_POINT('',(-1.5,-17.94880406764,3.));
#2230 = LINE('',#2231,#2232);
#2231 = CARTESIAN_POINT('',(-1.5,-17.94880406764,3.));
#2232 = VECTOR('',#2233,1.);
#2233 = DIRECTION('',(-0.,-0.,-1.));
#2234 = ORIENTED_EDGE('',*,*,#2235,.T.);
#2235 = EDGE_CURVE('',#2228,#2203,#2236,.T.);
#2236 = LINE('',#2237,#2238);
#2237 = CARTESIAN_POINT('',(-1.5,-1.626303258728E-16,3.));
#2238 = VECTOR('',#2239,1.);
#2239 = DIRECTION('',(1.084202172486E-16,-1.,0.));
#2240 = ORIENTED_EDGE('',*,*,#2202,.T.);
#2241 = PLANE('',#2242);
#2242 = AXIS2_PLACEMENT_3D('',#2243,#2244,#2245);
#2243 = CARTESIAN_POINT('',(-1.5,-1.626303258728E-16,3.));
#2244 = DIRECTION('',(1.,1.084202172486E-16,-0.));
#2245 = DIRECTION('',(-1.084202172486E-16,1.,0.));
#2246 = ADVANCED_FACE('',(#2247),#2266,.F.);
#2247 = FACE_BOUND('',#2248,.F.);
#2248 = EDGE_LOOP('',(#2249,#2250,#2259,#2265));
#2249 = ORIENTED_EDGE('',*,*,#2227,.F.);
#2250 = ORIENTED_EDGE('',*,*,#2251,.F.);
#2251 = EDGE_CURVE('',#2252,#2228,#2254,.T.);
#2252 = VERTEX_POINT('',#2253);
#2253 = CARTESIAN_POINT('',(1.5,-17.94880406764,3.));
#2254 = CIRCLE('',#2255,1.5);
#2255 = AXIS2_PLACEMENT_3D('',#2256,#2257,#2258);
#2256 = CARTESIAN_POINT('',(2.198094544997E-15,-17.94880406764,3.));
#2257 = DIRECTION('',(-0.,0.,1.));
#2258 = DIRECTION('',(1.,0.,0.));
#2259 = ORIENTED_EDGE('',*,*,#2260,.T.);
#2260 = EDGE_CURVE('',#2252,#1132,#2261,.T.);
#2261 = LINE('',#2262,#2263);
#2262 = CARTESIAN_POINT('',(1.5,-17.94880406764,3.));
#2263 = VECTOR('',#2264,1.);
#2264 = DIRECTION('',(-0.,-0.,-1.));
#2265 = ORIENTED_EDGE('',*,*,#1139,.T.);
#2266 = CYLINDRICAL_SURFACE('',#2267,1.5);
#2267 = AXIS2_PLACEMENT_3D('',#2268,#2269,#2270);
#2268 = CARTESIAN_POINT('',(2.198094544997E-15,-17.94880406764,3.));
#2269 = DIRECTION('',(-0.,-0.,-1.));
#2270 = DIRECTION('',(-1.,0.,0.));
#2271 = ADVANCED_FACE('',(#2272),#2290,.T.);
#2272 = FACE_BOUND('',#2273,.T.);
#2273 = EDGE_LOOP('',(#2274,#2275,#2283,#2289));
#2274 = ORIENTED_EDGE('',*,*,#1131,.F.);
#2275 = ORIENTED_EDGE('',*,*,#2276,.F.);
#2276 = EDGE_CURVE('',#2277,#1123,#2279,.T.);
#2277 = VERTEX_POINT('',#2278);
#2278 = CARTESIAN_POINT('',(1.5,-21.94880406764,3.));
#2279 = LINE('',#2280,#2281);
#2280 = CARTESIAN_POINT('',(1.5,-21.94880406764,3.));
#2281 = VECTOR('',#2282,1.);
#2282 = DIRECTION('',(-0.,-0.,-1.));
#2283 = ORIENTED_EDGE('',*,*,#2284,.T.);
#2284 = EDGE_CURVE('',#2277,#2252,#2285,.T.);
#2285 = LINE('',#2286,#2287);
#2286 = CARTESIAN_POINT('',(1.5,1.626303258728E-16,3.));
#2287 = VECTOR('',#2288,1.);
#2288 = DIRECTION('',(-1.084202172486E-16,1.,0.));
#2289 = ORIENTED_EDGE('',*,*,#2260,.T.);
#2290 = PLANE('',#2291);
#2291 = AXIS2_PLACEMENT_3D('',#2292,#2293,#2294);
#2292 = CARTESIAN_POINT('',(1.5,1.626303258728E-16,3.));
#2293 = DIRECTION('',(-1.,-1.084202172486E-16,0.));
#2294 = DIRECTION('',(1.084202172486E-16,-1.,0.));
#2295 = ADVANCED_FACE('',(#2296),#2315,.T.);
#2296 = FACE_BOUND('',#2297,.T.);
#2297 = EDGE_LOOP('',(#2298,#2299,#2307,#2314));
#2298 = ORIENTED_EDGE('',*,*,#1122,.T.);
#2299 = ORIENTED_EDGE('',*,*,#2300,.F.);
#2300 = EDGE_CURVE('',#2301,#1115,#2303,.T.);
#2301 = VERTEX_POINT('',#2302);
#2302 = CARTESIAN_POINT('',(6.097394181865,-21.13815943243,3.));
#2303 = LINE('',#2304,#2305);
#2304 = CARTESIAN_POINT('',(6.097394181865,-21.13815943243,3.));
#2305 = VECTOR('',#2306,1.);
#2306 = DIRECTION('',(-0.,-0.,-1.));
#2307 = ORIENTED_EDGE('',*,*,#2308,.F.);
#2308 = EDGE_CURVE('',#2277,#2301,#2309,.T.);
#2309 = CIRCLE('',#2310,22.);
#2310 = AXIS2_PLACEMENT_3D('',#2311,#2312,#2313);
#2311 = CARTESIAN_POINT('',(0.,0.,3.));
#2312 = DIRECTION('',(-0.,0.,1.));
#2313 = DIRECTION('',(1.,0.,0.));
#2314 = ORIENTED_EDGE('',*,*,#2276,.T.);
#2315 = CYLINDRICAL_SURFACE('',#2316,22.);
#2316 = AXIS2_PLACEMENT_3D('',#2317,#2318,#2319);
#2317 = CARTESIAN_POINT('',(0.,0.,3.));
#2318 = DIRECTION('',(-0.,-0.,-1.));
#2319 = DIRECTION('',(-1.,0.,0.));
#2320 = ADVANCED_FACE('',(#2321),#2339,.T.);
#2321 = FACE_BOUND('',#2322,.T.);
#2322 = EDGE_LOOP('',(#2323,#2324,#2332,#2338));
#2323 = ORIENTED_EDGE('',*,*,#1114,.F.);
#2324 = ORIENTED_EDGE('',*,*,#2325,.F.);
#2325 = EDGE_CURVE('',#2326,#1106,#2328,.T.);
#2326 = VERTEX_POINT('',#2327);
#2327 = CARTESIAN_POINT('',(4.729313608562,-17.37938894928,3.));
#2328 = LINE('',#2329,#2330);
#2329 = CARTESIAN_POINT('',(4.729313608562,-17.37938894928,3.));
#2330 = VECTOR('',#2331,1.);
#2331 = DIRECTION('',(-0.,-0.,-1.));
#2332 = ORIENTED_EDGE('',*,*,#2333,.T.);
#2333 = EDGE_CURVE('',#2326,#2301,#2334,.T.);
#2334 = LINE('',#2335,#2336);
#2335 = CARTESIAN_POINT('',(-1.409538931179,-0.513030214989,3.));
#2336 = VECTOR('',#2337,1.);
#2337 = DIRECTION('',(0.342020143326,-0.939692620786,0.));
#2338 = ORIENTED_EDGE('',*,*,#2300,.T.);
#2339 = PLANE('',#2340);
#2340 = AXIS2_PLACEMENT_3D('',#2341,#2342,#2343);
#2341 = CARTESIAN_POINT('',(-1.409538931179,-0.513030214989,3.));
#2342 = DIRECTION('',(0.939692620786,0.342020143326,-0.));
#2343 = DIRECTION('',(-0.342020143326,0.939692620786,0.));
#2344 = ADVANCED_FACE('',(#2345),#2357,.F.);
#2345 = FACE_BOUND('',#2346,.F.);
#2346 = EDGE_LOOP('',(#2347,#2348,#2349,#2356));
#2347 = ORIENTED_EDGE('',*,*,#1105,.T.);
#2348 = ORIENTED_EDGE('',*,*,#2325,.F.);
#2349 = ORIENTED_EDGE('',*,*,#2350,.F.);
#2350 = EDGE_CURVE('',#741,#2326,#2351,.T.);
#2351 = CIRCLE('',#2352,1.5);
#2352 = AXIS2_PLACEMENT_3D('',#2353,#2354,#2355);
#2353 = CARTESIAN_POINT('',(6.138852539741,-16.8663587343,3.));
#2354 = DIRECTION('',(-0.,0.,1.));
#2355 = DIRECTION('',(1.,0.,0.));
#2356 = ORIENTED_EDGE('',*,*,#740,.T.);
#2357 = CYLINDRICAL_SURFACE('',#2358,1.5);
#2358 = AXIS2_PLACEMENT_3D('',#2359,#2360,#2361);
#2359 = CARTESIAN_POINT('',(6.138852539741,-16.8663587343,3.));
#2360 = DIRECTION('',(-0.,-0.,-1.));
#2361 = DIRECTION('',(-1.,0.,0.));
#2362 = ADVANCED_FACE('',(#2363),#2381,.T.);
#2363 = FACE_BOUND('',#2364,.T.);
#2364 = EDGE_LOOP('',(#2365,#2366,#2374,#2380));
#2365 = ORIENTED_EDGE('',*,*,#1098,.F.);
#2366 = ORIENTED_EDGE('',*,*,#2367,.F.);
#2367 = EDGE_CURVE('',#2368,#1090,#2370,.T.);
#2368 = VERTEX_POINT('',#2369);
#2369 = CARTESIAN_POINT('',(8.916472044223,-20.11209900245,3.));
#2370 = LINE('',#2371,#2372);
#2371 = CARTESIAN_POINT('',(8.916472044223,-20.11209900245,3.));
#2372 = VECTOR('',#2373,1.);
#2373 = DIRECTION('',(-0.,-0.,-1.));
#2374 = ORIENTED_EDGE('',*,*,#2375,.T.);
#2375 = EDGE_CURVE('',#2368,#722,#2376,.T.);
#2376 = LINE('',#2377,#2378);
#2377 = CARTESIAN_POINT('',(1.409538931179,0.513030214989,3.));
#2378 = VECTOR('',#2379,1.);
#2379 = DIRECTION('',(-0.342020143326,0.939692620786,0.));
#2380 = ORIENTED_EDGE('',*,*,#721,.T.);
#2381 = PLANE('',#2382);
#2382 = AXIS2_PLACEMENT_3D('',#2383,#2384,#2385);
#2383 = CARTESIAN_POINT('',(1.409538931179,0.513030214989,3.));
#2384 = DIRECTION('',(-0.939692620786,-0.342020143326,0.));
#2385 = DIRECTION('',(0.342020143326,-0.939692620786,0.));
#2386 = ADVANCED_FACE('',(#2387),#2406,.T.);
#2387 = FACE_BOUND('',#2388,.T.);
#2388 = EDGE_LOOP('',(#2389,#2390,#2398,#2405));
#2389 = ORIENTED_EDGE('',*,*,#1089,.T.);
#2390 = ORIENTED_EDGE('',*,*,#2391,.F.);
#2391 = EDGE_CURVE('',#2392,#1082,#2394,.T.);
#2392 = VERTEX_POINT('',#2393);
#2393 = CARTESIAN_POINT('',(12.959352637443,-17.77794080365,3.));
#2394 = LINE('',#2395,#2396);
#2395 = CARTESIAN_POINT('',(12.959352637443,-17.77794080365,3.));
#2396 = VECTOR('',#2397,1.);
#2397 = DIRECTION('',(-0.,-0.,-1.));
#2398 = ORIENTED_EDGE('',*,*,#2399,.F.);
#2399 = EDGE_CURVE('',#2368,#2392,#2400,.T.);
#2400 = CIRCLE('',#2401,22.);
#2401 = AXIS2_PLACEMENT_3D('',#2402,#2403,#2404);
#2402 = CARTESIAN_POINT('',(0.,0.,3.));
#2403 = DIRECTION('',(-0.,0.,1.));
#2404 = DIRECTION('',(1.,0.,0.));
#2405 = ORIENTED_EDGE('',*,*,#2367,.T.);
#2406 = CYLINDRICAL_SURFACE('',#2407,22.);
#2407 = AXIS2_PLACEMENT_3D('',#2408,#2409,#2410);
#2408 = CARTESIAN_POINT('',(0.,0.,3.));
#2409 = DIRECTION('',(-0.,-0.,-1.));
#2410 = DIRECTION('',(-1.,0.,0.));
#2411 = ADVANCED_FACE('',(#2412),#2430,.T.);
#2412 = FACE_BOUND('',#2413,.T.);
#2413 = EDGE_LOOP('',(#2414,#2415,#2423,#2429));
#2414 = ORIENTED_EDGE('',*,*,#1081,.F.);
#2415 = ORIENTED_EDGE('',*,*,#2416,.F.);
#2416 = EDGE_CURVE('',#2417,#1073,#2419,.T.);
#2417 = VERTEX_POINT('',#2418);
#2418 = CARTESIAN_POINT('',(10.388202198697,-14.71376303118,3.));
#2419 = LINE('',#2420,#2421);
#2420 = CARTESIAN_POINT('',(10.388202198697,-14.71376303118,3.));
#2421 = VECTOR('',#2422,1.);
#2422 = DIRECTION('',(-0.,-0.,-1.));
#2423 = ORIENTED_EDGE('',*,*,#2424,.T.);
#2424 = EDGE_CURVE('',#2417,#2392,#2425,.T.);
#2425 = LINE('',#2426,#2427);
#2426 = CARTESIAN_POINT('',(-1.149066664678,-0.96418141453,3.));
#2427 = VECTOR('',#2428,1.);
#2428 = DIRECTION('',(0.642787609687,-0.766044443119,0.));
#2429 = ORIENTED_EDGE('',*,*,#2391,.T.);
#2430 = PLANE('',#2431);
#2431 = AXIS2_PLACEMENT_3D('',#2432,#2433,#2434);
#2432 = CARTESIAN_POINT('',(-1.149066664678,-0.96418141453,3.));
#2433 = DIRECTION('',(0.766044443119,0.642787609687,-0.));
#2434 = DIRECTION('',(-0.642787609687,0.766044443119,0.));
#2435 = ADVANCED_FACE('',(#2436),#2448,.F.);
#2436 = FACE_BOUND('',#2437,.F.);
#2437 = EDGE_LOOP('',(#2438,#2439,#2440,#2447));
#2438 = ORIENTED_EDGE('',*,*,#1072,.T.);
#2439 = ORIENTED_EDGE('',*,*,#2416,.F.);
#2440 = ORIENTED_EDGE('',*,*,#2441,.F.);
#2441 = EDGE_CURVE('',#699,#2417,#2442,.T.);
#2442 = CIRCLE('',#2443,1.5);
#2443 = AXIS2_PLACEMENT_3D('',#2444,#2445,#2446);
#2444 = CARTESIAN_POINT('',(11.537268863375,-13.74958161665,3.));
#2445 = DIRECTION('',(-0.,0.,1.));
#2446 = DIRECTION('',(1.,0.,0.));
#2447 = ORIENTED_EDGE('',*,*,#698,.T.);
#2448 = CYLINDRICAL_SURFACE('',#2449,1.5);
#2449 = AXIS2_PLACEMENT_3D('',#2450,#2451,#2452);
#2450 = CARTESIAN_POINT('',(11.537268863375,-13.74958161665,3.));
#2451 = DIRECTION('',(-0.,-0.,-1.));
#2452 = DIRECTION('',(-1.,0.,0.));
#2453 = ADVANCED_FACE('',(#2454),#2472,.T.);
#2454 = FACE_BOUND('',#2455,.T.);
#2455 = EDGE_LOOP('',(#2456,#2457,#2465,#2471));
#2456 = ORIENTED_EDGE('',*,*,#1065,.F.);
#2457 = ORIENTED_EDGE('',*,*,#2458,.F.);
#2458 = EDGE_CURVE('',#2459,#1057,#2461,.T.);
#2459 = VERTEX_POINT('',#2460);
#2460 = CARTESIAN_POINT('',(15.2574859668,-15.84957797459,3.));
#2461 = LINE('',#2462,#2463);
#2462 = CARTESIAN_POINT('',(15.2574859668,-15.84957797459,3.));
#2463 = VECTOR('',#2464,1.);
#2464 = DIRECTION('',(-0.,-0.,-1.));
#2465 = ORIENTED_EDGE('',*,*,#2466,.T.);
#2466 = EDGE_CURVE('',#2459,#680,#2467,.T.);
#2467 = LINE('',#2468,#2469);
#2468 = CARTESIAN_POINT('',(1.149066664678,0.96418141453,3.));
#2469 = VECTOR('',#2470,1.);
#2470 = DIRECTION('',(-0.642787609687,0.766044443119,0.));
#2471 = ORIENTED_EDGE('',*,*,#679,.T.);
#2472 = PLANE('',#2473);
#2473 = AXIS2_PLACEMENT_3D('',#2474,#2475,#2476);
#2474 = CARTESIAN_POINT('',(1.149066664678,0.96418141453,3.));
#2475 = DIRECTION('',(-0.766044443119,-0.642787609687,0.));
#2476 = DIRECTION('',(0.642787609687,-0.766044443119,0.));
#2477 = ADVANCED_FACE('',(#2478),#2497,.T.);
#2478 = FACE_BOUND('',#2479,.T.);
#2479 = EDGE_LOOP('',(#2480,#2481,#2489,#2496));
#2480 = ORIENTED_EDGE('',*,*,#1056,.T.);
#2481 = ORIENTED_EDGE('',*,*,#2482,.F.);
#2482 = EDGE_CURVE('',#2483,#1049,#2485,.T.);
#2483 = VERTEX_POINT('',#2484);
#2484 = CARTESIAN_POINT('',(18.25822190527,-12.2734401395,3.));
#2485 = LINE('',#2486,#2487);
#2486 = CARTESIAN_POINT('',(18.25822190527,-12.2734401395,3.));
#2487 = VECTOR('',#2488,1.);
#2488 = DIRECTION('',(-0.,-0.,-1.));
#2489 = ORIENTED_EDGE('',*,*,#2490,.F.);
#2490 = EDGE_CURVE('',#2459,#2483,#2491,.T.);
#2491 = CIRCLE('',#2492,22.);
#2492 = AXIS2_PLACEMENT_3D('',#2493,#2494,#2495);
#2493 = CARTESIAN_POINT('',(0.,0.,3.));
#2494 = DIRECTION('',(-0.,0.,1.));
#2495 = DIRECTION('',(1.,0.,0.));
#2496 = ORIENTED_EDGE('',*,*,#2458,.T.);
#2497 = CYLINDRICAL_SURFACE('',#2498,22.);
#2498 = AXIS2_PLACEMENT_3D('',#2499,#2500,#2501);
#2499 = CARTESIAN_POINT('',(0.,0.,3.));
#2500 = DIRECTION('',(-0.,-0.,-1.));
#2501 = DIRECTION('',(-1.,0.,0.));
#2502 = ADVANCED_FACE('',(#2503),#2521,.T.);
#2503 = FACE_BOUND('',#2504,.T.);
#2504 = EDGE_LOOP('',(#2505,#2506,#2514,#2520));
#2505 = ORIENTED_EDGE('',*,*,#1048,.F.);
#2506 = ORIENTED_EDGE('',*,*,#2507,.F.);
#2507 = EDGE_CURVE('',#2508,#1040,#2510,.T.);
#2508 = VERTEX_POINT('',#2509);
#2509 = CARTESIAN_POINT('',(14.794120290133,-10.2734401395,3.));
#2510 = LINE('',#2511,#2512);
#2511 = CARTESIAN_POINT('',(14.794120290133,-10.2734401395,3.));
#2512 = VECTOR('',#2513,1.);
#2513 = DIRECTION('',(-0.,-0.,-1.));
#2514 = ORIENTED_EDGE('',*,*,#2515,.T.);
#2515 = EDGE_CURVE('',#2508,#2483,#2516,.T.);
#2516 = LINE('',#2517,#2518);
#2517 = CARTESIAN_POINT('',(-0.75,-1.299038105677,3.));
#2518 = VECTOR('',#2519,1.);
#2519 = DIRECTION('',(0.866025403784,-0.5,0.));
#2520 = ORIENTED_EDGE('',*,*,#2482,.T.);
#2521 = PLANE('',#2522);
#2522 = AXIS2_PLACEMENT_3D('',#2523,#2524,#2525);
#2523 = CARTESIAN_POINT('',(-0.75,-1.299038105677,3.));
#2524 = DIRECTION('',(0.5,0.866025403784,-0.));
#2525 = DIRECTION('',(-0.866025403784,0.5,0.));
#2526 = ADVANCED_FACE('',(#2527),#2539,.F.);
#2527 = FACE_BOUND('',#2528,.F.);
#2528 = EDGE_LOOP('',(#2529,#2530,#2531,#2538));
#2529 = ORIENTED_EDGE('',*,*,#1039,.T.);
#2530 = ORIENTED_EDGE('',*,*,#2507,.F.);
#2531 = ORIENTED_EDGE('',*,*,#2532,.F.);
#2532 = EDGE_CURVE('',#657,#2508,#2533,.T.);
#2533 = CIRCLE('',#2534,1.5);
#2534 = AXIS2_PLACEMENT_3D('',#2535,#2536,#2537);
#2535 = CARTESIAN_POINT('',(15.544120290133,-8.974402033824,3.));
#2536 = DIRECTION('',(-0.,0.,1.));
#2537 = DIRECTION('',(1.,0.,0.));
#2538 = ORIENTED_EDGE('',*,*,#656,.T.);
#2539 = CYLINDRICAL_SURFACE('',#2540,1.5);
#2540 = AXIS2_PLACEMENT_3D('',#2541,#2542,#2543);
#2541 = CARTESIAN_POINT('',(15.544120290133,-8.974402033824,3.));
#2542 = DIRECTION('',(-0.,-0.,-1.));
#2543 = DIRECTION('',(-1.,0.,0.));
#2544 = ADVANCED_FACE('',(#2545),#2563,.T.);
#2545 = FACE_BOUND('',#2546,.T.);
#2546 = EDGE_LOOP('',(#2547,#2548,#2556,#2562));
#2547 = ORIENTED_EDGE('',*,*,#1032,.F.);
#2548 = ORIENTED_EDGE('',*,*,#2549,.F.);
#2549 = EDGE_CURVE('',#2550,#1024,#2552,.T.);
#2550 = VERTEX_POINT('',#2551);
#2551 = CARTESIAN_POINT('',(19.75822190527,-9.675363928147,3.));
#2552 = LINE('',#2553,#2554);
#2553 = CARTESIAN_POINT('',(19.75822190527,-9.675363928147,3.));
#2554 = VECTOR('',#2555,1.);
#2555 = DIRECTION('',(-0.,-0.,-1.));
#2556 = ORIENTED_EDGE('',*,*,#2557,.T.);
#2557 = EDGE_CURVE('',#2550,#638,#2558,.T.);
#2558 = LINE('',#2559,#2560);
#2559 = CARTESIAN_POINT('',(0.75,1.299038105677,3.));
#2560 = VECTOR('',#2561,1.);
#2561 = DIRECTION('',(-0.866025403784,0.5,0.));
#2562 = ORIENTED_EDGE('',*,*,#637,.T.);
#2563 = PLANE('',#2564);
#2564 = AXIS2_PLACEMENT_3D('',#2565,#2566,#2567);
#2565 = CARTESIAN_POINT('',(0.75,1.299038105677,3.));
#2566 = DIRECTION('',(-0.5,-0.866025403784,0.));
#2567 = DIRECTION('',(0.866025403784,-0.5,0.));
#2568 = ADVANCED_FACE('',(#2569),#2588,.T.);
#2569 = FACE_BOUND('',#2570,.T.);
#2570 = EDGE_LOOP('',(#2571,#2572,#2580,#2587));
#2571 = ORIENTED_EDGE('',*,*,#1023,.T.);
#2572 = ORIENTED_EDGE('',*,*,#2573,.F.);
#2573 = EDGE_CURVE('',#2574,#1016,#2576,.T.);
#2574 = VERTEX_POINT('',#2575);
#2575 = CARTESIAN_POINT('',(21.354880148665,-5.288581457834,3.));
#2576 = LINE('',#2577,#2578);
#2577 = CARTESIAN_POINT('',(21.354880148665,-5.288581457834,3.));
#2578 = VECTOR('',#2579,1.);
#2579 = DIRECTION('',(-0.,-0.,-1.));
#2580 = ORIENTED_EDGE('',*,*,#2581,.F.);
#2581 = EDGE_CURVE('',#2550,#2574,#2582,.T.);
#2582 = CIRCLE('',#2583,22.);
#2583 = AXIS2_PLACEMENT_3D('',#2584,#2585,#2586);
#2584 = CARTESIAN_POINT('',(0.,0.,3.));
#2585 = DIRECTION('',(-0.,0.,1.));
#2586 = DIRECTION('',(1.,0.,0.));
#2587 = ORIENTED_EDGE('',*,*,#2549,.T.);
#2588 = CYLINDRICAL_SURFACE('',#2589,22.);
#2589 = AXIS2_PLACEMENT_3D('',#2590,#2591,#2592);
#2590 = CARTESIAN_POINT('',(0.,0.,3.));
#2591 = DIRECTION('',(-0.,-0.,-1.));
#2592 = DIRECTION('',(-1.,0.,0.));
#2593 = ADVANCED_FACE('',(#2594),#2612,.T.);
#2594 = FACE_BOUND('',#2595,.T.);
#2595 = EDGE_LOOP('',(#2596,#2597,#2605,#2611));
#2596 = ORIENTED_EDGE('',*,*,#1015,.F.);
#2597 = ORIENTED_EDGE('',*,*,#2598,.F.);
#2598 = EDGE_CURVE('',#2599,#1007,#2601,.T.);
#2599 = VERTEX_POINT('',#2600);
#2600 = CARTESIAN_POINT('',(17.415649136616,-4.593988747166,3.));
#2601 = LINE('',#2602,#2603);
#2602 = CARTESIAN_POINT('',(17.415649136616,-4.593988747166,3.));
#2603 = VECTOR('',#2604,1.);
#2604 = DIRECTION('',(-0.,-0.,-1.));
#2605 = ORIENTED_EDGE('',*,*,#2606,.T.);
#2606 = EDGE_CURVE('',#2599,#2574,#2607,.T.);
#2607 = LINE('',#2608,#2609);
#2608 = CARTESIAN_POINT('',(-0.2604722665,-1.477211629518,3.));
#2609 = VECTOR('',#2610,1.);
#2610 = DIRECTION('',(0.984807753012,-0.173648177667,0.));
#2611 = ORIENTED_EDGE('',*,*,#2573,.T.);
#2612 = PLANE('',#2613);
#2613 = AXIS2_PLACEMENT_3D('',#2614,#2615,#2616);
#2614 = CARTESIAN_POINT('',(-0.2604722665,-1.477211629518,3.));
#2615 = DIRECTION('',(0.173648177667,0.984807753012,-0.));
#2616 = DIRECTION('',(-0.984807753012,0.173648177667,0.));
#2617 = ADVANCED_FACE('',(#2618),#2630,.F.);
#2618 = FACE_BOUND('',#2619,.F.);
#2619 = EDGE_LOOP('',(#2620,#2621,#2622,#2629));
#2620 = ORIENTED_EDGE('',*,*,#1006,.T.);
#2621 = ORIENTED_EDGE('',*,*,#2598,.F.);
#2622 = ORIENTED_EDGE('',*,*,#2623,.F.);
#2623 = EDGE_CURVE('',#615,#2599,#2624,.T.);
#2624 = CIRCLE('',#2625,1.5);
#2625 = AXIS2_PLACEMENT_3D('',#2626,#2627,#2628);
#2626 = CARTESIAN_POINT('',(17.676121403117,-3.116777117648,3.));
#2627 = DIRECTION('',(-0.,0.,1.));
#2628 = DIRECTION('',(1.,0.,0.));
#2629 = ORIENTED_EDGE('',*,*,#614,.T.);
#2630 = CYLINDRICAL_SURFACE('',#2631,1.5);
#2631 = AXIS2_PLACEMENT_3D('',#2632,#2633,#2634);
#2632 = CARTESIAN_POINT('',(17.676121403117,-3.116777117648,3.));
#2633 = DIRECTION('',(-0.,-0.,-1.));
#2634 = DIRECTION('',(-1.,0.,0.));
#2635 = ADVANCED_FACE('',(#2636),#2654,.T.);
#2636 = FACE_BOUND('',#2637,.T.);
#2637 = EDGE_LOOP('',(#2638,#2639,#2647,#2653));
#2638 = ORIENTED_EDGE('',*,*,#999,.F.);
#2639 = ORIENTED_EDGE('',*,*,#2640,.F.);
#2640 = EDGE_CURVE('',#2641,#991,#2643,.T.);
#2641 = VERTEX_POINT('',#2642);
#2642 = CARTESIAN_POINT('',(21.875824681666,-2.334158198797,3.));
#2643 = LINE('',#2644,#2645);
#2644 = CARTESIAN_POINT('',(21.875824681666,-2.334158198797,3.));
#2645 = VECTOR('',#2646,1.);
#2646 = DIRECTION('',(-0.,-0.,-1.));
#2647 = ORIENTED_EDGE('',*,*,#2648,.T.);
#2648 = EDGE_CURVE('',#2641,#596,#2649,.T.);
#2649 = LINE('',#2650,#2651);
#2650 = CARTESIAN_POINT('',(0.2604722665,1.477211629518,3.));
#2651 = VECTOR('',#2652,1.);
#2652 = DIRECTION('',(-0.984807753012,0.173648177667,0.));
#2653 = ORIENTED_EDGE('',*,*,#595,.T.);
#2654 = PLANE('',#2655);
#2655 = AXIS2_PLACEMENT_3D('',#2656,#2657,#2658);
#2656 = CARTESIAN_POINT('',(0.2604722665,1.477211629518,3.));
#2657 = DIRECTION('',(-0.173648177667,-0.984807753012,0.));
#2658 = DIRECTION('',(0.984807753012,-0.173648177667,0.));
#2659 = ADVANCED_FACE('',(#2660),#2679,.T.);
#2660 = FACE_BOUND('',#2661,.T.);
#2661 = EDGE_LOOP('',(#2662,#2663,#2671,#2678));
#2662 = ORIENTED_EDGE('',*,*,#990,.T.);
#2663 = ORIENTED_EDGE('',*,*,#2664,.F.);
#2664 = EDGE_CURVE('',#2665,#983,#2667,.T.);
#2665 = VERTEX_POINT('',#2666);
#2666 = CARTESIAN_POINT('',(21.875824681666,2.334158198797,3.));
#2667 = LINE('',#2668,#2669);
#2668 = CARTESIAN_POINT('',(21.875824681666,2.334158198797,3.));
#2669 = VECTOR('',#2670,1.);
#2670 = DIRECTION('',(-0.,-0.,-1.));
#2671 = ORIENTED_EDGE('',*,*,#2672,.F.);
#2672 = EDGE_CURVE('',#2641,#2665,#2673,.T.);
#2673 = CIRCLE('',#2674,22.);
#2674 = AXIS2_PLACEMENT_3D('',#2675,#2676,#2677);
#2675 = CARTESIAN_POINT('',(0.,0.,3.));
#2676 = DIRECTION('',(-0.,0.,1.));
#2677 = DIRECTION('',(1.,0.,0.));
#2678 = ORIENTED_EDGE('',*,*,#2640,.T.);
#2679 = CYLINDRICAL_SURFACE('',#2680,22.);
#2680 = AXIS2_PLACEMENT_3D('',#2681,#2682,#2683);
#2681 = CARTESIAN_POINT('',(0.,0.,3.));
#2682 = DIRECTION('',(-0.,-0.,-1.));
#2683 = DIRECTION('',(-1.,0.,0.));
#2684 = ADVANCED_FACE('',(#2685),#2703,.T.);
#2685 = FACE_BOUND('',#2686,.T.);
#2686 = EDGE_LOOP('',(#2687,#2688,#2696,#2702));
#2687 = ORIENTED_EDGE('',*,*,#982,.F.);
#2688 = ORIENTED_EDGE('',*,*,#2689,.F.);
#2689 = EDGE_CURVE('',#2690,#974,#2692,.T.);
#2690 = VERTEX_POINT('',#2691);
#2691 = CARTESIAN_POINT('',(17.936593669617,1.63956548813,3.));
#2692 = LINE('',#2693,#2694);
#2693 = CARTESIAN_POINT('',(17.936593669617,1.63956548813,3.));
#2694 = VECTOR('',#2695,1.);
#2695 = DIRECTION('',(-0.,-0.,-1.));
#2696 = ORIENTED_EDGE('',*,*,#2697,.T.);
#2697 = EDGE_CURVE('',#2690,#2665,#2698,.T.);
#2698 = LINE('',#2699,#2700);
#2699 = CARTESIAN_POINT('',(0.2604722665,-1.477211629518,3.));
#2700 = VECTOR('',#2701,1.);
#2701 = DIRECTION('',(0.984807753012,0.173648177667,0.));
#2702 = ORIENTED_EDGE('',*,*,#2664,.T.);
#2703 = PLANE('',#2704);
#2704 = AXIS2_PLACEMENT_3D('',#2705,#2706,#2707);
#2705 = CARTESIAN_POINT('',(0.2604722665,-1.477211629518,3.));
#2706 = DIRECTION('',(-0.173648177667,0.984807753012,0.));
#2707 = DIRECTION('',(-0.984807753012,-0.173648177667,0.));
#2708 = ADVANCED_FACE('',(#2709),#2721,.F.);
#2709 = FACE_BOUND('',#2710,.F.);
#2710 = EDGE_LOOP('',(#2711,#2712,#2713,#2720));
#2711 = ORIENTED_EDGE('',*,*,#973,.T.);
#2712 = ORIENTED_EDGE('',*,*,#2689,.F.);
#2713 = ORIENTED_EDGE('',*,*,#2714,.F.);
#2714 = EDGE_CURVE('',#573,#2690,#2715,.T.);
#2715 = CIRCLE('',#2716,1.5);
#2716 = AXIS2_PLACEMENT_3D('',#2717,#2718,#2719);
#2717 = CARTESIAN_POINT('',(17.676121403117,3.116777117648,3.));
#2718 = DIRECTION('',(-0.,0.,1.));
#2719 = DIRECTION('',(1.,0.,0.));
#2720 = ORIENTED_EDGE('',*,*,#572,.T.);
#2721 = CYLINDRICAL_SURFACE('',#2722,1.5);
#2722 = AXIS2_PLACEMENT_3D('',#2723,#2724,#2725);
#2723 = CARTESIAN_POINT('',(17.676121403117,3.116777117648,3.));
#2724 = DIRECTION('',(-0.,-0.,-1.));
#2725 = DIRECTION('',(-1.,0.,0.));
#2726 = ADVANCED_FACE('',(#2727),#2745,.T.);
#2727 = FACE_BOUND('',#2728,.T.);
#2728 = EDGE_LOOP('',(#2729,#2730,#2738,#2744));
#2729 = ORIENTED_EDGE('',*,*,#966,.F.);
#2730 = ORIENTED_EDGE('',*,*,#2731,.F.);
#2731 = EDGE_CURVE('',#2732,#958,#2734,.T.);
#2732 = VERTEX_POINT('',#2733);
#2733 = CARTESIAN_POINT('',(21.354880148665,5.288581457834,3.));
#2734 = LINE('',#2735,#2736);
#2735 = CARTESIAN_POINT('',(21.354880148665,5.288581457834,3.));
#2736 = VECTOR('',#2737,1.);
#2737 = DIRECTION('',(-0.,-0.,-1.));
#2738 = ORIENTED_EDGE('',*,*,#2739,.T.);
#2739 = EDGE_CURVE('',#2732,#554,#2740,.T.);
#2740 = LINE('',#2741,#2742);
#2741 = CARTESIAN_POINT('',(-0.2604722665,1.477211629518,3.));
#2742 = VECTOR('',#2743,1.);
#2743 = DIRECTION('',(-0.984807753012,-0.173648177667,0.));
#2744 = ORIENTED_EDGE('',*,*,#553,.T.);
#2745 = PLANE('',#2746);
#2746 = AXIS2_PLACEMENT_3D('',#2747,#2748,#2749);
#2747 = CARTESIAN_POINT('',(-0.2604722665,1.477211629518,3.));
#2748 = DIRECTION('',(0.173648177667,-0.984807753012,0.));
#2749 = DIRECTION('',(0.984807753012,0.173648177667,0.));
#2750 = ADVANCED_FACE('',(#2751),#2770,.T.);
#2751 = FACE_BOUND('',#2752,.T.);
#2752 = EDGE_LOOP('',(#2753,#2754,#2762,#2769));
#2753 = ORIENTED_EDGE('',*,*,#957,.T.);
#2754 = ORIENTED_EDGE('',*,*,#2755,.F.);
#2755 = EDGE_CURVE('',#2756,#950,#2758,.T.);
#2756 = VERTEX_POINT('',#2757);
#2757 = CARTESIAN_POINT('',(19.75822190527,9.675363928147,3.));
#2758 = LINE('',#2759,#2760);
#2759 = CARTESIAN_POINT('',(19.75822190527,9.675363928147,3.));
#2760 = VECTOR('',#2761,1.);
#2761 = DIRECTION('',(-0.,-0.,-1.));
#2762 = ORIENTED_EDGE('',*,*,#2763,.F.);
#2763 = EDGE_CURVE('',#2732,#2756,#2764,.T.);
#2764 = CIRCLE('',#2765,22.);
#2765 = AXIS2_PLACEMENT_3D('',#2766,#2767,#2768);
#2766 = CARTESIAN_POINT('',(0.,0.,3.));
#2767 = DIRECTION('',(-0.,0.,1.));
#2768 = DIRECTION('',(1.,0.,0.));
#2769 = ORIENTED_EDGE('',*,*,#2731,.T.);
#2770 = CYLINDRICAL_SURFACE('',#2771,22.);
#2771 = AXIS2_PLACEMENT_3D('',#2772,#2773,#2774);
#2772 = CARTESIAN_POINT('',(0.,0.,3.));
#2773 = DIRECTION('',(-0.,-0.,-1.));
#2774 = DIRECTION('',(-1.,0.,0.));
#2775 = ADVANCED_FACE('',(#2776),#2794,.T.);
#2776 = FACE_BOUND('',#2777,.T.);
#2777 = EDGE_LOOP('',(#2778,#2779,#2787,#2793));
#2778 = ORIENTED_EDGE('',*,*,#949,.F.);
#2779 = ORIENTED_EDGE('',*,*,#2780,.F.);
#2780 = EDGE_CURVE('',#2781,#941,#2783,.T.);
#2781 = VERTEX_POINT('',#2782);
#2782 = CARTESIAN_POINT('',(16.294120290133,7.675363928147,3.));
#2783 = LINE('',#2784,#2785);
#2784 = CARTESIAN_POINT('',(16.294120290133,7.675363928147,3.));
#2785 = VECTOR('',#2786,1.);
#2786 = DIRECTION('',(-0.,-0.,-1.));
#2787 = ORIENTED_EDGE('',*,*,#2788,.T.);
#2788 = EDGE_CURVE('',#2781,#2756,#2789,.T.);
#2789 = LINE('',#2790,#2791);
#2790 = CARTESIAN_POINT('',(0.75,-1.299038105677,3.));
#2791 = VECTOR('',#2792,1.);
#2792 = DIRECTION('',(0.866025403784,0.5,0.));
#2793 = ORIENTED_EDGE('',*,*,#2755,.T.);
#2794 = PLANE('',#2795);
#2795 = AXIS2_PLACEMENT_3D('',#2796,#2797,#2798);
#2796 = CARTESIAN_POINT('',(0.75,-1.299038105677,3.));
#2797 = DIRECTION('',(-0.5,0.866025403784,0.));
#2798 = DIRECTION('',(-0.866025403784,-0.5,0.));
#2799 = ADVANCED_FACE('',(#2800),#2812,.F.);
#2800 = FACE_BOUND('',#2801,.F.);
#2801 = EDGE_LOOP('',(#2802,#2803,#2804,#2811));
#2802 = ORIENTED_EDGE('',*,*,#940,.T.);
#2803 = ORIENTED_EDGE('',*,*,#2780,.F.);
#2804 = ORIENTED_EDGE('',*,*,#2805,.F.);
#2805 = EDGE_CURVE('',#531,#2781,#2806,.T.);
#2806 = CIRCLE('',#2807,1.5);
#2807 = AXIS2_PLACEMENT_3D('',#2808,#2809,#2810);
#2808 = CARTESIAN_POINT('',(15.544120290133,8.974402033824,3.));
#2809 = DIRECTION('',(-0.,0.,1.));
#2810 = DIRECTION('',(1.,0.,0.));
#2811 = ORIENTED_EDGE('',*,*,#530,.T.);
#2812 = CYLINDRICAL_SURFACE('',#2813,1.5);
#2813 = AXIS2_PLACEMENT_3D('',#2814,#2815,#2816);
#2814 = CARTESIAN_POINT('',(15.544120290133,8.974402033824,3.));
#2815 = DIRECTION('',(-0.,-0.,-1.));
#2816 = DIRECTION('',(-1.,0.,0.));
#2817 = ADVANCED_FACE('',(#2818),#2836,.T.);
#2818 = FACE_BOUND('',#2819,.T.);
#2819 = EDGE_LOOP('',(#2820,#2821,#2829,#2835));
#2820 = ORIENTED_EDGE('',*,*,#933,.F.);
#2821 = ORIENTED_EDGE('',*,*,#2822,.F.);
#2822 = EDGE_CURVE('',#2823,#925,#2825,.T.);
#2823 = VERTEX_POINT('',#2824);
#2824 = CARTESIAN_POINT('',(18.25822190527,12.273440139501,3.));
#2825 = LINE('',#2826,#2827);
#2826 = CARTESIAN_POINT('',(18.25822190527,12.273440139501,3.));
#2827 = VECTOR('',#2828,1.);
#2828 = DIRECTION('',(-0.,-0.,-1.));
#2829 = ORIENTED_EDGE('',*,*,#2830,.T.);
#2830 = EDGE_CURVE('',#2823,#512,#2831,.T.);
#2831 = LINE('',#2832,#2833);
#2832 = CARTESIAN_POINT('',(-0.75,1.299038105677,3.));
#2833 = VECTOR('',#2834,1.);
#2834 = DIRECTION('',(-0.866025403784,-0.5,0.));
#2835 = ORIENTED_EDGE('',*,*,#511,.T.);
#2836 = PLANE('',#2837);
#2837 = AXIS2_PLACEMENT_3D('',#2838,#2839,#2840);
#2838 = CARTESIAN_POINT('',(-0.75,1.299038105677,3.));
#2839 = DIRECTION('',(0.5,-0.866025403784,0.));
#2840 = DIRECTION('',(0.866025403784,0.5,0.));
#2841 = ADVANCED_FACE('',(#2842),#2861,.T.);
#2842 = FACE_BOUND('',#2843,.T.);
#2843 = EDGE_LOOP('',(#2844,#2845,#2853,#2860));
#2844 = ORIENTED_EDGE('',*,*,#924,.T.);
#2845 = ORIENTED_EDGE('',*,*,#2846,.F.);
#2846 = EDGE_CURVE('',#2847,#917,#2849,.T.);
#2847 = VERTEX_POINT('',#2848);
#2848 = CARTESIAN_POINT('',(15.2574859668,15.849577974599,3.));
#2849 = LINE('',#2850,#2851);
#2850 = CARTESIAN_POINT('',(15.2574859668,15.849577974599,3.));
#2851 = VECTOR('',#2852,1.);
#2852 = DIRECTION('',(-0.,-0.,-1.));
#2853 = ORIENTED_EDGE('',*,*,#2854,.F.);
#2854 = EDGE_CURVE('',#2823,#2847,#2855,.T.);
#2855 = CIRCLE('',#2856,22.);
#2856 = AXIS2_PLACEMENT_3D('',#2857,#2858,#2859);
#2857 = CARTESIAN_POINT('',(0.,0.,3.));
#2858 = DIRECTION('',(-0.,0.,1.));
#2859 = DIRECTION('',(1.,0.,0.));
#2860 = ORIENTED_EDGE('',*,*,#2822,.T.);
#2861 = CYLINDRICAL_SURFACE('',#2862,22.);
#2862 = AXIS2_PLACEMENT_3D('',#2863,#2864,#2865);
#2863 = CARTESIAN_POINT('',(0.,0.,3.));
#2864 = DIRECTION('',(-0.,-0.,-1.));
#2865 = DIRECTION('',(-1.,0.,0.));
#2866 = ADVANCED_FACE('',(#2867),#2885,.T.);
#2867 = FACE_BOUND('',#2868,.T.);
#2868 = EDGE_LOOP('',(#2869,#2870,#2878,#2884));
#2869 = ORIENTED_EDGE('',*,*,#916,.F.);
#2870 = ORIENTED_EDGE('',*,*,#2871,.F.);
#2871 = EDGE_CURVE('',#2872,#908,#2874,.T.);
#2872 = VERTEX_POINT('',#2873);
#2873 = CARTESIAN_POINT('',(12.686335528054,12.785400202123,3.));
#2874 = LINE('',#2875,#2876);
#2875 = CARTESIAN_POINT('',(12.686335528054,12.785400202123,3.));
#2876 = VECTOR('',#2877,1.);
#2877 = DIRECTION('',(-0.,-0.,-1.));
#2878 = ORIENTED_EDGE('',*,*,#2879,.T.);
#2879 = EDGE_CURVE('',#2872,#2847,#2880,.T.);
#2880 = LINE('',#2881,#2882);
#2881 = CARTESIAN_POINT('',(1.149066664678,-0.96418141453,3.));
#2882 = VECTOR('',#2883,1.);
#2883 = DIRECTION('',(0.642787609687,0.766044443119,0.));
#2884 = ORIENTED_EDGE('',*,*,#2846,.T.);
#2885 = PLANE('',#2886);
#2886 = AXIS2_PLACEMENT_3D('',#2887,#2888,#2889);
#2887 = CARTESIAN_POINT('',(1.149066664678,-0.96418141453,3.));
#2888 = DIRECTION('',(-0.766044443119,0.642787609687,0.));
#2889 = DIRECTION('',(-0.642787609687,-0.766044443119,0.));
#2890 = ADVANCED_FACE('',(#2891),#2903,.F.);
#2891 = FACE_BOUND('',#2892,.F.);
#2892 = EDGE_LOOP('',(#2893,#2894,#2895,#2902));
#2893 = ORIENTED_EDGE('',*,*,#907,.T.);
#2894 = ORIENTED_EDGE('',*,*,#2871,.F.);
#2895 = ORIENTED_EDGE('',*,*,#2896,.F.);
#2896 = EDGE_CURVE('',#489,#2872,#2897,.T.);
#2897 = CIRCLE('',#2898,1.5);
#2898 = AXIS2_PLACEMENT_3D('',#2899,#2900,#2901);
#2899 = CARTESIAN_POINT('',(11.537268863375,13.749581616653,3.));
#2900 = DIRECTION('',(-0.,0.,1.));
#2901 = DIRECTION('',(1.,0.,0.));
#2902 = ORIENTED_EDGE('',*,*,#488,.T.);
#2903 = CYLINDRICAL_SURFACE('',#2904,1.5);
#2904 = AXIS2_PLACEMENT_3D('',#2905,#2906,#2907);
#2905 = CARTESIAN_POINT('',(11.537268863375,13.749581616653,3.));
#2906 = DIRECTION('',(-0.,-0.,-1.));
#2907 = DIRECTION('',(-1.,0.,0.));
#2908 = ADVANCED_FACE('',(#2909),#2927,.T.);
#2909 = FACE_BOUND('',#2910,.T.);
#2910 = EDGE_LOOP('',(#2911,#2912,#2920,#2926));
#2911 = ORIENTED_EDGE('',*,*,#900,.F.);
#2912 = ORIENTED_EDGE('',*,*,#2913,.F.);
#2913 = EDGE_CURVE('',#2914,#892,#2916,.T.);
#2914 = VERTEX_POINT('',#2915);
#2915 = CARTESIAN_POINT('',(12.959352637443,17.777940803659,3.));
#2916 = LINE('',#2917,#2918);
#2917 = CARTESIAN_POINT('',(12.959352637443,17.777940803659,3.));
#2918 = VECTOR('',#2919,1.);
#2919 = DIRECTION('',(-0.,-0.,-1.));
#2920 = ORIENTED_EDGE('',*,*,#2921,.T.);
#2921 = EDGE_CURVE('',#2914,#470,#2922,.T.);
#2922 = LINE('',#2923,#2924);
#2923 = CARTESIAN_POINT('',(-1.149066664678,0.96418141453,3.));
#2924 = VECTOR('',#2925,1.);
#2925 = DIRECTION('',(-0.642787609687,-0.766044443119,0.));
#2926 = ORIENTED_EDGE('',*,*,#469,.T.);
#2927 = PLANE('',#2928);
#2928 = AXIS2_PLACEMENT_3D('',#2929,#2930,#2931);
#2929 = CARTESIAN_POINT('',(-1.149066664678,0.96418141453,3.));
#2930 = DIRECTION('',(0.766044443119,-0.642787609687,0.));
#2931 = DIRECTION('',(0.642787609687,0.766044443119,0.));
#2932 = ADVANCED_FACE('',(#2933),#2952,.T.);
#2933 = FACE_BOUND('',#2934,.T.);
#2934 = EDGE_LOOP('',(#2935,#2936,#2944,#2951));
#2935 = ORIENTED_EDGE('',*,*,#891,.T.);
#2936 = ORIENTED_EDGE('',*,*,#2937,.F.);
#2937 = EDGE_CURVE('',#2938,#884,#2940,.T.);
#2938 = VERTEX_POINT('',#2939);
#2939 = CARTESIAN_POINT('',(8.916472044223,20.112099002456,3.));
#2940 = LINE('',#2941,#2942);
#2941 = CARTESIAN_POINT('',(8.916472044223,20.112099002456,3.));
#2942 = VECTOR('',#2943,1.);
#2943 = DIRECTION('',(-0.,-0.,-1.));
#2944 = ORIENTED_EDGE('',*,*,#2945,.F.);
#2945 = EDGE_CURVE('',#2914,#2938,#2946,.T.);
#2946 = CIRCLE('',#2947,22.);
#2947 = AXIS2_PLACEMENT_3D('',#2948,#2949,#2950);
#2948 = CARTESIAN_POINT('',(0.,0.,3.));
#2949 = DIRECTION('',(-0.,0.,1.));
#2950 = DIRECTION('',(1.,0.,0.));
#2951 = ORIENTED_EDGE('',*,*,#2913,.T.);
#2952 = CYLINDRICAL_SURFACE('',#2953,22.);
#2953 = AXIS2_PLACEMENT_3D('',#2954,#2955,#2956);
#2954 = CARTESIAN_POINT('',(0.,0.,3.));
#2955 = DIRECTION('',(-0.,-0.,-1.));
#2956 = DIRECTION('',(-1.,0.,0.));
#2957 = ADVANCED_FACE('',(#2958),#2976,.T.);
#2958 = FACE_BOUND('',#2959,.T.);
#2959 = EDGE_LOOP('',(#2960,#2961,#2969,#2975));
#2960 = ORIENTED_EDGE('',*,*,#883,.F.);
#2961 = ORIENTED_EDGE('',*,*,#2962,.F.);
#2962 = EDGE_CURVE('',#2963,#875,#2965,.T.);
#2963 = VERTEX_POINT('',#2964);
#2964 = CARTESIAN_POINT('',(7.54839147092,16.353328519312,3.));
#2965 = LINE('',#2966,#2967);
#2966 = CARTESIAN_POINT('',(7.54839147092,16.353328519312,3.));
#2967 = VECTOR('',#2968,1.);
#2968 = DIRECTION('',(-0.,-0.,-1.));
#2969 = ORIENTED_EDGE('',*,*,#2970,.T.);
#2970 = EDGE_CURVE('',#2963,#2938,#2971,.T.);
#2971 = LINE('',#2972,#2973);
#2972 = CARTESIAN_POINT('',(1.409538931179,-0.513030214989,3.));
#2973 = VECTOR('',#2974,1.);
#2974 = DIRECTION('',(0.342020143326,0.939692620786,0.));
#2975 = ORIENTED_EDGE('',*,*,#2937,.T.);
#2976 = PLANE('',#2977);
#2977 = AXIS2_PLACEMENT_3D('',#2978,#2979,#2980);
#2978 = CARTESIAN_POINT('',(1.409538931179,-0.513030214989,3.));
#2979 = DIRECTION('',(-0.939692620786,0.342020143326,0.));
#2980 = DIRECTION('',(-0.342020143326,-0.939692620786,0.));
#2981 = ADVANCED_FACE('',(#2982),#2994,.F.);
#2982 = FACE_BOUND('',#2983,.F.);
#2983 = EDGE_LOOP('',(#2984,#2985,#2986,#2993));
#2984 = ORIENTED_EDGE('',*,*,#874,.T.);
#2985 = ORIENTED_EDGE('',*,*,#2962,.F.);
#2986 = ORIENTED_EDGE('',*,*,#2987,.F.);
#2987 = EDGE_CURVE('',#447,#2963,#2988,.T.);
#2988 = CIRCLE('',#2989,1.5);
#2989 = AXIS2_PLACEMENT_3D('',#2990,#2991,#2992);
#2990 = CARTESIAN_POINT('',(6.138852539741,16.866358734301,3.));
#2991 = DIRECTION('',(-0.,0.,1.));
#2992 = DIRECTION('',(1.,0.,0.));
#2993 = ORIENTED_EDGE('',*,*,#446,.T.);
#2994 = CYLINDRICAL_SURFACE('',#2995,1.5);
#2995 = AXIS2_PLACEMENT_3D('',#2996,#2997,#2998);
#2996 = CARTESIAN_POINT('',(6.138852539741,16.866358734301,3.));
#2997 = DIRECTION('',(-0.,-0.,-1.));
#2998 = DIRECTION('',(-1.,0.,0.));
#2999 = ADVANCED_FACE('',(#3000),#3018,.T.);
#3000 = FACE_BOUND('',#3001,.T.);
#3001 = EDGE_LOOP('',(#3002,#3003,#3011,#3017));
#3002 = ORIENTED_EDGE('',*,*,#867,.F.);
#3003 = ORIENTED_EDGE('',*,*,#3004,.F.);
#3004 = EDGE_CURVE('',#3005,#859,#3007,.T.);
#3005 = VERTEX_POINT('',#3006);
#3006 = CARTESIAN_POINT('',(6.097394181865,21.138159432433,3.));
#3007 = LINE('',#3008,#3009);
#3008 = CARTESIAN_POINT('',(6.097394181865,21.138159432433,3.));
#3009 = VECTOR('',#3010,1.);
#3010 = DIRECTION('',(-0.,-0.,-1.));
#3011 = ORIENTED_EDGE('',*,*,#3012,.T.);
#3012 = EDGE_CURVE('',#3005,#428,#3013,.T.);
#3013 = LINE('',#3014,#3015);
#3014 = CARTESIAN_POINT('',(-1.409538931179,0.513030214988,3.));
#3015 = VECTOR('',#3016,1.);
#3016 = DIRECTION('',(-0.342020143326,-0.939692620786,0.));
#3017 = ORIENTED_EDGE('',*,*,#427,.T.);
#3018 = PLANE('',#3019);
#3019 = AXIS2_PLACEMENT_3D('',#3020,#3021,#3022);
#3020 = CARTESIAN_POINT('',(-1.409538931179,0.513030214988,3.));
#3021 = DIRECTION('',(0.939692620786,-0.342020143326,0.));
#3022 = DIRECTION('',(0.342020143326,0.939692620786,0.));
#3023 = ADVANCED_FACE('',(#3024),#3043,.T.);
#3024 = FACE_BOUND('',#3025,.T.);
#3025 = EDGE_LOOP('',(#3026,#3027,#3035,#3042));
#3026 = ORIENTED_EDGE('',*,*,#858,.T.);
#3027 = ORIENTED_EDGE('',*,*,#3028,.F.);
#3028 = EDGE_CURVE('',#3029,#851,#3031,.T.);
#3029 = VERTEX_POINT('',#3030);
#3030 = CARTESIAN_POINT('',(1.5,21.948804067648,3.));
#3031 = LINE('',#3032,#3033);
#3032 = CARTESIAN_POINT('',(1.5,21.948804067648,3.));
#3033 = VECTOR('',#3034,1.);
#3034 = DIRECTION('',(-0.,-0.,-1.));
#3035 = ORIENTED_EDGE('',*,*,#3036,.F.);
#3036 = EDGE_CURVE('',#3005,#3029,#3037,.T.);
#3037 = CIRCLE('',#3038,22.);
#3038 = AXIS2_PLACEMENT_3D('',#3039,#3040,#3041);
#3039 = CARTESIAN_POINT('',(0.,0.,3.));
#3040 = DIRECTION('',(-0.,0.,1.));
#3041 = DIRECTION('',(1.,0.,0.));
#3042 = ORIENTED_EDGE('',*,*,#3004,.T.);
#3043 = CYLINDRICAL_SURFACE('',#3044,22.);
#3044 = AXIS2_PLACEMENT_3D('',#3045,#3046,#3047);
#3045 = CARTESIAN_POINT('',(0.,0.,3.));
#3046 = DIRECTION('',(-0.,-0.,-1.));
#3047 = DIRECTION('',(-1.,0.,0.));
#3048 = ADVANCED_FACE('',(#3049),#3067,.T.);
#3049 = FACE_BOUND('',#3050,.T.);
#3050 = EDGE_LOOP('',(#3051,#3052,#3060,#3066));
#3051 = ORIENTED_EDGE('',*,*,#850,.F.);
#3052 = ORIENTED_EDGE('',*,*,#3053,.F.);
#3053 = EDGE_CURVE('',#3054,#842,#3056,.T.);
#3054 = VERTEX_POINT('',#3055);
#3055 = CARTESIAN_POINT('',(1.5,17.948804067648,3.));
#3056 = LINE('',#3057,#3058);
#3057 = CARTESIAN_POINT('',(1.5,17.948804067648,3.));
#3058 = VECTOR('',#3059,1.);
#3059 = DIRECTION('',(-0.,-0.,-1.));
#3060 = ORIENTED_EDGE('',*,*,#3061,.T.);
#3061 = EDGE_CURVE('',#3054,#3029,#3062,.T.);
#3062 = LINE('',#3063,#3064);
#3063 = CARTESIAN_POINT('',(1.5,8.131516293641E-17,3.));
#3064 = VECTOR('',#3065,1.);
#3065 = DIRECTION('',(-5.421010862428E-17,1.,0.));
#3066 = ORIENTED_EDGE('',*,*,#3028,.T.);
#3067 = PLANE('',#3068);
#3068 = AXIS2_PLACEMENT_3D('',#3069,#3070,#3071);
#3069 = CARTESIAN_POINT('',(1.5,8.131516293641E-17,3.));
#3070 = DIRECTION('',(-1.,-5.421010862428E-17,0.));
#3071 = DIRECTION('',(5.421010862428E-17,-1.,0.));
#3072 = ADVANCED_FACE('',(#3073),#3092,.F.);
#3073 = FACE_BOUND('',#3074,.F.);
#3074 = EDGE_LOOP('',(#3075,#3076,#3085,#3091));
#3075 = ORIENTED_EDGE('',*,*,#3053,.F.);
#3076 = ORIENTED_EDGE('',*,*,#3077,.F.);
#3077 = EDGE_CURVE('',#3078,#3054,#3080,.T.);
#3078 = VERTEX_POINT('',#3079);
#3079 = CARTESIAN_POINT('',(-1.5,17.948804067648,3.));
#3080 = CIRCLE('',#3081,1.5);
#3081 = AXIS2_PLACEMENT_3D('',#3082,#3083,#3084);
#3082 = CARTESIAN_POINT('',(-2.465190328816E-29,17.948804067648,3.));
#3083 = DIRECTION('',(-0.,0.,1.));
#3084 = DIRECTION('',(1.,0.,0.));
#3085 = ORIENTED_EDGE('',*,*,#3086,.T.);
#3086 = EDGE_CURVE('',#3078,#834,#3087,.T.);
#3087 = LINE('',#3088,#3089);
#3088 = CARTESIAN_POINT('',(-1.5,17.948804067648,3.));
#3089 = VECTOR('',#3090,1.);
#3090 = DIRECTION('',(-0.,-0.,-1.));
#3091 = ORIENTED_EDGE('',*,*,#841,.T.);
#3092 = CYLINDRICAL_SURFACE('',#3093,1.5);
#3093 = AXIS2_PLACEMENT_3D('',#3094,#3095,#3096);
#3094 = CARTESIAN_POINT('',(-2.465190328816E-29,17.948804067648,3.));
#3095 = DIRECTION('',(-0.,-0.,-1.));
#3096 = DIRECTION('',(-1.,0.,0.));
#3097 = ADVANCED_FACE('',(#3098),#3116,.T.);
#3098 = FACE_BOUND('',#3099,.T.);
#3099 = EDGE_LOOP('',(#3100,#3101,#3109,#3115));
#3100 = ORIENTED_EDGE('',*,*,#833,.F.);
#3101 = ORIENTED_EDGE('',*,*,#3102,.F.);
#3102 = EDGE_CURVE('',#3103,#825,#3105,.T.);
#3103 = VERTEX_POINT('',#3104);
#3104 = CARTESIAN_POINT('',(-1.5,21.948804067648,3.));
#3105 = LINE('',#3106,#3107);
#3106 = CARTESIAN_POINT('',(-1.5,21.948804067648,3.));
#3107 = VECTOR('',#3108,1.);
#3108 = DIRECTION('',(-0.,-0.,-1.));
#3109 = ORIENTED_EDGE('',*,*,#3110,.T.);
#3110 = EDGE_CURVE('',#3103,#3078,#3111,.T.);
#3111 = LINE('',#3112,#3113);
#3112 = CARTESIAN_POINT('',(-1.5,0.,3.));
#3113 = VECTOR('',#3114,1.);
#3114 = DIRECTION('',(0.,-1.,0.));
#3115 = ORIENTED_EDGE('',*,*,#3086,.T.);
#3116 = PLANE('',#3117);
#3117 = AXIS2_PLACEMENT_3D('',#3118,#3119,#3120);
#3118 = CARTESIAN_POINT('',(-1.5,0.,3.));
#3119 = DIRECTION('',(1.,0.,-0.));
#3120 = DIRECTION('',(-0.,0.,-1.));
#3121 = ADVANCED_FACE('',(#3122),#3141,.T.);
#3122 = FACE_BOUND('',#3123,.T.);
#3123 = EDGE_LOOP('',(#3124,#3125,#3133,#3140));
#3124 = ORIENTED_EDGE('',*,*,#824,.T.);
#3125 = ORIENTED_EDGE('',*,*,#3126,.F.);
#3126 = EDGE_CURVE('',#3127,#817,#3129,.T.);
#3127 = VERTEX_POINT('',#3128);
#3128 = CARTESIAN_POINT('',(-6.097394181865,21.138159432433,3.));
#3129 = LINE('',#3130,#3131);
#3130 = CARTESIAN_POINT('',(-6.097394181865,21.138159432433,3.));
#3131 = VECTOR('',#3132,1.);
#3132 = DIRECTION('',(-0.,-0.,-1.));
#3133 = ORIENTED_EDGE('',*,*,#3134,.F.);
#3134 = EDGE_CURVE('',#3103,#3127,#3135,.T.);
#3135 = CIRCLE('',#3136,22.);
#3136 = AXIS2_PLACEMENT_3D('',#3137,#3138,#3139);
#3137 = CARTESIAN_POINT('',(0.,0.,3.));
#3138 = DIRECTION('',(-0.,0.,1.));
#3139 = DIRECTION('',(1.,0.,0.));
#3140 = ORIENTED_EDGE('',*,*,#3102,.T.);
#3141 = CYLINDRICAL_SURFACE('',#3142,22.);
#3142 = AXIS2_PLACEMENT_3D('',#3143,#3144,#3145);
#3143 = CARTESIAN_POINT('',(0.,0.,3.));
#3144 = DIRECTION('',(-0.,-0.,-1.));
#3145 = DIRECTION('',(-1.,0.,0.));
#3146 = ADVANCED_FACE('',(#3147),#3165,.F.);
#3147 = FACE_BOUND('',#3148,.F.);
#3148 = EDGE_LOOP('',(#3149,#3156,#3157,#3164));
#3149 = ORIENTED_EDGE('',*,*,#3150,.F.);
#3150 = EDGE_CURVE('',#388,#396,#3151,.T.);
#3151 = CIRCLE('',#3152,2.);
#3152 = AXIS2_PLACEMENT_3D('',#3153,#3154,#3155);
#3153 = CARTESIAN_POINT('',(0.,0.,-6.));
#3154 = DIRECTION('',(0.,0.,-1.));
#3155 = DIRECTION('',(-1.,0.,0.));
#3156 = ORIENTED_EDGE('',*,*,#385,.F.);
#3157 = ORIENTED_EDGE('',*,*,#3158,.F.);
#3158 = EDGE_CURVE('',#405,#386,#3159,.T.);
#3159 = CIRCLE('',#3160,2.);
#3160 = AXIS2_PLACEMENT_3D('',#3161,#3162,#3163);
#3161 = CARTESIAN_POINT('',(0.,0.,3.));
#3162 = DIRECTION('',(-0.,0.,1.));
#3163 = DIRECTION('',(1.,0.,0.));
#3164 = ORIENTED_EDGE('',*,*,#404,.T.);
#3165 = CYLINDRICAL_SURFACE('',#3166,2.);
#3166 = AXIS2_PLACEMENT_3D('',#3167,#3168,#3169);
#3167 = CARTESIAN_POINT('',(0.,0.,3.));
#3168 = DIRECTION('',(-0.,-0.,-1.));
#3169 = DIRECTION('',(-1.,0.,0.));
#3170 = ADVANCED_FACE('',(#3171),#3182,.T.);
#3171 = FACE_BOUND('',#3172,.T.);
#3172 = EDGE_LOOP('',(#3173,#3174,#3175,#3181));
#3173 = ORIENTED_EDGE('',*,*,#816,.F.);
#3174 = ORIENTED_EDGE('',*,*,#1466,.F.);
#3175 = ORIENTED_EDGE('',*,*,#3176,.T.);
#3176 = EDGE_CURVE('',#1467,#3127,#3177,.T.);
#3177 = LINE('',#3178,#3179);
#3178 = CARTESIAN_POINT('',(1.409538931179,0.513030214989,3.));
#3179 = VECTOR('',#3180,1.);
#3180 = DIRECTION('',(-0.342020143326,0.939692620786,0.));
#3181 = ORIENTED_EDGE('',*,*,#3126,.T.);
#3182 = PLANE('',#3183);
#3183 = AXIS2_PLACEMENT_3D('',#3184,#3185,#3186);
#3184 = CARTESIAN_POINT('',(1.409538931179,0.513030214989,3.));
#3185 = DIRECTION('',(-0.939692620786,-0.342020143326,0.));
#3186 = DIRECTION('',(0.342020143326,-0.939692620786,0.));
#3187 = ADVANCED_FACE('',(#3188,#3198,#3208,#3218,#3228,#3232),#3315,.T.
  );
#3188 = FACE_BOUND('',#3189,.T.);
#3189 = EDGE_LOOP('',(#3190,#3197));
#3190 = ORIENTED_EDGE('',*,*,#3191,.F.);
#3191 = EDGE_CURVE('',#92,#100,#3192,.T.);
#3192 = CIRCLE('',#3193,2.);
#3193 = AXIS2_PLACEMENT_3D('',#3194,#3195,#3196);
#3194 = CARTESIAN_POINT('',(-8.,8.,3.));
#3195 = DIRECTION('',(0.,-0.,1.));
#3196 = DIRECTION('',(1.,0.,0.));
#3197 = ORIENTED_EDGE('',*,*,#99,.F.);
#3198 = FACE_BOUND('',#3199,.T.);
#3199 = EDGE_LOOP('',(#3200,#3207));
#3200 = ORIENTED_EDGE('',*,*,#3201,.F.);
#3201 = EDGE_CURVE('',#166,#174,#3202,.T.);
#3202 = CIRCLE('',#3203,2.);
#3203 = AXIS2_PLACEMENT_3D('',#3204,#3205,#3206);
#3204 = CARTESIAN_POINT('',(8.,8.,3.));
#3205 = DIRECTION('',(0.,-0.,1.));
#3206 = DIRECTION('',(1.,0.,0.));
#3207 = ORIENTED_EDGE('',*,*,#173,.F.);
#3208 = FACE_BOUND('',#3209,.T.);
#3209 = EDGE_LOOP('',(#3210,#3217));
#3210 = ORIENTED_EDGE('',*,*,#3211,.F.);
#3211 = EDGE_CURVE('',#240,#248,#3212,.T.);
#3212 = CIRCLE('',#3213,2.);
#3213 = AXIS2_PLACEMENT_3D('',#3214,#3215,#3216);
#3214 = CARTESIAN_POINT('',(8.,-8.,3.));
#3215 = DIRECTION('',(0.,-0.,1.));
#3216 = DIRECTION('',(1.,0.,0.));
#3217 = ORIENTED_EDGE('',*,*,#247,.F.);
#3218 = FACE_BOUND('',#3219,.T.);
#3219 = EDGE_LOOP('',(#3220,#3227));
#3220 = ORIENTED_EDGE('',*,*,#3221,.F.);
#3221 = EDGE_CURVE('',#314,#322,#3222,.T.);
#3222 = CIRCLE('',#3223,2.);
#3223 = AXIS2_PLACEMENT_3D('',#3224,#3225,#3226);
#3224 = CARTESIAN_POINT('',(-8.,-8.,3.));
#3225 = DIRECTION('',(0.,-0.,1.));
#3226 = DIRECTION('',(1.,0.,0.));
#3227 = ORIENTED_EDGE('',*,*,#321,.F.);
#3228 = FACE_BOUND('',#3229,.T.);
#3229 = EDGE_LOOP('',(#3230,#3231));
#3230 = ORIENTED_EDGE('',*,*,#412,.F.);
#3231 = ORIENTED_EDGE('',*,*,#3158,.F.);
#3232 = FACE_BOUND('',#3233,.T.);
#3233 = EDGE_LOOP('',(#3234,#3235,#3236,#3237,#3238,#3239,#3240,#3241,
    #3242,#3243,#3244,#3245,#3246,#3247,#3248,#3249,#3250,#3251,#3252,
    #3253,#3254,#3255,#3256,#3257,#3258,#3259,#3260,#3261,#3262,#3263,
    #3264,#3265,#3266,#3267,#3268,#3269,#3270,#3271,#3272,#3273,#3274,
    #3275,#3276,#3277,#3278,#3279,#3280,#3281,#3282,#3283,#3284,#3285,
    #3286,#3287,#3288,#3289,#3290,#3291,#3292,#3293,#3294,#3295,#3296,
    #3297,#3298,#3299,#3300,#3301,#3302,#3303,#3304,#3305,#3306,#3307,
    #3308,#3309,#3310,#3311,#3312,#3313,#3314));
#3234 = ORIENTED_EDGE('',*,*,#1474,.F.);
#3235 = ORIENTED_EDGE('',*,*,#1507,.F.);
#3236 = ORIENTED_EDGE('',*,*,#1531,.T.);
#3237 = ORIENTED_EDGE('',*,*,#1556,.F.);
#3238 = ORIENTED_EDGE('',*,*,#1572,.F.);
#3239 = ORIENTED_EDGE('',*,*,#1605,.F.);
#3240 = ORIENTED_EDGE('',*,*,#1629,.T.);
#3241 = ORIENTED_EDGE('',*,*,#1654,.F.);
#3242 = ORIENTED_EDGE('',*,*,#1670,.F.);
#3243 = ORIENTED_EDGE('',*,*,#1703,.F.);
#3244 = ORIENTED_EDGE('',*,*,#1727,.T.);
#3245 = ORIENTED_EDGE('',*,*,#1752,.F.);
#3246 = ORIENTED_EDGE('',*,*,#1768,.F.);
#3247 = ORIENTED_EDGE('',*,*,#1801,.F.);
#3248 = ORIENTED_EDGE('',*,*,#1817,.T.);
#3249 = ORIENTED_EDGE('',*,*,#763,.T.);
#3250 = ORIENTED_EDGE('',*,*,#1843,.F.);
#3251 = ORIENTED_EDGE('',*,*,#1859,.F.);
#3252 = ORIENTED_EDGE('',*,*,#1892,.F.);
#3253 = ORIENTED_EDGE('',*,*,#1916,.T.);
#3254 = ORIENTED_EDGE('',*,*,#1941,.F.);
#3255 = ORIENTED_EDGE('',*,*,#1957,.F.);
#3256 = ORIENTED_EDGE('',*,*,#1990,.F.);
#3257 = ORIENTED_EDGE('',*,*,#2014,.T.);
#3258 = ORIENTED_EDGE('',*,*,#2039,.F.);
#3259 = ORIENTED_EDGE('',*,*,#2055,.F.);
#3260 = ORIENTED_EDGE('',*,*,#2088,.F.);
#3261 = ORIENTED_EDGE('',*,*,#2112,.T.);
#3262 = ORIENTED_EDGE('',*,*,#2137,.F.);
#3263 = ORIENTED_EDGE('',*,*,#2153,.F.);
#3264 = ORIENTED_EDGE('',*,*,#2186,.F.);
#3265 = ORIENTED_EDGE('',*,*,#2210,.T.);
#3266 = ORIENTED_EDGE('',*,*,#2235,.F.);
#3267 = ORIENTED_EDGE('',*,*,#2251,.F.);
#3268 = ORIENTED_EDGE('',*,*,#2284,.F.);
#3269 = ORIENTED_EDGE('',*,*,#2308,.T.);
#3270 = ORIENTED_EDGE('',*,*,#2333,.F.);
#3271 = ORIENTED_EDGE('',*,*,#2350,.F.);
#3272 = ORIENTED_EDGE('',*,*,#748,.F.);
#3273 = ORIENTED_EDGE('',*,*,#2375,.F.);
#3274 = ORIENTED_EDGE('',*,*,#2399,.T.);
#3275 = ORIENTED_EDGE('',*,*,#2424,.F.);
#3276 = ORIENTED_EDGE('',*,*,#2441,.F.);
#3277 = ORIENTED_EDGE('',*,*,#706,.F.);
#3278 = ORIENTED_EDGE('',*,*,#2466,.F.);
#3279 = ORIENTED_EDGE('',*,*,#2490,.T.);
#3280 = ORIENTED_EDGE('',*,*,#2515,.F.);
#3281 = ORIENTED_EDGE('',*,*,#2532,.F.);
#3282 = ORIENTED_EDGE('',*,*,#664,.F.);
#3283 = ORIENTED_EDGE('',*,*,#2557,.F.);
#3284 = ORIENTED_EDGE('',*,*,#2581,.T.);
#3285 = ORIENTED_EDGE('',*,*,#2606,.F.);
#3286 = ORIENTED_EDGE('',*,*,#2623,.F.);
#3287 = ORIENTED_EDGE('',*,*,#622,.F.);
#3288 = ORIENTED_EDGE('',*,*,#2648,.F.);
#3289 = ORIENTED_EDGE('',*,*,#2672,.T.);
#3290 = ORIENTED_EDGE('',*,*,#2697,.F.);
#3291 = ORIENTED_EDGE('',*,*,#2714,.F.);
#3292 = ORIENTED_EDGE('',*,*,#580,.F.);
#3293 = ORIENTED_EDGE('',*,*,#2739,.F.);
#3294 = ORIENTED_EDGE('',*,*,#2763,.T.);
#3295 = ORIENTED_EDGE('',*,*,#2788,.F.);
#3296 = ORIENTED_EDGE('',*,*,#2805,.F.);
#3297 = ORIENTED_EDGE('',*,*,#538,.F.);
#3298 = ORIENTED_EDGE('',*,*,#2830,.F.);
#3299 = ORIENTED_EDGE('',*,*,#2854,.T.);
#3300 = ORIENTED_EDGE('',*,*,#2879,.F.);
#3301 = ORIENTED_EDGE('',*,*,#2896,.F.);
#3302 = ORIENTED_EDGE('',*,*,#496,.F.);
#3303 = ORIENTED_EDGE('',*,*,#2921,.F.);
#3304 = ORIENTED_EDGE('',*,*,#2945,.T.);
#3305 = ORIENTED_EDGE('',*,*,#2970,.F.);
#3306 = ORIENTED_EDGE('',*,*,#2987,.F.);
#3307 = ORIENTED_EDGE('',*,*,#454,.F.);
#3308 = ORIENTED_EDGE('',*,*,#3012,.F.);
#3309 = ORIENTED_EDGE('',*,*,#3036,.T.);
#3310 = ORIENTED_EDGE('',*,*,#3061,.F.);
#3311 = ORIENTED_EDGE('',*,*,#3077,.F.);
#3312 = ORIENTED_EDGE('',*,*,#3110,.F.);
#3313 = ORIENTED_EDGE('',*,*,#3134,.T.);
#3314 = ORIENTED_EDGE('',*,*,#3176,.F.);
#3315 = PLANE('',#3316);
#3316 = AXIS2_PLACEMENT_3D('',#3317,#3318,#3319);
#3317 = CARTESIAN_POINT('',(0.,0.,3.));
#3318 = DIRECTION('',(-0.,0.,1.));
#3319 = DIRECTION('',(1.,0.,0.));
#3320 = ADVANCED_FACE('',(#3321),#3333,.F.);
#3321 = FACE_BOUND('',#3322,.F.);
#3322 = EDGE_LOOP('',(#3323,#3330,#3331,#3332));
#3323 = ORIENTED_EDGE('',*,*,#3324,.F.);
#3324 = EDGE_CURVE('',#312,#331,#3325,.T.);
#3325 = CIRCLE('',#3326,1.2);
#3326 = AXIS2_PLACEMENT_3D('',#3327,#3328,#3329);
#3327 = CARTESIAN_POINT('',(-8.,-8.,2.227448980154));
#3328 = DIRECTION('',(0.,-0.,1.));
#3329 = DIRECTION('',(1.,0.,0.));
#3330 = ORIENTED_EDGE('',*,*,#353,.F.);
#3331 = ORIENTED_EDGE('',*,*,#1410,.T.);
#3332 = ORIENTED_EDGE('',*,*,#362,.T.);
#3333 = CYLINDRICAL_SURFACE('',#3334,1.2);
#3334 = AXIS2_PLACEMENT_3D('',#3335,#3336,#3337);
#3335 = CARTESIAN_POINT('',(-8.,-8.,3.));
#3336 = DIRECTION('',(-0.,-0.,1.));
#3337 = DIRECTION('',(1.,0.,0.));
#3338 = ADVANCED_FACE('',(#3339),#3345,.F.);
#3339 = FACE_BOUND('',#3340,.F.);
#3340 = EDGE_LOOP('',(#3341,#3342,#3343,#3344));
#3341 = ORIENTED_EDGE('',*,*,#3221,.F.);
#3342 = ORIENTED_EDGE('',*,*,#311,.F.);
#3343 = ORIENTED_EDGE('',*,*,#3324,.T.);
#3344 = ORIENTED_EDGE('',*,*,#330,.T.);
#3345 = CONICAL_SURFACE('',#3346,2.,0.802851455917);
#3346 = AXIS2_PLACEMENT_3D('',#3347,#3348,#3349);
#3347 = CARTESIAN_POINT('',(-8.,-8.,3.));
#3348 = DIRECTION('',(-0.,-0.,1.));
#3349 = DIRECTION('',(1.,0.,0.));
#3350 = ADVANCED_FACE('',(#3351),#3363,.F.);
#3351 = FACE_BOUND('',#3352,.F.);
#3352 = EDGE_LOOP('',(#3353,#3360,#3361,#3362));
#3353 = ORIENTED_EDGE('',*,*,#3354,.F.);
#3354 = EDGE_CURVE('',#238,#257,#3355,.T.);
#3355 = CIRCLE('',#3356,1.2);
#3356 = AXIS2_PLACEMENT_3D('',#3357,#3358,#3359);
#3357 = CARTESIAN_POINT('',(8.,-8.,2.227448980154));
#3358 = DIRECTION('',(0.,-0.,1.));
#3359 = DIRECTION('',(1.,0.,0.));
#3360 = ORIENTED_EDGE('',*,*,#279,.F.);
#3361 = ORIENTED_EDGE('',*,*,#1420,.T.);
#3362 = ORIENTED_EDGE('',*,*,#288,.T.);
#3363 = CYLINDRICAL_SURFACE('',#3364,1.2);
#3364 = AXIS2_PLACEMENT_3D('',#3365,#3366,#3367);
#3365 = CARTESIAN_POINT('',(8.,-8.,3.));
#3366 = DIRECTION('',(-0.,-0.,1.));
#3367 = DIRECTION('',(1.,0.,0.));
#3368 = ADVANCED_FACE('',(#3369),#3375,.F.);
#3369 = FACE_BOUND('',#3370,.F.);
#3370 = EDGE_LOOP('',(#3371,#3372,#3373,#3374));
#3371 = ORIENTED_EDGE('',*,*,#3211,.F.);
#3372 = ORIENTED_EDGE('',*,*,#237,.F.);
#3373 = ORIENTED_EDGE('',*,*,#3354,.T.);
#3374 = ORIENTED_EDGE('',*,*,#256,.T.);
#3375 = CONICAL_SURFACE('',#3376,2.,0.802851455917);
#3376 = AXIS2_PLACEMENT_3D('',#3377,#3378,#3379);
#3377 = CARTESIAN_POINT('',(8.,-8.,3.));
#3378 = DIRECTION('',(-0.,-0.,1.));
#3379 = DIRECTION('',(1.,0.,0.));
#3380 = ADVANCED_FACE('',(#3381),#3393,.F.);
#3381 = FACE_BOUND('',#3382,.F.);
#3382 = EDGE_LOOP('',(#3383,#3390,#3391,#3392));
#3383 = ORIENTED_EDGE('',*,*,#3384,.F.);
#3384 = EDGE_CURVE('',#164,#183,#3385,.T.);
#3385 = CIRCLE('',#3386,1.2);
#3386 = AXIS2_PLACEMENT_3D('',#3387,#3388,#3389);
#3387 = CARTESIAN_POINT('',(8.,8.,2.227448980154));
#3388 = DIRECTION('',(0.,-0.,1.));
#3389 = DIRECTION('',(1.,0.,0.));
#3390 = ORIENTED_EDGE('',*,*,#205,.F.);
#3391 = ORIENTED_EDGE('',*,*,#1430,.T.);
#3392 = ORIENTED_EDGE('',*,*,#214,.T.);
#3393 = CYLINDRICAL_SURFACE('',#3394,1.2);
#3394 = AXIS2_PLACEMENT_3D('',#3395,#3396,#3397);
#3395 = CARTESIAN_POINT('',(8.,8.,3.));
#3396 = DIRECTION('',(-0.,-0.,1.));
#3397 = DIRECTION('',(1.,0.,0.));
#3398 = ADVANCED_FACE('',(#3399),#3405,.F.);
#3399 = FACE_BOUND('',#3400,.F.);
#3400 = EDGE_LOOP('',(#3401,#3402,#3403,#3404));
#3401 = ORIENTED_EDGE('',*,*,#3201,.F.);
#3402 = ORIENTED_EDGE('',*,*,#163,.F.);
#3403 = ORIENTED_EDGE('',*,*,#3384,.T.);
#3404 = ORIENTED_EDGE('',*,*,#182,.T.);
#3405 = CONICAL_SURFACE('',#3406,2.,0.802851455917);
#3406 = AXIS2_PLACEMENT_3D('',#3407,#3408,#3409);
#3407 = CARTESIAN_POINT('',(8.,8.,3.));
#3408 = DIRECTION('',(-0.,-0.,1.));
#3409 = DIRECTION('',(1.,0.,0.));
#3410 = ADVANCED_FACE('',(#3411),#3423,.F.);
#3411 = FACE_BOUND('',#3412,.F.);
#3412 = EDGE_LOOP('',(#3413,#3420,#3421,#3422));
#3413 = ORIENTED_EDGE('',*,*,#3414,.F.);
#3414 = EDGE_CURVE('',#90,#109,#3415,.T.);
#3415 = CIRCLE('',#3416,1.2);
#3416 = AXIS2_PLACEMENT_3D('',#3417,#3418,#3419);
#3417 = CARTESIAN_POINT('',(-8.,8.,2.227448980154));
#3418 = DIRECTION('',(0.,-0.,1.));
#3419 = DIRECTION('',(1.,0.,0.));
#3420 = ORIENTED_EDGE('',*,*,#131,.F.);
#3421 = ORIENTED_EDGE('',*,*,#1440,.T.);
#3422 = ORIENTED_EDGE('',*,*,#140,.T.);
#3423 = CYLINDRICAL_SURFACE('',#3424,1.2);
#3424 = AXIS2_PLACEMENT_3D('',#3425,#3426,#3427);
#3425 = CARTESIAN_POINT('',(-8.,8.,3.));
#3426 = DIRECTION('',(-0.,-0.,1.));
#3427 = DIRECTION('',(1.,0.,0.));
#3428 = ADVANCED_FACE('',(#3429),#3435,.F.);
#3429 = FACE_BOUND('',#3430,.F.);
#3430 = EDGE_LOOP('',(#3431,#3432,#3433,#3434));
#3431 = ORIENTED_EDGE('',*,*,#3191,.F.);
#3432 = ORIENTED_EDGE('',*,*,#89,.F.);
#3433 = ORIENTED_EDGE('',*,*,#3414,.T.);
#3434 = ORIENTED_EDGE('',*,*,#108,.T.);
#3435 = CONICAL_SURFACE('',#3436,2.,0.802851455917);
#3436 = AXIS2_PLACEMENT_3D('',#3437,#3438,#3439);
#3437 = CARTESIAN_POINT('',(-8.,8.,3.));
#3438 = DIRECTION('',(-0.,-0.,1.));
#3439 = DIRECTION('',(1.,0.,0.));
#3440 = ADVANCED_FACE('',(#3441,#3451),#3455,.T.);
#3441 = FACE_BOUND('',#3442,.T.);
#3442 = EDGE_LOOP('',(#3443,#3450));
#3443 = ORIENTED_EDGE('',*,*,#3444,.T.);
#3444 = EDGE_CURVE('',#50,#48,#3445,.T.);
#3445 = CIRCLE('',#3446,5.);
#3446 = AXIS2_PLACEMENT_3D('',#3447,#3448,#3449);
#3447 = CARTESIAN_POINT('',(0.,0.,-6.));
#3448 = DIRECTION('',(0.,0.,-1.));
#3449 = DIRECTION('',(-1.,0.,0.));
#3450 = ORIENTED_EDGE('',*,*,#47,.T.);
#3451 = FACE_BOUND('',#3452,.T.);
#3452 = EDGE_LOOP('',(#3453,#3454));
#3453 = ORIENTED_EDGE('',*,*,#3150,.F.);
#3454 = ORIENTED_EDGE('',*,*,#395,.F.);
#3455 = PLANE('',#3456);
#3456 = AXIS2_PLACEMENT_3D('',#3457,#3458,#3459);
#3457 = CARTESIAN_POINT('',(0.,0.,-6.));
#3458 = DIRECTION('',(0.,0.,-1.));
#3459 = DIRECTION('',(-1.,0.,-0.));
#3460 = ADVANCED_FACE('',(#3461),#3467,.T.);
#3461 = FACE_BOUND('',#3462,.T.);
#3462 = EDGE_LOOP('',(#3463,#3464,#3465,#3466));
#3463 = ORIENTED_EDGE('',*,*,#58,.F.);
#3464 = ORIENTED_EDGE('',*,*,#3444,.F.);
#3465 = ORIENTED_EDGE('',*,*,#75,.T.);
#3466 = ORIENTED_EDGE('',*,*,#1450,.T.);
#3467 = CYLINDRICAL_SURFACE('',#3468,5.);
#3468 = AXIS2_PLACEMENT_3D('',#3469,#3470,#3471);
#3469 = CARTESIAN_POINT('',(0.,0.,-6.));
#3470 = DIRECTION('',(-0.,-0.,1.));
#3471 = DIRECTION('',(1.,0.,0.));
#3472 = ( GEOMETRIC_REPRESENTATION_CONTEXT(3) 
GLOBAL_UNCERTAINTY_ASSIGNED_CONTEXT((#3476)) 
GLOBAL_UNIT_ASSIGNED_CONTEXT((#3473,#3474,#3475)) REPRESENTATION_CONTEXT
('Context #1','3D Context with UNIT and UNCERTAINTY') );
#3473 = ( LENGTH_UNIT() NAMED_UNIT(*) SI_UNIT(.MILLI.,.METRE.) );
#3474 = ( NAMED_UNIT(*) PLANE_ANGLE_UNIT() SI_UNIT($,.RADIAN.) );
#3475 = ( NAMED_UNIT(*) SI_UNIT($,.STERADIAN.) SOLID_ANGLE_UNIT() );
#3476 = UNCERTAINTY_MEASURE_WITH_UNIT(LENGTH_MEASURE(1.E-07),#3473,
  'distance_accuracy_value','confusion accuracy');
#3477 = CONTEXT_DEPENDENT_SHAPE_REPRESENTATION(#3478,#3480);
#3478 = ( REPRESENTATION_RELATIONSHIP('','',#40,#10) 
REPRESENTATION_RELATIONSHIP_WITH_TRANSFORMATION(#3479) 
SHAPE_REPRESENTATION_RELATIONSHIP() );
#3479 = ITEM_DEFINED_TRANSFORMATION('','',#11,#15);
#3480 = PRODUCT_DEFINITION_SHAPE('Placement','Placement of an item',
  #3481);
#3481 = NEXT_ASSEMBLY_USAGE_OCCURRENCE('1','OmniBase_Predeterminado','',
  #5,#35,$);
#3482 = PRODUCT_RELATED_PRODUCT_CATEGORY('part',$,(#37));
#3483 = SHAPE_DEFINITION_REPRESENTATION(#3484,#3490);
#3484 = PRODUCT_DEFINITION_SHAPE('','',#3485);
#3485 = PRODUCT_DEFINITION('design','',#3486,#3489);
#3486 = PRODUCT_DEFINITION_FORMATION('','',#3487);
#3487 = PRODUCT('Nut_Predeterminado','Nut_Predeterminado','',(#3488));
#3488 = PRODUCT_CONTEXT('',#2,'mechanical');
#3489 = PRODUCT_DEFINITION_CONTEXT('part definition',#2,'design');
#3490 = ADVANCED_BREP_SHAPE_REPRESENTATION('',(#11,#3491),#4263);
#3491 = MANIFOLD_SOLID_BREP('',#3492);
#3492 = CLOSED_SHELL('',(#3493,#3527,#3561,#3603,#3722,#3841,#3897,#3940
    ,#3989,#4030,#4079,#4119,#4131,#4142,#4153,#4164,#4175,#4186,#4197,
    #4208,#4219,#4230,#4241,#4252));
#3493 = ADVANCED_FACE('',(#3494),#3522,.T.);
#3494 = FACE_BOUND('',#3495,.T.);
#3495 = EDGE_LOOP('',(#3496,#3507,#3515));
#3496 = ORIENTED_EDGE('',*,*,#3497,.T.);
#3497 = EDGE_CURVE('',#3498,#3500,#3502,.T.);
#3498 = VERTEX_POINT('',#3499);
#3499 = CARTESIAN_POINT('',(-6.34960341535,-1.0021642767,2.));
#3500 = VERTEX_POINT('',#3501);
#3501 = CARTESIAN_POINT('',(-6.428203230276,0.,2.));
#3502 = CIRCLE('',#3503,6.428203230276);
#3503 = AXIS2_PLACEMENT_3D('',#3504,#3505,#3506);
#3504 = CARTESIAN_POINT('',(0.,0.,2.));
#3505 = DIRECTION('',(-0.,0.,-1.));
#3506 = DIRECTION('',(-1.,0.,0.));
#3507 = ORIENTED_EDGE('',*,*,#3508,.T.);
#3508 = EDGE_CURVE('',#3500,#3509,#3511,.T.);
#3509 = VERTEX_POINT('',#3510);
#3510 = CARTESIAN_POINT('',(-6.928203230276,0.,1.5));
#3511 = LINE('',#3512,#3513);
#3512 = CARTESIAN_POINT('',(-6.428203230276,0.,2.));
#3513 = VECTOR('',#3514,1.);
#3514 = DIRECTION('',(-0.707106781187,0.,-0.707106781187));
#3515 = ORIENTED_EDGE('',*,*,#3516,.F.);
#3516 = EDGE_CURVE('',#3498,#3509,#3517,.T.);
#3517 = B_SPLINE_CURVE_WITH_KNOTS('',3,(#3518,#3519,#3520,#3521),
  .UNSPECIFIED.,.F.,.F.,(4,4),(1.180370603272E-02,1.30625929713E-02),
  .PIECEWISE_BEZIER_KNOTS.);
#3518 = CARTESIAN_POINT('',(-6.34960341535,-1.0021642767,2.));
#3519 = CARTESIAN_POINT('',(-6.548028542993,-0.658481874124,
    1.857581565332));
#3520 = CARTESIAN_POINT('',(-6.741394516638,-0.323562183316,
    1.686808713637));
#3521 = CARTESIAN_POINT('',(-6.928203230276,0.,1.5));
#3522 = CONICAL_SURFACE('',#3523,6.428203230276,0.785398163397);
#3523 = AXIS2_PLACEMENT_3D('',#3524,#3525,#3526);
#3524 = CARTESIAN_POINT('',(0.,0.,2.));
#3525 = DIRECTION('',(-0.,-0.,-1.));
#3526 = DIRECTION('',(-1.,0.,0.));
#3527 = ADVANCED_FACE('',(#3528),#3556,.T.);
#3528 = FACE_BOUND('',#3529,.T.);
#3529 = EDGE_LOOP('',(#3530,#3541,#3549));
#3530 = ORIENTED_EDGE('',*,*,#3531,.F.);
#3531 = EDGE_CURVE('',#3532,#3534,#3536,.T.);
#3532 = VERTEX_POINT('',#3533);
#3533 = CARTESIAN_POINT('',(6.428203230276,0.,6.123233995737E-17));
#3534 = VERTEX_POINT('',#3535);
#3535 = CARTESIAN_POINT('',(6.349603415351,-1.0021642767,
    6.123233995737E-17));
#3536 = CIRCLE('',#3537,6.428203230276);
#3537 = AXIS2_PLACEMENT_3D('',#3538,#3539,#3540);
#3538 = CARTESIAN_POINT('',(0.,0.,6.123233995737E-17));
#3539 = DIRECTION('',(-0.,0.,-1.));
#3540 = DIRECTION('',(-1.,0.,0.));
#3541 = ORIENTED_EDGE('',*,*,#3542,.T.);
#3542 = EDGE_CURVE('',#3532,#3543,#3545,.T.);
#3543 = VERTEX_POINT('',#3544);
#3544 = CARTESIAN_POINT('',(6.928203230276,4.987329993433E-14,0.5));
#3545 = LINE('',#3546,#3547);
#3546 = CARTESIAN_POINT('',(6.928203230276,0.,0.5));
#3547 = VECTOR('',#3548,1.);
#3548 = DIRECTION('',(0.707106781187,0.,0.707106781187));
#3549 = ORIENTED_EDGE('',*,*,#3550,.F.);
#3550 = EDGE_CURVE('',#3534,#3543,#3551,.T.);
#3551 = B_SPLINE_CURVE_WITH_KNOTS('',3,(#3552,#3553,#3554,#3555),
  .UNSPECIFIED.,.F.,.F.,(4,4),(1.180370603272E-02,1.30625929713E-02),
  .PIECEWISE_BEZIER_KNOTS.);
#3552 = CARTESIAN_POINT('',(6.349603415351,-1.0021642767,
    6.123233995737E-17));
#3553 = CARTESIAN_POINT('',(6.548028542993,-0.658481874124,
    0.142418434668));
#3554 = CARTESIAN_POINT('',(6.741394516638,-0.323562183316,
    0.313191286363));
#3555 = CARTESIAN_POINT('',(6.928203230276,4.987329993433E-14,0.5));
#3556 = CONICAL_SURFACE('',#3557,6.928203230276,0.785398163397);
#3557 = AXIS2_PLACEMENT_3D('',#3558,#3559,#3560);
#3558 = CARTESIAN_POINT('',(0.,0.,0.5));
#3559 = DIRECTION('',(0.,0.,1.));
#3560 = DIRECTION('',(1.,0.,-0.));
#3561 = ADVANCED_FACE('',(#3562),#3598,.F.);
#3562 = FACE_BOUND('',#3563,.F.);
#3563 = EDGE_LOOP('',(#3564,#3574,#3583,#3591));
#3564 = ORIENTED_EDGE('',*,*,#3565,.T.);
#3565 = EDGE_CURVE('',#3566,#3568,#3570,.T.);
#3566 = VERTEX_POINT('',#3567);
#3567 = CARTESIAN_POINT('',(-2.,0.,2.));
#3568 = VERTEX_POINT('',#3569);
#3569 = CARTESIAN_POINT('',(-2.,0.,0.));
#3570 = LINE('',#3571,#3572);
#3571 = CARTESIAN_POINT('',(-2.,0.,2.));
#3572 = VECTOR('',#3573,1.);
#3573 = DIRECTION('',(-0.,-0.,-1.));
#3574 = ORIENTED_EDGE('',*,*,#3575,.T.);
#3575 = EDGE_CURVE('',#3568,#3576,#3578,.T.);
#3576 = VERTEX_POINT('',#3577);
#3577 = CARTESIAN_POINT('',(2.,2.449293598295E-16,0.));
#3578 = CIRCLE('',#3579,2.);
#3579 = AXIS2_PLACEMENT_3D('',#3580,#3581,#3582);
#3580 = CARTESIAN_POINT('',(0.,0.,0.));
#3581 = DIRECTION('',(0.,0.,1.));
#3582 = DIRECTION('',(1.,0.,-0.));
#3583 = ORIENTED_EDGE('',*,*,#3584,.F.);
#3584 = EDGE_CURVE('',#3585,#3576,#3587,.T.);
#3585 = VERTEX_POINT('',#3586);
#3586 = CARTESIAN_POINT('',(2.,2.449293598295E-16,2.));
#3587 = LINE('',#3588,#3589);
#3588 = CARTESIAN_POINT('',(2.,2.449293598295E-16,2.));
#3589 = VECTOR('',#3590,1.);
#3590 = DIRECTION('',(-0.,-0.,-1.));
#3591 = ORIENTED_EDGE('',*,*,#3592,.F.);
#3592 = EDGE_CURVE('',#3566,#3585,#3593,.T.);
#3593 = CIRCLE('',#3594,2.);
#3594 = AXIS2_PLACEMENT_3D('',#3595,#3596,#3597);
#3595 = CARTESIAN_POINT('',(0.,0.,2.));
#3596 = DIRECTION('',(0.,0.,1.));
#3597 = DIRECTION('',(1.,0.,-0.));
#3598 = CYLINDRICAL_SURFACE('',#3599,2.);
#3599 = AXIS2_PLACEMENT_3D('',#3600,#3601,#3602);
#3600 = CARTESIAN_POINT('',(0.,0.,2.));
#3601 = DIRECTION('',(-0.,-0.,-1.));
#3602 = DIRECTION('',(-1.,0.,0.));
#3603 = ADVANCED_FACE('',(#3604,#3614),#3717,.T.);
#3604 = FACE_BOUND('',#3605,.T.);
#3605 = EDGE_LOOP('',(#3606,#3607));
#3606 = ORIENTED_EDGE('',*,*,#3592,.F.);
#3607 = ORIENTED_EDGE('',*,*,#3608,.F.);
#3608 = EDGE_CURVE('',#3585,#3566,#3609,.T.);
#3609 = CIRCLE('',#3610,2.);
#3610 = AXIS2_PLACEMENT_3D('',#3611,#3612,#3613);
#3611 = CARTESIAN_POINT('',(0.,0.,2.));
#3612 = DIRECTION('',(0.,0.,1.));
#3613 = DIRECTION('',(1.,0.,-0.));
#3614 = FACE_BOUND('',#3615,.T.);
#3615 = EDGE_LOOP('',(#3616,#3627,#3635,#3644,#3652,#3661,#3669,#3678,
    #3686,#3693,#3694,#3702,#3711));
#3616 = ORIENTED_EDGE('',*,*,#3617,.F.);
#3617 = EDGE_CURVE('',#3618,#3620,#3622,.T.);
#3618 = VERTEX_POINT('',#3619);
#3619 = CARTESIAN_POINT('',(4.042701430063,-4.9978357233,2.));
#3620 = VERTEX_POINT('',#3621);
#3621 = CARTESIAN_POINT('',(2.306901985288,-6.,2.));
#3622 = CIRCLE('',#3623,6.428203230276);
#3623 = AXIS2_PLACEMENT_3D('',#3624,#3625,#3626);
#3624 = CARTESIAN_POINT('',(0.,0.,2.));
#3625 = DIRECTION('',(-0.,0.,-1.));
#3626 = DIRECTION('',(-1.,0.,0.));
#3627 = ORIENTED_EDGE('',*,*,#3628,.T.);
#3628 = EDGE_CURVE('',#3618,#3629,#3631,.T.);
#3629 = VERTEX_POINT('',#3630);
#3630 = CARTESIAN_POINT('',(6.349603415351,-1.0021642767,2.));
#3631 = LINE('',#3632,#3633);
#3632 = CARTESIAN_POINT('',(3.464101615138,-6.,2.));
#3633 = VECTOR('',#3634,1.);
#3634 = DIRECTION('',(0.5,0.866025403784,0.));
#3635 = ORIENTED_EDGE('',*,*,#3636,.F.);
#3636 = EDGE_CURVE('',#3637,#3629,#3639,.T.);
#3637 = VERTEX_POINT('',#3638);
#3638 = CARTESIAN_POINT('',(6.34960341535,1.0021642767,2.));
#3639 = CIRCLE('',#3640,6.428203230276);
#3640 = AXIS2_PLACEMENT_3D('',#3641,#3642,#3643);
#3641 = CARTESIAN_POINT('',(0.,0.,2.));
#3642 = DIRECTION('',(-0.,0.,-1.));
#3643 = DIRECTION('',(-1.,0.,0.));
#3644 = ORIENTED_EDGE('',*,*,#3645,.T.);
#3645 = EDGE_CURVE('',#3637,#3646,#3648,.T.);
#3646 = VERTEX_POINT('',#3647);
#3647 = CARTESIAN_POINT('',(4.042701430063,4.9978357233,2.));
#3648 = LINE('',#3649,#3650);
#3649 = CARTESIAN_POINT('',(6.928203230276,4.837938458044E-14,2.));
#3650 = VECTOR('',#3651,1.);
#3651 = DIRECTION('',(-0.5,0.866025403784,0.));
#3652 = ORIENTED_EDGE('',*,*,#3653,.F.);
#3653 = EDGE_CURVE('',#3654,#3646,#3656,.T.);
#3654 = VERTEX_POINT('',#3655);
#3655 = CARTESIAN_POINT('',(2.306901985288,6.,2.));
#3656 = CIRCLE('',#3657,6.428203230276);
#3657 = AXIS2_PLACEMENT_3D('',#3658,#3659,#3660);
#3658 = CARTESIAN_POINT('',(0.,0.,2.));
#3659 = DIRECTION('',(-0.,0.,-1.));
#3660 = DIRECTION('',(-1.,0.,0.));
#3661 = ORIENTED_EDGE('',*,*,#3662,.T.);
#3662 = EDGE_CURVE('',#3654,#3663,#3665,.T.);
#3663 = VERTEX_POINT('',#3664);
#3664 = CARTESIAN_POINT('',(-2.306901985288,6.,2.));
#3665 = LINE('',#3666,#3667);
#3666 = CARTESIAN_POINT('',(3.464101615138,6.,2.));
#3667 = VECTOR('',#3668,1.);
#3668 = DIRECTION('',(-1.,-1.039100930793E-14,0.));
#3669 = ORIENTED_EDGE('',*,*,#3670,.F.);
#3670 = EDGE_CURVE('',#3671,#3663,#3673,.T.);
#3671 = VERTEX_POINT('',#3672);
#3672 = CARTESIAN_POINT('',(-4.042701430063,4.9978357233,2.));
#3673 = CIRCLE('',#3674,6.428203230276);
#3674 = AXIS2_PLACEMENT_3D('',#3675,#3676,#3677);
#3675 = CARTESIAN_POINT('',(0.,0.,2.));
#3676 = DIRECTION('',(-0.,0.,-1.));
#3677 = DIRECTION('',(-1.,0.,0.));
#3678 = ORIENTED_EDGE('',*,*,#3679,.T.);
#3679 = EDGE_CURVE('',#3671,#3680,#3682,.T.);
#3680 = VERTEX_POINT('',#3681);
#3681 = CARTESIAN_POINT('',(-6.34960341535,1.0021642767,2.));
#3682 = LINE('',#3683,#3684);
#3683 = CARTESIAN_POINT('',(-3.464101615138,6.,2.));
#3684 = VECTOR('',#3685,1.);
#3685 = DIRECTION('',(-0.5,-0.866025403784,0.));
#3686 = ORIENTED_EDGE('',*,*,#3687,.F.);
#3687 = EDGE_CURVE('',#3500,#3680,#3688,.T.);
#3688 = CIRCLE('',#3689,6.428203230276);
#3689 = AXIS2_PLACEMENT_3D('',#3690,#3691,#3692);
#3690 = CARTESIAN_POINT('',(0.,0.,2.));
#3691 = DIRECTION('',(-0.,0.,-1.));
#3692 = DIRECTION('',(-1.,0.,0.));
#3693 = ORIENTED_EDGE('',*,*,#3497,.F.);
#3694 = ORIENTED_EDGE('',*,*,#3695,.T.);
#3695 = EDGE_CURVE('',#3498,#3696,#3698,.T.);
#3696 = VERTEX_POINT('',#3697);
#3697 = CARTESIAN_POINT('',(-4.042701430063,-4.9978357233,2.));
#3698 = LINE('',#3699,#3700);
#3699 = CARTESIAN_POINT('',(-6.928203230276,0.,2.));
#3700 = VECTOR('',#3701,1.);
#3701 = DIRECTION('',(0.5,-0.866025403784,0.));
#3702 = ORIENTED_EDGE('',*,*,#3703,.F.);
#3703 = EDGE_CURVE('',#3704,#3696,#3706,.T.);
#3704 = VERTEX_POINT('',#3705);
#3705 = CARTESIAN_POINT('',(-2.306901985288,-6.,2.));
#3706 = CIRCLE('',#3707,6.428203230276);
#3707 = AXIS2_PLACEMENT_3D('',#3708,#3709,#3710);
#3708 = CARTESIAN_POINT('',(0.,0.,2.));
#3709 = DIRECTION('',(-0.,0.,-1.));
#3710 = DIRECTION('',(-1.,0.,0.));
#3711 = ORIENTED_EDGE('',*,*,#3712,.T.);
#3712 = EDGE_CURVE('',#3704,#3620,#3713,.T.);
#3713 = LINE('',#3714,#3715);
#3714 = CARTESIAN_POINT('',(-3.464101615138,-6.,2.));
#3715 = VECTOR('',#3716,1.);
#3716 = DIRECTION('',(1.,3.505400730387E-15,0.));
#3717 = PLANE('',#3718);
#3718 = AXIS2_PLACEMENT_3D('',#3719,#3720,#3721);
#3719 = CARTESIAN_POINT('',(0.,0.,2.));
#3720 = DIRECTION('',(0.,0.,1.));
#3721 = DIRECTION('',(1.,0.,-0.));
#3722 = ADVANCED_FACE('',(#3723,#3733),#3836,.F.);
#3723 = FACE_BOUND('',#3724,.T.);
#3724 = EDGE_LOOP('',(#3725,#3726));
#3725 = ORIENTED_EDGE('',*,*,#3575,.T.);
#3726 = ORIENTED_EDGE('',*,*,#3727,.T.);
#3727 = EDGE_CURVE('',#3576,#3568,#3728,.T.);
#3728 = CIRCLE('',#3729,2.);
#3729 = AXIS2_PLACEMENT_3D('',#3730,#3731,#3732);
#3730 = CARTESIAN_POINT('',(0.,0.,0.));
#3731 = DIRECTION('',(0.,0.,1.));
#3732 = DIRECTION('',(1.,0.,-0.));
#3733 = FACE_BOUND('',#3734,.T.);
#3734 = EDGE_LOOP('',(#3735,#3743,#3752,#3760,#3769,#3777,#3786,#3794,
    #3803,#3811,#3820,#3828,#3835));
#3735 = ORIENTED_EDGE('',*,*,#3736,.F.);
#3736 = EDGE_CURVE('',#3737,#3534,#3739,.T.);
#3737 = VERTEX_POINT('',#3738);
#3738 = CARTESIAN_POINT('',(4.042701430063,-4.9978357233,0.));
#3739 = LINE('',#3740,#3741);
#3740 = CARTESIAN_POINT('',(3.464101615138,-6.,0.));
#3741 = VECTOR('',#3742,1.);
#3742 = DIRECTION('',(0.5,0.866025403784,0.));
#3743 = ORIENTED_EDGE('',*,*,#3744,.T.);
#3744 = EDGE_CURVE('',#3737,#3745,#3747,.T.);
#3745 = VERTEX_POINT('',#3746);
#3746 = CARTESIAN_POINT('',(2.306901985288,-6.,6.123233995737E-17));
#3747 = CIRCLE('',#3748,6.428203230276);
#3748 = AXIS2_PLACEMENT_3D('',#3749,#3750,#3751);
#3749 = CARTESIAN_POINT('',(0.,0.,6.123233995737E-17));
#3750 = DIRECTION('',(-0.,0.,-1.));
#3751 = DIRECTION('',(-1.,0.,0.));
#3752 = ORIENTED_EDGE('',*,*,#3753,.F.);
#3753 = EDGE_CURVE('',#3754,#3745,#3756,.T.);
#3754 = VERTEX_POINT('',#3755);
#3755 = CARTESIAN_POINT('',(-2.306901985288,-6.,0.));
#3756 = LINE('',#3757,#3758);
#3757 = CARTESIAN_POINT('',(-3.464101615138,-6.,0.));
#3758 = VECTOR('',#3759,1.);
#3759 = DIRECTION('',(1.,3.505400730387E-15,0.));
#3760 = ORIENTED_EDGE('',*,*,#3761,.T.);
#3761 = EDGE_CURVE('',#3754,#3762,#3764,.T.);
#3762 = VERTEX_POINT('',#3763);
#3763 = CARTESIAN_POINT('',(-4.042701430063,-4.9978357233,
    6.123233995737E-17));
#3764 = CIRCLE('',#3765,6.428203230276);
#3765 = AXIS2_PLACEMENT_3D('',#3766,#3767,#3768);
#3766 = CARTESIAN_POINT('',(0.,0.,6.123233995737E-17));
#3767 = DIRECTION('',(-0.,0.,-1.));
#3768 = DIRECTION('',(-1.,0.,0.));
#3769 = ORIENTED_EDGE('',*,*,#3770,.F.);
#3770 = EDGE_CURVE('',#3771,#3762,#3773,.T.);
#3771 = VERTEX_POINT('',#3772);
#3772 = CARTESIAN_POINT('',(-6.34960341535,-1.0021642767,0.));
#3773 = LINE('',#3774,#3775);
#3774 = CARTESIAN_POINT('',(-6.928203230276,0.,0.));
#3775 = VECTOR('',#3776,1.);
#3776 = DIRECTION('',(0.5,-0.866025403784,0.));
#3777 = ORIENTED_EDGE('',*,*,#3778,.T.);
#3778 = EDGE_CURVE('',#3771,#3779,#3781,.T.);
#3779 = VERTEX_POINT('',#3780);
#3780 = CARTESIAN_POINT('',(-6.34960341535,1.0021642767,
    6.123233995737E-17));
#3781 = CIRCLE('',#3782,6.428203230276);
#3782 = AXIS2_PLACEMENT_3D('',#3783,#3784,#3785);
#3783 = CARTESIAN_POINT('',(0.,0.,6.123233995737E-17));
#3784 = DIRECTION('',(-0.,0.,-1.));
#3785 = DIRECTION('',(-1.,0.,0.));
#3786 = ORIENTED_EDGE('',*,*,#3787,.F.);
#3787 = EDGE_CURVE('',#3788,#3779,#3790,.T.);
#3788 = VERTEX_POINT('',#3789);
#3789 = CARTESIAN_POINT('',(-4.042701430063,4.9978357233,
    6.123233995737E-17));
#3790 = LINE('',#3791,#3792);
#3791 = CARTESIAN_POINT('',(-3.464101615138,6.,0.));
#3792 = VECTOR('',#3793,1.);
#3793 = DIRECTION('',(-0.5,-0.866025403784,0.));
#3794 = ORIENTED_EDGE('',*,*,#3795,.T.);
#3795 = EDGE_CURVE('',#3788,#3796,#3798,.T.);
#3796 = VERTEX_POINT('',#3797);
#3797 = CARTESIAN_POINT('',(-2.306901985288,6.,6.123233995737E-17));
#3798 = CIRCLE('',#3799,6.428203230276);
#3799 = AXIS2_PLACEMENT_3D('',#3800,#3801,#3802);
#3800 = CARTESIAN_POINT('',(0.,0.,6.123233995737E-17));
#3801 = DIRECTION('',(-0.,0.,-1.));
#3802 = DIRECTION('',(-1.,0.,0.));
#3803 = ORIENTED_EDGE('',*,*,#3804,.F.);
#3804 = EDGE_CURVE('',#3805,#3796,#3807,.T.);
#3805 = VERTEX_POINT('',#3806);
#3806 = CARTESIAN_POINT('',(2.306901985288,6.,0.));
#3807 = LINE('',#3808,#3809);
#3808 = CARTESIAN_POINT('',(3.464101615138,6.,0.));
#3809 = VECTOR('',#3810,1.);
#3810 = DIRECTION('',(-1.,-1.039100930793E-14,0.));
#3811 = ORIENTED_EDGE('',*,*,#3812,.T.);
#3812 = EDGE_CURVE('',#3805,#3813,#3815,.T.);
#3813 = VERTEX_POINT('',#3814);
#3814 = CARTESIAN_POINT('',(4.042701430063,4.9978357233,
    6.123233995737E-17));
#3815 = CIRCLE('',#3816,6.428203230276);
#3816 = AXIS2_PLACEMENT_3D('',#3817,#3818,#3819);
#3817 = CARTESIAN_POINT('',(0.,0.,6.123233995737E-17));
#3818 = DIRECTION('',(-0.,0.,-1.));
#3819 = DIRECTION('',(-1.,0.,0.));
#3820 = ORIENTED_EDGE('',*,*,#3821,.F.);
#3821 = EDGE_CURVE('',#3822,#3813,#3824,.T.);
#3822 = VERTEX_POINT('',#3823);
#3823 = CARTESIAN_POINT('',(6.34960341535,1.0021642767,0.));
#3824 = LINE('',#3825,#3826);
#3825 = CARTESIAN_POINT('',(6.928203230276,4.837938458044E-14,0.));
#3826 = VECTOR('',#3827,1.);
#3827 = DIRECTION('',(-0.5,0.866025403784,0.));
#3828 = ORIENTED_EDGE('',*,*,#3829,.T.);
#3829 = EDGE_CURVE('',#3822,#3532,#3830,.T.);
#3830 = CIRCLE('',#3831,6.428203230276);
#3831 = AXIS2_PLACEMENT_3D('',#3832,#3833,#3834);
#3832 = CARTESIAN_POINT('',(0.,0.,6.123233995737E-17));
#3833 = DIRECTION('',(-0.,0.,-1.));
#3834 = DIRECTION('',(-1.,0.,0.));
#3835 = ORIENTED_EDGE('',*,*,#3531,.T.);
#3836 = PLANE('',#3837);
#3837 = AXIS2_PLACEMENT_3D('',#3838,#3839,#3840);
#3838 = CARTESIAN_POINT('',(0.,0.,0.));
#3839 = DIRECTION('',(0.,0.,1.));
#3840 = DIRECTION('',(1.,0.,-0.));
#3841 = ADVANCED_FACE('',(#3842),#3892,.F.);
#3842 = FACE_BOUND('',#3843,.T.);
#3843 = EDGE_LOOP('',(#3844,#3854,#3861,#3862,#3871,#3877,#3884,#3885));
#3844 = ORIENTED_EDGE('',*,*,#3845,.T.);
#3845 = EDGE_CURVE('',#3846,#3848,#3850,.T.);
#3846 = VERTEX_POINT('',#3847);
#3847 = CARTESIAN_POINT('',(-3.464101615138,6.,1.5));
#3848 = VERTEX_POINT('',#3849);
#3849 = CARTESIAN_POINT('',(-3.464101615138,6.,0.5));
#3850 = LINE('',#3851,#3852);
#3851 = CARTESIAN_POINT('',(-3.464101615138,6.,2.));
#3852 = VECTOR('',#3853,1.);
#3853 = DIRECTION('',(-0.,-0.,-1.));
#3854 = ORIENTED_EDGE('',*,*,#3855,.T.);
#3855 = EDGE_CURVE('',#3848,#3788,#3856,.T.);
#3856 = B_SPLINE_CURVE_WITH_KNOTS('',3,(#3857,#3858,#3859,#3860),
  .UNSPECIFIED.,.F.,.F.,(4,4),(5.835091853001E-03,7.096632735175E-03),
  .PIECEWISE_BEZIER_KNOTS.);
#3857 = CARTESIAN_POINT('',(-3.464101615138,6.,0.5));
#3858 = CARTESIAN_POINT('',(-3.652394498001,5.673867160177,
    0.311707117136));
#3859 = CARTESIAN_POINT('',(-3.844649868058,5.340871091211,
    0.142150310191));
#3860 = CARTESIAN_POINT('',(-4.042701430063,4.9978357233,
    6.123233995737E-17));
#3861 = ORIENTED_EDGE('',*,*,#3787,.T.);
#3862 = ORIENTED_EDGE('',*,*,#3863,.T.);
#3863 = EDGE_CURVE('',#3779,#3864,#3866,.T.);
#3864 = VERTEX_POINT('',#3865);
#3865 = CARTESIAN_POINT('',(-6.928203230276,-8.673617379884E-16,0.5));
#3866 = B_SPLINE_CURVE_WITH_KNOTS('',3,(#3867,#3868,#3869,#3870),
  .UNSPECIFIED.,.F.,.F.,(4,4),(1.180370603272E-02,1.306259297129E-02),
  .PIECEWISE_BEZIER_KNOTS.);
#3867 = CARTESIAN_POINT('',(-6.34960341535,1.0021642767,
    6.123233995737E-17));
#3868 = CARTESIAN_POINT('',(-6.548028542993,0.658481874124,
    0.142418434668));
#3869 = CARTESIAN_POINT('',(-6.741394516638,0.323562183316,
    0.313191286363));
#3870 = CARTESIAN_POINT('',(-6.928203230276,-8.673617379884E-16,0.5));
#3871 = ORIENTED_EDGE('',*,*,#3872,.F.);
#3872 = EDGE_CURVE('',#3509,#3864,#3873,.T.);
#3873 = LINE('',#3874,#3875);
#3874 = CARTESIAN_POINT('',(-6.928203230276,0.,2.));
#3875 = VECTOR('',#3876,1.);
#3876 = DIRECTION('',(-0.,-0.,-1.));
#3877 = ORIENTED_EDGE('',*,*,#3878,.T.);
#3878 = EDGE_CURVE('',#3509,#3680,#3879,.T.);
#3879 = B_SPLINE_CURVE_WITH_KNOTS('',3,(#3880,#3881,#3882,#3883),
  .UNSPECIFIED.,.F.,.F.,(4,4),(5.835091853001E-03,7.096632735175E-03),
  .PIECEWISE_BEZIER_KNOTS.);
#3880 = CARTESIAN_POINT('',(-6.928203230276,0.,1.5));
#3881 = CARTESIAN_POINT('',(-6.739910347412,0.326132839823,
    1.688292882864));
#3882 = CARTESIAN_POINT('',(-6.547654977355,0.659128908789,
    1.857849689809));
#3883 = CARTESIAN_POINT('',(-6.34960341535,1.0021642767,2.));
#3884 = ORIENTED_EDGE('',*,*,#3679,.F.);
#3885 = ORIENTED_EDGE('',*,*,#3886,.T.);
#3886 = EDGE_CURVE('',#3671,#3846,#3887,.T.);
#3887 = B_SPLINE_CURVE_WITH_KNOTS('',3,(#3888,#3889,#3890,#3891),
  .UNSPECIFIED.,.F.,.F.,(4,4),(1.180370603272E-02,1.306259297129E-02),
  .PIECEWISE_BEZIER_KNOTS.);
#3888 = CARTESIAN_POINT('',(-4.042701430063,4.9978357233,2.));
#3889 = CARTESIAN_POINT('',(-3.84427630242,5.341518125876,1.857581565332
    ));
#3890 = CARTESIAN_POINT('',(-3.650910328775,5.676437816684,
    1.686808713637));
#3891 = CARTESIAN_POINT('',(-3.464101615138,6.,1.5));
#3892 = PLANE('',#3893);
#3893 = AXIS2_PLACEMENT_3D('',#3894,#3895,#3896);
#3894 = CARTESIAN_POINT('',(-3.464101615138,6.,2.));
#3895 = DIRECTION('',(0.866025403784,-0.5,0.));
#3896 = DIRECTION('',(0.5,0.866025403784,0.));
#3897 = ADVANCED_FACE('',(#3898),#3935,.F.);
#3898 = FACE_BOUND('',#3899,.T.);
#3899 = EDGE_LOOP('',(#3900,#3901,#3908,#3909,#3918,#3926,#3933,#3934));
#3900 = ORIENTED_EDGE('',*,*,#3872,.T.);
#3901 = ORIENTED_EDGE('',*,*,#3902,.T.);
#3902 = EDGE_CURVE('',#3864,#3771,#3903,.T.);
#3903 = B_SPLINE_CURVE_WITH_KNOTS('',3,(#3904,#3905,#3906,#3907),
  .UNSPECIFIED.,.F.,.F.,(4,4),(5.835091853001E-03,7.096632735175E-03),
  .PIECEWISE_BEZIER_KNOTS.);
#3904 = CARTESIAN_POINT('',(-6.928203230276,-8.673617379884E-16,0.5));
#3905 = CARTESIAN_POINT('',(-6.739910347412,-0.326132839823,
    0.311707117136));
#3906 = CARTESIAN_POINT('',(-6.547654977355,-0.659128908789,
    0.142150310191));
#3907 = CARTESIAN_POINT('',(-6.34960341535,-1.0021642767,0.));
#3908 = ORIENTED_EDGE('',*,*,#3770,.T.);
#3909 = ORIENTED_EDGE('',*,*,#3910,.T.);
#3910 = EDGE_CURVE('',#3762,#3911,#3913,.T.);
#3911 = VERTEX_POINT('',#3912);
#3912 = CARTESIAN_POINT('',(-3.464101615138,-6.,0.5));
#3913 = B_SPLINE_CURVE_WITH_KNOTS('',3,(#3914,#3915,#3916,#3917),
  .UNSPECIFIED.,.F.,.F.,(4,4),(1.180370603272E-02,1.30625929713E-02),
  .PIECEWISE_BEZIER_KNOTS.);
#3914 = CARTESIAN_POINT('',(-4.042701430063,-4.9978357233,
    6.123233995737E-17));
#3915 = CARTESIAN_POINT('',(-3.84427630242,-5.341518125876,
    0.142418434668));
#3916 = CARTESIAN_POINT('',(-3.650910328775,-5.676437816684,
    0.313191286363));
#3917 = CARTESIAN_POINT('',(-3.464101615138,-6.,0.5));
#3918 = ORIENTED_EDGE('',*,*,#3919,.F.);
#3919 = EDGE_CURVE('',#3920,#3911,#3922,.T.);
#3920 = VERTEX_POINT('',#3921);
#3921 = CARTESIAN_POINT('',(-3.464101615138,-6.,1.5));
#3922 = LINE('',#3923,#3924);
#3923 = CARTESIAN_POINT('',(-3.464101615138,-6.,2.));
#3924 = VECTOR('',#3925,1.);
#3925 = DIRECTION('',(-0.,-0.,-1.));
#3926 = ORIENTED_EDGE('',*,*,#3927,.T.);
#3927 = EDGE_CURVE('',#3920,#3696,#3928,.T.);
#3928 = B_SPLINE_CURVE_WITH_KNOTS('',3,(#3929,#3930,#3931,#3932),
  .UNSPECIFIED.,.F.,.F.,(4,4),(5.835091853001E-03,7.096632735175E-03),
  .PIECEWISE_BEZIER_KNOTS.);
#3929 = CARTESIAN_POINT('',(-3.464101615138,-6.,1.5));
#3930 = CARTESIAN_POINT('',(-3.652394498001,-5.673867160177,
    1.688292882864));
#3931 = CARTESIAN_POINT('',(-3.844649868058,-5.340871091211,
    1.857849689809));
#3932 = CARTESIAN_POINT('',(-4.042701430063,-4.9978357233,2.));
#3933 = ORIENTED_EDGE('',*,*,#3695,.F.);
#3934 = ORIENTED_EDGE('',*,*,#3516,.T.);
#3935 = PLANE('',#3936);
#3936 = AXIS2_PLACEMENT_3D('',#3937,#3938,#3939);
#3937 = CARTESIAN_POINT('',(-6.928203230276,0.,2.));
#3938 = DIRECTION('',(0.866025403784,0.5,-0.));
#3939 = DIRECTION('',(-0.5,0.866025403784,0.));
#3940 = ADVANCED_FACE('',(#3941),#3984,.F.);
#3941 = FACE_BOUND('',#3942,.T.);
#3942 = EDGE_LOOP('',(#3943,#3944,#3951,#3952,#3961,#3969,#3976,#3977));
#3943 = ORIENTED_EDGE('',*,*,#3919,.T.);
#3944 = ORIENTED_EDGE('',*,*,#3945,.T.);
#3945 = EDGE_CURVE('',#3911,#3754,#3946,.T.);
#3946 = B_SPLINE_CURVE_WITH_KNOTS('',3,(#3947,#3948,#3949,#3950),
  .UNSPECIFIED.,.F.,.F.,(4,4),(5.009730341086E-03,6.262577370382E-03),
  .PIECEWISE_BEZIER_KNOTS.);
#3947 = CARTESIAN_POINT('',(-3.464101615138,-6.,0.5));
#3948 = CARTESIAN_POINT('',(-3.088092036638,-6.,0.31199521075));
#3949 = CARTESIAN_POINT('',(-2.700924787477,-6.,0.141403740992));
#3950 = CARTESIAN_POINT('',(-2.306901985288,-6.,0.));
#3951 = ORIENTED_EDGE('',*,*,#3753,.T.);
#3952 = ORIENTED_EDGE('',*,*,#3953,.T.);
#3953 = EDGE_CURVE('',#3745,#3954,#3956,.T.);
#3954 = VERTEX_POINT('',#3955);
#3955 = CARTESIAN_POINT('',(3.464101615138,-6.,0.5));
#3956 = B_SPLINE_CURVE_WITH_KNOTS('',3,(#3957,#3958,#3959,#3960),
  .UNSPECIFIED.,.F.,.F.,(4,4),(1.096354251179E-02,1.222506330953E-02),
  .PIECEWISE_BEZIER_KNOTS.);
#3957 = CARTESIAN_POINT('',(2.306901985288,-6.,6.123233995737E-17));
#3958 = CARTESIAN_POINT('',(2.703761859258,-6.,0.142421886544));
#3959 = CARTESIAN_POINT('',(3.088148223165,-6.,0.312023304013));
#3960 = CARTESIAN_POINT('',(3.464101615138,-6.,0.5));
#3961 = ORIENTED_EDGE('',*,*,#3962,.F.);
#3962 = EDGE_CURVE('',#3963,#3954,#3965,.T.);
#3963 = VERTEX_POINT('',#3964);
#3964 = CARTESIAN_POINT('',(3.464101615138,-6.,1.5));
#3965 = LINE('',#3966,#3967);
#3966 = CARTESIAN_POINT('',(3.464101615138,-6.,2.));
#3967 = VECTOR('',#3968,1.);
#3968 = DIRECTION('',(-0.,-0.,-1.));
#3969 = ORIENTED_EDGE('',*,*,#3970,.T.);
#3970 = EDGE_CURVE('',#3963,#3620,#3971,.T.);
#3971 = B_SPLINE_CURVE_WITH_KNOTS('',3,(#3972,#3973,#3974,#3975),
  .UNSPECIFIED.,.F.,.F.,(4,4),(5.009730341086E-03,6.262577370382E-03),
  .PIECEWISE_BEZIER_KNOTS.);
#3972 = CARTESIAN_POINT('',(3.464101615138,-6.,1.5));
#3973 = CARTESIAN_POINT('',(3.088092036639,-6.,1.68800478925));
#3974 = CARTESIAN_POINT('',(2.700924787477,-6.,1.858596259008));
#3975 = CARTESIAN_POINT('',(2.306901985288,-6.,2.));
#3976 = ORIENTED_EDGE('',*,*,#3712,.F.);
#3977 = ORIENTED_EDGE('',*,*,#3978,.T.);
#3978 = EDGE_CURVE('',#3704,#3920,#3979,.T.);
#3979 = B_SPLINE_CURVE_WITH_KNOTS('',3,(#3980,#3981,#3982,#3983),
  .UNSPECIFIED.,.F.,.F.,(4,4),(1.096354251179E-02,1.222506330953E-02),
  .PIECEWISE_BEZIER_KNOTS.);
#3980 = CARTESIAN_POINT('',(-2.306901985288,-6.,2.));
#3981 = CARTESIAN_POINT('',(-2.703761859258,-6.,1.857578113456));
#3982 = CARTESIAN_POINT('',(-3.088148223165,-6.,1.687976695987));
#3983 = CARTESIAN_POINT('',(-3.464101615138,-6.,1.5));
#3984 = PLANE('',#3985);
#3985 = AXIS2_PLACEMENT_3D('',#3986,#3987,#3988);
#3986 = CARTESIAN_POINT('',(-3.464101615138,-6.,2.));
#3987 = DIRECTION('',(-3.505400730387E-15,1.,0.));
#3988 = DIRECTION('',(-1.,-3.505400730387E-15,0.));
#3989 = ADVANCED_FACE('',(#3990),#4025,.F.);
#3990 = FACE_BOUND('',#3991,.T.);
#3991 = EDGE_LOOP('',(#3992,#3993,#4000,#4001,#4002,#4010,#4017,#4018));
#3992 = ORIENTED_EDGE('',*,*,#3962,.T.);
#3993 = ORIENTED_EDGE('',*,*,#3994,.T.);
#3994 = EDGE_CURVE('',#3954,#3737,#3995,.T.);
#3995 = B_SPLINE_CURVE_WITH_KNOTS('',3,(#3996,#3997,#3998,#3999),
  .UNSPECIFIED.,.F.,.F.,(4,4),(5.835091853001E-03,7.096632735175E-03),
  .PIECEWISE_BEZIER_KNOTS.);
#3996 = CARTESIAN_POINT('',(3.464101615138,-6.,0.5));
#3997 = CARTESIAN_POINT('',(3.652394498001,-5.673867160177,
    0.311707117136));
#3998 = CARTESIAN_POINT('',(3.844649868058,-5.340871091211,
    0.142150310191));
#3999 = CARTESIAN_POINT('',(4.042701430063,-4.9978357233,0.));
#4000 = ORIENTED_EDGE('',*,*,#3736,.T.);
#4001 = ORIENTED_EDGE('',*,*,#3550,.T.);
#4002 = ORIENTED_EDGE('',*,*,#4003,.F.);
#4003 = EDGE_CURVE('',#4004,#3543,#4006,.T.);
#4004 = VERTEX_POINT('',#4005);
#4005 = CARTESIAN_POINT('',(6.928203230276,4.837938458044E-14,1.5));
#4006 = LINE('',#4007,#4008);
#4007 = CARTESIAN_POINT('',(6.928203230276,4.837938458044E-14,2.));
#4008 = VECTOR('',#4009,1.);
#4009 = DIRECTION('',(-0.,-0.,-1.));
#4010 = ORIENTED_EDGE('',*,*,#4011,.T.);
#4011 = EDGE_CURVE('',#4004,#3629,#4012,.T.);
#4012 = B_SPLINE_CURVE_WITH_KNOTS('',3,(#4013,#4014,#4015,#4016),
  .UNSPECIFIED.,.F.,.F.,(4,4),(5.835091853001E-03,7.096632735175E-03),
  .PIECEWISE_BEZIER_KNOTS.);
#4013 = CARTESIAN_POINT('',(6.928203230276,4.837938458044E-14,1.5));
#4014 = CARTESIAN_POINT('',(6.739910347412,-0.326132839823,
    1.688292882864));
#4015 = CARTESIAN_POINT('',(6.547654977355,-0.659128908789,
    1.857849689809));
#4016 = CARTESIAN_POINT('',(6.349603415351,-1.0021642767,2.));
#4017 = ORIENTED_EDGE('',*,*,#3628,.F.);
#4018 = ORIENTED_EDGE('',*,*,#4019,.T.);
#4019 = EDGE_CURVE('',#3618,#3963,#4020,.T.);
#4020 = B_SPLINE_CURVE_WITH_KNOTS('',3,(#4021,#4022,#4023,#4024),
  .UNSPECIFIED.,.F.,.F.,(4,4),(1.180370603272E-02,1.30625929713E-02),
  .PIECEWISE_BEZIER_KNOTS.);
#4021 = CARTESIAN_POINT('',(4.042701430063,-4.9978357233,2.));
#4022 = CARTESIAN_POINT('',(3.84427630242,-5.341518125876,1.857581565332
    ));
#4023 = CARTESIAN_POINT('',(3.650910328775,-5.676437816684,
    1.686808713637));
#4024 = CARTESIAN_POINT('',(3.464101615138,-6.,1.5));
#4025 = PLANE('',#4026);
#4026 = AXIS2_PLACEMENT_3D('',#4027,#4028,#4029);
#4027 = CARTESIAN_POINT('',(3.464101615138,-6.,2.));
#4028 = DIRECTION('',(-0.866025403784,0.5,0.));
#4029 = DIRECTION('',(-0.5,-0.866025403784,0.));
#4030 = ADVANCED_FACE('',(#4031),#4074,.F.);
#4031 = FACE_BOUND('',#4032,.T.);
#4032 = EDGE_LOOP('',(#4033,#4034,#4041,#4042,#4051,#4059,#4066,#4067));
#4033 = ORIENTED_EDGE('',*,*,#4003,.T.);
#4034 = ORIENTED_EDGE('',*,*,#4035,.T.);
#4035 = EDGE_CURVE('',#3543,#3822,#4036,.T.);
#4036 = B_SPLINE_CURVE_WITH_KNOTS('',3,(#4037,#4038,#4039,#4040),
  .UNSPECIFIED.,.F.,.F.,(4,4),(5.835091853001E-03,7.096632735175E-03),
  .PIECEWISE_BEZIER_KNOTS.);
#4037 = CARTESIAN_POINT('',(6.928203230276,4.987329993433E-14,0.5));
#4038 = CARTESIAN_POINT('',(6.739910347412,0.326132839823,0.311707117136
    ));
#4039 = CARTESIAN_POINT('',(6.547654977355,0.659128908789,0.142150310191
    ));
#4040 = CARTESIAN_POINT('',(6.34960341535,1.0021642767,0.));
#4041 = ORIENTED_EDGE('',*,*,#3821,.T.);
#4042 = ORIENTED_EDGE('',*,*,#4043,.T.);
#4043 = EDGE_CURVE('',#3813,#4044,#4046,.T.);
#4044 = VERTEX_POINT('',#4045);
#4045 = CARTESIAN_POINT('',(3.464101615138,6.,0.5));
#4046 = B_SPLINE_CURVE_WITH_KNOTS('',3,(#4047,#4048,#4049,#4050),
  .UNSPECIFIED.,.F.,.F.,(4,4),(1.180370603272E-02,1.30625929713E-02),
  .PIECEWISE_BEZIER_KNOTS.);
#4047 = CARTESIAN_POINT('',(4.042701430063,4.9978357233,
    6.123233995737E-17));
#4048 = CARTESIAN_POINT('',(3.84427630242,5.341518125876,0.142418434668)
  );
#4049 = CARTESIAN_POINT('',(3.650910328775,5.676437816684,0.313191286363
    ));
#4050 = CARTESIAN_POINT('',(3.464101615138,6.,0.5));
#4051 = ORIENTED_EDGE('',*,*,#4052,.F.);
#4052 = EDGE_CURVE('',#4053,#4044,#4055,.T.);
#4053 = VERTEX_POINT('',#4054);
#4054 = CARTESIAN_POINT('',(3.464101615138,6.,1.5));
#4055 = LINE('',#4056,#4057);
#4056 = CARTESIAN_POINT('',(3.464101615138,6.,2.));
#4057 = VECTOR('',#4058,1.);
#4058 = DIRECTION('',(-0.,-0.,-1.));
#4059 = ORIENTED_EDGE('',*,*,#4060,.T.);
#4060 = EDGE_CURVE('',#4053,#3646,#4061,.T.);
#4061 = B_SPLINE_CURVE_WITH_KNOTS('',3,(#4062,#4063,#4064,#4065),
  .UNSPECIFIED.,.F.,.F.,(4,4),(5.835091853001E-03,7.096632735175E-03),
  .PIECEWISE_BEZIER_KNOTS.);
#4062 = CARTESIAN_POINT('',(3.464101615138,6.,1.5));
#4063 = CARTESIAN_POINT('',(3.652394498001,5.673867160177,1.688292882864
    ));
#4064 = CARTESIAN_POINT('',(3.844649868058,5.340871091211,1.857849689809
    ));
#4065 = CARTESIAN_POINT('',(4.042701430063,4.9978357233,2.));
#4066 = ORIENTED_EDGE('',*,*,#3645,.F.);
#4067 = ORIENTED_EDGE('',*,*,#4068,.T.);
#4068 = EDGE_CURVE('',#3637,#4004,#4069,.T.);
#4069 = B_SPLINE_CURVE_WITH_KNOTS('',3,(#4070,#4071,#4072,#4073),
  .UNSPECIFIED.,.F.,.F.,(4,4),(1.180370603272E-02,1.30625929713E-02),
  .PIECEWISE_BEZIER_KNOTS.);
#4070 = CARTESIAN_POINT('',(6.34960341535,1.0021642767,2.));
#4071 = CARTESIAN_POINT('',(6.548028542993,0.658481874124,1.857581565332
    ));
#4072 = CARTESIAN_POINT('',(6.741394516638,0.323562183316,1.686808713637
    ));
#4073 = CARTESIAN_POINT('',(6.928203230276,4.837938458044E-14,1.5));
#4074 = PLANE('',#4075);
#4075 = AXIS2_PLACEMENT_3D('',#4076,#4077,#4078);
#4076 = CARTESIAN_POINT('',(6.928203230276,4.837938458044E-14,2.));
#4077 = DIRECTION('',(-0.866025403784,-0.5,0.));
#4078 = DIRECTION('',(0.5,-0.866025403784,0.));
#4079 = ADVANCED_FACE('',(#4080),#4114,.F.);
#4080 = FACE_BOUND('',#4081,.T.);
#4081 = EDGE_LOOP('',(#4082,#4083,#4090,#4091,#4098,#4099,#4106,#4107));
#4082 = ORIENTED_EDGE('',*,*,#4052,.T.);
#4083 = ORIENTED_EDGE('',*,*,#4084,.T.);
#4084 = EDGE_CURVE('',#4044,#3805,#4085,.T.);
#4085 = B_SPLINE_CURVE_WITH_KNOTS('',3,(#4086,#4087,#4088,#4089),
  .UNSPECIFIED.,.F.,.F.,(4,4),(5.009730341086E-03,6.262577370382E-03),
  .PIECEWISE_BEZIER_KNOTS.);
#4086 = CARTESIAN_POINT('',(3.464101615138,6.,0.5));
#4087 = CARTESIAN_POINT('',(3.088092036638,6.,0.31199521075));
#4088 = CARTESIAN_POINT('',(2.700924787477,6.,0.141403740992));
#4089 = CARTESIAN_POINT('',(2.306901985288,6.,0.));
#4090 = ORIENTED_EDGE('',*,*,#3804,.T.);
#4091 = ORIENTED_EDGE('',*,*,#4092,.T.);
#4092 = EDGE_CURVE('',#3796,#3848,#4093,.T.);
#4093 = B_SPLINE_CURVE_WITH_KNOTS('',3,(#4094,#4095,#4096,#4097),
  .UNSPECIFIED.,.F.,.F.,(4,4),(1.096354251179E-02,1.222506330953E-02),
  .PIECEWISE_BEZIER_KNOTS.);
#4094 = CARTESIAN_POINT('',(-2.306901985288,6.,6.123233995737E-17));
#4095 = CARTESIAN_POINT('',(-2.703761859258,6.,0.142421886544));
#4096 = CARTESIAN_POINT('',(-3.088148223165,6.,0.312023304013));
#4097 = CARTESIAN_POINT('',(-3.464101615138,6.,0.5));
#4098 = ORIENTED_EDGE('',*,*,#3845,.F.);
#4099 = ORIENTED_EDGE('',*,*,#4100,.T.);
#4100 = EDGE_CURVE('',#3846,#3663,#4101,.T.);
#4101 = B_SPLINE_CURVE_WITH_KNOTS('',3,(#4102,#4103,#4104,#4105),
  .UNSPECIFIED.,.F.,.F.,(4,4),(5.009730341086E-03,6.262577370382E-03),
  .PIECEWISE_BEZIER_KNOTS.);
#4102 = CARTESIAN_POINT('',(-3.464101615138,6.,1.5));
#4103 = CARTESIAN_POINT('',(-3.088092036639,6.,1.68800478925));
#4104 = CARTESIAN_POINT('',(-2.700924787477,6.,1.858596259008));
#4105 = CARTESIAN_POINT('',(-2.306901985288,6.,2.));
#4106 = ORIENTED_EDGE('',*,*,#3662,.F.);
#4107 = ORIENTED_EDGE('',*,*,#4108,.T.);
#4108 = EDGE_CURVE('',#3654,#4053,#4109,.T.);
#4109 = B_SPLINE_CURVE_WITH_KNOTS('',3,(#4110,#4111,#4112,#4113),
  .UNSPECIFIED.,.F.,.F.,(4,4),(1.096354251179E-02,1.222506330953E-02),
  .PIECEWISE_BEZIER_KNOTS.);
#4110 = CARTESIAN_POINT('',(2.306901985288,6.,2.));
#4111 = CARTESIAN_POINT('',(2.703761859258,6.,1.857578113456));
#4112 = CARTESIAN_POINT('',(3.088148223165,6.,1.687976695987));
#4113 = CARTESIAN_POINT('',(3.464101615138,6.,1.5));
#4114 = PLANE('',#4115);
#4115 = AXIS2_PLACEMENT_3D('',#4116,#4117,#4118);
#4116 = CARTESIAN_POINT('',(3.464101615138,6.,2.));
#4117 = DIRECTION('',(1.039100930793E-14,-1.,0.));
#4118 = DIRECTION('',(1.,1.039100930793E-14,0.));
#4119 = ADVANCED_FACE('',(#4120),#4126,.F.);
#4120 = FACE_BOUND('',#4121,.F.);
#4121 = EDGE_LOOP('',(#4122,#4123,#4124,#4125));
#4122 = ORIENTED_EDGE('',*,*,#3727,.T.);
#4123 = ORIENTED_EDGE('',*,*,#3565,.F.);
#4124 = ORIENTED_EDGE('',*,*,#3608,.F.);
#4125 = ORIENTED_EDGE('',*,*,#3584,.T.);
#4126 = CYLINDRICAL_SURFACE('',#4127,2.);
#4127 = AXIS2_PLACEMENT_3D('',#4128,#4129,#4130);
#4128 = CARTESIAN_POINT('',(0.,0.,2.));
#4129 = DIRECTION('',(-0.,-0.,-1.));
#4130 = DIRECTION('',(-1.,0.,0.));
#4131 = ADVANCED_FACE('',(#4132),#4137,.T.);
#4132 = FACE_BOUND('',#4133,.T.);
#4133 = EDGE_LOOP('',(#4134,#4135,#4136));
#4134 = ORIENTED_EDGE('',*,*,#4108,.F.);
#4135 = ORIENTED_EDGE('',*,*,#3653,.T.);
#4136 = ORIENTED_EDGE('',*,*,#4060,.F.);
#4137 = CONICAL_SURFACE('',#4138,6.428203230276,0.785398163397);
#4138 = AXIS2_PLACEMENT_3D('',#4139,#4140,#4141);
#4139 = CARTESIAN_POINT('',(0.,0.,2.));
#4140 = DIRECTION('',(-0.,-0.,-1.));
#4141 = DIRECTION('',(-1.,0.,0.));
#4142 = ADVANCED_FACE('',(#4143),#4148,.T.);
#4143 = FACE_BOUND('',#4144,.T.);
#4144 = EDGE_LOOP('',(#4145,#4146,#4147));
#4145 = ORIENTED_EDGE('',*,*,#3670,.T.);
#4146 = ORIENTED_EDGE('',*,*,#4100,.F.);
#4147 = ORIENTED_EDGE('',*,*,#3886,.F.);
#4148 = CONICAL_SURFACE('',#4149,6.428203230276,0.785398163397);
#4149 = AXIS2_PLACEMENT_3D('',#4150,#4151,#4152);
#4150 = CARTESIAN_POINT('',(0.,0.,2.));
#4151 = DIRECTION('',(-0.,-0.,-1.));
#4152 = DIRECTION('',(-1.,0.,0.));
#4153 = ADVANCED_FACE('',(#4154),#4159,.T.);
#4154 = FACE_BOUND('',#4155,.T.);
#4155 = EDGE_LOOP('',(#4156,#4157,#4158));
#4156 = ORIENTED_EDGE('',*,*,#4092,.F.);
#4157 = ORIENTED_EDGE('',*,*,#3795,.F.);
#4158 = ORIENTED_EDGE('',*,*,#3855,.F.);
#4159 = CONICAL_SURFACE('',#4160,6.928203230276,0.785398163397);
#4160 = AXIS2_PLACEMENT_3D('',#4161,#4162,#4163);
#4161 = CARTESIAN_POINT('',(0.,0.,0.5));
#4162 = DIRECTION('',(0.,0.,1.));
#4163 = DIRECTION('',(1.,0.,-0.));
#4164 = ADVANCED_FACE('',(#4165),#4170,.T.);
#4165 = FACE_BOUND('',#4166,.T.);
#4166 = EDGE_LOOP('',(#4167,#4168,#4169));
#4167 = ORIENTED_EDGE('',*,*,#3812,.F.);
#4168 = ORIENTED_EDGE('',*,*,#4084,.F.);
#4169 = ORIENTED_EDGE('',*,*,#4043,.F.);
#4170 = CONICAL_SURFACE('',#4171,6.928203230276,0.785398163397);
#4171 = AXIS2_PLACEMENT_3D('',#4172,#4173,#4174);
#4172 = CARTESIAN_POINT('',(0.,0.,0.5));
#4173 = DIRECTION('',(0.,0.,1.));
#4174 = DIRECTION('',(1.,0.,-0.));
#4175 = ADVANCED_FACE('',(#4176),#4181,.T.);
#4176 = FACE_BOUND('',#4177,.T.);
#4177 = EDGE_LOOP('',(#4178,#4179,#4180));
#4178 = ORIENTED_EDGE('',*,*,#4068,.F.);
#4179 = ORIENTED_EDGE('',*,*,#3636,.T.);
#4180 = ORIENTED_EDGE('',*,*,#4011,.F.);
#4181 = CONICAL_SURFACE('',#4182,6.428203230276,0.785398163397);
#4182 = AXIS2_PLACEMENT_3D('',#4183,#4184,#4185);
#4183 = CARTESIAN_POINT('',(0.,0.,2.));
#4184 = DIRECTION('',(-0.,-0.,-1.));
#4185 = DIRECTION('',(-1.,0.,0.));
#4186 = ADVANCED_FACE('',(#4187),#4192,.T.);
#4187 = FACE_BOUND('',#4188,.T.);
#4188 = EDGE_LOOP('',(#4189,#4190,#4191));
#4189 = ORIENTED_EDGE('',*,*,#3542,.F.);
#4190 = ORIENTED_EDGE('',*,*,#3829,.F.);
#4191 = ORIENTED_EDGE('',*,*,#4035,.F.);
#4192 = CONICAL_SURFACE('',#4193,6.928203230276,0.785398163397);
#4193 = AXIS2_PLACEMENT_3D('',#4194,#4195,#4196);
#4194 = CARTESIAN_POINT('',(0.,0.,0.5));
#4195 = DIRECTION('',(0.,0.,1.));
#4196 = DIRECTION('',(1.,0.,-0.));
#4197 = ADVANCED_FACE('',(#4198),#4203,.T.);
#4198 = FACE_BOUND('',#4199,.T.);
#4199 = EDGE_LOOP('',(#4200,#4201,#4202));
#4200 = ORIENTED_EDGE('',*,*,#4019,.F.);
#4201 = ORIENTED_EDGE('',*,*,#3617,.T.);
#4202 = ORIENTED_EDGE('',*,*,#3970,.F.);
#4203 = CONICAL_SURFACE('',#4204,6.428203230276,0.785398163397);
#4204 = AXIS2_PLACEMENT_3D('',#4205,#4206,#4207);
#4205 = CARTESIAN_POINT('',(0.,0.,2.));
#4206 = DIRECTION('',(-0.,-0.,-1.));
#4207 = DIRECTION('',(-1.,0.,0.));
#4208 = ADVANCED_FACE('',(#4209),#4214,.T.);
#4209 = FACE_BOUND('',#4210,.T.);
#4210 = EDGE_LOOP('',(#4211,#4212,#4213));
#4211 = ORIENTED_EDGE('',*,*,#3744,.F.);
#4212 = ORIENTED_EDGE('',*,*,#3994,.F.);
#4213 = ORIENTED_EDGE('',*,*,#3953,.F.);
#4214 = CONICAL_SURFACE('',#4215,6.928203230276,0.785398163397);
#4215 = AXIS2_PLACEMENT_3D('',#4216,#4217,#4218);
#4216 = CARTESIAN_POINT('',(0.,0.,0.5));
#4217 = DIRECTION('',(0.,0.,1.));
#4218 = DIRECTION('',(1.,0.,-0.));
#4219 = ADVANCED_FACE('',(#4220),#4225,.T.);
#4220 = FACE_BOUND('',#4221,.T.);
#4221 = EDGE_LOOP('',(#4222,#4223,#4224));
#4222 = ORIENTED_EDGE('',*,*,#3978,.F.);
#4223 = ORIENTED_EDGE('',*,*,#3703,.T.);
#4224 = ORIENTED_EDGE('',*,*,#3927,.F.);
#4225 = CONICAL_SURFACE('',#4226,6.428203230276,0.785398163397);
#4226 = AXIS2_PLACEMENT_3D('',#4227,#4228,#4229);
#4227 = CARTESIAN_POINT('',(0.,0.,2.));
#4228 = DIRECTION('',(-0.,-0.,-1.));
#4229 = DIRECTION('',(-1.,0.,0.));
#4230 = ADVANCED_FACE('',(#4231),#4236,.T.);
#4231 = FACE_BOUND('',#4232,.T.);
#4232 = EDGE_LOOP('',(#4233,#4234,#4235));
#4233 = ORIENTED_EDGE('',*,*,#3761,.F.);
#4234 = ORIENTED_EDGE('',*,*,#3945,.F.);
#4235 = ORIENTED_EDGE('',*,*,#3910,.F.);
#4236 = CONICAL_SURFACE('',#4237,6.928203230276,0.785398163397);
#4237 = AXIS2_PLACEMENT_3D('',#4238,#4239,#4240);
#4238 = CARTESIAN_POINT('',(0.,0.,0.5));
#4239 = DIRECTION('',(0.,0.,1.));
#4240 = DIRECTION('',(1.,0.,-0.));
#4241 = ADVANCED_FACE('',(#4242),#4247,.T.);
#4242 = FACE_BOUND('',#4243,.T.);
#4243 = EDGE_LOOP('',(#4244,#4245,#4246));
#4244 = ORIENTED_EDGE('',*,*,#3508,.F.);
#4245 = ORIENTED_EDGE('',*,*,#3687,.T.);
#4246 = ORIENTED_EDGE('',*,*,#3878,.F.);
#4247 = CONICAL_SURFACE('',#4248,6.428203230276,0.785398163397);
#4248 = AXIS2_PLACEMENT_3D('',#4249,#4250,#4251);
#4249 = CARTESIAN_POINT('',(0.,0.,2.));
#4250 = DIRECTION('',(-0.,-0.,-1.));
#4251 = DIRECTION('',(-1.,0.,0.));
#4252 = ADVANCED_FACE('',(#4253),#4258,.T.);
#4253 = FACE_BOUND('',#4254,.T.);
#4254 = EDGE_LOOP('',(#4255,#4256,#4257));
#4255 = ORIENTED_EDGE('',*,*,#3778,.F.);
#4256 = ORIENTED_EDGE('',*,*,#3902,.F.);
#4257 = ORIENTED_EDGE('',*,*,#3863,.F.);
#4258 = CONICAL_SURFACE('',#4259,6.928203230276,0.785398163397);
#4259 = AXIS2_PLACEMENT_3D('',#4260,#4261,#4262);
#4260 = CARTESIAN_POINT('',(0.,0.,0.5));
#4261 = DIRECTION('',(0.,0.,1.));
#4262 = DIRECTION('',(1.,0.,-0.));
#4263 = ( GEOMETRIC_REPRESENTATION_CONTEXT(3) 
GLOBAL_UNCERTAINTY_ASSIGNED_CONTEXT((#4267)) 
GLOBAL_UNIT_ASSIGNED_CONTEXT((#4264,#4265,#4266)) REPRESENTATION_CONTEXT
('Context #1','3D Context with UNIT and UNCERTAINTY') );
#4264 = ( LENGTH_UNIT() NAMED_UNIT(*) SI_UNIT(.MILLI.,.METRE.) );
#4265 = ( NAMED_UNIT(*) PLANE_ANGLE_UNIT() SI_UNIT($,.RADIAN.) );
#4266 = ( NAMED_UNIT(*) SI_UNIT($,.STERADIAN.) SOLID_ANGLE_UNIT() );
#4267 = UNCERTAINTY_MEASURE_WITH_UNIT(LENGTH_MEASURE(2.E-05),#4264,
  'distance_accuracy_value','confusion accuracy');
#4268 = CONTEXT_DEPENDENT_SHAPE_REPRESENTATION(#4269,#4271);
#4269 = ( REPRESENTATION_RELATIONSHIP('','',#3490,#10) 
REPRESENTATION_RELATIONSHIP_WITH_TRANSFORMATION(#4270) 
SHAPE_REPRESENTATION_RELATIONSHIP() );
#4270 = ITEM_DEFINED_TRANSFORMATION('','',#11,#19);
#4271 = PRODUCT_DEFINITION_SHAPE('Placement','Placement of an item',
  #4272);
#4272 = NEXT_ASSEMBLY_USAGE_OCCURRENCE('2','Nut_Predeterminado','',#5,
  #3485,$);
#4273 = PRODUCT_RELATED_PRODUCT_CATEGORY('part',$,(#3487));
#4274 = SHAPE_DEFINITION_REPRESENTATION(#4275,#4281);
#4275 = PRODUCT_DEFINITION_SHAPE('','',#4276);
#4276 = PRODUCT_DEFINITION('design','',#4277,#4280);
#4277 = PRODUCT_DEFINITION_FORMATION('','',#4278);
#4278 = PRODUCT('Fusion','Fusion','',(#4279));
#4279 = PRODUCT_CONTEXT('',#2,'mechanical');
#4280 = PRODUCT_DEFINITION_CONTEXT('part definition',#2,'design');
#4281 = SHAPE_REPRESENTATION('',(#11,#4282,#4516,#4750,#4984,#5218,#5452
    ,#5686,#5920,#6154,#6388,#6622,#6856,#7090,#7324,#7558,#7792,#8026,
    #8260),#8494);
#4282 = MANIFOLD_SOLID_BREP('',#4283);
#4283 = CLOSED_SHELL('',(#4284,#4328,#4364,#4382,#4416,#4460,#4480,#4498
    ));
#4284 = ADVANCED_FACE('',(#4285),#4323,.T.);
#4285 = FACE_BOUND('',#4286,.T.);
#4286 = EDGE_LOOP('',(#4287,#4298,#4307,#4316));
#4287 = ORIENTED_EDGE('',*,*,#4288,.F.);
#4288 = EDGE_CURVE('',#4289,#4291,#4293,.T.);
#4289 = VERTEX_POINT('',#4290);
#4290 = CARTESIAN_POINT('',(5.103728001091,20.36135408078,
    45.619233388595));
#4291 = VERTEX_POINT('',#4292);
#4292 = CARTESIAN_POINT('',(5.103728001091,20.36135408078,
    37.619233388595));
#4293 = CIRCLE('',#4294,4.);
#4294 = AXIS2_PLACEMENT_3D('',#4295,#4296,#4297);
#4295 = CARTESIAN_POINT('',(5.103728001091,20.36135408078,
    41.619233388595));
#4296 = DIRECTION('',(-1.,-0.,-0.));
#4297 = DIRECTION('',(0.,0.,-1.));
#4298 = ORIENTED_EDGE('',*,*,#4299,.T.);
#4299 = EDGE_CURVE('',#4289,#4300,#4302,.T.);
#4300 = VERTEX_POINT('',#4301);
#4301 = CARTESIAN_POINT('',(6.103728001091,20.36135408078,
    44.619233388595));
#4302 = CIRCLE('',#4303,1.);
#4303 = AXIS2_PLACEMENT_3D('',#4304,#4305,#4306);
#4304 = CARTESIAN_POINT('',(5.103728001091,20.36135408078,
    44.619233388595));
#4305 = DIRECTION('',(0.,1.,-1.224646799147E-16));
#4306 = DIRECTION('',(0.,1.224646799147E-16,1.));
#4307 = ORIENTED_EDGE('',*,*,#4308,.F.);
#4308 = EDGE_CURVE('',#4309,#4300,#4311,.T.);
#4309 = VERTEX_POINT('',#4310);
#4310 = CARTESIAN_POINT('',(6.103728001091,20.36135408078,
    38.619233388595));
#4311 = CIRCLE('',#4312,3.);
#4312 = AXIS2_PLACEMENT_3D('',#4313,#4314,#4315);
#4313 = CARTESIAN_POINT('',(6.103728001091,20.36135408078,
    41.619233388595));
#4314 = DIRECTION('',(1.,-0.,0.));
#4315 = DIRECTION('',(0.,0.,-1.));
#4316 = ORIENTED_EDGE('',*,*,#4317,.F.);
#4317 = EDGE_CURVE('',#4291,#4309,#4318,.T.);
#4318 = CIRCLE('',#4319,1.);
#4319 = AXIS2_PLACEMENT_3D('',#4320,#4321,#4322);
#4320 = CARTESIAN_POINT('',(5.103728001091,20.36135408078,
    38.619233388595));
#4321 = DIRECTION('',(0.,-1.,0.));
#4322 = DIRECTION('',(0.,0.,-1.));
#4323 = TOROIDAL_SURFACE('',#4324,3.,1.);
#4324 = AXIS2_PLACEMENT_3D('',#4325,#4326,#4327);
#4325 = CARTESIAN_POINT('',(5.103728001091,20.36135408078,
    41.619233388595));
#4326 = DIRECTION('',(1.,0.,0.));
#4327 = DIRECTION('',(0.,0.,-1.));
#4328 = ADVANCED_FACE('',(#4329,#4339),#4359,.T.);
#4329 = FACE_BOUND('',#4330,.T.);
#4330 = EDGE_LOOP('',(#4331,#4332));
#4331 = ORIENTED_EDGE('',*,*,#4308,.T.);
#4332 = ORIENTED_EDGE('',*,*,#4333,.T.);
#4333 = EDGE_CURVE('',#4300,#4309,#4334,.T.);
#4334 = CIRCLE('',#4335,3.);
#4335 = AXIS2_PLACEMENT_3D('',#4336,#4337,#4338);
#4336 = CARTESIAN_POINT('',(6.103728001091,20.36135408078,
    41.619233388595));
#4337 = DIRECTION('',(1.,-0.,0.));
#4338 = DIRECTION('',(0.,0.,-1.));
#4339 = FACE_BOUND('',#4340,.T.);
#4340 = EDGE_LOOP('',(#4341,#4352));
#4341 = ORIENTED_EDGE('',*,*,#4342,.F.);
#4342 = EDGE_CURVE('',#4343,#4345,#4347,.T.);
#4343 = VERTEX_POINT('',#4344);
#4344 = CARTESIAN_POINT('',(6.103728001091,20.36135408078,
    42.619233388595));
#4345 = VERTEX_POINT('',#4346);
#4346 = CARTESIAN_POINT('',(6.103728001091,20.36135408078,
    40.619233388595));
#4347 = CIRCLE('',#4348,1.);
#4348 = AXIS2_PLACEMENT_3D('',#4349,#4350,#4351);
#4349 = CARTESIAN_POINT('',(6.103728001091,20.36135408078,
    41.619233388595));
#4350 = DIRECTION('',(1.,-0.,0.));
#4351 = DIRECTION('',(0.,0.,-1.));
#4352 = ORIENTED_EDGE('',*,*,#4353,.F.);
#4353 = EDGE_CURVE('',#4345,#4343,#4354,.T.);
#4354 = CIRCLE('',#4355,1.);
#4355 = AXIS2_PLACEMENT_3D('',#4356,#4357,#4358);
#4356 = CARTESIAN_POINT('',(6.103728001091,20.36135408078,
    41.619233388595));
#4357 = DIRECTION('',(1.,-0.,0.));
#4358 = DIRECTION('',(0.,0.,-1.));
#4359 = PLANE('',#4360);
#4360 = AXIS2_PLACEMENT_3D('',#4361,#4362,#4363);
#4361 = CARTESIAN_POINT('',(6.103728001091,20.36135408078,
    41.619233388595));
#4362 = DIRECTION('',(1.,0.,0.));
#4363 = DIRECTION('',(0.,0.,-1.));
#4364 = ADVANCED_FACE('',(#4365),#4377,.T.);
#4365 = FACE_BOUND('',#4366,.T.);
#4366 = EDGE_LOOP('',(#4367,#4368,#4375,#4376));
#4367 = ORIENTED_EDGE('',*,*,#4299,.F.);
#4368 = ORIENTED_EDGE('',*,*,#4369,.F.);
#4369 = EDGE_CURVE('',#4291,#4289,#4370,.T.);
#4370 = CIRCLE('',#4371,4.);
#4371 = AXIS2_PLACEMENT_3D('',#4372,#4373,#4374);
#4372 = CARTESIAN_POINT('',(5.103728001091,20.36135408078,
    41.619233388595));
#4373 = DIRECTION('',(-1.,-0.,-0.));
#4374 = DIRECTION('',(0.,0.,-1.));
#4375 = ORIENTED_EDGE('',*,*,#4317,.T.);
#4376 = ORIENTED_EDGE('',*,*,#4333,.F.);
#4377 = TOROIDAL_SURFACE('',#4378,3.,1.);
#4378 = AXIS2_PLACEMENT_3D('',#4379,#4380,#4381);
#4379 = CARTESIAN_POINT('',(5.103728001091,20.36135408078,
    41.619233388595));
#4380 = DIRECTION('',(1.,0.,0.));
#4381 = DIRECTION('',(0.,0.,-1.));
#4382 = ADVANCED_FACE('',(#4383),#4411,.F.);
#4383 = FACE_BOUND('',#4384,.F.);
#4384 = EDGE_LOOP('',(#4385,#4386,#4393,#4402,#4409,#4410));
#4385 = ORIENTED_EDGE('',*,*,#4342,.F.);
#4386 = ORIENTED_EDGE('',*,*,#4387,.T.);
#4387 = EDGE_CURVE('',#4343,#4388,#4390,.T.);
#4388 = VERTEX_POINT('',#4389);
#4389 = CARTESIAN_POINT('',(3.503728001091,20.36135408078,
    42.619233388595));
#4390 = B_SPLINE_CURVE_WITH_KNOTS('',1,(#4391,#4392),.UNSPECIFIED.,.F.,
  .F.,(2,2),(0.,2.6),.PIECEWISE_BEZIER_KNOTS.);
#4391 = CARTESIAN_POINT('',(6.103728001091,20.36135408078,
    42.619233388595));
#4392 = CARTESIAN_POINT('',(3.503728001091,20.36135408078,
    42.619233388595));
#4393 = ORIENTED_EDGE('',*,*,#4394,.T.);
#4394 = EDGE_CURVE('',#4388,#4395,#4397,.T.);
#4395 = VERTEX_POINT('',#4396);
#4396 = CARTESIAN_POINT('',(3.503728001091,20.36135408078,
    40.619233388595));
#4397 = CIRCLE('',#4398,1.);
#4398 = AXIS2_PLACEMENT_3D('',#4399,#4400,#4401);
#4399 = CARTESIAN_POINT('',(3.503728001091,20.36135408078,
    41.619233388595));
#4400 = DIRECTION('',(1.,-0.,0.));
#4401 = DIRECTION('',(0.,0.,-1.));
#4402 = ORIENTED_EDGE('',*,*,#4403,.T.);
#4403 = EDGE_CURVE('',#4395,#4388,#4404,.T.);
#4404 = CIRCLE('',#4405,1.);
#4405 = AXIS2_PLACEMENT_3D('',#4406,#4407,#4408);
#4406 = CARTESIAN_POINT('',(3.503728001091,20.36135408078,
    41.619233388595));
#4407 = DIRECTION('',(1.,-0.,0.));
#4408 = DIRECTION('',(0.,0.,-1.));
#4409 = ORIENTED_EDGE('',*,*,#4387,.F.);
#4410 = ORIENTED_EDGE('',*,*,#4353,.F.);
#4411 = CYLINDRICAL_SURFACE('',#4412,1.);
#4412 = AXIS2_PLACEMENT_3D('',#4413,#4414,#4415);
#4413 = CARTESIAN_POINT('',(6.103728001091,20.36135408078,
    41.619233388595));
#4414 = DIRECTION('',(-1.,-0.,-0.));
#4415 = DIRECTION('',(0.,0.,1.));
#4416 = ADVANCED_FACE('',(#4417),#4455,.T.);
#4417 = FACE_BOUND('',#4418,.T.);
#4418 = EDGE_LOOP('',(#4419,#4430,#4439,#4448));
#4419 = ORIENTED_EDGE('',*,*,#4420,.F.);
#4420 = EDGE_CURVE('',#4421,#4423,#4425,.T.);
#4421 = VERTEX_POINT('',#4422);
#4422 = CARTESIAN_POINT('',(3.503728001091,20.36135408078,
    44.619233388595));
#4423 = VERTEX_POINT('',#4424);
#4424 = CARTESIAN_POINT('',(3.503728001091,20.36135408078,
    38.619233388595));
#4425 = CIRCLE('',#4426,3.);
#4426 = AXIS2_PLACEMENT_3D('',#4427,#4428,#4429);
#4427 = CARTESIAN_POINT('',(3.503728001091,20.36135408078,
    41.619233388595));
#4428 = DIRECTION('',(-1.,-0.,-0.));
#4429 = DIRECTION('',(0.,0.,-1.));
#4430 = ORIENTED_EDGE('',*,*,#4431,.T.);
#4431 = EDGE_CURVE('',#4421,#4432,#4434,.T.);
#4432 = VERTEX_POINT('',#4433);
#4433 = CARTESIAN_POINT('',(4.503728001091,20.36135408078,
    45.619233388595));
#4434 = CIRCLE('',#4435,1.);
#4435 = AXIS2_PLACEMENT_3D('',#4436,#4437,#4438);
#4436 = CARTESIAN_POINT('',(4.503728001091,20.36135408078,
    44.619233388595));
#4437 = DIRECTION('',(0.,1.,-1.224646799147E-16));
#4438 = DIRECTION('',(0.,1.224646799147E-16,1.));
#4439 = ORIENTED_EDGE('',*,*,#4440,.F.);
#4440 = EDGE_CURVE('',#4441,#4432,#4443,.T.);
#4441 = VERTEX_POINT('',#4442);
#4442 = CARTESIAN_POINT('',(4.503728001091,20.36135408078,
    37.619233388595));
#4443 = CIRCLE('',#4444,4.);
#4444 = AXIS2_PLACEMENT_3D('',#4445,#4446,#4447);
#4445 = CARTESIAN_POINT('',(4.503728001091,20.36135408078,
    41.619233388595));
#4446 = DIRECTION('',(1.,-0.,0.));
#4447 = DIRECTION('',(0.,0.,-1.));
#4448 = ORIENTED_EDGE('',*,*,#4449,.F.);
#4449 = EDGE_CURVE('',#4423,#4441,#4450,.T.);
#4450 = CIRCLE('',#4451,1.);
#4451 = AXIS2_PLACEMENT_3D('',#4452,#4453,#4454);
#4452 = CARTESIAN_POINT('',(4.503728001091,20.36135408078,
    38.619233388595));
#4453 = DIRECTION('',(0.,-1.,0.));
#4454 = DIRECTION('',(0.,0.,-1.));
#4455 = TOROIDAL_SURFACE('',#4456,3.,1.);
#4456 = AXIS2_PLACEMENT_3D('',#4457,#4458,#4459);
#4457 = CARTESIAN_POINT('',(4.503728001091,20.36135408078,
    41.619233388595));
#4458 = DIRECTION('',(1.,0.,0.));
#4459 = DIRECTION('',(0.,0.,-1.));
#4460 = ADVANCED_FACE('',(#4461,#4471),#4475,.F.);
#4461 = FACE_BOUND('',#4462,.T.);
#4462 = EDGE_LOOP('',(#4463,#4470));
#4463 = ORIENTED_EDGE('',*,*,#4464,.T.);
#4464 = EDGE_CURVE('',#4423,#4421,#4465,.T.);
#4465 = CIRCLE('',#4466,3.);
#4466 = AXIS2_PLACEMENT_3D('',#4467,#4468,#4469);
#4467 = CARTESIAN_POINT('',(3.503728001091,20.36135408078,
    41.619233388595));
#4468 = DIRECTION('',(-1.,-0.,-0.));
#4469 = DIRECTION('',(0.,0.,-1.));
#4470 = ORIENTED_EDGE('',*,*,#4420,.T.);
#4471 = FACE_BOUND('',#4472,.T.);
#4472 = EDGE_LOOP('',(#4473,#4474));
#4473 = ORIENTED_EDGE('',*,*,#4394,.T.);
#4474 = ORIENTED_EDGE('',*,*,#4403,.T.);
#4475 = PLANE('',#4476);
#4476 = AXIS2_PLACEMENT_3D('',#4477,#4478,#4479);
#4477 = CARTESIAN_POINT('',(3.503728001091,20.36135408078,
    41.619233388595));
#4478 = DIRECTION('',(1.,0.,0.));
#4479 = DIRECTION('',(0.,0.,-1.));
#4480 = ADVANCED_FACE('',(#4481),#4493,.T.);
#4481 = FACE_BOUND('',#4482,.T.);
#4482 = EDGE_LOOP('',(#4483,#4484,#4485,#4486));
#4483 = ORIENTED_EDGE('',*,*,#4431,.F.);
#4484 = ORIENTED_EDGE('',*,*,#4464,.F.);
#4485 = ORIENTED_EDGE('',*,*,#4449,.T.);
#4486 = ORIENTED_EDGE('',*,*,#4487,.F.);
#4487 = EDGE_CURVE('',#4432,#4441,#4488,.T.);
#4488 = CIRCLE('',#4489,4.);
#4489 = AXIS2_PLACEMENT_3D('',#4490,#4491,#4492);
#4490 = CARTESIAN_POINT('',(4.503728001091,20.36135408078,
    41.619233388595));
#4491 = DIRECTION('',(1.,-0.,0.));
#4492 = DIRECTION('',(0.,0.,-1.));
#4493 = TOROIDAL_SURFACE('',#4494,3.,1.);
#4494 = AXIS2_PLACEMENT_3D('',#4495,#4496,#4497);
#4495 = CARTESIAN_POINT('',(4.503728001091,20.36135408078,
    41.619233388595));
#4496 = DIRECTION('',(1.,0.,0.));
#4497 = DIRECTION('',(0.,0.,-1.));
#4498 = ADVANCED_FACE('',(#4499),#4511,.T.);
#4499 = FACE_BOUND('',#4500,.T.);
#4500 = EDGE_LOOP('',(#4501,#4502,#4503,#4508,#4509,#4510));
#4501 = ORIENTED_EDGE('',*,*,#4487,.T.);
#4502 = ORIENTED_EDGE('',*,*,#4440,.T.);
#4503 = ORIENTED_EDGE('',*,*,#4504,.F.);
#4504 = EDGE_CURVE('',#4289,#4432,#4505,.T.);
#4505 = B_SPLINE_CURVE_WITH_KNOTS('',1,(#4506,#4507),.UNSPECIFIED.,.F.,
  .F.,(2,2),(1.,1.6),.PIECEWISE_BEZIER_KNOTS.);
#4506 = CARTESIAN_POINT('',(5.103728001091,20.36135408078,
    45.619233388595));
#4507 = CARTESIAN_POINT('',(4.503728001091,20.36135408078,
    45.619233388595));
#4508 = ORIENTED_EDGE('',*,*,#4288,.T.);
#4509 = ORIENTED_EDGE('',*,*,#4369,.T.);
#4510 = ORIENTED_EDGE('',*,*,#4504,.T.);
#4511 = CYLINDRICAL_SURFACE('',#4512,4.);
#4512 = AXIS2_PLACEMENT_3D('',#4513,#4514,#4515);
#4513 = CARTESIAN_POINT('',(6.103728001091,20.36135408078,
    41.619233388595));
#4514 = DIRECTION('',(-1.,-0.,-0.));
#4515 = DIRECTION('',(0.,0.,1.));
#4516 = MANIFOLD_SOLID_BREP('',#4517);
#4517 = CLOSED_SHELL('',(#4518,#4562,#4598,#4616,#4650,#4694,#4714,#4732
    ));
#4518 = ADVANCED_FACE('',(#4519),#4557,.T.);
#4519 = FACE_BOUND('',#4520,.T.);
#4520 = EDGE_LOOP('',(#4521,#4532,#4541,#4550));
#4521 = ORIENTED_EDGE('',*,*,#4522,.F.);
#4522 = EDGE_CURVE('',#4523,#4525,#4527,.T.);
#4523 = VERTEX_POINT('',#4524);
#4524 = CARTESIAN_POINT('',(-2.096787222512,19.197505160282,
    45.619233388595));
#4525 = VERTEX_POINT('',#4526);
#4526 = CARTESIAN_POINT('',(-2.096787222512,19.197505160282,
    37.619233388595));
#4527 = CIRCLE('',#4528,4.);
#4528 = AXIS2_PLACEMENT_3D('',#4529,#4530,#4531);
#4529 = CARTESIAN_POINT('',(-2.096787222512,19.197505160282,
    41.619233388595));
#4530 = DIRECTION('',(-0.939692620786,-0.342020143326,-0.));
#4531 = DIRECTION('',(0.,0.,-1.));
#4532 = ORIENTED_EDGE('',*,*,#4533,.T.);
#4533 = EDGE_CURVE('',#4523,#4534,#4536,.T.);
#4534 = VERTEX_POINT('',#4535);
#4535 = CARTESIAN_POINT('',(-1.157094601726,19.539525303608,
    44.619233388595));
#4536 = CIRCLE('',#4537,1.);
#4537 = AXIS2_PLACEMENT_3D('',#4538,#4539,#4540);
#4538 = CARTESIAN_POINT('',(-2.096787222512,19.197505160282,
    44.619233388595));
#4539 = DIRECTION('',(-0.342020143326,0.939692620786,-1.224646799147E-16
    ));
#4540 = DIRECTION('',(-4.188538737677E-17,1.150791560228E-16,1.));
#4541 = ORIENTED_EDGE('',*,*,#4542,.F.);
#4542 = EDGE_CURVE('',#4543,#4534,#4545,.T.);
#4543 = VERTEX_POINT('',#4544);
#4544 = CARTESIAN_POINT('',(-1.157094601726,19.539525303608,
    38.619233388595));
#4545 = CIRCLE('',#4546,3.);
#4546 = AXIS2_PLACEMENT_3D('',#4547,#4548,#4549);
#4547 = CARTESIAN_POINT('',(-1.157094601726,19.539525303608,
    41.619233388595));
#4548 = DIRECTION('',(0.939692620786,0.342020143326,0.));
#4549 = DIRECTION('',(0.,0.,-1.));
#4550 = ORIENTED_EDGE('',*,*,#4551,.F.);
#4551 = EDGE_CURVE('',#4525,#4543,#4552,.T.);
#4552 = CIRCLE('',#4553,1.);
#4553 = AXIS2_PLACEMENT_3D('',#4554,#4555,#4556);
#4554 = CARTESIAN_POINT('',(-2.096787222512,19.197505160282,
    38.619233388595));
#4555 = DIRECTION('',(0.342020143326,-0.939692620786,0.));
#4556 = DIRECTION('',(0.,0.,-1.));
#4557 = TOROIDAL_SURFACE('',#4558,3.,1.);
#4558 = AXIS2_PLACEMENT_3D('',#4559,#4560,#4561);
#4559 = CARTESIAN_POINT('',(-2.096787222512,19.197505160282,
    41.619233388595));
#4560 = DIRECTION('',(0.939692620786,0.342020143326,0.));
#4561 = DIRECTION('',(0.,0.,-1.));
#4562 = ADVANCED_FACE('',(#4563,#4573),#4593,.T.);
#4563 = FACE_BOUND('',#4564,.T.);
#4564 = EDGE_LOOP('',(#4565,#4566));
#4565 = ORIENTED_EDGE('',*,*,#4542,.T.);
#4566 = ORIENTED_EDGE('',*,*,#4567,.T.);
#4567 = EDGE_CURVE('',#4534,#4543,#4568,.T.);
#4568 = CIRCLE('',#4569,3.);
#4569 = AXIS2_PLACEMENT_3D('',#4570,#4571,#4572);
#4570 = CARTESIAN_POINT('',(-1.157094601726,19.539525303608,
    41.619233388595));
#4571 = DIRECTION('',(0.939692620786,0.342020143326,0.));
#4572 = DIRECTION('',(0.,0.,-1.));
#4573 = FACE_BOUND('',#4574,.T.);
#4574 = EDGE_LOOP('',(#4575,#4586));
#4575 = ORIENTED_EDGE('',*,*,#4576,.F.);
#4576 = EDGE_CURVE('',#4577,#4579,#4581,.T.);
#4577 = VERTEX_POINT('',#4578);
#4578 = CARTESIAN_POINT('',(-1.157094601726,19.539525303608,
    42.619233388595));
#4579 = VERTEX_POINT('',#4580);
#4580 = CARTESIAN_POINT('',(-1.157094601726,19.539525303608,
    40.619233388595));
#4581 = CIRCLE('',#4582,1.);
#4582 = AXIS2_PLACEMENT_3D('',#4583,#4584,#4585);
#4583 = CARTESIAN_POINT('',(-1.157094601726,19.539525303608,
    41.619233388595));
#4584 = DIRECTION('',(0.939692620786,0.342020143326,0.));
#4585 = DIRECTION('',(0.,0.,-1.));
#4586 = ORIENTED_EDGE('',*,*,#4587,.F.);
#4587 = EDGE_CURVE('',#4579,#4577,#4588,.T.);
#4588 = CIRCLE('',#4589,1.);
#4589 = AXIS2_PLACEMENT_3D('',#4590,#4591,#4592);
#4590 = CARTESIAN_POINT('',(-1.157094601726,19.539525303608,
    41.619233388595));
#4591 = DIRECTION('',(0.939692620786,0.342020143326,0.));
#4592 = DIRECTION('',(0.,0.,-1.));
#4593 = PLANE('',#4594);
#4594 = AXIS2_PLACEMENT_3D('',#4595,#4596,#4597);
#4595 = CARTESIAN_POINT('',(-1.157094601726,19.539525303608,
    41.619233388595));
#4596 = DIRECTION('',(0.939692620786,0.342020143326,0.));
#4597 = DIRECTION('',(0.,0.,-1.));
#4598 = ADVANCED_FACE('',(#4599),#4611,.T.);
#4599 = FACE_BOUND('',#4600,.T.);
#4600 = EDGE_LOOP('',(#4601,#4602,#4609,#4610));
#4601 = ORIENTED_EDGE('',*,*,#4533,.F.);
#4602 = ORIENTED_EDGE('',*,*,#4603,.F.);
#4603 = EDGE_CURVE('',#4525,#4523,#4604,.T.);
#4604 = CIRCLE('',#4605,4.);
#4605 = AXIS2_PLACEMENT_3D('',#4606,#4607,#4608);
#4606 = CARTESIAN_POINT('',(-2.096787222512,19.197505160282,
    41.619233388595));
#4607 = DIRECTION('',(-0.939692620786,-0.342020143326,-0.));
#4608 = DIRECTION('',(0.,0.,-1.));
#4609 = ORIENTED_EDGE('',*,*,#4551,.T.);
#4610 = ORIENTED_EDGE('',*,*,#4567,.F.);
#4611 = TOROIDAL_SURFACE('',#4612,3.,1.);
#4612 = AXIS2_PLACEMENT_3D('',#4613,#4614,#4615);
#4613 = CARTESIAN_POINT('',(-2.096787222512,19.197505160282,
    41.619233388595));
#4614 = DIRECTION('',(0.939692620786,0.342020143326,0.));
#4615 = DIRECTION('',(0.,0.,-1.));
#4616 = ADVANCED_FACE('',(#4617),#4645,.F.);
#4617 = FACE_BOUND('',#4618,.F.);
#4618 = EDGE_LOOP('',(#4619,#4620,#4627,#4636,#4643,#4644));
#4619 = ORIENTED_EDGE('',*,*,#4576,.F.);
#4620 = ORIENTED_EDGE('',*,*,#4621,.T.);
#4621 = EDGE_CURVE('',#4577,#4622,#4624,.T.);
#4622 = VERTEX_POINT('',#4623);
#4623 = CARTESIAN_POINT('',(-3.60029541577,18.650272930961,
    42.619233388595));
#4624 = B_SPLINE_CURVE_WITH_KNOTS('',1,(#4625,#4626),.UNSPECIFIED.,.F.,
  .F.,(2,2),(0.,2.6),.PIECEWISE_BEZIER_KNOTS.);
#4625 = CARTESIAN_POINT('',(-1.157094601726,19.539525303608,
    42.619233388595));
#4626 = CARTESIAN_POINT('',(-3.60029541577,18.650272930961,
    42.619233388595));
#4627 = ORIENTED_EDGE('',*,*,#4628,.T.);
#4628 = EDGE_CURVE('',#4622,#4629,#4631,.T.);
#4629 = VERTEX_POINT('',#4630);
#4630 = CARTESIAN_POINT('',(-3.60029541577,18.650272930961,
    40.619233388595));
#4631 = CIRCLE('',#4632,1.);
#4632 = AXIS2_PLACEMENT_3D('',#4633,#4634,#4635);
#4633 = CARTESIAN_POINT('',(-3.60029541577,18.650272930961,
    41.619233388595));
#4634 = DIRECTION('',(0.939692620786,0.342020143326,0.));
#4635 = DIRECTION('',(0.,0.,-1.));
#4636 = ORIENTED_EDGE('',*,*,#4637,.T.);
#4637 = EDGE_CURVE('',#4629,#4622,#4638,.T.);
#4638 = CIRCLE('',#4639,1.);
#4639 = AXIS2_PLACEMENT_3D('',#4640,#4641,#4642);
#4640 = CARTESIAN_POINT('',(-3.60029541577,18.650272930961,
    41.619233388595));
#4641 = DIRECTION('',(0.939692620786,0.342020143326,0.));
#4642 = DIRECTION('',(0.,0.,-1.));
#4643 = ORIENTED_EDGE('',*,*,#4621,.F.);
#4644 = ORIENTED_EDGE('',*,*,#4587,.F.);
#4645 = CYLINDRICAL_SURFACE('',#4646,1.);
#4646 = AXIS2_PLACEMENT_3D('',#4647,#4648,#4649);
#4647 = CARTESIAN_POINT('',(-1.157094601726,19.539525303608,
    41.619233388595));
#4648 = DIRECTION('',(-0.939692620786,-0.342020143326,-0.));
#4649 = DIRECTION('',(0.,0.,1.));
#4650 = ADVANCED_FACE('',(#4651),#4689,.T.);
#4651 = FACE_BOUND('',#4652,.T.);
#4652 = EDGE_LOOP('',(#4653,#4664,#4673,#4682));
#4653 = ORIENTED_EDGE('',*,*,#4654,.F.);
#4654 = EDGE_CURVE('',#4655,#4657,#4659,.T.);
#4655 = VERTEX_POINT('',#4656);
#4656 = CARTESIAN_POINT('',(-3.60029541577,18.650272930961,
    44.619233388595));
#4657 = VERTEX_POINT('',#4658);
#4658 = CARTESIAN_POINT('',(-3.60029541577,18.650272930961,
    38.619233388595));
#4659 = CIRCLE('',#4660,3.);
#4660 = AXIS2_PLACEMENT_3D('',#4661,#4662,#4663);
#4661 = CARTESIAN_POINT('',(-3.60029541577,18.650272930961,
    41.619233388595));
#4662 = DIRECTION('',(-0.939692620786,-0.342020143326,-0.));
#4663 = DIRECTION('',(0.,0.,-1.));
#4664 = ORIENTED_EDGE('',*,*,#4665,.T.);
#4665 = EDGE_CURVE('',#4655,#4666,#4668,.T.);
#4666 = VERTEX_POINT('',#4667);
#4667 = CARTESIAN_POINT('',(-2.660602794984,18.992293074286,
    45.619233388595));
#4668 = CIRCLE('',#4669,1.);
#4669 = AXIS2_PLACEMENT_3D('',#4670,#4671,#4672);
#4670 = CARTESIAN_POINT('',(-2.660602794984,18.992293074286,
    44.619233388595));
#4671 = DIRECTION('',(-0.342020143326,0.939692620786,-1.224646799147E-16
    ));
#4672 = DIRECTION('',(-4.188538737677E-17,1.150791560228E-16,1.));
#4673 = ORIENTED_EDGE('',*,*,#4674,.F.);
#4674 = EDGE_CURVE('',#4675,#4666,#4677,.T.);
#4675 = VERTEX_POINT('',#4676);
#4676 = CARTESIAN_POINT('',(-2.660602794984,18.992293074286,
    37.619233388595));
#4677 = CIRCLE('',#4678,4.);
#4678 = AXIS2_PLACEMENT_3D('',#4679,#4680,#4681);
#4679 = CARTESIAN_POINT('',(-2.660602794984,18.992293074286,
    41.619233388595));
#4680 = DIRECTION('',(0.939692620786,0.342020143326,0.));
#4681 = DIRECTION('',(0.,0.,-1.));
#4682 = ORIENTED_EDGE('',*,*,#4683,.F.);
#4683 = EDGE_CURVE('',#4657,#4675,#4684,.T.);
#4684 = CIRCLE('',#4685,1.);
#4685 = AXIS2_PLACEMENT_3D('',#4686,#4687,#4688);
#4686 = CARTESIAN_POINT('',(-2.660602794984,18.992293074286,
    38.619233388595));
#4687 = DIRECTION('',(0.342020143326,-0.939692620786,0.));
#4688 = DIRECTION('',(0.,0.,-1.));
#4689 = TOROIDAL_SURFACE('',#4690,3.,1.);
#4690 = AXIS2_PLACEMENT_3D('',#4691,#4692,#4693);
#4691 = CARTESIAN_POINT('',(-2.660602794984,18.992293074286,
    41.619233388595));
#4692 = DIRECTION('',(0.939692620786,0.342020143326,0.));
#4693 = DIRECTION('',(0.,0.,-1.));
#4694 = ADVANCED_FACE('',(#4695,#4705),#4709,.F.);
#4695 = FACE_BOUND('',#4696,.T.);
#4696 = EDGE_LOOP('',(#4697,#4704));
#4697 = ORIENTED_EDGE('',*,*,#4698,.T.);
#4698 = EDGE_CURVE('',#4657,#4655,#4699,.T.);
#4699 = CIRCLE('',#4700,3.);
#4700 = AXIS2_PLACEMENT_3D('',#4701,#4702,#4703);
#4701 = CARTESIAN_POINT('',(-3.60029541577,18.650272930961,
    41.619233388595));
#4702 = DIRECTION('',(-0.939692620786,-0.342020143326,-0.));
#4703 = DIRECTION('',(0.,0.,-1.));
#4704 = ORIENTED_EDGE('',*,*,#4654,.T.);
#4705 = FACE_BOUND('',#4706,.T.);
#4706 = EDGE_LOOP('',(#4707,#4708));
#4707 = ORIENTED_EDGE('',*,*,#4628,.T.);
#4708 = ORIENTED_EDGE('',*,*,#4637,.T.);
#4709 = PLANE('',#4710);
#4710 = AXIS2_PLACEMENT_3D('',#4711,#4712,#4713);
#4711 = CARTESIAN_POINT('',(-3.60029541577,18.650272930961,
    41.619233388595));
#4712 = DIRECTION('',(0.939692620786,0.342020143326,0.));
#4713 = DIRECTION('',(0.,0.,-1.));
#4714 = ADVANCED_FACE('',(#4715),#4727,.T.);
#4715 = FACE_BOUND('',#4716,.T.);
#4716 = EDGE_LOOP('',(#4717,#4718,#4719,#4720));
#4717 = ORIENTED_EDGE('',*,*,#4665,.F.);
#4718 = ORIENTED_EDGE('',*,*,#4698,.F.);
#4719 = ORIENTED_EDGE('',*,*,#4683,.T.);
#4720 = ORIENTED_EDGE('',*,*,#4721,.F.);
#4721 = EDGE_CURVE('',#4666,#4675,#4722,.T.);
#4722 = CIRCLE('',#4723,4.);
#4723 = AXIS2_PLACEMENT_3D('',#4724,#4725,#4726);
#4724 = CARTESIAN_POINT('',(-2.660602794984,18.992293074286,
    41.619233388595));
#4725 = DIRECTION('',(0.939692620786,0.342020143326,0.));
#4726 = DIRECTION('',(0.,0.,-1.));
#4727 = TOROIDAL_SURFACE('',#4728,3.,1.);
#4728 = AXIS2_PLACEMENT_3D('',#4729,#4730,#4731);
#4729 = CARTESIAN_POINT('',(-2.660602794984,18.992293074286,
    41.619233388595));
#4730 = DIRECTION('',(0.939692620786,0.342020143326,0.));
#4731 = DIRECTION('',(0.,0.,-1.));
#4732 = ADVANCED_FACE('',(#4733),#4745,.T.);
#4733 = FACE_BOUND('',#4734,.T.);
#4734 = EDGE_LOOP('',(#4735,#4736,#4737,#4742,#4743,#4744));
#4735 = ORIENTED_EDGE('',*,*,#4721,.T.);
#4736 = ORIENTED_EDGE('',*,*,#4674,.T.);
#4737 = ORIENTED_EDGE('',*,*,#4738,.F.);
#4738 = EDGE_CURVE('',#4523,#4666,#4739,.T.);
#4739 = B_SPLINE_CURVE_WITH_KNOTS('',1,(#4740,#4741),.UNSPECIFIED.,.F.,
  .F.,(2,2),(1.,1.6),.PIECEWISE_BEZIER_KNOTS.);
#4740 = CARTESIAN_POINT('',(-2.096787222512,19.197505160282,
    45.619233388595));
#4741 = CARTESIAN_POINT('',(-2.660602794984,18.992293074286,
    45.619233388595));
#4742 = ORIENTED_EDGE('',*,*,#4522,.T.);
#4743 = ORIENTED_EDGE('',*,*,#4603,.T.);
#4744 = ORIENTED_EDGE('',*,*,#4738,.T.);
#4745 = CYLINDRICAL_SURFACE('',#4746,4.);
#4746 = AXIS2_PLACEMENT_3D('',#4747,#4748,#4749);
#4747 = CARTESIAN_POINT('',(-1.157094601726,19.539525303608,
    41.619233388595));
#4748 = DIRECTION('',(-0.939692620786,-0.342020143326,-0.));
#4749 = DIRECTION('',(0.,0.,1.));
#4750 = MANIFOLD_SOLID_BREP('',#4751);
#4751 = CLOSED_SHELL('',(#4752,#4796,#4832,#4850,#4884,#4928,#4948,#4966
    ));
#4752 = ADVANCED_FACE('',(#4753),#4791,.T.);
#4753 = FACE_BOUND('',#4754,.T.);
#4754 = EDGE_LOOP('',(#4755,#4766,#4775,#4784));
#4755 = ORIENTED_EDGE('',*,*,#4756,.F.);
#4756 = EDGE_CURVE('',#4757,#4759,#4761,.T.);
#4757 = VERTEX_POINT('',#4758);
#4758 = CARTESIAN_POINT('',(-8.464998469391,15.641123669185,
    45.619233388595));
#4759 = VERTEX_POINT('',#4760);
#4760 = CARTESIAN_POINT('',(-8.464998469391,15.641123669185,
    37.619233388595));
#4761 = CIRCLE('',#4762,4.);
#4762 = AXIS2_PLACEMENT_3D('',#4763,#4764,#4765);
#4763 = CARTESIAN_POINT('',(-8.464998469391,15.641123669185,
    41.619233388595));
#4764 = DIRECTION('',(-0.766044443119,-0.642787609687,-0.));
#4765 = DIRECTION('',(0.,0.,-1.));
#4766 = ORIENTED_EDGE('',*,*,#4767,.T.);
#4767 = EDGE_CURVE('',#4757,#4768,#4770,.T.);
#4768 = VERTEX_POINT('',#4769);
#4769 = CARTESIAN_POINT('',(-7.698954026272,16.283911278871,
    44.619233388595));
#4770 = CIRCLE('',#4771,1.);
#4771 = AXIS2_PLACEMENT_3D('',#4772,#4773,#4774);
#4772 = CARTESIAN_POINT('',(-8.464998469391,15.641123669185,
    44.619233388595));
#4773 = DIRECTION('',(-0.642787609687,0.766044443119,-1.224646799147E-16
    ));
#4774 = DIRECTION('',(-7.871877887342E-17,9.381338752703E-17,1.));
#4775 = ORIENTED_EDGE('',*,*,#4776,.F.);
#4776 = EDGE_CURVE('',#4777,#4768,#4779,.T.);
#4777 = VERTEX_POINT('',#4778);
#4778 = CARTESIAN_POINT('',(-7.698954026272,16.283911278871,
    38.619233388595));
#4779 = CIRCLE('',#4780,3.);
#4780 = AXIS2_PLACEMENT_3D('',#4781,#4782,#4783);
#4781 = CARTESIAN_POINT('',(-7.698954026272,16.283911278871,
    41.619233388595));
#4782 = DIRECTION('',(0.766044443119,0.642787609687,0.));
#4783 = DIRECTION('',(0.,0.,-1.));
#4784 = ORIENTED_EDGE('',*,*,#4785,.F.);
#4785 = EDGE_CURVE('',#4759,#4777,#4786,.T.);
#4786 = CIRCLE('',#4787,1.);
#4787 = AXIS2_PLACEMENT_3D('',#4788,#4789,#4790);
#4788 = CARTESIAN_POINT('',(-8.464998469391,15.641123669185,
    38.619233388595));
#4789 = DIRECTION('',(0.642787609687,-0.766044443119,0.));
#4790 = DIRECTION('',(0.,0.,-1.));
#4791 = TOROIDAL_SURFACE('',#4792,3.,1.);
#4792 = AXIS2_PLACEMENT_3D('',#4793,#4794,#4795);
#4793 = CARTESIAN_POINT('',(-8.464998469391,15.641123669185,
    41.619233388595));
#4794 = DIRECTION('',(0.766044443119,0.642787609687,0.));
#4795 = DIRECTION('',(0.,0.,-1.));
#4796 = ADVANCED_FACE('',(#4797,#4807),#4827,.T.);
#4797 = FACE_BOUND('',#4798,.T.);
#4798 = EDGE_LOOP('',(#4799,#4800));
#4799 = ORIENTED_EDGE('',*,*,#4776,.T.);
#4800 = ORIENTED_EDGE('',*,*,#4801,.T.);
#4801 = EDGE_CURVE('',#4768,#4777,#4802,.T.);
#4802 = CIRCLE('',#4803,3.);
#4803 = AXIS2_PLACEMENT_3D('',#4804,#4805,#4806);
#4804 = CARTESIAN_POINT('',(-7.698954026272,16.283911278871,
    41.619233388595));
#4805 = DIRECTION('',(0.766044443119,0.642787609687,0.));
#4806 = DIRECTION('',(0.,0.,-1.));
#4807 = FACE_BOUND('',#4808,.T.);
#4808 = EDGE_LOOP('',(#4809,#4820));
#4809 = ORIENTED_EDGE('',*,*,#4810,.F.);
#4810 = EDGE_CURVE('',#4811,#4813,#4815,.T.);
#4811 = VERTEX_POINT('',#4812);
#4812 = CARTESIAN_POINT('',(-7.698954026272,16.283911278871,
    42.619233388595));
#4813 = VERTEX_POINT('',#4814);
#4814 = CARTESIAN_POINT('',(-7.698954026272,16.283911278871,
    40.619233388595));
#4815 = CIRCLE('',#4816,1.);
#4816 = AXIS2_PLACEMENT_3D('',#4817,#4818,#4819);
#4817 = CARTESIAN_POINT('',(-7.698954026272,16.283911278871,
    41.619233388595));
#4818 = DIRECTION('',(0.766044443119,0.642787609687,0.));
#4819 = DIRECTION('',(0.,0.,-1.));
#4820 = ORIENTED_EDGE('',*,*,#4821,.F.);
#4821 = EDGE_CURVE('',#4813,#4811,#4822,.T.);
#4822 = CIRCLE('',#4823,1.);
#4823 = AXIS2_PLACEMENT_3D('',#4824,#4825,#4826);
#4824 = CARTESIAN_POINT('',(-7.698954026272,16.283911278871,
    41.619233388595));
#4825 = DIRECTION('',(0.766044443119,0.642787609687,0.));
#4826 = DIRECTION('',(0.,0.,-1.));
#4827 = PLANE('',#4828);
#4828 = AXIS2_PLACEMENT_3D('',#4829,#4830,#4831);
#4829 = CARTESIAN_POINT('',(-7.698954026272,16.283911278871,
    41.619233388595));
#4830 = DIRECTION('',(0.766044443119,0.642787609687,0.));
#4831 = DIRECTION('',(0.,0.,-1.));
#4832 = ADVANCED_FACE('',(#4833),#4845,.T.);
#4833 = FACE_BOUND('',#4834,.T.);
#4834 = EDGE_LOOP('',(#4835,#4836,#4843,#4844));
#4835 = ORIENTED_EDGE('',*,*,#4767,.F.);
#4836 = ORIENTED_EDGE('',*,*,#4837,.F.);
#4837 = EDGE_CURVE('',#4759,#4757,#4838,.T.);
#4838 = CIRCLE('',#4839,4.);
#4839 = AXIS2_PLACEMENT_3D('',#4840,#4841,#4842);
#4840 = CARTESIAN_POINT('',(-8.464998469391,15.641123669185,
    41.619233388595));
#4841 = DIRECTION('',(-0.766044443119,-0.642787609687,-0.));
#4842 = DIRECTION('',(0.,0.,-1.));
#4843 = ORIENTED_EDGE('',*,*,#4785,.T.);
#4844 = ORIENTED_EDGE('',*,*,#4801,.F.);
#4845 = TOROIDAL_SURFACE('',#4846,3.,1.);
#4846 = AXIS2_PLACEMENT_3D('',#4847,#4848,#4849);
#4847 = CARTESIAN_POINT('',(-8.464998469391,15.641123669185,
    41.619233388595));
#4848 = DIRECTION('',(0.766044443119,0.642787609687,0.));
#4849 = DIRECTION('',(0.,0.,-1.));
#4850 = ADVANCED_FACE('',(#4851),#4879,.F.);
#4851 = FACE_BOUND('',#4852,.F.);
#4852 = EDGE_LOOP('',(#4853,#4854,#4861,#4870,#4877,#4878));
#4853 = ORIENTED_EDGE('',*,*,#4810,.F.);
#4854 = ORIENTED_EDGE('',*,*,#4855,.T.);
#4855 = EDGE_CURVE('',#4811,#4856,#4858,.T.);
#4856 = VERTEX_POINT('',#4857);
#4857 = CARTESIAN_POINT('',(-9.690669578381,14.612663493686,
    42.619233388595));
#4858 = B_SPLINE_CURVE_WITH_KNOTS('',1,(#4859,#4860),.UNSPECIFIED.,.F.,
  .F.,(2,2),(0.,2.6),.PIECEWISE_BEZIER_KNOTS.);
#4859 = CARTESIAN_POINT('',(-7.698954026272,16.283911278871,
    42.619233388595));
#4860 = CARTESIAN_POINT('',(-9.690669578381,14.612663493686,
    42.619233388595));
#4861 = ORIENTED_EDGE('',*,*,#4862,.T.);
#4862 = EDGE_CURVE('',#4856,#4863,#4865,.T.);
#4863 = VERTEX_POINT('',#4864);
#4864 = CARTESIAN_POINT('',(-9.690669578381,14.612663493686,
    40.619233388595));
#4865 = CIRCLE('',#4866,1.);
#4866 = AXIS2_PLACEMENT_3D('',#4867,#4868,#4869);
#4867 = CARTESIAN_POINT('',(-9.690669578381,14.612663493686,
    41.619233388595));
#4868 = DIRECTION('',(0.766044443119,0.642787609687,0.));
#4869 = DIRECTION('',(0.,0.,-1.));
#4870 = ORIENTED_EDGE('',*,*,#4871,.T.);
#4871 = EDGE_CURVE('',#4863,#4856,#4872,.T.);
#4872 = CIRCLE('',#4873,1.);
#4873 = AXIS2_PLACEMENT_3D('',#4874,#4875,#4876);
#4874 = CARTESIAN_POINT('',(-9.690669578381,14.612663493686,
    41.619233388595));
#4875 = DIRECTION('',(0.766044443119,0.642787609687,0.));
#4876 = DIRECTION('',(0.,0.,-1.));
#4877 = ORIENTED_EDGE('',*,*,#4855,.F.);
#4878 = ORIENTED_EDGE('',*,*,#4821,.F.);
#4879 = CYLINDRICAL_SURFACE('',#4880,1.);
#4880 = AXIS2_PLACEMENT_3D('',#4881,#4882,#4883);
#4881 = CARTESIAN_POINT('',(-7.698954026272,16.283911278871,
    41.619233388595));
#4882 = DIRECTION('',(-0.766044443119,-0.642787609687,-0.));
#4883 = DIRECTION('',(0.,0.,1.));
#4884 = ADVANCED_FACE('',(#4885),#4923,.T.);
#4885 = FACE_BOUND('',#4886,.T.);
#4886 = EDGE_LOOP('',(#4887,#4898,#4907,#4916));
#4887 = ORIENTED_EDGE('',*,*,#4888,.F.);
#4888 = EDGE_CURVE('',#4889,#4891,#4893,.T.);
#4889 = VERTEX_POINT('',#4890);
#4890 = CARTESIAN_POINT('',(-9.690669578381,14.612663493686,
    44.619233388595));
#4891 = VERTEX_POINT('',#4892);
#4892 = CARTESIAN_POINT('',(-9.690669578381,14.612663493686,
    38.619233388595));
#4893 = CIRCLE('',#4894,3.);
#4894 = AXIS2_PLACEMENT_3D('',#4895,#4896,#4897);
#4895 = CARTESIAN_POINT('',(-9.690669578381,14.612663493686,
    41.619233388595));
#4896 = DIRECTION('',(-0.766044443119,-0.642787609687,-0.));
#4897 = DIRECTION('',(0.,0.,-1.));
#4898 = ORIENTED_EDGE('',*,*,#4899,.T.);
#4899 = EDGE_CURVE('',#4889,#4900,#4902,.T.);
#4900 = VERTEX_POINT('',#4901);
#4901 = CARTESIAN_POINT('',(-8.924625135262,15.255451103373,
    45.619233388595));
#4902 = CIRCLE('',#4903,1.);
#4903 = AXIS2_PLACEMENT_3D('',#4904,#4905,#4906);
#4904 = CARTESIAN_POINT('',(-8.924625135262,15.255451103373,
    44.619233388595));
#4905 = DIRECTION('',(-0.642787609687,0.766044443119,-1.224646799147E-16
    ));
#4906 = DIRECTION('',(-7.871877887342E-17,9.381338752703E-17,1.));
#4907 = ORIENTED_EDGE('',*,*,#4908,.F.);
#4908 = EDGE_CURVE('',#4909,#4900,#4911,.T.);
#4909 = VERTEX_POINT('',#4910);
#4910 = CARTESIAN_POINT('',(-8.924625135262,15.255451103373,
    37.619233388595));
#4911 = CIRCLE('',#4912,4.);
#4912 = AXIS2_PLACEMENT_3D('',#4913,#4914,#4915);
#4913 = CARTESIAN_POINT('',(-8.924625135262,15.255451103373,
    41.619233388595));
#4914 = DIRECTION('',(0.766044443119,0.642787609687,0.));
#4915 = DIRECTION('',(0.,0.,-1.));
#4916 = ORIENTED_EDGE('',*,*,#4917,.F.);
#4917 = EDGE_CURVE('',#4891,#4909,#4918,.T.);
#4918 = CIRCLE('',#4919,1.);
#4919 = AXIS2_PLACEMENT_3D('',#4920,#4921,#4922);
#4920 = CARTESIAN_POINT('',(-8.924625135262,15.255451103373,
    38.619233388595));
#4921 = DIRECTION('',(0.642787609687,-0.766044443119,0.));
#4922 = DIRECTION('',(0.,0.,-1.));
#4923 = TOROIDAL_SURFACE('',#4924,3.,1.);
#4924 = AXIS2_PLACEMENT_3D('',#4925,#4926,#4927);
#4925 = CARTESIAN_POINT('',(-8.924625135262,15.255451103373,
    41.619233388595));
#4926 = DIRECTION('',(0.766044443119,0.642787609687,0.));
#4927 = DIRECTION('',(0.,0.,-1.));
#4928 = ADVANCED_FACE('',(#4929,#4939),#4943,.F.);
#4929 = FACE_BOUND('',#4930,.T.);
#4930 = EDGE_LOOP('',(#4931,#4938));
#4931 = ORIENTED_EDGE('',*,*,#4932,.T.);
#4932 = EDGE_CURVE('',#4891,#4889,#4933,.T.);
#4933 = CIRCLE('',#4934,3.);
#4934 = AXIS2_PLACEMENT_3D('',#4935,#4936,#4937);
#4935 = CARTESIAN_POINT('',(-9.690669578381,14.612663493686,
    41.619233388595));
#4936 = DIRECTION('',(-0.766044443119,-0.642787609687,-0.));
#4937 = DIRECTION('',(0.,0.,-1.));
#4938 = ORIENTED_EDGE('',*,*,#4888,.T.);
#4939 = FACE_BOUND('',#4940,.T.);
#4940 = EDGE_LOOP('',(#4941,#4942));
#4941 = ORIENTED_EDGE('',*,*,#4862,.T.);
#4942 = ORIENTED_EDGE('',*,*,#4871,.T.);
#4943 = PLANE('',#4944);
#4944 = AXIS2_PLACEMENT_3D('',#4945,#4946,#4947);
#4945 = CARTESIAN_POINT('',(-9.690669578381,14.612663493686,
    41.619233388595));
#4946 = DIRECTION('',(0.766044443119,0.642787609687,0.));
#4947 = DIRECTION('',(0.,0.,-1.));
#4948 = ADVANCED_FACE('',(#4949),#4961,.T.);
#4949 = FACE_BOUND('',#4950,.T.);
#4950 = EDGE_LOOP('',(#4951,#4952,#4953,#4954));
#4951 = ORIENTED_EDGE('',*,*,#4899,.F.);
#4952 = ORIENTED_EDGE('',*,*,#4932,.F.);
#4953 = ORIENTED_EDGE('',*,*,#4917,.T.);
#4954 = ORIENTED_EDGE('',*,*,#4955,.F.);
#4955 = EDGE_CURVE('',#4900,#4909,#4956,.T.);
#4956 = CIRCLE('',#4957,4.);
#4957 = AXIS2_PLACEMENT_3D('',#4958,#4959,#4960);
#4958 = CARTESIAN_POINT('',(-8.924625135262,15.255451103373,
    41.619233388595));
#4959 = DIRECTION('',(0.766044443119,0.642787609687,0.));
#4960 = DIRECTION('',(0.,0.,-1.));
#4961 = TOROIDAL_SURFACE('',#4962,3.,1.);
#4962 = AXIS2_PLACEMENT_3D('',#4963,#4964,#4965);
#4963 = CARTESIAN_POINT('',(-8.924625135262,15.255451103373,
    41.619233388595));
#4964 = DIRECTION('',(0.766044443119,0.642787609687,0.));
#4965 = DIRECTION('',(0.,0.,-1.));
#4966 = ADVANCED_FACE('',(#4967),#4979,.T.);
#4967 = FACE_BOUND('',#4968,.T.);
#4968 = EDGE_LOOP('',(#4969,#4970,#4975,#4976,#4977,#4978));
#4969 = ORIENTED_EDGE('',*,*,#4837,.T.);
#4970 = ORIENTED_EDGE('',*,*,#4971,.T.);
#4971 = EDGE_CURVE('',#4757,#4900,#4972,.T.);
#4972 = B_SPLINE_CURVE_WITH_KNOTS('',1,(#4973,#4974),.UNSPECIFIED.,.F.,
  .F.,(2,2),(1.,1.6),.PIECEWISE_BEZIER_KNOTS.);
#4973 = CARTESIAN_POINT('',(-8.464998469391,15.641123669185,
    45.619233388595));
#4974 = CARTESIAN_POINT('',(-8.924625135262,15.255451103373,
    45.619233388595));
#4975 = ORIENTED_EDGE('',*,*,#4955,.T.);
#4976 = ORIENTED_EDGE('',*,*,#4908,.T.);
#4977 = ORIENTED_EDGE('',*,*,#4971,.F.);
#4978 = ORIENTED_EDGE('',*,*,#4756,.T.);
#4979 = CYLINDRICAL_SURFACE('',#4980,4.);
#4980 = AXIS2_PLACEMENT_3D('',#4981,#4982,#4983);
#4981 = CARTESIAN_POINT('',(-7.698954026272,16.283911278871,
    41.619233388595));
#4982 = DIRECTION('',(-0.766044443119,-0.642787609687,-0.));
#4983 = DIRECTION('',(0.,0.,1.));
#4984 = MANIFOLD_SOLID_BREP('',#4985);
#4985 = CLOSED_SHELL('',(#4986,#5030,#5066,#5084,#5118,#5162,#5182,#5200
    ));
#4986 = ADVANCED_FACE('',(#4987),#5025,.T.);
#4987 = FACE_BOUND('',#4988,.T.);
#4988 = EDGE_LOOP('',(#4989,#5000,#5009,#5018));
#4989 = ORIENTED_EDGE('',*,*,#4990,.F.);
#4990 = EDGE_CURVE('',#4991,#4993,#4995,.T.);
#4991 = VERTEX_POINT('',#4992);
#4992 = CARTESIAN_POINT('',(-13.23280547838,10.121161701915,
    45.619233388595));
#4993 = VERTEX_POINT('',#4994);
#4994 = CARTESIAN_POINT('',(-13.23280547838,10.121161701915,
    37.619233388595));
#4995 = CIRCLE('',#4996,4.);
#4996 = AXIS2_PLACEMENT_3D('',#4997,#4998,#4999);
#4997 = CARTESIAN_POINT('',(-13.23280547838,10.121161701915,
    41.619233388595));
#4998 = DIRECTION('',(-0.5,-0.866025403784,-0.));
#4999 = DIRECTION('',(0.,0.,-1.));
#5000 = ORIENTED_EDGE('',*,*,#5001,.T.);
#5001 = EDGE_CURVE('',#4991,#5002,#5004,.T.);
#5002 = VERTEX_POINT('',#5003);
#5003 = CARTESIAN_POINT('',(-12.73280547838,10.9871871057,
    44.619233388595));
#5004 = CIRCLE('',#5005,1.);
#5005 = AXIS2_PLACEMENT_3D('',#5006,#5007,#5008);
#5006 = CARTESIAN_POINT('',(-13.23280547838,10.121161701915,
    44.619233388595));
#5007 = DIRECTION('',(-0.866025403784,0.5,-1.224646799147E-16));
#5008 = DIRECTION('',(-1.060575238725E-16,6.123233995737E-17,1.));
#5009 = ORIENTED_EDGE('',*,*,#5010,.F.);
#5010 = EDGE_CURVE('',#5011,#5002,#5013,.T.);
#5011 = VERTEX_POINT('',#5012);
#5012 = CARTESIAN_POINT('',(-12.73280547838,10.9871871057,
    38.619233388595));
#5013 = CIRCLE('',#5014,3.);
#5014 = AXIS2_PLACEMENT_3D('',#5015,#5016,#5017);
#5015 = CARTESIAN_POINT('',(-12.73280547838,10.9871871057,
    41.619233388595));
#5016 = DIRECTION('',(0.5,0.866025403784,0.));
#5017 = DIRECTION('',(0.,0.,-1.));
#5018 = ORIENTED_EDGE('',*,*,#5019,.F.);
#5019 = EDGE_CURVE('',#4993,#5011,#5020,.T.);
#5020 = CIRCLE('',#5021,1.);
#5021 = AXIS2_PLACEMENT_3D('',#5022,#5023,#5024);
#5022 = CARTESIAN_POINT('',(-13.23280547838,10.121161701915,
    38.619233388595));
#5023 = DIRECTION('',(0.866025403784,-0.5,0.));
#5024 = DIRECTION('',(0.,0.,-1.));
#5025 = TOROIDAL_SURFACE('',#5026,3.,1.);
#5026 = AXIS2_PLACEMENT_3D('',#5027,#5028,#5029);
#5027 = CARTESIAN_POINT('',(-13.23280547838,10.121161701915,
    41.619233388595));
#5028 = DIRECTION('',(0.5,0.866025403784,0.));
#5029 = DIRECTION('',(0.,0.,-1.));
#5030 = ADVANCED_FACE('',(#5031,#5041),#5061,.T.);
#5031 = FACE_BOUND('',#5032,.T.);
#5032 = EDGE_LOOP('',(#5033,#5034));
#5033 = ORIENTED_EDGE('',*,*,#5010,.T.);
#5034 = ORIENTED_EDGE('',*,*,#5035,.T.);
#5035 = EDGE_CURVE('',#5002,#5011,#5036,.T.);
#5036 = CIRCLE('',#5037,3.);
#5037 = AXIS2_PLACEMENT_3D('',#5038,#5039,#5040);
#5038 = CARTESIAN_POINT('',(-12.73280547838,10.9871871057,
    41.619233388595));
#5039 = DIRECTION('',(0.5,0.866025403784,0.));
#5040 = DIRECTION('',(0.,0.,-1.));
#5041 = FACE_BOUND('',#5042,.T.);
#5042 = EDGE_LOOP('',(#5043,#5054));
#5043 = ORIENTED_EDGE('',*,*,#5044,.F.);
#5044 = EDGE_CURVE('',#5045,#5047,#5049,.T.);
#5045 = VERTEX_POINT('',#5046);
#5046 = CARTESIAN_POINT('',(-12.73280547838,10.9871871057,
    42.619233388595));
#5047 = VERTEX_POINT('',#5048);
#5048 = CARTESIAN_POINT('',(-12.73280547838,10.9871871057,
    40.619233388595));
#5049 = CIRCLE('',#5050,1.);
#5050 = AXIS2_PLACEMENT_3D('',#5051,#5052,#5053);
#5051 = CARTESIAN_POINT('',(-12.73280547838,10.9871871057,
    41.619233388595));
#5052 = DIRECTION('',(0.5,0.866025403784,0.));
#5053 = DIRECTION('',(0.,0.,-1.));
#5054 = ORIENTED_EDGE('',*,*,#5055,.F.);
#5055 = EDGE_CURVE('',#5047,#5045,#5056,.T.);
#5056 = CIRCLE('',#5057,1.);
#5057 = AXIS2_PLACEMENT_3D('',#5058,#5059,#5060);
#5058 = CARTESIAN_POINT('',(-12.73280547838,10.9871871057,
    41.619233388595));
#5059 = DIRECTION('',(0.5,0.866025403784,0.));
#5060 = DIRECTION('',(0.,0.,-1.));
#5061 = PLANE('',#5062);
#5062 = AXIS2_PLACEMENT_3D('',#5063,#5064,#5065);
#5063 = CARTESIAN_POINT('',(-12.73280547838,10.9871871057,
    41.619233388595));
#5064 = DIRECTION('',(0.5,0.866025403784,0.));
#5065 = DIRECTION('',(0.,0.,-1.));
#5066 = ADVANCED_FACE('',(#5067),#5079,.T.);
#5067 = FACE_BOUND('',#5068,.T.);
#5068 = EDGE_LOOP('',(#5069,#5070,#5077,#5078));
#5069 = ORIENTED_EDGE('',*,*,#5001,.F.);
#5070 = ORIENTED_EDGE('',*,*,#5071,.F.);
#5071 = EDGE_CURVE('',#4993,#4991,#5072,.T.);
#5072 = CIRCLE('',#5073,4.);
#5073 = AXIS2_PLACEMENT_3D('',#5074,#5075,#5076);
#5074 = CARTESIAN_POINT('',(-13.23280547838,10.121161701915,
    41.619233388595));
#5075 = DIRECTION('',(-0.5,-0.866025403784,-0.));
#5076 = DIRECTION('',(0.,0.,-1.));
#5077 = ORIENTED_EDGE('',*,*,#5019,.T.);
#5078 = ORIENTED_EDGE('',*,*,#5035,.F.);
#5079 = TOROIDAL_SURFACE('',#5080,3.,1.);
#5080 = AXIS2_PLACEMENT_3D('',#5081,#5082,#5083);
#5081 = CARTESIAN_POINT('',(-13.23280547838,10.121161701915,
    41.619233388595));
#5082 = DIRECTION('',(0.5,0.866025403784,0.));
#5083 = DIRECTION('',(0.,0.,-1.));
#5084 = ADVANCED_FACE('',(#5085),#5113,.F.);
#5085 = FACE_BOUND('',#5086,.F.);
#5086 = EDGE_LOOP('',(#5087,#5088,#5095,#5104,#5111,#5112));
#5087 = ORIENTED_EDGE('',*,*,#5044,.F.);
#5088 = ORIENTED_EDGE('',*,*,#5089,.T.);
#5089 = EDGE_CURVE('',#5045,#5090,#5092,.T.);
#5090 = VERTEX_POINT('',#5091);
#5091 = CARTESIAN_POINT('',(-14.03280547838,8.73552105586,
    42.619233388595));
#5092 = B_SPLINE_CURVE_WITH_KNOTS('',1,(#5093,#5094),.UNSPECIFIED.,.F.,
  .F.,(2,2),(0.,2.6),.PIECEWISE_BEZIER_KNOTS.);
#5093 = CARTESIAN_POINT('',(-12.73280547838,10.9871871057,
    42.619233388595));
#5094 = CARTESIAN_POINT('',(-14.03280547838,8.73552105586,
    42.619233388595));
#5095 = ORIENTED_EDGE('',*,*,#5096,.T.);
#5096 = EDGE_CURVE('',#5090,#5097,#5099,.T.);
#5097 = VERTEX_POINT('',#5098);
#5098 = CARTESIAN_POINT('',(-14.03280547838,8.73552105586,
    40.619233388595));
#5099 = CIRCLE('',#5100,1.);
#5100 = AXIS2_PLACEMENT_3D('',#5101,#5102,#5103);
#5101 = CARTESIAN_POINT('',(-14.03280547838,8.73552105586,
    41.619233388595));
#5102 = DIRECTION('',(0.5,0.866025403784,0.));
#5103 = DIRECTION('',(0.,0.,-1.));
#5104 = ORIENTED_EDGE('',*,*,#5105,.T.);
#5105 = EDGE_CURVE('',#5097,#5090,#5106,.T.);
#5106 = CIRCLE('',#5107,1.);
#5107 = AXIS2_PLACEMENT_3D('',#5108,#5109,#5110);
#5108 = CARTESIAN_POINT('',(-14.03280547838,8.73552105586,
    41.619233388595));
#5109 = DIRECTION('',(0.5,0.866025403784,0.));
#5110 = DIRECTION('',(0.,0.,-1.));
#5111 = ORIENTED_EDGE('',*,*,#5089,.F.);
#5112 = ORIENTED_EDGE('',*,*,#5055,.F.);
#5113 = CYLINDRICAL_SURFACE('',#5114,1.);
#5114 = AXIS2_PLACEMENT_3D('',#5115,#5116,#5117);
#5115 = CARTESIAN_POINT('',(-12.73280547838,10.9871871057,
    41.619233388595));
#5116 = DIRECTION('',(-0.5,-0.866025403784,-0.));
#5117 = DIRECTION('',(0.,0.,1.));
#5118 = ADVANCED_FACE('',(#5119),#5157,.T.);
#5119 = FACE_BOUND('',#5120,.T.);
#5120 = EDGE_LOOP('',(#5121,#5132,#5141,#5150));
#5121 = ORIENTED_EDGE('',*,*,#5122,.F.);
#5122 = EDGE_CURVE('',#5123,#5125,#5127,.T.);
#5123 = VERTEX_POINT('',#5124);
#5124 = CARTESIAN_POINT('',(-14.03280547838,8.73552105586,
    44.619233388595));
#5125 = VERTEX_POINT('',#5126);
#5126 = CARTESIAN_POINT('',(-14.03280547838,8.73552105586,
    38.619233388595));
#5127 = CIRCLE('',#5128,3.);
#5128 = AXIS2_PLACEMENT_3D('',#5129,#5130,#5131);
#5129 = CARTESIAN_POINT('',(-14.03280547838,8.73552105586,
    41.619233388595));
#5130 = DIRECTION('',(-0.5,-0.866025403784,-0.));
#5131 = DIRECTION('',(0.,0.,-1.));
#5132 = ORIENTED_EDGE('',*,*,#5133,.T.);
#5133 = EDGE_CURVE('',#5123,#5134,#5136,.T.);
#5134 = VERTEX_POINT('',#5135);
#5135 = CARTESIAN_POINT('',(-13.53280547838,9.601546459645,
    45.619233388595));
#5136 = CIRCLE('',#5137,1.);
#5137 = AXIS2_PLACEMENT_3D('',#5138,#5139,#5140);
#5138 = CARTESIAN_POINT('',(-13.53280547838,9.601546459645,
    44.619233388595));
#5139 = DIRECTION('',(-0.866025403784,0.5,-1.224646799147E-16));
#5140 = DIRECTION('',(-1.060575238725E-16,6.123233995737E-17,1.));
#5141 = ORIENTED_EDGE('',*,*,#5142,.F.);
#5142 = EDGE_CURVE('',#5143,#5134,#5145,.T.);
#5143 = VERTEX_POINT('',#5144);
#5144 = CARTESIAN_POINT('',(-13.53280547838,9.601546459645,
    37.619233388595));
#5145 = CIRCLE('',#5146,4.);
#5146 = AXIS2_PLACEMENT_3D('',#5147,#5148,#5149);
#5147 = CARTESIAN_POINT('',(-13.53280547838,9.601546459645,
    41.619233388595));
#5148 = DIRECTION('',(0.5,0.866025403784,0.));
#5149 = DIRECTION('',(0.,0.,-1.));
#5150 = ORIENTED_EDGE('',*,*,#5151,.F.);
#5151 = EDGE_CURVE('',#5125,#5143,#5152,.T.);
#5152 = CIRCLE('',#5153,1.);
#5153 = AXIS2_PLACEMENT_3D('',#5154,#5155,#5156);
#5154 = CARTESIAN_POINT('',(-13.53280547838,9.601546459645,
    38.619233388595));
#5155 = DIRECTION('',(0.866025403784,-0.5,0.));
#5156 = DIRECTION('',(0.,0.,-1.));
#5157 = TOROIDAL_SURFACE('',#5158,3.,1.);
#5158 = AXIS2_PLACEMENT_3D('',#5159,#5160,#5161);
#5159 = CARTESIAN_POINT('',(-13.53280547838,9.601546459645,
    41.619233388595));
#5160 = DIRECTION('',(0.5,0.866025403784,0.));
#5161 = DIRECTION('',(0.,0.,-1.));
#5162 = ADVANCED_FACE('',(#5163,#5173),#5177,.F.);
#5163 = FACE_BOUND('',#5164,.T.);
#5164 = EDGE_LOOP('',(#5165,#5172));
#5165 = ORIENTED_EDGE('',*,*,#5166,.T.);
#5166 = EDGE_CURVE('',#5125,#5123,#5167,.T.);
#5167 = CIRCLE('',#5168,3.);
#5168 = AXIS2_PLACEMENT_3D('',#5169,#5170,#5171);
#5169 = CARTESIAN_POINT('',(-14.03280547838,8.73552105586,
    41.619233388595));
#5170 = DIRECTION('',(-0.5,-0.866025403784,-0.));
#5171 = DIRECTION('',(0.,0.,-1.));
#5172 = ORIENTED_EDGE('',*,*,#5122,.T.);
#5173 = FACE_BOUND('',#5174,.T.);
#5174 = EDGE_LOOP('',(#5175,#5176));
#5175 = ORIENTED_EDGE('',*,*,#5096,.T.);
#5176 = ORIENTED_EDGE('',*,*,#5105,.T.);
#5177 = PLANE('',#5178);
#5178 = AXIS2_PLACEMENT_3D('',#5179,#5180,#5181);
#5179 = CARTESIAN_POINT('',(-14.03280547838,8.73552105586,
    41.619233388595));
#5180 = DIRECTION('',(0.5,0.866025403784,0.));
#5181 = DIRECTION('',(0.,0.,-1.));
#5182 = ADVANCED_FACE('',(#5183),#5195,.T.);
#5183 = FACE_BOUND('',#5184,.T.);
#5184 = EDGE_LOOP('',(#5185,#5186,#5187,#5188));
#5185 = ORIENTED_EDGE('',*,*,#5133,.F.);
#5186 = ORIENTED_EDGE('',*,*,#5166,.F.);
#5187 = ORIENTED_EDGE('',*,*,#5151,.T.);
#5188 = ORIENTED_EDGE('',*,*,#5189,.F.);
#5189 = EDGE_CURVE('',#5134,#5143,#5190,.T.);
#5190 = CIRCLE('',#5191,4.);
#5191 = AXIS2_PLACEMENT_3D('',#5192,#5193,#5194);
#5192 = CARTESIAN_POINT('',(-13.53280547838,9.601546459645,
    41.619233388595));
#5193 = DIRECTION('',(0.5,0.866025403784,0.));
#5194 = DIRECTION('',(0.,0.,-1.));
#5195 = TOROIDAL_SURFACE('',#5196,3.,1.);
#5196 = AXIS2_PLACEMENT_3D('',#5197,#5198,#5199);
#5197 = CARTESIAN_POINT('',(-13.53280547838,9.601546459645,
    41.619233388595));
#5198 = DIRECTION('',(0.5,0.866025403784,0.));
#5199 = DIRECTION('',(0.,0.,-1.));
#5200 = ADVANCED_FACE('',(#5201),#5213,.T.);
#5201 = FACE_BOUND('',#5202,.T.);
#5202 = EDGE_LOOP('',(#5203,#5204,#5209,#5210,#5211,#5212));
#5203 = ORIENTED_EDGE('',*,*,#5071,.T.);
#5204 = ORIENTED_EDGE('',*,*,#5205,.T.);
#5205 = EDGE_CURVE('',#4991,#5134,#5206,.T.);
#5206 = B_SPLINE_CURVE_WITH_KNOTS('',1,(#5207,#5208),.UNSPECIFIED.,.F.,
  .F.,(2,2),(1.,1.6),.PIECEWISE_BEZIER_KNOTS.);
#5207 = CARTESIAN_POINT('',(-13.23280547838,10.121161701915,
    45.619233388595));
#5208 = CARTESIAN_POINT('',(-13.53280547838,9.601546459645,
    45.619233388595));
#5209 = ORIENTED_EDGE('',*,*,#5189,.T.);
#5210 = ORIENTED_EDGE('',*,*,#5142,.T.);
#5211 = ORIENTED_EDGE('',*,*,#5205,.F.);
#5212 = ORIENTED_EDGE('',*,*,#4990,.T.);
#5213 = CYLINDRICAL_SURFACE('',#5214,4.);
#5214 = AXIS2_PLACEMENT_3D('',#5215,#5216,#5217);
#5215 = CARTESIAN_POINT('',(-12.73280547838,10.9871871057,
    41.619233388595));
#5216 = DIRECTION('',(-0.5,-0.866025403784,-0.));
#5217 = DIRECTION('',(0.,0.,1.));
#5218 = MANIFOLD_SOLID_BREP('',#5219);
#5219 = CLOSED_SHELL('',(#5220,#5264,#5300,#5318,#5352,#5396,#5416,#5434
    ));
#5220 = ADVANCED_FACE('',(#5221),#5259,.T.);
#5221 = FACE_BOUND('',#5222,.T.);
#5222 = EDGE_LOOP('',(#5223,#5234,#5243,#5252));
#5223 = ORIENTED_EDGE('',*,*,#5224,.F.);
#5224 = EDGE_CURVE('',#5225,#5227,#5229,.T.);
#5225 = VERTEX_POINT('',#5226);
#5226 = CARTESIAN_POINT('',(-15.82514035886,3.303408137689,
    45.619233388595));
#5227 = VERTEX_POINT('',#5228);
#5228 = CARTESIAN_POINT('',(-15.82514035886,3.303408137689,
    37.619233388595));
#5229 = CIRCLE('',#5230,4.);
#5230 = AXIS2_PLACEMENT_3D('',#5231,#5232,#5233);
#5231 = CARTESIAN_POINT('',(-15.82514035886,3.303408137689,
    41.619233388595));
#5232 = DIRECTION('',(-0.173648177667,-0.984807753012,-0.));
#5233 = DIRECTION('',(0.,0.,-1.));
#5234 = ORIENTED_EDGE('',*,*,#5235,.T.);
#5235 = EDGE_CURVE('',#5225,#5236,#5238,.T.);
#5236 = VERTEX_POINT('',#5237);
#5237 = CARTESIAN_POINT('',(-15.65149218119,4.288215890701,
    44.619233388595));
#5238 = CIRCLE('',#5239,1.);
#5239 = AXIS2_PLACEMENT_3D('',#5240,#5241,#5242);
#5240 = CARTESIAN_POINT('',(-15.82514035886,3.303408137689,
    44.619233388595));
#5241 = DIRECTION('',(-0.984807753012,0.173648177667,-1.224646799147E-16
    ));
#5242 = DIRECTION('',(-1.206041662502E-16,2.126576849576E-17,1.));
#5243 = ORIENTED_EDGE('',*,*,#5244,.F.);
#5244 = EDGE_CURVE('',#5245,#5236,#5247,.T.);
#5245 = VERTEX_POINT('',#5246);
#5246 = CARTESIAN_POINT('',(-15.65149218119,4.288215890701,
    38.619233388595));
#5247 = CIRCLE('',#5248,3.);
#5248 = AXIS2_PLACEMENT_3D('',#5249,#5250,#5251);
#5249 = CARTESIAN_POINT('',(-15.65149218119,4.288215890701,
    41.619233388595));
#5250 = DIRECTION('',(0.173648177667,0.984807753012,0.));
#5251 = DIRECTION('',(0.,0.,-1.));
#5252 = ORIENTED_EDGE('',*,*,#5253,.F.);
#5253 = EDGE_CURVE('',#5227,#5245,#5254,.T.);
#5254 = CIRCLE('',#5255,1.);
#5255 = AXIS2_PLACEMENT_3D('',#5256,#5257,#5258);
#5256 = CARTESIAN_POINT('',(-15.82514035886,3.303408137689,
    38.619233388595));
#5257 = DIRECTION('',(0.984807753012,-0.173648177667,0.));
#5258 = DIRECTION('',(0.,0.,-1.));
#5259 = TOROIDAL_SURFACE('',#5260,3.,1.);
#5260 = AXIS2_PLACEMENT_3D('',#5261,#5262,#5263);
#5261 = CARTESIAN_POINT('',(-15.82514035886,3.303408137689,
    41.619233388595));
#5262 = DIRECTION('',(0.173648177667,0.984807753012,0.));
#5263 = DIRECTION('',(0.,0.,-1.));
#5264 = ADVANCED_FACE('',(#5265,#5275),#5295,.T.);
#5265 = FACE_BOUND('',#5266,.T.);
#5266 = EDGE_LOOP('',(#5267,#5268));
#5267 = ORIENTED_EDGE('',*,*,#5244,.T.);
#5268 = ORIENTED_EDGE('',*,*,#5269,.T.);
#5269 = EDGE_CURVE('',#5236,#5245,#5270,.T.);
#5270 = CIRCLE('',#5271,3.);
#5271 = AXIS2_PLACEMENT_3D('',#5272,#5273,#5274);
#5272 = CARTESIAN_POINT('',(-15.65149218119,4.288215890701,
    41.619233388595));
#5273 = DIRECTION('',(0.173648177667,0.984807753012,0.));
#5274 = DIRECTION('',(0.,0.,-1.));
#5275 = FACE_BOUND('',#5276,.T.);
#5276 = EDGE_LOOP('',(#5277,#5288));
#5277 = ORIENTED_EDGE('',*,*,#5278,.F.);
#5278 = EDGE_CURVE('',#5279,#5281,#5283,.T.);
#5279 = VERTEX_POINT('',#5280);
#5280 = CARTESIAN_POINT('',(-15.65149218119,4.288215890701,
    42.619233388595));
#5281 = VERTEX_POINT('',#5282);
#5282 = CARTESIAN_POINT('',(-15.65149218119,4.288215890701,
    40.619233388595));
#5283 = CIRCLE('',#5284,1.);
#5284 = AXIS2_PLACEMENT_3D('',#5285,#5286,#5287);
#5285 = CARTESIAN_POINT('',(-15.65149218119,4.288215890701,
    41.619233388595));
#5286 = DIRECTION('',(0.173648177667,0.984807753012,0.));
#5287 = DIRECTION('',(0.,0.,-1.));
#5288 = ORIENTED_EDGE('',*,*,#5289,.F.);
#5289 = EDGE_CURVE('',#5281,#5279,#5290,.T.);
#5290 = CIRCLE('',#5291,1.);
#5291 = AXIS2_PLACEMENT_3D('',#5292,#5293,#5294);
#5292 = CARTESIAN_POINT('',(-15.65149218119,4.288215890701,
    41.619233388595));
#5293 = DIRECTION('',(0.173648177667,0.984807753012,0.));
#5294 = DIRECTION('',(0.,0.,-1.));
#5295 = PLANE('',#5296);
#5296 = AXIS2_PLACEMENT_3D('',#5297,#5298,#5299);
#5297 = CARTESIAN_POINT('',(-15.65149218119,4.288215890701,
    41.619233388595));
#5298 = DIRECTION('',(0.173648177667,0.984807753012,0.));
#5299 = DIRECTION('',(0.,0.,-1.));
#5300 = ADVANCED_FACE('',(#5301),#5313,.T.);
#5301 = FACE_BOUND('',#5302,.T.);
#5302 = EDGE_LOOP('',(#5303,#5304,#5311,#5312));
#5303 = ORIENTED_EDGE('',*,*,#5235,.F.);
#5304 = ORIENTED_EDGE('',*,*,#5305,.F.);
#5305 = EDGE_CURVE('',#5227,#5225,#5306,.T.);
#5306 = CIRCLE('',#5307,4.);
#5307 = AXIS2_PLACEMENT_3D('',#5308,#5309,#5310);
#5308 = CARTESIAN_POINT('',(-15.82514035886,3.303408137689,
    41.619233388595));
#5309 = DIRECTION('',(-0.173648177667,-0.984807753012,-0.));
#5310 = DIRECTION('',(0.,0.,-1.));
#5311 = ORIENTED_EDGE('',*,*,#5253,.T.);
#5312 = ORIENTED_EDGE('',*,*,#5269,.F.);
#5313 = TOROIDAL_SURFACE('',#5314,3.,1.);
#5314 = AXIS2_PLACEMENT_3D('',#5315,#5316,#5317);
#5315 = CARTESIAN_POINT('',(-15.82514035886,3.303408137689,
    41.619233388595));
#5316 = DIRECTION('',(0.173648177667,0.984807753012,0.));
#5317 = DIRECTION('',(0.,0.,-1.));
#5318 = ADVANCED_FACE('',(#5319),#5347,.F.);
#5319 = FACE_BOUND('',#5320,.F.);
#5320 = EDGE_LOOP('',(#5321,#5322,#5329,#5338,#5345,#5346));
#5321 = ORIENTED_EDGE('',*,*,#5278,.F.);
#5322 = ORIENTED_EDGE('',*,*,#5323,.T.);
#5323 = EDGE_CURVE('',#5279,#5324,#5326,.T.);
#5324 = VERTEX_POINT('',#5325);
#5325 = CARTESIAN_POINT('',(-16.10297744313,1.72771573287,
    42.619233388595));
#5326 = B_SPLINE_CURVE_WITH_KNOTS('',1,(#5327,#5328),.UNSPECIFIED.,.F.,
  .F.,(2,2),(0.,2.6),.PIECEWISE_BEZIER_KNOTS.);
#5327 = CARTESIAN_POINT('',(-15.65149218119,4.288215890701,
    42.619233388595));
#5328 = CARTESIAN_POINT('',(-16.10297744313,1.72771573287,
    42.619233388595));
#5329 = ORIENTED_EDGE('',*,*,#5330,.T.);
#5330 = EDGE_CURVE('',#5324,#5331,#5333,.T.);
#5331 = VERTEX_POINT('',#5332);
#5332 = CARTESIAN_POINT('',(-16.10297744313,1.72771573287,
    40.619233388595));
#5333 = CIRCLE('',#5334,1.);
#5334 = AXIS2_PLACEMENT_3D('',#5335,#5336,#5337);
#5335 = CARTESIAN_POINT('',(-16.10297744313,1.72771573287,
    41.619233388595));
#5336 = DIRECTION('',(0.173648177667,0.984807753012,0.));
#5337 = DIRECTION('',(0.,0.,-1.));
#5338 = ORIENTED_EDGE('',*,*,#5339,.T.);
#5339 = EDGE_CURVE('',#5331,#5324,#5340,.T.);
#5340 = CIRCLE('',#5341,1.);
#5341 = AXIS2_PLACEMENT_3D('',#5342,#5343,#5344);
#5342 = CARTESIAN_POINT('',(-16.10297744313,1.72771573287,
    41.619233388595));
#5343 = DIRECTION('',(0.173648177667,0.984807753012,0.));
#5344 = DIRECTION('',(0.,0.,-1.));
#5345 = ORIENTED_EDGE('',*,*,#5323,.F.);
#5346 = ORIENTED_EDGE('',*,*,#5289,.F.);
#5347 = CYLINDRICAL_SURFACE('',#5348,1.);
#5348 = AXIS2_PLACEMENT_3D('',#5349,#5350,#5351);
#5349 = CARTESIAN_POINT('',(-15.65149218119,4.288215890701,
    41.619233388595));
#5350 = DIRECTION('',(-0.173648177667,-0.984807753012,-0.));
#5351 = DIRECTION('',(0.,0.,1.));
#5352 = ADVANCED_FACE('',(#5353),#5391,.T.);
#5353 = FACE_BOUND('',#5354,.T.);
#5354 = EDGE_LOOP('',(#5355,#5366,#5375,#5384));
#5355 = ORIENTED_EDGE('',*,*,#5356,.F.);
#5356 = EDGE_CURVE('',#5357,#5359,#5361,.T.);
#5357 = VERTEX_POINT('',#5358);
#5358 = CARTESIAN_POINT('',(-16.10297744313,1.72771573287,
    44.619233388595));
#5359 = VERTEX_POINT('',#5360);
#5360 = CARTESIAN_POINT('',(-16.10297744313,1.72771573287,
    38.619233388595));
#5361 = CIRCLE('',#5362,3.);
#5362 = AXIS2_PLACEMENT_3D('',#5363,#5364,#5365);
#5363 = CARTESIAN_POINT('',(-16.10297744313,1.72771573287,
    41.619233388595));
#5364 = DIRECTION('',(-0.173648177667,-0.984807753012,-0.));
#5365 = DIRECTION('',(0.,0.,-1.));
#5366 = ORIENTED_EDGE('',*,*,#5367,.T.);
#5367 = EDGE_CURVE('',#5357,#5368,#5370,.T.);
#5368 = VERTEX_POINT('',#5369);
#5369 = CARTESIAN_POINT('',(-15.92932926546,2.712523485882,
    45.619233388595));
#5370 = CIRCLE('',#5371,1.);
#5371 = AXIS2_PLACEMENT_3D('',#5372,#5373,#5374);
#5372 = CARTESIAN_POINT('',(-15.92932926546,2.712523485882,
    44.619233388595));
#5373 = DIRECTION('',(-0.984807753012,0.173648177667,-1.224646799147E-16
    ));
#5374 = DIRECTION('',(-1.206041662502E-16,2.126576849576E-17,1.));
#5375 = ORIENTED_EDGE('',*,*,#5376,.F.);
#5376 = EDGE_CURVE('',#5377,#5368,#5379,.T.);
#5377 = VERTEX_POINT('',#5378);
#5378 = CARTESIAN_POINT('',(-15.92932926546,2.712523485882,
    37.619233388595));
#5379 = CIRCLE('',#5380,4.);
#5380 = AXIS2_PLACEMENT_3D('',#5381,#5382,#5383);
#5381 = CARTESIAN_POINT('',(-15.92932926546,2.712523485882,
    41.619233388595));
#5382 = DIRECTION('',(0.173648177667,0.984807753012,0.));
#5383 = DIRECTION('',(0.,0.,-1.));
#5384 = ORIENTED_EDGE('',*,*,#5385,.F.);
#5385 = EDGE_CURVE('',#5359,#5377,#5386,.T.);
#5386 = CIRCLE('',#5387,1.);
#5387 = AXIS2_PLACEMENT_3D('',#5388,#5389,#5390);
#5388 = CARTESIAN_POINT('',(-15.92932926546,2.712523485882,
    38.619233388595));
#5389 = DIRECTION('',(0.984807753012,-0.173648177667,0.));
#5390 = DIRECTION('',(0.,0.,-1.));
#5391 = TOROIDAL_SURFACE('',#5392,3.,1.);
#5392 = AXIS2_PLACEMENT_3D('',#5393,#5394,#5395);
#5393 = CARTESIAN_POINT('',(-15.92932926546,2.712523485882,
    41.619233388595));
#5394 = DIRECTION('',(0.173648177667,0.984807753012,0.));
#5395 = DIRECTION('',(0.,0.,-1.));
#5396 = ADVANCED_FACE('',(#5397,#5407),#5411,.F.);
#5397 = FACE_BOUND('',#5398,.T.);
#5398 = EDGE_LOOP('',(#5399,#5406));
#5399 = ORIENTED_EDGE('',*,*,#5400,.T.);
#5400 = EDGE_CURVE('',#5359,#5357,#5401,.T.);
#5401 = CIRCLE('',#5402,3.);
#5402 = AXIS2_PLACEMENT_3D('',#5403,#5404,#5405);
#5403 = CARTESIAN_POINT('',(-16.10297744313,1.72771573287,
    41.619233388595));
#5404 = DIRECTION('',(-0.173648177667,-0.984807753012,-0.));
#5405 = DIRECTION('',(0.,0.,-1.));
#5406 = ORIENTED_EDGE('',*,*,#5356,.T.);
#5407 = FACE_BOUND('',#5408,.T.);
#5408 = EDGE_LOOP('',(#5409,#5410));
#5409 = ORIENTED_EDGE('',*,*,#5330,.T.);
#5410 = ORIENTED_EDGE('',*,*,#5339,.T.);
#5411 = PLANE('',#5412);
#5412 = AXIS2_PLACEMENT_3D('',#5413,#5414,#5415);
#5413 = CARTESIAN_POINT('',(-16.10297744313,1.72771573287,
    41.619233388595));
#5414 = DIRECTION('',(0.173648177667,0.984807753012,0.));
#5415 = DIRECTION('',(0.,0.,-1.));
#5416 = ADVANCED_FACE('',(#5417),#5429,.T.);
#5417 = FACE_BOUND('',#5418,.T.);
#5418 = EDGE_LOOP('',(#5419,#5420,#5421,#5422));
#5419 = ORIENTED_EDGE('',*,*,#5367,.F.);
#5420 = ORIENTED_EDGE('',*,*,#5400,.F.);
#5421 = ORIENTED_EDGE('',*,*,#5385,.T.);
#5422 = ORIENTED_EDGE('',*,*,#5423,.F.);
#5423 = EDGE_CURVE('',#5368,#5377,#5424,.T.);
#5424 = CIRCLE('',#5425,4.);
#5425 = AXIS2_PLACEMENT_3D('',#5426,#5427,#5428);
#5426 = CARTESIAN_POINT('',(-15.92932926546,2.712523485882,
    41.619233388595));
#5427 = DIRECTION('',(0.173648177667,0.984807753012,0.));
#5428 = DIRECTION('',(0.,0.,-1.));
#5429 = TOROIDAL_SURFACE('',#5430,3.,1.);
#5430 = AXIS2_PLACEMENT_3D('',#5431,#5432,#5433);
#5431 = CARTESIAN_POINT('',(-15.92932926546,2.712523485882,
    41.619233388595));
#5432 = DIRECTION('',(0.173648177667,0.984807753012,0.));
#5433 = DIRECTION('',(0.,0.,-1.));
#5434 = ADVANCED_FACE('',(#5435),#5447,.T.);
#5435 = FACE_BOUND('',#5436,.T.);
#5436 = EDGE_LOOP('',(#5437,#5438,#5439,#5444,#5445,#5446));
#5437 = ORIENTED_EDGE('',*,*,#5423,.T.);
#5438 = ORIENTED_EDGE('',*,*,#5376,.T.);
#5439 = ORIENTED_EDGE('',*,*,#5440,.F.);
#5440 = EDGE_CURVE('',#5225,#5368,#5441,.T.);
#5441 = B_SPLINE_CURVE_WITH_KNOTS('',1,(#5442,#5443),.UNSPECIFIED.,.F.,
  .F.,(2,2),(1.,1.6),.PIECEWISE_BEZIER_KNOTS.);
#5442 = CARTESIAN_POINT('',(-15.82514035886,3.303408137689,
    45.619233388595));
#5443 = CARTESIAN_POINT('',(-15.92932926546,2.712523485882,
    45.619233388595));
#5444 = ORIENTED_EDGE('',*,*,#5224,.T.);
#5445 = ORIENTED_EDGE('',*,*,#5305,.T.);
#5446 = ORIENTED_EDGE('',*,*,#5440,.T.);
#5447 = CYLINDRICAL_SURFACE('',#5448,4.);
#5448 = AXIS2_PLACEMENT_3D('',#5449,#5450,#5451);
#5449 = CARTESIAN_POINT('',(-15.65149218119,4.288215890701,
    41.619233388595));
#5450 = DIRECTION('',(-0.173648177667,-0.984807753012,-0.));
#5451 = DIRECTION('',(0.,0.,1.));
#5452 = MANIFOLD_SOLID_BREP('',#5453);
#5453 = CLOSED_SHELL('',(#5454,#5498,#5534,#5552,#5586,#5630,#5650,#5668
    ));
#5454 = ADVANCED_FACE('',(#5455),#5493,.T.);
#5455 = FACE_BOUND('',#5456,.T.);
#5456 = EDGE_LOOP('',(#5457,#5468,#5477,#5486));
#5457 = ORIENTED_EDGE('',*,*,#5458,.F.);
#5458 = EDGE_CURVE('',#5459,#5461,#5463,.T.);
#5459 = VERTEX_POINT('',#5460);
#5460 = CARTESIAN_POINT('',(-15.92932926546,-3.989815324322,
    45.619233388595));
#5461 = VERTEX_POINT('',#5462);
#5462 = CARTESIAN_POINT('',(-15.92932926546,-3.989815324322,
    37.619233388595));
#5463 = CIRCLE('',#5464,4.);
#5464 = AXIS2_PLACEMENT_3D('',#5465,#5466,#5467);
#5465 = CARTESIAN_POINT('',(-15.92932926546,-3.989815324322,
    41.619233388595));
#5466 = DIRECTION('',(0.173648177667,-0.984807753012,-0.));
#5467 = DIRECTION('',(-0.,0.,-1.));
#5468 = ORIENTED_EDGE('',*,*,#5469,.T.);
#5469 = EDGE_CURVE('',#5459,#5470,#5472,.T.);
#5470 = VERTEX_POINT('',#5471);
#5471 = CARTESIAN_POINT('',(-16.10297744313,-3.00500757131,
    44.619233388595));
#5472 = CIRCLE('',#5473,1.);
#5473 = AXIS2_PLACEMENT_3D('',#5474,#5475,#5476);
#5474 = CARTESIAN_POINT('',(-15.92932926546,-3.989815324322,
    44.619233388595));
#5475 = DIRECTION('',(-0.984807753012,-0.173648177667,
    -1.224646799147E-16));
#5476 = DIRECTION('',(-1.206041662502E-16,-2.126576849576E-17,1.));
#5477 = ORIENTED_EDGE('',*,*,#5478,.F.);
#5478 = EDGE_CURVE('',#5479,#5470,#5481,.T.);
#5479 = VERTEX_POINT('',#5480);
#5480 = CARTESIAN_POINT('',(-16.10297744313,-3.00500757131,
    38.619233388595));
#5481 = CIRCLE('',#5482,3.);
#5482 = AXIS2_PLACEMENT_3D('',#5483,#5484,#5485);
#5483 = CARTESIAN_POINT('',(-16.10297744313,-3.00500757131,
    41.619233388595));
#5484 = DIRECTION('',(-0.173648177667,0.984807753012,0.));
#5485 = DIRECTION('',(-0.,0.,-1.));
#5486 = ORIENTED_EDGE('',*,*,#5487,.F.);
#5487 = EDGE_CURVE('',#5461,#5479,#5488,.T.);
#5488 = CIRCLE('',#5489,1.);
#5489 = AXIS2_PLACEMENT_3D('',#5490,#5491,#5492);
#5490 = CARTESIAN_POINT('',(-15.92932926546,-3.989815324322,
    38.619233388595));
#5491 = DIRECTION('',(0.984807753012,0.173648177667,0.));
#5492 = DIRECTION('',(-0.,0.,-1.));
#5493 = TOROIDAL_SURFACE('',#5494,3.,1.);
#5494 = AXIS2_PLACEMENT_3D('',#5495,#5496,#5497);
#5495 = CARTESIAN_POINT('',(-15.92932926546,-3.989815324322,
    41.619233388595));
#5496 = DIRECTION('',(-0.173648177667,0.984807753012,0.));
#5497 = DIRECTION('',(-0.,0.,-1.));
#5498 = ADVANCED_FACE('',(#5499,#5509),#5529,.T.);
#5499 = FACE_BOUND('',#5500,.T.);
#5500 = EDGE_LOOP('',(#5501,#5502));
#5501 = ORIENTED_EDGE('',*,*,#5478,.T.);
#5502 = ORIENTED_EDGE('',*,*,#5503,.T.);
#5503 = EDGE_CURVE('',#5470,#5479,#5504,.T.);
#5504 = CIRCLE('',#5505,3.);
#5505 = AXIS2_PLACEMENT_3D('',#5506,#5507,#5508);
#5506 = CARTESIAN_POINT('',(-16.10297744313,-3.00500757131,
    41.619233388595));
#5507 = DIRECTION('',(-0.173648177667,0.984807753012,0.));
#5508 = DIRECTION('',(-0.,0.,-1.));
#5509 = FACE_BOUND('',#5510,.T.);
#5510 = EDGE_LOOP('',(#5511,#5522));
#5511 = ORIENTED_EDGE('',*,*,#5512,.F.);
#5512 = EDGE_CURVE('',#5513,#5515,#5517,.T.);
#5513 = VERTEX_POINT('',#5514);
#5514 = CARTESIAN_POINT('',(-16.10297744313,-3.00500757131,
    42.619233388595));
#5515 = VERTEX_POINT('',#5516);
#5516 = CARTESIAN_POINT('',(-16.10297744313,-3.00500757131,
    40.619233388595));
#5517 = CIRCLE('',#5518,1.);
#5518 = AXIS2_PLACEMENT_3D('',#5519,#5520,#5521);
#5519 = CARTESIAN_POINT('',(-16.10297744313,-3.00500757131,
    41.619233388595));
#5520 = DIRECTION('',(-0.173648177667,0.984807753012,0.));
#5521 = DIRECTION('',(-0.,0.,-1.));
#5522 = ORIENTED_EDGE('',*,*,#5523,.F.);
#5523 = EDGE_CURVE('',#5515,#5513,#5524,.T.);
#5524 = CIRCLE('',#5525,1.);
#5525 = AXIS2_PLACEMENT_3D('',#5526,#5527,#5528);
#5526 = CARTESIAN_POINT('',(-16.10297744313,-3.00500757131,
    41.619233388595));
#5527 = DIRECTION('',(-0.173648177667,0.984807753012,0.));
#5528 = DIRECTION('',(-0.,0.,-1.));
#5529 = PLANE('',#5530);
#5530 = AXIS2_PLACEMENT_3D('',#5531,#5532,#5533);
#5531 = CARTESIAN_POINT('',(-16.10297744313,-3.00500757131,
    41.619233388595));
#5532 = DIRECTION('',(-0.173648177667,0.984807753012,0.));
#5533 = DIRECTION('',(-0.,0.,-1.));
#5534 = ADVANCED_FACE('',(#5535),#5547,.T.);
#5535 = FACE_BOUND('',#5536,.T.);
#5536 = EDGE_LOOP('',(#5537,#5538,#5545,#5546));
#5537 = ORIENTED_EDGE('',*,*,#5469,.F.);
#5538 = ORIENTED_EDGE('',*,*,#5539,.F.);
#5539 = EDGE_CURVE('',#5461,#5459,#5540,.T.);
#5540 = CIRCLE('',#5541,4.);
#5541 = AXIS2_PLACEMENT_3D('',#5542,#5543,#5544);
#5542 = CARTESIAN_POINT('',(-15.92932926546,-3.989815324322,
    41.619233388595));
#5543 = DIRECTION('',(0.173648177667,-0.984807753012,-0.));
#5544 = DIRECTION('',(-0.,0.,-1.));
#5545 = ORIENTED_EDGE('',*,*,#5487,.T.);
#5546 = ORIENTED_EDGE('',*,*,#5503,.F.);
#5547 = TOROIDAL_SURFACE('',#5548,3.,1.);
#5548 = AXIS2_PLACEMENT_3D('',#5549,#5550,#5551);
#5549 = CARTESIAN_POINT('',(-15.92932926546,-3.989815324322,
    41.619233388595));
#5550 = DIRECTION('',(-0.173648177667,0.984807753012,0.));
#5551 = DIRECTION('',(-0.,0.,-1.));
#5552 = ADVANCED_FACE('',(#5553),#5581,.F.);
#5553 = FACE_BOUND('',#5554,.F.);
#5554 = EDGE_LOOP('',(#5555,#5556,#5563,#5572,#5579,#5580));
#5555 = ORIENTED_EDGE('',*,*,#5512,.F.);
#5556 = ORIENTED_EDGE('',*,*,#5557,.T.);
#5557 = EDGE_CURVE('',#5513,#5558,#5560,.T.);
#5558 = VERTEX_POINT('',#5559);
#5559 = CARTESIAN_POINT('',(-15.65149218119,-5.565507729141,
    42.619233388595));
#5560 = B_SPLINE_CURVE_WITH_KNOTS('',1,(#5561,#5562),.UNSPECIFIED.,.F.,
  .F.,(2,2),(0.,2.6),.PIECEWISE_BEZIER_KNOTS.);
#5561 = CARTESIAN_POINT('',(-16.10297744313,-3.00500757131,
    42.619233388595));
#5562 = CARTESIAN_POINT('',(-15.65149218119,-5.565507729141,
    42.619233388595));
#5563 = ORIENTED_EDGE('',*,*,#5564,.T.);
#5564 = EDGE_CURVE('',#5558,#5565,#5567,.T.);
#5565 = VERTEX_POINT('',#5566);
#5566 = CARTESIAN_POINT('',(-15.65149218119,-5.565507729141,
    40.619233388595));
#5567 = CIRCLE('',#5568,1.);
#5568 = AXIS2_PLACEMENT_3D('',#5569,#5570,#5571);
#5569 = CARTESIAN_POINT('',(-15.65149218119,-5.565507729141,
    41.619233388595));
#5570 = DIRECTION('',(-0.173648177667,0.984807753012,0.));
#5571 = DIRECTION('',(-0.,0.,-1.));
#5572 = ORIENTED_EDGE('',*,*,#5573,.T.);
#5573 = EDGE_CURVE('',#5565,#5558,#5574,.T.);
#5574 = CIRCLE('',#5575,1.);
#5575 = AXIS2_PLACEMENT_3D('',#5576,#5577,#5578);
#5576 = CARTESIAN_POINT('',(-15.65149218119,-5.565507729141,
    41.619233388595));
#5577 = DIRECTION('',(-0.173648177667,0.984807753012,0.));
#5578 = DIRECTION('',(-0.,0.,-1.));
#5579 = ORIENTED_EDGE('',*,*,#5557,.F.);
#5580 = ORIENTED_EDGE('',*,*,#5523,.F.);
#5581 = CYLINDRICAL_SURFACE('',#5582,1.);
#5582 = AXIS2_PLACEMENT_3D('',#5583,#5584,#5585);
#5583 = CARTESIAN_POINT('',(-16.10297744313,-3.00500757131,
    41.619233388595));
#5584 = DIRECTION('',(0.173648177667,-0.984807753012,-0.));
#5585 = DIRECTION('',(0.,0.,1.));
#5586 = ADVANCED_FACE('',(#5587),#5625,.T.);
#5587 = FACE_BOUND('',#5588,.T.);
#5588 = EDGE_LOOP('',(#5589,#5600,#5609,#5618));
#5589 = ORIENTED_EDGE('',*,*,#5590,.F.);
#5590 = EDGE_CURVE('',#5591,#5593,#5595,.T.);
#5591 = VERTEX_POINT('',#5592);
#5592 = CARTESIAN_POINT('',(-15.65149218119,-5.565507729141,
    44.619233388595));
#5593 = VERTEX_POINT('',#5594);
#5594 = CARTESIAN_POINT('',(-15.65149218119,-5.565507729141,
    38.619233388595));
#5595 = CIRCLE('',#5596,3.);
#5596 = AXIS2_PLACEMENT_3D('',#5597,#5598,#5599);
#5597 = CARTESIAN_POINT('',(-15.65149218119,-5.565507729141,
    41.619233388595));
#5598 = DIRECTION('',(0.173648177667,-0.984807753012,-0.));
#5599 = DIRECTION('',(-0.,0.,-1.));
#5600 = ORIENTED_EDGE('',*,*,#5601,.T.);
#5601 = EDGE_CURVE('',#5591,#5602,#5604,.T.);
#5602 = VERTEX_POINT('',#5603);
#5603 = CARTESIAN_POINT('',(-15.82514035886,-4.580699976129,
    45.619233388595));
#5604 = CIRCLE('',#5605,1.);
#5605 = AXIS2_PLACEMENT_3D('',#5606,#5607,#5608);
#5606 = CARTESIAN_POINT('',(-15.82514035886,-4.580699976129,
    44.619233388595));
#5607 = DIRECTION('',(-0.984807753012,-0.173648177667,
    -1.224646799147E-16));
#5608 = DIRECTION('',(-1.206041662502E-16,-2.126576849576E-17,1.));
#5609 = ORIENTED_EDGE('',*,*,#5610,.F.);
#5610 = EDGE_CURVE('',#5611,#5602,#5613,.T.);
#5611 = VERTEX_POINT('',#5612);
#5612 = CARTESIAN_POINT('',(-15.82514035886,-4.580699976129,
    37.619233388595));
#5613 = CIRCLE('',#5614,4.);
#5614 = AXIS2_PLACEMENT_3D('',#5615,#5616,#5617);
#5615 = CARTESIAN_POINT('',(-15.82514035886,-4.580699976129,
    41.619233388595));
#5616 = DIRECTION('',(-0.173648177667,0.984807753012,0.));
#5617 = DIRECTION('',(-0.,0.,-1.));
#5618 = ORIENTED_EDGE('',*,*,#5619,.F.);
#5619 = EDGE_CURVE('',#5593,#5611,#5620,.T.);
#5620 = CIRCLE('',#5621,1.);
#5621 = AXIS2_PLACEMENT_3D('',#5622,#5623,#5624);
#5622 = CARTESIAN_POINT('',(-15.82514035886,-4.580699976129,
    38.619233388595));
#5623 = DIRECTION('',(0.984807753012,0.173648177667,0.));
#5624 = DIRECTION('',(-0.,0.,-1.));
#5625 = TOROIDAL_SURFACE('',#5626,3.,1.);
#5626 = AXIS2_PLACEMENT_3D('',#5627,#5628,#5629);
#5627 = CARTESIAN_POINT('',(-15.82514035886,-4.580699976129,
    41.619233388595));
#5628 = DIRECTION('',(-0.173648177667,0.984807753012,0.));
#5629 = DIRECTION('',(-0.,0.,-1.));
#5630 = ADVANCED_FACE('',(#5631,#5641),#5645,.F.);
#5631 = FACE_BOUND('',#5632,.T.);
#5632 = EDGE_LOOP('',(#5633,#5640));
#5633 = ORIENTED_EDGE('',*,*,#5634,.T.);
#5634 = EDGE_CURVE('',#5593,#5591,#5635,.T.);
#5635 = CIRCLE('',#5636,3.);
#5636 = AXIS2_PLACEMENT_3D('',#5637,#5638,#5639);
#5637 = CARTESIAN_POINT('',(-15.65149218119,-5.565507729141,
    41.619233388595));
#5638 = DIRECTION('',(0.173648177667,-0.984807753012,-0.));
#5639 = DIRECTION('',(-0.,0.,-1.));
#5640 = ORIENTED_EDGE('',*,*,#5590,.T.);
#5641 = FACE_BOUND('',#5642,.T.);
#5642 = EDGE_LOOP('',(#5643,#5644));
#5643 = ORIENTED_EDGE('',*,*,#5564,.T.);
#5644 = ORIENTED_EDGE('',*,*,#5573,.T.);
#5645 = PLANE('',#5646);
#5646 = AXIS2_PLACEMENT_3D('',#5647,#5648,#5649);
#5647 = CARTESIAN_POINT('',(-15.65149218119,-5.565507729141,
    41.619233388595));
#5648 = DIRECTION('',(-0.173648177667,0.984807753012,0.));
#5649 = DIRECTION('',(-0.,0.,-1.));
#5650 = ADVANCED_FACE('',(#5651),#5663,.T.);
#5651 = FACE_BOUND('',#5652,.T.);
#5652 = EDGE_LOOP('',(#5653,#5654,#5655,#5656));
#5653 = ORIENTED_EDGE('',*,*,#5601,.F.);
#5654 = ORIENTED_EDGE('',*,*,#5634,.F.);
#5655 = ORIENTED_EDGE('',*,*,#5619,.T.);
#5656 = ORIENTED_EDGE('',*,*,#5657,.F.);
#5657 = EDGE_CURVE('',#5602,#5611,#5658,.T.);
#5658 = CIRCLE('',#5659,4.);
#5659 = AXIS2_PLACEMENT_3D('',#5660,#5661,#5662);
#5660 = CARTESIAN_POINT('',(-15.82514035886,-4.580699976129,
    41.619233388595));
#5661 = DIRECTION('',(-0.173648177667,0.984807753012,0.));
#5662 = DIRECTION('',(-0.,0.,-1.));
#5663 = TOROIDAL_SURFACE('',#5664,3.,1.);
#5664 = AXIS2_PLACEMENT_3D('',#5665,#5666,#5667);
#5665 = CARTESIAN_POINT('',(-15.82514035886,-4.580699976129,
    41.619233388595));
#5666 = DIRECTION('',(-0.173648177667,0.984807753012,0.));
#5667 = DIRECTION('',(-0.,0.,-1.));
#5668 = ADVANCED_FACE('',(#5669),#5681,.T.);
#5669 = FACE_BOUND('',#5670,.T.);
#5670 = EDGE_LOOP('',(#5671,#5672,#5673,#5678,#5679,#5680));
#5671 = ORIENTED_EDGE('',*,*,#5657,.T.);
#5672 = ORIENTED_EDGE('',*,*,#5610,.T.);
#5673 = ORIENTED_EDGE('',*,*,#5674,.F.);
#5674 = EDGE_CURVE('',#5459,#5602,#5675,.T.);
#5675 = B_SPLINE_CURVE_WITH_KNOTS('',1,(#5676,#5677),.UNSPECIFIED.,.F.,
  .F.,(2,2),(1.,1.6),.PIECEWISE_BEZIER_KNOTS.);
#5676 = CARTESIAN_POINT('',(-15.92932926546,-3.989815324322,
    45.619233388595));
#5677 = CARTESIAN_POINT('',(-15.82514035886,-4.580699976129,
    45.619233388595));
#5678 = ORIENTED_EDGE('',*,*,#5458,.T.);
#5679 = ORIENTED_EDGE('',*,*,#5539,.T.);
#5680 = ORIENTED_EDGE('',*,*,#5674,.T.);
#5681 = CYLINDRICAL_SURFACE('',#5682,4.);
#5682 = AXIS2_PLACEMENT_3D('',#5683,#5684,#5685);
#5683 = CARTESIAN_POINT('',(-16.10297744313,-3.00500757131,
    41.619233388595));
#5684 = DIRECTION('',(0.173648177667,-0.984807753012,-0.));
#5685 = DIRECTION('',(0.,0.,1.));
#5686 = MANIFOLD_SOLID_BREP('',#5687);
#5687 = CLOSED_SHELL('',(#5688,#5732,#5768,#5786,#5820,#5864,#5884,#5902
    ));
#5688 = ADVANCED_FACE('',(#5689),#5727,.T.);
#5689 = FACE_BOUND('',#5690,.T.);
#5690 = EDGE_LOOP('',(#5691,#5702,#5711,#5720));
#5691 = ORIENTED_EDGE('',*,*,#5692,.F.);
#5692 = EDGE_CURVE('',#5693,#5695,#5697,.T.);
#5693 = VERTEX_POINT('',#5694);
#5694 = CARTESIAN_POINT('',(-13.53280547838,-10.87883829808,
    45.619233388595));
#5695 = VERTEX_POINT('',#5696);
#5696 = CARTESIAN_POINT('',(-13.53280547838,-10.87883829808,
    37.619233388595));
#5697 = CIRCLE('',#5698,4.);
#5698 = AXIS2_PLACEMENT_3D('',#5699,#5700,#5701);
#5699 = CARTESIAN_POINT('',(-13.53280547838,-10.87883829808,
    41.619233388595));
#5700 = DIRECTION('',(0.5,-0.866025403784,-0.));
#5701 = DIRECTION('',(-0.,0.,-1.));
#5702 = ORIENTED_EDGE('',*,*,#5703,.T.);
#5703 = EDGE_CURVE('',#5693,#5704,#5706,.T.);
#5704 = VERTEX_POINT('',#5705);
#5705 = CARTESIAN_POINT('',(-14.03280547838,-10.0128128943,
    44.619233388595));
#5706 = CIRCLE('',#5707,1.);
#5707 = AXIS2_PLACEMENT_3D('',#5708,#5709,#5710);
#5708 = CARTESIAN_POINT('',(-13.53280547838,-10.87883829808,
    44.619233388595));
#5709 = DIRECTION('',(-0.866025403784,-0.5,-1.224646799147E-16));
#5710 = DIRECTION('',(-1.060575238725E-16,-6.123233995737E-17,1.));
#5711 = ORIENTED_EDGE('',*,*,#5712,.F.);
#5712 = EDGE_CURVE('',#5713,#5704,#5715,.T.);
#5713 = VERTEX_POINT('',#5714);
#5714 = CARTESIAN_POINT('',(-14.03280547838,-10.0128128943,
    38.619233388595));
#5715 = CIRCLE('',#5716,3.);
#5716 = AXIS2_PLACEMENT_3D('',#5717,#5718,#5719);
#5717 = CARTESIAN_POINT('',(-14.03280547838,-10.0128128943,
    41.619233388595));
#5718 = DIRECTION('',(-0.5,0.866025403784,0.));
#5719 = DIRECTION('',(-0.,0.,-1.));
#5720 = ORIENTED_EDGE('',*,*,#5721,.F.);
#5721 = EDGE_CURVE('',#5695,#5713,#5722,.T.);
#5722 = CIRCLE('',#5723,1.);
#5723 = AXIS2_PLACEMENT_3D('',#5724,#5725,#5726);
#5724 = CARTESIAN_POINT('',(-13.53280547838,-10.87883829808,
    38.619233388595));
#5725 = DIRECTION('',(0.866025403784,0.5,0.));
#5726 = DIRECTION('',(-0.,0.,-1.));
#5727 = TOROIDAL_SURFACE('',#5728,3.,1.);
#5728 = AXIS2_PLACEMENT_3D('',#5729,#5730,#5731);
#5729 = CARTESIAN_POINT('',(-13.53280547838,-10.87883829808,
    41.619233388595));
#5730 = DIRECTION('',(-0.5,0.866025403784,0.));
#5731 = DIRECTION('',(-0.,0.,-1.));
#5732 = ADVANCED_FACE('',(#5733,#5743),#5763,.T.);
#5733 = FACE_BOUND('',#5734,.T.);
#5734 = EDGE_LOOP('',(#5735,#5736));
#5735 = ORIENTED_EDGE('',*,*,#5712,.T.);
#5736 = ORIENTED_EDGE('',*,*,#5737,.T.);
#5737 = EDGE_CURVE('',#5704,#5713,#5738,.T.);
#5738 = CIRCLE('',#5739,3.);
#5739 = AXIS2_PLACEMENT_3D('',#5740,#5741,#5742);
#5740 = CARTESIAN_POINT('',(-14.03280547838,-10.0128128943,
    41.619233388595));
#5741 = DIRECTION('',(-0.5,0.866025403784,0.));
#5742 = DIRECTION('',(-0.,0.,-1.));
#5743 = FACE_BOUND('',#5744,.T.);
#5744 = EDGE_LOOP('',(#5745,#5756));
#5745 = ORIENTED_EDGE('',*,*,#5746,.F.);
#5746 = EDGE_CURVE('',#5747,#5749,#5751,.T.);
#5747 = VERTEX_POINT('',#5748);
#5748 = CARTESIAN_POINT('',(-14.03280547838,-10.0128128943,
    42.619233388595));
#5749 = VERTEX_POINT('',#5750);
#5750 = CARTESIAN_POINT('',(-14.03280547838,-10.0128128943,
    40.619233388595));
#5751 = CIRCLE('',#5752,1.);
#5752 = AXIS2_PLACEMENT_3D('',#5753,#5754,#5755);
#5753 = CARTESIAN_POINT('',(-14.03280547838,-10.0128128943,
    41.619233388595));
#5754 = DIRECTION('',(-0.5,0.866025403784,0.));
#5755 = DIRECTION('',(-0.,0.,-1.));
#5756 = ORIENTED_EDGE('',*,*,#5757,.F.);
#5757 = EDGE_CURVE('',#5749,#5747,#5758,.T.);
#5758 = CIRCLE('',#5759,1.);
#5759 = AXIS2_PLACEMENT_3D('',#5760,#5761,#5762);
#5760 = CARTESIAN_POINT('',(-14.03280547838,-10.0128128943,
    41.619233388595));
#5761 = DIRECTION('',(-0.5,0.866025403784,0.));
#5762 = DIRECTION('',(-0.,0.,-1.));
#5763 = PLANE('',#5764);
#5764 = AXIS2_PLACEMENT_3D('',#5765,#5766,#5767);
#5765 = CARTESIAN_POINT('',(-14.03280547838,-10.0128128943,
    41.619233388595));
#5766 = DIRECTION('',(-0.5,0.866025403784,0.));
#5767 = DIRECTION('',(-0.,0.,-1.));
#5768 = ADVANCED_FACE('',(#5769),#5781,.T.);
#5769 = FACE_BOUND('',#5770,.T.);
#5770 = EDGE_LOOP('',(#5771,#5772,#5779,#5780));
#5771 = ORIENTED_EDGE('',*,*,#5703,.F.);
#5772 = ORIENTED_EDGE('',*,*,#5773,.F.);
#5773 = EDGE_CURVE('',#5695,#5693,#5774,.T.);
#5774 = CIRCLE('',#5775,4.);
#5775 = AXIS2_PLACEMENT_3D('',#5776,#5777,#5778);
#5776 = CARTESIAN_POINT('',(-13.53280547838,-10.87883829808,
    41.619233388595));
#5777 = DIRECTION('',(0.5,-0.866025403784,-0.));
#5778 = DIRECTION('',(-0.,0.,-1.));
#5779 = ORIENTED_EDGE('',*,*,#5721,.T.);
#5780 = ORIENTED_EDGE('',*,*,#5737,.F.);
#5781 = TOROIDAL_SURFACE('',#5782,3.,1.);
#5782 = AXIS2_PLACEMENT_3D('',#5783,#5784,#5785);
#5783 = CARTESIAN_POINT('',(-13.53280547838,-10.87883829808,
    41.619233388595));
#5784 = DIRECTION('',(-0.5,0.866025403784,0.));
#5785 = DIRECTION('',(-0.,0.,-1.));
#5786 = ADVANCED_FACE('',(#5787),#5815,.F.);
#5787 = FACE_BOUND('',#5788,.F.);
#5788 = EDGE_LOOP('',(#5789,#5790,#5797,#5806,#5813,#5814));
#5789 = ORIENTED_EDGE('',*,*,#5746,.F.);
#5790 = ORIENTED_EDGE('',*,*,#5791,.T.);
#5791 = EDGE_CURVE('',#5747,#5792,#5794,.T.);
#5792 = VERTEX_POINT('',#5793);
#5793 = CARTESIAN_POINT('',(-12.73280547838,-12.26447894414,
    42.619233388595));
#5794 = B_SPLINE_CURVE_WITH_KNOTS('',1,(#5795,#5796),.UNSPECIFIED.,.F.,
  .F.,(2,2),(0.,2.6),.PIECEWISE_BEZIER_KNOTS.);
#5795 = CARTESIAN_POINT('',(-14.03280547838,-10.0128128943,
    42.619233388595));
#5796 = CARTESIAN_POINT('',(-12.73280547838,-12.26447894414,
    42.619233388595));
#5797 = ORIENTED_EDGE('',*,*,#5798,.T.);
#5798 = EDGE_CURVE('',#5792,#5799,#5801,.T.);
#5799 = VERTEX_POINT('',#5800);
#5800 = CARTESIAN_POINT('',(-12.73280547838,-12.26447894414,
    40.619233388595));
#5801 = CIRCLE('',#5802,1.);
#5802 = AXIS2_PLACEMENT_3D('',#5803,#5804,#5805);
#5803 = CARTESIAN_POINT('',(-12.73280547838,-12.26447894414,
    41.619233388595));
#5804 = DIRECTION('',(-0.5,0.866025403784,0.));
#5805 = DIRECTION('',(-0.,0.,-1.));
#5806 = ORIENTED_EDGE('',*,*,#5807,.T.);
#5807 = EDGE_CURVE('',#5799,#5792,#5808,.T.);
#5808 = CIRCLE('',#5809,1.);
#5809 = AXIS2_PLACEMENT_3D('',#5810,#5811,#5812);
#5810 = CARTESIAN_POINT('',(-12.73280547838,-12.26447894414,
    41.619233388595));
#5811 = DIRECTION('',(-0.5,0.866025403784,0.));
#5812 = DIRECTION('',(-0.,0.,-1.));
#5813 = ORIENTED_EDGE('',*,*,#5791,.F.);
#5814 = ORIENTED_EDGE('',*,*,#5757,.F.);
#5815 = CYLINDRICAL_SURFACE('',#5816,1.);
#5816 = AXIS2_PLACEMENT_3D('',#5817,#5818,#5819);
#5817 = CARTESIAN_POINT('',(-14.03280547838,-10.0128128943,
    41.619233388595));
#5818 = DIRECTION('',(0.5,-0.866025403784,-0.));
#5819 = DIRECTION('',(0.,0.,1.));
#5820 = ADVANCED_FACE('',(#5821),#5859,.T.);
#5821 = FACE_BOUND('',#5822,.T.);
#5822 = EDGE_LOOP('',(#5823,#5834,#5843,#5852));
#5823 = ORIENTED_EDGE('',*,*,#5824,.F.);
#5824 = EDGE_CURVE('',#5825,#5827,#5829,.T.);
#5825 = VERTEX_POINT('',#5826);
#5826 = CARTESIAN_POINT('',(-12.73280547838,-12.26447894414,
    44.619233388595));
#5827 = VERTEX_POINT('',#5828);
#5828 = CARTESIAN_POINT('',(-12.73280547838,-12.26447894414,
    38.619233388595));
#5829 = CIRCLE('',#5830,3.);
#5830 = AXIS2_PLACEMENT_3D('',#5831,#5832,#5833);
#5831 = CARTESIAN_POINT('',(-12.73280547838,-12.26447894414,
    41.619233388595));
#5832 = DIRECTION('',(0.5,-0.866025403784,-0.));
#5833 = DIRECTION('',(-0.,0.,-1.));
#5834 = ORIENTED_EDGE('',*,*,#5835,.T.);
#5835 = EDGE_CURVE('',#5825,#5836,#5838,.T.);
#5836 = VERTEX_POINT('',#5837);
#5837 = CARTESIAN_POINT('',(-13.23280547838,-11.39845354035,
    45.619233388595));
#5838 = CIRCLE('',#5839,1.);
#5839 = AXIS2_PLACEMENT_3D('',#5840,#5841,#5842);
#5840 = CARTESIAN_POINT('',(-13.23280547838,-11.39845354035,
    44.619233388595));
#5841 = DIRECTION('',(-0.866025403784,-0.5,-1.224646799147E-16));
#5842 = DIRECTION('',(-1.060575238725E-16,-6.123233995737E-17,1.));
#5843 = ORIENTED_EDGE('',*,*,#5844,.F.);
#5844 = EDGE_CURVE('',#5845,#5836,#5847,.T.);
#5845 = VERTEX_POINT('',#5846);
#5846 = CARTESIAN_POINT('',(-13.23280547838,-11.39845354035,
    37.619233388595));
#5847 = CIRCLE('',#5848,4.);
#5848 = AXIS2_PLACEMENT_3D('',#5849,#5850,#5851);
#5849 = CARTESIAN_POINT('',(-13.23280547838,-11.39845354035,
    41.619233388595));
#5850 = DIRECTION('',(-0.5,0.866025403784,0.));
#5851 = DIRECTION('',(-0.,0.,-1.));
#5852 = ORIENTED_EDGE('',*,*,#5853,.F.);
#5853 = EDGE_CURVE('',#5827,#5845,#5854,.T.);
#5854 = CIRCLE('',#5855,1.);
#5855 = AXIS2_PLACEMENT_3D('',#5856,#5857,#5858);
#5856 = CARTESIAN_POINT('',(-13.23280547838,-11.39845354035,
    38.619233388595));
#5857 = DIRECTION('',(0.866025403784,0.5,0.));
#5858 = DIRECTION('',(-0.,0.,-1.));
#5859 = TOROIDAL_SURFACE('',#5860,3.,1.);
#5860 = AXIS2_PLACEMENT_3D('',#5861,#5862,#5863);
#5861 = CARTESIAN_POINT('',(-13.23280547838,-11.39845354035,
    41.619233388595));
#5862 = DIRECTION('',(-0.5,0.866025403784,0.));
#5863 = DIRECTION('',(-0.,0.,-1.));
#5864 = ADVANCED_FACE('',(#5865,#5875),#5879,.F.);
#5865 = FACE_BOUND('',#5866,.T.);
#5866 = EDGE_LOOP('',(#5867,#5874));
#5867 = ORIENTED_EDGE('',*,*,#5868,.T.);
#5868 = EDGE_CURVE('',#5827,#5825,#5869,.T.);
#5869 = CIRCLE('',#5870,3.);
#5870 = AXIS2_PLACEMENT_3D('',#5871,#5872,#5873);
#5871 = CARTESIAN_POINT('',(-12.73280547838,-12.26447894414,
    41.619233388595));
#5872 = DIRECTION('',(0.5,-0.866025403784,-0.));
#5873 = DIRECTION('',(-0.,0.,-1.));
#5874 = ORIENTED_EDGE('',*,*,#5824,.T.);
#5875 = FACE_BOUND('',#5876,.T.);
#5876 = EDGE_LOOP('',(#5877,#5878));
#5877 = ORIENTED_EDGE('',*,*,#5798,.T.);
#5878 = ORIENTED_EDGE('',*,*,#5807,.T.);
#5879 = PLANE('',#5880);
#5880 = AXIS2_PLACEMENT_3D('',#5881,#5882,#5883);
#5881 = CARTESIAN_POINT('',(-12.73280547838,-12.26447894414,
    41.619233388595));
#5882 = DIRECTION('',(-0.5,0.866025403784,0.));
#5883 = DIRECTION('',(-0.,0.,-1.));
#5884 = ADVANCED_FACE('',(#5885),#5897,.T.);
#5885 = FACE_BOUND('',#5886,.T.);
#5886 = EDGE_LOOP('',(#5887,#5888,#5889,#5890));
#5887 = ORIENTED_EDGE('',*,*,#5835,.F.);
#5888 = ORIENTED_EDGE('',*,*,#5868,.F.);
#5889 = ORIENTED_EDGE('',*,*,#5853,.T.);
#5890 = ORIENTED_EDGE('',*,*,#5891,.F.);
#5891 = EDGE_CURVE('',#5836,#5845,#5892,.T.);
#5892 = CIRCLE('',#5893,4.);
#5893 = AXIS2_PLACEMENT_3D('',#5894,#5895,#5896);
#5894 = CARTESIAN_POINT('',(-13.23280547838,-11.39845354035,
    41.619233388595));
#5895 = DIRECTION('',(-0.5,0.866025403784,0.));
#5896 = DIRECTION('',(-0.,0.,-1.));
#5897 = TOROIDAL_SURFACE('',#5898,3.,1.);
#5898 = AXIS2_PLACEMENT_3D('',#5899,#5900,#5901);
#5899 = CARTESIAN_POINT('',(-13.23280547838,-11.39845354035,
    41.619233388595));
#5900 = DIRECTION('',(-0.5,0.866025403784,0.));
#5901 = DIRECTION('',(-0.,0.,-1.));
#5902 = ADVANCED_FACE('',(#5903),#5915,.T.);
#5903 = FACE_BOUND('',#5904,.T.);
#5904 = EDGE_LOOP('',(#5905,#5906,#5907,#5912,#5913,#5914));
#5905 = ORIENTED_EDGE('',*,*,#5891,.T.);
#5906 = ORIENTED_EDGE('',*,*,#5844,.T.);
#5907 = ORIENTED_EDGE('',*,*,#5908,.F.);
#5908 = EDGE_CURVE('',#5693,#5836,#5909,.T.);
#5909 = B_SPLINE_CURVE_WITH_KNOTS('',1,(#5910,#5911),.UNSPECIFIED.,.F.,
  .F.,(2,2),(1.,1.6),.PIECEWISE_BEZIER_KNOTS.);
#5910 = CARTESIAN_POINT('',(-13.53280547838,-10.87883829808,
    45.619233388595));
#5911 = CARTESIAN_POINT('',(-13.23280547838,-11.39845354035,
    45.619233388595));
#5912 = ORIENTED_EDGE('',*,*,#5692,.T.);
#5913 = ORIENTED_EDGE('',*,*,#5773,.T.);
#5914 = ORIENTED_EDGE('',*,*,#5908,.T.);
#5915 = CYLINDRICAL_SURFACE('',#5916,4.);
#5916 = AXIS2_PLACEMENT_3D('',#5917,#5918,#5919);
#5917 = CARTESIAN_POINT('',(-14.03280547838,-10.0128128943,
    41.619233388595));
#5918 = DIRECTION('',(0.5,-0.866025403784,-0.));
#5919 = DIRECTION('',(0.,0.,1.));
#5920 = MANIFOLD_SOLID_BREP('',#5921);
#5921 = CLOSED_SHELL('',(#5922,#5966,#6002,#6020,#6054,#6098,#6118,#6136
    ));
#5922 = ADVANCED_FACE('',(#5923),#5961,.T.);
#5923 = FACE_BOUND('',#5924,.T.);
#5924 = EDGE_LOOP('',(#5925,#5936,#5945,#5954));
#5925 = ORIENTED_EDGE('',*,*,#5926,.F.);
#5926 = EDGE_CURVE('',#5927,#5929,#5931,.T.);
#5927 = VERTEX_POINT('',#5928);
#5928 = CARTESIAN_POINT('',(-8.924625135262,-16.53274294181,
    45.619233388595));
#5929 = VERTEX_POINT('',#5930);
#5930 = CARTESIAN_POINT('',(-8.924625135262,-16.53274294181,
    37.619233388595));
#5931 = CIRCLE('',#5932,4.);
#5932 = AXIS2_PLACEMENT_3D('',#5933,#5934,#5935);
#5933 = CARTESIAN_POINT('',(-8.924625135262,-16.53274294181,
    41.619233388595));
#5934 = DIRECTION('',(0.766044443119,-0.642787609687,-0.));
#5935 = DIRECTION('',(-0.,0.,-1.));
#5936 = ORIENTED_EDGE('',*,*,#5937,.T.);
#5937 = EDGE_CURVE('',#5927,#5938,#5940,.T.);
#5938 = VERTEX_POINT('',#5939);
#5939 = CARTESIAN_POINT('',(-9.690669578381,-15.88995533212,
    44.619233388595));
#5940 = CIRCLE('',#5941,1.);
#5941 = AXIS2_PLACEMENT_3D('',#5942,#5943,#5944);
#5942 = CARTESIAN_POINT('',(-8.924625135262,-16.53274294181,
    44.619233388595));
#5943 = DIRECTION('',(-0.642787609687,-0.766044443119,
    -1.224646799147E-16));
#5944 = DIRECTION('',(-7.871877887342E-17,-9.381338752703E-17,1.));
#5945 = ORIENTED_EDGE('',*,*,#5946,.F.);
#5946 = EDGE_CURVE('',#5947,#5938,#5949,.T.);
#5947 = VERTEX_POINT('',#5948);
#5948 = CARTESIAN_POINT('',(-9.690669578381,-15.88995533212,
    38.619233388595));
#5949 = CIRCLE('',#5950,3.);
#5950 = AXIS2_PLACEMENT_3D('',#5951,#5952,#5953);
#5951 = CARTESIAN_POINT('',(-9.690669578381,-15.88995533212,
    41.619233388595));
#5952 = DIRECTION('',(-0.766044443119,0.642787609687,0.));
#5953 = DIRECTION('',(-0.,0.,-1.));
#5954 = ORIENTED_EDGE('',*,*,#5955,.F.);
#5955 = EDGE_CURVE('',#5929,#5947,#5956,.T.);
#5956 = CIRCLE('',#5957,1.);
#5957 = AXIS2_PLACEMENT_3D('',#5958,#5959,#5960);
#5958 = CARTESIAN_POINT('',(-8.924625135262,-16.53274294181,
    38.619233388595));
#5959 = DIRECTION('',(0.642787609687,0.766044443119,0.));
#5960 = DIRECTION('',(-0.,0.,-1.));
#5961 = TOROIDAL_SURFACE('',#5962,3.,1.);
#5962 = AXIS2_PLACEMENT_3D('',#5963,#5964,#5965);
#5963 = CARTESIAN_POINT('',(-8.924625135262,-16.53274294181,
    41.619233388595));
#5964 = DIRECTION('',(-0.766044443119,0.642787609687,0.));
#5965 = DIRECTION('',(-0.,0.,-1.));
#5966 = ADVANCED_FACE('',(#5967,#5977),#5997,.T.);
#5967 = FACE_BOUND('',#5968,.T.);
#5968 = EDGE_LOOP('',(#5969,#5970));
#5969 = ORIENTED_EDGE('',*,*,#5946,.T.);
#5970 = ORIENTED_EDGE('',*,*,#5971,.T.);
#5971 = EDGE_CURVE('',#5938,#5947,#5972,.T.);
#5972 = CIRCLE('',#5973,3.);
#5973 = AXIS2_PLACEMENT_3D('',#5974,#5975,#5976);
#5974 = CARTESIAN_POINT('',(-9.690669578381,-15.88995533212,
    41.619233388595));
#5975 = DIRECTION('',(-0.766044443119,0.642787609687,0.));
#5976 = DIRECTION('',(-0.,0.,-1.));
#5977 = FACE_BOUND('',#5978,.T.);
#5978 = EDGE_LOOP('',(#5979,#5990));
#5979 = ORIENTED_EDGE('',*,*,#5980,.F.);
#5980 = EDGE_CURVE('',#5981,#5983,#5985,.T.);
#5981 = VERTEX_POINT('',#5982);
#5982 = CARTESIAN_POINT('',(-9.690669578381,-15.88995533212,
    42.619233388595));
#5983 = VERTEX_POINT('',#5984);
#5984 = CARTESIAN_POINT('',(-9.690669578381,-15.88995533212,
    40.619233388595));
#5985 = CIRCLE('',#5986,1.);
#5986 = AXIS2_PLACEMENT_3D('',#5987,#5988,#5989);
#5987 = CARTESIAN_POINT('',(-9.690669578381,-15.88995533212,
    41.619233388595));
#5988 = DIRECTION('',(-0.766044443119,0.642787609687,0.));
#5989 = DIRECTION('',(-0.,0.,-1.));
#5990 = ORIENTED_EDGE('',*,*,#5991,.F.);
#5991 = EDGE_CURVE('',#5983,#5981,#5992,.T.);
#5992 = CIRCLE('',#5993,1.);
#5993 = AXIS2_PLACEMENT_3D('',#5994,#5995,#5996);
#5994 = CARTESIAN_POINT('',(-9.690669578381,-15.88995533212,
    41.619233388595));
#5995 = DIRECTION('',(-0.766044443119,0.642787609687,0.));
#5996 = DIRECTION('',(-0.,0.,-1.));
#5997 = PLANE('',#5998);
#5998 = AXIS2_PLACEMENT_3D('',#5999,#6000,#6001);
#5999 = CARTESIAN_POINT('',(-9.690669578381,-15.88995533212,
    41.619233388595));
#6000 = DIRECTION('',(-0.766044443119,0.642787609687,0.));
#6001 = DIRECTION('',(-0.,0.,-1.));
#6002 = ADVANCED_FACE('',(#6003),#6015,.T.);
#6003 = FACE_BOUND('',#6004,.T.);
#6004 = EDGE_LOOP('',(#6005,#6006,#6013,#6014));
#6005 = ORIENTED_EDGE('',*,*,#5937,.F.);
#6006 = ORIENTED_EDGE('',*,*,#6007,.F.);
#6007 = EDGE_CURVE('',#5929,#5927,#6008,.T.);
#6008 = CIRCLE('',#6009,4.);
#6009 = AXIS2_PLACEMENT_3D('',#6010,#6011,#6012);
#6010 = CARTESIAN_POINT('',(-8.924625135262,-16.53274294181,
    41.619233388595));
#6011 = DIRECTION('',(0.766044443119,-0.642787609687,-0.));
#6012 = DIRECTION('',(-0.,0.,-1.));
#6013 = ORIENTED_EDGE('',*,*,#5955,.T.);
#6014 = ORIENTED_EDGE('',*,*,#5971,.F.);
#6015 = TOROIDAL_SURFACE('',#6016,3.,1.);
#6016 = AXIS2_PLACEMENT_3D('',#6017,#6018,#6019);
#6017 = CARTESIAN_POINT('',(-8.924625135262,-16.53274294181,
    41.619233388595));
#6018 = DIRECTION('',(-0.766044443119,0.642787609687,0.));
#6019 = DIRECTION('',(-0.,0.,-1.));
#6020 = ADVANCED_FACE('',(#6021),#6049,.F.);
#6021 = FACE_BOUND('',#6022,.F.);
#6022 = EDGE_LOOP('',(#6023,#6024,#6031,#6040,#6047,#6048));
#6023 = ORIENTED_EDGE('',*,*,#5980,.F.);
#6024 = ORIENTED_EDGE('',*,*,#6025,.T.);
#6025 = EDGE_CURVE('',#5981,#6026,#6028,.T.);
#6026 = VERTEX_POINT('',#6027);
#6027 = CARTESIAN_POINT('',(-7.698954026272,-17.56120311731,
    42.619233388595));
#6028 = B_SPLINE_CURVE_WITH_KNOTS('',1,(#6029,#6030),.UNSPECIFIED.,.F.,
  .F.,(2,2),(0.,2.6),.PIECEWISE_BEZIER_KNOTS.);
#6029 = CARTESIAN_POINT('',(-9.690669578381,-15.88995533212,
    42.619233388595));
#6030 = CARTESIAN_POINT('',(-7.698954026272,-17.56120311731,
    42.619233388595));
#6031 = ORIENTED_EDGE('',*,*,#6032,.T.);
#6032 = EDGE_CURVE('',#6026,#6033,#6035,.T.);
#6033 = VERTEX_POINT('',#6034);
#6034 = CARTESIAN_POINT('',(-7.698954026272,-17.56120311731,
    40.619233388595));
#6035 = CIRCLE('',#6036,1.);
#6036 = AXIS2_PLACEMENT_3D('',#6037,#6038,#6039);
#6037 = CARTESIAN_POINT('',(-7.698954026272,-17.56120311731,
    41.619233388595));
#6038 = DIRECTION('',(-0.766044443119,0.642787609687,0.));
#6039 = DIRECTION('',(-0.,0.,-1.));
#6040 = ORIENTED_EDGE('',*,*,#6041,.T.);
#6041 = EDGE_CURVE('',#6033,#6026,#6042,.T.);
#6042 = CIRCLE('',#6043,1.);
#6043 = AXIS2_PLACEMENT_3D('',#6044,#6045,#6046);
#6044 = CARTESIAN_POINT('',(-7.698954026272,-17.56120311731,
    41.619233388595));
#6045 = DIRECTION('',(-0.766044443119,0.642787609687,0.));
#6046 = DIRECTION('',(-0.,0.,-1.));
#6047 = ORIENTED_EDGE('',*,*,#6025,.F.);
#6048 = ORIENTED_EDGE('',*,*,#5991,.F.);
#6049 = CYLINDRICAL_SURFACE('',#6050,1.);
#6050 = AXIS2_PLACEMENT_3D('',#6051,#6052,#6053);
#6051 = CARTESIAN_POINT('',(-9.690669578381,-15.88995533212,
    41.619233388595));
#6052 = DIRECTION('',(0.766044443119,-0.642787609687,-0.));
#6053 = DIRECTION('',(0.,0.,1.));
#6054 = ADVANCED_FACE('',(#6055),#6093,.T.);
#6055 = FACE_BOUND('',#6056,.T.);
#6056 = EDGE_LOOP('',(#6057,#6068,#6077,#6086));
#6057 = ORIENTED_EDGE('',*,*,#6058,.F.);
#6058 = EDGE_CURVE('',#6059,#6061,#6063,.T.);
#6059 = VERTEX_POINT('',#6060);
#6060 = CARTESIAN_POINT('',(-7.698954026272,-17.56120311731,
    44.619233388595));
#6061 = VERTEX_POINT('',#6062);
#6062 = CARTESIAN_POINT('',(-7.698954026272,-17.56120311731,
    38.619233388595));
#6063 = CIRCLE('',#6064,3.);
#6064 = AXIS2_PLACEMENT_3D('',#6065,#6066,#6067);
#6065 = CARTESIAN_POINT('',(-7.698954026272,-17.56120311731,
    41.619233388595));
#6066 = DIRECTION('',(0.766044443119,-0.642787609687,-0.));
#6067 = DIRECTION('',(-0.,0.,-1.));
#6068 = ORIENTED_EDGE('',*,*,#6069,.T.);
#6069 = EDGE_CURVE('',#6059,#6070,#6072,.T.);
#6070 = VERTEX_POINT('',#6071);
#6071 = CARTESIAN_POINT('',(-8.464998469391,-16.91841550762,
    45.619233388595));
#6072 = CIRCLE('',#6073,1.);
#6073 = AXIS2_PLACEMENT_3D('',#6074,#6075,#6076);
#6074 = CARTESIAN_POINT('',(-8.464998469391,-16.91841550762,
    44.619233388595));
#6075 = DIRECTION('',(-0.642787609687,-0.766044443119,
    -1.224646799147E-16));
#6076 = DIRECTION('',(-7.871877887342E-17,-9.381338752703E-17,1.));
#6077 = ORIENTED_EDGE('',*,*,#6078,.F.);
#6078 = EDGE_CURVE('',#6079,#6070,#6081,.T.);
#6079 = VERTEX_POINT('',#6080);
#6080 = CARTESIAN_POINT('',(-8.464998469391,-16.91841550762,
    37.619233388595));
#6081 = CIRCLE('',#6082,4.);
#6082 = AXIS2_PLACEMENT_3D('',#6083,#6084,#6085);
#6083 = CARTESIAN_POINT('',(-8.464998469391,-16.91841550762,
    41.619233388595));
#6084 = DIRECTION('',(-0.766044443119,0.642787609687,0.));
#6085 = DIRECTION('',(-0.,0.,-1.));
#6086 = ORIENTED_EDGE('',*,*,#6087,.F.);
#6087 = EDGE_CURVE('',#6061,#6079,#6088,.T.);
#6088 = CIRCLE('',#6089,1.);
#6089 = AXIS2_PLACEMENT_3D('',#6090,#6091,#6092);
#6090 = CARTESIAN_POINT('',(-8.464998469391,-16.91841550762,
    38.619233388595));
#6091 = DIRECTION('',(0.642787609687,0.766044443119,0.));
#6092 = DIRECTION('',(-0.,0.,-1.));
#6093 = TOROIDAL_SURFACE('',#6094,3.,1.);
#6094 = AXIS2_PLACEMENT_3D('',#6095,#6096,#6097);
#6095 = CARTESIAN_POINT('',(-8.464998469391,-16.91841550762,
    41.619233388595));
#6096 = DIRECTION('',(-0.766044443119,0.642787609687,0.));
#6097 = DIRECTION('',(-0.,0.,-1.));
#6098 = ADVANCED_FACE('',(#6099,#6109),#6113,.F.);
#6099 = FACE_BOUND('',#6100,.T.);
#6100 = EDGE_LOOP('',(#6101,#6108));
#6101 = ORIENTED_EDGE('',*,*,#6102,.T.);
#6102 = EDGE_CURVE('',#6061,#6059,#6103,.T.);
#6103 = CIRCLE('',#6104,3.);
#6104 = AXIS2_PLACEMENT_3D('',#6105,#6106,#6107);
#6105 = CARTESIAN_POINT('',(-7.698954026272,-17.56120311731,
    41.619233388595));
#6106 = DIRECTION('',(0.766044443119,-0.642787609687,-0.));
#6107 = DIRECTION('',(-0.,0.,-1.));
#6108 = ORIENTED_EDGE('',*,*,#6058,.T.);
#6109 = FACE_BOUND('',#6110,.T.);
#6110 = EDGE_LOOP('',(#6111,#6112));
#6111 = ORIENTED_EDGE('',*,*,#6032,.T.);
#6112 = ORIENTED_EDGE('',*,*,#6041,.T.);
#6113 = PLANE('',#6114);
#6114 = AXIS2_PLACEMENT_3D('',#6115,#6116,#6117);
#6115 = CARTESIAN_POINT('',(-7.698954026272,-17.56120311731,
    41.619233388595));
#6116 = DIRECTION('',(-0.766044443119,0.642787609687,0.));
#6117 = DIRECTION('',(-0.,0.,-1.));
#6118 = ADVANCED_FACE('',(#6119),#6131,.T.);
#6119 = FACE_BOUND('',#6120,.T.);
#6120 = EDGE_LOOP('',(#6121,#6122,#6123,#6124));
#6121 = ORIENTED_EDGE('',*,*,#6069,.F.);
#6122 = ORIENTED_EDGE('',*,*,#6102,.F.);
#6123 = ORIENTED_EDGE('',*,*,#6087,.T.);
#6124 = ORIENTED_EDGE('',*,*,#6125,.F.);
#6125 = EDGE_CURVE('',#6070,#6079,#6126,.T.);
#6126 = CIRCLE('',#6127,4.);
#6127 = AXIS2_PLACEMENT_3D('',#6128,#6129,#6130);
#6128 = CARTESIAN_POINT('',(-8.464998469391,-16.91841550762,
    41.619233388595));
#6129 = DIRECTION('',(-0.766044443119,0.642787609687,0.));
#6130 = DIRECTION('',(-0.,0.,-1.));
#6131 = TOROIDAL_SURFACE('',#6132,3.,1.);
#6132 = AXIS2_PLACEMENT_3D('',#6133,#6134,#6135);
#6133 = CARTESIAN_POINT('',(-8.464998469391,-16.91841550762,
    41.619233388595));
#6134 = DIRECTION('',(-0.766044443119,0.642787609687,0.));
#6135 = DIRECTION('',(-0.,0.,-1.));
#6136 = ADVANCED_FACE('',(#6137),#6149,.T.);
#6137 = FACE_BOUND('',#6138,.T.);
#6138 = EDGE_LOOP('',(#6139,#6140,#6145,#6146,#6147,#6148));
#6139 = ORIENTED_EDGE('',*,*,#6007,.T.);
#6140 = ORIENTED_EDGE('',*,*,#6141,.T.);
#6141 = EDGE_CURVE('',#5927,#6070,#6142,.T.);
#6142 = B_SPLINE_CURVE_WITH_KNOTS('',1,(#6143,#6144),.UNSPECIFIED.,.F.,
  .F.,(2,2),(1.,1.6),.PIECEWISE_BEZIER_KNOTS.);
#6143 = CARTESIAN_POINT('',(-8.924625135262,-16.53274294181,
    45.619233388595));
#6144 = CARTESIAN_POINT('',(-8.464998469391,-16.91841550762,
    45.619233388595));
#6145 = ORIENTED_EDGE('',*,*,#6125,.T.);
#6146 = ORIENTED_EDGE('',*,*,#6078,.T.);
#6147 = ORIENTED_EDGE('',*,*,#6141,.F.);
#6148 = ORIENTED_EDGE('',*,*,#5926,.T.);
#6149 = CYLINDRICAL_SURFACE('',#6150,4.);
#6150 = AXIS2_PLACEMENT_3D('',#6151,#6152,#6153);
#6151 = CARTESIAN_POINT('',(-9.690669578381,-15.88995533212,
    41.619233388595));
#6152 = DIRECTION('',(0.766044443119,-0.642787609687,-0.));
#6153 = DIRECTION('',(0.,0.,1.));
#6154 = MANIFOLD_SOLID_BREP('',#6155);
#6155 = CLOSED_SHELL('',(#6156,#6200,#6236,#6254,#6288,#6332,#6352,#6370
    ));
#6156 = ADVANCED_FACE('',(#6157),#6195,.T.);
#6157 = FACE_BOUND('',#6158,.T.);
#6158 = EDGE_LOOP('',(#6159,#6170,#6179,#6188));
#6159 = ORIENTED_EDGE('',*,*,#6160,.F.);
#6160 = EDGE_CURVE('',#6161,#6163,#6165,.T.);
#6161 = VERTEX_POINT('',#6162);
#6162 = CARTESIAN_POINT('',(-2.660602794984,-20.26958491272,
    45.619233388595));
#6163 = VERTEX_POINT('',#6164);
#6164 = CARTESIAN_POINT('',(-2.660602794984,-20.26958491272,
    37.619233388595));
#6165 = CIRCLE('',#6166,4.);
#6166 = AXIS2_PLACEMENT_3D('',#6167,#6168,#6169);
#6167 = CARTESIAN_POINT('',(-2.660602794984,-20.26958491272,
    41.619233388595));
#6168 = DIRECTION('',(0.939692620786,-0.342020143326,-0.));
#6169 = DIRECTION('',(-0.,0.,-1.));
#6170 = ORIENTED_EDGE('',*,*,#6171,.T.);
#6171 = EDGE_CURVE('',#6161,#6172,#6174,.T.);
#6172 = VERTEX_POINT('',#6173);
#6173 = CARTESIAN_POINT('',(-3.60029541577,-19.9275647694,
    44.619233388595));
#6174 = CIRCLE('',#6175,1.);
#6175 = AXIS2_PLACEMENT_3D('',#6176,#6177,#6178);
#6176 = CARTESIAN_POINT('',(-2.660602794984,-20.26958491272,
    44.619233388595));
#6177 = DIRECTION('',(-0.342020143326,-0.939692620786,
    -1.224646799147E-16));
#6178 = DIRECTION('',(-4.188538737677E-17,-1.150791560228E-16,1.));
#6179 = ORIENTED_EDGE('',*,*,#6180,.F.);
#6180 = EDGE_CURVE('',#6181,#6172,#6183,.T.);
#6181 = VERTEX_POINT('',#6182);
#6182 = CARTESIAN_POINT('',(-3.60029541577,-19.9275647694,
    38.619233388595));
#6183 = CIRCLE('',#6184,3.);
#6184 = AXIS2_PLACEMENT_3D('',#6185,#6186,#6187);
#6185 = CARTESIAN_POINT('',(-3.60029541577,-19.9275647694,
    41.619233388595));
#6186 = DIRECTION('',(-0.939692620786,0.342020143326,0.));
#6187 = DIRECTION('',(-0.,0.,-1.));
#6188 = ORIENTED_EDGE('',*,*,#6189,.F.);
#6189 = EDGE_CURVE('',#6163,#6181,#6190,.T.);
#6190 = CIRCLE('',#6191,1.);
#6191 = AXIS2_PLACEMENT_3D('',#6192,#6193,#6194);
#6192 = CARTESIAN_POINT('',(-2.660602794984,-20.26958491272,
    38.619233388595));
#6193 = DIRECTION('',(0.342020143326,0.939692620786,0.));
#6194 = DIRECTION('',(-0.,0.,-1.));
#6195 = TOROIDAL_SURFACE('',#6196,3.,1.);
#6196 = AXIS2_PLACEMENT_3D('',#6197,#6198,#6199);
#6197 = CARTESIAN_POINT('',(-2.660602794984,-20.26958491272,
    41.619233388595));
#6198 = DIRECTION('',(-0.939692620786,0.342020143326,0.));
#6199 = DIRECTION('',(-0.,0.,-1.));
#6200 = ADVANCED_FACE('',(#6201,#6211),#6231,.T.);
#6201 = FACE_BOUND('',#6202,.T.);
#6202 = EDGE_LOOP('',(#6203,#6204));
#6203 = ORIENTED_EDGE('',*,*,#6180,.T.);
#6204 = ORIENTED_EDGE('',*,*,#6205,.T.);
#6205 = EDGE_CURVE('',#6172,#6181,#6206,.T.);
#6206 = CIRCLE('',#6207,3.);
#6207 = AXIS2_PLACEMENT_3D('',#6208,#6209,#6210);
#6208 = CARTESIAN_POINT('',(-3.60029541577,-19.9275647694,
    41.619233388595));
#6209 = DIRECTION('',(-0.939692620786,0.342020143326,0.));
#6210 = DIRECTION('',(-0.,0.,-1.));
#6211 = FACE_BOUND('',#6212,.T.);
#6212 = EDGE_LOOP('',(#6213,#6224));
#6213 = ORIENTED_EDGE('',*,*,#6214,.F.);
#6214 = EDGE_CURVE('',#6215,#6217,#6219,.T.);
#6215 = VERTEX_POINT('',#6216);
#6216 = CARTESIAN_POINT('',(-3.60029541577,-19.9275647694,
    42.619233388595));
#6217 = VERTEX_POINT('',#6218);
#6218 = CARTESIAN_POINT('',(-3.60029541577,-19.9275647694,
    40.619233388595));
#6219 = CIRCLE('',#6220,1.);
#6220 = AXIS2_PLACEMENT_3D('',#6221,#6222,#6223);
#6221 = CARTESIAN_POINT('',(-3.60029541577,-19.9275647694,
    41.619233388595));
#6222 = DIRECTION('',(-0.939692620786,0.342020143326,0.));
#6223 = DIRECTION('',(-0.,0.,-1.));
#6224 = ORIENTED_EDGE('',*,*,#6225,.F.);
#6225 = EDGE_CURVE('',#6217,#6215,#6226,.T.);
#6226 = CIRCLE('',#6227,1.);
#6227 = AXIS2_PLACEMENT_3D('',#6228,#6229,#6230);
#6228 = CARTESIAN_POINT('',(-3.60029541577,-19.9275647694,
    41.619233388595));
#6229 = DIRECTION('',(-0.939692620786,0.342020143326,0.));
#6230 = DIRECTION('',(-0.,0.,-1.));
#6231 = PLANE('',#6232);
#6232 = AXIS2_PLACEMENT_3D('',#6233,#6234,#6235);
#6233 = CARTESIAN_POINT('',(-3.60029541577,-19.9275647694,
    41.619233388595));
#6234 = DIRECTION('',(-0.939692620786,0.342020143326,0.));
#6235 = DIRECTION('',(-0.,0.,-1.));
#6236 = ADVANCED_FACE('',(#6237),#6249,.T.);
#6237 = FACE_BOUND('',#6238,.T.);
#6238 = EDGE_LOOP('',(#6239,#6240,#6247,#6248));
#6239 = ORIENTED_EDGE('',*,*,#6171,.F.);
#6240 = ORIENTED_EDGE('',*,*,#6241,.F.);
#6241 = EDGE_CURVE('',#6163,#6161,#6242,.T.);
#6242 = CIRCLE('',#6243,4.);
#6243 = AXIS2_PLACEMENT_3D('',#6244,#6245,#6246);
#6244 = CARTESIAN_POINT('',(-2.660602794984,-20.26958491272,
    41.619233388595));
#6245 = DIRECTION('',(0.939692620786,-0.342020143326,-0.));
#6246 = DIRECTION('',(-0.,0.,-1.));
#6247 = ORIENTED_EDGE('',*,*,#6189,.T.);
#6248 = ORIENTED_EDGE('',*,*,#6205,.F.);
#6249 = TOROIDAL_SURFACE('',#6250,3.,1.);
#6250 = AXIS2_PLACEMENT_3D('',#6251,#6252,#6253);
#6251 = CARTESIAN_POINT('',(-2.660602794984,-20.26958491272,
    41.619233388595));
#6252 = DIRECTION('',(-0.939692620786,0.342020143326,0.));
#6253 = DIRECTION('',(-0.,0.,-1.));
#6254 = ADVANCED_FACE('',(#6255),#6283,.F.);
#6255 = FACE_BOUND('',#6256,.F.);
#6256 = EDGE_LOOP('',(#6257,#6258,#6265,#6274,#6281,#6282));
#6257 = ORIENTED_EDGE('',*,*,#6214,.F.);
#6258 = ORIENTED_EDGE('',*,*,#6259,.T.);
#6259 = EDGE_CURVE('',#6215,#6260,#6262,.T.);
#6260 = VERTEX_POINT('',#6261);
#6261 = CARTESIAN_POINT('',(-1.157094601726,-20.81681714204,
    42.619233388595));
#6262 = B_SPLINE_CURVE_WITH_KNOTS('',1,(#6263,#6264),.UNSPECIFIED.,.F.,
  .F.,(2,2),(0.,2.6),.PIECEWISE_BEZIER_KNOTS.);
#6263 = CARTESIAN_POINT('',(-3.60029541577,-19.9275647694,
    42.619233388595));
#6264 = CARTESIAN_POINT('',(-1.157094601726,-20.81681714204,
    42.619233388595));
#6265 = ORIENTED_EDGE('',*,*,#6266,.T.);
#6266 = EDGE_CURVE('',#6260,#6267,#6269,.T.);
#6267 = VERTEX_POINT('',#6268);
#6268 = CARTESIAN_POINT('',(-1.157094601726,-20.81681714204,
    40.619233388595));
#6269 = CIRCLE('',#6270,1.);
#6270 = AXIS2_PLACEMENT_3D('',#6271,#6272,#6273);
#6271 = CARTESIAN_POINT('',(-1.157094601726,-20.81681714204,
    41.619233388595));
#6272 = DIRECTION('',(-0.939692620786,0.342020143326,0.));
#6273 = DIRECTION('',(-0.,0.,-1.));
#6274 = ORIENTED_EDGE('',*,*,#6275,.T.);
#6275 = EDGE_CURVE('',#6267,#6260,#6276,.T.);
#6276 = CIRCLE('',#6277,1.);
#6277 = AXIS2_PLACEMENT_3D('',#6278,#6279,#6280);
#6278 = CARTESIAN_POINT('',(-1.157094601726,-20.81681714204,
    41.619233388595));
#6279 = DIRECTION('',(-0.939692620786,0.342020143326,0.));
#6280 = DIRECTION('',(-0.,0.,-1.));
#6281 = ORIENTED_EDGE('',*,*,#6259,.F.);
#6282 = ORIENTED_EDGE('',*,*,#6225,.F.);
#6283 = CYLINDRICAL_SURFACE('',#6284,1.);
#6284 = AXIS2_PLACEMENT_3D('',#6285,#6286,#6287);
#6285 = CARTESIAN_POINT('',(-3.60029541577,-19.9275647694,
    41.619233388595));
#6286 = DIRECTION('',(0.939692620786,-0.342020143326,-0.));
#6287 = DIRECTION('',(0.,0.,1.));
#6288 = ADVANCED_FACE('',(#6289),#6327,.T.);
#6289 = FACE_BOUND('',#6290,.T.);
#6290 = EDGE_LOOP('',(#6291,#6302,#6311,#6320));
#6291 = ORIENTED_EDGE('',*,*,#6292,.F.);
#6292 = EDGE_CURVE('',#6293,#6295,#6297,.T.);
#6293 = VERTEX_POINT('',#6294);
#6294 = CARTESIAN_POINT('',(-1.157094601726,-20.81681714204,
    44.619233388595));
#6295 = VERTEX_POINT('',#6296);
#6296 = CARTESIAN_POINT('',(-1.157094601726,-20.81681714204,
    38.619233388595));
#6297 = CIRCLE('',#6298,3.);
#6298 = AXIS2_PLACEMENT_3D('',#6299,#6300,#6301);
#6299 = CARTESIAN_POINT('',(-1.157094601726,-20.81681714204,
    41.619233388595));
#6300 = DIRECTION('',(0.939692620786,-0.342020143326,-0.));
#6301 = DIRECTION('',(-0.,0.,-1.));
#6302 = ORIENTED_EDGE('',*,*,#6303,.T.);
#6303 = EDGE_CURVE('',#6293,#6304,#6306,.T.);
#6304 = VERTEX_POINT('',#6305);
#6305 = CARTESIAN_POINT('',(-2.096787222512,-20.47479699872,
    45.619233388595));
#6306 = CIRCLE('',#6307,1.);
#6307 = AXIS2_PLACEMENT_3D('',#6308,#6309,#6310);
#6308 = CARTESIAN_POINT('',(-2.096787222512,-20.47479699872,
    44.619233388595));
#6309 = DIRECTION('',(-0.342020143326,-0.939692620786,
    -1.224646799147E-16));
#6310 = DIRECTION('',(-4.188538737677E-17,-1.150791560228E-16,1.));
#6311 = ORIENTED_EDGE('',*,*,#6312,.F.);
#6312 = EDGE_CURVE('',#6313,#6304,#6315,.T.);
#6313 = VERTEX_POINT('',#6314);
#6314 = CARTESIAN_POINT('',(-2.096787222512,-20.47479699872,
    37.619233388595));
#6315 = CIRCLE('',#6316,4.);
#6316 = AXIS2_PLACEMENT_3D('',#6317,#6318,#6319);
#6317 = CARTESIAN_POINT('',(-2.096787222512,-20.47479699872,
    41.619233388595));
#6318 = DIRECTION('',(-0.939692620786,0.342020143326,0.));
#6319 = DIRECTION('',(-0.,0.,-1.));
#6320 = ORIENTED_EDGE('',*,*,#6321,.F.);
#6321 = EDGE_CURVE('',#6295,#6313,#6322,.T.);
#6322 = CIRCLE('',#6323,1.);
#6323 = AXIS2_PLACEMENT_3D('',#6324,#6325,#6326);
#6324 = CARTESIAN_POINT('',(-2.096787222512,-20.47479699872,
    38.619233388595));
#6325 = DIRECTION('',(0.342020143326,0.939692620786,0.));
#6326 = DIRECTION('',(-0.,0.,-1.));
#6327 = TOROIDAL_SURFACE('',#6328,3.,1.);
#6328 = AXIS2_PLACEMENT_3D('',#6329,#6330,#6331);
#6329 = CARTESIAN_POINT('',(-2.096787222512,-20.47479699872,
    41.619233388595));
#6330 = DIRECTION('',(-0.939692620786,0.342020143326,0.));
#6331 = DIRECTION('',(-0.,0.,-1.));
#6332 = ADVANCED_FACE('',(#6333,#6343),#6347,.F.);
#6333 = FACE_BOUND('',#6334,.T.);
#6334 = EDGE_LOOP('',(#6335,#6342));
#6335 = ORIENTED_EDGE('',*,*,#6336,.T.);
#6336 = EDGE_CURVE('',#6295,#6293,#6337,.T.);
#6337 = CIRCLE('',#6338,3.);
#6338 = AXIS2_PLACEMENT_3D('',#6339,#6340,#6341);
#6339 = CARTESIAN_POINT('',(-1.157094601726,-20.81681714204,
    41.619233388595));
#6340 = DIRECTION('',(0.939692620786,-0.342020143326,-0.));
#6341 = DIRECTION('',(-0.,0.,-1.));
#6342 = ORIENTED_EDGE('',*,*,#6292,.T.);
#6343 = FACE_BOUND('',#6344,.T.);
#6344 = EDGE_LOOP('',(#6345,#6346));
#6345 = ORIENTED_EDGE('',*,*,#6266,.T.);
#6346 = ORIENTED_EDGE('',*,*,#6275,.T.);
#6347 = PLANE('',#6348);
#6348 = AXIS2_PLACEMENT_3D('',#6349,#6350,#6351);
#6349 = CARTESIAN_POINT('',(-1.157094601726,-20.81681714204,
    41.619233388595));
#6350 = DIRECTION('',(-0.939692620786,0.342020143326,0.));
#6351 = DIRECTION('',(-0.,0.,-1.));
#6352 = ADVANCED_FACE('',(#6353),#6365,.T.);
#6353 = FACE_BOUND('',#6354,.T.);
#6354 = EDGE_LOOP('',(#6355,#6356,#6357,#6358));
#6355 = ORIENTED_EDGE('',*,*,#6303,.F.);
#6356 = ORIENTED_EDGE('',*,*,#6336,.F.);
#6357 = ORIENTED_EDGE('',*,*,#6321,.T.);
#6358 = ORIENTED_EDGE('',*,*,#6359,.F.);
#6359 = EDGE_CURVE('',#6304,#6313,#6360,.T.);
#6360 = CIRCLE('',#6361,4.);
#6361 = AXIS2_PLACEMENT_3D('',#6362,#6363,#6364);
#6362 = CARTESIAN_POINT('',(-2.096787222512,-20.47479699872,
    41.619233388595));
#6363 = DIRECTION('',(-0.939692620786,0.342020143326,0.));
#6364 = DIRECTION('',(-0.,0.,-1.));
#6365 = TOROIDAL_SURFACE('',#6366,3.,1.);
#6366 = AXIS2_PLACEMENT_3D('',#6367,#6368,#6369);
#6367 = CARTESIAN_POINT('',(-2.096787222512,-20.47479699872,
    41.619233388595));
#6368 = DIRECTION('',(-0.939692620786,0.342020143326,0.));
#6369 = DIRECTION('',(-0.,0.,-1.));
#6370 = ADVANCED_FACE('',(#6371),#6383,.T.);
#6371 = FACE_BOUND('',#6372,.T.);
#6372 = EDGE_LOOP('',(#6373,#6374,#6375,#6380,#6381,#6382));
#6373 = ORIENTED_EDGE('',*,*,#6359,.T.);
#6374 = ORIENTED_EDGE('',*,*,#6312,.T.);
#6375 = ORIENTED_EDGE('',*,*,#6376,.F.);
#6376 = EDGE_CURVE('',#6161,#6304,#6377,.T.);
#6377 = B_SPLINE_CURVE_WITH_KNOTS('',1,(#6378,#6379),.UNSPECIFIED.,.F.,
  .F.,(2,2),(1.,1.6),.PIECEWISE_BEZIER_KNOTS.);
#6378 = CARTESIAN_POINT('',(-2.660602794984,-20.26958491272,
    45.619233388595));
#6379 = CARTESIAN_POINT('',(-2.096787222512,-20.47479699872,
    45.619233388595));
#6380 = ORIENTED_EDGE('',*,*,#6160,.T.);
#6381 = ORIENTED_EDGE('',*,*,#6241,.T.);
#6382 = ORIENTED_EDGE('',*,*,#6376,.T.);
#6383 = CYLINDRICAL_SURFACE('',#6384,4.);
#6384 = AXIS2_PLACEMENT_3D('',#6385,#6386,#6387);
#6385 = CARTESIAN_POINT('',(-3.60029541577,-19.9275647694,
    41.619233388595));
#6386 = DIRECTION('',(0.939692620786,-0.342020143326,-0.));
#6387 = DIRECTION('',(0.,0.,1.));
#6388 = MANIFOLD_SOLID_BREP('',#6389);
#6389 = CLOSED_SHELL('',(#6390,#6434,#6470,#6488,#6522,#6566,#6586,#6604
    ));
#6390 = ADVANCED_FACE('',(#6391),#6429,.T.);
#6391 = FACE_BOUND('',#6392,.T.);
#6392 = EDGE_LOOP('',(#6393,#6404,#6413,#6422));
#6393 = ORIENTED_EDGE('',*,*,#6394,.F.);
#6394 = EDGE_CURVE('',#6395,#6397,#6399,.T.);
#6395 = VERTEX_POINT('',#6396);
#6396 = CARTESIAN_POINT('',(4.503728001091,-21.63864591922,
    45.619233388595));
#6397 = VERTEX_POINT('',#6398);
#6398 = CARTESIAN_POINT('',(4.503728001091,-21.63864591922,
    37.619233388595));
#6399 = CIRCLE('',#6400,4.);
#6400 = AXIS2_PLACEMENT_3D('',#6401,#6402,#6403);
#6401 = CARTESIAN_POINT('',(4.503728001091,-21.63864591922,
    41.619233388595));
#6402 = DIRECTION('',(1.,6.982962677686E-15,0.));
#6403 = DIRECTION('',(0.,-0.,-1.));
#6404 = ORIENTED_EDGE('',*,*,#6405,.T.);
#6405 = EDGE_CURVE('',#6395,#6406,#6408,.T.);
#6406 = VERTEX_POINT('',#6407);
#6407 = CARTESIAN_POINT('',(3.503728001091,-21.63864591922,
    44.619233388595));
#6408 = CIRCLE('',#6409,1.);
#6409 = AXIS2_PLACEMENT_3D('',#6410,#6411,#6412);
#6410 = CARTESIAN_POINT('',(4.503728001091,-21.63864591922,
    44.619233388595));
#6411 = DIRECTION('',(6.982962677686E-15,-1.,-1.224646799147E-16));
#6412 = DIRECTION('',(8.551662891794E-31,-1.224646799147E-16,1.));
#6413 = ORIENTED_EDGE('',*,*,#6414,.F.);
#6414 = EDGE_CURVE('',#6415,#6406,#6417,.T.);
#6415 = VERTEX_POINT('',#6416);
#6416 = CARTESIAN_POINT('',(3.503728001091,-21.63864591922,
    38.619233388595));
#6417 = CIRCLE('',#6418,3.);
#6418 = AXIS2_PLACEMENT_3D('',#6419,#6420,#6421);
#6419 = CARTESIAN_POINT('',(3.503728001091,-21.63864591922,
    41.619233388595));
#6420 = DIRECTION('',(-1.,-6.982962677686E-15,0.));
#6421 = DIRECTION('',(0.,-0.,-1.));
#6422 = ORIENTED_EDGE('',*,*,#6423,.F.);
#6423 = EDGE_CURVE('',#6397,#6415,#6424,.T.);
#6424 = CIRCLE('',#6425,1.);
#6425 = AXIS2_PLACEMENT_3D('',#6426,#6427,#6428);
#6426 = CARTESIAN_POINT('',(4.503728001091,-21.63864591922,
    38.619233388595));
#6427 = DIRECTION('',(-6.982962677686E-15,1.,-0.));
#6428 = DIRECTION('',(0.,-0.,-1.));
#6429 = TOROIDAL_SURFACE('',#6430,3.,1.);
#6430 = AXIS2_PLACEMENT_3D('',#6431,#6432,#6433);
#6431 = CARTESIAN_POINT('',(4.503728001091,-21.63864591922,
    41.619233388595));
#6432 = DIRECTION('',(-1.,-6.982962677686E-15,0.));
#6433 = DIRECTION('',(0.,-0.,-1.));
#6434 = ADVANCED_FACE('',(#6435,#6445),#6465,.T.);
#6435 = FACE_BOUND('',#6436,.T.);
#6436 = EDGE_LOOP('',(#6437,#6438));
#6437 = ORIENTED_EDGE('',*,*,#6414,.T.);
#6438 = ORIENTED_EDGE('',*,*,#6439,.T.);
#6439 = EDGE_CURVE('',#6406,#6415,#6440,.T.);
#6440 = CIRCLE('',#6441,3.);
#6441 = AXIS2_PLACEMENT_3D('',#6442,#6443,#6444);
#6442 = CARTESIAN_POINT('',(3.503728001091,-21.63864591922,
    41.619233388595));
#6443 = DIRECTION('',(-1.,-6.982962677686E-15,0.));
#6444 = DIRECTION('',(0.,-0.,-1.));
#6445 = FACE_BOUND('',#6446,.T.);
#6446 = EDGE_LOOP('',(#6447,#6458));
#6447 = ORIENTED_EDGE('',*,*,#6448,.F.);
#6448 = EDGE_CURVE('',#6449,#6451,#6453,.T.);
#6449 = VERTEX_POINT('',#6450);
#6450 = CARTESIAN_POINT('',(3.503728001091,-21.63864591922,
    42.619233388595));
#6451 = VERTEX_POINT('',#6452);
#6452 = CARTESIAN_POINT('',(3.503728001091,-21.63864591922,
    40.619233388595));
#6453 = CIRCLE('',#6454,1.);
#6454 = AXIS2_PLACEMENT_3D('',#6455,#6456,#6457);
#6455 = CARTESIAN_POINT('',(3.503728001091,-21.63864591922,
    41.619233388595));
#6456 = DIRECTION('',(-1.,-6.982962677686E-15,0.));
#6457 = DIRECTION('',(0.,-0.,-1.));
#6458 = ORIENTED_EDGE('',*,*,#6459,.F.);
#6459 = EDGE_CURVE('',#6451,#6449,#6460,.T.);
#6460 = CIRCLE('',#6461,1.);
#6461 = AXIS2_PLACEMENT_3D('',#6462,#6463,#6464);
#6462 = CARTESIAN_POINT('',(3.503728001091,-21.63864591922,
    41.619233388595));
#6463 = DIRECTION('',(-1.,-6.982962677686E-15,0.));
#6464 = DIRECTION('',(0.,-0.,-1.));
#6465 = PLANE('',#6466);
#6466 = AXIS2_PLACEMENT_3D('',#6467,#6468,#6469);
#6467 = CARTESIAN_POINT('',(3.503728001091,-21.63864591922,
    41.619233388595));
#6468 = DIRECTION('',(-1.,-6.982962677686E-15,0.));
#6469 = DIRECTION('',(0.,-0.,-1.));
#6470 = ADVANCED_FACE('',(#6471),#6483,.T.);
#6471 = FACE_BOUND('',#6472,.T.);
#6472 = EDGE_LOOP('',(#6473,#6474,#6481,#6482));
#6473 = ORIENTED_EDGE('',*,*,#6405,.F.);
#6474 = ORIENTED_EDGE('',*,*,#6475,.F.);
#6475 = EDGE_CURVE('',#6397,#6395,#6476,.T.);
#6476 = CIRCLE('',#6477,4.);
#6477 = AXIS2_PLACEMENT_3D('',#6478,#6479,#6480);
#6478 = CARTESIAN_POINT('',(4.503728001091,-21.63864591922,
    41.619233388595));
#6479 = DIRECTION('',(1.,6.982962677686E-15,0.));
#6480 = DIRECTION('',(0.,-0.,-1.));
#6481 = ORIENTED_EDGE('',*,*,#6423,.T.);
#6482 = ORIENTED_EDGE('',*,*,#6439,.F.);
#6483 = TOROIDAL_SURFACE('',#6484,3.,1.);
#6484 = AXIS2_PLACEMENT_3D('',#6485,#6486,#6487);
#6485 = CARTESIAN_POINT('',(4.503728001091,-21.63864591922,
    41.619233388595));
#6486 = DIRECTION('',(-1.,-6.982962677686E-15,0.));
#6487 = DIRECTION('',(0.,-0.,-1.));
#6488 = ADVANCED_FACE('',(#6489),#6517,.F.);
#6489 = FACE_BOUND('',#6490,.F.);
#6490 = EDGE_LOOP('',(#6491,#6492,#6499,#6508,#6515,#6516));
#6491 = ORIENTED_EDGE('',*,*,#6448,.F.);
#6492 = ORIENTED_EDGE('',*,*,#6493,.T.);
#6493 = EDGE_CURVE('',#6449,#6494,#6496,.T.);
#6494 = VERTEX_POINT('',#6495);
#6495 = CARTESIAN_POINT('',(6.103728001091,-21.63864591922,
    42.619233388595));
#6496 = B_SPLINE_CURVE_WITH_KNOTS('',1,(#6497,#6498),.UNSPECIFIED.,.F.,
  .F.,(2,2),(0.,2.6),.PIECEWISE_BEZIER_KNOTS.);
#6497 = CARTESIAN_POINT('',(3.503728001091,-21.63864591922,
    42.619233388595));
#6498 = CARTESIAN_POINT('',(6.103728001091,-21.63864591922,
    42.619233388595));
#6499 = ORIENTED_EDGE('',*,*,#6500,.T.);
#6500 = EDGE_CURVE('',#6494,#6501,#6503,.T.);
#6501 = VERTEX_POINT('',#6502);
#6502 = CARTESIAN_POINT('',(6.103728001091,-21.63864591922,
    40.619233388595));
#6503 = CIRCLE('',#6504,1.);
#6504 = AXIS2_PLACEMENT_3D('',#6505,#6506,#6507);
#6505 = CARTESIAN_POINT('',(6.103728001091,-21.63864591922,
    41.619233388595));
#6506 = DIRECTION('',(-1.,-6.982962677686E-15,0.));
#6507 = DIRECTION('',(0.,-0.,-1.));
#6508 = ORIENTED_EDGE('',*,*,#6509,.T.);
#6509 = EDGE_CURVE('',#6501,#6494,#6510,.T.);
#6510 = CIRCLE('',#6511,1.);
#6511 = AXIS2_PLACEMENT_3D('',#6512,#6513,#6514);
#6512 = CARTESIAN_POINT('',(6.103728001091,-21.63864591922,
    41.619233388595));
#6513 = DIRECTION('',(-1.,-6.982962677686E-15,0.));
#6514 = DIRECTION('',(0.,-0.,-1.));
#6515 = ORIENTED_EDGE('',*,*,#6493,.F.);
#6516 = ORIENTED_EDGE('',*,*,#6459,.F.);
#6517 = CYLINDRICAL_SURFACE('',#6518,1.);
#6518 = AXIS2_PLACEMENT_3D('',#6519,#6520,#6521);
#6519 = CARTESIAN_POINT('',(3.503728001091,-21.63864591922,
    41.619233388595));
#6520 = DIRECTION('',(1.,6.982962677686E-15,-0.));
#6521 = DIRECTION('',(0.,0.,1.));
#6522 = ADVANCED_FACE('',(#6523),#6561,.T.);
#6523 = FACE_BOUND('',#6524,.T.);
#6524 = EDGE_LOOP('',(#6525,#6536,#6545,#6554));
#6525 = ORIENTED_EDGE('',*,*,#6526,.F.);
#6526 = EDGE_CURVE('',#6527,#6529,#6531,.T.);
#6527 = VERTEX_POINT('',#6528);
#6528 = CARTESIAN_POINT('',(6.103728001091,-21.63864591922,
    44.619233388595));
#6529 = VERTEX_POINT('',#6530);
#6530 = CARTESIAN_POINT('',(6.103728001091,-21.63864591922,
    38.619233388595));
#6531 = CIRCLE('',#6532,3.);
#6532 = AXIS2_PLACEMENT_3D('',#6533,#6534,#6535);
#6533 = CARTESIAN_POINT('',(6.103728001091,-21.63864591922,
    41.619233388595));
#6534 = DIRECTION('',(1.,6.982962677686E-15,0.));
#6535 = DIRECTION('',(0.,-0.,-1.));
#6536 = ORIENTED_EDGE('',*,*,#6537,.T.);
#6537 = EDGE_CURVE('',#6527,#6538,#6540,.T.);
#6538 = VERTEX_POINT('',#6539);
#6539 = CARTESIAN_POINT('',(5.103728001091,-21.63864591922,
    45.619233388595));
#6540 = CIRCLE('',#6541,1.);
#6541 = AXIS2_PLACEMENT_3D('',#6542,#6543,#6544);
#6542 = CARTESIAN_POINT('',(5.103728001091,-21.63864591922,
    44.619233388595));
#6543 = DIRECTION('',(6.982962677686E-15,-1.,-1.224646799147E-16));
#6544 = DIRECTION('',(8.551662891794E-31,-1.224646799147E-16,1.));
#6545 = ORIENTED_EDGE('',*,*,#6546,.F.);
#6546 = EDGE_CURVE('',#6547,#6538,#6549,.T.);
#6547 = VERTEX_POINT('',#6548);
#6548 = CARTESIAN_POINT('',(5.103728001091,-21.63864591922,
    37.619233388595));
#6549 = CIRCLE('',#6550,4.);
#6550 = AXIS2_PLACEMENT_3D('',#6551,#6552,#6553);
#6551 = CARTESIAN_POINT('',(5.103728001091,-21.63864591922,
    41.619233388595));
#6552 = DIRECTION('',(-1.,-6.982962677686E-15,0.));
#6553 = DIRECTION('',(0.,-0.,-1.));
#6554 = ORIENTED_EDGE('',*,*,#6555,.F.);
#6555 = EDGE_CURVE('',#6529,#6547,#6556,.T.);
#6556 = CIRCLE('',#6557,1.);
#6557 = AXIS2_PLACEMENT_3D('',#6558,#6559,#6560);
#6558 = CARTESIAN_POINT('',(5.103728001091,-21.63864591922,
    38.619233388595));
#6559 = DIRECTION('',(-6.982962677686E-15,1.,-0.));
#6560 = DIRECTION('',(0.,-0.,-1.));
#6561 = TOROIDAL_SURFACE('',#6562,3.,1.);
#6562 = AXIS2_PLACEMENT_3D('',#6563,#6564,#6565);
#6563 = CARTESIAN_POINT('',(5.103728001091,-21.63864591922,
    41.619233388595));
#6564 = DIRECTION('',(-1.,-6.982962677686E-15,0.));
#6565 = DIRECTION('',(0.,-0.,-1.));
#6566 = ADVANCED_FACE('',(#6567,#6577),#6581,.F.);
#6567 = FACE_BOUND('',#6568,.T.);
#6568 = EDGE_LOOP('',(#6569,#6576));
#6569 = ORIENTED_EDGE('',*,*,#6570,.T.);
#6570 = EDGE_CURVE('',#6529,#6527,#6571,.T.);
#6571 = CIRCLE('',#6572,3.);
#6572 = AXIS2_PLACEMENT_3D('',#6573,#6574,#6575);
#6573 = CARTESIAN_POINT('',(6.103728001091,-21.63864591922,
    41.619233388595));
#6574 = DIRECTION('',(1.,6.982962677686E-15,0.));
#6575 = DIRECTION('',(0.,-0.,-1.));
#6576 = ORIENTED_EDGE('',*,*,#6526,.T.);
#6577 = FACE_BOUND('',#6578,.T.);
#6578 = EDGE_LOOP('',(#6579,#6580));
#6579 = ORIENTED_EDGE('',*,*,#6500,.T.);
#6580 = ORIENTED_EDGE('',*,*,#6509,.T.);
#6581 = PLANE('',#6582);
#6582 = AXIS2_PLACEMENT_3D('',#6583,#6584,#6585);
#6583 = CARTESIAN_POINT('',(6.103728001091,-21.63864591922,
    41.619233388595));
#6584 = DIRECTION('',(-1.,-6.982962677686E-15,0.));
#6585 = DIRECTION('',(0.,-0.,-1.));
#6586 = ADVANCED_FACE('',(#6587),#6599,.T.);
#6587 = FACE_BOUND('',#6588,.T.);
#6588 = EDGE_LOOP('',(#6589,#6590,#6591,#6592));
#6589 = ORIENTED_EDGE('',*,*,#6537,.F.);
#6590 = ORIENTED_EDGE('',*,*,#6570,.F.);
#6591 = ORIENTED_EDGE('',*,*,#6555,.T.);
#6592 = ORIENTED_EDGE('',*,*,#6593,.F.);
#6593 = EDGE_CURVE('',#6538,#6547,#6594,.T.);
#6594 = CIRCLE('',#6595,4.);
#6595 = AXIS2_PLACEMENT_3D('',#6596,#6597,#6598);
#6596 = CARTESIAN_POINT('',(5.103728001091,-21.63864591922,
    41.619233388595));
#6597 = DIRECTION('',(-1.,-6.982962677686E-15,0.));
#6598 = DIRECTION('',(0.,-0.,-1.));
#6599 = TOROIDAL_SURFACE('',#6600,3.,1.);
#6600 = AXIS2_PLACEMENT_3D('',#6601,#6602,#6603);
#6601 = CARTESIAN_POINT('',(5.103728001091,-21.63864591922,
    41.619233388595));
#6602 = DIRECTION('',(-1.,-6.982962677686E-15,0.));
#6603 = DIRECTION('',(0.,-0.,-1.));
#6604 = ADVANCED_FACE('',(#6605),#6617,.T.);
#6605 = FACE_BOUND('',#6606,.T.);
#6606 = EDGE_LOOP('',(#6607,#6608,#6609,#6614,#6615,#6616));
#6607 = ORIENTED_EDGE('',*,*,#6593,.T.);
#6608 = ORIENTED_EDGE('',*,*,#6546,.T.);
#6609 = ORIENTED_EDGE('',*,*,#6610,.F.);
#6610 = EDGE_CURVE('',#6395,#6538,#6611,.T.);
#6611 = B_SPLINE_CURVE_WITH_KNOTS('',1,(#6612,#6613),.UNSPECIFIED.,.F.,
  .F.,(2,2),(1.,1.6),.PIECEWISE_BEZIER_KNOTS.);
#6612 = CARTESIAN_POINT('',(4.503728001091,-21.63864591922,
    45.619233388595));
#6613 = CARTESIAN_POINT('',(5.103728001091,-21.63864591922,
    45.619233388595));
#6614 = ORIENTED_EDGE('',*,*,#6394,.T.);
#6615 = ORIENTED_EDGE('',*,*,#6475,.T.);
#6616 = ORIENTED_EDGE('',*,*,#6610,.T.);
#6617 = CYLINDRICAL_SURFACE('',#6618,4.);
#6618 = AXIS2_PLACEMENT_3D('',#6619,#6620,#6621);
#6619 = CARTESIAN_POINT('',(3.503728001091,-21.63864591922,
    41.619233388595));
#6620 = DIRECTION('',(1.,6.982962677686E-15,-0.));
#6621 = DIRECTION('',(0.,0.,1.));
#6622 = MANIFOLD_SOLID_BREP('',#6623);
#6623 = CLOSED_SHELL('',(#6624,#6668,#6704,#6722,#6756,#6800,#6820,#6838
    ));
#6624 = ADVANCED_FACE('',(#6625),#6663,.T.);
#6625 = FACE_BOUND('',#6626,.T.);
#6626 = EDGE_LOOP('',(#6627,#6638,#6647,#6656));
#6627 = ORIENTED_EDGE('',*,*,#6628,.F.);
#6628 = EDGE_CURVE('',#6629,#6631,#6633,.T.);
#6629 = VERTEX_POINT('',#6630);
#6630 = CARTESIAN_POINT('',(11.704243224694,-20.47479699872,
    45.619233388595));
#6631 = VERTEX_POINT('',#6632);
#6632 = CARTESIAN_POINT('',(11.704243224694,-20.47479699872,
    37.619233388595));
#6633 = CIRCLE('',#6634,4.);
#6634 = AXIS2_PLACEMENT_3D('',#6635,#6636,#6637);
#6635 = CARTESIAN_POINT('',(11.704243224694,-20.47479699872,
    41.619233388595));
#6636 = DIRECTION('',(0.939692620786,0.342020143326,0.));
#6637 = DIRECTION('',(0.,-0.,-1.));
#6638 = ORIENTED_EDGE('',*,*,#6639,.T.);
#6639 = EDGE_CURVE('',#6629,#6640,#6642,.T.);
#6640 = VERTEX_POINT('',#6641);
#6641 = CARTESIAN_POINT('',(10.764550603908,-20.81681714204,
    44.619233388595));
#6642 = CIRCLE('',#6643,1.);
#6643 = AXIS2_PLACEMENT_3D('',#6644,#6645,#6646);
#6644 = CARTESIAN_POINT('',(11.704243224694,-20.47479699872,
    44.619233388595));
#6645 = DIRECTION('',(0.342020143326,-0.939692620786,-1.224646799147E-16
    ));
#6646 = DIRECTION('',(4.188538737677E-17,-1.150791560228E-16,1.));
#6647 = ORIENTED_EDGE('',*,*,#6648,.F.);
#6648 = EDGE_CURVE('',#6649,#6640,#6651,.T.);
#6649 = VERTEX_POINT('',#6650);
#6650 = CARTESIAN_POINT('',(10.764550603908,-20.81681714204,
    38.619233388595));
#6651 = CIRCLE('',#6652,3.);
#6652 = AXIS2_PLACEMENT_3D('',#6653,#6654,#6655);
#6653 = CARTESIAN_POINT('',(10.764550603908,-20.81681714204,
    41.619233388595));
#6654 = DIRECTION('',(-0.939692620786,-0.342020143326,0.));
#6655 = DIRECTION('',(0.,-0.,-1.));
#6656 = ORIENTED_EDGE('',*,*,#6657,.F.);
#6657 = EDGE_CURVE('',#6631,#6649,#6658,.T.);
#6658 = CIRCLE('',#6659,1.);
#6659 = AXIS2_PLACEMENT_3D('',#6660,#6661,#6662);
#6660 = CARTESIAN_POINT('',(11.704243224694,-20.47479699872,
    38.619233388595));
#6661 = DIRECTION('',(-0.342020143326,0.939692620786,-0.));
#6662 = DIRECTION('',(0.,-0.,-1.));
#6663 = TOROIDAL_SURFACE('',#6664,3.,1.);
#6664 = AXIS2_PLACEMENT_3D('',#6665,#6666,#6667);
#6665 = CARTESIAN_POINT('',(11.704243224694,-20.47479699872,
    41.619233388595));
#6666 = DIRECTION('',(-0.939692620786,-0.342020143326,0.));
#6667 = DIRECTION('',(0.,-0.,-1.));
#6668 = ADVANCED_FACE('',(#6669,#6679),#6699,.T.);
#6669 = FACE_BOUND('',#6670,.T.);
#6670 = EDGE_LOOP('',(#6671,#6672));
#6671 = ORIENTED_EDGE('',*,*,#6648,.T.);
#6672 = ORIENTED_EDGE('',*,*,#6673,.T.);
#6673 = EDGE_CURVE('',#6640,#6649,#6674,.T.);
#6674 = CIRCLE('',#6675,3.);
#6675 = AXIS2_PLACEMENT_3D('',#6676,#6677,#6678);
#6676 = CARTESIAN_POINT('',(10.764550603908,-20.81681714204,
    41.619233388595));
#6677 = DIRECTION('',(-0.939692620786,-0.342020143326,0.));
#6678 = DIRECTION('',(0.,-0.,-1.));
#6679 = FACE_BOUND('',#6680,.T.);
#6680 = EDGE_LOOP('',(#6681,#6692));
#6681 = ORIENTED_EDGE('',*,*,#6682,.F.);
#6682 = EDGE_CURVE('',#6683,#6685,#6687,.T.);
#6683 = VERTEX_POINT('',#6684);
#6684 = CARTESIAN_POINT('',(10.764550603908,-20.81681714204,
    42.619233388595));
#6685 = VERTEX_POINT('',#6686);
#6686 = CARTESIAN_POINT('',(10.764550603908,-20.81681714204,
    40.619233388595));
#6687 = CIRCLE('',#6688,1.);
#6688 = AXIS2_PLACEMENT_3D('',#6689,#6690,#6691);
#6689 = CARTESIAN_POINT('',(10.764550603908,-20.81681714204,
    41.619233388595));
#6690 = DIRECTION('',(-0.939692620786,-0.342020143326,0.));
#6691 = DIRECTION('',(0.,-0.,-1.));
#6692 = ORIENTED_EDGE('',*,*,#6693,.F.);
#6693 = EDGE_CURVE('',#6685,#6683,#6694,.T.);
#6694 = CIRCLE('',#6695,1.);
#6695 = AXIS2_PLACEMENT_3D('',#6696,#6697,#6698);
#6696 = CARTESIAN_POINT('',(10.764550603908,-20.81681714204,
    41.619233388595));
#6697 = DIRECTION('',(-0.939692620786,-0.342020143326,0.));
#6698 = DIRECTION('',(0.,-0.,-1.));
#6699 = PLANE('',#6700);
#6700 = AXIS2_PLACEMENT_3D('',#6701,#6702,#6703);
#6701 = CARTESIAN_POINT('',(10.764550603908,-20.81681714204,
    41.619233388595));
#6702 = DIRECTION('',(-0.939692620786,-0.342020143326,0.));
#6703 = DIRECTION('',(0.,-0.,-1.));
#6704 = ADVANCED_FACE('',(#6705),#6717,.T.);
#6705 = FACE_BOUND('',#6706,.T.);
#6706 = EDGE_LOOP('',(#6707,#6708,#6715,#6716));
#6707 = ORIENTED_EDGE('',*,*,#6639,.F.);
#6708 = ORIENTED_EDGE('',*,*,#6709,.F.);
#6709 = EDGE_CURVE('',#6631,#6629,#6710,.T.);
#6710 = CIRCLE('',#6711,4.);
#6711 = AXIS2_PLACEMENT_3D('',#6712,#6713,#6714);
#6712 = CARTESIAN_POINT('',(11.704243224694,-20.47479699872,
    41.619233388595));
#6713 = DIRECTION('',(0.939692620786,0.342020143326,0.));
#6714 = DIRECTION('',(0.,-0.,-1.));
#6715 = ORIENTED_EDGE('',*,*,#6657,.T.);
#6716 = ORIENTED_EDGE('',*,*,#6673,.F.);
#6717 = TOROIDAL_SURFACE('',#6718,3.,1.);
#6718 = AXIS2_PLACEMENT_3D('',#6719,#6720,#6721);
#6719 = CARTESIAN_POINT('',(11.704243224694,-20.47479699872,
    41.619233388595));
#6720 = DIRECTION('',(-0.939692620786,-0.342020143326,0.));
#6721 = DIRECTION('',(0.,-0.,-1.));
#6722 = ADVANCED_FACE('',(#6723),#6751,.F.);
#6723 = FACE_BOUND('',#6724,.F.);
#6724 = EDGE_LOOP('',(#6725,#6726,#6733,#6742,#6749,#6750));
#6725 = ORIENTED_EDGE('',*,*,#6682,.F.);
#6726 = ORIENTED_EDGE('',*,*,#6727,.T.);
#6727 = EDGE_CURVE('',#6683,#6728,#6730,.T.);
#6728 = VERTEX_POINT('',#6729);
#6729 = CARTESIAN_POINT('',(13.207751417952,-19.9275647694,
    42.619233388595));
#6730 = B_SPLINE_CURVE_WITH_KNOTS('',1,(#6731,#6732),.UNSPECIFIED.,.F.,
  .F.,(2,2),(0.,2.6),.PIECEWISE_BEZIER_KNOTS.);
#6731 = CARTESIAN_POINT('',(10.764550603908,-20.81681714204,
    42.619233388595));
#6732 = CARTESIAN_POINT('',(13.207751417952,-19.9275647694,
    42.619233388595));
#6733 = ORIENTED_EDGE('',*,*,#6734,.T.);
#6734 = EDGE_CURVE('',#6728,#6735,#6737,.T.);
#6735 = VERTEX_POINT('',#6736);
#6736 = CARTESIAN_POINT('',(13.207751417952,-19.9275647694,
    40.619233388595));
#6737 = CIRCLE('',#6738,1.);
#6738 = AXIS2_PLACEMENT_3D('',#6739,#6740,#6741);
#6739 = CARTESIAN_POINT('',(13.207751417952,-19.9275647694,
    41.619233388595));
#6740 = DIRECTION('',(-0.939692620786,-0.342020143326,0.));
#6741 = DIRECTION('',(0.,-0.,-1.));
#6742 = ORIENTED_EDGE('',*,*,#6743,.T.);
#6743 = EDGE_CURVE('',#6735,#6728,#6744,.T.);
#6744 = CIRCLE('',#6745,1.);
#6745 = AXIS2_PLACEMENT_3D('',#6746,#6747,#6748);
#6746 = CARTESIAN_POINT('',(13.207751417952,-19.9275647694,
    41.619233388595));
#6747 = DIRECTION('',(-0.939692620786,-0.342020143326,0.));
#6748 = DIRECTION('',(0.,-0.,-1.));
#6749 = ORIENTED_EDGE('',*,*,#6727,.F.);
#6750 = ORIENTED_EDGE('',*,*,#6693,.F.);
#6751 = CYLINDRICAL_SURFACE('',#6752,1.);
#6752 = AXIS2_PLACEMENT_3D('',#6753,#6754,#6755);
#6753 = CARTESIAN_POINT('',(10.764550603908,-20.81681714204,
    41.619233388595));
#6754 = DIRECTION('',(0.939692620786,0.342020143326,-0.));
#6755 = DIRECTION('',(0.,0.,1.));
#6756 = ADVANCED_FACE('',(#6757),#6795,.T.);
#6757 = FACE_BOUND('',#6758,.T.);
#6758 = EDGE_LOOP('',(#6759,#6770,#6779,#6788));
#6759 = ORIENTED_EDGE('',*,*,#6760,.F.);
#6760 = EDGE_CURVE('',#6761,#6763,#6765,.T.);
#6761 = VERTEX_POINT('',#6762);
#6762 = CARTESIAN_POINT('',(13.207751417952,-19.9275647694,
    44.619233388595));
#6763 = VERTEX_POINT('',#6764);
#6764 = CARTESIAN_POINT('',(13.207751417952,-19.9275647694,
    38.619233388595));
#6765 = CIRCLE('',#6766,3.);
#6766 = AXIS2_PLACEMENT_3D('',#6767,#6768,#6769);
#6767 = CARTESIAN_POINT('',(13.207751417952,-19.9275647694,
    41.619233388595));
#6768 = DIRECTION('',(0.939692620786,0.342020143326,0.));
#6769 = DIRECTION('',(0.,-0.,-1.));
#6770 = ORIENTED_EDGE('',*,*,#6771,.T.);
#6771 = EDGE_CURVE('',#6761,#6772,#6774,.T.);
#6772 = VERTEX_POINT('',#6773);
#6773 = CARTESIAN_POINT('',(12.268058797166,-20.26958491272,
    45.619233388595));
#6774 = CIRCLE('',#6775,1.);
#6775 = AXIS2_PLACEMENT_3D('',#6776,#6777,#6778);
#6776 = CARTESIAN_POINT('',(12.268058797166,-20.26958491272,
    44.619233388595));
#6777 = DIRECTION('',(0.342020143326,-0.939692620786,-1.224646799147E-16
    ));
#6778 = DIRECTION('',(4.188538737677E-17,-1.150791560228E-16,1.));
#6779 = ORIENTED_EDGE('',*,*,#6780,.F.);
#6780 = EDGE_CURVE('',#6781,#6772,#6783,.T.);
#6781 = VERTEX_POINT('',#6782);
#6782 = CARTESIAN_POINT('',(12.268058797166,-20.26958491272,
    37.619233388595));
#6783 = CIRCLE('',#6784,4.);
#6784 = AXIS2_PLACEMENT_3D('',#6785,#6786,#6787);
#6785 = CARTESIAN_POINT('',(12.268058797166,-20.26958491272,
    41.619233388595));
#6786 = DIRECTION('',(-0.939692620786,-0.342020143326,0.));
#6787 = DIRECTION('',(0.,-0.,-1.));
#6788 = ORIENTED_EDGE('',*,*,#6789,.F.);
#6789 = EDGE_CURVE('',#6763,#6781,#6790,.T.);
#6790 = CIRCLE('',#6791,1.);
#6791 = AXIS2_PLACEMENT_3D('',#6792,#6793,#6794);
#6792 = CARTESIAN_POINT('',(12.268058797166,-20.26958491272,
    38.619233388595));
#6793 = DIRECTION('',(-0.342020143326,0.939692620786,-0.));
#6794 = DIRECTION('',(0.,-0.,-1.));
#6795 = TOROIDAL_SURFACE('',#6796,3.,1.);
#6796 = AXIS2_PLACEMENT_3D('',#6797,#6798,#6799);
#6797 = CARTESIAN_POINT('',(12.268058797166,-20.26958491272,
    41.619233388595));
#6798 = DIRECTION('',(-0.939692620786,-0.342020143326,0.));
#6799 = DIRECTION('',(0.,-0.,-1.));
#6800 = ADVANCED_FACE('',(#6801,#6811),#6815,.F.);
#6801 = FACE_BOUND('',#6802,.T.);
#6802 = EDGE_LOOP('',(#6803,#6810));
#6803 = ORIENTED_EDGE('',*,*,#6804,.T.);
#6804 = EDGE_CURVE('',#6763,#6761,#6805,.T.);
#6805 = CIRCLE('',#6806,3.);
#6806 = AXIS2_PLACEMENT_3D('',#6807,#6808,#6809);
#6807 = CARTESIAN_POINT('',(13.207751417952,-19.9275647694,
    41.619233388595));
#6808 = DIRECTION('',(0.939692620786,0.342020143326,0.));
#6809 = DIRECTION('',(0.,-0.,-1.));
#6810 = ORIENTED_EDGE('',*,*,#6760,.T.);
#6811 = FACE_BOUND('',#6812,.T.);
#6812 = EDGE_LOOP('',(#6813,#6814));
#6813 = ORIENTED_EDGE('',*,*,#6734,.T.);
#6814 = ORIENTED_EDGE('',*,*,#6743,.T.);
#6815 = PLANE('',#6816);
#6816 = AXIS2_PLACEMENT_3D('',#6817,#6818,#6819);
#6817 = CARTESIAN_POINT('',(13.207751417952,-19.9275647694,
    41.619233388595));
#6818 = DIRECTION('',(-0.939692620786,-0.342020143326,0.));
#6819 = DIRECTION('',(0.,-0.,-1.));
#6820 = ADVANCED_FACE('',(#6821),#6833,.T.);
#6821 = FACE_BOUND('',#6822,.T.);
#6822 = EDGE_LOOP('',(#6823,#6824,#6825,#6826));
#6823 = ORIENTED_EDGE('',*,*,#6771,.F.);
#6824 = ORIENTED_EDGE('',*,*,#6804,.F.);
#6825 = ORIENTED_EDGE('',*,*,#6789,.T.);
#6826 = ORIENTED_EDGE('',*,*,#6827,.F.);
#6827 = EDGE_CURVE('',#6772,#6781,#6828,.T.);
#6828 = CIRCLE('',#6829,4.);
#6829 = AXIS2_PLACEMENT_3D('',#6830,#6831,#6832);
#6830 = CARTESIAN_POINT('',(12.268058797166,-20.26958491272,
    41.619233388595));
#6831 = DIRECTION('',(-0.939692620786,-0.342020143326,0.));
#6832 = DIRECTION('',(0.,-0.,-1.));
#6833 = TOROIDAL_SURFACE('',#6834,3.,1.);
#6834 = AXIS2_PLACEMENT_3D('',#6835,#6836,#6837);
#6835 = CARTESIAN_POINT('',(12.268058797166,-20.26958491272,
    41.619233388595));
#6836 = DIRECTION('',(-0.939692620786,-0.342020143326,0.));
#6837 = DIRECTION('',(0.,-0.,-1.));
#6838 = ADVANCED_FACE('',(#6839),#6851,.T.);
#6839 = FACE_BOUND('',#6840,.T.);
#6840 = EDGE_LOOP('',(#6841,#6842,#6843,#6848,#6849,#6850));
#6841 = ORIENTED_EDGE('',*,*,#6827,.T.);
#6842 = ORIENTED_EDGE('',*,*,#6780,.T.);
#6843 = ORIENTED_EDGE('',*,*,#6844,.F.);
#6844 = EDGE_CURVE('',#6629,#6772,#6845,.T.);
#6845 = B_SPLINE_CURVE_WITH_KNOTS('',1,(#6846,#6847),.UNSPECIFIED.,.F.,
  .F.,(2,2),(1.,1.6),.PIECEWISE_BEZIER_KNOTS.);
#6846 = CARTESIAN_POINT('',(11.704243224694,-20.47479699872,
    45.619233388595));
#6847 = CARTESIAN_POINT('',(12.268058797166,-20.26958491272,
    45.619233388595));
#6848 = ORIENTED_EDGE('',*,*,#6628,.T.);
#6849 = ORIENTED_EDGE('',*,*,#6709,.T.);
#6850 = ORIENTED_EDGE('',*,*,#6844,.T.);
#6851 = CYLINDRICAL_SURFACE('',#6852,4.);
#6852 = AXIS2_PLACEMENT_3D('',#6853,#6854,#6855);
#6853 = CARTESIAN_POINT('',(10.764550603908,-20.81681714204,
    41.619233388595));
#6854 = DIRECTION('',(0.939692620786,0.342020143326,-0.));
#6855 = DIRECTION('',(0.,0.,1.));
#6856 = MANIFOLD_SOLID_BREP('',#6857);
#6857 = CLOSED_SHELL('',(#6858,#6902,#6938,#6956,#6990,#7034,#7054,#7072
    ));
#6858 = ADVANCED_FACE('',(#6859),#6897,.T.);
#6859 = FACE_BOUND('',#6860,.T.);
#6860 = EDGE_LOOP('',(#6861,#6872,#6881,#6890));
#6861 = ORIENTED_EDGE('',*,*,#6862,.F.);
#6862 = EDGE_CURVE('',#6863,#6865,#6867,.T.);
#6863 = VERTEX_POINT('',#6864);
#6864 = CARTESIAN_POINT('',(18.072454471573,-16.91841550762,
    45.619233388595));
#6865 = VERTEX_POINT('',#6866);
#6866 = CARTESIAN_POINT('',(18.072454471573,-16.91841550762,
    37.619233388595));
#6867 = CIRCLE('',#6868,4.);
#6868 = AXIS2_PLACEMENT_3D('',#6869,#6870,#6871);
#6869 = CARTESIAN_POINT('',(18.072454471573,-16.91841550762,
    41.619233388595));
#6870 = DIRECTION('',(0.766044443119,0.642787609687,0.));
#6871 = DIRECTION('',(0.,-0.,-1.));
#6872 = ORIENTED_EDGE('',*,*,#6873,.T.);
#6873 = EDGE_CURVE('',#6863,#6874,#6876,.T.);
#6874 = VERTEX_POINT('',#6875);
#6875 = CARTESIAN_POINT('',(17.306410028454,-17.56120311731,
    44.619233388595));
#6876 = CIRCLE('',#6877,1.);
#6877 = AXIS2_PLACEMENT_3D('',#6878,#6879,#6880);
#6878 = CARTESIAN_POINT('',(18.072454471573,-16.91841550762,
    44.619233388595));
#6879 = DIRECTION('',(0.642787609687,-0.766044443119,-1.224646799147E-16
    ));
#6880 = DIRECTION('',(7.871877887342E-17,-9.381338752703E-17,1.));
#6881 = ORIENTED_EDGE('',*,*,#6882,.F.);
#6882 = EDGE_CURVE('',#6883,#6874,#6885,.T.);
#6883 = VERTEX_POINT('',#6884);
#6884 = CARTESIAN_POINT('',(17.306410028454,-17.56120311731,
    38.619233388595));
#6885 = CIRCLE('',#6886,3.);
#6886 = AXIS2_PLACEMENT_3D('',#6887,#6888,#6889);
#6887 = CARTESIAN_POINT('',(17.306410028454,-17.56120311731,
    41.619233388595));
#6888 = DIRECTION('',(-0.766044443119,-0.642787609687,0.));
#6889 = DIRECTION('',(0.,-0.,-1.));
#6890 = ORIENTED_EDGE('',*,*,#6891,.F.);
#6891 = EDGE_CURVE('',#6865,#6883,#6892,.T.);
#6892 = CIRCLE('',#6893,1.);
#6893 = AXIS2_PLACEMENT_3D('',#6894,#6895,#6896);
#6894 = CARTESIAN_POINT('',(18.072454471573,-16.91841550762,
    38.619233388595));
#6895 = DIRECTION('',(-0.642787609687,0.766044443119,-0.));
#6896 = DIRECTION('',(0.,-0.,-1.));
#6897 = TOROIDAL_SURFACE('',#6898,3.,1.);
#6898 = AXIS2_PLACEMENT_3D('',#6899,#6900,#6901);
#6899 = CARTESIAN_POINT('',(18.072454471573,-16.91841550762,
    41.619233388595));
#6900 = DIRECTION('',(-0.766044443119,-0.642787609687,0.));
#6901 = DIRECTION('',(0.,-0.,-1.));
#6902 = ADVANCED_FACE('',(#6903,#6913),#6933,.T.);
#6903 = FACE_BOUND('',#6904,.T.);
#6904 = EDGE_LOOP('',(#6905,#6906));
#6905 = ORIENTED_EDGE('',*,*,#6882,.T.);
#6906 = ORIENTED_EDGE('',*,*,#6907,.T.);
#6907 = EDGE_CURVE('',#6874,#6883,#6908,.T.);
#6908 = CIRCLE('',#6909,3.);
#6909 = AXIS2_PLACEMENT_3D('',#6910,#6911,#6912);
#6910 = CARTESIAN_POINT('',(17.306410028454,-17.56120311731,
    41.619233388595));
#6911 = DIRECTION('',(-0.766044443119,-0.642787609687,0.));
#6912 = DIRECTION('',(0.,-0.,-1.));
#6913 = FACE_BOUND('',#6914,.T.);
#6914 = EDGE_LOOP('',(#6915,#6926));
#6915 = ORIENTED_EDGE('',*,*,#6916,.F.);
#6916 = EDGE_CURVE('',#6917,#6919,#6921,.T.);
#6917 = VERTEX_POINT('',#6918);
#6918 = CARTESIAN_POINT('',(17.306410028454,-17.56120311731,
    42.619233388595));
#6919 = VERTEX_POINT('',#6920);
#6920 = CARTESIAN_POINT('',(17.306410028454,-17.56120311731,
    40.619233388595));
#6921 = CIRCLE('',#6922,1.);
#6922 = AXIS2_PLACEMENT_3D('',#6923,#6924,#6925);
#6923 = CARTESIAN_POINT('',(17.306410028454,-17.56120311731,
    41.619233388595));
#6924 = DIRECTION('',(-0.766044443119,-0.642787609687,0.));
#6925 = DIRECTION('',(0.,-0.,-1.));
#6926 = ORIENTED_EDGE('',*,*,#6927,.F.);
#6927 = EDGE_CURVE('',#6919,#6917,#6928,.T.);
#6928 = CIRCLE('',#6929,1.);
#6929 = AXIS2_PLACEMENT_3D('',#6930,#6931,#6932);
#6930 = CARTESIAN_POINT('',(17.306410028454,-17.56120311731,
    41.619233388595));
#6931 = DIRECTION('',(-0.766044443119,-0.642787609687,0.));
#6932 = DIRECTION('',(0.,-0.,-1.));
#6933 = PLANE('',#6934);
#6934 = AXIS2_PLACEMENT_3D('',#6935,#6936,#6937);
#6935 = CARTESIAN_POINT('',(17.306410028454,-17.56120311731,
    41.619233388595));
#6936 = DIRECTION('',(-0.766044443119,-0.642787609687,0.));
#6937 = DIRECTION('',(0.,-0.,-1.));
#6938 = ADVANCED_FACE('',(#6939),#6951,.T.);
#6939 = FACE_BOUND('',#6940,.T.);
#6940 = EDGE_LOOP('',(#6941,#6942,#6949,#6950));
#6941 = ORIENTED_EDGE('',*,*,#6873,.F.);
#6942 = ORIENTED_EDGE('',*,*,#6943,.F.);
#6943 = EDGE_CURVE('',#6865,#6863,#6944,.T.);
#6944 = CIRCLE('',#6945,4.);
#6945 = AXIS2_PLACEMENT_3D('',#6946,#6947,#6948);
#6946 = CARTESIAN_POINT('',(18.072454471573,-16.91841550762,
    41.619233388595));
#6947 = DIRECTION('',(0.766044443119,0.642787609687,0.));
#6948 = DIRECTION('',(0.,-0.,-1.));
#6949 = ORIENTED_EDGE('',*,*,#6891,.T.);
#6950 = ORIENTED_EDGE('',*,*,#6907,.F.);
#6951 = TOROIDAL_SURFACE('',#6952,3.,1.);
#6952 = AXIS2_PLACEMENT_3D('',#6953,#6954,#6955);
#6953 = CARTESIAN_POINT('',(18.072454471573,-16.91841550762,
    41.619233388595));
#6954 = DIRECTION('',(-0.766044443119,-0.642787609687,0.));
#6955 = DIRECTION('',(0.,-0.,-1.));
#6956 = ADVANCED_FACE('',(#6957),#6985,.F.);
#6957 = FACE_BOUND('',#6958,.F.);
#6958 = EDGE_LOOP('',(#6959,#6960,#6967,#6976,#6983,#6984));
#6959 = ORIENTED_EDGE('',*,*,#6916,.F.);
#6960 = ORIENTED_EDGE('',*,*,#6961,.T.);
#6961 = EDGE_CURVE('',#6917,#6962,#6964,.T.);
#6962 = VERTEX_POINT('',#6963);
#6963 = CARTESIAN_POINT('',(19.298125580563,-15.88995533212,
    42.619233388595));
#6964 = B_SPLINE_CURVE_WITH_KNOTS('',1,(#6965,#6966),.UNSPECIFIED.,.F.,
  .F.,(2,2),(0.,2.6),.PIECEWISE_BEZIER_KNOTS.);
#6965 = CARTESIAN_POINT('',(17.306410028454,-17.56120311731,
    42.619233388595));
#6966 = CARTESIAN_POINT('',(19.298125580563,-15.88995533212,
    42.619233388595));
#6967 = ORIENTED_EDGE('',*,*,#6968,.T.);
#6968 = EDGE_CURVE('',#6962,#6969,#6971,.T.);
#6969 = VERTEX_POINT('',#6970);
#6970 = CARTESIAN_POINT('',(19.298125580563,-15.88995533212,
    40.619233388595));
#6971 = CIRCLE('',#6972,1.);
#6972 = AXIS2_PLACEMENT_3D('',#6973,#6974,#6975);
#6973 = CARTESIAN_POINT('',(19.298125580563,-15.88995533212,
    41.619233388595));
#6974 = DIRECTION('',(-0.766044443119,-0.642787609687,0.));
#6975 = DIRECTION('',(0.,-0.,-1.));
#6976 = ORIENTED_EDGE('',*,*,#6977,.T.);
#6977 = EDGE_CURVE('',#6969,#6962,#6978,.T.);
#6978 = CIRCLE('',#6979,1.);
#6979 = AXIS2_PLACEMENT_3D('',#6980,#6981,#6982);
#6980 = CARTESIAN_POINT('',(19.298125580563,-15.88995533212,
    41.619233388595));
#6981 = DIRECTION('',(-0.766044443119,-0.642787609687,0.));
#6982 = DIRECTION('',(0.,-0.,-1.));
#6983 = ORIENTED_EDGE('',*,*,#6961,.F.);
#6984 = ORIENTED_EDGE('',*,*,#6927,.F.);
#6985 = CYLINDRICAL_SURFACE('',#6986,1.);
#6986 = AXIS2_PLACEMENT_3D('',#6987,#6988,#6989);
#6987 = CARTESIAN_POINT('',(17.306410028454,-17.56120311731,
    41.619233388595));
#6988 = DIRECTION('',(0.766044443119,0.642787609687,-0.));
#6989 = DIRECTION('',(0.,0.,1.));
#6990 = ADVANCED_FACE('',(#6991),#7029,.T.);
#6991 = FACE_BOUND('',#6992,.T.);
#6992 = EDGE_LOOP('',(#6993,#7004,#7013,#7022));
#6993 = ORIENTED_EDGE('',*,*,#6994,.F.);
#6994 = EDGE_CURVE('',#6995,#6997,#6999,.T.);
#6995 = VERTEX_POINT('',#6996);
#6996 = CARTESIAN_POINT('',(19.298125580563,-15.88995533212,
    44.619233388595));
#6997 = VERTEX_POINT('',#6998);
#6998 = CARTESIAN_POINT('',(19.298125580563,-15.88995533212,
    38.619233388595));
#6999 = CIRCLE('',#7000,3.);
#7000 = AXIS2_PLACEMENT_3D('',#7001,#7002,#7003);
#7001 = CARTESIAN_POINT('',(19.298125580563,-15.88995533212,
    41.619233388595));
#7002 = DIRECTION('',(0.766044443119,0.642787609687,0.));
#7003 = DIRECTION('',(0.,-0.,-1.));
#7004 = ORIENTED_EDGE('',*,*,#7005,.T.);
#7005 = EDGE_CURVE('',#6995,#7006,#7008,.T.);
#7006 = VERTEX_POINT('',#7007);
#7007 = CARTESIAN_POINT('',(18.532081137444,-16.53274294181,
    45.619233388595));
#7008 = CIRCLE('',#7009,1.);
#7009 = AXIS2_PLACEMENT_3D('',#7010,#7011,#7012);
#7010 = CARTESIAN_POINT('',(18.532081137444,-16.53274294181,
    44.619233388595));
#7011 = DIRECTION('',(0.642787609687,-0.766044443119,-1.224646799147E-16
    ));
#7012 = DIRECTION('',(7.871877887342E-17,-9.381338752703E-17,1.));
#7013 = ORIENTED_EDGE('',*,*,#7014,.F.);
#7014 = EDGE_CURVE('',#7015,#7006,#7017,.T.);
#7015 = VERTEX_POINT('',#7016);
#7016 = CARTESIAN_POINT('',(18.532081137444,-16.53274294181,
    37.619233388595));
#7017 = CIRCLE('',#7018,4.);
#7018 = AXIS2_PLACEMENT_3D('',#7019,#7020,#7021);
#7019 = CARTESIAN_POINT('',(18.532081137444,-16.53274294181,
    41.619233388595));
#7020 = DIRECTION('',(-0.766044443119,-0.642787609687,0.));
#7021 = DIRECTION('',(0.,-0.,-1.));
#7022 = ORIENTED_EDGE('',*,*,#7023,.F.);
#7023 = EDGE_CURVE('',#6997,#7015,#7024,.T.);
#7024 = CIRCLE('',#7025,1.);
#7025 = AXIS2_PLACEMENT_3D('',#7026,#7027,#7028);
#7026 = CARTESIAN_POINT('',(18.532081137444,-16.53274294181,
    38.619233388595));
#7027 = DIRECTION('',(-0.642787609687,0.766044443119,-0.));
#7028 = DIRECTION('',(0.,-0.,-1.));
#7029 = TOROIDAL_SURFACE('',#7030,3.,1.);
#7030 = AXIS2_PLACEMENT_3D('',#7031,#7032,#7033);
#7031 = CARTESIAN_POINT('',(18.532081137444,-16.53274294181,
    41.619233388595));
#7032 = DIRECTION('',(-0.766044443119,-0.642787609687,0.));
#7033 = DIRECTION('',(0.,-0.,-1.));
#7034 = ADVANCED_FACE('',(#7035,#7045),#7049,.F.);
#7035 = FACE_BOUND('',#7036,.T.);
#7036 = EDGE_LOOP('',(#7037,#7044));
#7037 = ORIENTED_EDGE('',*,*,#7038,.T.);
#7038 = EDGE_CURVE('',#6997,#6995,#7039,.T.);
#7039 = CIRCLE('',#7040,3.);
#7040 = AXIS2_PLACEMENT_3D('',#7041,#7042,#7043);
#7041 = CARTESIAN_POINT('',(19.298125580563,-15.88995533212,
    41.619233388595));
#7042 = DIRECTION('',(0.766044443119,0.642787609687,0.));
#7043 = DIRECTION('',(0.,-0.,-1.));
#7044 = ORIENTED_EDGE('',*,*,#6994,.T.);
#7045 = FACE_BOUND('',#7046,.T.);
#7046 = EDGE_LOOP('',(#7047,#7048));
#7047 = ORIENTED_EDGE('',*,*,#6968,.T.);
#7048 = ORIENTED_EDGE('',*,*,#6977,.T.);
#7049 = PLANE('',#7050);
#7050 = AXIS2_PLACEMENT_3D('',#7051,#7052,#7053);
#7051 = CARTESIAN_POINT('',(19.298125580563,-15.88995533212,
    41.619233388595));
#7052 = DIRECTION('',(-0.766044443119,-0.642787609687,0.));
#7053 = DIRECTION('',(0.,-0.,-1.));
#7054 = ADVANCED_FACE('',(#7055),#7067,.T.);
#7055 = FACE_BOUND('',#7056,.T.);
#7056 = EDGE_LOOP('',(#7057,#7058,#7059,#7060));
#7057 = ORIENTED_EDGE('',*,*,#7005,.F.);
#7058 = ORIENTED_EDGE('',*,*,#7038,.F.);
#7059 = ORIENTED_EDGE('',*,*,#7023,.T.);
#7060 = ORIENTED_EDGE('',*,*,#7061,.F.);
#7061 = EDGE_CURVE('',#7006,#7015,#7062,.T.);
#7062 = CIRCLE('',#7063,4.);
#7063 = AXIS2_PLACEMENT_3D('',#7064,#7065,#7066);
#7064 = CARTESIAN_POINT('',(18.532081137444,-16.53274294181,
    41.619233388595));
#7065 = DIRECTION('',(-0.766044443119,-0.642787609687,0.));
#7066 = DIRECTION('',(0.,-0.,-1.));
#7067 = TOROIDAL_SURFACE('',#7068,3.,1.);
#7068 = AXIS2_PLACEMENT_3D('',#7069,#7070,#7071);
#7069 = CARTESIAN_POINT('',(18.532081137444,-16.53274294181,
    41.619233388595));
#7070 = DIRECTION('',(-0.766044443119,-0.642787609687,0.));
#7071 = DIRECTION('',(0.,-0.,-1.));
#7072 = ADVANCED_FACE('',(#7073),#7085,.T.);
#7073 = FACE_BOUND('',#7074,.T.);
#7074 = EDGE_LOOP('',(#7075,#7076,#7077,#7082,#7083,#7084));
#7075 = ORIENTED_EDGE('',*,*,#7061,.T.);
#7076 = ORIENTED_EDGE('',*,*,#7014,.T.);
#7077 = ORIENTED_EDGE('',*,*,#7078,.F.);
#7078 = EDGE_CURVE('',#6863,#7006,#7079,.T.);
#7079 = B_SPLINE_CURVE_WITH_KNOTS('',1,(#7080,#7081),.UNSPECIFIED.,.F.,
  .F.,(2,2),(1.,1.6),.PIECEWISE_BEZIER_KNOTS.);
#7080 = CARTESIAN_POINT('',(18.072454471573,-16.91841550762,
    45.619233388595));
#7081 = CARTESIAN_POINT('',(18.532081137444,-16.53274294181,
    45.619233388595));
#7082 = ORIENTED_EDGE('',*,*,#6862,.T.);
#7083 = ORIENTED_EDGE('',*,*,#6943,.T.);
#7084 = ORIENTED_EDGE('',*,*,#7078,.T.);
#7085 = CYLINDRICAL_SURFACE('',#7086,4.);
#7086 = AXIS2_PLACEMENT_3D('',#7087,#7088,#7089);
#7087 = CARTESIAN_POINT('',(17.306410028454,-17.56120311731,
    41.619233388595));
#7088 = DIRECTION('',(0.766044443119,0.642787609687,-0.));
#7089 = DIRECTION('',(0.,0.,1.));
#7090 = MANIFOLD_SOLID_BREP('',#7091);
#7091 = CLOSED_SHELL('',(#7092,#7136,#7172,#7190,#7224,#7268,#7288,#7306
    ));
#7092 = ADVANCED_FACE('',(#7093),#7131,.T.);
#7093 = FACE_BOUND('',#7094,.T.);
#7094 = EDGE_LOOP('',(#7095,#7106,#7115,#7124));
#7095 = ORIENTED_EDGE('',*,*,#7096,.F.);
#7096 = EDGE_CURVE('',#7097,#7099,#7101,.T.);
#7097 = VERTEX_POINT('',#7098);
#7098 = CARTESIAN_POINT('',(22.840261480564,-11.39845354035,
    45.619233388595));
#7099 = VERTEX_POINT('',#7100);
#7100 = CARTESIAN_POINT('',(22.840261480564,-11.39845354035,
    37.619233388595));
#7101 = CIRCLE('',#7102,4.);
#7102 = AXIS2_PLACEMENT_3D('',#7103,#7104,#7105);
#7103 = CARTESIAN_POINT('',(22.840261480564,-11.39845354035,
    41.619233388595));
#7104 = DIRECTION('',(0.5,0.866025403784,0.));
#7105 = DIRECTION('',(0.,-0.,-1.));
#7106 = ORIENTED_EDGE('',*,*,#7107,.T.);
#7107 = EDGE_CURVE('',#7097,#7108,#7110,.T.);
#7108 = VERTEX_POINT('',#7109);
#7109 = CARTESIAN_POINT('',(22.340261480564,-12.26447894413,
    44.619233388595));
#7110 = CIRCLE('',#7111,1.);
#7111 = AXIS2_PLACEMENT_3D('',#7112,#7113,#7114);
#7112 = CARTESIAN_POINT('',(22.840261480564,-11.39845354035,
    44.619233388595));
#7113 = DIRECTION('',(0.866025403784,-0.5,-1.224646799147E-16));
#7114 = DIRECTION('',(1.060575238725E-16,-6.123233995737E-17,1.));
#7115 = ORIENTED_EDGE('',*,*,#7116,.F.);
#7116 = EDGE_CURVE('',#7117,#7108,#7119,.T.);
#7117 = VERTEX_POINT('',#7118);
#7118 = CARTESIAN_POINT('',(22.340261480564,-12.26447894413,
    38.619233388595));
#7119 = CIRCLE('',#7120,3.);
#7120 = AXIS2_PLACEMENT_3D('',#7121,#7122,#7123);
#7121 = CARTESIAN_POINT('',(22.340261480564,-12.26447894413,
    41.619233388595));
#7122 = DIRECTION('',(-0.5,-0.866025403784,0.));
#7123 = DIRECTION('',(0.,-0.,-1.));
#7124 = ORIENTED_EDGE('',*,*,#7125,.F.);
#7125 = EDGE_CURVE('',#7099,#7117,#7126,.T.);
#7126 = CIRCLE('',#7127,1.);
#7127 = AXIS2_PLACEMENT_3D('',#7128,#7129,#7130);
#7128 = CARTESIAN_POINT('',(22.840261480564,-11.39845354035,
    38.619233388595));
#7129 = DIRECTION('',(-0.866025403784,0.5,-0.));
#7130 = DIRECTION('',(0.,-0.,-1.));
#7131 = TOROIDAL_SURFACE('',#7132,3.,1.);
#7132 = AXIS2_PLACEMENT_3D('',#7133,#7134,#7135);
#7133 = CARTESIAN_POINT('',(22.840261480564,-11.39845354035,
    41.619233388595));
#7134 = DIRECTION('',(-0.5,-0.866025403784,0.));
#7135 = DIRECTION('',(0.,-0.,-1.));
#7136 = ADVANCED_FACE('',(#7137,#7147),#7167,.T.);
#7137 = FACE_BOUND('',#7138,.T.);
#7138 = EDGE_LOOP('',(#7139,#7140));
#7139 = ORIENTED_EDGE('',*,*,#7116,.T.);
#7140 = ORIENTED_EDGE('',*,*,#7141,.T.);
#7141 = EDGE_CURVE('',#7108,#7117,#7142,.T.);
#7142 = CIRCLE('',#7143,3.);
#7143 = AXIS2_PLACEMENT_3D('',#7144,#7145,#7146);
#7144 = CARTESIAN_POINT('',(22.340261480564,-12.26447894413,
    41.619233388595));
#7145 = DIRECTION('',(-0.5,-0.866025403784,0.));
#7146 = DIRECTION('',(0.,-0.,-1.));
#7147 = FACE_BOUND('',#7148,.T.);
#7148 = EDGE_LOOP('',(#7149,#7160));
#7149 = ORIENTED_EDGE('',*,*,#7150,.F.);
#7150 = EDGE_CURVE('',#7151,#7153,#7155,.T.);
#7151 = VERTEX_POINT('',#7152);
#7152 = CARTESIAN_POINT('',(22.340261480564,-12.26447894413,
    42.619233388595));
#7153 = VERTEX_POINT('',#7154);
#7154 = CARTESIAN_POINT('',(22.340261480564,-12.26447894413,
    40.619233388595));
#7155 = CIRCLE('',#7156,1.);
#7156 = AXIS2_PLACEMENT_3D('',#7157,#7158,#7159);
#7157 = CARTESIAN_POINT('',(22.340261480564,-12.26447894413,
    41.619233388595));
#7158 = DIRECTION('',(-0.5,-0.866025403784,0.));
#7159 = DIRECTION('',(0.,-0.,-1.));
#7160 = ORIENTED_EDGE('',*,*,#7161,.F.);
#7161 = EDGE_CURVE('',#7153,#7151,#7162,.T.);
#7162 = CIRCLE('',#7163,1.);
#7163 = AXIS2_PLACEMENT_3D('',#7164,#7165,#7166);
#7164 = CARTESIAN_POINT('',(22.340261480564,-12.26447894413,
    41.619233388595));
#7165 = DIRECTION('',(-0.5,-0.866025403784,0.));
#7166 = DIRECTION('',(0.,-0.,-1.));
#7167 = PLANE('',#7168);
#7168 = AXIS2_PLACEMENT_3D('',#7169,#7170,#7171);
#7169 = CARTESIAN_POINT('',(22.340261480564,-12.26447894413,
    41.619233388595));
#7170 = DIRECTION('',(-0.5,-0.866025403784,0.));
#7171 = DIRECTION('',(0.,-0.,-1.));
#7172 = ADVANCED_FACE('',(#7173),#7185,.T.);
#7173 = FACE_BOUND('',#7174,.T.);
#7174 = EDGE_LOOP('',(#7175,#7176,#7183,#7184));
#7175 = ORIENTED_EDGE('',*,*,#7107,.F.);
#7176 = ORIENTED_EDGE('',*,*,#7177,.F.);
#7177 = EDGE_CURVE('',#7099,#7097,#7178,.T.);
#7178 = CIRCLE('',#7179,4.);
#7179 = AXIS2_PLACEMENT_3D('',#7180,#7181,#7182);
#7180 = CARTESIAN_POINT('',(22.840261480564,-11.39845354035,
    41.619233388595));
#7181 = DIRECTION('',(0.5,0.866025403784,0.));
#7182 = DIRECTION('',(0.,-0.,-1.));
#7183 = ORIENTED_EDGE('',*,*,#7125,.T.);
#7184 = ORIENTED_EDGE('',*,*,#7141,.F.);
#7185 = TOROIDAL_SURFACE('',#7186,3.,1.);
#7186 = AXIS2_PLACEMENT_3D('',#7187,#7188,#7189);
#7187 = CARTESIAN_POINT('',(22.840261480564,-11.39845354035,
    41.619233388595));
#7188 = DIRECTION('',(-0.5,-0.866025403784,0.));
#7189 = DIRECTION('',(0.,-0.,-1.));
#7190 = ADVANCED_FACE('',(#7191),#7219,.F.);
#7191 = FACE_BOUND('',#7192,.F.);
#7192 = EDGE_LOOP('',(#7193,#7194,#7201,#7210,#7217,#7218));
#7193 = ORIENTED_EDGE('',*,*,#7150,.F.);
#7194 = ORIENTED_EDGE('',*,*,#7195,.T.);
#7195 = EDGE_CURVE('',#7151,#7196,#7198,.T.);
#7196 = VERTEX_POINT('',#7197);
#7197 = CARTESIAN_POINT('',(23.640261480564,-10.0128128943,
    42.619233388595));
#7198 = B_SPLINE_CURVE_WITH_KNOTS('',1,(#7199,#7200),.UNSPECIFIED.,.F.,
  .F.,(2,2),(0.,2.6),.PIECEWISE_BEZIER_KNOTS.);
#7199 = CARTESIAN_POINT('',(22.340261480564,-12.26447894413,
    42.619233388595));
#7200 = CARTESIAN_POINT('',(23.640261480564,-10.0128128943,
    42.619233388595));
#7201 = ORIENTED_EDGE('',*,*,#7202,.T.);
#7202 = EDGE_CURVE('',#7196,#7203,#7205,.T.);
#7203 = VERTEX_POINT('',#7204);
#7204 = CARTESIAN_POINT('',(23.640261480564,-10.0128128943,
    40.619233388595));
#7205 = CIRCLE('',#7206,1.);
#7206 = AXIS2_PLACEMENT_3D('',#7207,#7208,#7209);
#7207 = CARTESIAN_POINT('',(23.640261480564,-10.0128128943,
    41.619233388595));
#7208 = DIRECTION('',(-0.5,-0.866025403784,0.));
#7209 = DIRECTION('',(0.,-0.,-1.));
#7210 = ORIENTED_EDGE('',*,*,#7211,.T.);
#7211 = EDGE_CURVE('',#7203,#7196,#7212,.T.);
#7212 = CIRCLE('',#7213,1.);
#7213 = AXIS2_PLACEMENT_3D('',#7214,#7215,#7216);
#7214 = CARTESIAN_POINT('',(23.640261480564,-10.0128128943,
    41.619233388595));
#7215 = DIRECTION('',(-0.5,-0.866025403784,0.));
#7216 = DIRECTION('',(0.,-0.,-1.));
#7217 = ORIENTED_EDGE('',*,*,#7195,.F.);
#7218 = ORIENTED_EDGE('',*,*,#7161,.F.);
#7219 = CYLINDRICAL_SURFACE('',#7220,1.);
#7220 = AXIS2_PLACEMENT_3D('',#7221,#7222,#7223);
#7221 = CARTESIAN_POINT('',(22.340261480564,-12.26447894413,
    41.619233388595));
#7222 = DIRECTION('',(0.5,0.866025403784,-0.));
#7223 = DIRECTION('',(0.,0.,1.));
#7224 = ADVANCED_FACE('',(#7225),#7263,.T.);
#7225 = FACE_BOUND('',#7226,.T.);
#7226 = EDGE_LOOP('',(#7227,#7238,#7247,#7256));
#7227 = ORIENTED_EDGE('',*,*,#7228,.F.);
#7228 = EDGE_CURVE('',#7229,#7231,#7233,.T.);
#7229 = VERTEX_POINT('',#7230);
#7230 = CARTESIAN_POINT('',(23.640261480564,-10.0128128943,
    44.619233388595));
#7231 = VERTEX_POINT('',#7232);
#7232 = CARTESIAN_POINT('',(23.640261480564,-10.0128128943,
    38.619233388595));
#7233 = CIRCLE('',#7234,3.);
#7234 = AXIS2_PLACEMENT_3D('',#7235,#7236,#7237);
#7235 = CARTESIAN_POINT('',(23.640261480564,-10.0128128943,
    41.619233388595));
#7236 = DIRECTION('',(0.5,0.866025403784,0.));
#7237 = DIRECTION('',(0.,-0.,-1.));
#7238 = ORIENTED_EDGE('',*,*,#7239,.T.);
#7239 = EDGE_CURVE('',#7229,#7240,#7242,.T.);
#7240 = VERTEX_POINT('',#7241);
#7241 = CARTESIAN_POINT('',(23.140261480564,-10.87883829808,
    45.619233388595));
#7242 = CIRCLE('',#7243,1.);
#7243 = AXIS2_PLACEMENT_3D('',#7244,#7245,#7246);
#7244 = CARTESIAN_POINT('',(23.140261480564,-10.87883829808,
    44.619233388595));
#7245 = DIRECTION('',(0.866025403784,-0.5,-1.224646799147E-16));
#7246 = DIRECTION('',(1.060575238725E-16,-6.123233995737E-17,1.));
#7247 = ORIENTED_EDGE('',*,*,#7248,.F.);
#7248 = EDGE_CURVE('',#7249,#7240,#7251,.T.);
#7249 = VERTEX_POINT('',#7250);
#7250 = CARTESIAN_POINT('',(23.140261480564,-10.87883829808,
    37.619233388595));
#7251 = CIRCLE('',#7252,4.);
#7252 = AXIS2_PLACEMENT_3D('',#7253,#7254,#7255);
#7253 = CARTESIAN_POINT('',(23.140261480564,-10.87883829808,
    41.619233388595));
#7254 = DIRECTION('',(-0.5,-0.866025403784,0.));
#7255 = DIRECTION('',(0.,-0.,-1.));
#7256 = ORIENTED_EDGE('',*,*,#7257,.F.);
#7257 = EDGE_CURVE('',#7231,#7249,#7258,.T.);
#7258 = CIRCLE('',#7259,1.);
#7259 = AXIS2_PLACEMENT_3D('',#7260,#7261,#7262);
#7260 = CARTESIAN_POINT('',(23.140261480564,-10.87883829808,
    38.619233388595));
#7261 = DIRECTION('',(-0.866025403784,0.5,-0.));
#7262 = DIRECTION('',(0.,-0.,-1.));
#7263 = TOROIDAL_SURFACE('',#7264,3.,1.);
#7264 = AXIS2_PLACEMENT_3D('',#7265,#7266,#7267);
#7265 = CARTESIAN_POINT('',(23.140261480564,-10.87883829808,
    41.619233388595));
#7266 = DIRECTION('',(-0.5,-0.866025403784,0.));
#7267 = DIRECTION('',(0.,-0.,-1.));
#7268 = ADVANCED_FACE('',(#7269,#7279),#7283,.F.);
#7269 = FACE_BOUND('',#7270,.T.);
#7270 = EDGE_LOOP('',(#7271,#7278));
#7271 = ORIENTED_EDGE('',*,*,#7272,.T.);
#7272 = EDGE_CURVE('',#7231,#7229,#7273,.T.);
#7273 = CIRCLE('',#7274,3.);
#7274 = AXIS2_PLACEMENT_3D('',#7275,#7276,#7277);
#7275 = CARTESIAN_POINT('',(23.640261480564,-10.0128128943,
    41.619233388595));
#7276 = DIRECTION('',(0.5,0.866025403784,0.));
#7277 = DIRECTION('',(0.,-0.,-1.));
#7278 = ORIENTED_EDGE('',*,*,#7228,.T.);
#7279 = FACE_BOUND('',#7280,.T.);
#7280 = EDGE_LOOP('',(#7281,#7282));
#7281 = ORIENTED_EDGE('',*,*,#7202,.T.);
#7282 = ORIENTED_EDGE('',*,*,#7211,.T.);
#7283 = PLANE('',#7284);
#7284 = AXIS2_PLACEMENT_3D('',#7285,#7286,#7287);
#7285 = CARTESIAN_POINT('',(23.640261480564,-10.0128128943,
    41.619233388595));
#7286 = DIRECTION('',(-0.5,-0.866025403784,0.));
#7287 = DIRECTION('',(0.,-0.,-1.));
#7288 = ADVANCED_FACE('',(#7289),#7301,.T.);
#7289 = FACE_BOUND('',#7290,.T.);
#7290 = EDGE_LOOP('',(#7291,#7292,#7293,#7294));
#7291 = ORIENTED_EDGE('',*,*,#7239,.F.);
#7292 = ORIENTED_EDGE('',*,*,#7272,.F.);
#7293 = ORIENTED_EDGE('',*,*,#7257,.T.);
#7294 = ORIENTED_EDGE('',*,*,#7295,.F.);
#7295 = EDGE_CURVE('',#7240,#7249,#7296,.T.);
#7296 = CIRCLE('',#7297,4.);
#7297 = AXIS2_PLACEMENT_3D('',#7298,#7299,#7300);
#7298 = CARTESIAN_POINT('',(23.140261480564,-10.87883829808,
    41.619233388595));
#7299 = DIRECTION('',(-0.5,-0.866025403784,0.));
#7300 = DIRECTION('',(0.,-0.,-1.));
#7301 = TOROIDAL_SURFACE('',#7302,3.,1.);
#7302 = AXIS2_PLACEMENT_3D('',#7303,#7304,#7305);
#7303 = CARTESIAN_POINT('',(23.140261480564,-10.87883829808,
    41.619233388595));
#7304 = DIRECTION('',(-0.5,-0.866025403784,0.));
#7305 = DIRECTION('',(0.,-0.,-1.));
#7306 = ADVANCED_FACE('',(#7307),#7319,.T.);
#7307 = FACE_BOUND('',#7308,.T.);
#7308 = EDGE_LOOP('',(#7309,#7310,#7311,#7316,#7317,#7318));
#7309 = ORIENTED_EDGE('',*,*,#7295,.T.);
#7310 = ORIENTED_EDGE('',*,*,#7248,.T.);
#7311 = ORIENTED_EDGE('',*,*,#7312,.F.);
#7312 = EDGE_CURVE('',#7097,#7240,#7313,.T.);
#7313 = B_SPLINE_CURVE_WITH_KNOTS('',1,(#7314,#7315),.UNSPECIFIED.,.F.,
  .F.,(2,2),(1.,1.6),.PIECEWISE_BEZIER_KNOTS.);
#7314 = CARTESIAN_POINT('',(22.840261480564,-11.39845354035,
    45.619233388595));
#7315 = CARTESIAN_POINT('',(23.140261480564,-10.87883829808,
    45.619233388595));
#7316 = ORIENTED_EDGE('',*,*,#7096,.T.);
#7317 = ORIENTED_EDGE('',*,*,#7177,.T.);
#7318 = ORIENTED_EDGE('',*,*,#7312,.T.);
#7319 = CYLINDRICAL_SURFACE('',#7320,4.);
#7320 = AXIS2_PLACEMENT_3D('',#7321,#7322,#7323);
#7321 = CARTESIAN_POINT('',(22.340261480564,-12.26447894413,
    41.619233388595));
#7322 = DIRECTION('',(0.5,0.866025403784,-0.));
#7323 = DIRECTION('',(0.,0.,1.));
#7324 = MANIFOLD_SOLID_BREP('',#7325);
#7325 = CLOSED_SHELL('',(#7326,#7370,#7406,#7424,#7458,#7502,#7522,#7540
    ));
#7326 = ADVANCED_FACE('',(#7327),#7365,.T.);
#7327 = FACE_BOUND('',#7328,.T.);
#7328 = EDGE_LOOP('',(#7329,#7340,#7349,#7358));
#7329 = ORIENTED_EDGE('',*,*,#7330,.F.);
#7330 = EDGE_CURVE('',#7331,#7333,#7335,.T.);
#7331 = VERTEX_POINT('',#7332);
#7332 = CARTESIAN_POINT('',(25.432596361047,-4.580699976129,
    45.619233388595));
#7333 = VERTEX_POINT('',#7334);
#7334 = CARTESIAN_POINT('',(25.432596361047,-4.580699976129,
    37.619233388595));
#7335 = CIRCLE('',#7336,4.);
#7336 = AXIS2_PLACEMENT_3D('',#7337,#7338,#7339);
#7337 = CARTESIAN_POINT('',(25.432596361047,-4.580699976129,
    41.619233388595));
#7338 = DIRECTION('',(0.173648177667,0.984807753012,0.));
#7339 = DIRECTION('',(0.,-0.,-1.));
#7340 = ORIENTED_EDGE('',*,*,#7341,.T.);
#7341 = EDGE_CURVE('',#7331,#7342,#7344,.T.);
#7342 = VERTEX_POINT('',#7343);
#7343 = CARTESIAN_POINT('',(25.25894818338,-5.565507729141,
    44.619233388595));
#7344 = CIRCLE('',#7345,1.);
#7345 = AXIS2_PLACEMENT_3D('',#7346,#7347,#7348);
#7346 = CARTESIAN_POINT('',(25.432596361047,-4.580699976129,
    44.619233388595));
#7347 = DIRECTION('',(0.984807753012,-0.173648177667,-1.224646799147E-16
    ));
#7348 = DIRECTION('',(1.206041662502E-16,-2.126576849576E-17,1.));
#7349 = ORIENTED_EDGE('',*,*,#7350,.F.);
#7350 = EDGE_CURVE('',#7351,#7342,#7353,.T.);
#7351 = VERTEX_POINT('',#7352);
#7352 = CARTESIAN_POINT('',(25.25894818338,-5.565507729141,
    38.619233388595));
#7353 = CIRCLE('',#7354,3.);
#7354 = AXIS2_PLACEMENT_3D('',#7355,#7356,#7357);
#7355 = CARTESIAN_POINT('',(25.25894818338,-5.565507729141,
    41.619233388595));
#7356 = DIRECTION('',(-0.173648177667,-0.984807753012,0.));
#7357 = DIRECTION('',(0.,-0.,-1.));
#7358 = ORIENTED_EDGE('',*,*,#7359,.F.);
#7359 = EDGE_CURVE('',#7333,#7351,#7360,.T.);
#7360 = CIRCLE('',#7361,1.);
#7361 = AXIS2_PLACEMENT_3D('',#7362,#7363,#7364);
#7362 = CARTESIAN_POINT('',(25.432596361047,-4.580699976129,
    38.619233388595));
#7363 = DIRECTION('',(-0.984807753012,0.173648177667,-0.));
#7364 = DIRECTION('',(0.,-0.,-1.));
#7365 = TOROIDAL_SURFACE('',#7366,3.,1.);
#7366 = AXIS2_PLACEMENT_3D('',#7367,#7368,#7369);
#7367 = CARTESIAN_POINT('',(25.432596361047,-4.580699976129,
    41.619233388595));
#7368 = DIRECTION('',(-0.173648177667,-0.984807753012,0.));
#7369 = DIRECTION('',(0.,-0.,-1.));
#7370 = ADVANCED_FACE('',(#7371,#7381),#7401,.T.);
#7371 = FACE_BOUND('',#7372,.T.);
#7372 = EDGE_LOOP('',(#7373,#7374));
#7373 = ORIENTED_EDGE('',*,*,#7350,.T.);
#7374 = ORIENTED_EDGE('',*,*,#7375,.T.);
#7375 = EDGE_CURVE('',#7342,#7351,#7376,.T.);
#7376 = CIRCLE('',#7377,3.);
#7377 = AXIS2_PLACEMENT_3D('',#7378,#7379,#7380);
#7378 = CARTESIAN_POINT('',(25.25894818338,-5.565507729141,
    41.619233388595));
#7379 = DIRECTION('',(-0.173648177667,-0.984807753012,0.));
#7380 = DIRECTION('',(0.,-0.,-1.));
#7381 = FACE_BOUND('',#7382,.T.);
#7382 = EDGE_LOOP('',(#7383,#7394));
#7383 = ORIENTED_EDGE('',*,*,#7384,.F.);
#7384 = EDGE_CURVE('',#7385,#7387,#7389,.T.);
#7385 = VERTEX_POINT('',#7386);
#7386 = CARTESIAN_POINT('',(25.25894818338,-5.565507729141,
    42.619233388595));
#7387 = VERTEX_POINT('',#7388);
#7388 = CARTESIAN_POINT('',(25.25894818338,-5.565507729141,
    40.619233388595));
#7389 = CIRCLE('',#7390,1.);
#7390 = AXIS2_PLACEMENT_3D('',#7391,#7392,#7393);
#7391 = CARTESIAN_POINT('',(25.25894818338,-5.565507729141,
    41.619233388595));
#7392 = DIRECTION('',(-0.173648177667,-0.984807753012,0.));
#7393 = DIRECTION('',(0.,-0.,-1.));
#7394 = ORIENTED_EDGE('',*,*,#7395,.F.);
#7395 = EDGE_CURVE('',#7387,#7385,#7396,.T.);
#7396 = CIRCLE('',#7397,1.);
#7397 = AXIS2_PLACEMENT_3D('',#7398,#7399,#7400);
#7398 = CARTESIAN_POINT('',(25.25894818338,-5.565507729141,
    41.619233388595));
#7399 = DIRECTION('',(-0.173648177667,-0.984807753012,0.));
#7400 = DIRECTION('',(0.,-0.,-1.));
#7401 = PLANE('',#7402);
#7402 = AXIS2_PLACEMENT_3D('',#7403,#7404,#7405);
#7403 = CARTESIAN_POINT('',(25.25894818338,-5.565507729141,
    41.619233388595));
#7404 = DIRECTION('',(-0.173648177667,-0.984807753012,0.));
#7405 = DIRECTION('',(0.,-0.,-1.));
#7406 = ADVANCED_FACE('',(#7407),#7419,.T.);
#7407 = FACE_BOUND('',#7408,.T.);
#7408 = EDGE_LOOP('',(#7409,#7410,#7417,#7418));
#7409 = ORIENTED_EDGE('',*,*,#7341,.F.);
#7410 = ORIENTED_EDGE('',*,*,#7411,.F.);
#7411 = EDGE_CURVE('',#7333,#7331,#7412,.T.);
#7412 = CIRCLE('',#7413,4.);
#7413 = AXIS2_PLACEMENT_3D('',#7414,#7415,#7416);
#7414 = CARTESIAN_POINT('',(25.432596361047,-4.580699976129,
    41.619233388595));
#7415 = DIRECTION('',(0.173648177667,0.984807753012,0.));
#7416 = DIRECTION('',(0.,-0.,-1.));
#7417 = ORIENTED_EDGE('',*,*,#7359,.T.);
#7418 = ORIENTED_EDGE('',*,*,#7375,.F.);
#7419 = TOROIDAL_SURFACE('',#7420,3.,1.);
#7420 = AXIS2_PLACEMENT_3D('',#7421,#7422,#7423);
#7421 = CARTESIAN_POINT('',(25.432596361047,-4.580699976129,
    41.619233388595));
#7422 = DIRECTION('',(-0.173648177667,-0.984807753012,0.));
#7423 = DIRECTION('',(0.,-0.,-1.));
#7424 = ADVANCED_FACE('',(#7425),#7453,.F.);
#7425 = FACE_BOUND('',#7426,.F.);
#7426 = EDGE_LOOP('',(#7427,#7428,#7435,#7444,#7451,#7452));
#7427 = ORIENTED_EDGE('',*,*,#7384,.F.);
#7428 = ORIENTED_EDGE('',*,*,#7429,.T.);
#7429 = EDGE_CURVE('',#7385,#7430,#7432,.T.);
#7430 = VERTEX_POINT('',#7431);
#7431 = CARTESIAN_POINT('',(25.710433445314,-3.005007571309,
    42.619233388595));
#7432 = B_SPLINE_CURVE_WITH_KNOTS('',1,(#7433,#7434),.UNSPECIFIED.,.F.,
  .F.,(2,2),(0.,2.6),.PIECEWISE_BEZIER_KNOTS.);
#7433 = CARTESIAN_POINT('',(25.25894818338,-5.565507729141,
    42.619233388595));
#7434 = CARTESIAN_POINT('',(25.710433445314,-3.005007571309,
    42.619233388595));
#7435 = ORIENTED_EDGE('',*,*,#7436,.T.);
#7436 = EDGE_CURVE('',#7430,#7437,#7439,.T.);
#7437 = VERTEX_POINT('',#7438);
#7438 = CARTESIAN_POINT('',(25.710433445314,-3.005007571309,
    40.619233388595));
#7439 = CIRCLE('',#7440,1.);
#7440 = AXIS2_PLACEMENT_3D('',#7441,#7442,#7443);
#7441 = CARTESIAN_POINT('',(25.710433445314,-3.005007571309,
    41.619233388595));
#7442 = DIRECTION('',(-0.173648177667,-0.984807753012,0.));
#7443 = DIRECTION('',(0.,-0.,-1.));
#7444 = ORIENTED_EDGE('',*,*,#7445,.T.);
#7445 = EDGE_CURVE('',#7437,#7430,#7446,.T.);
#7446 = CIRCLE('',#7447,1.);
#7447 = AXIS2_PLACEMENT_3D('',#7448,#7449,#7450);
#7448 = CARTESIAN_POINT('',(25.710433445314,-3.005007571309,
    41.619233388595));
#7449 = DIRECTION('',(-0.173648177667,-0.984807753012,0.));
#7450 = DIRECTION('',(0.,-0.,-1.));
#7451 = ORIENTED_EDGE('',*,*,#7429,.F.);
#7452 = ORIENTED_EDGE('',*,*,#7395,.F.);
#7453 = CYLINDRICAL_SURFACE('',#7454,1.);
#7454 = AXIS2_PLACEMENT_3D('',#7455,#7456,#7457);
#7455 = CARTESIAN_POINT('',(25.25894818338,-5.565507729141,
    41.619233388595));
#7456 = DIRECTION('',(0.173648177667,0.984807753012,-0.));
#7457 = DIRECTION('',(0.,0.,1.));
#7458 = ADVANCED_FACE('',(#7459),#7497,.T.);
#7459 = FACE_BOUND('',#7460,.T.);
#7460 = EDGE_LOOP('',(#7461,#7472,#7481,#7490));
#7461 = ORIENTED_EDGE('',*,*,#7462,.F.);
#7462 = EDGE_CURVE('',#7463,#7465,#7467,.T.);
#7463 = VERTEX_POINT('',#7464);
#7464 = CARTESIAN_POINT('',(25.710433445314,-3.005007571309,
    44.619233388595));
#7465 = VERTEX_POINT('',#7466);
#7466 = CARTESIAN_POINT('',(25.710433445314,-3.005007571309,
    38.619233388595));
#7467 = CIRCLE('',#7468,3.);
#7468 = AXIS2_PLACEMENT_3D('',#7469,#7470,#7471);
#7469 = CARTESIAN_POINT('',(25.710433445314,-3.005007571309,
    41.619233388595));
#7470 = DIRECTION('',(0.173648177667,0.984807753012,0.));
#7471 = DIRECTION('',(0.,-0.,-1.));
#7472 = ORIENTED_EDGE('',*,*,#7473,.T.);
#7473 = EDGE_CURVE('',#7463,#7474,#7476,.T.);
#7474 = VERTEX_POINT('',#7475);
#7475 = CARTESIAN_POINT('',(25.536785267647,-3.989815324322,
    45.619233388595));
#7476 = CIRCLE('',#7477,1.);
#7477 = AXIS2_PLACEMENT_3D('',#7478,#7479,#7480);
#7478 = CARTESIAN_POINT('',(25.536785267647,-3.989815324322,
    44.619233388595));
#7479 = DIRECTION('',(0.984807753012,-0.173648177667,-1.224646799147E-16
    ));
#7480 = DIRECTION('',(1.206041662502E-16,-2.126576849576E-17,1.));
#7481 = ORIENTED_EDGE('',*,*,#7482,.F.);
#7482 = EDGE_CURVE('',#7483,#7474,#7485,.T.);
#7483 = VERTEX_POINT('',#7484);
#7484 = CARTESIAN_POINT('',(25.536785267647,-3.989815324322,
    37.619233388595));
#7485 = CIRCLE('',#7486,4.);
#7486 = AXIS2_PLACEMENT_3D('',#7487,#7488,#7489);
#7487 = CARTESIAN_POINT('',(25.536785267647,-3.989815324322,
    41.619233388595));
#7488 = DIRECTION('',(-0.173648177667,-0.984807753012,0.));
#7489 = DIRECTION('',(0.,-0.,-1.));
#7490 = ORIENTED_EDGE('',*,*,#7491,.F.);
#7491 = EDGE_CURVE('',#7465,#7483,#7492,.T.);
#7492 = CIRCLE('',#7493,1.);
#7493 = AXIS2_PLACEMENT_3D('',#7494,#7495,#7496);
#7494 = CARTESIAN_POINT('',(25.536785267647,-3.989815324322,
    38.619233388595));
#7495 = DIRECTION('',(-0.984807753012,0.173648177667,-0.));
#7496 = DIRECTION('',(0.,-0.,-1.));
#7497 = TOROIDAL_SURFACE('',#7498,3.,1.);
#7498 = AXIS2_PLACEMENT_3D('',#7499,#7500,#7501);
#7499 = CARTESIAN_POINT('',(25.536785267647,-3.989815324322,
    41.619233388595));
#7500 = DIRECTION('',(-0.173648177667,-0.984807753012,0.));
#7501 = DIRECTION('',(0.,-0.,-1.));
#7502 = ADVANCED_FACE('',(#7503,#7513),#7517,.F.);
#7503 = FACE_BOUND('',#7504,.T.);
#7504 = EDGE_LOOP('',(#7505,#7512));
#7505 = ORIENTED_EDGE('',*,*,#7506,.T.);
#7506 = EDGE_CURVE('',#7465,#7463,#7507,.T.);
#7507 = CIRCLE('',#7508,3.);
#7508 = AXIS2_PLACEMENT_3D('',#7509,#7510,#7511);
#7509 = CARTESIAN_POINT('',(25.710433445314,-3.005007571309,
    41.619233388595));
#7510 = DIRECTION('',(0.173648177667,0.984807753012,0.));
#7511 = DIRECTION('',(0.,-0.,-1.));
#7512 = ORIENTED_EDGE('',*,*,#7462,.T.);
#7513 = FACE_BOUND('',#7514,.T.);
#7514 = EDGE_LOOP('',(#7515,#7516));
#7515 = ORIENTED_EDGE('',*,*,#7436,.T.);
#7516 = ORIENTED_EDGE('',*,*,#7445,.T.);
#7517 = PLANE('',#7518);
#7518 = AXIS2_PLACEMENT_3D('',#7519,#7520,#7521);
#7519 = CARTESIAN_POINT('',(25.710433445314,-3.005007571309,
    41.619233388595));
#7520 = DIRECTION('',(-0.173648177667,-0.984807753012,0.));
#7521 = DIRECTION('',(0.,-0.,-1.));
#7522 = ADVANCED_FACE('',(#7523),#7535,.T.);
#7523 = FACE_BOUND('',#7524,.T.);
#7524 = EDGE_LOOP('',(#7525,#7526,#7527,#7528));
#7525 = ORIENTED_EDGE('',*,*,#7473,.F.);
#7526 = ORIENTED_EDGE('',*,*,#7506,.F.);
#7527 = ORIENTED_EDGE('',*,*,#7491,.T.);
#7528 = ORIENTED_EDGE('',*,*,#7529,.F.);
#7529 = EDGE_CURVE('',#7474,#7483,#7530,.T.);
#7530 = CIRCLE('',#7531,4.);
#7531 = AXIS2_PLACEMENT_3D('',#7532,#7533,#7534);
#7532 = CARTESIAN_POINT('',(25.536785267647,-3.989815324322,
    41.619233388595));
#7533 = DIRECTION('',(-0.173648177667,-0.984807753012,0.));
#7534 = DIRECTION('',(0.,-0.,-1.));
#7535 = TOROIDAL_SURFACE('',#7536,3.,1.);
#7536 = AXIS2_PLACEMENT_3D('',#7537,#7538,#7539);
#7537 = CARTESIAN_POINT('',(25.536785267647,-3.989815324322,
    41.619233388595));
#7538 = DIRECTION('',(-0.173648177667,-0.984807753012,0.));
#7539 = DIRECTION('',(0.,-0.,-1.));
#7540 = ADVANCED_FACE('',(#7541),#7553,.T.);
#7541 = FACE_BOUND('',#7542,.T.);
#7542 = EDGE_LOOP('',(#7543,#7544,#7545,#7550,#7551,#7552));
#7543 = ORIENTED_EDGE('',*,*,#7529,.T.);
#7544 = ORIENTED_EDGE('',*,*,#7482,.T.);
#7545 = ORIENTED_EDGE('',*,*,#7546,.F.);
#7546 = EDGE_CURVE('',#7331,#7474,#7547,.T.);
#7547 = B_SPLINE_CURVE_WITH_KNOTS('',1,(#7548,#7549),.UNSPECIFIED.,.F.,
  .F.,(2,2),(1.,1.6),.PIECEWISE_BEZIER_KNOTS.);
#7548 = CARTESIAN_POINT('',(25.432596361047,-4.580699976129,
    45.619233388595));
#7549 = CARTESIAN_POINT('',(25.536785267647,-3.989815324322,
    45.619233388595));
#7550 = ORIENTED_EDGE('',*,*,#7330,.T.);
#7551 = ORIENTED_EDGE('',*,*,#7411,.T.);
#7552 = ORIENTED_EDGE('',*,*,#7546,.T.);
#7553 = CYLINDRICAL_SURFACE('',#7554,4.);
#7554 = AXIS2_PLACEMENT_3D('',#7555,#7556,#7557);
#7555 = CARTESIAN_POINT('',(25.25894818338,-5.565507729141,
    41.619233388595));
#7556 = DIRECTION('',(0.173648177667,0.984807753012,-0.));
#7557 = DIRECTION('',(0.,0.,1.));
#7558 = MANIFOLD_SOLID_BREP('',#7559);
#7559 = CLOSED_SHELL('',(#7560,#7604,#7640,#7658,#7692,#7736,#7756,#7774
    ));
#7560 = ADVANCED_FACE('',(#7561),#7599,.T.);
#7561 = FACE_BOUND('',#7562,.T.);
#7562 = EDGE_LOOP('',(#7563,#7574,#7583,#7592));
#7563 = ORIENTED_EDGE('',*,*,#7564,.F.);
#7564 = EDGE_CURVE('',#7565,#7567,#7569,.T.);
#7565 = VERTEX_POINT('',#7566);
#7566 = CARTESIAN_POINT('',(25.536785267647,2.712523485882,
    45.619233388595));
#7567 = VERTEX_POINT('',#7568);
#7568 = CARTESIAN_POINT('',(25.536785267647,2.712523485882,
    37.619233388595));
#7569 = CIRCLE('',#7570,4.);
#7570 = AXIS2_PLACEMENT_3D('',#7571,#7572,#7573);
#7571 = CARTESIAN_POINT('',(25.536785267647,2.712523485882,
    41.619233388595));
#7572 = DIRECTION('',(-0.173648177667,0.984807753012,0.));
#7573 = DIRECTION('',(0.,0.,-1.));
#7574 = ORIENTED_EDGE('',*,*,#7575,.T.);
#7575 = EDGE_CURVE('',#7565,#7576,#7578,.T.);
#7576 = VERTEX_POINT('',#7577);
#7577 = CARTESIAN_POINT('',(25.710433445314,1.72771573287,
    44.619233388595));
#7578 = CIRCLE('',#7579,1.);
#7579 = AXIS2_PLACEMENT_3D('',#7580,#7581,#7582);
#7580 = CARTESIAN_POINT('',(25.536785267647,2.712523485882,
    44.619233388595));
#7581 = DIRECTION('',(0.984807753012,0.173648177667,-1.224646799147E-16)
  );
#7582 = DIRECTION('',(1.206041662502E-16,2.126576849576E-17,1.));
#7583 = ORIENTED_EDGE('',*,*,#7584,.F.);
#7584 = EDGE_CURVE('',#7585,#7576,#7587,.T.);
#7585 = VERTEX_POINT('',#7586);
#7586 = CARTESIAN_POINT('',(25.710433445314,1.72771573287,
    38.619233388595));
#7587 = CIRCLE('',#7588,3.);
#7588 = AXIS2_PLACEMENT_3D('',#7589,#7590,#7591);
#7589 = CARTESIAN_POINT('',(25.710433445314,1.72771573287,
    41.619233388595));
#7590 = DIRECTION('',(0.173648177667,-0.984807753012,0.));
#7591 = DIRECTION('',(0.,0.,-1.));
#7592 = ORIENTED_EDGE('',*,*,#7593,.F.);
#7593 = EDGE_CURVE('',#7567,#7585,#7594,.T.);
#7594 = CIRCLE('',#7595,1.);
#7595 = AXIS2_PLACEMENT_3D('',#7596,#7597,#7598);
#7596 = CARTESIAN_POINT('',(25.536785267647,2.712523485882,
    38.619233388595));
#7597 = DIRECTION('',(-0.984807753012,-0.173648177667,-0.));
#7598 = DIRECTION('',(0.,0.,-1.));
#7599 = TOROIDAL_SURFACE('',#7600,3.,1.);
#7600 = AXIS2_PLACEMENT_3D('',#7601,#7602,#7603);
#7601 = CARTESIAN_POINT('',(25.536785267647,2.712523485882,
    41.619233388595));
#7602 = DIRECTION('',(0.173648177667,-0.984807753012,0.));
#7603 = DIRECTION('',(0.,0.,-1.));
#7604 = ADVANCED_FACE('',(#7605,#7615),#7635,.T.);
#7605 = FACE_BOUND('',#7606,.T.);
#7606 = EDGE_LOOP('',(#7607,#7608));
#7607 = ORIENTED_EDGE('',*,*,#7584,.T.);
#7608 = ORIENTED_EDGE('',*,*,#7609,.T.);
#7609 = EDGE_CURVE('',#7576,#7585,#7610,.T.);
#7610 = CIRCLE('',#7611,3.);
#7611 = AXIS2_PLACEMENT_3D('',#7612,#7613,#7614);
#7612 = CARTESIAN_POINT('',(25.710433445314,1.72771573287,
    41.619233388595));
#7613 = DIRECTION('',(0.173648177667,-0.984807753012,0.));
#7614 = DIRECTION('',(0.,0.,-1.));
#7615 = FACE_BOUND('',#7616,.T.);
#7616 = EDGE_LOOP('',(#7617,#7628));
#7617 = ORIENTED_EDGE('',*,*,#7618,.F.);
#7618 = EDGE_CURVE('',#7619,#7621,#7623,.T.);
#7619 = VERTEX_POINT('',#7620);
#7620 = CARTESIAN_POINT('',(25.710433445314,1.72771573287,
    42.619233388595));
#7621 = VERTEX_POINT('',#7622);
#7622 = CARTESIAN_POINT('',(25.710433445314,1.72771573287,
    40.619233388595));
#7623 = CIRCLE('',#7624,1.);
#7624 = AXIS2_PLACEMENT_3D('',#7625,#7626,#7627);
#7625 = CARTESIAN_POINT('',(25.710433445314,1.72771573287,
    41.619233388595));
#7626 = DIRECTION('',(0.173648177667,-0.984807753012,0.));
#7627 = DIRECTION('',(0.,0.,-1.));
#7628 = ORIENTED_EDGE('',*,*,#7629,.F.);
#7629 = EDGE_CURVE('',#7621,#7619,#7630,.T.);
#7630 = CIRCLE('',#7631,1.);
#7631 = AXIS2_PLACEMENT_3D('',#7632,#7633,#7634);
#7632 = CARTESIAN_POINT('',(25.710433445314,1.72771573287,
    41.619233388595));
#7633 = DIRECTION('',(0.173648177667,-0.984807753012,0.));
#7634 = DIRECTION('',(0.,0.,-1.));
#7635 = PLANE('',#7636);
#7636 = AXIS2_PLACEMENT_3D('',#7637,#7638,#7639);
#7637 = CARTESIAN_POINT('',(25.710433445314,1.72771573287,
    41.619233388595));
#7638 = DIRECTION('',(0.173648177667,-0.984807753012,0.));
#7639 = DIRECTION('',(0.,0.,-1.));
#7640 = ADVANCED_FACE('',(#7641),#7653,.T.);
#7641 = FACE_BOUND('',#7642,.T.);
#7642 = EDGE_LOOP('',(#7643,#7644,#7651,#7652));
#7643 = ORIENTED_EDGE('',*,*,#7575,.F.);
#7644 = ORIENTED_EDGE('',*,*,#7645,.F.);
#7645 = EDGE_CURVE('',#7567,#7565,#7646,.T.);
#7646 = CIRCLE('',#7647,4.);
#7647 = AXIS2_PLACEMENT_3D('',#7648,#7649,#7650);
#7648 = CARTESIAN_POINT('',(25.536785267647,2.712523485882,
    41.619233388595));
#7649 = DIRECTION('',(-0.173648177667,0.984807753012,0.));
#7650 = DIRECTION('',(0.,0.,-1.));
#7651 = ORIENTED_EDGE('',*,*,#7593,.T.);
#7652 = ORIENTED_EDGE('',*,*,#7609,.F.);
#7653 = TOROIDAL_SURFACE('',#7654,3.,1.);
#7654 = AXIS2_PLACEMENT_3D('',#7655,#7656,#7657);
#7655 = CARTESIAN_POINT('',(25.536785267647,2.712523485882,
    41.619233388595));
#7656 = DIRECTION('',(0.173648177667,-0.984807753012,0.));
#7657 = DIRECTION('',(0.,0.,-1.));
#7658 = ADVANCED_FACE('',(#7659),#7687,.F.);
#7659 = FACE_BOUND('',#7660,.F.);
#7660 = EDGE_LOOP('',(#7661,#7662,#7669,#7678,#7685,#7686));
#7661 = ORIENTED_EDGE('',*,*,#7618,.F.);
#7662 = ORIENTED_EDGE('',*,*,#7663,.T.);
#7663 = EDGE_CURVE('',#7619,#7664,#7666,.T.);
#7664 = VERTEX_POINT('',#7665);
#7665 = CARTESIAN_POINT('',(25.25894818338,4.288215890702,
    42.619233388595));
#7666 = B_SPLINE_CURVE_WITH_KNOTS('',1,(#7667,#7668),.UNSPECIFIED.,.F.,
  .F.,(2,2),(0.,2.6),.PIECEWISE_BEZIER_KNOTS.);
#7667 = CARTESIAN_POINT('',(25.710433445314,1.72771573287,
    42.619233388595));
#7668 = CARTESIAN_POINT('',(25.25894818338,4.288215890702,
    42.619233388595));
#7669 = ORIENTED_EDGE('',*,*,#7670,.T.);
#7670 = EDGE_CURVE('',#7664,#7671,#7673,.T.);
#7671 = VERTEX_POINT('',#7672);
#7672 = CARTESIAN_POINT('',(25.25894818338,4.288215890702,
    40.619233388595));
#7673 = CIRCLE('',#7674,1.);
#7674 = AXIS2_PLACEMENT_3D('',#7675,#7676,#7677);
#7675 = CARTESIAN_POINT('',(25.25894818338,4.288215890702,
    41.619233388595));
#7676 = DIRECTION('',(0.173648177667,-0.984807753012,0.));
#7677 = DIRECTION('',(0.,0.,-1.));
#7678 = ORIENTED_EDGE('',*,*,#7679,.T.);
#7679 = EDGE_CURVE('',#7671,#7664,#7680,.T.);
#7680 = CIRCLE('',#7681,1.);
#7681 = AXIS2_PLACEMENT_3D('',#7682,#7683,#7684);
#7682 = CARTESIAN_POINT('',(25.25894818338,4.288215890702,
    41.619233388595));
#7683 = DIRECTION('',(0.173648177667,-0.984807753012,0.));
#7684 = DIRECTION('',(0.,0.,-1.));
#7685 = ORIENTED_EDGE('',*,*,#7663,.F.);
#7686 = ORIENTED_EDGE('',*,*,#7629,.F.);
#7687 = CYLINDRICAL_SURFACE('',#7688,1.);
#7688 = AXIS2_PLACEMENT_3D('',#7689,#7690,#7691);
#7689 = CARTESIAN_POINT('',(25.710433445314,1.72771573287,
    41.619233388595));
#7690 = DIRECTION('',(-0.173648177667,0.984807753012,-0.));
#7691 = DIRECTION('',(0.,0.,1.));
#7692 = ADVANCED_FACE('',(#7693),#7731,.T.);
#7693 = FACE_BOUND('',#7694,.T.);
#7694 = EDGE_LOOP('',(#7695,#7706,#7715,#7724));
#7695 = ORIENTED_EDGE('',*,*,#7696,.F.);
#7696 = EDGE_CURVE('',#7697,#7699,#7701,.T.);
#7697 = VERTEX_POINT('',#7698);
#7698 = CARTESIAN_POINT('',(25.25894818338,4.288215890702,
    44.619233388595));
#7699 = VERTEX_POINT('',#7700);
#7700 = CARTESIAN_POINT('',(25.25894818338,4.288215890702,
    38.619233388595));
#7701 = CIRCLE('',#7702,3.);
#7702 = AXIS2_PLACEMENT_3D('',#7703,#7704,#7705);
#7703 = CARTESIAN_POINT('',(25.25894818338,4.288215890702,
    41.619233388595));
#7704 = DIRECTION('',(-0.173648177667,0.984807753012,0.));
#7705 = DIRECTION('',(0.,0.,-1.));
#7706 = ORIENTED_EDGE('',*,*,#7707,.T.);
#7707 = EDGE_CURVE('',#7697,#7708,#7710,.T.);
#7708 = VERTEX_POINT('',#7709);
#7709 = CARTESIAN_POINT('',(25.432596361047,3.30340813769,
    45.619233388595));
#7710 = CIRCLE('',#7711,1.);
#7711 = AXIS2_PLACEMENT_3D('',#7712,#7713,#7714);
#7712 = CARTESIAN_POINT('',(25.432596361047,3.30340813769,
    44.619233388595));
#7713 = DIRECTION('',(0.984807753012,0.173648177667,-1.224646799147E-16)
  );
#7714 = DIRECTION('',(1.206041662502E-16,2.126576849576E-17,1.));
#7715 = ORIENTED_EDGE('',*,*,#7716,.F.);
#7716 = EDGE_CURVE('',#7717,#7708,#7719,.T.);
#7717 = VERTEX_POINT('',#7718);
#7718 = CARTESIAN_POINT('',(25.432596361047,3.30340813769,
    37.619233388595));
#7719 = CIRCLE('',#7720,4.);
#7720 = AXIS2_PLACEMENT_3D('',#7721,#7722,#7723);
#7721 = CARTESIAN_POINT('',(25.432596361047,3.30340813769,
    41.619233388595));
#7722 = DIRECTION('',(0.173648177667,-0.984807753012,0.));
#7723 = DIRECTION('',(0.,0.,-1.));
#7724 = ORIENTED_EDGE('',*,*,#7725,.F.);
#7725 = EDGE_CURVE('',#7699,#7717,#7726,.T.);
#7726 = CIRCLE('',#7727,1.);
#7727 = AXIS2_PLACEMENT_3D('',#7728,#7729,#7730);
#7728 = CARTESIAN_POINT('',(25.432596361047,3.30340813769,
    38.619233388595));
#7729 = DIRECTION('',(-0.984807753012,-0.173648177667,-0.));
#7730 = DIRECTION('',(0.,0.,-1.));
#7731 = TOROIDAL_SURFACE('',#7732,3.,1.);
#7732 = AXIS2_PLACEMENT_3D('',#7733,#7734,#7735);
#7733 = CARTESIAN_POINT('',(25.432596361047,3.30340813769,
    41.619233388595));
#7734 = DIRECTION('',(0.173648177667,-0.984807753012,0.));
#7735 = DIRECTION('',(0.,0.,-1.));
#7736 = ADVANCED_FACE('',(#7737,#7747),#7751,.F.);
#7737 = FACE_BOUND('',#7738,.T.);
#7738 = EDGE_LOOP('',(#7739,#7746));
#7739 = ORIENTED_EDGE('',*,*,#7740,.T.);
#7740 = EDGE_CURVE('',#7699,#7697,#7741,.T.);
#7741 = CIRCLE('',#7742,3.);
#7742 = AXIS2_PLACEMENT_3D('',#7743,#7744,#7745);
#7743 = CARTESIAN_POINT('',(25.25894818338,4.288215890702,
    41.619233388595));
#7744 = DIRECTION('',(-0.173648177667,0.984807753012,0.));
#7745 = DIRECTION('',(0.,0.,-1.));
#7746 = ORIENTED_EDGE('',*,*,#7696,.T.);
#7747 = FACE_BOUND('',#7748,.T.);
#7748 = EDGE_LOOP('',(#7749,#7750));
#7749 = ORIENTED_EDGE('',*,*,#7670,.T.);
#7750 = ORIENTED_EDGE('',*,*,#7679,.T.);
#7751 = PLANE('',#7752);
#7752 = AXIS2_PLACEMENT_3D('',#7753,#7754,#7755);
#7753 = CARTESIAN_POINT('',(25.25894818338,4.288215890702,
    41.619233388595));
#7754 = DIRECTION('',(0.173648177667,-0.984807753012,0.));
#7755 = DIRECTION('',(0.,0.,-1.));
#7756 = ADVANCED_FACE('',(#7757),#7769,.T.);
#7757 = FACE_BOUND('',#7758,.T.);
#7758 = EDGE_LOOP('',(#7759,#7760,#7761,#7762));
#7759 = ORIENTED_EDGE('',*,*,#7707,.F.);
#7760 = ORIENTED_EDGE('',*,*,#7740,.F.);
#7761 = ORIENTED_EDGE('',*,*,#7725,.T.);
#7762 = ORIENTED_EDGE('',*,*,#7763,.F.);
#7763 = EDGE_CURVE('',#7708,#7717,#7764,.T.);
#7764 = CIRCLE('',#7765,4.);
#7765 = AXIS2_PLACEMENT_3D('',#7766,#7767,#7768);
#7766 = CARTESIAN_POINT('',(25.432596361047,3.30340813769,
    41.619233388595));
#7767 = DIRECTION('',(0.173648177667,-0.984807753012,0.));
#7768 = DIRECTION('',(0.,0.,-1.));
#7769 = TOROIDAL_SURFACE('',#7770,3.,1.);
#7770 = AXIS2_PLACEMENT_3D('',#7771,#7772,#7773);
#7771 = CARTESIAN_POINT('',(25.432596361047,3.30340813769,
    41.619233388595));
#7772 = DIRECTION('',(0.173648177667,-0.984807753012,0.));
#7773 = DIRECTION('',(0.,0.,-1.));
#7774 = ADVANCED_FACE('',(#7775),#7787,.T.);
#7775 = FACE_BOUND('',#7776,.T.);
#7776 = EDGE_LOOP('',(#7777,#7778,#7779,#7784,#7785,#7786));
#7777 = ORIENTED_EDGE('',*,*,#7763,.T.);
#7778 = ORIENTED_EDGE('',*,*,#7716,.T.);
#7779 = ORIENTED_EDGE('',*,*,#7780,.F.);
#7780 = EDGE_CURVE('',#7565,#7708,#7781,.T.);
#7781 = B_SPLINE_CURVE_WITH_KNOTS('',1,(#7782,#7783),.UNSPECIFIED.,.F.,
  .F.,(2,2),(1.,1.6),.PIECEWISE_BEZIER_KNOTS.);
#7782 = CARTESIAN_POINT('',(25.536785267647,2.712523485882,
    45.619233388595));
#7783 = CARTESIAN_POINT('',(25.432596361047,3.30340813769,
    45.619233388595));
#7784 = ORIENTED_EDGE('',*,*,#7564,.T.);
#7785 = ORIENTED_EDGE('',*,*,#7645,.T.);
#7786 = ORIENTED_EDGE('',*,*,#7780,.T.);
#7787 = CYLINDRICAL_SURFACE('',#7788,4.);
#7788 = AXIS2_PLACEMENT_3D('',#7789,#7790,#7791);
#7789 = CARTESIAN_POINT('',(25.710433445314,1.72771573287,
    41.619233388595));
#7790 = DIRECTION('',(-0.173648177667,0.984807753012,-0.));
#7791 = DIRECTION('',(0.,0.,1.));
#7792 = MANIFOLD_SOLID_BREP('',#7793);
#7793 = CLOSED_SHELL('',(#7794,#7838,#7874,#7892,#7926,#7970,#7990,#8008
    ));
#7794 = ADVANCED_FACE('',(#7795),#7833,.T.);
#7795 = FACE_BOUND('',#7796,.T.);
#7796 = EDGE_LOOP('',(#7797,#7808,#7817,#7826));
#7797 = ORIENTED_EDGE('',*,*,#7798,.F.);
#7798 = EDGE_CURVE('',#7799,#7801,#7803,.T.);
#7799 = VERTEX_POINT('',#7800);
#7800 = CARTESIAN_POINT('',(23.140261480564,9.601546459645,
    45.619233388595));
#7801 = VERTEX_POINT('',#7802);
#7802 = CARTESIAN_POINT('',(23.140261480564,9.601546459645,
    37.619233388595));
#7803 = CIRCLE('',#7804,4.);
#7804 = AXIS2_PLACEMENT_3D('',#7805,#7806,#7807);
#7805 = CARTESIAN_POINT('',(23.140261480564,9.601546459645,
    41.619233388595));
#7806 = DIRECTION('',(-0.5,0.866025403784,0.));
#7807 = DIRECTION('',(0.,0.,-1.));
#7808 = ORIENTED_EDGE('',*,*,#7809,.T.);
#7809 = EDGE_CURVE('',#7799,#7810,#7812,.T.);
#7810 = VERTEX_POINT('',#7811);
#7811 = CARTESIAN_POINT('',(23.640261480564,8.735521055861,
    44.619233388595));
#7812 = CIRCLE('',#7813,1.);
#7813 = AXIS2_PLACEMENT_3D('',#7814,#7815,#7816);
#7814 = CARTESIAN_POINT('',(23.140261480564,9.601546459645,
    44.619233388595));
#7815 = DIRECTION('',(0.866025403784,0.5,-1.224646799147E-16));
#7816 = DIRECTION('',(1.060575238725E-16,6.123233995737E-17,1.));
#7817 = ORIENTED_EDGE('',*,*,#7818,.F.);
#7818 = EDGE_CURVE('',#7819,#7810,#7821,.T.);
#7819 = VERTEX_POINT('',#7820);
#7820 = CARTESIAN_POINT('',(23.640261480564,8.735521055861,
    38.619233388595));
#7821 = CIRCLE('',#7822,3.);
#7822 = AXIS2_PLACEMENT_3D('',#7823,#7824,#7825);
#7823 = CARTESIAN_POINT('',(23.640261480564,8.735521055861,
    41.619233388595));
#7824 = DIRECTION('',(0.5,-0.866025403784,0.));
#7825 = DIRECTION('',(0.,0.,-1.));
#7826 = ORIENTED_EDGE('',*,*,#7827,.F.);
#7827 = EDGE_CURVE('',#7801,#7819,#7828,.T.);
#7828 = CIRCLE('',#7829,1.);
#7829 = AXIS2_PLACEMENT_3D('',#7830,#7831,#7832);
#7830 = CARTESIAN_POINT('',(23.140261480564,9.601546459645,
    38.619233388595));
#7831 = DIRECTION('',(-0.866025403784,-0.5,-0.));
#7832 = DIRECTION('',(0.,0.,-1.));
#7833 = TOROIDAL_SURFACE('',#7834,3.,1.);
#7834 = AXIS2_PLACEMENT_3D('',#7835,#7836,#7837);
#7835 = CARTESIAN_POINT('',(23.140261480564,9.601546459645,
    41.619233388595));
#7836 = DIRECTION('',(0.5,-0.866025403784,0.));
#7837 = DIRECTION('',(0.,0.,-1.));
#7838 = ADVANCED_FACE('',(#7839,#7849),#7869,.T.);
#7839 = FACE_BOUND('',#7840,.T.);
#7840 = EDGE_LOOP('',(#7841,#7842));
#7841 = ORIENTED_EDGE('',*,*,#7818,.T.);
#7842 = ORIENTED_EDGE('',*,*,#7843,.T.);
#7843 = EDGE_CURVE('',#7810,#7819,#7844,.T.);
#7844 = CIRCLE('',#7845,3.);
#7845 = AXIS2_PLACEMENT_3D('',#7846,#7847,#7848);
#7846 = CARTESIAN_POINT('',(23.640261480564,8.735521055861,
    41.619233388595));
#7847 = DIRECTION('',(0.5,-0.866025403784,0.));
#7848 = DIRECTION('',(0.,0.,-1.));
#7849 = FACE_BOUND('',#7850,.T.);
#7850 = EDGE_LOOP('',(#7851,#7862));
#7851 = ORIENTED_EDGE('',*,*,#7852,.F.);
#7852 = EDGE_CURVE('',#7853,#7855,#7857,.T.);
#7853 = VERTEX_POINT('',#7854);
#7854 = CARTESIAN_POINT('',(23.640261480564,8.735521055861,
    42.619233388595));
#7855 = VERTEX_POINT('',#7856);
#7856 = CARTESIAN_POINT('',(23.640261480564,8.735521055861,
    40.619233388595));
#7857 = CIRCLE('',#7858,1.);
#7858 = AXIS2_PLACEMENT_3D('',#7859,#7860,#7861);
#7859 = CARTESIAN_POINT('',(23.640261480564,8.735521055861,
    41.619233388595));
#7860 = DIRECTION('',(0.5,-0.866025403784,0.));
#7861 = DIRECTION('',(0.,0.,-1.));
#7862 = ORIENTED_EDGE('',*,*,#7863,.F.);
#7863 = EDGE_CURVE('',#7855,#7853,#7864,.T.);
#7864 = CIRCLE('',#7865,1.);
#7865 = AXIS2_PLACEMENT_3D('',#7866,#7867,#7868);
#7866 = CARTESIAN_POINT('',(23.640261480564,8.735521055861,
    41.619233388595));
#7867 = DIRECTION('',(0.5,-0.866025403784,0.));
#7868 = DIRECTION('',(0.,0.,-1.));
#7869 = PLANE('',#7870);
#7870 = AXIS2_PLACEMENT_3D('',#7871,#7872,#7873);
#7871 = CARTESIAN_POINT('',(23.640261480564,8.735521055861,
    41.619233388595));
#7872 = DIRECTION('',(0.5,-0.866025403784,0.));
#7873 = DIRECTION('',(0.,0.,-1.));
#7874 = ADVANCED_FACE('',(#7875),#7887,.T.);
#7875 = FACE_BOUND('',#7876,.T.);
#7876 = EDGE_LOOP('',(#7877,#7878,#7885,#7886));
#7877 = ORIENTED_EDGE('',*,*,#7809,.F.);
#7878 = ORIENTED_EDGE('',*,*,#7879,.F.);
#7879 = EDGE_CURVE('',#7801,#7799,#7880,.T.);
#7880 = CIRCLE('',#7881,4.);
#7881 = AXIS2_PLACEMENT_3D('',#7882,#7883,#7884);
#7882 = CARTESIAN_POINT('',(23.140261480564,9.601546459645,
    41.619233388595));
#7883 = DIRECTION('',(-0.5,0.866025403784,0.));
#7884 = DIRECTION('',(0.,0.,-1.));
#7885 = ORIENTED_EDGE('',*,*,#7827,.T.);
#7886 = ORIENTED_EDGE('',*,*,#7843,.F.);
#7887 = TOROIDAL_SURFACE('',#7888,3.,1.);
#7888 = AXIS2_PLACEMENT_3D('',#7889,#7890,#7891);
#7889 = CARTESIAN_POINT('',(23.140261480564,9.601546459645,
    41.619233388595));
#7890 = DIRECTION('',(0.5,-0.866025403784,0.));
#7891 = DIRECTION('',(0.,0.,-1.));
#7892 = ADVANCED_FACE('',(#7893),#7921,.F.);
#7893 = FACE_BOUND('',#7894,.F.);
#7894 = EDGE_LOOP('',(#7895,#7896,#7903,#7912,#7919,#7920));
#7895 = ORIENTED_EDGE('',*,*,#7852,.F.);
#7896 = ORIENTED_EDGE('',*,*,#7897,.T.);
#7897 = EDGE_CURVE('',#7853,#7898,#7900,.T.);
#7898 = VERTEX_POINT('',#7899);
#7899 = CARTESIAN_POINT('',(22.340261480564,10.9871871057,
    42.619233388595));
#7900 = B_SPLINE_CURVE_WITH_KNOTS('',1,(#7901,#7902),.UNSPECIFIED.,.F.,
  .F.,(2,2),(0.,2.6),.PIECEWISE_BEZIER_KNOTS.);
#7901 = CARTESIAN_POINT('',(23.640261480564,8.735521055861,
    42.619233388595));
#7902 = CARTESIAN_POINT('',(22.340261480564,10.9871871057,
    42.619233388595));
#7903 = ORIENTED_EDGE('',*,*,#7904,.T.);
#7904 = EDGE_CURVE('',#7898,#7905,#7907,.T.);
#7905 = VERTEX_POINT('',#7906);
#7906 = CARTESIAN_POINT('',(22.340261480564,10.9871871057,
    40.619233388595));
#7907 = CIRCLE('',#7908,1.);
#7908 = AXIS2_PLACEMENT_3D('',#7909,#7910,#7911);
#7909 = CARTESIAN_POINT('',(22.340261480564,10.9871871057,
    41.619233388595));
#7910 = DIRECTION('',(0.5,-0.866025403784,0.));
#7911 = DIRECTION('',(0.,0.,-1.));
#7912 = ORIENTED_EDGE('',*,*,#7913,.T.);
#7913 = EDGE_CURVE('',#7905,#7898,#7914,.T.);
#7914 = CIRCLE('',#7915,1.);
#7915 = AXIS2_PLACEMENT_3D('',#7916,#7917,#7918);
#7916 = CARTESIAN_POINT('',(22.340261480564,10.9871871057,
    41.619233388595));
#7917 = DIRECTION('',(0.5,-0.866025403784,0.));
#7918 = DIRECTION('',(0.,0.,-1.));
#7919 = ORIENTED_EDGE('',*,*,#7897,.F.);
#7920 = ORIENTED_EDGE('',*,*,#7863,.F.);
#7921 = CYLINDRICAL_SURFACE('',#7922,1.);
#7922 = AXIS2_PLACEMENT_3D('',#7923,#7924,#7925);
#7923 = CARTESIAN_POINT('',(23.640261480564,8.735521055861,
    41.619233388595));
#7924 = DIRECTION('',(-0.5,0.866025403784,-0.));
#7925 = DIRECTION('',(0.,0.,1.));
#7926 = ADVANCED_FACE('',(#7927),#7965,.T.);
#7927 = FACE_BOUND('',#7928,.T.);
#7928 = EDGE_LOOP('',(#7929,#7940,#7949,#7958));
#7929 = ORIENTED_EDGE('',*,*,#7930,.F.);
#7930 = EDGE_CURVE('',#7931,#7933,#7935,.T.);
#7931 = VERTEX_POINT('',#7932);
#7932 = CARTESIAN_POINT('',(22.340261480564,10.9871871057,
    44.619233388595));
#7933 = VERTEX_POINT('',#7934);
#7934 = CARTESIAN_POINT('',(22.340261480564,10.9871871057,
    38.619233388595));
#7935 = CIRCLE('',#7936,3.);
#7936 = AXIS2_PLACEMENT_3D('',#7937,#7938,#7939);
#7937 = CARTESIAN_POINT('',(22.340261480564,10.9871871057,
    41.619233388595));
#7938 = DIRECTION('',(-0.5,0.866025403784,0.));
#7939 = DIRECTION('',(0.,0.,-1.));
#7940 = ORIENTED_EDGE('',*,*,#7941,.T.);
#7941 = EDGE_CURVE('',#7931,#7942,#7944,.T.);
#7942 = VERTEX_POINT('',#7943);
#7943 = CARTESIAN_POINT('',(22.840261480564,10.121161701916,
    45.619233388595));
#7944 = CIRCLE('',#7945,1.);
#7945 = AXIS2_PLACEMENT_3D('',#7946,#7947,#7948);
#7946 = CARTESIAN_POINT('',(22.840261480564,10.121161701916,
    44.619233388595));
#7947 = DIRECTION('',(0.866025403784,0.5,-1.224646799147E-16));
#7948 = DIRECTION('',(1.060575238725E-16,6.123233995737E-17,1.));
#7949 = ORIENTED_EDGE('',*,*,#7950,.F.);
#7950 = EDGE_CURVE('',#7951,#7942,#7953,.T.);
#7951 = VERTEX_POINT('',#7952);
#7952 = CARTESIAN_POINT('',(22.840261480564,10.121161701916,
    37.619233388595));
#7953 = CIRCLE('',#7954,4.);
#7954 = AXIS2_PLACEMENT_3D('',#7955,#7956,#7957);
#7955 = CARTESIAN_POINT('',(22.840261480564,10.121161701916,
    41.619233388595));
#7956 = DIRECTION('',(0.5,-0.866025403784,0.));
#7957 = DIRECTION('',(0.,0.,-1.));
#7958 = ORIENTED_EDGE('',*,*,#7959,.F.);
#7959 = EDGE_CURVE('',#7933,#7951,#7960,.T.);
#7960 = CIRCLE('',#7961,1.);
#7961 = AXIS2_PLACEMENT_3D('',#7962,#7963,#7964);
#7962 = CARTESIAN_POINT('',(22.840261480564,10.121161701916,
    38.619233388595));
#7963 = DIRECTION('',(-0.866025403784,-0.5,-0.));
#7964 = DIRECTION('',(0.,0.,-1.));
#7965 = TOROIDAL_SURFACE('',#7966,3.,1.);
#7966 = AXIS2_PLACEMENT_3D('',#7967,#7968,#7969);
#7967 = CARTESIAN_POINT('',(22.840261480564,10.121161701916,
    41.619233388595));
#7968 = DIRECTION('',(0.5,-0.866025403784,0.));
#7969 = DIRECTION('',(0.,0.,-1.));
#7970 = ADVANCED_FACE('',(#7971,#7981),#7985,.F.);
#7971 = FACE_BOUND('',#7972,.T.);
#7972 = EDGE_LOOP('',(#7973,#7980));
#7973 = ORIENTED_EDGE('',*,*,#7974,.T.);
#7974 = EDGE_CURVE('',#7933,#7931,#7975,.T.);
#7975 = CIRCLE('',#7976,3.);
#7976 = AXIS2_PLACEMENT_3D('',#7977,#7978,#7979);
#7977 = CARTESIAN_POINT('',(22.340261480564,10.9871871057,
    41.619233388595));
#7978 = DIRECTION('',(-0.5,0.866025403784,0.));
#7979 = DIRECTION('',(0.,0.,-1.));
#7980 = ORIENTED_EDGE('',*,*,#7930,.T.);
#7981 = FACE_BOUND('',#7982,.T.);
#7982 = EDGE_LOOP('',(#7983,#7984));
#7983 = ORIENTED_EDGE('',*,*,#7904,.T.);
#7984 = ORIENTED_EDGE('',*,*,#7913,.T.);
#7985 = PLANE('',#7986);
#7986 = AXIS2_PLACEMENT_3D('',#7987,#7988,#7989);
#7987 = CARTESIAN_POINT('',(22.340261480564,10.9871871057,
    41.619233388595));
#7988 = DIRECTION('',(0.5,-0.866025403784,0.));
#7989 = DIRECTION('',(0.,0.,-1.));
#7990 = ADVANCED_FACE('',(#7991),#8003,.T.);
#7991 = FACE_BOUND('',#7992,.T.);
#7992 = EDGE_LOOP('',(#7993,#7994,#7995,#7996));
#7993 = ORIENTED_EDGE('',*,*,#7941,.F.);
#7994 = ORIENTED_EDGE('',*,*,#7974,.F.);
#7995 = ORIENTED_EDGE('',*,*,#7959,.T.);
#7996 = ORIENTED_EDGE('',*,*,#7997,.F.);
#7997 = EDGE_CURVE('',#7942,#7951,#7998,.T.);
#7998 = CIRCLE('',#7999,4.);
#7999 = AXIS2_PLACEMENT_3D('',#8000,#8001,#8002);
#8000 = CARTESIAN_POINT('',(22.840261480564,10.121161701916,
    41.619233388595));
#8001 = DIRECTION('',(0.5,-0.866025403784,0.));
#8002 = DIRECTION('',(0.,0.,-1.));
#8003 = TOROIDAL_SURFACE('',#8004,3.,1.);
#8004 = AXIS2_PLACEMENT_3D('',#8005,#8006,#8007);
#8005 = CARTESIAN_POINT('',(22.840261480564,10.121161701916,
    41.619233388595));
#8006 = DIRECTION('',(0.5,-0.866025403784,0.));
#8007 = DIRECTION('',(0.,0.,-1.));
#8008 = ADVANCED_FACE('',(#8009),#8021,.T.);
#8009 = FACE_BOUND('',#8010,.T.);
#8010 = EDGE_LOOP('',(#8011,#8012,#8013,#8018,#8019,#8020));
#8011 = ORIENTED_EDGE('',*,*,#7997,.T.);
#8012 = ORIENTED_EDGE('',*,*,#7950,.T.);
#8013 = ORIENTED_EDGE('',*,*,#8014,.F.);
#8014 = EDGE_CURVE('',#7799,#7942,#8015,.T.);
#8015 = B_SPLINE_CURVE_WITH_KNOTS('',1,(#8016,#8017),.UNSPECIFIED.,.F.,
  .F.,(2,2),(1.,1.6),.PIECEWISE_BEZIER_KNOTS.);
#8016 = CARTESIAN_POINT('',(23.140261480564,9.601546459645,
    45.619233388595));
#8017 = CARTESIAN_POINT('',(22.840261480564,10.121161701916,
    45.619233388595));
#8018 = ORIENTED_EDGE('',*,*,#7798,.T.);
#8019 = ORIENTED_EDGE('',*,*,#7879,.T.);
#8020 = ORIENTED_EDGE('',*,*,#8014,.T.);
#8021 = CYLINDRICAL_SURFACE('',#8022,4.);
#8022 = AXIS2_PLACEMENT_3D('',#8023,#8024,#8025);
#8023 = CARTESIAN_POINT('',(23.640261480564,8.735521055861,
    41.619233388595));
#8024 = DIRECTION('',(-0.5,0.866025403784,-0.));
#8025 = DIRECTION('',(0.,0.,1.));
#8026 = MANIFOLD_SOLID_BREP('',#8027);
#8027 = CLOSED_SHELL('',(#8028,#8072,#8108,#8126,#8160,#8204,#8224,#8242
    ));
#8028 = ADVANCED_FACE('',(#8029),#8067,.T.);
#8029 = FACE_BOUND('',#8030,.T.);
#8030 = EDGE_LOOP('',(#8031,#8042,#8051,#8060));
#8031 = ORIENTED_EDGE('',*,*,#8032,.F.);
#8032 = EDGE_CURVE('',#8033,#8035,#8037,.T.);
#8033 = VERTEX_POINT('',#8034);
#8034 = CARTESIAN_POINT('',(18.532081137444,15.255451103373,
    45.619233388595));
#8035 = VERTEX_POINT('',#8036);
#8036 = CARTESIAN_POINT('',(18.532081137444,15.255451103373,
    37.619233388595));
#8037 = CIRCLE('',#8038,4.);
#8038 = AXIS2_PLACEMENT_3D('',#8039,#8040,#8041);
#8039 = CARTESIAN_POINT('',(18.532081137444,15.255451103373,
    41.619233388595));
#8040 = DIRECTION('',(-0.766044443119,0.642787609687,0.));
#8041 = DIRECTION('',(0.,0.,-1.));
#8042 = ORIENTED_EDGE('',*,*,#8043,.T.);
#8043 = EDGE_CURVE('',#8033,#8044,#8046,.T.);
#8044 = VERTEX_POINT('',#8045);
#8045 = CARTESIAN_POINT('',(19.298125580563,14.612663493686,
    44.619233388595));
#8046 = CIRCLE('',#8047,1.);
#8047 = AXIS2_PLACEMENT_3D('',#8048,#8049,#8050);
#8048 = CARTESIAN_POINT('',(18.532081137444,15.255451103373,
    44.619233388595));
#8049 = DIRECTION('',(0.642787609687,0.766044443119,-1.224646799147E-16)
  );
#8050 = DIRECTION('',(7.871877887342E-17,9.381338752703E-17,1.));
#8051 = ORIENTED_EDGE('',*,*,#8052,.F.);
#8052 = EDGE_CURVE('',#8053,#8044,#8055,.T.);
#8053 = VERTEX_POINT('',#8054);
#8054 = CARTESIAN_POINT('',(19.298125580563,14.612663493686,
    38.619233388595));
#8055 = CIRCLE('',#8056,3.);
#8056 = AXIS2_PLACEMENT_3D('',#8057,#8058,#8059);
#8057 = CARTESIAN_POINT('',(19.298125580563,14.612663493686,
    41.619233388595));
#8058 = DIRECTION('',(0.766044443119,-0.642787609687,0.));
#8059 = DIRECTION('',(0.,0.,-1.));
#8060 = ORIENTED_EDGE('',*,*,#8061,.F.);
#8061 = EDGE_CURVE('',#8035,#8053,#8062,.T.);
#8062 = CIRCLE('',#8063,1.);
#8063 = AXIS2_PLACEMENT_3D('',#8064,#8065,#8066);
#8064 = CARTESIAN_POINT('',(18.532081137444,15.255451103373,
    38.619233388595));
#8065 = DIRECTION('',(-0.642787609687,-0.766044443119,-0.));
#8066 = DIRECTION('',(0.,0.,-1.));
#8067 = TOROIDAL_SURFACE('',#8068,3.,1.);
#8068 = AXIS2_PLACEMENT_3D('',#8069,#8070,#8071);
#8069 = CARTESIAN_POINT('',(18.532081137444,15.255451103373,
    41.619233388595));
#8070 = DIRECTION('',(0.766044443119,-0.642787609687,0.));
#8071 = DIRECTION('',(0.,0.,-1.));
#8072 = ADVANCED_FACE('',(#8073,#8083),#8103,.T.);
#8073 = FACE_BOUND('',#8074,.T.);
#8074 = EDGE_LOOP('',(#8075,#8076));
#8075 = ORIENTED_EDGE('',*,*,#8052,.T.);
#8076 = ORIENTED_EDGE('',*,*,#8077,.T.);
#8077 = EDGE_CURVE('',#8044,#8053,#8078,.T.);
#8078 = CIRCLE('',#8079,3.);
#8079 = AXIS2_PLACEMENT_3D('',#8080,#8081,#8082);
#8080 = CARTESIAN_POINT('',(19.298125580563,14.612663493686,
    41.619233388595));
#8081 = DIRECTION('',(0.766044443119,-0.642787609687,0.));
#8082 = DIRECTION('',(0.,0.,-1.));
#8083 = FACE_BOUND('',#8084,.T.);
#8084 = EDGE_LOOP('',(#8085,#8096));
#8085 = ORIENTED_EDGE('',*,*,#8086,.F.);
#8086 = EDGE_CURVE('',#8087,#8089,#8091,.T.);
#8087 = VERTEX_POINT('',#8088);
#8088 = CARTESIAN_POINT('',(19.298125580563,14.612663493686,
    42.619233388595));
#8089 = VERTEX_POINT('',#8090);
#8090 = CARTESIAN_POINT('',(19.298125580563,14.612663493686,
    40.619233388595));
#8091 = CIRCLE('',#8092,1.);
#8092 = AXIS2_PLACEMENT_3D('',#8093,#8094,#8095);
#8093 = CARTESIAN_POINT('',(19.298125580563,14.612663493686,
    41.619233388595));
#8094 = DIRECTION('',(0.766044443119,-0.642787609687,0.));
#8095 = DIRECTION('',(0.,0.,-1.));
#8096 = ORIENTED_EDGE('',*,*,#8097,.F.);
#8097 = EDGE_CURVE('',#8089,#8087,#8098,.T.);
#8098 = CIRCLE('',#8099,1.);
#8099 = AXIS2_PLACEMENT_3D('',#8100,#8101,#8102);
#8100 = CARTESIAN_POINT('',(19.298125580563,14.612663493686,
    41.619233388595));
#8101 = DIRECTION('',(0.766044443119,-0.642787609687,0.));
#8102 = DIRECTION('',(0.,0.,-1.));
#8103 = PLANE('',#8104);
#8104 = AXIS2_PLACEMENT_3D('',#8105,#8106,#8107);
#8105 = CARTESIAN_POINT('',(19.298125580563,14.612663493686,
    41.619233388595));
#8106 = DIRECTION('',(0.766044443119,-0.642787609687,0.));
#8107 = DIRECTION('',(0.,0.,-1.));
#8108 = ADVANCED_FACE('',(#8109),#8121,.T.);
#8109 = FACE_BOUND('',#8110,.T.);
#8110 = EDGE_LOOP('',(#8111,#8112,#8119,#8120));
#8111 = ORIENTED_EDGE('',*,*,#8043,.F.);
#8112 = ORIENTED_EDGE('',*,*,#8113,.F.);
#8113 = EDGE_CURVE('',#8035,#8033,#8114,.T.);
#8114 = CIRCLE('',#8115,4.);
#8115 = AXIS2_PLACEMENT_3D('',#8116,#8117,#8118);
#8116 = CARTESIAN_POINT('',(18.532081137444,15.255451103373,
    41.619233388595));
#8117 = DIRECTION('',(-0.766044443119,0.642787609687,0.));
#8118 = DIRECTION('',(0.,0.,-1.));
#8119 = ORIENTED_EDGE('',*,*,#8061,.T.);
#8120 = ORIENTED_EDGE('',*,*,#8077,.F.);
#8121 = TOROIDAL_SURFACE('',#8122,3.,1.);
#8122 = AXIS2_PLACEMENT_3D('',#8123,#8124,#8125);
#8123 = CARTESIAN_POINT('',(18.532081137444,15.255451103373,
    41.619233388595));
#8124 = DIRECTION('',(0.766044443119,-0.642787609687,0.));
#8125 = DIRECTION('',(0.,0.,-1.));
#8126 = ADVANCED_FACE('',(#8127),#8155,.F.);
#8127 = FACE_BOUND('',#8128,.F.);
#8128 = EDGE_LOOP('',(#8129,#8130,#8137,#8146,#8153,#8154));
#8129 = ORIENTED_EDGE('',*,*,#8086,.F.);
#8130 = ORIENTED_EDGE('',*,*,#8131,.T.);
#8131 = EDGE_CURVE('',#8087,#8132,#8134,.T.);
#8132 = VERTEX_POINT('',#8133);
#8133 = CARTESIAN_POINT('',(17.306410028453,16.283911278871,
    42.619233388595));
#8134 = B_SPLINE_CURVE_WITH_KNOTS('',1,(#8135,#8136),.UNSPECIFIED.,.F.,
  .F.,(2,2),(0.,2.6),.PIECEWISE_BEZIER_KNOTS.);
#8135 = CARTESIAN_POINT('',(19.298125580563,14.612663493686,
    42.619233388595));
#8136 = CARTESIAN_POINT('',(17.306410028453,16.283911278871,
    42.619233388595));
#8137 = ORIENTED_EDGE('',*,*,#8138,.T.);
#8138 = EDGE_CURVE('',#8132,#8139,#8141,.T.);
#8139 = VERTEX_POINT('',#8140);
#8140 = CARTESIAN_POINT('',(17.306410028453,16.283911278871,
    40.619233388595));
#8141 = CIRCLE('',#8142,1.);
#8142 = AXIS2_PLACEMENT_3D('',#8143,#8144,#8145);
#8143 = CARTESIAN_POINT('',(17.306410028453,16.283911278871,
    41.619233388595));
#8144 = DIRECTION('',(0.766044443119,-0.642787609687,0.));
#8145 = DIRECTION('',(0.,0.,-1.));
#8146 = ORIENTED_EDGE('',*,*,#8147,.T.);
#8147 = EDGE_CURVE('',#8139,#8132,#8148,.T.);
#8148 = CIRCLE('',#8149,1.);
#8149 = AXIS2_PLACEMENT_3D('',#8150,#8151,#8152);
#8150 = CARTESIAN_POINT('',(17.306410028453,16.283911278871,
    41.619233388595));
#8151 = DIRECTION('',(0.766044443119,-0.642787609687,0.));
#8152 = DIRECTION('',(0.,0.,-1.));
#8153 = ORIENTED_EDGE('',*,*,#8131,.F.);
#8154 = ORIENTED_EDGE('',*,*,#8097,.F.);
#8155 = CYLINDRICAL_SURFACE('',#8156,1.);
#8156 = AXIS2_PLACEMENT_3D('',#8157,#8158,#8159);
#8157 = CARTESIAN_POINT('',(19.298125580563,14.612663493686,
    41.619233388595));
#8158 = DIRECTION('',(-0.766044443119,0.642787609687,-0.));
#8159 = DIRECTION('',(0.,0.,1.));
#8160 = ADVANCED_FACE('',(#8161),#8199,.T.);
#8161 = FACE_BOUND('',#8162,.T.);
#8162 = EDGE_LOOP('',(#8163,#8174,#8183,#8192));
#8163 = ORIENTED_EDGE('',*,*,#8164,.F.);
#8164 = EDGE_CURVE('',#8165,#8167,#8169,.T.);
#8165 = VERTEX_POINT('',#8166);
#8166 = CARTESIAN_POINT('',(17.306410028453,16.283911278871,
    44.619233388595));
#8167 = VERTEX_POINT('',#8168);
#8168 = CARTESIAN_POINT('',(17.306410028453,16.283911278871,
    38.619233388595));
#8169 = CIRCLE('',#8170,3.);
#8170 = AXIS2_PLACEMENT_3D('',#8171,#8172,#8173);
#8171 = CARTESIAN_POINT('',(17.306410028453,16.283911278871,
    41.619233388595));
#8172 = DIRECTION('',(-0.766044443119,0.642787609687,0.));
#8173 = DIRECTION('',(0.,0.,-1.));
#8174 = ORIENTED_EDGE('',*,*,#8175,.T.);
#8175 = EDGE_CURVE('',#8165,#8176,#8178,.T.);
#8176 = VERTEX_POINT('',#8177);
#8177 = CARTESIAN_POINT('',(18.072454471572,15.641123669185,
    45.619233388595));
#8178 = CIRCLE('',#8179,1.);
#8179 = AXIS2_PLACEMENT_3D('',#8180,#8181,#8182);
#8180 = CARTESIAN_POINT('',(18.072454471572,15.641123669185,
    44.619233388595));
#8181 = DIRECTION('',(0.642787609687,0.766044443119,-1.224646799147E-16)
  );
#8182 = DIRECTION('',(7.871877887342E-17,9.381338752703E-17,1.));
#8183 = ORIENTED_EDGE('',*,*,#8184,.F.);
#8184 = EDGE_CURVE('',#8185,#8176,#8187,.T.);
#8185 = VERTEX_POINT('',#8186);
#8186 = CARTESIAN_POINT('',(18.072454471572,15.641123669185,
    37.619233388595));
#8187 = CIRCLE('',#8188,4.);
#8188 = AXIS2_PLACEMENT_3D('',#8189,#8190,#8191);
#8189 = CARTESIAN_POINT('',(18.072454471572,15.641123669185,
    41.619233388595));
#8190 = DIRECTION('',(0.766044443119,-0.642787609687,0.));
#8191 = DIRECTION('',(0.,0.,-1.));
#8192 = ORIENTED_EDGE('',*,*,#8193,.F.);
#8193 = EDGE_CURVE('',#8167,#8185,#8194,.T.);
#8194 = CIRCLE('',#8195,1.);
#8195 = AXIS2_PLACEMENT_3D('',#8196,#8197,#8198);
#8196 = CARTESIAN_POINT('',(18.072454471572,15.641123669185,
    38.619233388595));
#8197 = DIRECTION('',(-0.642787609687,-0.766044443119,-0.));
#8198 = DIRECTION('',(0.,0.,-1.));
#8199 = TOROIDAL_SURFACE('',#8200,3.,1.);
#8200 = AXIS2_PLACEMENT_3D('',#8201,#8202,#8203);
#8201 = CARTESIAN_POINT('',(18.072454471572,15.641123669185,
    41.619233388595));
#8202 = DIRECTION('',(0.766044443119,-0.642787609687,0.));
#8203 = DIRECTION('',(0.,0.,-1.));
#8204 = ADVANCED_FACE('',(#8205,#8215),#8219,.F.);
#8205 = FACE_BOUND('',#8206,.T.);
#8206 = EDGE_LOOP('',(#8207,#8214));
#8207 = ORIENTED_EDGE('',*,*,#8208,.T.);
#8208 = EDGE_CURVE('',#8167,#8165,#8209,.T.);
#8209 = CIRCLE('',#8210,3.);
#8210 = AXIS2_PLACEMENT_3D('',#8211,#8212,#8213);
#8211 = CARTESIAN_POINT('',(17.306410028453,16.283911278871,
    41.619233388595));
#8212 = DIRECTION('',(-0.766044443119,0.642787609687,0.));
#8213 = DIRECTION('',(0.,0.,-1.));
#8214 = ORIENTED_EDGE('',*,*,#8164,.T.);
#8215 = FACE_BOUND('',#8216,.T.);
#8216 = EDGE_LOOP('',(#8217,#8218));
#8217 = ORIENTED_EDGE('',*,*,#8138,.T.);
#8218 = ORIENTED_EDGE('',*,*,#8147,.T.);
#8219 = PLANE('',#8220);
#8220 = AXIS2_PLACEMENT_3D('',#8221,#8222,#8223);
#8221 = CARTESIAN_POINT('',(17.306410028453,16.283911278871,
    41.619233388595));
#8222 = DIRECTION('',(0.766044443119,-0.642787609687,0.));
#8223 = DIRECTION('',(0.,0.,-1.));
#8224 = ADVANCED_FACE('',(#8225),#8237,.T.);
#8225 = FACE_BOUND('',#8226,.T.);
#8226 = EDGE_LOOP('',(#8227,#8228,#8229,#8230));
#8227 = ORIENTED_EDGE('',*,*,#8175,.F.);
#8228 = ORIENTED_EDGE('',*,*,#8208,.F.);
#8229 = ORIENTED_EDGE('',*,*,#8193,.T.);
#8230 = ORIENTED_EDGE('',*,*,#8231,.F.);
#8231 = EDGE_CURVE('',#8176,#8185,#8232,.T.);
#8232 = CIRCLE('',#8233,4.);
#8233 = AXIS2_PLACEMENT_3D('',#8234,#8235,#8236);
#8234 = CARTESIAN_POINT('',(18.072454471572,15.641123669185,
    41.619233388595));
#8235 = DIRECTION('',(0.766044443119,-0.642787609687,0.));
#8236 = DIRECTION('',(0.,0.,-1.));
#8237 = TOROIDAL_SURFACE('',#8238,3.,1.);
#8238 = AXIS2_PLACEMENT_3D('',#8239,#8240,#8241);
#8239 = CARTESIAN_POINT('',(18.072454471572,15.641123669185,
    41.619233388595));
#8240 = DIRECTION('',(0.766044443119,-0.642787609687,0.));
#8241 = DIRECTION('',(0.,0.,-1.));
#8242 = ADVANCED_FACE('',(#8243),#8255,.T.);
#8243 = FACE_BOUND('',#8244,.T.);
#8244 = EDGE_LOOP('',(#8245,#8246,#8247,#8252,#8253,#8254));
#8245 = ORIENTED_EDGE('',*,*,#8231,.T.);
#8246 = ORIENTED_EDGE('',*,*,#8184,.T.);
#8247 = ORIENTED_EDGE('',*,*,#8248,.F.);
#8248 = EDGE_CURVE('',#8033,#8176,#8249,.T.);
#8249 = B_SPLINE_CURVE_WITH_KNOTS('',1,(#8250,#8251),.UNSPECIFIED.,.F.,
  .F.,(2,2),(1.,1.6),.PIECEWISE_BEZIER_KNOTS.);
#8250 = CARTESIAN_POINT('',(18.532081137444,15.255451103373,
    45.619233388595));
#8251 = CARTESIAN_POINT('',(18.072454471572,15.641123669185,
    45.619233388595));
#8252 = ORIENTED_EDGE('',*,*,#8032,.T.);
#8253 = ORIENTED_EDGE('',*,*,#8113,.T.);
#8254 = ORIENTED_EDGE('',*,*,#8248,.T.);
#8255 = CYLINDRICAL_SURFACE('',#8256,4.);
#8256 = AXIS2_PLACEMENT_3D('',#8257,#8258,#8259);
#8257 = CARTESIAN_POINT('',(19.298125580563,14.612663493686,
    41.619233388595));
#8258 = DIRECTION('',(-0.766044443119,0.642787609687,-0.));
#8259 = DIRECTION('',(0.,0.,1.));
#8260 = MANIFOLD_SOLID_BREP('',#8261);
#8261 = CLOSED_SHELL('',(#8262,#8306,#8342,#8360,#8394,#8438,#8458,#8476
    ));
#8262 = ADVANCED_FACE('',(#8263),#8301,.T.);
#8263 = FACE_BOUND('',#8264,.T.);
#8264 = EDGE_LOOP('',(#8265,#8276,#8285,#8294));
#8265 = ORIENTED_EDGE('',*,*,#8266,.F.);
#8266 = EDGE_CURVE('',#8267,#8269,#8271,.T.);
#8267 = VERTEX_POINT('',#8268);
#8268 = CARTESIAN_POINT('',(12.268058797166,18.992293074287,
    45.619233388595));
#8269 = VERTEX_POINT('',#8270);
#8270 = CARTESIAN_POINT('',(12.268058797166,18.992293074287,
    37.619233388595));
#8271 = CIRCLE('',#8272,4.);
#8272 = AXIS2_PLACEMENT_3D('',#8273,#8274,#8275);
#8273 = CARTESIAN_POINT('',(12.268058797166,18.992293074287,
    41.619233388595));
#8274 = DIRECTION('',(-0.939692620786,0.342020143326,0.));
#8275 = DIRECTION('',(0.,0.,-1.));
#8276 = ORIENTED_EDGE('',*,*,#8277,.T.);
#8277 = EDGE_CURVE('',#8267,#8278,#8280,.T.);
#8278 = VERTEX_POINT('',#8279);
#8279 = CARTESIAN_POINT('',(13.207751417951,18.650272930961,
    44.619233388595));
#8280 = CIRCLE('',#8281,1.);
#8281 = AXIS2_PLACEMENT_3D('',#8282,#8283,#8284);
#8282 = CARTESIAN_POINT('',(12.268058797166,18.992293074287,
    44.619233388595));
#8283 = DIRECTION('',(0.342020143326,0.939692620786,-1.224646799147E-16)
  );
#8284 = DIRECTION('',(4.188538737677E-17,1.150791560228E-16,1.));
#8285 = ORIENTED_EDGE('',*,*,#8286,.F.);
#8286 = EDGE_CURVE('',#8287,#8278,#8289,.T.);
#8287 = VERTEX_POINT('',#8288);
#8288 = CARTESIAN_POINT('',(13.207751417951,18.650272930961,
    38.619233388595));
#8289 = CIRCLE('',#8290,3.);
#8290 = AXIS2_PLACEMENT_3D('',#8291,#8292,#8293);
#8291 = CARTESIAN_POINT('',(13.207751417951,18.650272930961,
    41.619233388595));
#8292 = DIRECTION('',(0.939692620786,-0.342020143326,0.));
#8293 = DIRECTION('',(0.,0.,-1.));
#8294 = ORIENTED_EDGE('',*,*,#8295,.F.);
#8295 = EDGE_CURVE('',#8269,#8287,#8296,.T.);
#8296 = CIRCLE('',#8297,1.);
#8297 = AXIS2_PLACEMENT_3D('',#8298,#8299,#8300);
#8298 = CARTESIAN_POINT('',(12.268058797166,18.992293074287,
    38.619233388595));
#8299 = DIRECTION('',(-0.342020143326,-0.939692620786,-0.));
#8300 = DIRECTION('',(0.,0.,-1.));
#8301 = TOROIDAL_SURFACE('',#8302,3.,1.);
#8302 = AXIS2_PLACEMENT_3D('',#8303,#8304,#8305);
#8303 = CARTESIAN_POINT('',(12.268058797166,18.992293074287,
    41.619233388595));
#8304 = DIRECTION('',(0.939692620786,-0.342020143326,0.));
#8305 = DIRECTION('',(0.,0.,-1.));
#8306 = ADVANCED_FACE('',(#8307,#8317),#8337,.T.);
#8307 = FACE_BOUND('',#8308,.T.);
#8308 = EDGE_LOOP('',(#8309,#8310));
#8309 = ORIENTED_EDGE('',*,*,#8286,.T.);
#8310 = ORIENTED_EDGE('',*,*,#8311,.T.);
#8311 = EDGE_CURVE('',#8278,#8287,#8312,.T.);
#8312 = CIRCLE('',#8313,3.);
#8313 = AXIS2_PLACEMENT_3D('',#8314,#8315,#8316);
#8314 = CARTESIAN_POINT('',(13.207751417951,18.650272930961,
    41.619233388595));
#8315 = DIRECTION('',(0.939692620786,-0.342020143326,0.));
#8316 = DIRECTION('',(0.,0.,-1.));
#8317 = FACE_BOUND('',#8318,.T.);
#8318 = EDGE_LOOP('',(#8319,#8330));
#8319 = ORIENTED_EDGE('',*,*,#8320,.F.);
#8320 = EDGE_CURVE('',#8321,#8323,#8325,.T.);
#8321 = VERTEX_POINT('',#8322);
#8322 = CARTESIAN_POINT('',(13.207751417951,18.650272930961,
    42.619233388595));
#8323 = VERTEX_POINT('',#8324);
#8324 = CARTESIAN_POINT('',(13.207751417951,18.650272930961,
    40.619233388595));
#8325 = CIRCLE('',#8326,1.);
#8326 = AXIS2_PLACEMENT_3D('',#8327,#8328,#8329);
#8327 = CARTESIAN_POINT('',(13.207751417951,18.650272930961,
    41.619233388595));
#8328 = DIRECTION('',(0.939692620786,-0.342020143326,0.));
#8329 = DIRECTION('',(0.,0.,-1.));
#8330 = ORIENTED_EDGE('',*,*,#8331,.F.);
#8331 = EDGE_CURVE('',#8323,#8321,#8332,.T.);
#8332 = CIRCLE('',#8333,1.);
#8333 = AXIS2_PLACEMENT_3D('',#8334,#8335,#8336);
#8334 = CARTESIAN_POINT('',(13.207751417951,18.650272930961,
    41.619233388595));
#8335 = DIRECTION('',(0.939692620786,-0.342020143326,0.));
#8336 = DIRECTION('',(0.,0.,-1.));
#8337 = PLANE('',#8338);
#8338 = AXIS2_PLACEMENT_3D('',#8339,#8340,#8341);
#8339 = CARTESIAN_POINT('',(13.207751417951,18.650272930961,
    41.619233388595));
#8340 = DIRECTION('',(0.939692620786,-0.342020143326,0.));
#8341 = DIRECTION('',(0.,0.,-1.));
#8342 = ADVANCED_FACE('',(#8343),#8355,.T.);
#8343 = FACE_BOUND('',#8344,.T.);
#8344 = EDGE_LOOP('',(#8345,#8346,#8353,#8354));
#8345 = ORIENTED_EDGE('',*,*,#8277,.F.);
#8346 = ORIENTED_EDGE('',*,*,#8347,.F.);
#8347 = EDGE_CURVE('',#8269,#8267,#8348,.T.);
#8348 = CIRCLE('',#8349,4.);
#8349 = AXIS2_PLACEMENT_3D('',#8350,#8351,#8352);
#8350 = CARTESIAN_POINT('',(12.268058797166,18.992293074287,
    41.619233388595));
#8351 = DIRECTION('',(-0.939692620786,0.342020143326,0.));
#8352 = DIRECTION('',(0.,0.,-1.));
#8353 = ORIENTED_EDGE('',*,*,#8295,.T.);
#8354 = ORIENTED_EDGE('',*,*,#8311,.F.);
#8355 = TOROIDAL_SURFACE('',#8356,3.,1.);
#8356 = AXIS2_PLACEMENT_3D('',#8357,#8358,#8359);
#8357 = CARTESIAN_POINT('',(12.268058797166,18.992293074287,
    41.619233388595));
#8358 = DIRECTION('',(0.939692620786,-0.342020143326,0.));
#8359 = DIRECTION('',(0.,0.,-1.));
#8360 = ADVANCED_FACE('',(#8361),#8389,.F.);
#8361 = FACE_BOUND('',#8362,.F.);
#8362 = EDGE_LOOP('',(#8363,#8364,#8371,#8380,#8387,#8388));
#8363 = ORIENTED_EDGE('',*,*,#8320,.F.);
#8364 = ORIENTED_EDGE('',*,*,#8365,.T.);
#8365 = EDGE_CURVE('',#8321,#8366,#8368,.T.);
#8366 = VERTEX_POINT('',#8367);
#8367 = CARTESIAN_POINT('',(10.764550603908,19.539525303608,
    42.619233388595));
#8368 = B_SPLINE_CURVE_WITH_KNOTS('',1,(#8369,#8370),.UNSPECIFIED.,.F.,
  .F.,(2,2),(0.,2.6),.PIECEWISE_BEZIER_KNOTS.);
#8369 = CARTESIAN_POINT('',(13.207751417951,18.650272930961,
    42.619233388595));
#8370 = CARTESIAN_POINT('',(10.764550603908,19.539525303608,
    42.619233388595));
#8371 = ORIENTED_EDGE('',*,*,#8372,.T.);
#8372 = EDGE_CURVE('',#8366,#8373,#8375,.T.);
#8373 = VERTEX_POINT('',#8374);
#8374 = CARTESIAN_POINT('',(10.764550603908,19.539525303608,
    40.619233388595));
#8375 = CIRCLE('',#8376,1.);
#8376 = AXIS2_PLACEMENT_3D('',#8377,#8378,#8379);
#8377 = CARTESIAN_POINT('',(10.764550603908,19.539525303608,
    41.619233388595));
#8378 = DIRECTION('',(0.939692620786,-0.342020143326,0.));
#8379 = DIRECTION('',(0.,0.,-1.));
#8380 = ORIENTED_EDGE('',*,*,#8381,.T.);
#8381 = EDGE_CURVE('',#8373,#8366,#8382,.T.);
#8382 = CIRCLE('',#8383,1.);
#8383 = AXIS2_PLACEMENT_3D('',#8384,#8385,#8386);
#8384 = CARTESIAN_POINT('',(10.764550603908,19.539525303608,
    41.619233388595));
#8385 = DIRECTION('',(0.939692620786,-0.342020143326,0.));
#8386 = DIRECTION('',(0.,0.,-1.));
#8387 = ORIENTED_EDGE('',*,*,#8365,.F.);
#8388 = ORIENTED_EDGE('',*,*,#8331,.F.);
#8389 = CYLINDRICAL_SURFACE('',#8390,1.);
#8390 = AXIS2_PLACEMENT_3D('',#8391,#8392,#8393);
#8391 = CARTESIAN_POINT('',(13.207751417951,18.650272930961,
    41.619233388595));
#8392 = DIRECTION('',(-0.939692620786,0.342020143326,-0.));
#8393 = DIRECTION('',(0.,0.,1.));
#8394 = ADVANCED_FACE('',(#8395),#8433,.T.);
#8395 = FACE_BOUND('',#8396,.T.);
#8396 = EDGE_LOOP('',(#8397,#8408,#8417,#8426));
#8397 = ORIENTED_EDGE('',*,*,#8398,.F.);
#8398 = EDGE_CURVE('',#8399,#8401,#8403,.T.);
#8399 = VERTEX_POINT('',#8400);
#8400 = CARTESIAN_POINT('',(10.764550603908,19.539525303608,
    44.619233388595));
#8401 = VERTEX_POINT('',#8402);
#8402 = CARTESIAN_POINT('',(10.764550603908,19.539525303608,
    38.619233388595));
#8403 = CIRCLE('',#8404,3.);
#8404 = AXIS2_PLACEMENT_3D('',#8405,#8406,#8407);
#8405 = CARTESIAN_POINT('',(10.764550603908,19.539525303608,
    41.619233388595));
#8406 = DIRECTION('',(-0.939692620786,0.342020143326,0.));
#8407 = DIRECTION('',(0.,0.,-1.));
#8408 = ORIENTED_EDGE('',*,*,#8409,.T.);
#8409 = EDGE_CURVE('',#8399,#8410,#8412,.T.);
#8410 = VERTEX_POINT('',#8411);
#8411 = CARTESIAN_POINT('',(11.704243224694,19.197505160282,
    45.619233388595));
#8412 = CIRCLE('',#8413,1.);
#8413 = AXIS2_PLACEMENT_3D('',#8414,#8415,#8416);
#8414 = CARTESIAN_POINT('',(11.704243224694,19.197505160282,
    44.619233388595));
#8415 = DIRECTION('',(0.342020143326,0.939692620786,-1.224646799147E-16)
  );
#8416 = DIRECTION('',(4.188538737677E-17,1.150791560228E-16,1.));
#8417 = ORIENTED_EDGE('',*,*,#8418,.F.);
#8418 = EDGE_CURVE('',#8419,#8410,#8421,.T.);
#8419 = VERTEX_POINT('',#8420);
#8420 = CARTESIAN_POINT('',(11.704243224694,19.197505160282,
    37.619233388595));
#8421 = CIRCLE('',#8422,4.);
#8422 = AXIS2_PLACEMENT_3D('',#8423,#8424,#8425);
#8423 = CARTESIAN_POINT('',(11.704243224694,19.197505160282,
    41.619233388595));
#8424 = DIRECTION('',(0.939692620786,-0.342020143326,0.));
#8425 = DIRECTION('',(0.,0.,-1.));
#8426 = ORIENTED_EDGE('',*,*,#8427,.F.);
#8427 = EDGE_CURVE('',#8401,#8419,#8428,.T.);
#8428 = CIRCLE('',#8429,1.);
#8429 = AXIS2_PLACEMENT_3D('',#8430,#8431,#8432);
#8430 = CARTESIAN_POINT('',(11.704243224694,19.197505160282,
    38.619233388595));
#8431 = DIRECTION('',(-0.342020143326,-0.939692620786,-0.));
#8432 = DIRECTION('',(0.,0.,-1.));
#8433 = TOROIDAL_SURFACE('',#8434,3.,1.);
#8434 = AXIS2_PLACEMENT_3D('',#8435,#8436,#8437);
#8435 = CARTESIAN_POINT('',(11.704243224694,19.197505160282,
    41.619233388595));
#8436 = DIRECTION('',(0.939692620786,-0.342020143326,0.));
#8437 = DIRECTION('',(0.,0.,-1.));
#8438 = ADVANCED_FACE('',(#8439,#8449),#8453,.F.);
#8439 = FACE_BOUND('',#8440,.T.);
#8440 = EDGE_LOOP('',(#8441,#8448));
#8441 = ORIENTED_EDGE('',*,*,#8442,.T.);
#8442 = EDGE_CURVE('',#8401,#8399,#8443,.T.);
#8443 = CIRCLE('',#8444,3.);
#8444 = AXIS2_PLACEMENT_3D('',#8445,#8446,#8447);
#8445 = CARTESIAN_POINT('',(10.764550603908,19.539525303608,
    41.619233388595));
#8446 = DIRECTION('',(-0.939692620786,0.342020143326,0.));
#8447 = DIRECTION('',(0.,0.,-1.));
#8448 = ORIENTED_EDGE('',*,*,#8398,.T.);
#8449 = FACE_BOUND('',#8450,.T.);
#8450 = EDGE_LOOP('',(#8451,#8452));
#8451 = ORIENTED_EDGE('',*,*,#8372,.T.);
#8452 = ORIENTED_EDGE('',*,*,#8381,.T.);
#8453 = PLANE('',#8454);
#8454 = AXIS2_PLACEMENT_3D('',#8455,#8456,#8457);
#8455 = CARTESIAN_POINT('',(10.764550603908,19.539525303608,
    41.619233388595));
#8456 = DIRECTION('',(0.939692620786,-0.342020143326,0.));
#8457 = DIRECTION('',(0.,0.,-1.));
#8458 = ADVANCED_FACE('',(#8459),#8471,.T.);
#8459 = FACE_BOUND('',#8460,.T.);
#8460 = EDGE_LOOP('',(#8461,#8462,#8463,#8464));
#8461 = ORIENTED_EDGE('',*,*,#8409,.F.);
#8462 = ORIENTED_EDGE('',*,*,#8442,.F.);
#8463 = ORIENTED_EDGE('',*,*,#8427,.T.);
#8464 = ORIENTED_EDGE('',*,*,#8465,.F.);
#8465 = EDGE_CURVE('',#8410,#8419,#8466,.T.);
#8466 = CIRCLE('',#8467,4.);
#8467 = AXIS2_PLACEMENT_3D('',#8468,#8469,#8470);
#8468 = CARTESIAN_POINT('',(11.704243224694,19.197505160282,
    41.619233388595));
#8469 = DIRECTION('',(0.939692620786,-0.342020143326,0.));
#8470 = DIRECTION('',(0.,0.,-1.));
#8471 = TOROIDAL_SURFACE('',#8472,3.,1.);
#8472 = AXIS2_PLACEMENT_3D('',#8473,#8474,#8475);
#8473 = CARTESIAN_POINT('',(11.704243224694,19.197505160282,
    41.619233388595));
#8474 = DIRECTION('',(0.939692620786,-0.342020143326,0.));
#8475 = DIRECTION('',(0.,0.,-1.));
#8476 = ADVANCED_FACE('',(#8477),#8489,.T.);
#8477 = FACE_BOUND('',#8478,.T.);
#8478 = EDGE_LOOP('',(#8479,#8480,#8481,#8486,#8487,#8488));
#8479 = ORIENTED_EDGE('',*,*,#8465,.T.);
#8480 = ORIENTED_EDGE('',*,*,#8418,.T.);
#8481 = ORIENTED_EDGE('',*,*,#8482,.F.);
#8482 = EDGE_CURVE('',#8267,#8410,#8483,.T.);
#8483 = B_SPLINE_CURVE_WITH_KNOTS('',1,(#8484,#8485),.UNSPECIFIED.,.F.,
  .F.,(2,2),(1.,1.6),.PIECEWISE_BEZIER_KNOTS.);
#8484 = CARTESIAN_POINT('',(12.268058797166,18.992293074287,
    45.619233388595));
#8485 = CARTESIAN_POINT('',(11.704243224694,19.197505160282,
    45.619233388595));
#8486 = ORIENTED_EDGE('',*,*,#8266,.T.);
#8487 = ORIENTED_EDGE('',*,*,#8347,.T.);
#8488 = ORIENTED_EDGE('',*,*,#8482,.T.);
#8489 = CYLINDRICAL_SURFACE('',#8490,4.);
#8490 = AXIS2_PLACEMENT_3D('',#8491,#8492,#8493);
#8491 = CARTESIAN_POINT('',(13.207751417951,18.650272930961,
    41.619233388595));
#8492 = DIRECTION('',(-0.939692620786,0.342020143326,-0.));
#8493 = DIRECTION('',(0.,0.,1.));
#8494 = ( GEOMETRIC_REPRESENTATION_CONTEXT(3) 
GLOBAL_UNCERTAINTY_ASSIGNED_CONTEXT((#8498)) 
GLOBAL_UNIT_ASSIGNED_CONTEXT((#8495,#8496,#8497)) REPRESENTATION_CONTEXT
('Context #1','3D Context with UNIT and UNCERTAINTY') );
#8495 = ( LENGTH_UNIT() NAMED_UNIT(*) SI_UNIT(.MILLI.,.METRE.) );
#8496 = ( NAMED_UNIT(*) PLANE_ANGLE_UNIT() SI_UNIT($,.RADIAN.) );
#8497 = ( NAMED_UNIT(*) SI_UNIT($,.STERADIAN.) SOLID_ANGLE_UNIT() );
#8498 = UNCERTAINTY_MEASURE_WITH_UNIT(LENGTH_MEASURE(2.E-06),#8495,
  'distance_accuracy_value','confusion accuracy');
#8499 = CONTEXT_DEPENDENT_SHAPE_REPRESENTATION(#8500,#8502);
#8500 = ( REPRESENTATION_RELATIONSHIP('','',#4281,#10) 
REPRESENTATION_RELATIONSHIP_WITH_TRANSFORMATION(#8501) 
SHAPE_REPRESENTATION_RELATIONSHIP() );
#8501 = ITEM_DEFINED_TRANSFORMATION('','',#11,#23);
#8502 = PRODUCT_DEFINITION_SHAPE('Placement','Placement of an item',
  #8503);
#8503 = NEXT_ASSEMBLY_USAGE_OCCURRENCE('3','Fusion','',#5,#4276,$);
#8504 = PRODUCT_RELATED_PRODUCT_CATEGORY('part',$,(#4278));
#8505 = MECHANICAL_DESIGN_GEOMETRIC_PRESENTATION_REPRESENTATION('',(
    #8506),#4263);
#8506 = STYLED_ITEM('color',(#8507),#3491);
#8507 = PRESENTATION_STYLE_ASSIGNMENT((#8508,#8514));
#8508 = SURFACE_STYLE_USAGE(.BOTH.,#8509);
#8509 = SURFACE_SIDE_STYLE('',(#8510));
#8510 = SURFACE_STYLE_FILL_AREA(#8511);
#8511 = FILL_AREA_STYLE('',(#8512));
#8512 = FILL_AREA_STYLE_COLOUR('',#8513);
#8513 = COLOUR_RGB('',0.678431390124,0.709803936702,0.741176476869);
#8514 = CURVE_STYLE('',#8515,POSITIVE_LENGTH_MEASURE(0.1),#8516);
#8515 = DRAUGHTING_PRE_DEFINED_CURVE_FONT('continuous');
#8516 = COLOUR_RGB('',9.803921802644E-02,9.803921802644E-02,
  9.803921802644E-02);
#8517 = MECHANICAL_DESIGN_GEOMETRIC_PRESENTATION_REPRESENTATION('',(
    #8518),#3472);
#8518 = STYLED_ITEM('color',(#8519),#41);
#8519 = PRESENTATION_STYLE_ASSIGNMENT((#8520,#8525));
#8520 = SURFACE_STYLE_USAGE(.BOTH.,#8521);
#8521 = SURFACE_SIDE_STYLE('',(#8522));
#8522 = SURFACE_STYLE_FILL_AREA(#8523);
#8523 = FILL_AREA_STYLE('',(#8524));
#8524 = FILL_AREA_STYLE_COLOUR('',#8513);
#8525 = CURVE_STYLE('',#8526,POSITIVE_LENGTH_MEASURE(0.1),#8516);
#8526 = DRAUGHTING_PRE_DEFINED_CURVE_FONT('continuous');
#8527 = MECHANICAL_DESIGN_GEOMETRIC_PRESENTATION_REPRESENTATION('',(
    #8528,#8537,#8546,#8555,#8564,#8573,#8582,#8591,#8600,#8609,#8618,
    #8627,#8636,#8645,#8654,#8663,#8672,#8681),#8494);
#8528 = STYLED_ITEM('color',(#8529),#4282);
#8529 = PRESENTATION_STYLE_ASSIGNMENT((#8530,#8535));
#8530 = SURFACE_STYLE_USAGE(.BOTH.,#8531);
#8531 = SURFACE_SIDE_STYLE('',(#8532));
#8532 = SURFACE_STYLE_FILL_AREA(#8533);
#8533 = FILL_AREA_STYLE('',(#8534));
#8534 = FILL_AREA_STYLE_COLOUR('',#8513);
#8535 = CURVE_STYLE('',#8536,POSITIVE_LENGTH_MEASURE(0.1),#8516);
#8536 = DRAUGHTING_PRE_DEFINED_CURVE_FONT('continuous');
#8537 = STYLED_ITEM('color',(#8538),#4516);
#8538 = PRESENTATION_STYLE_ASSIGNMENT((#8539,#8544));
#8539 = SURFACE_STYLE_USAGE(.BOTH.,#8540);
#8540 = SURFACE_SIDE_STYLE('',(#8541));
#8541 = SURFACE_STYLE_FILL_AREA(#8542);
#8542 = FILL_AREA_STYLE('',(#8543));
#8543 = FILL_AREA_STYLE_COLOUR('',#8513);
#8544 = CURVE_STYLE('',#8545,POSITIVE_LENGTH_MEASURE(0.1),#8516);
#8545 = DRAUGHTING_PRE_DEFINED_CURVE_FONT('continuous');
#8546 = STYLED_ITEM('color',(#8547),#4750);
#8547 = PRESENTATION_STYLE_ASSIGNMENT((#8548,#8553));
#8548 = SURFACE_STYLE_USAGE(.BOTH.,#8549);
#8549 = SURFACE_SIDE_STYLE('',(#8550));
#8550 = SURFACE_STYLE_FILL_AREA(#8551);
#8551 = FILL_AREA_STYLE('',(#8552));
#8552 = FILL_AREA_STYLE_COLOUR('',#8513);
#8553 = CURVE_STYLE('',#8554,POSITIVE_LENGTH_MEASURE(0.1),#8516);
#8554 = DRAUGHTING_PRE_DEFINED_CURVE_FONT('continuous');
#8555 = STYLED_ITEM('color',(#8556),#4984);
#8556 = PRESENTATION_STYLE_ASSIGNMENT((#8557,#8562));
#8557 = SURFACE_STYLE_USAGE(.BOTH.,#8558);
#8558 = SURFACE_SIDE_STYLE('',(#8559));
#8559 = SURFACE_STYLE_FILL_AREA(#8560);
#8560 = FILL_AREA_STYLE('',(#8561));
#8561 = FILL_AREA_STYLE_COLOUR('',#8513);
#8562 = CURVE_STYLE('',#8563,POSITIVE_LENGTH_MEASURE(0.1),#8516);
#8563 = DRAUGHTING_PRE_DEFINED_CURVE_FONT('continuous');
#8564 = STYLED_ITEM('color',(#8565),#5218);
#8565 = PRESENTATION_STYLE_ASSIGNMENT((#8566,#8571));
#8566 = SURFACE_STYLE_USAGE(.BOTH.,#8567);
#8567 = SURFACE_SIDE_STYLE('',(#8568));
#8568 = SURFACE_STYLE_FILL_AREA(#8569);
#8569 = FILL_AREA_STYLE('',(#8570));
#8570 = FILL_AREA_STYLE_COLOUR('',#8513);
#8571 = CURVE_STYLE('',#8572,POSITIVE_LENGTH_MEASURE(0.1),#8516);
#8572 = DRAUGHTING_PRE_DEFINED_CURVE_FONT('continuous');
#8573 = STYLED_ITEM('color',(#8574),#5452);
#8574 = PRESENTATION_STYLE_ASSIGNMENT((#8575,#8580));
#8575 = SURFACE_STYLE_USAGE(.BOTH.,#8576);
#8576 = SURFACE_SIDE_STYLE('',(#8577));
#8577 = SURFACE_STYLE_FILL_AREA(#8578);
#8578 = FILL_AREA_STYLE('',(#8579));
#8579 = FILL_AREA_STYLE_COLOUR('',#8513);
#8580 = CURVE_STYLE('',#8581,POSITIVE_LENGTH_MEASURE(0.1),#8516);
#8581 = DRAUGHTING_PRE_DEFINED_CURVE_FONT('continuous');
#8582 = STYLED_ITEM('color',(#8583),#5686);
#8583 = PRESENTATION_STYLE_ASSIGNMENT((#8584,#8589));
#8584 = SURFACE_STYLE_USAGE(.BOTH.,#8585);
#8585 = SURFACE_SIDE_STYLE('',(#8586));
#8586 = SURFACE_STYLE_FILL_AREA(#8587);
#8587 = FILL_AREA_STYLE('',(#8588));
#8588 = FILL_AREA_STYLE_COLOUR('',#8513);
#8589 = CURVE_STYLE('',#8590,POSITIVE_LENGTH_MEASURE(0.1),#8516);
#8590 = DRAUGHTING_PRE_DEFINED_CURVE_FONT('continuous');
#8591 = STYLED_ITEM('color',(#8592),#5920);
#8592 = PRESENTATION_STYLE_ASSIGNMENT((#8593,#8598));
#8593 = SURFACE_STYLE_USAGE(.BOTH.,#8594);
#8594 = SURFACE_SIDE_STYLE('',(#8595));
#8595 = SURFACE_STYLE_FILL_AREA(#8596);
#8596 = FILL_AREA_STYLE('',(#8597));
#8597 = FILL_AREA_STYLE_COLOUR('',#8513);
#8598 = CURVE_STYLE('',#8599,POSITIVE_LENGTH_MEASURE(0.1),#8516);
#8599 = DRAUGHTING_PRE_DEFINED_CURVE_FONT('continuous');
#8600 = STYLED_ITEM('color',(#8601),#6154);
#8601 = PRESENTATION_STYLE_ASSIGNMENT((#8602,#8607));
#8602 = SURFACE_STYLE_USAGE(.BOTH.,#8603);
#8603 = SURFACE_SIDE_STYLE('',(#8604));
#8604 = SURFACE_STYLE_FILL_AREA(#8605);
#8605 = FILL_AREA_STYLE('',(#8606));
#8606 = FILL_AREA_STYLE_COLOUR('',#8513);
#8607 = CURVE_STYLE('',#8608,POSITIVE_LENGTH_MEASURE(0.1),#8516);
#8608 = DRAUGHTING_PRE_DEFINED_CURVE_FONT('continuous');
#8609 = STYLED_ITEM('color',(#8610),#6388);
#8610 = PRESENTATION_STYLE_ASSIGNMENT((#8611,#8616));
#8611 = SURFACE_STYLE_USAGE(.BOTH.,#8612);
#8612 = SURFACE_SIDE_STYLE('',(#8613));
#8613 = SURFACE_STYLE_FILL_AREA(#8614);
#8614 = FILL_AREA_STYLE('',(#8615));
#8615 = FILL_AREA_STYLE_COLOUR('',#8513);
#8616 = CURVE_STYLE('',#8617,POSITIVE_LENGTH_MEASURE(0.1),#8516);
#8617 = DRAUGHTING_PRE_DEFINED_CURVE_FONT('continuous');
#8618 = STYLED_ITEM('color',(#8619),#6622);
#8619 = PRESENTATION_STYLE_ASSIGNMENT((#8620,#8625));
#8620 = SURFACE_STYLE_USAGE(.BOTH.,#8621);
#8621 = SURFACE_SIDE_STYLE('',(#8622));
#8622 = SURFACE_STYLE_FILL_AREA(#8623);
#8623 = FILL_AREA_STYLE('',(#8624));
#8624 = FILL_AREA_STYLE_COLOUR('',#8513);
#8625 = CURVE_STYLE('',#8626,POSITIVE_LENGTH_MEASURE(0.1),#8516);
#8626 = DRAUGHTING_PRE_DEFINED_CURVE_FONT('continuous');
#8627 = STYLED_ITEM('color',(#8628),#6856);
#8628 = PRESENTATION_STYLE_ASSIGNMENT((#8629,#8634));
#8629 = SURFACE_STYLE_USAGE(.BOTH.,#8630);
#8630 = SURFACE_SIDE_STYLE('',(#8631));
#8631 = SURFACE_STYLE_FILL_AREA(#8632);
#8632 = FILL_AREA_STYLE('',(#8633));
#8633 = FILL_AREA_STYLE_COLOUR('',#8513);
#8634 = CURVE_STYLE('',#8635,POSITIVE_LENGTH_MEASURE(0.1),#8516);
#8635 = DRAUGHTING_PRE_DEFINED_CURVE_FONT('continuous');
#8636 = STYLED_ITEM('color',(#8637),#7090);
#8637 = PRESENTATION_STYLE_ASSIGNMENT((#8638,#8643));
#8638 = SURFACE_STYLE_USAGE(.BOTH.,#8639);
#8639 = SURFACE_SIDE_STYLE('',(#8640));
#8640 = SURFACE_STYLE_FILL_AREA(#8641);
#8641 = FILL_AREA_STYLE('',(#8642));
#8642 = FILL_AREA_STYLE_COLOUR('',#8513);
#8643 = CURVE_STYLE('',#8644,POSITIVE_LENGTH_MEASURE(0.1),#8516);
#8644 = DRAUGHTING_PRE_DEFINED_CURVE_FONT('continuous');
#8645 = STYLED_ITEM('color',(#8646),#7324);
#8646 = PRESENTATION_STYLE_ASSIGNMENT((#8647,#8652));
#8647 = SURFACE_STYLE_USAGE(.BOTH.,#8648);
#8648 = SURFACE_SIDE_STYLE('',(#8649));
#8649 = SURFACE_STYLE_FILL_AREA(#8650);
#8650 = FILL_AREA_STYLE('',(#8651));
#8651 = FILL_AREA_STYLE_COLOUR('',#8513);
#8652 = CURVE_STYLE('',#8653,POSITIVE_LENGTH_MEASURE(0.1),#8516);
#8653 = DRAUGHTING_PRE_DEFINED_CURVE_FONT('continuous');
#8654 = STYLED_ITEM('color',(#8655),#7558);
#8655 = PRESENTATION_STYLE_ASSIGNMENT((#8656,#8661));
#8656 = SURFACE_STYLE_USAGE(.BOTH.,#8657);
#8657 = SURFACE_SIDE_STYLE('',(#8658));
#8658 = SURFACE_STYLE_FILL_AREA(#8659);
#8659 = FILL_AREA_STYLE('',(#8660));
#8660 = FILL_AREA_STYLE_COLOUR('',#8513);
#8661 = CURVE_STYLE('',#8662,POSITIVE_LENGTH_MEASURE(0.1),#8516);
#8662 = DRAUGHTING_PRE_DEFINED_CURVE_FONT('continuous');
#8663 = STYLED_ITEM('color',(#8664),#7792);
#8664 = PRESENTATION_STYLE_ASSIGNMENT((#8665,#8670));
#8665 = SURFACE_STYLE_USAGE(.BOTH.,#8666);
#8666 = SURFACE_SIDE_STYLE('',(#8667));
#8667 = SURFACE_STYLE_FILL_AREA(#8668);
#8668 = FILL_AREA_STYLE('',(#8669));
#8669 = FILL_AREA_STYLE_COLOUR('',#8513);
#8670 = CURVE_STYLE('',#8671,POSITIVE_LENGTH_MEASURE(0.1),#8516);
#8671 = DRAUGHTING_PRE_DEFINED_CURVE_FONT('continuous');
#8672 = STYLED_ITEM('color',(#8673),#8026);
#8673 = PRESENTATION_STYLE_ASSIGNMENT((#8674,#8679));
#8674 = SURFACE_STYLE_USAGE(.BOTH.,#8675);
#8675 = SURFACE_SIDE_STYLE('',(#8676));
#8676 = SURFACE_STYLE_FILL_AREA(#8677);
#8677 = FILL_AREA_STYLE('',(#8678));
#8678 = FILL_AREA_STYLE_COLOUR('',#8513);
#8679 = CURVE_STYLE('',#8680,POSITIVE_LENGTH_MEASURE(0.1),#8516);
#8680 = DRAUGHTING_PRE_DEFINED_CURVE_FONT('continuous');
#8681 = STYLED_ITEM('color',(#8682),#8260);
#8682 = PRESENTATION_STYLE_ASSIGNMENT((#8683,#8688));
#8683 = SURFACE_STYLE_USAGE(.BOTH.,#8684);
#8684 = SURFACE_SIDE_STYLE('',(#8685));
#8685 = SURFACE_STYLE_FILL_AREA(#8686);
#8686 = FILL_AREA_STYLE('',(#8687));
#8687 = FILL_AREA_STYLE_COLOUR('',#8513);
#8688 = CURVE_STYLE('',#8689,POSITIVE_LENGTH_MEASURE(0.1),#8516);
#8689 = DRAUGHTING_PRE_DEFINED_CURVE_FONT('continuous');
ENDSEC;
END-ISO-10303-21;
