<COLLADA xmlns="http://www.collada.org/2005/11/COLLADASchema" version="1.4.1">
  <asset>
    <contributor/>
    <created>2026-08-18T17:07:08.550176</created>
    <modified>2026-08-18T17:07:08.550179</modified>
    <unit name="meter" meter="1.0"/>
    <up_axis>Z_UP</up_axis>
  </asset>
  <library_effects>
    <effect id="effect_OmniBase_Predeterminado_shape" name="effect_OmniBase_Predeterminado_shape">
      <profile_COMMON>
        <technique sid="common">
          <phong>
            <emission>
              <color>0.0 0.0 0.0 1.0</color>
            </emission>
            <ambient>
              <color>0.0 0.0 0.0 1.0</color>
            </ambient>
            <diffuse>
              <color>0.6784313917160034 0.7098039388656616 0.7411764860153198 1.0</color>
            </diffuse>
            <specular>
              <color>1 1 1 1.0</color>
            </specular>
            <shininess>
              <float>0.0</float>
            </shininess>
            <reflective>
              <color>0.0 0.0 0.0 1.0</color>
            </reflective>
            <reflectivity>
              <float>0.0</float>
            </reflectivity>
            <transparent>
              <color>0.0 0.0 0.0 1.0</color>
            </transparent>
            <transparency>
              <float>1.0</float>
            </transparency>
          </phong>
        </technique>
        <extra>
          <technique profile="GOOGLEEARTH">
            <double_sided>0</double_sided>
          </technique>
        </extra>
      </profile_COMMON>
    </effect>
  </library_effects>
  <library_geometries>
    <geometry id="geometry0" name="OmniBase_Predeterminado_shape">
      <mesh>
        <source id="cubeverts-array0">
          <float_array count="13026" id="cubeverts-array0-array">0.009797513 -0.0003894165 0.0405 0.009803728 -0.0006386459 0.0405 0.009803728 -0.0006386459 0.0345 0.009797513 -0.0003894165 0.0345 0.009778882 -0.0001408067 0.0405 0.009778882 -0.0001408067 0.0345 0.009747882 0.0001065654 0.0405 0.009747882 0.0001065654 0.0345 0.009704591 0.0003520848 0.0405 0.009704591 0.0003520848 0.0345 0.009649115 0.0005951411 0.0405 0.009649115 0.0005951411 0.0345 0.009581592 0.00083513 0.0405 0.009581592 0.00083513 0.0345 0.009502192 0.001071455 0.0405 0.009502192 0.001071455 0.0345 0.009411109 0.001303528 0.0405 0.009411109 0.001303528 0.0345 0.009308573 0.001530773 0.0405 0.009308573 0.001530773 0.0345 0.009194836 0.001752624 0.0405 0.009194836 0.001752624 0.0345 0.009070183 0.00196853 0.0405 0.009070183 0.00196853 0.0345 0.008934922 0.002177954 0.0405 0.008934922 0.002177954 0.0345 0.008789391 0.002380376 0.0405 0.008789391 0.002380376 0.0345 0.00863395 0.002575292 0.0405 0.00863395 0.002575292 0.0345 0.008468987 0.002762218 0.0405 0.008468987 0.002762218 0.0345 0.008294912 0.002940688 0.0405 0.008294912 0.002940688 0.0345 0.008112157 0.00311026 0.0405 0.008112157 0.00311026 0.0345 0.007921177 0.003270511 0.0405 0.007921177 0.003270511 0.0345 0.007722446 0.003421044 0.0405 0.007722446 0.003421044 0.0345 0.007516459 0.003561484 0.0405 0.007516459 0.003561484 0.0345 0.007303728 0.003691481 0.0405 0.007303728 0.003691481 0.0345 0.007084781 0.003810713 0.0405 0.007084781 0.003810713 0.0345 0.006860164 0.003918883 0.0405 0.006860164 0.003918883 0.0345 0.006630433 0.004015723 0.0405 0.006630433 0.004015723 0.0345 0.006396161 0.004100991 0.0405 0.006396161 0.004100991 0.0345 0.00615793 0.004174475 0.0405 0.00615793 0.004174475 0.0345 0.005916333 0.004235994 0.0405 0.005916333 0.004235994 0.0345 0.005671969 0.004285393 0.0405 0.005671969 0.004285393 0.0345 0.005425447 0.00432255 0.0405 0.005425447 0.00432255 0.0345 0.005177379 0.004347373 0.0405 0.005177379 0.004347373 0.0345 0.004928381 0.0043598 0.0405 0.004928381 0.0043598 0.0345 0.004679075 0.0043598 0.0405 0.004679075 0.0043598 0.0345 0.004430078 0.004347373 0.0405 0.004430078 0.004347373 0.0345 0.00418201 0.00432255 0.0405 0.00418201 0.00432255 0.0345 0.003935487 0.004285393 0.0405 0.003935487 0.004285393 0.0345 0.003691123 0.004235994 0.0405 0.003691123 0.004235994 0.0345 0.003449526 0.004174475 0.0405 0.003449526 0.004174475 0.0345 0.003211295 0.004100991 0.0345 0.003211295 0.004100991 0.0405 0.002977023 0.004015723 0.0405 0.002977023 0.004015723 0.0345 0.002747293 0.003918883 0.0405 0.002747293 0.003918883 0.0345 0.002522675 0.003810713 0.0405 0.002522675 0.003810713 0.0345 0.002303728 0.003691481 0.0405 0.002303728 0.003691481 0.0345 0.002090997 0.003561484 0.0405 0.002090997 0.003561484 0.0345 0.00188501 0.003421044 0.0405 0.00188501 0.003421044 0.0345 0.001686279 0.003270511 0.0405 0.001686279 0.003270511 0.0345 0.001495299 0.00311026 0.0405 0.001495299 0.00311026 0.0345 0.001312544 0.002940688 0.0405 0.001312544 0.002940688 0.0345 0.001138469 0.002762218 0.0405 0.001138469 0.002762218 0.0345 0.0009735058 0.002575292 0.0405 0.0009735058 0.002575292 0.0345 0.0008180655 0.002380376 0.0405 0.0008180655 0.002380376 0.0345 0.0006725341 0.002177954 0.0405 0.0006725341 0.002177954 0.0345 0.0005372736 0.00196853 0.0405 0.0005372736 0.00196853 0.0345 0.0004126201 0.001752624 0.0405 0.0004126201 0.001752624 0.0345 0.0002988836 0.001530773 0.0405 0.0002988836 0.001530773 0.0345 0.0001963469 0.001303528 0.0405 0.0001963469 0.001303528 0.0345 0.0001052649 0.001071455 0.0405 0.0001052649 0.001071455 0.0345 2.586397e-05 0.00083513 0.0345 2.586397e-05 0.00083513 0.0405 -4.165843e-05 0.0005951411 0.0405 -4.165843e-05 0.0005951411 0.0345 -9.713444e-05 0.0003520848 0.0405 -9.713444e-05 0.0003520848 0.0345 -0.0001404261 0.0001065654 0.0345 -0.0001404261 0.0001065654 0.0405 -0.0001714259 -0.0001408067 0.0405 -0.0001714259 -0.0001408067 0.0345 -0.0001900566 -0.0003894165 0.0405 -0.0001900566 -0.0003894165 0.0345 -0.000196272 -0.0006386459 0.0405 -0.000196272 -0.0006386459 0.0345 -0.004396272 0.007361354 0.04272745 -0.00458953 0.00722413 0.04292059 -0.004392173 0.007262259 0.04272745 -0.004379906 0.007163841 0.04272745 -0.004569371 0.007088228 0.04292059 -0.004359552 0.007066772 0.04272745 -0.004788568 0.007204526 0.04311372 -0.005196272 0.007361354 0.0435 -0.004535988 0.006954956 0.04292059 -0.004331253 0.006971714 0.04272745 -0.004765529 0.00704921 0.04311372 -0.004489703 0.006825597 0.04292059 -0.0042952 0.00687932 0.04272745 -0.005193786 0.007261662 0.0435 -0.004987605 0.007184923 0.04330686 -0.005186334 0.007162219 0.0435 -0.005173934 0.00706327 0.0435 -0.004727376 0.006896899 0.04311372 -0.004430962 0.006701399 0.04292059 -0.00425164 0.006790217 0.04272745 -0.004200872 0.006705016 0.04272745 -0.004961686 0.007010191 0.04330686 -0.005156617 0.006965062 0.0435 -0.005134427 0.006867839 0.0435 -0.004674479 0.006749061 0.04311372 -0.00436033 0.006583556 0.04292059 -0.00414324 0.006624299 0.04272745 -0.004918765 0.006838841 0.04330686 -0.005107418 0.006771844 0.0435 -0.005075657 0.006677314 0.0435 -0.004607346 0.006607119 0.04311372 -0.004278487 0.006473204 0.04292059 -0.004079141 0.006548616 0.04272745 -0.005039225 0.006584485 0.0435 -0.004859255 0.006672524 0.04330686 -0.00499821 0.006493587 0.0435 -0.004526623 0.006472442 0.04311372 -0.004186222 0.006371405 0.04292059 -0.00400901 0.006478486 0.04272745 -0.004952715 0.006404846 0.0435 -0.004783731 0.00651284 0.04330686 -0.004902854 0.006318484 0.0435 -0.004433089 0.006346325 0.04311372 -0.004084423 0.00627914 0.04292059 -0.003933327 0.006414385 0.04272745 -0.00484875 0.006234714 0.0435 -0.004692917 0.006361328 0.04330686 -0.004790537 0.006153745 0.0435 -0.004327643 0.006229983 0.04311372 -0.00397407 0.006197297 0.04292059 -0.00385261 0.006356754 0.04272745 -0.004587691 0.006219446 0.04330686 -0.004728361 0.006075779 0.0435 -0.004662376 0.006001009 0.0435 -0.004211301 0.006124537 0.04311372 -0.003856227 0.006126664 0.04292059 -0.003767409 0.006305985 0.04272745 -0.003678307 0.006262426 0.04272745 -0.004469064 0.006088562 0.04330686 -0.004592746 0.00592962 0.0435 -0.004519644 0.005861792 0.0435 -0.004085185 0.006031003 0.04311372 -0.003732029 0.006067923 0.04292059 -0.003585911 0.006226373 0.04272745 -0.00433818 0.005969935 0.04330686 -0.004443252 0.005797691 0.0435 -0.00436376 0.005737478 0.0435 -0.003950507 0.00595028 0.04311372 -0.00360267 0.006021637 0.04292059 -0.003490855 0.006198074 0.04272745 -0.004196299 0.005864709 0.04330686 -0.004281364 0.005681302 0.0435 -0.004196272 0.005629303 0.0435 -0.003808565 0.005883147 0.04311372 -0.003469398 0.005988255 0.04292059 -0.003393785 0.006177721 0.04272745 -0.004044786 0.005773896 0.04330686 -0.004108693 0.005581611 0.0435 -0.004018846 0.005538342 0.0435 -0.003660728 0.005830249 0.04311372 -0.003333496 0.005968095 0.04292059 -0.003295367 0.006165452 0.04272745 -0.003885102 0.005698371 0.04330686 -0.003926954 0.005499607 0.0435 -0.003833245 0.005465499 0.0435 -0.003508416 0.005792098 0.04311372 -0.003196272 0.005961354 0.04292059 -0.003196272 0.006161354 0.04272745 -0.003097177 0.006165452 0.04272745 -0.003718784 0.005638862 0.04330686 -0.003737953 0.005436106 0.0435 -0.003641314 0.005411498 0.0435 -0.003353099 0.005769059 0.04311372 -0.003059048 0.005968095 0.04292059 -0.002998759 0.006177721 0.04272745 -0.003547435 0.005595941 0.04330686 -0.003543568 0.005391738 0.0435 -0.003444959 0.005376876 0.0435 -0.003196272 0.005761354 0.04311372 -0.002923146 0.005988255 0.04292059 -0.00290169 0.006198074 0.04272745 -0.003372703 0.005570022 0.04330686 -0.003345732 0.005366947 0.0435 -0.003246133 0.005361976 0.0435 -0.003039445 0.005769059 0.04311372 -0.002789873 0.006021637 0.04292059 -0.002806633 0.006226373 0.04272745 -0.003196272 0.005561354 0.04330686 -0.003146411 0.005361976 0.0435 -0.002884127 0.005792098 0.04311372 -0.002660515 0.006067923 0.04292059 -0.002714237 0.006262426 0.04272745 -0.003019841 0.005570022 0.04330686 -0.003046812 0.005366947 0.0435 -0.002947585 0.005376876 0.0435 -0.002731817 0.005830249 0.04311372 -0.002536317 0.006126664 0.04292059 -0.002625135 0.006305985 0.04272745 -0.002539934 0.006356754 0.04272745 -0.002848976 0.005391738 0.0435 -0.002845109 0.005595941 0.04330686 -0.00275123 0.005411498 0.0435 -0.002583978 0.005883147 0.04311372 -0.002418474 0.006197297 0.04292059 -0.002459217 0.006414385 0.04272745 -0.002654591 0.005436106 0.0435 -0.00267376 0.005638862 0.04330686 -0.002559299 0.005465499 0.0435 -0.002442037 0.00595028 0.04311372 -0.002308121 0.00627914 0.04292059 -0.002383534 0.006478486 0.04272745 -0.00246559 0.005499607 0.0435 -0.002507442 0.005698371 0.04330686 -0.002373698 0.005538342 0.0435 -0.00230736 0.006031003 0.04311372 -0.002206322 0.006371405 0.04292059 -0.002313403 0.006548616 0.04272745 -0.002283851 0.005581611 0.0435 -0.002347758 0.005773896 0.04330686 -0.002196272 0.005629303 0.0435 -0.002181243 0.006124537 0.04311372 -0.002114057 0.006473204 0.04292059 -0.002249303 0.006624299 0.04272745 -0.002196246 0.005864709 0.04330686 -0.00211118 0.005681302 0.0435 -0.002028785 0.005737478 0.0435 -0.002064901 0.006229983 0.04311372 -0.002032215 0.006583556 0.04292059 -0.002191672 0.006705016 0.04272745 -0.002054364 0.005969935 0.04330686 -0.001949292 0.005797691 0.0435 -0.0018729 0.005861792 0.0435 -0.001959455 0.006346325 0.04311372 -0.001961582 0.006701399 0.04292059 -0.002140903 0.006790217 0.04272745 -0.002097344 0.00687932 0.04272745 -0.00192348 0.006088562 0.04330686 -0.001799798 0.00592962 0.0435 -0.001730168 0.006001009 0.0435 -0.001865921 0.006472442 0.04311372 -0.001902841 0.006825597 0.04292059 -0.002061291 0.006971714 0.04272745 -0.001804853 0.006219446 0.04330686 -0.001664183 0.006075779 0.0435 -0.001602007 0.006153745 0.0435 -0.001785198 0.006607119 0.04311372 -0.001856556 0.006954956 0.04292059 -0.002032992 0.007066772 0.04272745 -0.001699627 0.006361328 0.04330686 -0.001543794 0.006234714 0.0435 -0.00148969 0.006318484 0.0435 -0.001718065 0.006749061 0.04311372 -0.001823173 0.007088228 0.04292059 -0.002012638 0.007163841 0.04272745 -0.001608814 0.00651284 0.04330686 -0.001439829 0.006404846 0.0435 -0.001394334 0.006493587 0.0435 -0.001665167 0.006896899 0.04311372 -0.001803013 0.00722413 0.04292059 -0.002000371 0.007262259 0.04272745 -0.001996272 0.007361354 0.04272745 -0.001533289 0.006672524 0.04330686 -0.00135332 0.006584485 0.0435 -0.001316887 0.006677314 0.0435 -0.001627016 0.00704921 0.04311372 -0.001473779 0.006838841 0.04330686 -0.001285126 0.006771844 0.0435 -0.001258117 0.006867839 0.0435 -0.001603976 0.007204526 0.04311372 -0.001196272 0.007361354 0.0435 -0.001430858 0.007010191 0.04330686 -0.001235927 0.006965062 0.0435 -0.00121861 0.00706327 0.0435 -0.00140494 0.007184923 0.04330686 -0.00120621 0.007162219 0.0435 -0.001198758 0.007261662 0.0435 -0.004396272 0.007361354 0.0405 -0.004392173 0.007262259 0.0405 -0.004379906 0.007163841 0.0405 -0.004359552 0.007066772 0.0405 -0.004331253 0.006971714 0.0405 -0.0042952 0.00687932 0.0405 -0.00425164 0.006790217 0.0405 -0.004200872 0.006705016 0.0405 -0.00414324 0.006624299 0.0405 -0.004079141 0.006548616 0.0405 -0.00400901 0.006478486 0.0405 -0.003933327 0.006414385 0.0405 -0.00385261 0.006356754 0.0405 -0.003767409 0.006305985 0.0405 -0.003678307 0.006262426 0.0405 -0.003585911 0.006226373 0.0405 -0.003490855 0.006198074 0.0405 -0.003393785 0.006177721 0.0405 -0.003295367 0.006165452 0.0405 -0.003196272 0.006161354 0.0405 -0.003097177 0.006165452 0.0405 -0.002998759 0.006177721 0.0405 -0.00290169 0.006198074 0.0405 -0.002806633 0.006226373 0.0405 -0.002714237 0.006262426 0.0405 -0.002625135 0.006305985 0.0405 -0.002539934 0.006356754 0.0405 -0.002459217 0.006414385 0.0405 -0.002383534 0.006478486 0.0405 -0.002313403 0.006548616 0.0405 -0.002249303 0.006624299 0.0405 -0.002191672 0.006705016 0.0405 -0.002140903 0.006790217 0.0405 -0.002097344 0.00687932 0.0405 -0.002061291 0.006971714 0.0405 -0.002032992 0.007066772 0.0405 -0.002012638 0.007163841 0.0405 -0.002000371 0.007262259 0.0405 -0.001996272 0.007361354 0.0405 0.01160373 0.007361354 0.04272745 0.01141047 0.00722413 0.04292059 0.01160783 0.007262259 0.04272745 0.01162009 0.007163841 0.04272745 0.01143063 0.007088228 0.04292059 0.01164045 0.007066772 0.04272745 0.01121143 0.007204526 0.04311372 0.01080373 0.007361354 0.0435 0.01146401 0.006954956 0.04292059 0.01166875 0.006971714 0.04272745 0.01123447 0.00704921 0.04311372 0.0115103 0.006825597 0.04292059 0.0117048 0.00687932 0.04272745 0.01080621 0.007261662 0.0435 0.0110124 0.007184923 0.04330686 0.01081367 0.007162219 0.0435 0.01082607 0.00706327 0.0435 0.01127262 0.006896899 0.04311372 0.01156904 0.006701399 0.04292059 0.01174836 0.006790217 0.04272745 0.01179913 0.006705016 0.04272745 0.01103831 0.007010191 0.04330686 0.01084338 0.006965062 0.0435 0.01086557 0.006867839 0.0435 0.01132552 0.006749061 0.04311372 0.01163967 0.006583556 0.04292059 0.01185676 0.006624299 0.04272745 0.01108123 0.006838841 0.04330686 0.01089258 0.006771844 0.0435 0.01092434 0.006677314 0.0435 0.01139265 0.006607119 0.04311372 0.01172151 0.006473204 0.04292059 0.01192086 0.006548616 0.04272745 0.01096078 0.006584485 0.0435 0.01114075 0.006672524 0.04330686 0.01100179 0.006493587 0.0435 0.01147338 0.006472442 0.04311372 0.01181378 0.006371405 0.04292059 0.01199099 0.006478486 0.04272745 0.01104729 0.006404846 0.0435 0.01121627 0.00651284 0.04330686 0.01109715 0.006318484 0.0435 0.01156691 0.006346325 0.04311372 0.01191558 0.00627914 0.04292059 0.01206667 0.006414385 0.04272745 0.01115125 0.006234714 0.0435 0.01130708 0.006361328 0.04330686 0.01120946 0.006153745 0.0435 0.01167236 0.006229983 0.04311372 0.01202593 0.006197297 0.04292059 0.01214739 0.006356754 0.04272745 0.01141231 0.006219446 0.04330686 0.01127164 0.006075779 0.0435 0.01133762 0.006001009 0.0435 0.0117887 0.006124537 0.04311372 0.01214377 0.006126664 0.04292059 0.01223259 0.006305985 0.04272745 0.01232169 0.006262426 0.04272745 0.01153094 0.006088562 0.04330686 0.01140725 0.00592962 0.0435 0.01148036 0.005861792 0.0435 0.01191482 0.006031003 0.04311372 0.01226797 0.006067923 0.04292059 0.01241409 0.006226373 0.04272745 0.01166182 0.005969935 0.04330686 0.01155675 0.005797691 0.0435 0.01163624 0.005737478 0.0435 0.01204949 0.00595028 0.04311372 0.01239733 0.006021637 0.04292059 0.01250915 0.006198074 0.04272745 0.0118037 0.005864709 0.04330686 0.01171864 0.005681302 0.0435 0.01180373 0.005629303 0.0435 0.01219143 0.005883147 0.04311372 0.0125306 0.005988255 0.04292059 0.01260621 0.006177721 0.04272745 0.01195521 0.005773896 0.04330686 0.01189131 0.005581611 0.0435 0.01198115 0.005538342 0.0435 0.01233927 0.005830249 0.04311372 0.0126665 0.005968095 0.04292059 0.01270463 0.006165452 0.04272745 0.0121149 0.005698371 0.04330686 0.01207305 0.005499607 0.0435 0.01216675 0.005465499 0.0435 0.01249158 0.005792098 0.04311372 0.01280373 0.005961354 0.04292059 0.01280373 0.006161354 0.04272745 0.01290282 0.006165452 0.04272745 0.01228122 0.005638862 0.04330686 0.01226205 0.005436106 0.0435 0.01235869 0.005411498 0.0435 0.0126469 0.005769059 0.04311372 0.01294095 0.005968095 0.04292059 0.01300124 0.006177721 0.04272745 0.01245257 0.005595941 0.04330686 0.01245643 0.005391738 0.0435 0.01255504 0.005376876 0.0435 0.01280373 0.005761354 0.04311372 0.01307685 0.005988255 0.04292059 0.01309831 0.006198074 0.04272745 0.0126273 0.005570022 0.04330686 0.01265427 0.005366947 0.0435 0.01275387 0.005361976 0.0435 0.01296056 0.005769059 0.04311372 0.01321013 0.006021637 0.04292059 0.01319337 0.006226373 0.04272745 0.01280373 0.005561354 0.04330686 0.01285359 0.005361976 0.0435 0.01311587 0.005792098 0.04311372 0.01333949 0.006067923 0.04292059 0.01328576 0.006262426 0.04272745 0.01295319 0.005366947 0.0435 0.01298016 0.005570022 0.04330686 0.01305242 0.005376876 0.0435 0.01326818 0.005830249 0.04311372 0.01346368 0.006126664 0.04292059 0.01337486 0.006305985 0.04272745 0.01346007 0.006356754 0.04272745 0.01315102 0.005391738 0.0435 0.01315489 0.005595941 0.04330686 0.01324877 0.005411498 0.0435 0.01341602 0.005883147 0.04311372 0.01358153 0.006197297 0.04292059 0.01354078 0.006414385 0.04272745 0.01334541 0.005436106 0.0435 0.01332624 0.005638862 0.04330686 0.0134407 0.005465499 0.0435 0.01355796 0.00595028 0.04311372 0.01369188 0.00627914 0.04292059 0.01361647 0.006478486 0.04272745 0.01353441 0.005499607 0.0435 0.01349256 0.005698371 0.04330686 0.0136263 0.005538342 0.0435 0.01369264 0.006031003 0.04311372 0.01379368 0.006371405 0.04292059 0.0136866 0.006548616 0.04272745 0.01371615 0.005581611 0.0435 0.01365224 0.005773896 0.04330686 0.01380373 0.005629303 0.0435 0.01381876 0.006124537 0.04311372 0.01388594 0.006473204 0.04292059 0.0137507 0.006624299 0.04272745 0.01388882 0.005681302 0.0435 0.01380375 0.005864709 0.04330686 0.01397122 0.005737478 0.0435 0.0139351 0.006229983 0.04311372 0.01396779 0.006583556 0.04292059 0.01380833 0.006705016 0.04272745 0.01394564 0.005969935 0.04330686 0.01405071 0.005797691 0.0435 0.0141271 0.005861792 0.0435 0.01404054 0.006346325 0.04311372 0.01403842 0.006701399 0.04292059 0.0138591 0.006790217 0.04272745 0.01390266 0.00687932 0.04272745 0.01407652 0.006088562 0.04330686 0.0142002 0.00592962 0.0435 0.01426983 0.006001009 0.0435 0.01413408 0.006472442 0.04311372 0.01409716 0.006825597 0.04292059 0.01393871 0.006971714 0.04272745 0.01419515 0.006219446 0.04330686 0.01433582 0.006075779 0.0435 0.01439799 0.006153745 0.0435 0.0142148 0.006607119 0.04311372 0.01414344 0.006954956 0.04292059 0.01396701 0.007066772 0.04272745 0.01430037 0.006361328 0.04330686 0.01445621 0.006234714 0.0435 0.01451031 0.006318484 0.0435 0.01428194 0.006749061 0.04311372 0.01417683 0.007088228 0.04292059 0.01398736 0.007163841 0.04272745 0.01439119 0.00651284 0.04330686 0.01456017 0.006404846 0.0435 0.01460567 0.006493587 0.0435 0.01433483 0.006896899 0.04311372 0.01419699 0.00722413 0.04292059 0.01399963 0.007262259 0.04272745 0.01400373 0.007361354 0.04272745 0.01446671 0.006672524 0.04330686 0.01464668 0.006584485 0.0435 0.01468311 0.006677314 0.0435 0.01437298 0.00704921 0.04311372 0.01452622 0.006838841 0.04330686 0.01471487 0.006771844 0.0435 0.01474188 0.006867839 0.0435 0.01439602 0.007204526 0.04311372 0.01480373 0.007361354 0.0435 0.01456914 0.007010191 0.04330686 0.01476407 0.006965062 0.0435 0.01478139 0.00706327 0.0435 0.01459506 0.007184923 0.04330686 0.01479379 0.007162219 0.0435 0.01480124 0.007261662 0.0435 0.01160373 0.007361354 0.0405 0.01160783 0.007262259 0.0405 0.01162009 0.007163841 0.0405 0.01164045 0.007066772 0.0405 0.01166875 0.006971714 0.0405 0.0117048 0.00687932 0.0405 0.01174836 0.006790217 0.0405 0.01179913 0.006705016 0.0405 0.01185676 0.006624299 0.0405 0.01192086 0.006548616 0.0405 0.01199099 0.006478486 0.0405 0.01206667 0.006414385 0.0405 0.01214739 0.006356754 0.0405 0.01223259 0.006305985 0.0405 0.01232169 0.006262426 0.0405 0.01241409 0.006226373 0.0405 0.01250915 0.006198074 0.0405 0.01260621 0.006177721 0.0405 0.01270463 0.006165452 0.0405 0.01280373 0.006161354 0.0405 0.01290282 0.006165452 0.0405 0.01300124 0.006177721 0.0405 0.01309831 0.006198074 0.0405 0.01319337 0.006226373 0.0405 0.01328576 0.006262426 0.0405 0.01337486 0.006305985 0.0405 0.01346007 0.006356754 0.0405 0.01354078 0.006414385 0.0405 0.01361647 0.006478486 0.0405 0.0136866 0.006548616 0.0405 0.0137507 0.006624299 0.0405 0.01380833 0.006705016 0.0405 0.0138591 0.006790217 0.0405 0.01390266 0.00687932 0.0405 0.01393871 0.006971714 0.0405 0.01396701 0.007066772 0.0405 0.01398736 0.007163841 0.0405 0.01399963 0.007262259 0.0405 0.01400373 0.007361354 0.0405 0.01160373 -0.008638646 0.04272745 0.01141047 -0.00877587 0.04292059 0.01160783 -0.008737741 0.04272745 0.01162009 -0.00883616 0.04272745 0.01143063 -0.008911773 0.04292059 0.01164045 -0.008933228 0.04272745 0.01121143 -0.008795473 0.04311372 0.01080373 -0.008638646 0.0435 0.01146401 -0.009045045 0.04292059 0.01166875 -0.009028285 0.04272745 0.01123447 -0.00895079 0.04311372 0.0115103 -0.009174403 0.04292059 0.0117048 -0.009120681 0.04272745 0.01080621 -0.008738338 0.0435 0.0110124 -0.008815077 0.04330686 0.01081367 -0.008837782 0.0435 0.01082607 -0.00893673 0.0435 0.01127262 -0.009103102 0.04311372 0.01156904 -0.009298601 0.04292059 0.01174836 -0.009209783 0.04272745 0.01179913 -0.009294984 0.04272745 0.01103831 -0.008989808 0.04330686 0.01084338 -0.009034938 0.0435 0.01086557 -0.009132161 0.0435 0.01132552 -0.009250939 0.04311372 0.01163967 -0.009416444 0.04292059 0.01185676 -0.009375701 0.04272745 0.01108123 -0.009161159 0.04330686 0.01089258 -0.009228156 0.0435 0.01092434 -0.009322686 0.0435 0.01139265 -0.00939288 0.04311372 0.01172151 -0.009526796 0.04292059 0.01192086 -0.009451384 0.04272745 0.01096078 -0.009415516 0.0435 0.01114075 -0.009327477 0.04330686 0.01100179 -0.009506413 0.0435 0.01147338 -0.009527558 0.04311372 0.01181378 -0.009628595 0.04292059 0.01199099 -0.009521515 0.04272745 0.01104729 -0.009595154 0.0435 0.01121627 -0.00948716 0.04330686 0.01109715 -0.009681517 0.0435 0.01156691 -0.009653675 0.04311372 0.01191558 -0.00972086 0.04292059 0.01206667 -0.009585614 0.04272745 0.01130708 -0.009638672 0.04330686 0.01115125 -0.009765286 0.0435 0.01120946 -0.009846254 0.0435 0.01167236 -0.009770017 0.04311372 0.01202593 -0.009802703 0.04292059 0.01214739 -0.009643246 0.04272745 0.01141231 -0.009780554 0.04330686 0.01127164 -0.009924221 0.0435 0.01133762 -0.009998991 0.0435 0.0117887 -0.009875463 0.04311372 0.01214377 -0.009873336 0.04292059 0.01223259 -0.009694015 0.04272745 0.01232169 -0.009737574 0.04272745 0.01140725 -0.01007038 0.0435 0.01153094 -0.009911438 0.04330686 0.01148036 -0.01013821 0.0435 0.01191482 -0.009968997 0.04311372 0.01226797 -0.009932077 0.04292059 0.01241409 -0.009773626 0.04272745 0.01166182 -0.01003006 0.04330686 0.01155675 -0.01020231 0.0435 0.01163624 -0.01026252 0.0435 0.01204949 -0.01004972 0.04311372 0.01239733 -0.009978362 0.04292059 0.01250915 -0.009801927 0.04272745 0.01171864 -0.0103187 0.0435 0.0118037 -0.01013529 0.04330686 0.01180373 -0.0103707 0.0435 0.01219143 -0.01011685 0.04311372 0.0125306 -0.01001175 0.04292059 0.01260621 -0.00982228 0.04272745 0.01195521 -0.0102261 0.04330686 0.01189131 -0.01041839 0.0435 0.01198115 -0.01046166 0.0435 0.01233927 -0.01016975 0.04311372 0.0126665 -0.0100319 0.04292059 0.01270463 -0.009834547 0.04272745 0.01207305 -0.01050039 0.0435 0.0121149 -0.01030163 0.04330686 0.01216675 -0.0105345 0.0435 0.01249158 -0.0102079 0.04311372 0.01280373 -0.01003865 0.04292059 0.01280373 -0.009838646 0.04272745 0.01290282 -0.009834547 0.04272745 0.01228122 -0.01036114 0.04330686 0.01226205 -0.01056389 0.0435 0.01235869 -0.0105885 0.0435 0.0126469 -0.01023094 0.04311372 0.01294095 -0.0100319 0.04292059 0.01300124 -0.00982228 0.04272745 0.01245257 -0.01040406 0.04330686 0.01245643 -0.01060826 0.0435 0.01255504 -0.01062312 0.0435 0.01280373 -0.01023865 0.04311372 0.01307685 -0.01001175 0.04292059 0.01309831 -0.009801927 0.04272745 0.0126273 -0.01042998 0.04330686 0.01265427 -0.01063305 0.0435 0.01275387 -0.01063802 0.0435 0.01296056 -0.01023094 0.04311372 0.01321013 -0.009978362 0.04292059 0.01319337 -0.009773626 0.04272745 0.01280373 -0.01043865 0.04330686 0.01285359 -0.01063802 0.0435 0.01311587 -0.0102079 0.04311372 0.01333949 -0.009932077 0.04292059 0.01328576 -0.009737574 0.04272745 0.01298016 -0.01042998 0.04330686 0.01295319 -0.01063305 0.0435 0.01305242 -0.01062312 0.0435 0.01326818 -0.01016975 0.04311372 0.01346368 -0.009873336 0.04292059 0.01337486 -0.009694015 0.04272745 0.01346007 -0.009643246 0.04272745 0.01315489 -0.01040406 0.04330686 0.01315102 -0.01060826 0.0435 0.01324877 -0.0105885 0.0435 0.01341602 -0.01011685 0.04311372 0.01358153 -0.009802703 0.04292059 0.01354078 -0.009585614 0.04272745 0.01334541 -0.01056389 0.0435 0.01332624 -0.01036114 0.04330686 0.0134407 -0.0105345 0.0435 0.01355796 -0.01004972 0.04311372 0.01369188 -0.00972086 0.04292059 0.01361647 -0.009521515 0.04272745 0.01353441 -0.01050039 0.0435 0.01349256 -0.01030163 0.04330686 0.0136263 -0.01046166 0.0435 0.01369264 -0.009968997 0.04311372 0.01379368 -0.009628595 0.04292059 0.0136866 -0.009451384 0.04272745 0.01371615 -0.01041839 0.0435 0.01365224 -0.0102261 0.04330686 0.01380373 -0.0103707 0.0435 0.01381876 -0.009875463 0.04311372 0.01388594 -0.009526796 0.04292059 0.0137507 -0.009375701 0.04272745 0.01380375 -0.01013529 0.04330686 0.01388882 -0.0103187 0.0435 0.01397122 -0.01026252 0.0435 0.0139351 -0.009770017 0.04311372 0.01396779 -0.009416444 0.04292059 0.01380833 -0.009294984 0.04272745 0.01394564 -0.01003006 0.04330686 0.01405071 -0.01020231 0.0435 0.0141271 -0.01013821 0.0435 0.01404054 -0.009653675 0.04311372 0.01403842 -0.009298601 0.04292059 0.0138591 -0.009209783 0.04272745 0.01390266 -0.009120681 0.04272745 0.01407652 -0.009911438 0.04330686 0.0142002 -0.01007038 0.0435 0.01426983 -0.009998991 0.0435 0.01413408 -0.009527558 0.04311372 0.01409716 -0.009174403 0.04292059 0.01393871 -0.009028285 0.04272745 0.01419515 -0.009780554 0.04330686 0.01433582 -0.009924221 0.0435 0.01439799 -0.009846254 0.0435 0.0142148 -0.00939288 0.04311372 0.01414344 -0.009045045 0.04292059 0.01396701 -0.008933228 0.04272745 0.01430037 -0.009638672 0.04330686 0.01445621 -0.009765286 0.0435 0.01451031 -0.009681517 0.0435 0.01428194 -0.009250939 0.04311372 0.01417683 -0.008911773 0.04292059 0.01398736 -0.00883616 0.04272745 0.01439119 -0.00948716 0.04330686 0.01456017 -0.009595154 0.0435 0.01460567 -0.009506413 0.0435 0.01433483 -0.009103102 0.04311372 0.01419699 -0.00877587 0.04292059 0.01399963 -0.008737741 0.04272745 0.01400373 -0.008638646 0.04272745 0.01446671 -0.009327477 0.04330686 0.01464668 -0.009415516 0.0435 0.01468311 -0.009322686 0.0435 0.01437298 -0.00895079 0.04311372 0.01452622 -0.009161159 0.04330686 0.01471487 -0.009228156 0.0435 0.01474188 -0.009132161 0.0435 0.01439602 -0.008795473 0.04311372 0.01480373 -0.008638646 0.0435 0.01456914 -0.008989808 0.04330686 0.01476407 -0.009034938 0.0435 0.01478139 -0.00893673 0.0435 0.01479379 -0.008837782 0.0435 0.01459506 -0.008815077 0.04330686 0.01480124 -0.008738338 0.0435 0.01160373 -0.008638646 0.0405 0.01160783 -0.008737741 0.0405 0.01162009 -0.00883616 0.0405 0.01164045 -0.008933228 0.0405 0.01166875 -0.009028285 0.0405 0.0117048 -0.009120681 0.0405 0.01174836 -0.009209783 0.0405 0.01179913 -0.009294984 0.0405 0.01185676 -0.009375701 0.0405 0.01192086 -0.009451384 0.0405 0.01199099 -0.009521515 0.0405 0.01206667 -0.009585614 0.0405 0.01214739 -0.009643246 0.0405 0.01223259 -0.009694015 0.0405 0.01232169 -0.009737574 0.0405 0.01241409 -0.009773626 0.0405 0.01250915 -0.009801927 0.0405 0.01260621 -0.00982228 0.0405 0.01270463 -0.009834547 0.0405 0.01280373 -0.009838646 0.0405 0.01290282 -0.009834547 0.0405 0.01300124 -0.00982228 0.0405 0.01309831 -0.009801927 0.0405 0.01319337 -0.009773626 0.0405 0.01328576 -0.009737574 0.0405 0.01337486 -0.009694015 0.0405 0.01346007 -0.009643246 0.0405 0.01354078 -0.009585614 0.0405 0.01361647 -0.009521515 0.0405 0.0136866 -0.009451384 0.0405 0.0137507 -0.009375701 0.0405 0.01380833 -0.009294984 0.0405 0.0138591 -0.009209783 0.0405 0.01390266 -0.009120681 0.0405 0.01393871 -0.009028285 0.0405 0.01396701 -0.008933228 0.0405 0.01398736 -0.00883616 0.0405 0.01399963 -0.008737741 0.0405 0.01400373 -0.008638646 0.0405 -0.004396272 -0.008638646 0.04272745 -0.00458953 -0.00877587 0.04292059 -0.004392173 -0.008737741 0.04272745 -0.004379906 -0.00883616 0.04272745 -0.004569371 -0.008911773 0.04292059 -0.004359552 -0.008933228 0.04272745 -0.004788568 -0.008795473 0.04311372 -0.005196272 -0.008638646 0.0435 -0.004535988 -0.009045045 0.04292059 -0.004331253 -0.009028285 0.04272745 -0.004765529 -0.00895079 0.04311372 -0.004489703 -0.009174403 0.04292059 -0.0042952 -0.009120681 0.04272745 -0.005193786 -0.008738338 0.0435 -0.004987605 -0.008815077 0.04330686 -0.005186334 -0.008837782 0.0435 -0.005173934 -0.00893673 0.0435 -0.004727376 -0.009103102 0.04311372 -0.004430962 -0.009298601 0.04292059 -0.00425164 -0.009209783 0.04272745 -0.004200872 -0.009294984 0.04272745 -0.004961686 -0.008989808 0.04330686 -0.005156617 -0.009034938 0.0435 -0.005134427 -0.009132161 0.0435 -0.004674479 -0.009250939 0.04311372 -0.00436033 -0.009416444 0.04292059 -0.00414324 -0.009375701 0.04272745 -0.004918765 -0.009161159 0.04330686 -0.005107418 -0.009228156 0.0435 -0.005075657 -0.009322686 0.0435 -0.004607346 -0.00939288 0.04311372 -0.004278487 -0.009526796 0.04292059 -0.004079141 -0.009451384 0.04272745 -0.005039225 -0.009415516 0.0435 -0.004859255 -0.009327477 0.04330686 -0.00499821 -0.009506413 0.0435 -0.004526623 -0.009527558 0.04311372 -0.004186222 -0.009628595 0.04292059 -0.00400901 -0.009521515 0.04272745 -0.004952715 -0.009595154 0.0435 -0.004783731 -0.00948716 0.04330686 -0.004902854 -0.009681517 0.0435 -0.004433089 -0.009653675 0.04311372 -0.004084423 -0.00972086 0.04292059 -0.003933327 -0.009585614 0.04272745 -0.00484875 -0.009765286 0.0435 -0.004692917 -0.009638672 0.04330686 -0.004790537 -0.009846254 0.0435 -0.004327643 -0.009770017 0.04311372 -0.00397407 -0.009802703 0.04292059 -0.00385261 -0.009643246 0.04272745 -0.004587691 -0.009780554 0.04330686 -0.004728361 -0.009924221 0.0435 -0.004662376 -0.009998991 0.0435 -0.004211301 -0.009875463 0.04311372 -0.003856227 -0.009873336 0.04292059 -0.003767409 -0.009694015 0.04272745 -0.003678307 -0.009737574 0.04272745 -0.004469064 -0.009911438 0.04330686 -0.004592746 -0.01007038 0.0435 -0.004519644 -0.01013821 0.0435 -0.004085185 -0.009968997 0.04311372 -0.003732029 -0.009932077 0.04292059 -0.003585911 -0.009773626 0.04272745 -0.00433818 -0.01003006 0.04330686 -0.004443252 -0.01020231 0.0435 -0.00436376 -0.01026252 0.0435 -0.003950507 -0.01004972 0.04311372 -0.00360267 -0.009978362 0.04292059 -0.003490855 -0.009801927 0.04272745 -0.004196299 -0.01013529 0.04330686 -0.004281364 -0.0103187 0.0435 -0.004196272 -0.0103707 0.0435 -0.003808565 -0.01011685 0.04311372 -0.003469398 -0.01001175 0.04292059 -0.003393785 -0.00982228 0.04272745 -0.004044786 -0.0102261 0.04330686 -0.004108693 -0.01041839 0.0435 -0.004018846 -0.01046166 0.0435 -0.003660728 -0.01016975 0.04311372 -0.003333496 -0.0100319 0.04292059 -0.003295367 -0.009834547 0.04272745 -0.003885102 -0.01030163 0.04330686 -0.003926954 -0.01050039 0.0435 -0.003833245 -0.0105345 0.0435 -0.003508416 -0.0102079 0.04311372 -0.003196272 -0.01003865 0.04292059 -0.003196272 -0.009838646 0.04272745 -0.003097177 -0.009834547 0.04272745 -0.003718784 -0.01036114 0.04330686 -0.003737953 -0.01056389 0.0435 -0.003641314 -0.0105885 0.0435 -0.003353099 -0.01023094 0.04311372 -0.003059048 -0.0100319 0.04292059 -0.002998759 -0.00982228 0.04272745 -0.003547435 -0.01040406 0.04330686 -0.003543568 -0.01060826 0.0435 -0.003444959 -0.01062312 0.0435 -0.003196272 -0.01023865 0.04311372 -0.002923146 -0.01001175 0.04292059 -0.00290169 -0.009801927 0.04272745 -0.003372703 -0.01042998 0.04330686 -0.003345732 -0.01063305 0.0435 -0.003246133 -0.01063802 0.0435 -0.003039445 -0.01023094 0.04311372 -0.002789873 -0.009978362 0.04292059 -0.002806633 -0.009773626 0.04272745 -0.003196272 -0.01043865 0.04330686 -0.003146411 -0.01063802 0.0435 -0.002884127 -0.0102079 0.04311372 -0.002660515 -0.009932077 0.04292059 -0.002714237 -0.009737574 0.04272745 -0.003019841 -0.01042998 0.04330686 -0.003046812 -0.01063305 0.0435 -0.002947585 -0.01062312 0.0435 -0.002731817 -0.01016975 0.04311372 -0.002536317 -0.009873336 0.04292059 -0.002625135 -0.009694015 0.04272745 -0.002539934 -0.009643246 0.04272745 -0.002845109 -0.01040406 0.04330686 -0.002848976 -0.01060826 0.0435 -0.00275123 -0.0105885 0.0435 -0.002583978 -0.01011685 0.04311372 -0.002418474 -0.009802703 0.04292059 -0.002459217 -0.009585614 0.04272745 -0.002654591 -0.01056389 0.0435 -0.00267376 -0.01036114 0.04330686 -0.002559299 -0.0105345 0.0435 -0.002442037 -0.01004972 0.04311372 -0.002308121 -0.00972086 0.04292059 -0.002383534 -0.009521515 0.04272745 -0.00246559 -0.01050039 0.0435 -0.002507442 -0.01030163 0.04330686 -0.002373698 -0.01046166 0.0435 -0.00230736 -0.009968997 0.04311372 -0.002206322 -0.009628595 0.04292059 -0.002313403 -0.009451384 0.04272745 -0.002283851 -0.01041839 0.0435 -0.002347758 -0.0102261 0.04330686 -0.002196272 -0.0103707 0.0435 -0.002181243 -0.009875463 0.04311372 -0.002114057 -0.009526796 0.04292059 -0.002249303 -0.009375701 0.04272745 -0.00211118 -0.0103187 0.0435 -0.002196246 -0.01013529 0.04330686 -0.002028785 -0.01026252 0.0435 -0.002064901 -0.009770017 0.04311372 -0.002032215 -0.009416444 0.04292059 -0.002191672 -0.009294984 0.04272745 -0.002054364 -0.01003006 0.04330686 -0.001949292 -0.01020231 0.0435 -0.0018729 -0.01013821 0.0435 -0.001959455 -0.009653675 0.04311372 -0.001961582 -0.009298601 0.04292059 -0.002140903 -0.009209783 0.04272745 -0.002097344 -0.009120681 0.04272745 -0.00192348 -0.009911438 0.04330686 -0.001799798 -0.01007038 0.0435 -0.001730168 -0.009998991 0.0435 -0.001865921 -0.009527558 0.04311372 -0.001902841 -0.009174403 0.04292059 -0.002061291 -0.009028285 0.04272745 -0.001804853 -0.009780554 0.04330686 -0.001664183 -0.009924221 0.0435 -0.001602007 -0.009846254 0.0435 -0.001785198 -0.00939288 0.04311372 -0.001856556 -0.009045045 0.04292059 -0.002032992 -0.008933228 0.04272745 -0.001699627 -0.009638672 0.04330686 -0.001543794 -0.009765286 0.0435 -0.00148969 -0.009681517 0.0435 -0.001718065 -0.009250939 0.04311372 -0.001823173 -0.008911773 0.04292059 -0.002012638 -0.00883616 0.04272745 -0.001608814 -0.00948716 0.04330686 -0.001439829 -0.009595154 0.0435 -0.001394334 -0.009506413 0.0435 -0.001665167 -0.009103102 0.04311372 -0.001803013 -0.00877587 0.04292059 -0.002000371 -0.008737741 0.04272745 -0.001996272 -0.008638646 0.04272745 -0.001533289 -0.009327477 0.04330686 -0.00135332 -0.009415516 0.0435 -0.001316887 -0.009322686 0.0435 -0.001627016 -0.00895079 0.04311372 -0.001473779 -0.009161159 0.04330686 -0.001285126 -0.009228156 0.0435 -0.001258117 -0.009132161 0.0435 -0.001603976 -0.008795473 0.04311372 -0.001196272 -0.008638646 0.0435 -0.001430858 -0.008989808 0.04330686 -0.001235927 -0.009034938 0.0435 -0.00121861 -0.00893673 0.0435 -0.00140494 -0.008815077 0.04330686 -0.00120621 -0.008837782 0.0435 -0.001198758 -0.008738338 0.0435 -0.004396272 -0.008638646 0.0405 -0.004392173 -0.008737741 0.0405 -0.004379906 -0.00883616 0.0405 -0.004359552 -0.008933228 0.0405 -0.004331253 -0.009028285 0.0405 -0.0042952 -0.009120681 0.0405 -0.00425164 -0.009209783 0.0405 -0.004200872 -0.009294984 0.0405 -0.00414324 -0.009375701 0.0405 -0.004079141 -0.009451384 0.0405 -0.00400901 -0.009521515 0.0405 -0.003933327 -0.009585614 0.0405 -0.00385261 -0.009643246 0.0405 -0.003767409 -0.009694015 0.0405 -0.003678307 -0.009737574 0.0405 -0.003585911 -0.009773626 0.0405 -0.003490855 -0.009801927 0.0405 -0.003393785 -0.00982228 0.0405 -0.003295367 -0.009834547 0.0405 -0.003196272 -0.009838646 0.0405 -0.003097177 -0.009834547 0.0405 -0.002998759 -0.00982228 0.0405 -0.00290169 -0.009801927 0.0405 -0.002806633 -0.009773626 0.0405 -0.002714237 -0.009737574 0.0405 -0.002625135 -0.009694015 0.0405 -0.002539934 -0.009643246 0.0405 -0.002459217 -0.009585614 0.0405 -0.002383534 -0.009521515 0.0405 -0.002313403 -0.009451384 0.0405 -0.002249303 -0.009375701 0.0405 -0.002191672 -0.009294984 0.0405 -0.002140903 -0.009209783 0.0405 -0.002097344 -0.009120681 0.0405 -0.002061291 -0.009028285 0.0405 -0.002032992 -0.008933228 0.0405 -0.002012638 -0.00883616 0.0405 -0.002000371 -0.008737741 0.0405 -0.001996272 -0.008638646 0.0405 0.006803728 -0.0006386459 0.0435 0.006803728 -0.0006386459 0.0345 0.006801242 -0.0007383377 0.0435 0.006801242 -0.0007383377 0.0345 0.006793789 -0.0008377816 0.0435 0.006793789 -0.0008377816 0.0345 0.00678139 -0.0009367304 0.0435 0.00678139 -0.0009367304 0.0345 0.006764073 -0.001034938 0.0435 0.006764073 -0.001034938 0.0345 0.006741883 -0.001132161 0.0435 0.006741883 -0.001132161 0.0345 0.006714874 -0.001228156 0.0435 0.006714874 -0.001228156 0.0345 0.006683113 -0.001322686 0.0435 0.006683113 -0.001322686 0.0345 0.00664668 -0.001415516 0.0435 0.00664668 -0.001415516 0.0345 0.006605666 -0.001506413 0.0435 0.006605666 -0.001506413 0.0345 0.006560171 -0.001595154 0.0435 0.006560171 -0.001595154 0.0345 0.00651031 -0.001681516 0.0435 0.00651031 -0.001681516 0.0345 0.006456205 -0.001765286 0.0435 0.006456205 -0.001765286 0.0345 0.006397993 -0.001846255 0.0435 0.006397993 -0.001846255 0.0345 0.006335817 -0.001924221 0.0435 0.006335817 -0.001924221 0.0345 0.006269832 -0.001998991 0.0435 0.006269832 -0.001998991 0.0345 0.006200202 -0.00207038 0.0435 0.006200202 -0.00207038 0.0345 0.0061271 -0.002138208 0.0435 0.0061271 -0.002138208 0.0345 0.006050708 -0.002202309 0.0435 0.006050708 -0.002202309 0.0345 0.005971215 -0.002262522 0.0435 0.005971215 -0.002262522 0.0345 0.005888821 -0.002318698 0.0435 0.005888821 -0.002318698 0.0345 0.005803728 -0.002370697 0.0435 0.005803728 -0.002370697 0.0345 0.005716149 -0.00241839 0.0435 0.005716149 -0.00241839 0.0345 0.005626302 -0.002461658 0.0435 0.005626302 -0.002461658 0.0345 0.00553441 -0.002500393 0.0435 0.00553441 -0.002500393 0.0345 0.005440701 -0.002534501 0.0435 0.005440701 -0.002534501 0.0345 0.005345409 -0.002563895 0.0435 0.005345409 -0.002563895 0.0345 0.00524877 -0.002588502 0.0435 0.00524877 -0.002588502 0.0345 0.005151024 -0.002608261 0.0435 0.005151024 -0.002608261 0.0345 0.005052415 -0.002623124 0.0435 0.005052415 -0.002623124 0.0345 0.004953188 -0.002633054 0.0435 0.004953188 -0.002633054 0.0345 0.00485359 -0.002638024 0.0435 0.00485359 -0.002638024 0.0345 0.004753867 -0.002638024 0.0435 0.004753867 -0.002638024 0.0345 0.004654268 -0.002633054 0.0435 0.004654268 -0.002633054 0.0345 0.00455504 -0.002623124 0.0435 0.00455504 -0.002623124 0.0345 0.004456432 -0.002608261 0.0435 0.004456432 -0.002608261 0.0345 0.004358686 -0.002588502 0.0435 0.004358686 -0.002588502 0.0345 0.004262047 -0.002563895 0.0435 0.004262047 -0.002563895 0.0345 0.004166755 -0.002534501 0.0435 0.004166755 -0.002534501 0.0345 0.004073046 -0.002500393 0.0435 0.004073046 -0.002500393 0.0345 0.003981154 -0.002461658 0.0435 0.003981154 -0.002461658 0.0345 0.003891307 -0.00241839 0.0435 0.003891307 -0.00241839 0.0345 0.003803728 -0.002370697 0.0435 0.003803728 -0.002370697 0.0345 0.003718636 -0.002318698 0.0435 0.003718636 -0.002318698 0.0345 0.003636241 -0.002262522 0.0435 0.003636241 -0.002262522 0.0345 0.003556748 -0.002202309 0.0435 0.003556748 -0.002202309 0.0345 0.003480356 -0.002138208 0.0435 0.003480356 -0.002138208 0.0345 0.003407254 -0.00207038 0.0345 0.003407254 -0.00207038 0.0435 0.003337624 -0.001998991 0.0435 0.003337624 -0.001998991 0.0345 0.003271639 -0.001924221 0.0435 0.003271639 -0.001924221 0.0345 0.003209463 -0.001846255 0.0435 0.003209463 -0.001846255 0.0345 0.00315125 -0.001765286 0.0435 0.00315125 -0.001765286 0.0345 0.003097146 -0.001681516 0.0435 0.003097146 -0.001681516 0.0345 0.003047285 -0.001595154 0.0435 0.003047285 -0.001595154 0.0345 0.00300179 -0.001506413 0.0435 0.00300179 -0.001506413 0.0345 0.002960776 -0.001415516 0.0345 0.002960776 -0.001415516 0.0435 0.002924343 -0.001322686 0.0435 0.002924343 -0.001322686 0.0345 0.002892582 -0.001228156 0.0435 0.002892582 -0.001228156 0.0345 0.002865573 -0.001132161 0.0345 0.002865573 -0.001132161 0.0435 0.002843383 -0.001034938 0.0435 0.002843383 -0.001034938 0.0345 0.002826066 -0.0009367304 0.0435 0.002826066 -0.0009367304 0.0345 0.002813666 -0.0008377816 0.0435 0.002813666 -0.0008377816 0.0345 0.002806214 -0.0007383377 0.0435 0.002806214 -0.0007383377 0.0345 0.002803728 -0.0006386459 0.0435 0.002803728 -0.0006386459 0.0345 0.00944258 0.01622771 0.0405 0.009445118 0.01631493 0.0405 0.00944258 0.01622771 0.0435 0.009445118 0.01631493 0.0435 0.009452723 0.01640185 0.0405 0.009452723 0.01640185 0.0435 0.009465369 0.01648819 0.0405 0.009465369 0.01648819 0.0435 0.009483013 0.01657364 0.0405 0.009483013 0.01657364 0.0435 0.009505596 0.01665792 0.0435 0.009505596 0.01665792 0.0405 0.009533042 0.01674074 0.0435 0.009533042 0.01674074 0.0405 0.014841 0.01311094 0.0435 0.014841 0.01311094 0.0405 0.01484402 0.01320607 0.0435 0.01484402 0.01320607 0.0405 0.01485306 0.01330082 0.0405 0.01485306 0.01330082 0.0435 0.0148681 0.01339481 0.0405 0.0148681 0.01339481 0.0435 0.01488907 0.01348766 0.0405 0.01488907 0.01348766 0.0435 0.01491589 0.01357899 0.0405 0.01491589 0.01357899 0.0435 0.01494845 0.01366843 0.0405 0.01494845 0.01366843 0.0435 0.01498661 0.01375563 0.0405 0.01498661 0.01375563 0.0435 0.01503022 0.01384023 0.0405 0.01503022 0.01384023 0.0435 0.01507912 0.0139219 0.0405 0.01507912 0.0139219 0.0435 0.01513309 0.0140003 0.0405 0.01513309 0.0140003 0.0435 0.01519193 0.01407512 0.0405 0.01519193 0.01407512 0.0435 0.01884785 0.008335756 0.0405 0.01885106 0.008433861 0.0405 0.01884785 0.008335756 0.0435 0.01885106 0.008433861 0.0435 0.01886068 0.008531546 0.0405 0.01886068 0.008531546 0.0435 0.01887667 0.008628391 0.0405 0.01887667 0.008628391 0.0435 0.01889896 0.008723985 0.0405 0.01889896 0.008723985 0.0435 0.01892745 0.008817915 0.0435 0.01892745 0.008817915 0.0405 0.01896203 0.008909781 0.0435 0.01896203 0.008909781 0.0405 0.01900254 0.008999189 0.0435 0.01900254 0.008999189 0.0405 0.01904881 0.009085756 0.0435 0.01904881 0.009085756 0.0405 0.01910064 0.009169111 0.0405 0.01910064 0.009169111 0.0435 0.01915782 0.009248899 0.0435 0.01915782 0.009248899 0.0405 0.01922009 0.009324775 0.0435 0.01922009 0.009324775 0.0405 0.01928719 0.009396417 0.0435 0.01928719 0.009396417 0.0405 0.01935883 0.009463516 0.0435 0.01935883 0.009463516 0.0405 0.01943471 0.009525786 0.0435 0.01943471 0.009525786 0.0405 0.01951449 0.00958296 0.0435 0.01951449 0.00958296 0.0405 0.01959785 0.009634794 0.0435 0.01959785 0.009634794 0.0405 0.02097985 0.002478131 0.0405 0.02098316 0.002577791 0.0405 0.02097985 0.002478131 0.0435 0.02098316 0.002577791 0.0435 0.02099309 0.00267701 0.0405 0.02099309 0.00267701 0.0435 0.02100959 0.00277535 0.0435 0.02100959 0.00277535 0.0405 0.02103259 0.002872377 0.0435 0.02103259 0.002872377 0.0405 0.02106198 0.002967662 0.0405 0.02106198 0.002967662 0.0435 0.02109764 0.003060783 0.0405 0.02109764 0.003060783 0.0435 0.0211394 0.00315133 0.0405 0.0211394 0.00315133 0.0435 0.02118709 0.003238902 0.0435 0.02118709 0.003238902 0.0405 0.02124049 0.003323111 0.0435 0.02124049 0.003323111 0.0405 0.02129937 0.003403587 0.0405 0.02129937 0.003403587 0.0435 0.02136347 0.003479973 0.0435 0.02136347 0.003479973 0.0405 0.0214325 0.003551931 0.0435 0.0214325 0.003551931 0.0405 0.02150615 0.003619145 0.0405 0.02150615 0.003619145 0.0435 0.02158411 0.003681316 0.0405 0.02158411 0.003681316 0.0435 0.02166603 0.00373817 0.0405 0.02166603 0.00373817 0.0435 0.02175154 0.003789456 0.0405 0.02175154 0.003789456 0.0435 0.02184028 0.003834947 0.0405 0.02184028 0.003834947 0.0435 0.02193184 0.003874442 0.0405 0.02193184 0.003874442 0.0435 0.02202582 0.003907766 0.0405 0.02202582 0.003907766 0.0435 0.02212181 0.003934773 0.0405 0.02212181 0.003934773 0.0435 0.02221938 0.003955343 0.0405 0.02221938 0.003955343 0.0435 0.02097985 -0.003755423 0.0435 0.02097985 -0.003755423 0.0405 0.02098298 -0.003658528 0.0435 0.02098298 -0.003658528 0.0405 0.02099237 -0.003562037 0.0435 0.02099237 -0.003562037 0.0405 0.02100797 -0.003466355 0.0435 0.02100797 -0.003466355 0.0405 0.02102971 -0.003371879 0.0405 0.02102971 -0.003371879 0.0435 0.02105752 -0.003279006 0.0405 0.02105752 -0.003279006 0.0435 0.02109126 -0.003188123 0.0435 0.02109126 -0.003188123 0.0405 0.02113081 -0.00309961 0.0435 0.02113081 -0.00309961 0.0405 0.02117599 -0.003013836 0.0435 0.02117599 -0.003013836 0.0405 0.02122662 -0.002931159 0.0435 0.02122662 -0.002931159 0.0405 0.02128248 -0.002851926 0.0405 0.02128248 -0.002851926 0.0435 0.02134334 -0.002776467 0.0405 0.02134334 -0.002776467 0.0435 0.02140895 -0.002705097 0.0405 0.02140895 -0.002705097 0.0435 0.02147904 -0.002638114 0.0405 0.02147904 -0.002638114 0.0435 0.0215533 -0.002575799 0.0405 0.0215533 -0.002575799 0.0435 0.02163144 -0.00251841 0.0435 0.02163144 -0.00251841 0.0405 0.02171312 -0.002466189 0.0405 0.02171312 -0.002466189 0.0435 0.021798 -0.002419354 0.0405 0.021798 -0.002419354 0.0435 0.02188573 -0.002378099 0.0405 0.02188573 -0.002378099 0.0435 0.02197594 -0.002342597 0.0405 0.02197594 -0.002342597 0.0435 0.02206826 -0.002312997 0.0405 0.02206826 -0.002312997 0.0435 0.02216229 -0.002289422 0.0435 0.02216229 -0.002289422 0.0405 0.02225766 -0.002271971 0.0405 0.02225766 -0.002271971 0.0435 0.02235395 -0.002260716 0.0435 0.02235395 -0.002260716 0.0405 0.02245076 -0.002255705 0.0435 0.02245076 -0.002255705 0.0405 0.0225477 -0.002256958 0.0435 0.0225477 -0.002256958 0.0405 0.02264435 -0.002264471 0.0435 0.02264435 -0.002264471 0.0405 0.02274032 -0.002278211 0.0405 0.02274032 -0.002278211 0.0435 0.01884785 -0.009613048 0.0435 0.01884785 -0.009613048 0.0405 0.01885106 -0.009514943 0.0435 0.01885106 -0.009514943 0.0405 0.01886068 -0.009417258 0.0405 0.01886068 -0.009417258 0.0435 0.01887667 -0.009320413 0.0435 0.01887667 -0.009320413 0.0405 0.01889896 -0.009224819 0.0435 0.01889896 -0.009224819 0.0405 0.01892745 -0.009130889 0.0405 0.01892745 -0.009130889 0.0435 0.01896203 -0.009039022 0.0405 0.01896203 -0.009039022 0.0435 0.01900254 -0.008949615 0.0405 0.01900254 -0.008949615 0.0435 0.01904881 -0.008863048 0.0405 0.01904881 -0.008863048 0.0435 0.01910064 -0.008779693 0.0405 0.01910064 -0.008779693 0.0435 0.01915782 -0.008699905 0.0405 0.01915782 -0.008699905 0.0435 0.01922009 -0.008624029 0.0405 0.01922009 -0.008624029 0.0435 0.01928719 -0.008552388 0.0435 0.01928719 -0.008552388 0.0405 0.01935883 -0.008485289 0.0405 0.01935883 -0.008485289 0.0435 0.01943471 -0.008423018 0.0405 0.01943471 -0.008423018 0.0435 0.01951449 -0.008365844 0.0405 0.01951449 -0.008365844 0.0435 0.01959785 -0.00831401 0.0405 0.01959785 -0.00831401 0.0435 0.01968442 -0.008267739 0.0405 0.01968442 -0.008267739 0.0435 0.01977382 -0.008227229 0.0405 0.01977382 -0.008227229 0.0435 0.01986569 -0.008192653 0.0435 0.01986569 -0.008192653 0.0405 0.01995962 -0.008164159 0.0405 0.01995962 -0.008164159 0.0435 0.02005521 -0.00814187 0.0435 0.02005521 -0.00814187 0.0405 0.02015206 -0.00812588 0.0435 0.02015206 -0.00812588 0.0405 0.02024974 -0.00811626 0.0435 0.02024974 -0.00811626 0.0405 0.02034785 -0.008113048 0.0405 0.02034785 -0.008113048 0.0435 0.02044595 -0.00811626 0.0405 0.02044595 -0.00811626 0.0435 0.02054364 -0.00812588 0.0405 0.02054364 -0.00812588 0.0435 0.02064048 -0.00814187 0.0435 0.02064048 -0.00814187 0.0405 0.02073608 -0.008164159 0.0435 0.02073608 -0.008164159 0.0405 0.02083001 -0.008192653 0.0435 0.02083001 -0.008192653 0.0405 0.02092187 -0.008227229 0.0435 0.02092187 -0.008227229 0.0405 0.02101128 -0.008267739 0.0405 0.02101128 -0.008267739 0.0435 0.02109785 -0.00831401 0.0405 0.02109785 -0.00831401 0.0435 0.014841 -0.01438823 0.0405 0.01484427 -0.01428924 0.0405 0.014841 -0.01438823 0.0435 0.01484427 -0.01428924 0.0435 0.01485406 -0.01419068 0.0405 0.01485406 -0.01419068 0.0435 0.01487034 -0.01409299 0.0405 0.01487034 -0.01409299 0.0435 0.01489303 -0.01399658 0.0435 0.01489303 -0.01399658 0.0405 0.01492203 -0.01390188 0.0435 0.01492203 -0.01390188 0.0405 0.01495722 -0.0138093 0.0405 0.01495722 -0.0138093 0.0435 0.01499844 -0.01371925 0.0405 0.01499844 -0.01371925 0.0435 0.01504551 -0.01363211 0.0405 0.01504551 -0.01363211 0.0435 0.01509823 -0.01354827 0.0435 0.01509823 -0.01354827 0.0405 0.01515637 -0.01346808 0.0405 0.01515637 -0.01346808 0.0435 0.01521968 -0.01339192 0.0435 0.01521968 -0.01339192 0.0405 0.01528787 -0.01332009 0.0435 0.01528787 -0.01332009 0.0405 0.01536065 -0.01325292 0.0405 0.01536065 -0.01325292 0.0435 0.01543771 -0.0131907 0.0405 0.01543771 -0.0131907 0.0435 0.01551871 -0.0131337 0.0405 0.01551871 -0.0131337 0.0435 0.01560329 -0.01308217 0.0405 0.01560329 -0.01308217 0.0435 0.01569108 -0.01303634 0.0435 0.01569108 -0.01303634 0.0405 0.01578171 -0.01299639 0.0405 0.01578171 -0.01299639 0.0435 0.01587478 -0.01296252 0.0405 0.01587478 -0.01296252 0.0435 0.01596988 -0.01293486 0.0405 0.01596988 -0.01293486 0.0435 0.0160666 -0.01291354 0.0405 0.0160666 -0.01291354 0.0435 0.01616451 -0.01289865 0.0405 0.01616451 -0.01289865 0.0435 0.0162632 -0.01289025 0.0405 0.0162632 -0.01289025 0.0435 0.01636222 -0.01288838 0.0405 0.01636222 -0.01288838 0.0435 0.01646115 -0.01289305 0.0405 0.01646115 -0.01289305 0.0435 0.01655956 -0.01290424 0.0405 0.01655956 -0.01290424 0.0435 0.01665701 -0.0129219 0.0405 0.01665701 -0.0129219 0.0435 0.01675309 -0.01294595 0.0405 0.01675309 -0.01294595 0.0435 0.01684737 -0.01297628 0.0405 0.01684737 -0.01297628 0.0435 0.01693945 -0.01301278 0.0405 0.01693945 -0.01301278 0.0435 0.01702891 -0.01305527 0.0405 0.01702891 -0.01305527 0.0435 0.01711537 -0.01310357 0.0405 0.01711537 -0.01310357 0.0435 0.01719846 -0.01315747 0.0405 0.01719846 -0.01315747 0.0435 0.01727781 -0.01321674 0.0435 0.01727781 -0.01321674 0.0405 0.01735308 -0.01328112 0.0405 0.01735308 -0.01328112 0.0435 0.01742393 -0.01335032 0.0405 0.01742393 -0.01335032 0.0435 0.01749006 -0.01342405 0.0435 0.01749006 -0.01342405 0.0405 0.00944258 -0.017505 0.0405 0.009445895 -0.01740535 0.0405 0.00944258 -0.017505 0.0435 0.009445895 -0.01740535 0.0435 0.009455823 -0.01730613 0.0435 0.009455823 -0.01730613 0.0405 0.009472322 -0.01720778 0.0405 0.009472322 -0.01720778 0.0435 0.009495317 -0.01711076 0.0405 0.009495317 -0.01711076 0.0435 0.009524709 -0.01701547 0.0405 0.009524709 -0.01701547 0.0435 0.009560367 -0.01692235 0.0435 0.009560367 -0.01692235 0.0405 0.009602132 -0.01683181 0.0405 0.009602132 -0.01683181 0.0435 0.00964982 -0.01674423 0.0405 0.00964982 -0.01674423 0.0435 0.009703222 -0.01666002 0.0435 0.009703222 -0.01666002 0.0405 0.009762101 -0.01657955 0.0435 0.009762101 -0.01657955 0.0405 0.009826197 -0.01650316 0.0435 0.009826197 -0.01650316 0.0405 0.009895226 -0.0164312 0.0405 0.009895226 -0.0164312 0.0435 0.009968883 -0.01636399 0.0405 0.009968883 -0.01636399 0.0435 0.01004684 -0.01630182 0.0405 0.01004684 -0.01630182 0.0435 0.01012876 -0.01624497 0.0435 0.01012876 -0.01624497 0.0405 0.01021428 -0.01619368 0.0405 0.01021428 -0.01619368 0.0435 0.01030301 -0.01614819 0.0405 0.01030301 -0.01614819 0.0435 0.01039457 -0.01610869 0.0435 0.01039457 -0.01610869 0.0405 0.01048855 -0.01607537 0.0405 0.01048855 -0.01607537 0.0435 0.01058454 -0.01604836 0.0405 0.01058454 -0.01604836 0.0435 0.01068211 -0.01602779 0.0435 0.01068211 -0.01602779 0.0405 0.01078083 -0.01601375 0.0435 0.01078083 -0.01601375 0.0405 0.01088027 -0.0160063 0.0435 0.01088027 -0.0160063 0.0405 0.01097998 -0.01600547 0.0435 0.01097998 -0.01600547 0.0405 0.01107952 -0.01601127 0.0405 0.01107952 -0.01601127 0.0435 0.01117846 -0.01602367 0.0405 0.01117846 -0.01602367 0.0435 0.01127636 -0.01604261 0.0405 0.01127636 -0.01604261 0.0435 0.01137279 -0.01606802 0.0405 0.01137279 -0.01606802 0.0435 0.01146731 -0.01609978 0.0435 0.01146731 -0.01609978 0.0405 0.01155951 -0.01613775 0.0435 0.01155951 -0.01613775 0.0405 0.01164899 -0.01618176 0.0405 0.01164899 -0.01618176 0.0435 0.01173534 -0.01623161 0.0405 0.01173534 -0.01623161 0.0435 0.0118182 -0.0162871 0.0435 0.0118182 -0.0162871 0.0405 0.01189718 -0.01634797 0.0405 0.01189718 -0.01634797 0.0435 0.01197194 -0.01641394 0.0405 0.01197194 -0.01641394 0.0435 0.01204216 -0.01648475 0.0405 0.01204216 -0.01648475 0.0435 0.01210751 -0.01656005 0.0435 0.01210751 -0.01656005 0.0405 0.01216772 -0.01663954 0.0435 0.01216772 -0.01663954 0.0405 0.01222252 -0.01672285 0.0435 0.01222252 -0.01672285 0.0405 0.01227166 -0.01680962 0.0405 0.01227166 -0.01680962 0.0435 0.01231492 -0.01689946 0.0435 0.01231492 -0.01689946 0.0405 0.01235212 -0.01699197 0.0435 0.01235212 -0.01699197 0.0405 -0.01714105 -0.002196381 0.0405 -0.0170721 -0.002972804 0.0435 -0.01714105 -0.002196381 0.0435 -0.0170721 -0.002972804 0.0405 -0.01718246 -0.001418003 0.0405 -0.01718246 -0.001418003 0.0435 -0.01719627 -0.0006386459 0.0405 -0.01719627 -0.0006386459 0.0435 -0.01174482 -0.01513504 0.0405 -0.007882607 -0.01342405 0.0405 -0.01111368 -0.01582536 0.0405 -0.01045376 -0.01648822 0.0405 -0.008155624 -0.01841659 0.0405 -0.005584474 -0.01535241 0.0405 -0.007388235 -0.01895138 0.0405 -0.006598806 -0.01945306 0.0405 -0.009990393 -0.01091209 0.0405 -0.007817087 -0.01335096 0.0405 -0.01345449 -0.01291209 0.0405 -0.01291629 -0.01367709 0.0405 -0.01234606 -0.01441852 0.0405 -0.009907037 -0.01086025 0.0405 -0.00982725 -0.01080308 0.0405 -0.007746926 -0.01328231 0.0405 -0.009751373 -0.01074081 0.0405 -0.007672426 -0.0132184 0.0405 -0.009679732 -0.01067371 0.0405 -0.007593905 -0.0131595 0.0405 -0.009612633 -0.01060207 0.0405 -0.007511701 -0.01310586 0.0405 -0.009550363 -0.01052619 0.0405 -0.007426164 -0.01305771 0.0405 -0.009493188 -0.0104464 0.0405 -0.007337661 -0.01301526 0.0405 -0.01602479 -0.007721916 0.0405 -0.01149039 -0.00831401 0.0405 -0.01570488 -0.008600862 0.0405 -0.0153479 -0.009465413 0.0405 -0.01495449 -0.01031401 0.0405 -0.009441354 -0.01036305 0.0405 -0.007246571 -0.01297869 0.0405 -0.002744663 -0.01699197 0.0405 -0.005788766 -0.01992074 0.0405 -0.004959579 -0.02035356 0.0405 -0.004112744 -0.02075075 0.0405 -0.005523874 -0.01527519 0.0405 -0.009395083 -0.01027648 0.0405 -0.007153285 -0.01294815 0.0405 -0.002708092 -0.01690088 0.0405 -0.009354573 -0.01018707 0.0405 -0.0070582 -0.01292378 0.0405 -0.002665641 -0.01681238 0.0405 -0.005468454 -0.01519418 0.0405 -0.009319997 -0.01009521 0.0405 -0.006961726 -0.01290569 0.0405 -0.002617492 -0.01672684 0.0405 -0.005418451 -0.01510971 0.0405 -0.009291504 -0.01000128 0.0405 -0.006864275 -0.01289394 0.0405 -0.002563853 -0.01664464 0.0405 -0.005374079 -0.01502215 0.0405 -0.009269215 -0.009905684 0.0405 -0.006766263 -0.01288858 0.0405 -0.005335529 -0.01493188 0.0405 -0.002504951 -0.01656612 0.0405 -0.009253225 -0.009808837 0.0405 -0.006668112 -0.01288966 0.0405 -0.002441041 -0.01649162 0.0405 -0.005302966 -0.01483929 0.0405 -0.005276528 -0.01474476 0.0405 -0.002372394 -0.01642146 0.0405 -0.002299306 -0.01635594 0.0405 -0.005256329 -0.0146487 0.0405 -0.002222089 -0.01629534 0.0405 -0.005242456 -0.01455153 0.0405 -0.002141074 -0.01623992 0.0405 -0.005234969 -0.01445366 0.0405 -0.002056608 -0.01618991 0.0405 -0.005233898 -0.0143555 0.0405 -0.001969052 -0.01614554 0.0405 -0.005239249 -0.01425749 0.0405 -0.001878782 -0.01610699 0.0405 -0.005250998 -0.01416004 0.0405 -0.001293666 -0.02177681 0.0405 7.441439e-05 -0.01801803 0.0405 -0.000389647 -0.02201688 0.0405 0.0005237597 -0.02221831 0.0405 -0.001786183 -0.01607443 0.0405 -0.005269097 -0.01406357 0.0405 -0.01655115 -0.005927227 0.0405 -0.01261192 -0.005232635 0.0405 -0.01630705 -0.006830168 0.0405 -0.01140383 -0.008267739 0.0405 -0.001691653 -0.01604799 0.0405 -0.005293466 -0.01396848 0.0405 -0.01251586 -0.005212436 0.0405 -0.01131442 -0.008227229 0.0405 -0.001595597 -0.01602779 0.0405 -0.005324002 -0.0138752 0.0405 -0.01242133 -0.005185998 0.0405 -0.01122255 -0.008192653 0.0405 -0.01232874 -0.005153435 0.0405 -0.01112862 -0.008164159 0.0405 -0.01223847 -0.005114885 0.0405 -0.01215091 -0.005070513 0.0405 -0.01103303 -0.00814187 0.0405 -0.01093618 -0.00812588 0.0405 -0.01206644 -0.00502051 0.0405 -0.01198543 -0.00496509 0.0405 -0.0108385 -0.00811626 0.0405 -0.01074039 -0.008113048 0.0405 -0.01190821 -0.00490449 0.0405 -0.01183512 -0.004838969 0.0405 -0.01064229 -0.00811626 0.0405 -0.0105446 -0.00812588 0.0405 -0.01176648 -0.004768808 0.0405 -0.01170257 -0.004694308 0.0405 -0.01044776 -0.00814187 0.0405 -0.01035216 -0.008164159 0.0405 -0.01164367 -0.004615788 0.0405 -0.01025823 -0.008192653 0.0405 -0.01159003 -0.004533583 0.0405 -0.01154188 -0.004448046 0.0405 -0.01016637 -0.008227229 0.0405 -0.01007696 -0.008267739 0.0405 -0.01149943 -0.004359543 0.0405 -0.009990393 -0.00831401 0.0405 -0.01146285 -0.004268453 0.0405 -0.009907037 -0.008365844 0.0405 -0.01143232 -0.004175167 0.0405 -0.00982725 -0.008423018 0.0405 -0.01140795 -0.004080082 0.0405 -0.01313287 -0.002278211 0.0405 0.0001049502 -0.01792475 0.0405 0.003303728 -0.01858745 0.0405 0.001444903 -0.02238073 0.0405 0.002372118 -0.02250385 0.0405 0.003303728 -0.02258745 0.0405 0.00330694 -0.01848935 0.0405 0.0001293195 -0.01782966 0.0405 0.003316561 -0.01839166 0.0405 0.0001474177 -0.01773319 0.0405 0.00333255 -0.01829482 0.0405 0.003354839 -0.01819922 0.0405 0.0001591675 -0.01763574 0.0405 0.0001645185 -0.01753773 0.0405 0.003383333 -0.01810529 0.0405 0.0001634478 -0.01743958 0.0405 0.003417909 -0.01801342 0.0405 0.00015596 -0.0173417 0.0405 0.003458419 -0.01792402 0.0405 0.0001420871 -0.01724453 0.0405 0.00350469 -0.01783745 0.0405 0.0001218886 -0.01714848 0.0405 0.003556524 -0.0177541 0.0405 9.545089e-05 -0.01705395 0.0405 0.003613698 -0.01767431 0.0405 0.003675968 -0.01759843 0.0405 6.288727e-05 -0.01696135 0.0405 2.433714e-05 -0.01687108 0.0405 0.003743068 -0.01752679 0.0405 -2.00344e-05 -0.01678352 0.0405 0.003814709 -0.01745969 0.0405 -0.006377012 -0.01293121 0.0405 -0.006282482 -0.01295765 0.0405 -0.006189884 -0.01299022 0.0405 -0.006099614 -0.01302877 0.0405 -0.006012058 -0.01307314 0.0405 -0.006473069 -0.01291102 0.0405 0.003890586 -0.01739742 0.0405 -7.003737e-05 -0.01669905 0.0405 -0.00657024 -0.01289714 0.0405 -0.005927591 -0.01312314 0.0405 -0.005846576 -0.01317856 0.0405 -0.009243604 -0.009711153 0.0405 -0.00576936 -0.01323916 0.0405 -0.0001254576 -0.01661804 0.0405 0.003970373 -0.01734025 0.0405 -0.009240393 -0.009613048 0.0405 -0.005696271 -0.01330468 0.0405 -0.009243604 -0.009514943 0.0405 -0.005627625 -0.01337484 0.0405 -0.005563714 -0.01344934 0.0405 -0.0001860579 -0.01654082 0.0405 0.004053728 -0.01728841 0.0405 -0.009253225 -0.009417258 0.0405 -0.005504813 -0.01352786 0.0405 -0.005451173 -0.01361007 0.0405 -0.009269215 -0.009320413 0.0405 -0.0002515786 -0.01646774 0.0405 0.004140295 -0.01724214 0.0405 -0.009291504 -0.009224819 0.0405 -0.005403025 -0.0136956 0.0405 0.004229703 -0.01720163 0.0405 -0.0003217392 -0.01639909 0.0405 -0.005360574 -0.01378411 0.0405 -0.004392173 -0.008539551 0.0405 -0.009319997 -0.009130889 0.0405 -0.009354573 -0.009039022 0.0405 0.004321569 -0.01716706 0.0405 -0.0003962393 -0.01633518 0.0405 -0.004379906 -0.008441133 0.0405 -0.009395083 -0.008949615 0.0405 0.004415499 -0.01713856 0.0405 -0.0004747599 -0.01627628 0.0405 -0.001498425 -0.01601392 0.0405 -0.004359552 -0.008344064 0.0405 -0.009441354 -0.008863048 0.0405 -0.001400554 -0.01600643 0.0405 -0.009493188 -0.008779693 0.0405 -0.004331253 -0.008249006 0.0405 -0.001302402 -0.01600536 0.0405 -0.009550363 -0.008699905 0.0405 -0.0042952 -0.008156611 0.0405 -0.009612633 -0.008624029 0.0405 -0.00425164 -0.008067509 0.0405 -0.001204391 -0.01601071 0.0405 0.006303728 -0.02258745 0.0405 0.006303728 -0.01858745 0.0405 0.007235338 -0.02250385 0.0405 0.008162553 -0.02238073 0.0405 -0.009679732 -0.008552388 0.0405 -0.004200872 -0.007982308 0.0405 -0.009751373 -0.008485289 0.0405 -0.001106939 -0.01602246 0.0405 -0.01313287 0.00100092 0.0405 -0.0170721 0.001695512 0.0405 -0.01714105 0.0009190893 0.0405 -0.01718246 0.0001407109 0.0405 -0.01303569 0.0009870467 0.0405 -0.01303569 -0.002264338 0.0405 -0.00414324 -0.007901591 0.0405 -0.001010465 -0.01604056 0.0405 -0.000915381 -0.01606493 0.0405 -0.01293782 -0.002256851 0.0405 -0.01293782 0.0009795589 0.0405 -0.01283967 -0.00225578 0.0405 -0.004079141 -0.007825908 0.0405 -0.01138985 -0.003983608 0.0405 -0.0008220943 -0.01609547 0.0405 -0.01283967 0.0009784881 0.0405 -0.00400901 -0.007755777 0.0405 -0.0113781 -0.003886157 0.0405 -0.0007310045 -0.01613204 0.0405 -0.01274166 0.0009838392 0.0405 -0.01274166 -0.002261131 0.0405 -0.01264421 -0.002272881 0.0405 -0.01264421 0.000995589 0.0405 -0.01254773 -0.002290979 0.0405 -0.01137275 -0.003788145 0.0405 -0.003933327 -0.007691677 0.0405 -0.0006425016 -0.01617449 0.0405 -0.01254773 0.001013687 0.0405 -0.01245265 -0.002315348 0.0405 -0.00385261 -0.007634046 0.0405 -0.01137382 -0.003689994 0.0405 -0.0005569646 -0.01622264 0.0405 -0.01245265 0.001038056 0.0405 -0.01235936 -0.002345884 0.0405 -0.003767409 -0.007583277 0.0405 -0.01138131 -0.003592123 0.0405 -0.01139518 -0.003494951 0.0405 -0.01235936 0.001068592 0.0405 -0.003678307 -0.007539718 0.0405 -0.01141538 -0.003398894 0.0405 0.004511093 -0.01711627 0.0405 -0.01226827 -0.002382456 0.0405 -0.01226827 0.001105164 0.0405 -0.01217977 -0.002424907 0.0405 -0.01217977 0.001147615 0.0405 -0.01209423 0.001195763 0.0405 -0.01209423 -0.002473055 0.0405 -0.01201203 -0.002526695 0.0405 -0.01201203 0.001249403 0.0405 -0.01193351 -0.002585596 0.0405 -0.01193351 0.001308304 0.0405 -0.01185901 0.001372215 0.0405 -0.01185901 -0.002649507 0.0405 -0.01178885 -0.002718153 0.0405 -0.01178885 0.001440862 0.0405 -0.01172333 0.00151395 0.0405 -0.01172333 -0.002791242 0.0405 -0.01166273 0.001591167 0.0405 -0.01166273 -0.002868459 0.0405 -0.01160731 -0.002949474 0.0405 -0.01160731 0.001672182 0.0405 -0.0115573 -0.00303394 0.0405 -0.0115573 0.001756648 0.0405 -0.01151293 -0.003121496 0.0405 -0.01151293 0.001844204 0.0405 -0.01602479 0.006444624 0.0405 -0.01261192 0.003955343 0.0405 -0.01630705 0.005552876 0.0405 -0.01655115 0.004649936 0.0405 0.009533042 -0.01801803 0.0405 0.009083696 -0.02221831 0.0405 0.009997103 -0.02201688 0.0405 0.01090112 -0.02177681 0.0405 0.009505596 -0.01793521 0.0405 0.006300517 -0.01848935 0.0405 -0.01570488 0.007323569 0.0405 0.009483013 -0.01785093 0.0405 0.006290895 -0.01839166 0.0405 0.009465369 -0.01776548 0.0405 0.006274906 -0.01829482 0.0405 0.009452723 -0.01767914 0.0405 0.006252617 -0.01819922 0.0405 0.009445118 -0.01759222 0.0405 0.006224123 -0.01810529 0.0405 0.006189547 -0.01801342 0.0405 0.006149037 -0.01792402 0.0405 0.006102766 -0.01783745 0.0405 0.006050932 -0.0177541 0.0405 0.005993758 -0.01767431 0.0405 0.005931488 -0.01759843 0.0405 0.005864388 -0.01752679 0.0405 0.005792747 -0.01745969 0.0405 0.00571687 -0.01739742 0.0405 0.005637084 -0.01734025 0.0405 0.005553728 -0.01728841 0.0405 0.005467161 -0.01724214 0.0405 0.005377753 -0.01720163 0.0405 0.005285887 -0.01716706 0.0405 0.005191957 -0.01713856 0.0405 0.0137202 -0.02075075 0.0405 0.01456704 -0.02035356 0.0405 0.01539622 -0.01992074 0.0405 -0.01495449 0.009036718 0.0405 -0.01149039 0.007036718 0.0405 -0.0153479 0.008188122 0.0405 -0.01140383 0.006990447 0.0405 -0.01251586 0.003935144 0.0405 -0.01131442 0.006949937 0.0405 -0.01242133 0.003908707 0.0405 -0.01122255 0.006915361 0.0405 -0.01232874 0.003876143 0.0405 -0.01112862 0.006886868 0.0405 -0.01223847 0.003837593 0.0405 -0.01103303 0.006864578 0.0405 -0.01215091 0.003793221 0.0405 -0.01093618 0.006848589 0.0405 -0.01206644 0.003743218 0.0405 -0.0108385 0.006838968 0.0405 -0.01198543 0.003687798 0.0405 -0.01074039 0.006835756 0.0405 -0.01190821 0.003627198 0.0405 -0.01064229 0.006838968 0.0405 -0.01183512 0.003561677 0.0405 -0.0105446 0.006848589 0.0405 -0.01176648 0.003491517 0.0405 -0.01044776 0.006864578 0.0405 -0.01170257 0.003417017 0.0405 -0.01035216 0.006886868 0.0405 -0.01164367 0.003338496 0.0405 -0.01025823 0.006915361 0.0405 -0.01159003 0.003256291 0.0405 0.01620626 -0.01945306 0.0405 -0.01016637 0.006949937 0.0405 -0.01154188 0.003170754 0.0405 -0.01007696 0.006990447 0.0405 -0.01149943 0.003082251 0.0405 -0.009990393 0.007036718 0.0405 -0.01146285 0.002991161 0.0405 -0.002383534 -0.007755777 0.0405 0.001312544 -0.00421798 0.0405 -0.002313403 -0.007825908 0.0405 -0.002459217 -0.007691677 0.0405 0.001138469 -0.00403951 0.0405 0.001495299 -0.004387552 0.0405 -0.002249303 -0.007901591 0.0405 -0.002191672 -0.007982308 0.0405 -0.002539934 -0.007634046 0.0405 0.0009735058 -0.003852584 0.0405 0.001686279 -0.004547803 0.0405 -0.002140903 -0.008067509 0.0405 -0.002625135 -0.007583277 0.0405 0.0008180655 -0.003657668 0.0405 -0.009907037 0.007088552 0.0405 -0.01143232 0.002897875 0.0405 0.00188501 -0.004698336 0.0405 -0.002097344 -0.008156611 0.0405 -0.002714237 -0.007539718 0.0405 0.0006725341 -0.003455246 0.0405 -0.002806633 -0.007503665 0.0405 0.002090997 -0.004838776 0.0405 -0.002061291 -0.008249006 0.0405 -0.00290169 -0.007475366 0.0405 0.0005372736 -0.003245822 0.0405 -0.00982725 0.007145726 0.0405 -0.01140795 0.002802791 0.0405 0.002303728 -0.004968773 0.0405 -0.002032992 -0.008344064 0.0405 -0.002998759 -0.007455012 0.0405 0.0004126201 -0.003029916 0.0405 0.002522675 -0.005088005 0.0405 -0.002012638 -0.008441133 0.0405 -0.003097177 -0.007442745 0.0405 0.0002988836 -0.002808065 0.0405 -0.002000371 -0.008539551 0.0405 0.002747293 -0.005196175 0.0405 -0.003196272 -0.007438646 0.0405 0.0001963469 -0.00258082 0.0405 0.002977023 -0.005293015 0.0405 -0.003295367 -0.007442745 0.0405 0.0001052649 -0.002348747 0.0405 0.003211295 -0.005378283 0.0405 -0.003393785 -0.007455012 0.0405 2.586397e-05 -0.002112422 0.0405 0.003449526 -0.005451767 0.0405 -4.165843e-05 -0.001872433 0.0405 -0.003490855 -0.007475366 0.0405 0.003691123 -0.005513286 0.0405 -9.713444e-05 -0.001629377 0.0405 -0.003585911 -0.007503665 0.0405 0.003935487 -0.005562685 0.0405 -0.0001404261 -0.001383857 0.0405 0.00418201 -0.005599842 0.0405 0.004607939 -0.01710028 0.0405 -0.0001714259 -0.001136485 0.0405 -0.01144182 -0.003304364 0.0405 0.004430078 -0.005624665 0.0405 0.004705623 -0.01709066 0.0405 -0.0001900566 -0.0008878753 0.0405 -0.01147438 -0.003211766 0.0405 0.004679075 -0.005637092 0.0405 0.004803728 -0.01708745 0.0405 -0.01147438 0.001934474 0.0405 0.004928381 -0.005637092 0.0405 0.004901833 -0.01709066 0.0405 -0.01144182 0.002027072 0.0405 0.005177379 -0.005624665 0.0405 0.004999517 -0.01710028 0.0405 -0.01291629 0.01239979 0.0405 -0.009990393 0.009634794 0.0405 -0.01345449 0.01163479 0.0405 -0.01141538 0.002121602 0.0405 0.005425447 -0.005599842 0.0405 0.005096364 -0.01711627 0.0405 0.01519193 -0.01535241 0.0405 0.01699569 -0.01895138 0.0405 0.01776308 -0.01841659 0.0405 0.01513309 -0.01527759 0.0405 0.01507912 -0.01519919 0.0405 0.01503022 -0.01511752 0.0405 0.01498661 -0.01503292 0.0405 0.01494845 -0.01494572 0.0405 0.01491589 -0.01485628 0.0405 0.01488907 -0.01476495 0.0405 0.0148681 -0.0146721 0.0405 0.01485306 -0.01457812 0.0405 0.01484402 -0.01448336 0.0405 -0.01234606 0.01314122 0.0405 -0.01138985 0.002706316 0.0405 -0.0113781 0.002608865 0.0405 -0.01137275 0.002510854 0.0405 -0.009751373 0.007207996 0.0405 -0.009679732 0.007275096 0.0405 -0.009612633 0.007346737 0.0405 -0.01137382 0.002412702 0.0405 -0.009550363 0.007422614 0.0405 -0.01138131 0.002314831 0.0405 -0.01139518 0.002217659 0.0405 0.005671969 -0.005562685 0.0405 -0.009493188 0.007502401 0.0405 -0.009441354 0.007585756 0.0405 0.005916333 -0.005513286 0.0405 0.00615793 -0.005451767 0.0405 -0.009395083 0.007672323 0.0405 -0.009354573 0.007761731 0.0405 0.006396161 -0.005378283 0.0405 0.006630433 -0.005293015 0.0405 -0.009319997 0.007853597 0.0405 -0.009291504 0.007947527 0.0405 0.006860164 -0.005196175 0.0405 -0.009269215 0.00804312 0.0405 0.01160783 -0.008539551 0.0405 -0.004392173 0.007460449 0.0405 -0.009253225 0.008139967 0.0405 -0.009243604 0.008237652 0.0405 -0.004379906 0.007558867 0.0405 0.01162009 -0.008441133 0.0405 0.007084781 -0.005088005 0.0405 0.01164045 -0.008344064 0.0405 0.007303728 -0.004968773 0.0405 -0.004359552 0.007655937 0.0405 -0.009240393 0.008335756 0.0405 0.01166875 -0.008249006 0.0405 0.007516459 -0.004838776 0.0405 -0.004331253 0.007750993 0.0405 -0.009243604 0.008433861 0.0405 0.007722446 -0.004698336 0.0405 0.0117048 -0.008156611 0.0405 -0.0042952 0.007843389 0.0405 -0.009253225 0.008531546 0.0405 0.01174836 -0.008067509 0.0405 0.007921177 -0.004547803 0.0405 0.01179913 -0.007982308 0.0405 0.008112157 -0.004387552 0.0405 0.01185676 -0.007901591 0.0405 0.008294912 -0.00421798 0.0405 0.01192086 -0.007825908 0.0405 0.01199099 -0.007755777 0.0405 -0.00982725 0.009525786 0.0405 -0.007746926 0.01200502 0.0405 -0.009751373 0.009463516 0.0405 -0.009907037 0.00958296 0.0405 -0.007817087 0.01207367 0.0405 -0.007882607 0.01214675 0.0405 -0.01111368 0.01454807 0.0405 -0.01174482 0.01385775 0.0405 -0.007672426 0.01194111 0.0405 -0.009679732 0.009396417 0.0405 -0.007593905 0.01188221 0.0405 -0.007511701 0.01182857 0.0405 -0.009612633 0.009324775 0.0405 -0.007426164 0.01178042 0.0405 -0.009550363 0.009248899 0.0405 -0.007337661 0.01173797 0.0405 -0.009493188 0.009169111 0.0405 0.008468987 -0.00403951 0.0405 0.01206667 -0.007691677 0.0405 -0.007246571 0.0117014 0.0405 -0.009441354 0.009085756 0.0405 -0.007153285 0.01167086 0.0405 -0.009395083 0.008999189 0.0405 -0.0070582 0.01164649 0.0405 -0.009354573 0.008909781 0.0405 -0.006961726 0.01162839 0.0405 -0.009319997 0.008817915 0.0405 -0.009291504 0.008723985 0.0405 -0.006864275 0.01161664 0.0405 -0.01045376 0.01521093 0.0405 0.00863395 -0.003852584 0.0405 0.01214739 -0.007634046 0.0405 -0.006766263 0.01161129 0.0405 -0.009269215 0.008628391 0.0405 0.02072113 -0.01582536 0.0405 0.02006121 -0.01648822 0.0405 -0.006668112 0.01161236 0.0405 -0.00425164 0.007932491 0.0405 -0.00657024 0.01161985 0.0405 -0.004200872 0.008017692 0.0405 0.008789391 -0.003657668 0.0405 0.01223259 -0.007583277 0.0405 -0.006473069 0.01163372 0.0405 -0.00414324 0.00809841 0.0405 -0.006377012 0.01165392 0.0405 -0.004079141 0.008174092 0.0405 -0.006282482 0.01168036 0.0405 -0.00400901 0.008244223 0.0405 0.008934922 -0.003455246 0.0405 0.01232169 -0.007539718 0.0405 0.01241409 -0.007503665 0.0405 -0.006189884 0.01171292 0.0405 -0.006099614 0.01175147 0.0405 -0.003933327 0.008308323 0.0405 -0.006012058 0.01179585 0.0405 -0.00385261 0.008365953 0.0405 0.009070183 -0.003245822 0.0405 0.01250915 -0.007475366 0.0405 -0.005927591 0.01184585 0.0405 -0.003767409 0.008416722 0.0405 -0.005846576 0.01190127 0.0405 -0.003678307 0.008460282 0.0405 0.009194836 -0.003029916 0.0405 0.01260621 -0.007455012 0.0405 -0.00576936 0.01196187 0.0405 -0.003585911 0.008496335 0.0405 0.02135228 -0.01513504 0.0405 -0.005696271 0.01202739 0.0405 -0.003490855 0.008524634 0.0405 -0.005627625 0.01209755 0.0405 0.009308573 -0.002808065 0.0405 0.01270463 -0.007442745 0.0405 -0.005563714 0.01217205 0.0405 -0.003393785 0.008544988 0.0405 -0.005504813 0.01225057 0.0405 -0.003295367 0.008557256 0.0405 0.009411109 -0.00258082 0.0405 0.01280373 -0.007438646 0.0405 -0.005451173 0.01233278 0.0405 -0.003196272 0.008561354 0.0405 -0.002000371 0.007460449 0.0405 -0.005403025 0.01241831 0.0405 -0.003097177 0.008557256 0.0405 -0.005360574 0.01250682 0.0405 -0.002998759 0.008544988 0.0405 0.009502192 -0.002348747 0.0405 0.01290282 -0.007442745 0.0405 -0.005324002 0.01259791 0.0405 -0.00290169 0.008524634 0.0405 -0.002012638 0.007558867 0.0405 0.009581592 -0.002112422 0.0405 0.01300124 -0.007455012 0.0405 -0.002032992 0.007655937 0.0405 0.009649115 -0.001872433 0.0405 0.01309831 -0.007475366 0.0405 -0.002061291 0.007750993 0.0405 0.009704591 -0.001629377 0.0405 0.01319337 -0.007503665 0.0405 -0.002097344 0.007843389 0.0405 0.009747882 -0.001383857 0.0405 0.01328576 -0.007539718 0.0405 0.01928719 -0.01067371 0.0405 0.01935883 -0.01074081 0.0405 0.01922009 -0.01060207 0.0405 0.01943471 -0.01080308 0.0405 0.01915782 -0.01052619 0.0405 0.01951449 -0.01086025 0.0405 0.01910064 -0.0104464 0.0405 0.01959785 -0.01091209 0.0405 0.02195351 -0.01441852 0.0405 0.01904881 -0.01036305 0.0405 0.01900254 -0.01027648 0.0405 0.01896203 -0.01018707 0.0405 0.01892745 -0.01009521 0.0405 0.02252375 -0.01367709 0.0405 0.01889896 -0.01000128 0.0405 0.01887667 -0.009905684 0.0405 0.01886068 -0.009808837 0.0405 0.01885106 -0.009711153 0.0405 0.01399963 -0.008539551 0.0405 0.01398736 -0.008441133 0.0405 0.01396701 -0.008344064 0.0405 0.02306195 -0.01291209 0.0405 0.01393871 -0.008249006 0.0405 -0.008155624 0.0171393 0.0405 -0.007388235 0.01767408 0.0405 -0.005584474 0.01407512 0.0405 0.01390266 -0.008156611 0.0405 0.0138591 -0.008067509 0.0405 0.01380833 -0.007982308 0.0405 0.0137507 -0.007901591 0.0405 0.0136866 -0.007825908 0.0405 -0.006598806 0.01817577 0.0405 -0.005302966 0.01356199 0.0405 -0.002372394 0.01514417 0.0405 -0.005276528 0.01346746 0.0405 -0.002441041 0.01521433 0.0405 -0.002299306 0.01507865 0.0405 -0.005256329 0.01337141 0.0405 -0.002504951 0.01528883 0.0405 -0.005335529 0.01365459 0.0405 -0.005374079 0.01374486 0.0405 -0.002222089 0.01501805 0.0405 -0.005242456 0.01327424 0.0405 -0.002563853 0.01536735 0.0405 -0.005418451 0.01383242 0.0405 -0.002141074 0.01496263 0.0405 -0.005234969 0.01317636 0.0405 -0.002617492 0.01544955 0.0405 -0.002056608 0.01491262 0.0405 -0.005233898 0.01307821 0.0405 -0.002665641 0.01553509 0.0405 -0.005468454 0.01391689 0.0405 -0.005523874 0.0139979 0.0405 -0.001969052 0.01486825 0.0405 -0.005239249 0.0129802 0.0405 -0.002708092 0.01562359 0.0405 -0.001878782 0.0148297 0.0405 -0.005250998 0.01288275 0.0405 -0.005788766 0.01864345 0.0405 -0.002744663 0.01571468 0.0405 -0.001786183 0.01479714 0.0405 -0.005269097 0.01278628 0.0405 -0.001691653 0.0147707 0.0405 -0.005293466 0.01269119 0.0405 -0.001595597 0.0147505 0.0405 -0.001498425 0.01473663 0.0405 -0.002806633 0.008496335 0.0405 -0.001400554 0.01472914 0.0405 -0.002714237 0.008460282 0.0405 -0.001302402 0.01472807 0.0405 -0.002625135 0.008416722 0.0405 -0.001204391 0.01473342 0.0405 -0.002539934 0.008365953 0.0405 -0.001106939 0.01474517 0.0405 -0.002459217 0.008308323 0.0405 -0.001010465 0.01476327 0.0405 -0.000915381 0.01478764 0.0405 -0.002383534 0.008244223 0.0405 -0.0008220943 0.01481817 0.0405 -0.002313403 0.008174092 0.0405 -0.004959579 0.01907627 0.0405 -0.0007310045 0.01485475 0.0405 -0.002249303 0.00809841 0.0405 -0.0006425016 0.0148972 0.0405 -0.002191672 0.008017692 0.0405 -0.0005569646 0.01494534 0.0405 -0.002140903 0.007932491 0.0405 -0.0004747599 0.01499898 0.0405 -0.004112744 0.01947345 0.0405 0.02495536 -0.009465413 0.0405 0.02456195 -0.01031401 0.0405 0.0214325 -0.004829223 0.0405 0.02136347 -0.004757265 0.0405 0.02150615 -0.004896437 0.0405 0.02129937 -0.004680879 0.0405 0.02158411 -0.004958608 0.0405 0.02124049 -0.004600403 0.0405 0.02166603 -0.005015462 0.0405 0.02118709 -0.004516193 0.0405 0.02175154 -0.005066748 0.0405 0.0211394 -0.004428622 0.0405 0.02531234 -0.008600862 0.0405 0.02184028 -0.005112239 0.0405 0.02109764 -0.004338075 0.0405 0.02193184 -0.005151734 0.0405 0.02106198 -0.004244954 0.0405 0.02202582 -0.005185058 0.0405 0.02103259 -0.004149669 0.0405 0.02212181 -0.005212065 0.0405 0.02100959 -0.004052642 0.0405 0.01361647 -0.007755777 0.0405 0.02221938 -0.005232635 0.0405 0.02099309 -0.003954302 0.0405 0.01354078 -0.007691677 0.0405 0.02098316 -0.003855083 0.0405 0.01346007 -0.007634046 0.0405 0.01337486 -0.007583277 0.0405 0.009778882 -0.001136485 0.0405 0.009797513 -0.0008878753 0.0405 0.02563225 -0.007721916 0.0405 0.01160783 0.007460449 0.0405 0.02591451 -0.006830168 0.0405 0.01162009 0.007558867 0.0405 0.01164045 0.007655937 0.0405 0.01166875 0.007750993 0.0405 0.0117048 0.007843389 0.0405 2.433714e-05 0.01559379 0.0405 0.003675968 0.01632114 0.0405 0.003743068 0.0162495 0.0405 6.288727e-05 0.01568406 0.0405 9.545089e-05 0.01577665 0.0405 0.003814709 0.0161824 0.0405 -2.00344e-05 0.01550623 0.0405 0.003613698 0.01639702 0.0405 0.003890586 0.01612013 0.0405 -7.003737e-05 0.01542176 0.0405 0.0001218886 0.01587118 0.0405 0.003556524 0.0164768 0.0405 0.0001420871 0.01596724 0.0405 0.003970373 0.01606295 0.0405 -0.0001254576 0.01534075 0.0405 0.00015596 0.01606441 0.0405 0.00350469 0.01656016 0.0405 -0.0001860579 0.01526353 0.0405 0.004053728 0.01601112 0.0405 -0.0002515786 0.01519044 0.0405 0.003458419 0.01664672 0.0405 0.004140295 0.01596485 0.0405 0.0001634478 0.01616228 0.0405 0.003417909 0.01673613 0.0405 0.0001645185 0.01626044 0.0405 0.004229703 0.01592434 0.0405 -0.0003217392 0.0151218 0.0405 0.004321569 0.01588976 0.0405 -0.0003962393 0.01505789 0.0405 0.003383333 0.016828 0.0405 0.02615861 -0.005927227 0.0405 0.003354839 0.01692193 0.0405 0.0001591675 0.01635845 0.0405 0.004415499 0.01586127 0.0405 -0.001293666 0.02049951 0.0405 -0.000389647 0.02073959 0.0405 7.441439e-05 0.01674074 0.0405 0.0001474177 0.0164559 0.0405 0.00333255 0.01701752 0.0405 0.004511093 0.01583898 0.0405 0.003316561 0.01711437 0.0405 0.0001293195 0.01655237 0.0405 0.0001049502 0.01664746 0.0405 0.004607939 0.01582299 0.0405 0.00330694 0.01721205 0.0405 0.004705623 0.01581337 0.0405 0.003303728 0.01731016 0.0405 0.004803728 0.01581016 0.0405 0.004901833 0.01581337 0.0405 0.004999517 0.01582299 0.0405 0.005096364 0.01583898 0.0405 0.005191957 0.01586127 0.0405 0.01174836 0.007932491 0.0405 0.0005237597 0.02094102 0.0405 0.001444903 0.02110344 0.0405 0.02147904 0.001360822 0.0405 0.02140895 0.001427805 0.0405 0.02134334 0.001499175 0.0405 0.0215533 0.001298507 0.0405 0.02128248 0.001574634 0.0405 0.02163144 0.001241119 0.0405 0.02122662 0.001653868 0.0405 0.02171312 0.001188898 0.0405 0.02117599 0.001736544 0.0405 0.021798 0.001142062 0.0405 0.02113081 0.001822318 0.0405 0.02188573 0.001100807 0.0405 0.02109126 0.001910831 0.0405 0.02197594 0.001065305 0.0405 0.02105752 0.002001714 0.0405 0.02206826 0.001035705 0.0405 0.02102971 0.002094588 0.0405 0.02216229 0.00101213 0.0405 0.02100797 0.002189063 0.0405 0.02225766 0.0009946792 0.0405 0.02099237 0.002284745 0.0405 0.02235395 0.0009834244 0.0405 0.02098298 0.002381236 0.0405 0.02245076 0.0009784132 0.0405 0.0225477 0.0009796665 0.0405 0.002372118 0.02122656 0.0405 0.02264435 0.0009871791 0.0405 0.02274032 0.00100092 0.0405 0.003303728 0.02131016 0.0405 0.026759 -0.002040831 0.0405 0.02667955 -0.002972804 0.0405 0.005467161 0.01596485 0.0405 0.009895226 0.01515391 0.0405 0.005377753 0.01592434 0.0405 0.005553728 0.01601112 0.0405 0.009826197 0.01522587 0.0405 0.009968883 0.0150867 0.0405 0.005285887 0.01588976 0.0405 0.005637084 0.01606295 0.0405 0.009762101 0.01530226 0.0405 0.01004684 0.01502453 0.0405 0.00571687 0.01612013 0.0405 0.009703222 0.01538273 0.0405 0.01012876 0.01496767 0.0405 0.01179913 0.008017692 0.0405 0.005792747 0.0161824 0.0405 0.00964982 0.01546694 0.0405 0.01021428 0.01491639 0.0405 0.01185676 0.00809841 0.0405 0.005864388 0.0162495 0.0405 0.009602132 0.01555451 0.0405 0.01030301 0.0148709 0.0405 0.01192086 0.008174092 0.0405 0.005931488 0.01632114 0.0405 0.009560367 0.01564506 0.0405 0.01039457 0.0148314 0.0405 0.005993758 0.01639702 0.0405 0.009524709 0.01573818 0.0405 0.01048855 0.01479808 0.0405 0.01199099 0.008244223 0.0405 0.006050932 0.0164768 0.0405 0.009495317 0.01583347 0.0405 0.01058454 0.01477107 0.0405 0.01206667 0.008308323 0.0405 0.006102766 0.01656016 0.0405 0.009472322 0.01593049 0.0405 0.01068211 0.0147505 0.0405 0.01214739 0.008365953 0.0405 0.006149037 0.01664672 0.0405 0.009455823 0.01602883 0.0405 0.01078083 0.01473646 0.0405 0.01223259 0.008416722 0.0405 0.009445895 0.01612805 0.0405 0.006189547 0.01673613 0.0405 0.01088027 0.01472901 0.0405 0.01232169 0.008460282 0.0405 0.006224123 0.016828 0.0405 0.02679876 -0.001106323 0.0405 0.01097998 0.01472818 0.0405 0.01241409 0.008496335 0.0405 0.006252617 0.01692193 0.0405 0.01107952 0.01473398 0.0405 0.006274906 0.01701752 0.0405 0.01117846 0.01474638 0.0405 0.01250915 0.008524634 0.0405 0.006290895 0.01711437 0.0405 0.01127636 0.01476532 0.0405 0.006300517 0.01721205 0.0405 0.006303728 0.01731016 0.0405 0.01928719 0.007275096 0.0405 0.01935883 0.007207996 0.0405 0.01922009 0.007346737 0.0405 0.01943471 0.007145726 0.0405 0.01915782 0.007422614 0.0405 0.01951449 0.007088552 0.0405 0.01910064 0.007502401 0.0405 0.02679876 -0.0001709692 0.0405 0.01959785 0.007036718 0.0405 0.01904881 0.007585756 0.0405 0.01968442 0.006990447 0.0405 0.01900254 0.007672323 0.0405 0.01977382 0.006949937 0.0405 0.01896203 0.007761731 0.0405 0.01986569 0.006915361 0.0405 0.01892745 0.007853597 0.0405 0.01995962 0.006886868 0.0405 0.01889896 0.007947527 0.0405 0.02005521 0.006864578 0.0405 0.01399963 0.007460449 0.0405 0.01887667 0.00804312 0.0405 0.02015206 0.006848589 0.0405 0.01398736 0.007558867 0.0405 0.01886068 0.008139967 0.0405 0.02024974 0.006838968 0.0405 0.01885106 0.008237652 0.0405 0.01396701 0.007655937 0.0405 0.02034785 0.006835756 0.0405 0.01393871 0.007750993 0.0405 0.02044595 0.006838968 0.0405 0.01390266 0.007843389 0.0405 0.01309831 0.008524634 0.0405 0.01528787 0.0120428 0.0405 0.01319337 0.008496335 0.0405 0.01521968 0.01211462 0.0405 0.01300124 0.008544988 0.0405 0.01536065 0.01197563 0.0405 0.01328576 0.008460282 0.0405 0.01515637 0.01219079 0.0405 0.01543771 0.01191341 0.0405 0.01337486 0.008416722 0.0405 0.01509823 0.01227097 0.0405 0.01290282 0.008557256 0.0405 0.01551871 0.01185641 0.0405 0.01346007 0.008365953 0.0405 0.02054364 0.006848589 0.0405 0.01504551 0.01235482 0.0405 0.01280373 0.008561354 0.0405 0.01560329 0.01180488 0.0405 0.01354078 0.008308323 0.0405 0.01499844 0.01244196 0.0405 0.01270463 0.008557256 0.0405 0.01569108 0.01175904 0.0405 0.01495722 0.01253201 0.0405 0.01260621 0.008544988 0.0405 0.01578171 0.0117191 0.0405 0.01361647 0.008244223 0.0405 0.02064048 0.006864578 0.0405 0.026759 0.0007635388 0.0405 0.01492203 0.01262459 0.0405 0.01587478 0.01168523 0.0405 0.0136866 0.008174092 0.0405 0.01137279 0.01479073 0.0405 0.01489303 0.01271929 0.0405 0.02073608 0.006886868 0.0405 0.01596988 0.01165757 0.0405 0.0137507 0.00809841 0.0405 0.01146731 0.01482249 0.0405 0.01487034 0.0128157 0.0405 0.0160666 0.01163625 0.0405 0.01380833 0.008017692 0.0405 0.02083001 0.006915361 0.0405 0.01485406 0.01291339 0.0405 0.01155951 0.01486045 0.0405 0.01616451 0.01162135 0.0405 0.0138591 0.007932491 0.0405 0.01484427 0.01301195 0.0405 0.01164899 0.01490446 0.0405 0.02092187 0.006949937 0.0405 0.0162632 0.01161295 0.0405 0.01173534 0.01495432 0.0405 0.01636222 0.01161109 0.0405 0.02101128 0.006990447 0.0405 0.0118182 0.01500981 0.0405 0.01646115 0.01161576 0.0405 0.02109785 0.007036718 0.0405 0.01189718 0.01507067 0.0405 0.01655956 0.01162694 0.0405 0.01197194 0.01513665 0.0405 0.01665701 0.0116446 0.0405 0.02667955 0.001695512 0.0405 0.01204216 0.01520745 0.0405 0.01675309 0.01166865 0.0405 0.006303728 0.02131016 0.0405 0.007235338 0.02122656 0.0405 0.01210751 0.01528276 0.0405 0.01684737 0.01169899 0.0405 0.01216772 0.01536225 0.0405 0.01693945 0.01173549 0.0405 0.01222252 0.01544556 0.0405 0.01702891 0.01177798 0.0405 0.01227166 0.01553233 0.0405 0.01711537 0.01182628 0.0405 0.01231492 0.01562217 0.0405 0.01719846 0.01188018 0.0405 0.01235212 0.01571468 0.0405 0.01727781 0.01193945 0.0405 0.008162553 0.02110344 0.0405 0.01735308 0.01200383 0.0405 0.01742393 0.01207303 0.0405 0.01749006 0.01214675 0.0405 0.009083696 0.02094102 0.0405 0.009997103 0.02073959 0.0405 0.01090112 0.02049951 0.0405 0.02591451 0.005552876 0.0405 0.02615861 0.004649936 0.0405 0.02563225 0.006444624 0.0405 0.02531234 0.007323569 0.0405 0.02495536 0.008188122 0.0405 0.02456195 0.009036718 0.0405 0.0137202 0.01947345 0.0405 0.01456704 0.01907627 0.0405 0.01539622 0.01864345 0.0405 0.01620626 0.01817577 0.0405 0.01699569 0.01767408 0.0405 0.01776308 0.0171393 0.0405 0.02252375 0.01239979 0.0405 0.02306195 0.01163479 0.0405 0.02195351 0.01314122 0.0405 0.02135228 0.01385775 0.0405 0.02072113 0.01454807 0.0405 0.02006121 0.01521093 0.0405 7.441439e-05 0.01674074 0.0435 0.0001049502 0.01664746 0.0435 0.0001293195 0.01655237 0.0435 0.0001474177 0.0164559 0.0435 0.0001591675 0.01635845 0.0435 0.0001645185 0.01626044 0.0435 0.0001634478 0.01616228 0.0435 0.00015596 0.01606441 0.0435 0.0001420871 0.01596724 0.0435 0.0001218886 0.01587118 0.0435 9.545089e-05 0.01577665 0.0435 6.288727e-05 0.01568406 0.0435 2.433714e-05 0.01559379 0.0435 -2.00344e-05 0.01550623 0.0435 -7.003737e-05 0.01542176 0.0435 -0.0001254576 0.01534075 0.0435 -0.0001860579 0.01526353 0.0435 -0.0002515786 0.01519044 0.0435 -0.0003217392 0.0151218 0.0435 -0.0003962393 0.01505789 0.0435 -0.0004747599 0.01499898 0.0435 -0.0005569646 0.01494534 0.0435 -0.0006425016 0.0148972 0.0435 -0.0007310045 0.01485475 0.0435 -0.0008220943 0.01481817 0.0435 -0.000915381 0.01478764 0.0435 -0.001010465 0.01476327 0.0435 -0.001106939 0.01474517 0.0435 -0.001204391 0.01473342 0.0435 -0.001302402 0.01472807 0.0435 -0.001400554 0.01472914 0.0435 -0.001498425 0.01473663 0.0435 -0.001595597 0.0147505 0.0435 -0.001691653 0.0147707 0.0435 -0.001786183 0.01479714 0.0435 -0.001878782 0.0148297 0.0435 -0.001969052 0.01486825 0.0435 -0.002056608 0.01491262 0.0435 -0.002141074 0.01496263 0.0435 -0.002222089 0.01501805 0.0435 -0.002299306 0.01507865 0.0435 -0.002372394 0.01514417 0.0435 -0.002441041 0.01521433 0.0435 -0.002504951 0.01528883 0.0435 -0.002563853 0.01536735 0.0435 -0.002617492 0.01544955 0.0435 -0.002665641 0.01553509 0.0435 -0.002708092 0.01562359 0.0435 -0.002744663 0.01571468 0.0435 -0.004112744 0.01947345 0.0435 -0.008155624 0.0171393 0.0435 -0.007388235 0.01767408 0.0435 -0.006598806 0.01817577 0.0435 -0.005788766 0.01864345 0.0435 -0.004959579 0.01907627 0.0435 -0.005584474 0.01407512 0.0435 -0.005523874 0.0139979 0.0435 -0.005468454 0.01391689 0.0435 -0.005418451 0.01383242 0.0435 -0.005374079 0.01374486 0.0435 -0.005335529 0.01365459 0.0435 -0.005302966 0.01356199 0.0435 -0.005276528 0.01346746 0.0435 -0.005256329 0.01337141 0.0435 -0.005242456 0.01327424 0.0435 -0.005234969 0.01317636 0.0435 -0.005233898 0.01307821 0.0435 -0.005239249 0.0129802 0.0435 -0.005250998 0.01288275 0.0435 -0.005269097 0.01278628 0.0435 -0.005293466 0.01269119 0.0435 -0.005324002 0.01259791 0.0435 -0.005360574 0.01250682 0.0435 -0.005403025 0.01241831 0.0435 -0.005451173 0.01233278 0.0435 -0.005504813 0.01225057 0.0435 -0.005563714 0.01217205 0.0435 -0.005627625 0.01209755 0.0435 -0.005696271 0.01202739 0.0435 -0.00576936 0.01196187 0.0435 -0.005846576 0.01190127 0.0435 -0.005927591 0.01184585 0.0435 -0.006012058 0.01179585 0.0435 -0.006099614 0.01175147 0.0435 -0.006189884 0.01171292 0.0435 -0.006282482 0.01168036 0.0435 -0.006377012 0.01165392 0.0435 -0.006473069 0.01163372 0.0435 -0.00657024 0.01161985 0.0435 -0.006668112 0.01161236 0.0435 -0.006766263 0.01161129 0.0435 -0.006864275 0.01161664 0.0435 -0.006961726 0.01162839 0.0435 -0.0070582 0.01164649 0.0435 -0.007153285 0.01167086 0.0435 -0.007246571 0.0117014 0.0435 -0.007337661 0.01173797 0.0435 -0.007426164 0.01178042 0.0435 -0.007511701 0.01182857 0.0435 -0.007593905 0.01188221 0.0435 -0.007672426 0.01194111 0.0435 -0.007746926 0.01200502 0.0435 -0.007817087 0.01207367 0.0435 -0.007882607 0.01214675 0.0435 -0.01045376 0.01521093 0.0435 -0.01345449 0.01163479 0.0435 -0.01291629 0.01239979 0.0435 -0.01234606 0.01314122 0.0435 -0.01174482 0.01385775 0.0435 -0.01111368 0.01454807 0.0435 -0.009990393 0.009634794 0.0435 -0.009907037 0.00958296 0.0435 -0.00982725 0.009525786 0.0435 -0.009751373 0.009463516 0.0435 -0.009679732 0.009396417 0.0435 -0.009612633 0.009324775 0.0435 -0.009550363 0.009248899 0.0435 -0.009493188 0.009169111 0.0435 -0.009441354 0.009085756 0.0435 -0.009395083 0.008999189 0.0435 -0.009354573 0.008909781 0.0435 -0.009319997 0.008817915 0.0435 -0.009291504 0.008723985 0.0435 -0.009269215 0.008628391 0.0435 -0.009253225 0.008531546 0.0435 -0.009243604 0.008433861 0.0435 -0.009240393 0.008335756 0.0435 -0.009243604 0.008237652 0.0435 -0.009253225 0.008139967 0.0435 -0.009269215 0.00804312 0.0435 -0.009291504 0.007947527 0.0435 -0.009319997 0.007853597 0.0435 -0.009354573 0.007761731 0.0435 -0.009395083 0.007672323 0.0435 -0.009441354 0.007585756 0.0435 -0.009493188 0.007502401 0.0435 -0.009550363 0.007422614 0.0435 -0.009612633 0.007346737 0.0435 -0.009679732 0.007275096 0.0435 -0.009751373 0.007207996 0.0435 -0.00982725 0.007145726 0.0435 -0.009907037 0.007088552 0.0435 -0.009990393 0.007036718 0.0435 -0.01007696 0.006990447 0.0435 -0.01016637 0.006949937 0.0435 -0.01025823 0.006915361 0.0435 -0.01035216 0.006886868 0.0435 -0.01044776 0.006864578 0.0435 -0.0105446 0.006848589 0.0435 -0.01064229 0.006838968 0.0435 -0.01074039 0.006835756 0.0435 -0.0108385 0.006838968 0.0435 -0.01093618 0.006848589 0.0435 -0.01103303 0.006864578 0.0435 -0.01112862 0.006886868 0.0435 -0.01122255 0.006915361 0.0435 -0.01131442 0.006949937 0.0435 -0.01140383 0.006990447 0.0435 -0.01149039 0.007036718 0.0435 -0.01495449 0.009036718 0.0435 -0.01655115 0.004649936 0.0435 -0.01630705 0.005552876 0.0435 -0.01602479 0.006444624 0.0435 -0.01570488 0.007323569 0.0435 -0.0153479 0.008188122 0.0435 -0.01261192 0.003955343 0.0435 -0.01251586 0.003935144 0.0435 -0.01242133 0.003908707 0.0435 -0.01232874 0.003876143 0.0435 -0.01223847 0.003837593 0.0435 -0.01215091 0.003793221 0.0435 -0.01206644 0.003743218 0.0435 -0.01198543 0.003687798 0.0435 -0.01190821 0.003627198 0.0435 -0.01183512 0.003561677 0.0435 -0.01176648 0.003491517 0.0435 -0.01170257 0.003417017 0.0435 -0.01164367 0.003338496 0.0435 -0.01159003 0.003256291 0.0435 -0.01154188 0.003170754 0.0435 -0.01149943 0.003082251 0.0435 -0.01146285 0.002991161 0.0435 -0.01143232 0.002897875 0.0435 -0.01140795 0.002802791 0.0435 -0.01138985 0.002706316 0.0435 -0.0113781 0.002608865 0.0435 -0.01137275 0.002510854 0.0435 -0.01137382 0.002412702 0.0435 -0.01138131 0.002314831 0.0435 -0.01139518 0.002217659 0.0435 -0.01141538 0.002121602 0.0435 -0.01144182 0.002027072 0.0435 -0.01147438 0.001934474 0.0435 -0.01151293 0.001844204 0.0435 -0.0115573 0.001756648 0.0435 -0.01160731 0.001672182 0.0435 -0.01166273 0.001591167 0.0435 -0.01172333 0.00151395 0.0435 -0.01178885 0.001440862 0.0435 -0.01185901 0.001372215 0.0435 -0.01193351 0.001308304 0.0435 -0.01201203 0.001249403 0.0435 -0.01209423 0.001195763 0.0435 -0.01217977 0.001147615 0.0435 -0.01226827 0.001105164 0.0435 -0.01235936 0.001068592 0.0435 -0.01245265 0.001038056 0.0435 -0.01254773 0.001013687 0.0435 -0.01264421 0.000995589 0.0435 -0.01274166 0.0009838392 0.0435 -0.01283967 0.0009784881 0.0435 -0.01293782 0.0009795589 0.0435 -0.01303569 0.0009870467 0.0435 -0.01313287 0.00100092 0.0435 -0.0170721 0.001695512 0.0435 -0.01718246 0.0001407109 0.0435 -0.01714105 0.0009190893 0.0435 -0.01313287 -0.002278211 0.0435 -0.01303569 -0.002264338 0.0435 -0.01293782 -0.002256851 0.0435 -0.01283967 -0.00225578 0.0435 -0.01274166 -0.002261131 0.0435 -0.01264421 -0.002272881 0.0435 -0.01254773 -0.002290979 0.0435 -0.01245265 -0.002315348 0.0435 -0.01235936 -0.002345884 0.0435 -0.01226827 -0.002382456 0.0435 -0.01217977 -0.002424907 0.0435 -0.01209423 -0.002473055 0.0435 -0.01201203 -0.002526695 0.0435 -0.01193351 -0.002585596 0.0435 -0.01185901 -0.002649507 0.0435 -0.01178885 -0.002718153 0.0435 -0.01172333 -0.002791242 0.0435 -0.01166273 -0.002868459 0.0435 -0.01160731 -0.002949474 0.0435 -0.0115573 -0.00303394 0.0435 -0.01151293 -0.003121496 0.0435 -0.01147438 -0.003211766 0.0435 -0.01144182 -0.003304364 0.0435 -0.01141538 -0.003398894 0.0435 -0.01139518 -0.003494951 0.0435 -0.01138131 -0.003592123 0.0435 -0.01137382 -0.003689994 0.0435 -0.01137275 -0.003788145 0.0435 -0.0113781 -0.003886157 0.0435 -0.01138985 -0.003983608 0.0435 -0.01140795 -0.004080082 0.0435 -0.01143232 -0.004175167 0.0435 -0.01146285 -0.004268453 0.0435 -0.01149943 -0.004359543 0.0435 -0.01154188 -0.004448046 0.0435 -0.01159003 -0.004533583 0.0435 -0.01164367 -0.004615788 0.0435 -0.01170257 -0.004694308 0.0435 -0.01176648 -0.004768808 0.0435 -0.01183512 -0.004838969 0.0435 -0.01190821 -0.00490449 0.0435 -0.01198543 -0.00496509 0.0435 -0.01206644 -0.00502051 0.0435 -0.01215091 -0.005070513 0.0435 -0.01223847 -0.005114885 0.0435 -0.01232874 -0.005153435 0.0435 -0.01242133 -0.005185998 0.0435 -0.01251586 -0.005212436 0.0435 -0.01261192 -0.005232635 0.0435 -0.01655115 -0.005927227 0.0435 -0.01495449 -0.01031401 0.0435 -0.0153479 -0.009465413 0.0435 -0.01570488 -0.008600862 0.0435 -0.01602479 -0.007721916 0.0435 -0.01630705 -0.006830168 0.0435 -0.01149039 -0.00831401 0.0435 -0.01140383 -0.008267739 0.0435 -0.01131442 -0.008227229 0.0435 -0.01122255 -0.008192653 0.0435 -0.01112862 -0.008164159 0.0435 -0.01103303 -0.00814187 0.0435 -0.01093618 -0.00812588 0.0435 -0.0108385 -0.00811626 0.0435 -0.01074039 -0.008113048 0.0435 -0.01064229 -0.00811626 0.0435 -0.0105446 -0.00812588 0.0435 -0.01044776 -0.00814187 0.0435 -0.01035216 -0.008164159 0.0435 -0.01025823 -0.008192653 0.0435 -0.01016637 -0.008227229 0.0435 -0.01007696 -0.008267739 0.0435 -0.009990393 -0.00831401 0.0435 -0.009907037 -0.008365844 0.0435 -0.00982725 -0.008423018 0.0435 -0.009751373 -0.008485289 0.0435 -0.009679732 -0.008552388 0.0435 -0.009612633 -0.008624029 0.0435 -0.009550363 -0.008699905 0.0435 -0.009493188 -0.008779693 0.0435 -0.009441354 -0.008863048 0.0435 -0.009395083 -0.008949615 0.0435 -0.009354573 -0.009039022 0.0435 -0.009319997 -0.009130889 0.0435 -0.009291504 -0.009224819 0.0435 -0.009269215 -0.009320413 0.0435 -0.009253225 -0.009417258 0.0435 -0.009243604 -0.009514943 0.0435 -0.009240393 -0.009613048 0.0435 -0.009243604 -0.009711153 0.0435 -0.009253225 -0.009808837 0.0435 -0.009269215 -0.009905684 0.0435 -0.009291504 -0.01000128 0.0435 -0.009319997 -0.01009521 0.0435 -0.009354573 -0.01018707 0.0435 -0.009395083 -0.01027648 0.0435 -0.009441354 -0.01036305 0.0435 -0.009493188 -0.0104464 0.0435 -0.009550363 -0.01052619 0.0435 -0.009612633 -0.01060207 0.0435 -0.009679732 -0.01067371 0.0435 -0.009751373 -0.01074081 0.0435 -0.00982725 -0.01080308 0.0435 -0.009907037 -0.01086025 0.0435 -0.009990393 -0.01091209 0.0435 -0.01345449 -0.01291209 0.0435 -0.01045376 -0.01648822 0.0435 -0.01111368 -0.01582536 0.0435 -0.01174482 -0.01513504 0.0435 -0.01234606 -0.01441852 0.0435 -0.01291629 -0.01367709 0.0435 -0.007882607 -0.01342405 0.0435 -0.007817087 -0.01335096 0.0435 -0.007746926 -0.01328231 0.0435 -0.007672426 -0.0132184 0.0435 -0.007593905 -0.0131595 0.0435 -0.007511701 -0.01310586 0.0435 -0.007426164 -0.01305771 0.0435 -0.007337661 -0.01301526 0.0435 -0.007246571 -0.01297869 0.0435 -0.007153285 -0.01294815 0.0435 -0.0070582 -0.01292378 0.0435 -0.006961726 -0.01290569 0.0435 -0.006864275 -0.01289394 0.0435 -0.006766263 -0.01288858 0.0435 -0.006668112 -0.01288966 0.0435 -0.00657024 -0.01289714 0.0435 -0.006473069 -0.01291102 0.0435 -0.006377012 -0.01293121 0.0435 -0.006282482 -0.01295765 0.0435 -0.006189884 -0.01299022 0.0435 -0.006099614 -0.01302877 0.0435 -0.006012058 -0.01307314 0.0435 -0.005927591 -0.01312314 0.0435 -0.005846576 -0.01317856 0.0435 -0.00576936 -0.01323916 0.0435 -0.005696271 -0.01330468 0.0435 -0.005627625 -0.01337484 0.0435 -0.005563714 -0.01344934 0.0435 -0.005504813 -0.01352786 0.0435 -0.005451173 -0.01361007 0.0435 -0.005403025 -0.0136956 0.0435 -0.005360574 -0.01378411 0.0435 -0.005324002 -0.0138752 0.0435 -0.005293466 -0.01396848 0.0435 -0.005269097 -0.01406357 0.0435 -0.005250998 -0.01416004 0.0435 -0.005239249 -0.01425749 0.0435 -0.005233898 -0.0143555 0.0435 -0.005234969 -0.01445366 0.0435 -0.005242456 -0.01455153 0.0435 -0.005256329 -0.0146487 0.0435 -0.005276528 -0.01474476 0.0435 -0.005302966 -0.01483929 0.0435 -0.005335529 -0.01493188 0.0435 -0.005374079 -0.01502215 0.0435 -0.005418451 -0.01510971 0.0435 -0.005468454 -0.01519418 0.0435 -0.005523874 -0.01527519 0.0435 -0.005584474 -0.01535241 0.0435 -0.008155624 -0.01841659 0.0435 -0.004112744 -0.02075075 0.0435 -0.004959579 -0.02035356 0.0435 -0.005788766 -0.01992074 0.0435 -0.006598806 -0.01945306 0.0435 -0.007388235 -0.01895138 0.0435 -0.002744663 -0.01699197 0.0435 -0.002708092 -0.01690088 0.0435 -0.002665641 -0.01681238 0.0435 -0.002617492 -0.01672684 0.0435 -0.002563853 -0.01664464 0.0435 -0.002504951 -0.01656612 0.0435 -0.002441041 -0.01649162 0.0435 -0.002372394 -0.01642146 0.0435 -0.002299306 -0.01635594 0.0435 -0.002222089 -0.01629534 0.0435 -0.002141074 -0.01623992 0.0435 -0.002056608 -0.01618991 0.0435 -0.001969052 -0.01614554 0.0435 -0.001878782 -0.01610699 0.0435 -0.001786183 -0.01607443 0.0435 -0.001691653 -0.01604799 0.0435 -0.001595597 -0.01602779 0.0435 -0.001498425 -0.01601392 0.0435 -0.001400554 -0.01600643 0.0435 -0.001302402 -0.01600536 0.0435 -0.001204391 -0.01601071 0.0435 -0.001106939 -0.01602246 0.0435 -0.001010465 -0.01604056 0.0435 -0.000915381 -0.01606493 0.0435 -0.0008220943 -0.01609547 0.0435 -0.0007310045 -0.01613204 0.0435 -0.0006425016 -0.01617449 0.0435 -0.0005569646 -0.01622264 0.0435 -0.0004747599 -0.01627628 0.0435 -0.0003962393 -0.01633518 0.0435 -0.0003217392 -0.01639909 0.0435 -0.0002515786 -0.01646774 0.0435 -0.0001860579 -0.01654082 0.0435 -0.0001254576 -0.01661804 0.0435 -7.003737e-05 -0.01669905 0.0435 -2.00344e-05 -0.01678352 0.0435 2.433714e-05 -0.01687108 0.0435 6.288727e-05 -0.01696135 0.0435 9.545089e-05 -0.01705395 0.0435 0.0001218886 -0.01714848 0.0435 0.0001420871 -0.01724453 0.0435 0.00015596 -0.0173417 0.0435 0.0001634478 -0.01743958 0.0435 0.0001645185 -0.01753773 0.0435 0.0001591675 -0.01763574 0.0435 0.0001474177 -0.01773319 0.0435 0.0001293195 -0.01782966 0.0435 0.0001049502 -0.01792475 0.0435 7.441439e-05 -0.01801803 0.0435 -0.001293666 -0.02177681 0.0435 0.003303728 -0.02258745 0.0435 0.002372118 -0.02250385 0.0435 0.001444903 -0.02238073 0.0435 0.0005237597 -0.02221831 0.0435 -0.000389647 -0.02201688 0.0435 0.003303728 -0.01858745 0.0435 0.00330694 -0.01848935 0.0435 0.003316561 -0.01839166 0.0435 0.00333255 -0.01829482 0.0435 0.003354839 -0.01819922 0.0435 0.003383333 -0.01810529 0.0435 0.003417909 -0.01801342 0.0435 0.003458419 -0.01792402 0.0435 0.00350469 -0.01783745 0.0435 0.003556524 -0.0177541 0.0435 0.003613698 -0.01767431 0.0435 0.003675968 -0.01759843 0.0435 0.003743068 -0.01752679 0.0435 0.003814709 -0.01745969 0.0435 0.003890586 -0.01739742 0.0435 0.003970373 -0.01734025 0.0435 0.004053728 -0.01728841 0.0435 0.004140295 -0.01724214 0.0435 0.004229703 -0.01720163 0.0435 0.004321569 -0.01716706 0.0435 0.004415499 -0.01713856 0.0435 0.004511093 -0.01711627 0.0435 0.004607939 -0.01710028 0.0435 0.004705623 -0.01709066 0.0435 0.004803728 -0.01708745 0.0435 0.004901833 -0.01709066 0.0435 0.004999517 -0.01710028 0.0435 0.005096364 -0.01711627 0.0435 0.005191957 -0.01713856 0.0435 0.005285887 -0.01716706 0.0435 0.005377753 -0.01720163 0.0435 0.005467161 -0.01724214 0.0435 0.005553728 -0.01728841 0.0435 0.005637084 -0.01734025 0.0435 0.00571687 -0.01739742 0.0435 0.005792747 -0.01745969 0.0435 0.005864388 -0.01752679 0.0435 0.005931488 -0.01759843 0.0435 0.005993758 -0.01767431 0.0435 0.006050932 -0.0177541 0.0435 0.006102766 -0.01783745 0.0435 0.006149037 -0.01792402 0.0435 0.006189547 -0.01801342 0.0435 0.006224123 -0.01810529 0.0435 0.006252617 -0.01819922 0.0435 0.006274906 -0.01829482 0.0435 0.006290895 -0.01839166 0.0435 0.006300517 -0.01848935 0.0435 0.006303728 -0.01858745 0.0435 0.006303728 -0.02258745 0.0435 0.01090112 -0.02177681 0.0435 0.009997103 -0.02201688 0.0435 0.009083696 -0.02221831 0.0435 0.008162553 -0.02238073 0.0435 0.007235338 -0.02250385 0.0435 0.009533042 -0.01801803 0.0435 0.009505596 -0.01793521 0.0435 0.009483013 -0.01785093 0.0435 0.009465369 -0.01776548 0.0435 0.009452723 -0.01767914 0.0435 0.009445118 -0.01759222 0.0435 0.0137202 -0.02075075 0.0435 0.01776308 -0.01841659 0.0435 0.01699569 -0.01895138 0.0435 0.01620626 -0.01945306 0.0435 0.01539622 -0.01992074 0.0435 0.01456704 -0.02035356 0.0435 0.01519193 -0.01535241 0.0435 0.01513309 -0.01527759 0.0435 0.01507912 -0.01519919 0.0435 0.01503022 -0.01511752 0.0435 0.01498661 -0.01503292 0.0435 0.01494845 -0.01494572 0.0435 0.01491589 -0.01485628 0.0435 0.01488907 -0.01476495 0.0435 0.0148681 -0.0146721 0.0435 0.01485306 -0.01457812 0.0435 0.01484402 -0.01448336 0.0435 0.02006121 -0.01648822 0.0435 0.02306195 -0.01291209 0.0435 0.02252375 -0.01367709 0.0435 0.02195351 -0.01441852 0.0435 0.02135228 -0.01513504 0.0435 0.02072113 -0.01582536 0.0435 0.01959785 -0.01091209 0.0435 0.01951449 -0.01086025 0.0435 0.01943471 -0.01080308 0.0435 0.01935883 -0.01074081 0.0435 0.01928719 -0.01067371 0.0435 0.01922009 -0.01060207 0.0435 0.01915782 -0.01052619 0.0435 0.01910064 -0.0104464 0.0435 0.01904881 -0.01036305 0.0435 0.01900254 -0.01027648 0.0435 0.01896203 -0.01018707 0.0435 0.01892745 -0.01009521 0.0435 0.01889896 -0.01000128 0.0435 0.01887667 -0.009905684 0.0435 0.01886068 -0.009808837 0.0435 0.01885106 -0.009711153 0.0435 0.02456195 -0.01031401 0.0435 0.02615861 -0.005927227 0.0435 0.02591451 -0.006830168 0.0435 0.02563225 -0.007721916 0.0435 0.02531234 -0.008600862 0.0435 0.02495536 -0.009465413 0.0435 0.02221938 -0.005232635 0.0435 0.02212181 -0.005212065 0.0435 0.02202582 -0.005185058 0.0435 0.02193184 -0.005151734 0.0435 0.02184028 -0.005112239 0.0435 0.02175154 -0.005066748 0.0435 0.02166603 -0.005015462 0.0435 0.02158411 -0.004958608 0.0435 0.02150615 -0.004896437 0.0435 0.0214325 -0.004829223 0.0435 0.02136347 -0.004757265 0.0435 0.02129937 -0.004680879 0.0435 0.02124049 -0.004600403 0.0435 0.02118709 -0.004516193 0.0435 0.0211394 -0.004428622 0.0435 0.02109764 -0.004338075 0.0435 0.02106198 -0.004244954 0.0435 0.02103259 -0.004149669 0.0435 0.02100959 -0.004052642 0.0435 0.02099309 -0.003954302 0.0435 0.02098316 -0.003855083 0.0435 0.02667955 -0.002972804 0.0435 0.02667955 0.001695512 0.0435 0.026759 0.0007635388 0.0435 0.02679876 -0.0001709692 0.0435 0.02679876 -0.001106323 0.0435 0.026759 -0.002040831 0.0435 0.02274032 0.00100092 0.0435 0.02264435 0.0009871791 0.0435 0.0225477 0.0009796665 0.0435 0.02245076 0.0009784132 0.0435 0.02235395 0.0009834244 0.0435 0.02225766 0.0009946792 0.0435 0.02216229 0.00101213 0.0435 0.02206826 0.001035705 0.0435 0.02197594 0.001065305 0.0435 0.02188573 0.001100807 0.0435 0.021798 0.001142062 0.0435 0.02171312 0.001188898 0.0435 0.02163144 0.001241119 0.0435 0.0215533 0.001298507 0.0435 0.02147904 0.001360822 0.0435 0.02140895 0.001427805 0.0435 0.02134334 0.001499175 0.0435 0.02128248 0.001574634 0.0435 0.02122662 0.001653868 0.0435 0.02117599 0.001736544 0.0435 0.02113081 0.001822318 0.0435 0.02109126 0.001910831 0.0435 0.02105752 0.002001714 0.0435 0.02102971 0.002094588 0.0435 0.02100797 0.002189063 0.0435 0.02099237 0.002284745 0.0435 0.02098298 0.002381236 0.0435 0.02615861 0.004649936 0.0435 0.02456195 0.009036718 0.0435 0.02495536 0.008188122 0.0435 0.02531234 0.007323569 0.0435 0.02563225 0.006444624 0.0435 0.02591451 0.005552876 0.0435 0.02109785 0.007036718 0.0435 0.02101128 0.006990447 0.0435 0.02092187 0.006949937 0.0435 0.02083001 0.006915361 0.0435 0.02073608 0.006886868 0.0435 0.02064048 0.006864578 0.0435 0.02054364 0.006848589 0.0435 0.02044595 0.006838968 0.0435 0.02034785 0.006835756 0.0435 0.02024974 0.006838968 0.0435 0.02015206 0.006848589 0.0435 0.02005521 0.006864578 0.0435 0.01995962 0.006886868 0.0435 0.01986569 0.006915361 0.0435 0.01977382 0.006949937 0.0435 0.01968442 0.006990447 0.0435 0.01959785 0.007036718 0.0435 0.01951449 0.007088552 0.0435 0.01943471 0.007145726 0.0435 0.01935883 0.007207996 0.0435 0.01928719 0.007275096 0.0435 0.01922009 0.007346737 0.0435 0.01915782 0.007422614 0.0435 0.01910064 0.007502401 0.0435 0.01904881 0.007585756 0.0435 0.01900254 0.007672323 0.0435 0.01896203 0.007761731 0.0435 0.01892745 0.007853597 0.0435 0.01889896 0.007947527 0.0435 0.01887667 0.00804312 0.0435 0.01886068 0.008139967 0.0435 0.01885106 0.008237652 0.0435 0.02306195 0.01163479 0.0435 0.02006121 0.01521093 0.0435 0.02072113 0.01454807 0.0435 0.02135228 0.01385775 0.0435 0.02195351 0.01314122 0.0435 0.02252375 0.01239979 0.0435 0.01749006 0.01214675 0.0435 0.01742393 0.01207303 0.0435 0.01735308 0.01200383 0.0435 0.01727781 0.01193945 0.0435 0.01719846 0.01188018 0.0435 0.01711537 0.01182628 0.0435 0.01702891 0.01177798 0.0435 0.01693945 0.01173549 0.0435 0.01684737 0.01169899 0.0435 0.01675309 0.01166865 0.0435 0.01665701 0.0116446 0.0435 0.01655956 0.01162694 0.0435 0.01646115 0.01161576 0.0435 0.01636222 0.01161109 0.0435 0.0162632 0.01161295 0.0435 0.01616451 0.01162135 0.0435 0.0160666 0.01163625 0.0435 0.01596988 0.01165757 0.0435 0.01587478 0.01168523 0.0435 0.01578171 0.0117191 0.0435 0.01569108 0.01175904 0.0435 0.01560329 0.01180488 0.0435 0.01551871 0.01185641 0.0435 0.01543771 0.01191341 0.0435 0.01536065 0.01197563 0.0435 0.01528787 0.0120428 0.0435 0.01521968 0.01211462 0.0435 0.01515637 0.01219079 0.0435 0.01509823 0.01227097 0.0435 0.01504551 0.01235482 0.0435 0.01499844 0.01244196 0.0435 0.01495722 0.01253201 0.0435 0.01492203 0.01262459 0.0435 0.01489303 0.01271929 0.0435 0.01487034 0.0128157 0.0435 0.01485406 0.01291339 0.0435 0.01484427 0.01301195 0.0435 0.01776308 0.0171393 0.0435 0.0137202 0.01947345 0.0435 0.01456704 0.01907627 0.0435 0.01539622 0.01864345 0.0435 0.01620626 0.01817577 0.0435 0.01699569 0.01767408 0.0435 0.01235212 0.01571468 0.0435 0.01231492 0.01562217 0.0435 0.01227166 0.01553233 0.0435 0.01222252 0.01544556 0.0435 0.01216772 0.01536225 0.0435 0.01210751 0.01528276 0.0435 0.01204216 0.01520745 0.0435 0.01197194 0.01513665 0.0435 0.01189718 0.01507067 0.0435 0.0118182 0.01500981 0.0435 0.01173534 0.01495432 0.0435 0.01164899 0.01490446 0.0435 0.01155951 0.01486045 0.0435 0.01146731 0.01482249 0.0435 0.01137279 0.01479073 0.0435 0.01127636 0.01476532 0.0435 0.01117846 0.01474638 0.0435 0.01107952 0.01473398 0.0435 0.01097998 0.01472818 0.0435 0.01088027 0.01472901 0.0435 0.01078083 0.01473646 0.0435 0.01068211 0.0147505 0.0435 0.01058454 0.01477107 0.0435 0.01048855 0.01479808 0.0435 0.01039457 0.0148314 0.0435 0.01030301 0.0148709 0.0435 0.01021428 0.01491639 0.0435 0.01012876 0.01496767 0.0435 0.01004684 0.01502453 0.0435 0.009968883 0.0150867 0.0435 0.009895226 0.01515391 0.0435 0.009826197 0.01522587 0.0435 0.009762101 0.01530226 0.0435 0.009703222 0.01538273 0.0435 0.00964982 0.01546694 0.0435 0.009602132 0.01555451 0.0435 0.009560367 0.01564506 0.0435 0.009524709 0.01573818 0.0435 0.009495317 0.01583347 0.0435 0.009472322 0.01593049 0.0435 0.009455823 0.01602883 0.0435 0.009445895 0.01612805 0.0435 0.01090112 0.02049951 0.0435 0.006303728 0.02131016 0.0435 0.007235338 0.02122656 0.0435 0.008162553 0.02110344 0.0435 0.009083696 0.02094102 0.0435 0.009997103 0.02073959 0.0435 0.006303728 0.01731016 0.0435 0.006300517 0.01721205 0.0435 0.006290895 0.01711437 0.0435 0.006274906 0.01701752 0.0435 0.006252617 0.01692193 0.0435 0.006224123 0.016828 0.0435 0.006189547 0.01673613 0.0435 0.006149037 0.01664672 0.0435 0.006102766 0.01656016 0.0435 0.006050932 0.0164768 0.0435 0.005993758 0.01639702 0.0435 0.005931488 0.01632114 0.0435 0.005864388 0.0162495 0.0435 0.005792747 0.0161824 0.0435 0.00571687 0.01612013 0.0435 0.005637084 0.01606295 0.0435 0.005553728 0.01601112 0.0435 0.005467161 0.01596485 0.0435 0.005377753 0.01592434 0.0435 0.005285887 0.01588976 0.0435 0.005191957 0.01586127 0.0435 0.005096364 0.01583898 0.0435 0.004999517 0.01582299 0.0435 0.004901833 0.01581337 0.0435 0.004803728 0.01581016 0.0435 0.004705623 0.01581337 0.0435 0.004607939 0.01582299 0.0435 0.004511093 0.01583898 0.0435 0.004415499 0.01586127 0.0435 0.004321569 0.01588976 0.0435 0.004229703 0.01592434 0.0435 0.004140295 0.01596485 0.0435 0.004053728 0.01601112 0.0435 0.003970373 0.01606295 0.0435 0.003890586 0.01612013 0.0435 0.003814709 0.0161824 0.0435 0.003743068 0.0162495 0.0435 0.003675968 0.01632114 0.0435 0.003613698 0.01639702 0.0435 0.003556524 0.0164768 0.0435 0.00350469 0.01656016 0.0435 0.003458419 0.01664672 0.0435 0.003417909 0.01673613 0.0435 0.003383333 0.016828 0.0435 0.003354839 0.01692193 0.0435 0.00333255 0.01701752 0.0435 0.003316561 0.01711437 0.0435 0.00330694 0.01721205 0.0435 0.003303728 0.01731016 0.0435 0.003303728 0.02131016 0.0435 -0.001293666 0.02049951 0.0435 -0.000389647 0.02073959 0.0435 0.0005237597 0.02094102 0.0435 0.001444903 0.02110344 0.0435 0.002372118 0.02122656 0.0435 0.002806214 -0.0005389541 0.0435 0.002806214 -0.0005389541 0.0345 0.002813666 -0.0004395102 0.0435 0.002813666 -0.0004395102 0.0345 0.002826066 -0.0003405614 0.0435 0.002826066 -0.0003405614 0.0345 0.002843383 -0.0002423536 0.0435 0.002843383 -0.0002423536 0.0345 0.002865573 -0.0001451311 0.0435 0.002865573 -0.0001451311 0.0345 0.002892582 -4.913557e-05 0.0435 0.002892582 -4.913557e-05 0.0345 0.002924343 4.539437e-05 0.0435 0.002924343 4.539437e-05 0.0345 0.002960776 0.0001382237 0.0435 0.002960776 0.0001382237 0.0345 0.00300179 0.0002291216 0.0435 0.00300179 0.0002291216 0.0345 0.003047285 0.000317862 0.0435 0.003047285 0.000317862 0.0345 0.003097146 0.0004042245 0.0435 0.003097146 0.0004042245 0.0345 0.00315125 0.0004879942 0.0435 0.00315125 0.0004879942 0.0345 0.003209463 0.0005689629 0.0435 0.003209463 0.0005689629 0.0345 0.003271639 0.0006469293 0.0435 0.003271639 0.0006469293 0.0345 0.003337624 0.0007216995 0.0435 0.003337624 0.0007216995 0.0345 0.003407254 0.0007930878 0.0435 0.003407254 0.0007930878 0.0345 0.003480356 0.0008609165 0.0345 0.003480356 0.0008609165 0.0435 0.003556748 0.0009250171 0.0345 0.003556748 0.0009250171 0.0435 0.003636241 0.0009852301 0.0345 0.003636241 0.0009852301 0.0435 0.003718636 0.001041406 0.0345 0.003718636 0.001041406 0.0435 0.003803728 0.001093405 0.0345 0.003803728 0.001093405 0.0435 0.003891307 0.001141098 0.0345 0.003891307 0.001141098 0.0435 0.003981154 0.001184366 0.0345 0.003981154 0.001184366 0.0435 0.004073046 0.001223102 0.0345 0.004073046 0.001223102 0.0435 0.004166755 0.001257209 0.0345 0.004166755 0.001257209 0.0435 0.004262047 0.001286603 0.0345 0.004262047 0.001286603 0.0435 0.004358686 0.00131121 0.0345 0.004358686 0.00131121 0.0435 0.004456432 0.00133097 0.0345 0.004456432 0.00133097 0.0435 0.00455504 0.001345832 0.0435 0.00455504 0.001345832 0.0345 0.004654268 0.001355762 0.0345 0.004654268 0.001355762 0.0435 0.004753867 0.001360732 0.0345 0.004753867 0.001360732 0.0435 0.00485359 0.001360732 0.0345 0.00485359 0.001360732 0.0435 0.004953188 0.001355762 0.0345 0.004953188 0.001355762 0.0435 0.005052415 0.001345832 0.0345 0.005052415 0.001345832 0.0435 0.005151024 0.00133097 0.0345 0.005151024 0.00133097 0.0435 0.00524877 0.00131121 0.0345 0.00524877 0.00131121 0.0435 0.005345409 0.001286603 0.0435 0.005345409 0.001286603 0.0345 0.005440701 0.001257209 0.0345 0.005440701 0.001257209 0.0435 0.00553441 0.001223102 0.0345 0.00553441 0.001223102 0.0435 0.005626302 0.001184366 0.0345 0.005626302 0.001184366 0.0435 0.005716149 0.001141098 0.0345 0.005716149 0.001141098 0.0435 0.005803728 0.001093405 0.0435 0.005803728 0.001093405 0.0345 0.005888821 0.001041406 0.0435 0.005888821 0.001041406 0.0345 0.005971215 0.0009852301 0.0345 0.005971215 0.0009852301 0.0435 0.006050708 0.0009250171 0.0345 0.006050708 0.0009250171 0.0435 0.0061271 0.0008609165 0.0345 0.0061271 0.0008609165 0.0435 0.006200202 0.0007930878 0.0345 0.006200202 0.0007930878 0.0435 0.006269832 0.0007216995 0.0435 0.006269832 0.0007216995 0.0345 0.006335817 0.0006469293 0.0345 0.006335817 0.0006469293 0.0435 0.006397993 0.0005689629 0.0345 0.006397993 0.0005689629 0.0435 0.006456205 0.0004879942 0.0345 0.006456205 0.0004879942 0.0435 0.00651031 0.0004042245 0.0435 0.00651031 0.0004042245 0.0345 0.006560171 0.000317862 0.0435 0.006560171 0.000317862 0.0345 0.006605666 0.0002291216 0.0345 0.006605666 0.0002291216 0.0435 0.00664668 0.0001382237 0.0345 0.00664668 0.0001382237 0.0435 0.006683113 4.539437e-05 0.0345 0.006683113 4.539437e-05 0.0435 0.006714874 -4.913557e-05 0.0345 0.006714874 -4.913557e-05 0.0435 0.006741883 -0.0001451311 0.0435 0.006741883 -0.0001451311 0.0345 0.006764073 -0.0002423536 0.0435 0.006764073 -0.0002423536 0.0345 0.00678139 -0.0003405614 0.0345 0.00678139 -0.0003405614 0.0435 0.006793789 -0.0004395102 0.0345 0.006793789 -0.0004395102 0.0435 0.006801242 -0.0005389541 0.0345 0.006801242 -0.0005389541 0.0435 -0.005193786 -0.008538954 0.0435 -0.005186334 -0.00843951 0.0435 -0.005173934 -0.008340561 0.0435 -0.005156617 -0.008242353 0.0435 -0.005134427 -0.008145131 0.0435 -0.005107418 -0.008049135 0.0435 -0.005075657 -0.007954606 0.0435 -0.005039225 -0.007861776 0.0435 -0.00499821 -0.007770878 0.0435 -0.004952715 -0.007682138 0.0435 -0.004902854 -0.007595776 0.0435 -0.00484875 -0.007512006 0.0435 -0.004790537 -0.007431037 0.0435 -0.004728361 -0.007353071 0.0435 -0.004662376 -0.0072783 0.0435 -0.004592746 -0.007206912 0.0435 -0.004519644 -0.007139083 0.0435 -0.004443252 -0.007074983 0.0435 -0.00436376 -0.00701477 0.0435 -0.004281364 -0.006958594 0.0435 -0.004196272 -0.006906595 0.0435 -0.004108693 -0.006858902 0.0435 -0.004018846 -0.006815634 0.0435 -0.003926954 -0.006776898 0.0435 -0.003833245 -0.006742791 0.0435 -0.003737953 -0.006713398 0.0435 -0.001799798 -0.007206912 0.0435 -0.001730168 -0.0072783 0.0435 -0.0018729 -0.007139083 0.0435 -0.001664183 -0.007353071 0.0435 -0.001949292 -0.007074983 0.0435 -0.001602007 -0.007431037 0.0435 -0.002028785 -0.00701477 0.0435 -0.001543794 -0.007512006 0.0435 -0.00211118 -0.006958594 0.0435 -0.00148969 -0.007595776 0.0435 -0.002196272 -0.006906595 0.0435 -0.001439829 -0.007682138 0.0435 -0.002283851 -0.006858902 0.0435 -0.001394334 -0.007770878 0.0435 -0.002373698 -0.006815634 0.0435 -0.00135332 -0.007861776 0.0435 -0.00246559 -0.006776898 0.0435 -0.001316887 -0.007954606 0.0435 -0.002559299 -0.006742791 0.0435 -0.001285126 -0.008049135 0.0435 -0.002654591 -0.006713398 0.0435 -0.003641314 -0.00668879 0.0435 -0.001258117 -0.008145131 0.0435 -0.00275123 -0.00668879 0.0435 -0.001235927 -0.008242353 0.0435 -0.002848976 -0.00666903 0.0435 -0.003543568 -0.00666903 0.0435 -0.003444959 -0.006654168 0.0435 -0.00121861 -0.008340561 0.0435 -0.002947585 -0.006654168 0.0435 -0.00120621 -0.00843951 0.0435 -0.003046812 -0.006644238 0.0435 -0.003345732 -0.006644238 0.0435 -0.001198758 -0.008538954 0.0435 -0.003146411 -0.006639267 0.0435 -0.003246133 -0.006639267 0.0435 -0.005193786 0.007461046 0.0435 0.01080621 -0.008538954 0.0435 -0.005186334 0.00756049 0.0435 0.01081367 -0.00843951 0.0435 0.01082607 -0.008340561 0.0435 -0.005173934 0.007659439 0.0435 -0.005156617 0.007757647 0.0435 0.01084338 -0.008242353 0.0435 -0.005134427 0.007854869 0.0435 0.01086557 -0.008145131 0.0435 0.01089258 -0.008049135 0.0435 -0.005107418 0.007950864 0.0435 0.01092434 -0.007954606 0.0435 -0.005075657 0.008045394 0.0435 -0.005039225 0.008138224 0.0435 0.01096078 -0.007861776 0.0435 -0.00499821 0.008229121 0.0435 0.01100179 -0.007770878 0.0435 0.01104729 -0.007682138 0.0435 0.01109715 -0.007595776 0.0435 0.01115125 -0.007512006 0.0435 0.01120946 -0.007431037 0.0435 0.01127164 -0.007353071 0.0435 0.01133762 -0.0072783 0.0435 0.01140725 -0.007206912 0.0435 0.01148036 -0.007139083 0.0435 0.01155675 -0.007074983 0.0435 0.01163624 -0.00701477 0.0435 -0.004952715 0.008317863 0.0435 0.01171864 -0.006958594 0.0435 -0.004902854 0.008404224 0.0435 0.01180373 -0.006906595 0.0435 -0.00484875 0.008487994 0.0435 0.01189131 -0.006858902 0.0435 -0.004790537 0.008568963 0.0435 -0.004728361 0.00864693 0.0435 0.01198115 -0.006815634 0.0435 -0.004662376 0.0087217 0.0435 -0.004592746 0.008793088 0.0435 0.01207305 -0.006776898 0.0435 -0.004519644 0.008860916 0.0435 0.01216675 -0.006742791 0.0435 -0.004443252 0.008925017 0.0435 0.01226205 -0.006713398 0.0435 -0.00436376 0.00898523 0.0435 0.01235869 -0.00668879 0.0435 -0.004281364 0.009041406 0.0435 0.01245643 -0.00666903 0.0435 0.01255504 -0.006654168 0.0435 -0.004196272 0.009093405 0.0435 0.01265427 -0.006644238 0.0435 -0.004108693 0.009141098 0.0435 0.01275387 -0.006639267 0.0435 -0.004018846 0.009184366 0.0435 -0.003926954 0.009223102 0.0435 0.01285359 -0.006639267 0.0435 -0.003833245 0.009257209 0.0435 -0.003737953 0.009286603 0.0435 -0.003641314 0.00931121 0.0435 -0.003543568 0.00933097 0.0435 -0.003444959 0.009345833 0.0435 -0.003345732 0.009355762 0.0435 -0.003246133 0.009360732 0.0435 -0.003146411 0.009360732 0.0435 -0.003046812 0.009355762 0.0435 -0.002947585 0.009345833 0.0435 0.01480124 -0.008538954 0.0435 0.01479379 -0.00843951 0.0435 0.01478139 -0.008340561 0.0435 0.01476407 -0.008242353 0.0435 0.01474188 -0.008145131 0.0435 0.01471487 -0.008049135 0.0435 0.01468311 -0.007954606 0.0435 0.01464668 -0.007861776 0.0435 0.01460567 -0.007770878 0.0435 0.01456017 -0.007682138 0.0435 0.01451031 -0.007595776 0.0435 0.01445621 -0.007512006 0.0435 0.01439799 -0.007431037 0.0435 -0.002848976 0.00933097 0.0435 -0.00275123 0.00931121 0.0435 -0.002654591 0.009286603 0.0435 -0.002559299 0.009257209 0.0435 -0.00246559 0.009223102 0.0435 -0.002373698 0.009184366 0.0435 -0.002283851 0.009141098 0.0435 -0.002196272 0.009093405 0.0435 -0.00211118 0.009041406 0.0435 -0.002028785 0.00898523 0.0435 -0.001949292 0.008925017 0.0435 -0.0018729 0.008860916 0.0435 -0.001799798 0.008793088 0.0435 -0.001730168 0.0087217 0.0435 -0.001664183 0.00864693 0.0435 -0.001602007 0.008568963 0.0435 -0.001543794 0.008487994 0.0435 -0.00148969 0.008404224 0.0435 0.01433582 -0.007353071 0.0435 0.01426983 -0.0072783 0.0435 0.0142002 -0.007206912 0.0435 0.0141271 -0.007139083 0.0435 0.01405071 -0.007074983 0.0435 0.01397122 -0.00701477 0.0435 0.01388882 -0.006958594 0.0435 0.01380373 -0.006906595 0.0435 0.01371615 -0.006858902 0.0435 0.0136263 -0.006815634 0.0435 0.01353441 -0.006776898 0.0435 0.0134407 -0.006742791 0.0435 0.01334541 -0.006713398 0.0435 0.01080621 0.007461046 0.0435 -0.001198758 0.007461046 0.0435 0.01295319 -0.006644238 0.0435 0.01305242 -0.006654168 0.0435 0.01081367 0.00756049 0.0435 -0.00120621 0.00756049 0.0435 0.01082607 0.007659439 0.0435 -0.00121861 0.007659439 0.0435 0.01315102 -0.00666903 0.0435 0.01084338 0.007757647 0.0435 -0.001235927 0.007757647 0.0435 -0.001258117 0.007854869 0.0435 0.01324877 -0.00668879 0.0435 0.01086557 0.007854869 0.0435 -0.001439829 0.008317863 0.0435 -0.001394334 0.008229121 0.0435 -0.00135332 0.008138224 0.0435 -0.001316887 0.008045394 0.0435 -0.001285126 0.007950864 0.0435 0.01089258 0.007950864 0.0435 0.01092434 0.008045394 0.0435 0.01096078 0.008138224 0.0435 0.01100179 0.008229121 0.0435 0.01104729 0.008317863 0.0435 0.01109715 0.008404224 0.0435 0.01115125 0.008487994 0.0435 0.01120946 0.008568963 0.0435 0.01127164 0.00864693 0.0435 0.01133762 0.0087217 0.0435 0.01140725 0.008793088 0.0435 0.01148036 0.008860916 0.0435 0.01155675 0.008925017 0.0435 0.01163624 0.00898523 0.0435 0.01171864 0.009041406 0.0435 0.01180373 0.009093405 0.0435 0.01189131 0.009141098 0.0435 0.01198115 0.009184366 0.0435 0.01207305 0.009223102 0.0435 0.01216675 0.009257209 0.0435 0.01226205 0.009286603 0.0435 0.01235869 0.00931121 0.0435 0.01245643 0.00933097 0.0435 0.01255504 0.009345833 0.0435 0.01480124 0.007461046 0.0435 0.01479379 0.00756049 0.0435 0.01478139 0.007659439 0.0435 0.01476407 0.007757647 0.0435 0.01474188 0.007854869 0.0435 0.01471487 0.007950864 0.0435 0.01468311 0.008045394 0.0435 0.0134407 0.009257209 0.0435 0.01353441 0.009223102 0.0435 0.01334541 0.009286603 0.0435 0.0136263 0.009184366 0.0435 0.01324877 0.00931121 0.0435 0.01371615 0.009141098 0.0435 0.01315102 0.00933097 0.0435 0.01380373 0.009093405 0.0435 0.01388882 0.009041406 0.0435 0.01464668 0.008138224 0.0435 0.01305242 0.009345833 0.0435 0.01295319 0.009355762 0.0435 0.01397122 0.00898523 0.0435 0.01285359 0.009360732 0.0435 0.01405071 0.008925017 0.0435 0.01275387 0.009360732 0.0435 0.0141271 0.008860916 0.0435 0.01460567 0.008229121 0.0435 0.01265427 0.009355762 0.0435 0.0142002 0.008793088 0.0435 0.01426983 0.0087217 0.0435 0.01433582 0.00864693 0.0435 0.01439799 0.008568963 0.0435 0.01445621 0.008487994 0.0435 0.01451031 0.008404224 0.0435 0.01456017 0.008317863 0.0435 -0.002000371 -0.008539551 0.04272745 -0.002012638 -0.008441133 0.04272745 -0.002032992 -0.008344064 0.04272745 -0.002061291 -0.008249006 0.04272745 -0.002097344 -0.008156611 0.04272745 -0.002140903 -0.008067509 0.04272745 -0.002191672 -0.007982308 0.04272745 -0.002249303 -0.007901591 0.04272745 -0.002313403 -0.007825908 0.04272745 -0.002383534 -0.007755777 0.04272745 -0.002459217 -0.007691677 0.04272745 -0.002539934 -0.007634046 0.04272745 -0.002625135 -0.007583277 0.04272745 -0.002714237 -0.007539718 0.04272745 -0.002806633 -0.007503665 0.04272745 -0.00290169 -0.007475366 0.04272745 -0.002998759 -0.007455012 0.04272745 -0.003097177 -0.007442745 0.04272745 -0.003196272 -0.007438646 0.04272745 -0.003295367 -0.007442745 0.04272745 -0.003393785 -0.007455012 0.04272745 -0.003490855 -0.007475366 0.04272745 -0.003585911 -0.007503665 0.04272745 -0.003678307 -0.007539718 0.04272745 -0.003767409 -0.007583277 0.04272745 -0.00385261 -0.007634046 0.04272745 -0.003933327 -0.007691677 0.04272745 -0.00400901 -0.007755777 0.04272745 -0.004079141 -0.007825908 0.04272745 -0.00414324 -0.007901591 0.04272745 -0.004200872 -0.007982308 0.04272745 -0.00425164 -0.008067509 0.04272745 -0.0042952 -0.008156611 0.04272745 -0.004331253 -0.008249006 0.04272745 -0.004359552 -0.008344064 0.04272745 -0.004379906 -0.008441133 0.04272745 -0.004392173 -0.008539551 0.04272745 -0.001803013 -0.008501422 0.04292059 -0.001823173 -0.00836552 0.04292059 -0.001603976 -0.008481818 0.04311372 -0.001856556 -0.008232247 0.04292059 -0.001627016 -0.008326502 0.04311372 -0.001902841 -0.008102889 0.04292059 -0.00140494 -0.008462215 0.04330686 -0.001665167 -0.008174191 0.04311372 -0.001961582 -0.007978691 0.04292059 -0.001430858 -0.008287483 0.04330686 -0.001718065 -0.008026353 0.04311372 -0.002032215 -0.007860847 0.04292059 -0.001473779 -0.008116134 0.04330686 -0.001785198 -0.007884411 0.04311372 -0.002114057 -0.007750495 0.04292059 -0.001533289 -0.007949816 0.04330686 -0.001865921 -0.007749733 0.04311372 -0.002206322 -0.007648696 0.04292059 -0.001608814 -0.007790132 0.04330686 -0.001959455 -0.007623617 0.04311372 -0.002308121 -0.007556431 0.04292059 -0.001699627 -0.007638619 0.04330686 -0.002064901 -0.007507275 0.04311372 -0.002418474 -0.007474588 0.04292059 -0.001804853 -0.007496738 0.04330686 -0.002181243 -0.007401829 0.04311372 -0.002536317 -0.007403956 0.04292059 -0.00192348 -0.007365854 0.04330686 -0.00230736 -0.007308295 0.04311372 -0.002660515 -0.007345214 0.04292059 -0.002054364 -0.007247227 0.04330686 -0.002442037 -0.007227572 0.04311372 -0.002789873 -0.007298929 0.04292059 -0.002196246 -0.007142001 0.04330686 -0.002583978 -0.007160439 0.04311372 -0.002923146 -0.007265546 0.04292059 -0.002347758 -0.007051188 0.04330686 -0.002731817 -0.007107542 0.04311372 -0.003059048 -0.007245387 0.04292059 -0.002507442 -0.006975663 0.04330686 -0.002884127 -0.007069389 0.04311372 -0.003196272 -0.007238646 0.04292059 -0.00267376 -0.006916153 0.04330686 -0.003039445 -0.00704635 0.04311372 -0.003333496 -0.007245387 0.04292059 -0.002845109 -0.006873232 0.04330686 -0.003196272 -0.007038646 0.04311372 -0.003469398 -0.007265546 0.04292059 -0.003019841 -0.006847313 0.04330686 -0.003353099 -0.00704635 0.04311372 -0.00360267 -0.007298929 0.04292059 -0.003196272 -0.006838646 0.04330686 -0.003508416 -0.007069389 0.04311372 -0.003732029 -0.007345214 0.04292059 -0.003372703 -0.006847313 0.04330686 -0.003660728 -0.007107542 0.04311372 -0.003856227 -0.007403956 0.04292059 -0.003547435 -0.006873232 0.04330686 -0.003808565 -0.007160439 0.04311372 -0.00397407 -0.007474588 0.04292059 -0.003718784 -0.006916153 0.04330686 -0.003950507 -0.007227572 0.04311372 -0.004084423 -0.007556431 0.04292059 -0.003885102 -0.006975663 0.04330686 -0.004085185 -0.007308295 0.04311372 -0.004186222 -0.007648696 0.04292059 -0.004044786 -0.007051188 0.04330686 -0.004211301 -0.007401829 0.04311372 -0.004278487 -0.007750495 0.04292059 -0.004196299 -0.007142001 0.04330686 -0.004327643 -0.007507275 0.04311372 -0.00436033 -0.007860847 0.04292059 -0.00433818 -0.007247227 0.04330686 -0.004433089 -0.007623617 0.04311372 -0.004430962 -0.007978691 0.04292059 -0.004469064 -0.007365854 0.04330686 -0.004526623 -0.007749733 0.04311372 -0.004489703 -0.008102889 0.04292059 -0.004587691 -0.007496738 0.04330686 -0.004607346 -0.007884411 0.04311372 -0.004535988 -0.008232247 0.04292059 -0.004692917 -0.007638619 0.04330686 -0.004674479 -0.008026353 0.04311372 -0.004569371 -0.00836552 0.04292059 -0.004783731 -0.007790132 0.04330686 -0.004727376 -0.008174191 0.04311372 -0.00458953 -0.008501422 0.04292059 -0.004859255 -0.007949816 0.04330686 -0.004765529 -0.008326502 0.04311372 -0.004918765 -0.008116134 0.04330686 -0.004788568 -0.008481818 0.04311372 -0.004961686 -0.008287483 0.04330686 -0.004987605 -0.008462215 0.04330686 0.01399963 -0.008539551 0.04272745 0.01398736 -0.008441133 0.04272745 0.01396701 -0.008344064 0.04272745 0.01393871 -0.008249006 0.04272745 0.01390266 -0.008156611 0.04272745 0.0138591 -0.008067509 0.04272745 0.01380833 -0.007982308 0.04272745 0.0137507 -0.007901591 0.04272745 0.0136866 -0.007825908 0.04272745 0.01361647 -0.007755777 0.04272745 0.01354078 -0.007691677 0.04272745 0.01346007 -0.007634046 0.04272745 0.01337486 -0.007583277 0.04272745 0.01328576 -0.007539718 0.04272745 0.01319337 -0.007503665 0.04272745 0.01309831 -0.007475366 0.04272745 0.01300124 -0.007455012 0.04272745 0.01290282 -0.007442745 0.04272745 0.01280373 -0.007438646 0.04272745 0.01270463 -0.007442745 0.04272745 0.01260621 -0.007455012 0.04272745 0.01250915 -0.007475366 0.04272745 0.01241409 -0.007503665 0.04272745 0.01232169 -0.007539718 0.04272745 0.01223259 -0.007583277 0.04272745 0.01214739 -0.007634046 0.04272745 0.01206667 -0.007691677 0.04272745 0.01199099 -0.007755777 0.04272745 0.01192086 -0.007825908 0.04272745 0.01185676 -0.007901591 0.04272745 0.01179913 -0.007982308 0.04272745 0.01174836 -0.008067509 0.04272745 0.0117048 -0.008156611 0.04272745 0.01166875 -0.008249006 0.04272745 0.01164045 -0.008344064 0.04272745 0.01162009 -0.008441133 0.04272745 0.01160783 -0.008539551 0.04272745 0.01419699 -0.008501422 0.04292059 0.01417683 -0.00836552 0.04292059 0.01439602 -0.008481818 0.04311372 0.01414344 -0.008232247 0.04292059 0.01437298 -0.008326502 0.04311372 0.01409716 -0.008102889 0.04292059 0.01459506 -0.008462215 0.04330686 0.01433483 -0.008174191 0.04311372 0.01403842 -0.007978691 0.04292059 0.01456914 -0.008287483 0.04330686 0.01428194 -0.008026353 0.04311372 0.01396779 -0.007860847 0.04292059 0.01452622 -0.008116134 0.04330686 0.0142148 -0.007884411 0.04311372 0.01388594 -0.007750495 0.04292059 0.01446671 -0.007949816 0.04330686 0.01413408 -0.007749733 0.04311372 0.01379368 -0.007648696 0.04292059 0.01439119 -0.007790132 0.04330686 0.01404054 -0.007623617 0.04311372 0.01369188 -0.007556431 0.04292059 0.01430037 -0.007638619 0.04330686 0.0139351 -0.007507275 0.04311372 0.01358153 -0.007474588 0.04292059 0.01419515 -0.007496738 0.04330686 0.01381876 -0.007401829 0.04311372 0.01346368 -0.007403956 0.04292059 0.01407652 -0.007365854 0.04330686 0.01369264 -0.007308295 0.04311372 0.01333949 -0.007345214 0.04292059 0.01394564 -0.007247227 0.04330686 0.01355796 -0.007227572 0.04311372 0.01321013 -0.007298929 0.04292059 0.01380375 -0.007142001 0.04330686 0.01341602 -0.007160439 0.04311372 0.01307685 -0.007265546 0.04292059 0.01365224 -0.007051188 0.04330686 0.01326818 -0.007107542 0.04311372 0.01294095 -0.007245387 0.04292059 0.01349256 -0.006975663 0.04330686 0.01311587 -0.007069389 0.04311372 0.01280373 -0.007238646 0.04292059 0.01332624 -0.006916153 0.04330686 0.01296056 -0.00704635 0.04311372 0.0126665 -0.007245387 0.04292059 0.01315489 -0.006873232 0.04330686 0.01280373 -0.007038646 0.04311372 0.0125306 -0.007265546 0.04292059 0.01298016 -0.006847313 0.04330686 0.0126469 -0.00704635 0.04311372 0.01239733 -0.007298929 0.04292059 0.01280373 -0.006838646 0.04330686 0.01249158 -0.007069389 0.04311372 0.01226797 -0.007345214 0.04292059 0.0126273 -0.006847313 0.04330686 0.01233927 -0.007107542 0.04311372 0.01214377 -0.007403956 0.04292059 0.01245257 -0.006873232 0.04330686 0.01219143 -0.007160439 0.04311372 0.01202593 -0.007474588 0.04292059 0.01228122 -0.006916153 0.04330686 0.01204949 -0.007227572 0.04311372 0.01191558 -0.007556431 0.04292059 0.0121149 -0.006975663 0.04330686 0.01191482 -0.007308295 0.04311372 0.01181378 -0.007648696 0.04292059 0.01195521 -0.007051188 0.04330686 0.0117887 -0.007401829 0.04311372 0.01172151 -0.007750495 0.04292059 0.0118037 -0.007142001 0.04330686 0.01167236 -0.007507275 0.04311372 0.01163967 -0.007860847 0.04292059 0.01166182 -0.007247227 0.04330686 0.01156691 -0.007623617 0.04311372 0.01156904 -0.007978691 0.04292059 0.01153094 -0.007365854 0.04330686 0.01147338 -0.007749733 0.04311372 0.0115103 -0.008102889 0.04292059 0.01141231 -0.007496738 0.04330686 0.01139265 -0.007884411 0.04311372 0.01146401 -0.008232247 0.04292059 0.01130708 -0.007638619 0.04330686 0.01132552 -0.008026353 0.04311372 0.01143063 -0.00836552 0.04292059 0.01121627 -0.007790132 0.04330686 0.01127262 -0.008174191 0.04311372 0.01141047 -0.008501422 0.04292059 0.01114075 -0.007949816 0.04330686 0.01123447 -0.008326502 0.04311372 0.01108123 -0.008116134 0.04330686 0.01121143 -0.008481818 0.04311372 0.01103831 -0.008287483 0.04330686 0.0110124 -0.008462215 0.04330686 0.01399963 0.007460449 0.04272745 0.01398736 0.007558867 0.04272745 0.01396701 0.007655937 0.04272745 0.01393871 0.007750993 0.04272745 0.01390266 0.007843389 0.04272745 0.0138591 0.007932491 0.04272745 0.01380833 0.008017692 0.04272745 0.0137507 0.00809841 0.04272745 0.0136866 0.008174092 0.04272745 0.01361647 0.008244223 0.04272745 0.01354078 0.008308323 0.04272745 0.01346007 0.008365953 0.04272745 0.01337486 0.008416722 0.04272745 0.01328576 0.008460282 0.04272745 0.01319337 0.008496335 0.04272745 0.01309831 0.008524634 0.04272745 0.01300124 0.008544988 0.04272745 0.01290282 0.008557256 0.04272745 0.01280373 0.008561354 0.04272745 0.01270463 0.008557256 0.04272745 0.01260621 0.008544988 0.04272745 0.01250915 0.008524634 0.04272745 0.01241409 0.008496335 0.04272745 0.01232169 0.008460282 0.04272745 0.01223259 0.008416722 0.04272745 0.01214739 0.008365953 0.04272745 0.01206667 0.008308323 0.04272745 0.01199099 0.008244223 0.04272745 0.01192086 0.008174092 0.04272745 0.01185676 0.00809841 0.04272745 0.01179913 0.008017692 0.04272745 0.01174836 0.007932491 0.04272745 0.0117048 0.007843389 0.04272745 0.01166875 0.007750993 0.04272745 0.01164045 0.007655937 0.04272745 0.01162009 0.007558867 0.04272745 0.01160783 0.007460449 0.04272745 0.01419699 0.007498578 0.04292059 0.01417683 0.00763448 0.04292059 0.01439602 0.007518181 0.04311372 0.01414344 0.007767753 0.04292059 0.01437298 0.007673499 0.04311372 0.01409716 0.007897111 0.04292059 0.01459506 0.007537785 0.04330686 0.01433483 0.007825809 0.04311372 0.01403842 0.00802131 0.04292059 0.01456914 0.007712517 0.04330686 0.01428194 0.007973648 0.04311372 0.01396779 0.008139153 0.04292059 0.01452622 0.007883866 0.04330686 0.0142148 0.008115589 0.04311372 0.01388594 0.008249505 0.04292059 0.01446671 0.008050184 0.04330686 0.01413408 0.008250266 0.04311372 0.01379368 0.008351303 0.04292059 0.01439119 0.008209868 0.04330686 0.01404054 0.008376384 0.04311372 0.01369188 0.008443569 0.04292059 0.01430037 0.008361381 0.04330686 0.0139351 0.008492725 0.04311372 0.01358153 0.008525412 0.04292059 0.01419515 0.008503262 0.04330686 0.01381876 0.008598171 0.04311372 0.01346368 0.008596044 0.04292059 0.01407652 0.008634147 0.04330686 0.01369264 0.008691706 0.04311372 0.01333949 0.008654785 0.04292059 0.01394564 0.008752773 0.04330686 0.01355796 0.008772429 0.04311372 0.01321013 0.008701071 0.04292059 0.01380375 0.008858 0.04330686 0.01341602 0.008839561 0.04311372 0.01307685 0.008734453 0.04292059 0.01365224 0.008948812 0.04330686 0.01326818 0.008892459 0.04311372 0.01294095 0.008754613 0.04292059 0.01349256 0.009024337 0.04330686 0.01311587 0.008930611 0.04311372 0.01280373 0.008761354 0.04292059 0.01332624 0.009083847 0.04330686 0.01296056 0.00895365 0.04311372 0.0126665 0.008754613 0.04292059 0.01315489 0.009126767 0.04330686 0.01280373 0.008961354 0.04311372 0.0125306 0.008734453 0.04292059 0.01298016 0.009152686 0.04330686 0.0126469 0.00895365 0.04311372 0.01239733 0.008701071 0.04292059 0.01280373 0.009161354 0.04330686 0.01249158 0.008930611 0.04311372 0.01226797 0.008654785 0.04292059 0.0126273 0.009152686 0.04330686 0.01233927 0.008892459 0.04311372 0.01214377 0.008596044 0.04292059 0.01245257 0.009126767 0.04330686 0.01219143 0.008839561 0.04311372 0.01202593 0.008525412 0.04292059 0.01228122 0.009083847 0.04330686 0.01204949 0.008772429 0.04311372 0.01191558 0.008443569 0.04292059 0.0121149 0.009024337 0.04330686 0.01191482 0.008691706 0.04311372 0.01181378 0.008351303 0.04292059 0.01195521 0.008948812 0.04330686 0.0117887 0.008598171 0.04311372 0.01172151 0.008249505 0.04292059 0.0118037 0.008858 0.04330686 0.01167236 0.008492725 0.04311372 0.01163967 0.008139153 0.04292059 0.01166182 0.008752773 0.04330686 0.01156691 0.008376384 0.04311372 0.01156904 0.00802131 0.04292059 0.01153094 0.008634147 0.04330686 0.01147338 0.008250266 0.04311372 0.0115103 0.007897111 0.04292059 0.01141231 0.008503262 0.04330686 0.01139265 0.008115589 0.04311372 0.01146401 0.007767753 0.04292059 0.01130708 0.008361381 0.04330686 0.01132552 0.007973648 0.04311372 0.01143063 0.00763448 0.04292059 0.01121627 0.008209868 0.04330686 0.01127262 0.007825809 0.04311372 0.01141047 0.007498578 0.04292059 0.01114075 0.008050184 0.04330686 0.01123447 0.007673499 0.04311372 0.01108123 0.007883866 0.04330686 0.01121143 0.007518181 0.04311372 0.01103831 0.007712517 0.04330686 0.0110124 0.007537785 0.04330686 -0.002000371 0.007460449 0.04272745 -0.002012638 0.007558867 0.04272745 -0.002032992 0.007655937 0.04272745 -0.002061291 0.007750993 0.04272745 -0.002097344 0.007843389 0.04272745 -0.002140903 0.007932491 0.04272745 -0.002191672 0.008017692 0.04272745 -0.002249303 0.00809841 0.04272745 -0.002313403 0.008174092 0.04272745 -0.002383534 0.008244223 0.04272745 -0.002459217 0.008308323 0.04272745 -0.002539934 0.008365953 0.04272745 -0.002625135 0.008416722 0.04272745 -0.002714237 0.008460282 0.04272745 -0.002806633 0.008496335 0.04272745 -0.00290169 0.008524634 0.04272745 -0.002998759 0.008544988 0.04272745 -0.003097177 0.008557256 0.04272745 -0.003196272 0.008561354 0.04272745 -0.003295367 0.008557256 0.04272745 -0.003393785 0.008544988 0.04272745 -0.003490855 0.008524634 0.04272745 -0.003585911 0.008496335 0.04272745 -0.003678307 0.008460282 0.04272745 -0.003767409 0.008416722 0.04272745 -0.00385261 0.008365953 0.04272745 -0.003933327 0.008308323 0.04272745 -0.00400901 0.008244223 0.04272745 -0.004079141 0.008174092 0.04272745 -0.00414324 0.00809841 0.04272745 -0.004200872 0.008017692 0.04272745 -0.00425164 0.007932491 0.04272745 -0.0042952 0.007843389 0.04272745 -0.004331253 0.007750993 0.04272745 -0.004359552 0.007655937 0.04272745 -0.004379906 0.007558867 0.04272745 -0.004392173 0.007460449 0.04272745 -0.001803013 0.007498578 0.04292059 -0.001823173 0.00763448 0.04292059 -0.001603976 0.007518181 0.04311372 -0.001856556 0.007767753 0.04292059 -0.001627016 0.007673499 0.04311372 -0.001902841 0.007897111 0.04292059 -0.00140494 0.007537785 0.04330686 -0.001665167 0.007825809 0.04311372 -0.001961582 0.00802131 0.04292059 -0.001430858 0.007712517 0.04330686 -0.001718065 0.007973648 0.04311372 -0.002032215 0.008139153 0.04292059 -0.001473779 0.007883866 0.04330686 -0.001785198 0.008115589 0.04311372 -0.002114057 0.008249505 0.04292059 -0.001533289 0.008050184 0.04330686 -0.001865921 0.008250266 0.04311372 -0.002206322 0.008351303 0.04292059 -0.001608814 0.008209868 0.04330686 -0.001959455 0.008376384 0.04311372 -0.002308121 0.008443569 0.04292059 -0.001699627 0.008361381 0.04330686 -0.002064901 0.008492725 0.04311372 -0.002418474 0.008525412 0.04292059 -0.001804853 0.008503262 0.04330686 -0.002181243 0.008598171 0.04311372 -0.002536317 0.008596044 0.04292059 -0.00192348 0.008634147 0.04330686 -0.00230736 0.008691706 0.04311372 -0.002660515 0.008654785 0.04292059 -0.002054364 0.008752773 0.04330686 -0.002442037 0.008772429 0.04311372 -0.002789873 0.008701071 0.04292059 -0.002196246 0.008858 0.04330686 -0.002583978 0.008839561 0.04311372 -0.002923146 0.008734453 0.04292059 -0.002347758 0.008948812 0.04330686 -0.002731817 0.008892459 0.04311372 -0.003059048 0.008754613 0.04292059 -0.002507442 0.009024337 0.04330686 -0.002884127 0.008930611 0.04311372 -0.003196272 0.008761354 0.04292059 -0.00267376 0.009083847 0.04330686 -0.003039445 0.00895365 0.04311372 -0.003333496 0.008754613 0.04292059 -0.002845109 0.009126767 0.04330686 -0.003196272 0.008961354 0.04311372 -0.003469398 0.008734453 0.04292059 -0.003019841 0.009152686 0.04330686 -0.003353099 0.00895365 0.04311372 -0.00360267 0.008701071 0.04292059 -0.003196272 0.009161354 0.04330686 -0.003508416 0.008930611 0.04311372 -0.003732029 0.008654785 0.04292059 -0.003372703 0.009152686 0.04330686 -0.003660728 0.008892459 0.04311372 -0.003856227 0.008596044 0.04292059 -0.003547435 0.009126767 0.04330686 -0.003808565 0.008839561 0.04311372 -0.00397407 0.008525412 0.04292059 -0.003718784 0.009083847 0.04330686 -0.003950507 0.008772429 0.04311372 -0.004084423 0.008443569 0.04292059 -0.003885102 0.009024337 0.04330686 -0.004085185 0.008691706 0.04311372 -0.004186222 0.008351303 0.04292059 -0.004044786 0.008948812 0.04330686 -0.004211301 0.008598171 0.04311372 -0.004278487 0.008249505 0.04292059 -0.004196299 0.008858 0.04330686 -0.004327643 0.008492725 0.04311372 -0.00436033 0.008139153 0.04292059 -0.00433818 0.008752773 0.04330686 -0.004433089 0.008376384 0.04311372 -0.004430962 0.00802131 0.04292059 -0.004469064 0.008634147 0.04330686 -0.004526623 0.008250266 0.04311372 -0.004489703 0.007897111 0.04292059 -0.004587691 0.008503262 0.04330686 -0.004607346 0.008115589 0.04311372 -0.004535988 0.007767753 0.04292059 -0.004692917 0.008361381 0.04330686 -0.004674479 0.007973648 0.04311372 -0.004569371 0.00763448 0.04292059 -0.004783731 0.008209868 0.04330686 -0.004727376 0.007825809 0.04311372 -0.00458953 0.007498578 0.04292059 -0.004859255 0.008050184 0.04330686 -0.004765529 0.007673499 0.04311372 -0.004918765 0.007883866 0.04330686 -0.004788568 0.007518181 0.04311372 -0.004961686 0.007712517 0.04330686 -0.004987605 0.007537785 0.04330686 0.008468987 -0.00403951 0.0345 0.008294912 -0.00421798 0.0345 0.008112157 -0.004387552 0.0345 0.00863395 -0.003852584 0.0345 0.007921177 -0.004547803 0.0345 0.008789391 -0.003657668 0.0345 0.007722446 -0.004698336 0.0345 0.008934922 -0.003455246 0.0345 0.007516459 -0.004838776 0.0345 0.009194836 -0.003029916 0.0345 0.009070183 -0.003245822 0.0345 0.007303728 -0.004968773 0.0345 0.009308573 -0.002808065 0.0345 0.007084781 -0.005088005 0.0345 0.006860164 -0.005196175 0.0345 0.006630433 -0.005293015 0.0345 0.009411109 -0.00258082 0.0345 0.009502192 -0.002348747 0.0345 0.006396161 -0.005378283 0.0345 0.009649115 -0.001872433 0.0345 0.009581592 -0.002112422 0.0345 0.00615793 -0.005451767 0.0345 0.005916333 -0.005513286 0.0345 0.009704591 -0.001629377 0.0345 0.005671969 -0.005562685 0.0345 0.009747882 -0.001383857 0.0345 0.005425447 -0.005599842 0.0345 0.009797513 -0.0008878753 0.0345 0.009778882 -0.001136485 0.0345 0.005177379 -0.005624665 0.0345 0.004928381 -0.005637092 0.0345 0.004679075 -0.005637092 0.0345 0.004430078 -0.005624665 0.0345 0.00418201 -0.005599842 0.0345 0.003935487 -0.005562685 0.0345 0.003691123 -0.005513286 0.0345 0.003449526 -0.005451767 0.0345 0.003211295 -0.005378283 0.0345 0.002977023 -0.005293015 0.0345 0.002747293 -0.005196175 0.0345 0.002522675 -0.005088005 0.0345 0.002303728 -0.004968773 0.0345 0.002090997 -0.004838776 0.0345 0.00188501 -0.004698336 0.0345 0.001686279 -0.004547803 0.0345 0.001495299 -0.004387552 0.0345 0.001312544 -0.00421798 0.0345 0.001138469 -0.00403951 0.0345 0.0009735058 -0.003852584 0.0345 0.0008180655 -0.003657668 0.0345 0.0006725341 -0.003455246 0.0345 0.0005372736 -0.003245822 0.0345 0.0004126201 -0.003029916 0.0345 0.0002988836 -0.002808065 0.0345 0.0001963469 -0.00258082 0.0345 0.0001052649 -0.002348747 0.0345 2.586397e-05 -0.002112422 0.0345 -4.165843e-05 -0.001872433 0.0345 -9.713444e-05 -0.001629377 0.0345 -0.0001404261 -0.001383857 0.0345 -0.0001714259 -0.001136485 0.0345 -0.0001900566 -0.0008878753 0.0345</float_array>
          <technique_common>
            <accessor count="4342" source="#cubeverts-array0-array" stride="3">
              <param type="float" name="X"/>
              <param type="float" name="Y"/>
              <param type="float" name="Z"/>
            </accessor>
          </technique_common>
        </source>
        <source id="cubenormals-array0">
          <float_array count="26100" id="cubenormals-array0-array">0.9996892 0.02492949 0 0.9996892 0.02492949 0 0.9972038 0.0747311 0 0.9972038 0.0747311 0 0.992239 0.1243453 0 0.992239 0.1243453 0 0.9848082 0.1736459 0 0.9848082 0.1736459 0 0.9749278 0.2225216 0 0.9749278 0.2225216 0 0.9626237 0.2708427 0 0.9626237 0.2708427 0 0.9479283 0.3184836 0 0.9479283 0.3184836 0 0.930873 0.3653428 0 0.930873 0.3653428 0 0.9115067 0.4112853 0 0.9115067 0.4112853 0 0.8898707 0.4562128 0 0.8898707 0.4562128 0 0.8660265 0.4999982 0 0.8660265 0.4999982 0 0.840026 0.5425462 0 0.840026 0.5425462 0 0.8119372 0.5837446 0 0.8119372 0.5837446 0 0.7818315 0.6234898 0 0.7818315 0.6234898 0 0.7497814 0.6616856 0 0.7497814 0.6616856 0 0.7158672 0.6982364 0 0.7158672 0.6982364 0 0.6801714 0.7330532 0 0.6801714 0.7330532 0 0.642788 0.7660441 0 0.642788 0.7660441 0 0.603805 0.797132 0 0.603805 0.797132 0 0.5633199 0.8262388 0 0.5633199 0.8262388 0 0.5214354 0.8532908 0 0.5214354 0.8532908 0 0.4782533 0.8782219 0 0.4782533 0.8782219 0 0.4338844 0.9009686 0 0.4338844 0.9009686 0 0.3884343 0.9214764 0 0.3884343 0.9214764 0 0.3420201 0.9396926 0 0.3420201 0.9396926 0 0.2947551 0.9555728 0 0.2947551 0.9555728 0 0.2467587 0.969077 0 0.2467587 0.969077 0 0.198145 0.9801726 0 0.198145 0.9801726 0 0.1490433 0.9888307 0 0.1490433 0.9888307 0 0.09956697 0.9950308 0 0.09956697 0.9950308 0 0.04984556 0.9987569 0 0.04984556 0.9987569 0 0 1 0 -0 1 0 -0.04984556 0.9987569 0 -0.04984556 0.9987569 0 -0.09956697 0.9950308 0 -0.09956697 0.9950308 0 -0.1490431 0.9888307 0 -0.1490431 0.9888307 0 -0.198145 0.9801726 0 -0.198145 0.9801726 0 -0.2947548 0.955573 0 -0.2467587 0.969077 0 -0.2467587 0.969077 0 -0.2947548 0.955573 0 -0.3420204 0.9396925 0 -0.3420204 0.9396925 0 -0.3884346 0.9214762 0 -0.3884346 0.9214762 0 -0.433884 0.9009687 0 -0.433884 0.9009687 0 -0.4782538 0.8782217 0 -0.4782538 0.8782217 0 -0.5214354 0.8532908 0 -0.5214354 0.8532908 0 -0.5633197 0.826239 0 -0.5633197 0.826239 0 -0.6038045 0.7971324 0 -0.6038045 0.7971324 0 -0.6427878 0.7660443 0 -0.6427878 0.7660443 0 -0.6801723 0.7330524 0 -0.6801723 0.7330524 0 -0.715867 0.6982366 0 -0.715867 0.6982366 0 -0.7497813 0.6616857 0 -0.7497813 0.6616857 0 -0.7818315 0.6234898 0 -0.7818315 0.6234898 0 -0.8119378 0.5837439 0 -0.8119378 0.5837439 0 -0.8400261 0.542546 0 -0.8400261 0.542546 0 -0.8660254 0.5 0 -0.8660254 0.5 0 -0.8898717 0.4562108 0 -0.8898717 0.4562108 0 -0.9115059 0.411287 0 -0.9115059 0.411287 0 -0.9479273 0.3184867 0 -0.9308738 0.365341 0 -0.9308738 0.365341 0 -0.9479273 0.3184867 0 -0.9626243 0.2708404 0 -0.9626243 0.2708404 0 -0.9848078 0.1736482 0 -0.9749279 0.222521 0 -0.9749279 0.222521 0 -0.9848078 0.1736482 0 -0.9922392 0.1243437 0 -0.9922392 0.1243437 0 -0.9972038 0.07473009 0 -0.9972038 0.07473009 0 -0.9996892 0.02493069 0 -0.9996892 0.02493069 0 0.6962882 0.02880079 0.7171842 0.6883306 0.08579871 0.7203052 0.6897955 0.1023216 0.7167373 0.6782055 0.142205 0.720982 0.6942544 0.03410942 0.7189209 0.694255 0.03410694 0.7189205 0.6767812 0.1695246 0.7163997 0.6640492 0.1976968 0.7210788 0.6875681 0.1019912 0.7189213 0.6875687 0.1019902 0.7189209 0.6459235 0.252041 0.7205957 0.6567424 0.2349863 0.7165689 0.6869345 0.01713163 0.7265174 0.6929497 0.05192745 0.7191135 0.6892501 0.08637589 0.7193564 0.6942548 0.03410532 0.7189208 0.6742611 0.1688934 0.7189207 0.6742601 0.1688949 0.7189212 0.6299201 0.2979304 0.7172434 0.6238984 0.3050061 0.719529 0.5975058 0.3560323 0.7184899 0.6833076 0.1013589 0.7230609 0.6844482 0.1206841 0.7190034 0.6770907 0.154543 0.7194892 0.6875687 0.101991 0.7189208 0.6875691 0.1019903 0.7189205 0.6544592 0.2341693 0.7189212 0.6544603 0.2341681 0.7189206 0.5970423 0.3578509 0.7179716 0.5648303 0.4032853 0.7199498 0.6742605 0.168895 0.7189209 0.6691324 0.1882652 0.7189007 0.6582021 0.2211427 0.719629 0.6700987 0.1678514 0.7230446 0.6742611 0.1688941 0.7189205 0.6283551 0.2971902 0.7189212 0.6283551 0.2971902 0.7189212 0.5599241 0.4152693 0.7169632 0.5289096 0.4479627 0.7208217 0.6471536 0.2539888 0.7188059 0.6327724 0.2855172 0.719777 0.6544605 0.2341682 0.7189204 0.6504443 0.2327324 0.72302 0.6544596 0.2341691 0.7189209 0.5961993 0.3573494 0.7189213 0.596202 0.3573472 0.7189201 0.5169111 0.4685004 0.7164567 0.489897 0.489897 0.7211116 0.6187283 0.317207 0.7187176 0.6010621 0.3470208 0.7199312 0.624532 0.2953809 0.7229868 0.6283563 0.2971897 0.7189205 0.6283555 0.2971903 0.7189209 0.5583026 0.4140667 0.7189207 0.5583038 0.414066 0.7189202 0.4685004 0.5169111 0.7164567 0.4479649 0.5289084 0.7208213 0.5841403 0.3772782 0.7186385 0.5633838 0.4050462 0.7200947 0.5961998 0.3573495 0.7189208 0.5926087 0.3551971 0.7229453 0.5961996 0.3573495 0.7189209 0.5150293 0.4667953 0.7189206 0.5150297 0.4667951 0.7189205 0.4032823 0.5648325 0.7199497 0.4152692 0.5599253 0.7169625 0.5583035 0.4140657 0.7189206 0.5437309 0.4336126 0.7185658 0.5201252 0.4590091 0.7202642 0.5583029 0.4140659 0.7189208 0.5549821 0.411603 0.7228954 0.4667954 0.5150294 0.7189205 0.466795 0.5150296 0.7189207 0.3578531 0.5970407 0.7179717 0.3560356 0.5975041 0.7184897 0.3050061 0.6238984 0.719529 0.5150294 0.4667954 0.7189206 0.4979032 0.4856412 0.7185019 0.4717094 0.5083824 0.7204427 0.5150291 0.4667956 0.7189207 0.51201 0.4640593 0.7228379 0.4140659 0.5583027 0.7189211 0.357349 0.5961998 0.7189211 0.414067 0.5583023 0.7189207 0.2520399 0.645924 0.7205957 0.29793 0.6299204 0.7172434 0.4667957 0.5150292 0.7189206 0.4471116 0.53285 0.7184442 0.4186324 0.55267 0.7206267 0.4667953 0.5150293 0.7189206 0.4641061 0.5120617 0.7227713 0.3573474 0.5962017 0.7189202 0.1976941 0.6640496 0.7210792 0.2349862 0.6567423 0.716569 0.4140673 0.5583028 0.7189201 0.3918663 0.5747605 0.7183949 0.3614168 0.5914365 0.7208195 0.414066 0.5583031 0.7189206 0.4117271 0.5551494 0.7226964 0.2971902 0.628356 0.7189205 0.2971911 0.628356 0.7189202 0.1695247 0.6767803 0.7164006 0.1422051 0.6782046 0.7209828 0.357349 0.5962009 0.7189201 0.332711 0.6109608 0.7183525 0.3006457 0.6242955 0.7210183 0.3573471 0.5962011 0.7189209 0.2971908 0.6283553 0.7189209 0.355375 0.5929073 0.722613 0.2341704 0.6544597 0.7189205 0.2341695 0.6544597 0.7189208 0.08580197 0.6883301 0.7203053 0.1023215 0.6897947 0.7167382 0.2971903 0.6283558 0.7189206 0.2955896 0.6249714 0.7225217 0.2702405 0.641084 0.7183185 0.2369175 0.6509253 0.7212256 0.1688927 0.6742612 0.7189208 0.1019914 0.687569 0.7189205 0.1688937 0.6742613 0.7189204 0.03417272 0.6956374 0.7175798 0.02871809 0.6943729 0.7190421 -0.02871815 0.6943729 0.7190421 0.2329424 0.6510328 0.7224224 0.2341706 0.6544604 0.7189199 0.2050727 0.6648321 0.7182921 0.1708759 0.6710634 0.7214398 0.2341687 0.6544603 0.7189205 0.1019902 0.6875696 0.71892 -0.03417278 0.6956374 0.7175798 -0.08580197 0.6883301 0.7203053 0.1680371 0.6708392 0.7223145 0.1688945 0.6742617 0.7189199 0.1019901 0.6875691 0.7189205 0.1378623 0.6819659 0.7182732 0.1031713 0.6845143 0.7216619 0.1688928 0.6742615 0.7189205 0.03410789 0.6942555 0.7189201 0.03410478 0.6942545 0.7189212 -0.1023215 0.6897947 0.7167382 -0.1422051 0.6782047 0.7209828 0.101991 0.6875686 0.7189208 0.06927669 0.6923161 0.7182612 0.03449551 0.6911478 0.7218897 0.1014914 0.6842006 0.7221974 -0.03410789 0.6942543 0.7189211 -0.0341049 0.6942557 0.71892 -0.1695244 0.6767803 0.7164006 -0.1976936 0.6640497 0.7210793 0.03410788 0.6942552 0.7189202 0.03410644 0.6942546 0.7189209 0 0.695777 0.7182578 -0.03410793 0.6942552 0.7189203 0.03394574 0.6909835 0.722073 -0.1019901 0.6875697 0.71892 -0.1019914 0.687569 0.7189205 -0.1688934 0.6742613 0.7189205 -0.2349866 0.6567422 0.7165689 -0.2520405 0.6459239 0.7205956 -0.03410649 0.6942547 0.7189209 -0.03449551 0.6911477 0.7218897 -0.06927669 0.6923161 0.7182612 -0.03394578 0.6909835 0.722073 -0.168893 0.6742612 0.7189206 -0.29793 0.6299204 0.7172434 -0.3050061 0.6238984 0.719529 -0.3560356 0.5975041 0.7184898 -0.1031713 0.6845143 0.7216619 -0.1378623 0.6819659 0.7182732 -0.10199 0.6875692 0.7189204 -0.1688931 0.6742615 0.7189204 -0.101991 0.6875686 0.7189208 -0.1014914 0.6842006 0.7221974 -0.2341699 0.6544597 0.7189206 -0.23417 0.6544597 0.7189207 -0.3578531 0.5970407 0.7179718 -0.4032823 0.5648325 0.7199497 -0.1708759 0.6710634 0.7214398 -0.2050727 0.6648321 0.7182921 -0.1680371 0.6708392 0.7223145 -0.1688945 0.6742617 0.7189199 -0.2971902 0.6283562 0.7189204 -0.2971909 0.6283556 0.7189206 -0.4152692 0.5599253 0.7169625 -0.4479649 0.5289084 0.7208213 -0.2369175 0.6509253 0.7212256 -0.2702399 0.6410842 0.7183185 -0.2329424 0.6510328 0.7224224 -0.23417 0.6544598 0.7189205 -0.2341689 0.6544609 0.7189199 -0.2971909 0.6283557 0.7189205 -0.3573492 0.5961999 0.7189208 -0.414066 0.5583029 0.7189209 -0.3573483 0.5962011 0.7189204 -0.4685004 0.5169111 0.7164567 -0.489897 0.489897 0.7211116 -0.3006457 0.6242955 0.7210183 -0.332711 0.6109608 0.7183525 -0.2955891 0.6249714 0.7225217 -0.2971899 0.6283558 0.7189209 -0.466795 0.5150295 0.7189207 -0.4140665 0.5583028 0.7189206 -0.528909 0.4479638 0.7208216 -0.5169111 0.4685004 0.7164567 -0.3573495 0.5961998 0.7189208 -0.3614175 0.591436 0.7208197 -0.3918669 0.5747598 0.718395 -0.3553757 0.5929067 0.7226132 -0.3573484 0.5962013 0.7189201 -0.4667954 0.5150294 0.7189205 -0.5599251 0.4152688 0.7169628 -0.5648319 0.4032831 0.7199497 -0.4140667 0.558303 0.7189204 -0.4186314 0.5526704 0.720627 -0.4471119 0.5328495 0.7184444 -0.4117271 0.5551494 0.7226964 -0.4140663 0.5583035 0.7189202 -0.5150294 0.4667954 0.7189205 -0.5150296 0.466795 0.7189207 -0.5583032 0.414066 0.7189207 -0.5975044 0.3560348 0.7184898 -0.6238984 0.3050061 0.719529 -0.5970411 0.3578526 0.7179717 -0.4641056 0.512062 0.7227714 -0.4667954 0.5150294 0.7189206 -0.4717095 0.5083826 0.7204425 -0.4979033 0.4856413 0.7185017 -0.4667953 0.5150298 0.7189204 -0.5962004 0.3573487 0.7189206 -0.5583032 0.414066 0.7189207 -0.6299201 0.2979304 0.7172435 -0.6459235 0.252041 0.7205957 -0.5150293 0.4667953 0.7189206 -0.5120102 0.4640594 0.7228378 -0.5201237 0.4590102 0.7202646 -0.5437311 0.4336119 0.7185661 -0.5150292 0.4667957 0.7189206 -0.6283554 0.2971904 0.7189208 -0.5961999 0.3573492 0.7189209 -0.6567427 0.2349858 0.7165687 -0.6640497 0.1976953 0.7210788 -0.5583032 0.414066 0.7189207 -0.554982 0.4116029 0.7228956 -0.5633842 0.4050456 0.7200947 -0.5841407 0.3772777 0.7186384 -0.5583031 0.414066 0.7189206 -0.6283563 0.2971897 0.7189205 -0.6782051 0.1422049 0.7209824 -0.6767808 0.1695251 0.7164 -0.5962002 0.3573494 0.7189205 -0.5926092 0.3551965 0.7229453 -0.6010604 0.3470222 0.7199319 -0.6187291 0.3172041 0.7187182 -0.5962003 0.3573489 0.7189206 -0.674261 0.1688939 0.7189208 -0.65446 0.2341696 0.7189205 -0.65446 0.234169 0.7189207 -0.6883303 0.08580033 0.7203053 -0.6962885 0.02879829 0.717184 -0.6897951 0.1023216 0.7167378 -0.628356 0.29719 0.7189205 -0.6544598 0.2341695 0.7189206 -0.6283562 0.2971896 0.7189207 -0.6245319 0.2953813 0.7229867 -0.632772 0.2855179 0.719777 -0.6471536 0.2539888 0.7188058 -0.6742612 0.1688936 0.7189205 -0.6544598 0.2341697 0.7189208 -0.6582013 0.2211441 0.7196292 -0.6691324 0.1882644 0.7189007 -0.6504442 0.2327329 0.7230199 -0.6942549 0.03410676 0.7189206 -0.6942552 0.03410593 0.7189205 -0.6875689 0.1019913 0.7189205 -0.687569 0.1019914 0.7189205 -0.674261 0.1688935 0.7189207 -0.6770909 0.1545422 0.7194892 -0.6844479 0.1206857 0.7190035 -0.6700988 0.167851 0.7230448 -0.674261 0.1688936 0.7189207 -0.6875688 0.1019913 0.7189206 -0.6892503 0.08637426 0.7193564 -0.6929495 0.05192993 0.7191135 -0.6869337 0.01713079 0.7265182 -0.6942549 0.03410669 0.7189206 -0.6833072 0.1013589 0.7230613 -0.6875688 0.101991 0.7189206 0.9991457 0.04132798 0 0.9991457 0.04132798 0 0.9923208 0.1236903 0 0.9923208 0.1236903 0 0.9787168 0.2052157 0 0.9787168 0.2052157 0 0.9584272 0.2853372 0 0.9315907 0.3635091 -0 0.9584272 0.2853372 0 0.9315907 0.3635091 0 0.8983906 0.4391975 0 0.8983906 0.4391975 0 0.8590564 0.5118809 0 0.8590564 0.5118809 0 0.8138459 0.5810809 0 0.8138459 0.5810809 0 0.7630848 0.6462985 -0 0.7630848 0.6462985 0 0.7071068 0.7071068 0 0.7071068 0.7071068 0 0.6463013 0.7630824 0 0.6463013 0.7630824 0 0.5810765 0.813849 0 0.5810765 0.813849 0 0.5118855 0.8590537 0 0.5118855 0.8590537 0 0.4391975 0.8983906 0 0.4391975 0.8983906 0 0.3635075 0.9315913 0 0.3635075 0.9315913 0 0.2853335 0.9584283 0 0.2853335 0.9584283 0 0.2052161 0.9787167 -0 0.2052161 0.9787167 0 0.1236951 0.9923203 0 0.1236951 0.9923203 0 0.04132298 0.9991458 0 0.04132298 0.9991458 0 -0.04132308 0.9991459 0 -0.04132308 0.9991459 0 -0.1236951 0.9923203 0 -0.1236951 0.9923203 0 -0.2052161 0.9787167 0 -0.2052161 0.9787167 0 -0.2853328 0.9584285 0 -0.2853328 0.9584285 0 -0.3635083 0.931591 0 -0.4391975 0.8983906 0 -0.3635083 0.931591 0 -0.4391975 0.8983906 0 -0.5118855 0.8590537 0 -0.5118855 0.8590537 0 -0.5810765 0.813849 0 -0.6463013 0.7630824 0 -0.5810765 0.813849 0 -0.6463013 0.7630824 0 -0.7071068 0.7071068 0 -0.7071068 0.7071068 0 -0.7630836 0.6462998 0 -0.8138481 0.5810776 0 -0.7630836 0.6462998 0 -0.8138481 0.5810776 0 -0.8590543 0.5118845 0 -0.8590543 0.5118845 0 -0.8983906 0.4391975 0 -0.8983906 0.4391975 0 -0.9315907 0.3635091 0 -0.9315907 0.3635091 0 -0.9584278 0.285335 0 -0.9584278 0.285335 0 -0.9787168 0.2052157 0 -0.9787168 0.2052157 0 -0.9923205 0.1236927 0 -0.9923205 0.1236927 0 -0.9991458 0.04132438 0 -0.9991458 0.04132438 0 0.6962891 0.02879412 0.7171838 0.6883301 0.08580197 0.7203053 0.6897948 0.102324 0.7167377 0.6782055 0.142205 0.720982 0.6942559 0.03410107 0.7189198 0.6942548 0.03410591 0.7189207 0.6767814 0.1695223 0.7164001 0.6640497 0.1976936 0.7210791 0.6875677 0.1019936 0.7189214 0.6875695 0.1019904 0.7189201 0.6459243 0.2520413 0.7205949 0.6567419 0.2349885 0.7165686 0.6869336 0.01713161 0.7265182 0.6929489 0.05192739 0.7191143 0.6892496 0.08637251 0.7193572 0.6942554 0.03410877 0.7189201 0.6742617 0.1688911 0.7189206 0.6742606 0.1688929 0.7189213 0.6299208 0.2979308 0.7172427 0.6238971 0.3050088 0.719529 0.5975044 0.3560348 0.7184898 0.6833059 0.1013587 0.7230625 0.6844468 0.1206872 0.7190043 0.6770892 0.1545459 0.71949 0.6875696 0.1019911 0.71892 0.68757 0.1019904 0.7189197 0.6544584 0.2341715 0.7189213 0.6544597 0.23417 0.7189207 0.5970416 0.3578505 0.7179723 0.564833 0.4032805 0.7199503 0.674261 0.168893 0.7189209 0.6691343 0.1882592 0.7189004 0.6582 0.2211486 0.7196291 0.6701005 0.1678482 0.7230437 0.6742627 0.1688908 0.7189198 0.6283544 0.2971919 0.7189212 0.6283559 0.2971906 0.7189205 0.5599239 0.4152716 0.7169622 0.5289088 0.4479654 0.7208207 0.6471542 0.2539857 0.7188065 0.6327717 0.2855169 0.7197778 0.6544606 0.2341703 0.7189198 0.6504437 0.2327359 0.7230193 0.6544585 0.2341725 0.7189209 0.5962018 0.3573466 0.7189206 0.5962014 0.3573469 0.7189208 0.5169116 0.4685008 0.7164561 0.4898993 0.489896 0.7211107 0.6187283 0.317207 0.7187176 0.6010621 0.3470208 0.7199312 0.6245325 0.2953793 0.7229871 0.6283576 0.2971884 0.7189198 0.628354 0.2971917 0.7189217 0.5583014 0.4140682 0.7189208 0.5583013 0.4140683 0.7189208 0.4685032 0.5169095 0.7164561 0.4479649 0.5289084 0.7208213 0.5841386 0.3772804 0.7186386 0.5633854 0.405044 0.7200946 0.5961984 0.3573505 0.7189215 0.5926076 0.3551983 0.7229457 0.5962029 0.3573472 0.7189194 0.5150293 0.4667953 0.7189206 0.5150297 0.4667951 0.7189205 0.4032797 0.5648339 0.7199501 0.4152687 0.5599257 0.7169625 0.5583014 0.4140683 0.7189208 0.5437316 0.4336099 0.718567 0.5201207 0.4590118 0.7202656 0.5583041 0.4140667 0.7189195 0.5549815 0.4116026 0.7228961 0.4667954 0.5150294 0.7189205 0.4140662 0.5583044 0.7189197 0.4667982 0.5150283 0.7189195 0.3578534 0.59704 0.7179723 0.3560378 0.5975028 0.7184896 0.3050048 0.6238991 0.719529 0.5150294 0.4667954 0.7189206 0.4979046 0.4856392 0.7185023 0.471709 0.508382 0.7204431 0.5150291 0.4667956 0.7189207 0.51201 0.4640593 0.7228379 0.4140672 0.5583027 0.7189203 0.252041 0.6459235 0.7205957 0.2979295 0.6299204 0.7172436 0.4667957 0.5150292 0.7189206 0.4471112 0.5328496 0.7184447 0.4186304 0.5526707 0.7206272 0.4667953 0.5150293 0.7189206 0.4641057 0.5120612 0.7227719 0.3573501 0.5962002 0.7189201 0.3573492 0.5962005 0.7189205 0.2349863 0.6567424 0.7165689 0.1976927 0.66405 0.7210792 0.4140669 0.5583025 0.7189206 0.414067 0.5583024 0.7189206 0.3918679 0.5747596 0.7183947 0.3614168 0.5914365 0.7208195 0.3573491 0.5962003 0.7189206 0.4117281 0.555149 0.722696 0.2971898 0.6283566 0.7189202 0.2971899 0.6283566 0.7189201 0.1422054 0.6782045 0.7209828 0.1695244 0.6767802 0.7164007 0.3553759 0.5929071 0.7226127 0.3327112 0.6109612 0.7183521 0.3573495 0.5961998 0.7189208 0.3006472 0.6242952 0.7210178 0.2971895 0.6283559 0.7189209 0.2341708 0.6544599 0.7189203 0.2341696 0.6544599 0.7189207 0.1688934 0.6742611 0.7189207 0.08580197 0.6883301 0.7203053 0.1023215 0.6897947 0.7167382 0.2971895 0.628356 0.7189209 0.2955888 0.6249715 0.7225219 0.2702398 0.6410841 0.7183186 0.2369169 0.6509254 0.7212257 0.1688926 0.6742617 0.7189204 0.1019914 0.6875691 0.7189204 0.03417272 0.6956374 0.7175798 0.02871809 0.6943729 0.7190421 -0.02871809 0.6943729 0.7190421 0.2341709 0.6544603 0.7189199 0.2341686 0.6544601 0.7189207 0.2329424 0.6510328 0.7224224 0.2050731 0.6648318 0.7182922 0.170875 0.6710634 0.72144 0.1019907 0.6875694 0.7189201 -0.03417272 0.6956374 0.7175798 -0.08580197 0.6883301 0.7203053 0.1680374 0.6708394 0.7223143 0.1019906 0.687569 0.7189206 0.137863 0.6819659 0.7182731 0.1031713 0.6845143 0.7216619 0.1688925 0.6742612 0.7189208 0.1688947 0.6742616 0.7189199 0.03410478 0.6942545 0.7189212 0.03410779 0.6942554 0.7189201 -0.1023215 0.6897947 0.7167382 -0.1422054 0.6782045 0.7209828 0.1014911 0.6842005 0.7221975 0.1019908 0.6875688 0.7189206 0.0692762 0.6923161 0.7182612 0.03449585 0.6911478 0.7218897 -0.03410485 0.6942557 0.7189199 -0.03410795 0.6942544 0.7189211 -0.1695244 0.6767802 0.7164007 -0.1976944 0.6640491 0.7210795 0.03410649 0.6942547 0.7189208 0.03410778 0.6942552 0.7189203 0 0.6957771 0.7182578 0.03394578 0.6909835 0.7220731 -0.1019914 0.6875691 0.7189204 -0.1019901 0.6875698 0.7189199 -0.2349861 0.6567418 0.7165694 -0.2520387 0.6459243 0.7205958 -0.03449551 0.6911478 0.7218897 -0.0692762 0.6923161 0.7182612 -0.03410651 0.6942552 0.7189203 -0.03410795 0.6942545 0.7189209 -0.03394578 0.6909835 0.722073 -0.1688926 0.6742617 0.7189204 -0.1688934 0.6742611 0.7189207 -0.2979314 0.6299197 0.7172434 -0.3050074 0.6238978 0.719529 -0.3560348 0.5975044 0.7184898 -0.1031713 0.6845143 0.7216619 -0.137863 0.6819659 0.7182731 -0.1014911 0.6842005 0.7221975 -0.1688925 0.6742612 0.7189208 -0.10199 0.687569 0.7189206 -0.1019907 0.6875685 0.7189209 -0.2341707 0.6544595 0.7189207 -0.2341697 0.6544603 0.7189202 -0.3578514 0.5970414 0.7179721 -0.4032829 0.5648316 0.7199502 -0.170875 0.6710634 0.72144 -0.2050731 0.6648318 0.7182922 -0.1680374 0.6708394 0.7223143 -0.1688947 0.6742616 0.7189199 -0.2971917 0.6283557 0.7189202 -0.2971915 0.6283559 0.7189201 -0.4152708 0.5599237 0.7169627 -0.4479649 0.5289084 0.7208213 -0.2369169 0.6509254 0.7212257 -0.2702423 0.6410833 0.7183184 -0.2329424 0.6510328 0.7224224 -0.2341706 0.6544594 0.7189208 -0.2341689 0.6544609 0.7189199 -0.3573478 0.5962013 0.7189204 -0.4140681 0.5583021 0.7189203 -0.3573474 0.5962017 0.7189202 -0.4685004 0.5169111 0.7164567 -0.4898955 0.4898988 0.7211113 -0.3006442 0.6242957 0.7210187 -0.3327108 0.6109605 0.7183529 -0.2955904 0.6249713 0.7225214 -0.2971911 0.6283551 0.7189209 -0.297191 0.6283553 0.7189208 -0.414067 0.5583023 0.7189207 -0.5289114 0.4479609 0.7208216 -0.5169116 0.4685008 0.7164561 -0.3614168 0.5914365 0.7208195 -0.3918679 0.5747596 0.7183947 -0.355374 0.5929076 0.7226133 -0.3573472 0.5962014 0.7189205 -0.3573478 0.5962007 0.7189209 -0.4667951 0.5150297 0.7189205 -0.4667953 0.5150293 0.7189206 -0.5150297 0.4667951 0.7189205 -0.5599228 0.4152707 0.7169634 -0.5648298 0.4032849 0.7199504 -0.4140669 0.5583025 0.7189206 -0.4186304 0.5526707 0.7206272 -0.4471112 0.5328496 0.7184447 -0.414067 0.5583023 0.7189207 -0.4667953 0.5150293 0.7189206 -0.4117281 0.555149 0.722696 -0.5150293 0.4667953 0.7189206 -0.5583014 0.4140682 0.7189208 -0.5975044 0.3560348 0.7184898 -0.6238998 0.3050034 0.719529 -0.5970416 0.3578505 0.7179723 -0.4667957 0.5150292 0.7189206 -0.471709 0.508382 0.7204431 -0.4979046 0.4856392 0.7185023 -0.4641057 0.5120612 0.7227719 -0.5583044 0.4140664 0.7189195 -0.5962026 0.3573476 0.7189194 -0.6299193 0.2979301 0.7172442 -0.6459228 0.2520407 0.7205965 -0.51201 0.4640593 0.7228379 -0.5201208 0.4590119 0.7202656 -0.5437316 0.4336099 0.718567 -0.5150293 0.4667953 0.7189206 -0.5150292 0.4667957 0.7189206 -0.5961999 0.3573497 0.7189206 -0.6283558 0.2971906 0.7189205 -0.6567429 0.234984 0.7165692 -0.6640487 0.1977 0.7210785 -0.5549815 0.4116026 0.7228961 -0.5583031 0.414066 0.7189206 -0.5633854 0.405044 0.7200946 -0.5841386 0.3772804 0.7186386 -0.5583032 0.4140656 0.7189208 -0.6283544 0.2971919 0.7189212 -0.6782055 0.142205 0.720982 -0.6767811 0.169527 0.7163993 -0.5961991 0.3573492 0.7189216 -0.5961989 0.3573508 0.7189209 -0.5926076 0.3551983 0.7229457 -0.6010621 0.3470208 0.7199312 -0.6187283 0.317207 0.7187176 -0.6544605 0.2341661 0.7189212 -0.6544606 0.2341674 0.7189208 -0.6883311 0.08579543 0.7203051 -0.6962882 0.02880079 0.7171842 -0.6897961 0.1023193 0.7167371 -0.6283558 0.2971926 0.7189198 -0.628356 0.2971876 0.7189215 -0.6245325 0.2953793 0.7229871 -0.6327717 0.2855169 0.7197778 -0.6471541 0.2539856 0.7188065 -0.6742601 0.168897 0.7189208 -0.6875685 0.1019889 0.7189212 -0.6742599 0.1688955 0.7189213 -0.6544608 0.2341696 0.7189196 -0.6544606 0.2341661 0.7189211 -0.6582021 0.2211427 0.719629 -0.6691324 0.1882652 0.7189006 -0.67426 0.1688969 0.7189209 -0.6504443 0.2327324 0.72302 -0.6942548 0.03410574 0.7189207 -0.6942534 0.03411221 0.7189218 -0.6875678 0.1019901 0.7189218 -0.6742619 0.1688943 0.7189198 -0.6770891 0.1545459 0.71949 -0.6844481 0.1206808 0.7190042 -0.6700987 0.1678514 0.7230446 -0.6875696 0.1019904 0.71892 -0.6892489 0.08637906 0.7193571 -0.6929489 0.05192739 0.7191143 -0.6869336 0.01713161 0.7265182 -0.6942554 0.0341089 0.7189201 -0.6833076 0.1013589 0.7230609 -0.6875699 0.1019912 0.7189196 0.999146 0.04131837 0 0.999146 0.04131837 0 0.9923203 0.1236951 0 0.9923203 0.1236951 0 0.9787168 0.2052157 0 0.9787168 0.2052157 0 0.9584285 0.2853328 0 0.9315907 0.3635091 -0 0.9584285 0.2853328 0 0.9315907 0.3635091 0 0.8983887 0.4392014 0 0.8983887 0.4392014 0 0.8590543 0.5118845 0 0.8590543 0.5118845 0 0.8138504 0.5810745 0 0.8138504 0.5810745 0 0.7630824 0.6463013 -0 0.7630824 0.6463013 0 0.7071092 0.7071044 0 0.7071092 0.7071044 0 0.6463013 0.7630824 0 0.6463013 0.7630824 0 0.5810731 0.8138514 0 0.5810731 0.8138514 0 0.5118887 0.8590518 0 0.5118887 0.8590518 0 0.4391956 0.8983915 0 0.4391956 0.8983915 0 0.3635091 0.9315907 0 0.3635091 0.9315907 0 0.2853315 0.9584289 0 0.2853315 0.9584289 0 0.2052166 0.9787166 -0 0.2052166 0.9787166 0 0.1236951 0.9923203 0 0.1236951 0.9923203 0 0.04132298 0.9991458 0 0.04132298 0.9991458 0 -0.04132298 0.9991458 0 -0.04132298 0.9991458 0 -0.1236951 0.9923203 0 -0.1236951 0.9923203 0 -0.2052166 0.9787166 0 -0.2052166 0.9787166 0 -0.2853341 0.9584281 0 -0.2853341 0.9584281 0 -0.3635058 0.9315919 0 -0.4391994 0.8983896 0 -0.3635058 0.9315919 0 -0.4391994 0.8983896 0 -0.5118845 0.8590543 0 -0.5118845 0.8590543 0 -0.5810776 0.8138481 0 -0.6463013 0.7630824 0 -0.5810776 0.8138481 0 -0.6463013 0.7630824 0 -0.7071044 0.7071092 0 -0.7071044 0.7071092 0 -0.7630872 0.6462956 0 -0.8138459 0.5810809 0 -0.7630872 0.6462956 0 -0.8138459 0.5810809 0 -0.8590543 0.5118845 0 -0.8590543 0.5118845 0 -0.8983924 0.4391936 0 -0.8983924 0.4391936 0 -0.9315907 0.3635091 0 -0.9315907 0.3635091 0 -0.9584258 0.2853417 0 -0.9584258 0.2853417 0 -0.9787168 0.2052157 0 -0.9787168 0.2052157 0 -0.9923215 0.1236856 0 -0.9923215 0.1236856 0 -0.9991457 0.04132798 0 -0.9991457 0.04132798 0 0.696289 0.02879398 0.7171838 0.6883301 0.08580197 0.7203053 0.6897948 0.102324 0.7167377 0.6782053 0.1422056 0.720982 0.694256 0.03410066 0.7189198 0.6942548 0.03410601 0.7189207 0.6767812 0.1695222 0.7164004 0.6640491 0.1976944 0.7210795 0.6875678 0.1019936 0.7189212 0.6875698 0.1019901 0.7189199 0.645925 0.252039 0.720595 0.6567413 0.2349883 0.7165691 0.6869336 0.01713161 0.7265182 0.6929489 0.05192713 0.7191144 0.6892495 0.08637291 0.7193573 0.6942554 0.03410868 0.7189201 0.6742617 0.1688911 0.7189206 0.6742609 0.1688924 0.7189211 0.6299204 0.2979317 0.7172427 0.6238965 0.3050101 0.719529 0.5975044 0.3560348 0.7184898 0.6833059 0.101359 0.7230626 0.6844466 0.1206877 0.7190043 0.6770894 0.1545445 0.7194901 0.6875694 0.1019914 0.7189201 0.6875701 0.1019901 0.7189196 0.6544588 0.2341716 0.7189211 0.6283551 0.2971914 0.7189209 0.6544595 0.2341707 0.7189207 0.5970412 0.3578517 0.717972 0.5648334 0.4032808 0.7199498 0.6742614 0.1688925 0.7189206 0.669134 0.18826 0.7189005 0.6582 0.2211486 0.7196291 0.6701003 0.1678477 0.7230441 0.6742631 0.1688904 0.7189197 0.628355 0.2971932 0.7189202 0.559925 0.4152705 0.716962 0.5289088 0.4479654 0.7208207 0.6471546 0.2539845 0.7188065 0.6327712 0.2855181 0.7197778 0.6544601 0.2341709 0.7189201 0.6504441 0.2327354 0.7230192 0.6544591 0.234172 0.7189206 0.5962027 0.3573458 0.7189203 0.5962003 0.3573477 0.7189213 0.5169116 0.4685008 0.7164561 0.4899012 0.4898945 0.7211104 0.6187279 0.3172069 0.718718 0.6010626 0.3470191 0.7199315 0.6283535 0.2971925 0.7189217 0.6245316 0.2953807 0.7229872 0.6283566 0.2971897 0.7189201 0.5583009 0.414068 0.7189213 0.5583023 0.4140671 0.7189208 0.4685036 0.5169099 0.7164555 0.4479609 0.5289114 0.7208216 0.5962038 0.3573466 0.718919 0.5841379 0.37728 0.7186396 0.5633822 0.4050465 0.7200957 0.5926069 0.3551978 0.7229465 0.5961984 0.3573505 0.7189215 0.5150297 0.4667951 0.7189205 0.5150293 0.4667953 0.7189206 0.4032823 0.5648328 0.7199495 0.4152668 0.5599265 0.7169629 0.5549825 0.4116019 0.7228958 0.5583014 0.4140683 0.7189208 0.5583051 0.4140661 0.718919 0.543733 0.4336084 0.7185668 0.5201192 0.4590135 0.7202657 0.4667954 0.5150294 0.7189205 0.4667982 0.5150283 0.7189195 0.3578555 0.5970395 0.7179717 0.3560378 0.5975028 0.7184896 0.3050021 0.6239004 0.719529 0.497905 0.4856396 0.7185017 0.4717113 0.5083809 0.7204425 0.5150291 0.4667956 0.7189207 0.5150294 0.4667954 0.7189206 0.4667954 0.5150294 0.7189205 0.5120106 0.4640597 0.7228373 0.4140641 0.5583048 0.7189204 0.4140663 0.5583043 0.7189196 0.2520407 0.6459228 0.7205965 0.2979291 0.6299196 0.7172443 0.4641057 0.5120612 0.7227719 0.4471112 0.5328496 0.7184447 0.4186304 0.5526707 0.7206272 0.4667956 0.5150291 0.7189207 0.3573507 0.5961995 0.7189205 0.3573519 0.5961992 0.7189201 0.234984 0.6567429 0.7165692 0.197699 0.6640489 0.7210786 0.3918679 0.5747596 0.7183947 0.3614193 0.5914351 0.7208193 0.3573502 0.5961987 0.7189213 0.4140652 0.5583028 0.7189213 0.4140669 0.5583025 0.7189206 0.4117281 0.555149 0.722696 0.2971882 0.6283575 0.7189201 0.2971902 0.6283573 0.7189194 0.169527 0.6767809 0.7163995 0.1422056 0.6782053 0.7209821 0.3573484 0.5962012 0.7189202 0.3327081 0.6109617 0.7183531 0.3006469 0.6242946 0.7210185 0.3553739 0.5929069 0.7226139 0.2341674 0.6544606 0.7189208 0.2341711 0.6544606 0.7189195 0.1023193 0.6897961 0.7167371 0.08579543 0.6883311 0.7203051 0.2702425 0.6410823 0.7183191 0.2369166 0.6509246 0.7212265 0.2341703 0.6544586 0.7189216 0.2955902 0.6249706 0.7225221 0.2971914 0.6283559 0.7189202 0.2971875 0.628356 0.7189216 0.1688925 0.6742614 0.7189206 0.1019892 0.6875703 0.7189196 0.1688959 0.6742617 0.7189195 0.03417512 0.6956372 0.71758 0.02872142 0.6943728 0.719042 -0.02872142 0.6943728 0.719042 0.2341686 0.6544601 0.7189206 0.20507 0.6648324 0.7182925 0.170875 0.6710634 0.72144 0.232942 0.651032 0.7224232 0.1019946 0.6875673 0.7189217 -0.03417512 0.6956372 0.7175799 -0.08579544 0.6883311 0.7203051 0.1688945 0.6742608 0.7189207 0.1680374 0.6708394 0.7223143 0.1378599 0.6819671 0.7182727 0.1031747 0.6845149 0.7216608 0.1688923 0.6742604 0.7189216 0.0341035 0.694254 0.7189217 0.03410723 0.6942552 0.7189202 -0.1023193 0.6897961 0.7167371 -0.1422056 0.6782053 0.720982 0.03410359 0.6942558 0.7189199 0.1014911 0.6842005 0.7221975 0.06927945 0.6923154 0.7182617 0.1019949 0.6875692 0.7189198 0.03449249 0.6911468 0.7218908 0.1019906 0.687568 0.7189214 -0.03410377 0.6942554 0.7189204 -0.1019888 0.6875682 0.7189215 -0.03410717 0.6942538 0.7189216 -0.1695269 0.6767808 0.7163995 -0.1977008 0.664048 0.7210788 0.0341083 0.6942535 0.7189219 0 0.6957779 0.718257 0.0339477 0.690984 0.7220725 -0.1019943 0.6875694 0.7189196 -0.2349838 0.6567423 0.7165697 -0.2520384 0.6459236 0.7205966 -0.03410379 0.6942557 0.71892 -0.03449216 0.6911469 0.7218909 -0.06927945 0.6923154 0.7182617 -0.0341083 0.6942535 0.7189219 -0.0339477 0.6909841 0.7220724 -0.1688956 0.6742605 0.7189207 -0.1688928 0.6742625 0.7189195 -0.2341674 0.6544606 0.7189208 -0.2979311 0.629919 0.7172442 -0.3050047 0.6238992 0.719529 -0.3560348 0.5975044 0.7184898 -0.101994 0.6875675 0.7189215 -0.1031747 0.6845149 0.7216609 -0.1378599 0.6819671 0.7182727 -0.1014911 0.6842005 0.7221975 -0.1019908 0.6875694 0.7189201 -0.1688923 0.6742605 0.7189215 -0.2341711 0.6544606 0.7189195 -0.2971921 0.6283565 0.7189194 -0.3578534 0.5970408 0.7179716 -0.4032854 0.5648305 0.7199495 -0.170875 0.6710634 0.72144 -0.20507 0.6648324 0.7182925 -0.1680374 0.6708394 0.7223143 -0.1688945 0.6742608 0.7189206 -0.2971898 0.6283567 0.7189202 -0.4152689 0.5599245 0.7169632 -0.4479609 0.5289114 0.7208216 -0.2369166 0.6509246 0.7212265 -0.270245 0.6410816 0.7183188 -0.2341703 0.6544586 0.7189216 -0.232942 0.651032 0.7224232 -0.2341686 0.6544601 0.7189206 -0.3573496 0.5962002 0.7189205 -0.357349 0.5962009 0.7189202 -0.4685008 0.5169116 0.7164561 -0.4898974 0.4898974 0.721111 -0.3006439 0.6242951 0.7210194 -0.3327077 0.610961 0.7183539 -0.2955919 0.6249704 0.7225217 -0.2971898 0.6283567 0.7189201 -0.2971922 0.6283539 0.7189215 -0.466795 0.5150295 0.7189207 -0.4140663 0.5583029 0.7189206 -0.4140659 0.5583037 0.7189204 -0.5289114 0.4479609 0.7208216 -0.5169116 0.4685008 0.7164561 -0.3573468 0.5962021 0.7189202 -0.3614193 0.5914351 0.7208193 -0.3918679 0.5747596 0.7183947 -0.3553719 0.5929074 0.7226145 -0.3573484 0.5961999 0.7189212 -0.4667954 0.5150294 0.7189205 -0.5599238 0.4152697 0.7169633 -0.5648301 0.4032852 0.7199499 -0.4140657 0.5583035 0.7189206 -0.4186304 0.5526707 0.7206272 -0.4471112 0.5328496 0.7184447 -0.4140665 0.5583019 0.7189213 -0.4117281 0.555149 0.722696 -0.5150294 0.4667954 0.7189205 -0.5150296 0.466795 0.7189207 -0.5975044 0.3560348 0.7184898 -0.6238992 0.3050047 0.719529 -0.5970412 0.3578517 0.717972 -0.4641057 0.5120612 0.7227719 -0.4667954 0.5150294 0.7189206 -0.4717112 0.5083809 0.7204425 -0.497905 0.4856396 0.7185017 -0.4667956 0.5150291 0.7189207 -0.5962015 0.3573484 0.7189199 -0.5583035 0.4140657 0.7189206 -0.5583029 0.4140675 0.71892 -0.6299189 0.297931 0.7172441 -0.6459235 0.2520384 0.7205966 -0.5150293 0.4667953 0.7189206 -0.5150292 0.4667957 0.7189206 -0.5120106 0.4640597 0.7228373 -0.5201192 0.4590135 0.7202657 -0.543733 0.4336083 0.7185668 -0.6283557 0.2971917 0.7189202 -0.5962009 0.357349 0.7189202 -0.6567423 0.2349838 0.7165697 -0.664048 0.1977008 0.7210788 -0.5962006 0.3573489 0.7189205 -0.5549825 0.4116019 0.7228958 -0.5633822 0.4050465 0.7200957 -0.5841379 0.37728 0.7186396 -0.5583038 0.4140652 0.7189206 -0.5583037 0.4140659 0.7189204 -0.6283544 0.2971929 0.7189208 -0.6782053 0.1422056 0.7209821 -0.6767809 0.169527 0.7163995 -0.6283535 0.2971925 0.7189217 -0.5961984 0.3573505 0.7189215 -0.5926069 0.3551978 0.7229465 -0.6010626 0.3470191 0.7199315 -0.6187279 0.3172069 0.718718 -0.6544605 0.2341668 0.7189209 -0.6742605 0.1688956 0.7189208 -0.6544606 0.2341674 0.7189208 -0.6883311 0.08579543 0.7203051 -0.6962882 0.02880065 0.7171842 -0.6897961 0.1023193 0.7167371 -0.6283568 0.2971898 0.7189201 -0.6245316 0.2953807 0.7229872 -0.6327712 0.2855181 0.7197778 -0.6471546 0.2539845 0.7188064 -0.67426 0.1688964 0.718921 -0.6875686 0.1019889 0.7189211 -0.6544608 0.2341689 0.7189199 -0.6544607 0.2341669 0.7189208 -0.6742603 0.1688965 0.7189207 -0.6582021 0.2211427 0.719629 -0.6691321 0.1882661 0.7189007 -0.6504446 0.2327318 0.7230198 -0.6942548 0.03410584 0.7189207 -0.6942535 0.03411181 0.7189217 -0.6875681 0.1019898 0.7189215 -0.6742622 0.1688939 0.7189196 -0.6700985 0.1678509 0.723045 -0.6770895 0.1545445 0.71949 -0.684448 0.1206813 0.7190042 -0.6892487 0.08637945 0.7193573 -0.6929489 0.05192713 0.7191144 -0.6869336 0.01713161 0.7265182 -0.6942554 0.03410882 0.7189201 -0.6833075 0.1013592 0.723061 -0.6875696 0.1019901 0.7189201 -0.6875699 0.1019915 0.7189195 0.999146 0.04131817 0 0.999146 0.04131817 0 0.9923203 0.1236951 0 0.9923203 0.1236951 0 0.9787166 0.2052166 0 0.9787166 0.2052166 0 0.9584281 0.2853341 0 0.9315919 0.3635058 -0 0.9584281 0.2853341 0 0.9315919 0.3635058 0 0.8983877 0.4392032 0 0.8983877 0.4392032 0 0.8590543 0.5118845 0 0.8590543 0.5118845 0 0.8138504 0.5810745 0 0.8138504 0.5810745 0 0.7630824 0.6463013 -0 0.7630824 0.6463013 0 0.7071116 0.707102 0 0.7071116 0.707102 0 0.6462956 0.7630872 0 0.6462956 0.7630872 0 0.5810763 0.8138492 0 0.5810763 0.8138492 0 0.5118887 0.8590518 0 0.5118887 0.8590518 0 0.4391917 0.8983934 0 0.4391917 0.8983934 0 0.3635091 0.9315907 0 0.3635091 0.9315907 0 0.2853404 0.9584262 0 0.2853404 0.9584262 0 0.2052166 0.9787166 -0 0.2052166 0.9787166 0 0.1236856 0.9923215 0 0.1236856 0.9923215 0 0.04132778 0.9991457 0 0.04132778 0.9991457 0 -0.04132778 0.9991457 0 -0.04132778 0.9991457 0 -0.1236856 0.9923215 0 -0.1236856 0.9923215 0 -0.2052166 0.9787166 0 -0.2052166 0.9787166 0 -0.285343 0.9584255 0 -0.285343 0.9584255 0 -0.3635058 0.9315919 0 -0.4391955 0.8983915 0 -0.3635058 0.9315919 0 -0.4391955 0.8983915 0 -0.5118845 0.8590543 0 -0.5118845 0.8590543 0 -0.5810809 0.8138459 0 -0.6462956 0.7630872 0 -0.5810809 0.8138459 0 -0.6462956 0.7630872 0 -0.7071068 0.7071068 0 -0.7071068 0.7071068 0 -0.7630872 0.6462956 0 -0.8138459 0.5810809 0 -0.7630872 0.6462956 0 -0.8138459 0.5810809 0 -0.8590543 0.5118845 0 -0.8590543 0.5118845 0 -0.8983915 0.4391955 0 -0.8983915 0.4391955 0 -0.9315919 0.3635058 0 -0.9315919 0.3635058 0 -0.9584255 0.285343 0 -0.9584255 0.285343 0 -0.9787166 0.2052166 0 -0.9787166 0.2052166 0 -0.9923215 0.1236856 0 -0.9923215 0.1236856 0 -0.9991457 0.04132778 0 -0.9991457 0.04132778 0 0.6962882 0.02880065 0.7171842 0.6883306 0.08579871 0.7203052 0.6897955 0.1023216 0.7167373 0.6782053 0.1422056 0.720982 0.6942546 0.03410901 0.7189208 0.6942551 0.03410705 0.7189205 0.6767811 0.1695246 0.7163999 0.6640486 0.1976976 0.7210792 0.6875682 0.1019912 0.7189212 0.6875689 0.10199 0.7189206 0.6459243 0.2520387 0.7205958 0.6567418 0.2349861 0.7165694 0.6869345 0.01713163 0.7265174 0.6929497 0.0519272 0.7191135 0.6892499 0.08637628 0.7193564 0.6942548 0.03410523 0.7189208 0.6742611 0.1688934 0.7189207 0.6742604 0.1688944 0.7189211 0.6299197 0.2979314 0.7172434 0.6238978 0.3050074 0.719529 0.5975058 0.3560323 0.7184899 0.6833075 0.1013592 0.723061 0.6844482 0.1206847 0.7190034 0.6770909 0.1545415 0.7194892 0.6875685 0.1019913 0.7189209 0.6875693 0.10199 0.7189204 0.6544596 0.2341695 0.718921 0.6544601 0.2341688 0.7189207 0.5970419 0.3578521 0.7179713 0.5648307 0.4032856 0.7199493 0.6742609 0.1688945 0.7189206 0.6691321 0.1882661 0.7189007 0.6582021 0.2211427 0.719629 0.6700985 0.1678509 0.723045 0.6742614 0.1688937 0.7189204 0.6283551 0.2971912 0.7189209 0.628355 0.2971914 0.7189209 0.5599251 0.4152683 0.7169631 0.5289096 0.4479627 0.7208217 0.6471541 0.2539876 0.7188058 0.6327718 0.2855184 0.719777 0.6544601 0.2341688 0.7189208 0.6504446 0.2327318 0.7230198 0.6544601 0.2341686 0.7189206 0.5962002 0.3573486 0.7189208 0.5962009 0.3573481 0.7189206 0.5169111 0.4685004 0.7164567 0.4898988 0.4898955 0.7211113 0.6187279 0.3172069 0.718718 0.6010626 0.3470191 0.7199315 0.6245313 0.2953824 0.7229869 0.6283553 0.297191 0.7189208 0.6283551 0.2971911 0.7189209 0.5583035 0.4140656 0.7189206 0.5583034 0.4140657 0.7189207 0.4685008 0.5169116 0.7164561 0.4479609 0.5289114 0.7208216 0.5841395 0.3772777 0.7186394 0.5633805 0.4050486 0.7200958 0.5961998 0.3573495 0.7189208 0.5926081 0.3551967 0.722946 0.5962006 0.3573489 0.7189205 0.5150293 0.4667953 0.7189206 0.5150297 0.4667951 0.7189205 0.4032849 0.5648315 0.7199491 0.4152673 0.559926 0.716963 0.5583035 0.4140657 0.7189206 0.5437323 0.4336111 0.7185656 0.5201236 0.4590107 0.7202643 0.5583041 0.4140653 0.7189204 0.554983 0.4116023 0.7228951 0.4667954 0.5150294 0.7189205 0.466795 0.5150296 0.7189207 0.3578552 0.5970402 0.7179712 0.3560356 0.5975041 0.7184897 0.3050034 0.6238998 0.719529 0.5150294 0.4667954 0.7189206 0.4979036 0.4856417 0.7185013 0.4717117 0.5083813 0.7204419 0.5150291 0.4667956 0.7189207 0.5120106 0.4640597 0.7228373 0.4140643 0.5583038 0.7189212 0.4140657 0.5583035 0.7189206 0.2520397 0.6459233 0.7205964 0.2979297 0.6299196 0.7172441 0.4667957 0.5150292 0.7189206 0.4471116 0.53285 0.7184442 0.4186324 0.55267 0.7206267 0.4667953 0.5150293 0.7189206 0.4641061 0.5120617 0.7227713 0.3573514 0.5961996 0.7189201 0.3573485 0.5962 0.7189211 0.1977004 0.6640484 0.7210785 0.234984 0.6567427 0.7165692 0.4140656 0.5583032 0.7189208 0.3918663 0.5747605 0.7183949 0.3614193 0.5914351 0.7208193 0.3573486 0.5962002 0.7189208 0.414066 0.5583031 0.7189206 0.4117271 0.5551494 0.7226964 0.2971905 0.6283568 0.7189198 0.2971894 0.6283569 0.7189201 0.1422053 0.6782054 0.720982 0.1695273 0.676781 0.7163994 0.3573476 0.5962017 0.7189202 0.3327079 0.6109613 0.7183535 0.3006454 0.6242948 0.721019 0.3553729 0.5929071 0.7226142 0.2971894 0.6283569 0.7189201 0.2341706 0.6544605 0.7189197 0.2341673 0.6544604 0.7189208 0.1023193 0.6897961 0.7167371 0.08579543 0.6883311 0.7203051 0.2971916 0.6283544 0.7189213 0.2702432 0.6410823 0.7183189 0.2369172 0.6509246 0.7212263 0.2955911 0.6249705 0.7225219 0.1688962 0.6742616 0.7189196 0.1019891 0.6875703 0.7189196 0.1688927 0.6742612 0.7189208 0.03417512 0.6956372 0.71758 0.02872142 0.6943728 0.719042 -0.02872149 0.6943728 0.7190421 0.232942 0.651032 0.7224232 0.2050695 0.6648327 0.7182924 0.1708759 0.6710634 0.7214398 0.2341684 0.6544595 0.7189214 0.2341703 0.6544597 0.7189206 0.1019941 0.6875674 0.7189215 -0.03417519 0.6956372 0.71758 -0.08579544 0.6883311 0.7203051 0.1688926 0.6742606 0.7189214 0.1688943 0.6742609 0.7189207 0.1680371 0.6708392 0.7223145 0.1378592 0.6819671 0.7182727 0.1031747 0.6845149 0.7216608 0.1019941 0.6875675 0.7189214 0.03410723 0.6942552 0.7189202 0.03410361 0.6942541 0.7189216 -0.0341073 0.6942552 0.7189203 -0.1023193 0.6897961 0.7167371 -0.1422053 0.6782055 0.720982 0.1019911 0.6875694 0.7189201 0.06927994 0.6923153 0.7182616 0.03449215 0.6911468 0.7218909 0.1014914 0.6842006 0.7221974 -0.03410366 0.6942541 0.7189216 -0.169527 0.676781 0.7163994 -0.1976999 0.6640485 0.7210786 0.03410835 0.6942554 0.7189201 0.03410358 0.6942536 0.7189221 0 0.6957779 0.718257 0.03394765 0.6909841 0.7220724 -0.101994 0.6875674 0.7189215 -0.1019891 0.6875702 0.7189196 -0.1688959 0.6742616 0.7189196 -0.2349843 0.6567426 0.7165692 -0.2520402 0.6459231 0.7205963 -0.03410374 0.6942558 0.71892 -0.03449215 0.6911468 0.7218909 -0.06927994 0.6923153 0.7182616 -0.0341083 0.6942535 0.7189219 -0.0339477 0.6909841 0.7220724 -0.168893 0.6742612 0.7189206 -0.2979297 0.6299196 0.7172441 -0.3050034 0.6238998 0.719529 -0.3560356 0.5975041 0.7184898 -0.101994 0.6875677 0.7189214 -0.1031747 0.6845149 0.7216609 -0.1019911 0.6875694 0.7189201 -0.1378592 0.6819671 0.7182727 -0.1014914 0.6842006 0.7221974 -0.1688929 0.6742606 0.7189212 -0.2341681 0.6544613 0.7189198 -0.23417 0.6544597 0.7189207 -0.2971904 0.6283566 0.7189199 -0.3578552 0.5970402 0.7179712 -0.4032849 0.5648315 0.7199491 -0.1708759 0.6710634 0.7214398 -0.2050695 0.6648327 0.7182924 -0.1680371 0.6708392 0.7223145 -0.1688943 0.6742609 0.7189207 -0.2971893 0.6283568 0.7189203 -0.4152673 0.559926 0.716963 -0.4479609 0.5289114 0.7208216 -0.2369172 0.6509245 0.7212263 -0.2702425 0.6410825 0.7183189 -0.2341698 0.6544591 0.7189212 -0.232942 0.651032 0.7224232 -0.2341686 0.6544601 0.7189206 -0.3573499 0.5962002 0.7189204 -0.3573509 0.5961988 0.7189209 -0.4140644 0.5583041 0.7189209 -0.4685008 0.5169116 0.7164561 -0.4898988 0.4898955 0.7211113 -0.3006454 0.6242948 0.721019 -0.3327079 0.6109613 0.7183535 -0.2955906 0.6249706 0.722522 -0.2971894 0.6283568 0.7189202 -0.2971913 0.6283547 0.7189212 -0.4140652 0.5583038 0.7189206 -0.528909 0.4479638 0.7208216 -0.5169111 0.4685004 0.7164567 -0.36142 0.5914346 0.7208195 -0.3918669 0.5747598 0.718395 -0.3573495 0.5961996 0.7189209 -0.3553737 0.5929065 0.7226143 -0.3573484 0.5962012 0.7189202 -0.4667951 0.5150297 0.7189205 -0.4667953 0.5150293 0.7189206 -0.5599261 0.4152677 0.7169626 -0.5648323 0.4032834 0.7199492 -0.4140659 0.5583029 0.7189208 -0.4186314 0.5526704 0.720627 -0.4471119 0.5328495 0.7184444 -0.4117271 0.5551494 0.7226964 -0.4667955 0.5150295 0.7189204 -0.4140653 0.5583041 0.7189204 -0.5150294 0.4667954 0.7189205 -0.5150296 0.466795 0.7189207 -0.5583041 0.4140648 0.7189206 -0.5975044 0.3560348 0.7184898 -0.6238978 0.3050074 0.719529 -0.5970408 0.3578539 0.7179714 -0.4667952 0.5150297 0.7189206 -0.4717117 0.5083814 0.7204418 -0.4979038 0.4856417 0.7185012 -0.4641056 0.512062 0.7227714 -0.5583028 0.4140657 0.7189212 -0.5961994 0.3573496 0.7189212 -0.6299196 0.2979314 0.7172434 -0.6459243 0.2520387 0.7205958 -0.5150293 0.4667953 0.7189206 -0.5150292 0.4667957 0.7189206 -0.5120107 0.4640598 0.7228372 -0.5201221 0.4590118 0.7202646 -0.5437325 0.4336104 0.7185659 -0.5962008 0.3573484 0.7189205 -0.6283554 0.2971915 0.7189206 -0.6567421 0.2349856 0.7165693 -0.6640491 0.1976961 0.7210792 -0.5583035 0.4140663 0.7189202 -0.5549829 0.4116022 0.7228953 -0.563381 0.4050481 0.7200958 -0.5841399 0.3772772 0.7186393 -0.5583038 0.4140652 0.7189206 -0.6283562 0.2971906 0.7189201 -0.6544605 0.2341692 0.7189202 -0.6782049 0.1422055 0.7209825 -0.6767806 0.1695251 0.7164002 -0.5962008 0.3573484 0.7189206 -0.5962007 0.3573491 0.7189202 -0.5926085 0.355196 0.722946 -0.6010608 0.3470206 0.7199323 -0.6187288 0.317204 0.7187186 -0.6544597 0.2341702 0.7189207 -0.6883303 0.08580033 0.7203053 -0.6962885 0.02879815 0.717184 -0.6897951 0.1023216 0.7167378 -0.6283554 0.2971902 0.718921 -0.6283554 0.2971915 0.7189206 -0.6245311 0.2953827 0.7229868 -0.6327716 0.2855191 0.719777 -0.6471541 0.2539877 0.7188058 -0.6742613 0.168894 0.7189204 -0.6742612 0.168893 0.7189206 -0.6544598 0.234169 0.7189209 -0.6544598 0.2341703 0.7189205 -0.6742614 0.1688931 0.7189205 -0.6582013 0.2211441 0.7196292 -0.6691321 0.1882653 0.7189008 -0.6504446 0.2327323 0.7230197 -0.694255 0.03410687 0.7189206 -0.6942552 0.03410551 0.7189203 -0.6875692 0.1019914 0.7189203 -0.6875691 0.101991 0.7189204 -0.6700985 0.1678504 0.7230451 -0.6770911 0.1545407 0.7194892 -0.6844478 0.1206863 0.7190034 -0.6742613 0.1688932 0.7189205 -0.6875688 0.101991 0.7189207 -0.6892501 0.08637466 0.7193564 -0.6929495 0.05192967 0.7191135 -0.6869337 0.01713079 0.7265182 -0.6942548 0.0341066 0.7189207 -0.6833071 0.1013592 0.7230613 -0.6875688 0.1019913 0.7189206 0.9991457 0.04132778 0 0.9991457 0.04132778 0 0.9923208 0.1236903 0 0.9923208 0.1236903 0 0.9787166 0.2052166 0 0.9787166 0.2052166 0 0.9584268 0.2853386 0 0.9315919 0.3635058 -0 0.9584268 0.2853386 0 0.9315919 0.3635058 0 0.8983896 0.4391994 0 0.8983896 0.4391994 0 0.8590564 0.5118809 0 0.8590564 0.5118809 0 0.8138459 0.5810809 0 0.8138459 0.5810809 0 0.7630848 0.6462985 -0 0.7630848 0.6462985 0 0.7071092 0.7071044 0 0.7071092 0.7071044 0 0.6462956 0.7630872 0 0.6462956 0.7630872 0 0.5810797 0.8138467 0 0.5810797 0.8138467 0 0.5118855 0.8590537 0 0.5118855 0.8590537 0 0.4391936 0.8983924 0 0.4391936 0.8983924 0 0.3635075 0.9315913 0 0.3635075 0.9315913 0 0.2853423 0.9584256 0 0.2853423 0.9584256 0 0.2052161 0.9787167 -0 0.2052161 0.9787167 0 0.1236856 0.9923215 0 0.1236856 0.9923215 0 0.04132778 0.9991457 0 0.04132778 0.9991457 0 -0.04132788 0.9991457 0 -0.04132788 0.9991457 0 -0.1236856 0.9923215 0 -0.1236856 0.9923215 0 -0.2052161 0.9787167 0 -0.2052161 0.9787167 0 -0.2853417 0.9584258 0 -0.2853417 0.9584258 0 -0.3635083 0.931591 0 -0.4391936 0.8983924 0 -0.3635083 0.931591 0 -0.4391936 0.8983924 0 -0.5118855 0.8590537 0 -0.5118855 0.8590537 0 -0.5810797 0.8138467 0 -0.6462956 0.7630872 0 -0.5810797 0.8138467 0 -0.6462956 0.7630872 0 -0.7071092 0.7071044 0 -0.7071092 0.7071044 0 -0.7630836 0.6462998 0 -0.8138481 0.5810776 0 -0.7630836 0.6462998 0 -0.8138481 0.5810776 0 -0.8590543 0.5118845 0 -0.8590543 0.5118845 0 -0.8983896 0.4391994 0 -0.8983896 0.4391994 0 -0.9315919 0.3635058 0 -0.9315919 0.3635058 0 -0.9584274 0.2853363 0 -0.9584274 0.2853363 0 -0.9787166 0.2052166 0 -0.9787166 0.2052166 0 -0.9923205 0.1236927 0 -0.9923205 0.1236927 0 -0.9991458 0.04132418 0 -0.9991458 0.04132418 0 -0.9996892 0.02493141 0 -0.9972036 0.07473206 0 -0.9996892 0.02493141 0 -0.9922395 0.1243415 0 -0.9972036 0.07473206 0 -0.9848075 0.1736495 0 -0.9922395 0.1243415 0 -0.9749285 0.2225181 0 -0.9848075 0.1736495 0 -0.9626241 0.2708409 0 -0.9749285 0.2225181 0 -0.9479264 0.3184894 0 -0.9626241 0.2708409 0 -0.930874 0.3653402 0 -0.9479264 0.3184894 0 -0.9115058 0.4112873 0 -0.930874 0.3653402 0 -0.8898721 0.45621 0 -0.9115058 0.4112873 0 -0.866025 0.5000007 0 -0.8898721 0.45621 0 -0.8400257 0.5425467 0 -0.866025 0.5000007 0 -0.8119389 0.5837424 0 -0.8400257 0.5425467 0 -0.7818312 0.6234902 0 -0.8119389 0.5837424 0 -0.7497807 0.6616864 0 -0.7818312 0.6234902 0 -0.7158673 0.6982363 0 -0.7497807 0.6616864 0 -0.6801723 0.7330523 0 -0.7158673 0.6982363 0 -0.6801723 0.7330523 0 -0.6427891 0.7660432 0 -0.6427891 0.7660432 0 -0.6038032 0.7971334 0 -0.6038032 0.7971334 0 -0.5633202 0.8262387 0 -0.5214361 0.8532903 0 -0.5633202 0.8262387 0 -0.4782533 0.8782219 0 -0.5214361 0.8532903 0 -0.4338829 0.9009693 0 -0.4782533 0.8782219 0 -0.3884351 0.9214761 0 -0.4338829 0.9009693 0 -0.342021 0.9396923 0 -0.3884351 0.9214761 0 -0.2947556 0.9555727 0 -0.342021 0.9396923 0 -0.2467558 0.9690777 0 -0.2947556 0.9555727 0 -0.1981461 0.9801725 0 -0.2467558 0.9690777 0 -0.1981461 0.9801725 0 -0.1490433 0.9888306 0 -0.1490433 0.9888306 0 -0.09956811 0.9950308 0 -0.09956811 0.9950308 0 -0.04984604 0.9987569 0 -0.04984604 0.9987569 0 0 1 0 0 1 0 0.04984604 0.9987569 0 0.04984604 0.9987569 0 0.09956764 0.9950308 0 0.09956764 0.9950308 0 0.149044 0.9888305 0 0.149044 0.9888305 0 0.1981451 0.9801726 0 0.1981451 0.9801726 0 0.2467569 0.9690774 0 0.2467569 0.9690774 0 0.2947556 0.9555727 0 0.2947556 0.9555727 0 0.3420195 0.9396929 0 0.3420195 0.9396929 0 0.4338829 0.9009693 0 0.388436 0.9214757 0 0.388436 0.9214757 -0 0.4782543 0.8782214 0 0.4338829 0.9009693 0 0.5214361 0.8532903 0 0.4782543 0.8782214 0 0.5633191 0.8262394 0 0.5214361 0.8532903 0 0.5633191 0.8262394 0 0.6038043 0.7971326 0 0.6038043 0.7971326 0 0.6427868 0.7660452 0 0.6427868 0.7660452 0 0.6801735 0.7330512 -0 0.7158673 0.6982363 0 0.6801735 0.7330512 0 0.7158673 0.6982363 0 0.7497807 0.6616864 0 0.7497807 0.6616864 0 0.7818312 0.6234902 0 0.7818312 0.6234902 0 0.8119378 0.583744 0 0.8119378 0.583744 0 0.8400267 0.542545 0 0.8400267 0.542545 0 0.866025 0.5000007 0 0.866025 0.5000007 0 0.8898721 0.45621 0 0.8898721 0.45621 0 0.9115058 0.4112873 -0 0.930874 0.3653402 0 0.9115058 0.4112873 0 0.930874 0.3653402 0 0.9479272 0.3184873 0 0.9479272 0.3184873 0 0.9626241 0.2708409 -0 0.974928 0.2225204 0 0.9626241 0.2708409 0 0.974928 0.2225204 0 0.9922392 0.1243438 0 0.9848075 0.1736495 0 0.9848075 0.1736495 -0 0.9922392 0.1243438 0 0.9972038 0.07472968 0 0.9996892 0.02492902 0 0.9972038 0.07472968 0 0.9996892 0.02492902 0 0.9995769 -0.02908429 0 0.9995769 -0.02908429 0 0.9961948 -0.08715502 0 0.9961948 -0.08715502 0 0.9894407 -0.1449383 0 0.9894407 -0.1449383 0 0.9793413 -0.2022142 0 0.9793413 -0.2022142 0 0.9492425 -0.3145452 0 0.9659252 -0.2588217 0 0.9659252 -0.2588217 0 0.9492425 -0.3145452 0 0.9994964 -0.03173116 0 0.9994964 -0.03173116 0 0.9954722 -0.09505355 0 0.9954722 -0.09505355 0 0.9874384 -0.1580038 0 0.9874384 -0.1580038 0 0.9754311 -0.2203048 0 0.9754311 -0.2203048 0 0.9594933 -0.2817312 0 0.9594933 -0.2817312 0 0.9396895 -0.3420286 0 0.9396895 -0.3420286 0 0.9161109 -0.400925 0 0.9161109 -0.400925 0 0.8888344 -0.4582286 0 0.8888344 -0.4582286 0 0.8579823 -0.5136793 0 0.8579823 -0.5136793 0 0.8236754 -0.5670615 0 0.8236754 -0.5670615 0 0.7860575 -0.6181533 0 0.7860575 -0.6181533 0 0.9994651 -0.03270341 0 0.9994651 -0.03270341 0 0.9951832 -0.09803181 0 0.9951832 -0.09803181 0 0.9866433 -0.1628957 0 0.9866433 -0.1628957 0 0.9738769 -0.2270763 0 0.9738769 -0.2270763 0 0.9359113 -0.3522359 0 0.956939 -0.2902889 0 0.956939 -0.2902889 0 0.9359113 -0.3522359 0 0.8819158 -0.471407 0 0.9108639 -0.4127068 0 0.9108639 -0.4127068 0 0.8819158 -0.471407 0 0.8492078 -0.5280587 0 0.8492078 -0.5280587 0 0.7730049 -0.6344 0 0.812847 -0.5824773 0 0.812847 -0.5824773 0 0.729871 -0.6835849 0 0.7730049 -0.6344 0 0.729871 -0.6835849 0 0.6343942 -0.7730097 0 0.6835901 -0.7298661 0 0.6835901 -0.7298661 0 0.6343942 -0.7730097 0 0.5280641 -0.8492046 0 0.5824755 -0.8128483 0 0.5824755 -0.8128483 0 0.5280641 -0.8492046 0 0.9994473 -0.03324461 0 0.9994473 -0.03324461 0 0.9950314 -0.09956148 0 0.9950314 -0.09956148 0 0.9730425 -0.230626 0 0.9862169 -0.1654578 0 0.9862169 -0.1654578 0 0.9730425 -0.230626 0 0.9555759 -0.2947451 0 0.9555759 -0.2947451 0 0.9338755 -0.3575984 0 0.9338755 -0.3575984 0 0.9080568 -0.4188471 0 0.9080568 -0.4188471 0 0.8445054 -0.5355469 0 0.8782195 -0.4782576 0 0.8782195 -0.4782576 0 0.8445054 -0.5355469 0 0.807062 -0.5904668 0 0.807062 -0.5904668 0 0.7216445 -0.6922638 0 0.7660394 -0.6427935 0 0.7660394 -0.6427935 0 0.7216445 -0.6922638 0 0.6740633 -0.7386736 0 0.6740633 -0.7386736 0 0.6234848 -0.7818355 0 0.6234848 -0.7818355 0 0.5701674 -0.8215285 0 0.5701674 -0.8215285 0 0.5143284 -0.8575933 0 0.5143284 -0.8575933 0 0.4562097 -0.8898723 0 0.4562097 -0.8898723 0 0.3960842 -0.9182142 0 0.3960842 -0.9182142 0 0.3341941 -0.9425043 0 0.3341941 -0.9425043 0 0.2708425 -0.9626237 0 0.2708425 -0.9626237 0 0.2062834 -0.9784923 0 0.2062834 -0.9784923 0 0.9994774 -0.03232498 0 0.9994774 -0.03232498 0 0.986968 -0.1609164 0 0.995304 -0.09679788 0 0.995304 -0.09679788 0 0.986968 -0.1609164 0 0.9745184 -0.2243081 0 0.9745184 -0.2243081 0 0.9579868 -0.2868122 0 0.9579868 -0.2868122 0 0.9130148 -0.4079266 0 0.9374648 -0.3480802 0 0.9374648 -0.3480802 0 0.8847604 -0.466046 0 0.9130148 -0.4079266 0 0.8528121 -0.5222179 0 0.8847604 -0.466046 0 0.8528121 -0.5222179 0 0.8172927 -0.5762227 0 0.8172927 -0.5762227 0 0.7783663 -0.6278104 0 0.7783663 -0.6278104 0 0.736186 -0.6767792 0 0.736186 -0.6767792 0 0.690933 -0.7229188 0 0.690933 -0.7229188 0 0.6427787 -0.7660519 0 0.5919648 -0.8059638 0 0.6427787 -0.7660519 0 0.5919648 -0.8059638 0 0.5386649 -0.84252 0 0.5386649 -0.84252 0 0.4831074 -0.8755611 0 0.4831074 -0.8755611 0 0.42555 -0.9049348 0 0.42555 -0.9049348 0 0.3662005 -0.930536 0 0.3662005 -0.930536 0 0.3053232 -0.9522488 0 0.2431744 -0.9699826 0 0.3053232 -0.9522488 0 0.2431744 -0.9699826 0 0.1800116 -0.9836645 0 0.1800116 -0.9836645 0 0.0516901 -0.9986631 0 0.1160932 -0.9932383 0 0.1160932 -0.9932383 0 -0.01292834 -0.9999164 -0 0.0516901 -0.9986631 0 -0.0774935 -0.9969928 -0 -0.01292834 -0.9999164 0 -0.0774935 -0.9969928 0 -0.1417302 -0.9899053 0 -0.1417302 -0.9899053 0 0.9994651 -0.03270341 0 0.9994651 -0.03270341 0 0.9951832 -0.09803181 0 0.9951832 -0.09803181 0 0.9738769 -0.2270763 0 0.9866433 -0.1628957 0 0.9866433 -0.1628957 0 0.9738769 -0.2270763 0 0.956939 -0.2902889 0 0.956939 -0.2902889 0 0.9359113 -0.3522359 0 0.9359113 -0.3522359 0 0.9108639 -0.4127068 0 0.9108639 -0.4127068 0 0.8819158 -0.471407 0 0.8819158 -0.471407 0 0.8492078 -0.5280587 0 0.8492078 -0.5280587 0 0.812847 -0.5824773 0 0.812847 -0.5824773 0 0.7730049 -0.6344 0 0.7298665 -0.6835898 0 0.7730049 -0.6344 0 0.7298665 -0.6835898 0 0.6835901 -0.7298661 0 0.6835901 -0.7298661 0 0.6344 -0.7730049 0 0.6344 -0.7730049 0 0.5824755 -0.8128483 0 0.5824755 -0.8128483 0 0.5280641 -0.8492046 0 0.5280641 -0.8492046 0 0.4713919 -0.8819239 0 0.4713919 -0.8819239 0 0.4127105 -0.9108623 0 0.3522561 -0.9359037 0 0.4127105 -0.9108623 0 0.3522561 -0.9359037 0 0.2902862 -0.9569398 0 0.2902862 -0.9569398 0 0.1629021 -0.9866422 0 0.2270693 -0.9738786 0 0.2270693 -0.9738786 0 0.09801258 -0.9951853 0 0.1629021 -0.9866422 0 0.09801258 -0.9951853 0 0.03272282 -0.9994644 0 0.03272282 -0.9994644 0 -0.03272282 -0.9994644 0 -0.03272282 -0.9994644 0 -0.09801258 -0.9951853 0 -0.09801258 -0.9951853 0 -0.2270693 -0.9738786 -0 -0.1629052 -0.9866418 0 -0.1629052 -0.9866418 0 -0.2270693 -0.9738786 0 -0.3522561 -0.9359037 -0 -0.2902862 -0.9569398 0 -0.2902862 -0.9569398 0 -0.3522561 -0.9359037 0 -0.4127032 -0.9108656 0 -0.4127032 -0.9108656 0 -0.4713919 -0.8819239 0 -0.4713919 -0.8819239 0 0.9994547 -0.03301794 0 0.9994547 -0.03301794 0 0.9950983 -0.09889068 0 0.9950983 -0.09889068 0 0.9864023 -0.164349 0 0.9864023 -0.164349 0 0.9561675 -0.2928202 0 0.973404 -0.2290952 0 0.973404 -0.2290952 0 0.9561675 -0.2928202 0 0.9347588 -0.3552829 0 0.9347588 -0.3552829 0 0.9092741 -0.4161977 0 0.9092741 -0.4161977 0 0.8798306 -0.4752874 0 0.8465448 -0.5323175 0 0.8798306 -0.4752874 0 0.8465448 -0.5323175 0 0.8095697 -0.5870237 0 0.7690659 -0.6391695 0 0.8095697 -0.5870237 0 0.7690659 -0.6391695 0 0.7252122 -0.6885255 0 0.7252122 -0.6885255 0 0.6781954 -0.7348818 0 0.6781954 -0.7348818 0 0.6282185 -0.778037 0 0.6282185 -0.778037 0 0.5755092 -0.8177954 0 0.5755092 -0.8177954 0 0.5202869 -0.8539915 0 0.4627944 -0.8864657 0 0.5202869 -0.8539915 0 0.4627944 -0.8864657 0 0.4032829 -0.9150753 0 0.4032829 -0.9150753 0 0.3420245 -0.9396911 0 0.3420245 -0.9396911 0 0.2792633 -0.9602146 0 0.2792633 -0.9602146 0 0.2152846 -0.9765514 0 0.2152846 -0.9765514 0 0.150379 -0.9886284 0 0.150379 -0.9886284 0 0.08480329 -0.9963977 0 0.08480329 -0.9963977 0 0.0188633 -0.9998221 0 0.0188633 -0.9998221 0 -0.04715295 -0.9988877 0 -0.04715295 -0.9988877 0 -0.1129697 -0.9935984 0 -0.1129697 -0.9935984 0 -0.1782923 -0.9839776 0 -0.1782923 -0.9839776 0 -0.2428347 -0.9700677 0 -0.2428347 -0.9700677 0 -0.3063196 -0.9519287 0 -0.3063196 -0.9519287 0 -0.3684719 -0.9296389 0 -0.3684719 -0.9296389 0 -0.429027 -0.9032917 0 -0.429027 -0.9032917 0 -0.4876871 -0.8730185 0 -0.4876871 -0.8730185 0 -0.5442463 -0.8389255 0 -0.5984212 -0.8011817 -0 -0.5442463 -0.8389255 0 -0.5984212 -0.8011817 0 -0.6499893 -0.7599434 0 -0.6499893 -0.7599434 0 -0.698714 -0.7154011 0 -0.7444139 -0.6677184 -0 -0.698714 -0.7154011 0 -0.7444139 -0.6677184 0 0.9994473 -0.03324477 0 0.9950315 -0.09956054 0 0.9994473 -0.03324477 0 0.9950315 -0.09956054 0 0.986217 -0.1654566 0 0.986217 -0.1654566 0 0.9730445 -0.2306175 0 0.9730445 -0.2306175 0 0.9555722 -0.2947572 0 0.933877 -0.3575944 0 0.9555722 -0.2947572 0 0.933877 -0.3575944 0 0.9080551 -0.4188507 0 0.9080551 -0.4188507 0 0.8782247 -0.4782483 0 0.8445048 -0.535548 0 0.8782247 -0.4782483 0 0.8445048 -0.535548 0 0.8070549 -0.5904765 0 0.8070549 -0.5904765 0 0.7660501 -0.6427808 0 0.7660501 -0.6427808 0 0.7216445 -0.6922638 0 0.7216445 -0.6922638 0 0.674056 -0.7386804 0 0.674056 -0.7386804 0 0.6234837 -0.7818365 0 0.5701674 -0.8215285 0 0.6234837 -0.7818365 0 0.5701674 -0.8215285 0 0.5143312 -0.8575917 0 0.5143312 -0.8575917 0 0.4562079 -0.8898732 0 0.3960813 -0.9182154 0 0.4562079 -0.8898732 0 0.3960813 -0.9182154 0 0.3342065 -0.9424999 0 0.3342065 -0.9424999 0 0.2708333 -0.9626262 0 0.2708333 -0.9626262 0 0.1408201 -0.9900352 0 0.2062785 -0.9784933 0 0.2062785 -0.9784933 0 0.1408201 -0.9900352 0 0.008320691 -0.9999653 0 0.07473336 -0.9972036 0 0.07473336 -0.9972036 0 0.008320691 -0.9999653 0 -0.05814959 -0.9983079 0 -0.05814959 -0.9983079 0 -0.1243502 -0.9922384 0 -0.1243502 -0.9922384 0 -0.1899821 -0.9817876 0 -0.1899821 -0.9817876 0 -0.2548031 -0.966993 0 -0.3184993 -0.9479231 -0 -0.2548031 -0.966993 0 -0.3807642 -0.9246722 -0 -0.3184993 -0.9479231 0 -0.3807642 -0.9246722 0 -0.4413432 -0.8973384 0 -0.4413432 -0.8973384 0 -0.5000067 -0.8660215 0 -0.5564337 -0.830892 -0 -0.5000067 -0.8660215 0 -0.5564337 -0.830892 0 -0.610414 -0.7920825 0 -0.610414 -0.7920825 0 -0.6616811 -0.7497854 0 -0.6616811 -0.7497854 0 -0.7100368 -0.7041645 0 -0.7552531 -0.6554332 -0 -0.7100368 -0.7041645 0 -0.7552531 -0.6554332 0 -0.7971355 -0.6038004 -0 -0.7971355 -0.6038004 0 -0.8354889 -0.5495072 -0 -0.8354889 -0.5495072 0 -0.8701466 -0.492793 0 -0.8701466 -0.492793 0 -0.9278057 -0.3730638 -0 -0.9009699 -0.4338818 0 -0.9009699 -0.4338818 0 -0.9278057 -0.3730638 0 -0.9960791 -0.08846711 0 -0.9960791 -0.08846711 0 -0.9985879 -0.05312335 0 -0.9985879 -0.05312335 0 -0.9998431 -0.01771594 0 -0.9998431 -0.01771594 0 0 0 -1 0 0 -1 0 0 -1 0 0 -1 0 0 -1 0 0 -1 0 0 -1 0 0 -1 0 0 -1 0 0 -1 0 0 -1 0 0 -1 0 0 -1 0 0 -1 0 0 -1 0 0 -1 0 0 -1 0 0 -1 0 0 -1 0 0 -1 0 0 -1 0 0 -1 0 0 -1 0 0 -1 0 0 -1 0 0 -1 0 0 -1 0 -0 -1 0 0 -1 0 0 -1 0 0 -1 0 -0 -1 0 0 -1 0 0 -1 0 0 -1 0 0 -1 0 0 -1 0 0 -1 0 -0 -1 0 0 -1 0 0 -1 0 0 -1 0 -0 -1 0 0 -1 0 0 -1 0 0 -1 0 -0 -1 0 0 -1 0 0 -1 0 -0 -1 0 0 -1 0 0 -1 0 0 -1 0 0 -1 0 -0 -1 0 -0 -1 0 0 -1 0 0 -1 0 -0 -1 0 0 -1 0 -0 -1 0 0 -1 0 -0 -1 0 0 -1 0 -0 -1 0 0 -1 0 0 -1 0 0 -1 0 0 -1 0 0 -1 0 0 -1 0 0 -1 0 0 -1 0 0 -1 0 0 -1 0 0 -1 0 0 -1 0 0 -1 0 0 -1 0 0 -1 0 0 -1 0 0 -1 0 0 -1 0 0 -1 0 0 -1 0 0 -1 0 0 -1 0 0 -1 0 0 -1 0 0 -1 0 0 -1 0 0 -1 0 0 -1 0 0 -1 0 0 -1 0 0 -1 0 0 -1 0 0 -1 0 0 -1 0 0 -1 0 0 -1 0 0 -1 0 0 -1 0 0 -1 0 0 -1 0 0 -1 0 0 -1 0 0 -1 0 0 -1 0 0 -1 0 0 -1 0 0 -1 0 0 -1 0 0 -1 0 0 -1 0 0 -1 0 0 -1 0 0 -1 0 0 -1 0 -0 -1 0 0 -1 0 0 -1 0 0 -1 0 0 -1 0 0 -1 0 -0 -1 0 0 -1 0 -0 -1 0 0 -1 0 0 -1 0 -0 -1 0 -0 -1 0 0 -1 0 0 -1 0 0 -1 0 0 -1 0 0 -1 0 0 -1 0 0 -1 0 0 -1 0 0 -1 0 0 -1 0 0 -1 0 0 -1 0 0 -1 0 0 -1 0 0 -1 0 0 -1 0 0 -1 0 0 -1 0 -0 -1 0 0 -1 0 0 -1 0 0 -1 0 -0 -1 0 0 -1 0 0 -1 0 0 -1 0 0 -1 0 0 -1 0 0 -1 0 0 -1 0 -0 -1 0 0 -1 0 0 -1 0 0 -1 0 -0 -1 0 -0 -1 0 0 -1 0 0 -1 0 -0 -1 0 0 -1 0 0 -1 0 0 -1 0 0 -1 0 -0 -1 0 0 -1 0 -0 -1 0 0 -1 0 0 -1 0 0 -1 0 0 -1 0 -0 -1 0 0 -1 0 0 -1 0 0 -1 0 0 -1 0 0 -1 0 -0 -1 0 0 -1 0 -0 -1 0 0 -1 0 0 -1 0 0 -1 0 0 -1 0 0 -1 0 0 -1 0 -0 -1 0 0 -1 0 0 -1 0 0 -1 0 -0 -1 0 0 -1 0 0 -1 0 0 -1 0 0 -1 0 0 -1 0 0 -1 0 -0 -1 0 0 -1 0 0 -1 0 0 -1 0 0 -1 0 0 -1 0 0 -1 0 0 -1 0 -0 -1 0 0 -1 0 0 -1 0 0 -1 0 0 -1 0 0 -1 0 0 -1 0 0 -1 0 0 -1 0 0 -1 0 0 -1 0 0 -1 0 0 -1 0 0 -1 0 0 -1 0 0 -1 0 0 -1 0 0 -1 0 0 -1 0 0 -1 0 0 -1 0 0 -1 0 0 -1 0 -0 -1 0 -0 -1 0 -0 -1 0 0 -1 0 0 -1 0 0 -1 0 0 -1 0 0 -1 0 0 -1 0 0 -1 0 0 -1 0 0 -1 0 0 -1 0 0 -1 0 -0 -1 0 0 -1 0 0 -1 0 0 -1 0 0 -1 0 0 -1 0 -0 -1 0 0 -1 0 0 -1 0 0 -1 0 0 -1 0 0 -1 0 0 -1 0 0 -1 0 -0 -1 0 0 -1 0 0 -1 0 0 -1 0 0 -1 0 0 -1 0 0 -1 0 0 -1 0 0 -1 0 0 -1 0 0 -1 0 0 -1 0 0 -1 0 0 -1 0 0 -1 0 0 -1 0 0 -1 0 0 -1 0 0 -1 0 0 -1 0 0 -1 0 0 -1 0 0 -1 0 0 -1 0 0 -1 0 0 -1 0 0 -1 0 0 -1 0 0 -1 0 0 -1 0 0 -1 0 0 -1 0 0 -1 0 0 -1 0 0 -1 0 0 -1 0 0 -1 0 0 -1 0 0 -1 0 0 -1 0 0 -1 0 0 -1 0 0 -1 0 0 -1 0 0 -1 0 0 -1 0 0 -1 0 -0 -1 0 -0 -1 0 0 -1 0 0 -1 0 0 -1 0 0 -1 0 0 -1 0 0 -1 0 0 -1 0 0 -1 0 0 -1 0 0 -1 0 0 -1 0 0 -1 0 0 -1 0 0 -1 0 0 -1 0 0 -1 0 0 -1 0 0 -1 0 0 -1 0 0 -1 0 0 -1 0 0 -1 0 0 -1 0 0 -1 0 0 -1 0 0 -1 0 0 -1 0 0 -1 0 0 -1 0 0 -1 0 0 -1 0 0 -1 0 0 -1 0 0 -1 0 0 -1 0 0 -1 0 0 -1 0 0 -1 0 0 -1 0 0 -1 0 0 -1 0 0 -1 0 0 -1 0 0 -1 0 0 -1 0 0 -1 0 0 -1 0 -0 -1 0 -0 -1 0 0 -1 0 -0 -1 0 0 -1 0 -0 -1 0 0 -1 0 -0 -1 0 0 -1 0 -0 -1 0 0 -1 0 -0 -1 0 0 -1 0 -0 -1 0 0 -1 0 -0 -1 0 0 -1 0 -0 -1 0 0 -1 0 0 -1 0 -0 -1 0 -0 -1 0 0 -1 0 -0 -1 0 0 -1 0 -0 -1 0 0 -1 0 0 -1 0 -0 -1 0 0 -1 0 0 -1 0 -0 -1 0 -0 -1 0 0 -1 0 0 -1 0 -0 -1 0 0 -1 0 0 -1 0 0 -1 0 -0 -1 0 0 -1 0 0 -1 0 0 -1 0 0 -1 0 0 -1 0 -0 -1 0 0 -1 0 0 -1 0 0 -1 0 -0 -1 0 0 -1 0 -0 -1 0 0 -1 0 0 -1 0 0 -1 0 0 -1 0 -0 -1 0 0 -1 0 0 -1 0 0 -1 0 -0 -1 0 0 -1 0 -0 -1 0 0 -1 0 0 -1 0 0 -1 0 -0 -1 0 0 -1 0 0 -1 0 0 -1 0 0 -1 0 -0 -1 0 0 -1 0 0 -1 0 -0 -1 0 -0 -1 0 0 -1 0 0 -1 0 -0 -1 0 -0 -1 0 0 -1 0 0 -1 0 -0 -1 0 -0 -1 0 0 -1 0 0 -1 0 -0 -1 0 -0 -1 0 0 -1 0 0 -1 0 -0 -1 0 -0 -1 0 0 -1 0 0 -1 0 0 -1 0 0 -1 0 -0 -1 0 0 -1 0 0 -1 0 0 -1 0 0 -1 0 0 -1 0 0 -1 0 0 -1 0 0 -1 0 0 -1 0 -0 -1 0 0 -1 0 0 -1 0 0 -1 0 0 -1 0 0 -1 0 0 -1 0 -0 -1 0 0 -1 0 -0 -1 0 -0 -1 0 -0 -1 0 0 -1 0 0 -1 0 -0 -1 0 0 -1 0 0 -1 0 0 -1 0 0 -1 0 0 -1 0 0 -1 0 0 -1 0 0 -1 0 0 -1 0 0 -1 0 0 -1 0 0 -1 0 0 -1 0 0 -1 0 0 -1 0 0 -1 0 0 -1 0 0 -1 0 0 -1 0 0 -1 0 0 -1 0 0 -1 0 0 -1 0 0 -1 0 0 -1 0 0 -1 0 0 -1 0 0 -1 0 0 -1 0 0 -1 0 0 -1 0 0 -1 0 0 -1 0 0 -1 0 0 -1 0 0 -1 0 0 -1 0 -0 -1 0 0 -1 0 0 -1 0 -0 -1 0 0 -1 0 0 -1 0 0 -1 0 0 -1 0 0 -1 0 -0 -1 0 0 -1 0 -0 -1 0 0 -1 0 0 -1 0 -0 -1 0 -0 -1 0 0 -1 0 0 -1 0 0 -1 0 0 -1 0 -0 -1 0 -0 -1 0 -0 -1 0 -0 -1 0 0 -1 0 0 -1 0 0 -1 0 -0 -1 0 0 -1 0 0 -1 0 -0 -1 0 -0 -1 0 -0 -1 0 -0 -1 0 -0 -1 0 -0 -1 0 0 -1 0 0 -1 0 0 -1 0 -0 -1 0 -0 -1 0 -0 -1 0 0 -1 0 -0 -1 0 0 -1 0 0 -1 0 -0 -1 0 0 -1 0 -0 -1 0 -0 -1 0 0 -1 0 0 -1 0 0 -1 0 0 -1 0 -0 -1 0 0 -1 0 0 -1 0 0 -1 0 0 -1 0 0 -1 0 -0 -1 0 0 -1 0 -0 -1 0 0 -1 0 0 -1 0 0 -1 0 -0 -1 0 0 -1 0 0 -1 0 0 -1 0 -0 -1 0 0 -1 0 0 -1 0 0 -1 0 0 -1 0 0 -1 0 -0 -1 0 -0 -1 0 -0 -1 0 0 -1 0 -0 -1 0 0 -1 0 0 -1 0 0 -1 0 0 -1 0 -0 -1 0 0 -1 0 0 -1 0 0 -1 0 0 -1 0 0 -1 0 0 -1 0 0 -1 0 0 -1 0 -0 -1 0 0 -1 0 0 -1 0 0 -1 0 0 -1 0 0 -1 0 -0 -1 0 0 -1 0 0 -1 0 -0 -1 0 0 -1 0 0 -1 0 0 -1 0 -0 -1 0 0 -1 0 -0 -1 0 0 -1 0 0 -1 0 0 -1 0 0 -1 0 0 -1 0 -0 -1 0 0 -1 0 0 -1 0 0 -1 0 0 -1 0 0 -1 0 0 -1 0 0 -1 0 -0 -1 0 0 -1 0 0 -1 0 0 -1 0 0 -1 0 0 -1 0 0 -1 0 -0 -1 0 0 -1 0 0 -1 0 0 -1 0 0 -1 0 0 -1 0 -0 -1 0 0 -1 0 0 -1 0 0 -1 0 0 -1 0 0 -1 0 0 -1 0 0 -1 0 0 -1 0 0 -1 0 0 -1 0 0 -1 0 -0 -1 0 0 -1 0 0 -1 0 0 -1 0 0 -1 0 0 -1 0 -0 -1 0 0 -1 0 0 -1 0 -0 -1 0 0 -1 0 0 -1 0 -0 -1 0 -0 -1 0 0 -1 0 0 -1 0 -0 -1 0 -0 -1 0 0 -1 0 -0 -1 0 0 -1 0 -0 -1 0 0 -1 0 0 -1 0 0 -1 0 -0 -1 0 0 -1 0 0 -1 0 0 -1 0 -0 -1 0 0 -1 0 0 -1 0 0 -1 0 -0 -1 0 0 -1 0 -0 -1 0 -0 -1 0 -0 -1 0 0 -1 0 0 -1 0 0 -1 0 -0 -1 0 0 -1 0 0 -1 0 -0 -1 0 0 -1 0 0 -1 0 0 -1 0 0 -1 0 0 -1 0 -0 -1 0 0 -1 0 0 -1 0 0 -1 0 0 -1 0 -0 -1 0 0 -1 0 -0 -1 0 0 -1 0 0 -1 0 0 -1 0 0 -1 0 0 -1 0 0 -1 0 0 -1 0 0 -1 0 0 -1 0 0 -1 0 -0 -1 0 0 -1 0 0 -1 0 0 -1 0 0 -1 0 0 -1 0 0 -1 0 0 -1 0 0 -1 0 0 -1 0 -0 -1 0 0 -1 0 0 -1 0 0 -1 0 0 -1 0 0 -1 0 0 -1 0 -0 -1 0 0 -1 0 0 -1 0 0 -1 0 0 -1 0 0 -1 0 0 -1 0 0 -1 0 0 -1 0 0 -1 0 0 -1 0 -0 -1 0 0 -1 0 0 -1 0 0 -1 0 0 -1 0 0 -1 0 0 -1 0 -0 -1 0 -0 -1 0 0 -1 0 0 -1 0 0 -1 0 0 -1 0 0 -1 0 0 -1 0 0 -1 0 0 -1 0 0 -1 0 0 -1 0 0 -1 0 0 -1 0 0 -1 0 0 -1 0 0 -1 0 0 -1 0 0 -1 0 0 -1 0 0 -1 0 0 -1 0 0 -1 0 0 -1 0 0 -1 0 0 -1 0 0 -1 0 0 -1 0 0 -1 0 0 -1 0 0 -1 0 0 -1 0 0 -1 0 0 -1 0 0 -1 0 0 -1 0 0 -1 0 0 -1 0 -0 -1 0 0 -1 0 0 -1 0 0 -1 0 -0 -1 0 0 -1 0 0 -1 0 0 -1 0 -0 -1 0 0 -1 0 0 -1 0 -0 -1 0 0 -1 0 0 -1 0 0 -1 0 0 -1 0 0 -1 0 0 -1 0 0 -1 0 0 -1 0 0 -1 0 0 -1 0 0 -1 0 0 -1 0 0 -1 0 0 -1 0 0 -1 0 0 -1 0 0 -1 0 0 -1 0 -0 -1 0 0 -1 0 -0 -1 0 0 -1 0 -0 -1 0 0 -1 0 -0 -1 0 0 -1 0 -0 -1 0 0 -1 0 0 -1 0 0 -1 0 0 -1 0 0 -1 0 0 -1 0 0 -1 0 0 -1 0 0 -1 0 0 -1 0 0 -1 0 0 -1 0 0 -1 0 0 -1 0 0 -1 0 0 -1 0 0 -1 0 0 -1 0 0 -1 0 0 -1 0 0 -1 0 0 -1 0 0 -1 0 0 -1 0 0 -1 0 -0 -1 0 0 -1 0 0 -1 0 0 -1 0 0 -1 0 0 -1 0 -0 -1 0 0 -1 0 0 -1 0 -0 -1 0 0 -1 0 0 -1 0 0 -1 0 -0 -1 0 0 -1 0 0 -1 0 0 -1 0 -0 -1 0 -0 -1 0 0 -1 0 0 -1 0 -0 -1 0 -0 -1 0 -0 -1 0 0 -1 0 0 -1 0 -0 -1 0 -0 -1 0 -0 -1 0 -0 -1 0 -0 -1 0 -0 -1 0 0 -1 0 -0 -1 0 0 -1 0 -0 -1 0 0 -1 0 -0 -1 0 0 -1 0 -0 -1 0 0 -1 0 -0 -1 0 0 -1 0 -0 -1 0 -0 -1 0 0 -1 0 0 -1 0 -0 -1 0 0 -1 0 0 -1 0 -0 -1 0 0 -1 0 -0 -1 0 0 -1 0 -0 -1 0 -0 -1 0 0 -1 0 0 -1 0 0 -1 0 0 -1 0 0 -1 0 -0 -1 0 0 -1 0 0 -1 0 0 -1 0 -0 -1 0 0 -1 0 0 -1 0 0 -1 0 -0 -1 0 0 -1 0 0 -1 0 0 -1 0 -0 -1 0 0 -1 0 0 -1 0 0 -1 0 0 -1 0 -0 -1 0 0 -1 0 0 -1 0 0 -1 0 -0 -1 0 0 -1 0 0 -1 0 0 -1 0 -0 -1 0 0 -1 0 0 -1 0 0 -1 0 -0 -1 0 0 -1 0 0 -1 0 0 -1 0 0 -1 0 0 -1 0 -0 -1 0 0 -1 0 0 -1 0 0 -1 0 0 -1 0 0 -1 0 0 -1 0 0 -1 0 0 -1 0 0 -1 0 0 -1 0 0 -1 0 0 -1 0 -0 -1 0 0 -1 0 0 -1 0 -0 -1 0 -0 -1 0 0 -1 0 0 -1 0 0 -1 0 0 -1 0 0 -1 0 0 -1 0 0 -1 0 -0 -1 0 0 -1 0 0 -1 0 -0 -1 0 0 -1 0 0 -1 0 0 -1 0 0 -1 0 0 -1 0 -0 -1 0 0 -1 0 0 -1 0 -0 -1 0 0 -1 0 0 -1 0 0 -1 0 -0 -1 0 0 -1 0 0 -1 0 0 -1 0 -0 -1 0 -0 -1 0 0 -1 0 0 -1 0 0 -1 0 0 -1 0 -0 -1 0 0 -1 0 0 -1 0 0 -1 0 0 -1 0 -0 -1 0 0 -1 0 -0 -1 0 0 -1 0 0 -1 0 0 -1 0 0 -1 0 -0 -1 0 0 -1 0 0 -1 0 -0 -1 0 0 -1 0 0 -1 0 0 -1 0 0 -1 0 -0 -1 0 0 -1 0 0 -1 0 -0 -1 0 0 -1 0 0 -1 0 0 -1 0 -0 -1 0 -0 -1 0 -0 -1 0 -0 -1 0 0 -1 0 -0 -1 0 -0 -1 0 -0 -1 0 -0 -1 0 0 -1 0 -0 -1 0 -0 -1 0 -0 -1 0 0 -1 0 -0 -1 0 -0 -1 0 -0 -1 0 0 -1 0 -0 -1 0 -0 -1 0 -0 -1 0 0 -1 0 -0 -1 0 -0 -1 0 -0 -1 0 -0 -1 0 0 -1 0 0 -1 0 0 -1 0 0 -1 0 -0 -1 0 0 -1 0 -0 -1 0 -0 -1 0 0 -1 0 0 -1 0 0 -1 0 -0 -1 0 0 -1 0 0 -1 0 0 -1 0 0 -1 0 0 -1 0 -0 -1 0 0 -1 0 0 -1 0 -0 -1 0 0 -1 0 0 -1 0 0 -1 0 -0 -1 0 0 -1 0 0 -1 0 0 -1 0 0 -1 0 0 -1 0 0 -1 0 0 -1 0 0 -1 0 0 -1 0 0 -1 0 0 -1 0 0 -1 0 0 -1 0 0 -1 0 0 -1 0 0 -1 0 0 -1 0 0 -1 0 0 -1 0 0 -1 0 0 -1 0 0 -1 0 0 -1 0 0 -1 0 0 -1 0 0 -1 0 0 -1 0 0 -1 0 0 -1 0 0 -1 0 0 -1 0 0 -1 0 0 -1 0 0 -1 0 0 -1 0 0 -1 0 0 -1 0 0 -1 0 0 -1 0 0 -1 0 0 -1 0 0 -1 0 0 -1 0 0 -1 0 0 -1 0 0 -1 0 0 -1 0 0 -1 0 -0 -1 0 0 -1 0 0 -1 0 -0 -1 0 0 -1 0 0 -1 0 0 -1 0 -0 -1 0 0 -1 0 0 -1 0 -0 -1 0 0 -1 0 0 -1 0 0 -1 0 0 -1 0 -0 -1 0 0 -1 0 0 -1 0 0 -1 0 0 -1 0 0 -1 0 0 -1 0 -0 -1 0 0 -1 0 0 -1 0 0 -1 0 -0 -1 0 -0 -1 0 0 -1 -0 -0 -1 0 -0 -1 0 -0 -1 0 0 -1 0 -0 -1 0 0 -1 -0 -0 -1 0 -0 -1 0 0 -1 0 0 -1 0 0 -1 0 -0 -1 0 0 -1 0 0 -1 0 0 -1 0 -0 -1 0 0 -1 0 0 -1 0 0 -1 0 -0 -1 0 0 -1 0 0 -1 0 -0 -1 0 0 -1 0 0 -1 0 0 -1 0 -0 -1 0 0 -1 0 0 -1 0 0 -1 0 -0 -1 0 0 -1 0 0 -1 0 0 -1 0 -0 -1 0 0 -1 0 0 -1 0 0 -1 0 0 -1 0 -0 -1 0 0 -1 0 0 -1 0 -0 -1 0 0 -1 0 0 -1 0 0 -1 0 0 -1 0 0 -1 0 -0 -1 0 0 -1 0 0 -1 0 -0 -1 0 0 -1 0 0 -1 0 0 -1 0 0 -1 0 -0 -1 0 0 -1 0 0 -1 0 -0 -1 0 -0 -1 0 0 -1 0 0 -1 0 -0 -1 0 -0 -1 0 0 -1 0 -0 -1 0 0 -1 0 -0 -1 0 -0 -1 0 0 -1 0 0 -1 0 -0 -1 0 0 -1 0 0 -1 0 0 -1 0 -0 -1 0 0 -1 0 0 -1 0 0 -1 0 0 -1 0 -0 -1 0 0 -1 0 0 -1 0 -0 -1 0 0 -1 0 0 -1 0 0 -1 0 -0 -1 0 0 -1 0 0 -1 0 0 -1 0 0 -1 0 0 -1 0 0 -1 0 0 -1 0 -0 -1 0 0 -1 0 0 -1 0 0 -1 0 0 -1 0 0 -1 0 0 -1 0 0 -1 0 0 -1 0 0 -1 0 0 -1 0 0 -1 0 0 -1 0 0 -1 0 0 -1 0 0 -1 0 0 -1 0 0 -1 0 0 -1 0 0 -1 0 0 -1 0 0 -1 0 0 -1 0 0 -1 0 -0 -1 0 0 -1 0 0 -1 0 -0 -1 0 0 -1 0 0 -1 0 0 -1 0 -0 -1 0 0 -1 0 0 -1 0 0 -1 0 0 -1 0 0 -1 0 0 -1 0 -0 -1 0 0 -1 0 0 -1 0 0 -1 0 -0 -1 0 0 -1 0 0 -1 0 -0 -1 0 0 -1 0 0 -1 0 0 -1 0 0 -1 0 0 -1 0 0 -1 0 0 -1 0 -0 -1 0 0 -1 0 -0 -1 0 0 -1 0 0 -1 0 0 -1 0 -0 -1 0 0 -1 0 -0 -1 0 0 -1 0 0 -1 0 -0 -1 0 0 -1 0 0 -1 0 0 -1 0 -0 -1 0 0 -1 0 -0 -1 0 0 -1 0 -0 -1 0 0 -1 0 0 -1 0 0 -1 0 -0 -1 0 0 -1 0 -0 -1 0 0 -1 0 0 -1 0 -0 -1 0 0 -1 0 0 -1 0 -0 -1 0 0 -1 0 0 -1 0 0 -1 0 0 -1 0 0 -1 0 -0 -1 0 0 -1 0 0 -1 0 -0 -1 0 0 -1 0 0 -1 0 0 -1 0 0 -1 0 0 -1 0 -0 -1 0 0 -1 0 0 -1 0 0 -1 0 0 -1 0 -0 -1 0 0 -1 0 0 -1 0 0 -1 0 -0 -1 0 0 -1 0 0 -1 0 0 -1 0 -0 -1 0 0 -1 0 0 -1 0 -0 -1 0 0 -1 0 0 -1 0 0 -1 0 -0 -1 0 0 -1 0 0 -1 0 0 -1 0 0 -1 0 -0 -1 0 0 -1 0 0 -1 0 -0 -1 0 0 -1 0 0 -1 0 0 -1 0 0 -1 0 0 -1 0 0 -1 0 0 -1 0 0 -1 0 -0 -1 0 0 -1 0 -0 -1 0 0 -1 0 0 -1 0 0 -1 0 0 -1 0 0 -1 0 0 -1 0 -0 -1 0 -0 -1 0 -0 -1 0 0 -1 0 -0 -1 0 -0 -1 0 0 -1 0 0 -1 0 0 -1 0 0 -1 0 0 -1 0 0 -1 -0.9503799 -0.3110916 0 -0.9503799 -0.3110916 0 -0.9686922 -0.2482647 0 -0.9828548 -0.1843814 -0 -0.9686922 -0.2482647 0 -0.9828548 -0.1843814 0 -0.9928098 -0.1197029 0 -0.998513 -0.05451464 -0 -0.9928098 -0.1197029 0 -0.998513 -0.05451464 0 -0.9999405 0.01090801 0 -0.9999405 0.01090801 0 -0.997086 0.07628511 0 -0.9899623 0.1413321 0 -0.997086 0.07628511 0 -0.9899623 0.1413321 0 -0.9785987 0.2057784 0 -0.9785987 0.2057784 0 -0.9630453 0.2693394 0 -0.9630453 0.2693394 0 -0.9433681 0.3317477 0 -0.9433681 0.3317477 0 -0.8919951 0.452045 0 -0.9196498 0.3927395 0 -0.9196498 0.3927395 0 -0.860519 0.5094182 0 -0.8919951 0.452045 0 -0.860519 0.5094182 0 -0.7866663 0.6173785 0 -0.8253585 0.5646089 0 -0.8253585 0.5646089 0 -0.744605 0.6675053 0 -0.7866663 0.6173785 0 -0.744605 0.6675053 0 -0.6993516 0.7147779 0 -0.6993516 0.7147779 0 -0.651104 0.7589886 0 -0.651104 0.7589886 0 -0.6000742 0.7999443 0 -0.6000742 0.7999443 0 -0.5464651 0.8374818 0 -0.5464651 0.8374818 0 -0.4324787 0.9016442 0 -0.4905214 0.8714291 0 -0.4905214 0.8714291 0 -0.4324787 0.9016442 0 -0.3725893 0.9279963 0 -0.3725893 0.9279963 0 -0.3110898 0.9503806 0 -0.3110898 0.9503806 0 -0.2482672 0.9686915 0 -0.2482672 0.9686915 0 -0.1843766 0.9828557 0 -0.1843766 0.9828557 0 -0.1197081 0.9928091 0 -0.1197081 0.9928091 0 -0.05451519 0.9985129 0 -0.05451519 0.9985129 0 0.01091083 0.9999405 0 0.01091083 0.9999405 -0 0.1413355 0.9899618 0 0.07628823 0.9970858 0 0.07628823 0.9970858 -0 0.1413355 0.9899618 0 0.2693408 0.9630449 0 0.2057708 0.9786001 0 0.2057708 0.9786001 -0 0.2693408 0.9630449 0 0.3317546 0.9433658 0 0.3317546 0.9433658 -0 0.3927321 0.9196529 0 0.3927321 0.9196529 -0 0.5094178 0.8605193 0 0.452046 0.8919947 0 0.452046 0.8919947 -0 0.5094178 0.8605193 0 0.564611 0.8253572 0 0.564611 0.8253572 -0 0.6173738 0.78667 0 0.6173738 0.78667 -0 0.714779 0.6993504 0 0.6675106 0.7446002 0 0.6675106 0.7446002 -0 0.714779 0.6993504 0 0.799944 0.6000746 0 0.7589872 0.6511056 0 0.7589872 0.6511056 -0 0.799944 0.6000746 0 0.8374798 0.5464683 0 0.8374798 0.5464683 -0 0.9016442 0.4324787 0 0.8714281 0.4905232 0 0.8714281 0.4905232 -0 0.9016442 0.4324787 0 0.9279994 0.3725818 0 0.9279994 0.3725818 -0 0.9396927 0.3420201 0 0.9396927 0.3420201 0 -0.57175 0.8204279 0 -0.57175 0.8204279 0 -0.53636 0.8439893 0 -0.53636 0.8439893 0 -0.4999995 0.8660257 0 -0.4999995 0.8660257 0 -0.4627357 0.8864962 0 -0.4627357 0.8864962 0 -0.4246373 0.9053636 0 -0.4246373 0.9053636 0 -0.7660446 -0.6427875 -0 -0.7660446 -0.6427875 0 -0.7866662 -0.6173787 0 -0.7866662 -0.6173787 0 -0.8253602 -0.5646066 0 -0.8253602 -0.5646066 0 -0.8605213 -0.5094146 0 -0.8605213 -0.5094146 0 -0.8919929 -0.4520494 0 -0.9196504 -0.3927382 -0 -0.8919929 -0.4520494 0 -0.9196504 -0.3927382 0 -0.9433683 -0.3317471 0 -0.9433683 -0.3317471 0 -0.9630451 -0.2693402 0 -0.9630451 -0.2693402 0 -0.9785985 -0.2057794 0 -0.9785985 -0.2057794 0 -0.9899623 -0.1413309 0 -0.9899623 -0.1413309 0 -0.9970862 -0.07628377 0 -0.9970862 -0.07628377 0 -0.9999405 -0.01091084 0 -0.9999405 -0.01091084 0 -0.9928097 0.1197036 0 -0.9985129 0.05451486 0 -0.9985129 0.05451486 0 -0.9928097 0.1197036 0 -0.9686911 0.2482695 0 -0.9828548 0.1843806 0 -0.9828548 0.1843806 0 -0.9503813 0.3110874 0 -0.9686911 0.2482695 0 -0.9503813 0.3110874 0 -0.9016442 0.4324787 0 -0.9279972 0.3725873 0 -0.9279972 0.3725873 0 -0.9016442 0.4324787 0 -0.8714291 0.4905214 0 -0.8714291 0.4905214 0 -0.8374798 0.5464683 0 -0.8374798 0.5464683 0 -0.7999476 0.6000699 0 -0.7999476 0.6000699 0 -0.714779 0.6993504 0 -0.7589859 0.651107 0 -0.7589859 0.651107 0 -0.714779 0.6993504 0 -0.6675053 0.7446051 0 -0.6675053 0.7446051 0 -0.617381 0.7866643 0 -0.617381 0.7866643 0 -0.564611 0.8253572 0 -0.564611 0.8253572 0 -0.5094095 0.8605242 0 -0.5094095 0.8605242 0 -0.4520455 0.8919949 0 -0.4520455 0.8919949 0 -0.3927417 0.9196488 0 -0.3927417 0.9196488 0 -0.3317542 0.9433659 0 -0.3317542 0.9433659 0 -0.2693312 0.9630476 0 -0.2693312 0.9630476 0 -0.2057803 0.9785982 0 -0.2057803 0.9785982 0 -0.1413357 0.9899617 0 -0.1413357 0.9899617 0 -0.07627857 0.9970866 0 -0.07627857 0.9970866 0 -0.01091084 0.9999405 0 -0.01091084 0.9999405 0 0.05451513 0.9985129 0 0.05451513 0.9985129 -0 0.1196988 0.9928102 0 0.1196988 0.9928102 -0 0.1843853 0.9828539 0 0.1843853 0.9828539 -0 0.2482671 0.9686916 0 0.2482671 0.9686916 -0 0.3110903 0.9503804 0 0.3110903 0.9503804 -0 0.3725814 0.9279996 0 0.3725814 0.9279996 -0 0.4324787 0.9016442 0 0.4324787 0.9016442 -0 0.4905214 0.8714291 0 0.4905214 0.8714291 -0 0.6000668 0.7999499 0 0.5464717 0.8374776 0 0.5464717 0.8374776 -0 0.6511098 0.7589836 0 0.6000668 0.7999499 0 0.6511098 0.7589836 0 0.6993529 0.7147767 0 0.6993529 0.7147767 -0 0.7446005 0.6675104 0 0.7446005 0.6675104 -0 0.7660444 0.6427877 0 0.7660444 0.6427877 0 -0.8178722 0.5754 0 -0.8178722 0.5754 0 -0.7660445 0.6427876 0 -0.7926748 0.6096447 0 -0.7926748 0.6096447 0 -0.7660445 0.6427876 0 -0.7380297 0.6747683 0 -0.7380297 0.6747683 0 -0.7086803 0.7055297 0 -0.7086803 0.7055297 0 -0.5000001 -0.8660253 0 -0.5000001 -0.8660253 -0 -0.5280684 -0.8492018 0 -0.5280684 -0.8492018 0 -0.5824755 -0.8128483 0 -0.5824755 -0.8128483 0 -0.6343894 -0.7730137 0 -0.6343894 -0.7730137 0 -0.6835949 -0.7298616 0 -0.6835949 -0.7298616 0 -0.7298661 -0.6835901 0 -0.7298661 -0.6835901 0 -0.7730097 -0.6343942 0 -0.812847 -0.5824773 -0 -0.7730097 -0.6343942 0 -0.812847 -0.5824773 0 -0.8491992 -0.5280728 0 -0.8491992 -0.5280728 0 -0.8819239 -0.4713919 0 -0.8819239 -0.4713919 0 -0.9108639 -0.4127068 0 -0.9108639 -0.4127068 0 -0.9359049 -0.3522529 0 -0.9359049 -0.3522529 0 -0.9738769 -0.2270763 -0 -0.9569417 -0.29028 0 -0.9569417 -0.29028 0 -0.9738769 -0.2270763 0 -0.9866433 -0.1628957 0 -0.9866433 -0.1628957 0 -0.9994647 -0.03271311 -0 -0.9951842 -0.0980222 0 -0.9951842 -0.0980222 0 -0.9994647 -0.03271311 0 -0.9994647 0.03271311 0 -0.9994647 0.03271311 0 -0.9951842 0.0980222 0 -0.9951842 0.0980222 0 -0.9866436 0.1628942 0 -0.9866436 0.1628942 0 -0.9738767 0.2270774 0 -0.9738767 0.2270774 0 -0.9569421 0.2902786 0 -0.9569421 0.2902786 0 -0.9359037 0.3522561 0 -0.9359037 0.3522561 0 -0.9108639 0.4127068 0 -0.9108639 0.4127068 0 -0.8819239 0.4713919 0 -0.8819239 0.4713919 0 -0.8492005 0.5280706 0 -0.8492005 0.5280706 0 -0.8128453 0.5824796 0 -0.8128453 0.5824796 0 -0.7730117 0.6343918 0 -0.7730117 0.6343918 0 -0.7298639 0.6835925 0 -0.7298639 0.6835925 0 -0.6835949 0.7298616 0 -0.6835949 0.7298616 0 -0.6343894 0.7730137 0 -0.6343894 0.7730137 0 -0.5824819 0.8128436 0 -0.5824819 0.8128436 0 -0.5280649 0.8492041 0 -0.5280649 0.8492041 0 -0.4713956 0.8819218 0 -0.4713956 0.8819218 0 -0.4127068 0.9108639 0 -0.4127068 0.9108639 0 -0.3522518 0.9359053 0 -0.3522518 0.9359053 0 -0.2902845 0.9569404 0 -0.2902845 0.9569404 0 -0.2270763 0.9738769 0 -0.2270763 0.9738769 0 -0.1628942 0.9866436 0 -0.1628942 0.9866436 0 -0.09801833 0.9951846 0 -0.09801833 0.9951846 0 -0.03271765 0.9994646 0 -0.03271765 0.9994646 0 0.09801739 0.9951847 0 0.03271797 0.9994646 0 0.03271797 0.9994646 -0 0.09801739 0.9951847 0 0.1628957 0.9866433 0 0.1628957 0.9866433 -0 0.2270763 0.9738769 0 0.2270763 0.9738769 -0 0.2902845 0.9569404 0 0.2902845 0.9569404 -0 0.3522486 0.9359065 0 0.3522486 0.9359065 -0 0.4127068 0.9108639 0 0.4127068 0.9108639 -0 0.4713956 0.8819218 0 0.4713956 0.8819218 -0 0.5000002 0.8660253 0 0.5000002 0.8660253 0 -0.9653471 0.2609695 0 -0.9653471 0.2609695 0 -0.9533817 0.3017673 0 -0.9533817 0.3017673 0 -0.9396926 0.3420204 0 -0.9396926 0.3420204 0 -0.924305 0.3816546 0 -0.924305 0.3816546 0 -0.9072471 0.4205981 0 -0.9072471 0.4205981 0 -0.1736483 -0.9848077 -0 -0.1736483 -0.9848077 0 -0.205777 -0.9785988 0 -0.205777 -0.9785988 0 -0.2693379 -0.9630458 0 -0.2693379 -0.9630458 0 -0.3317514 -0.9433668 0 -0.3317514 -0.9433668 0 -0.3927396 -0.9196497 0 -0.3927396 -0.9196497 0 -0.4520455 -0.8919949 0 -0.4520455 -0.8919949 0 -0.509417 -0.8605197 0 -0.5646054 -0.825361 -0 -0.509417 -0.8605197 0 -0.5646054 -0.825361 0 -0.6173772 -0.7866673 -0 -0.6173772 -0.7866673 0 -0.6675104 -0.7446005 0 -0.6675104 -0.7446005 0 -0.7589884 -0.6511042 -0 -0.7147779 -0.6993516 0 -0.7147779 -0.6993516 0 -0.7589884 -0.6511042 0 -0.7999443 -0.6000742 0 -0.7999443 -0.6000742 0 -0.871425 -0.4905288 -0 -0.837482 -0.5464648 0 -0.837482 -0.5464648 0 -0.9016442 -0.4324787 -0 -0.871425 -0.4905288 0 -0.9016442 -0.4324787 0 -0.9503804 -0.3110903 -0 -0.9279999 -0.3725806 0 -0.9279999 -0.3725806 0 -0.9503804 -0.3110903 0 -0.9686916 -0.2482671 0 -0.9686916 -0.2482671 0 -0.9828557 -0.1843764 0 -0.9828557 -0.1843764 0 -0.998513 -0.05451526 -0 -0.9928091 -0.1197081 0 -0.9928091 -0.1197081 0 -0.998513 -0.05451526 0 -0.9999405 0.01091082 0 -0.9999405 0.01091082 0 -0.9970866 0.07627857 0 -0.9970866 0.07627857 0 -0.9899617 0.1413357 0 -0.9899617 0.1413357 0 -0.9785983 0.2057799 0 -0.9785983 0.2057799 0 -0.9630449 0.2693408 0 -0.9630449 0.2693408 0 -0.9433687 0.3317459 0 -0.9433687 0.3317459 0 -0.9196492 0.3927408 0 -0.9196492 0.3927408 0 -0.8919947 0.452046 0 -0.8919947 0.452046 0 -0.8253617 0.5646043 0 -0.8605193 0.5094178 0 -0.8605193 0.5094178 0 -0.8253617 0.5646043 0 -0.7866657 0.6173792 0 -0.7866657 0.6173792 0 -0.7446002 0.6675106 0 -0.7446002 0.6675106 0 -0.6993552 0.7147743 0 -0.6993552 0.7147743 0 -0.6511056 0.7589872 0 -0.6511056 0.7589872 0 -0.6000699 0.7999476 0 -0.6000699 0.7999476 0 -0.5464674 0.8374804 0 -0.5464674 0.8374804 0 -0.4905232 0.8714281 0 -0.4905232 0.8714281 0 -0.4324797 0.9016438 0 -0.4324797 0.9016438 0 -0.3725807 0.9279997 0 -0.3725807 0.9279997 0 -0.3110925 0.9503797 0 -0.3110925 0.9503797 0 -0.2482671 0.9686916 0 -0.2482671 0.9686916 0 -0.1843806 0.9828549 0 -0.1843806 0.9828549 0 -0.119703 0.9928098 0 -0.119703 0.9928098 0 -0.05451479 0.998513 0 -0.05451479 0.998513 0 0.01090842 0.9999405 0 0.01090842 0.9999405 -0 0.07628363 0.9970862 0 0.07628363 0.9970862 -0 0.1413333 0.989962 0 0.1413333 0.989962 -0 0.1736482 0.9848077 0 0.1736482 0.9848077 0 -0.9998431 0.01771594 0 -0.9998431 0.01771594 0 -0.9960791 0.08846711 0 -0.998588 0.05312335 0 -0.998588 0.05312335 0 -0.9960791 0.08846711 0 0.1736482 -0.9848077 0 0.1736482 -0.9848077 0 0.1413333 -0.989962 0 0.1413333 -0.989962 0 0.07628303 -0.9970862 0 0.07628303 -0.9970862 0 0.01090842 -0.9999405 0 0.01090842 -0.9999405 0 -0.05451539 -0.9985129 0 -0.05451539 -0.9985129 0 -0.1197024 -0.9928098 0 -0.1197024 -0.9928098 0 -0.1843801 -0.9828551 0 -0.2482671 -0.9686916 -0 -0.1843801 -0.9828551 0 -0.2482671 -0.9686916 0 -0.3110925 -0.9503797 -0 -0.3110925 -0.9503797 0 -0.3725818 -0.9279994 0 -0.3725818 -0.9279994 0 -0.4905232 -0.8714281 -0 -0.4324787 -0.9016442 0 -0.4324787 -0.9016442 0 -0.4905232 -0.8714281 0 -0.5464683 -0.8374798 0 -0.5464683 -0.8374798 0 -0.6511056 -0.7589872 -0 -0.6000699 -0.7999476 0 -0.6000699 -0.7999476 0 -0.6993552 -0.7147743 -0 -0.6511056 -0.7589872 0 -0.6993552 -0.7147743 0 -0.7866653 -0.6173798 -0 -0.7446002 -0.6675106 0 -0.7446002 -0.6675106 0 -0.7866653 -0.6173798 0 -0.8253617 -0.5646043 0 -0.8253617 -0.5646043 0 -0.8605193 -0.5094178 0 -0.8605193 -0.5094178 0 -0.9196492 -0.3927408 -0 -0.8919949 -0.4520455 0 -0.8919949 -0.4520455 0 -0.9196492 -0.3927408 0 -0.9433689 -0.3317455 0 -0.9433689 -0.3317455 0 -0.9630449 -0.2693408 0 -0.9630449 -0.2693408 0 -0.9785982 -0.2057803 0 -0.9785982 -0.2057803 0 -0.9899618 -0.1413353 0 -0.9899618 -0.1413353 0 -0.9970865 -0.07627875 0 -0.9970865 -0.07627875 0 -0.9999405 -0.01091082 0 -0.9999405 -0.01091082 0 -0.998513 0.05451526 0 -0.998513 0.05451526 0 -0.9928091 0.1197081 0 -0.9928091 0.1197081 0 -0.9686916 0.2482671 0 -0.9828557 0.1843764 0 -0.9828557 0.1843764 0 -0.9686916 0.2482671 0 -0.9503804 0.3110903 0 -0.9503804 0.3110903 0 -0.9279996 0.3725814 0 -0.9279996 0.3725814 0 -0.9016442 0.4324787 0 -0.9016442 0.4324787 0 -0.871425 0.4905288 0 -0.871425 0.4905288 0 -0.837482 0.5464648 0 -0.837482 0.5464648 0 -0.7999453 0.6000731 0 -0.7999453 0.6000731 0 -0.7589884 0.6511042 0 -0.7589884 0.6511042 0 -0.7147767 0.6993529 0 -0.7147767 0.6993529 0 -0.6675104 0.7446005 0 -0.6675104 0.7446005 0 -0.6173787 0.7866662 0 -0.6173787 0.7866662 0 -0.5646054 0.825361 0 -0.5646054 0.825361 0 -0.5094188 0.8605186 0 -0.5094188 0.8605186 0 -0.4520455 0.8919949 0 -0.4520455 0.8919949 0 -0.3927376 0.9196506 0 -0.3927376 0.9196506 0 -0.3317514 0.9433668 0 -0.3317514 0.9433668 0 -0.2693402 0.9630451 0 -0.2693402 0.9630451 0 -0.2057747 0.9785994 0 -0.2057747 0.9785994 0 -0.1736483 0.9848077 0 -0.1736483 0.9848077 0 -0.9072471 -0.4205981 0 -0.9072471 -0.4205981 0 -0.9243048 -0.381655 0 -0.9243048 -0.381655 0 -0.9396926 -0.3420202 0 -0.9396926 -0.3420202 0 -0.9533817 -0.3017673 0 -0.9533817 -0.3017673 0 -0.9653471 -0.2609695 0 -0.9653471 -0.2609695 0 0.5000001 -0.8660253 0 0.5000001 -0.8660253 0 0.4713919 -0.8819239 0 0.4713919 -0.8819239 0 0.4127068 -0.9108639 0 0.4127068 -0.9108639 0 0.3522529 -0.9359049 0 0.3522529 -0.9359049 0 0.2902889 -0.956939 0 0.2902889 -0.956939 0 0.2270672 -0.9738792 0 0.2270672 -0.9738792 0 0.1629052 -0.9866418 0 0.09801258 -0.9951853 0 0.1629052 -0.9866418 0 0.09801258 -0.9951853 0 0.03272282 -0.9994644 0 0.03272282 -0.9994644 0 -0.0327225 -0.9994645 0 -0.09801352 -0.9951851 -0 -0.0327225 -0.9994645 0 -0.1629036 -0.986642 -0 -0.09801352 -0.9951851 0 -0.1629036 -0.986642 0 -0.2270672 -0.9738792 0 -0.2270672 -0.9738792 0 -0.2902889 -0.956939 0 -0.2902889 -0.956939 0 -0.3522561 -0.9359037 0 -0.3522561 -0.9359037 0 -0.4127068 -0.9108639 0 -0.4127068 -0.9108639 0 -0.5280684 -0.8492018 -0 -0.4713919 -0.8819239 0 -0.4713919 -0.8819239 0 -0.5280684 -0.8492018 0 -0.5824755 -0.8128483 0 -0.5824755 -0.8128483 0 -0.6835949 -0.7298616 -0 -0.6343952 -0.7730089 0 -0.6343952 -0.7730089 0 -0.6835949 -0.7298616 0 -0.7298616 -0.6835949 0 -0.7298616 -0.6835949 0 -0.812847 -0.5824773 -0 -0.7730097 -0.6343942 0 -0.7730097 -0.6343942 0 -0.812847 -0.5824773 0 -0.8491992 -0.5280728 0 -0.8491992 -0.5280728 0 -0.8819239 -0.4713919 0 -0.8819239 -0.4713919 0 -0.9108639 -0.4127068 0 -0.9108639 -0.4127068 0 -0.9359049 -0.3522529 0 -0.9569417 -0.29028 -0 -0.9359049 -0.3522529 0 -0.9569417 -0.29028 0 -0.9738769 -0.2270763 0 -0.9738769 -0.2270763 0 -0.9866433 -0.1628957 0 -0.9866433 -0.1628957 0 -0.9951842 -0.0980222 0 -0.9951842 -0.0980222 0 -0.9994647 -0.03271311 0 -0.9994647 -0.03271311 0 -0.9994648 0.03271279 0 -0.9994648 0.03271279 0 -0.9951841 0.09802314 0 -0.9951841 0.09802314 0 -0.9866436 0.1628942 0 -0.9866436 0.1628942 0 -0.9738769 0.2270763 0 -0.9738769 0.2270763 0 -0.9569417 0.29028 0 -0.9569417 0.29028 0 -0.9359037 0.3522561 0 -0.9359037 0.3522561 0 -0.9108639 0.4127068 0 -0.9108639 0.4127068 0 -0.8819239 0.4713919 0 -0.8819239 0.4713919 0 -0.8128436 0.5824819 0 -0.8492018 0.5280684 0 -0.8492018 0.5280684 0 -0.8128436 0.5824819 0 -0.7730137 0.6343894 0 -0.7730137 0.6343894 0 -0.7298616 0.6835949 0 -0.7298616 0.6835949 0 -0.6835949 0.7298616 0 -0.6835949 0.7298616 0 -0.6343894 0.7730137 0 -0.6343894 0.7730137 0 -0.5824819 0.8128436 0 -0.5824819 0.8128436 0 -0.5280684 0.8492018 0 -0.5280684 0.8492018 0 -0.5000001 0.8660253 0 -0.5000001 0.8660253 0 -0.7086803 -0.7055297 0 -0.7086803 -0.7055297 0 -0.7380297 -0.6747683 0 -0.7380297 -0.6747683 0 -0.7660449 -0.6427871 0 -0.7660449 -0.6427871 0 -0.7926745 -0.6096452 0 -0.7926745 -0.6096452 0 -0.8178722 -0.5754 0 -0.8178722 -0.5754 0 0.7660444 -0.6427877 0 0.7660444 -0.6427877 0 0.7446048 -0.6675055 0 0.7446048 -0.6675055 0 0.6993529 -0.7147767 0 0.6993529 -0.7147767 0 0.6511042 -0.7589884 0 0.6511042 -0.7589884 0 0.6000731 -0.7999453 0 0.5464648 -0.837482 0 0.6000731 -0.7999453 0 0.5464648 -0.837482 0 0.4905214 -0.8714291 0 0.4905214 -0.8714291 0 0.4324787 -0.9016442 0 0.4324787 -0.9016442 0 0.3725898 -0.9279962 0 0.3110903 -0.9503804 0 0.3725898 -0.9279962 0 0.3110903 -0.9503804 0 0.2482671 -0.9686916 0 0.2482671 -0.9686916 0 0.1197084 -0.9928091 0 0.1843759 -0.9828557 0 0.1843759 -0.9828557 0 0.1197084 -0.9928091 0 -0.01091084 -0.9999405 -0 0.05451513 -0.9985129 0 0.05451513 -0.9985129 0 -0.07628823 -0.9970858 -0 -0.01091084 -0.9999405 0 -0.07628823 -0.9970858 0 -0.2057803 -0.9785982 -0 -0.1413261 -0.9899631 0 -0.1413261 -0.9899631 0 -0.2057803 -0.9785982 0 -0.3317455 -0.9433689 -0 -0.2693402 -0.9630451 0 -0.2693402 -0.9630451 0 -0.3927417 -0.9196488 -0 -0.3317455 -0.9433689 0 -0.3927417 -0.9196488 0 -0.4520455 -0.8919949 0 -0.4520455 -0.8919949 0 -0.5094167 -0.8605199 0 -0.5094167 -0.8605199 0 -0.5646043 -0.8253617 0 -0.5646043 -0.8253617 0 -0.617381 -0.7866643 0 -0.617381 -0.7866643 0 -0.6675106 -0.7446002 0 -0.6675106 -0.7446002 0 -0.714779 -0.6993504 0 -0.714779 -0.6993504 0 -0.7589859 -0.651107 0 -0.7589859 -0.651107 0 -0.799944 -0.6000746 0 -0.799944 -0.6000746 0 -0.8374798 -0.5464683 0 -0.8374798 -0.5464683 0 -0.8714291 -0.4905214 0 -0.8714291 -0.4905214 0 -0.9016442 -0.4324787 0 -0.9016442 -0.4324787 0 -0.9279985 -0.3725839 0 -0.9279985 -0.3725839 0 -0.9503804 -0.3110903 0 -0.9503804 -0.3110903 0 -0.9686916 -0.2482671 0 -0.9686916 -0.2482671 0 -0.9828548 -0.1843806 0 -0.9828548 -0.1843806 0 -0.9928097 -0.1197036 0 -0.9928097 -0.1197036 0 -0.9985129 -0.05451539 0 -0.9985129 -0.05451539 0 -0.9999405 0.01091084 0 -0.9999405 0.01091084 0 -0.9970862 0.07628303 0 -0.9970862 0.07628303 0 -0.9899623 0.1413309 0 -0.9899623 0.1413309 0 -0.9785985 0.2057794 0 -0.9785985 0.2057794 0 -0.9630445 0.2693427 0 -0.9630445 0.2693427 0 -0.9433694 0.331744 0 -0.9433694 0.331744 0 -0.9196488 0.3927417 0 -0.9196488 0.3927417 0 -0.8919949 0.4520455 0 -0.8919949 0.4520455 0 -0.8253632 0.564602 0 -0.8605186 0.5094188 0 -0.8605186 0.5094188 0 -0.8253632 0.564602 0 -0.7866662 0.6173787 0 -0.7866662 0.6173787 0 -0.7660443 0.6427878 0 -0.7660443 0.6427878 0 -0.4246373 -0.9053636 0 -0.4246373 -0.9053636 0 -0.4627357 -0.8864962 0 -0.4627357 -0.8864962 0 -0.500001 -0.8660249 0 -0.500001 -0.8660249 0 -0.5363585 -0.8439903 0 -0.5363585 -0.8439903 0 -0.5717514 -0.8204269 0 -0.5717514 -0.8204269 0 0.9396927 -0.34202 0 0.9396927 -0.34202 0 0.927998 -0.3725851 0 0.927998 -0.3725851 0 0.9016442 -0.4324787 0 0.9016442 -0.4324787 0 0.8714281 -0.4905232 0 0.8714281 -0.4905232 0 0.8374798 -0.5464683 0 0.8374798 -0.5464683 0 0.799944 -0.6000746 0 0.799944 -0.6000746 0 0.7589913 -0.6511008 0 0.7589913 -0.6511008 0 0.7147743 -0.6993552 0 0.7147743 -0.6993552 0 0.6675106 -0.7446002 0 0.6675106 -0.7446002 0 0.6173798 -0.7866653 0 0.5646043 -0.8253617 0 0.6173798 -0.7866653 0 0.5094178 -0.8605193 0 0.5646043 -0.8253617 0 0.5094178 -0.8605193 0 0.4520537 -0.8919907 0 0.4520537 -0.8919907 0 0.3317546 -0.9433658 0 0.3927321 -0.9196529 0 0.3927321 -0.9196529 0 0.3317546 -0.9433658 0 0.2693408 -0.9630449 0 0.2693408 -0.9630449 0 0.2057615 -0.9786021 0 0.2057615 -0.9786021 0 0.141345 -0.9899604 0 0.141345 -0.9899604 0 0.01090112 -0.9999406 0 0.07628823 -0.9970858 0 0.07628823 -0.9970858 0 0.01090112 -0.9999406 0 -0.05450551 -0.9985135 0 -0.05450551 -0.9985135 0 -0.1843672 -0.9828575 -0 -0.1197177 -0.992808 0 -0.1197177 -0.992808 0 -0.1843672 -0.9828575 0 -0.2482764 -0.9686891 0 -0.2482764 -0.9686891 0 -0.372581 -0.9279997 -0 -0.3110985 -0.9503777 0 -0.3110985 -0.9503777 0 -0.372581 -0.9279997 0 -0.4324708 -0.9016479 0 -0.4324708 -0.9016479 0 -0.4905288 -0.871425 0 -0.5464583 -0.8374863 -0 -0.4905288 -0.871425 0 -0.5464583 -0.8374863 0 -0.6000804 -0.7999397 -0 -0.6000804 -0.7999397 0 -0.6993566 -0.714773 -0 -0.6510984 -0.7589933 0 -0.6510984 -0.7589933 0 -0.7446007 -0.6675102 -0 -0.6993566 -0.714773 0 -0.7446007 -0.6675102 0 -0.7866663 -0.6173785 0 -0.7866663 -0.6173785 0 -0.8253585 -0.5646089 0 -0.8253585 -0.5646089 0 -0.8605216 -0.509414 0 -0.8605216 -0.509414 0 -0.8919931 -0.4520489 0 -0.8919931 -0.4520489 0 -0.9196513 -0.392736 0 -0.9196513 -0.392736 0 -0.9433671 -0.3317508 0 -0.9433671 -0.3317508 0 -0.9785987 -0.2057784 -0 -0.9630453 -0.2693394 0 -0.9630453 -0.2693394 0 -0.9785987 -0.2057784 0 -0.989962 -0.1413334 0 -0.989962 -0.1413334 0 -0.9970862 -0.07628363 0 -0.9970862 -0.07628363 0 -0.9999405 -0.01090801 0 -0.9999405 -0.01090801 0 -0.998513 0.05451464 0 -0.998513 0.05451464 0 -0.9928098 0.1197029 0 -0.9928098 0.1197029 0 -0.9828548 0.1843814 0 -0.9828548 0.1843814 0 -0.9503799 0.3110916 0 -0.9686911 0.2482694 0 -0.9686911 0.2482694 0 -0.9503799 0.3110916 0 -0.9396927 0.34202 0 -0.9396927 0.34202 0 -0.08937495 -0.995998 0 -0.08937495 -0.995998 0 -0.1316307 -0.9912987 0 -0.1316307 -0.9912987 0 -0.1736479 -0.9848078 0 -0.1736479 -0.9848078 0 -0.2153511 -0.9765366 0 -0.2153511 -0.9765366 0 -0.2566667 -0.9664999 0 -0.2566667 -0.9664999 0 1 0 0 1 0 0 0.9994646 -0.03271797 0 0.9951847 -0.09801739 0 0.9994646 -0.03271797 0 0.9951847 -0.09801739 0 0.9866433 -0.1628957 0 0.9866433 -0.1628957 0 0.9738774 -0.2270742 0 0.9738774 -0.2270742 0 0.9569396 -0.2902872 0 0.9569396 -0.2902872 0 0.9359077 -0.3522454 0 0.9359077 -0.3522454 0 0.9108623 -0.4127105 0 0.8819209 -0.4713975 0 0.9108623 -0.4127105 0 0.8819209 -0.4713975 0 0.8492013 -0.5280693 0 0.8492013 -0.5280693 0 0.7730163 -0.6343861 0 0.8128448 -0.5824803 0 0.8128448 -0.5824803 0 0.7730163 -0.6343861 0 0.7298583 -0.6835985 0 0.7298583 -0.6835985 0 0.6835976 -0.729859 0 0.6835976 -0.729859 0 0.634386 -0.7730165 0 0.634386 -0.7730165 0 0.5824796 -0.8128453 0 0.5824796 -0.8128453 0 0.4713919 -0.8819239 0 0.5280706 -0.8492005 0 0.5280706 -0.8492005 0 0.4127068 -0.9108639 0 0.4713919 -0.8819239 0 0.4127068 -0.9108639 0 0.2902889 -0.956939 0 0.3522545 -0.9359043 0 0.3522545 -0.9359043 0 0.2270763 -0.9738769 0 0.2902889 -0.956939 0 0.2270763 -0.9738769 0 0.1628949 -0.9866434 0 0.1628949 -0.9866434 0 0.03272266 -0.9994644 0 0.09801306 -0.9951852 0 0.09801306 -0.9951852 0 0.03272266 -0.9994644 0 -0.03272282 -0.9994644 0 -0.03272282 -0.9994644 0 -0.09801258 -0.9951853 0 -0.09801258 -0.9951853 0 -0.1628949 -0.9866434 0 -0.1628949 -0.9866434 0 -0.2270774 -0.9738767 0 -0.2270774 -0.9738767 0 -0.2902876 -0.9569395 0 -0.2902876 -0.9569395 0 -0.3522545 -0.9359043 0 -0.3522545 -0.9359043 0 -0.4127068 -0.9108639 0 -0.4713919 -0.8819239 -0 -0.4127068 -0.9108639 0 -0.4713919 -0.8819239 0 -0.5280706 -0.8492005 0 -0.5280706 -0.8492005 0 -0.5824796 -0.8128453 0 -0.5824796 -0.8128453 0 -0.6835976 -0.729859 -0 -0.6343884 -0.7730145 0 -0.6343884 -0.7730145 0 -0.6835976 -0.729859 0 -0.7298571 -0.6835998 0 -0.7298571 -0.6835998 0 -0.7730151 -0.6343876 0 -0.7730151 -0.6343876 0 -0.8128459 -0.5824787 0 -0.8128459 -0.5824787 0 -0.8492013 -0.5280693 0 -0.8492013 -0.5280693 0 -0.8819218 -0.4713956 0 -0.8819218 -0.4713956 0 -0.9108623 -0.4127105 0 -0.9108623 -0.4127105 0 -0.9359077 -0.3522454 0 -0.9359077 -0.3522454 0 -0.9569382 -0.2902916 0 -0.9569382 -0.2902916 0 -0.9738774 -0.2270742 0 -0.9738774 -0.2270742 0 -0.9866433 -0.1628957 0 -0.9866433 -0.1628957 0 -0.9951847 -0.09801739 0 -0.9951847 -0.09801739 0 -0.9994646 -0.03271797 0 -0.9994646 -0.03271797 0 -1 0 0 -1 0 0 0.2566667 -0.9664999 0 0.2566667 -0.9664999 0 0.2153512 -0.9765366 0 0.2153512 -0.9765366 0 0.1736479 -0.9848078 0 0.1736479 -0.9848078 0 0.1316308 -0.9912989 0 0.1316308 -0.9912989 0 0.08937497 -0.995998 0 0.08937497 -0.995998 0 0.9396927 0.3420199 0 0.9396927 0.3420199 0 0.9492404 0.3145517 -0 0.9492404 0.3145517 0 0.9659252 0.2588217 0 0.9659252 0.2588217 -0 0.9793421 0.2022098 0 0.9793421 0.2022098 -0 0.9961948 0.08715502 0 0.9894403 0.1449414 0 0.9894403 0.1449414 -0 0.9995769 0.02908429 0 0.9961948 0.08715502 0 0.9995769 0.02908429 0 -0.9396927 -0.3420199 0 -0.9396927 -0.3420199 -0 0.5717516 -0.8204268 0 0.5717516 -0.8204268 0 0.5363583 -0.8439904 0 0.5363583 -0.8439904 0 0.5000008 -0.866025 0 0.5000008 -0.866025 0 0.462736 -0.8864961 0 0.462736 -0.8864961 0 0.4246371 -0.9053637 0 0.4246371 -0.9053637 0 0.7660443 0.6427878 0 0.7660443 0.6427878 0 0.7860575 0.6181533 -0 0.7860575 0.6181533 0 0.8236754 0.5670615 0 0.8236754 0.5670615 -0 0.8579849 0.5136748 0 0.8579849 0.5136748 -0 0.8888323 0.4582328 0 0.8888323 0.4582328 -0 0.9161109 0.400925 0 0.9161109 0.400925 -0 0.9396907 0.3420254 0 0.9396907 0.3420254 -0 0.9594925 0.281734 0 0.9594925 0.281734 -0 0.9874384 0.1580038 0 0.9754311 0.2203048 0 0.9754311 0.2203048 -0 0.9874384 0.1580038 0 0.9954723 0.09505259 0 0.9954723 0.09505259 -0 0.9994964 0.03173116 0 0.9994964 0.03173116 -0 -0.7660443 -0.6427878 -0 -0.7660443 -0.6427878 0 0.8178722 -0.5754 0 0.8178722 -0.5754 0 0.7926739 -0.6096458 0 0.7926739 -0.6096458 0 0.7660444 -0.6427877 0 0.7660444 -0.6427877 0 0.7380301 -0.6747677 0 0.7380301 -0.6747677 0 0.7086803 -0.7055297 0 0.7086803 -0.7055297 0 0.5 0.8660254 0 0.5 0.8660254 0 0.5280641 0.8492046 -0 0.5280641 0.8492046 0 0.5824819 0.8128436 0 0.5824819 0.8128436 -0 0.6835901 0.7298661 0 0.6343942 0.7730097 0 0.6343942 0.7730097 -0 0.6835901 0.7298661 0 0.7730089 0.6343952 0 0.7298665 0.6835898 0 0.7298665 0.6835898 -0 0.7730089 0.6343952 0 0.8128436 0.5824819 0 0.8128436 0.5824819 -0 0.8492105 0.5280544 0 0.8492105 0.5280544 -0 0.8819158 0.471407 0 0.8819158 0.471407 -0 0.9108639 0.4127068 0 0.9108639 0.4127068 -0 0.9359101 0.3522391 0 0.9359101 0.3522391 -0 0.9738769 0.2270763 0 0.956939 0.2902889 0 0.956939 0.2902889 -0 0.9866436 0.1628942 0 0.9738769 0.2270763 0 0.9866436 0.1628942 0 0.9951832 0.09803277 0 0.9951832 0.09803277 -0 0.9994651 0.03270309 -0 0.9994651 0.03270309 0 -0.5 -0.8660254 -0 -0.5 -0.8660254 0 0.9653471 -0.2609695 0 0.9653471 -0.2609695 0 0.953381 -0.3017692 0 0.953381 -0.3017692 0 0.9396932 -0.3420184 0 0.9396932 -0.3420184 0 0.9243052 -0.3816541 0 0.9243052 -0.3816541 0 0.9072471 -0.4205981 0 0.9072471 -0.4205981 0 0.1736483 0.9848077 0 0.1736483 0.9848077 0 0.2062857 0.9784918 -0 0.2062857 0.9784918 0 0.2708403 0.9626243 0 0.2708403 0.9626243 -0 0.334192 0.942505 0 0.334192 0.942505 -0 0.3960842 0.9182142 0 0.3960842 0.9182142 -0 0.4562116 0.8898713 0 0.4562116 0.8898713 -0 0.5143284 0.8575933 0 0.5143284 0.8575933 -0 0.6234848 0.7818355 0 0.5701674 0.8215285 0 0.5701674 0.8215285 -0 0.6234848 0.7818355 0 0.6740633 0.7386736 0 0.6740633 0.7386736 -0 0.7216445 0.6922638 0 0.7216445 0.6922638 -0 0.8070612 0.5904679 0 0.7660394 0.6427935 0 0.7660394 0.6427935 -0 0.8445061 0.5355459 0 0.8070612 0.5904679 0 0.8782195 0.4782576 0 0.8445061 0.5355459 0 0.8782195 0.4782576 0 0.9080568 0.4188471 -0 0.9080568 0.4188471 0 0.9338758 0.3575976 -0 0.9338758 0.3575976 0 0.9555756 0.2947457 -0 0.9730424 0.2306265 0 0.9555756 0.2947457 0 0.9730424 0.2306265 0 0.986217 0.1654574 0 0.986217 0.1654574 0 0.9994473 0.03324454 0 0.9950314 0.09956172 0 0.9950314 0.09956172 -0 0.9994473 0.03324454 0 -0.1736482 -0.9848077 0 -0.1736482 -0.9848077 -0 0.9963862 0.08493771 0 0.9963862 0.08493771 -0 0.9990963 0.04250456 -0 0.9990963 0.04250456 0 1 0 0 1 0 0 0.9990963 -0.04250456 0 0.9990963 -0.04250456 0 0.9963862 -0.08493771 0 0.9963862 -0.08493771 0 -0.1736482 0.9848077 0 -0.1736482 0.9848077 0 -0.141732 0.989905 0 -0.141732 0.989905 0 -0.0774935 0.9969928 0 -0.0774935 0.9969928 0 -0.01292773 0.9999165 0 -0.01292773 0.9999165 0 0.05169133 0.9986631 0 0.05169133 0.9986631 -0 0.180011 0.9836646 0 0.1160926 0.9932384 0 0.1160926 0.9932384 -0 0.2431756 0.9699823 0 0.180011 0.9836646 0 0.2431756 0.9699823 0 0.3053232 0.9522488 0 0.3053232 0.9522488 -0 0.3661994 0.9305364 0 0.3661994 0.9305364 -0 0.4255511 0.9049343 0 0.4255511 0.9049343 -0 0.4831074 0.8755611 0 0.4831074 0.8755611 -0 0.5386649 0.84252 -0 0.5386649 0.84252 0 0.591964 0.8059644 -0 0.591964 0.8059644 0 0.6427794 0.7660513 -0 0.6427794 0.7660513 0 0.690933 0.7229188 -0 0.690933 0.7229188 0 0.7361855 0.6767799 -0 0.7361855 0.6767799 0 0.7783663 0.6278104 -0 0.7783663 0.6278104 0 0.8172931 0.5762221 -0 0.8172931 0.5762221 0 0.8528118 0.5222185 0 0.8528118 0.5222185 -0 0.9130148 0.4079266 0 0.8847608 0.4660455 0 0.8847608 0.4660455 -0 0.9130148 0.4079266 0 0.9374648 0.3480802 0 0.9374648 0.3480802 -0 0.9579868 0.2868122 0 0.9579868 0.2868122 -0 0.9745184 0.2243081 0 0.9745184 0.2243081 -0 0.986968 0.1609164 0 0.986968 0.1609164 -0 0.995304 0.09679788 0 0.995304 0.09679788 -0 0.9994774 0.03232498 0 0.9994774 0.03232498 -0 0.1736483 -0.9848077 0 0.1736483 -0.9848077 0 0.9072471 0.4205981 0 0.9072471 0.4205981 -0 0.9243054 0.3816538 -0 0.9243054 0.3816538 0 0.9396932 0.3420186 -0 0.9396932 0.3420186 0 0.953381 0.3017692 -0 0.953381 0.3017692 0 0.9653471 0.2609695 -0 0.9653471 0.2609695 0 -0.5000001 0.8660254 0 -0.5000001 0.8660254 0 -0.4713956 0.8819218 0 -0.4713956 0.8819218 0 -0.4127032 0.9108656 0 -0.4127032 0.9108656 0 -0.2902817 0.9569412 0 -0.3522518 0.9359053 0 -0.3522518 0.9359053 0 -0.2902817 0.9569412 0 -0.2270785 0.9738765 0 -0.2270785 0.9738765 0 -0.1628957 0.9866433 0 -0.1628957 0.9866433 0 -0.03271797 0.9994646 0 -0.09801739 0.9951847 0 -0.09801739 0.9951847 0 -0.03271797 0.9994646 0 0.03271797 0.9994646 -0 0.09801739 0.9951847 0 0.03271797 0.9994646 0 0.09801739 0.9951847 0 0.1628926 0.9866438 -0 0.1628926 0.9866438 0 0.2270785 0.9738765 -0 0.2902817 0.9569412 0 0.2270785 0.9738765 0 0.2902817 0.9569412 0 0.3522518 0.9359053 -0 0.3522518 0.9359053 0 0.4127105 0.9108623 -0 0.4127105 0.9108623 0 0.4713956 0.8819218 -0 0.4713956 0.8819218 0 0.5280606 0.8492067 -0 0.5280606 0.8492067 0 0.5824819 0.8128436 -0 0.6343942 0.7730097 0 0.5824819 0.8128436 0 0.6343942 0.7730097 0 0.7298687 0.6835873 0 0.6835901 0.7298661 0 0.6835901 0.7298661 -0 0.7298687 0.6835873 0 0.8128453 0.5824796 0 0.7730069 0.6343976 0 0.7730069 0.6343976 -0 0.8128453 0.5824796 0 0.8492092 0.5280566 0 0.8492092 0.5280566 -0 0.9108639 0.4127068 0 0.8819158 0.471407 0 0.8819158 0.471407 -0 0.9108639 0.4127068 0 0.9569395 0.2902876 0 0.9359101 0.3522391 0 0.9359101 0.3522391 -0 0.9569395 0.2902876 0 0.9738767 0.2270774 0 0.9738767 0.2270774 -0 0.9951832 0.09803181 0 0.9866436 0.1628942 0 0.9866436 0.1628942 -0 0.9951832 0.09803181 0 0.9994651 0.03270341 0 0.9994651 0.03270341 -0 0.5 -0.8660254 0 0.5 -0.8660254 0 0.7086803 0.7055297 -0 0.7086803 0.7055297 -0 0.7380301 0.6747677 -0 0.7380301 0.6747677 0 0.766044 0.6427882 -0 0.766044 0.6427882 0 0.7926744 0.6096454 -0 0.7926744 0.6096454 0 0.8178722 0.5754 -0 0.8178722 0.5754 0 -0.7660443 0.6427878 0 -0.7660443 0.6427878 0 -0.7444097 0.6677232 0 -0.7444097 0.6677232 0 -0.6499838 0.7599481 0 -0.6987188 0.7153963 0 -0.6987188 0.7153963 0 -0.6499838 0.7599481 0 -0.5984212 0.8011817 0 -0.5984212 0.8011817 0 -0.5442463 0.8389255 0 -0.5442463 0.8389255 0 -0.4876945 0.8730144 0 -0.4876945 0.8730144 0 -0.4290191 0.9032954 0 -0.4290191 0.9032954 0 -0.3684719 0.9296389 0 -0.3684719 0.9296389 0 -0.3063283 0.9519259 0 -0.3063283 0.9519259 0 -0.2428347 0.9700677 0 -0.2428347 0.9700677 0 -0.1782923 0.9839776 0 -0.1782923 0.9839776 0 -0.1129697 0.9935984 0 -0.04715295 0.9988877 0 -0.1129697 0.9935984 0 -0.04715295 0.9988877 0 0.0188633 0.9998221 -0 0.08481285 0.9963969 0 0.0188633 0.9998221 0 0.08481285 0.9963969 0 0.1503696 0.9886298 0 0.1503696 0.9886298 0 0.2152938 0.9765494 -0 0.2792633 0.9602146 0 0.2152938 0.9765494 0 0.2792633 0.9602146 0 0.342016 0.9396942 0 0.342016 0.9396942 -0 0.4032829 0.9150753 0 0.4032829 0.9150753 -0 0.462802 0.8864617 0 0.462802 0.8864617 -0 0.5202798 0.8539958 0 0.5202798 0.8539958 -0 0.6282185 0.778037 0 0.5755092 0.8177954 0 0.5755092 0.8177954 -0 0.6282185 0.778037 0 0.6781954 0.7348818 0 0.6781954 0.7348818 -0 0.7252122 0.6885255 0 0.7252122 0.6885255 -0 0.8095664 0.5870283 0 0.7690699 0.6391647 0 0.7690699 0.6391647 -0 0.8095664 0.5870283 0 0.8465475 0.5323131 0 0.8465475 0.5323131 -0 0.9092741 0.4161977 0 0.8798284 0.4752914 0 0.8798284 0.4752914 -0 0.9092741 0.4161977 0 0.9347588 0.3552829 -0 0.9347588 0.3552829 0 0.9561675 0.2928202 -0 0.9561675 0.2928202 0 0.9734046 0.229093 -0 0.9734046 0.229093 0 0.9864023 0.164349 -0 0.9864023 0.164349 0 0.9950983 0.09889068 -0 0.9994547 0.03301794 0 0.9950983 0.09889068 0 0.9994547 0.03301794 0 0.7660444 -0.6427875 0 0.7660444 -0.6427875 0 0.4246371 0.9053637 -0 0.4246371 0.9053637 -0 0.462736 0.8864961 -0 0.462736 0.8864961 0 0.5363597 0.8439894 -0 0.4999993 0.8660259 -0 0.4999993 0.8660259 0 0.5363597 0.8439894 -0 0.5717502 0.8204277 -0 0.5717502 0.8204277 0 -0.9396927 0.34202 0 -0.9396927 0.34202 0 -0.9278057 0.3730638 0 -0.9278057 0.3730638 0 -0.9009699 0.4338818 0 -0.9009699 0.4338818 0 -0.8701489 0.4927889 0 -0.8701489 0.4927889 0 -0.8354889 0.5495072 0 -0.8354889 0.5495072 0 -0.7971321 0.6038051 0 -0.7971321 0.6038051 0 -0.7552531 0.6554332 0 -0.7552531 0.6554332 0 -0.7100416 0.7041598 0 -0.7100416 0.7041598 0 -0.6616811 0.7497854 0 -0.610414 0.7920825 0 -0.6616811 0.7497854 0 -0.610414 0.7920825 0 -0.5564337 0.830892 0 -0.5564337 0.830892 0 -0.4999995 0.8660256 0 -0.4999995 0.8660256 0 -0.4413586 0.8973309 0 -0.4413586 0.8973309 0 -0.3807642 0.9246722 0 -0.3807642 0.9246722 0 -0.3184821 0.9479288 0 -0.3184821 0.9479288 0 -0.2548031 0.966993 0 -0.2548031 0.966993 0 -0.1899913 0.9817857 0 -0.1899913 0.9817857 0 -0.1243408 0.9922395 0 -0.1243408 0.9922395 0 -0.05814959 0.9983079 0 -0.05814959 0.9983079 0 0.008311127 0.9999654 0 0.008311127 0.9999654 -0 0.07473336 0.9972036 -0 0.07473336 0.9972036 0 0.1408201 0.9900352 0 0.1408201 0.9900352 -0 0.2062785 0.9784933 0 0.2062785 0.9784933 -0 0.2708423 0.9626238 0 0.2708423 0.9626238 -0 0.3960813 0.9182154 0 0.334198 0.9425029 0 0.334198 0.9425029 -0 0.3960813 0.9182154 0 0.4562155 0.8898694 0 0.4562155 0.8898694 -0 0.5143241 0.8575959 0 0.5143241 0.8575959 -0 0.570161 0.821533 -0 0.570161 0.821533 0 0.6234953 0.7818271 -0 0.6234953 0.7818271 0 0.674056 0.7386804 -0 0.674056 0.7386804 0 0.7216445 0.6922638 -0 0.7216445 0.6922638 0 0.7660462 0.6427856 -0 0.7660462 0.6427856 0 0.8070549 0.5904765 -0 0.8070549 0.5904765 0 0.8445076 0.5355437 -0 0.8445076 0.5355437 0 0.8782225 0.4782523 -0 0.8782225 0.4782523 0 0.9080568 0.4188471 -0 0.9080568 0.4188471 0 0.9338758 0.3575976 -0 0.9338758 0.3575976 0 0.955573 0.2947545 -0 0.9730445 0.2306175 0 0.955573 0.2947545 0 0.9862168 0.1654582 0 0.9730445 0.2306175 0 0.9950315 0.09956054 0 0.9862168 0.1654582 0 0.9950315 0.09956054 0 0.9994473 0.03324477 0 0.9994473 0.03324477 -0 0.9396927 -0.3420201 0 0.9396927 -0.3420201 0 0.08937497 0.995998 -0 0.08937497 0.995998 -0 0.1316308 0.9912989 -0 0.1316308 0.9912989 0 0.1736479 0.9848078 -0 0.1736479 0.9848078 0 0.2153512 0.9765366 -0 0.2153512 0.9765366 0 0.2566667 0.9664999 -0 0.2566667 0.9664999 0 -1 0 0 -1 0 0 -0.9994646 0.03271797 0 -0.9994646 0.03271797 0 -0.9951847 0.09801739 0 -0.9951847 0.09801739 0 -0.9866433 0.1628957 0 -0.9866433 0.1628957 0 -0.9738765 0.2270785 0 -0.9738765 0.2270785 0 -0.9569398 0.2902862 0 -0.9359053 0.3522518 0 -0.9569398 0.2902862 0 -0.9359053 0.3522518 0 -0.9108656 0.4127032 0 -0.8819218 0.4713956 0 -0.9108656 0.4127032 0 -0.8819218 0.4713956 0 -0.8492013 0.5280693 0 -0.8492013 0.5280693 0 -0.8128459 0.5824787 0 -0.8128459 0.5824787 0 -0.7730073 0.6343971 0 -0.7730073 0.6343971 0 -0.7298661 0.6835901 0 -0.7298661 0.6835901 0 -0.6835976 0.729859 0 -0.6835976 0.729859 0 -0.6343884 0.7730145 0 -0.6343884 0.7730145 0 -0.5280706 0.8492005 0 -0.5824796 0.8128453 0 -0.5824796 0.8128453 0 -0.5280706 0.8492005 0 -0.4713919 0.8819239 0 -0.4713919 0.8819239 0 -0.4127068 0.9108639 0 -0.4127068 0.9108639 0 -0.3522545 0.9359043 0 -0.3522545 0.9359043 0 -0.2902876 0.9569395 0 -0.2902876 0.9569395 0 -0.2270682 0.9738789 0 -0.2270682 0.9738789 0 -0.1629044 0.9866419 0 -0.1629044 0.9866419 0 -0.09801258 0.9951853 0 -0.09801258 0.9951853 0 -0.03272282 0.9994644 0 -0.03272282 0.9994644 0 0.03272266 0.9994644 -0 0.03272266 0.9994644 0 0.09801306 0.9951852 -0 0.1629044 0.9866419 0 0.09801306 0.9951852 0 0.1629044 0.9866419 0 0.2270672 0.9738792 -0 0.2270672 0.9738792 0 0.2902889 0.956939 -0 0.2902889 0.956939 0 0.3522545 0.9359043 0 0.3522545 0.9359043 -0 0.4127068 0.9108639 -0 0.4127068 0.9108639 0 0.4713919 0.8819239 0 0.4713919 0.8819239 -0 0.5280706 0.8492005 0 0.5280706 0.8492005 -0 0.634386 0.7730165 0 0.5824796 0.8128453 0 0.5824796 0.8128453 -0 0.634386 0.7730165 0 0.7298673 0.6835887 0 0.6835976 0.729859 0 0.6835976 0.729859 -0 0.7298673 0.6835887 0 0.7730085 0.6343957 0 0.7730085 0.6343957 -0 0.8128448 0.5824803 0 0.8128448 0.5824803 -0 0.8492013 0.5280693 0 0.8492013 0.5280693 -0 0.8819209 0.4713975 0 0.8819209 0.4713975 -0 0.9108656 0.4127032 0 0.9108656 0.4127032 -0 0.9359053 0.3522518 0 0.9359053 0.3522518 -0 0.9569412 0.2902817 0 0.9569412 0.2902817 -0 0.9738765 0.2270785 0 0.9738765 0.2270785 -0 0.9866433 0.1628957 0 0.9866433 0.1628957 -0 0.9951847 0.09801739 0 0.9951847 0.09801739 -0 0.9994646 0.03271797 0 0.9994646 0.03271797 -0 1 0 -0 1 0 0 -0.2566667 0.9664999 0 -0.2566667 0.9664999 0 -0.2153511 0.9765366 0 -0.2153511 0.9765366 0 -0.1736479 0.9848078 0 -0.1736479 0.9848078 0 -0.1316307 0.9912987 0 -0.1316307 0.9912987 0 -0.08937495 0.995998 0 -0.08937495 0.995998 0 0.9996892 -0.02492901 0 0.9972038 -0.07472968 0 0.9996892 -0.02492901 0 0.9922392 -0.1243438 0 0.9972038 -0.07472968 0 0.9848075 -0.1736495 0 0.9922392 -0.1243438 0 0.9749281 -0.2225203 0 0.9848075 -0.1736495 0 0.9626241 -0.2708409 0 0.9749281 -0.2225203 0 0.9479271 -0.3184874 0 0.9626241 -0.2708409 0 0.930874 -0.3653404 0 0.9479271 -0.3184874 0 0.9115059 -0.4112869 0 0.930874 -0.3653404 0 0.8898719 -0.4562104 0 0.9115059 -0.4112869 0 0.8660252 -0.5000004 0 0.8898719 -0.4562104 0 0.8400265 -0.5425454 0 0.8660252 -0.5000004 0 0.811938 -0.5837437 0 0.8400265 -0.5425454 0 0.811938 -0.5837437 0 0.7497807 -0.6616864 0 0.7818312 -0.6234902 0 0.7818312 -0.6234902 0 0.7158667 -0.6982369 0 0.7497807 -0.6616864 0 0.7158667 -0.6982369 0 0.6801738 -0.7330509 0 0.6801738 -0.7330509 0 0.6427871 -0.7660449 0 0.6427871 -0.7660449 0 0.603804 -0.7971329 0 0.603804 -0.7971329 0 0.5633199 -0.8262389 0 0.5633199 -0.8262389 0 0.5214352 -0.8532909 0 0.5214352 -0.8532909 0 0.4782543 -0.8782214 0 0.4782543 -0.8782214 0 0.4338838 -0.9009688 0 0.4338838 -0.9009688 0 0.388436 -0.9214757 0 0.388436 -0.9214757 0 0.3420195 -0.9396929 0 0.3420195 -0.9396929 0 0.2947545 -0.955573 0 0.2947545 -0.955573 0 0.246758 -0.9690771 0 0.246758 -0.9690771 0 0.1981451 -0.9801726 0 0.1490428 -0.9888307 0 0.1981451 -0.9801726 0 0.1490428 -0.9888307 0 0.09956764 -0.9950308 0 0.09956764 -0.9950308 0 0.04984604 -0.9987569 0 0.04984604 -0.9987569 0 0 -1 0 0 -1 0 -0.04984604 -0.9987569 0 -0.04984604 -0.9987569 0 -0.09956811 -0.9950308 0 -0.09956811 -0.9950308 0 -0.1490421 -0.9888309 0 -0.1490421 -0.9888309 0 -0.1981461 -0.9801725 0 -0.2467569 -0.9690774 -0 -0.1981461 -0.9801725 0 -0.2467569 -0.9690774 0 -0.2947545 -0.955573 0 -0.2947545 -0.955573 0 -0.342021 -0.9396923 0 -0.342021 -0.9396923 0 -0.3884351 -0.9214761 0 -0.3884351 -0.9214761 0 -0.4338838 -0.9009688 0 -0.4782533 -0.8782219 -0 -0.4338838 -0.9009688 0 -0.5214352 -0.8532909 -0 -0.4782533 -0.8782219 0 -0.5214352 -0.8532909 0 -0.563321 -0.8262381 0 -0.563321 -0.8262381 0 -0.6038028 -0.7971337 0 -0.6038028 -0.7971337 0 -0.6427895 -0.7660428 0 -0.6427895 -0.7660428 0 -0.6801726 -0.733052 0 -0.7158667 -0.6982369 -0 -0.6801726 -0.733052 0 -0.7158667 -0.6982369 0 -0.7497807 -0.6616864 0 -0.7497807 -0.6616864 0 -0.7818312 -0.6234902 0 -0.7818312 -0.6234902 0 -0.8119391 -0.5837421 0 -0.8400254 -0.542547 -0 -0.8119391 -0.5837421 0 -0.8400254 -0.542547 0 -0.8660252 -0.5000004 -0 -0.8660252 -0.5000004 0 -0.8898719 -0.4562104 0 -0.8898719 -0.4562104 0 -0.9115059 -0.4112869 0 -0.9115059 -0.4112869 0 -0.930874 -0.3653404 0 -0.930874 -0.3653404 0 -0.9479264 -0.3184896 0 -0.9626241 -0.2708409 -0 -0.9479264 -0.3184896 0 -0.9626241 -0.2708409 0 -0.9749286 -0.222518 -0 -0.9749286 -0.222518 0 -0.9848075 -0.1736495 0 -0.9848075 -0.1736495 0 -0.9922395 -0.1243415 0 -0.9922395 -0.1243415 0 -0.9972036 -0.07473206 0 -0.9972036 -0.07473206 0 -0.9996892 -0.0249314 0 -0.9996892 -0.0249314 0 -0.9396926 -0.3420202 -0 -0.9396926 -0.3420202 0 0 0 1 0 0 1 0 0 1 0 0 1 0 0 1 0 0 1 0 0 1 0 0 1 0 0 1 0 0 1 0 0 1 0 0 1 0 0 1 0 0 1 0 0 1 0 0 1 0 0 1 0 0 1 0 0 1 0 0 1 0 0 1 0 0 1 0 0 1 0 0 1 0 0 1 0 0 1 0 0 1 0 0 1 0 0 1 0 0 1 0 0 1 0 0 1 0 0 1 0 0 1 0 0 1 0 0 1 0 0 1 0 0 1 0 0 1 0 0 1 0 0 1 0 0 1 0 0 1 0 0 1 0 0 1 0 0 1 0 0 1 0 0 1 0 0 1 0 0 1 0 0 1 0 0 1 0 0 1 0 0 1 0 0 1 0 0 1 0 0 1 0 0 1 0 0 1 0 0 1 0 0 1 0 0 1 0 0 1 0 0 1 0 0 1 0 0 1 0 0 1 0 0 1 0 0 1 0 0 1 0 0 1 0 0 1 0 0 1 0 0 1 0 0 1 0 0 1 0 0 1 0 0 1 0 0 1 0 0 1 0 0 1 0 0 1 0 0 1 0 0 1 0 0 1 0 0 1 0 0 1 0 0 1 0 0 1 0 0 1 0 0 1 0 0 1 0 0 1 0 0 1 0 0 1 0 0 1 0 0 1 0 0 1 0 0 1 0 0 1 0 0 1 0 0 1 0 0 1 0 0 1 0 0 1 0 0 1 0 0 1 0 0 1 0 0 1 0 0 1 0 0 1 0 0 1 0 0 1 0 0 1 0 0 1 0 0 1 0 0 1 0 0 1 0 0 1 0 0 1 0 0 1 0 0 1 0 0 1 0 0 1 0 0 1 0 0 1 0 0 1 0 0 1 0 0 1 0 0 1 0 0 1 0 0 1 0 0 1 0 0 1 0 0 1 0 0 1 0 0 1 0 0 1 0 0 1 0 0 1 0 0 1 0 0 1 0 0 1 0 0 1 0 0 1 0 0 1 0 0 1 0 0 1 0 0 1 0 0 1 0 0 1 0 0 1 0 0 1 0 0 1 0 0 1 0 0 1 0 0 1 0 0 1 0 0 1 0 0 1 0 0 1 0 0 1 0 0 1 0 0 1 0 0 1 0 0 1 0 0 1 0 0 1 0 0 1 0 0 1 0 0 1 0 0 1 0 0 1 0 0 1 0 0 1 0 0 1 0 0 1 0 0 1 0 0 1 0 0 1 0 0 1 0 0 1 0 0 1 0 0 1 0 0 1 0 0 1 0 0 1 0 0 1 0 0 1 0 0 1 0 0 1 0 0 1 0 0 1 0 0 1 0 0 1 0 0 1 0 0 1 0 0 1 0 0 1 0 0 1 0 0 1 0 0 1 0 0 1 0 0 1 0 0 1 0 0 1 0 0 1 0 0 1 0 0 1 0 0 1 0 0 1 0 0 1 0 0 1 0 0 1 0 0 1 0 0 1 0 0 1 0 0 1 0 0 1 0 0 1 0 0 1 0 0 1 0 0 1 0 0 1 0 0 1 0 0 1 0 0 1 0 0 1 0 0 1 0 0 1 0 0 1 0 0 1 0 0 1 0 0 1 0 0 1 0 0 1 0 0 1 0 0 1 0 0 1 0 0 1 0 0 1 0 0 1 0 0 1 0 0 1 0 0 1 0 0 1 0 0 1 0 0 1 0 0 1 0 0 1 0 0 1 0 0 1 0 0 1 0 0 1 0 0 1 0 0 1 0 0 1 0 0 1 0 0 1 0 0 1 0 0 1 0 0 1 0 0 1 0 0 1 0 0 1 0 0 1 0 0 1 0 0 1 0 0 1 0 0 1 0 0 1 0 0 1 0 0 1 0 0 1 0 0 1 0 0 1 0 0 1 0 0 1 0 0 1 0 0 1 0 0 1 0 0 1 0 0 1 0 0 1 0 0 1 0 0 1 0 0 1 0 0 1 0 0 1 0 0 1 0 0 1 0 0 1 0 0 1 0 0 1 0 0 1 0 0 1 0 0 1 0 0 1 0 0 1 0 0 1 0 0 1 0 0 1 0 0 1 0 0 1 0 0 1 0 0 1 0 0 1 0 0 1 0 0 1 0 0 1 0 0 1 0 0 1 0 0 1 0 0 1 0 0 1 0 0 1 0 0 1 0 0 1 0 0 1 0 0 1 0 0 1 0 0 1 0 0 1 0 0 1 0 0 1 0 0 1 0 0 1 0 0 1 0 0 1 0 0 1 0 0 1 0 0 1 0 0 1 0 0 1 0 0 1 0 0 1 0 0 1 0 0 1 0 0 1 0 0 1 0 0 1 0 0 1 0 0 1 0 0 1 0 0 1 0 0 1 0 0 1 0 0 1 0 0 1 0 0 1 0 0 1 0 0 1 0 0 1 0 0 1 0 0 1 0 0 1 0 0 1 0 0 1 0 0 1 0 0 1 0 0 1 0 0 1 0 0 1 0 0 1 0 0 1 0 0 1 0 0 1 0 0 1 0 0 1 0 0 1 0 0 1 0 0 1 0 0 1 0 0 1 0 0 1 0 0 1 0 0 1 0 0 1 0 0 1 0 0 1 0 0 1 0 0 1 0 0 1 0 0 1 0 0 1 0 0 1 0 0 1 0 0 1 0 0 1 0 0 1 0 0 1 0 0 1 0 0 1 0 0 1 0 0 1 0 0 1 0 0 1 0 0 1 0 0 1 0 0 1 0 0 1 0 0 1 0 0 1 0 0 1 0 0 1 0 0 1 0 0 1 0 0 1 0 0 1 0 0 1 0 0 1 0 0 1 0 0 1 0 0 1 0 0 1 0 0 1 0 0 1 0 0 1 0 0 1 0 0 1 0 0 1 0 0 1 0 0 1 0 0 1 0 0 1 0 0 1 0 0 1 0 0 1 0 0 1 0 0 1 0 0 1 0 0 1 0 0 1 0 0 1 0 0 1 0 0 1 0 0 1 0 0 1 0 0 1 0 0 1 0 0 1 0 0 1 0 0 1 0 0 1 0 0 1 0 0 1 0 0 1 0 0 1 0 0 1 0 0 1 0 0 1 0 0 1 0 0 1 0 0 1 0 0 1 0 0 1 0 0 1 0 0 1 0 0 1 0 0 1 0 0 1 0 0 1 0 0 1 0 0 1 0 0 1 0 0 1 0 0 1 0 0 1 0 0 1 0 0 1 0 0 1 0 0 1 0 0 1 0 0 1 0 0 1 0 0 1 0 0 1 0 0 1 0 0 1 0 0 1 0 0 1 0 0 1 0 0 1 0 0 1 0 0 1 0 0 1 0 0 1 0 0 1 0 0 1 0 0 1 0 0 1 0 0 1 0 0 1 0 0 1 0 0 1 0 0 1 0 0 1 0 0 1 0 0 1 0 0 1 0 0 1 0 0 1 0 0 1 0 0 1 0 0 1 0 0 1 0 0 1 0 0 1 0 0 1 0 0 1 0 0 1 0 0 1 0 0 1 0 0 1 0 0 1 0 0 1 0 0 1 0 0 1 0 0 1 0 0 1 0 0 1 0 0 1 0 0 1 0 0 1 0 0 1 0 0 1 0 0 1 0 0 1 0 0 1 0 0 1 0 0 1 0 0 1 0 0 1 0 0 1 0 0 1 0 0 1 0 0 1 0 0 1 0 0 1 0 0 1 0 0 1 0 0 1 0 0 1 0 0 1 0 0 1 0 0 1 0 0 1 0 0 1 0 0 1 0 0 1 0 0 1 0 0 1 0 0 1 0 0 1 0 0 1 0 0 1 0 0 1 0 0 1 0 0 1 0 0 1 0 0 1 0 0 1 0 0 1 0 0 1 0 0 1 0 0 1 0 0 1 0 0 1 0 0 1 0 0 1 0 0 1 0 0 1 0 0 1 0 0 1 0 0 1 0 0 1 0 0 1 0 0 1 0 0 1 0 0 1 0 0 1 0 0 1 0 0 1 0 0 1 0 0 1 0 0 1 0 0 1 0 0 1 0 0 1 0 0 1 0 0 1 0 0 1 0 0 1 0 0 1 0 0 1 0 0 1 0 0 1 0 0 1 0 0 1 0 0 1 0 0 1 0 0 1 0 0 1 0 0 1 0 0 1 0 0 1 0 0 1 0 0 1 0 0 1 0 0 1 0 0 1 0 0 1 0 0 1 0 0 1 0 0 1 0 0 1 0 0 1 0 0 1 0 0 1 0 0 1 0 0 1 0 0 1 0 0 1 0 0 1 0 0 1 0 0 1 0 0 1 0 0 1 0 0 1 0 0 1 0 0 1 0 0 1 0 0 1 0 0 1 0 0 1 0 0 1 0 0 1 0 0 1 0 0 1 0 0 1 0 0 1 0 0 1 0 0 1 0 0 1 0 0 1 0 0 1 0 0 1 0 0 1 0 0 1 0 0 1 0 0 1 0 0 1 0 0 1 0 0 1 0 0 1 0 0 1 0 0 1 0 0 1 0 0 1 0 0 1 0 0 1 0 0 1 0 0 1 0 0 1 0 0 1 0 0 1 0 0 1 0 0 1 0 0 1 0 0 1 0 0 1 0 0 1 0 0 1 0 0 1 0 0 1 0 0 1 0 0 1 0 0 1 0 0 1 0 0 1 0 0 1 0 0 1 0 0 1 0 0 1 0 0 1 0 0 1 0 0 1 0 0 1 0 0 1 0 0 1 0 0 1 0 0 1 0 0 1 0 0 1 0 0 1 0 0 1 0 0 1 0 0 1 0 0 1 0 0 1 0 0 1 0 0 1 0 0 1 0 0 1 0 0 1 0 0 1 0 0 1 0 0 1 0 0 1 0 0 1 0 0 1 0 0 1 0 0 1 0 0 1 0 0 1 0 0 1 0 0 1 0 0 1 0 0 1 0 0 1 0 0 1 0 0 1 0 0 1 0 0 1 0 0 1 0 0 1 0 0 1 0 0 1 0 0 1 0 0 1 0 0 1 0 0 1 0 0 1 0 0 1 0 0 1 0 0 1 0 0 1 0 0 1 0 0 1 0 0 1 0 0 1 0 0 1 0 0 1 0 0 1 0 0 1 0 0 1 0 0 1 0 0 1 0 0 1 0 0 1 0 0 1 0 0 1 0 0 1 0 0 1 0 0 1 0 0 1 0 0 1 0 0 1 0 0 1 0 0 1 0 0 1 0 0 1 0 0 1 0 0 1 0 0 1 0 0 1 0 0 1 0 0 1 0 0 1 0 0 1 0 0 1 0 0 1 0 0 1 0 0 1 0 0 1 0 0 1 0 0 1 0 0 1 0 0 1 0 0 1 0 0 1 0 0 1 0 0 1 0 0 1 0 0 1 0 0 1 0 0 1 0 0 1 0 0 1 0 0 1 0 0 1 0 0 1 0 0 1 0 0 1 0 0 1 0 0 1 0 0 1 0 0 1 0 0 1 0 0 1 0 0 1 0 0 1 0 0 1 0 0 1 0 0 1 0 0 1 0 0 1 0 0 1 0 0 1 0 0 1 0 0 1 0 0 1 0 0 1 0 0 1 0 0 1 0 0 1 0 0 1 0 0 1 0 0 1 0 0 1 0 0 1 0 0 1 0 0 1 0 0 1 0 0 1 0 0 1 0 0 1 0 0 1 0 0 1 0 0 1 0 0 1 0 0 1 0 0 1 0 0 1 0 0 1 0 0 1 0 0 1 0 0 1 0 0 1 0 0 1 0 0 1 0 0 1 0 0 1 0 0 1 0 0 1 0 0 1 0 0 1 0 0 1 0 0 1 0 0 1 0 0 1 0 0 1 0 0 1 0 0 1 0 0 1 0 0 1 0 0 1 0 0 1 0 0 1 0 0 1 0 0 1 0 0 1 0 0 1 0 0 1 0 0 1 0 0 1 0 0 1 0 0 1 0 0 1 0 0 1 0 0 1 0 0 1 0 0 1 0 0 1 0 0 1 0 0 1 0 0 1 0 0 1 0 0 1 0 0 1 0 0 1 0 0 1 0 0 1 0 0 1 0 0 1 0 0 1 0 0 1 0 0 1 0 0 1 0 0 1 0 0 1 0 0 1 0 0 1 0 0 1 0 0 1 0 0 1 0 0 1 0 0 1 0 0 1 0 0 1 0 0 1 0 0 1 0 0 1 0 0 1 0 0 1 0 0 1 0 0 1 0 0 1 0 0 1 0 0 1 0 0 1 0 0 1 0 0 1 0 0 1 0 0 1 0 0 1 0 0 1 0 0 1 0 0 1 0 0 1 0 0 1 0 0 1 0 0 1 0 0 1 0 0 1 0 0 1 0 0 1 0 0 1 0 0 1 0 0 1 0 0 1 0 0 1 0 0 1 0 0 1 0 0 1 0 0 1 0 0 1 0 0 1 0 0 1 0 0 1 0 0 1 0 0 1 0 0 1 0 0 1 0 0 1 0 0 1 0 0 1 0 0 1 0 0 1 0 0 1 0 0 1 0 0 1 0 0 1 0 0 1 0 0 1 0 0 1 0 0 1 0 0 1 0 0 1 0 0 1 0 0 1 0 0 1 0 0 1 0 0 1 0 0 1 0 0 1 0 0 1 0 0 1 0 0 1 0 0 1 0 0 1 0 0 1 0 0 1 0 0 1 0 0 1 0 0 1 0 0 1 0 0 1 0 0 1 0 0 1 0 0 1 0 0 1 0 0 1 0 0 1 0 0 1 0 0 1 0 0 1 0 0 1 0 0 1 0 0 1 0 0 1 0 0 1 0 0 1 0 0 1 0 0 1 0 0 1 0 0 1 0 0 1 0 0 1 0 0 1 0 0 1 0 0 1 0 0 1 0 0 1 0 0 1 0 0 1 0 0 1 0 0 1 0 0 1 0 0 1 0 0 1 0 0 1 0 0 1 0 0 1 0 0 1 0 0 1 0 0 1 0 0 1 0 0 1 0 0 1 0 0 1 0 0 1 0 0 1 0 0 1 0 0 1 0 0 1 0 0 1 0 0 1 0 0 1 0 0 1 0 0 1 0 0 1 0 0 1 0 0 1 0 0 1 0 0 1 0 0 1 0 0 1 0 0 1 0 0 1 0 0 1 0 0 1 0 0 1 0 0 1 0 0 1 0 0 1 0 0 1 0 0 1 0 0 1 0 0 1 0 0 1 0 0 1 0 0 1 0 0 1 0 0 1 0 0 1 0 0 1 0 0 1 0 0 1 0 0 1 0 0 1 0 0 1 0 0 1 0 0 1 0 0 1 0 0 1 0 0 1 0 0 1 0 0 1 0 0 1 0 0 1 0 0 1 0 0 1 0 0 1 0 0 1 0 0 1 0 0 1 0 0 1 0 0 1 0 0 1 0 0 1 0 0 1 0 0 1 0 0 1 0 0 1 0 0 1 0 0 1 0 0 1 0 0 1 0 0 1 0 0 1 0 0 1 0 0 1 0 0 1 0 0 1 0 0 1 0 0 1 0 0 1 0 0 1 0 0 1 0 0 1 0 0 1 0 0 1 0 0 1 0 0 1 0 0 1 0 0 1 0 0 1 0 0 1 0 0 1 0 0 1 0 0 1 0 0 1 0 0 1 0 0 1 0 0 1 0 0 1 0 0 1 0 0 1 0 0 1 0 0 1 0 0 1 0 0 1 0 0 1 0 0 1 0 0 1 0 0 1 0 0 1 0 0 1 0 0 1 0 0 1 0 0 1 0 0 1 0 0 1 0 0 1 0 0 1 0 0 1 0 0 1 0 0 1 0 0 1 0 0 1 0 0 1 0 0 1 0 0 1 0 0 1 0 0 1 0 0 1 0 0 1 0 0 1 0 0 1 0 0 1 0 0 1 0 0 1 0 0 1 0 0 1 0 0 1 0 0 1 0 0 1 0 0 1 0 0 1 0 0 1 0 0 1 0 0 1 0 0 1 0 0 1 0 0 1 0 0 1 0 0 1 0 0 1 0 0 1 0 0 1 0 0 1 0 0 1 0 0 1 0 0 1 0 0 1 0 0 1 0 0 1 0 0 1 0 0 1 0 0 1 0 0 1 0 0 1 0 0 1 0 0 1 0 0 1 0 0 1 0 0 1 0 0 1 0 0 1 0 0 1 0 0 1 0 0 1 0 0 1 0 0 1 0 0 1 0 0 1 0 0 1 0 0 1 0 0 1 0 0 1 0 0 1 0 0 1 0 0 1 0 0 1 0 0 1 0 0 1 0 0 1 0 0 1 0 0 1 0 0 1 0 0 1 0 0 1 0 0 1 0 0 1 0 0 1 0 0 1 0 0 1 0 0 1 0 0 1 0 0 1 0 0 1 0 0 1 0 0 1 0 0 1 0 0 1 0 0 1 0 0 1 0 0 1 0 0 1 0 0 1 0 0 1 0 0 1 0 0 1 0 0 1 0 0 1 0 0 1 0 0 1 0 0 1 0 0 1 0 0 1 0 0 1 0 0 1 0 0 1 0 0 1 0 0 1 0 0 1 0 0 1 0 0 1 0 0 1 0 0 1 0 0 1 0 0 1 0 0 1 0 0 1 0 0 1 0 0 1 0 0 1 0 0 1 0 0 1 0 0 1 0 0 1 0 0 1 0 0 1 0 0 1 0 0 1 0 0 1 0 0 1 0 0 1 0 0 1 0 0 1 0 0 1 0 0 1 0 0 1 0 0 1 0 0 1 0 0 1 0 0 1 0 0 1 0 0 1 0 0 1 0 0 1 0 0 1 0 0 1 0 0 1 0 0 1 0 0 1 0 0 1 0 0 1 0 0 1 0 0 1 0 0 1 0 0 1 0 0 1 0 0 1 0 0 1 0 0 1 0 0 1 0 0 1 0 0 1 0 0 1 0 0 1 0 0 1 0 0 1 0 0 1 0 0 1 0 0 1 0 0 1 0 0 1 0 0 1 0 0 1 0 0 1 0 0 1 0 0 1 0 0 1 0 0 1 0 0 1 0 0 1 0 0 1 0 0 1 0 0 1 0 0 1 0 0 1 0 0 1 0 0 1 0 0 1 0 0 1 0 0 1 0 0 1 0 0 1 0 0 1 0 0 1 0 0 1 0 0 1 0 0 1 0 0 1 0 0 1 0 0 1 0 0 1 0 0 1 0 0 1 0 0 1 0 0 1 0 0 1 0 0 1 0 0 1 0 0 1 0 0 1 0 0 1 0 0 1 0 0 1 0 0 1 0 0 1 0 0 1 0 0 1 0 0 1 0 0 1 0 0 1 0 0 1 0 0 1 0 0 1 0 0 1 0 0 1 0 0 1 0 0 1 0 0 1 0 0 1 0 0 1 0 0 1 0 0 1 0 0 1 0 0 1 0 0 1 0 0 1 0 0 1 0 0 1 0 0 1 0 0 1 0 0 1 0 0 1 0 0 1 0 0 1 0 0 1 0 0 1 0 0 1 0 0 1 0 0 1 0 0 1 0 0 1 0 0 1 0 0 1 0 0 1 0 0 1 0 0 1 0 0 1 0 0 1 0 0 1 0 0 1 0 0 1 0 0 1 0 0 1 0 0 1 0 0 1 0 0 1 0 0 1 0 0 1 0 0 1 0 0 1 0 0 1 0 0 1 0 0 1 0 0 1 0 0 1 0 0 1 0 0 1 0 0 1 0 0 1 0 0 1 0 0 1 0 0 1 0 0 1 0 0 1 0 0 1 0 0 1 0 0 1 0 0 1 0 0 1 0 0 1 0 0 1 0 0 1 0 0 1 0 0 1 0 0 1 0 0 1 0 0 1 0 0 1 0 0 1 0 0 1 0 0 1 0 0 1 0 0 1 0 0 1 0 0 1 0 0 1 0 0 1 0 0 1 0 0 1 0 0 1 0 0 1 0 0 1 0 0 1 0 0 1 0 0 1 0 0 1 0 0 1 0 0 1 0 0 1 0 0 1 0 0 1 0 0 1 0 0 1 0 0 1 0 0 1 0 0 1 0 0 1 0 0 1 0 0 1 0 0 1 0 0 1 0 0 1 0 0 1 0 0 1 0 0 1 0 0 1 0 0 1 0 0 1 0 0 1 0 0 1 0 0 1 0 0 1 0 0 1 0 0 1 0 0 1 0 0 1 0 0 1 0 0 1 0 0 1 0 0 1 0 0 1 0 0 1 0 0 1 0 0 1 0 0 1 0 0 1 0 0 1 0 0 1 0 0 1 0 0 1 0 0 1 0 0 1 0 0 1 0 0 1 0 0 1 0 0 1 0 0 1 0 0 1 0 0 1 0 0 1 0 0 1 0 0 1 0 0 1 0 0 1 0 0 1 0 0 1 0 0 1 0 0 1 0 0 1 0 0 1 0 0 1 0 0 1 0 0 1 0 0 1 0 0 1 0 0 1 0 0 1 0 0 1 0 0 1 0 0 1 0 0 1 0 0 1 0 0 1 0 0 1 0 0 1 0 0 1 0 0 1 0 0 1 0 0 1 0 0 1 0 0 1 0 0 1 0 0 1 0 0 1 0 0 1 0 0 1 0 0 1 0 0 1 0 0 1 0 0 1 0 0 1 0 0 1 0 0 1 0 0 1 0 0 1 0 0 1 0 0 1 0 0 1 0 0 1 0 0 1 0 0 1 0 0 1 0 0 1 0 0 1 0 0 1 0 0 1 0 0 1 0 0 1 0 0 1 0 0 1 0 0 1 0 0 1 0 0 1 0 0 1 0 0 1 0 0 1 0 0 1 0 0 1 0 0 1 0 0 1 0 0 1 0 0 1 0 0 1 0 0 1 0 0 1 0 0 1 0 0 1 0 0 1 0 0 1 0 0 1 0 0 1 0 0 1 0 0 1 0 0 1 0 0 1 0 0 1 0 0 1 0 0 1 0 0 1 0 0 1 0 0 1 0 0 1 0 0 1 0 0 1 0 0 1 0 0 1 0 0 1 0 0 1 0 0 1 0 0 1 0 0 1 0 0 1 0 0 1 0 0 1 0 0 1 0 0 1 0 0 1 0 0 1 0 0 1 0 0 1 0 0 1 0 0 1 0 0 1 0 0 1 0 0 1 0 0 1 0 0 1 0 0 1 0 0 1 0 0 1 0 0 1 -0.9991458 -0.04132418 -0 -0.9991458 -0.04132418 0 -0.9923205 -0.1236927 0 -0.9923205 -0.1236927 -0 -0.9787166 -0.2052166 0 -0.9787166 -0.2052166 -0 -0.9584282 -0.2853337 0 -0.9315907 -0.3635091 0 -0.9584282 -0.2853337 -0 -0.9315907 -0.3635091 0 -0.8983915 -0.4391956 -0 -0.8983915 -0.4391956 0 -0.859053 -0.5118866 0 -0.859053 -0.5118866 0 -0.8138481 -0.5810776 -0 -0.8138481 -0.5810776 0 -0.7630836 -0.6462998 -0 -0.7630836 -0.6462998 0 -0.7071068 -0.7071068 0 -0.7071068 -0.7071068 0 -0.6463013 -0.7630824 -0 -0.6463013 -0.7630824 0 -0.5810765 -0.813849 -0 -0.5810765 -0.813849 0 -0.5118855 -0.8590537 -0 -0.5118855 -0.8590537 0 -0.4391936 -0.8983924 -0 -0.4391936 -0.8983924 0 -0.3635083 -0.931591 -0 -0.3635083 -0.931591 0 -0.2853372 -0.9584272 -0 -0.2853372 -0.9584272 0 -0.2052161 -0.9787167 0 -0.2052161 -0.9787167 0 -0.1236903 -0.9923208 -0 -0.1236903 -0.9923208 0 -0.04132788 -0.9991457 0 -0.04132788 -0.9991457 -0 0.04132778 -0.9991457 0 0.04132778 -0.9991457 0 0.1236903 -0.9923208 0 0.1236903 -0.9923208 0 0.2052161 -0.9787167 0 0.2052161 -0.9787167 0 0.2853379 -0.958427 0 0.2853379 -0.958427 0 0.3635075 -0.9315913 0 0.3635075 -0.9315913 0 0.4391936 -0.8983924 0 0.4391936 -0.8983924 0 0.5118855 -0.8590537 0 0.5118855 -0.8590537 0 0.5810765 -0.813849 0 0.5810765 -0.813849 0 0.6463013 -0.7630824 0 0.6463013 -0.7630824 0 0.7071068 -0.7071068 0 0.7071068 -0.7071068 0 0.7630848 -0.6462985 0 0.7630848 -0.6462985 0 0.8138459 -0.5810809 0 0.8138459 -0.5810809 0 0.8590552 -0.511883 0 0.8590552 -0.511883 0 0.8983915 -0.4391956 0 0.8983915 -0.4391956 0 0.9315907 -0.3635091 0 0.9315907 -0.3635091 0 0.9584276 -0.2853359 0 0.9584276 -0.2853359 0 0.9787166 -0.2052166 0 0.9787166 -0.2052166 0 0.9923208 -0.1236903 0 0.9923208 -0.1236903 0 0.9991457 -0.04132778 0 0.9991457 -0.04132778 0 -0.6962885 -0.02879815 0.717184 -0.6883304 -0.08580034 0.7203053 -0.6897951 -0.1023216 0.7167378 -0.6782049 -0.1422055 0.7209825 -0.6942551 -0.03410567 0.7189205 -0.6942549 -0.03410683 0.7189206 -0.6767806 -0.1695251 0.7164002 -0.6640499 -0.1976943 0.7210789 -0.6875691 -0.1019914 0.7189204 -0.6875689 -0.1019916 0.7189205 -0.6459235 -0.252041 0.7205957 -0.6567427 -0.2349858 0.7165688 -0.6869336 -0.01713063 0.7265183 -0.6929494 -0.05193017 0.7191136 -0.6892501 -0.08637383 0.7193565 -0.694255 -0.03410664 0.7189206 -0.674261 -0.1688939 0.7189208 -0.6742616 -0.1688931 0.7189204 -0.6299201 -0.2979304 0.7172434 -0.6238995 -0.305005 0.7195286 -0.597504 -0.3560365 0.7184893 -0.6833071 -0.1013586 0.7230615 -0.6844478 -0.1206863 0.7190034 -0.6770909 -0.1545422 0.7194892 -0.687569 -0.1019908 0.7189205 -0.6875686 -0.1019916 0.7189208 -0.6544605 -0.2341692 0.7189202 -0.6544597 -0.2341702 0.7189207 -0.5970411 -0.3578526 0.7179717 -0.5648319 -0.4032831 0.7199497 -0.6742615 -0.1688931 0.7189205 -0.6691322 -0.1882634 0.7189012 -0.6582005 -0.2211449 0.7196298 -0.6700985 -0.1678514 0.7230449 -0.6742607 -0.168894 0.7189209 -0.6283558 -0.2971906 0.7189205 -0.6283566 -0.2971898 0.7189201 -0.5599251 -0.4152688 0.7169628 -0.528909 -0.4479638 0.7208216 -0.6471536 -0.2539888 0.7188059 -0.6327721 -0.2855179 0.719777 -0.6544594 -0.2341701 0.718921 -0.6504443 -0.2327322 0.72302 -0.6544602 -0.2341691 0.7189205 -0.5583032 -0.4140659 0.7189207 -0.5962008 -0.3573484 0.7189206 -0.5962004 -0.3573487 0.7189206 -0.5169111 -0.4685004 0.7164567 -0.489897 -0.489897 0.7211116 -0.6187291 -0.3172041 0.7187182 -0.6010604 -0.3470222 0.7199319 -0.6245319 -0.2953813 0.7229867 -0.6283556 -0.2971898 0.7189211 -0.6283559 -0.2971895 0.7189209 -0.5583032 -0.414066 0.7189206 -0.4685004 -0.5169111 0.7164567 -0.4479649 -0.5289084 0.7208213 -0.5841407 -0.3772776 0.7186384 -0.5633842 -0.4050456 0.7200947 -0.5962001 -0.3573487 0.7189209 -0.5926092 -0.3551965 0.7229453 -0.5583032 -0.414066 0.7189207 -0.5962006 -0.3573484 0.7189207 -0.5150297 -0.4667951 0.7189205 -0.5150293 -0.4667953 0.7189206 -0.4032823 -0.5648325 0.7199497 -0.4152692 -0.5599253 0.7169625 -0.554982 -0.4116029 0.7228956 -0.5437311 -0.4336119 0.7185661 -0.5201237 -0.4590102 0.7202646 -0.5583031 -0.414066 0.7189206 -0.466795 -0.5150296 0.7189207 -0.4140662 -0.5583031 0.7189207 -0.4667954 -0.5150294 0.7189205 -0.3578531 -0.5970407 0.7179717 -0.3560356 -0.5975041 0.7184897 -0.3050034 -0.6238998 0.719529 -0.5120102 -0.4640594 0.7228378 -0.4979033 -0.4856413 0.7185017 -0.4717095 -0.5083826 0.7204425 -0.5150294 -0.4667954 0.7189206 -0.5150291 -0.4667956 0.7189207 -0.4140655 -0.5583042 0.7189202 -0.2520402 -0.6459231 0.7205963 -0.2979297 -0.6299196 0.7172441 -0.4471119 -0.5328495 0.7184444 -0.4186314 -0.5526704 0.720627 -0.4641056 -0.512062 0.7227714 -0.4667955 -0.5150295 0.7189204 -0.4667952 -0.5150297 0.7189205 -0.3573499 -0.5962003 0.7189202 -0.3573495 -0.5962004 0.7189204 -0.1976965 -0.6640483 0.7210797 -0.2349863 -0.6567414 0.7165697 -0.414065 -0.5583036 0.7189209 -0.3918669 -0.5747598 0.718395 -0.3614175 -0.591436 0.7208197 -0.4140662 -0.5583034 0.7189204 -0.3573495 -0.5961996 0.7189209 -0.4117271 -0.5551494 0.7226964 -0.2971901 -0.6283559 0.7189207 -0.297191 -0.6283558 0.7189204 -0.1695244 -0.6767803 0.7164006 -0.1422051 -0.6782046 0.7209828 -0.332711 -0.6109608 0.7183525 -0.3006457 -0.6242955 0.7210183 -0.3573495 -0.5961998 0.7189208 -0.3553757 -0.5929067 0.7226132 -0.2341702 -0.6544605 0.7189199 -0.2341681 -0.6544604 0.7189205 -0.08579861 -0.6883298 0.720306 -0.1023215 -0.6897947 0.7167382 -0.2971899 -0.6283557 0.7189209 -0.2702399 -0.6410842 0.7183185 -0.2369175 -0.6509253 0.7212256 -0.2955891 -0.6249714 0.7225217 -0.2971909 -0.6283557 0.7189205 -0.1688934 -0.6742612 0.7189205 -0.1688952 -0.6742615 0.7189199 -0.03417274 -0.6956366 0.7175807 -0.02872149 -0.6943728 0.7190421 0.02872142 -0.6943728 0.719042 -0.2341681 -0.6544603 0.7189206 -0.2329424 -0.6510328 0.7224224 -0.2050727 -0.6648321 0.7182921 -0.1708727 -0.6710639 0.7214401 -0.2341687 -0.6544604 0.7189205 -0.10199 -0.6875692 0.7189205 -0.1019914 -0.6875695 0.71892 0.03417268 -0.6956366 0.7175806 0.0857986 -0.6883298 0.720306 -0.1688951 -0.6742609 0.7189204 -0.1688943 -0.6742609 0.7189207 -0.1680374 -0.67084 0.7223138 -0.1378656 -0.6819657 0.7182729 -0.1031713 -0.6845143 0.7216619 -0.03410484 -0.6942545 0.7189212 -0.03410795 -0.6942555 0.7189201 0.1023215 -0.6897947 0.7167382 0.1422051 -0.6782047 0.7209828 -0.06927669 -0.6923161 0.7182612 -0.03449551 -0.6911478 0.7218897 -0.1014914 -0.6842006 0.7221974 -0.1019899 -0.6875688 0.7189209 -0.1019911 -0.687569 0.7189204 0.03410484 -0.6942557 0.7189199 0.03410784 -0.6942543 0.7189211 0.1695247 -0.6767803 0.7164006 0.197697 -0.6640483 0.7210796 -0.03410793 -0.6942552 0.7189203 -0.03410648 -0.6942546 0.7189209 0 -0.695777 0.7182578 -0.03394578 -0.6909835 0.722073 0.1019914 -0.687569 0.7189205 0.1019902 -0.6875696 0.71892 0.2349859 -0.6567415 0.7165698 0.2520397 -0.6459233 0.7205964 0.03410785 -0.6942546 0.7189209 0.03394574 -0.6909835 0.722073 0.03449551 -0.6911477 0.7218897 0.06927669 -0.6923161 0.7182612 0.03410647 -0.6942552 0.7189204 0.1688948 -0.674261 0.7189204 0.2341698 -0.6544605 0.71892 0.1688938 -0.6742617 0.7189199 0.2979297 -0.6299196 0.7172441 0.3050034 -0.6238998 0.719529 0.3560356 -0.5975041 0.7184898 0.101991 -0.6875686 0.7189208 0.1031713 -0.6845143 0.7216619 0.1378656 -0.6819657 0.7182729 0.1019901 -0.6875691 0.7189205 0.1014914 -0.6842006 0.7221974 0.1688948 -0.674261 0.7189205 0.2341685 -0.6544605 0.7189205 0.3578531 -0.5970407 0.7179718 0.4032823 -0.5648325 0.7199497 0.1708727 -0.6710639 0.7214401 0.2050727 -0.6648321 0.7182921 0.1680374 -0.67084 0.7223138 0.1688943 -0.6742609 0.7189207 0.2971903 -0.6283563 0.7189201 0.2971909 -0.6283557 0.7189205 0.4152692 -0.5599253 0.7169625 0.4479649 -0.5289084 0.7208213 0.2369175 -0.6509253 0.7212256 0.2702405 -0.641084 0.7183185 0.2341685 -0.6544603 0.7189206 0.2329424 -0.6510328 0.7224224 0.2341686 -0.6544601 0.7189206 0.3573494 -0.5962003 0.7189204 0.4140663 -0.5583032 0.7189205 0.357349 -0.5962009 0.7189202 0.4685004 -0.5169111 0.7164567 0.489897 -0.489897 0.7211116 0.2955896 -0.6249714 0.7225217 0.3006457 -0.6242955 0.7210183 0.332711 -0.6109608 0.7183525 0.2971908 -0.6283553 0.7189209 0.2971903 -0.6283558 0.7189206 0.466795 -0.5150295 0.7189207 0.4140657 -0.5583035 0.7189206 0.5289096 -0.4479627 0.7208217 0.5169111 -0.4685004 0.7164567 0.3573486 -0.5962003 0.7189209 0.3614168 -0.5914365 0.7208195 0.3918663 -0.5747605 0.7183949 0.355375 -0.5929073 0.722613 0.3573486 -0.5962002 0.7189208 0.5150297 -0.4667951 0.7189205 0.4667954 -0.5150294 0.7189205 0.5599241 -0.4152693 0.7169632 0.5648303 -0.4032853 0.7199498 0.4140657 -0.5583035 0.7189206 0.4117271 -0.5551494 0.7226964 0.4186324 -0.5526699 0.7206267 0.4471116 -0.53285 0.7184442 0.4140659 -0.5583029 0.7189208 0.5150293 -0.4667953 0.7189206 0.5583026 -0.4140667 0.7189207 0.5975055 -0.356034 0.7184895 0.5970423 -0.3578509 0.7179716 0.6238994 -0.305005 0.7195286 0.4667954 -0.5150294 0.7189206 0.4717094 -0.5083824 0.7204427 0.4979032 -0.4856412 0.7185019 0.4667956 -0.5150291 0.7189207 0.4641061 -0.5120617 0.7227713 0.5583038 -0.414066 0.7189202 0.6299201 -0.2979304 0.7172435 0.6459235 -0.252041 0.7205957 0.5150293 -0.4667953 0.7189206 0.5150292 -0.4667957 0.7189206 0.51201 -0.4640593 0.7228379 0.5201252 -0.4590091 0.7202642 0.5437309 -0.4336126 0.7185658 0.5962013 -0.3573468 0.7189209 0.5962009 -0.357349 0.7189202 0.6567424 -0.2349863 0.7165689 0.6640494 -0.1976958 0.7210789 0.5583031 -0.414066 0.7189206 0.5633838 -0.4050462 0.7200947 0.5841403 -0.3772782 0.7186385 0.5549821 -0.411603 0.7228954 0.5583032 -0.4140656 0.7189208 0.6283555 -0.2971904 0.7189209 0.6283555 -0.2971903 0.7189209 0.676781 -0.1695246 0.7163999 0.6782053 -0.1422056 0.7209821 0.5961999 -0.3573484 0.7189214 0.6283551 -0.2971902 0.7189212 0.6010621 -0.3470208 0.7199312 0.6187283 -0.317207 0.7187176 0.5926087 -0.3551971 0.7229453 0.5961997 -0.3573494 0.7189209 0.6544599 -0.2341696 0.7189207 0.6544598 -0.2341687 0.718921 0.6883306 -0.08579871 0.7203052 0.6962882 -0.02880065 0.7171842 0.6897955 -0.1023216 0.7167374 0.6544601 -0.2341688 0.7189208 0.624532 -0.2953809 0.7229868 0.6327724 -0.2855172 0.719777 0.6471536 -0.2539888 0.7188058 0.628356 -0.2971895 0.7189209 0.6742606 -0.1688933 0.7189211 0.6742609 -0.1688945 0.7189207 0.6742609 -0.1688945 0.7189207 0.6544601 -0.2341686 0.7189206 0.6582012 -0.2211435 0.7196296 0.6691321 -0.1882643 0.718901 0.6504444 -0.2327317 0.7230201 0.694255 -0.03410667 0.7189205 0.6942544 -0.03410928 0.7189209 0.6875684 -0.1019905 0.7189212 0.6875685 -0.1019913 0.7189209 0.687569 -0.1019906 0.7189206 0.6742608 -0.1688945 0.7189206 0.6770907 -0.154543 0.7194892 0.6844481 -0.1206847 0.7190034 0.6700985 -0.1678518 0.7230448 0.68925 -0.08637547 0.7193565 0.6929497 -0.05192769 0.7191135 0.6869345 -0.01713147 0.7265175 0.6942548 -0.03410554 0.7189208 0.6833075 -0.1013586 0.7230611 0.6875688 -0.1019908 0.7189206 -0.9991457 -0.04132778 -0 -0.9991457 -0.04132778 0 -0.9923215 -0.1236856 0 -0.9923215 -0.1236856 -0 -0.9787166 -0.2052166 0 -0.9787166 -0.2052166 -0 -0.9584262 -0.2853404 0 -0.9315907 -0.3635091 0 -0.9584262 -0.2853404 -0 -0.9315907 -0.3635091 0 -0.8983934 -0.4391917 -0 -0.8983934 -0.4391917 0 -0.859053 -0.5118866 0 -0.859053 -0.5118866 0 -0.8138459 -0.5810809 -0 -0.8138459 -0.5810809 0 -0.7630872 -0.6462956 -0 -0.7630872 -0.6462956 0 -0.7071044 -0.7071092 0 -0.7071044 -0.7071092 0 -0.6463013 -0.7630824 -0 -0.6463013 -0.7630824 0 -0.5810776 -0.8138481 -0 -0.5810776 -0.8138481 0 -0.5118845 -0.8590543 -0 -0.5118845 -0.8590543 0 -0.4391955 -0.8983915 -0 -0.4391955 -0.8983915 0 -0.3635058 -0.9315919 -0 -0.3635058 -0.9315919 0 -0.2853386 -0.9584268 -0 -0.2853386 -0.9584268 0 -0.2052166 -0.9787166 0 -0.2052166 -0.9787166 0 -0.1236903 -0.9923208 -0 -0.1236903 -0.9923208 0 -0.04132778 -0.9991457 0 -0.04132778 -0.9991457 -0 0.04132778 -0.9991457 0 0.04132778 -0.9991457 0 0.1236903 -0.9923208 0 0.1236903 -0.9923208 0 0.2052166 -0.9787166 0 0.2052166 -0.9787166 0 0.2853359 -0.9584276 0 0.2853359 -0.9584276 0 0.3635091 -0.9315907 0 0.3635091 -0.9315907 0 0.4391917 -0.8983934 0 0.4391917 -0.8983934 0 0.5118887 -0.8590518 0 0.5118887 -0.8590518 0 0.5810731 -0.8138514 0 0.5810731 -0.8138514 0 0.6463013 -0.7630824 0 0.6463013 -0.7630824 0 0.7071092 -0.7071044 0 0.7071092 -0.7071044 0 0.7630824 -0.6463013 0 0.7630824 -0.6463013 0 0.8138504 -0.5810745 0 0.8138504 -0.5810745 0 0.859053 -0.5118866 0 0.859053 -0.5118866 0 0.8983895 -0.4391994 0 0.8983895 -0.4391994 0 0.9315907 -0.3635091 0 0.9315907 -0.3635091 0 0.9584289 -0.2853315 0 0.9584289 -0.2853315 0 0.9787166 -0.2052166 0 0.9787166 -0.2052166 0 0.9923203 -0.1236951 0 0.9923203 -0.1236951 0 0.999146 -0.04131817 0 0.999146 -0.04131817 0 -0.6962882 -0.02880065 0.7171842 -0.6883311 -0.08579544 0.7203051 -0.6897961 -0.1023193 0.7167371 -0.6782053 -0.1422056 0.720982 -0.6942534 -0.03411196 0.7189218 -0.6942549 -0.03410581 0.7189208 -0.6767808 -0.1695269 0.7163995 -0.6640489 -0.197699 0.7210786 -0.6875686 -0.1019889 0.7189211 -0.6875678 -0.1019904 0.7189218 -0.6459228 -0.2520407 0.7205965 -0.6567428 -0.234984 0.7165692 -0.6869336 -0.01713145 0.7265183 -0.6929488 -0.05192763 0.7191144 -0.6892487 -0.08637863 0.7193573 -0.6942555 -0.03410885 0.71892 -0.6742605 -0.1688956 0.7189207 -0.67426 -0.1688964 0.718921 -0.6299194 -0.2979301 0.7172443 -0.6239008 -0.3050023 0.7195286 -0.597504 -0.3560365 0.7184893 -0.6833075 -0.1013586 0.7230611 -0.684448 -0.1206813 0.7190042 -0.6770892 -0.1545459 0.71949 -0.6875696 -0.1019909 0.7189199 -0.6875698 -0.1019907 0.7189198 -0.6544603 -0.2341673 0.7189209 -0.6544607 -0.2341669 0.7189208 -0.5970416 -0.3578505 0.7179723 -0.5648298 -0.4032849 0.7199504 -0.6742603 -0.1688965 0.7189207 -0.6691321 -0.1882643 0.718901 -0.6582012 -0.2211435 0.7196296 -0.6700985 -0.1678518 0.7230448 -0.6742616 -0.1688947 0.7189199 -0.6283562 -0.2971908 0.7189202 -0.6283547 -0.2971921 0.7189208 -0.5599228 -0.4152707 0.7169634 -0.5289114 -0.4479609 0.7208216 -0.6471542 -0.2539857 0.7188065 -0.6327717 -0.2855169 0.7197778 -0.6544615 -0.2341672 0.7189199 -0.6504444 -0.2327317 0.7230201 -0.6544601 -0.2341686 0.7189206 -0.5962009 -0.357349 0.7189202 -0.5962026 -0.3573476 0.7189194 -0.5169116 -0.4685008 0.7164561 -0.4898955 -0.4898988 0.7211113 -0.6187283 -0.317207 0.7187176 -0.6010621 -0.3470208 0.7199312 -0.6245325 -0.2953793 0.7229871 -0.6283573 -0.2971883 0.7189201 -0.6283536 -0.2971916 0.7189221 -0.5583014 -0.4140682 0.7189208 -0.5583044 -0.4140664 0.7189195 -0.4685004 -0.5169111 0.7164567 -0.4479649 -0.5289084 0.7208213 -0.5841386 -0.3772804 0.7186386 -0.5633854 -0.405044 0.7200946 -0.5583032 -0.4140656 0.7189208 -0.596198 -0.3573503 0.7189219 -0.5926076 -0.3551983 0.7229457 -0.5962002 -0.3573486 0.7189208 -0.5150293 -0.4667953 0.7189206 -0.5150297 -0.4667951 0.7189205 -0.4667951 -0.5150297 0.7189205 -0.4032829 -0.5648316 0.7199502 -0.4152708 -0.5599237 0.7169627 -0.5437316 -0.4336099 0.718567 -0.5549815 -0.4116026 0.7228961 -0.5201207 -0.4590118 0.7202656 -0.5583031 -0.414066 0.7189206 -0.4667953 -0.5150293 0.7189206 -0.3578514 -0.5970414 0.7179721 -0.3560348 -0.5975044 0.7184898 -0.3050047 -0.6238992 0.719529 -0.51201 -0.4640593 0.7228379 -0.4979046 -0.4856392 0.7185023 -0.471709 -0.508382 0.7204431 -0.5150291 -0.4667956 0.7189207 -0.5150294 -0.4667954 0.7189206 -0.4140685 -0.5583026 0.7189196 -0.4140657 -0.5583035 0.7189206 -0.297931 -0.6299189 0.7172441 -0.2520384 -0.6459235 0.7205966 -0.4471112 -0.5328496 0.7184447 -0.4186304 -0.5526707 0.7206272 -0.4140657 -0.5583035 0.7189206 -0.4667953 -0.5150293 0.7189206 -0.4641057 -0.5120612 0.7227719 -0.4667957 -0.5150292 0.7189206 -0.3573493 -0.5962013 0.7189198 -0.3573479 -0.5962015 0.7189202 -0.2349858 -0.6567411 0.7165702 -0.1976974 -0.6640478 0.7210799 -0.3573484 -0.5961999 0.7189212 -0.3918679 -0.5747596 0.7183947 -0.3614168 -0.5914365 0.7208195 -0.4117281 -0.555149 0.722696 -0.4140666 -0.558302 0.7189214 -0.2971917 -0.6283558 0.7189201 -0.2971915 -0.6283558 0.7189202 -0.1695244 -0.6767802 0.7164007 -0.1422054 -0.6782045 0.7209828 -0.3573478 -0.5962007 0.7189209 -0.3327108 -0.6109605 0.7183529 -0.3006442 -0.6242957 0.7210187 -0.355374 -0.5929076 0.7226133 -0.234169 -0.6544606 0.7189202 -0.2341698 -0.6544606 0.7189199 -0.1023215 -0.6897947 0.7167382 -0.08579861 -0.6883298 0.720306 -0.2702423 -0.6410833 0.7183184 -0.2369169 -0.6509254 0.7212257 -0.2971909 -0.6283552 0.7189209 -0.2971912 -0.6283552 0.7189208 -0.2955904 -0.6249713 0.7225214 -0.1688947 -0.6742616 0.7189199 -0.1019914 -0.6875691 0.7189204 -0.1688935 -0.6742615 0.7189203 -0.03417268 -0.6956366 0.7175806 -0.02872142 -0.6943728 0.719042 0.02872142 -0.6943728 0.719042 -0.2329424 -0.6510328 0.7224224 -0.1688945 -0.6742609 0.7189207 -0.2341686 -0.6544601 0.7189207 -0.2050731 -0.6648318 0.7182922 -0.1708718 -0.671064 0.7214402 -0.2341688 -0.6544601 0.7189207 -0.1019901 -0.6875698 0.7189199 0.03417268 -0.6956366 0.7175806 0.0857986 -0.6883298 0.720306 -0.1688945 -0.6742608 0.7189206 -0.1680377 -0.6708401 0.7223135 -0.1378663 -0.6819656 0.7182727 -0.1031713 -0.6845143 0.7216619 -0.03410478 -0.6942545 0.7189212 -0.034108 -0.6942555 0.71892 0.03410478 -0.6942545 0.7189212 0.1023215 -0.6897947 0.7167382 0.1422054 -0.6782045 0.7209828 -0.1019908 -0.6875689 0.7189207 -0.1019899 -0.6875687 0.7189209 -0.0692762 -0.6923161 0.7182612 -0.03449551 -0.6911478 0.7218897 -0.03410795 -0.6942545 0.7189209 -0.1014911 -0.6842005 0.7221975 0.03410779 -0.6942554 0.7189201 0.1695244 -0.6767802 0.7164007 0.1976956 -0.6640486 0.7210796 0 -0.6957771 0.7182578 -0.03394578 -0.6909835 0.722073 -0.03410651 -0.6942552 0.7189204 0.1019907 -0.6875694 0.7189201 0.1019914 -0.6875691 0.7189204 0.234986 -0.6567416 0.7165697 0.2520407 -0.6459228 0.7205965 0.03410775 -0.6942546 0.7189209 0.1019906 -0.6875688 0.7189206 0.03449585 -0.6911478 0.7218897 0.0692762 -0.6923161 0.7182612 0.03394578 -0.6909835 0.7220731 0.03410651 -0.6942552 0.7189203 0.1688936 -0.6742619 0.7189199 0.1688946 -0.6742612 0.7189203 0.2341698 -0.6544606 0.7189199 0.2979291 -0.6299196 0.7172443 0.3050021 -0.6239004 0.719529 0.3560378 -0.5975028 0.7184896 0.1031713 -0.6845143 0.7216619 0.1378663 -0.6819656 0.7182727 0.1014911 -0.6842005 0.7221975 0.1019908 -0.6875689 0.7189207 0.234169 -0.6544606 0.7189202 0.3578534 -0.59704 0.7179723 0.4032797 -0.5648338 0.7199501 0.1708718 -0.671064 0.7214402 0.2050731 -0.6648318 0.7182922 0.1680377 -0.6708401 0.7223135 0.1688945 -0.6742609 0.7189206 0.1688945 -0.6742608 0.7189207 0.2341688 -0.6544601 0.7189207 0.2971899 -0.6283566 0.7189202 0.2971899 -0.6283566 0.7189202 0.4152687 -0.5599257 0.7169625 0.4479649 -0.5289084 0.7208213 0.2369169 -0.6509254 0.7212257 0.2702398 -0.6410841 0.7183186 0.2329424 -0.6510328 0.7224224 0.2341686 -0.6544601 0.7189207 0.3573509 -0.5961999 0.7189202 0.3573503 -0.5962006 0.7189198 0.4140662 -0.5583043 0.7189197 0.4685032 -0.5169095 0.7164561 0.4898993 -0.489896 0.7211107 0.3006472 -0.6242953 0.7210177 0.3327112 -0.6109612 0.7183521 0.2955888 -0.6249715 0.7225219 0.2971895 -0.6283559 0.7189209 0.2971895 -0.628356 0.7189209 0.4140663 -0.5583043 0.7189196 0.5289089 -0.4479654 0.7208207 0.5169116 -0.4685008 0.7164561 0.3614168 -0.5914365 0.7208195 0.3918679 -0.5747596 0.7183947 0.3553759 -0.5929071 0.7226127 0.3573502 -0.5961987 0.7189213 0.3573495 -0.5961998 0.7189208 0.4667975 -0.5150275 0.7189206 0.4667961 -0.5150301 0.7189196 0.5150297 -0.4667951 0.7189205 0.5599239 -0.4152716 0.7169622 0.564833 -0.4032805 0.7199503 0.4140657 -0.5583035 0.7189206 0.4667953 -0.5150293 0.7189206 0.4117281 -0.555149 0.722696 0.4186304 -0.5526707 0.7206272 0.4471112 -0.5328496 0.7184447 0.4140665 -0.5583019 0.7189213 0.5150293 -0.4667953 0.7189206 0.5583014 -0.4140682 0.7189208 0.597504 -0.3560365 0.7184893 0.5970416 -0.3578505 0.7179723 0.6238981 -0.3050077 0.7195286 0.4667957 -0.5150292 0.7189206 0.471709 -0.508382 0.7204431 0.4979046 -0.4856392 0.7185023 0.4641057 -0.5120612 0.7227719 0.5583013 -0.4140683 0.7189208 0.6299207 -0.2979307 0.7172427 0.6459243 -0.2520413 0.7205949 0.5150293 -0.4667953 0.7189206 0.5150292 -0.4667957 0.7189206 0.51201 -0.4640593 0.7228379 0.5201208 -0.4590119 0.7202656 0.5437316 -0.4336099 0.718567 0.596202 -0.3573472 0.7189202 0.5962021 -0.3573456 0.7189208 0.6567419 -0.2349885 0.7165686 0.66405 -0.1976927 0.7210792 0.5583031 -0.414066 0.7189206 0.5549815 -0.4116026 0.7228961 0.5633854 -0.405044 0.7200946 0.5841386 -0.3772804 0.7186386 0.5583025 -0.4140691 0.7189195 0.6283555 -0.2971904 0.7189209 0.6283553 -0.2971924 0.7189202 0.6767812 -0.1695222 0.7164004 0.6782053 -0.1422056 0.7209821 0.596201 -0.3573449 0.7189221 0.5962001 -0.3573516 0.7189195 0.5926076 -0.3551983 0.7229457 0.6283536 -0.2971916 0.7189221 0.6010621 -0.3470208 0.7199312 0.6187283 -0.317207 0.7187176 0.6544591 -0.2341717 0.7189206 0.6544591 -0.2341705 0.718921 0.6883301 -0.08580197 0.7203053 0.696289 -0.02879398 0.7171838 0.6897948 -0.102324 0.7167377 0.6544601 -0.2341709 0.7189201 0.6283574 -0.2971883 0.7189202 0.6245325 -0.2953793 0.7229871 0.6327717 -0.2855169 0.7197778 0.6471541 -0.2539856 0.7188065 0.6742612 -0.168891 0.7189212 0.6742614 -0.1688925 0.7189206 0.6875678 -0.1019936 0.7189213 0.6742614 -0.1688925 0.7189206 0.6581991 -0.2211494 0.7196296 0.6691341 -0.1882582 0.7189008 0.6504439 -0.2327353 0.7230194 0.6544591 -0.234172 0.7189206 0.6942549 -0.03410564 0.7189208 0.6942559 -0.03410093 0.7189199 0.6875694 -0.1019907 0.7189201 0.6742624 -0.1688911 0.71892 0.6770891 -0.1545459 0.71949 0.6844466 -0.1206877 0.7190043 0.6701003 -0.1678486 0.7230439 0.6875697 -0.1019907 0.7189199 0.6892496 -0.0863721 0.7193573 0.6833058 -0.1013584 0.7230627 0.6929488 -0.05192763 0.7191144 0.6869336 -0.01713145 0.7265183 0.6942554 -0.03410899 0.71892 0.6875697 -0.1019909 0.7189198 -0.9991457 -0.04132778 -0 -0.9991457 -0.04132778 0 -0.9923215 -0.1236856 0 -0.9923215 -0.1236856 -0 -0.9787168 -0.2052157 0 -0.9787168 -0.2052157 -0 -0.9584255 -0.285343 0 -0.9315913 -0.3635075 0 -0.9584255 -0.285343 -0 -0.9315913 -0.3635075 0 -0.8983924 -0.4391936 -0 -0.8983924 -0.4391936 0 -0.859053 -0.5118866 0 -0.859053 -0.5118866 0 -0.8138492 -0.5810763 -0 -0.8138492 -0.5810763 0 -0.7630872 -0.6462956 -0 -0.7630872 -0.6462956 0 -0.707102 -0.7071116 0 -0.707102 -0.7071116 0 -0.6463013 -0.7630824 -0 -0.6463013 -0.7630824 0 -0.5810745 -0.8138504 -0 -0.5810745 -0.8138504 0 -0.5118845 -0.8590543 -0 -0.5118845 -0.8590543 0 -0.4392032 -0.8983877 -0 -0.4392032 -0.8983877 0 -0.3635058 -0.9315919 -0 -0.3635058 -0.9315919 0 -0.2853341 -0.9584281 -0 -0.2853341 -0.9584281 0 -0.2052166 -0.9787166 0 -0.2052166 -0.9787166 0 -0.1236951 -0.9923203 -0 -0.1236951 -0.9923203 0 -0.04131817 -0.999146 0 -0.04131817 -0.999146 -0 0.04131817 -0.999146 0 0.04131817 -0.999146 0 0.1236951 -0.9923203 0 0.1236951 -0.9923203 0 0.2052166 -0.9787166 0 0.2052166 -0.9787166 0 0.2853315 -0.9584289 0 0.2853315 -0.9584289 0 0.3635091 -0.9315907 0 0.3635091 -0.9315907 0 0.4391994 -0.8983895 0 0.4391994 -0.8983895 0 0.5118887 -0.8590518 0 0.5118887 -0.8590518 0 0.5810699 -0.8138537 0 0.5810699 -0.8138537 0 0.6463013 -0.7630824 0 0.6463013 -0.7630824 0 0.7071068 -0.7071068 0 0.7071068 -0.7071068 0 0.7630824 -0.6463013 0 0.7630824 -0.6463013 0 0.8138537 -0.5810699 0 0.8138537 -0.5810699 0 0.859053 -0.5118866 0 0.859053 -0.5118866 0 0.8983887 -0.4392014 0 0.8983887 -0.4392014 0 0.9315913 -0.3635075 0 0.9315913 -0.3635075 0 0.9584281 -0.2853341 0 0.9584281 -0.2853341 0 0.9787168 -0.2052157 0 0.9787168 -0.2052157 0 0.9923203 -0.1236951 0 0.9923203 -0.1236951 0 0.999146 -0.04131817 0 0.999146 -0.04131817 0 -0.6962882 -0.02880065 0.7171842 -0.6883311 -0.08579544 0.7203051 -0.6897961 -0.1023193 0.7167371 -0.6782055 -0.142205 0.720982 -0.6942534 -0.03411183 0.7189218 -0.6942548 -0.03410591 0.7189207 -0.6767811 -0.169527 0.7163993 -0.6640483 -0.1977008 0.7210786 -0.6875685 -0.1019889 0.7189212 -0.6875679 -0.1019898 0.7189217 -0.6459231 -0.2520396 0.7205966 -0.6567426 -0.2349839 0.7165694 -0.6869336 -0.01713153 0.7265182 -0.6929489 -0.05192739 0.7191143 -0.6892489 -0.08637906 0.7193571 -0.6942554 -0.03410859 0.71892 -0.6742605 -0.1688956 0.7189207 -0.6742597 -0.1688969 0.7189212 -0.6299196 -0.2979291 0.7172443 -0.6238995 -0.3050033 0.7195293 -0.5975033 -0.3560361 0.7184902 -0.6833076 -0.1013589 0.7230609 -0.6844481 -0.1206808 0.7190042 -0.6770892 -0.1545459 0.71949 -0.6875694 -0.1019911 0.7189201 -0.68757 -0.1019901 0.7189197 -0.6544601 -0.2341672 0.7189212 -0.6544609 -0.2341662 0.7189208 -0.5970405 -0.3578513 0.7179729 -0.5648317 -0.4032815 0.7199509 -0.6742601 -0.168897 0.7189208 -0.6691321 -0.1882652 0.7189009 -0.6582015 -0.2211436 0.7196293 -0.6700985 -0.1678518 0.7230448 -0.6742618 -0.1688948 0.7189197 -0.6283566 -0.2971899 0.7189202 -0.6283544 -0.2971919 0.7189212 -0.5599238 -0.4152697 0.7169634 -0.5289114 -0.4479609 0.7208216 -0.6471546 -0.2539845 0.7188065 -0.6327712 -0.2855181 0.7197778 -0.6544621 -0.2341666 0.7189196 -0.6504446 -0.2327318 0.7230198 -0.6544601 -0.2341686 0.7189206 -0.5961999 -0.3573509 0.7189202 -0.5962024 -0.3573489 0.718919 -0.5169099 -0.4685036 0.7164555 -0.4898945 -0.4899012 0.7211104 -0.6187295 -0.3172042 0.7187178 -0.6010609 -0.347022 0.7199316 -0.6245328 -0.2953794 0.7229868 -0.6283576 -0.2971884 0.7189198 -0.5961986 -0.3573501 0.7189215 -0.628354 -0.2971917 0.7189217 -0.5583023 -0.4140671 0.7189208 -0.5583062 -0.4140646 0.7189191 -0.4685031 -0.5169088 0.7164567 -0.4479645 -0.5289079 0.7208219 -0.5841386 -0.3772804 0.7186386 -0.5633854 -0.405044 0.7200946 -0.5926076 -0.3551983 0.7229457 -0.5961986 -0.3573506 0.7189214 -0.5150293 -0.4667953 0.7189206 -0.5150266 -0.4667967 0.7189217 -0.4032803 -0.5648326 0.7199508 -0.4152689 -0.5599245 0.7169632 -0.5583019 -0.4140665 0.7189213 -0.5437322 -0.4336077 0.7185678 -0.5549807 -0.4116033 0.7228964 -0.5201184 -0.4590127 0.7202668 -0.5583058 -0.4140643 0.7189196 -0.4140663 -0.5583029 0.7189206 -0.4667946 -0.5150285 0.7189218 -0.4667977 -0.5150273 0.7189206 -0.3578492 -0.5970419 0.7179727 -0.3560348 -0.5975044 0.7184898 -0.3050101 -0.6238965 0.719529 -0.497905 -0.4856396 0.7185017 -0.4717076 -0.508384 0.7204427 -0.5120119 -0.4640576 0.7228377 -0.5150294 -0.4667954 0.7189206 -0.5150316 -0.4667944 0.7189196 -0.4140659 -0.5583037 0.7189204 -0.252039 -0.645925 0.720595 -0.2979317 -0.6299204 0.7172427 -0.4667957 -0.5150292 0.7189206 -0.4667953 -0.5150293 0.7189206 -0.4471154 -0.5328466 0.7184443 -0.4186304 -0.5526707 0.7206272 -0.4641065 -0.5120622 0.7227707 -0.3573489 -0.5962006 0.7189205 -0.3573454 -0.5962012 0.7189217 -0.2349883 -0.6567413 0.7165691 -0.1976944 -0.6640491 0.7210795 -0.4140669 -0.5583025 0.7189206 -0.3918639 -0.5747634 0.7183937 -0.3614201 -0.5914364 0.7208179 -0.4140652 -0.5583028 0.7189213 -0.4117281 -0.555149 0.722696 -0.2971914 -0.6283551 0.7189208 -0.2341716 -0.6544588 0.7189211 -0.2971891 -0.6283552 0.7189216 -0.1695222 -0.6767812 0.7164004 -0.1422056 -0.6782053 0.7209821 -0.2971898 -0.6283567 0.7189201 -0.357349 -0.5962009 0.7189202 -0.3553727 -0.5929086 0.722613 -0.3327131 -0.6109586 0.7183533 -0.3006439 -0.6242951 0.7210194 -0.3573462 -0.5962012 0.7189212 -0.2341707 -0.6544595 0.7189207 -0.102324 -0.6897948 0.7167377 -0.08580197 -0.6883301 0.7203053 -0.2702391 -0.6410835 0.7183195 -0.2369166 -0.6509246 0.7212265 -0.2971898 -0.6283568 0.7189201 -0.2955883 -0.6249708 0.7225227 -0.1688925 -0.6742614 0.7189206 -0.1019936 -0.6875678 0.7189213 -0.168891 -0.6742612 0.7189212 -0.03417512 -0.6956372 0.71758 -0.02871467 -0.6943712 0.7190438 0.02871467 -0.6943712 0.7190438 -0.2341707 -0.6544595 0.7189207 -0.2341722 -0.6544596 0.7189201 -0.2329458 -0.651032 0.7224221 -0.2050763 -0.6648312 0.7182919 -0.1708687 -0.6710645 0.7214404 -0.1688925 -0.6742614 0.7189206 -0.1019901 -0.6875698 0.7189199 0.03417512 -0.6956372 0.7175799 0.08580197 -0.6883301 0.7203053 -0.168034 -0.6708407 0.7223139 -0.1378661 -0.6819648 0.7182736 -0.1031745 -0.6845133 0.7216623 -0.1688911 -0.6742624 0.71892 -0.03410723 -0.6942552 0.7189202 -0.034108 -0.6942555 0.71892 0.03410723 -0.6942552 0.7189202 0.102324 -0.6897948 0.7167377 0.1422056 -0.6782053 0.720982 -0.1019901 -0.6875696 0.7189201 -0.1019909 -0.6875697 0.7189198 -0.034108 -0.6942554 0.7189201 -0.06927278 -0.6923152 0.7182624 -0.03449216 -0.6911469 0.7218909 -0.1014909 -0.6841988 0.7221991 0.03410779 -0.6942554 0.7189201 0.1695222 -0.6767812 0.7164004 0.1976927 -0.66405 0.7210792 0 -0.6957779 0.718257 -0.03410839 -0.6942552 0.7189203 -0.0339477 -0.6909841 0.7220724 0.1019907 -0.6875694 0.7189201 0.1019936 -0.6875678 0.7189212 0.2349885 -0.6567419 0.7165686 0.2520413 -0.6459243 0.7205949 0.1019907 -0.6875697 0.7189199 0.03449249 -0.6911469 0.7218908 0.06927278 -0.6923152 0.7182624 0.03410779 -0.6942555 0.71892 0.0339477 -0.690984 0.7220725 0.03410839 -0.6942552 0.7189203 0.1688911 -0.6742617 0.7189206 0.1688924 -0.6742609 0.7189211 0.2341717 -0.6544591 0.7189206 0.2979298 -0.6299211 0.7172428 0.3050075 -0.6238978 0.719529 0.3560378 -0.5975028 0.7184896 0.1031745 -0.6845133 0.7216625 0.1378661 -0.6819648 0.7182736 0.1014909 -0.6841988 0.7221991 0.1019909 -0.6875697 0.7189199 0.2341705 -0.6544591 0.718921 0.3578513 -0.5970405 0.7179729 0.4032771 -0.5648349 0.7199507 0.1708687 -0.6710645 0.7214404 0.2050763 -0.6648312 0.7182919 0.168034 -0.6708407 0.7223139 0.1688925 -0.6742614 0.7189206 0.1688911 -0.6742624 0.71892 0.2341707 -0.6544595 0.7189207 0.3573475 -0.5962 0.7189216 0.2971892 -0.6283553 0.7189217 0.2971878 -0.6283567 0.7189209 0.4152668 -0.5599265 0.7169629 0.4479645 -0.5289079 0.7208219 0.2369166 -0.6509246 0.7212265 0.2702366 -0.6410842 0.7183197 0.2329458 -0.651032 0.7224221 0.2341722 -0.6544597 0.71892 0.3573507 -0.5961995 0.7189205 0.4685059 -0.5169071 0.716456 0.4898983 -0.4898983 0.7211098 0.2955867 -0.624971 0.7225232 0.3006469 -0.6242946 0.7210185 0.3327135 -0.6109594 0.7183526 0.3573509 -0.5961999 0.7189202 0.2971882 -0.6283575 0.7189201 0.2971883 -0.6283573 0.7189201 0.4668009 -0.515026 0.7189194 0.4140646 -0.5583055 0.7189196 0.4140659 -0.5583037 0.7189204 0.5289089 -0.4479654 0.7208207 0.5169099 -0.4685036 0.7164555 0.3614201 -0.5914364 0.7208179 0.3918639 -0.5747634 0.7183937 0.3553746 -0.5929081 0.7226125 0.3573478 -0.5962002 0.7189213 0.4667946 -0.5150285 0.7189218 0.559925 -0.4152705 0.716962 0.5648349 -0.4032771 0.7199507 0.4140665 -0.5583019 0.7189213 0.4140657 -0.5583035 0.7189206 0.4186304 -0.5526707 0.7206272 0.4471154 -0.5328466 0.7184443 0.4117281 -0.555149 0.722696 0.5150285 -0.4667947 0.7189217 0.5150275 -0.4667975 0.7189206 0.5583023 -0.4140671 0.7189208 0.5975033 -0.3560361 0.7184902 0.5970405 -0.3578513 0.7179728 0.6238968 -0.3050086 0.7195294 0.4667954 -0.5150294 0.7189206 0.4717076 -0.508384 0.7204427 0.497905 -0.4856396 0.7185017 0.4667956 -0.5150291 0.7189207 0.4641065 -0.5120622 0.7227707 0.5583032 -0.4140665 0.7189204 0.6299211 -0.2979298 0.7172428 0.6459246 -0.2520402 0.7205949 0.5150309 -0.4667938 0.7189205 0.5120119 -0.4640576 0.7228377 0.5201184 -0.4590127 0.7202668 0.5437321 -0.4336076 0.7185678 0.5150301 -0.4667961 0.7189196 0.5962013 -0.3573483 0.7189202 0.5962014 -0.3573476 0.7189204 0.6567417 -0.2349884 0.7165689 0.6640494 -0.1976945 0.7210793 0.5549807 -0.4116033 0.7228964 0.5583032 -0.4140675 0.7189198 0.5633854 -0.405044 0.7200946 0.5841386 -0.3772804 0.7186386 0.5583034 -0.4140667 0.71892 0.6283556 -0.2971893 0.7189212 0.6283553 -0.2971924 0.7189202 0.6544584 -0.2341715 0.7189213 0.6767814 -0.1695223 0.7164001 0.6782055 -0.142205 0.720982 0.628354 -0.2971917 0.7189217 0.5926076 -0.3551983 0.7229457 0.5961997 -0.3573513 0.7189199 0.6010609 -0.347022 0.7199316 0.6187295 -0.3172042 0.7187178 0.5962003 -0.357347 0.7189216 0.6544597 -0.23417 0.7189207 0.6883301 -0.08580197 0.7203053 0.696289 -0.02879398 0.7171838 0.6897948 -0.102324 0.7167377 0.6283576 -0.2971884 0.7189198 0.6245328 -0.2953794 0.7229868 0.6544606 -0.2341703 0.7189198 0.6327712 -0.2855181 0.7197778 0.6471546 -0.2539845 0.7188064 0.674261 -0.1688909 0.7189214 0.6742612 -0.168893 0.7189206 0.6504441 -0.2327354 0.7230192 0.6544591 -0.234172 0.7189206 0.6742612 -0.168893 0.7189206 0.6581994 -0.2211495 0.7196294 0.669134 -0.1882591 0.7189006 0.6942548 -0.03410574 0.7189207 0.694256 -0.0341008 0.7189199 0.6875692 -0.1019938 0.7189199 0.6875683 -0.1019899 0.7189212 0.6770891 -0.1545459 0.71949 0.6844468 -0.1206872 0.7190043 0.6701003 -0.1678486 0.7230439 0.6742626 -0.1688912 0.7189198 0.6875696 -0.1019901 0.7189201 0.6892496 -0.08637252 0.7193571 0.6929489 -0.05192739 0.7191143 0.6869337 -0.01713153 0.7265182 0.6942553 -0.03410873 0.7189201 0.6833059 -0.1013587 0.7230625 0.6875699 -0.1019912 0.7189196 -0.9991458 -0.04132418 -0 -0.9991458 -0.04132418 0 -0.9923205 -0.1236927 0 -0.9923205 -0.1236927 -0 -0.9787168 -0.2052157 0 -0.9787168 -0.2052157 -0 -0.9584274 -0.2853363 0 -0.9315913 -0.3635075 0 -0.9584274 -0.2853363 -0 -0.9315913 -0.3635075 0 -0.8983906 -0.4391975 -0 -0.8983906 -0.4391975 0 -0.859053 -0.5118866 0 -0.859053 -0.5118866 0 -0.8138514 -0.5810731 -0 -0.8138514 -0.5810731 0 -0.7630836 -0.6462998 -0 -0.7630836 -0.6462998 0 -0.7071044 -0.7071092 0 -0.7071044 -0.7071092 0 -0.6463013 -0.7630824 -0 -0.6463013 -0.7630824 0 -0.5810733 -0.8138512 -0 -0.5810733 -0.8138512 0 -0.5118855 -0.8590537 -0 -0.5118855 -0.8590537 0 -0.4392014 -0.8983887 -0 -0.4392014 -0.8983887 0 -0.3635083 -0.931591 -0 -0.3635083 -0.931591 0 -0.2853328 -0.9584285 -0 -0.2853328 -0.9584285 0 -0.2052161 -0.9787167 0 -0.2052161 -0.9787167 0 -0.1236951 -0.9923203 -0 -0.1236951 -0.9923203 0 -0.04131828 -0.999146 0 -0.04131828 -0.999146 -0 0.04131817 -0.999146 0 0.04131817 -0.999146 0 0.1236951 -0.9923203 0 0.1236951 -0.9923203 0 0.2052161 -0.9787167 0 0.2052161 -0.9787167 0 0.2853335 -0.9584283 0 0.2853335 -0.9584283 0 0.3635075 -0.9315913 0 0.3635075 -0.9315913 0 0.4392014 -0.8983887 0 0.4392014 -0.8983887 0 0.5118855 -0.8590537 0 0.5118855 -0.8590537 0 0.5810733 -0.8138512 0 0.5810733 -0.8138512 0 0.6463013 -0.7630824 0 0.6463013 -0.7630824 0 0.7071044 -0.7071092 0 0.7071044 -0.7071092 0 0.7630848 -0.6462985 0 0.7630848 -0.6462985 0 0.8138492 -0.5810763 0 0.8138492 -0.5810763 0 0.8590552 -0.511883 0 0.8590552 -0.511883 0 0.8983906 -0.4391975 0 0.8983906 -0.4391975 0 0.9315913 -0.3635075 0 0.9315913 -0.3635075 0 0.9584268 -0.2853386 0 0.9584268 -0.2853386 0 0.9787168 -0.2052157 0 0.9787168 -0.2052157 0 0.9923208 -0.1236903 0 0.9923208 -0.1236903 0 0.9991457 -0.04132778 0 0.9991457 -0.04132778 0 -0.6962885 -0.02879815 0.717184 -0.6883304 -0.08580034 0.7203053 -0.6897951 -0.1023216 0.7167378 -0.6782051 -0.1422049 0.7209824 -0.6942552 -0.03410554 0.7189204 -0.6942549 -0.03410694 0.7189206 -0.6767808 -0.1695251 0.7164 -0.6640493 -0.1976961 0.7210789 -0.687569 -0.1019914 0.7189205 -0.6875691 -0.101991 0.7189204 -0.6459239 -0.2520399 0.7205958 -0.6567424 -0.2349856 0.716569 -0.6869337 -0.01713071 0.7265182 -0.6929495 -0.05192993 0.7191135 -0.6892503 -0.08637426 0.7193564 -0.6942549 -0.03410638 0.7189206 -0.674261 -0.1688939 0.7189208 -0.6742612 -0.1688936 0.7189205 -0.6299204 -0.2979295 0.7172436 -0.6238981 -0.305006 0.7195294 -0.5975033 -0.3560361 0.7184902 -0.6833072 -0.1013589 0.7230613 -0.6844479 -0.1206857 0.7190035 -0.6770909 -0.1545422 0.7194892 -0.6875688 -0.101991 0.7189207 -0.6875688 -0.101991 0.7189207 -0.6544603 -0.2341691 0.7189205 -0.6544598 -0.2341695 0.7189206 -0.59704 -0.3578534 0.7179723 -0.5648338 -0.4032797 0.7199501 -0.6742613 -0.1688936 0.7189205 -0.6691322 -0.1882644 0.718901 -0.6582007 -0.221145 0.7196295 -0.6700985 -0.1678514 0.7230449 -0.6742609 -0.1688941 0.7189207 -0.6283563 -0.2971897 0.7189205 -0.6283563 -0.2971897 0.7189205 -0.5599261 -0.4152677 0.7169626 -0.528909 -0.4479638 0.7208216 -0.6471541 -0.2539876 0.7188058 -0.6327716 -0.2855191 0.719777 -0.6544598 -0.2341695 0.7189206 -0.6504446 -0.2327323 0.7230197 -0.6544602 -0.2341691 0.7189205 -0.5961997 -0.3573503 0.7189205 -0.5962002 -0.35735 0.7189204 -0.5169095 -0.4685032 0.7164561 -0.489896 -0.4898993 0.7211107 -0.6187302 -0.3172013 0.7187184 -0.6010592 -0.3470234 0.7199324 -0.6245322 -0.2953815 0.7229864 -0.6283559 -0.29719 0.7189206 -0.6283563 -0.2971897 0.7189205 -0.5583041 -0.4140648 0.7189206 -0.558305 -0.4140642 0.7189202 -0.4685031 -0.5169088 0.7164567 -0.4479645 -0.5289079 0.7208219 -0.5841407 -0.3772776 0.7186384 -0.5633842 -0.4050456 0.7200947 -0.5583042 -0.4140636 0.7189212 -0.5962005 -0.357349 0.7189205 -0.5926092 -0.3551965 0.7229453 -0.5961992 -0.35735 0.7189212 -0.5150293 -0.4667953 0.7189206 -0.5150266 -0.4667967 0.7189217 -0.4667968 -0.5150263 0.7189218 -0.4032798 -0.5648336 0.7199503 -0.4152673 -0.559926 0.716963 -0.5437316 -0.4336097 0.718567 -0.5549811 -0.4116036 0.7228959 -0.5201213 -0.459011 0.7202657 -0.5583032 -0.4140675 0.7189198 -0.4667953 -0.5150293 0.7189206 -0.357851 -0.5970412 0.7179724 -0.3560356 -0.5975041 0.7184897 -0.3050088 -0.6238971 0.719529 -0.512012 -0.4640577 0.7228376 -0.4979038 -0.4856417 0.7185012 -0.471708 -0.5083846 0.720442 -0.5150316 -0.4667944 0.7189196 -0.5150294 -0.4667954 0.7189206 -0.4140644 -0.5583041 0.7189209 -0.4140652 -0.5583038 0.7189206 -0.2979304 -0.6299211 0.7172427 -0.2520408 -0.6459246 0.7205948 -0.447116 -0.5328465 0.718444 -0.4186314 -0.5526704 0.720627 -0.4140653 -0.5583041 0.7189204 -0.4667955 -0.5150295 0.7189204 -0.4641064 -0.512063 0.7227702 -0.4667952 -0.5150297 0.7189205 -0.3573495 -0.5961996 0.7189209 -0.3573469 -0.5962002 0.7189218 -0.2349889 -0.6567417 0.7165686 -0.1976936 -0.6640497 0.7210792 -0.3573495 -0.5961996 0.7189209 -0.391863 -0.5747637 0.7183941 -0.3614208 -0.5914358 0.7208181 -0.4117271 -0.5551494 0.7226964 -0.4140659 -0.5583029 0.7189208 -0.2971897 -0.6283552 0.7189214 -0.2971886 -0.6283553 0.7189218 -0.1695222 -0.6767812 0.7164002 -0.1422053 -0.6782054 0.720982 -0.3573484 -0.5962012 0.7189202 -0.3327133 -0.610959 0.7183529 -0.3006454 -0.6242948 0.721019 -0.3553744 -0.5929077 0.722613 -0.2341697 -0.6544589 0.7189214 -0.2341721 -0.6544591 0.7189206 -0.102324 -0.6897948 0.7167377 -0.08580197 -0.6883301 0.7203053 -0.2702367 -0.6410844 0.7183195 -0.2369172 -0.6509246 0.7212263 -0.2971887 -0.6283572 0.7189201 -0.2971895 -0.6283572 0.7189198 -0.2955871 -0.624971 0.7225231 -0.168893 -0.6742612 0.7189206 -0.1019936 -0.6875677 0.7189214 -0.1688909 -0.674261 0.7189214 -0.03417519 -0.6956372 0.71758 -0.02871474 -0.6943712 0.7190438 0.02871467 -0.6943712 0.7190438 -0.2329458 -0.651032 0.7224221 -0.168893 -0.6742612 0.7189206 -0.2341723 -0.6544599 0.7189198 -0.2050758 -0.6648315 0.7182918 -0.1708695 -0.6710644 0.7214403 -0.23417 -0.6544597 0.7189206 -0.1019901 -0.6875697 0.71892 0.03417512 -0.6956372 0.7175799 0.08580197 -0.6883301 0.7203053 -0.168891 -0.6742628 0.7189197 -0.1680338 -0.6708405 0.7223141 -0.1378654 -0.6819649 0.7182736 -0.1031745 -0.6845133 0.7216623 -0.0341073 -0.6942552 0.7189203 -0.03410795 -0.6942555 0.7189201 0.03410723 -0.6942552 0.7189202 0.102324 -0.6897948 0.7167377 0.1422053 -0.6782055 0.720982 -0.1019912 -0.6875699 0.7189196 -0.1019901 -0.6875696 0.7189201 -0.06927328 -0.6923152 0.7182624 -0.03449215 -0.6911468 0.7218909 -0.03410795 -0.6942555 0.7189201 -0.1014912 -0.6841989 0.722199 0.03410789 -0.6942555 0.7189201 0.1695225 -0.6767812 0.7164001 0.1976941 -0.6640496 0.7210792 0 -0.6957779 0.718257 -0.0339477 -0.6909841 0.7220724 -0.03410839 -0.6942552 0.7189203 0.1019902 -0.6875696 0.71892 0.1019936 -0.6875677 0.7189213 0.2349885 -0.6567417 0.7165686 0.2520402 -0.6459247 0.7205949 0.03410789 -0.6942555 0.7189201 0.1019902 -0.6875696 0.7189201 0.03449215 -0.6911468 0.7218909 0.06927328 -0.6923152 0.7182624 0.03394765 -0.6909841 0.7220724 0.03410834 -0.6942552 0.7189203 0.1688914 -0.6742616 0.7189208 0.1688926 -0.6742607 0.7189212 0.2341717 -0.654459 0.7189208 0.2979304 -0.6299211 0.7172427 0.3050088 -0.6238971 0.719529 0.3560356 -0.5975041 0.7184898 0.1031745 -0.6845133 0.7216625 0.1378654 -0.6819649 0.7182736 0.1014912 -0.6841989 0.722199 0.1019912 -0.6875698 0.7189196 0.2341701 -0.6544589 0.7189213 0.357851 -0.5970412 0.7179724 0.4032798 -0.5648336 0.7199503 0.1708695 -0.6710644 0.7214403 0.2050758 -0.6648315 0.7182918 0.1680338 -0.6708405 0.7223141 0.1688928 -0.6742613 0.7189206 0.168891 -0.6742626 0.7189198 0.2341703 -0.6544597 0.7189206 0.2971896 -0.628355 0.7189216 0.2971889 -0.6283558 0.7189213 0.4152673 -0.559926 0.716963 0.4479645 -0.5289079 0.7208219 0.2369172 -0.6509245 0.7212263 0.2702373 -0.6410842 0.7183195 0.2329458 -0.651032 0.7224221 0.2341723 -0.6544597 0.7189199 0.3573483 -0.5961996 0.7189217 0.3573473 -0.5962008 0.7189211 0.4140643 -0.5583038 0.7189212 0.4685031 -0.5169088 0.7164567 0.489896 -0.4898993 0.7211107 0.3006454 -0.6242948 0.721019 0.3327133 -0.610959 0.7183529 0.2955875 -0.6249709 0.7225229 0.2971894 -0.6283568 0.7189202 0.2971891 -0.6283572 0.7189199 0.4140657 -0.5583035 0.7189206 0.5289096 -0.4479627 0.7208217 0.5169095 -0.4685032 0.7164561 0.3614201 -0.5914364 0.7208179 0.3918623 -0.5747644 0.718394 0.3553737 -0.5929083 0.7226128 0.3573486 -0.5962002 0.7189208 0.3573476 -0.5962017 0.7189202 0.4667968 -0.5150263 0.7189218 0.4667953 -0.5150293 0.7189206 0.5150266 -0.4667967 0.7189217 0.5599251 -0.4152683 0.7169631 0.5648322 -0.4032819 0.7199502 0.4140657 -0.5583035 0.7189206 0.4667953 -0.5150293 0.7189206 0.4117271 -0.5551494 0.7226964 0.4186324 -0.5526699 0.7206267 0.4471158 -0.532847 0.7184439 0.4140659 -0.5583029 0.7189208 0.5150293 -0.4667953 0.7189206 0.5583035 -0.4140656 0.7189206 0.5975047 -0.3560336 0.7184903 0.5970411 -0.3578517 0.7179722 0.6238981 -0.305006 0.7195294 0.4667957 -0.5150292 0.7189206 0.4717079 -0.5083845 0.7204421 0.4979036 -0.4856416 0.7185013 0.4641069 -0.5120626 0.7227702 0.5583057 -0.4140642 0.7189197 0.6299204 -0.2979295 0.7172436 0.6459239 -0.2520399 0.7205958 0.5150301 -0.4667961 0.7189196 0.5150309 -0.4667938 0.7189205 0.5120119 -0.4640576 0.7228377 0.5201228 -0.4590099 0.7202654 0.5437315 -0.4336104 0.7185667 0.5962006 -0.3573479 0.7189209 0.5962001 -0.3573511 0.7189198 0.6567421 -0.2349862 0.7165692 0.6640488 -0.1976977 0.7210789 0.5583032 -0.4140675 0.7189198 0.5549812 -0.4116037 0.7228957 0.5633838 -0.4050462 0.7200947 0.5841403 -0.3772782 0.7186385 0.5583043 -0.4140632 0.7189214 0.6283556 -0.2971893 0.7189212 0.6283555 -0.2971903 0.7189209 0.6767812 -0.1695246 0.7163997 0.6782055 -0.142205 0.720982 0.5961992 -0.3573505 0.7189208 0.5961993 -0.3573492 0.7189214 0.5926087 -0.3551971 0.7229453 0.6283555 -0.2971903 0.7189209 0.6010609 -0.347022 0.7199316 0.6187295 -0.3172042 0.7187178 0.6544599 -0.2341696 0.7189207 0.6544598 -0.2341679 0.7189211 0.6883306 -0.08579871 0.7203052 0.6962882 -0.02880065 0.7171842 0.6897955 -0.1023216 0.7167374 0.6544605 -0.2341682 0.7189204 0.6283563 -0.2971897 0.7189205 0.6245323 -0.2953811 0.7229865 0.6327718 -0.2855184 0.719777 0.6471541 -0.2539877 0.7188058 0.6742604 -0.1688932 0.7189214 0.6742607 -0.168895 0.7189207 0.6875681 -0.1019912 0.7189213 0.6742607 -0.168895 0.7189207 0.6582015 -0.2211436 0.7196293 0.6691321 -0.1882652 0.7189008 0.6504446 -0.2327318 0.7230198 0.6544601 -0.2341686 0.7189206 0.694255 -0.03410677 0.7189205 0.6942545 -0.03410915 0.7189209 0.6875688 -0.1019899 0.7189208 0.674261 -0.1688945 0.7189205 0.6770907 -0.154543 0.7194892 0.6844482 -0.1206841 0.7190034 0.6700985 -0.1678518 0.7230448 0.6875687 -0.1019899 0.7189209 0.6892501 -0.08637589 0.7193564 0.6833076 -0.1013589 0.7230609 0.6929497 -0.05192745 0.7191135 0.6869345 -0.01713155 0.7265174 0.6942547 -0.03410529 0.7189209 0.687569 -0.1019911 0.7189205 0 0 -1 0 -0 -1 0 0 -1 0 0 -1 0 0 -1 0 -0 -1 0 0 -1 0 0 -1 0 0 -1 0 -0 -1 0 0 -1 0 0 -1 0 0 -1 0 -0 -1 0 0 -1 0 0 -1 0 0 -1 0 0 -1 0 -0 -1 0 0 -1 0 0 -1 0 0 -1 0 -0 -1 0 0 -1 0 0 -1 0 -0 -1 0 0 -1 0 0 -1 0 0 -1 0 -0 -1 0 0 -1 0 0 -1 0 0 -1 0 -0 -1 0 0 -1 0 0 -1 0 0 -1 0 0 -1 0 -0 -1 0 0 -1 0 0 -1 0 -0 -1 0 0 -1 0 0 -1 0 0 -1 0 -0 -1 0 0 -1 0 0 -1 0 0 -1 0 -0 -1 0 0 -1 0 0 -1 0 0 -1 0 0 -1 0 -0 -1 0 0 -1 0 0 -1 0 -0 -1 0 0 -1 0 0 -1 0 0 -1 0 -0 -1 0 0 -1 0 -0 -1 0 0 -1 0 0 -1 0 0 -1 0 -0 -1 0 0 -1 0 0 -1 0 0 -1 0 0 -1 0 -0 -1 0 0 -1 0 0 -1 0 -0 -1 0 0 -1 0 0 -1 0 -0 -1 0 0 -1 0 0 -1 0 0 -1 0 0 -1 0 -0 -1 0 0 -1 0 0 -1 0 0 -1 0 0 -1 0 -0 -1 0 0 -1 0 0 -1 0 -0 -1 0 0 -1 0 0 -1 0 0 -1 0 -0 -1 0 0 -1 0 0 -1 0 0 -1 0 0 -1 0 -0 -1 0 0 -1 0 0 -1 0 -0 -1 0 0 -1 0 0 -1 0 0 -1 0 -0 -1 0 0 -1 0 0 -1 0 0 -1 0 0 -1 0 -0 -1 0 0 -1 0 0 -1 0 -0 -1 0 0 -1 0 0 -1 0 0 -1 0 -0 -1 0 0 -1 0 0 -1 0 0 -1 0 -0 -1 0 0 -1 0 -0 -1 0 0 -1 0 0 -1 0 0 -1 0 -0 -1 0 0 -1 0 0 -1 0 -0 -1 0 0 -1 0 0 -1 0 0 -1 0 -0 -1 0 0 -1 0 0 -1 0 0 -1 0 -0 -1 0 0 -1 0 0 -1 0 0 -1 0 -0 -1 0 0 -1 0 0 -1 0 0 -1 0 0 -1 0 0 -1 0 -0 -1 0 0 -1 0 0 -1 0 0 -1 0 -0 -1 0 0 -1 0 0 -1 0 0 -1 0 -0 -1 0 0 -1 0 0 -1 0 -0 -1 0 0 -1 0 0 -1 0 0 -1 0 -0 -1 0 0 -1 0 0 -1 0 0 -1 0 -0 -1 0 0 -1 0 0 -1 0 0 -1 0 -0 -1 0 0 -1 0 0 -1 0 0 -1 0 -0 -1 0 0 -1 0 0 -1 0 0 -1 0 -0 -1 0 0 -1 0 0 -1 0 0 -1 0 0 -1 0 -0 -1 0 0 -1 0 0 -1 0 0 -1 0 -0 -1 0 0 -1 0 -0 -1 0 0 -1 0 0 -1 0 0 -1 0 -0 -1 0 0 -1 0 0 -1 0 -0 -1 0 0 -1 0 0 -1 0 0 -1 0 -0 -1 0 0 -1 0 0 -1 0 -0 -1 0 0 -1 0 0 -1 0 0 -1 0 0 -1 0 0 -1 0 0 -1 0 -0 -1 0 0 -1 0 0 -1 0 -0 -1 0 0 -1 0 -0 -1 0 0 -1 0 0 -1 0 0 -1 0 0 -1 0 -0 -1 0 0 -1 0 0 -1 0 0 -1 0 -0 -1 0 0 -1 0 0 -1 0 0 -1 0 -0 -1 0 0 -1 0 0 -1 0 -0 -1 0 0 -1 0 0 -1 0 0 -1 0 0 -1 0 -0 -1 0 0 -1 0 0 -1 0 -0 -1 0 0 -1 0 0 -1 0 0 -1 0 0 -1 0 0 -1 0 -0 -1 0 0 -1 0 -0 -1 0 0 -1 -0.9996892 -0.0249307 -0 -0.9996892 -0.0249307 -0 -0.9972038 -0.0747301 -0 -0.9972038 -0.0747301 -0 -0.9922392 -0.1243437 -0 -0.9922392 -0.1243437 -0 -0.9848078 -0.1736482 -0 -0.9848078 -0.1736482 -0 -0.974928 -0.2225209 -0 -0.974928 -0.2225209 -0 -0.9626243 -0.2708406 -0 -0.9479273 -0.3184867 -0 -0.9626243 -0.2708406 -0 -0.9308738 -0.365341 -0 -0.9479273 -0.3184867 -0 -0.911506 -0.4112869 -0 -0.9308738 -0.365341 -0 -0.8898717 -0.4562108 -0 -0.911506 -0.4112869 -0 -0.8660254 -0.5 -0 -0.8898717 -0.4562108 -0 -0.8400259 -0.5425463 -0 -0.8660254 -0.5 -0 -0.8119378 -0.5837439 -0 -0.8400259 -0.5425463 -0 -0.7818315 -0.6234898 -0 -0.8119378 -0.5837439 -0 -0.7497817 -0.6616853 -0 -0.7818315 -0.6234898 -0 -0.715867 -0.6982366 -0 -0.7497817 -0.6616853 -0 -0.6801718 -0.7330528 -0 -0.715867 -0.6982366 -0 -0.6801718 -0.7330528 -0 -0.6427884 -0.7660438 -0 -0.6427884 -0.7660438 -0 -0.6038045 -0.7971324 -0 -0.6038045 -0.7971324 -0 -0.5633197 -0.826239 -0 -0.5633197 -0.826239 -0 -0.5214347 -0.8532912 -0 -0.5214347 -0.8532912 -0 -0.4782545 -0.8782213 -0 -0.4782545 -0.8782213 -0 -0.4338832 -0.9009691 -0 -0.4338832 -0.9009691 -0 -0.3884346 -0.9214762 -0 -0.3884346 -0.9214762 -0 -0.3420204 -0.9396925 -0 -0.3420204 -0.9396925 -0 -0.2947548 -0.955573 -0 -0.2467587 -0.969077 -0 -0.2947548 -0.955573 -0 -0.198145 -0.9801726 -0 -0.2467587 -0.969077 -0 -0.198145 -0.9801726 -0 -0.1490431 -0.9888307 -0 -0.09956697 -0.9950308 -0 -0.1490431 -0.9888307 -0 -0.04984556 -0.9987569 -0 -0.09956697 -0.9950308 -0 0 -1 0 -0.04984556 -0.9987569 -0 0.04984556 -0.9987569 0 -0 -1 -0 0.09956697 -0.9950308 0 0.04984556 -0.9987569 0 0.09956697 -0.9950308 0 0.198145 -0.9801726 0 0.1490433 -0.9888307 0 0.1490433 -0.9888307 0 0.2467587 -0.969077 0 0.198145 -0.9801726 0 0.2947551 -0.9555728 0 0.2467587 -0.969077 0 0.3420201 -0.9396926 0 0.2947551 -0.9555728 0 0.3420201 -0.9396926 0 0.3884343 -0.9214764 0 0.3884343 -0.9214764 0 0.4782541 -0.8782215 0 0.4338836 -0.9009689 0 0.4338836 -0.9009689 0 0.4782541 -0.8782215 0 0.5214347 -0.8532912 0 0.5633199 -0.8262388 0 0.5214347 -0.8532912 0 0.5633199 -0.8262388 0 0.603805 -0.797132 0 0.6427886 -0.7660437 0 0.603805 -0.797132 0 0.6427886 -0.7660437 0 0.7158672 -0.6982364 0 0.6801708 -0.7330537 0 0.6801708 -0.7330537 0 0.7497818 -0.6616852 0 0.7158672 -0.6982364 0 0.7497818 -0.6616852 0 0.7818315 -0.6234898 0 0.7818315 -0.6234898 0 0.8119372 -0.5837446 0 0.8119372 -0.5837446 0 0.8660265 -0.4999982 0 0.8400258 -0.5425465 0 0.8400258 -0.5425465 0 0.8660265 -0.4999982 0 0.9115067 -0.4112852 0 0.8898707 -0.4562128 0 0.8898707 -0.4562128 0 0.9115067 -0.4112852 0 0.9479283 -0.3184836 0 0.930873 -0.3653428 0 0.930873 -0.3653428 0 0.9479283 -0.3184836 0 0.9749278 -0.2225216 0 0.9626236 -0.2708428 0 0.9626236 -0.2708428 0 0.9749278 -0.2225216 0 0.9848082 -0.1736458 0 0.9848082 -0.1736458 0 0.992239 -0.1243452 0 0.992239 -0.1243452 0 0.9972037 -0.0747311 0 0.9972037 -0.0747311 0 0.9996892 -0.0249295 0 0.9996892 -0.0249295 0</float_array>
          <technique_common>
            <accessor count="8700" source="#cubenormals-array0-array" stride="3">
              <param type="float" name="X"/>
              <param type="float" name="Y"/>
              <param type="float" name="Z"/>
            </accessor>
          </technique_common>
        </source>
        <vertices id="cubeverts-array0-vertices">
          <input semantic="POSITION" source="#cubeverts-array0"/>
        </vertices>
        <triangles count="8700" material="ref_OmniBase_Predeterminado_shape">
          <input offset="0" semantic="VERTEX" source="#cubeverts-array0-vertices"/>
          <input offset="1" semantic="NORMAL" source="#cubenormals-array0"/>
          <p>0 0 1 0 2 0 0 1 2 1 3 1 4 2 0 2 3 2 4 3 3 3 5 3 6 4 4 4 5 4 6 5 5 5 7 5 8 6 6 6 7 6 8 7 7 7 9 7 10 8 8 8 9 8 10 9 9 9 11 9 12 10 11 10 13 10 12 11 10 11 11 11 14 12 13 12 15 12 14 13 12 13 13 13 16 14 15 14 17 14 16 15 14 15 15 15 18 16 17 16 19 16 18 17 16 17 17 17 20 18 19 18 21 18 20 19 18 19 19 19 22 20 21 20 23 20 22 21 20 21 21 21 24 22 23 22 25 22 24 23 22 23 23 23 26 24 25 24 27 24 26 25 24 25 25 25 28 26 27 26 29 26 28 27 26 27 27 27 30 28 29 28 31 28 30 29 28 29 29 29 32 30 31 30 33 30 32 31 30 31 31 31 34 32 33 32 35 32 34 33 32 33 33 33 36 34 34 34 35 34 36 35 35 35 37 35 38 36 36 36 37 36 38 37 37 37 39 37 40 38 38 38 39 38 40 39 39 39 41 39 42 40 40 40 41 40 42 41 41 41 43 41 44 42 42 42 43 42 44 43 43 43 45 43 46 44 44 44 45 44 46 45 45 45 47 45 48 46 46 46 47 46 48 47 47 47 49 47 50 48 48 48 49 48 50 49 49 49 51 49 52 50 51 50 53 50 52 51 50 51 51 51 54 52 53 52 55 52 54 53 52 53 53 53 56 54 55 54 57 54 56 55 54 55 55 55 58 56 57 56 59 56 58 57 56 57 57 57 60 58 59 58 61 58 60 59 58 59 59 59 62 60 61 60 63 60 62 61 60 61 61 61 64 62 63 62 65 62 64 63 62 63 63 63 66 64 65 64 67 64 66 65 64 65 65 65 68 66 67 66 69 66 68 67 66 67 67 67 70 68 69 68 71 68 70 69 68 69 69 69 72 70 71 70 73 70 72 71 70 71 71 71 74 72 75 72 76 72 74 73 73 73 75 73 74 74 72 74 73 74 77 75 74 75 76 75 78 76 76 76 79 76 78 77 77 77 76 77 80 78 79 78 81 78 80 79 78 79 79 79 82 80 81 80 83 80 82 81 80 81 81 81 84 82 83 82 85 82 84 83 82 83 83 83 86 84 84 84 85 84 86 85 85 85 87 85 88 86 86 86 87 86 88 87 87 87 89 87 90 88 88 88 89 88 90 89 89 89 91 89 92 90 90 90 91 90 92 91 91 91 93 91 94 92 92 92 93 92 94 93 93 93 95 93 96 94 95 94 97 94 96 95 94 95 95 95 98 96 97 96 99 96 98 97 96 97 97 97 100 98 99 98 101 98 100 99 98 99 99 99 102 100 101 100 103 100 102 101 100 101 101 101 104 102 103 102 105 102 104 103 102 103 103 103 106 104 105 104 107 104 106 105 104 105 105 105 108 106 107 106 109 106 108 107 106 107 107 107 110 108 109 108 111 108 110 109 108 109 109 109 112 110 113 110 114 110 112 111 111 111 113 111 112 112 110 112 111 112 115 113 112 113 114 113 116 114 114 114 117 114 116 115 115 115 114 115 118 116 119 116 120 116 118 117 117 117 119 117 118 118 116 118 117 118 121 119 118 119 120 119 122 120 120 120 123 120 122 121 121 121 120 121 124 122 123 122 125 122 124 123 122 123 123 123 126 124 125 124 127 124 126 125 124 125 125 125 128 126 129 126 130 126 130 127 129 127 131 127 129 128 132 128 131 128 131 129 132 129 133 129 128 130 134 130 129 130 135 131 134 131 128 131 132 132 136 132 133 132 133 133 136 133 137 133 129 134 138 134 132 134 134 135 138 135 129 135 137 136 139 136 140 136 136 137 139 137 137 137 141 138 142 138 135 138 143 139 142 139 141 139 144 140 142 140 143 140 135 141 142 141 134 141 132 142 145 142 136 142 138 143 145 143 132 143 139 144 146 144 140 144 140 145 146 145 147 145 147 146 146 146 148 146 144 147 149 147 142 147 150 148 149 148 144 148 151 149 149 149 150 149 142 150 149 150 134 150 134 151 149 151 138 151 136 152 152 152 139 152 145 153 152 153 136 153 146 154 153 154 148 154 148 155 153 155 154 155 138 156 155 156 145 156 156 157 155 157 151 157 157 158 155 158 156 158 151 159 155 159 149 159 149 160 155 160 138 160 152 161 158 161 139 161 139 162 158 162 146 162 153 163 159 163 154 163 154 164 159 164 160 164 161 165 162 165 157 165 163 166 162 166 161 166 145 167 162 167 152 167 157 168 162 168 155 168 155 169 162 169 145 169 158 170 164 170 146 170 146 171 164 171 153 171 159 172 165 172 160 172 160 173 165 173 166 173 167 174 168 174 163 174 169 175 168 175 167 175 163 176 168 176 162 176 162 177 168 177 152 177 152 178 168 178 158 178 153 179 170 179 159 179 164 180 170 180 153 180 165 181 171 181 166 181 166 182 171 182 172 182 173 183 174 183 169 183 175 184 174 184 173 184 168 185 174 185 158 185 169 186 174 186 168 186 158 187 174 187 164 187 170 188 176 188 159 188 159 189 176 189 165 189 172 190 177 190 178 190 171 191 177 191 172 191 164 192 179 192 170 192 180 193 179 193 175 193 181 194 179 194 180 194 174 195 179 195 164 195 175 196 179 196 174 196 176 197 182 197 165 197 165 198 182 198 171 198 177 199 183 199 178 199 178 200 183 200 184 200 184 201 183 201 185 201 170 202 186 202 176 202 187 203 186 203 181 203 188 204 186 204 187 204 179 205 186 205 170 205 181 206 186 206 179 206 171 207 189 207 177 207 177 208 189 208 183 208 182 209 189 209 171 209 185 210 190 210 191 210 183 211 190 211 185 211 186 212 192 212 176 212 193 213 192 213 188 213 194 214 192 214 193 214 176 215 192 215 182 215 188 216 192 216 186 216 189 217 195 217 183 217 191 218 196 218 197 218 190 219 196 219 191 219 182 220 198 220 189 220 199 221 198 221 194 221 200 222 198 222 199 222 192 223 198 223 182 223 194 224 198 224 192 224 183 225 201 225 190 225 195 226 201 226 183 226 196 227 202 227 197 227 197 228 202 228 203 228 198 229 204 229 189 229 205 230 204 230 200 230 206 231 204 231 205 231 189 232 204 232 195 232 195 233 204 233 201 233 200 234 204 234 198 234 201 235 207 235 190 235 190 236 207 236 196 236 203 237 208 237 209 237 202 238 208 238 203 238 204 239 210 239 201 239 206 240 210 240 204 240 211 241 210 241 206 241 212 242 210 242 211 242 207 243 213 243 196 243 202 244 213 244 208 244 196 245 213 245 202 245 208 246 214 246 209 246 209 247 214 247 215 247 215 248 214 248 216 248 212 249 217 249 210 249 201 250 217 250 207 250 218 251 217 251 212 251 219 252 217 252 218 252 210 253 217 253 201 253 213 254 220 254 208 254 214 255 221 255 216 255 216 256 221 256 222 256 219 257 223 257 217 257 217 258 223 258 207 258 213 259 223 259 220 259 224 260 223 260 219 260 225 261 223 261 224 261 207 262 223 262 213 262 220 263 226 263 208 263 208 264 226 264 214 264 221 265 227 265 222 265 222 266 227 266 228 266 223 267 229 267 220 267 230 268 229 268 225 268 231 269 229 269 230 269 225 270 229 270 223 270 226 271 232 271 214 271 214 272 232 272 221 272 227 273 233 273 228 273 228 274 233 274 234 274 220 275 235 275 226 275 229 276 235 276 220 276 236 277 235 277 231 277 226 278 235 278 232 278 231 279 235 279 229 279 232 280 237 280 221 280 221 281 237 281 227 281 227 282 237 282 233 282 233 283 238 283 234 283 234 284 238 284 239 284 235 285 240 285 232 285 241 286 240 286 236 286 242 287 240 287 241 287 236 288 240 288 235 288 237 289 243 289 233 289 238 290 244 290 239 290 239 291 244 291 245 291 245 292 244 292 246 292 247 293 248 293 242 293 249 294 248 294 247 294 232 295 248 295 237 295 237 296 248 296 243 296 240 297 248 297 232 297 242 298 248 298 240 298 233 299 250 299 238 299 243 300 250 300 233 300 244 301 251 301 246 301 246 302 251 302 252 302 253 303 254 303 249 303 255 304 254 304 253 304 249 305 254 305 248 305 248 306 254 306 243 306 238 307 256 307 244 307 250 308 256 308 238 308 251 309 257 309 252 309 252 310 257 310 258 310 259 311 260 311 255 311 261 312 260 312 259 312 255 313 260 313 254 313 243 314 260 314 250 314 254 315 260 315 243 315 250 316 260 316 256 316 244 317 262 317 251 317 251 318 262 318 257 318 256 319 262 319 244 319 257 320 263 320 258 320 258 321 263 321 264 321 265 322 266 322 261 322 267 323 266 323 265 323 261 324 266 324 260 324 260 325 266 325 256 325 257 326 268 326 263 326 262 327 268 327 257 327 264 328 269 328 270 328 263 329 269 329 264 329 266 330 271 330 256 330 272 331 271 331 267 331 273 332 271 332 272 332 267 333 271 333 266 333 256 334 271 334 262 334 268 335 274 335 263 335 269 336 275 336 270 336 270 337 275 337 276 337 262 338 277 338 268 338 278 339 277 339 273 339 279 340 277 340 278 340 273 341 277 341 271 341 271 342 277 342 262 342 274 343 280 343 263 343 263 344 280 344 269 344 269 345 280 345 275 345 276 346 281 346 282 346 282 347 281 347 283 347 275 348 281 348 276 348 279 349 284 349 277 349 268 350 284 350 274 350 285 351 284 351 279 351 286 352 284 352 285 352 277 353 284 353 268 353 275 354 287 354 281 354 280 355 287 355 275 355 281 356 288 356 283 356 283 357 288 357 289 357 274 358 290 358 280 358 286 359 290 359 284 359 291 360 290 360 286 360 292 361 290 361 291 361 284 362 290 362 274 362 281 363 293 363 288 363 287 364 293 364 281 364 288 365 294 365 289 365 289 366 294 366 295 366 280 367 296 367 287 367 292 368 296 368 290 368 297 369 296 369 292 369 298 370 296 370 297 370 290 371 296 371 280 371 293 372 299 372 288 372 295 373 300 373 301 373 294 374 300 374 295 374 287 375 302 375 293 375 298 376 302 376 296 376 303 377 302 377 298 377 304 378 302 378 303 378 296 379 302 379 287 379 294 380 305 380 300 380 299 381 305 381 288 381 288 382 305 382 294 382 301 383 306 383 307 383 307 384 306 384 308 384 300 385 306 385 301 385 302 386 309 386 293 386 299 387 309 387 305 387 293 388 309 388 299 388 304 389 309 389 302 389 310 390 309 390 304 390 311 391 309 391 310 391 305 392 312 392 300 392 309 393 313 393 305 393 314 394 313 394 311 394 315 395 313 395 314 395 311 396 313 396 309 396 308 397 316 397 317 397 306 398 316 398 308 398 312 399 316 399 300 399 300 400 316 400 306 400 305 401 318 401 312 401 319 402 318 402 315 402 320 403 318 403 319 403 315 404 318 404 313 404 313 405 318 405 305 405 312 406 321 406 316 406 322 407 321 407 320 407 323 408 321 408 322 408 317 409 321 409 323 409 316 410 321 410 317 410 320 411 321 411 318 411 318 412 321 412 312 412 128 413 130 413 324 413 324 414 130 414 325 414 325 415 131 415 326 415 130 416 131 416 325 416 326 417 133 417 327 417 131 418 133 418 326 418 327 419 137 419 328 419 328 420 137 420 329 420 133 421 137 421 327 421 137 422 140 422 329 422 140 423 147 423 329 423 329 424 147 424 330 424 147 425 148 425 330 425 330 426 148 426 331 426 148 427 154 427 331 427 331 428 154 428 332 428 332 429 154 429 333 429 154 430 160 430 333 430 160 431 166 431 333 431 333 432 166 432 334 432 166 433 172 433 334 433 334 434 172 434 335 434 172 435 178 435 335 435 335 436 178 436 336 436 178 437 184 437 336 437 336 438 184 438 337 438 184 439 185 439 337 439 337 440 185 440 338 440 185 441 191 441 338 441 338 442 191 442 339 442 191 443 197 443 339 443 339 444 197 444 340 444 340 445 197 445 341 445 197 446 203 446 341 446 203 447 209 447 341 447 341 448 209 448 342 448 342 449 215 449 343 449 209 450 215 450 342 450 343 451 215 451 344 451 215 452 216 452 344 452 216 453 222 453 344 453 344 454 222 454 345 454 345 455 222 455 346 455 222 456 228 456 346 456 346 457 234 457 347 457 228 458 234 458 346 458 347 459 239 459 348 459 348 460 239 460 349 460 234 461 239 461 347 461 239 462 245 462 349 462 349 463 246 463 350 463 245 464 246 464 349 464 350 465 252 465 351 465 351 466 252 466 352 466 246 467 252 467 350 467 252 468 258 468 352 468 352 469 264 469 353 469 258 470 264 470 352 470 353 471 270 471 354 471 354 472 270 472 355 472 264 473 270 473 353 473 270 474 276 474 355 474 276 475 282 475 355 475 355 476 282 476 356 476 282 477 283 477 356 477 356 478 283 478 357 478 283 479 289 479 357 479 357 480 289 480 358 480 358 481 289 481 359 481 289 482 295 482 359 482 295 483 301 483 359 483 359 484 301 484 360 484 301 485 307 485 360 485 360 486 307 486 361 486 307 487 308 487 361 487 361 488 308 488 362 488 363 489 364 489 365 489 365 490 364 490 366 490 364 491 367 491 366 491 366 492 367 492 368 492 363 493 369 493 364 493 370 494 369 494 363 494 367 495 371 495 368 495 368 496 371 496 372 496 364 497 373 497 367 497 369 498 373 498 364 498 372 499 374 499 375 499 371 500 374 500 372 500 376 501 377 501 370 501 378 502 377 502 376 502 379 503 377 503 378 503 370 504 377 504 369 504 367 505 380 505 371 505 373 506 380 506 367 506 374 507 381 507 375 507 375 508 381 508 382 508 382 509 381 509 383 509 379 510 384 510 377 510 385 511 384 511 379 511 386 512 384 512 385 512 377 513 384 513 369 513 369 514 384 514 373 514 371 515 387 515 374 515 380 516 387 516 371 516 381 517 388 517 383 517 383 518 388 518 389 518 373 519 390 519 380 519 391 520 390 520 386 520 392 521 390 521 391 521 386 522 390 522 384 522 384 523 390 523 373 523 387 524 393 524 374 524 374 525 393 525 381 525 388 526 394 526 389 526 389 527 394 527 395 527 396 528 397 528 392 528 398 529 397 529 396 529 380 530 397 530 387 530 392 531 397 531 390 531 390 532 397 532 380 532 393 533 399 533 381 533 381 534 399 534 388 534 394 535 400 535 395 535 395 536 400 536 401 536 402 537 403 537 398 537 404 538 403 538 402 538 398 539 403 539 397 539 397 540 403 540 387 540 387 541 403 541 393 541 388 542 405 542 394 542 399 543 405 543 388 543 400 544 406 544 401 544 401 545 406 545 407 545 408 546 409 546 404 546 410 547 409 547 408 547 403 548 409 548 393 548 404 549 409 549 403 549 393 550 409 550 399 550 405 551 411 551 394 551 394 552 411 552 400 552 407 553 412 553 413 553 406 554 412 554 407 554 399 555 414 555 405 555 415 556 414 556 410 556 416 557 414 557 415 557 409 558 414 558 399 558 410 559 414 559 409 559 411 560 417 560 400 560 406 561 417 561 412 561 400 562 417 562 406 562 412 563 418 563 413 563 413 564 418 564 419 564 419 565 418 565 420 565 405 566 421 566 411 566 422 567 421 567 416 567 423 568 421 568 422 568 414 569 421 569 405 569 416 570 421 570 414 570 417 571 424 571 412 571 420 572 425 572 426 572 418 573 425 573 420 573 421 574 427 574 411 574 428 575 427 575 423 575 429 576 427 576 428 576 411 577 427 577 417 577 423 578 427 578 421 578 412 579 430 579 418 579 424 580 430 580 412 580 425 581 431 581 426 581 426 582 431 582 432 582 427 583 433 583 417 583 417 584 433 584 424 584 434 585 433 585 429 585 435 586 433 586 434 586 424 587 433 587 430 587 429 588 433 588 427 588 418 589 436 589 425 589 430 590 436 590 418 590 432 591 437 591 438 591 431 592 437 592 432 592 435 593 439 593 433 593 440 594 439 594 435 594 433 595 439 595 430 595 441 596 439 596 440 596 430 597 439 597 436 597 436 598 442 598 425 598 425 599 442 599 431 599 431 600 442 600 437 600 438 601 443 601 444 601 437 602 443 602 438 602 439 603 445 603 436 603 441 604 445 604 439 604 446 605 445 605 441 605 447 606 445 606 446 606 442 607 448 607 437 607 437 608 448 608 443 608 443 609 449 609 444 609 444 610 449 610 450 610 450 611 449 611 451 611 436 612 452 612 442 612 445 613 452 613 436 613 447 614 452 614 445 614 453 615 452 615 447 615 454 616 452 616 453 616 448 617 455 617 443 617 449 618 456 618 451 618 451 619 456 619 457 619 454 620 458 620 452 620 448 621 458 621 455 621 459 622 458 622 454 622 460 623 458 623 459 623 442 624 458 624 448 624 452 625 458 625 442 625 443 626 461 626 449 626 455 627 461 627 443 627 456 628 462 628 457 628 457 629 462 629 463 629 460 630 464 630 458 630 458 631 464 631 455 631 465 632 464 632 460 632 466 633 464 633 465 633 449 634 467 634 456 634 461 635 467 635 449 635 462 636 468 636 463 636 463 637 468 637 469 637 464 638 470 638 455 638 455 639 470 639 461 639 471 640 470 640 466 640 466 641 470 641 464 641 456 642 472 642 462 642 467 643 472 643 456 643 468 644 473 644 469 644 469 645 473 645 474 645 475 646 476 646 471 646 477 647 476 647 475 647 470 648 476 648 461 648 461 649 476 649 467 649 471 650 476 650 470 650 472 651 478 651 462 651 462 652 478 652 468 652 473 653 479 653 474 653 474 654 479 654 480 654 480 655 479 655 481 655 482 656 483 656 477 656 484 657 483 657 482 657 477 658 483 658 476 658 472 659 483 659 478 659 467 660 483 660 472 660 476 661 483 661 467 661 478 662 485 662 468 662 468 663 485 663 473 663 479 664 486 664 481 664 481 665 486 665 487 665 488 666 489 666 484 666 490 667 489 667 488 667 484 668 489 668 483 668 483 669 489 669 478 669 473 670 491 670 479 670 485 671 491 671 473 671 486 672 492 672 487 672 487 673 492 673 493 673 494 674 495 674 490 674 496 675 495 675 494 675 490 676 495 676 489 676 478 677 495 677 485 677 489 678 495 678 478 678 479 679 497 679 486 679 486 680 497 680 492 680 491 681 497 681 479 681 492 682 498 682 493 682 493 683 498 683 499 683 500 684 501 684 496 684 502 685 501 685 500 685 496 686 501 686 495 686 485 687 501 687 491 687 495 688 501 688 485 688 497 689 503 689 492 689 499 690 504 690 505 690 498 691 504 691 499 691 506 692 507 692 502 692 508 693 507 693 506 693 502 694 507 694 501 694 491 695 507 695 497 695 501 696 507 696 491 696 492 697 509 697 498 697 503 698 509 698 492 698 498 699 509 699 504 699 504 700 510 700 505 700 505 701 510 701 511 701 507 702 512 702 497 702 513 703 512 703 508 703 514 704 512 704 513 704 497 705 512 705 503 705 503 706 512 706 509 706 508 707 512 707 507 707 509 708 515 708 504 708 504 709 515 709 510 709 511 710 516 710 517 710 517 711 516 711 518 711 510 712 516 712 511 712 512 713 519 713 509 713 520 714 519 714 514 714 521 715 519 715 520 715 514 716 519 716 512 716 515 717 522 717 510 717 510 718 522 718 516 718 516 719 523 719 518 719 518 720 523 720 524 720 521 721 525 721 519 721 526 722 525 722 521 722 527 723 525 723 526 723 509 724 525 724 515 724 519 725 525 725 509 725 522 726 528 726 516 726 516 727 528 727 523 727 523 728 529 728 524 728 524 729 529 729 530 729 527 730 531 730 525 730 525 731 531 731 515 731 532 732 531 732 527 732 533 733 531 733 532 733 515 734 531 734 522 734 528 735 534 735 523 735 530 736 535 736 536 736 529 737 535 737 530 737 522 738 537 738 528 738 531 739 537 739 522 739 533 740 537 740 531 740 538 741 537 741 533 741 539 742 537 742 538 742 534 743 540 743 523 743 523 744 540 744 529 744 536 745 541 745 542 745 542 746 541 746 543 746 535 747 541 747 536 747 528 748 544 748 534 748 537 749 544 749 528 749 539 750 544 750 537 750 545 751 544 751 539 751 546 752 544 752 545 752 540 753 547 753 529 753 535 754 547 754 541 754 529 755 547 755 535 755 544 756 548 756 534 756 534 757 548 757 540 757 549 758 548 758 546 758 550 759 548 759 549 759 540 760 548 760 547 760 546 761 548 761 544 761 543 762 551 762 552 762 541 763 551 763 543 763 547 764 551 764 541 764 548 765 553 765 547 765 554 766 553 766 550 766 555 767 553 767 554 767 550 768 553 768 548 768 547 769 556 769 551 769 557 770 556 770 555 770 558 771 556 771 557 771 552 772 556 772 558 772 551 773 556 773 552 773 555 774 556 774 553 774 553 775 556 775 547 775 363 776 365 776 559 776 559 777 365 777 560 777 560 778 366 778 561 778 365 779 366 779 560 779 561 780 368 780 562 780 366 781 368 781 561 781 562 782 372 782 563 782 563 783 372 783 564 783 368 784 372 784 562 784 372 785 375 785 564 785 375 786 382 786 564 786 564 787 382 787 565 787 382 788 383 788 565 788 565 789 383 789 566 789 383 790 389 790 566 790 566 791 389 791 567 791 567 792 389 792 568 792 389 793 395 793 568 793 395 794 401 794 568 794 568 795 401 795 569 795 401 796 407 796 569 796 569 797 407 797 570 797 407 798 413 798 570 798 570 799 413 799 571 799 413 800 419 800 571 800 571 801 419 801 572 801 419 802 420 802 572 802 572 803 420 803 573 803 420 804 426 804 573 804 573 805 426 805 574 805 426 806 432 806 574 806 574 807 432 807 575 807 575 808 432 808 576 808 432 809 438 809 576 809 438 810 444 810 576 810 576 811 444 811 577 811 577 812 450 812 578 812 444 813 450 813 577 813 578 814 450 814 579 814 450 815 451 815 579 815 451 816 457 816 579 816 579 817 457 817 580 817 580 818 457 818 581 818 457 819 463 819 581 819 581 820 469 820 582 820 463 821 469 821 581 821 582 822 474 822 583 822 583 823 474 823 584 823 469 824 474 824 582 824 474 825 480 825 584 825 584 826 481 826 585 826 480 827 481 827 584 827 585 828 487 828 586 828 586 829 487 829 587 829 481 830 487 830 585 830 487 831 493 831 587 831 587 832 499 832 588 832 493 833 499 833 587 833 588 834 505 834 589 834 589 835 505 835 590 835 499 836 505 836 588 836 505 837 511 837 590 837 511 838 517 838 590 838 590 839 517 839 591 839 517 840 518 840 591 840 591 841 518 841 592 841 518 842 524 842 592 842 592 843 524 843 593 843 593 844 524 844 594 844 524 845 530 845 594 845 530 846 536 846 594 846 594 847 536 847 595 847 536 848 542 848 595 848 595 849 542 849 596 849 542 850 543 850 596 850 596 851 543 851 597 851 598 852 599 852 600 852 600 853 599 853 601 853 599 854 602 854 601 854 601 855 602 855 603 855 598 856 604 856 599 856 605 857 604 857 598 857 602 858 606 858 603 858 603 859 606 859 607 859 599 860 608 860 602 860 604 861 608 861 599 861 607 862 609 862 610 862 606 863 609 863 607 863 611 864 612 864 605 864 613 865 612 865 611 865 614 866 612 866 613 866 605 867 612 867 604 867 602 868 615 868 606 868 608 869 615 869 602 869 609 870 616 870 610 870 610 871 616 871 617 871 617 872 616 872 618 872 614 873 619 873 612 873 620 874 619 874 614 874 621 875 619 875 620 875 612 876 619 876 604 876 604 877 619 877 608 877 606 878 622 878 609 878 609 879 622 879 616 879 615 880 622 880 606 880 616 881 623 881 618 881 618 882 623 882 624 882 608 883 625 883 615 883 626 884 625 884 621 884 627 885 625 885 626 885 621 886 625 886 619 886 619 887 625 887 608 887 622 888 628 888 616 888 623 889 629 889 624 889 624 890 629 890 630 890 631 891 632 891 627 891 633 892 632 892 631 892 615 893 632 893 622 893 627 894 632 894 625 894 625 895 632 895 615 895 628 896 634 896 616 896 616 897 634 897 623 897 629 898 635 898 630 898 630 899 635 899 636 899 637 900 638 900 633 900 639 901 638 901 637 901 622 902 638 902 628 902 633 903 638 903 632 903 632 904 638 904 622 904 634 905 640 905 623 905 623 906 640 906 629 906 635 907 641 907 636 907 636 908 641 908 642 908 628 909 643 909 634 909 644 910 643 910 639 910 645 911 643 911 644 911 639 912 643 912 638 912 638 913 643 913 628 913 629 914 646 914 635 914 640 915 646 915 629 915 642 916 647 916 648 916 641 917 647 917 642 917 645 918 649 918 643 918 634 919 649 919 640 919 643 920 649 920 634 920 650 921 649 921 645 921 651 922 649 922 650 922 646 923 652 923 635 923 635 924 652 924 641 924 647 925 653 925 648 925 648 926 653 926 654 926 654 927 653 927 655 927 656 928 657 928 651 928 658 929 657 929 656 929 649 930 657 930 640 930 640 931 657 931 646 931 646 932 657 932 652 932 651 933 657 933 649 933 641 934 659 934 647 934 652 935 659 935 641 935 655 936 660 936 661 936 653 937 660 937 655 937 658 938 662 938 657 938 663 939 662 939 658 939 664 940 662 940 663 940 657 941 662 941 652 941 659 942 665 942 647 942 647 943 665 943 653 943 660 944 666 944 661 944 661 945 666 945 667 945 668 946 669 946 664 946 670 947 669 947 668 947 659 948 669 948 665 948 652 949 669 949 659 949 662 950 669 950 652 950 664 951 669 951 662 951 665 952 671 952 653 952 653 953 671 953 660 953 666 954 672 954 667 954 667 955 672 955 673 955 669 956 674 956 665 956 675 957 674 957 670 957 676 958 674 958 675 958 670 959 674 959 669 959 660 960 677 960 666 960 671 961 677 961 660 961 672 962 678 962 673 962 673 963 678 963 679 963 680 964 681 964 676 964 682 965 681 965 680 965 671 966 681 966 677 966 676 967 681 967 674 967 674 968 681 968 665 968 665 969 681 969 671 969 677 970 683 970 666 970 672 971 683 971 678 971 666 972 683 972 672 972 678 973 684 973 679 973 679 974 684 974 685 974 685 975 684 975 686 975 681 976 687 976 677 976 688 977 687 977 682 977 689 978 687 978 688 978 682 979 687 979 681 979 683 980 690 980 678 980 684 981 691 981 686 981 686 982 691 982 692 982 687 983 693 983 677 983 689 984 693 984 687 984 694 985 693 985 689 985 695 986 693 986 694 986 677 987 693 987 683 987 690 988 696 988 678 988 678 989 696 989 684 989 691 990 697 990 692 990 692 991 697 991 698 991 690 992 699 992 696 992 695 993 699 993 693 993 700 994 699 994 695 994 683 995 699 995 690 995 701 996 699 996 700 996 693 997 699 997 683 997 696 998 702 998 684 998 691 999 702 999 697 999 684 1000 702 1000 691 1000 697 1001 703 1001 698 1001 698 1002 703 1002 704 1002 699 1003 705 1003 696 1003 706 1004 705 1004 701 1004 701 1005 705 1005 699 1005 702 1006 707 1006 697 1006 703 1007 708 1007 704 1007 704 1008 708 1008 709 1008 696 1009 710 1009 702 1009 711 1010 710 1010 706 1010 712 1011 710 1011 711 1011 705 1012 710 1012 696 1012 706 1013 710 1013 705 1013 697 1014 713 1014 703 1014 707 1015 713 1015 697 1015 703 1016 713 1016 708 1016 708 1017 714 1017 709 1017 709 1018 714 1018 715 1018 715 1019 714 1019 716 1019 702 1020 717 1020 707 1020 718 1021 717 1021 712 1021 719 1022 717 1022 718 1022 712 1023 717 1023 710 1023 710 1024 717 1024 702 1024 707 1025 717 1025 713 1025 713 1026 720 1026 708 1026 708 1027 720 1027 714 1027 714 1028 721 1028 716 1028 716 1029 721 1029 722 1029 723 1030 724 1030 719 1030 725 1031 724 1031 723 1031 719 1032 724 1032 717 1032 717 1033 724 1033 713 1033 720 1034 726 1034 714 1034 721 1035 727 1035 722 1035 722 1036 727 1036 728 1036 729 1037 730 1037 725 1037 731 1038 730 1038 729 1038 713 1039 730 1039 720 1039 725 1040 730 1040 724 1040 724 1041 730 1041 713 1041 714 1042 732 1042 721 1042 726 1043 732 1043 714 1043 727 1044 733 1044 728 1044 728 1045 733 1045 734 1045 735 1046 736 1046 731 1046 737 1047 736 1047 735 1047 731 1048 736 1048 730 1048 720 1049 736 1049 726 1049 730 1050 736 1050 720 1050 727 1051 738 1051 733 1051 721 1052 738 1052 727 1052 732 1053 738 1053 721 1053 734 1054 739 1054 740 1054 733 1055 739 1055 734 1055 736 1056 741 1056 726 1056 742 1057 741 1057 737 1057 743 1058 741 1058 742 1058 737 1059 741 1059 736 1059 726 1060 741 1060 732 1060 738 1061 744 1061 733 1061 739 1062 745 1062 740 1062 740 1063 745 1063 746 1063 732 1064 747 1064 738 1064 748 1065 747 1065 743 1065 749 1066 747 1066 748 1066 741 1067 747 1067 732 1067 743 1068 747 1068 741 1068 744 1069 750 1069 733 1069 733 1070 750 1070 739 1070 746 1071 751 1071 752 1071 752 1072 751 1072 753 1072 745 1073 751 1073 746 1073 749 1074 754 1074 747 1074 738 1075 754 1075 744 1075 755 1076 754 1076 749 1076 756 1077 754 1077 755 1077 747 1078 754 1078 738 1078 745 1079 757 1079 751 1079 750 1080 757 1080 739 1080 739 1081 757 1081 745 1081 751 1082 758 1082 753 1082 753 1083 758 1083 759 1083 744 1084 760 1084 750 1084 754 1085 760 1085 744 1085 756 1086 760 1086 754 1086 761 1087 760 1087 756 1087 762 1088 760 1088 761 1088 751 1089 763 1089 758 1089 757 1090 763 1090 751 1090 758 1091 764 1091 759 1091 759 1092 764 1092 765 1092 757 1093 766 1093 763 1093 762 1094 766 1094 760 1094 767 1095 766 1095 762 1095 768 1096 766 1096 767 1096 760 1097 766 1097 750 1097 750 1098 766 1098 757 1098 763 1099 769 1099 758 1099 765 1100 770 1100 771 1100 764 1101 770 1101 765 1101 763 1102 772 1102 769 1102 766 1103 772 1103 763 1103 768 1104 772 1104 766 1104 773 1105 772 1105 768 1105 774 1106 772 1106 773 1106 769 1107 775 1107 758 1107 764 1108 775 1108 770 1108 758 1109 775 1109 764 1109 771 1110 776 1110 777 1110 777 1111 776 1111 778 1111 770 1112 776 1112 771 1112 772 1113 779 1113 769 1113 774 1114 779 1114 772 1114 780 1115 779 1115 774 1115 781 1116 779 1116 780 1116 775 1117 782 1117 770 1117 770 1118 782 1118 776 1118 779 1119 783 1119 769 1119 769 1120 783 1120 775 1120 775 1121 783 1121 782 1121 784 1122 783 1122 781 1122 785 1123 783 1123 784 1123 781 1124 783 1124 779 1124 778 1125 786 1125 787 1125 776 1126 786 1126 778 1126 782 1127 786 1127 776 1127 783 1128 788 1128 782 1128 785 1129 788 1129 783 1129 789 1130 788 1130 785 1130 790 1131 788 1131 789 1131 791 1132 792 1132 790 1132 793 1133 792 1133 791 1133 787 1134 792 1134 793 1134 786 1135 792 1135 787 1135 790 1136 792 1136 788 1136 782 1137 792 1137 786 1137 788 1138 792 1138 782 1138 598 1139 600 1139 794 1139 794 1140 600 1140 795 1140 795 1141 601 1141 796 1141 600 1142 601 1142 795 1142 796 1143 603 1143 797 1143 601 1144 603 1144 796 1144 797 1145 607 1145 798 1145 798 1146 607 1146 799 1146 603 1147 607 1147 797 1147 607 1148 610 1148 799 1148 610 1149 617 1149 799 1149 799 1150 617 1150 800 1150 617 1151 618 1151 800 1151 800 1152 618 1152 801 1152 618 1153 624 1153 801 1153 801 1154 624 1154 802 1154 802 1155 624 1155 803 1155 624 1156 630 1156 803 1156 630 1157 636 1157 803 1157 803 1158 636 1158 804 1158 636 1159 642 1159 804 1159 804 1160 642 1160 805 1160 642 1161 648 1161 805 1161 805 1162 648 1162 806 1162 648 1163 654 1163 806 1163 806 1164 654 1164 807 1164 654 1165 655 1165 807 1165 807 1166 655 1166 808 1166 655 1167 661 1167 808 1167 808 1168 661 1168 809 1168 661 1169 667 1169 809 1169 809 1170 667 1170 810 1170 810 1171 667 1171 811 1171 667 1172 673 1172 811 1172 673 1173 679 1173 811 1173 811 1174 679 1174 812 1174 812 1175 685 1175 813 1175 679 1176 685 1176 812 1176 813 1177 685 1177 814 1177 685 1178 686 1178 814 1178 686 1179 692 1179 814 1179 814 1180 692 1180 815 1180 815 1181 692 1181 816 1181 692 1182 698 1182 816 1182 816 1183 704 1183 817 1183 698 1184 704 1184 816 1184 817 1185 709 1185 818 1185 818 1186 709 1186 819 1186 704 1187 709 1187 817 1187 709 1188 715 1188 819 1188 819 1189 716 1189 820 1189 715 1190 716 1190 819 1190 820 1191 722 1191 821 1191 821 1192 722 1192 822 1192 716 1193 722 1193 820 1193 722 1194 728 1194 822 1194 822 1195 734 1195 823 1195 728 1196 734 1196 822 1196 823 1197 740 1197 824 1197 824 1198 740 1198 825 1198 734 1199 740 1199 823 1199 740 1200 746 1200 825 1200 746 1201 752 1201 825 1201 825 1202 752 1202 826 1202 752 1203 753 1203 826 1203 826 1204 753 1204 827 1204 753 1205 759 1205 827 1205 827 1206 759 1206 828 1206 828 1207 759 1207 829 1207 759 1208 765 1208 829 1208 765 1209 771 1209 829 1209 829 1210 771 1210 830 1210 771 1211 777 1211 830 1211 830 1212 777 1212 831 1212 777 1213 778 1213 831 1213 831 1214 778 1214 832 1214 833 1215 834 1215 835 1215 835 1216 834 1216 836 1216 834 1217 837 1217 836 1217 836 1218 837 1218 838 1218 833 1219 839 1219 834 1219 840 1220 839 1220 833 1220 837 1221 841 1221 838 1221 838 1222 841 1222 842 1222 834 1223 843 1223 837 1223 839 1224 843 1224 834 1224 842 1225 844 1225 845 1225 841 1226 844 1226 842 1226 846 1227 847 1227 840 1227 848 1228 847 1228 846 1228 849 1229 847 1229 848 1229 840 1230 847 1230 839 1230 837 1231 850 1231 841 1231 843 1232 850 1232 837 1232 844 1233 851 1233 845 1233 845 1234 851 1234 852 1234 852 1235 851 1235 853 1235 849 1236 854 1236 847 1236 855 1237 854 1237 849 1237 856 1238 854 1238 855 1238 847 1239 854 1239 839 1239 839 1240 854 1240 843 1240 841 1241 857 1241 844 1241 850 1242 857 1242 841 1242 851 1243 858 1243 853 1243 853 1244 858 1244 859 1244 843 1245 860 1245 850 1245 861 1246 860 1246 856 1246 862 1247 860 1247 861 1247 856 1248 860 1248 854 1248 854 1249 860 1249 843 1249 857 1250 863 1250 844 1250 844 1251 863 1251 851 1251 858 1252 864 1252 859 1252 859 1253 864 1253 865 1253 866 1254 867 1254 862 1254 868 1255 867 1255 866 1255 850 1256 867 1256 857 1256 862 1257 867 1257 860 1257 860 1258 867 1258 850 1258 863 1259 869 1259 851 1259 851 1260 869 1260 858 1260 864 1261 870 1261 865 1261 865 1262 870 1262 871 1262 872 1263 873 1263 868 1263 874 1264 873 1264 872 1264 868 1265 873 1265 867 1265 867 1266 873 1266 857 1266 857 1267 873 1267 863 1267 858 1268 875 1268 864 1268 869 1269 875 1269 858 1269 870 1270 876 1270 871 1270 871 1271 876 1271 877 1271 878 1272 879 1272 874 1272 880 1273 879 1273 878 1273 873 1274 879 1274 863 1274 874 1275 879 1275 873 1275 863 1276 879 1276 869 1276 875 1277 881 1277 864 1277 864 1278 881 1278 870 1278 877 1279 882 1279 883 1279 876 1280 882 1280 877 1280 869 1281 884 1281 875 1281 885 1282 884 1282 880 1282 886 1283 884 1283 885 1283 879 1284 884 1284 869 1284 880 1285 884 1285 879 1285 881 1286 887 1286 870 1286 870 1287 887 1287 876 1287 882 1288 888 1288 883 1288 883 1289 888 1289 889 1289 889 1290 888 1290 890 1290 875 1291 891 1291 881 1291 892 1292 891 1292 886 1292 893 1293 891 1293 892 1293 884 1294 891 1294 875 1294 886 1295 891 1295 884 1295 876 1296 894 1296 882 1296 887 1297 894 1297 876 1297 890 1298 895 1298 896 1298 888 1299 895 1299 890 1299 891 1300 897 1300 881 1300 898 1301 897 1301 893 1301 899 1302 897 1302 898 1302 881 1303 897 1303 887 1303 893 1304 897 1304 891 1304 882 1305 900 1305 888 1305 894 1306 900 1306 882 1306 896 1307 901 1307 902 1307 895 1308 901 1308 896 1308 887 1309 903 1309 894 1309 904 1310 903 1310 899 1310 905 1311 903 1311 904 1311 894 1312 903 1312 900 1312 897 1313 903 1313 887 1313 899 1314 903 1314 897 1314 888 1315 906 1315 895 1315 900 1316 906 1316 888 1316 902 1317 907 1317 908 1317 901 1318 907 1318 902 1318 903 1319 909 1319 900 1319 910 1320 909 1320 905 1320 911 1321 909 1321 910 1321 905 1322 909 1322 903 1322 900 1323 909 1323 906 1323 906 1324 912 1324 895 1324 895 1325 912 1325 901 1325 907 1326 913 1326 908 1326 908 1327 913 1327 914 1327 909 1328 915 1328 906 1328 916 1329 915 1329 911 1329 917 1330 915 1330 916 1330 911 1331 915 1331 909 1331 901 1332 918 1332 907 1332 907 1333 918 1333 913 1333 912 1334 918 1334 901 1334 913 1335 919 1335 914 1335 914 1336 919 1336 920 1336 920 1337 919 1337 921 1337 917 1338 922 1338 915 1338 923 1339 922 1339 917 1339 924 1340 922 1340 923 1340 915 1341 922 1341 906 1341 906 1342 922 1342 912 1342 918 1343 925 1343 913 1343 919 1344 926 1344 921 1344 921 1345 926 1345 927 1345 912 1346 928 1346 918 1346 922 1347 928 1347 912 1347 924 1348 928 1348 922 1348 929 1349 928 1349 924 1349 930 1350 928 1350 929 1350 918 1351 928 1351 925 1351 913 1352 931 1352 919 1352 925 1353 931 1353 913 1353 919 1354 931 1354 926 1354 926 1355 932 1355 927 1355 927 1356 932 1356 933 1356 928 1357 934 1357 925 1357 935 1358 934 1358 930 1358 936 1359 934 1359 935 1359 930 1360 934 1360 928 1360 931 1361 937 1361 926 1361 932 1362 938 1362 933 1362 933 1363 938 1363 939 1363 934 1364 940 1364 925 1364 925 1365 940 1365 931 1365 941 1366 940 1366 936 1366 936 1367 940 1367 934 1367 937 1368 942 1368 926 1368 926 1369 942 1369 932 1369 932 1370 942 1370 938 1370 938 1371 943 1371 939 1371 939 1372 943 1372 944 1372 931 1373 945 1373 937 1373 946 1374 945 1374 941 1374 947 1375 945 1375 946 1375 940 1376 945 1376 931 1376 941 1377 945 1377 940 1377 942 1378 948 1378 938 1378 943 1379 949 1379 944 1379 944 1380 949 1380 950 1380 950 1381 949 1381 951 1381 937 1382 952 1382 942 1382 953 1383 952 1383 947 1383 945 1384 952 1384 937 1384 954 1385 952 1385 953 1385 947 1386 952 1386 945 1386 942 1387 952 1387 948 1387 938 1388 955 1388 943 1388 948 1389 955 1389 938 1389 943 1390 955 1390 949 1390 949 1391 956 1391 951 1391 951 1392 956 1392 957 1392 958 1393 959 1393 954 1393 960 1394 959 1394 958 1394 954 1395 959 1395 952 1395 952 1396 959 1396 948 1396 955 1397 961 1397 949 1397 956 1398 962 1398 957 1398 957 1399 962 1399 963 1399 964 1400 965 1400 960 1400 966 1401 965 1401 964 1401 948 1402 965 1402 955 1402 960 1403 965 1403 959 1403 959 1404 965 1404 948 1404 961 1405 967 1405 949 1405 949 1406 967 1406 956 1406 956 1407 967 1407 962 1407 962 1408 968 1408 963 1408 963 1409 968 1409 969 1409 970 1410 971 1410 966 1410 972 1411 971 1411 970 1411 966 1412 971 1412 965 1412 955 1413 971 1413 961 1413 965 1414 971 1414 955 1414 967 1415 973 1415 962 1415 969 1416 974 1416 975 1416 968 1417 974 1417 969 1417 976 1418 977 1418 972 1418 978 1419 977 1419 976 1419 961 1420 977 1420 967 1420 972 1421 977 1421 971 1421 971 1422 977 1422 961 1422 962 1423 979 1423 968 1423 973 1424 979 1424 962 1424 974 1425 980 1425 975 1425 975 1426 980 1426 981 1426 977 1427 982 1427 967 1427 983 1428 982 1428 978 1428 984 1429 982 1429 983 1429 978 1430 982 1430 977 1430 973 1431 982 1431 979 1431 967 1432 982 1432 973 1432 979 1433 985 1433 968 1433 968 1434 985 1434 974 1434 974 1435 985 1435 980 1435 981 1436 986 1436 987 1436 987 1437 986 1437 988 1437 980 1438 986 1438 981 1438 982 1439 989 1439 979 1439 990 1440 989 1440 984 1440 991 1441 989 1441 990 1441 984 1442 989 1442 982 1442 985 1443 992 1443 980 1443 980 1444 992 1444 986 1444 986 1445 993 1445 988 1445 988 1446 993 1446 994 1446 979 1447 995 1447 985 1447 989 1448 995 1448 979 1448 991 1449 995 1449 989 1449 996 1450 995 1450 991 1450 997 1451 995 1451 996 1451 992 1452 998 1452 986 1452 986 1453 998 1453 993 1453 993 1454 999 1454 994 1454 994 1455 999 1455 1000 1455 985 1456 1001 1456 992 1456 997 1457 1001 1457 995 1457 1002 1458 1001 1458 997 1458 1003 1459 1001 1459 1002 1459 995 1460 1001 1460 985 1460 998 1461 1004 1461 993 1461 993 1462 1004 1462 999 1462 1000 1463 1005 1463 1006 1463 999 1464 1005 1464 1000 1464 992 1465 1007 1465 998 1465 1001 1466 1007 1466 992 1466 1003 1467 1007 1467 1001 1467 1008 1468 1007 1468 1003 1468 1009 1469 1007 1469 1008 1469 1004 1470 1010 1470 999 1470 1006 1471 1011 1471 1012 1471 1012 1472 1011 1472 1013 1472 1005 1473 1011 1473 1006 1473 998 1474 1014 1474 1004 1474 1007 1475 1014 1475 998 1475 1009 1476 1014 1476 1007 1476 1015 1477 1014 1477 1009 1477 1016 1478 1014 1478 1015 1478 999 1479 1017 1479 1005 1479 1010 1480 1017 1480 999 1480 1014 1481 1018 1481 1004 1481 1004 1482 1018 1482 1010 1482 1010 1483 1018 1483 1017 1483 1019 1484 1018 1484 1016 1484 1020 1485 1018 1485 1019 1485 1016 1486 1018 1486 1014 1486 1013 1487 1021 1487 1022 1487 1011 1488 1021 1488 1013 1488 1005 1489 1021 1489 1011 1489 1017 1490 1021 1490 1005 1490 1020 1491 1023 1491 1018 1491 1024 1492 1023 1492 1020 1492 1025 1493 1023 1493 1024 1493 1018 1494 1023 1494 1017 1494 1017 1495 1026 1495 1021 1495 1027 1496 1026 1496 1025 1496 1028 1497 1026 1497 1027 1497 1022 1498 1026 1498 1028 1498 1021 1499 1026 1499 1022 1499 1025 1500 1026 1500 1023 1500 1023 1501 1026 1501 1017 1501 833 1502 835 1502 1029 1502 1029 1503 835 1503 1030 1503 1030 1504 836 1504 1031 1504 835 1505 836 1505 1030 1505 1031 1506 838 1506 1032 1506 836 1507 838 1507 1031 1507 1032 1508 842 1508 1033 1508 1033 1509 842 1509 1034 1509 838 1510 842 1510 1032 1510 842 1511 845 1511 1034 1511 845 1512 852 1512 1034 1512 1034 1513 852 1513 1035 1513 852 1514 853 1514 1035 1514 1035 1515 853 1515 1036 1515 853 1516 859 1516 1036 1516 1036 1517 859 1517 1037 1517 1037 1518 859 1518 1038 1518 859 1519 865 1519 1038 1519 865 1520 871 1520 1038 1520 1038 1521 871 1521 1039 1521 871 1522 877 1522 1039 1522 1039 1523 877 1523 1040 1523 877 1524 883 1524 1040 1524 1040 1525 883 1525 1041 1525 883 1526 889 1526 1041 1526 1041 1527 889 1527 1042 1527 889 1528 890 1528 1042 1528 1042 1529 890 1529 1043 1529 890 1530 896 1530 1043 1530 1043 1531 896 1531 1044 1531 896 1532 902 1532 1044 1532 1044 1533 902 1533 1045 1533 1045 1534 902 1534 1046 1534 902 1535 908 1535 1046 1535 908 1536 914 1536 1046 1536 1046 1537 914 1537 1047 1537 1047 1538 920 1538 1048 1538 914 1539 920 1539 1047 1539 1048 1540 920 1540 1049 1540 920 1541 921 1541 1049 1541 921 1542 927 1542 1049 1542 1049 1543 927 1543 1050 1543 1050 1544 927 1544 1051 1544 927 1545 933 1545 1051 1545 1051 1546 939 1546 1052 1546 933 1547 939 1547 1051 1547 1052 1548 944 1548 1053 1548 1053 1549 944 1549 1054 1549 939 1550 944 1550 1052 1550 944 1551 950 1551 1054 1551 1054 1552 951 1552 1055 1552 950 1553 951 1553 1054 1553 1055 1554 957 1554 1056 1554 1056 1555 957 1555 1057 1555 951 1556 957 1556 1055 1556 957 1557 963 1557 1057 1557 1057 1558 969 1558 1058 1558 963 1559 969 1559 1057 1559 1058 1560 975 1560 1059 1560 1059 1561 975 1561 1060 1561 969 1562 975 1562 1058 1562 975 1563 981 1563 1060 1563 981 1564 987 1564 1060 1564 1060 1565 987 1565 1061 1565 987 1566 988 1566 1061 1566 1061 1567 988 1567 1062 1567 988 1568 994 1568 1062 1568 1062 1569 994 1569 1063 1569 1063 1570 994 1570 1064 1570 994 1571 1000 1571 1064 1571 1000 1572 1006 1572 1064 1572 1064 1573 1006 1573 1065 1573 1006 1574 1012 1574 1065 1574 1065 1575 1012 1575 1066 1575 1012 1576 1013 1576 1066 1576 1066 1577 1013 1577 1067 1577 1068 1578 1069 1578 1070 1578 1070 1579 1071 1579 1072 1579 1069 1580 1071 1580 1070 1580 1072 1581 1073 1581 1074 1581 1071 1582 1073 1582 1072 1582 1074 1583 1075 1583 1076 1583 1073 1584 1075 1584 1074 1584 1076 1585 1077 1585 1078 1585 1075 1586 1077 1586 1076 1586 1078 1587 1079 1587 1080 1587 1077 1588 1079 1588 1078 1588 1080 1589 1081 1589 1082 1589 1079 1590 1081 1590 1080 1590 1082 1591 1083 1591 1084 1591 1081 1592 1083 1592 1082 1592 1084 1593 1085 1593 1086 1593 1083 1594 1085 1594 1084 1594 1086 1595 1087 1595 1088 1595 1085 1596 1087 1596 1086 1596 1088 1597 1089 1597 1090 1597 1087 1598 1089 1598 1088 1598 1090 1599 1091 1599 1092 1599 1089 1600 1091 1600 1090 1600 1092 1601 1093 1601 1094 1601 1091 1602 1093 1602 1092 1602 1094 1603 1095 1603 1096 1603 1093 1604 1095 1604 1094 1604 1096 1605 1097 1605 1098 1605 1095 1606 1097 1606 1096 1606 1098 1607 1099 1607 1100 1607 1097 1608 1099 1608 1098 1608 1100 1609 1101 1609 1102 1609 1099 1610 1101 1610 1100 1610 1101 1611 1103 1611 1102 1611 1102 1612 1103 1612 1104 1612 1103 1613 1105 1613 1104 1613 1104 1614 1105 1614 1106 1614 1105 1615 1107 1615 1106 1615 1106 1616 1107 1616 1108 1616 1108 1617 1109 1617 1110 1617 1107 1618 1109 1618 1108 1618 1110 1619 1111 1619 1112 1619 1109 1620 1111 1620 1110 1620 1112 1621 1113 1621 1114 1621 1111 1622 1113 1622 1112 1622 1114 1623 1115 1623 1116 1623 1113 1624 1115 1624 1114 1624 1116 1625 1117 1625 1118 1625 1115 1626 1117 1626 1116 1626 1118 1627 1119 1627 1120 1627 1117 1628 1119 1628 1118 1628 1120 1629 1121 1629 1122 1629 1119 1630 1121 1630 1120 1630 1122 1631 1123 1631 1124 1631 1121 1632 1123 1632 1122 1632 1123 1633 1125 1633 1124 1633 1124 1634 1125 1634 1126 1634 1125 1635 1127 1635 1126 1635 1126 1636 1127 1636 1128 1636 1127 1637 1129 1637 1128 1637 1128 1638 1129 1638 1130 1638 1129 1639 1131 1639 1130 1639 1130 1640 1131 1640 1132 1640 1131 1641 1133 1641 1132 1641 1132 1642 1133 1642 1134 1642 1133 1643 1135 1643 1134 1643 1134 1644 1135 1644 1136 1644 1135 1645 1137 1645 1136 1645 1136 1646 1137 1646 1138 1646 1137 1647 1139 1647 1138 1647 1138 1648 1139 1648 1140 1648 1139 1649 1141 1649 1140 1649 1140 1650 1141 1650 1142 1650 1141 1651 1143 1651 1142 1651 1142 1652 1143 1652 1144 1652 1143 1653 1145 1653 1144 1653 1144 1654 1145 1654 1146 1654 1145 1655 1147 1655 1146 1655 1148 1656 1149 1656 1150 1656 1146 1657 1149 1657 1148 1657 1147 1658 1149 1658 1146 1658 1150 1659 1151 1659 1152 1659 1149 1660 1151 1660 1150 1660 1152 1661 1153 1661 1154 1661 1151 1662 1153 1662 1152 1662 1154 1663 1155 1663 1156 1663 1153 1664 1155 1664 1154 1664 1155 1665 1157 1665 1156 1665 1156 1666 1157 1666 1158 1666 1157 1667 1159 1667 1158 1667 1158 1668 1159 1668 1160 1668 1159 1669 1161 1669 1160 1669 1161 1670 1162 1670 1160 1670 1163 1671 1162 1671 1164 1671 1160 1672 1162 1672 1163 1672 1162 1673 1165 1673 1164 1673 1164 1674 1165 1674 1166 1674 1165 1675 1167 1675 1166 1675 1166 1676 1167 1676 1168 1676 1167 1677 1169 1677 1168 1677 1168 1678 1169 1678 1170 1678 1169 1679 1171 1679 1170 1679 1170 1680 1171 1680 1172 1680 1171 1681 1173 1681 1172 1681 1172 1682 1173 1682 1174 1682 1173 1683 1175 1683 1174 1683 1174 1684 1175 1684 1176 1684 1175 1685 1177 1685 1176 1685 1177 1686 1178 1686 1176 1686 1179 1687 1178 1687 1180 1687 1176 1688 1178 1688 1179 1688 1178 1689 1181 1689 1180 1689 1180 1690 1181 1690 1182 1690 1181 1691 1183 1691 1182 1691 1183 1692 1184 1692 1182 1692 1185 1693 1184 1693 1186 1693 1182 1694 1184 1694 1185 1694 1184 1695 1187 1695 1186 1695 1188 1696 1189 1696 1190 1696 1186 1697 1189 1697 1188 1697 1187 1698 1189 1698 1186 1698 1189 1699 1191 1699 1190 1699 1190 1700 1191 1700 1192 1700 1192 1701 1193 1701 1194 1701 1191 1702 1193 1702 1192 1702 1193 1703 1195 1703 1194 1703 1196 1704 1197 1704 1198 1704 1198 1705 1197 1705 1199 1705 1199 1706 1200 1706 1201 1706 1197 1707 1200 1707 1199 1707 1201 1708 1202 1708 1203 1708 1200 1709 1202 1709 1201 1709 1203 1710 1204 1710 1205 1710 1202 1711 1204 1711 1203 1711 1206 1712 1207 1712 1208 1712 1205 1713 1207 1713 1206 1713 1204 1714 1207 1714 1205 1714 1207 1715 1209 1715 1208 1715 1210 1716 1211 1716 1212 1716 1211 1717 1213 1717 1212 1717 1212 1718 1214 1718 1215 1718 1213 1719 1214 1719 1212 1719 1215 1720 1216 1720 1217 1720 1214 1721 1216 1721 1215 1721 1217 1722 1218 1722 1219 1722 1216 1723 1218 1723 1217 1723 1219 1724 1220 1724 1221 1724 1218 1725 1220 1725 1219 1725 1221 1726 1222 1726 1223 1726 1220 1727 1222 1727 1221 1727 1223 1728 1224 1728 1225 1728 1222 1729 1224 1729 1223 1729 1225 1730 1226 1730 1227 1730 1224 1731 1226 1731 1225 1731 1227 1732 1228 1732 1229 1732 1226 1733 1228 1733 1227 1733 1229 1734 1230 1734 1231 1734 1228 1735 1230 1735 1229 1735 1231 1736 1232 1736 1233 1736 1230 1737 1232 1737 1231 1737 1234 1738 1235 1738 1236 1738 1236 1739 1235 1739 1237 1739 1237 1740 1238 1740 1239 1740 1235 1741 1238 1741 1237 1741 1239 1742 1240 1742 1241 1742 1238 1743 1240 1743 1239 1743 1241 1744 1242 1744 1243 1744 1240 1745 1242 1745 1241 1745 1244 1746 1245 1746 1246 1746 1243 1747 1245 1747 1244 1747 1242 1748 1245 1748 1243 1748 1245 1749 1247 1749 1246 1749 1248 1750 1249 1750 1250 1750 1246 1751 1249 1751 1248 1751 1247 1752 1249 1752 1246 1752 1249 1753 1251 1753 1250 1753 1250 1754 1252 1754 1253 1754 1251 1755 1252 1755 1250 1755 1254 1756 1255 1756 1256 1756 1253 1757 1255 1757 1254 1757 1252 1758 1255 1758 1253 1758 1256 1759 1257 1759 1258 1759 1255 1760 1257 1760 1256 1760 1257 1761 1259 1761 1258 1761 1260 1762 1261 1762 1262 1762 1258 1763 1261 1763 1260 1763 1259 1764 1261 1764 1258 1764 1261 1765 1263 1765 1262 1765 1264 1766 1265 1766 1266 1766 1262 1767 1265 1767 1264 1767 1263 1768 1265 1768 1262 1768 1265 1769 1267 1769 1266 1769 1268 1770 1269 1770 1270 1770 1270 1771 1269 1771 1271 1771 1271 1772 1272 1772 1273 1772 1269 1773 1272 1773 1271 1773 1274 1774 1275 1774 1276 1774 1273 1775 1275 1775 1274 1775 1272 1776 1275 1776 1273 1776 1275 1777 1277 1777 1276 1777 1276 1778 1278 1778 1279 1778 1277 1779 1278 1779 1276 1779 1279 1780 1280 1780 1281 1780 1278 1781 1280 1781 1279 1781 1281 1782 1282 1782 1283 1782 1280 1783 1282 1783 1281 1783 1284 1784 1285 1784 1286 1784 1283 1785 1285 1785 1284 1785 1282 1786 1285 1786 1283 1786 1285 1787 1287 1787 1286 1787 1286 1788 1288 1788 1289 1788 1287 1789 1288 1789 1286 1789 1290 1790 1291 1790 1292 1790 1289 1791 1291 1791 1290 1791 1288 1792 1291 1792 1289 1792 1291 1793 1293 1793 1292 1793 1292 1794 1294 1794 1295 1794 1293 1795 1294 1795 1292 1795 1294 1796 1296 1796 1295 1796 1295 1797 1296 1797 1297 1797 1296 1798 1298 1798 1297 1798 1297 1799 1298 1799 1299 1799 1298 1800 1300 1800 1299 1800 1299 1801 1300 1801 1301 1801 1300 1802 1302 1802 1301 1802 1301 1803 1302 1803 1303 1803 1302 1804 1304 1804 1303 1804 1303 1805 1304 1805 1305 1805 1304 1806 1306 1806 1305 1806 1305 1807 1306 1807 1307 1807 1306 1808 1308 1808 1307 1808 1307 1809 1308 1809 1309 1809 1309 1810 1310 1810 1311 1810 1308 1811 1310 1811 1309 1811 1312 1812 1313 1812 1314 1812 1313 1813 1315 1813 1314 1813 1316 1814 1317 1814 1318 1814 1314 1815 1317 1815 1316 1815 1315 1816 1317 1816 1314 1816 1317 1817 1319 1817 1318 1817 1318 1818 1320 1818 1321 1818 1319 1819 1320 1819 1318 1819 1321 1820 1322 1820 1323 1820 1320 1821 1322 1821 1321 1821 1324 1822 1325 1822 1326 1822 1323 1823 1325 1823 1324 1823 1322 1824 1325 1824 1323 1824 1326 1825 1327 1825 1328 1825 1325 1826 1327 1826 1326 1826 1328 1827 1329 1827 1330 1827 1327 1828 1329 1828 1328 1828 1329 1829 1331 1829 1330 1829 1330 1830 1332 1830 1333 1830 1331 1831 1332 1831 1330 1831 1332 1832 1334 1832 1333 1832 1333 1833 1334 1833 1335 1833 1334 1834 1336 1834 1335 1834 1335 1835 1336 1835 1337 1835 1336 1836 1338 1836 1337 1836 1337 1837 1338 1837 1339 1837 1338 1838 1340 1838 1339 1838 1341 1839 1340 1839 1342 1839 1339 1840 1340 1840 1341 1840 1340 1841 1343 1841 1342 1841 1343 1842 1344 1842 1342 1842 1342 1843 1344 1843 1345 1843 1344 1844 1346 1844 1345 1844 1345 1845 1346 1845 1347 1845 1346 1846 1348 1846 1347 1846 1347 1847 1348 1847 1349 1847 1348 1848 1350 1848 1349 1848 1349 1849 1350 1849 1351 1849 1350 1850 1352 1850 1351 1850 1353 1851 1352 1851 1354 1851 1351 1852 1352 1852 1353 1852 1352 1853 1355 1853 1354 1853 1354 1854 1356 1854 1357 1854 1355 1855 1356 1855 1354 1855 1358 1856 1359 1856 1360 1856 1357 1857 1359 1857 1358 1857 1356 1858 1359 1858 1357 1858 1360 1859 1361 1859 1362 1859 1359 1860 1361 1860 1360 1860 1362 1861 1363 1861 1364 1861 1361 1862 1363 1862 1362 1862 1363 1863 1365 1863 1364 1863 1364 1864 1366 1864 1367 1864 1365 1865 1366 1865 1364 1865 1368 1866 1369 1866 1370 1866 1369 1867 1371 1867 1370 1867 1370 1868 1372 1868 1373 1868 1371 1869 1372 1869 1370 1869 1374 1870 1375 1870 1376 1870 1373 1871 1375 1871 1374 1871 1372 1872 1375 1872 1373 1872 1375 1873 1377 1873 1376 1873 1376 1874 1378 1874 1379 1874 1377 1875 1378 1875 1376 1875 1379 1876 1380 1876 1381 1876 1378 1877 1380 1877 1379 1877 1381 1878 1382 1878 1383 1878 1380 1879 1382 1879 1381 1879 1382 1880 1384 1880 1383 1880 1383 1881 1384 1881 1385 1881 1384 1882 1386 1882 1385 1882 1385 1883 1386 1883 1387 1883 1386 1884 1388 1884 1387 1884 1387 1885 1388 1885 1389 1885 1388 1886 1390 1886 1389 1886 1391 1887 1390 1887 1392 1887 1389 1888 1390 1888 1391 1888 1390 1889 1393 1889 1392 1889 1393 1890 1394 1890 1392 1890 1392 1891 1394 1891 1395 1891 1394 1892 1396 1892 1395 1892 1395 1893 1396 1893 1397 1893 1396 1894 1398 1894 1397 1894 1397 1895 1398 1895 1399 1895 1398 1896 1400 1896 1399 1896 1399 1897 1400 1897 1401 1897 1400 1898 1402 1898 1401 1898 1401 1899 1402 1899 1403 1899 1402 1900 1404 1900 1403 1900 1405 1901 1404 1901 1406 1901 1403 1902 1404 1902 1405 1902 1404 1903 1407 1903 1406 1903 1406 1904 1408 1904 1409 1904 1407 1905 1408 1905 1406 1905 1410 1906 1411 1906 1412 1906 1409 1907 1411 1907 1410 1907 1408 1908 1411 1908 1409 1908 1412 1909 1413 1909 1414 1909 1411 1910 1413 1910 1412 1910 1413 1911 1415 1911 1414 1911 1414 1912 1416 1912 1417 1912 1415 1913 1416 1913 1414 1913 1417 1914 1418 1914 1419 1914 1416 1915 1418 1915 1417 1915 1419 1916 1420 1916 1421 1916 1418 1917 1420 1917 1419 1917 1422 1918 1423 1918 1424 1918 1421 1919 1423 1919 1422 1919 1420 1920 1423 1920 1421 1920 1423 1921 1425 1921 1424 1921 1426 1922 1427 1922 1428 1922 1424 1923 1427 1923 1426 1923 1425 1924 1427 1924 1424 1924 1427 1925 1429 1925 1428 1925 1428 1926 1430 1926 1431 1926 1429 1927 1430 1927 1428 1927 1431 1928 1432 1928 1433 1928 1430 1929 1432 1929 1431 1929 1434 1930 1435 1930 1436 1930 1436 1931 1435 1931 1437 1931 1437 1932 1438 1932 1439 1932 1435 1933 1438 1933 1437 1933 1439 1934 1440 1934 1441 1934 1438 1935 1440 1935 1439 1935 1442 1936 1443 1936 1444 1936 1441 1937 1443 1937 1442 1937 1440 1938 1443 1938 1441 1938 1443 1939 1445 1939 1444 1939 1445 1940 1446 1940 1444 1940 1444 1941 1446 1941 1447 1941 1446 1942 1448 1942 1447 1942 1447 1943 1448 1943 1449 1943 1448 1944 1450 1944 1449 1944 1451 1945 1450 1945 1452 1945 1449 1946 1450 1946 1451 1946 1450 1947 1453 1947 1452 1947 1453 1948 1454 1948 1452 1948 1455 1949 1454 1949 1456 1949 1452 1950 1454 1950 1455 1950 1454 1951 1457 1951 1456 1951 1456 1952 1457 1952 1458 1952 1457 1953 1459 1953 1458 1953 1459 1954 1460 1954 1458 1954 1458 1955 1460 1955 1461 1955 1460 1956 1462 1956 1461 1956 1461 1957 1462 1957 1463 1957 1462 1958 1464 1958 1463 1958 1463 1959 1464 1959 1465 1959 1464 1960 1466 1960 1465 1960 1467 1961 1466 1961 1468 1961 1465 1962 1466 1962 1467 1962 1466 1963 1469 1963 1468 1963 1469 1964 1470 1964 1468 1964 1468 1965 1470 1965 1471 1965 1470 1966 1472 1966 1471 1966 1471 1967 1472 1967 1473 1967 1473 1968 1474 1968 1475 1968 1472 1969 1474 1969 1473 1969 1475 1970 1476 1970 1477 1970 1474 1971 1476 1971 1475 1971 1477 1972 1478 1972 1479 1972 1476 1973 1478 1973 1477 1973 1479 1974 1480 1974 1481 1974 1478 1975 1480 1975 1479 1975 1481 1976 1482 1976 1483 1976 1480 1977 1482 1977 1481 1977 1483 1978 1484 1978 1485 1978 1482 1979 1484 1979 1483 1979 1485 1980 1486 1980 1487 1980 1484 1981 1486 1981 1485 1981 1487 1982 1488 1982 1489 1982 1486 1983 1488 1983 1487 1983 1489 1984 1490 1984 1491 1984 1488 1985 1490 1985 1489 1985 1491 1986 1492 1986 1493 1986 1490 1987 1492 1987 1491 1987 1493 1988 1494 1988 1495 1988 1492 1989 1494 1989 1493 1989 1494 1990 1496 1990 1495 1990 1495 1991 1496 1991 1497 1991 1496 1992 1498 1992 1497 1992 1497 1993 1498 1993 1499 1993 1498 1994 1500 1994 1499 1994 1501 1995 1500 1995 1502 1995 1499 1996 1500 1996 1501 1996 1500 1997 1503 1997 1502 1997 1503 1998 1504 1998 1502 1998 1502 1999 1504 1999 1505 1999 1504 2000 1506 2000 1505 2000 1507 2001 1506 2001 1508 2001 1505 2002 1506 2002 1507 2002 1506 2003 1509 2003 1508 2003 1510 2004 1511 2004 1512 2004 1513 2005 1511 2005 1514 2005 1512 2006 1511 2006 1513 2006 1511 2007 1515 2007 1514 2007 1515 2008 1516 2008 1514 2008 1514 2009 1516 2009 1517 2009 1516 2010 1518 2010 1517 2010 1517 2011 1518 2011 1519 2011 1518 2012 1520 2012 1519 2012 1521 2013 1520 2013 1522 2013 1519 2014 1520 2014 1521 2014 1520 2015 1523 2015 1522 2015 1523 2016 1524 2016 1522 2016 1522 2017 1524 2017 1525 2017 1524 2018 1526 2018 1525 2018 1527 2019 1526 2019 1528 2019 1525 2020 1526 2020 1527 2020 1526 2021 1529 2021 1528 2021 1528 2022 1529 2022 1530 2022 1529 2023 1531 2023 1530 2023 1530 2024 1531 2024 1532 2024 1531 2025 1533 2025 1532 2025 1533 2026 1534 2026 1532 2026 1532 2027 1534 2027 1535 2027 1534 2028 1536 2028 1535 2028 1535 2029 1536 2029 1537 2029 1536 2030 1538 2030 1537 2030 1539 2031 1538 2031 1540 2031 1537 2032 1538 2032 1539 2032 1538 2033 1541 2033 1540 2033 1541 2034 1542 2034 1540 2034 1540 2035 1542 2035 1543 2035 1542 2036 1544 2036 1543 2036 1545 2037 1544 2037 1546 2037 1543 2038 1544 2038 1545 2038 1544 2039 1547 2039 1546 2039 1547 2040 1548 2040 1546 2040 1546 2041 1548 2041 1549 2041 1549 2042 1550 2042 1551 2042 1548 2043 1550 2043 1549 2043 1552 2044 1553 2044 1554 2044 1551 2045 1553 2045 1552 2045 1550 2046 1553 2046 1551 2046 1553 2047 1555 2047 1554 2047 1556 2048 1557 2048 1558 2048 1554 2049 1557 2049 1556 2049 1555 2050 1557 2050 1554 2050 1557 2051 1559 2051 1558 2051 1558 2052 1560 2052 1561 2052 1559 2053 1560 2053 1558 2053 1561 2054 1562 2054 1563 2054 1560 2055 1562 2055 1561 2055 1563 2056 1564 2056 1565 2056 1562 2057 1564 2057 1563 2057 1564 2058 1566 2058 1565 2058 1567 2059 1566 2059 1568 2059 1565 2060 1566 2060 1567 2060 1568 2061 1569 2061 1570 2061 1566 2062 1569 2062 1568 2062 1569 2063 1571 2063 1570 2063 1571 2064 1572 2064 1570 2064 1570 2065 1572 2065 1573 2065 1572 2066 1574 2066 1573 2066 1575 2067 1574 2067 1576 2067 1573 2068 1574 2068 1575 2068 1574 2069 1577 2069 1576 2069 1577 2070 1578 2070 1576 2070 1576 2071 1578 2071 1579 2071 1578 2072 1580 2072 1579 2072 1579 2073 1580 2073 1581 2073 1580 2074 1582 2074 1581 2074 1583 2075 1582 2075 1584 2075 1581 2076 1582 2076 1583 2076 1582 2077 1585 2077 1584 2077 1584 2078 1585 2078 1586 2078 1585 2079 1587 2079 1586 2079 1586 2080 1587 2080 1588 2080 1587 2081 1589 2081 1588 2081 1588 2082 1590 2082 1591 2082 1589 2083 1590 2083 1588 2083 1592 2084 1593 2084 1594 2084 1591 2085 1593 2085 1592 2085 1590 2086 1593 2086 1591 2086 1593 2087 1595 2087 1594 2087 1596 2088 1597 2088 1598 2088 1596 2089 1599 2089 1597 2089 1600 2090 1598 2090 1601 2090 1600 2091 1596 2091 1598 2091 1602 2092 1601 2092 1603 2092 1602 2093 1600 2093 1601 2093 1604 2094 1605 2094 1606 2094 1606 2095 1605 2095 1607 2095 1608 2096 1609 2096 1610 2096 1610 2097 1609 2097 1611 2097 1604 2098 1612 2098 1605 2098 1605 2099 1612 2099 1613 2099 1614 2100 1612 2100 1615 2100 1615 2101 1612 2101 1616 2101 1616 2102 1612 2102 1604 2102 1612 2103 1617 2103 1613 2103 1613 2104 1618 2104 1619 2104 1617 2105 1618 2105 1613 2105 1619 2106 1620 2106 1621 2106 1618 2107 1620 2107 1619 2107 1621 2108 1622 2108 1623 2108 1620 2109 1622 2109 1621 2109 1623 2110 1624 2110 1625 2110 1622 2111 1624 2111 1623 2111 1625 2112 1626 2112 1627 2112 1624 2113 1626 2113 1625 2113 1626 2114 1628 2114 1627 2114 1627 2115 1628 2115 1629 2115 1630 2116 1631 2116 1632 2116 1632 2117 1631 2117 1633 2117 1633 2118 1631 2118 1634 2118 1629 2119 1635 2119 1636 2119 1628 2120 1635 2120 1629 2120 1609 2121 1637 2121 1611 2121 1611 2122 1637 2122 1638 2122 1638 2123 1637 2123 1639 2123 1639 2124 1637 2124 1640 2124 1641 2125 1637 2125 1609 2125 1636 2126 1642 2126 1643 2126 1635 2127 1642 2127 1636 2127 1641 2128 1644 2128 1637 2128 1642 2129 1645 2129 1643 2129 1643 2130 1645 2130 1646 2130 1641 2131 1647 2131 1644 2131 1648 2132 1647 2132 1641 2132 1646 2133 1649 2133 1650 2133 1645 2134 1649 2134 1646 2134 1648 2135 1651 2135 1647 2135 1652 2136 1651 2136 1648 2136 1650 2137 1653 2137 1654 2137 1649 2138 1653 2138 1650 2138 1652 2139 1655 2139 1651 2139 1656 2140 1655 2140 1652 2140 1654 2141 1657 2141 1658 2141 1653 2142 1657 2142 1654 2142 1659 2143 1660 2143 1656 2143 1656 2144 1660 2144 1655 2144 1658 2145 1661 2145 1662 2145 1657 2146 1661 2146 1658 2146 1659 2147 1663 2147 1660 2147 1664 2148 1663 2148 1659 2148 1665 2149 1666 2149 1664 2149 1664 2150 1666 2150 1663 2150 1665 2151 1667 2151 1666 2151 1668 2152 1667 2152 1665 2152 1668 2153 1669 2153 1667 2153 1670 2154 1669 2154 1668 2154 1670 2155 1671 2155 1669 2155 1672 2156 1671 2156 1670 2156 1672 2157 1673 2157 1671 2157 1674 2158 1673 2158 1672 2158 1674 2159 1675 2159 1673 2159 1676 2160 1675 2160 1674 2160 1676 2161 1677 2161 1675 2161 1678 2162 1677 2162 1676 2162 1679 2163 1680 2163 1681 2163 1681 2164 1680 2164 1682 2164 1678 2165 1683 2165 1677 2165 1684 2166 1683 2166 1678 2166 1685 2167 1686 2167 1687 2167 1687 2168 1686 2168 1630 2168 1631 2169 1686 2169 1688 2169 1630 2170 1686 2170 1631 2170 1684 2171 1689 2171 1683 2171 1690 2172 1689 2172 1684 2172 1688 2173 1691 2173 1692 2173 1686 2174 1691 2174 1688 2174 1690 2175 1693 2175 1689 2175 1694 2176 1693 2176 1690 2176 1692 2177 1695 2177 1696 2177 1691 2178 1695 2178 1692 2178 1695 2179 1697 2179 1696 2179 1696 2180 1697 2180 1698 2180 1697 2181 1699 2181 1698 2181 1699 2182 1700 2182 1698 2182 1701 2183 1700 2183 1702 2183 1698 2184 1700 2184 1701 2184 1700 2185 1703 2185 1702 2185 1703 2186 1704 2186 1702 2186 1705 2187 1704 2187 1706 2187 1702 2188 1704 2188 1705 2188 1704 2189 1707 2189 1706 2189 1707 2190 1708 2190 1706 2190 1709 2191 1708 2191 1710 2191 1706 2192 1708 2192 1709 2192 1708 2193 1711 2193 1710 2193 1711 2194 1712 2194 1710 2194 1713 2195 1712 2195 1714 2195 1710 2196 1712 2196 1713 2196 1712 2197 1715 2197 1714 2197 1714 2198 1715 2198 1716 2198 1715 2199 1717 2199 1716 2199 1717 2200 1718 2200 1716 2200 1719 2201 1718 2201 1720 2201 1716 2202 1718 2202 1719 2202 1720 2203 1721 2203 1722 2203 1718 2204 1721 2204 1720 2204 1721 2205 1723 2205 1722 2205 1722 2206 1723 2206 1724 2206 1723 2207 1725 2207 1724 2207 1724 2208 1725 2208 1726 2208 1725 2209 1727 2209 1726 2209 1602 2210 1728 2210 1600 2210 1600 2211 1728 2211 1596 2211 1596 2212 1728 2212 1599 2212 1729 2213 1730 2213 1680 2213 1680 2214 1730 2214 1682 2214 1682 2215 1730 2215 1731 2215 1731 2216 1730 2216 1732 2216 1732 2217 1730 2217 1733 2217 1729 2218 1734 2218 1730 2218 1735 2219 1736 2219 1729 2219 1729 2220 1736 2220 1734 2220 1737 2221 1738 2221 1735 2221 1735 2222 1738 2222 1736 2222 1737 2223 1739 2223 1738 2223 1740 2224 1739 2224 1737 2224 1741 2225 1742 2225 1740 2225 1740 2226 1742 2226 1739 2226 1743 2227 1744 2227 1741 2227 1741 2228 1744 2228 1742 2228 1745 2229 1746 2229 1743 2229 1743 2230 1746 2230 1744 2230 1747 2231 1748 2231 1745 2231 1745 2232 1748 2232 1746 2232 1749 2233 1750 2233 1747 2233 1747 2234 1750 2234 1748 2234 1751 2235 1752 2235 1749 2235 1749 2236 1752 2236 1750 2236 1751 2237 1753 2237 1752 2237 1754 2238 1753 2238 1751 2238 1755 2239 1756 2239 1754 2239 1754 2240 1756 2240 1753 2240 1757 2241 1758 2241 1755 2241 1755 2242 1758 2242 1756 2242 1759 2243 1038 2243 1760 2243 1038 2244 1039 2244 1760 2244 1761 2245 1039 2245 1762 2245 1760 2246 1039 2246 1761 2246 1762 2247 1040 2247 1763 2247 1039 2248 1040 2248 1762 2248 1759 2249 1037 2249 1038 2249 1764 2250 1037 2250 1759 2250 1757 2251 1765 2251 1758 2251 1766 2252 1765 2252 1757 2252 1767 2253 1036 2253 1764 2253 1764 2254 1036 2254 1037 2254 1763 2255 1041 2255 1768 2255 1040 2256 1041 2256 1763 2256 1662 2257 1035 2257 1767 2257 1767 2258 1035 2258 1036 2258 1768 2259 1042 2259 1769 2259 1041 2260 1042 2260 1768 2260 1770 2261 1034 2261 1661 2261 1662 2262 1034 2262 1035 2262 1661 2263 1034 2263 1662 2263 1042 2264 1043 2264 1769 2264 1769 2265 1043 2265 1771 2265 1772 2266 1773 2266 1766 2266 1766 2267 1773 2267 1765 2267 1770 2268 1033 2268 1034 2268 1774 2269 1033 2269 1770 2269 1771 2270 1044 2270 1775 2270 1043 2271 1044 2271 1771 2271 1774 2272 1032 2272 1033 2272 1776 2273 1032 2273 1774 2273 1777 2274 1045 2274 1778 2274 1775 2275 1045 2275 1777 2275 1044 2276 1045 2276 1775 2276 1779 2277 1780 2277 1772 2277 1772 2278 1780 2278 1773 2278 1776 2279 1031 2279 1032 2279 1781 2280 1031 2280 1776 2280 1778 2281 1046 2281 1782 2281 1045 2282 1046 2282 1778 2282 1782 2283 1047 2283 1783 2283 1046 2284 1047 2284 1782 2284 1781 2285 1030 2285 1031 2285 1784 2286 1030 2286 1781 2286 1785 2287 1786 2287 1779 2287 1779 2288 1786 2288 1780 2288 1787 2289 1029 2289 1784 2289 1784 2290 1029 2290 1030 2290 1047 2291 1048 2291 1783 2291 1783 2292 1048 2292 1788 2292 1785 2293 1789 2293 1786 2293 1790 2294 1789 2294 1785 2294 1048 2295 1049 2295 1788 2295 1788 2296 1049 2296 1791 2296 1787 2297 1792 2297 1029 2297 1793 2298 1792 2298 1787 2298 1794 2299 1792 2299 1793 2299 1790 2300 1795 2300 1789 2300 1796 2301 1795 2301 1790 2301 1049 2302 1050 2302 1791 2302 1791 2303 1050 2303 1694 2303 1794 2304 1797 2304 1792 2304 1798 2305 1797 2305 1794 2305 1796 2306 1799 2306 1795 2306 1800 2307 1799 2307 1796 2307 1694 2308 1051 2308 1693 2308 1693 2309 1051 2309 1801 2309 1050 2310 1051 2310 1694 2310 1798 2311 1802 2311 1797 2311 1803 2312 1802 2312 1798 2312 1051 2313 1052 2313 1801 2313 1801 2314 1052 2314 1804 2314 1805 2315 1806 2315 1803 2315 1803 2316 1806 2316 1802 2316 1804 2317 1053 2317 1807 2317 1052 2318 1053 2318 1804 2318 1808 2319 1809 2319 1805 2319 1805 2320 1809 2320 1806 2320 1810 2321 1811 2321 1808 2321 1808 2322 1811 2322 1809 2322 1807 2323 1054 2323 1812 2323 1053 2324 1054 2324 1807 2324 1813 2325 1814 2325 1815 2325 1815 2326 1814 2326 1816 2326 1817 2327 1818 2327 1810 2327 1819 2328 1818 2328 1817 2328 1810 2329 1818 2329 1811 2329 1812 2330 1055 2330 1820 2330 1054 2331 1055 2331 1812 2331 1602 2332 1821 2332 1728 2332 1822 2333 1821 2333 1823 2333 1823 2334 1821 2334 1824 2334 1824 2335 1821 2335 1602 2335 1821 2336 1825 2336 1728 2336 1728 2337 1825 2337 1826 2337 1726 2338 1827 2338 1819 2338 1819 2339 1827 2339 1818 2339 1828 2340 1056 2340 1829 2340 1820 2341 1056 2341 1828 2341 1055 2342 1056 2342 1820 2342 1830 2343 1831 2343 1832 2343 1826 2344 1831 2344 1830 2344 1825 2345 1831 2345 1826 2345 1726 2346 1833 2346 1827 2346 1834 2347 1833 2347 1727 2347 1727 2348 1833 2348 1726 2348 1056 2349 1057 2349 1829 2349 1829 2350 1057 2350 1835 2350 1831 2351 1836 2351 1832 2351 1834 2352 1837 2352 1833 2352 1838 2353 1837 2353 1834 2353 1057 2354 1058 2354 1835 2354 1835 2355 1058 2355 1839 2355 1832 2356 1840 2356 1841 2356 1836 2357 1840 2357 1832 2357 1842 2358 1843 2358 1844 2358 1841 2359 1843 2359 1842 2359 1840 2360 1843 2360 1841 2360 1845 2361 1846 2361 1838 2361 1838 2362 1846 2362 1837 2362 1058 2363 1059 2363 1839 2363 1839 2364 1059 2364 1847 2364 1844 2365 1848 2365 1849 2365 1843 2366 1848 2366 1844 2366 1845 2367 1850 2367 1846 2367 1851 2368 1850 2368 1845 2368 1847 2369 1060 2369 1852 2369 1059 2370 1060 2370 1847 2370 1849 2371 1853 2371 1854 2371 1848 2372 1853 2372 1849 2372 1851 2373 1855 2373 1850 2373 1856 2374 1855 2374 1851 2374 1857 2375 1855 2375 1856 2375 1800 2376 1061 2376 1799 2376 1060 2377 1061 2377 1852 2377 1852 2378 1061 2378 1800 2378 1853 2379 1858 2379 1854 2379 1857 2380 1859 2380 1855 2380 1860 2381 1859 2381 1857 2381 1799 2382 1062 2382 1861 2382 1061 2383 1062 2383 1799 2383 1862 2384 1863 2384 1864 2384 1854 2385 1863 2385 1862 2385 1858 2386 1863 2386 1854 2386 1863 2387 1865 2387 1864 2387 1864 2388 1866 2388 1867 2388 1865 2389 1866 2389 1864 2389 1868 2390 1869 2390 1870 2390 1867 2391 1869 2391 1868 2391 1866 2392 1869 2392 1867 2392 1869 2393 1871 2393 1870 2393 1871 2394 1872 2394 1870 2394 1873 2395 1872 2395 1874 2395 1870 2396 1872 2396 1873 2396 1872 2397 1875 2397 1874 2397 1874 2398 1876 2398 1877 2398 1875 2399 1876 2399 1874 2399 1877 2400 1878 2400 1879 2400 1876 2401 1878 2401 1877 2401 1880 2402 1881 2402 1882 2402 1879 2403 1881 2403 1880 2403 1878 2404 1881 2404 1879 2404 1882 2405 1883 2405 1884 2405 1881 2406 1883 2406 1882 2406 1883 2407 1885 2407 1884 2407 1886 2408 1887 2408 1888 2408 1888 2409 1887 2409 1889 2409 1814 2410 1890 2410 1816 2410 1816 2411 1890 2411 1891 2411 1891 2412 1890 2412 1892 2412 1892 2413 1890 2413 1893 2413 1814 2414 1894 2414 1890 2414 1895 2415 1894 2415 1814 2415 1886 2416 1896 2416 1887 2416 1895 2417 1897 2417 1894 2417 1898 2418 1897 2418 1895 2418 1898 2419 1899 2419 1897 2419 1900 2420 1899 2420 1898 2420 1900 2421 1901 2421 1899 2421 1902 2422 1901 2422 1900 2422 1902 2423 1903 2423 1901 2423 1904 2424 1903 2424 1902 2424 1904 2425 1510 2425 1903 2425 1905 2426 1510 2426 1904 2426 1905 2427 1511 2427 1510 2427 1906 2428 1511 2428 1905 2428 1906 2429 1515 2429 1511 2429 1907 2430 1515 2430 1906 2430 1907 2431 1516 2431 1515 2431 1908 2432 1516 2432 1907 2432 1908 2433 1518 2433 1516 2433 1909 2434 1518 2434 1908 2434 1910 2435 1520 2435 1909 2435 1909 2436 1520 2436 1518 2436 1911 2437 1523 2437 1910 2437 1910 2438 1523 2438 1520 2438 1912 2439 1524 2439 1911 2439 1911 2440 1524 2440 1523 2440 1913 2441 1526 2441 1912 2441 1912 2442 1526 2442 1524 2442 1914 2443 1529 2443 1913 2443 1913 2444 1529 2444 1526 2444 1915 2445 1531 2445 1914 2445 1914 2446 1531 2446 1529 2446 1916 2447 1533 2447 1915 2447 1915 2448 1533 2448 1531 2448 1917 2449 1534 2449 1916 2449 1916 2450 1534 2450 1533 2450 1918 2451 1536 2451 1917 2451 1917 2452 1536 2452 1534 2452 1919 2453 1538 2453 1918 2453 1918 2454 1538 2454 1536 2454 1920 2455 1595 2455 1921 2455 1595 2456 1922 2456 1921 2456 1923 2457 1924 2457 1925 2457 1925 2458 1924 2458 1896 2458 1896 2459 1924 2459 1887 2459 1924 2460 1926 2460 1887 2460 1887 2461 1926 2461 1927 2461 1926 2462 1928 2462 1927 2462 1927 2463 1928 2463 1929 2463 1928 2464 1930 2464 1929 2464 1929 2465 1930 2465 1931 2465 1930 2466 1932 2466 1931 2466 1931 2467 1932 2467 1933 2467 1932 2468 1934 2468 1933 2468 1933 2469 1934 2469 1935 2469 1934 2470 1936 2470 1935 2470 1935 2471 1936 2471 1937 2471 1936 2472 1938 2472 1937 2472 1937 2473 1938 2473 1939 2473 1938 2474 1940 2474 1939 2474 1939 2475 1940 2475 1941 2475 1941 2476 1942 2476 1943 2476 1940 2477 1942 2477 1941 2477 1942 2478 1944 2478 1943 2478 1943 2479 1944 2479 1945 2479 1944 2480 1946 2480 1945 2480 1945 2481 1946 2481 1947 2481 1946 2482 1948 2482 1947 2482 1947 2483 1948 2483 1949 2483 1949 2484 1950 2484 1951 2484 1948 2485 1950 2485 1949 2485 1595 2486 1952 2486 1922 2486 1951 2487 1953 2487 1954 2487 1950 2488 1953 2488 1951 2488 1953 2489 1955 2489 1954 2489 1954 2490 1955 2490 1956 2490 1956 2491 1957 2491 1958 2491 1955 2492 1957 2492 1956 2492 1959 2493 1960 2493 1961 2493 1962 2494 1963 2494 1959 2494 1959 2495 1963 2495 1960 2495 1960 2496 1964 2496 1961 2496 1965 2497 1964 2497 1966 2497 1961 2498 1964 2498 1965 2498 1967 2499 1968 2499 1962 2499 1962 2500 1968 2500 1963 2500 1966 2501 1969 2501 1970 2501 1964 2502 1969 2502 1966 2502 1971 2503 1972 2503 1967 2503 1967 2504 1972 2504 1968 2504 1958 2505 1973 2505 1974 2505 1957 2506 1973 2506 1958 2506 1970 2507 1975 2507 1976 2507 1969 2508 1975 2508 1970 2508 1977 2509 1978 2509 1971 2509 1979 2510 1978 2510 1977 2510 1971 2511 1978 2511 1972 2511 1976 2512 1980 2512 1981 2512 1975 2513 1980 2513 1976 2513 1982 2514 1983 2514 1979 2514 1979 2515 1983 2515 1978 2515 1974 2516 1984 2516 1985 2516 1973 2517 1984 2517 1974 2517 1981 2518 1986 2518 1987 2518 1980 2519 1986 2519 1981 2519 1988 2520 1989 2520 1982 2520 1982 2521 1989 2521 1983 2521 1987 2522 1990 2522 1991 2522 1986 2523 1990 2523 1987 2523 1992 2524 1993 2524 1988 2524 1988 2525 1993 2525 1989 2525 1994 2526 1995 2526 1067 2526 1991 2527 1995 2527 1994 2527 1990 2528 1995 2528 1991 2528 1996 2529 1997 2529 1992 2529 1992 2530 1997 2530 1993 2530 1067 2531 1998 2531 1066 2531 1995 2532 1998 2532 1067 2532 1999 2533 2000 2533 1996 2533 1996 2534 2000 2534 1997 2534 1066 2535 2001 2535 1065 2535 1998 2536 2001 2536 1066 2536 2002 2537 2003 2537 1999 2537 1999 2538 2003 2538 2000 2538 1065 2539 2004 2539 1064 2539 2001 2540 2004 2540 1065 2540 2002 2541 2005 2541 2003 2541 2006 2542 2005 2542 2002 2542 2004 2543 2007 2543 1064 2543 1064 2544 2007 2544 1063 2544 2006 2545 2008 2545 2005 2545 2009 2546 2008 2546 2006 2546 1063 2547 2010 2547 1062 2547 2007 2548 2010 2548 1063 2548 2009 2549 2011 2549 2008 2549 1859 2550 2011 2550 2009 2550 1860 2551 2011 2551 1859 2551 1861 2552 2012 2552 2013 2552 2010 2553 2012 2553 1062 2553 1062 2554 2012 2554 1861 2554 1860 2555 2014 2555 2011 2555 2015 2556 2014 2556 1860 2556 2012 2557 2016 2557 2013 2557 2013 2558 2016 2558 2017 2558 2015 2559 2018 2559 2014 2559 2019 2560 2018 2560 2015 2560 2017 2561 2020 2561 2021 2561 2016 2562 2020 2562 2017 2562 2022 2563 126 2563 1885 2563 2019 2564 126 2564 2018 2564 1885 2565 126 2565 1884 2565 1884 2566 126 2566 2019 2566 2021 2567 2023 2567 2024 2567 2020 2568 2023 2568 2021 2568 2022 2569 124 2569 126 2569 2025 2570 124 2570 2022 2570 2024 2571 2026 2571 2027 2571 2023 2572 2026 2572 2024 2572 2028 2573 2029 2573 2030 2573 2031 2574 122 2574 2025 2574 2025 2575 122 2575 124 2575 2027 2576 2032 2576 2033 2576 2026 2577 2032 2577 2027 2577 1595 2578 2034 2578 1952 2578 1952 2579 2034 2579 2035 2579 2035 2580 2034 2580 2036 2580 1593 2581 2037 2581 1595 2581 1595 2582 2037 2582 2034 2582 1590 2583 2038 2583 1593 2583 1593 2584 2038 2584 2037 2584 1589 2585 2039 2585 1590 2585 1590 2586 2039 2586 2038 2586 1589 2587 2040 2587 2039 2587 1587 2588 2040 2588 1589 2588 2031 2589 121 2589 122 2589 1585 2590 2041 2590 1587 2590 1587 2591 2041 2591 2040 2591 1582 2592 2042 2592 1585 2592 1585 2593 2042 2593 2041 2593 1582 2594 2043 2594 2042 2594 1580 2595 2043 2595 1582 2595 1580 2596 2044 2596 2043 2596 1578 2597 2044 2597 1580 2597 1577 2598 2045 2598 1578 2598 1578 2599 2045 2599 2044 2599 1577 2600 2046 2600 2045 2600 1574 2601 2046 2601 1577 2601 1574 2602 1434 2602 2046 2602 1572 2603 1434 2603 1574 2603 1572 2604 1435 2604 1434 2604 1571 2605 1435 2605 1572 2605 1569 2606 1438 2606 1571 2606 1571 2607 1438 2607 1435 2607 1569 2608 1440 2608 1438 2608 1566 2609 1440 2609 1569 2609 2028 2610 2047 2610 2029 2610 1566 2611 1443 2611 1440 2611 1564 2612 1443 2612 1566 2612 1564 2613 1445 2613 1443 2613 1548 2614 804 2614 1550 2614 1984 2615 333 2615 1985 2615 1985 2616 333 2616 2048 2616 2048 2617 334 2617 2049 2617 333 2618 334 2618 2048 2618 1548 2619 803 2619 804 2619 1547 2620 803 2620 1548 2620 1544 2621 803 2621 1547 2621 1544 2622 802 2622 803 2622 1542 2623 802 2623 1544 2623 804 2624 805 2624 1550 2624 1550 2625 805 2625 1553 2625 334 2626 335 2626 2049 2626 2049 2627 335 2627 2050 2627 1984 2628 332 2628 333 2628 2051 2629 332 2629 1984 2629 805 2630 806 2630 1553 2630 1553 2631 806 2631 1555 2631 1542 2632 801 2632 802 2632 1541 2633 801 2633 1542 2633 2051 2634 331 2634 332 2634 2052 2635 331 2635 2051 2635 2053 2636 331 2636 2052 2636 335 2637 336 2637 2050 2637 2050 2638 336 2638 2054 2638 1541 2639 800 2639 801 2639 1919 2640 800 2640 1538 2640 1538 2641 800 2641 1541 2641 806 2642 807 2642 1555 2642 1555 2643 807 2643 1557 2643 2053 2644 330 2644 331 2644 2055 2645 330 2645 2053 2645 336 2646 337 2646 2054 2646 2056 2647 337 2647 2057 2647 2054 2648 337 2648 2056 2648 337 2649 338 2649 2057 2649 2057 2650 338 2650 2031 2650 2031 2651 338 2651 121 2651 2033 2652 799 2652 1919 2652 1919 2653 799 2653 800 2653 2032 2654 799 2654 2033 2654 2058 2655 799 2655 2032 2655 807 2656 808 2656 1557 2656 1557 2657 808 2657 1559 2657 2059 2658 329 2658 2055 2658 2055 2659 329 2659 330 2659 2059 2660 328 2660 329 2660 2060 2661 328 2661 2059 2661 2058 2662 798 2662 799 2662 2061 2663 798 2663 2058 2663 808 2664 809 2664 1559 2664 1560 2665 809 2665 1562 2665 1559 2666 809 2666 1560 2666 338 2667 339 2667 121 2667 121 2668 339 2668 118 2668 809 2669 810 2669 1562 2669 1564 2670 810 2670 1445 2670 1562 2671 810 2671 1564 2671 339 2672 340 2672 118 2672 118 2673 340 2673 116 2673 2061 2674 797 2674 798 2674 2062 2675 797 2675 2061 2675 2060 2676 327 2676 328 2676 2063 2677 327 2677 2060 2677 1445 2678 811 2678 1446 2678 810 2679 811 2679 1445 2679 2063 2680 326 2680 327 2680 2064 2681 326 2681 2063 2681 340 2682 341 2682 116 2682 116 2683 341 2683 115 2683 2062 2684 796 2684 797 2684 2065 2685 796 2685 2062 2685 341 2686 342 2686 115 2686 115 2687 342 2687 112 2687 811 2688 812 2688 1446 2688 1446 2689 812 2689 1448 2689 2065 2690 795 2690 796 2690 2066 2691 795 2691 2065 2691 2067 2692 325 2692 2064 2692 2068 2693 325 2693 2067 2693 2064 2694 325 2694 326 2694 2069 2695 794 2695 2066 2695 2066 2696 794 2696 795 2696 1448 2697 813 2697 1450 2697 812 2698 813 2698 1448 2698 2068 2699 324 2699 325 2699 2070 2700 324 2700 2068 2700 342 2701 343 2701 112 2701 112 2702 343 2702 110 2702 813 2703 814 2703 1450 2703 1450 2704 814 2704 1453 2704 343 2705 344 2705 110 2705 110 2706 344 2706 108 2706 2069 2707 2071 2707 794 2707 2070 2708 2072 2708 324 2708 2073 2709 2072 2709 2070 2709 814 2710 815 2710 1453 2710 1454 2711 815 2711 1457 2711 1453 2712 815 2712 1454 2712 344 2713 345 2713 108 2713 108 2714 345 2714 106 2714 2074 2715 2075 2715 2073 2715 2073 2716 2075 2716 2072 2716 2069 2717 2076 2717 2071 2717 2077 2718 2076 2718 2069 2718 1457 2719 816 2719 1459 2719 815 2720 816 2720 1457 2720 2077 2721 2078 2721 2076 2721 2079 2722 2078 2722 2077 2722 2074 2723 2080 2723 2075 2723 2081 2724 2080 2724 2074 2724 345 2725 346 2725 106 2725 106 2726 346 2726 104 2726 816 2727 817 2727 1459 2727 1459 2728 817 2728 1460 2728 2079 2729 2082 2729 2078 2729 2083 2730 2082 2730 2079 2730 346 2731 347 2731 104 2731 104 2732 347 2732 102 2732 2081 2733 2084 2733 2080 2733 2085 2734 2084 2734 2081 2734 347 2735 348 2735 102 2735 1460 2736 818 2736 1462 2736 817 2737 818 2737 1460 2737 2086 2738 2087 2738 2083 2738 2083 2739 2087 2739 2082 2739 2085 2740 2088 2740 2084 2740 2089 2741 2088 2741 2085 2741 1462 2742 819 2742 1464 2742 818 2743 819 2743 1462 2743 2086 2744 2090 2744 2087 2744 2091 2745 2090 2745 2086 2745 348 2746 349 2746 102 2746 102 2747 349 2747 100 2747 1464 2748 820 2748 1466 2748 819 2749 820 2749 1464 2749 2091 2750 2092 2750 2090 2750 2093 2751 2092 2751 2091 2751 349 2752 350 2752 100 2752 100 2753 350 2753 98 2753 1469 2754 821 2754 1470 2754 1466 2755 821 2755 1469 2755 820 2756 821 2756 1466 2756 2093 2757 2094 2757 2092 2757 350 2758 351 2758 98 2758 98 2759 351 2759 96 2759 1470 2760 822 2760 1472 2760 821 2761 822 2761 1470 2761 351 2762 352 2762 96 2762 2095 2763 2096 2763 2093 2763 2093 2764 2096 2764 2094 2764 1472 2765 823 2765 1474 2765 822 2766 823 2766 1472 2766 2095 2767 2097 2767 2096 2767 352 2768 94 2768 96 2768 353 2769 94 2769 352 2769 2098 2770 2099 2770 2100 2770 2101 2771 2099 2771 2098 2771 2102 2772 2099 2772 2101 2772 2029 2773 2103 2773 2101 2773 2047 2774 2103 2774 2029 2774 2104 2775 2103 2775 2105 2775 2105 2776 2103 2776 2047 2776 2101 2777 2103 2777 2102 2777 2100 2778 2106 2778 2107 2778 2099 2779 2106 2779 2100 2779 2106 2780 2108 2780 2107 2780 2107 2781 2109 2781 2110 2781 2108 2782 2109 2782 2107 2782 2110 2783 2111 2783 2112 2783 2109 2784 2111 2784 2110 2784 1474 2785 824 2785 1476 2785 823 2786 824 2786 1474 2786 2112 2787 2113 2787 2114 2787 2111 2788 2113 2788 2112 2788 2097 2789 2115 2789 2116 2789 2095 2790 2115 2790 2097 2790 2114 2791 2117 2791 2118 2791 2113 2792 2117 2792 2114 2792 1476 2793 825 2793 1478 2793 824 2794 825 2794 1476 2794 2118 2795 2119 2795 2120 2795 2117 2796 2119 2796 2118 2796 2120 2797 2121 2797 2122 2797 2119 2798 2121 2798 2120 2798 354 2799 92 2799 353 2799 355 2800 92 2800 354 2800 353 2801 92 2801 94 2801 1478 2802 826 2802 1480 2802 825 2803 826 2803 1478 2803 2121 2804 2123 2804 2122 2804 2124 2805 2123 2805 2125 2805 2122 2806 2123 2806 2124 2806 2123 2807 2126 2807 2125 2807 2104 2808 2127 2808 2103 2808 2116 2809 2128 2809 2129 2809 2115 2810 2128 2810 2116 2810 826 2811 827 2811 1480 2811 1480 2812 827 2812 1482 2812 2126 2813 2130 2813 2125 2813 2131 2814 2130 2814 2089 2814 2125 2815 2130 2815 2131 2815 1509 2816 2132 2816 2133 2816 2089 2817 2134 2817 2088 2817 2130 2818 2134 2818 2089 2818 2088 2819 2134 2819 2135 2819 356 2820 90 2820 355 2820 355 2821 90 2821 92 2821 2134 2822 2136 2822 2135 2822 2135 2823 2136 2823 2137 2823 2129 2824 2138 2824 2139 2824 2128 2825 2138 2825 2129 2825 2136 2826 2140 2826 2137 2826 2137 2827 2140 2827 2141 2827 2140 2828 2142 2828 2141 2828 2141 2829 2142 2829 2143 2829 356 2830 88 2830 90 2830 357 2831 88 2831 356 2831 2142 2832 2144 2832 2143 2832 2143 2833 2144 2833 2145 2833 2138 2834 2146 2834 2139 2834 2147 2835 2146 2835 2148 2835 2139 2836 2146 2836 2147 2836 2144 2837 2149 2837 2145 2837 2149 2838 2150 2838 2145 2838 2145 2839 2150 2839 2151 2839 357 2840 86 2840 88 2840 358 2841 86 2841 357 2841 2151 2842 2152 2842 2153 2842 2150 2843 2152 2843 2151 2843 2148 2844 2154 2844 2155 2844 2146 2845 2154 2845 2148 2845 2152 2846 2156 2846 2153 2846 2153 2847 2156 2847 2157 2847 359 2848 84 2848 358 2848 358 2849 84 2849 86 2849 2156 2850 2158 2850 2157 2850 2157 2851 2158 2851 2159 2851 2154 2852 2160 2852 2155 2852 2155 2853 2160 2853 2161 2853 2158 2854 2162 2854 2159 2854 2159 2855 2162 2855 2163 2855 1509 2856 2164 2856 2132 2856 2162 2857 2165 2857 2163 2857 2163 2858 2165 2858 2166 2858 360 2859 82 2859 359 2859 359 2860 82 2860 84 2860 2165 2861 2167 2861 2166 2861 2161 2862 2168 2862 2169 2862 2160 2863 2168 2863 2161 2863 2167 2864 2170 2864 2166 2864 2166 2865 2170 2865 2171 2865 361 2866 80 2866 360 2866 362 2867 80 2867 361 2867 360 2868 80 2868 82 2868 2170 2869 2172 2869 2171 2869 2171 2870 2172 2870 2173 2870 2168 2871 2174 2871 2169 2871 2169 2872 2174 2872 2175 2872 2172 2873 2176 2873 2173 2873 2173 2874 2176 2874 2177 2874 362 2875 78 2875 80 2875 2178 2876 78 2876 362 2876 2177 2877 2179 2877 2180 2877 2176 2878 2179 2878 2177 2878 2180 2879 2181 2879 2182 2879 2179 2880 2181 2880 2180 2880 2175 2881 2183 2881 2184 2881 2174 2882 2183 2882 2175 2882 2182 2883 2185 2883 2186 2883 2181 2884 2185 2884 2182 2884 2187 2885 77 2885 2178 2885 2178 2886 77 2886 78 2886 2184 2887 2188 2887 2189 2887 2183 2888 2188 2888 2184 2888 2190 2889 74 2889 2187 2889 2187 2890 74 2890 77 2890 2189 2891 2191 2891 2192 2891 2188 2892 2191 2892 2189 2892 2193 2893 72 2893 2190 2893 2190 2894 72 2894 74 2894 2192 2895 2194 2895 2195 2895 2191 2896 2194 2896 2192 2896 2193 2897 70 2897 72 2897 2196 2898 70 2898 2193 2898 2195 2899 2197 2899 2198 2899 2194 2900 2197 2900 2195 2900 2196 2901 68 2901 70 2901 1500 2902 2199 2902 1503 2902 1503 2903 2200 2903 1504 2903 2199 2904 2200 2904 1503 2904 1500 2905 2201 2905 2199 2905 1498 2906 2201 2906 1500 2906 1504 2907 2202 2907 1506 2907 2200 2908 2202 2908 1504 2908 1496 2909 2203 2909 1498 2909 1498 2910 2203 2910 2201 2910 1506 2911 2204 2911 1509 2911 2202 2912 2204 2912 1506 2912 1494 2913 2205 2913 1496 2913 1496 2914 2205 2914 2203 2914 2204 2915 2206 2915 1509 2915 2164 2916 2206 2916 2207 2916 1509 2917 2206 2917 2164 2917 1492 2918 2208 2918 1494 2918 1494 2919 2208 2919 2205 2919 1492 2920 2209 2920 2208 2920 1490 2921 2209 2921 1492 2921 1488 2922 2210 2922 1490 2922 1490 2923 2210 2923 2209 2923 1488 2924 2211 2924 2210 2924 1486 2925 2211 2925 1488 2925 2206 2926 2212 2926 2207 2926 1484 2927 2213 2927 1486 2927 1486 2928 2213 2928 2211 2928 1482 2929 2214 2929 1484 2929 1484 2930 2214 2930 2213 2930 827 2931 2215 2931 1482 2931 1482 2932 2215 2932 2214 2932 827 2933 2216 2933 2215 2933 828 2934 2216 2934 827 2934 828 2935 1369 2935 2216 2935 829 2936 1369 2936 828 2936 829 2937 1371 2937 1369 2937 830 2938 1371 2938 829 2938 830 2939 1372 2939 1371 2939 831 2940 1372 2940 830 2940 831 2941 1375 2941 1372 2941 832 2942 1375 2942 831 2942 832 2943 1377 2943 1375 2943 2217 2944 1377 2944 832 2944 2217 2945 1378 2945 1377 2945 2217 2946 1380 2946 1378 2946 2218 2947 1380 2947 2217 2947 2219 2948 1382 2948 2218 2948 2218 2949 1382 2949 1380 2949 2206 2950 2220 2950 2212 2950 2219 2951 1384 2951 1382 2951 2221 2952 1384 2952 2219 2952 2222 2953 2223 2953 2224 2953 2221 2954 1386 2954 1384 2954 2225 2955 1386 2955 2221 2955 2226 2956 1388 2956 2225 2956 2225 2957 1388 2957 1386 2957 2227 2958 1390 2958 2226 2958 2226 2959 1390 2959 1388 2959 2227 2960 1393 2960 1390 2960 2228 2961 1394 2961 2227 2961 2227 2962 1394 2962 1393 2962 2229 2963 1396 2963 2228 2963 2228 2964 1396 2964 1394 2964 2223 2965 2230 2965 2224 2965 2231 2966 2232 2966 2233 2966 2231 2967 2234 2967 2232 2967 2232 2968 2235 2968 2233 2968 2233 2969 2235 2969 2236 2969 2231 2970 2237 2970 2234 2970 2238 2971 2237 2971 2231 2971 2239 2972 2237 2972 2238 2972 2236 2973 2240 2973 2241 2973 2235 2974 2240 2974 2236 2974 2239 2975 2242 2975 2237 2975 2243 2976 2242 2976 2239 2976 2240 2977 2244 2977 2241 2977 2241 2978 2244 2978 2245 2978 2243 2979 2246 2979 2242 2979 2245 2980 2247 2980 2248 2980 2244 2981 2247 2981 2245 2981 2243 2982 2249 2982 2246 2982 2250 2983 2249 2983 2243 2983 2251 2984 2249 2984 2250 2984 2247 2985 2252 2985 2248 2985 2248 2986 2252 2986 2253 2986 2251 2987 2254 2987 2249 2987 2224 2988 2254 2988 2251 2988 2253 2989 2255 2989 2256 2989 2252 2990 2255 2990 2253 2990 2257 2991 2258 2991 2230 2991 2224 2992 2258 2992 2254 2992 2230 2993 2258 2993 2224 2993 2255 2994 2259 2994 2256 2994 2256 2995 2259 2995 2260 2995 2259 2996 2261 2996 2260 2996 2260 2997 2261 2997 2262 2997 2261 2998 2263 2998 2262 2998 2262 2999 2263 2999 2185 2999 2185 3000 2263 3000 2186 3000 2263 3001 2264 3001 2186 3001 2186 3002 2264 3002 2265 3002 2264 3003 2266 3003 2265 3003 2265 3004 2266 3004 2267 3004 2266 3005 2268 3005 2267 3005 2267 3006 2268 3006 2269 3006 2268 3007 2270 3007 2269 3007 2269 3008 2270 3008 2271 3008 2270 3009 2272 3009 2271 3009 2271 3010 2272 3010 2273 3010 2272 3011 2274 3011 2273 3011 2274 3012 2275 3012 2273 3012 2273 3013 2275 3013 2276 3013 2276 3014 2277 3014 2278 3014 2275 3015 2277 3015 2276 3015 2257 3016 2279 3016 2258 3016 2278 3017 2280 3017 2281 3017 2277 3018 2280 3018 2278 3018 2281 3019 2282 3019 2283 3019 2280 3020 2282 3020 2281 3020 2283 3021 2284 3021 2285 3021 2282 3022 2284 3022 2283 3022 2284 3023 2286 3023 2285 3023 2279 3024 2287 3024 2258 3024 1432 3025 2288 3025 2289 3025 1413 3026 2290 3026 1415 3026 1413 3027 2291 3027 2290 3027 1411 3028 2291 3028 1413 3028 2290 3029 2292 3029 1415 3029 1415 3030 2292 3030 1416 3030 1411 3031 2293 3031 2291 3031 1408 3032 2293 3032 1411 3032 2292 3033 2294 3033 1416 3033 1416 3034 2294 3034 1418 3034 1408 3035 2295 3035 2293 3035 1407 3036 2295 3036 1408 3036 2294 3037 2296 3037 1418 3037 1418 3038 2296 3038 1420 3038 1407 3039 2297 3039 2295 3039 1404 3040 2297 3040 1407 3040 2296 3041 2298 3041 1420 3041 1420 3042 2298 3042 1423 3042 1404 3043 2299 3043 2297 3043 1402 3044 2299 3044 1404 3044 1432 3045 2300 3045 2288 3045 2298 3046 2301 3046 1423 3046 1423 3047 2301 3047 1425 3047 1402 3048 2302 3048 2299 3048 1400 3049 2302 3049 1402 3049 2301 3050 2303 3050 1425 3050 1425 3051 2303 3051 1427 3051 1400 3052 2304 3052 2302 3052 1398 3053 2304 3053 1400 3053 2303 3054 2305 3054 1427 3054 1427 3055 2305 3055 1429 3055 1398 3056 2306 3056 2304 3056 1396 3057 2306 3057 1398 3057 2305 3058 2307 3058 1429 3058 1429 3059 2307 3059 1430 3059 2229 3060 2308 3060 1396 3060 2309 3061 2308 3061 2229 3061 1396 3062 2308 3062 2306 3062 1432 3063 2310 3063 2300 3063 2307 3064 2310 3064 1430 3064 1430 3065 2310 3065 1432 3065 2309 3066 2311 3066 2308 3066 2312 3067 2313 3067 2309 3067 2309 3068 2313 3068 2311 3068 2314 3069 1313 3069 2312 3069 2312 3070 1313 3070 2313 3070 2315 3071 1315 3071 2314 3071 2314 3072 1315 3072 1313 3072 2198 3073 1317 3073 2315 3073 2315 3074 1317 3074 1315 3074 2198 3075 1319 3075 1317 3075 2197 3076 1319 3076 2198 3076 2316 3077 1320 3077 2197 3077 2197 3078 1320 3078 1319 3078 2316 3079 1322 3079 1320 3079 2317 3080 1322 3080 2316 3080 1 3081 1325 3081 2317 3081 2317 3082 1325 3082 1322 3082 2310 3083 2318 3083 2300 3083 1 3084 1327 3084 1325 3084 32 3085 569 3085 30 3085 34 3086 568 3086 32 3086 32 3087 568 3087 569 3087 34 3088 567 3088 568 3088 569 3089 570 3089 30 3089 30 3090 570 3090 28 3090 28 3091 571 3091 26 3091 570 3092 571 3092 28 3092 36 3093 566 3093 34 3093 34 3094 566 3094 567 3094 36 3095 565 3095 566 3095 38 3096 565 3096 36 3096 26 3097 572 3097 24 3097 571 3098 572 3098 26 3098 38 3099 564 3099 565 3099 40 3100 564 3100 38 3100 572 3101 573 3101 24 3101 42 3102 563 3102 40 3102 40 3103 563 3103 564 3103 24 3104 574 3104 22 3104 573 3105 574 3105 24 3105 44 3106 562 3106 42 3106 42 3107 562 3107 563 3107 22 3108 575 3108 20 3108 574 3109 575 3109 22 3109 575 3110 576 3110 20 3110 20 3111 576 3111 18 3111 46 3112 561 3112 44 3112 44 3113 561 3113 562 3113 46 3114 560 3114 561 3114 576 3115 577 3115 18 3115 18 3116 577 3116 16 3116 48 3117 559 3117 46 3117 46 3118 559 3118 560 3118 16 3119 578 3119 14 3119 577 3120 578 3120 16 3120 14 3121 579 3121 12 3121 578 3122 579 3122 14 3122 50 3123 2319 3123 48 3123 48 3124 2319 3124 559 3124 2310 3125 2320 3125 2318 3125 12 3126 580 3126 10 3126 579 3127 580 3127 12 3127 50 3128 2321 3128 2319 3128 52 3129 2321 3129 50 3129 580 3130 581 3130 10 3130 10 3131 581 3131 8 3131 54 3132 2322 3132 52 3132 52 3133 2322 3133 2321 3133 8 3134 582 3134 6 3134 581 3135 582 3135 8 3135 56 3136 2323 3136 54 3136 54 3137 2323 3137 2322 3137 582 3138 583 3138 6 3138 58 3139 2324 3139 56 3139 56 3140 2324 3140 2323 3140 2325 3141 2326 3141 2327 3141 2328 3142 2326 3142 2325 3142 2329 3143 2326 3143 2328 3143 2327 3144 2330 3144 2325 3144 2325 3145 2330 3145 2331 3145 2329 3146 2332 3146 2326 3146 2330 3147 2333 3147 2331 3147 2331 3148 2333 3148 2334 3148 2335 3149 2336 3149 2329 3149 2337 3150 2336 3150 2335 3150 2329 3151 2336 3151 2332 3151 2334 3152 2338 3152 2339 3152 2333 3153 2338 3153 2334 3153 2340 3154 2341 3154 2337 3154 2337 3155 2341 3155 2336 3155 2342 3156 2343 3156 2344 3156 2339 3157 2343 3157 2342 3157 2338 3158 2343 3158 2339 3158 2340 3159 2345 3159 2341 3159 2343 3160 2346 3160 2344 3160 2347 3161 2348 3161 2340 3161 2349 3162 2348 3162 2347 3162 2340 3163 2348 3163 2345 3163 2344 3164 2350 3164 2351 3164 2346 3165 2350 3165 2344 3165 2350 3166 2352 3166 2351 3166 2351 3167 2352 3167 2353 3167 2349 3168 2354 3168 2348 3168 2310 3169 2355 3169 2320 3169 2349 3170 2356 3170 2354 3170 2357 3171 2356 3171 2349 3171 2352 3172 2358 3172 2353 3172 2285 3173 2358 3173 2196 3173 2353 3174 2358 3174 2286 3174 2286 3175 2358 3175 2285 3175 2359 3176 2360 3176 2361 3176 2362 3177 2363 3177 2357 3177 2357 3178 2363 3178 2356 3178 2358 3179 2364 3179 2196 3179 2196 3180 2364 3180 68 3180 2362 3181 2365 3181 2363 3181 2366 3182 2365 3182 2362 3182 2367 3183 2365 3183 2366 3183 68 3184 2368 3184 66 3184 2364 3185 2368 3185 68 3185 2367 3186 2369 3186 2365 3186 2361 3187 2369 3187 2367 3187 2368 3188 2370 3188 66 3188 66 3189 2370 3189 64 3189 2361 3190 2371 3190 2369 3190 64 3191 2372 3191 62 3191 2370 3192 2372 3192 64 3192 2372 3193 2373 3193 62 3193 62 3194 2373 3194 60 3194 60 3195 2374 3195 58 3195 2373 3196 2374 3196 60 3196 58 3197 2375 3197 2324 3197 2374 3198 2375 3198 58 3198 2324 3199 2376 3199 2377 3199 2375 3200 2376 3200 2324 3200 2360 3201 2378 3201 2361 3201 2361 3202 2378 3202 2371 3202 2378 3203 2379 3203 2371 3203 1338 3204 2380 3204 1340 3204 1336 3205 2380 3205 1338 3205 2381 3206 2380 3206 1336 3206 1334 3207 2382 3207 1336 3207 1336 3208 2382 3208 2381 3208 2380 3209 2383 3209 1340 3209 1332 3210 2384 3210 1334 3210 1331 3211 2384 3211 1332 3211 1334 3212 2384 3212 2382 3212 1340 3213 2385 3213 1343 3213 2383 3214 2385 3214 1340 3214 1331 3215 2386 3215 2384 3215 1343 3216 2387 3216 1344 3216 2385 3217 2387 3217 1343 3217 1329 3218 2388 3218 1331 3218 1331 3219 2388 3219 2386 3219 1344 3220 2389 3220 1346 3220 2387 3221 2389 3221 1344 3221 1327 3222 2390 3222 1329 3222 1329 3223 2390 3223 2388 3223 1 3224 2390 3224 1327 3224 1346 3225 2391 3225 1348 3225 2389 3226 2391 3226 1346 3226 1 3227 2392 3227 2390 3227 0 3228 2392 3228 1 3228 1348 3229 2393 3229 1350 3229 2391 3230 2393 3230 1348 3230 0 3231 2394 3231 2392 3231 4 3232 2394 3232 0 3232 1350 3233 2395 3233 1352 3233 2393 3234 2395 3234 1350 3234 4 3235 2396 3235 2394 3235 6 3236 2396 3236 4 3236 1355 3237 2397 3237 1356 3237 1352 3238 2397 3238 1355 3238 2395 3239 2397 3239 1352 3239 6 3240 2398 3240 2396 3240 583 3241 2398 3241 6 3241 2397 3242 2399 3242 1356 3242 583 3243 2400 3243 2398 3243 584 3244 2400 3244 583 3244 1359 3245 2401 3245 1361 3245 1356 3246 2401 3246 1359 3246 2399 3247 2401 3247 1356 3247 585 3248 2402 3248 584 3248 584 3249 2402 3249 2400 3249 2401 3250 2403 3250 1361 3250 586 3251 1268 3251 585 3251 585 3252 1268 3252 2402 3252 2403 3253 2404 3253 1361 3253 1363 3254 2404 3254 1365 3254 1361 3255 2404 3255 1363 3255 587 3256 1269 3256 586 3256 586 3257 1269 3257 1268 3257 2379 3258 2405 3258 2371 3258 2404 3259 2406 3259 1365 3259 587 3260 1272 3260 1269 3260 2406 3261 2407 3261 1365 3261 1365 3262 2407 3262 1366 3262 588 3263 1275 3263 587 3263 587 3264 1275 3264 1272 3264 2405 3265 2408 3265 2371 3265 1366 3266 2409 3266 2410 3266 2411 3267 2412 3267 2413 3267 2414 3268 2415 3268 2411 3268 2411 3269 2415 3269 2412 3269 2412 3270 2416 3270 2413 3270 2413 3271 2416 3271 2417 3271 2418 3272 2419 3272 2414 3272 2414 3273 2419 3273 2415 3273 2417 3274 2420 3274 2376 3274 2376 3275 2420 3275 2377 3275 2416 3276 2420 3276 2417 3276 2421 3277 2422 3277 2418 3277 2418 3278 2422 3278 2419 3278 2377 3279 2423 3279 2424 3279 2420 3280 2423 3280 2377 3280 2425 3281 2426 3281 2421 3281 2421 3282 2426 3282 2422 3282 2424 3283 2427 3283 2428 3283 2423 3284 2427 3284 2424 3284 2429 3285 2430 3285 2425 3285 2425 3286 2430 3286 2426 3286 2427 3287 2431 3287 2428 3287 2428 3288 2431 3288 2432 3288 2433 3289 2434 3289 2429 3289 2429 3290 2434 3290 2430 3290 2431 3291 2435 3291 2432 3291 2436 3292 2437 3292 2433 3292 2433 3293 2437 3293 2434 3293 2435 3294 2438 3294 2432 3294 2432 3295 2438 3295 2439 3295 2440 3296 2441 3296 2436 3296 2436 3297 2441 3297 2437 3297 2438 3298 2442 3298 2439 3298 2439 3299 2442 3299 2443 3299 2444 3300 2445 3300 2440 3300 2440 3301 2445 3301 2441 3301 2442 3302 2446 3302 2443 3302 2443 3303 2446 3303 2447 3303 2448 3304 2449 3304 2444 3304 2444 3305 2449 3305 2445 3305 2446 3306 2450 3306 2447 3306 2447 3307 2450 3307 2451 3307 2448 3308 2452 3308 2449 3308 2453 3309 2452 3309 2448 3309 2450 3310 2454 3310 2451 3310 2451 3311 2454 3311 2455 3311 2456 3312 1196 3312 2453 3312 2453 3313 1196 3313 2452 3313 1366 3314 2457 3314 2409 3314 2407 3315 2457 3315 1366 3315 2454 3316 2458 3316 2455 3316 2455 3317 2458 3317 2459 3317 2460 3318 1197 3318 2456 3318 2456 3319 1197 3319 1196 3319 2458 3320 2461 3320 2459 3320 2462 3321 1200 3321 2460 3321 2460 3322 1200 3322 1197 3322 2461 3323 2463 3323 2459 3323 2459 3324 2463 3324 2464 3324 2462 3325 1202 3325 1200 3325 2465 3326 1202 3326 2462 3326 2463 3327 2466 3327 2464 3327 2465 3328 1204 3328 1202 3328 2467 3329 1204 3329 2465 3329 2468 3330 1207 3330 2467 3330 2467 3331 1207 3331 1204 3331 2468 3332 1209 3332 1207 3332 2469 3333 2470 3333 590 3333 590 3334 2470 3334 589 3334 590 3335 2471 3335 2469 3335 591 3336 2471 3336 590 3336 1275 3337 2472 3337 1277 3337 2470 3338 2472 3338 589 3338 589 3339 2472 3339 588 3339 588 3340 2472 3340 1275 3340 591 3341 2473 3341 2471 3341 592 3342 2473 3342 591 3342 1277 3343 2474 3343 1278 3343 2472 3344 2474 3344 1277 3344 592 3345 2475 3345 2473 3345 593 3346 2475 3346 592 3346 2407 3347 2476 3347 2457 3347 1278 3348 2477 3348 1280 3348 2474 3349 2477 3349 1278 3349 593 3350 2478 3350 2475 3350 594 3351 2478 3351 593 3351 1280 3352 2479 3352 1282 3352 2477 3353 2479 3353 1280 3353 595 3354 2480 3354 594 3354 594 3355 2480 3355 2478 3355 1282 3356 2481 3356 1285 3356 2479 3357 2481 3357 1282 3357 596 3358 2482 3358 595 3358 595 3359 2482 3359 2480 3359 1285 3360 2483 3360 1287 3360 2481 3361 2483 3361 1285 3361 596 3362 2484 3362 2482 3362 1287 3363 2485 3363 1288 3363 2483 3364 2485 3364 1287 3364 596 3365 2486 3365 2484 3365 597 3366 2486 3366 596 3366 2485 3367 2487 3367 1288 3367 1288 3368 2487 3368 1291 3368 2488 3369 2489 3369 597 3369 597 3370 2489 3370 2486 3370 2487 3371 2490 3371 1291 3371 1291 3372 2490 3372 1293 3372 2491 3373 2492 3373 2488 3373 2488 3374 2492 3374 2489 3374 2490 3375 2493 3375 1293 3375 1293 3376 2493 3376 1294 3376 2491 3377 2494 3377 2492 3377 2495 3378 2494 3378 2491 3378 2493 3379 2496 3379 1294 3379 1294 3380 2496 3380 1296 3380 2495 3381 1234 3381 2494 3381 2497 3382 1234 3382 2495 3382 2496 3383 2498 3383 1296 3383 1296 3384 2498 3384 1298 3384 2497 3385 1235 3385 1234 3385 2499 3386 1235 3386 2497 3386 2500 3387 2501 3387 2502 3387 2500 3388 2503 3388 2501 3388 2504 3389 2503 3389 2500 3389 2501 3390 2505 3390 2502 3390 2502 3391 2505 3391 2506 3391 2504 3392 2507 3392 2503 3392 2505 3393 2508 3393 2506 3393 2506 3394 2508 3394 2509 3394 2504 3395 2510 3395 2507 3395 2511 3396 2510 3396 2504 3396 2508 3397 2512 3397 2509 3397 2509 3398 2512 3398 2513 3398 2498 3399 2514 3399 1298 3399 1298 3400 2514 3400 1300 3400 2499 3401 1238 3401 1235 3401 2511 3402 2515 3402 2510 3402 2516 3403 2515 3403 2511 3403 2512 3404 2517 3404 2513 3404 2513 3405 2517 3405 2518 3405 2516 3406 2519 3406 2515 3406 2520 3407 2519 3407 2516 3407 2517 3408 2521 3408 2518 3408 2520 3409 2522 3409 2519 3409 2523 3410 2522 3410 2520 3410 2521 3411 2524 3411 2518 3411 2518 3412 2524 3412 2525 3412 2514 3413 2526 3413 1300 3413 1300 3414 2526 3414 1302 3414 2407 3415 2527 3415 2476 3415 2466 3416 2528 3416 2464 3416 2523 3417 2528 3417 2522 3417 2464 3418 2528 3418 2523 3418 2524 3419 2529 3419 2525 3419 2525 3420 2529 3420 2530 3420 2531 3421 2532 3421 2466 3421 2466 3422 2532 3422 2528 3422 2526 3423 2533 3423 1302 3423 1302 3424 2533 3424 1304 3424 2529 3425 2534 3425 2530 3425 2530 3426 2534 3426 2535 3426 2536 3427 2537 3427 2531 3427 2531 3428 2537 3428 2532 3428 2535 3429 2538 3429 2539 3429 2534 3430 2538 3430 2535 3430 2533 3431 2540 3431 1304 3431 1304 3432 2540 3432 1306 3432 2536 3433 2541 3433 2537 3433 2542 3434 2541 3434 2536 3434 2539 3435 2543 3435 2544 3435 2538 3436 2543 3436 2539 3436 2542 3437 2545 3437 2541 3437 2546 3438 2545 3438 2542 3438 2540 3439 2547 3439 1306 3439 1306 3440 2547 3440 1308 3440 2544 3441 2548 3441 2499 3441 2543 3442 2548 3442 2544 3442 2546 3443 1211 3443 2545 3443 2549 3444 1211 3444 2546 3444 2499 3445 2550 3445 1238 3445 1238 3446 2550 3446 1240 3446 2548 3447 2550 3447 2499 3447 1308 3448 2551 3448 1310 3448 2547 3449 2551 3449 1308 3449 2552 3450 1213 3450 2549 3450 2549 3451 1213 3451 1211 3451 2550 3452 2553 3452 1240 3452 1240 3453 2553 3453 1242 3453 2551 3454 2554 3454 1310 3454 2552 3455 1214 3455 1213 3455 2555 3456 1214 3456 2552 3456 2553 3457 2556 3457 1242 3457 1242 3458 2556 3458 1245 3458 2557 3459 1216 3459 2555 3459 2555 3460 1216 3460 1214 3460 2556 3461 2558 3461 1245 3461 1245 3462 2558 3462 1247 3462 2407 3463 2559 3463 2527 3463 2557 3464 1218 3464 1216 3464 2560 3465 1218 3465 2557 3465 2558 3466 2561 3466 1247 3466 1247 3467 2561 3467 1249 3467 2562 3468 2563 3468 2468 3468 2560 3469 1220 3469 1218 3469 2564 3470 1220 3470 2560 3470 2561 3471 2565 3471 1249 3471 1249 3472 2565 3472 1251 3472 2564 3473 1222 3473 1220 3473 2566 3474 1222 3474 2564 3474 2565 3475 2567 3475 1251 3475 1251 3476 2567 3476 1252 3476 2566 3477 1224 3477 1222 3477 2568 3478 1224 3478 2566 3478 2567 3479 2569 3479 1252 3479 1252 3480 2569 3480 1255 3480 2570 3481 1226 3481 2568 3481 2568 3482 1226 3482 1224 3482 1255 3483 2571 3483 1257 3483 2569 3484 2571 3484 1255 3484 2572 3485 1228 3485 2570 3485 2570 3486 1228 3486 1226 3486 2571 3487 2573 3487 1257 3487 1257 3488 2573 3488 1259 3488 2572 3489 1230 3489 1228 3489 2574 3490 1230 3490 2572 3490 2573 3491 2575 3491 1259 3491 1259 3492 2575 3492 1261 3492 2563 3493 2576 3493 2468 3493 2574 3494 1232 3494 1230 3494 1261 3495 2577 3495 1263 3495 2575 3496 2577 3496 1261 3496 1263 3497 2578 3497 1265 3497 2577 3498 2578 3498 1263 3498 2578 3499 2579 3499 1265 3499 1265 3500 2579 3500 1267 3500 2468 3501 2580 3501 1209 3501 2576 3502 2580 3502 2468 3502 2580 3503 2581 3503 1209 3503 2581 3504 2582 3504 1209 3504 1310 3505 2583 3505 2584 3505 1310 3506 2585 3506 2583 3506 2554 3507 2586 3507 1310 3507 1310 3508 2586 3508 2585 3508 2554 3509 2587 3509 2586 3509 2554 3510 2588 3510 2587 3510 2589 3511 2590 3511 2574 3511 2590 3512 2591 3512 2574 3512 2591 3513 2592 3513 2574 3513 2574 3514 2592 3514 1232 3514 2592 3515 2593 3515 1232 3515 2593 3516 2594 3516 1232 3516 1267 3517 2595 3517 2596 3517 1267 3518 2597 3518 2595 3518 1267 3519 2598 3519 2597 3519 2579 3520 2598 3520 1267 3520 2579 3521 2599 3521 2598 3521 2579 3522 2600 3522 2599 3522 2361 3523 2367 3523 2601 3523 2601 3524 2367 3524 2602 3524 2367 3525 2366 3525 2602 3525 2603 3526 2366 3526 2604 3526 2602 3527 2366 3527 2603 3527 2366 3528 2362 3528 2604 3528 2362 3529 2357 3529 2604 3529 2605 3530 2357 3530 2606 3530 2604 3531 2357 3531 2605 3531 2357 3532 2349 3532 2606 3532 2349 3533 2347 3533 2606 3533 2606 3534 2347 3534 2607 3534 2347 3535 2340 3535 2607 3535 2608 3536 2340 3536 2609 3536 2607 3537 2340 3537 2608 3537 2340 3538 2337 3538 2609 3538 2337 3539 2335 3539 2609 3539 2609 3540 2335 3540 2610 3540 2610 3541 2329 3541 2611 3541 2335 3542 2329 3542 2610 3542 2611 3543 2328 3543 2612 3543 2329 3544 2328 3544 2611 3544 2613 3545 2325 3545 2614 3545 2612 3546 2325 3546 2613 3546 2328 3547 2325 3547 2612 3547 2614 3548 2331 3548 2615 3548 2325 3549 2331 3549 2614 3549 2331 3550 2334 3550 2615 3550 2616 3551 2339 3551 2617 3551 2615 3552 2339 3552 2616 3552 2334 3553 2339 3553 2615 3553 2617 3554 2342 3554 2618 3554 2339 3555 2342 3555 2617 3555 2342 3556 2344 3556 2618 3556 2618 3557 2351 3557 2619 3557 2344 3558 2351 3558 2618 3558 2619 3559 2353 3559 2620 3559 2351 3560 2353 3560 2619 3560 2620 3561 2286 3561 2621 3561 2353 3562 2286 3562 2620 3562 2621 3563 2284 3563 2622 3563 2286 3564 2284 3564 2621 3564 2623 3565 2282 3565 2624 3565 2622 3566 2282 3566 2623 3566 2284 3567 2282 3567 2622 3567 2282 3568 2280 3568 2624 3568 2624 3569 2277 3569 2625 3569 2280 3570 2277 3570 2624 3570 2277 3571 2275 3571 2625 3571 2625 3572 2275 3572 2626 3572 2275 3573 2274 3573 2626 3573 2626 3574 2274 3574 2627 3574 2274 3575 2272 3575 2627 3575 2627 3576 2272 3576 2628 3576 2272 3577 2270 3577 2628 3577 2628 3578 2270 3578 2629 3578 2270 3579 2268 3579 2629 3579 2629 3580 2268 3580 2630 3580 2630 3581 2266 3581 2631 3581 2268 3582 2266 3582 2630 3582 2632 3583 2264 3583 2633 3583 2631 3584 2264 3584 2632 3584 2266 3585 2264 3585 2631 3585 2264 3586 2263 3586 2633 3586 2634 3587 2261 3587 2635 3587 2633 3588 2261 3588 2634 3588 2263 3589 2261 3589 2633 3589 2261 3590 2259 3590 2635 3590 2635 3591 2255 3591 2636 3591 2259 3592 2255 3592 2635 3592 2636 3593 2252 3593 2637 3593 2255 3594 2252 3594 2636 3594 2638 3595 2247 3595 2639 3595 2637 3596 2247 3596 2638 3596 2252 3597 2247 3597 2637 3597 2247 3598 2244 3598 2639 3598 2639 3599 2240 3599 2640 3599 2244 3600 2240 3600 2639 3600 2640 3601 2235 3601 2641 3601 2240 3602 2235 3602 2640 3602 2642 3603 2232 3603 2643 3603 2641 3604 2232 3604 2642 3604 2235 3605 2232 3605 2641 3605 2232 3606 2234 3606 2643 3606 2644 3607 2237 3607 2645 3607 2643 3608 2237 3608 2644 3608 2234 3609 2237 3609 2643 3609 2237 3610 2242 3610 2645 3610 2645 3611 2246 3611 2646 3611 2242 3612 2246 3612 2645 3612 2647 3613 2249 3613 2648 3613 2646 3614 2249 3614 2647 3614 2246 3615 2249 3615 2646 3615 2249 3616 2254 3616 2648 3616 2648 3617 2258 3617 2649 3617 2254 3618 2258 3618 2648 3618 2650 3619 2258 3619 2287 3619 2650 3620 2649 3620 2258 3620 2222 3621 2651 3621 2652 3621 2223 3622 2222 3622 2652 3622 2230 3623 2652 3623 2653 3623 2230 3624 2223 3624 2652 3624 2257 3625 2653 3625 2654 3625 2257 3626 2230 3626 2653 3626 2279 3627 2654 3627 2655 3627 2279 3628 2257 3628 2654 3628 2287 3629 2655 3629 2650 3629 2287 3630 2279 3630 2655 3630 2656 3631 2222 3631 2224 3631 2656 3632 2651 3632 2222 3632 2224 3633 2251 3633 2656 3633 2656 3634 2251 3634 2657 3634 2251 3635 2250 3635 2657 3635 2657 3636 2250 3636 2658 3636 2250 3637 2243 3637 2658 3637 2658 3638 2243 3638 2659 3638 2243 3639 2239 3639 2659 3639 2660 3640 2239 3640 2661 3640 2659 3641 2239 3641 2660 3641 2239 3642 2238 3642 2661 3642 2238 3643 2231 3643 2661 3643 2661 3644 2231 3644 2662 3644 2231 3645 2233 3645 2662 3645 2662 3646 2233 3646 2663 3646 2233 3647 2236 3647 2663 3647 2663 3648 2236 3648 2664 3648 2236 3649 2241 3649 2664 3649 2664 3650 2241 3650 2665 3650 2665 3651 2245 3651 2666 3651 2241 3652 2245 3652 2665 3652 2666 3653 2248 3653 2667 3653 2245 3654 2248 3654 2666 3654 2668 3655 2253 3655 2669 3655 2667 3656 2253 3656 2668 3656 2248 3657 2253 3657 2667 3657 2253 3658 2256 3658 2669 3658 2670 3659 2260 3659 2671 3659 2669 3660 2260 3660 2670 3660 2256 3661 2260 3661 2669 3661 2671 3662 2262 3662 2672 3662 2260 3663 2262 3663 2671 3663 2262 3664 2185 3664 2672 3664 2673 3665 2181 3665 2674 3665 2672 3666 2181 3666 2673 3666 2185 3667 2181 3667 2672 3667 2181 3668 2179 3668 2674 3668 2674 3669 2176 3669 2675 3669 2179 3670 2176 3670 2674 3670 2675 3671 2172 3671 2676 3671 2176 3672 2172 3672 2675 3672 2676 3673 2170 3673 2677 3673 2172 3674 2170 3674 2676 3674 2678 3675 2167 3675 2679 3675 2677 3676 2167 3676 2678 3676 2170 3677 2167 3677 2677 3677 2167 3678 2165 3678 2679 3678 2679 3679 2162 3679 2680 3679 2165 3680 2162 3680 2679 3680 2162 3681 2158 3681 2680 3681 2680 3682 2158 3682 2681 3682 2158 3683 2156 3683 2681 3683 2681 3684 2156 3684 2682 3684 2156 3685 2152 3685 2682 3685 2682 3686 2152 3686 2683 3686 2152 3687 2150 3687 2683 3687 2683 3688 2150 3688 2684 3688 2150 3689 2149 3689 2684 3689 2684 3690 2149 3690 2685 3690 2685 3691 2144 3691 2686 3691 2149 3692 2144 3692 2685 3692 2686 3693 2142 3693 2687 3693 2144 3694 2142 3694 2686 3694 2687 3695 2140 3695 2688 3695 2142 3696 2140 3696 2687 3696 2688 3697 2136 3697 2689 3697 2140 3698 2136 3698 2688 3698 2689 3699 2134 3699 2690 3699 2136 3700 2134 3700 2689 3700 2690 3701 2130 3701 2691 3701 2134 3702 2130 3702 2690 3702 2691 3703 2126 3703 2692 3703 2130 3704 2126 3704 2691 3704 2692 3705 2123 3705 2693 3705 2126 3706 2123 3706 2692 3706 2693 3707 2121 3707 2694 3707 2123 3708 2121 3708 2693 3708 2694 3709 2119 3709 2695 3709 2121 3710 2119 3710 2694 3710 2695 3711 2117 3711 2696 3711 2119 3712 2117 3712 2695 3712 2696 3713 2113 3713 2697 3713 2117 3714 2113 3714 2696 3714 2697 3715 2111 3715 2698 3715 2113 3716 2111 3716 2697 3716 2698 3717 2109 3717 2699 3717 2111 3718 2109 3718 2698 3718 2700 3719 2108 3719 2701 3719 2699 3720 2108 3720 2700 3720 2109 3721 2108 3721 2699 3721 2701 3722 2106 3722 2702 3722 2108 3723 2106 3723 2701 3723 2106 3724 2099 3724 2702 3724 2702 3725 2102 3725 2703 3725 2099 3726 2102 3726 2702 3726 2703 3727 2103 3727 2704 3727 2102 3728 2103 3728 2703 3728 2705 3729 2103 3729 2127 3729 2705 3730 2704 3730 2103 3730 2028 3731 2030 3731 2706 3731 2028 3732 2706 3732 2707 3732 2047 3733 2708 3733 2709 3733 2047 3734 2707 3734 2708 3734 2047 3735 2028 3735 2707 3735 2105 3736 2047 3736 2709 3736 2104 3737 2709 3737 2710 3737 2104 3738 2105 3738 2709 3738 2127 3739 2710 3739 2705 3739 2127 3740 2104 3740 2710 3740 2029 3741 2706 3741 2030 3741 2711 3742 2706 3742 2029 3742 2029 3743 2101 3743 2711 3743 2711 3744 2101 3744 2712 3744 2101 3745 2098 3745 2712 3745 2712 3746 2098 3746 2713 3746 2098 3747 2100 3747 2713 3747 2713 3748 2100 3748 2714 3748 2100 3749 2107 3749 2714 3749 2714 3750 2107 3750 2715 3750 2107 3751 2110 3751 2715 3751 2715 3752 2110 3752 2716 3752 2110 3753 2112 3753 2716 3753 2717 3754 2112 3754 2718 3754 2716 3755 2112 3755 2717 3755 2112 3756 2114 3756 2718 3756 2114 3757 2118 3757 2718 3757 2718 3758 2118 3758 2719 3758 2118 3759 2120 3759 2719 3759 2719 3760 2120 3760 2720 3760 2720 3761 2122 3761 2721 3761 2120 3762 2122 3762 2720 3762 2721 3763 2124 3763 2722 3763 2122 3764 2124 3764 2721 3764 2723 3765 2125 3765 2724 3765 2722 3766 2125 3766 2723 3766 2124 3767 2125 3767 2722 3767 2125 3768 2131 3768 2724 3768 2724 3769 2089 3769 2725 3769 2131 3770 2089 3770 2724 3770 2726 3771 2085 3771 2727 3771 2725 3772 2085 3772 2726 3772 2089 3773 2085 3773 2725 3773 2085 3774 2081 3774 2727 3774 2727 3775 2074 3775 2728 3775 2081 3776 2074 3776 2727 3776 2728 3777 2073 3777 2729 3777 2074 3778 2073 3778 2728 3778 2729 3779 2070 3779 2730 3779 2073 3780 2070 3780 2729 3780 2730 3781 2068 3781 2731 3781 2070 3782 2068 3782 2730 3782 2731 3783 2067 3783 2732 3783 2068 3784 2067 3784 2731 3784 2732 3785 2064 3785 2733 3785 2067 3786 2064 3786 2732 3786 2733 3787 2063 3787 2734 3787 2064 3788 2063 3788 2733 3788 2734 3789 2060 3789 2735 3789 2063 3790 2060 3790 2734 3790 2060 3791 2059 3791 2735 3791 2735 3792 2059 3792 2736 3792 2059 3793 2055 3793 2736 3793 2736 3794 2055 3794 2737 3794 2055 3795 2053 3795 2737 3795 2737 3796 2053 3796 2738 3796 2053 3797 2052 3797 2738 3797 2738 3798 2052 3798 2739 3798 2052 3799 2051 3799 2739 3799 2739 3800 2051 3800 2740 3800 2740 3801 1984 3801 2741 3801 2051 3802 1984 3802 2740 3802 2741 3803 1973 3803 2742 3803 1984 3804 1973 3804 2741 3804 2742 3805 1957 3805 2743 3805 1973 3806 1957 3806 2742 3806 2743 3807 1955 3807 2744 3807 1957 3808 1955 3808 2743 3808 2744 3809 1953 3809 2745 3809 1955 3810 1953 3810 2744 3810 2745 3811 1950 3811 2746 3811 1953 3812 1950 3812 2745 3812 2746 3813 1948 3813 2747 3813 1950 3814 1948 3814 2746 3814 2747 3815 1946 3815 2748 3815 1948 3816 1946 3816 2747 3816 2748 3817 1944 3817 2749 3817 1946 3818 1944 3818 2748 3818 2749 3819 1942 3819 2750 3819 1944 3820 1942 3820 2749 3820 2750 3821 1940 3821 2751 3821 1942 3822 1940 3822 2750 3822 2752 3823 1938 3823 2753 3823 2751 3824 1938 3824 2752 3824 1940 3825 1938 3825 2751 3825 1938 3826 1936 3826 2753 3826 2753 3827 1934 3827 2754 3827 1936 3828 1934 3828 2753 3828 2754 3829 1932 3829 2755 3829 1934 3830 1932 3830 2754 3830 2755 3831 1930 3831 2756 3831 1932 3832 1930 3832 2755 3832 2756 3833 1928 3833 2757 3833 1930 3834 1928 3834 2756 3834 2757 3835 1926 3835 2758 3835 1928 3836 1926 3836 2757 3836 2758 3837 1924 3837 2759 3837 1926 3838 1924 3838 2758 3838 2760 3839 1924 3839 1923 3839 2760 3840 2759 3840 1924 3840 1888 3841 1889 3841 2761 3841 1888 3842 2761 3842 2762 3842 1886 3843 2762 3843 2763 3843 1886 3844 1888 3844 2762 3844 1896 3845 2763 3845 2764 3845 1896 3846 1886 3846 2763 3846 1925 3847 2764 3847 2765 3847 1925 3848 1896 3848 2764 3848 1923 3849 2765 3849 2760 3849 1923 3850 1925 3850 2765 3850 2766 3851 1889 3851 1887 3851 2766 3852 2761 3852 1889 3852 1887 3853 1927 3853 2766 3853 2766 3854 1927 3854 2767 3854 1927 3855 1929 3855 2767 3855 2767 3856 1929 3856 2768 3856 1929 3857 1931 3857 2768 3857 2768 3858 1931 3858 2769 3858 1931 3859 1933 3859 2769 3859 2769 3860 1933 3860 2770 3860 1933 3861 1935 3861 2770 3861 2770 3862 1935 3862 2771 3862 1935 3863 1937 3863 2771 3863 2772 3864 1937 3864 2773 3864 2771 3865 1937 3865 2772 3865 1937 3866 1939 3866 2773 3866 2773 3867 1939 3867 2774 3867 1939 3868 1941 3868 2774 3868 1941 3869 1943 3869 2774 3869 2774 3870 1943 3870 2775 3870 2776 3871 1945 3871 2777 3871 2775 3872 1945 3872 2776 3872 1943 3873 1945 3873 2775 3873 1945 3874 1947 3874 2777 3874 2777 3875 1949 3875 2778 3875 1947 3876 1949 3876 2777 3876 2779 3877 1951 3877 2780 3877 2778 3878 1951 3878 2779 3878 1949 3879 1951 3879 2778 3879 2780 3880 1954 3880 2781 3880 1951 3881 1954 3881 2780 3881 1954 3882 1956 3882 2781 3882 2782 3883 1958 3883 2783 3883 2781 3884 1958 3884 2782 3884 1956 3885 1958 3885 2781 3885 1958 3886 1974 3886 2783 3886 2783 3887 1985 3887 2784 3887 1974 3888 1985 3888 2783 3888 2784 3889 2048 3889 2785 3889 1985 3890 2048 3890 2784 3890 2786 3891 2049 3891 2787 3891 2785 3892 2049 3892 2786 3892 2048 3893 2049 3893 2785 3893 2049 3894 2050 3894 2787 3894 2787 3895 2054 3895 2788 3895 2050 3896 2054 3896 2787 3896 2788 3897 2056 3897 2789 3897 2054 3898 2056 3898 2788 3898 2789 3899 2057 3899 2790 3899 2056 3900 2057 3900 2789 3900 2057 3901 2031 3901 2790 3901 2790 3902 2031 3902 2791 3902 2031 3903 2025 3903 2791 3903 2791 3904 2025 3904 2792 3904 2025 3905 2022 3905 2792 3905 2792 3906 2022 3906 2793 3906 2022 3907 1885 3907 2793 3907 2793 3908 1885 3908 2794 3908 1885 3909 1883 3909 2794 3909 2794 3910 1883 3910 2795 3910 2796 3911 1881 3911 2797 3911 2795 3912 1881 3912 2796 3912 1883 3913 1881 3913 2795 3913 1881 3914 1878 3914 2797 3914 2797 3915 1876 3915 2798 3915 1878 3916 1876 3916 2797 3916 2798 3917 1875 3917 2799 3917 1876 3918 1875 3918 2798 3918 2799 3919 1872 3919 2800 3919 1875 3920 1872 3920 2799 3920 2800 3921 1871 3921 2801 3921 1872 3922 1871 3922 2800 3922 2801 3923 1869 3923 2802 3923 1871 3924 1869 3924 2801 3924 2802 3925 1866 3925 2803 3925 1869 3926 1866 3926 2802 3926 2803 3927 1865 3927 2804 3927 1866 3928 1865 3928 2803 3928 2804 3929 1863 3929 2805 3929 1865 3930 1863 3930 2804 3930 2805 3931 1858 3931 2806 3931 1863 3932 1858 3932 2805 3932 2806 3933 1853 3933 2807 3933 1858 3934 1853 3934 2806 3934 2807 3935 1848 3935 2808 3935 1853 3936 1848 3936 2807 3936 2808 3937 1843 3937 2809 3937 1848 3938 1843 3938 2808 3938 2809 3939 1840 3939 2810 3939 1843 3940 1840 3940 2809 3940 2810 3941 1836 3941 2811 3941 1840 3942 1836 3942 2810 3942 2811 3943 1831 3943 2812 3943 1836 3944 1831 3944 2811 3944 2812 3945 1825 3945 2813 3945 1831 3946 1825 3946 2812 3946 2813 3947 1821 3947 2814 3947 1825 3948 1821 3948 2813 3948 2815 3949 1821 3949 1822 3949 2815 3950 2814 3950 1821 3950 1824 3951 1602 3951 1603 3951 1824 3952 1603 3952 2816 3952 1823 3953 2817 3953 2815 3953 1823 3954 2816 3954 2817 3954 1823 3955 1824 3955 2816 3955 1822 3956 1823 3956 2815 3956 2818 3957 1599 3957 1728 3957 2818 3958 1597 3958 1599 3958 1728 3959 1826 3959 2818 3959 2818 3960 1826 3960 2819 3960 1826 3961 1830 3961 2819 3961 2819 3962 1830 3962 2820 3962 1830 3963 1832 3963 2820 3963 2820 3964 1832 3964 2821 3964 1832 3965 1841 3965 2821 3965 2821 3966 1841 3966 2822 3966 1841 3967 1842 3967 2822 3967 2822 3968 1842 3968 2823 3968 1842 3969 1844 3969 2823 3969 2824 3970 1844 3970 2825 3970 2823 3971 1844 3971 2824 3971 1844 3972 1849 3972 2825 3972 2825 3973 1849 3973 2826 3973 1849 3974 1854 3974 2826 3974 1854 3975 1862 3975 2826 3975 2826 3976 1862 3976 2827 3976 2828 3977 1864 3977 2829 3977 2827 3978 1864 3978 2828 3978 1862 3979 1864 3979 2827 3979 1864 3980 1867 3980 2829 3980 2829 3981 1868 3981 2830 3981 1867 3982 1868 3982 2829 3982 2831 3983 1870 3983 2832 3983 2830 3984 1870 3984 2831 3984 1868 3985 1870 3985 2830 3985 2832 3986 1873 3986 2833 3986 1870 3987 1873 3987 2832 3987 1873 3988 1874 3988 2833 3988 2834 3989 1877 3989 2835 3989 2833 3990 1877 3990 2834 3990 1874 3991 1877 3991 2833 3991 1877 3992 1879 3992 2835 3992 2835 3993 1880 3993 2836 3993 1879 3994 1880 3994 2835 3994 2836 3995 1882 3995 2837 3995 1880 3996 1882 3996 2836 3996 2838 3997 1884 3997 2839 3997 2837 3998 1884 3998 2838 3998 1882 3999 1884 3999 2837 3999 1884 4000 2019 4000 2839 4000 2839 4001 2015 4001 2840 4001 2019 4002 2015 4002 2839 4002 2840 4003 1860 4003 2841 4003 2015 4004 1860 4004 2840 4004 2841 4005 1857 4005 2842 4005 1860 4006 1857 4006 2841 4006 1857 4007 1856 4007 2842 4007 2842 4008 1856 4008 2843 4008 1856 4009 1851 4009 2843 4009 2843 4010 1851 4010 2844 4010 1851 4011 1845 4011 2844 4011 2844 4012 1845 4012 2845 4012 1845 4013 1838 4013 2845 4013 2845 4014 1838 4014 2846 4014 1838 4015 1834 4015 2846 4015 2846 4016 1834 4016 2847 4016 2848 4017 1727 4017 2849 4017 2847 4018 1727 4018 2848 4018 1834 4019 1727 4019 2847 4019 1727 4020 1725 4020 2849 4020 2849 4021 1723 4021 2850 4021 1725 4022 1723 4022 2849 4022 2850 4023 1721 4023 2851 4023 1723 4024 1721 4024 2850 4024 2851 4025 1718 4025 2852 4025 1721 4026 1718 4026 2851 4026 2852 4027 1717 4027 2853 4027 1718 4028 1717 4028 2852 4028 2853 4029 1715 4029 2854 4029 1717 4030 1715 4030 2853 4030 2854 4031 1712 4031 2855 4031 1715 4032 1712 4032 2854 4032 2855 4033 1711 4033 2856 4033 1712 4034 1711 4034 2855 4034 2856 4035 1708 4035 2857 4035 1711 4036 1708 4036 2856 4036 2857 4037 1707 4037 2858 4037 1708 4038 1707 4038 2857 4038 2858 4039 1704 4039 2859 4039 1707 4040 1704 4040 2858 4040 2859 4041 1703 4041 2860 4041 1704 4042 1703 4042 2859 4042 2860 4043 1700 4043 2861 4043 1703 4044 1700 4044 2860 4044 2861 4045 1699 4045 2862 4045 1700 4046 1699 4046 2861 4046 2862 4047 1697 4047 2863 4047 1699 4048 1697 4048 2862 4048 2863 4049 1695 4049 2864 4049 1697 4050 1695 4050 2863 4050 2864 4051 1691 4051 2865 4051 1695 4052 1691 4052 2864 4052 2865 4053 1686 4053 2866 4053 1691 4054 1686 4054 2865 4054 2867 4055 1686 4055 1685 4055 2867 4056 2866 4056 1686 4056 1634 4057 2868 4057 2869 4057 1633 4058 1634 4058 2869 4058 1632 4059 2869 4059 2870 4059 1632 4060 1633 4060 2869 4060 1630 4061 2870 4061 2871 4061 1630 4062 1632 4062 2870 4062 1687 4063 2871 4063 2872 4063 1687 4064 1630 4064 2871 4064 1685 4065 2872 4065 2867 4065 1685 4066 1687 4066 2872 4066 2873 4067 1634 4067 1631 4067 2873 4068 2868 4068 1634 4068 1631 4069 1688 4069 2873 4069 2873 4070 1688 4070 2874 4070 1688 4071 1692 4071 2874 4071 2874 4072 1692 4072 2875 4072 1692 4073 1696 4073 2875 4073 2875 4074 1696 4074 2876 4074 1696 4075 1698 4075 2876 4075 2876 4076 1698 4076 2877 4076 1698 4077 1701 4077 2877 4077 2877 4078 1701 4078 2878 4078 1701 4079 1702 4079 2878 4079 2879 4080 1702 4080 2880 4080 2878 4081 1702 4081 2879 4081 1702 4082 1705 4082 2880 4082 1705 4083 1706 4083 2880 4083 2880 4084 1706 4084 2881 4084 1706 4085 1709 4085 2881 4085 2882 4086 1709 4086 2883 4086 2881 4087 1709 4087 2882 4087 2883 4088 1710 4088 2884 4088 1709 4089 1710 4089 2883 4089 1710 4090 1713 4090 2884 4090 2884 4091 1714 4091 2885 4091 1713 4092 1714 4092 2884 4092 2885 4093 1716 4093 2886 4093 1714 4094 1716 4094 2885 4094 2886 4095 1719 4095 2887 4095 1716 4096 1719 4096 2886 4096 2887 4097 1720 4097 2888 4097 1719 4098 1720 4098 2887 4098 2889 4099 1722 4099 2890 4099 2888 4100 1722 4100 2889 4100 1720 4101 1722 4101 2888 4101 1722 4102 1724 4102 2890 4102 2890 4103 1726 4103 2891 4103 1724 4104 1726 4104 2890 4104 2892 4105 1819 4105 2893 4105 2891 4106 1819 4106 2892 4106 1726 4107 1819 4107 2891 4107 1819 4108 1817 4108 2893 4108 2893 4109 1810 4109 2894 4109 1817 4110 1810 4110 2893 4110 2895 4111 1808 4111 2896 4111 2894 4112 1808 4112 2895 4112 1810 4113 1808 4113 2894 4113 1808 4114 1805 4114 2896 4114 2896 4115 1803 4115 2897 4115 1805 4116 1803 4116 2896 4116 1803 4117 1798 4117 2897 4117 2897 4118 1798 4118 2898 4118 1798 4119 1794 4119 2898 4119 2898 4120 1794 4120 2899 4120 1794 4121 1793 4121 2899 4121 2900 4122 1793 4122 2901 4122 2899 4123 1793 4123 2900 4123 1793 4124 1787 4124 2901 4124 1787 4125 1784 4125 2901 4125 2901 4126 1784 4126 2902 4126 2902 4127 1781 4127 2903 4127 1784 4128 1781 4128 2902 4128 1781 4129 1776 4129 2903 4129 2903 4130 1776 4130 2904 4130 2904 4131 1774 4131 2905 4131 1776 4132 1774 4132 2904 4132 2905 4133 1770 4133 2906 4133 1774 4134 1770 4134 2905 4134 2906 4135 1661 4135 2907 4135 1770 4136 1661 4136 2906 4136 2907 4137 1657 4137 2908 4137 1661 4138 1657 4138 2907 4138 2908 4139 1653 4139 2909 4139 1657 4140 1653 4140 2908 4140 2909 4141 1649 4141 2910 4141 1653 4142 1649 4142 2909 4142 2910 4143 1645 4143 2911 4143 1649 4144 1645 4144 2910 4144 2911 4145 1642 4145 2912 4145 1645 4146 1642 4146 2911 4146 2912 4147 1635 4147 2913 4147 1642 4148 1635 4148 2912 4148 2914 4149 1628 4149 2915 4149 2913 4150 1628 4150 2914 4150 1635 4151 1628 4151 2913 4151 1628 4152 1626 4152 2915 4152 2915 4153 1624 4153 2916 4153 1626 4154 1624 4154 2915 4154 2916 4155 1622 4155 2917 4155 1624 4156 1622 4156 2916 4156 2917 4157 1620 4157 2918 4157 1622 4158 1620 4158 2917 4158 2918 4159 1618 4159 2919 4159 1620 4160 1618 4160 2918 4160 2919 4161 1617 4161 2920 4161 1618 4162 1617 4162 2919 4162 2920 4163 1612 4163 2921 4163 1617 4164 1612 4164 2920 4164 2922 4165 1612 4165 1614 4165 2922 4166 2921 4166 1612 4166 1606 4167 1607 4167 2923 4167 1606 4168 2923 4168 2924 4168 1604 4169 2924 4169 2925 4169 1604 4170 1606 4170 2924 4170 1616 4171 2925 4171 2926 4171 1616 4172 1604 4172 2925 4172 1615 4173 2926 4173 2927 4173 1615 4174 1616 4174 2926 4174 1614 4175 2927 4175 2922 4175 1614 4176 1615 4176 2927 4176 1605 4177 2923 4177 1607 4177 2928 4178 2923 4178 1605 4178 1605 4179 1613 4179 2928 4179 2928 4180 1613 4180 2929 4180 1613 4181 1619 4181 2929 4181 2929 4182 1619 4182 2930 4182 1619 4183 1621 4183 2930 4183 2930 4184 1621 4184 2931 4184 1621 4185 1623 4185 2931 4185 2932 4186 1623 4186 2933 4186 2931 4187 1623 4187 2932 4187 1623 4188 1625 4188 2933 4188 2933 4189 1625 4189 2934 4189 1625 4190 1627 4190 2934 4190 1627 4191 1629 4191 2934 4191 2934 4192 1629 4192 2935 4192 1629 4193 1636 4193 2935 4193 2936 4194 1636 4194 2937 4194 2935 4195 1636 4195 2936 4195 1636 4196 1643 4196 2937 4196 2937 4197 1643 4197 2938 4197 1643 4198 1646 4198 2938 4198 2939 4199 1650 4199 2940 4199 2938 4200 1650 4200 2939 4200 1646 4201 1650 4201 2938 4201 1650 4202 1654 4202 2940 4202 2941 4203 1658 4203 2942 4203 2940 4204 1658 4204 2941 4204 1654 4205 1658 4205 2940 4205 2942 4206 1662 4206 2943 4206 1658 4207 1662 4207 2942 4207 1662 4208 1767 4208 2943 4208 2944 4209 1764 4209 2945 4209 2943 4210 1764 4210 2944 4210 1767 4211 1764 4211 2943 4211 1764 4212 1759 4212 2945 4212 2946 4213 1760 4213 2947 4213 2945 4214 1760 4214 2946 4214 1759 4215 1760 4215 2945 4215 2947 4216 1761 4216 2948 4216 1760 4217 1761 4217 2947 4217 1761 4218 1762 4218 2948 4218 2948 4219 1763 4219 2949 4219 1762 4220 1763 4220 2948 4220 2949 4221 1768 4221 2950 4221 1763 4222 1768 4222 2949 4222 2950 4223 1769 4223 2951 4223 1768 4224 1769 4224 2950 4224 2951 4225 1771 4225 2952 4225 1769 4226 1771 4226 2951 4226 1771 4227 1775 4227 2952 4227 2952 4228 1775 4228 2953 4228 1775 4229 1777 4229 2953 4229 2953 4230 1777 4230 2954 4230 1777 4231 1778 4231 2954 4231 2954 4232 1778 4232 2955 4232 1778 4233 1782 4233 2955 4233 2955 4234 1782 4234 2956 4234 1782 4235 1783 4235 2956 4235 2956 4236 1783 4236 2957 4236 2957 4237 1788 4237 2958 4237 1783 4238 1788 4238 2957 4238 2958 4239 1791 4239 2959 4239 1788 4240 1791 4240 2958 4240 2959 4241 1694 4241 2960 4241 1791 4242 1694 4242 2959 4242 2960 4243 1690 4243 2961 4243 1694 4244 1690 4244 2960 4244 2961 4245 1684 4245 2962 4245 1690 4246 1684 4246 2961 4246 2962 4247 1678 4247 2963 4247 1684 4248 1678 4248 2962 4248 2963 4249 1676 4249 2964 4249 1678 4250 1676 4250 2963 4250 2964 4251 1674 4251 2965 4251 1676 4252 1674 4252 2964 4252 2965 4253 1672 4253 2966 4253 1674 4254 1672 4254 2965 4254 2966 4255 1670 4255 2967 4255 1672 4256 1670 4256 2966 4256 2967 4257 1668 4257 2968 4257 1670 4258 1668 4258 2967 4258 2968 4259 1665 4259 2969 4259 1668 4260 1665 4260 2968 4260 2969 4261 1664 4261 2970 4261 1665 4262 1664 4262 2969 4262 2970 4263 1659 4263 2971 4263 1664 4264 1659 4264 2970 4264 2971 4265 1656 4265 2972 4265 1659 4266 1656 4266 2971 4266 2972 4267 1652 4267 2973 4267 1656 4268 1652 4268 2972 4268 2974 4269 1648 4269 2975 4269 2973 4270 1648 4270 2974 4270 1652 4271 1648 4271 2973 4271 1648 4272 1641 4272 2975 4272 2975 4273 1609 4273 2976 4273 1641 4274 1609 4274 2975 4274 2977 4275 1609 4275 1608 4275 2977 4276 2976 4276 1609 4276 1639 4277 1640 4277 2978 4277 1639 4278 2978 4278 2979 4278 1638 4279 2979 4279 2980 4279 1638 4280 1639 4280 2979 4280 1611 4281 2980 4281 2981 4281 1611 4282 1638 4282 2980 4282 1610 4283 2981 4283 2982 4283 1610 4284 1611 4284 2981 4284 1608 4285 2982 4285 2977 4285 1608 4286 1610 4286 2982 4286 2983 4287 1640 4287 1637 4287 2983 4288 2978 4288 1640 4288 1637 4289 1644 4289 2983 4289 2983 4290 1644 4290 2984 4290 1644 4291 1647 4291 2984 4291 2984 4292 1647 4292 2985 4292 1647 4293 1651 4293 2985 4293 2985 4294 1651 4294 2986 4294 1651 4295 1655 4295 2986 4295 2986 4296 1655 4296 2987 4296 1655 4297 1660 4297 2987 4297 2987 4298 1660 4298 2988 4298 1660 4299 1663 4299 2988 4299 2988 4300 1663 4300 2989 4300 1663 4301 1666 4301 2989 4301 2989 4302 1666 4302 2990 4302 1666 4303 1667 4303 2990 4303 2990 4304 1667 4304 2991 4304 1667 4305 1669 4305 2991 4305 2992 4306 1669 4306 2993 4306 2991 4307 1669 4307 2992 4307 2993 4308 1671 4308 2994 4308 1669 4309 1671 4309 2993 4309 1671 4310 1673 4310 2994 4310 2994 4311 1675 4311 2995 4311 1673 4312 1675 4312 2994 4312 2996 4313 1677 4313 2997 4313 2995 4314 1677 4314 2996 4314 1675 4315 1677 4315 2995 4315 1677 4316 1683 4316 2997 4316 2997 4317 1689 4317 2998 4317 1683 4318 1689 4318 2997 4318 2998 4319 1693 4319 2999 4319 1689 4320 1693 4320 2998 4320 2999 4321 1801 4321 3000 4321 1693 4322 1801 4322 2999 4322 3001 4323 1804 4323 3002 4323 3000 4324 1804 4324 3001 4324 1801 4325 1804 4325 3000 4325 1804 4326 1807 4326 3002 4326 3002 4327 1812 4327 3003 4327 1807 4328 1812 4328 3002 4328 3004 4329 1820 4329 3005 4329 3003 4330 1820 4330 3004 4330 1812 4331 1820 4331 3003 4331 1820 4332 1828 4332 3005 4332 3005 4333 1829 4333 3006 4333 1828 4334 1829 4334 3005 4334 3007 4335 1835 4335 3008 4335 3006 4336 1835 4336 3007 4336 1829 4337 1835 4337 3006 4337 1835 4338 1839 4338 3008 4338 1839 4339 1847 4339 3008 4339 3008 4340 1847 4340 3009 4340 1847 4341 1852 4341 3009 4341 3010 4342 1852 4342 3011 4342 3009 4343 1852 4343 3010 4343 1852 4344 1800 4344 3011 4344 3011 4345 1800 4345 3012 4345 1800 4346 1796 4346 3012 4346 3013 4347 1790 4347 3014 4347 3012 4348 1790 4348 3013 4348 1796 4349 1790 4349 3012 4349 3014 4350 1785 4350 3015 4350 1790 4351 1785 4351 3014 4351 1785 4352 1779 4352 3015 4352 3015 4353 1772 4353 3016 4353 1779 4354 1772 4354 3015 4354 3016 4355 1766 4355 3017 4355 1772 4356 1766 4356 3016 4356 3017 4357 1757 4357 3018 4357 1766 4358 1757 4358 3017 4358 3018 4359 1755 4359 3019 4359 1757 4360 1755 4360 3018 4360 3019 4361 1754 4361 3020 4361 1755 4362 1754 4362 3019 4362 3020 4363 1751 4363 3021 4363 1754 4364 1751 4364 3020 4364 3022 4365 1749 4365 3023 4365 3021 4366 1749 4366 3022 4366 1751 4367 1749 4367 3021 4367 1749 4368 1747 4368 3023 4368 3023 4369 1745 4369 3024 4369 1747 4370 1745 4370 3023 4370 3024 4371 1743 4371 3025 4371 1745 4372 1743 4372 3024 4372 3025 4373 1741 4373 3026 4373 1743 4374 1741 4374 3025 4374 3026 4375 1740 4375 3027 4375 1741 4376 1740 4376 3026 4376 3027 4377 1737 4377 3028 4377 1740 4378 1737 4378 3027 4378 3028 4379 1735 4379 3029 4379 1737 4380 1735 4380 3028 4380 3030 4381 1729 4381 3031 4381 3029 4382 1729 4382 3030 4382 1735 4383 1729 4383 3029 4383 1729 4384 1680 4384 3031 4384 1679 4385 3031 4385 1680 4385 3032 4386 3031 4386 1679 4386 1732 4387 1733 4387 3033 4387 1732 4388 3033 4388 3034 4388 1731 4389 3034 4389 3035 4389 1731 4390 1732 4390 3034 4390 1682 4391 3035 4391 3036 4391 1682 4392 1731 4392 3035 4392 1681 4393 3036 4393 3037 4393 1681 4394 1682 4394 3036 4394 1679 4395 3037 4395 3032 4395 1679 4396 1681 4396 3037 4396 3038 4397 1733 4397 1730 4397 3038 4398 3033 4398 1733 4398 1730 4399 1734 4399 3038 4399 3039 4400 1734 4400 3040 4400 3038 4401 1734 4401 3039 4401 1734 4402 1736 4402 3040 4402 3040 4403 1736 4403 3041 4403 1736 4404 1738 4404 3041 4404 1738 4405 1739 4405 3041 4405 3041 4406 1739 4406 3042 4406 1739 4407 1742 4407 3042 4407 3042 4408 1742 4408 3043 4408 1742 4409 1744 4409 3043 4409 3043 4410 1744 4410 3044 4410 1744 4411 1746 4411 3044 4411 3045 4412 1746 4412 3046 4412 3044 4413 1746 4413 3045 4413 1746 4414 1748 4414 3046 4414 1748 4415 1750 4415 3046 4415 3046 4416 1750 4416 3047 4416 3048 4417 1752 4417 3049 4417 3047 4418 1752 4418 3048 4418 1750 4419 1752 4419 3047 4419 1752 4420 1753 4420 3049 4420 3049 4421 1756 4421 3050 4421 1753 4422 1756 4422 3049 4422 3050 4423 1758 4423 3051 4423 1756 4424 1758 4424 3050 4424 3051 4425 1765 4425 3052 4425 1758 4426 1765 4426 3051 4426 3052 4427 1773 4427 3053 4427 1765 4428 1773 4428 3052 4428 3054 4429 1780 4429 3055 4429 3053 4430 1780 4430 3054 4430 1773 4431 1780 4431 3053 4431 3055 4432 1786 4432 3056 4432 1780 4433 1786 4433 3055 4433 1786 4434 1789 4434 3056 4434 3057 4435 1795 4435 3058 4435 3056 4436 1795 4436 3057 4436 1789 4437 1795 4437 3056 4437 3058 4438 1799 4438 3059 4438 1795 4439 1799 4439 3058 4439 1799 4440 1861 4440 3059 4440 3059 4441 2013 4441 3060 4441 1861 4442 2013 4442 3059 4442 3061 4443 2017 4443 3062 4443 3060 4444 2017 4444 3061 4444 2013 4445 2017 4445 3060 4445 2017 4446 2021 4446 3062 4446 2021 4447 2024 4447 3062 4447 3062 4448 2024 4448 3063 4448 2024 4449 2027 4449 3063 4449 3063 4450 2027 4450 3064 4450 2027 4451 2033 4451 3064 4451 3064 4452 2033 4452 3065 4452 2033 4453 1919 4453 3065 4453 3065 4454 1919 4454 3066 4454 1919 4455 1918 4455 3066 4455 3066 4456 1918 4456 3067 4456 3067 4457 1917 4457 3068 4457 1918 4458 1917 4458 3067 4458 1917 4459 1916 4459 3068 4459 3069 4460 1916 4460 3070 4460 3068 4461 1916 4461 3069 4461 1916 4462 1915 4462 3070 4462 3070 4463 1914 4463 3071 4463 1915 4464 1914 4464 3070 4464 3071 4465 1913 4465 3072 4465 1914 4466 1913 4466 3071 4466 3073 4467 1912 4467 3074 4467 3072 4468 1912 4468 3073 4468 1913 4469 1912 4469 3072 4469 1912 4470 1911 4470 3074 4470 3074 4471 1910 4471 3075 4471 1911 4472 1910 4472 3074 4472 3075 4473 1909 4473 3076 4473 1910 4474 1909 4474 3075 4474 3076 4475 1908 4475 3077 4475 1909 4476 1908 4476 3076 4476 3077 4477 1907 4477 3078 4477 1908 4478 1907 4478 3077 4478 3078 4479 1906 4479 3079 4479 1907 4480 1906 4480 3078 4480 3079 4481 1905 4481 3080 4481 1906 4482 1905 4482 3079 4482 3080 4483 1904 4483 3081 4483 1905 4484 1904 4484 3080 4484 3081 4485 1902 4485 3082 4485 1904 4486 1902 4486 3081 4486 3082 4487 1900 4487 3083 4487 1902 4488 1900 4488 3082 4488 3083 4489 1898 4489 3084 4489 1900 4490 1898 4490 3083 4490 3084 4491 1895 4491 3085 4491 1898 4492 1895 4492 3084 4492 3085 4493 1814 4493 3086 4493 1895 4494 1814 4494 3085 4494 3087 4495 1814 4495 1813 4495 3087 4496 3086 4496 1814 4496 1892 4497 1893 4497 3088 4497 1892 4498 3088 4498 3089 4498 1891 4499 3089 4499 3090 4499 1891 4500 1892 4500 3089 4500 1816 4501 3090 4501 3091 4501 1816 4502 1891 4502 3090 4502 1815 4503 3091 4503 3092 4503 1815 4504 1816 4504 3091 4504 1813 4505 3092 4505 3087 4505 1813 4506 1815 4506 3092 4506 3093 4507 1893 4507 1890 4507 3093 4508 3088 4508 1893 4508 1890 4509 1894 4509 3093 4509 3093 4510 1894 4510 3094 4510 3094 4511 1897 4511 3095 4511 1894 4512 1897 4512 3094 4512 3095 4513 1899 4513 3096 4513 1897 4514 1899 4514 3095 4514 3097 4515 1901 4515 3098 4515 3096 4516 1901 4516 3097 4516 1899 4517 1901 4517 3096 4517 3098 4518 1903 4518 1512 4518 1901 4519 1903 4519 3098 4519 1903 4520 1510 4520 1512 4520 1920 4521 1594 4521 1595 4521 3099 4522 1594 4522 1920 4522 2035 4523 2036 4523 3100 4523 2035 4524 3100 4524 3101 4524 1952 4525 3101 4525 3102 4525 1952 4526 2035 4526 3101 4526 1922 4527 3102 4527 3103 4527 1922 4528 1952 4528 3102 4528 1921 4529 3103 4529 3104 4529 1921 4530 1922 4530 3103 4530 1920 4531 3104 4531 3099 4531 1920 4532 1921 4532 3104 4532 3105 4533 2036 4533 2034 4533 3105 4534 3100 4534 2036 4534 2034 4535 2037 4535 3105 4535 3105 4536 2037 4536 3106 4536 3106 4537 2038 4537 3107 4537 2037 4538 2038 4538 3106 4538 3107 4539 2039 4539 3108 4539 2038 4540 2039 4540 3107 4540 3108 4541 2040 4541 3109 4541 2039 4542 2040 4542 3108 4542 3109 4543 2041 4543 3110 4543 2040 4544 2041 4544 3109 4544 3110 4545 2042 4545 3111 4545 2041 4546 2042 4546 3110 4546 3111 4547 2043 4547 3112 4547 2042 4548 2043 4548 3111 4548 3113 4549 2044 4549 3114 4549 3112 4550 2044 4550 3113 4550 2043 4551 2044 4551 3112 4551 2044 4552 2045 4552 3114 4552 3114 4553 2046 4553 3115 4553 2045 4554 2046 4554 3114 4554 3115 4555 1434 4555 1436 4555 2046 4556 1434 4556 3115 4556 3116 4557 1509 4557 2133 4557 3116 4558 1508 4558 1509 4558 2212 4559 2220 4559 3117 4559 2212 4560 3117 4560 3118 4560 2207 4561 3118 4561 3119 4561 2207 4562 2212 4562 3118 4562 2164 4563 3119 4563 3120 4563 2164 4564 2207 4564 3119 4564 2132 4565 3120 4565 3121 4565 2132 4566 2164 4566 3120 4566 2133 4567 3121 4567 3116 4567 2133 4568 2132 4568 3121 4568 3122 4569 2220 4569 2206 4569 3122 4570 3117 4570 2220 4570 2206 4571 2204 4571 3122 4571 3122 4572 2204 4572 3123 4572 3123 4573 2202 4573 3124 4573 2204 4574 2202 4574 3123 4574 3125 4575 2200 4575 3126 4575 3124 4576 2200 4576 3125 4576 2202 4577 2200 4577 3124 4577 2200 4578 2199 4578 3126 4578 3127 4579 2201 4579 3128 4579 3126 4580 2201 4580 3127 4580 2199 4581 2201 4581 3126 4581 2201 4582 2203 4582 3128 4582 3128 4583 2205 4583 3129 4583 2203 4584 2205 4584 3128 4584 3129 4585 2208 4585 3130 4585 2205 4586 2208 4586 3129 4586 3130 4587 2209 4587 3131 4587 2208 4588 2209 4588 3130 4588 3131 4589 2210 4589 3132 4589 2209 4590 2210 4590 3131 4590 3132 4591 2211 4591 3133 4591 2210 4592 2211 4592 3132 4592 3134 4593 2213 4593 3135 4593 3133 4594 2213 4594 3134 4594 2211 4595 2213 4595 3133 4595 3135 4596 2214 4596 3136 4596 2213 4597 2214 4597 3135 4597 2214 4598 2215 4598 3136 4598 3136 4599 2216 4599 3137 4599 2215 4600 2216 4600 3136 4600 2216 4601 1369 4601 3137 4601 3137 4602 1369 4602 1368 4602 3138 4603 1432 4603 2289 4603 3138 4604 1433 4604 1432 4604 2320 4605 2355 4605 3139 4605 2320 4606 3139 4606 3140 4606 2318 4607 3140 4607 3141 4607 2318 4608 2320 4608 3140 4608 2300 4609 3141 4609 3142 4609 2300 4610 2318 4610 3141 4610 2288 4611 3142 4611 3143 4611 2288 4612 2300 4612 3142 4612 2289 4613 3143 4613 3138 4613 2289 4614 2288 4614 3143 4614 3144 4615 2355 4615 2310 4615 3144 4616 3139 4616 2355 4616 2310 4617 2307 4617 3144 4617 3144 4618 2307 4618 3145 4618 3145 4619 2305 4619 3146 4619 2307 4620 2305 4620 3145 4620 3146 4621 2303 4621 3147 4621 2305 4622 2303 4622 3146 4622 3147 4623 2301 4623 3148 4623 2303 4624 2301 4624 3147 4624 3148 4625 2298 4625 3149 4625 2301 4626 2298 4626 3148 4626 3149 4627 2296 4627 3150 4627 2298 4628 2296 4628 3149 4628 3151 4629 2294 4629 3152 4629 3150 4630 2294 4630 3151 4630 2296 4631 2294 4631 3150 4631 2294 4632 2292 4632 3152 4632 3152 4633 2290 4633 3153 4633 2292 4634 2290 4634 3152 4634 3153 4635 2291 4635 3154 4635 2290 4636 2291 4636 3153 4636 3155 4637 2293 4637 3156 4637 3154 4638 2293 4638 3155 4638 2291 4639 2293 4639 3154 4639 3156 4640 2295 4640 3157 4640 2293 4641 2295 4641 3156 4641 3157 4642 2297 4642 3158 4642 2295 4643 2297 4643 3157 4643 2297 4644 2299 4644 3158 4644 2299 4645 2302 4645 3158 4645 3158 4646 2302 4646 3159 4646 2302 4647 2304 4647 3159 4647 3159 4648 2304 4648 3160 4648 2304 4649 2306 4649 3160 4649 3161 4650 2306 4650 3162 4650 3160 4651 2306 4651 3161 4651 2306 4652 2308 4652 3162 4652 3162 4653 2308 4653 3163 4653 2308 4654 2311 4654 3163 4654 3164 4655 2313 4655 1312 4655 3163 4656 2313 4656 3164 4656 2311 4657 2313 4657 3163 4657 2313 4658 1313 4658 1312 4658 2410 4659 1367 4659 1366 4659 3165 4660 1367 4660 2410 4660 2527 4661 2559 4661 3166 4661 2527 4662 3166 4662 3167 4662 2476 4663 3167 4663 3168 4663 2476 4664 2527 4664 3167 4664 2457 4665 3168 4665 3169 4665 2457 4666 2476 4666 3168 4666 2409 4667 3169 4667 3170 4667 2409 4668 2457 4668 3169 4668 2410 4669 3170 4669 3165 4669 2410 4670 2409 4670 3170 4670 3171 4671 2559 4671 2407 4671 3171 4672 3166 4672 2559 4672 2407 4673 2406 4673 3171 4673 3171 4674 2406 4674 3172 4674 3172 4675 2404 4675 3173 4675 2406 4676 2404 4676 3172 4676 3173 4677 2403 4677 3174 4677 2404 4678 2403 4678 3173 4678 3174 4679 2401 4679 3175 4679 2403 4680 2401 4680 3174 4680 3176 4681 2399 4681 3177 4681 3175 4682 2399 4682 3176 4682 2401 4683 2399 4683 3175 4683 3177 4684 2397 4684 3178 4684 2399 4685 2397 4685 3177 4685 2397 4686 2395 4686 3178 4686 3178 4687 2393 4687 3179 4687 2395 4688 2393 4688 3178 4688 3179 4689 2391 4689 3180 4689 2393 4690 2391 4690 3179 4690 3180 4691 2389 4691 3181 4691 2391 4692 2389 4692 3180 4692 3181 4693 2387 4693 3182 4693 2389 4694 2387 4694 3181 4694 2387 4695 2385 4695 3182 4695 3182 4696 2385 4696 3183 4696 2385 4697 2383 4697 3183 4697 3183 4698 2383 4698 3184 4698 2383 4699 2380 4699 3184 4699 3184 4700 2380 4700 3185 4700 2380 4701 2381 4701 3185 4701 3185 4702 2381 4702 3186 4702 2381 4703 2382 4703 3186 4703 3186 4704 2382 4704 3187 4704 2382 4705 2384 4705 3187 4705 3187 4706 2384 4706 3188 4706 2384 4707 2386 4707 3188 4707 3188 4708 2386 4708 3189 4708 3189 4709 2388 4709 3190 4709 2386 4710 2388 4710 3189 4710 3191 4711 2390 4711 3192 4711 3190 4712 2390 4712 3191 4712 2388 4713 2390 4713 3190 4713 2390 4714 2392 4714 3192 4714 3192 4715 2394 4715 3193 4715 2392 4716 2394 4716 3192 4716 3193 4717 2396 4717 3194 4717 2394 4718 2396 4718 3193 4718 3194 4719 2398 4719 3195 4719 2396 4720 2398 4720 3194 4720 3195 4721 2400 4721 3196 4721 2398 4722 2400 4722 3195 4722 3196 4723 2402 4723 3197 4723 2400 4724 2402 4724 3196 4724 3197 4725 1268 4725 1270 4725 2402 4726 1268 4726 3197 4726 2584 4727 1311 4727 1310 4727 3198 4728 1311 4728 2584 4728 2587 4729 2588 4729 3199 4729 2587 4730 3199 4730 3200 4730 2586 4731 3200 4731 3201 4731 2586 4732 2587 4732 3200 4732 2585 4733 3201 4733 3202 4733 2585 4734 2586 4734 3201 4734 2583 4735 3202 4735 3203 4735 2583 4736 2585 4736 3202 4736 2584 4737 3203 4737 3198 4737 2584 4738 2583 4738 3203 4738 3204 4739 2588 4739 2554 4739 3204 4740 3199 4740 2588 4740 2554 4741 2551 4741 3204 4741 3204 4742 2551 4742 3205 4742 3205 4743 2547 4743 3206 4743 2551 4744 2547 4744 3205 4744 3207 4745 2540 4745 3208 4745 3206 4746 2540 4746 3207 4746 2547 4747 2540 4747 3206 4747 2540 4748 2533 4748 3208 4748 3208 4749 2526 4749 3209 4749 2533 4750 2526 4750 3208 4750 3209 4751 2514 4751 3210 4751 2526 4752 2514 4752 3209 4752 3211 4753 2498 4753 3212 4753 3210 4754 2498 4754 3211 4754 2514 4755 2498 4755 3210 4755 2498 4756 2496 4756 3212 4756 2496 4757 2493 4757 3212 4757 3213 4758 2493 4758 3214 4758 3212 4759 2493 4759 3213 4759 2493 4760 2490 4760 3214 4760 2490 4761 2487 4761 3214 4761 3214 4762 2487 4762 3215 4762 2487 4763 2485 4763 3215 4763 3216 4764 2485 4764 3217 4764 3215 4765 2485 4765 3216 4765 2485 4766 2483 4766 3217 4766 2483 4767 2481 4767 3217 4767 3217 4768 2481 4768 3218 4768 2481 4769 2479 4769 3218 4769 3218 4770 2479 4770 3219 4770 2479 4771 2477 4771 3219 4771 3219 4772 2477 4772 3220 4772 2477 4773 2474 4773 3220 4773 3220 4774 2474 4774 3221 4774 2474 4775 2472 4775 3221 4775 3222 4776 2472 4776 3223 4776 3221 4777 2472 4777 3222 4777 2472 4778 2470 4778 3223 4778 3224 4779 2469 4779 3225 4779 3223 4780 2469 4780 3224 4780 2470 4781 2469 4781 3223 4781 2469 4782 2471 4782 3225 4782 3226 4783 2473 4783 3227 4783 3225 4784 2473 4784 3226 4784 2471 4785 2473 4785 3225 4785 2473 4786 2475 4786 3227 4786 3227 4787 2478 4787 3228 4787 2475 4788 2478 4788 3227 4788 3229 4789 2480 4789 3230 4789 3228 4790 2480 4790 3229 4790 2478 4791 2480 4791 3228 4791 2480 4792 2482 4792 3230 4792 3231 4793 2484 4793 3232 4793 3230 4794 2484 4794 3231 4794 2482 4795 2484 4795 3230 4795 2484 4796 2486 4796 3232 4796 3232 4797 2489 4797 3233 4797 2486 4798 2489 4798 3232 4798 3234 4799 2492 4799 3235 4799 3233 4800 2492 4800 3234 4800 2489 4801 2492 4801 3233 4801 2492 4802 2494 4802 3235 4802 3235 4803 1234 4803 1236 4803 2494 4804 1234 4804 3235 4804 3236 4805 1267 4805 2596 4805 3236 4806 1266 4806 1267 4806 2600 4807 3237 4807 3238 4807 2599 4808 2600 4808 3238 4808 2598 4809 3238 4809 3239 4809 2598 4810 2599 4810 3238 4810 2597 4811 3239 4811 3240 4811 2597 4812 2598 4812 3239 4812 2595 4813 3240 4813 3241 4813 2595 4814 2597 4814 3240 4814 2596 4815 3241 4815 3236 4815 2596 4816 2595 4816 3241 4816 3242 4817 2600 4817 2579 4817 3242 4818 3237 4818 2600 4818 2579 4819 2578 4819 3242 4819 3242 4820 2578 4820 3243 4820 3244 4821 2577 4821 3245 4821 3243 4822 2577 4822 3244 4822 2578 4823 2577 4823 3243 4823 2577 4824 2575 4824 3245 4824 3245 4825 2573 4825 3246 4825 2575 4826 2573 4826 3245 4826 3246 4827 2571 4827 3247 4827 2573 4828 2571 4828 3246 4828 3247 4829 2569 4829 3248 4829 2571 4830 2569 4830 3247 4830 2569 4831 2567 4831 3248 4831 3248 4832 2567 4832 3249 4832 2567 4833 2565 4833 3249 4833 3249 4834 2565 4834 3250 4834 2565 4835 2561 4835 3250 4835 3250 4836 2561 4836 3251 4836 2561 4837 2558 4837 3251 4837 3251 4838 2558 4838 3252 4838 2558 4839 2556 4839 3252 4839 3252 4840 2556 4840 3253 4840 2556 4841 2553 4841 3253 4841 3254 4842 2553 4842 3255 4842 3253 4843 2553 4843 3254 4843 2553 4844 2550 4844 3255 4844 2550 4845 2548 4845 3255 4845 3256 4846 2548 4846 3257 4846 3255 4847 2548 4847 3256 4847 2548 4848 2543 4848 3257 4848 3257 4849 2543 4849 3258 4849 2543 4850 2538 4850 3258 4850 2538 4851 2534 4851 3258 4851 3259 4852 2534 4852 3260 4852 3258 4853 2534 4853 3259 4853 2534 4854 2529 4854 3260 4854 3260 4855 2524 4855 3261 4855 2529 4856 2524 4856 3260 4856 3261 4857 2521 4857 3262 4857 2524 4858 2521 4858 3261 4858 3262 4859 2517 4859 3263 4859 2521 4860 2517 4860 3262 4860 3263 4861 2512 4861 3264 4861 2517 4862 2512 4862 3263 4862 3265 4863 2508 4863 3266 4863 3264 4864 2508 4864 3265 4864 2512 4865 2508 4865 3264 4865 2508 4866 2505 4866 3266 4866 3266 4867 2501 4867 3267 4867 2505 4868 2501 4868 3266 4868 3267 4869 2503 4869 3268 4869 2501 4870 2503 4870 3267 4870 3269 4871 2507 4871 3270 4871 3268 4872 2507 4872 3269 4872 2503 4873 2507 4873 3268 4873 2507 4874 2510 4874 3270 4874 3270 4875 2515 4875 3271 4875 2510 4876 2515 4876 3270 4876 3272 4877 2519 4877 3273 4877 3271 4878 2519 4878 3272 4878 2515 4879 2519 4879 3271 4879 2519 4880 2522 4880 3273 4880 2522 4881 2528 4881 3273 4881 3273 4882 2528 4882 3274 4882 2528 4883 2532 4883 3274 4883 3274 4884 2532 4884 3275 4884 2532 4885 2537 4885 3275 4885 3275 4886 2537 4886 3276 4886 2537 4887 2541 4887 3276 4887 3276 4888 2541 4888 3277 4888 2541 4889 2545 4889 3277 4889 3278 4890 2545 4890 1210 4890 3277 4891 2545 4891 3278 4891 2545 4892 1211 4892 1210 4892 3279 4893 1232 4893 2594 4893 3279 4894 1233 4894 1232 4894 2589 4895 3280 4895 3281 4895 2590 4896 2589 4896 3281 4896 2591 4897 3281 4897 3282 4897 2591 4898 2590 4898 3281 4898 2592 4899 3283 4899 3284 4899 2592 4900 3282 4900 3283 4900 2592 4901 2591 4901 3282 4901 2593 4902 2592 4902 3284 4902 2594 4903 3284 4903 3279 4903 2594 4904 2593 4904 3284 4904 3285 4905 2589 4905 2574 4905 3285 4906 3280 4906 2589 4906 2574 4907 2572 4907 3285 4907 3285 4908 2572 4908 3286 4908 3286 4909 2570 4909 3287 4909 2572 4910 2570 4910 3286 4910 2570 4911 2568 4911 3287 4911 3287 4912 2568 4912 3288 4912 2568 4913 2566 4913 3288 4913 3288 4914 2566 4914 3289 4914 2566 4915 2564 4915 3289 4915 3289 4916 2564 4916 3290 4916 2564 4917 2560 4917 3290 4917 3290 4918 2560 4918 3291 4918 2560 4919 2557 4919 3291 4919 3291 4920 2557 4920 3292 4920 2557 4921 2555 4921 3292 4921 3293 4922 2555 4922 3294 4922 3292 4923 2555 4923 3293 4923 2555 4924 2552 4924 3294 4924 2552 4925 2549 4925 3294 4925 3294 4926 2549 4926 3295 4926 2549 4927 2546 4927 3295 4927 3295 4928 2546 4928 3296 4928 2546 4929 2542 4929 3296 4929 3296 4930 2542 4930 3297 4930 2542 4931 2536 4931 3297 4931 3297 4932 2536 4932 3298 4932 2536 4933 2531 4933 3298 4933 3298 4934 2531 4934 3299 4934 2531 4935 2466 4935 3299 4935 3299 4936 2466 4936 3300 4936 2466 4937 2463 4937 3300 4937 3300 4938 2463 4938 3301 4938 2463 4939 2461 4939 3301 4939 3301 4940 2461 4940 3302 4940 2461 4941 2458 4941 3302 4941 3302 4942 2458 4942 3303 4942 3303 4943 2454 4943 3304 4943 2458 4944 2454 4944 3303 4944 2454 4945 2450 4945 3304 4945 3304 4946 2450 4946 3305 4946 3305 4947 2446 4947 3306 4947 2450 4948 2446 4948 3305 4948 3306 4949 2442 4949 3307 4949 2446 4950 2442 4950 3306 4950 3307 4951 2438 4951 3308 4951 2442 4952 2438 4952 3307 4952 3309 4953 2435 4953 3310 4953 3308 4954 2435 4954 3309 4954 2438 4955 2435 4955 3308 4955 2435 4956 2431 4956 3310 4956 3310 4957 2427 4957 3311 4957 2431 4958 2427 4958 3310 4958 3311 4959 2423 4959 3312 4959 2427 4960 2423 4960 3311 4960 2423 4961 2420 4961 3312 4961 3312 4962 2420 4962 3313 4962 2420 4963 2416 4963 3313 4963 3313 4964 2416 4964 3314 4964 2416 4965 2412 4965 3314 4965 3314 4966 2412 4966 3315 4966 2412 4967 2415 4967 3315 4967 3315 4968 2415 4968 3316 4968 2415 4969 2419 4969 3316 4969 3316 4970 2419 4970 3317 4970 2419 4971 2422 4971 3317 4971 3317 4972 2422 4972 3318 4972 2422 4973 2426 4973 3318 4973 3318 4974 2426 4974 3319 4974 2426 4975 2430 4975 3319 4975 3319 4976 2430 4976 3320 4976 2430 4977 2434 4977 3320 4977 3320 4978 2434 4978 3321 4978 2434 4979 2437 4979 3321 4979 3321 4980 2437 4980 3322 4980 2437 4981 2441 4981 3322 4981 3323 4982 2441 4982 3324 4982 3322 4983 2441 4983 3323 4983 3324 4984 2445 4984 3325 4984 2441 4985 2445 4985 3324 4985 3325 4986 2449 4986 3326 4986 2445 4987 2449 4987 3325 4987 2449 4988 2452 4988 3326 4988 3326 4989 1196 4989 1198 4989 2452 4990 1196 4990 3326 4990 3327 4991 1209 4991 2582 4991 3327 4992 1208 4992 1209 4992 2562 4993 3328 4993 3329 4993 2563 4994 2562 4994 3329 4994 2576 4995 3329 4995 3330 4995 2576 4996 2563 4996 3329 4996 2580 4997 3330 4997 3331 4997 2580 4998 2576 4998 3330 4998 2581 4999 3331 4999 3332 4999 2581 5000 2580 5000 3331 5000 2582 5001 3332 5001 3327 5001 2582 5002 2581 5002 3332 5002 3333 5003 2562 5003 2468 5003 3333 5004 3328 5004 2562 5004 2468 5005 2467 5005 3333 5005 3333 5006 2467 5006 3334 5006 2467 5007 2465 5007 3334 5007 3334 5008 2465 5008 3335 5008 2465 5009 2462 5009 3335 5009 3335 5010 2462 5010 3336 5010 2462 5011 2460 5011 3336 5011 3336 5012 2460 5012 3337 5012 2460 5013 2456 5013 3337 5013 3338 5014 2456 5014 3339 5014 3337 5015 2456 5015 3338 5015 2456 5016 2453 5016 3339 5016 2453 5017 2448 5017 3339 5017 3340 5018 2448 5018 3341 5018 3339 5019 2448 5019 3340 5019 2448 5020 2444 5020 3341 5020 2444 5021 2440 5021 3341 5021 3341 5022 2440 5022 3342 5022 3342 5023 2436 5023 3343 5023 2440 5024 2436 5024 3342 5024 3343 5025 2433 5025 3344 5025 2436 5026 2433 5026 3343 5026 3344 5027 2429 5027 3345 5027 2433 5028 2429 5028 3344 5028 3345 5029 2425 5029 3346 5029 2429 5030 2425 5030 3345 5030 3346 5031 2421 5031 3347 5031 2425 5032 2421 5032 3346 5032 3348 5033 2418 5033 3349 5033 3347 5034 2418 5034 3348 5034 2421 5035 2418 5035 3347 5035 2418 5036 2414 5036 3349 5036 3349 5037 2411 5037 3350 5037 2414 5038 2411 5038 3349 5038 3350 5039 2413 5039 3351 5039 2411 5040 2413 5040 3350 5040 3351 5041 2417 5041 3352 5041 2413 5042 2417 5042 3351 5042 3352 5043 2376 5043 3353 5043 2417 5044 2376 5044 3352 5044 3353 5045 2375 5045 3354 5045 2376 5046 2375 5046 3353 5046 3354 5047 2374 5047 3355 5047 2375 5048 2374 5048 3354 5048 3355 5049 2373 5049 3356 5049 2374 5050 2373 5050 3355 5050 3356 5051 2372 5051 3357 5051 2373 5052 2372 5052 3356 5052 2372 5053 2370 5053 3357 5053 3357 5054 2370 5054 3358 5054 2370 5055 2368 5055 3358 5055 3359 5056 2368 5056 3360 5056 3358 5057 2368 5057 3359 5057 2368 5058 2364 5058 3360 5058 2364 5059 2358 5059 3360 5059 3360 5060 2358 5060 3361 5060 2358 5061 2352 5061 3361 5061 3361 5062 2352 5062 3362 5062 3362 5063 2350 5063 3363 5063 2352 5064 2350 5064 3362 5064 2350 5065 2346 5065 3363 5065 3363 5066 2346 5066 3364 5066 3364 5067 2343 5067 3365 5067 2346 5068 2343 5068 3364 5068 3365 5069 2338 5069 3366 5069 2343 5070 2338 5070 3365 5070 3367 5071 2333 5071 3368 5071 3366 5072 2333 5072 3367 5072 2338 5073 2333 5073 3366 5073 2333 5074 2330 5074 3368 5074 3369 5075 2327 5075 3370 5075 3368 5076 2327 5076 3369 5076 2330 5077 2327 5077 3368 5077 2327 5078 2326 5078 3370 5078 3370 5079 2332 5079 3371 5079 2326 5080 2332 5080 3370 5080 3371 5081 2336 5081 3372 5081 2332 5082 2336 5082 3371 5082 3372 5083 2341 5083 3373 5083 2336 5084 2341 5084 3372 5084 3373 5085 2345 5085 3374 5085 2341 5086 2345 5086 3373 5086 3374 5087 2348 5087 3375 5087 2345 5088 2348 5088 3374 5088 3375 5089 2354 5089 3376 5089 2348 5090 2354 5090 3375 5090 3376 5091 2356 5091 3377 5091 2354 5092 2356 5092 3376 5092 3377 5093 2363 5093 3378 5093 2356 5094 2363 5094 3377 5094 3378 5095 2365 5095 3379 5095 2363 5096 2365 5096 3378 5096 3379 5097 2369 5097 3380 5097 2365 5098 2369 5098 3379 5098 3380 5099 2371 5099 3381 5099 2369 5100 2371 5100 3380 5100 2408 5101 3382 5101 3381 5101 2408 5102 3381 5102 2371 5102 2359 5103 3383 5103 3384 5103 2360 5104 2359 5104 3384 5104 2378 5105 3384 5105 3385 5105 2378 5106 2360 5106 3384 5106 2379 5107 3385 5107 3386 5107 2379 5108 2378 5108 3385 5108 2405 5109 3386 5109 3387 5109 2405 5110 2379 5110 3386 5110 2408 5111 3387 5111 3382 5111 2408 5112 2405 5112 3387 5112 1194 5113 1195 5113 3388 5113 3388 5114 3389 5114 3390 5114 1195 5115 3389 5115 3388 5115 3390 5116 3391 5116 3392 5116 3389 5117 3391 5117 3390 5117 3392 5118 3393 5118 3394 5118 3391 5119 3393 5119 3392 5119 3394 5120 3395 5120 3396 5120 3393 5121 3395 5121 3394 5121 3396 5122 3397 5122 3398 5122 3395 5123 3397 5123 3396 5123 3398 5124 3399 5124 3400 5124 3397 5125 3399 5125 3398 5125 3400 5126 3401 5126 3402 5126 3399 5127 3401 5127 3400 5127 3402 5128 3403 5128 3404 5128 3401 5129 3403 5129 3402 5129 3404 5130 3405 5130 3406 5130 3403 5131 3405 5131 3404 5131 3406 5132 3407 5132 3408 5132 3405 5133 3407 5133 3406 5133 3408 5134 3409 5134 3410 5134 3407 5135 3409 5135 3408 5135 3410 5136 3411 5136 3412 5136 3409 5137 3411 5137 3410 5137 3411 5138 3413 5138 3412 5138 3414 5139 3415 5139 3416 5139 3412 5140 3415 5140 3414 5140 3413 5141 3415 5141 3412 5141 3416 5142 3417 5142 3418 5142 3415 5143 3417 5143 3416 5143 3417 5144 3419 5144 3418 5144 3419 5145 3420 5145 3418 5145 3418 5146 3420 5146 3421 5146 3420 5147 3422 5147 3421 5147 3421 5148 3422 5148 3423 5148 3423 5149 3424 5149 3425 5149 3422 5150 3424 5150 3423 5150 3424 5151 3426 5151 3425 5151 3425 5152 3426 5152 3427 5152 3427 5153 3428 5153 3429 5153 3426 5154 3428 5154 3427 5154 3428 5155 3430 5155 3429 5155 3429 5156 3430 5156 3431 5156 3431 5157 3432 5157 3433 5157 3430 5158 3432 5158 3431 5158 3433 5159 3434 5159 3435 5159 3432 5160 3434 5160 3433 5160 3435 5161 3436 5161 3437 5161 3434 5162 3436 5162 3435 5162 3437 5163 3438 5163 3439 5163 3436 5164 3438 5164 3437 5164 3439 5165 3440 5165 3441 5165 3438 5166 3440 5166 3439 5166 3440 5167 3442 5167 3441 5167 3443 5168 3442 5168 3444 5168 3441 5169 3442 5169 3443 5169 3442 5170 3445 5170 3444 5170 3445 5171 3446 5171 3444 5171 3444 5172 3446 5172 3447 5172 3446 5173 3448 5173 3447 5173 3447 5174 3448 5174 3449 5174 3448 5175 3450 5175 3449 5175 3449 5176 3450 5176 3451 5176 3450 5177 3452 5177 3451 5177 3451 5178 3452 5178 3453 5178 3452 5179 3454 5179 3453 5179 3453 5180 3454 5180 3455 5180 3454 5181 3456 5181 3455 5181 3455 5182 3456 5182 3457 5182 3456 5183 3458 5183 3457 5183 3459 5184 3458 5184 3460 5184 3457 5185 3458 5185 3459 5185 3458 5186 3461 5186 3460 5186 3461 5187 3462 5187 3460 5187 3460 5188 3462 5188 3463 5188 3463 5189 3464 5189 3465 5189 3462 5190 3464 5190 3463 5190 3465 5191 3466 5191 3467 5191 3464 5192 3466 5192 3465 5192 3466 5193 3468 5193 3467 5193 3469 5194 3468 5194 3470 5194 3467 5195 3468 5195 3469 5195 3470 5196 3471 5196 3472 5196 3468 5197 3471 5197 3470 5197 3471 5198 3473 5198 3472 5198 3473 5199 3474 5199 3472 5199 3472 5200 3474 5200 3475 5200 3474 5201 3476 5201 3475 5201 3475 5202 3476 5202 3477 5202 3476 5203 3478 5203 3477 5203 3477 5204 3478 5204 3479 5204 3478 5205 3480 5205 3479 5205 3481 5206 3480 5206 3482 5206 3479 5207 3480 5207 3481 5207 3480 5208 3483 5208 3482 5208 3483 5209 3484 5209 3482 5209 3482 5210 3484 5210 3485 5210 3484 5211 3486 5211 3485 5211 3485 5212 3486 5212 3487 5212 3486 5213 3488 5213 3487 5213 3489 5214 3488 5214 3490 5214 3487 5215 3488 5215 3489 5215 3488 5216 3491 5216 3490 5216 3490 5217 3491 5217 3492 5217 3491 5218 3493 5218 3492 5218 3493 5219 3494 5219 3492 5219 3492 5220 3494 5220 3495 5220 3494 5221 3496 5221 3495 5221 3495 5222 3496 5222 3497 5222 3496 5223 3498 5223 3497 5223 3497 5224 3498 5224 3499 5224 3498 5225 3500 5225 3499 5225 3501 5226 3500 5226 3502 5226 3499 5227 3500 5227 3501 5227 3500 5228 3503 5228 3502 5228 3502 5229 3503 5229 3504 5229 3503 5230 3505 5230 3504 5230 3504 5231 3506 5231 3507 5231 3505 5232 3506 5232 3504 5232 3507 5233 3508 5233 3509 5233 3506 5234 3508 5234 3507 5234 3509 5235 3510 5235 3511 5235 3508 5236 3510 5236 3509 5236 3511 5237 1069 5237 1068 5237 3510 5238 1069 5238 3511 5238 2601 5239 2359 5239 2361 5239 2601 5240 3383 5240 2359 5240 2928 5241 2925 5241 2924 5241 2928 5242 2924 5242 2923 5242 2976 5243 2977 5243 2982 5243 2976 5244 2982 5244 2981 5244 2921 5245 2922 5245 2927 5245 2921 5246 2927 5246 2926 5246 2921 5247 2926 5247 2925 5247 2921 5248 2925 5248 2928 5248 2921 5249 2928 5249 2929 5249 2920 5250 2921 5250 2929 5250 2919 5251 2920 5251 2929 5251 2919 5252 2929 5252 2930 5252 2918 5253 2930 5253 2931 5253 2918 5254 2919 5254 2930 5254 2917 5255 2918 5255 2931 5255 2917 5256 2931 5256 2932 5256 2916 5257 2932 5257 2933 5257 2916 5258 2917 5258 2932 5258 2915 5259 2933 5259 2934 5259 2915 5260 2916 5260 2933 5260 2914 5261 2915 5261 2934 5261 2914 5262 2934 5262 2935 5262 2873 5263 2871 5263 2870 5263 2873 5264 2870 5264 2869 5264 2873 5265 2869 5265 2868 5265 2913 5266 2914 5266 2935 5266 2913 5267 2935 5267 2936 5267 2983 5268 2975 5268 2976 5268 2983 5269 2976 5269 2981 5269 2983 5270 2981 5270 2980 5270 2983 5271 2980 5271 2979 5271 2983 5272 2979 5272 2978 5272 2912 5273 2913 5273 2936 5273 2912 5274 2936 5274 2937 5274 2984 5275 2975 5275 2983 5275 2911 5276 2912 5276 2937 5276 2911 5277 2937 5277 2938 5277 2985 5278 2975 5278 2984 5278 2985 5279 2974 5279 2975 5279 2910 5280 2911 5280 2938 5280 2910 5281 2938 5281 2939 5281 2986 5282 2973 5282 2974 5282 2986 5283 2974 5283 2985 5283 2909 5284 2910 5284 2939 5284 2909 5285 2939 5285 2940 5285 2987 5286 2972 5286 2973 5286 2987 5287 2973 5287 2986 5287 2988 5288 2971 5288 2972 5288 2988 5289 2972 5289 2987 5289 2989 5290 2970 5290 2971 5290 2989 5291 2971 5291 2988 5291 2990 5292 2969 5292 2970 5292 2990 5293 2970 5293 2989 5293 2991 5294 2968 5294 2969 5294 2991 5295 2969 5295 2990 5295 2992 5296 2968 5296 2991 5296 2992 5297 2967 5297 2968 5297 2993 5298 2966 5298 2967 5298 2993 5299 2967 5299 2992 5299 2994 5300 2965 5300 2966 5300 2994 5301 2966 5301 2993 5301 2995 5302 2964 5302 2965 5302 2995 5303 2965 5303 2994 5303 2996 5304 2964 5304 2995 5304 2996 5305 2963 5305 2964 5305 3031 5306 3032 5306 3037 5306 3031 5307 3037 5307 3036 5307 2997 5308 2962 5308 2963 5308 2997 5309 2963 5309 2996 5309 2866 5310 2873 5310 2874 5310 2866 5311 2871 5311 2873 5311 2866 5312 2867 5312 2872 5312 2866 5313 2872 5313 2871 5313 2865 5314 2866 5314 2874 5314 2865 5315 2874 5315 2875 5315 2864 5316 2875 5316 2876 5316 2864 5317 2865 5317 2875 5317 2863 5318 2876 5318 2877 5318 2863 5319 2864 5319 2876 5319 2862 5320 2863 5320 2877 5320 2861 5321 2878 5321 2879 5321 2861 5322 2877 5322 2878 5322 2861 5323 2862 5323 2877 5323 2860 5324 2861 5324 2879 5324 2859 5325 2880 5325 2881 5325 2859 5326 2879 5326 2880 5326 2859 5327 2860 5327 2879 5327 2858 5328 2859 5328 2881 5328 2857 5329 2882 5329 2883 5329 2857 5330 2881 5330 2882 5330 2857 5331 2858 5331 2881 5331 2856 5332 2857 5332 2883 5332 2855 5333 2884 5333 2885 5333 2855 5334 2883 5334 2884 5334 2855 5335 2856 5335 2883 5335 2854 5336 2885 5336 2886 5336 2854 5337 2855 5337 2885 5337 2853 5338 2854 5338 2886 5338 2852 5339 2887 5339 2888 5339 2852 5340 2886 5340 2887 5340 2852 5341 2853 5341 2886 5341 2851 5342 2888 5342 2889 5342 2851 5343 2852 5343 2888 5343 2850 5344 2889 5344 2890 5344 2850 5345 2851 5345 2889 5345 2849 5346 2850 5346 2890 5346 2818 5347 1603 5347 1601 5347 2818 5348 1601 5348 1598 5348 2818 5349 1598 5349 1597 5349 3038 5350 3036 5350 3035 5350 3038 5351 3035 5351 3034 5351 3038 5352 3034 5352 3033 5352 3038 5353 3030 5353 3031 5353 3038 5354 3031 5354 3036 5354 3039 5355 3030 5355 3038 5355 3040 5356 3030 5356 3039 5356 3040 5357 3029 5357 3030 5357 3041 5358 3029 5358 3040 5358 3041 5359 3028 5359 3029 5359 3042 5360 3028 5360 3041 5360 3042 5361 3027 5361 3028 5361 3043 5362 3027 5362 3042 5362 3043 5363 3026 5363 3027 5363 892 5364 2945 5364 2946 5364 886 5365 2945 5365 892 5365 893 5366 892 5366 2946 5366 893 5367 2946 5367 2947 5367 885 5368 2945 5368 886 5368 885 5369 2944 5369 2945 5369 898 5370 2947 5370 2948 5370 898 5371 893 5371 2947 5371 880 5372 2944 5372 885 5372 880 5373 2943 5373 2944 5373 899 5374 2948 5374 2949 5374 899 5375 898 5375 2948 5375 878 5376 2943 5376 880 5376 878 5377 2942 5377 2943 5377 904 5378 2949 5378 2950 5378 904 5379 899 5379 2949 5379 3044 5380 3026 5380 3043 5380 3044 5381 3025 5381 3026 5381 874 5382 2942 5382 878 5382 874 5383 2941 5383 2942 5383 905 5384 2950 5384 2951 5384 905 5385 904 5385 2950 5385 872 5386 2940 5386 2941 5386 872 5387 2941 5387 874 5387 910 5388 2951 5388 2952 5388 910 5389 905 5389 2951 5389 868 5390 2909 5390 2940 5390 868 5391 2940 5391 872 5391 868 5392 2908 5392 2909 5392 911 5393 910 5393 2952 5393 3045 5394 3025 5394 3044 5394 3045 5395 3024 5395 3025 5395 866 5396 2908 5396 868 5396 866 5397 2907 5397 2908 5397 916 5398 911 5398 2952 5398 916 5399 2952 5399 2953 5399 862 5400 2907 5400 866 5400 862 5401 2906 5401 2907 5401 917 5402 916 5402 2953 5402 917 5403 2953 5403 2954 5403 861 5404 2906 5404 862 5404 3046 5405 3024 5405 3045 5405 3046 5406 3023 5406 3024 5406 923 5407 917 5407 2954 5407 923 5408 2954 5408 2955 5408 856 5409 2906 5409 861 5409 856 5410 2905 5410 2906 5410 924 5411 923 5411 2955 5411 924 5412 2955 5412 2956 5412 3047 5413 3023 5413 3046 5413 3047 5414 3022 5414 3023 5414 855 5415 2905 5415 856 5415 855 5416 2904 5416 2905 5416 929 5417 924 5417 2956 5417 929 5418 2956 5418 2957 5418 849 5419 2904 5419 855 5419 849 5420 2903 5420 2904 5420 930 5421 929 5421 2957 5421 930 5422 2957 5422 2958 5422 3048 5423 3021 5423 3022 5423 3048 5424 3022 5424 3047 5424 848 5425 2903 5425 849 5425 848 5426 2902 5426 2903 5426 935 5427 930 5427 2958 5427 935 5428 2958 5428 2959 5428 846 5429 2902 5429 848 5429 846 5430 2901 5430 2902 5430 3049 5431 3021 5431 3048 5431 3049 5432 3020 5432 3021 5432 936 5433 935 5433 2959 5433 840 5434 2901 5434 846 5434 840 5435 2900 5435 2901 5435 941 5436 2959 5436 2960 5436 941 5437 936 5437 2959 5437 3050 5438 3020 5438 3049 5438 3050 5439 3019 5439 3020 5439 3512 5440 2900 5440 840 5440 3512 5441 2899 5441 2900 5441 946 5442 2960 5442 2961 5442 946 5443 941 5443 2960 5443 3051 5444 3019 5444 3050 5444 3051 5445 3018 5445 3019 5445 3513 5446 2899 5446 3512 5446 947 5447 2997 5447 2998 5447 947 5448 2961 5448 2962 5448 947 5449 946 5449 2961 5449 947 5450 2962 5450 2997 5450 3514 5451 2899 5451 3513 5451 3514 5452 2898 5452 2899 5452 3052 5453 3018 5453 3051 5453 3052 5454 3017 5454 3018 5454 953 5455 947 5455 2998 5455 3515 5456 2898 5456 3514 5456 3515 5457 2897 5457 2898 5457 3053 5458 3017 5458 3052 5458 3053 5459 3016 5459 3017 5459 954 5460 2998 5460 2999 5460 954 5461 953 5461 2998 5461 3516 5462 2897 5462 3515 5462 3516 5463 2896 5463 2897 5463 3054 5464 3016 5464 3053 5464 3054 5465 3015 5465 3016 5465 958 5466 2999 5466 3000 5466 958 5467 954 5467 2999 5467 3517 5468 2896 5468 3516 5468 3517 5469 2895 5469 2896 5469 3055 5470 3015 5470 3054 5470 3055 5471 3014 5471 3015 5471 960 5472 3000 5472 3001 5472 960 5473 958 5473 3000 5473 3518 5474 2894 5474 2895 5474 3518 5475 2895 5475 3517 5475 3056 5476 3013 5476 3014 5476 3056 5477 3014 5477 3055 5477 964 5478 3001 5478 3002 5478 964 5479 960 5479 3001 5479 3519 5480 2893 5480 2894 5480 3519 5481 2894 5481 3518 5481 3057 5482 3012 5482 3013 5482 3057 5483 3013 5483 3056 5483 966 5484 3002 5484 3003 5484 966 5485 964 5485 3002 5485 3520 5486 2893 5486 3519 5486 970 5487 966 5487 3003 5487 3521 5488 2892 5488 2893 5488 3521 5489 2893 5489 3520 5489 972 5490 3003 5490 3004 5490 972 5491 970 5491 3003 5491 3522 5492 2891 5492 2892 5492 3522 5493 2892 5493 3521 5493 976 5494 3004 5494 3005 5494 976 5495 972 5495 3004 5495 3523 5496 2890 5496 2891 5496 3523 5497 2891 5497 3522 5497 978 5498 3005 5498 3006 5498 978 5499 976 5499 3005 5499 3086 5500 3087 5500 3092 5500 3086 5501 3092 5501 3091 5501 3524 5502 2848 5502 2849 5502 3524 5503 2849 5503 2890 5503 3524 5504 2890 5504 3523 5504 983 5505 3006 5505 3007 5505 983 5506 978 5506 3006 5506 2814 5507 2815 5507 2817 5507 2814 5508 2817 5508 2816 5508 2814 5509 2816 5509 1603 5509 2814 5510 1603 5510 2818 5510 3525 5511 2848 5511 3524 5511 2813 5512 2814 5512 2818 5512 2813 5513 2818 5513 2819 5513 984 5514 3007 5514 3008 5514 984 5515 983 5515 3007 5515 2812 5516 2813 5516 2819 5516 2812 5517 2820 5517 2821 5517 2812 5518 2819 5518 2820 5518 3526 5519 2847 5519 2848 5519 3526 5520 2848 5520 3525 5520 990 5521 3008 5521 3009 5521 990 5522 984 5522 3008 5522 2811 5523 2812 5523 2821 5523 3527 5524 2847 5524 3526 5524 3527 5525 2846 5525 2847 5525 2810 5526 2811 5526 2821 5526 2810 5527 2821 5527 2822 5527 991 5528 990 5528 3009 5528 3528 5529 2845 5529 2846 5529 3528 5530 2846 5530 3527 5530 2809 5531 2810 5531 2822 5531 2809 5532 2823 5532 2824 5532 2809 5533 2822 5533 2823 5533 996 5534 3009 5534 3010 5534 996 5535 991 5535 3009 5535 2808 5536 2824 5536 2825 5536 2808 5537 2809 5537 2824 5537 3529 5538 2844 5538 2845 5538 3529 5539 2845 5539 3528 5539 997 5540 3010 5540 3011 5540 997 5541 996 5541 3010 5541 2807 5542 2808 5542 2825 5542 2807 5543 2825 5543 2826 5543 3530 5544 2844 5544 3529 5544 3530 5545 2843 5545 2844 5545 1002 5546 3011 5546 3012 5546 1002 5547 997 5547 3011 5547 2806 5548 2807 5548 2826 5548 3531 5549 2843 5549 3530 5549 1003 5550 1002 5550 3012 5550 1003 5551 3057 5551 3058 5551 1003 5552 3012 5552 3057 5552 2805 5553 2806 5553 2826 5553 2805 5554 2827 5554 2828 5554 2805 5555 2826 5555 2827 5555 3532 5556 2843 5556 3531 5556 3532 5557 2842 5557 2843 5557 1008 5558 1003 5558 3058 5558 1008 5559 3058 5559 3059 5559 2804 5560 2805 5560 2828 5560 3533 5561 2842 5561 3532 5561 3533 5562 2841 5562 2842 5562 1009 5563 1008 5563 3059 5563 2803 5564 2804 5564 2828 5564 2803 5565 2828 5565 2829 5565 3534 5566 2841 5566 3533 5566 3534 5567 2840 5567 2841 5567 1015 5568 1009 5568 3059 5568 1015 5569 3059 5569 3060 5569 2802 5570 2803 5570 2829 5570 2802 5571 2830 5571 2831 5571 2802 5572 2829 5572 2830 5572 3535 5573 2839 5573 2840 5573 3535 5574 2840 5574 3534 5574 1016 5575 1015 5575 3060 5575 1016 5576 3060 5576 3061 5576 2801 5577 2802 5577 2831 5577 3536 5578 2839 5578 3535 5578 3536 5579 2838 5579 2839 5579 1019 5580 1016 5580 3061 5580 1019 5581 3061 5581 3062 5581 2800 5582 2832 5582 2833 5582 2800 5583 2831 5583 2832 5583 2800 5584 2801 5584 2831 5584 3537 5585 2838 5585 3536 5585 1020 5586 1019 5586 3062 5586 2799 5587 2800 5587 2833 5587 2798 5588 2833 5588 2834 5588 2798 5589 2799 5589 2833 5589 2797 5590 2798 5590 2834 5590 2797 5591 2834 5591 2835 5591 2796 5592 2836 5592 2837 5592 2796 5593 2835 5593 2836 5593 2796 5594 2797 5594 2835 5594 2795 5595 2837 5595 2838 5595 2795 5596 2796 5596 2837 5596 2794 5597 2838 5597 3537 5597 2794 5598 2795 5598 2838 5598 2766 5599 2763 5599 2762 5599 2766 5600 2762 5600 2761 5600 3093 5601 3086 5601 3091 5601 3093 5602 3091 5602 3090 5602 3093 5603 3090 5603 3089 5603 3093 5604 3089 5604 3088 5604 3094 5605 3085 5605 3086 5605 3094 5606 3086 5606 3093 5606 2764 5607 2763 5607 2766 5607 3095 5608 3084 5608 3085 5608 3095 5609 3085 5609 3094 5609 3096 5610 3084 5610 3095 5610 3096 5611 3083 5611 3084 5611 3097 5612 3082 5612 3083 5612 3097 5613 3083 5613 3096 5613 3098 5614 3082 5614 3097 5614 3098 5615 3081 5615 3082 5615 1512 5616 3080 5616 3081 5616 1512 5617 3081 5617 3098 5617 1513 5618 3080 5618 1512 5618 1513 5619 3079 5619 3080 5619 1514 5620 3078 5620 3079 5620 1514 5621 3079 5621 1513 5621 1517 5622 3077 5622 3078 5622 1517 5623 3078 5623 1514 5623 1519 5624 3077 5624 1517 5624 1519 5625 3076 5625 3077 5625 1521 5626 3075 5626 3076 5626 1521 5627 3076 5627 1519 5627 1522 5628 3075 5628 1521 5628 1522 5629 3074 5629 3075 5629 1525 5630 3073 5630 3074 5630 1525 5631 3074 5631 1522 5631 1527 5632 3073 5632 1525 5632 1527 5633 3072 5633 3073 5633 1528 5634 3071 5634 3072 5634 1528 5635 3072 5635 1527 5635 1530 5636 3071 5636 1528 5636 1530 5637 3070 5637 3071 5637 1532 5638 3070 5638 1530 5638 1532 5639 3069 5639 3070 5639 1535 5640 3069 5640 1532 5640 1535 5641 3068 5641 3069 5641 1537 5642 3068 5642 1535 5642 1537 5643 3067 5643 3068 5643 1539 5644 3067 5644 1537 5644 1594 5645 3099 5645 3104 5645 3103 5646 1594 5646 3104 5646 2759 5647 2764 5647 2766 5647 2759 5648 2760 5648 2765 5648 2759 5649 2765 5649 2764 5649 2758 5650 2766 5650 2767 5650 2758 5651 2759 5651 2766 5651 2757 5652 2767 5652 2768 5652 2757 5653 2758 5653 2767 5653 2756 5654 2768 5654 2769 5654 2756 5655 2757 5655 2768 5655 2755 5656 2769 5656 2770 5656 2755 5657 2756 5657 2769 5657 2754 5658 2755 5658 2770 5658 2754 5659 2770 5659 2771 5659 2753 5660 2771 5660 2772 5660 2753 5661 2754 5661 2771 5661 2752 5662 2772 5662 2773 5662 2752 5663 2753 5663 2772 5663 2751 5664 2773 5664 2774 5664 2751 5665 2752 5665 2773 5665 2750 5666 2774 5666 2775 5666 2750 5667 2751 5667 2774 5667 2749 5668 2775 5668 2776 5668 2749 5669 2750 5669 2775 5669 2748 5670 2776 5670 2777 5670 2748 5671 2749 5671 2776 5671 2747 5672 2777 5672 2778 5672 2747 5673 2748 5673 2777 5673 2746 5674 2747 5674 2778 5674 2746 5675 2778 5675 2779 5675 3102 5676 1594 5676 3103 5676 2745 5677 2746 5677 2779 5677 2745 5678 2779 5678 2780 5678 2744 5679 2745 5679 2780 5679 2744 5680 2780 5680 2781 5680 2743 5681 2744 5681 2781 5681 2743 5682 2781 5682 2782 5682 2742 5683 2743 5683 2782 5683 2742 5684 2782 5684 2783 5684 2711 5685 2707 5685 2706 5685 3105 5686 3102 5686 3101 5686 3105 5687 3101 5687 3100 5687 3105 5688 1594 5688 3102 5688 3106 5689 1594 5689 3105 5689 3106 5690 1592 5690 1594 5690 3107 5691 1592 5691 3106 5691 3107 5692 1591 5692 1592 5692 3108 5693 1588 5693 1591 5693 3108 5694 1591 5694 3107 5694 3109 5695 1586 5695 1588 5695 3109 5696 1588 5696 3108 5696 3110 5697 1584 5697 1586 5697 3110 5698 1586 5698 3109 5698 3111 5699 1583 5699 1584 5699 3111 5700 1584 5700 3110 5700 3112 5701 1581 5701 1583 5701 3112 5702 1583 5702 3111 5702 3113 5703 1579 5703 1581 5703 3113 5704 1581 5704 3112 5704 3114 5705 1579 5705 3113 5705 3114 5706 1576 5706 1579 5706 3115 5707 1575 5707 1576 5707 3115 5708 1576 5708 3114 5708 1436 5709 1573 5709 1575 5709 1436 5710 1575 5710 3115 5710 1437 5711 1570 5711 1573 5711 1437 5712 1573 5712 1436 5712 1439 5713 1568 5713 1570 5713 1439 5714 1570 5714 1437 5714 1441 5715 1567 5715 1568 5715 1441 5716 1568 5716 1439 5716 2708 5717 2707 5717 2711 5717 1442 5718 1567 5718 1441 5718 187 5719 2785 5719 2786 5719 1163 5720 3538 5720 3539 5720 656 5721 1545 5721 1546 5721 181 5722 2785 5722 187 5722 181 5723 2784 5723 2785 5723 651 5724 1543 5724 1545 5724 651 5725 1545 5725 656 5725 1164 5726 3538 5726 1163 5726 1164 5727 3540 5727 3538 5727 188 5728 187 5728 2786 5728 188 5729 2786 5729 2787 5729 1160 5730 3539 5730 3541 5730 1160 5731 1163 5731 3539 5731 658 5732 1546 5732 1549 5732 658 5733 656 5733 1546 5733 180 5734 2784 5734 181 5734 650 5735 1540 5735 1543 5735 650 5736 1543 5736 651 5736 1166 5737 3542 5737 3540 5737 1166 5738 3540 5738 1164 5738 193 5739 188 5739 2787 5739 193 5740 2787 5740 2788 5740 1158 5741 1160 5741 3541 5741 1158 5742 3541 5742 3543 5742 663 5743 658 5743 1549 5743 175 5744 2742 5744 2783 5744 175 5745 2783 5745 2784 5745 175 5746 2784 5746 180 5746 645 5747 1539 5747 1540 5747 645 5748 1540 5748 650 5748 1168 5749 3544 5749 3542 5749 1168 5750 3542 5750 1166 5750 194 5751 193 5751 2788 5751 194 5752 2788 5752 2789 5752 664 5753 1549 5753 1551 5753 664 5754 663 5754 1549 5754 1156 5755 1158 5755 3543 5755 1156 5756 3543 5756 3545 5756 173 5757 2741 5757 2742 5757 173 5758 2742 5758 175 5758 1170 5759 3544 5759 1168 5759 1170 5760 3546 5760 3544 5760 644 5761 1539 5761 645 5761 199 5762 194 5762 2789 5762 668 5763 1551 5763 1552 5763 668 5764 664 5764 1551 5764 1154 5765 1156 5765 3545 5765 1154 5766 3545 5766 3547 5766 169 5767 2740 5767 2741 5767 169 5768 2741 5768 173 5768 639 5769 3067 5769 1539 5769 639 5770 1539 5770 644 5770 639 5771 3066 5771 3067 5771 1172 5772 3546 5772 1170 5772 1172 5773 3548 5773 3546 5773 200 5774 199 5774 2789 5774 200 5775 2789 5775 2790 5775 1152 5776 1154 5776 3547 5776 1152 5777 3547 5777 3549 5777 670 5778 1552 5778 1554 5778 670 5779 668 5779 1552 5779 167 5780 2740 5780 169 5780 167 5781 2739 5781 2740 5781 637 5782 3066 5782 639 5782 637 5783 3065 5783 3066 5783 1174 5784 3550 5784 3548 5784 1174 5785 3548 5785 1172 5785 205 5786 2790 5786 2791 5786 205 5787 200 5787 2790 5787 675 5788 1554 5788 1556 5788 675 5789 670 5789 1554 5789 1150 5790 1152 5790 3549 5790 1150 5791 3549 5791 3551 5791 163 5792 2739 5792 167 5792 633 5793 3065 5793 637 5793 1176 5794 3550 5794 1174 5794 1176 5795 3552 5795 3550 5795 206 5796 205 5796 2791 5796 206 5797 2791 5797 2792 5797 676 5798 1556 5798 1558 5798 676 5799 675 5799 1556 5799 1148 5800 1150 5800 3551 5800 1148 5801 3551 5801 3553 5801 631 5802 3064 5802 3065 5802 631 5803 3065 5803 633 5803 161 5804 2738 5804 2739 5804 161 5805 2739 5805 163 5805 1179 5806 3552 5806 1176 5806 1179 5807 3554 5807 3552 5807 211 5808 206 5808 2792 5808 211 5809 2792 5809 2793 5809 680 5810 676 5810 1558 5810 1146 5811 3553 5811 3555 5811 1146 5812 1148 5812 3553 5812 157 5813 2737 5813 2738 5813 157 5814 2738 5814 161 5814 627 5815 3063 5815 3064 5815 627 5816 3064 5816 631 5816 1180 5817 3554 5817 1179 5817 1180 5818 3556 5818 3554 5818 1144 5819 3555 5819 3557 5819 1144 5820 1146 5820 3555 5820 212 5821 211 5821 2793 5821 212 5822 2793 5822 2794 5822 682 5823 1558 5823 1561 5823 682 5824 680 5824 1558 5824 156 5825 2736 5825 2737 5825 156 5826 2737 5826 157 5826 626 5827 3062 5827 3063 5827 626 5828 3063 5828 627 5828 1182 5829 3556 5829 1180 5829 1182 5830 3558 5830 3556 5830 218 5831 2794 5831 3537 5831 218 5832 212 5832 2794 5832 218 5833 3537 5833 3559 5833 688 5834 1561 5834 1563 5834 688 5835 682 5835 1561 5835 1142 5836 1144 5836 3557 5836 1142 5837 3557 5837 3560 5837 151 5838 2735 5838 2736 5838 151 5839 2736 5839 156 5839 621 5840 1020 5840 3062 5840 621 5841 1024 5841 1020 5841 621 5842 3062 5842 626 5842 1185 5843 3558 5843 1182 5843 1185 5844 3561 5844 3558 5844 219 5845 218 5845 3559 5845 689 5846 1563 5846 1565 5846 689 5847 688 5847 1563 5847 1140 5848 3560 5848 3562 5848 1140 5849 1142 5849 3560 5849 150 5850 2734 5850 2735 5850 150 5851 2735 5851 151 5851 1186 5852 3561 5852 1185 5852 1186 5853 3563 5853 3561 5853 620 5854 1024 5854 621 5854 224 5855 3564 5855 3565 5855 224 5856 3559 5856 3564 5856 224 5857 219 5857 3559 5857 1138 5858 1140 5858 3562 5858 1138 5859 3562 5859 3566 5859 694 5860 1565 5860 1567 5860 694 5861 689 5861 1565 5861 144 5862 2734 5862 150 5862 144 5863 2733 5863 2734 5863 1188 5864 3563 5864 1186 5864 1188 5865 3567 5865 3563 5865 614 5866 1025 5866 1024 5866 614 5867 1027 5867 1025 5867 614 5868 1024 5868 620 5868 225 5869 224 5869 3565 5869 695 5870 1567 5870 1442 5870 695 5871 694 5871 1567 5871 1136 5872 1138 5872 3566 5872 1136 5873 3566 5873 3568 5873 143 5874 2733 5874 144 5874 613 5875 1027 5875 614 5875 1190 5876 3567 5876 1188 5876 1190 5877 3569 5877 3567 5877 230 5878 225 5878 3565 5878 230 5879 3565 5879 3570 5879 1134 5880 1136 5880 3568 5880 1134 5881 3568 5881 3571 5881 700 5882 695 5882 1442 5882 700 5883 1442 5883 1444 5883 141 5884 2733 5884 143 5884 141 5885 2732 5885 2733 5885 611 5886 1027 5886 613 5886 611 5887 1028 5887 1027 5887 1192 5888 3569 5888 1190 5888 1192 5889 3572 5889 3569 5889 231 5890 230 5890 3570 5890 231 5891 3570 5891 3573 5891 1132 5892 3571 5892 1022 5892 1132 5893 1134 5893 3571 5893 701 5894 700 5894 1444 5894 701 5895 1444 5895 1447 5895 135 5896 2731 5896 2732 5896 135 5897 2732 5897 141 5897 605 5898 1028 5898 611 5898 605 5899 1022 5899 1028 5899 1194 5900 3572 5900 1192 5900 1194 5901 231 5901 3573 5901 1194 5902 3573 5902 3572 5902 236 5903 231 5903 1194 5903 706 5904 701 5904 1447 5904 706 5905 1447 5905 1449 5905 1130 5906 1022 5906 605 5906 1130 5907 1132 5907 1022 5907 3574 5908 2730 5908 2731 5908 3574 5909 2731 5909 135 5909 3575 5910 1130 5910 605 5910 3388 5911 236 5911 1194 5911 241 5912 236 5912 3388 5912 1128 5913 1130 5913 3575 5913 711 5914 1449 5914 1451 5914 711 5915 706 5915 1449 5915 3576 5916 2729 5916 2730 5916 3576 5917 2730 5917 3574 5917 3577 5918 1128 5918 3575 5918 3390 5919 241 5919 3388 5919 242 5920 241 5920 3390 5920 712 5921 711 5921 1451 5921 1126 5922 1128 5922 3577 5922 3578 5923 1126 5923 3577 5923 3579 5924 2729 5924 3576 5924 3579 5925 2728 5925 2729 5925 3392 5926 242 5926 3390 5926 247 5927 242 5927 3392 5927 718 5928 1451 5928 1452 5928 718 5929 712 5929 1451 5929 1124 5930 1126 5930 3578 5930 3580 5931 2727 5931 2728 5931 3580 5932 2728 5932 3579 5932 3394 5933 247 5933 3392 5933 3581 5934 1124 5934 3578 5934 249 5935 247 5935 3394 5935 719 5936 1452 5936 1455 5936 719 5937 718 5937 1452 5937 1122 5938 1124 5938 3581 5938 3582 5939 2727 5939 3580 5939 3582 5940 2726 5940 2727 5940 3583 5941 1122 5941 3581 5941 3396 5942 249 5942 3394 5942 253 5943 249 5943 3396 5943 723 5944 719 5944 1455 5944 723 5945 1455 5945 1456 5945 1120 5946 1122 5946 3583 5946 3584 5947 1120 5947 3583 5947 3585 5948 2726 5948 3582 5948 3398 5949 253 5949 3396 5949 255 5950 253 5950 3398 5950 725 5951 723 5951 1456 5951 725 5952 1456 5952 1458 5952 1118 5953 1120 5953 3584 5953 3586 5954 1118 5954 3584 5954 3587 5955 2726 5955 3585 5955 3587 5956 2725 5956 2726 5956 3400 5957 255 5957 3398 5957 729 5958 725 5958 1458 5958 729 5959 1458 5959 1461 5959 259 5960 255 5960 3400 5960 1116 5961 1118 5961 3586 5961 3588 5962 2724 5962 2725 5962 3588 5963 2725 5963 3587 5963 3402 5964 259 5964 3400 5964 3589 5965 1116 5965 3586 5965 261 5966 259 5966 3402 5966 731 5967 729 5967 1461 5967 731 5968 1461 5968 1463 5968 1114 5969 1116 5969 3589 5969 3590 5970 2724 5970 3588 5970 3590 5971 2723 5971 2724 5971 3591 5972 1114 5972 3589 5972 3404 5973 261 5973 3402 5973 265 5974 261 5974 3404 5974 735 5975 1463 5975 1465 5975 735 5976 731 5976 1463 5976 1112 5977 1114 5977 3591 5977 3592 5978 1112 5978 3591 5978 3406 5979 265 5979 3404 5979 267 5980 265 5980 3406 5980 737 5981 735 5981 1465 5981 1110 5982 1112 5982 3592 5982 3593 5983 1110 5983 3592 5983 3408 5984 267 5984 3406 5984 272 5985 267 5985 3408 5985 742 5986 737 5986 1465 5986 742 5987 1465 5987 1467 5987 1108 5988 1110 5988 3593 5988 3594 5989 1108 5989 3593 5989 3410 5990 272 5990 3408 5990 743 5991 742 5991 1467 5991 743 5992 1467 5992 1468 5992 273 5993 272 5993 3410 5993 1106 5994 1108 5994 3594 5994 3595 5995 1106 5995 3594 5995 3412 5996 273 5996 3410 5996 278 5997 273 5997 3412 5997 1104 5998 1106 5998 3595 5998 748 5999 743 5999 1468 5999 748 6000 1468 6000 1471 6000 3596 6001 1104 6001 3595 6001 3414 6002 278 6002 3412 6002 279 6003 278 6003 3414 6003 749 6004 1471 6004 1473 6004 749 6005 748 6005 1471 6005 1102 6006 1104 6006 3596 6006 3597 6007 1102 6007 3596 6007 3416 6008 279 6008 3414 6008 285 6009 279 6009 3416 6009 755 6010 1473 6010 1475 6010 755 6011 749 6011 1473 6011 1100 6012 1102 6012 3597 6012 3598 6013 1100 6013 3597 6013 3418 6014 285 6014 3416 6014 2702 6015 2703 6015 2712 6015 2702 6016 2713 6016 2714 6016 2702 6017 2712 6017 2713 6017 2704 6018 2710 6018 2709 6018 2704 6019 2709 6019 2708 6019 2704 6020 2712 6020 2703 6020 2704 6021 2708 6021 2711 6021 2704 6022 2711 6022 2712 6022 2701 6023 2702 6023 2714 6023 2701 6024 2714 6024 2715 6024 756 6025 755 6025 1475 6025 756 6026 1475 6026 1477 6026 286 6027 285 6027 3418 6027 1098 6028 1100 6028 3598 6028 2700 6029 2701 6029 2715 6029 2699 6030 2700 6030 2715 6030 2699 6031 2715 6031 2716 6031 3599 6032 1098 6032 3598 6032 3421 6033 286 6033 3418 6033 2698 6034 2699 6034 2716 6034 2698 6035 2716 6035 2717 6035 2697 6036 2698 6036 2717 6036 2697 6037 2717 6037 2718 6037 291 6038 286 6038 3421 6038 1096 6039 1098 6039 3599 6039 761 6040 756 6040 1477 6040 2696 6041 2718 6041 2719 6041 2696 6042 2697 6042 2718 6042 3600 6043 1096 6043 3599 6043 3423 6044 291 6044 3421 6044 2695 6045 2696 6045 2719 6045 2695 6046 2719 6046 2720 6046 292 6047 291 6047 3423 6047 762 6048 761 6048 1477 6048 762 6049 1477 6049 1479 6049 1094 6050 1096 6050 3600 6050 2694 6051 2720 6051 2721 6051 2694 6052 2695 6052 2720 6052 3601 6053 1094 6053 3600 6053 3425 6054 292 6054 3423 6054 2693 6055 2694 6055 2721 6055 2693 6056 2722 6056 2723 6056 2693 6057 2721 6057 2722 6057 297 6058 292 6058 3425 6058 767 6059 1479 6059 1481 6059 767 6060 762 6060 1479 6060 1092 6061 1094 6061 3601 6061 2692 6062 3590 6062 3602 6062 2692 6063 2693 6063 2723 6063 2692 6064 2723 6064 3590 6064 2705 6065 2710 6065 2704 6065 3427 6066 297 6066 3425 6066 3603 6067 1092 6067 3601 6067 298 6068 297 6068 3427 6068 768 6069 767 6069 1481 6069 768 6070 1481 6070 1483 6070 1090 6071 1092 6071 3603 6071 2691 6072 2692 6072 3602 6072 2691 6073 3602 6073 3604 6073 3121 6074 1508 6074 3116 6074 3605 6075 1090 6075 3603 6075 3429 6076 298 6076 3427 6076 2690 6077 2691 6077 3604 6077 2690 6078 3604 6078 3606 6078 773 6079 1483 6079 1485 6079 773 6080 768 6080 1483 6080 303 6081 298 6081 3429 6081 1088 6082 1090 6082 3605 6082 3607 6083 1088 6083 3605 6083 3431 6084 303 6084 3429 6084 2689 6085 3606 6085 3608 6085 2689 6086 2690 6086 3606 6086 304 6087 303 6087 3431 6087 1086 6088 1088 6088 3607 6088 774 6089 773 6089 1485 6089 2688 6090 3608 6090 3609 6090 2688 6091 2689 6091 3608 6091 3610 6092 1086 6092 3607 6092 3433 6093 304 6093 3431 6093 310 6094 304 6094 3433 6094 1084 6095 1086 6095 3610 6095 2687 6096 3611 6096 3612 6096 2687 6097 3609 6097 3611 6097 2687 6098 2688 6098 3609 6098 3435 6099 310 6099 3433 6099 3613 6100 1084 6100 3610 6100 311 6101 310 6101 3435 6101 1082 6102 1084 6102 3613 6102 2686 6103 2687 6103 3612 6103 2686 6104 3612 6104 3614 6104 3615 6105 1082 6105 3613 6105 3437 6106 311 6106 3435 6106 314 6107 311 6107 3437 6107 1080 6108 1082 6108 3615 6108 2685 6109 3614 6109 3616 6109 2685 6110 2686 6110 3614 6110 3617 6111 1080 6111 3615 6111 3439 6112 314 6112 3437 6112 315 6113 314 6113 3439 6113 1078 6114 1080 6114 3617 6114 2684 6115 3616 6115 3618 6115 2684 6116 2685 6116 3616 6116 3619 6117 1078 6117 3617 6117 3441 6118 315 6118 3439 6118 319 6119 315 6119 3441 6119 1076 6120 1078 6120 3619 6120 2683 6121 3618 6121 3620 6121 2683 6122 2684 6122 3618 6122 3621 6123 1076 6123 3619 6123 3443 6124 319 6124 3441 6124 320 6125 319 6125 3443 6125 1074 6126 1076 6126 3621 6126 3622 6127 1074 6127 3621 6127 3444 6128 320 6128 3443 6128 2682 6129 3620 6129 3623 6129 2682 6130 2683 6130 3620 6130 322 6131 320 6131 3444 6131 1072 6132 1074 6132 3622 6132 3447 6133 322 6133 3444 6133 3624 6134 1072 6134 3622 6134 2681 6135 3623 6135 3625 6135 2681 6136 2682 6136 3623 6136 323 6137 322 6137 3447 6137 1070 6138 1072 6138 3624 6138 3626 6139 1070 6139 3624 6139 3449 6140 323 6140 3447 6140 317 6141 323 6141 3449 6141 1068 6142 1070 6142 3626 6142 2680 6143 2681 6143 3625 6143 2680 6144 3627 6144 3628 6144 2680 6145 3625 6145 3627 6145 3629 6146 1068 6146 3626 6146 3451 6147 317 6147 3449 6147 3120 6148 1508 6148 3121 6148 2679 6149 2680 6149 3628 6149 2679 6150 3628 6150 3630 6150 2678 6151 2679 6151 3630 6151 2678 6152 3630 6152 3631 6152 2677 6153 3631 6153 3632 6153 2677 6154 2678 6154 3631 6154 2676 6155 3632 6155 3633 6155 2676 6156 2677 6156 3632 6156 2675 6157 3633 6157 3634 6157 2675 6158 2676 6158 3633 6158 2674 6159 3634 6159 3635 6159 2674 6160 2675 6160 3634 6160 2673 6161 3636 6161 3637 6161 2673 6162 3635 6162 3636 6162 2673 6163 2674 6163 3635 6163 2672 6164 2673 6164 3637 6164 2672 6165 3637 6165 3638 6165 2671 6166 3638 6166 3639 6166 2671 6167 2672 6167 3638 6167 2670 6168 2671 6168 3639 6168 3126 6169 1501 6169 1502 6169 3125 6170 1502 6170 1505 6170 3125 6171 3126 6171 1502 6171 3127 6172 1499 6172 1501 6172 3127 6173 1501 6173 3126 6173 3124 6174 1505 6174 1507 6174 3124 6175 3125 6175 1505 6175 3128 6176 1497 6176 1499 6176 3128 6177 1499 6177 3127 6177 3123 6178 3124 6178 1507 6178 3123 6179 1507 6179 1508 6179 3129 6180 1497 6180 3128 6180 3129 6181 1495 6181 1497 6181 3122 6182 3123 6182 1508 6182 3122 6183 1508 6183 3120 6183 3122 6184 3120 6184 3119 6184 3130 6185 1495 6185 3129 6185 3130 6186 1493 6186 1495 6186 3131 6187 1493 6187 3130 6187 3131 6188 1491 6188 1493 6188 3132 6189 1491 6189 3131 6189 3132 6190 1489 6190 1491 6190 3133 6191 1489 6191 3132 6191 3133 6192 1487 6192 1489 6192 3118 6193 3122 6193 3119 6193 3134 6194 774 6194 1485 6194 3134 6195 1487 6195 3133 6195 3134 6196 1485 6196 1487 6196 3135 6197 780 6197 774 6197 3135 6198 774 6198 3134 6198 3136 6199 780 6199 3135 6199 3136 6200 781 6200 780 6200 3137 6201 781 6201 3136 6201 3137 6202 784 6202 781 6202 3137 6203 785 6203 784 6203 1368 6204 785 6204 3137 6204 1368 6205 789 6205 785 6205 1370 6206 789 6206 1368 6206 1370 6207 790 6207 789 6207 1373 6208 790 6208 1370 6208 1373 6209 791 6209 790 6209 1374 6210 791 6210 1373 6210 1374 6211 793 6211 791 6211 1376 6212 793 6212 1374 6212 1376 6213 787 6213 793 6213 1379 6214 3640 6214 787 6214 1379 6215 787 6215 1376 6215 1381 6216 3641 6216 3640 6216 1381 6217 3642 6217 3641 6217 1381 6218 3640 6218 1379 6218 1383 6219 3643 6219 3642 6219 1383 6220 3642 6220 1381 6220 3117 6221 3122 6221 3118 6221 1385 6222 3644 6222 3643 6222 1385 6223 3643 6223 1383 6223 2652 6224 2651 6224 2656 6224 1387 6225 3645 6225 3644 6225 1387 6226 3644 6226 1385 6226 1389 6227 3646 6227 3645 6227 1389 6228 3645 6228 1387 6228 1391 6229 3647 6229 3646 6229 1391 6230 3646 6230 1389 6230 1392 6231 3648 6231 3647 6231 1392 6232 3649 6232 3648 6232 1392 6233 3647 6233 1391 6233 1395 6234 3650 6234 3649 6234 1395 6235 3649 6235 1392 6235 1397 6236 3651 6236 3650 6236 1397 6237 3650 6237 1395 6237 1399 6238 3652 6238 3651 6238 1399 6239 3651 6239 1397 6239 2653 6240 2652 6240 2656 6240 2642 6241 2662 6241 2663 6241 2643 6242 2662 6242 2642 6242 2641 6243 2642 6243 2663 6243 2641 6244 2663 6244 2664 6244 2644 6245 2662 6245 2643 6245 2644 6246 2661 6246 2662 6246 2644 6247 2660 6247 2661 6247 2640 6248 2641 6248 2664 6248 2640 6249 2664 6249 2665 6249 2645 6250 2660 6250 2644 6250 2645 6251 2659 6251 2660 6251 2639 6252 2640 6252 2665 6252 2639 6253 2665 6253 2666 6253 2646 6254 2659 6254 2645 6254 2638 6255 2639 6255 2666 6255 2638 6256 2666 6256 2667 6256 2647 6257 2658 6257 2659 6257 2647 6258 2657 6258 2658 6258 2647 6259 2659 6259 2646 6259 2637 6260 2638 6260 2667 6260 2637 6261 2667 6261 2668 6261 2648 6262 2657 6262 2647 6262 2636 6263 2637 6263 2668 6263 2636 6264 2668 6264 2669 6264 2649 6265 2656 6265 2657 6265 2649 6266 2657 6266 2648 6266 2649 6267 2654 6267 2653 6267 2649 6268 2653 6268 2656 6268 2635 6269 2636 6269 2669 6269 2635 6270 2670 6270 3639 6270 2635 6271 2669 6271 2670 6271 2634 6272 3653 6272 3654 6272 2634 6273 3639 6273 3653 6273 2634 6274 2635 6274 3639 6274 2633 6275 3654 6275 3655 6275 2633 6276 2634 6276 3654 6276 2632 6277 3655 6277 3656 6277 2632 6278 2633 6278 3655 6278 2631 6279 3656 6279 3657 6279 2631 6280 2632 6280 3656 6280 2630 6281 3657 6281 3658 6281 2630 6282 2631 6282 3657 6282 2629 6283 3659 6283 3660 6283 2629 6284 3658 6284 3659 6284 2629 6285 2630 6285 3658 6285 2628 6286 3660 6286 3661 6286 2628 6287 2629 6287 3660 6287 2627 6288 3661 6288 3662 6288 2627 6289 2628 6289 3661 6289 2626 6290 3662 6290 3663 6290 2626 6291 2627 6291 3662 6291 2625 6292 2626 6292 3663 6292 2625 6293 3663 6293 3664 6293 2655 6294 2654 6294 2649 6294 2624 6295 2625 6295 3664 6295 2624 6296 3664 6296 3665 6296 2623 6297 2624 6297 3665 6297 2623 6298 3666 6298 3667 6298 2623 6299 3665 6299 3666 6299 2622 6300 2623 6300 3667 6300 2622 6301 3667 6301 3668 6301 2621 6302 2622 6302 3668 6302 2621 6303 3668 6303 3669 6303 2620 6304 2621 6304 3669 6304 2620 6305 3669 6305 3670 6305 2650 6306 2655 6306 2649 6306 3143 6307 1433 6307 3138 6307 3153 6308 1412 6308 1414 6308 3154 6309 1410 6309 1412 6309 3154 6310 1412 6310 3153 6310 3152 6311 1414 6311 1417 6311 3152 6312 3153 6312 1414 6312 3155 6313 1410 6313 3154 6313 3155 6314 1409 6314 1410 6314 3151 6315 1417 6315 1419 6315 3151 6316 3152 6316 1417 6316 3156 6317 1409 6317 3155 6317 3156 6318 1406 6318 1409 6318 3150 6319 1419 6319 1421 6319 3150 6320 3151 6320 1419 6320 3157 6321 1405 6321 1406 6321 3157 6322 1406 6322 3156 6322 3149 6323 1421 6323 1422 6323 3149 6324 3150 6324 1421 6324 3158 6325 1405 6325 3157 6325 3158 6326 1403 6326 1405 6326 3142 6327 1433 6327 3143 6327 3148 6328 1422 6328 1424 6328 3148 6329 3149 6329 1422 6329 3159 6330 1401 6330 1403 6330 3159 6331 1403 6331 3158 6331 3147 6332 1424 6332 1426 6332 3147 6333 3148 6333 1424 6333 3160 6334 1399 6334 1401 6334 3160 6335 1401 6335 3159 6335 3146 6336 1426 6336 1428 6336 3146 6337 3147 6337 1426 6337 3161 6338 1399 6338 3160 6338 3161 6339 3671 6339 3652 6339 3161 6340 3652 6340 1399 6340 3145 6341 1428 6341 1431 6341 3145 6342 3146 6342 1428 6342 3162 6343 3671 6343 3161 6343 3162 6344 3672 6344 3671 6344 3144 6345 1431 6345 1433 6345 3144 6346 1433 6346 3142 6346 3144 6347 3145 6347 1431 6347 3163 6348 3672 6348 3162 6348 3163 6349 3673 6349 3672 6349 3164 6350 3674 6350 3673 6350 3164 6351 3673 6351 3163 6351 1312 6352 3674 6352 3164 6352 1312 6353 3675 6353 3674 6353 1312 6354 3676 6354 3675 6354 1314 6355 3676 6355 1312 6355 1314 6356 3677 6356 3676 6356 422 6357 3481 6357 3482 6357 416 6358 3479 6358 3481 6358 416 6359 3481 6359 422 6359 423 6360 3482 6360 3485 6360 423 6361 422 6361 3482 6361 415 6362 3479 6362 416 6362 415 6363 3477 6363 3479 6363 428 6364 3485 6364 3487 6364 428 6365 423 6365 3485 6365 410 6366 3477 6366 415 6366 410 6367 3475 6367 3477 6367 429 6368 428 6368 3487 6368 429 6369 3487 6369 3489 6369 408 6370 3475 6370 410 6370 408 6371 3472 6371 3475 6371 434 6372 3489 6372 3490 6372 434 6373 429 6373 3489 6373 404 6374 3472 6374 408 6374 404 6375 3470 6375 3472 6375 1316 6376 3678 6376 3677 6376 1316 6377 3677 6377 1314 6377 435 6378 434 6378 3490 6378 435 6379 3490 6379 3492 6379 402 6380 3469 6380 3470 6380 402 6381 3470 6381 404 6381 440 6382 3492 6382 3495 6382 440 6383 435 6383 3492 6383 398 6384 3469 6384 402 6384 398 6385 3467 6385 3469 6385 441 6386 3495 6386 3497 6386 441 6387 440 6387 3495 6387 1318 6388 3678 6388 1316 6388 1318 6389 3679 6389 3678 6389 396 6390 3465 6390 3467 6390 396 6391 3467 6391 398 6391 446 6392 3497 6392 3499 6392 446 6393 441 6393 3497 6393 392 6394 3463 6394 3465 6394 392 6395 3465 6395 396 6395 447 6396 3499 6396 3501 6396 447 6397 446 6397 3499 6397 1321 6398 3679 6398 1318 6398 1321 6399 3680 6399 3679 6399 391 6400 3463 6400 392 6400 391 6401 3460 6401 3463 6401 453 6402 3501 6402 3502 6402 453 6403 447 6403 3501 6403 386 6404 3459 6404 3460 6404 386 6405 3460 6405 391 6405 454 6406 3502 6406 3504 6406 454 6407 453 6407 3502 6407 1323 6408 3680 6408 1321 6408 1323 6409 3681 6409 3680 6409 1323 6410 3682 6410 3681 6410 385 6411 3459 6411 386 6411 385 6412 3457 6412 3459 6412 459 6413 454 6413 3504 6413 459 6414 3504 6414 3507 6414 379 6415 3455 6415 3457 6415 379 6416 3457 6416 385 6416 1324 6417 3682 6417 1323 6417 1324 6418 3683 6418 3682 6418 3141 6419 3144 6419 3142 6419 460 6420 3507 6420 3509 6420 460 6421 459 6421 3507 6421 378 6422 3455 6422 379 6422 378 6423 3453 6423 3455 6423 465 6424 3509 6424 3511 6424 465 6425 460 6425 3509 6425 376 6426 3453 6426 378 6426 376 6427 3451 6427 3453 6427 466 6428 3511 6428 1068 6428 466 6429 465 6429 3511 6429 370 6430 3451 6430 376 6430 370 6431 317 6431 3451 6431 471 6432 466 6432 1068 6432 471 6433 1068 6433 3629 6433 3684 6434 317 6434 370 6434 3684 6435 3685 6435 317 6435 475 6436 471 6436 3629 6436 475 6437 3686 6437 3687 6437 475 6438 3629 6438 3686 6438 3688 6439 3685 6439 3684 6439 3688 6440 3689 6440 3685 6440 477 6441 475 6441 3687 6441 3690 6442 3689 6442 3688 6442 3690 6443 3691 6443 3689 6443 482 6444 3687 6444 3692 6444 482 6445 477 6445 3687 6445 3693 6446 3691 6446 3690 6446 3693 6447 3694 6447 3691 6447 3693 6448 3695 6448 3694 6448 484 6449 3696 6449 3683 6449 484 6450 3692 6450 3696 6450 484 6451 482 6451 3692 6451 3697 6452 3695 6452 3693 6452 488 6453 484 6453 3683 6453 3140 6454 3144 6454 3141 6454 3370 6455 2613 6455 3369 6455 3370 6456 2612 6456 2613 6456 3370 6457 2611 6457 2612 6457 3368 6458 3369 6458 2613 6458 3368 6459 2613 6459 2614 6459 3371 6460 2611 6460 3370 6460 3367 6461 3368 6461 2614 6461 3367 6462 2614 6462 2615 6462 3372 6463 2611 6463 3371 6463 3372 6464 2610 6464 2611 6464 3372 6465 2609 6465 2610 6465 3366 6466 3367 6466 2615 6466 3366 6467 2615 6467 2616 6467 3373 6468 2609 6468 3372 6468 3373 6469 2608 6469 2609 6469 3365 6470 2617 6470 2618 6470 3365 6471 2616 6471 2617 6471 3365 6472 3366 6472 2616 6472 3374 6473 2608 6473 3373 6473 3364 6474 3365 6474 2618 6474 3375 6475 2608 6475 3374 6475 3375 6476 2607 6476 2608 6476 3375 6477 2606 6477 2607 6477 3363 6478 2618 6478 2619 6478 3363 6479 3364 6479 2618 6479 3362 6480 3363 6480 2619 6480 3362 6481 2619 6481 2620 6481 3362 6482 2620 6482 3670 6482 3376 6483 2606 6483 3375 6483 3139 6484 3144 6484 3140 6484 3377 6485 2605 6485 2606 6485 3377 6486 2606 6486 3376 6486 3361 6487 3362 6487 3670 6487 3361 6488 3670 6488 3698 6488 3384 6489 3383 6489 2601 6489 3378 6490 2604 6490 2605 6490 3378 6491 2605 6491 3377 6491 3360 6492 3361 6492 3698 6492 3360 6493 3699 6493 3700 6493 3360 6494 3698 6494 3699 6494 3379 6495 2603 6495 2604 6495 3379 6496 2602 6496 2603 6496 3379 6497 2604 6497 3378 6497 3359 6498 3360 6498 3700 6498 3359 6499 3700 6499 3701 6499 3380 6500 2602 6500 3379 6500 3358 6501 3701 6501 3702 6501 3358 6502 3359 6502 3701 6502 3381 6503 2601 6503 2602 6503 3381 6504 2602 6504 3380 6504 3357 6505 3358 6505 3702 6505 3357 6506 3697 6506 3703 6506 3357 6507 3702 6507 3695 6507 3357 6508 3695 6508 3697 6508 3356 6509 3703 6509 3704 6509 3356 6510 3357 6510 3703 6510 3355 6511 3356 6511 3704 6511 3355 6512 3704 6512 3705 6512 3354 6513 3355 6513 3705 6513 3354 6514 3706 6514 3707 6514 3354 6515 3705 6515 3706 6515 3353 6516 3354 6516 3707 6516 3353 6517 3707 6517 3708 6517 3352 6518 3353 6518 3708 6518 3385 6519 3384 6519 2601 6519 3385 6520 2601 6520 3381 6520 3386 6521 3385 6521 3381 6521 3185 6522 3186 6522 1337 6522 3185 6523 1339 6523 1341 6523 3185 6524 1337 6524 1339 6524 3187 6525 1337 6525 3186 6525 3187 6526 1335 6526 1337 6526 3184 6527 3185 6527 1341 6527 3188 6528 1335 6528 3187 6528 3188 6529 1333 6529 1335 6529 3188 6530 1330 6530 1333 6530 3183 6531 3184 6531 1341 6531 3183 6532 1341 6532 1342 6532 3189 6533 1330 6533 3188 6533 3182 6534 3183 6534 1342 6534 3182 6535 1342 6535 1345 6535 3190 6536 1330 6536 3189 6536 3190 6537 1328 6537 1330 6537 3181 6538 3182 6538 1345 6538 3181 6539 1345 6539 1347 6539 3191 6540 1328 6540 3190 6540 3191 6541 1326 6541 1328 6541 3180 6542 3181 6542 1347 6542 3180 6543 1347 6543 1349 6543 3192 6544 490 6544 488 6544 3192 6545 3683 6545 1324 6545 3192 6546 488 6546 3683 6546 3192 6547 1326 6547 3191 6547 3192 6548 1324 6548 1326 6548 3179 6549 3180 6549 1349 6549 3179 6550 1349 6550 1351 6550 3193 6551 494 6551 490 6551 3193 6552 496 6552 494 6552 3193 6553 490 6553 3192 6553 3178 6554 1351 6554 1353 6554 3178 6555 3179 6555 1351 6555 3194 6556 500 6556 496 6556 3194 6557 496 6557 3193 6557 3177 6558 1354 6558 1357 6558 3177 6559 1353 6559 1354 6559 3177 6560 3178 6560 1353 6560 3195 6561 502 6561 500 6561 3195 6562 500 6562 3194 6562 3176 6563 3177 6563 1357 6563 3196 6564 506 6564 502 6564 3196 6565 502 6565 3195 6565 3175 6566 3176 6566 1357 6566 3175 6567 1358 6567 1360 6567 3175 6568 1357 6568 1358 6568 3197 6569 508 6569 506 6569 3197 6570 506 6570 3196 6570 3174 6571 3175 6571 1360 6571 1270 6572 513 6572 508 6572 1270 6573 514 6573 513 6573 1270 6574 508 6574 3197 6574 3173 6575 1362 6575 1364 6575 3173 6576 1360 6576 1362 6576 3173 6577 3174 6577 1360 6577 1271 6578 520 6578 514 6578 1271 6579 514 6579 1270 6579 3387 6580 3386 6580 3381 6580 3172 6581 3173 6581 1364 6581 1273 6582 521 6582 520 6582 1273 6583 520 6583 1271 6583 3171 6584 3172 6584 1364 6584 3171 6585 1364 6585 1367 6585 1274 6586 526 6586 521 6586 1274 6587 521 6587 1273 6587 1276 6588 527 6588 526 6588 1276 6589 526 6589 1274 6589 3382 6590 3387 6590 3381 6590 3170 6591 1367 6591 3165 6591 3315 6592 3350 6592 3351 6592 3316 6593 3350 6593 3315 6593 3316 6594 3349 6594 3350 6594 3314 6595 3351 6595 3352 6595 3314 6596 3315 6596 3351 6596 3317 6597 3349 6597 3316 6597 3317 6598 3348 6598 3349 6598 3313 6599 3352 6599 3708 6599 3313 6600 3709 6600 3710 6600 3313 6601 3708 6601 3709 6601 3313 6602 3314 6602 3352 6602 3318 6603 3347 6603 3348 6603 3318 6604 3348 6604 3317 6604 3312 6605 3710 6605 3711 6605 3312 6606 3313 6606 3710 6606 3319 6607 3347 6607 3318 6607 3319 6608 3346 6608 3347 6608 3311 6609 3711 6609 3712 6609 3311 6610 3312 6610 3711 6610 3320 6611 3346 6611 3319 6611 3320 6612 3345 6612 3346 6612 3310 6613 3712 6613 3713 6613 3310 6614 3311 6614 3712 6614 3321 6615 3344 6615 3345 6615 3321 6616 3345 6616 3320 6616 3309 6617 3310 6617 3713 6617 3309 6618 3713 6618 3714 6618 3322 6619 3343 6619 3344 6619 3322 6620 3344 6620 3321 6620 3308 6621 3309 6621 3714 6621 3308 6622 3715 6622 3716 6622 3308 6623 3714 6623 3715 6623 3323 6624 3343 6624 3322 6624 3323 6625 3342 6625 3343 6625 3307 6626 3308 6626 3716 6626 3307 6627 3716 6627 3717 6627 3324 6628 3342 6628 3323 6628 3324 6629 3341 6629 3342 6629 3306 6630 3307 6630 3717 6630 3306 6631 3717 6631 3718 6631 3325 6632 3341 6632 3324 6632 3325 6633 3340 6633 3341 6633 3305 6634 3306 6634 3718 6634 3305 6635 3718 6635 3719 6635 3326 6636 3340 6636 3325 6636 3326 6637 3339 6637 3340 6637 3304 6638 3719 6638 3720 6638 3304 6639 3305 6639 3719 6639 1198 6640 3339 6640 3326 6640 1198 6641 3338 6641 3339 6641 3169 6642 3171 6642 1367 6642 3169 6643 1367 6643 3170 6643 3303 6644 3304 6644 3720 6644 3303 6645 3721 6645 3722 6645 3303 6646 3720 6646 3721 6646 1199 6647 3338 6647 1198 6647 1199 6648 3337 6648 3338 6648 3302 6649 3303 6649 3722 6649 3302 6650 3722 6650 3723 6650 1201 6651 3337 6651 1199 6651 1201 6652 3336 6652 3337 6652 3301 6653 3723 6653 3724 6653 3301 6654 3302 6654 3723 6654 1203 6655 3336 6655 1201 6655 1203 6656 3335 6656 3336 6656 3300 6657 3301 6657 3724 6657 3300 6658 3724 6658 3725 6658 1205 6659 3335 6659 1203 6659 1205 6660 3334 6660 3335 6660 1206 6661 3334 6661 1205 6661 1206 6662 3333 6662 3334 6662 3299 6663 3300 6663 3725 6663 3299 6664 3725 6664 3726 6664 1208 6665 3333 6665 1206 6665 3224 6666 539 6666 538 6666 3224 6667 545 6667 539 6667 3223 6668 3224 6668 538 6668 3223 6669 538 6669 533 6669 3225 6670 545 6670 3224 6670 3225 6671 546 6671 545 6671 3222 6672 533 6672 532 6672 3222 6673 3223 6673 533 6673 3226 6674 549 6674 546 6674 3226 6675 546 6675 3225 6675 3221 6676 532 6676 527 6676 3221 6677 3222 6677 532 6677 3221 6678 1276 6678 1279 6678 3221 6679 527 6679 1276 6679 3227 6680 549 6680 3226 6680 3227 6681 550 6681 549 6681 3168 6682 3171 6682 3169 6682 3220 6683 3221 6683 1279 6683 3220 6684 1279 6684 1281 6684 3228 6685 554 6685 550 6685 3228 6686 550 6686 3227 6686 3219 6687 1281 6687 1283 6687 3219 6688 3220 6688 1281 6688 3229 6689 555 6689 554 6689 3229 6690 554 6690 3228 6690 3218 6691 3219 6691 1283 6691 3218 6692 1283 6692 1284 6692 3230 6693 557 6693 555 6693 3230 6694 558 6694 557 6694 3230 6695 555 6695 3229 6695 3217 6696 1284 6696 1286 6696 3217 6697 3218 6697 1284 6697 3231 6698 552 6698 558 6698 3231 6699 558 6699 3230 6699 3216 6700 1286 6700 1289 6700 3216 6701 3217 6701 1286 6701 3232 6702 3727 6702 552 6702 3232 6703 552 6703 3231 6703 3215 6704 3216 6704 1289 6704 3215 6705 1289 6705 1290 6705 3233 6706 3728 6706 3727 6706 3233 6707 3727 6707 3232 6707 3214 6708 1290 6708 1292 6708 3214 6709 3215 6709 1290 6709 3234 6710 3729 6710 3728 6710 3234 6711 3728 6711 3233 6711 3213 6712 1292 6712 1295 6712 3213 6713 3214 6713 1292 6713 3235 6714 3730 6714 3729 6714 3235 6715 3729 6715 3234 6715 3212 6716 1295 6716 1297 6716 3212 6717 3213 6717 1295 6717 1236 6718 3730 6718 3235 6718 1236 6719 3731 6719 3730 6719 3211 6720 1297 6720 1299 6720 3211 6721 3212 6721 1297 6721 1237 6722 3732 6722 3731 6722 1237 6723 3733 6723 3732 6723 1237 6724 3731 6724 1236 6724 3267 6725 3734 6725 3735 6725 3268 6726 3736 6726 3734 6726 3268 6727 3734 6727 3267 6727 3266 6728 3267 6728 3735 6728 3266 6729 3735 6729 3737 6729 3269 6730 3736 6730 3268 6730 3269 6731 3738 6731 3736 6731 3265 6732 3266 6732 3737 6732 3265 6733 3737 6733 3739 6733 3270 6734 3740 6734 3738 6734 3270 6735 3738 6735 3269 6735 3264 6736 3741 6736 3742 6736 3264 6737 3739 6737 3741 6737 3264 6738 3265 6738 3739 6738 3210 6739 1299 6739 1301 6739 3210 6740 3211 6740 1299 6740 1239 6741 3743 6741 3733 6741 1239 6742 3733 6742 1237 6742 3271 6743 3744 6743 3740 6743 3271 6744 3745 6744 3744 6744 3271 6745 3740 6745 3270 6745 3263 6746 3264 6746 3742 6746 3263 6747 3742 6747 3746 6747 3272 6748 3747 6748 3745 6748 3272 6749 3745 6749 3271 6749 3262 6750 3746 6750 3748 6750 3262 6751 3263 6751 3746 6751 3273 6752 3747 6752 3272 6752 3273 6753 3749 6753 3747 6753 3261 6754 3262 6754 3748 6754 3261 6755 3748 6755 3750 6755 3209 6756 1301 6756 1303 6756 3209 6757 3210 6757 1301 6757 1241 6758 3751 6758 3743 6758 1241 6759 3743 6759 1239 6759 3167 6760 3171 6760 3168 6760 3274 6761 3752 6761 3749 6761 3274 6762 3749 6762 3273 6762 3260 6763 3261 6763 3750 6763 3260 6764 3750 6764 3753 6764 3275 6765 3752 6765 3274 6765 3275 6766 3726 6766 3752 6766 3275 6767 3299 6767 3726 6767 3208 6768 3209 6768 1303 6768 3208 6769 1303 6769 1305 6769 1243 6770 3751 6770 1241 6770 3259 6771 3753 6771 3754 6771 3259 6772 3260 6772 3753 6772 3276 6773 3298 6773 3299 6773 3276 6774 3299 6774 3275 6774 3258 6775 3755 6775 3756 6775 3258 6776 3754 6776 3755 6776 3258 6777 3259 6777 3754 6777 3207 6778 1305 6778 1307 6778 3207 6779 3208 6779 1305 6779 3277 6780 3297 6780 3298 6780 3277 6781 3298 6781 3276 6781 3257 6782 3756 6782 3757 6782 3257 6783 3258 6783 3756 6783 3278 6784 3296 6784 3297 6784 3278 6785 3297 6785 3277 6785 3206 6786 1307 6786 1309 6786 3206 6787 3207 6787 1307 6787 3256 6788 3757 6788 3758 6788 3256 6789 3257 6789 3757 6789 1210 6790 3295 6790 3296 6790 1210 6791 3296 6791 3278 6791 3255 6792 3758 6792 3759 6792 3255 6793 3256 6793 3758 6793 3205 6794 1309 6794 1311 6794 3205 6795 3206 6795 1309 6795 1212 6796 3294 6796 3295 6796 1212 6797 3295 6797 1210 6797 3254 6798 3759 6798 3751 6798 3254 6799 3751 6799 1243 6799 3254 6800 3255 6800 3759 6800 3204 6801 3205 6801 1311 6801 1215 6802 3293 6802 3294 6802 1215 6803 3294 6803 1212 6803 3253 6804 3254 6804 1243 6804 3253 6805 1243 6805 1244 6805 1217 6806 3292 6806 3293 6806 1217 6807 3293 6807 1215 6807 3252 6808 3253 6808 1244 6808 3252 6809 1244 6809 1246 6809 3166 6810 3171 6810 3167 6810 1219 6811 3291 6811 3292 6811 1219 6812 3292 6812 1217 6812 3251 6813 1246 6813 1248 6813 3251 6814 3252 6814 1246 6814 3329 6815 3328 6815 3333 6815 1221 6816 3291 6816 1219 6816 1221 6817 3290 6817 3291 6817 3250 6818 1248 6818 1250 6818 3250 6819 3251 6819 1248 6819 1223 6820 3289 6820 3290 6820 1223 6821 3290 6821 1221 6821 3249 6822 1250 6822 1253 6822 3249 6823 3250 6823 1250 6823 1225 6824 3289 6824 1223 6824 1225 6825 3288 6825 3289 6825 3248 6826 1253 6826 1254 6826 3248 6827 3249 6827 1253 6827 1227 6828 3287 6828 3288 6828 1227 6829 3288 6829 1225 6829 3247 6830 1254 6830 1256 6830 3247 6831 3248 6831 1254 6831 1229 6832 3286 6832 3287 6832 1229 6833 3287 6833 1227 6833 3246 6834 1256 6834 1258 6834 3246 6835 3247 6835 1256 6835 1231 6836 3285 6836 3286 6836 1231 6837 3286 6837 1229 6837 3245 6838 3246 6838 1258 6838 3245 6839 1258 6839 1260 6839 3330 6840 3329 6840 3333 6840 1233 6841 3285 6841 1231 6841 3244 6842 3245 6842 1260 6842 3244 6843 1260 6843 1262 6843 3243 6844 3244 6844 1262 6844 3243 6845 1262 6845 1264 6845 3242 6846 3243 6846 1264 6846 3242 6847 1264 6847 1266 6847 3331 6848 3333 6848 1208 6848 3331 6849 3330 6849 3333 6849 3332 6850 3331 6850 1208 6850 3327 6851 3332 6851 1208 6851 3203 6852 1311 6852 3198 6852 3202 6853 1311 6853 3203 6853 3201 6854 3204 6854 1311 6854 3201 6855 1311 6855 3202 6855 3200 6856 3204 6856 3201 6856 3199 6857 3204 6857 3200 6857 3281 6858 3280 6858 3285 6858 3282 6859 3281 6859 3285 6859 3283 6860 3282 6860 3285 6860 3283 6861 3285 6861 1233 6861 3284 6862 3283 6862 1233 6862 3279 6863 3284 6863 1233 6863 3241 6864 1266 6864 3236 6864 3240 6865 1266 6865 3241 6865 3239 6866 1266 6866 3240 6866 3239 6867 3242 6867 1266 6867 3238 6868 3242 6868 3239 6868 3237 6869 3242 6869 3238 6869 1013 6870 3760 6870 1067 6870 1067 6871 3760 6871 1994 6871 1994 6872 3761 6872 1991 6872 3760 6873 3761 6873 1994 6873 1991 6874 3762 6874 1987 6874 3761 6875 3762 6875 1991 6875 1987 6876 3763 6876 1981 6876 1981 6877 3763 6877 1976 6877 3762 6878 3763 6878 1987 6878 3763 6879 3764 6879 1976 6879 3764 6880 3765 6880 1976 6880 1976 6881 3765 6881 1970 6881 1970 6882 3765 6882 1966 6882 3765 6883 3766 6883 1966 6883 3766 6884 3767 6884 1966 6884 1966 6885 3767 6885 1965 6885 3767 6886 3768 6886 1965 6886 1965 6887 3768 6887 1961 6887 1961 6888 3768 6888 1959 6888 3768 6889 3769 6889 1959 6889 3769 6890 3770 6890 1959 6890 1959 6891 3770 6891 1962 6891 3770 6892 3771 6892 1962 6892 1962 6893 3771 6893 1967 6893 3771 6894 3772 6894 1967 6894 1967 6895 3772 6895 1971 6895 3772 6896 3773 6896 1971 6896 1971 6897 3773 6897 1977 6897 3773 6898 3774 6898 1977 6898 1977 6899 3774 6899 1979 6899 3774 6900 3775 6900 1979 6900 1979 6901 3775 6901 1982 6901 1982 6902 3775 6902 1988 6902 3775 6903 3776 6903 1988 6903 3776 6904 3777 6904 1988 6904 1988 6905 3777 6905 1992 6905 1992 6906 3778 6906 1996 6906 3777 6907 3778 6907 1992 6907 1996 6908 3778 6908 1999 6908 3778 6909 3779 6909 1999 6909 1999 6910 3780 6910 2002 6910 3779 6911 3780 6911 1999 6911 2002 6912 3781 6912 2006 6912 3780 6913 3781 6913 2002 6913 2006 6914 3782 6914 2009 6914 3781 6915 3782 6915 2006 6915 2009 6916 3783 6916 1859 6916 3782 6917 3783 6917 2009 6917 1859 6918 3784 6918 1855 6918 3783 6919 3784 6919 1859 6919 1855 6920 3785 6920 1850 6920 3784 6921 3785 6921 1855 6921 1850 6922 3786 6922 1846 6922 3785 6923 3786 6923 1850 6923 1846 6924 3787 6924 1837 6924 3786 6925 3787 6925 1846 6925 1837 6926 3788 6926 1833 6926 3787 6927 3788 6927 1837 6927 1833 6928 3789 6928 1827 6928 3788 6929 3789 6929 1833 6929 3789 6930 3790 6930 1827 6930 1827 6931 3790 6931 1818 6931 3790 6932 3791 6932 1818 6932 1818 6933 3791 6933 1811 6933 3791 6934 3792 6934 1811 6934 1811 6935 3792 6935 1809 6935 3792 6936 3793 6936 1809 6936 1809 6937 3793 6937 1806 6937 3793 6938 3794 6938 1806 6938 1806 6939 3794 6939 1802 6939 3794 6940 3795 6940 1802 6940 1802 6941 3795 6941 1797 6941 3795 6942 3796 6942 1797 6942 1797 6943 3796 6943 1792 6943 3796 6944 833 6944 1792 6944 1792 6945 833 6945 1029 6945 1013 6946 3797 6946 3760 6946 3760 6947 3797 6947 3761 6947 3797 6948 3798 6948 3761 6948 3761 6949 3798 6949 3762 6949 1013 6950 3799 6950 3797 6950 1022 6951 3799 6951 1013 6951 3798 6952 3800 6952 3762 6952 3762 6953 3800 6953 3763 6953 3797 6954 3801 6954 3798 6954 3799 6955 3801 6955 3797 6955 3763 6956 3802 6956 3764 6956 3800 6957 3802 6957 3763 6957 3571 6958 3803 6958 1022 6958 3568 6959 3803 6959 3571 6959 3566 6960 3803 6960 3568 6960 1022 6961 3803 6961 3799 6961 3798 6962 3804 6962 3800 6962 3801 6963 3804 6963 3798 6963 3802 6964 3805 6964 3764 6964 3764 6965 3805 6965 3765 6965 3765 6966 3805 6966 3766 6966 3566 6967 3806 6967 3803 6967 3562 6968 3806 6968 3566 6968 3560 6969 3806 6969 3562 6969 3803 6970 3806 6970 3799 6970 3799 6971 3806 6971 3801 6971 3800 6972 3807 6972 3802 6972 3804 6973 3807 6973 3800 6973 3805 6974 3808 6974 3766 6974 3766 6975 3808 6975 3767 6975 3801 6976 3809 6976 3804 6976 3557 6977 3809 6977 3560 6977 3555 6978 3809 6978 3557 6978 3560 6979 3809 6979 3806 6979 3806 6980 3809 6980 3801 6980 3802 6981 3810 6981 3805 6981 3807 6982 3810 6982 3802 6982 3808 6983 3811 6983 3767 6983 3767 6984 3811 6984 3768 6984 3553 6985 3812 6985 3555 6985 3551 6986 3812 6986 3553 6986 3804 6987 3812 6987 3807 6987 3555 6988 3812 6988 3809 6988 3809 6989 3812 6989 3804 6989 3808 6990 3813 6990 3811 6990 3810 6991 3813 6991 3805 6991 3805 6992 3813 6992 3808 6992 3811 6993 3814 6993 3768 6993 3768 6994 3814 6994 3769 6994 3549 6995 3815 6995 3551 6995 3547 6996 3815 6996 3549 6996 3551 6997 3815 6997 3812 6997 3812 6998 3815 6998 3807 6998 3807 6999 3815 6999 3810 6999 3813 7000 3816 7000 3811 7000 3814 7001 3817 7001 3769 7001 3769 7002 3817 7002 3770 7002 3545 7003 3818 7003 3547 7003 3543 7004 3818 7004 3545 7004 3815 7005 3818 7005 3810 7005 3547 7006 3818 7006 3815 7006 3813 7007 3818 7007 3816 7007 3810 7008 3818 7008 3813 7008 3811 7009 3819 7009 3814 7009 3816 7010 3819 7010 3811 7010 3770 7011 3820 7011 3771 7011 3817 7012 3820 7012 3770 7012 3543 7013 3821 7013 3818 7013 3541 7014 3821 7014 3543 7014 3539 7015 3821 7015 3541 7015 3818 7016 3821 7016 3816 7016 3814 7017 3822 7017 3817 7017 3817 7018 3822 7018 3820 7018 3819 7019 3822 7019 3814 7019 3820 7020 3823 7020 3771 7020 3771 7021 3823 7021 3772 7021 3772 7022 3823 7022 3773 7022 3539 7023 3824 7023 3821 7023 3538 7024 3824 7024 3539 7024 3540 7025 3824 7025 3538 7025 3816 7026 3824 7026 3819 7026 3821 7027 3824 7027 3816 7027 3822 7028 3825 7028 3820 7028 3773 7029 3826 7029 3774 7029 3823 7030 3826 7030 3773 7030 3542 7031 3827 7031 3540 7031 3544 7032 3827 7032 3542 7032 3540 7033 3827 7033 3824 7033 3819 7034 3827 7034 3822 7034 3824 7035 3827 7035 3819 7035 3825 7036 3828 7036 3820 7036 3820 7037 3828 7037 3823 7037 3774 7038 3829 7038 3775 7038 3826 7039 3829 7039 3774 7039 3822 7040 3830 7040 3825 7040 3546 7041 3830 7041 3544 7041 3548 7042 3830 7042 3546 7042 3827 7043 3830 7043 3822 7043 3825 7044 3830 7044 3828 7044 3544 7045 3830 7045 3827 7045 3823 7046 3831 7046 3826 7046 3828 7047 3831 7047 3823 7047 3829 7048 3832 7048 3775 7048 3775 7049 3832 7049 3776 7049 3550 7050 3833 7050 3548 7050 3552 7051 3833 7051 3550 7051 3830 7052 3833 7052 3828 7052 3548 7053 3833 7053 3830 7053 3826 7054 3834 7054 3829 7054 3831 7055 3834 7055 3826 7055 3776 7056 3835 7056 3777 7056 3832 7057 3835 7057 3776 7057 3833 7058 3836 7058 3828 7058 3554 7059 3836 7059 3552 7059 3556 7060 3836 7060 3554 7060 3552 7061 3836 7061 3833 7061 3828 7062 3836 7062 3831 7062 3829 7063 3837 7063 3832 7063 3834 7064 3837 7064 3829 7064 3835 7065 3838 7065 3777 7065 3777 7066 3838 7066 3778 7066 3778 7067 3838 7067 3779 7067 3831 7068 3839 7068 3834 7068 3556 7069 3839 7069 3836 7069 3558 7070 3839 7070 3556 7070 3561 7071 3839 7071 3558 7071 3836 7072 3839 7072 3831 7072 3837 7073 3840 7073 3832 7073 3832 7074 3840 7074 3835 7074 3838 7075 3841 7075 3779 7075 3779 7076 3841 7076 3780 7076 3834 7077 3842 7077 3837 7077 3839 7078 3842 7078 3834 7078 3561 7079 3842 7079 3839 7079 3563 7080 3842 7080 3561 7080 3567 7081 3842 7081 3563 7081 3835 7082 3843 7082 3838 7082 3840 7083 3843 7083 3835 7083 3841 7084 3844 7084 3780 7084 3780 7085 3844 7085 3781 7085 3569 7086 3845 7086 3567 7086 3572 7087 3845 7087 3569 7087 3567 7088 3845 7088 3842 7088 3837 7089 3845 7089 3840 7089 3842 7090 3845 7090 3837 7090 3838 7091 3846 7091 3841 7091 3843 7092 3846 7092 3838 7092 3844 7093 3847 7093 3781 7093 3781 7094 3847 7094 3782 7094 3840 7095 3848 7095 3843 7095 3845 7096 3848 7096 3840 7096 3573 7097 3848 7097 3572 7097 3572 7098 3848 7098 3845 7098 3841 7099 3849 7099 3844 7099 3846 7100 3849 7100 3841 7100 3847 7101 3850 7101 3782 7101 3782 7102 3850 7102 3783 7102 3843 7103 3851 7103 3846 7103 3573 7104 3851 7104 3848 7104 3570 7105 3851 7105 3573 7105 3565 7106 3851 7106 3570 7106 3848 7107 3851 7107 3843 7107 3849 7108 3852 7108 3844 7108 3847 7109 3852 7109 3850 7109 3844 7110 3852 7110 3847 7110 3850 7111 3853 7111 3783 7111 3783 7112 3853 7112 3784 7112 3784 7113 3853 7113 3785 7113 3851 7114 3854 7114 3846 7114 3564 7115 3854 7115 3565 7115 3559 7116 3854 7116 3564 7116 3846 7117 3854 7117 3849 7117 3565 7118 3854 7118 3851 7118 3849 7119 3854 7119 3852 7119 3852 7120 3855 7120 3850 7120 3853 7121 3856 7121 3785 7121 3785 7122 3856 7122 3786 7122 3537 7123 3857 7123 3559 7123 3536 7124 3857 7124 3537 7124 3559 7125 3857 7125 3854 7125 3854 7126 3857 7126 3852 7126 3850 7127 3858 7127 3853 7127 3855 7128 3858 7128 3850 7128 3856 7129 3859 7129 3786 7129 3786 7130 3859 7130 3787 7130 3535 7131 3860 7131 3536 7131 3534 7132 3860 7132 3535 7132 3852 7133 3860 7133 3855 7133 3536 7134 3860 7134 3857 7134 3857 7135 3860 7135 3852 7135 3853 7136 3861 7136 3856 7136 3856 7137 3861 7137 3859 7137 3858 7138 3861 7138 3853 7138 3859 7139 3862 7139 3787 7139 3787 7140 3862 7140 3788 7140 3534 7141 3863 7141 3860 7141 3533 7142 3863 7142 3534 7142 3532 7143 3863 7143 3533 7143 3855 7144 3863 7144 3858 7144 3860 7145 3863 7145 3855 7145 3859 7146 3864 7146 3862 7146 3861 7147 3864 7147 3859 7147 3788 7148 3865 7148 3789 7148 3862 7149 3865 7149 3788 7149 3863 7150 3866 7150 3858 7150 3531 7151 3866 7151 3532 7151 3530 7152 3866 7152 3531 7152 3532 7153 3866 7153 3863 7153 3858 7154 3866 7154 3861 7154 3862 7155 3867 7155 3865 7155 3864 7156 3867 7156 3862 7156 3865 7157 3868 7157 3789 7157 3789 7158 3868 7158 3790 7158 3861 7159 3869 7159 3864 7159 3530 7160 3869 7160 3866 7160 3529 7161 3869 7161 3530 7161 3528 7162 3869 7162 3529 7162 3866 7163 3869 7163 3861 7163 3867 7164 3870 7164 3865 7164 3865 7165 3870 7165 3868 7165 3790 7166 3871 7166 3791 7166 3868 7167 3871 7167 3790 7167 3791 7168 3871 7168 3792 7168 3864 7169 3872 7169 3867 7169 3527 7170 3872 7170 3528 7170 3526 7171 3872 7171 3527 7171 3869 7172 3872 7172 3864 7172 3528 7173 3872 7173 3869 7173 3870 7174 3873 7174 3868 7174 3871 7175 3874 7175 3792 7175 3792 7176 3874 7176 3793 7176 3867 7177 3875 7177 3870 7177 3872 7178 3875 7178 3867 7178 3526 7179 3875 7179 3872 7179 3525 7180 3875 7180 3526 7180 3524 7181 3875 7181 3525 7181 3868 7182 3876 7182 3871 7182 3873 7183 3876 7183 3868 7183 3874 7184 3877 7184 3793 7184 3793 7185 3877 7185 3794 7185 3875 7186 3878 7186 3870 7186 3523 7187 3878 7187 3524 7187 3522 7188 3878 7188 3523 7188 3524 7189 3878 7189 3875 7189 3870 7190 3878 7190 3873 7190 3871 7191 3879 7191 3874 7191 3876 7192 3879 7192 3871 7192 3877 7193 3880 7193 3794 7193 3794 7194 3880 7194 3795 7194 3873 7195 3881 7195 3876 7195 3876 7196 3881 7196 3879 7196 3521 7197 3881 7197 3522 7197 3520 7198 3881 7198 3521 7198 3522 7199 3881 7199 3878 7199 3878 7200 3881 7200 3873 7200 3874 7201 3882 7201 3877 7201 3879 7202 3882 7202 3874 7202 3795 7203 3883 7203 3796 7203 3796 7204 3883 7204 833 7204 3880 7205 3883 7205 3795 7205 3879 7206 3884 7206 3882 7206 3520 7207 3884 7207 3881 7207 3519 7208 3884 7208 3520 7208 3518 7209 3884 7209 3519 7209 3881 7210 3884 7210 3879 7210 3877 7211 3885 7211 3880 7211 3882 7212 3885 7212 3877 7212 3882 7213 3886 7213 3885 7213 3884 7214 3886 7214 3882 7214 3517 7215 3886 7215 3518 7215 3516 7216 3886 7216 3517 7216 3518 7217 3886 7217 3884 7217 833 7218 3887 7218 840 7218 3883 7219 3887 7219 833 7219 3885 7220 3887 7220 3880 7220 3880 7221 3887 7221 3883 7221 3885 7222 3888 7222 3887 7222 3886 7223 3888 7223 3885 7223 3515 7224 3888 7224 3516 7224 3514 7225 3888 7225 3515 7225 3516 7226 3888 7226 3886 7226 3513 7227 3889 7227 3514 7227 3512 7228 3889 7228 3513 7228 840 7229 3889 7229 3512 7229 3887 7230 3889 7230 840 7230 3514 7231 3889 7231 3888 7231 3888 7232 3889 7232 3887 7232 778 7233 3890 7233 832 7233 832 7234 3890 7234 2217 7234 2217 7235 3891 7235 2218 7235 3890 7236 3891 7236 2217 7236 2218 7237 3892 7237 2219 7237 3891 7238 3892 7238 2218 7238 2219 7239 3893 7239 2221 7239 2221 7240 3893 7240 2225 7240 3892 7241 3893 7241 2219 7241 3893 7242 3894 7242 2225 7242 3894 7243 3895 7243 2225 7243 2225 7244 3895 7244 2226 7244 2226 7245 3895 7245 2227 7245 3895 7246 3896 7246 2227 7246 3896 7247 3897 7247 2227 7247 2227 7248 3897 7248 2228 7248 3897 7249 3898 7249 2228 7249 2228 7250 3898 7250 2229 7250 2229 7251 3898 7251 2309 7251 3898 7252 3899 7252 2309 7252 3899 7253 3900 7253 2309 7253 2309 7254 3900 7254 2312 7254 3900 7255 3901 7255 2312 7255 2312 7256 3901 7256 2314 7256 3901 7257 3902 7257 2314 7257 2314 7258 3902 7258 2315 7258 3902 7259 3903 7259 2315 7259 2315 7260 3903 7260 2198 7260 3903 7261 3904 7261 2198 7261 2198 7262 3904 7262 2195 7262 3904 7263 3905 7263 2195 7263 2195 7264 3905 7264 2192 7264 2192 7265 3905 7265 2189 7265 3905 7266 3906 7266 2189 7266 3906 7267 3907 7267 2189 7267 2189 7268 3907 7268 2184 7268 2184 7269 3908 7269 2175 7269 3907 7270 3908 7270 2184 7270 2175 7271 3908 7271 2169 7271 3908 7272 3909 7272 2169 7272 2169 7273 3910 7273 2161 7273 3909 7274 3910 7274 2169 7274 2161 7275 3911 7275 2155 7275 3910 7276 3911 7276 2161 7276 2155 7277 3912 7277 2148 7277 3911 7278 3912 7278 2155 7278 2148 7279 3913 7279 2147 7279 3912 7280 3913 7280 2148 7280 2147 7281 3914 7281 2139 7281 3913 7282 3914 7282 2147 7282 2139 7283 3915 7283 2129 7283 3914 7284 3915 7284 2139 7284 2129 7285 3916 7285 2116 7285 3915 7286 3916 7286 2129 7286 2116 7287 3917 7287 2097 7287 3916 7288 3917 7288 2116 7288 2097 7289 3918 7289 2096 7289 3917 7290 3918 7290 2097 7290 2096 7291 3919 7291 2094 7291 3918 7292 3919 7292 2096 7292 3919 7293 3920 7293 2094 7293 2094 7294 3920 7294 2092 7294 3920 7295 3921 7295 2092 7295 2092 7296 3921 7296 2090 7296 3921 7297 3922 7297 2090 7297 2090 7298 3922 7298 2087 7298 3922 7299 3923 7299 2087 7299 2087 7300 3923 7300 2082 7300 3923 7301 3924 7301 2082 7301 2082 7302 3924 7302 2078 7302 3924 7303 3925 7303 2078 7303 2078 7304 3925 7304 2076 7304 3925 7305 3926 7305 2076 7305 2076 7306 3926 7306 2071 7306 3926 7307 598 7307 2071 7307 2071 7308 598 7308 794 7308 778 7309 3927 7309 3890 7309 3890 7310 3927 7310 3891 7310 3927 7311 3928 7311 3891 7311 3891 7312 3928 7312 3892 7312 778 7313 3929 7313 3927 7313 787 7314 3929 7314 778 7314 3928 7315 3930 7315 3892 7315 3892 7316 3930 7316 3893 7316 3927 7317 3931 7317 3928 7317 3929 7318 3931 7318 3927 7318 3893 7319 3932 7319 3894 7319 3930 7320 3932 7320 3893 7320 3640 7321 3933 7321 787 7321 3641 7322 3933 7322 3640 7322 3642 7323 3933 7323 3641 7323 787 7324 3933 7324 3929 7324 3928 7325 3934 7325 3930 7325 3931 7326 3934 7326 3928 7326 3932 7327 3935 7327 3894 7327 3894 7328 3935 7328 3895 7328 3895 7329 3935 7329 3896 7329 3642 7330 3936 7330 3933 7330 3643 7331 3936 7331 3642 7331 3644 7332 3936 7332 3643 7332 3933 7333 3936 7333 3929 7333 3929 7334 3936 7334 3931 7334 3930 7335 3937 7335 3932 7335 3934 7336 3937 7336 3930 7336 3935 7337 3938 7337 3896 7337 3896 7338 3938 7338 3897 7338 3931 7339 3939 7339 3934 7339 3645 7340 3939 7340 3644 7340 3646 7341 3939 7341 3645 7341 3644 7342 3939 7342 3936 7342 3936 7343 3939 7343 3931 7343 3932 7344 3940 7344 3935 7344 3937 7345 3940 7345 3932 7345 3938 7346 3941 7346 3897 7346 3897 7347 3941 7347 3898 7347 3647 7348 3942 7348 3646 7348 3648 7349 3942 7349 3647 7349 3934 7350 3942 7350 3937 7350 3646 7351 3942 7351 3939 7351 3939 7352 3942 7352 3934 7352 3940 7353 3943 7353 3935 7353 3935 7354 3943 7354 3938 7354 3941 7355 3944 7355 3898 7355 3898 7356 3944 7356 3899 7356 3649 7357 3945 7357 3648 7357 3650 7358 3945 7358 3649 7358 3648 7359 3945 7359 3942 7359 3942 7360 3945 7360 3937 7360 3937 7361 3945 7361 3940 7361 3938 7362 3946 7362 3941 7362 3943 7363 3946 7363 3938 7363 3944 7364 3947 7364 3899 7364 3899 7365 3947 7365 3900 7365 3651 7366 3948 7366 3650 7366 3652 7367 3948 7367 3651 7367 3943 7368 3948 7368 3946 7368 3945 7369 3948 7369 3940 7369 3650 7370 3948 7370 3945 7370 3940 7371 3948 7371 3943 7371 3946 7372 3949 7372 3941 7372 3941 7373 3949 7373 3944 7373 3944 7374 3949 7374 3947 7374 3900 7375 3950 7375 3901 7375 3947 7376 3950 7376 3900 7376 3671 7377 3951 7377 3652 7377 3652 7378 3951 7378 3948 7378 3672 7379 3951 7379 3671 7379 3948 7380 3951 7380 3946 7380 3949 7381 3952 7381 3947 7381 3950 7382 3953 7382 3901 7382 3901 7383 3953 7383 3902 7383 3902 7384 3953 7384 3903 7384 3672 7385 3954 7385 3951 7385 3673 7386 3954 7386 3672 7386 3674 7387 3954 7387 3673 7387 3951 7388 3954 7388 3946 7388 3946 7389 3954 7389 3949 7389 3947 7390 3955 7390 3950 7390 3952 7391 3955 7391 3947 7391 3953 7392 3956 7392 3903 7392 3903 7393 3956 7393 3904 7393 3675 7394 3957 7394 3674 7394 3676 7395 3957 7395 3675 7395 3952 7396 3957 7396 3955 7396 3949 7397 3957 7397 3952 7397 3674 7398 3957 7398 3954 7398 3954 7399 3957 7399 3949 7399 3955 7400 3958 7400 3950 7400 3950 7401 3958 7401 3953 7401 3956 7402 3959 7402 3904 7402 3904 7403 3959 7403 3905 7403 3955 7404 3960 7404 3958 7404 3677 7405 3960 7405 3676 7405 3678 7406 3960 7406 3677 7406 3676 7407 3960 7407 3957 7407 3957 7408 3960 7408 3955 7408 3953 7409 3961 7409 3956 7409 3958 7410 3961 7410 3953 7410 3959 7411 3962 7411 3905 7411 3905 7412 3962 7412 3906 7412 3960 7413 3963 7413 3958 7413 3679 7414 3963 7414 3678 7414 3680 7415 3963 7415 3679 7415 3678 7416 3963 7416 3960 7416 3961 7417 3964 7417 3956 7417 3956 7418 3964 7418 3959 7418 3962 7419 3965 7419 3906 7419 3906 7420 3965 7420 3907 7420 3681 7421 3966 7421 3680 7421 3682 7422 3966 7422 3681 7422 3963 7423 3966 7423 3958 7423 3958 7424 3966 7424 3961 7424 3680 7425 3966 7425 3963 7425 3964 7426 3967 7426 3959 7426 3962 7427 3967 7427 3965 7427 3959 7428 3967 7428 3962 7428 3965 7429 3968 7429 3907 7429 3907 7430 3968 7430 3908 7430 3908 7431 3968 7431 3909 7431 3682 7432 3969 7432 3966 7432 3964 7433 3969 7433 3967 7433 3966 7434 3969 7434 3961 7434 3683 7435 3969 7435 3682 7435 3696 7436 3969 7436 3683 7436 3961 7437 3969 7437 3964 7437 3967 7438 3970 7438 3965 7438 3968 7439 3971 7439 3909 7439 3909 7440 3971 7440 3910 7440 3969 7441 3972 7441 3967 7441 3696 7442 3972 7442 3969 7442 3692 7443 3972 7443 3696 7443 3687 7444 3972 7444 3692 7444 3965 7445 3973 7445 3968 7445 3970 7446 3973 7446 3965 7446 3968 7447 3973 7447 3971 7447 3971 7448 3974 7448 3910 7448 3910 7449 3974 7449 3911 7449 3972 7450 3975 7450 3967 7450 3967 7451 3975 7451 3970 7451 3686 7452 3975 7452 3687 7452 3629 7453 3975 7453 3686 7453 3970 7454 3975 7454 3973 7454 3687 7455 3975 7455 3972 7455 3973 7456 3976 7456 3971 7456 3974 7457 3977 7457 3911 7457 3911 7458 3977 7458 3912 7458 3626 7459 3978 7459 3629 7459 3629 7460 3978 7460 3975 7460 3975 7461 3978 7461 3973 7461 3976 7462 3979 7462 3971 7462 3971 7463 3979 7463 3974 7463 3977 7464 3980 7464 3912 7464 3912 7465 3980 7465 3913 7465 3973 7466 3981 7466 3976 7466 3976 7467 3981 7467 3979 7467 3624 7468 3981 7468 3626 7468 3622 7469 3981 7469 3624 7469 3626 7470 3981 7470 3978 7470 3978 7471 3981 7471 3973 7471 3974 7472 3982 7472 3977 7472 3979 7473 3982 7473 3974 7473 3977 7474 3982 7474 3980 7474 3980 7475 3983 7475 3913 7475 3913 7476 3983 7476 3914 7476 3914 7477 3983 7477 3915 7477 3621 7478 3984 7478 3622 7478 3619 7479 3984 7479 3621 7479 3622 7480 3984 7480 3981 7480 3981 7481 3984 7481 3979 7481 3982 7482 3985 7482 3980 7482 3983 7483 3986 7483 3915 7483 3915 7484 3986 7484 3916 7484 3617 7485 3987 7485 3619 7485 3615 7486 3987 7486 3617 7486 3619 7487 3987 7487 3984 7487 3979 7488 3987 7488 3982 7488 3984 7489 3987 7489 3979 7489 3982 7490 3987 7490 3985 7490 3980 7491 3988 7491 3983 7491 3985 7492 3988 7492 3980 7492 3986 7493 3989 7493 3916 7493 3916 7494 3989 7494 3917 7494 3613 7495 3990 7495 3615 7495 3610 7496 3990 7496 3613 7496 3615 7497 3990 7497 3987 7497 3987 7498 3990 7498 3985 7498 3988 7499 3991 7499 3983 7499 3983 7500 3991 7500 3986 7500 3986 7501 3991 7501 3989 7501 3989 7502 3992 7502 3917 7502 3917 7503 3992 7503 3918 7503 3607 7504 3993 7504 3610 7504 3605 7505 3993 7505 3607 7505 3610 7506 3993 7506 3990 7506 3985 7507 3993 7507 3988 7507 3990 7508 3993 7508 3985 7508 3991 7509 3994 7509 3989 7509 3918 7510 3995 7510 3919 7510 3992 7511 3995 7511 3918 7511 3603 7512 3996 7512 3605 7512 3601 7513 3996 7513 3603 7513 3605 7514 3996 7514 3993 7514 3988 7515 3996 7515 3991 7515 3993 7516 3996 7516 3988 7516 3989 7517 3997 7517 3992 7517 3994 7518 3997 7518 3989 7518 3992 7519 3997 7519 3995 7519 3995 7520 3998 7520 3919 7520 3919 7521 3998 7521 3920 7521 3991 7522 3999 7522 3994 7522 3994 7523 3999 7523 3997 7523 3601 7524 3999 7524 3996 7524 3600 7525 3999 7525 3601 7525 3599 7526 3999 7526 3600 7526 3996 7527 3999 7527 3991 7527 3997 7528 4000 7528 3995 7528 3995 7529 4000 7529 3998 7529 3920 7530 4001 7530 3921 7530 3998 7531 4001 7531 3920 7531 3921 7532 4001 7532 3922 7532 3999 7533 4002 7533 3997 7533 3598 7534 4002 7534 3599 7534 3597 7535 4002 7535 3598 7535 3599 7536 4002 7536 3999 7536 4000 7537 4003 7537 3998 7537 4001 7538 4004 7538 3922 7538 3922 7539 4004 7539 3923 7539 3997 7540 4005 7540 4000 7540 4002 7541 4005 7541 3997 7541 3597 7542 4005 7542 4002 7542 3596 7543 4005 7543 3597 7543 3595 7544 4005 7544 3596 7544 3998 7545 4006 7545 4001 7545 4003 7546 4006 7546 3998 7546 4004 7547 4007 7547 3923 7547 3923 7548 4007 7548 3924 7548 4005 7549 4008 7549 4000 7549 3595 7550 4008 7550 4005 7550 3594 7551 4008 7551 3595 7551 3593 7552 4008 7552 3594 7552 4000 7553 4008 7553 4003 7553 4001 7554 4009 7554 4004 7554 4006 7555 4009 7555 4001 7555 4007 7556 4010 7556 3924 7556 3924 7557 4010 7557 3925 7557 4003 7558 4011 7558 4006 7558 4008 7559 4011 7559 4003 7559 3593 7560 4011 7560 4008 7560 4006 7561 4011 7561 4009 7561 3592 7562 4011 7562 3593 7562 3591 7563 4011 7563 3592 7563 4004 7564 4012 7564 4007 7564 4009 7565 4012 7565 4004 7565 3925 7566 4013 7566 3926 7566 3926 7567 4013 7567 598 7567 4010 7568 4013 7568 3925 7568 4009 7569 4014 7569 4012 7569 4011 7570 4014 7570 4009 7570 3591 7571 4014 7571 4011 7571 3589 7572 4014 7572 3591 7572 3586 7573 4014 7573 3589 7573 4007 7574 4015 7574 4010 7574 4012 7575 4015 7575 4007 7575 4010 7576 4015 7576 4013 7576 4012 7577 4016 7577 4015 7577 3584 7578 4016 7578 3586 7578 3583 7579 4016 7579 3584 7579 3586 7580 4016 7580 4014 7580 4014 7581 4016 7581 4012 7581 598 7582 4017 7582 605 7582 4013 7583 4017 7583 598 7583 4015 7584 4017 7584 4013 7584 4016 7585 4018 7585 4015 7585 3581 7586 4018 7586 3583 7586 3578 7587 4018 7587 3581 7587 3583 7588 4018 7588 4016 7588 4015 7589 4019 7589 4017 7589 3577 7590 4019 7590 3578 7590 3578 7591 4019 7591 4018 7591 3575 7592 4019 7592 3577 7592 605 7593 4019 7593 3575 7593 4017 7594 4019 7594 605 7594 4018 7595 4019 7595 4015 7595 543 7596 4020 7596 597 7596 597 7597 4020 7597 2488 7597 2488 7598 4021 7598 2491 7598 4020 7599 4021 7599 2488 7599 2491 7600 4022 7600 2495 7600 4021 7601 4022 7601 2491 7601 2495 7602 4023 7602 2497 7602 2497 7603 4023 7603 2499 7603 4022 7604 4023 7604 2495 7604 4023 7605 4024 7605 2499 7605 4024 7606 4025 7606 2499 7606 2499 7607 4025 7607 2544 7607 2544 7608 4025 7608 2539 7608 4025 7609 4026 7609 2539 7609 4026 7610 4027 7610 2539 7610 2539 7611 4027 7611 2535 7611 4027 7612 4028 7612 2535 7612 2535 7613 4028 7613 2530 7613 2530 7614 4028 7614 2525 7614 4028 7615 4029 7615 2525 7615 4029 7616 4030 7616 2525 7616 2525 7617 4030 7617 2518 7617 4030 7618 4031 7618 2518 7618 2518 7619 4031 7619 2513 7619 4031 7620 4032 7620 2513 7620 2513 7621 4032 7621 2509 7621 4032 7622 4033 7622 2509 7622 2509 7623 4033 7623 2506 7623 4033 7624 4034 7624 2506 7624 2506 7625 4034 7625 2502 7625 4034 7626 4035 7626 2502 7626 2502 7627 4035 7627 2500 7627 2500 7628 4035 7628 2504 7628 4035 7629 4036 7629 2504 7629 4036 7630 4037 7630 2504 7630 2504 7631 4037 7631 2511 7631 2511 7632 4038 7632 2516 7632 4037 7633 4038 7633 2511 7633 2516 7634 4038 7634 2520 7634 4038 7635 4039 7635 2520 7635 2520 7636 4040 7636 2523 7636 4039 7637 4040 7637 2520 7637 2523 7638 4041 7638 2464 7638 4040 7639 4041 7639 2523 7639 2464 7640 4042 7640 2459 7640 4041 7641 4042 7641 2464 7641 2459 7642 4043 7642 2455 7642 4042 7643 4043 7643 2459 7643 2455 7644 4044 7644 2451 7644 4043 7645 4044 7645 2455 7645 2451 7646 4045 7646 2447 7646 4044 7647 4045 7647 2451 7647 2447 7648 4046 7648 2443 7648 4045 7649 4046 7649 2447 7649 2443 7650 4047 7650 2439 7650 4046 7651 4047 7651 2443 7651 2439 7652 4048 7652 2432 7652 4047 7653 4048 7653 2439 7653 2432 7654 4049 7654 2428 7654 4048 7655 4049 7655 2432 7655 4049 7656 4050 7656 2428 7656 2428 7657 4050 7657 2424 7657 4050 7658 4051 7658 2424 7658 2424 7659 4051 7659 2377 7659 4051 7660 4052 7660 2377 7660 2377 7661 4052 7661 2324 7661 4052 7662 4053 7662 2324 7662 2324 7663 4053 7663 2323 7663 4053 7664 4054 7664 2323 7664 2323 7665 4054 7665 2322 7665 4054 7666 4055 7666 2322 7666 2322 7667 4055 7667 2321 7667 4055 7668 4056 7668 2321 7668 2321 7669 4056 7669 2319 7669 4056 7670 363 7670 2319 7670 2319 7671 363 7671 559 7671 543 7672 4057 7672 4020 7672 4020 7673 4057 7673 4021 7673 4057 7674 4058 7674 4021 7674 4021 7675 4058 7675 4022 7675 543 7676 4059 7676 4057 7676 552 7677 4059 7677 543 7677 4058 7678 4060 7678 4022 7678 4022 7679 4060 7679 4023 7679 4057 7680 4061 7680 4058 7680 4059 7681 4061 7681 4057 7681 4023 7682 4062 7682 4024 7682 4060 7683 4062 7683 4023 7683 3727 7684 4063 7684 552 7684 3728 7685 4063 7685 3727 7685 3729 7686 4063 7686 3728 7686 552 7687 4063 7687 4059 7687 4058 7688 4064 7688 4060 7688 4061 7689 4064 7689 4058 7689 4062 7690 4065 7690 4024 7690 4024 7691 4065 7691 4025 7691 4025 7692 4065 7692 4026 7692 3729 7693 4066 7693 4063 7693 3730 7694 4066 7694 3729 7694 3731 7695 4066 7695 3730 7695 4063 7696 4066 7696 4059 7696 4059 7697 4066 7697 4061 7697 4060 7698 4067 7698 4062 7698 4064 7699 4067 7699 4060 7699 4065 7700 4068 7700 4026 7700 4026 7701 4068 7701 4027 7701 4061 7702 4069 7702 4064 7702 3732 7703 4069 7703 3731 7703 3733 7704 4069 7704 3732 7704 3731 7705 4069 7705 4066 7705 4066 7706 4069 7706 4061 7706 4062 7707 4070 7707 4065 7707 4067 7708 4070 7708 4062 7708 4068 7709 4071 7709 4027 7709 4027 7710 4071 7710 4028 7710 3743 7711 4072 7711 3733 7711 3751 7712 4072 7712 3743 7712 4064 7713 4072 7713 4067 7713 3733 7714 4072 7714 4069 7714 4069 7715 4072 7715 4064 7715 4070 7716 4073 7716 4065 7716 4065 7717 4073 7717 4068 7717 4071 7718 4074 7718 4028 7718 4028 7719 4074 7719 4029 7719 3759 7720 4075 7720 3751 7720 3758 7721 4075 7721 3759 7721 3751 7722 4075 7722 4072 7722 4072 7723 4075 7723 4067 7723 4070 7724 4075 7724 4073 7724 4067 7725 4075 7725 4070 7725 4068 7726 4076 7726 4071 7726 4073 7727 4076 7727 4068 7727 4074 7728 4077 7728 4029 7728 4029 7729 4077 7729 4030 7729 3757 7730 4078 7730 3758 7730 3756 7731 4078 7731 3757 7731 3758 7732 4078 7732 4075 7732 4075 7733 4078 7733 4073 7733 4076 7734 4079 7734 4071 7734 4071 7735 4079 7735 4074 7735 4030 7736 4080 7736 4031 7736 4077 7737 4080 7737 4030 7737 4078 7738 4081 7738 4073 7738 3755 7739 4081 7739 3756 7739 3756 7740 4081 7740 4078 7740 3754 7741 4081 7741 3755 7741 4073 7742 4081 7742 4076 7742 4077 7743 4082 7743 4080 7743 4079 7744 4082 7744 4074 7744 4074 7745 4082 7745 4077 7745 4080 7746 4083 7746 4031 7746 4031 7747 4083 7747 4032 7747 4032 7748 4083 7748 4033 7748 3753 7749 4084 7749 3754 7749 3750 7750 4084 7750 3753 7750 3754 7751 4084 7751 4081 7751 4076 7752 4084 7752 4079 7752 4081 7753 4084 7753 4076 7753 4082 7754 4085 7754 4080 7754 4033 7755 4086 7755 4034 7755 4083 7756 4086 7756 4033 7756 4084 7757 4087 7757 4079 7757 4079 7758 4087 7758 4082 7758 3748 7759 4087 7759 3750 7759 3746 7760 4087 7760 3748 7760 3750 7761 4087 7761 4084 7761 4085 7762 4088 7762 4080 7762 4080 7763 4088 7763 4083 7763 4086 7764 4089 7764 4034 7764 4034 7765 4089 7765 4035 7765 4087 7766 4090 7766 4082 7766 3742 7767 4090 7767 3746 7767 3741 7768 4090 7768 3742 7768 4082 7769 4090 7769 4085 7769 3746 7770 4090 7770 4087 7770 4083 7771 4091 7771 4086 7771 4086 7772 4091 7772 4089 7772 4088 7773 4091 7773 4083 7773 4089 7774 4092 7774 4035 7774 4035 7775 4092 7775 4036 7775 4088 7776 4093 7776 4091 7776 4085 7777 4093 7777 4088 7777 3741 7778 4093 7778 4090 7778 3739 7779 4093 7779 3741 7779 3737 7780 4093 7780 3739 7780 4090 7781 4093 7781 4085 7781 4091 7782 4094 7782 4089 7782 4092 7783 4095 7783 4036 7783 4036 7784 4095 7784 4037 7784 3735 7785 4096 7785 3737 7785 3734 7786 4096 7786 3735 7786 4093 7787 4096 7787 4091 7787 3737 7788 4096 7788 4093 7788 4094 7789 4097 7789 4089 7789 4092 7790 4097 7790 4095 7790 4089 7791 4097 7791 4092 7791 4095 7792 4098 7792 4037 7792 4037 7793 4098 7793 4038 7793 4038 7794 4098 7794 4039 7794 4091 7795 4099 7795 4094 7795 4096 7796 4099 7796 4091 7796 3734 7797 4099 7797 4096 7797 3736 7798 4099 7798 3734 7798 3738 7799 4099 7799 3736 7799 4094 7800 4099 7800 4097 7800 4097 7801 4100 7801 4095 7801 4098 7802 4101 7802 4039 7802 4039 7803 4101 7803 4040 7803 3738 7804 4102 7804 4099 7804 3740 7805 4102 7805 3738 7805 3744 7806 4102 7806 3740 7806 4099 7807 4102 7807 4097 7807 4095 7808 4103 7808 4098 7808 4100 7809 4103 7809 4095 7809 4098 7810 4103 7810 4101 7810 4101 7811 4104 7811 4040 7811 4040 7812 4104 7812 4041 7812 4097 7813 4105 7813 4100 7813 4102 7814 4105 7814 4097 7814 4100 7815 4105 7815 4103 7815 3745 7816 4105 7816 3744 7816 3747 7817 4105 7817 3745 7817 3744 7818 4105 7818 4102 7818 4103 7819 4106 7819 4101 7819 4104 7820 4107 7820 4041 7820 4041 7821 4107 7821 4042 7821 3749 7822 4108 7822 3747 7822 4105 7823 4108 7823 4103 7823 3747 7824 4108 7824 4105 7824 4106 7825 4109 7825 4101 7825 4101 7826 4109 7826 4104 7826 4107 7827 4110 7827 4042 7827 4042 7828 4110 7828 4043 7828 4106 7829 4111 7829 4109 7829 3752 7830 4111 7830 3749 7830 3726 7831 4111 7831 3752 7831 4103 7832 4111 7832 4106 7832 3749 7833 4111 7833 4108 7833 4108 7834 4111 7834 4103 7834 4104 7835 4112 7835 4107 7835 4109 7836 4112 7836 4104 7836 4107 7837 4112 7837 4110 7837 4110 7838 4113 7838 4043 7838 4043 7839 4113 7839 4044 7839 4044 7840 4113 7840 4045 7840 3725 7841 4114 7841 3726 7841 3724 7842 4114 7842 3725 7842 3726 7843 4114 7843 4111 7843 4111 7844 4114 7844 4109 7844 4112 7845 4115 7845 4110 7845 4113 7846 4116 7846 4045 7846 4045 7847 4116 7847 4046 7847 3723 7848 4117 7848 3724 7848 3722 7849 4117 7849 3723 7849 3724 7850 4117 7850 4114 7850 4109 7851 4117 7851 4112 7851 4114 7852 4117 7852 4109 7852 4112 7853 4117 7853 4115 7853 4113 7854 4118 7854 4116 7854 4110 7855 4118 7855 4113 7855 4115 7856 4118 7856 4110 7856 4116 7857 4119 7857 4046 7857 4046 7858 4119 7858 4047 7858 3721 7859 4120 7859 3722 7859 3720 7860 4120 7860 3721 7860 3722 7861 4120 7861 4117 7861 4117 7862 4120 7862 4115 7862 4118 7863 4121 7863 4116 7863 4119 7864 4122 7864 4047 7864 4047 7865 4122 7865 4048 7865 3720 7866 4123 7866 4120 7866 3719 7867 4123 7867 3720 7867 3718 7868 4123 7868 3719 7868 4118 7869 4123 7869 4121 7869 4115 7870 4123 7870 4118 7870 4120 7871 4123 7871 4115 7871 4119 7872 4124 7872 4122 7872 4116 7873 4124 7873 4119 7873 4121 7874 4124 7874 4116 7874 4048 7875 4125 7875 4049 7875 4122 7876 4125 7876 4048 7876 3717 7877 4126 7877 3718 7877 3716 7878 4126 7878 3717 7878 3718 7879 4126 7879 4123 7879 4123 7880 4126 7880 4121 7880 4124 7881 4127 7881 4122 7881 4125 7882 4128 7882 4049 7882 4049 7883 4128 7883 4050 7883 4126 7884 4129 7884 4121 7884 4121 7885 4129 7885 4124 7885 3715 7886 4129 7886 3716 7886 3714 7887 4129 7887 3715 7887 3716 7888 4129 7888 4126 7888 4127 7889 4130 7889 4122 7889 4122 7890 4130 7890 4125 7890 4125 7891 4130 7891 4128 7891 4050 7892 4131 7892 4051 7892 4128 7893 4131 7893 4050 7893 4051 7894 4131 7894 4052 7894 4124 7895 4132 7895 4127 7895 3713 7896 4132 7896 3714 7896 3712 7897 4132 7897 3713 7897 4129 7898 4132 7898 4124 7898 3714 7899 4132 7899 4129 7899 4130 7900 4133 7900 4128 7900 4131 7901 4134 7901 4052 7901 4052 7902 4134 7902 4053 7902 4132 7903 4135 7903 4127 7903 3712 7904 4135 7904 4132 7904 3711 7905 4135 7905 3712 7905 3710 7906 4135 7906 3711 7906 4127 7907 4135 7907 4130 7907 4128 7908 4136 7908 4131 7908 4133 7909 4136 7909 4128 7909 4134 7910 4137 7910 4053 7910 4053 7911 4137 7911 4054 7911 3710 7912 4138 7912 4135 7912 4135 7913 4138 7913 4130 7913 3709 7914 4138 7914 3710 7914 3708 7915 4138 7915 3709 7915 4130 7916 4138 7916 4133 7916 4131 7917 4139 7917 4134 7917 4136 7918 4139 7918 4131 7918 4134 7919 4139 7919 4137 7919 4137 7920 4140 7920 4054 7920 4054 7921 4140 7921 4055 7921 4136 7922 4141 7922 4139 7922 3708 7923 4141 7923 4138 7923 4138 7924 4141 7924 4133 7924 3707 7925 4141 7925 3708 7925 3706 7926 4141 7926 3707 7926 4133 7927 4141 7927 4136 7927 4139 7928 4142 7928 4137 7928 4055 7929 4143 7929 4056 7929 4056 7930 4143 7930 363 7930 4140 7931 4143 7931 4055 7931 4141 7932 4144 7932 4139 7932 3706 7933 4144 7933 4141 7933 4139 7934 4144 7934 4142 7934 3705 7935 4144 7935 3706 7935 3704 7936 4144 7936 3705 7936 4137 7937 4145 7937 4140 7937 4142 7938 4145 7938 4137 7938 3704 7939 4146 7939 4144 7939 4144 7940 4146 7940 4142 7940 4142 7941 4146 7941 4145 7941 3703 7942 4146 7942 3704 7942 3697 7943 4146 7943 3703 7943 363 7944 4147 7944 370 7944 4143 7945 4147 7945 363 7945 4140 7946 4147 7946 4143 7946 4145 7947 4147 7947 4140 7947 3693 7948 4148 7948 3697 7948 3690 7949 4148 7949 3693 7949 3697 7950 4148 7950 4146 7950 4146 7951 4148 7951 4145 7951 4145 7952 4149 7952 4147 7952 3688 7953 4149 7953 3690 7953 3684 7954 4149 7954 3688 7954 370 7955 4149 7955 3684 7955 4147 7956 4149 7956 370 7956 3690 7957 4149 7957 4148 7957 4148 7958 4149 7958 4145 7958 308 7959 4150 7959 362 7959 362 7960 4150 7960 2178 7960 2178 7961 4151 7961 2187 7961 4150 7962 4151 7962 2178 7962 2187 7963 4152 7963 2190 7963 4151 7964 4152 7964 2187 7964 2190 7965 4153 7965 2193 7965 2193 7966 4153 7966 2196 7966 4152 7967 4153 7967 2190 7967 4153 7968 4154 7968 2196 7968 4154 7969 4155 7969 2196 7969 2196 7970 4155 7970 2285 7970 2285 7971 4155 7971 2283 7971 4155 7972 4156 7972 2283 7972 4156 7973 4157 7973 2283 7973 2283 7974 4157 7974 2281 7974 4157 7975 4158 7975 2281 7975 2281 7976 4158 7976 2278 7976 2278 7977 4158 7977 2276 7977 4158 7978 4159 7978 2276 7978 4159 7979 4160 7979 2276 7979 2276 7980 4160 7980 2273 7980 4160 7981 4161 7981 2273 7981 2273 7982 4161 7982 2271 7982 4161 7983 4162 7983 2271 7983 2271 7984 4162 7984 2269 7984 4162 7985 4163 7985 2269 7985 2269 7986 4163 7986 2267 7986 4163 7987 4164 7987 2267 7987 2267 7988 4164 7988 2265 7988 4164 7989 4165 7989 2265 7989 2265 7990 4165 7990 2186 7990 2186 7991 4165 7991 2182 7991 4165 7992 4166 7992 2182 7992 4166 7993 4167 7993 2182 7993 2182 7994 4167 7994 2180 7994 2180 7995 4168 7995 2177 7995 4167 7996 4168 7996 2180 7996 2177 7997 4168 7997 2173 7997 4168 7998 4169 7998 2173 7998 2173 7999 4170 7999 2171 7999 4169 8000 4170 8000 2173 8000 2171 8001 4171 8001 2166 8001 4170 8002 4171 8002 2171 8002 2166 8003 4172 8003 2163 8003 4171 8004 4172 8004 2166 8004 2163 8005 4173 8005 2159 8005 4172 8006 4173 8006 2163 8006 2159 8007 4174 8007 2157 8007 4173 8008 4174 8008 2159 8008 2157 8009 4175 8009 2153 8009 4174 8010 4175 8010 2157 8010 2153 8011 4176 8011 2151 8011 4175 8012 4176 8012 2153 8012 2151 8013 4177 8013 2145 8013 4176 8014 4177 8014 2151 8014 2145 8015 4178 8015 2143 8015 4177 8016 4178 8016 2145 8016 2143 8017 4179 8017 2141 8017 4178 8018 4179 8018 2143 8018 4179 8019 4180 8019 2141 8019 2141 8020 4180 8020 2137 8020 4180 8021 4181 8021 2137 8021 2137 8022 4181 8022 2135 8022 4181 8023 4182 8023 2135 8023 2135 8024 4182 8024 2088 8024 4182 8025 4183 8025 2088 8025 2088 8026 4183 8026 2084 8026 4183 8027 4184 8027 2084 8027 2084 8028 4184 8028 2080 8028 4184 8029 4185 8029 2080 8029 2080 8030 4185 8030 2075 8030 4185 8031 4186 8031 2075 8031 2075 8032 4186 8032 2072 8032 4186 8033 128 8033 2072 8033 2072 8034 128 8034 324 8034 308 8035 4187 8035 4150 8035 4150 8036 4187 8036 4151 8036 4187 8037 4188 8037 4151 8037 4151 8038 4188 8038 4152 8038 308 8039 4189 8039 4187 8039 317 8040 4189 8040 308 8040 4188 8041 4190 8041 4152 8041 4152 8042 4190 8042 4153 8042 4187 8043 4191 8043 4188 8043 4189 8044 4191 8044 4187 8044 4153 8045 4192 8045 4154 8045 4190 8046 4192 8046 4153 8046 3685 8047 4193 8047 317 8047 3689 8048 4193 8048 3685 8048 3691 8049 4193 8049 3689 8049 317 8050 4193 8050 4189 8050 4188 8051 4194 8051 4190 8051 4191 8052 4194 8052 4188 8052 4192 8053 4195 8053 4154 8053 4154 8054 4195 8054 4155 8054 4155 8055 4195 8055 4156 8055 3691 8056 4196 8056 4193 8056 3694 8057 4196 8057 3691 8057 3695 8058 4196 8058 3694 8058 4193 8059 4196 8059 4189 8059 4189 8060 4196 8060 4191 8060 4190 8061 4197 8061 4192 8061 4194 8062 4197 8062 4190 8062 4195 8063 4198 8063 4156 8063 4156 8064 4198 8064 4157 8064 4191 8065 4199 8065 4194 8065 3702 8066 4199 8066 3695 8066 3701 8067 4199 8067 3702 8067 3695 8068 4199 8068 4196 8068 4196 8069 4199 8069 4191 8069 4192 8070 4200 8070 4195 8070 4197 8071 4200 8071 4192 8071 4198 8072 4201 8072 4157 8072 4157 8073 4201 8073 4158 8073 3700 8074 4202 8074 3701 8074 3699 8075 4202 8075 3700 8075 4194 8076 4202 8076 4197 8076 3701 8077 4202 8077 4199 8077 4199 8078 4202 8078 4194 8078 4200 8079 4203 8079 4195 8079 4195 8080 4203 8080 4198 8080 4201 8081 4204 8081 4158 8081 4158 8082 4204 8082 4159 8082 3698 8083 4205 8083 3699 8083 3670 8084 4205 8084 3698 8084 3699 8085 4205 8085 4202 8085 4202 8086 4205 8086 4197 8086 4197 8087 4205 8087 4200 8087 4198 8088 4206 8088 4201 8088 4203 8089 4206 8089 4198 8089 4204 8090 4207 8090 4159 8090 4159 8091 4207 8091 4160 8091 3669 8092 4208 8092 3670 8092 3668 8093 4208 8093 3669 8093 4203 8094 4208 8094 4206 8094 4205 8095 4208 8095 4200 8095 3670 8096 4208 8096 4205 8096 4200 8097 4208 8097 4203 8097 4206 8098 4209 8098 4201 8098 4201 8099 4209 8099 4204 8099 4204 8100 4209 8100 4207 8100 4160 8101 4210 8101 4161 8101 4207 8102 4210 8102 4160 8102 3667 8103 4211 8103 3668 8103 3668 8104 4211 8104 4208 8104 3666 8105 4211 8105 3667 8105 4208 8106 4211 8106 4206 8106 4209 8107 4212 8107 4207 8107 4210 8108 4213 8108 4161 8108 4161 8109 4213 8109 4162 8109 4162 8110 4213 8110 4163 8110 3666 8111 4214 8111 4211 8111 3665 8112 4214 8112 3666 8112 3664 8113 4214 8113 3665 8113 4211 8114 4214 8114 4206 8114 4206 8115 4214 8115 4209 8115 4207 8116 4215 8116 4210 8116 4212 8117 4215 8117 4207 8117 4213 8118 4216 8118 4163 8118 4163 8119 4216 8119 4164 8119 3663 8120 4217 8120 3664 8120 3662 8121 4217 8121 3663 8121 4212 8122 4217 8122 4215 8122 4209 8123 4217 8123 4212 8123 3664 8124 4217 8124 4214 8124 4214 8125 4217 8125 4209 8125 4215 8126 4218 8126 4210 8126 4210 8127 4218 8127 4213 8127 4216 8128 4219 8128 4164 8128 4164 8129 4219 8129 4165 8129 4215 8130 4220 8130 4218 8130 3661 8131 4220 8131 3662 8131 3660 8132 4220 8132 3661 8132 3662 8133 4220 8133 4217 8133 4217 8134 4220 8134 4215 8134 4213 8135 4221 8135 4216 8135 4218 8136 4221 8136 4213 8136 4219 8137 4222 8137 4165 8137 4165 8138 4222 8138 4166 8138 4220 8139 4223 8139 4218 8139 3659 8140 4223 8140 3660 8140 3658 8141 4223 8141 3659 8141 3660 8142 4223 8142 4220 8142 4221 8143 4224 8143 4216 8143 4216 8144 4224 8144 4219 8144 4222 8145 4225 8145 4166 8145 4166 8146 4225 8146 4167 8146 3657 8147 4226 8147 3658 8147 3656 8148 4226 8148 3657 8148 4223 8149 4226 8149 4218 8149 4218 8150 4226 8150 4221 8150 3658 8151 4226 8151 4223 8151 4224 8152 4227 8152 4219 8152 4222 8153 4227 8153 4225 8153 4219 8154 4227 8154 4222 8154 4225 8155 4228 8155 4167 8155 4167 8156 4228 8156 4168 8156 4168 8157 4228 8157 4169 8157 3656 8158 4229 8158 4226 8158 4224 8159 4229 8159 4227 8159 4226 8160 4229 8160 4221 8160 3655 8161 4229 8161 3656 8161 3654 8162 4229 8162 3655 8162 4221 8163 4229 8163 4224 8163 4227 8164 4230 8164 4225 8164 4228 8165 4231 8165 4169 8165 4169 8166 4231 8166 4170 8166 4229 8167 4232 8167 4227 8167 3654 8168 4232 8168 4229 8168 3653 8169 4232 8169 3654 8169 3639 8170 4232 8170 3653 8170 4225 8171 4233 8171 4228 8171 4230 8172 4233 8172 4225 8172 4228 8173 4233 8173 4231 8173 4231 8174 4234 8174 4170 8174 4170 8175 4234 8175 4171 8175 4232 8176 4235 8176 4227 8176 4227 8177 4235 8177 4230 8177 3638 8178 4235 8178 3639 8178 3637 8179 4235 8179 3638 8179 4230 8180 4235 8180 4233 8180 3639 8181 4235 8181 4232 8181 4233 8182 4236 8182 4231 8182 4234 8183 4237 8183 4171 8183 4171 8184 4237 8184 4172 8184 3636 8185 4238 8185 3637 8185 3637 8186 4238 8186 4235 8186 4235 8187 4238 8187 4233 8187 4236 8188 4239 8188 4231 8188 4231 8189 4239 8189 4234 8189 4237 8190 4240 8190 4172 8190 4172 8191 4240 8191 4173 8191 4233 8192 4241 8192 4236 8192 4236 8193 4241 8193 4239 8193 3635 8194 4241 8194 3636 8194 3634 8195 4241 8195 3635 8195 3636 8196 4241 8196 4238 8196 4238 8197 4241 8197 4233 8197 4234 8198 4242 8198 4237 8198 4239 8199 4242 8199 4234 8199 4237 8200 4242 8200 4240 8200 4240 8201 4243 8201 4173 8201 4173 8202 4243 8202 4174 8202 4174 8203 4243 8203 4175 8203 3633 8204 4244 8204 3634 8204 3632 8205 4244 8205 3633 8205 3634 8206 4244 8206 4241 8206 4241 8207 4244 8207 4239 8207 4242 8208 4245 8208 4240 8208 4243 8209 4246 8209 4175 8209 4175 8210 4246 8210 4176 8210 3631 8211 4247 8211 3632 8211 3630 8212 4247 8212 3631 8212 3632 8213 4247 8213 4244 8213 4239 8214 4247 8214 4242 8214 4244 8215 4247 8215 4239 8215 4242 8216 4247 8216 4245 8216 4240 8217 4248 8217 4243 8217 4245 8218 4248 8218 4240 8218 4246 8219 4249 8219 4176 8219 4176 8220 4249 8220 4177 8220 3628 8221 4250 8221 3630 8221 3627 8222 4250 8222 3628 8222 3630 8223 4250 8223 4247 8223 4247 8224 4250 8224 4245 8224 4248 8225 4251 8225 4243 8225 4243 8226 4251 8226 4246 8226 4246 8227 4251 8227 4249 8227 4249 8228 4252 8228 4177 8228 4177 8229 4252 8229 4178 8229 3625 8230 4253 8230 3627 8230 3623 8231 4253 8231 3625 8231 3627 8232 4253 8232 4250 8232 4245 8233 4253 8233 4248 8233 4250 8234 4253 8234 4245 8234 4251 8235 4254 8235 4249 8235 4178 8236 4255 8236 4179 8236 4252 8237 4255 8237 4178 8237 3620 8238 4256 8238 3623 8238 3618 8239 4256 8239 3620 8239 3623 8240 4256 8240 4253 8240 4248 8241 4256 8241 4251 8241 4253 8242 4256 8242 4248 8242 4249 8243 4257 8243 4252 8243 4254 8244 4257 8244 4249 8244 4252 8245 4257 8245 4255 8245 4255 8246 4258 8246 4179 8246 4179 8247 4258 8247 4180 8247 4251 8248 4259 8248 4254 8248 4254 8249 4259 8249 4257 8249 3618 8250 4259 8250 4256 8250 3616 8251 4259 8251 3618 8251 3614 8252 4259 8252 3616 8252 4256 8253 4259 8253 4251 8253 4257 8254 4260 8254 4255 8254 4255 8255 4260 8255 4258 8255 4180 8256 4261 8256 4181 8256 4258 8257 4261 8257 4180 8257 4181 8258 4261 8258 4182 8258 4259 8259 4262 8259 4257 8259 3612 8260 4262 8260 3614 8260 3611 8261 4262 8261 3612 8261 3614 8262 4262 8262 4259 8262 4260 8263 4263 8263 4258 8263 4261 8264 4264 8264 4182 8264 4182 8265 4264 8265 4183 8265 4257 8266 4265 8266 4260 8266 4262 8267 4265 8267 4257 8267 3611 8268 4265 8268 4262 8268 3609 8269 4265 8269 3611 8269 3608 8270 4265 8270 3609 8270 4258 8271 4266 8271 4261 8271 4263 8272 4266 8272 4258 8272 4264 8273 4267 8273 4183 8273 4183 8274 4267 8274 4184 8274 4265 8275 4268 8275 4260 8275 3608 8276 4268 8276 4265 8276 3606 8277 4268 8277 3608 8277 3604 8278 4268 8278 3606 8278 4260 8279 4268 8279 4263 8279 4261 8280 4269 8280 4264 8280 4266 8281 4269 8281 4261 8281 4267 8282 4270 8282 4184 8282 4184 8283 4270 8283 4185 8283 4263 8284 4271 8284 4266 8284 4268 8285 4271 8285 4263 8285 3604 8286 4271 8286 4268 8286 4266 8287 4271 8287 4269 8287 3602 8288 4271 8288 3604 8288 3590 8289 4271 8289 3602 8289 4264 8290 4272 8290 4267 8290 4269 8291 4272 8291 4264 8291 4185 8292 4273 8292 4186 8292 4186 8293 4273 8293 128 8293 4270 8294 4273 8294 4185 8294 4269 8295 4274 8295 4272 8295 4271 8296 4274 8296 4269 8296 3590 8297 4274 8297 4271 8297 3588 8298 4274 8298 3590 8298 3587 8299 4274 8299 3588 8299 4267 8300 4275 8300 4270 8300 4272 8301 4275 8301 4267 8301 4270 8302 4275 8302 4273 8302 4272 8303 4276 8303 4275 8303 3585 8304 4276 8304 3587 8304 3582 8305 4276 8305 3585 8305 3587 8306 4276 8306 4274 8306 4274 8307 4276 8307 4272 8307 128 8308 4277 8308 135 8308 4273 8309 4277 8309 128 8309 4275 8310 4277 8310 4273 8310 4276 8311 4278 8311 4275 8311 3580 8312 4278 8312 3582 8312 3579 8313 4278 8313 3580 8313 3582 8314 4278 8314 4276 8314 4275 8315 4279 8315 4277 8315 3576 8316 4279 8316 3579 8316 3579 8317 4279 8317 4278 8317 3574 8318 4279 8318 3576 8318 135 8319 4279 8319 3574 8319 4277 8320 4279 8320 135 8320 4278 8321 4279 8321 4275 8321 1099 8322 4280 8322 4281 8322 1099 8323 4281 8323 1101 8323 1103 8324 4281 8324 4282 8324 1103 8325 1101 8325 4281 8325 1097 8326 4283 8326 4280 8326 1097 8327 4280 8327 1099 8327 1105 8328 4282 8328 4284 8328 1105 8329 1103 8329 4282 8329 1095 8330 4285 8330 4283 8330 1095 8331 4283 8331 1097 8331 1107 8332 4284 8332 4286 8332 1107 8333 1105 8333 4284 8333 1093 8334 4287 8334 4285 8334 1093 8335 4285 8335 1095 8335 1109 8336 4286 8336 4288 8336 1109 8337 1107 8337 4286 8337 1091 8338 4289 8338 4290 8338 1091 8339 4290 8339 4287 8339 1091 8340 4287 8340 1093 8340 1111 8341 4288 8341 4291 8341 1111 8342 1109 8342 4288 8342 1089 8343 4292 8343 4289 8343 1089 8344 4289 8344 1091 8344 1113 8345 4291 8345 4293 8345 1113 8346 1111 8346 4291 8346 1087 8347 4292 8347 1089 8347 1115 8348 4293 8348 4294 8348 1115 8349 4294 8349 4295 8349 1115 8350 1113 8350 4293 8350 1085 8351 4292 8351 1087 8351 1085 8352 4296 8352 4292 8352 1117 8353 1115 8353 4295 8353 1083 8354 4297 8354 4296 8354 1083 8355 4296 8355 1085 8355 1119 8356 4295 8356 4298 8356 1119 8357 1117 8357 4295 8357 1081 8358 4299 8358 4300 8358 1081 8359 4300 8359 4297 8359 1081 8360 4297 8360 1083 8360 1121 8361 4298 8361 4301 8361 1121 8362 1119 8362 4298 8362 1079 8363 4299 8363 1081 8363 1123 8364 1121 8364 4301 8364 1123 8365 4301 8365 4302 8365 1077 8366 4303 8366 4299 8366 1077 8367 4299 8367 1079 8367 1125 8368 4302 8368 4304 8368 1125 8369 1123 8369 4302 8369 1075 8370 4305 8370 4303 8370 1075 8371 4303 8371 1077 8371 1127 8372 4304 8372 4306 8372 1127 8373 1125 8373 4304 8373 1073 8374 4307 8374 4308 8374 1073 8375 4308 8375 4305 8375 1073 8376 4305 8376 1075 8376 1129 8377 4306 8377 4309 8377 1129 8378 1127 8378 4306 8378 1071 8379 4307 8379 1073 8379 1131 8380 4309 8380 4310 8380 1131 8381 1129 8381 4309 8381 1069 8382 2 8382 4307 8382 1069 8383 4307 8383 1071 8383 1133 8384 1131 8384 4310 8384 1133 8385 4310 8385 4311 8385 1133 8386 4311 8386 4312 8386 3510 8387 3 8387 2 8387 3510 8388 2 8388 1069 8388 1135 8389 1133 8389 4312 8389 3508 8390 3 8390 3510 8390 3508 8391 5 8391 3 8391 1137 8392 4312 8392 4313 8392 1137 8393 4313 8393 4314 8393 1137 8394 1135 8394 4312 8394 3506 8395 5 8395 3508 8395 3506 8396 7 8396 5 8396 1139 8397 1137 8397 4314 8397 3505 8398 7 8398 3506 8398 3505 8399 9 8399 7 8399 1141 8400 1139 8400 4314 8400 1141 8401 4314 8401 4315 8401 3503 8402 11 8402 9 8402 3503 8403 9 8403 3505 8403 1143 8404 4315 8404 4316 8404 1143 8405 1141 8405 4315 8405 3500 8406 13 8406 11 8406 3500 8407 11 8407 3503 8407 1145 8408 4316 8408 4317 8408 1145 8409 4317 8409 4318 8409 1145 8410 1143 8410 4316 8410 3498 8411 13 8411 3500 8411 3498 8412 15 8412 13 8412 1147 8413 1145 8413 4318 8413 3496 8414 17 8414 15 8414 3496 8415 15 8415 3498 8415 1149 8416 4318 8416 4319 8416 1149 8417 1147 8417 4318 8417 3494 8418 19 8418 17 8418 3494 8419 17 8419 3496 8419 1151 8420 4319 8420 4320 8420 1151 8421 4320 8421 4321 8421 1151 8422 1149 8422 4319 8422 3493 8423 21 8423 19 8423 3493 8424 19 8424 3494 8424 1153 8425 1151 8425 4321 8425 3491 8426 23 8426 21 8426 3491 8427 21 8427 3493 8427 1155 8428 4321 8428 4322 8428 1155 8429 1153 8429 4321 8429 3488 8430 27 8430 25 8430 3488 8431 25 8431 23 8431 3488 8432 23 8432 3491 8432 1157 8433 4322 8433 4323 8433 1157 8434 1155 8434 4322 8434 3486 8435 27 8435 3488 8435 1159 8436 4323 8436 4324 8436 1159 8437 1157 8437 4323 8437 3484 8438 29 8438 27 8438 3484 8439 27 8439 3486 8439 1161 8440 4324 8440 4325 8440 1161 8441 1159 8441 4324 8441 3483 8442 31 8442 29 8442 3483 8443 29 8443 3484 8443 1162 8444 4325 8444 4326 8444 1162 8445 1161 8445 4325 8445 33 8446 3483 8446 3480 8446 33 8447 31 8447 3483 8447 4327 8448 1165 8448 1162 8448 4327 8449 1167 8449 1165 8449 4327 8450 1162 8450 4326 8450 35 8451 33 8451 3480 8451 35 8452 3480 8452 3478 8452 4328 8453 1167 8453 4327 8453 37 8454 35 8454 3478 8454 37 8455 3478 8455 3476 8455 4329 8456 1167 8456 4328 8456 4329 8457 1169 8457 1167 8457 39 8458 37 8458 3476 8458 39 8459 3476 8459 3474 8459 4330 8460 1169 8460 4329 8460 4330 8461 1171 8461 1169 8461 41 8462 39 8462 3474 8462 41 8463 3474 8463 3473 8463 4331 8464 1173 8464 1171 8464 4331 8465 1171 8465 4330 8465 43 8466 41 8466 3473 8466 43 8467 3473 8467 3471 8467 4332 8468 1175 8468 1173 8468 4332 8469 1177 8469 1175 8469 4332 8470 1173 8470 4331 8470 45 8471 3471 8471 3468 8471 45 8472 43 8472 3471 8472 4333 8473 1177 8473 4332 8473 47 8474 3466 8474 3464 8474 47 8475 3468 8475 3466 8475 47 8476 45 8476 3468 8476 4334 8477 1177 8477 4333 8477 4334 8478 1178 8478 1177 8478 4334 8479 1181 8479 1178 8479 49 8480 47 8480 3464 8480 4335 8481 1183 8481 1181 8481 4335 8482 1181 8482 4334 8482 51 8483 49 8483 3464 8483 51 8484 3464 8484 3462 8484 4336 8485 1183 8485 4335 8485 53 8486 3462 8486 3461 8486 53 8487 51 8487 3462 8487 4337 8488 1183 8488 4336 8488 4337 8489 1184 8489 1183 8489 55 8490 3461 8490 3458 8490 55 8491 53 8491 3461 8491 4338 8492 1184 8492 4337 8492 4338 8493 1187 8493 1184 8493 57 8494 3458 8494 3456 8494 57 8495 55 8495 3458 8495 4339 8496 1189 8496 1187 8496 4339 8497 1187 8497 4338 8497 59 8498 3456 8498 3454 8498 59 8499 57 8499 3456 8499 4340 8500 1191 8500 1189 8500 4340 8501 1189 8501 4339 8501 61 8502 3454 8502 3452 8502 61 8503 59 8503 3454 8503 4341 8504 1193 8504 1191 8504 4341 8505 1195 8505 1193 8505 4341 8506 1191 8506 4340 8506 63 8507 61 8507 3452 8507 63 8508 3452 8508 3450 8508 127 8509 3389 8509 1195 8509 127 8510 1195 8510 4341 8510 65 8511 63 8511 3450 8511 65 8512 3448 8512 3446 8512 65 8513 3450 8513 3448 8513 125 8514 3389 8514 127 8514 67 8515 65 8515 3446 8515 123 8516 3391 8516 3389 8516 123 8517 3393 8517 3391 8517 123 8518 3389 8518 125 8518 69 8519 67 8519 3446 8519 69 8520 3446 8520 3445 8520 120 8521 3393 8521 123 8521 71 8522 3445 8522 3442 8522 71 8523 69 8523 3445 8523 119 8524 3395 8524 3393 8524 119 8525 3393 8525 120 8525 73 8526 71 8526 3442 8526 73 8527 3442 8527 3440 8527 117 8528 3395 8528 119 8528 117 8529 3397 8529 3395 8529 75 8530 73 8530 3440 8530 75 8531 3438 8531 3436 8531 75 8532 3440 8532 3438 8532 114 8533 3399 8533 3397 8533 114 8534 3401 8534 3399 8534 114 8535 3397 8535 117 8535 76 8536 75 8536 3436 8536 76 8537 3436 8537 3434 8537 113 8538 3401 8538 114 8538 79 8539 76 8539 3434 8539 111 8540 3401 8540 113 8540 111 8541 3403 8541 3401 8541 111 8542 3405 8542 3403 8542 81 8543 79 8543 3434 8543 81 8544 3434 8544 3432 8544 109 8545 3405 8545 111 8545 83 8546 81 8546 3432 8546 83 8547 3430 8547 3428 8547 83 8548 3432 8548 3430 8548 107 8549 3405 8549 109 8549 107 8550 3407 8550 3405 8550 107 8551 3409 8551 3407 8551 85 8552 83 8552 3428 8552 105 8553 3409 8553 107 8553 87 8554 85 8554 3428 8554 87 8555 3428 8555 3426 8555 103 8556 3409 8556 105 8556 103 8557 3411 8557 3409 8557 89 8558 87 8558 3426 8558 89 8559 3424 8559 3422 8559 89 8560 3426 8560 3424 8560 101 8561 3411 8561 103 8561 101 8562 3413 8562 3411 8562 91 8563 89 8563 3422 8563 99 8564 3413 8564 101 8564 99 8565 3415 8565 3413 8565 93 8566 91 8566 3422 8566 93 8567 3420 8567 3419 8567 93 8568 3422 8568 3420 8568 97 8569 3417 8569 3415 8569 97 8570 3415 8570 99 8570 95 8571 3419 8571 3417 8571 95 8572 3417 8572 97 8572 95 8573 93 8573 3419 8573 126 8574 127 8574 4341 8574 2018 8575 126 8575 4341 8575 2018 8576 4341 8576 4340 8576 2014 8577 2018 8577 4340 8577 2014 8578 4340 8578 4339 8578 2011 8579 2014 8579 4339 8579 2011 8580 4339 8580 4338 8580 2008 8581 2011 8581 4338 8581 2008 8582 4338 8582 4337 8582 2005 8583 2008 8583 4337 8583 2005 8584 4337 8584 4336 8584 2003 8585 4336 8585 4335 8585 2003 8586 2005 8586 4336 8586 2000 8587 4335 8587 4334 8587 2000 8588 2003 8588 4335 8588 1997 8589 4334 8589 4333 8589 1997 8590 2000 8590 4334 8590 1993 8591 4333 8591 4332 8591 1993 8592 1997 8592 4333 8592 1989 8593 4332 8593 4331 8593 1989 8594 1993 8594 4332 8594 1983 8595 4331 8595 4330 8595 1983 8596 1989 8596 4331 8596 1978 8597 4330 8597 4329 8597 1978 8598 1983 8598 4330 8598 1972 8599 4329 8599 4328 8599 1972 8600 1978 8600 4329 8600 1968 8601 4328 8601 4327 8601 1968 8602 1972 8602 4328 8602 1963 8603 4327 8603 4326 8603 1963 8604 1968 8604 4327 8604 1960 8605 4326 8605 4325 8605 1960 8606 1963 8606 4326 8606 1964 8607 1960 8607 4325 8607 1964 8608 4325 8608 4324 8608 1969 8609 1964 8609 4324 8609 1969 8610 4324 8610 4323 8610 1975 8611 1969 8611 4323 8611 1975 8612 4323 8612 4322 8612 1980 8613 1975 8613 4322 8613 1980 8614 4322 8614 4321 8614 1986 8615 1980 8615 4321 8615 1986 8616 4321 8616 4320 8616 1990 8617 1986 8617 4320 8617 1990 8618 4320 8618 4319 8618 1995 8619 1990 8619 4319 8619 1995 8620 4319 8620 4318 8620 1998 8621 1995 8621 4318 8621 1998 8622 4318 8622 4317 8622 2001 8623 1998 8623 4317 8623 2001 8624 4317 8624 4316 8624 2004 8625 4316 8625 4315 8625 2004 8626 2001 8626 4316 8626 2007 8627 4315 8627 4314 8627 2007 8628 2004 8628 4315 8628 2010 8629 2007 8629 4314 8629 2010 8630 4314 8630 4313 8630 2012 8631 4313 8631 4312 8631 2012 8632 2010 8632 4313 8632 2016 8633 4312 8633 4311 8633 2016 8634 2012 8634 4312 8634 2020 8635 4311 8635 4310 8635 2020 8636 2016 8636 4311 8636 2023 8637 4310 8637 4309 8637 2023 8638 2020 8638 4310 8638 2026 8639 4309 8639 4306 8639 2026 8640 2023 8640 4309 8640 2032 8641 2026 8641 4306 8641 2058 8642 4304 8642 4302 8642 2058 8643 4306 8643 4304 8643 2058 8644 2032 8644 4306 8644 2061 8645 4302 8645 4301 8645 2061 8646 2058 8646 4302 8646 2062 8647 4301 8647 4298 8647 2062 8648 2061 8648 4301 8648 2065 8649 4298 8649 4295 8649 2065 8650 2062 8650 4298 8650 2066 8651 2065 8651 4295 8651 2069 8652 4295 8652 4294 8652 2069 8653 2066 8653 4295 8653 2077 8654 4293 8654 4291 8654 2077 8655 4294 8655 4293 8655 2077 8656 2069 8656 4294 8656 2079 8657 2077 8657 4291 8657 2083 8658 2079 8658 4291 8658 2083 8659 4288 8659 4286 8659 2083 8660 4291 8660 4288 8660 2086 8661 2083 8661 4286 8661 2091 8662 2086 8662 4286 8662 2091 8663 4284 8663 4282 8663 2091 8664 4286 8664 4284 8664 2093 8665 2091 8665 4282 8665 2095 8666 4281 8666 4280 8666 2095 8667 4282 8667 4281 8667 2095 8668 2093 8668 4282 8668 2115 8669 4280 8669 4283 8669 2115 8670 2095 8670 4280 8670 2128 8671 2115 8671 4283 8671 2138 8672 4283 8672 4285 8672 2138 8673 2128 8673 4283 8673 2146 8674 4285 8674 4287 8674 2146 8675 2138 8675 4285 8675 2154 8676 4290 8676 4289 8676 2154 8677 4287 8677 4290 8677 2154 8678 2146 8678 4287 8678 2160 8679 2154 8679 4289 8679 2168 8680 4292 8680 4296 8680 2168 8681 4289 8681 4292 8681 2168 8682 2160 8682 4289 8682 2174 8683 2168 8683 4296 8683 2183 8684 4297 8684 4300 8684 2183 8685 4296 8685 4297 8685 2183 8686 2174 8686 4296 8686 2188 8687 2183 8687 4300 8687 2191 8688 4299 8688 4303 8688 2191 8689 4300 8689 4299 8689 2191 8690 2188 8690 4300 8690 2194 8691 2191 8691 4303 8691 2197 8692 4303 8692 4305 8692 2197 8693 2194 8693 4303 8693 2316 8694 4305 8694 4308 8694 2316 8695 2197 8695 4305 8695 2317 8696 4308 8696 4307 8696 2317 8697 2316 8697 4308 8697 1 8698 4307 8698 2 8698 1 8699 2317 8699 4307 8699</p>
        </triangles>
      </mesh>
    </geometry>
  </library_geometries>
  <library_materials>
    <material id="mat_OmniBase_Predeterminado_shape" name="OmniBase_Predeterminado_shape">
      <instance_effect url="#effect_OmniBase_Predeterminado_shape"/>
    </material>
  </library_materials>
  <library_visual_scenes>
    <visual_scene id="myscene">
      <node id="node0" name="node0">
        <instance_geometry url="#geometry0">
          <bind_material>
            <technique_common>
              <instance_material symbol="ref_OmniBase_Predeterminado_shape" target="#mat_OmniBase_Predeterminado_shape"/>
            </technique_common>
          </bind_material>
        </instance_geometry>
      </node>
    </visual_scene>
  </library_visual_scenes>
  <scene>
    <instance_visual_scene url="#myscene"/>
  </scene>
</COLLADA>
